# step err_l2 res_l2
0 2.462974e-01 1.000000e+00
1 2.330555e-01 8.842310e-01
2 2.233694e-01 3.770254e-01
3 2.175466e-01 2.081622e-01
4 2.130842e-01 1.697407e-01
5 2.091645e-01 1.418782e-01
6 2.056918e-01 1.225595e-01
7 2.025539e-01 1.089682e-01
8 1.996702e-01 9.839109e-02
9 1.969939e-01 8.984127e-02
10 1.944907e-01 8.282174e-02
11 1.921342e-01 7.693191e-02
12 1.899044e-01 7.190513e-02
13 1.877853e-01 6.755910e-02
14 1.857641e-01 6.375884e-02
15 1.838304e-01 6.040328e-02
16 1.819752e-01 5.741551e-02
17 1.801913e-01 5.473568e-02
18 1.784724e-01 5.231650e-02
19 1.768129e-01 5.012006e-02
20 1.752082e-01 4.811562e-02
21 1.736541e-01 4.627794e-02
22 1.721470e-01 4.458613e-02
23 1.706838e-01 4.302270e-02
24 1.692614e-01 4.157291e-02
25 1.678774e-01 4.022423e-02
26 1.665294e-01 3.896598e-02
27 1.652153e-01 3.778891e-02
28 1.639332e-01 3.668507e-02
29 1.626814e-01 3.564750e-02
30 1.614583e-01 3.467012e-02
31 1.602625e-01 3.374761e-02
32 1.590926e-01 3.287525e-02
33 1.579473e-01 3.204886e-02
34 1.568256e-01 3.126473e-02
35 1.557264e-01 3.051955e-02
36 1.546487e-01 2.981034e-02
37 1.535916e-01 2.913444e-02
38 1.525543e-01 2.848944e-02
39 1.515359e-01 2.787317e-02
40 1.505357e-01 2.728365e-02
41 1.495530e-01 2.671911e-02
42 1.485872e-01 2.617790e-02
43 1.476376e-01 2.565855e-02
44 1.467036e-01 2.515968e-02
45 1.457848e-01 2.468006e-02
46 1.448806e-01 2.421853e-02
47 1.439904e-01 2.377405e-02
48 1.431139e-01 2.334563e-02
49 1.422506e-01 2.293239e-02
50 1.414001e-01 2.253349e-02
51 1.405620e-01 2.214816e-02
52 1.397358e-01 2.177569e-02
53 1.389213e-01 2.141541e-02
54 1.381181e-01 2.106671e-02
55 1.373259e-01 2.072901e-02
56 1.365444e-01 2.040177e-02
57 1.357732e-01 2.008450e-02
58 1.350121e-01 1.977672e-02
59 1.342608e-01 1.947799e-02
60 1.335190e-01 1.918790e-02
61 1.327865e-01 1.890607e-02
62 1.320631e-01 1.863212e-02
63 1.313485e-01 1.836573e-02
64 1.306425e-01 1.810656e-02
65 1.299449e-01 1.785432e-02
66 1.292555e-01 1.760872e-02
67 1.285741e-01 1.736948e-02
68 1.279004e-01 1.713636e-02
69 1.272344e-01 1.690911e-02
70 1.265758e-01 1.668750e-02
71 1.259244e-01 1.647132e-02
72 1.252802e-01 1.626037e-02
73 1.246429e-01 1.605444e-02
74 1.240124e-01 1.585336e-02
75 1.233885e-01 1.565695e-02
76 1.227711e-01 1.546504e-02
77 1.221601e-01 1.527748e-02
78 1.215553e-01 1.509411e-02
79 1.209566e-01 1.491479e-02
80 1.203638e-01 1.473939e-02
81 1.197769e-01 1.456777e-02
82 1.191957e-01 1.439981e-02
83 1.186201e-01 1.423540e-02
84 1.180501e-01 1.407441e-02
85 1.174854e-01 1.391675e-02
86 1.169260e-01 1.376230e-02
87 1.163718e-01 1.361097e-02
88 1.158226e-01 1.346267e-02
89 1.152785e-01 1.331730e-02
90 1.147392e-01 1.317478e-02
91 1.142048e-01 1.303502e-02
92 1.136751e-01 1.289795e-02
93 1.131500e-01 1.276348e-02
94 1.126294e-01 1.263156e-02
95 1.121133e-01 1.250209e-02
96 1.116016e-01 1.237503e-02
97 1.110942e-01 1.225029e-02
98 1.105910e-01 1.212783e-02
99 1.100920e-01 1.200757e-02
100 1.095971e-01 1.188947e-02
101 1.091062e-01 1.177347e-02
102 1.086193e-01 1.165951e-02
103 1.081362e-01 1.154754e-02
104 1.076570e-01 1.143751e-02
105 1.071815e-01 1.132938e-02
106 1.067097e-01 1.122309e-02
107 1.062415e-01 1.111861e-02
108 1.057769e-01 1.101589e-02
109 1.053159e-01 1.091488e-02
110 1.048583e-01 1.081555e-02
111 1.044041e-01 1.071787e-02
112 1.039533e-01 1.062178e-02
113 1.035057e-01 1.052726e-02
114 1.030614e-01 1.043427e-02
115 1.026204e-01 1.034277e-02
116 1.021824e-01 1.025274e-02
117 1.017476e-01 1.016413e-02
118 1.013159e-01 1.007693e-02
119 1.008871e-01 9.991093e-03
120 1.004614e-01 9.906597e-03
121 1.000385e-01 9.823412e-03
122 9.961856e-02 9.741510e-03
123 9.920144e-02 9.660866e-03
124 9.878713e-02 9.581452e-03
125 9.837558e-02 9.503243e-03
126 9.796675e-02 9.426215e-03
127 9.756061e-02 9.350344e-03
128 9.715712e-02 9.275606e-03
129 9.675624e-02 9.201978e-03
130 9.635794e-02 9.129439e-03
131 9.596218e-02 9.057967e-03
132 9.556892e-02 8.987541e-03
133 9.517814e-02 8.918140e-03
134 9.478980e-02 8.849744e-03
135 9.440387e-02 8.782335e-03
136 9.402031e-02 8.715892e-03
137 9.363911e-02 8.650398e-03
138 9.326021e-02 8.585833e-03
139 9.288361e-02 8.522182e-03
140 9.250926e-02 8.459426e-03
141 9.213714e-02 8.397548e-03
142 9.176723e-02 8.336532e-03
143 9.139948e-02 8.276361e-03
144 9.103389e-02 8.217021e-03
145 9.067041e-02 8.158496e-03
146 9.030904e-02 8.100770e-03
147 8.994973e-02 8.043828e-03
148 8.959246e-02 7.987658e-03
149 8.923722e-02 7.932243e-03
150 8.888398e-02 7.877571e-03
151 8.853270e-02 7.823628e-03
152 8.818339e-02 7.770401e-03
153 8.783599e-02 7.717876e-03
154 8.749051e-02 7.666041e-03
155 8.714691e-02 7.614884e-03
156 8.680518e-02 7.564393e-03
157 8.646529e-02 7.514555e-03
158 8.612722e-02 7.465358e-03
159 8.579096e-02 7.416793e-03
160 8.545648e-02 7.368846e-03
161 8.512376e-02 7.321507e-03
162 8.479279e-02 7.274765e-03
163 8.446354e-02 7.228610e-03
164 8.413601e-02 7.183032e-03
165 8.381016e-02 7.138020e-03
166 8.348599e-02 7.093563e-03
167 8.316348e-02 7.049653e-03
168 8.284260e-02 7.006280e-03
169 8.252335e-02 6.963434e-03
170 8.220570e-02 6.921107e-03
171 8.188965e-02 6.879288e-03
172 8.157517e-02 6.837969e-03
173 8.126224e-02 6.797142e-03
174 8.095087e-02 6.756798e-03
175 8.064102e-02 6.716928e-03
176 8.033268e-02 6.677524e-03
177 8.002585e-02 6.638579e-03
178 7.972050e-02 6.600083e-03
179 7.941663e-02 6.562030e-03
180 7.911421e-02 6.524412e-03
181 7.881324e-02 6.487221e-03
182 7.851370e-02 6.450450e-03
183 7.821558e-02 6.414091e-03
184 7.791887e-02 6.378138e-03
185 7.762355e-02 6.342584e-03
186 7.732961e-02 6.307422e-03
187 7.703705e-02 6.272644e-03
188 7.674584e-02 6.238246e-03
189 7.645597e-02 6.204219e-03
190 7.616744e-02 6.170558e-03
191 7.588024e-02 6.137256e-03
192 7.559435e-02 6.104308e-03
193 7.530975e-02 6.071707e-03
194 7.502645e-02 6.039448e-03
195 7.474443e-02 6.007525e-03
196 7.446368e-02 5.975931e-03
197 7.418419e-02 5.944662e-03
198 7.390594e-02 5.913713e-03
199 7.362894e-02 5.883077e-03
200 7.335317e-02 5.852749e-03
201 7.307861e-02 5.822725e-03
202 7.280527e-02 5.792999e-03
203 7.253313e-02 5.763567e-03
204 7.226218e-02 5.734422e-03
205 7.199241e-02 5.705562e-03
206 7.172382e-02 5.676980e-03
207 7.145639e-02 5.648673e-03
208 7.119012e-02 5.620636e-03
209 7.092500e-02 5.592864e-03
210 7.066102e-02 5.565353e-03
211 7.039817e-02 5.538099e-03
212 7.013644e-02 5.511097e-03
213 6.987583e-02 5.484344e-03
214 6.961633e-02 5.457835e-03
215 6.935792e-02 5.431567e-03
216 6.910061e-02 5.405536e-03
217 6.884439e-02 5.379737e-03
218 6.858924e-02 5.354167e-03
219 6.833516e-02 5.328823e-03
220 6.808215e-02 5.303701e-03
221 6.783019e-02 5.278796e-03
222 6.757928e-02 5.254107e-03
223 6.732941e-02 5.229629e-03
224 6.708058e-02 5.205359e-03
225 6.683278e-02 5.181293e-03
226 6.658599e-02 5.157430e-03
227 6.634023e-02 5.133765e-03
228 6.609547e-02 5.110295e-03
229 6.585171e-02 5.087017e-03
230 6.560895e-02 5.063929e-03
231 6.536718e-02 5.041027e-03
232 6.512639e-02 5.018309e-03
233 6.488659e-02 4.995771e-03
234 6.464775e-02 4.973412e-03
235 6.440988e-02 4.951228e-03
236 6.417297e-02 4.929216e-03
237 6.393701e-02 4.907375e-03
238 6.370200e-02 4.885701e-03
239 6.346793e-02 4.864192e-03
240 6.323481e-02 4.842846e-03
241 6.300261e-02 4.821659e-03
242 6.277134e-02 4.800631e-03
243 6.254099e-02 4.779758e-03
244 6.231156e-02 4.759038e-03
245 6.208304e-02 4.738470e-03
246 6.185542e-02 4.718050e-03
247 6.162871e-02 4.697776e-03
248 6.140289e-02 4.677648e-03
249 6.117796e-02 4.657661e-03
250 6.095392e-02 4.637816e-03
251 6.073075e-02 4.618108e-03
252 6.050847e-02 4.598538e-03
253 6.028705e-02 4.579102e-03
254 6.006650e-02 4.559798e-03
255 5.984682e-02 4.540626e-03
256 5.962799e-02 4.521582e-03
257 5.941001e-02 4.502667e-03
258 5.919288e-02 4.483876e-03
259 5.897660e-02 4.465210e-03
260 5.876115e-02 4.446666e-03
261 5.854655e-02 4.428242e-03
262 5.833277e-02 4.409938e-03
263 5.811981e-02 4.391751e-03
264 5.790768e-02 4.373679e-03
265 5.769637e-02 4.355723e-03
266 5.748588e-02 4.337879e-03
267 5.727619e-02 4.320146e-03
268 5.706731e-02 4.302524e-03
269 5.685923e-02 4.285010e-03
270 5.665195e-02 4.267603e-03
271 5.644546e-02 4.250302e-03
272 5.623976e-02 4.233106e-03
273 5.603485e-02 4.216013e-03
274 5.583072e-02 4.199022e-03
275 5.562737e-02 4.182132e-03
276 5.542480e-02 4.165341e-03
277 5.522299e-02 4.148648e-03
278 5.502195e-02 4.132053e-03
279 5.482168e-02 4.115553e-03
280 5.462217e-02 4.099148e-03
281 5.442341e-02 4.082837e-03
282 5.422541e-02 4.066618e-03
283 5.402816e-02 4.050491e-03
284 5.383165e-02 4.034455e-03
285 5.363589e-02 4.018508e-03
286 5.344086e-02 4.002649e-03
287 5.324658e-02 3.986877e-03
288 5.305302e-02 3.971192e-03
289 5.286019e-02 3.955593e-03
290 5.266809e-02 3.940077e-03
291 5.247671e-02 3.924646e-03
292 5.228605e-02 3.909297e-03
293 5.209611e-02 3.894030e-03
294 5.190688e-02 3.878843e-03
295 5.171836e-02 3.863737e-03
296 5.153055e-02 3.848710e-03
297 5.134343e-02 3.833761e-03
298 5.115702e-02 3.818889e-03
299 5.097131e-02 3.804095e-03
300 5.078629e-02 3.789376e-03
301 5.060196e-02 3.774733e-03
302 5.041832e-02 3.760163e-03
303 5.023537e-02 3.745668e-03
304 5.005310e-02 3.731245e-03
305 4.987150e-02 3.716895e-03
306 4.969059e-02 3.702616e-03
307 4.951034e-02 3.688407e-03
308 4.933077e-02 3.674269e-03
309 4.915187e-02 3.660200e-03
310 4.897363e-02 3.646200e-03
311 4.879605e-02 3.632268e-03
312 4.861913e-02 3.618404e-03
313 4.844286e-02 3.604606e-03
314 4.826726e-02 3.590875e-03
315 4.809230e-02 3.577209e-03
316 4.791799e-02 3.563609e-03
317 4.774432e-02 3.550072e-03
318 4.757130e-02 3.536600e-03
319 4.739892e-02 3.523191e-03
320 4.722717e-02 3.509844e-03
321 4.705606e-02 3.496560e-03
322 4.688559e-02 3.483338e-03
323 4.671574e-02 3.470176e-03
324 4.654652e-02 3.457076e-03
325 4.637792e-02 3.444035e-03
326 4.620995e-02 3.431054e-03
327 4.604259e-02 3.418132e-03
328 4.587585e-02 3.405268e-03
329 4.570973e-02 3.392463e-03
330 4.554422e-02 3.379715e-03
331 4.537931e-02 3.367025e-03
332 4.521502e-02 3.354391e-03
333 4.505133e-02 3.341814e-03
334 4.488824e-02 3.329292e-03
335 4.472575e-02 3.316826e-03
336 4.456385e-02 3.304415e-03
337 4.440256e-02 3.292058e-03
338 4.424185e-02 3.279756e-03
339 4.408173e-02 3.267507e-03
340 4.392221e-02 3.255312e-03
341 4.376326e-02 3.243169e-03
342 4.360491e-02 3.231079e-03
343 4.344713e-02 3.219041e-03
344 4.328993e-02 3.207055e-03
345 4.313330e-02 3.195121e-03
346 4.297725e-02 3.183237e-03
347 4.282177e-02 3.171404e-03
348 4.266687e-02 3.159622e-03
349 4.251252e-02 3.147889e-03
350 4.235875e-02 3.136206e-03
351 4.220553e-02 3.124572e-03
352 4.205288e-02 3.112987e-03
353 4.190078e-02 3.101451e-03
354 4.174925e-02 3.089963e-03
355 4.159826e-02 3.078523e-03
356 4.144783e-02 3.067131e-03
357 4.129794e-02 3.055786e-03
358 4.114861e-02 3.044488e-03
359 4.099982e-02 3.033236e-03
360 4.085157e-02 3.022031e-03
361 4.070387e-02 3.010872e-03
362 4.055670e-02 2.999759e-03
363 4.041007e-02 2.988692e-03
364 4.026398e-02 2.977669e-03
365 4.011842e-02 2.966692e-03
366 3.997339e-02 2.955759e-03
367 3.982889e-02 2.944871e-03
368 3.968491e-02 2.934027e-03
369 3.954146e-02 2.923227e-03
370 3.939854e-02 2.912470e-03
371 3.925613e-02 2.901757e-03
372 3.911424e-02 2.891086e-03
373 3.897287e-02 2.880459e-03
374 3.883202e-02 2.869874e-03
375 3.869168e-02 2.859331e-03
376 3.855185e-02 2.848831e-03
377 3.841252e-02 2.838372e-03
378 3.827371e-02 2.827955e-03
379 3.813540e-02 2.817579e-03
380 3.799760e-02 2.807245e-03
381 3.786029e-02 2.796951e-03
382 3.772349e-02 2.786698e-03
383 3.758718e-02 2.776485e-03
384 3.745137e-02 2.766313e-03
385 3.731605e-02 2.756181e-03
386 3.718123e-02 2.746088e-03
387 3.704689e-02 2.736035e-03
388 3.691304e-02 2.726021e-03
389 3.677968e-02 2.716047e-03
390 3.664681e-02 2.706111e-03
391 3.651442e-02 2.696214e-03
392 3.638250e-02 2.686356e-03
393 3.625107e-02 2.676535e-03
394 3.612012e-02 2.666754e-03
395 3.598964e-02 2.657009e-03
396 3.585963e-02 2.647303e-03
397 3.573010e-02 2.637634e-03
398 3.560104e-02 2.628003e-03
399 3.547244e-02 2.618409e-03
400 3.534432e-02 2.608851e-03
401 3.521666e-02 2.599331e-03
402 3.508946e-02 2.589847e-03
403 3.496272e-02 2.580399e-03
404 3.483644e-02 2.570988e-03
405 3.471063e-02 2.561612e-03
406 3.458526e-02 2.552273e-03
407 3.446036e-02 2.542969e-03
408 3.433590e-02 2.533701e-03
409 3.421190e-02 2.524468e-03
410 3.408835e-02 2.515271e-03
411 3.396524e-02 2.506108e-03
412 3.384259e-02 2.496980e-03
413 3.372037e-02 2.487887e-03
414 3.359860e-02 2.478829e-03
415 3.347728e-02 2.469804e-03
416 3.335639e-02 2.460814e-03
417 3.323594e-02 2.451858e-03
418 3.311592e-02 2.442936e-03
419 3.299635e-02 2.434048e-03
420 3.287720e-02 2.425193e-03
421 3.275849e-02 2.416371e-03
422 3.264021e-02 2.407583e-03
423 3.252235e-02 2.398828e-03
424 3.240492e-02 2.390106e-03
425 3.228792e-02 2.381417e-03
426 3.217135e-02 2.372760e-03
427 3.205519e-02 2.364136e-03
428 3.193946e-02 2.355544e-03
429 3.182414e-02 2.346985e-03
430 3.170924e-02 2.338457e-03
431 3.159476e-02 2.329962e-03
432 3.148070e-02 2.321498e-03
433 3.136704e-02 2.313066e-03
434 3.125380e-02 2.304665e-03
435 3.114097e-02 2.296296e-03
436 3.102855e-02 2.287958e-03
437 3.091653e-02 2.279651e-03
438 3.080492e-02 2.271375e-03
439 3.069372e-02 2.263130e-03
440 3.058291e-02 2.254916e-03
441 3.047251e-02 2.246732e-03
442 3.036251e-02 2.238579e-03
443 3.025291e-02 2.230456e-03
444 3.014370e-02 2.222363e-03
445 3.003489e-02 2.214300e-03
446 2.992647e-02 2.206267e-03
447 2.981844e-02 2.198264e-03
448 2.971081e-02 2.190291e-03
449 2.960356e-02 2.182347e-03
450 2.949671e-02 2.174433e-03
451 2.939024e-02 2.166548e-03
452 2.928415e-02 2.158692e-03
453 2.917845e-02 2.150865e-03
454 2.907313e-02 2.143067e-03
455 2.896820e-02 2.135298e-03
456 2.886364e-02 2.127557e-03
457 2.875946e-02 2.119846e-03
458 2.865566e-02 2.112162e-03
459 2.855223e-02 2.104507e-03
460 2.844918e-02 2.096880e-03
461 2.834650e-02 2.089282e-03
462 2.824419e-02 2.081711e-03
463 2.814226e-02 2.074168e-03
464 2.804069e-02 2.066653e-03
465 2.793949e-02 2.059166e-03
466 2.783865e-02 2.051706e-03
467 2.773818e-02 2.044274e-03
468 2.763807e-02 2.036869e-03
469 2.753833e-02 2.029491e-03
470 2.743894e-02 2.022141e-03
471 2.733992e-02 2.014817e-03
472 2.724125e-02 2.007520e-03
473 2.714294e-02 2.000250e-03
474 2.704499e-02 1.993007e-03
475 2.694739e-02 1.985790e-03
476 2.685014e-02 1.978600e-03
477 2.675324e-02 1.971436e-03
478 2.665670e-02 1.964298e-03
479 2.656050e-02 1.957187e-03
480 2.646466e-02 1.950102e-03
481 2.636916e-02 1.943042e-03
482 2.627400e-02 1.936008e-03
483 2.617919e-02 1.929001e-03
484 2.608472e-02 1.922018e-03
485 2.599059e-02 1.915062e-03
486 2.589680e-02 1.908131e-03
487 2.580336e-02 1.901225e-03
488 2.571025e-02 1.894344e-03
489 2.561747e-02 1.887489e-03
490 2.552504e-02 1.880658e-03
491 2.543293e-02 1.873853e-03
492 2.534116e-02 1.867072e-03
493 2.524972e-02 1.860316e-03
494 2.515861e-02 1.853585e-03
495 2.506783e-02 1.846879e-03
496 2.497738e-02 1.840197e-03
497 2.488726e-02 1.833539e-03
498 2.479746e-02 1.826906e-03
499 2.470799e-02 1.820296e-03
500 2.461884e-02 1.813711e-03
501 2.453001e-02 1.807150e-03
502 2.444151e-02 1.800613e-03
503 2.435332e-02 1.794100e-03
504 2.426545e-02 1.787610e-03
505 2.417790e-02 1.781144e-03
506 2.409067e-02 1.774702e-03
507 2.400375e-02 1.768283e-03
508 2.391714e-02 1.761887e-03
509 2.383085e-02 1.755515e-03
510 2.374487e-02 1.749166e-03
511 2.365921e-02 1.742840e-03
512 2.357385e-02 1.736537e-03
513 2.348880e-02 1.730257e-03
514 2.340405e-02 1.724000e-03
515 2.331962e-02 1.717766e-03
516 2.323549e-02 1.711554e-03
517 2.315166e-02 1.705365e-03
518 2.306813e-02 1.699198e-03
519 2.298491e-02 1.693054e-03
520 2.290199e-02 1.686932e-03
521 2.281937e-02 1.680833e-03
522 2.273705e-02 1.674755e-03
523 2.265502e-02 1.668700e-03
524 2.257329e-02 1.662667e-03
525 2.249186e-02 1.656655e-03
526 2.241072e-02 1.650666e-03
527 2.232987e-02 1.644698e-03
528 2.224932e-02 1.638752e-03
529 2.216905e-02 1.632828e-03
530 2.208908e-02 1.626925e-03
531 2.200940e-02 1.621043e-03
532 2.193000e-02 1.615183e-03
533 2.185089e-02 1.609344e-03
534 2.177207e-02 1.603526e-03
535 2.169353e-02 1.597730e-03
536 2.161527e-02 1.591954e-03
537 2.153730e-02 1.586200e-03
538 2.145961e-02 1.580466e-03
539 2.138220e-02 1.574753e-03
540 2.130507e-02 1.569061e-03
541 2.122822e-02 1.563389e-03
542 2.115165e-02 1.557738e-03
543 2.107535e-02 1.552108e-03
544 2.099933e-02 1.546498e-03
545 2.092358e-02 1.540908e-03
546 2.084811e-02 1.535339e-03
547 2.077291e-02 1.529790e-03
548 2.069798e-02 1.524261e-03
549 2.062333e-02 1.518752e-03
550 2.054894e-02 1.513263e-03
551 2.047482e-02 1.507793e-03
552 2.040097e-02 1.502344e-03
553 2.032739e-02 1.496914e-03
554 2.025407e-02 1.491505e-03
555 2.018101e-02 1.486114e-03
556 2.010823e-02 1.480744e-03
557 2.003570e-02 1.475392e-03
558 1.996343e-02 1.470060e-03
559 1.989143e-02 1.464748e-03
560 1.981969e-02 1.459454e-03
561 1.974821e-02 1.454180e-03
562 1.967698e-02 1.448925e-03
563 1.960601e-02 1.443689e-03
564 1.953530e-02 1.438472e-03
565 1.946484e-02 1.433274e-03
566 1.939464e-02 1.428095e-03
567 1.932469e-02 1.422934e-03
568 1.925500e-02 1.417792e-03
569 1.918556e-02 1.412669e-03
570 1.911636e-02 1.407564e-03
571 1.904742e-02 1.402478e-03
572 1.897873e-02 1.397410e-03
573 1.891028e-02 1.392361e-03
574 1.884208e-02 1.387329e-03
575 1.877413e-02 1.382317e-03
576 1.870643e-02 1.377322e-03
577 1.863896e-02 1.372345e-03
578 1.857175e-02 1.367386e-03
579 1.850477e-02 1.362445e-03
580 1.843804e-02 1.357523e-03
581 1.837155e-02 1.352618e-03
582 1.830530e-02 1.347730e-03
583 1.823928e-02 1.342861e-03
584 1.817351e-02 1.338009e-03
585 1.810797e-02 1.333174e-03
586 1.804268e-02 1.328357e-03
587 1.797761e-02 1.323558e-03
588 1.791278e-02 1.318776e-03
589 1.784819e-02 1.314011e-03
590 1.778383e-02 1.309263e-03
591 1.771970e-02 1.304533e-03
592 1.765580e-02 1.299819e-03
593 1.759214e-02 1.295123e-03
594 1.752870e-02 1.290444e-03
595 1.746550e-02 1.285781e-03
596 1.740252e-02 1.281136e-03
597 1.733977e-02 1.276507e-03
598 1.727724e-02 1.271895e-03
599 1.721495e-02 1.267300e-03
600 1.715287e-02 1.262721e-03
601 1.709102e-02 1.258159e-03
602 1.702940e-02 1.253614e-03
603 1.696800e-02 1.249085e-03
604 1.690682e-02 1.244572e-03
605 1.684586e-02 1.240076e-03
606 1.678512e-02 1.235595e-03
607 1.672460e-02 1.231131e-03
608 1.666430e-02 1.226684e-03
609 1.660421e-02 1.222252e-03
610 1.654435e-02 1.217836e-03
611 1.648469e-02 1.213436e-03
612 1.642526e-02 1.209053e-03
613 1.636604e-02 1.204685e-03
614 1.630703e-02 1.200333e-03
615 1.624824e-02 1.195996e-03
616 1.618966e-02 1.191675e-03
617 1.613129e-02 1.187370e-03
618 1.607313e-02 1.183081e-03
619 1.601519e-02 1.178807e-03
620 1.595745e-02 1.174548e-03
621 1.589992e-02 1.170305e-03
622 1.584260e-02 1.166077e-03
623 1.578548e-02 1.161864e-03
624 1.572857e-02 1.157667e-03
625 1.567187e-02 1.153485e-03
626 1.561537e-02 1.149318e-03
627 1.555908e-02 1.145166e-03
628 1.550299e-02 1.141029e-03
629 1.544710e-02 1.136907e-03
630 1.539141e-02 1.132800e-03
631 1.533593e-02 1.128707e-03
632 1.528064e-02 1.124630e-03
633 1.522556e-02 1.120567e-03
634 1.517067e-02 1.116519e-03
635 1.511598e-02 1.112486e-03
636 1.506149e-02 1.108467e-03
637 1.500720e-02 1.104462e-03
638 1.495310e-02 1.100472e-03
639 1.489920e-02 1.096497e-03
640 1.484549e-02 1.092536e-03
641 1.479198e-02 1.088589e-03
642 1.473866e-02 1.084657e-03
643 1.468553e-02 1.080739e-03
644 1.463260e-02 1.076834e-03
645 1.457986e-02 1.072944e-03
646 1.452730e-02 1.069068e-03
647 1.447494e-02 1.065207e-03
648 1.442276e-02 1.061359e-03
649 1.437078e-02 1.057525e-03
650 1.431898e-02 1.053704e-03
651 1.426737e-02 1.049898e-03
652 1.421595e-02 1.046105e-03
653 1.416471e-02 1.042326e-03
654 1.411365e-02 1.038561e-03
655 1.406278e-02 1.034809e-03
656 1.401210e-02 1.031071e-03
657 1.396160e-02 1.027347e-03
658 1.391128e-02 1.023635e-03
659 1.386114e-02 1.019938e-03
660 1.381118e-02 1.016253e-03
661 1.376141e-02 1.012582e-03
662 1.371181e-02 1.008925e-03
663 1.366239e-02 1.005280e-03
664 1.361315e-02 1.001649e-03
665 1.356409e-02 9.980303e-04
666 1.351521e-02 9.944250e-04
667 1.346650e-02 9.908329e-04
668 1.341797e-02 9.872537e-04
669 1.336961e-02 9.836874e-04
670 1.332143e-02 9.801340e-04
671 1.327343e-02 9.765935e-04
672 1.322559e-02 9.730657e-04
673 1.317793e-02 9.695507e-04
674 1.313044e-02 9.660484e-04
675 1.308312e-02 9.625588e-04
676 1.303598e-02 9.590817e-04
677 1.298900e-02 9.556173e-04
678 1.294220e-02 9.521653e-04
679 1.289556e-02 9.487258e-04
680 1.284909e-02 9.452988e-04
681 1.280279e-02 9.418841e-04
682 1.275666e-02 9.384818e-04
683 1.271069e-02 9.350917e-04
684 1.266489e-02 9.317139e-04
685 1.261925e-02 9.283483e-04
686 1.257378e-02 9.249949e-04
687 1.252848e-02 9.216536e-04
688 1.248333e-02 9.183243e-04
689 1.243835e-02 9.150071e-04
690 1.239354e-02 9.117019e-04
691 1.234888e-02 9.084086e-04
692 1.230439e-02 9.051272e-04
693 1.226006e-02 9.018577e-04
694 1.221588e-02 8.986000e-04
695 1.217187e-02 8.953540e-04
696 1.212801e-02 8.921198e-04
697 1.208432e-02 8.888973e-04
698 1.204078e-02 8.856864e-04
699 1.199740e-02 8.824871e-04
700 1.195418e-02 8.792993e-04
701 1.191111e-02 8.761231e-04
702 1.186820e-02 8.729584e-04
703 1.182544e-02 8.698051e-04
704 1.178284e-02 8.666632e-04
705 1.174039e-02 8.635326e-04
706 1.169809e-02 8.604133e-04
707 1.165595e-02 8.573053e-04
708 1.161396e-02 8.542086e-04
709 1.157212e-02 8.511230e-04
710 1.153043e-02 8.480486e-04
711 1.148889e-02 8.449853e-04
712 1.144751e-02 8.419330e-04
713 1.140627e-02 8.388918e-04
714 1.136518e-02 8.358616e-04
715 1.132424e-02 8.328423e-04
716 1.128345e-02 8.298339e-04
717 1.124280e-02 8.268364e-04
718 1.120230e-02 8.238497e-04
719 1.116195e-02 8.208738e-04
720 1.112175e-02 8.179086e-04
721 1.108169e-02 8.149542e-04
722 1.104177e-02 8.120105e-04
723 1.100200e-02 8.090773e-04
724 1.096237e-02 8.061548e-04
725 1.092289e-02 8.032428e-04
726 1.088354e-02 8.003414e-04
727 1.084434e-02 7.974504e-04
728 1.080528e-02 7.945699e-04
729 1.076637e-02 7.916998e-04
730 1.072759e-02 7.888400e-04
731 1.068895e-02 7.859906e-04
732 1.065046e-02 7.831515e-04
733 1.061210e-02 7.803226e-04
734 1.057388e-02 7.775039e-04
735 1.053580e-02 7.746955e-04
736 1.049785e-02 7.718971e-04
737 1.046005e-02 7.691089e-04
738 1.042238e-02 7.663308e-04
739 1.038484e-02 7.635627e-04
740 1.034744e-02 7.608046e-04
741 1.031018e-02 7.580564e-04
742 1.027305e-02 7.553182e-04
743 1.023605e-02 7.525899e-04
744 1.019919e-02 7.498714e-04
745 1.016247e-02 7.471628e-04
746 1.012587e-02 7.444639e-04
747 1.008941e-02 7.417748e-04
748 1.005308e-02 7.390954e-04
749 1.001688e-02 7.364257e-04
750 9.980807e-03 7.337656e-04
751 9.944868e-03 7.311151e-04
752 9.909058e-03 7.284742e-04
753 9.873379e-03 7.258429e-04
754 9.837828e-03 7.232210e-04
755 9.802405e-03 7.206086e-04
756 9.767111e-03 7.180057e-04
757 9.731944e-03 7.154122e-04
758 9.696904e-03 7.128280e-04
759 9.661990e-03 7.102532e-04
760 9.627203e-03 7.076876e-04
761 9.592541e-03 7.051314e-04
762 9.558005e-03 7.025843e-04
763 9.523593e-03 7.000465e-04
764 9.489306e-03 6.975178e-04
765 9.455143e-03 6.949983e-04
766 9.421103e-03 6.924879e-04
767 9.387186e-03 6.899865e-04
768 9.353391e-03 6.874942e-04
769 9.319719e-03 6.850109e-04
770 9.286168e-03 6.825365e-04
771 9.252738e-03 6.800711e-04
772 9.219429e-03 6.776146e-04
773 9.186241e-03 6.751670e-04
774 9.153172e-03 6.727282e-04
775 9.120223e-03 6.702982e-04
776 9.087393e-03 6.678770e-04
777 9.054682e-03 6.654645e-04
778 9.022089e-03 6.630608e-04
779 8.989613e-03 6.606657e-04
780 8.957255e-03 6.582793e-04
781 8.925013e-03 6.559015e-04
782 8.892889e-03 6.535323e-04
783 8.860880e-03 6.511717e-04
784 8.828987e-03 6.488196e-04
785 8.797209e-03 6.464760e-04
786 8.765546e-03 6.441408e-04
787 8.733997e-03 6.418141e-04
788 8.702562e-03 6.394958e-04
789 8.671241e-03 6.371859e-04
790 8.640033e-03 6.348843e-04
791 8.608938e-03 6.325910e-04
792 8.577955e-03 6.303060e-04
793 8.547084e-03 6.280292e-04
794 8.516324e-03 6.257607e-04
795 8.485676e-03 6.235004e-04
796 8.455138e-03 6.212482e-04
797 8.424711e-03 6.190042e-04
798 8.394394e-03 6.167683e-04
799 8.364186e-03 6.145405e-04
800 8.334087e-03 6.123207e-04
801 8.304097e-03 6.101089e-04
802 8.274215e-03 6.079051e-04
803 8.244442e-03 6.057093e-04
804 8.214775e-03 6.035214e-04
805 8.185217e-03 6.013414e-04
806 8.155764e-03 5.991693e-04
807 8.126419e-03 5.970050e-04
808 8.097179e-03 5.948486e-04
809 8.068045e-03 5.926999e-04
810 8.039016e-03 5.905590e-04
811 8.010092e-03 5.884258e-04
812 7.981272e-03 5.863004e-04
813 7.952557e-03 5.841826e-04
814 7.923946e-03 5.820724e-04
815 7.895437e-03 5.799699e-04
816 7.867032e-03 5.778750e-04
817 7.838729e-03 5.757877e-04
818 7.810529e-03 5.737079e-04
819 7.782431e-03 5.716356e-04
820 7.754434e-03 5.695707e-04
821 7.726538e-03 5.675134e-04
822 7.698743e-03 5.654635e-04
823 7.671048e-03 5.634209e-04
824 7.643454e-03 5.613858e-04
825 7.615959e-03 5.593580e-04
826 7.588563e-03 5.573376e-04
827 7.561267e-03 5.553244e-04
828 7.534069e-03 5.533185e-04
829 7.506969e-03 5.513198e-04
830 7.479967e-03 5.493284e-04
831 7.453063e-03 5.473442e-04
832 7.426256e-03 5.453671e-04
833 7.399546e-03 5.433972e-04
834 7.372932e-03 5.414344e-04
835 7.346415e-03 5.394786e-04
836 7.319993e-03 5.375300e-04
837 7.293667e-03 5.355884e-04
838 7.267435e-03 5.336538e-04
839 7.241299e-03 5.317262e-04
840 7.215257e-03 5.298055e-04
841 7.189309e-03 5.278918e-04
842 7.163455e-03 5.259850e-04
843 7.137695e-03 5.240851e-04
844 7.112027e-03 5.221920e-04
845 7.086452e-03 5.203058e-04
846 7.060970e-03 5.184264e-04
847 7.035579e-03 5.165538e-04
848 7.010280e-03 5.146879e-04
849 6.985073e-03 5.128288e-04
850 6.959957e-03 5.109764e-04
851 6.934932e-03 5.091307e-04
852 6.909997e-03 5.072917e-04
853 6.885152e-03 5.054593e-04
854 6.860396e-03 5.036335e-04
855 6.835731e-03 5.018143e-04
856 6.811154e-03 5.000017e-04
857 6.786666e-03 4.981957e-04
858 6.762267e-03 4.963961e-04
859 6.737956e-03 4.946031e-04
860 6.713732e-03 4.928165e-04
861 6.689596e-03 4.910364e-04
862 6.665548e-03 4.892628e-04
863 6.641586e-03 4.874955e-04
864 6.617711e-03 4.857346e-04
865 6.593922e-03 4.839801e-04
866 6.570219e-03 4.822319e-04
867 6.546602e-03 4.804900e-04
868 6.523070e-03 4.787544e-04
869 6.499623e-03 4.770251e-04
870 6.476260e-03 4.753021e-04
871 6.452983e-03 4.735852e-04
872 6.429789e-03 4.718746e-04
873 6.406679e-03 4.701701e-04
874 6.383653e-03 4.684718e-04
875 6.360709e-03 4.667796e-04
876 6.337849e-03 4.650936e-04
877 6.315071e-03 4.634136e-04
878 6.292376e-03 4.617397e-04
879 6.269762e-03 4.600719e-04
880 6.247231e-03 4.584100e-04
881 6.224780e-03 4.567542e-04
882 6.202411e-03 4.551044e-04
883 6.180123e-03 4.534605e-04
884 6.157915e-03 4.518225e-04
885 6.135787e-03 4.501905e-04
886 6.113740e-03 4.485644e-04
887 6.091772e-03 4.469441e-04
888 6.069883e-03 4.453297e-04
889 6.048073e-03 4.437211e-04
890 6.026343e-03 4.421183e-04
891 6.004691e-03 4.405214e-04
892 5.983117e-03 4.389302e-04
893 5.961621e-03 4.373447e-04
894 5.940202e-03 4.357650e-04
895 5.918861e-03 4.341909e-04
896 5.897597e-03 4.326226e-04
897 5.876410e-03 4.310599e-04
898 5.855300e-03 4.295029e-04
899 5.834266e-03 4.279515e-04
900 5.813308e-03 4.264057e-04
901 5.792425e-03 4.248654e-04
902 5.771618e-03 4.233308e-04
903 5.750886e-03 4.218017e-04
904 5.730230e-03 4.202781e-04
905 5.709647e-03 4.187600e-04
906 5.689139e-03 4.172474e-04
907 5.668706e-03 4.157402e-04
908 5.648346e-03 4.142385e-04
909 5.628059e-03 4.127423e-04
910 5.607846e-03 4.112514e-04
911 5.587706e-03 4.097659e-04
912 5.567639e-03 4.082858e-04
913 5.547644e-03 4.068110e-04
914 5.527722e-03 4.053416e-04
915 5.507871e-03 4.038775e-04
916 5.488092e-03 4.024186e-04
917 5.468385e-03 4.009650e-04
918 5.448749e-03 3.995167e-04
919 5.429184e-03 3.980736e-04
920 5.409689e-03 3.966357e-04
921 5.390265e-03 3.952030e-04
922 5.370912e-03 3.937755e-04
923 5.351628e-03 3.923532e-04
924 5.332414e-03 3.909359e-04
925 5.313269e-03 3.895238e-04
926 5.294193e-03 3.881168e-04
927 5.275187e-03 3.867149e-04
928 5.256249e-03 3.853181e-04
929 5.237379e-03 3.839263e-04
930 5.218578e-03 3.825395e-04
931 5.199844e-03 3.811577e-04
932 5.181179e-03 3.797809e-04
933 5.162580e-03 3.784091e-04
934 5.144049e-03 3.770423e-04
935 5.125585e-03 3.756803e-04
936 5.107188e-03 3.743233e-04
937 5.088857e-03 3.729712e-04
938 5.070593e-03 3.716240e-04
939 5.052394e-03 3.702817e-04
940 5.034261e-03 3.689442e-04
941 5.016194e-03 3.676115e-04
942 4.998192e-03 3.662837e-04
943 4.980255e-03 3.649606e-04
944 4.962382e-03 3.636424e-04
945 4.944575e-03 3.623288e-04
946 4.926832e-03 3.610201e-04
947 4.909153e-03 3.597160e-04
948 4.891537e-03 3.584167e-04
949 4.873986e-03 3.571221e-04
950 4.856498e-03 3.558321e-04
951 4.839073e-03 3.545468e-04
952 4.821711e-03 3.532661e-04
953 4.804412e-03 3.519901e-04
954 4.787175e-03 3.507187e-04
955 4.770000e-03 3.494518e-04
956 4.752888e-03 3.481896e-04
957 4.735838e-03 3.469319e-04
958 4.718849e-03 3.456787e-04
959 4.701921e-03 3.444301e-04
960 4.685055e-03 3.431860e-04
961 4.668250e-03 3.419464e-04
962 4.651505e-03 3.407112e-04
963 4.634821e-03 3.394805e-04
964 4.618197e-03 3.382543e-04
965 4.601633e-03 3.370325e-04
966 4.585130e-03 3.358151e-04
967 4.568685e-03 3.346021e-04
968 4.552301e-03 3.333935e-04
969 4.535975e-03 3.321892e-04
970 4.519708e-03 3.309893e-04
971 4.503501e-03 3.297938e-04
972 4.487351e-03 3.286025e-04
973 4.471261e-03 3.274156e-04
974 4.455228e-03 3.262329e-04
975 4.439253e-03 3.250545e-04
976 4.423336e-03 3.238804e-04
977 4.407477e-03 3.227105e-04
978 4.391675e-03 3.215448e-04
979 4.375930e-03 3.203834e-04
980 4.360241e-03 3.192261e-04
981 4.344610e-03 3.180730e-04
982 4.329035e-03 3.169241e-04
983 4.313516e-03 3.157794e-04
984 4.298054e-03 3.146387e-04
985 4.282647e-03 3.135022e-04
986 4.267296e-03 3.123698e-04
987 4.252001e-03 3.112415e-04
988 4.236760e-03 3.101173e-04
989 4.221575e-03 3.089971e-04
990 4.206445e-03 3.078810e-04
991 4.191370e-03 3.067689e-04
992 4.176348e-03 3.056608e-04
993 4.161382e-03 3.045567e-04
994 4.146469e-03 3.034566e-04
995 4.131610e-03 3.023605e-04
996 4.116805e-03 3.012684e-04
997 4.102054e-03 3.001801e-04
998 4.087355e-03 2.990959e-04
999 4.072710e-03 2.980155e-04
1000 4.058118e-03 2.969390e-04
1001 4.043579e-03 2.958665e-04
1002 4.029092e-03 2.947978e-04
1003 4.014657e-03 2.937329e-04
1004 4.000275e-03 2.926719e-04
1005 3.985945e-03 2.916148e-04
1006 3.971666e-03 2.905614e-04
1007 3.957439e-03 2.895119e-04
1008 3.943264e-03 2.884661e-04
1009 3.929139e-03 2.874242e-04
1010 3.915066e-03 2.863860e-04
1011 3.901044e-03 2.853515e-04
1012 3.887072e-03 2.843208e-04
1013 3.873151e-03 2.832938e-04
1014 3.859280e-03 2.822705e-04
1015 3.845460e-03 2.812509e-04
1016 3.831689e-03 2.802350e-04
1017 3.817968e-03 2.792228e-04
1018 3.804297e-03 2.782142e-04
1019 3.790675e-03 2.772092e-04
1020 3.777102e-03 2.762079e-04
1021 3.763578e-03 2.752102e-04
1022 3.750104e-03 2.742162e-04
1023 3.736678e-03 2.732257e-04
1024 3.723300e-03 2.722387e-04
1025 3.709971e-03 2.712554e-04
1026 3.696690e-03 2.702756e-04
1027 3.683457e-03 2.692993e-04
1028 3.670272e-03 2.683266e-04
1029 3.657135e-03 2.673574e-04
1030 3.644045e-03 2.663916e-04
1031 3.631002e-03 2.654294e-04
1032 3.618007e-03 2.644707e-04
1033 3.605058e-03 2.635154e-04
1034 3.592157e-03 2.625635e-04
1035 3.579302e-03 2.616151e-04
1036 3.566493e-03 2.606701e-04
1037 3.553731e-03 2.597286e-04
1038 3.541015e-03 2.587904e-04
1039 3.528345e-03 2.578556e-04
1040 3.515721e-03 2.569242e-04
1041 3.503142e-03 2.559962e-04
1042 3.490609e-03 2.550715e-04
1043 3.478121e-03 2.541501e-04
1044 3.465678e-03 2.532321e-04
1045 3.453280e-03 2.523174e-04
1046 3.440927e-03 2.514060e-04
1047 3.428619e-03 2.504979e-04
1048 3.416355e-03 2.495931e-04
1049 3.404136e-03 2.486915e-04
1050 3.391961e-03 2.477932e-04
1051 3.379830e-03 2.468982e-04
1052 3.367742e-03 2.460064e-04
1053 3.355699e-03 2.451178e-04
1054 3.343699e-03 2.442324e-04
1055 3.331742e-03 2.433502e-04
1056 3.319828e-03 2.424712e-04
1057 3.307958e-03 2.415954e-04
1058 3.296131e-03 2.407227e-04
1059 3.284346e-03 2.398532e-04
1060 3.272604e-03 2.389868e-04
1061 3.260904e-03 2.381236e-04
1062 3.249247e-03 2.372634e-04
1063 3.237632e-03 2.364064e-04
1064 3.226058e-03 2.355525e-04
1065 3.214527e-03 2.347016e-04
1066 3.203038e-03 2.338539e-04
1067 3.191589e-03 2.330092e-04
1068 3.180183e-03 2.321675e-04
1069 3.168817e-03 2.313289e-04
1070 3.157493e-03 2.304933e-04
1071 3.146210e-03 2.296608e-04
1072 3.134967e-03 2.288312e-04
1073 3.123765e-03 2.280046e-04
1074 3.112604e-03 2.271811e-04
1075 3.101483e-03 2.263605e-04
1076 3.090402e-03 2.255428e-04
1077 3.079361e-03 2.247281e-04
1078 3.068360e-03 2.239164e-04
1079 3.057399e-03 2.231076e-04
1080 3.046478e-03 2.223017e-04
1081 3.035596e-03 2.214987e-04
1082 3.024753e-03 2.206986e-04
1083 3.013950e-03 2.199015e-04
1084 3.003186e-03 2.191072e-04
1085 2.992460e-03 2.183157e-04
1086 2.981774e-03 2.175271e-04
1087 2.971126e-03 2.167414e-04
1088 2.960517e-03 2.159585e-04
1089 2.949946e-03 2.151784e-04
1090 2.939413e-03 2.144012e-04
1091 2.928918e-03 2.136268e-04
1092 2.918461e-03 2.128551e-04
1093 2.908043e-03 2.120863e-04
1094 2.897661e-03 2.113202e-04
1095 2.887318e-03 2.105569e-04
1096 2.877011e-03 2.097963e-04
1097 2.866742e-03 2.090385e-04
1098 2.856511e-03 2.082835e-04
1099 2.846316e-03 2.075311e-04
1100 2.836158e-03 2.067815e-04
1101 2.826037e-03 2.060346e-04
1102 2.815952e-03 2.052904e-04
1103 2.805904e-03 2.045488e-04
1104 2.795892e-03 2.038100e-04
1105 2.785917e-03 2.030738e-04
1106 2.775977e-03 2.023403e-04
1107 2.766074e-03 2.016094e-04
1108 2.756206e-03 2.008812e-04
1109 2.746374e-03 2.001556e-04
1110 2.736577e-03 1.994326e-04
1111 2.726816e-03 1.987122e-04
1112 2.717091e-03 1.979944e-04
1113 2.707400e-03 1.972793e-04
1114 2.697745e-03 1.965667e-04
1115 2.688124e-03 1.958566e-04
1116 2.678539e-03 1.951492e-04
1117 2.668988e-03 1.944443e-04
1118 2.659471e-03 1.937419e-04
1119 2.649989e-03 1.930421e-04
1120 2.640541e-03 1.923448e-04
1121 2.631128e-03 1.916501e-04
1122 2.621748e-03 1.909578e-04
1123 2.612403e-03 1.902680e-04
1124 2.603091e-03 1.895808e-04
1125 2.593813e-03 1.888960e-04
1126 2.584569e-03 1.882137e-04
1127 2.575357e-03 1.875338e-04
1128 2.566180e-03 1.868564e-04
1129 2.557035e-03 1.861815e-04
1130 2.547924e-03 1.855090e-04
1131 2.538845e-03 1.848389e-04
1132 2.529800e-03 1.841713e-04
1133 2.520787e-03 1.835060e-04
1134 2.511807e-03 1.828432e-04
1135 2.502859e-03 1.821827e-04
1136 2.493944e-03 1.815247e-04
1137 2.485060e-03 1.808690e-04
1138 2.476209e-03 1.802157e-04
1139 2.467391e-03 1.795647e-04
1140 2.458604e-03 1.789161e-04
1141 2.449848e-03 1.782698e-04
1142 2.441125e-03 1.776259e-04
1143 2.432433e-03 1.769843e-04
1144 2.423772e-03 1.763450e-04
1145 2.415143e-03 1.757080e-04
1146 2.406545e-03 1.750734e-04
1147 2.397978e-03 1.744410e-04
1148 2.389443e-03 1.738109e-04
1149 2.380938e-03 1.731831e-04
1150 2.372463e-03 1.725575e-04
1151 2.364020e-03 1.719342e-04
1152 2.355607e-03 1.713132e-04
1153 2.347225e-03 1.706944e-04
1154 2.338872e-03 1.700778e-04
1155 2.330551e-03 1.694635e-04
1156 2.322259e-03 1.688513e-04
1157 2.313997e-03 1.682414e-04
1158 2.305765e-03 1.676337e-04
1159 2.297563e-03 1.670282e-04
1160 2.289391e-03 1.664249e-04
1161 2.281248e-03 1.658237e-04
1162 2.273135e-03 1.652248e-04
1163 2.265051e-03 1.646280e-04
1164 2.256996e-03 1.640333e-04
1165 2.248971e-03 1.634408e-04
1166 2.240974e-03 1.628504e-04
1167 2.233007e-03 1.622622e-04
1168 2.225068e-03 1.616761e-04
1169 2.217158e-03 1.610921e-04
1170 2.209277e-03 1.605102e-04
1171 2.201424e-03 1.599304e-04
1172 2.193600e-03 1.593528e-04
1173 2.185804e-03 1.587772e-04
1174 2.178036e-03 1.582036e-04
1175 2.170296e-03 1.576322e-04
1176 2.162585e-03 1.570628e-04
1177 2.154901e-03 1.564955e-04
1178 2.147245e-03 1.559302e-04
1179 2.139617e-03 1.553670e-04
1180 2.132016e-03 1.548058e-04
1181 2.124443e-03 1.542466e-04
1182 2.116898e-03 1.536894e-04
1183 2.109380e-03 1.531343e-04
1184 2.101889e-03 1.525812e-04
1185 2.094425e-03 1.520300e-04
1186 2.086988e-03 1.514809e-04
1187 2.079578e-03 1.509337e-04
1188 2.072195e-03 1.503885e-04
1189 2.064838e-03 1.498453e-04
1190 2.057509e-03 1.493040e-04
1191 2.050205e-03 1.487647e-04
1192 2.042929e-03 1.482274e-04
1193 2.035678e-03 1.476920e-04
1194 2.028454e-03 1.471585e-04
1195 2.021256e-03 1.466270e-04
1196 2.014084e-03 1.460973e-04
1197 2.006938e-03 1.455696e-04
1198 1.999818e-03 1.450438e-04
1199 1.992724e-03 1.445199e-04
1200 1.985656e-03 1.439979e-04
1201 1.978613e-03 1.434777e-04
1202 1.971595e-03 1.429595e-04
1203 1.964603e-03 1.424431e-04
1204 1.957637e-03 1.419286e-04
1205 1.950695e-03 1.414159e-04
1206 1.943779e-03 1.409051e-04
1207 1.936888e-03 1.403961e-04
1208 1.930021e-03 1.398890e-04
1209 1.923180e-03 1.393837e-04
1210 1.916363e-03 1.388802e-04
1211 1.909572e-03 1.383786e-04
1212 1.902804e-03 1.378788e-04
1213 1.896061e-03 1.373807e-04
1214 1.889343e-03 1.368845e-04
1215 1.882649e-03 1.363900e-04
1216 1.875979e-03 1.358974e-04
1217 1.869334e-03 1.354065e-04
1218 1.862712e-03 1.349174e-04
1219 1.856115e-03 1.344301e-04
1220 1.849541e-03 1.339445e-04
1221 1.842992e-03 1.334607e-04
1222 1.836466e-03 1.329786e-04
1223 1.829963e-03 1.324983e-04
1224 1.823484e-03 1.320197e-04
1225 1.817029e-03 1.315428e-04
1226 1.810597e-03 1.310677e-04
1227 1.804188e-03 1.305942e-04
1228 1.797803e-03 1.301225e-04
1229 1.791441e-03 1.296525e-04
1230 1.785102e-03 1.291842e-04
1231 1.778785e-03 1.287176e-04
1232 1.772492e-03 1.282526e-04
1233 1.766222e-03 1.277894e-04
1234 1.759974e-03 1.273278e-04
1235 1.753749e-03 1.268678e-04
1236 1.747546e-03 1.264096e-04
1237 1.741366e-03 1.259530e-04
1238 1.735209e-03 1.254980e-04
1239 1.729073e-03 1.250447e-04
1240 1.722960e-03 1.245930e-04
1241 1.716869e-03 1.241430e-04
1242 1.710800e-03 1.236946e-04
1243 1.704754e-03 1.232478e-04
1244 1.698729e-03 1.228026e-04
1245 1.692726e-03 1.223590e-04
1246 1.686744e-03 1.219170e-04
1247 1.680785e-03 1.214767e-04
1248 1.674847e-03 1.210379e-04
1249 1.668930e-03 1.206007e-04
1250 1.663035e-03 1.201651e-04
1251 1.657162e-03 1.197310e-04
1252 1.651309e-03 1.192985e-04
1253 1.645478e-03 1.188676e-04
1254 1.639668e-03 1.184383e-04
1255 1.633879e-03 1.180104e-04
1256 1.628112e-03 1.175842e-04
1257 1.622365e-03 1.171594e-04
1258 1.616639e-03 1.167363e-04
1259 1.610933e-03 1.163146e-04
1260 1.605249e-03 1.158945e-04
1261 1.599585e-03 1.154758e-04
1262 1.593941e-03 1.150587e-04
1263 1.588318e-03 1.146431e-04
1264 1.582716e-03 1.142290e-04
1265 1.577133e-03 1.138164e-04
1266 1.571571e-03 1.134053e-04
1267 1.566030e-03 1.129957e-04
1268 1.560508e-03 1.125875e-04
1269 1.555006e-03 1.121808e-04
1270 1.549525e-03 1.117756e-04
1271 1.544063e-03 1.113719e-04
1272 1.538621e-03 1.109696e-04
1273 1.533198e-03 1.105688e-04
1274 1.527796e-03 1.101694e-04
1275 1.522413e-03 1.097714e-04
1276 1.517050e-03 1.093749e-04
1277 1.511706e-03 1.089798e-04
1278 1.506381e-03 1.085862e-04
1279 1.501076e-03 1.081940e-04
1280 1.495790e-03 1.078032e-04
1281 1.490523e-03 1.074138e-04
1282 1.485275e-03 1.070258e-04
1283 1.480047e-03 1.066392e-04
1284 1.474837e-03 1.062540e-04
1285 1.469647e-03 1.058702e-04
1286 1.464475e-03 1.054878e-04
1287 1.459322e-03 1.051068e-04
1288 1.454187e-03 1.047271e-04
1289 1.449072e-03 1.043488e-04
1290 1.443974e-03 1.039719e-04
1291 1.438896e-03 1.035963e-04
1292 1.433836e-03 1.032221e-04
1293 1.428794e-03 1.028493e-04
1294 1.423770e-03 1.024778e-04
1295 1.418765e-03 1.021076e-04
1296 1.413778e-03 1.017388e-04
1297 1.408809e-03 1.013713e-04
1298 1.403858e-03 1.010051e-04
1299 1.398925e-03 1.006403e-04
1300 1.394010e-03 1.002768e-04
1301 1.389113e-03 9.991457e-05
1302 1.384234e-03 9.955367e-05
1303 1.379372e-03 9.919407e-05
1304 1.374528e-03 9.883578e-05
1305 1.369702e-03 9.847877e-05
1306 1.364893e-03 9.812305e-05
1307 1.360101e-03 9.776862e-05
1308 1.355327e-03 9.741547e-05
1309 1.350571e-03 9.706360e-05
1310 1.345832e-03 9.671300e-05
1311 1.341109e-03 9.636366e-05
1312 1.336404e-03 9.601558e-05
1313 1.331717e-03 9.566876e-05
1314 1.327046e-03 9.532320e-05
1315 1.322392e-03 9.497888e-05
1316 1.317755e-03 9.463581e-05
1317 1.313135e-03 9.429397e-05
1318 1.308532e-03 9.395338e-05
1319 1.303945e-03 9.361401e-05
1320 1.299376e-03 9.327586e-05
1321 1.294822e-03 9.293894e-05
1322 1.290286e-03 9.260324e-05
1323 1.285766e-03 9.226874e-05
1324 1.281262e-03 9.193546e-05
1325 1.276775e-03 9.160338e-05
1326 1.272303e-03 9.127250e-05
1327 1.267849e-03 9.094281e-05
1328 1.263410e-03 9.061432e-05
1329 1.258988e-03 9.028701e-05
1330 1.254581e-03 8.996088e-05
1331 1.250191e-03 8.963594e-05
1332 1.245817e-03 8.931216e-05
1333 1.241458e-03 8.898956e-05
1334 1.237116e-03 8.866812e-05
1335 1.232789e-03 8.834784e-05
1336 1.228478e-03 8.802872e-05
1337 1.224183e-03 8.771075e-05
1338 1.219903e-03 8.739393e-05
1339 1.215639e-03 8.707825e-05
1340 1.211390e-03 8.676372e-05
1341 1.207157e-03 8.645032e-05
1342 1.202939e-03 8.613805e-05
1343 1.198737e-03 8.582691e-05
1344 1.194550e-03 8.551689e-05
1345 1.190378e-03 8.520800e-05
1346 1.186221e-03 8.490022e-05
1347 1.182080e-03 8.459355e-05
1348 1.177954e-03 8.428799e-05
1349 1.173842e-03 8.398353e-05
1350 1.169746e-03 8.368018e-05
1351 1.165664e-03 8.337791e-05
1352 1.161597e-03 8.307675e-05
1353 1.157546e-03 8.277666e-05
1354 1.153509e-03 8.247767e-05
1355 1.149486e-03 8.217975e-05
1356 1.145478e-03 8.188291e-05
1357 1.141485e-03 8.158714e-05
1358 1.137507e-03 8.129244e-05
1359 1.133543e-03 8.099880e-05
1360 1.129593e-03 8.070622e-05
1361 1.125658e-03 8.041470e-05
1362 1.121737e-03 8.012424e-05
1363 1.117830e-03 7.983482e-05
1364 1.113938e-03 7.954645e-05
1365 1.110059e-03 7.925912e-05
1366 1.106195e-03 7.897283e-05
1367 1.102345e-03 7.868757e-05
1368 1.098509e-03 7.840334e-05
1369 1.094687e-03 7.812014e-05
1370 1.090879e-03 7.783796e-05
1371 1.087085e-03 7.755680e-05
1372 1.083305e-03 7.727666e-05
1373 1.079538e-03 7.699753e-05
1374 1.075786e-03 7.671941e-05
1375 1.072046e-03 7.644229e-05
1376 1.068321e-03 7.616617e-05
1377 1.064609e-03 7.589105e-05
1378 1.060911e-03 7.561692e-05
1379 1.057226e-03 7.534379e-05
1380 1.053554e-03 7.507164e-05
1381 1.049896e-03 7.480047e-05
1382 1.046252e-03 7.453029e-05
1383 1.042620e-03 7.426107e-05
1384 1.039002e-03 7.399284e-05
1385 1.035397e-03 7.372557e-05
1386 1.031805e-03 7.345926e-05
1387 1.028227e-03 7.319392e-05
1388 1.024661e-03 7.292954e-05
1389 1.021108e-03 7.266611e-05
1390 1.017569e-03 7.240363e-05
1391 1.014042e-03 7.214210e-05
1392 1.010528e-03 7.188151e-05
1393 1.007027e-03 7.162187e-05
1394 1.003539e-03 7.136317e-05
1395 1.000064e-03 7.110539e-05
1396 9.966009e-04 7.084855e-05
1397 9.931507e-04 7.059264e-05
1398 9.897132e-04 7.033765e-05
1399 9.862882e-04 7.008359e-05
1400 9.828758e-04 6.983044e-05
1401 9.794758e-04 6.957820e-05
1402 9.760882e-04 6.932688e-05
1403 9.727130e-04 6.907646e-05
1404 9.693502e-04 6.882695e-05
1405 9.659996e-04 6.857834e-05
1406 9.626613e-04 6.833063e-05
1407 9.593351e-04 6.808381e-05
1408 9.560212e-04 6.783789e-05
1409 9.527193e-04 6.759285e-05
1410 9.494296e-04 6.734870e-05
1411 9.461518e-04 6.710543e-05
1412 9.428860e-04 6.686304e-05
1413 9.396322e-04 6.662152e-05
1414 9.363903e-04 6.638088e-05
1415 9.331603e-04 6.614110e-05
1416 9.299420e-04 6.590219e-05
1417 9.267355e-04 6.566415e-05
1418 9.235408e-04 6.542696e-05
1419 9.203577e-04 6.519063e-05
1420 9.171863e-04 6.495516e-05
1421 9.140265e-04 6.472053e-05
1422 9.108783e-04 6.448676e-05
1423 9.077416e-04 6.425382e-05
1424 9.046164e-04 6.402173e-05
1425 9.015026e-04 6.379048e-05
1426 8.984002e-04 6.356006e-05
1427 8.953092e-04 6.333048e-05
1428 8.922295e-04 6.310172e-05
1429 8.891610e-04 6.287379e-05
1430 8.861038e-04 6.264668e-05
1431 8.830579e-04 6.242040e-05
1432 8.800230e-04 6.219493e-05
1433 8.769993e-04 6.197027e-05
1434 8.739867e-04 6.174643e-05
1435 8.709851e-04 6.152340e-05
1436 8.679945e-04 6.130117e-05
1437 8.650148e-04 6.107974e-05
1438 8.620461e-04 6.085912e-05
1439 8.590883e-04 6.063929e-05
1440 8.561413e-04 6.042025e-05
1441 8.532051e-04 6.020201e-05
1442 8.502797e-04 5.998455e-05
1443 8.473650e-04 5.976788e-05
1444 8.444610e-04 5.955199e-05
1445 8.415676e-04 5.933688e-05
1446 8.386849e-04 5.912255e-05
1447 8.358127e-04 5.890900e-05
1448 8.329511e-04 5.869621e-05
1449 8.301000e-04 5.848419e-05
1450 8.272593e-04 5.827294e-05
1451 8.244291e-04 5.806246e-05
1452 8.216092e-04 5.785273e-05
1453 8.187997e-04 5.764376e-05
1454 8.160006e-04 5.743554e-05
1455 8.132117e-04 5.722808e-05
1456 8.104330e-04 5.702137e-05
1457 8.076645e-04 5.681540e-05
1458 8.049062e-04 5.661018e-05
1459 8.021581e-04 5.640569e-05
1460 7.994200e-04 5.620195e-05
1461 7.966920e-04 5.599894e-05
1462 7.939741e-04 5.579667e-05
1463 7.912661e-04 5.559513e-05
1464 7.885680e-04 5.539431e-05
1465 7.858799e-04 5.519422e-05
1466 7.832017e-04 5.499485e-05
1467 7.805333e-04 5.479621e-05
1468 7.778747e-04 5.459828e-05
1469 7.752259e-04 5.440106e-05
1470 7.725869e-04 5.420456e-05
1471 7.699575e-04 5.400877e-05
1472 7.673379e-04 5.381368e-05
1473 7.647278e-04 5.361930e-05
1474 7.621274e-04 5.342562e-05
1475 7.595366e-04 5.323265e-05
1476 7.569552e-04 5.304036e-05
1477 7.543834e-04 5.284878e-05
1478 7.518211e-04 5.265788e-05
1479 7.492681e-04 5.246768e-05
1480 7.467246e-04 5.227816e-05
1481 7.441905e-04 5.208932e-05
1482 7.416657e-04 5.190117e-05
1483 7.391502e-04 5.171370e-05
1484 7.366439e-04 5.152690e-05
1485 7.341469e-04 5.134078e-05
1486 7.316591e-04 5.115533e-05
1487 7.291805e-04 5.097056e-05
1488 7.267110e-04 5.078645e-05
1489 7.242506e-04 5.060300e-05
1490 7.217993e-04 5.042022e-05
1491 7.193570e-04 5.023809e-05
1492 7.169237e-04 5.005663e-05
1493 7.144994e-04 4.987582e-05
1494 7.120841e-04 4.969566e-05
1495 7.096776e-04 4.951616e-05
1496 7.072801e-04 4.933730e-05
1497 7.048914e-04 4.915909e-05
1498 7.025115e-04 4.898152e-05
1499 7.001404e-04 4.880459e-05
1500 6.977780e-04 4.862831e-05
1501 6.954244e-04 4.845266e-05
1502 6.930795e-04 4.827764e-05
1503 6.907432e-04 4.810326e-05
1504 6.884156e-04 4.792950e-05
1505 6.860966e-04 4.775638e-05
1506 6.837861e-04 4.758388e-05
1507 6.814842e-04 4.741200e-05
1508 6.791908e-04 4.724074e-05
1509 6.769058e-04 4.707010e-05
1510 6.746294e-04 4.690008e-05
1511 6.723613e-04 4.673067e-05
1512 6.701016e-04 4.656188e-05
1513 6.678503e-04 4.639369e-05
1514 6.656073e-04 4.622611e-05
1515 6.633727e-04 4.605914e-05
1516 6.611463e-04 4.589277e-05
1517 6.589281e-04 4.572700e-05
1518 6.567181e-04 4.556183e-05
1519 6.545164e-04 4.539725e-05
1520 6.523228e-04 4.523327e-05
1521 6.501373e-04 4.506989e-05
1522 6.479599e-04 4.490709e-05
1523 6.457906e-04 4.474488e-05
1524 6.436293e-04 4.458326e-05
1525 6.414760e-04 4.442222e-05
1526 6.393307e-04 4.426176e-05
1527 6.371934e-04 4.410188e-05
1528 6.350640e-04 4.394258e-05
1529 6.329425e-04 4.378386e-05
1530 6.308289e-04 4.362570e-05
1531 6.287231e-04 4.346812e-05
1532 6.266251e-04 4.331111e-05
1533 6.245349e-04 4.315467e-05
1534 6.224525e-04 4.299879e-05
1535 6.203778e-04 4.284347e-05
1536 6.183108e-04 4.268872e-05
1537 6.162515e-04 4.253452e-05
1538 6.141999e-04 4.238088e-05
1539 6.121559e-04 4.222780e-05
1540 6.101194e-04 4.207527e-05
1541 6.080906e-04 4.192329e-05
1542 6.060692e-04 4.177186e-05
1543 6.040554e-04 4.162097e-05
1544 6.020491e-04 4.147063e-05
1545 6.000503e-04 4.132084e-05
1546 5.980588e-04 4.117158e-05
1547 5.960748e-04 4.102287e-05
1548 5.940982e-04 4.087469e-05
1549 5.921290e-04 4.072704e-05
1550 5.901670e-04 4.057993e-05
1551 5.882124e-04 4.043335e-05
1552 5.862651e-04 4.028731e-05
1553 5.843250e-04 4.014178e-05
1554 5.823922e-04 3.999679e-05
1555 5.804665e-04 3.985231e-05
1556 5.785480e-04 3.970836e-05
1557 5.766367e-04 3.956493e-05
1558 5.747326e-04 3.942202e-05
1559 5.728355e-04 3.927962e-05
1560 5.709455e-04 3.913774e-05
1561 5.690625e-04 3.899637e-05
1562 5.671866e-04 3.885551e-05
1563 5.653177e-04 3.871516e-05
1564 5.634557e-04 3.857532e-05
1565 5.616008e-04 3.843598e-05
1566 5.597527e-04 3.829715e-05
1567 5.579115e-04 3.815881e-05
1568 5.560773e-04 3.802098e-05
1569 5.542499e-04 3.788365e-05
1570 5.524293e-04 3.774681e-05
1571 5.506155e-04 3.761046e-05
1572 5.488085e-04 3.747461e-05
1573 5.470083e-04 3.733925e-05
1574 5.452148e-04 3.720437e-05
1575 5.434280e-04 3.706999e-05
1576 5.416480e-04 3.693609e-05
1577 5.398745e-04 3.680267e-05
1578 5.381078e-04 3.666973e-05
1579 5.363476e-04 3.653728e-05
1580 5.345940e-04 3.640530e-05
1581 5.328471e-04 3.627380e-05
1582 5.311066e-04 3.614278e-05
1583 5.293727e-04 3.601223e-05
1584 5.276453e-04 3.588215e-05
1585 5.259244e-04 3.575254e-05
1586 5.242099e-04 3.562339e-05
1587 5.225019e-04 3.549472e-05
1588 5.208002e-04 3.536651e-05
1589 5.191050e-04 3.523876e-05
1590 5.174161e-04 3.511148e-05
1591 5.157336e-04 3.498465e-05
1592 5.140574e-04 3.485828e-05
1593 5.123875e-04 3.473237e-05
1594 5.107239e-04 3.460691e-05
1595 5.090665e-04 3.448191e-05
1596 5.074154e-04 3.435736e-05
1597 5.057705e-04 3.423325e-05
1598 5.041318e-04 3.410960e-05
1599 5.024992e-04 3.398639e-05
1600 5.008728e-04 3.386363e-05
1601 4.992525e-04 3.374131e-05
1602 4.976384e-04 3.361943e-05
1603 4.960303e-04 3.349800e-05
1604 4.944282e-04 3.337700e-05
1605 4.928322e-04 3.325644e-05
1606 4.912423e-04 3.313631e-05
1607 4.896583e-04 3.301662e-05
1608 4.880803e-04 3.289736e-05
1609 4.865082e-04 3.277853e-05
1610 4.849421e-04 3.266013e-05
1611 4.833819e-04 3.254216e-05
1612 4.818276e-04 3.242462e-05
1613 4.802792e-04 3.230750e-05
1614 4.787366e-04 3.219080e-05
1615 4.771999e-04 3.207452e-05
1616 4.756690e-04 3.195866e-05
1617 4.741438e-04 3.184323e-05
1618 4.726244e-04 3.172821e-05
1619 4.711108e-04 3.161360e-05
1620 4.696029e-04 3.149941e-05
1621 4.681008e-04 3.138563e-05
1622 4.666043e-04 3.127226e-05
1623 4.651135e-04 3.115930e-05
1624 4.636283e-04 3.104675e-05
1625 4.621487e-04 3.093461e-05
1626 4.606748e-04 3.082287e-05
1627 4.592065e-04 3.071153e-05
1628 4.577437e-04 3.060060e-05
1629 4.562865e-04 3.049007e-05
1630 4.548348e-04 3.037993e-05
1631 4.533887e-04 3.027020e-05
1632 4.519480e-04 3.016086e-05
1633 4.505128e-04 3.005192e-05
1634 4.490831e-04 2.994337e-05
1635 4.476588e-04 2.983521e-05
1636 4.462399e-04 2.972744e-05
1637 4.448264e-04 2.962006e-05
1638 4.434183e-04 2.951307e-05
1639 4.420155e-04 2.940647e-05
1640 4.406181e-04 2.930025e-05
1641 4.392260e-04 2.919441e-05
1642 4.378393e-04 2.908896e-05
1643 4.364578e-04 2.898389e-05
1644 4.350816e-04 2.887919e-05
1645 4.337106e-04 2.877488e-05
1646 4.323448e-04 2.867094e-05
1647 4.309843e-04 2.856738e-05
1648 4.296290e-04 2.846419e-05
1649 4.282788e-04 2.836137e-05
1650 4.269338e-04 2.825893e-05
1651 4.255940e-04 2.815686e-05
1652 4.242592e-04 2.805515e-05
1653 4.229296e-04 2.795381e-05
1654 4.216051e-04 2.785284e-05
1655 4.202856e-04 2.775223e-05
1656 4.189712e-04 2.765199e-05
1657 4.176618e-04 2.755211e-05
1658 4.163574e-04 2.745259e-05
1659 4.150580e-04 2.735342e-05
1660 4.137637e-04 2.725462e-05
1661 4.124742e-04 2.715617e-05
1662 4.111897e-04 2.705808e-05
1663 4.099102e-04 2.696035e-05
1664 4.086356e-04 2.686296e-05
1665 4.073658e-04 2.676593e-05
1666 4.061009e-04 2.666925e-05
1667 4.048409e-04 2.657292e-05
1668 4.035858e-04 2.647693e-05
1669 4.023354e-04 2.638130e-05
1670 4.010899e-04 2.628600e-05
1671 3.998492e-04 2.619106e-05
1672 3.986132e-04 2.609645e-05
1673 3.973820e-04 2.600219e-05
1674 3.961556e-04 2.590827e-05
1675 3.949339e-04 2.581468e-05
1676 3.937169e-04 2.572144e-05
1677 3.925045e-04 2.562853e-05
1678 3.912969e-04 2.553596e-05
1679 3.900939e-04 2.544372e-05
1680 3.888956e-04 2.535181e-05
1681 3.877019e-04 2.526024e-05
1682 3.865128e-04 2.516900e-05
1683 3.853283e-04 2.507808e-05
1684 3.841484e-04 2.498750e-05
1685 3.829730e-04 2.489724e-05
1686 3.818022e-04 2.480731e-05
1687 3.806360e-04 2.471770e-05
1688 3.794742e-04 2.462842e-05
1689 3.783170e-04 2.453946e-05
1690 3.771642e-04 2.445082e-05
1691 3.760159e-04 2.436250e-05
1692 3.748721e-04 2.427450e-05
1693 3.737327e-04 2.418682e-05
1694 3.725977e-04 2.409946e-05
1695 3.714672e-04 2.401241e-05
1696 3.703410e-04 2.392567e-05
1697 3.692192e-04 2.383925e-05
1698 3.681018e-04 2.375314e-05
1699 3.669887e-04 2.366734e-05
1700 3.658799e-04 2.358185e-05
1701 3.647755e-04 2.349667e-05
1702 3.636754e-04 2.341180e-05
1703 3.625795e-04 2.332723e-05
1704 3.614880e-04 2.324297e-05
1705 3.604007e-04 2.315902e-05
1706 3.593176e-04 2.307536e-05
1707 3.582387e-04 2.299201e-05
1708 3.571641e-04 2.290896e-05
1709 3.560937e-04 2.282621e-05
1710 3.550274e-04 2.274376e-05
1711 3.539654e-04 2.266161e-05
1712 3.529074e-04 2.257975e-05
1713 3.518536e-04 2.249819e-05
1714 3.508040e-04 2.241693e-05
1715 3.497584e-04 2.233596e-05
1716 3.487170e-04 2.225528e-05
1717 3.476796e-04 2.217489e-05
1718 3.466463e-04 2.209479e-05
1719 3.456171e-04 2.201498e-05
1720 3.445919e-04 2.193546e-05
1721 3.435707e-04 2.185623e-05
1722 3.425536e-04 2.177728e-05
1723 3.415404e-04 2.169862e-05
1724 3.405312e-04 2.162024e-05
1725 3.395260e-04 2.154215e-05
1726 3.385248e-04 2.146433e-05
1727 3.375275e-04 2.138680e-05
1728 3.365341e-04 2.130955e-05
1729 3.355446e-04 2.123258e-05
1730 3.345591e-04 2.115589e-05
1731 3.335774e-04 2.107947e-05
1732 3.325996e-04 2.100333e-05
1733 3.316257e-04 2.092746e-05
1734 3.306556e-04 2.085187e-05
1735 3.296893e-04 2.077655e-05
1736 3.287269e-04 2.070150e-05
1737 3.277683e-04 2.062673e-05
1738 3.268135e-04 2.055222e-05
1739 3.258624e-04 2.047798e-05
1740 3.249151e-04 2.040402e-05
1741 3.239716e-04 2.033031e-05
1742 3.230318e-04 2.025688e-05
1743 3.220958e-04 2.018371e-05
1744 3.211635e-04 2.011080e-05
1745 3.202348e-04 2.003816e-05
1746 3.193099e-04 1.996578e-05
1747 3.183887e-04 1.989366e-05
1748 3.174711e-04 1.982180e-05
1749 3.165571e-04 1.975021e-05
1750 3.156468e-04 1.967887e-05
1751 3.147401e-04 1.960778e-05
1752 3.138371e-04 1.953696e-05
1753 3.129376e-04 1.946639e-05
1754 3.120418e-04 1.939607e-05
1755 3.111495e-04 1.932601e-05
1756 3.102607e-04 1.925621e-05
1757 3.093756e-04 1.918665e-05
1758 3.084939e-04 1.911735e-05
1759 3.076158e-04 1.904829e-05
1760 3.067412e-04 1.897949e-05
1761 3.058701e-04 1.891093e-05
1762 3.050025e-04 1.884262e-05
1763 3.041384e-04 1.877456e-05
1764 3.032777e-04 1.870675e-05
1765 3.024205e-04 1.863918e-05
1766 3.015668e-04 1.857185e-05
1767 3.007164e-04 1.850477e-05
1768 2.998695e-04 1.843793e-05
1769 2.990260e-04 1.837133e-05
1770 2.981859e-04 1.830497e-05
1771 2.973491e-04 1.823885e-05
1772 2.965158e-04 1.817297e-05
1773 2.956858e-04 1.810732e-05
1774 2.948591e-04 1.804192e-05
1775 2.940358e-04 1.797675e-05
1776 2.932158e-04 1.791182e-05
1777 2.923991e-04 1.784712e-05
1778 2.915857e-04 1.778265e-05
1779 2.907756e-04 1.771842e-05
1780 2.899688e-04 1.765442e-05
1781 2.891653e-04 1.759065e-05
1782 2.883650e-04 1.752711e-05
1783 2.875679e-04 1.746380e-05
1784 2.867741e-04 1.740072e-05
1785 2.859835e-04 1.733786e-05
1786 2.851961e-04 1.727524e-05
1787 2.844119e-04 1.721284e-05
1788 2.836309e-04 1.715066e-05
1789 2.828530e-04 1.708871e-05
1790 2.820784e-04 1.702699e-05
1791 2.813069e-04 1.696548e-05
1792 2.805385e-04 1.690420e-05
1793 2.797732e-04 1.684314e-05
1794 2.790111e-04 1.678230e-05
1795 2.782521e-04 1.672169e-05
1796 2.774962e-04 1.666128e-05
1797 2.767434e-04 1.660110e-05
1798 2.759936e-04 1.654114e-05
1799 2.752469e-04 1.648139e-05
1800 2.745033e-04 1.642186e-05
1801 2.737627e-04 1.636254e-05
1802 2.730252e-04 1.630344e-05
1803 2.722907e-04 1.624455e-05
1804 2.715592e-04 1.618587e-05
1805 2.708306e-04 1.612740e-05
1806 2.701051e-04 1.606915e-05
1807 2.693826e-04 1.601111e-05
1808 2.686630e-04 1.595327e-05
1809 2.679464e-04 1.589565e-05
1810 2.672328e-04 1.583823e-05
1811 2.665220e-04 1.578102e-05
1812 2.658143e-04 1.572402e-05
1813 2.651094e-04 1.566722e-05
1814 2.644074e-04 1.561063e-05
1815 2.637084e-04 1.555424e-05
1816 2.630122e-04 1.549806e-05
1817 2.623189e-04 1.544208e-05
1818 2.616285e-04 1.538630e-05
1819 2.609409e-04 1.533073e-05
1820 2.602562e-04 1.527535e-05
1821 2.595743e-04 1.522017e-05
1822 2.588952e-04 1.516520e-05
1823 2.582190e-04 1.511042e-05
1824 2.575455e-04 1.505584e-05
1825 2.568749e-04 1.500145e-05
1826 2.562071e-04 1.494727e-05
1827 2.555420e-04 1.489328e-05
1828 2.548797e-04 1.483948e-05
1829 2.542201e-04 1.478588e-05
1830 2.535633e-04 1.473247e-05
1831 2.529093e-04 1.467926e-05
1832 2.522580e-04 1.462623e-05
1833 2.516094e-04 1.457340e-05
1834 2.509635e-04 1.452076e-05
1835 2.503203e-04 1.446831e-05
1836 2.496797e-04 1.441605e-05
1837 2.490419e-04 1.436398e-05
1838 2.484068e-04 1.431209e-05
1839 2.477743e-04 1.426040e-05
1840 2.471444e-04 1.420889e-05
1841 2.465172e-04 1.415756e-05
1842 2.458927e-04 1.410642e-05
1843 2.452707e-04 1.405547e-05
1844 2.446514e-04 1.400470e-05
1845 2.440347e-04 1.395411e-05
1846 2.434205e-04 1.390371e-05
1847 2.428090e-04 1.385349e-05
1848 2.422000e-04 1.380345e-05
1849 2.415936e-04 1.375359e-05
1850 2.409898e-04 1.370391e-05
1851 2.403885e-04 1.365441e-05
1852 2.397898e-04 1.360509e-05
1853 2.391936e-04 1.355594e-05
1854 2.385999e-04 1.350698e-05
1855 2.380087e-04 1.345819e-05
1856 2.374200e-04 1.340958e-05
1857 2.368339e-04 1.336114e-05
1858 2.362502e-04 1.331288e-05
1859 2.356690e-04 1.326479e-05
1860 2.350902e-04 1.321688e-05
1861 2.345140e-04 1.316914e-05
1862 2.339401e-04 1.312157e-05
1863 2.333688e-04 1.307417e-05
1864 2.327998e-04 1.302695e-05
1865 2.322333e-04 1.297989e-05
1866 2.316692e-04 1.293301e-05
1867 2.311075e-04 1.288629e-05
1868 2.305482e-04 1.283975e-05
1869 2.299913e-04 1.279337e-05
1870 2.294367e-04 1.274716e-05
1871 2.288846e-04 1.270111e-05
1872 2.283348e-04 1.265523e-05
1873 2.277874e-04 1.260952e-05
1874 2.272423e-04 1.256398e-05
1875 2.266995e-04 1.251859e-05
1876 2.261591e-04 1.247338e-05
1877 2.256210e-04 1.242832e-05
1878 2.250852e-04 1.238343e-05
1879 2.245517e-04 1.233870e-05
1880 2.240206e-04 1.229413e-05
1881 2.234917e-04 1.224972e-05
1882 2.229651e-04 1.220547e-05
1883 2.224407e-04 1.216139e-05
1884 2.219186e-04 1.211746e-05
1885 2.213988e-04 1.207369e-05
1886 2.208812e-04 1.203008e-05
1887 2.203659e-04 1.198662e-05
1888 2.198528e-04 1.194333e-05
1889 2.193419e-04 1.190019e-05
1890 2.188333e-04 1.185720e-05
1891 2.183268e-04 1.181437e-05
1892 2.178225e-04 1.177170e-05
1893 2.173205e-04 1.172918e-05
1894 2.168206e-04 1.168681e-05
1895 2.163229e-04 1.164460e-05
1896 2.158273e-04 1.160253e-05
1897 2.153339e-04 1.156062e-05
1898 2.148427e-04 1.151887e-05
1899 2.143536e-04 1.147726e-05
1900 2.138666e-04 1.143580e-05
1901 2.133818e-04 1.139449e-05
1902 2.128991e-04 1.135334e-05
1903 2.124185e-04 1.131233e-05
1904 2.119400e-04 1.127147e-05
1905 2.114635e-04 1.123075e-05
1906 2.109892e-04 1.119019e-05
1907 2.105170e-04 1.114977e-05
1908 2.100468e-04 1.110949e-05
1909 2.095787e-04 1.106936e-05
1910 2.091127e-04 1.102938e-05
1911 2.086487e-04 1.098954e-05
1912 2.081867e-04 1.094984e-05
1913 2.077268e-04 1.091029e-05
1914 2.072689e-04 1.087088e-05
1915 2.068130e-04 1.083162e-05
1916 2.063592e-04 1.079249e-05
1917 2.059073e-04 1.075351e-05
1918 2.054574e-04 1.071467e-05
1919 2.050096e-04 1.067596e-05
1920 2.045637e-04 1.063740e-05
1921 2.041198e-04 1.059898e-05
1922 2.036778e-04 1.056069e-05
1923 2.032378e-04 1.052255e-05
1924 2.027998e-04 1.048454e-05
1925 2.023637e-04 1.044667e-05
1926 2.019295e-04 1.040893e-05
1927 2.014973e-04 1.037133e-05
1928 2.010670e-04 1.033387e-05
1929 2.006386e-04 1.029654e-05
1930 2.002121e-04 1.025935e-05
1931 1.997876e-04 1.022229e-05
1932 1.993649e-04 1.018537e-05
1933 1.989441e-04 1.014858e-05
1934 1.985252e-04 1.011192e-05
1935 1.981081e-04 1.007540e-05
1936 1.976929e-04 1.003900e-05
1937 1.972796e-04 1.000274e-05
1938 1.968681e-04 9.966611e-06
1939 1.964585e-04 9.930610e-06
1940 1.960507e-04 9.894740e-06
1941 1.956448e-04 9.858999e-06
1942 1.952406e-04 9.823387e-06
1943 1.948383e-04 9.787904e-06
1944 1.944378e-04 9.752549e-06
1945 1.940391e-04 9.717322e-06
1946 1.936422e-04 9.682222e-06
1947 1.932471e-04 9.647249e-06
1948 1.928537e-04 9.612402e-06
1949 1.924622e-04 9.577681e-06
1950 1.920724e-04 9.543086e-06
1951 1.916843e-04 9.508615e-06
1952 1.912981e-04 9.474269e-06
1953 1.909135e-04 9.440047e-06
1954 1.905307e-04 9.405949e-06
1955 1.901497e-04 9.371973e-06
1956 1.897704e-04 9.338121e-06
1957 1.893927e-04 9.304391e-06
1958 1.890169e-04 9.270782e-06
1959 1.886427e-04 9.237295e-06
1960 1.882702e-04 9.203929e-06
1961 1.878994e-04 9.170683e-06
1962 1.875303e-04 9.137558e-06
1963 1.871629e-04 9.104552e-06
1964 1.867971e-04 9.071666e-06
1965 1.864331e-04 9.038898e-06
1966 1.860707e-04 9.006248e-06
1967 1.857099e-04 8.973717e-06
1968 1.853508e-04 8.941303e-06
1969 1.849933e-04 8.909006e-06
1970 1.846375e-04 8.876826e-06
1971 1.842833e-04 8.844762e-06
1972 1.839307e-04 8.812814e-06
1973 1.835798e-04 8.780981e-06
1974 1.832304e-04 8.749263e-06
1975 1.828827e-04 8.717660e-06
1976 1.825365e-04 8.686171e-06
1977 1.821920e-04 8.654795e-06
1978 1.818490e-04 8.623533e-06
1979 1.815076e-04 8.592384e-06
1980 1.811678e-04 8.561348e-06
1981 1.808295e-04 8.530423e-06
1982 1.804928e-04 8.499610e-06
1983 1.801577e-04 8.468909e-06
1984 1.798241e-04 8.438318e-06
1985 1.794921e-04 8.407838e-06
1986 1.791615e-04 8.377468e-06
1987 1.788326e-04 8.347208e-06
1988 1.785051e-04 8.317057e-06
1989 1.781792e-04 8.287015e-06
1990 1.778547e-04 8.257082e-06
1991 1.775318e-04 8.227256e-06
1992 1.772104e-04 8.197538e-06
1993 1.768904e-04 8.167928e-06
1994 1.765720e-04 8.138425e-06
1995 1.762550e-04 8.109028e-06
1996 1.759395e-04 8.079737e-06
1997 1.756255e-04 8.050552e-06
1998 1.753130e-04 8.021473e-06
1999 1.750019e-04 7.992499e-06
2000 1.746922e-04 7.963629e-06
2001 1.743840e-04 7.934863e-06
2002 1.740773e-04 7.906202e-06
2003 1.737719e-04 7.877644e-06
2004 1.734680e-04 7.849189e-06
2005 1.731656e-04 7.820837e-06
2006 1.728645e-04 7.792587e-06
2007 1.725648e-04 7.764440e-06
2008 1.722666e-04 7.736394e-06
2009 1.719698e-04 7.708449e-06
2010 1.716743e-04 7.680605e-06
2011 1.713802e-04 7.652862e-06
2012 1.710876e-04 7.625219e-06
2013 1.707963e-04 7.597676e-06
2014 1.705063e-04 7.570233e-06
2015 1.702177e-04 7.542888e-06
2016 1.699305e-04 7.515642e-06
2017 1.696447e-04 7.488495e-06
2018 1.693602e-04 7.461446e-06
2019 1.690770e-04 7.434494e-06
2020 1.687952e-04 7.407640e-06
2021 1.685147e-04 7.380883e-06
2022 1.682355e-04 7.354223e-06
2023 1.679577e-04 7.327658e-06
2024 1.676811e-04 7.301190e-06
2025 1.674059e-04 7.274818e-06
2026 1.671320e-04 7.248540e-06
2027 1.668594e-04 7.222358e-06
2028 1.665881e-04 7.196270e-06
2029 1.663180e-04 7.170276e-06
2030 1.660493e-04 7.144376e-06
2031 1.657818e-04 7.118570e-06
2032 1.655156e-04 7.092857e-06
2033 1.652507e-04 7.067237e-06
2034 1.649870e-04 7.041709e-06
2035 1.647246e-04 7.016274e-06
2036 1.644634e-04 6.990930e-06
2037 1.642035e-04 6.965679e-06
2038 1.639448e-04 6.940518e-06
2039 1.636873e-04 6.915448e-06
2040 1.634311e-04 6.890469e-06
2041 1.631761e-04 6.865580e-06
2042 1.629224e-04 6.840780e-06
2043 1.626698e-04 6.816071e-06
2044 1.624184e-04 6.791450e-06
2045 1.621683e-04 6.766919e-06
2046 1.619194e-04 6.742476e-06
2047 1.616716e-04 6.718122e-06
2048 1.614250e-04 6.693855e-06
2049 1.611797e-04 6.669676e-06
2050 1.609355e-04 6.645585e-06
2051 1.606924e-04 6.621580e-06
2052 1.604506e-04 6.597662e-06
2053 1.602099e-04 6.573831e-06
2054 1.599703e-04 6.550086e-06
2055 1.597319e-04 6.526426e-06
2056 1.594947e-04 6.502852e-06
2057 1.592586e-04 6.479363e-06
2058 1.590237e-04 6.455959e-06
2059 1.587898e-04 6.432639e-06
2060 1.585572e-04 6.409404e-06
2061 1.583256e-04 6.386252e-06
2062 1.580951e-04 6.363185e-06
2063 1.578658e-04 6.340200e-06
2064 1.576376e-04 6.317299e-06
2065 1.574105e-04 6.294480e-06
2066 1.571844e-04 6.271744e-06
2067 1.569595e-04 6.249089e-06
2068 1.567357e-04 6.226517e-06
2069 1.565129e-04 6.204026e-06
2070 1.562913e-04 6.181617e-06
2071 1.560707e-04 6.159288e-06
2072 1.558512e-04 6.137040e-06
2073 1.556327e-04 6.114872e-06
2074 1.554153e-04 6.092785e-06
2075 1.551990e-04 6.070777e-06
2076 1.549837e-04 6.048849e-06
2077 1.547695e-04 6.027000e-06
2078 1.545563e-04 6.005230e-06
2079 1.543441e-04 5.983538e-06
2080 1.541330e-04 5.961925e-06
2081 1.539229e-04 5.940390e-06
2082 1.537138e-04 5.918933e-06
2083 1.535058e-04 5.897553e-06
2084 1.532988e-04 5.876250e-06
2085 1.530928e-04 5.855025e-06
2086 1.528877e-04 5.833876e-06
2087 1.526837e-04 5.812803e-06
2088 1.524807e-04 5.791807e-06
2089 1.522787e-04 5.770886e-06
2090 1.520777e-04 5.750041e-06
2091 1.518777e-04 5.729271e-06
2092 1.516786e-04 5.708577e-06
2093 1.514805e-04 5.687957e-06
2094 1.512834e-04 5.667411e-06
2095 1.510872e-04 5.646940e-06
2096 1.508921e-04 5.626543e-06
2097 1.506978e-04 5.606219e-06
2098 1.505046e-04 5.585969e-06
2099 1.503123e-04 5.565792e-06
2100 1.501209e-04 5.545687e-06
2101 1.499304e-04 5.525656e-06
2102 1.497409e-04 5.505697e-06
2103 1.495524e-04 5.485809e-06
2104 1.493648e-04 5.465994e-06
2105 1.491780e-04 5.446250e-06
2106 1.489923e-04 5.426578e-06
2107 1.488074e-04 5.406977e-06
2108 1.486234e-04 5.387446e-06
2109 1.484404e-04 5.367986e-06
2110 1.482582e-04 5.348596e-06
2111 1.480770e-04 5.329277e-06
2112 1.478966e-04 5.310027e-06
2113 1.477171e-04 5.290846e-06
2114 1.475386e-04 5.271735e-06
2115 1.473609e-04 5.252693e-06
2116 1.471841e-04 5.233720e-06
2117 1.470081e-04 5.214815e-06
2118 1.468330e-04 5.195979e-06
2119 1.466588e-04 5.177210e-06
2120 1.464855e-04 5.158510e-06
2121 1.463130e-04 5.139877e-06
2122 1.461414e-04 5.121311e-06
2123 1.459706e-04 5.102812e-06
2124 1.458007e-04 5.084380e-06
2125 1.456316e-04 5.066015e-06
2126 1.454634e-04 5.047716e-06
2127 1.452960e-04 5.029483e-06
2128 1.451294e-04 5.011316e-06
2129 1.449636e-04 4.993215e-06
2130 1.447987e-04 4.975179e-06
2131 1.446346e-04 4.957208e-06
2132 1.444713e-04 4.939302e-06
2133 1.443088e-04 4.921461e-06
2134 1.441472e-04 4.903684e-06
2135 1.439863e-04 4.885971e-06
2136 1.438262e-04 4.868323e-06
2137 1.436670e-04 4.850738e-06
2138 1.435085e-04 4.833216e-06
2139 1.433508e-04 4.815758e-06
2140 1.431939e-04 4.798363e-06
2141 1.430378e-04 4.781031e-06
2142 1.428825e-04 4.763762e-06
2143 1.427279e-04 4.746554e-06
2144 1.425741e-04 4.729409e-06
2145 1.424211e-04 4.712326e-06
2146 1.422688e-04 4.695305e-06
2147 1.421173e-04 4.678345e-06
2148 1.419666e-04 4.661446e-06
2149 1.418166e-04 4.644609e-06
2150 1.416674e-04 4.627832e-06
2151 1.415189e-04 4.611116e-06
2152 1.413711e-04 4.594460e-06
2153 1.412241e-04 4.577864e-06
2154 1.410779e-04 4.561328e-06
2155 1.409323e-04 4.544852e-06
2156 1.407875e-04 4.528436e-06
2157 1.406434e-04 4.512079e-06
2158 1.405001e-04 4.495781e-06
2159 1.403574e-04 4.479541e-06
2160 1.402155e-04 4.463361e-06
2161 1.400743e-04 4.447239e-06
2162 1.399338e-04 4.431175e-06
2163 1.397940e-04 4.415169e-06
2164 1.396548e-04 4.399221e-06
2165 1.395164e-04 4.383331e-06
2166 1.393787e-04 4.367498e-06
2167 1.392417e-04 4.351722e-06
2168 1.391054e-04 4.336003e-06
2169 1.389697e-04 4.320341e-06
2170 1.388348e-04 4.304735e-06
2171 1.387005e-04 4.289186e-06
2172 1.385669e-04 4.273693e-06
2173 1.384339e-04 4.258256e-06
2174 1.383016e-04 4.242875e-06
2175 1.381700e-04 4.227549e-06
2176 1.380391e-04 4.212279e-06
2177 1.379088e-04 4.197064e-06
2178 1.377791e-04 4.181903e-06
2179 1.376502e-04 4.166798e-06
2180 1.375218e-04 4.151747e-06
2181 1.373941e-04 4.136750e-06
2182 1.372671e-04 4.121808e-06
2183 1.371407e-04 4.106920e-06
2184 1.370149e-04 4.092085e-06
2185 1.368898e-04 4.077304e-06
2186 1.367653e-04 4.062576e-06
2187 1.366414e-04 4.047902e-06
2188 1.365182e-04 4.033281e-06
2189 1.363955e-04 4.018712e-06
2190 1.362735e-04 4.004196e-06
2191 1.361521e-04 3.989732e-06
2192 1.360313e-04 3.975321e-06
2193 1.359111e-04 3.960962e-06
2194 1.357916e-04 3.946654e-06
2195 1.356726e-04 3.932399e-06
2196 1.355542e-04 3.918194e-06
2197 1.354365e-04 3.904041e-06
2198 1.353193e-04 3.889940e-06
2199 1.352027e-04 3.875889e-06
2200 1.350867e-04 3.861889e-06
2201 1.349713e-04 3.847939e-06
2202 1.348565e-04 3.834040e-06
2203 1.347422e-04 3.820191e-06
2204 1.346285e-04 3.806392e-06
2205 1.345154e-04 3.792643e-06
2206 1.344029e-04 3.778944e-06
2207 1.342909e-04 3.765294e-06
2208 1.341795e-04 3.751693e-06
2209 1.340687e-04 3.738142e-06
2210 1.339584e-04 3.724639e-06
2211 1.338487e-04 3.711185e-06
2212 1.337396e-04 3.697780e-06
2213 1.336309e-04 3.684423e-06
2214 1.335229e-04 3.671115e-06
2215 1.334154e-04 3.657854e-06
2216 1.333084e-04 3.644642e-06
2217 1.332020e-04 3.631477e-06
2218 1.330961e-04 3.618360e-06
2219 1.329907e-04 3.605290e-06
2220 1.328859e-04 3.592267e-06
2221 1.327816e-04 3.579292e-06
2222 1.326778e-04 3.566363e-06
2223 1.325746e-04 3.553481e-06
2224 1.324719e-04 3.540645e-06
2225 1.323697e-04 3.527856e-06
2226 1.322680e-04 3.515113e-06
2227 1.321668e-04 3.502416e-06
2228 1.320661e-04 3.489765e-06
2229 1.319660e-04 3.477160e-06
2230 1.318664e-04 3.464600e-06
2231 1.317672e-04 3.452085e-06
2232 1.316686e-04 3.439616e-06
2233 1.315704e-04 3.427192e-06
2234 1.314728e-04 3.414812e-06
2235 1.313756e-04 3.402478e-06
2236 1.312790e-04 3.390188e-06
2237 1.311828e-04 3.377942e-06
2238 1.310871e-04 3.365740e-06
2239 1.309919e-04 3.353583e-06
2240 1.308972e-04 3.341470e-06
2241 1.308030e-04 3.329400e-06
2242 1.307092e-04 3.317374e-06
2243 1.306159e-04 3.305391e-06
2244 1.305231e-04 3.293452e-06
2245 1.304308e-04 3.281555e-06
2246 1.303389e-04 3.269702e-06
2247 1.302475e-04 3.257891e-06
2248 1.301565e-04 3.246124e-06
2249 1.300660e-04 3.234398e-06
2250 1.299760e-04 3.222715e-06
2251 1.298864e-04 3.211075e-06
2252 1.297973e-04 3.199476e-06
2253 1.297086e-04 3.187919e-06
2254 1.296204e-04 3.176404e-06
2255 1.295326e-04 3.164930e-06
2256 1.294453e-04 3.153498e-06
2257 1.293584e-04 3.142108e-06
2258 1.292719e-04 3.130758e-06
2259 1.291859e-04 3.119449e-06
2260 1.291003e-04 3.108182e-06
2261 1.290152e-04 3.096954e-06
2262 1.289304e-04 3.085768e-06
2263 1.288462e-04 3.074622e-06
2264 1.287623e-04 3.063516e-06
2265 1.286788e-04 3.052450e-06
2266 1.285958e-04 3.041425e-06
2267 1.285132e-04 3.030439e-06
2268 1.284310e-04 3.019492e-06
2269 1.283493e-04 3.008586e-06
2270 1.282679e-04 2.997718e-06
2271 1.281870e-04 2.986890e-06
2272 1.281064e-04 2.976101e-06
2273 1.280263e-04 2.965351e-06
2274 1.279466e-04 2.954640e-06
2275 1.278673e-04 2.943968e-06
2276 1.277883e-04 2.933334e-06
2277 1.277098e-04 2.922738e-06
2278 1.276317e-04 2.912181e-06
2279 1.275540e-04 2.901662e-06
2280 1.274766e-04 2.891181e-06
2281 1.273997e-04 2.880738e-06
2282 1.273231e-04 2.870332e-06
2283 1.272469e-04 2.859964e-06
2284 1.271711e-04 2.849634e-06
2285 1.270957e-04 2.839340e-06
2286 1.270207e-04 2.829084e-06
2287 1.269461e-04 2.818866e-06
2288 1.268718e-04 2.808684e-06
2289 1.267979e-04 2.798538e-06
2290 1.267244e-04 2.788430e-06
2291 1.266512e-04 2.778358e-06
2292 1.265784e-04 2.768322e-06
2293 1.265060e-04 2.758322e-06
2294 1.264340e-04 2.748359e-06
2295 1.263623e-04 2.738432e-06
2296 1.262909e-04 2.728540e-06
2297 1.262200e-04 2.718684e-06
2298 1.261493e-04 2.708864e-06
2299 1.260791e-04 2.699080e-06
2300 1.260092e-04 2.689330e-06
2301 1.259396e-04 2.679616e-06
2302 1.258704e-04 2.669937e-06
2303 1.258016e-04 2.660293e-06
2304 1.257331e-04 2.650684e-06
2305 1.256649e-04 2.641109e-06
2306 1.255971e-04 2.631569e-06
2307 1.255296e-04 2.622064e-06
2308 1.254625e-04 2.612593e-06
2309 1.253957e-04 2.603156e-06
2310 1.253292e-04 2.593753e-06
2311 1.252631e-04 2.584384e-06
2312 1.251973e-04 2.575049e-06
2313 1.251318e-04 2.565747e-06
2314 1.250667e-04 2.556480e-06
2315 1.250019e-04 2.547245e-06
2316 1.249374e-04 2.538044e-06
2317 1.248732e-04 2.528877e-06
2318 1.248094e-04 2.519742e-06
2319 1.247459e-04 2.510641e-06
2320 1.246827e-04 2.501572e-06
2321 1.246198e-04 2.492536e-06
2322 1.245572e-04 2.483533e-06
2323 1.244949e-04 2.474562e-06
2324 1.244330e-04 2.465624e-06
2325 1.243714e-04 2.456718e-06
2326 1.243100e-04 2.447844e-06
2327 1.242490e-04 2.439002e-06
2328 1.241883e-04 2.430192e-06
2329 1.241279e-04 2.421414e-06
2330 1.240678e-04 2.412667e-06
2331 1.240080e-04 2.403953e-06
2332 1.239485e-04 2.395269e-06
2333 1.238893e-04 2.386617e-06
2334 1.238304e-04 2.377997e-06
2335 1.237718e-04 2.369407e-06
2336 1.237135e-04 2.360848e-06
2337 1.236554e-04 2.352321e-06
2338 1.235977e-04 2.343824e-06
2339 1.235402e-04 2.335358e-06
2340 1.234831e-04 2.326922e-06
2341 1.234262e-04 2.318517e-06
2342 1.233696e-04 2.310142e-06
2343 1.233133e-04 2.301798e-06
2344 1.232573e-04 2.293484e-06
2345 1.232015e-04 2.285199e-06
2346 1.231460e-04 2.276945e-06
2347 1.230908e-04 2.268720e-06
2348 1.230359e-04 2.260526e-06
2349 1.229813e-04 2.252360e-06
2350 1.229269e-04 2.244225e-06
2351 1.228728e-04 2.236118e-06
2352 1.228190e-04 2.228041e-06
2353 1.227654e-04 2.219993e-06
2354 1.227121e-04 2.211974e-06
2355 1.226591e-04 2.203984e-06
2356 1.226063e-04 2.196023e-06
2357 1.225538e-04 2.188091e-06
2358 1.225015e-04 2.180188e-06
2359 1.224496e-04 2.172313e-06
2360 1.223978e-04 2.164466e-06
2361 1.223464e-04 2.156648e-06
2362 1.222951e-04 2.148858e-06
2363 1.222442e-04 2.141096e-06
2364 1.221935e-04 2.133362e-06
2365 1.221430e-04 2.125656e-06
2366 1.220928e-04 2.117978e-06
2367 1.220429e-04 2.110328e-06
2368 1.219932e-04 2.102705e-06
2369 1.219437e-04 2.095110e-06
2370 1.218945e-04 2.087542e-06
2371 1.218455e-04 2.080001e-06
2372 1.217968e-04 2.072488e-06
2373 1.217483e-04 2.065002e-06
2374 1.217000e-04 2.057543e-06
2375 1.216520e-04 2.050111e-06
2376 1.216043e-04 2.042706e-06
2377 1.215567e-04 2.035327e-06
2378 1.215094e-04 2.027976e-06
2379 1.214624e-04 2.020650e-06
2380 1.214155e-04 2.013352e-06
2381 1.213689e-04 2.006079e-06
2382 1.213226e-04 1.998833e-06
2383 1.212764e-04 1.991613e-06
2384 1.212305e-04 1.984419e-06
2385 1.211848e-04 1.977251e-06
2386 1.211393e-04 1.970109e-06
2387 1.210941e-04 1.962993e-06
2388 1.210491e-04 1.955902e-06
2389 1.210043e-04 1.948837e-06
2390 1.209597e-04 1.941798e-06
2391 1.209154e-04 1.934784e-06
2392 1.208712e-04 1.927795e-06
2393 1.208273e-04 1.920832e-06
2394 1.207836e-04 1.913894e-06
2395 1.207401e-04 1.906981e-06
2396 1.206969e-04 1.900092e-06
2397 1.206538e-04 1.893229e-06
2398 1.206110e-04 1.886391e-06
2399 1.205683e-04 1.879577e-06
2400 1.205259e-04 1.872788e-06
2401 1.204837e-04 1.866023e-06
2402 1.204417e-04 1.859283e-06
2403 1.203999e-04 1.852567e-06
2404 1.203583e-04 1.845875e-06
2405 1.203169e-04 1.839207e-06
2406 1.202757e-04 1.832564e-06
2407 1.202347e-04 1.825945e-06
2408 1.201939e-04 1.819349e-06
2409 1.201533e-04 1.812777e-06
2410 1.201129e-04 1.806230e-06
2411 1.200727e-04 1.799705e-06
2412 1.200327e-04 1.793205e-06
2413 1.199929e-04 1.786727e-06
2414 1.199533e-04 1.780273e-06
2415 1.199139e-04 1.773843e-06
2416 1.198747e-04 1.767436e-06
2417 1.198356e-04 1.761051e-06
2418 1.197968e-04 1.754690e-06
2419 1.197581e-04 1.748352e-06
2420 1.197197e-04 1.742037e-06
2421 1.196814e-04 1.735745e-06
2422 1.196433e-04 1.729475e-06
2423 1.196054e-04 1.723228e-06
2424 1.195677e-04 1.717003e-06
2425 1.195302e-04 1.710801e-06
2426 1.194928e-04 1.704622e-06
2427 1.194557e-04 1.698465e-06
2428 1.194187e-04 1.692330e-06
2429 1.193819e-04 1.686217e-06
2430 1.193452e-04 1.680126e-06
2431 1.193088e-04 1.674057e-06
2432 1.192725e-04 1.668010e-06
2433 1.192364e-04 1.661985e-06
2434 1.192005e-04 1.655982e-06
2435 1.191647e-04 1.650000e-06
2436 1.191292e-04 1.644040e-06
2437 1.190938e-04 1.638102e-06
2438 1.190585e-04 1.632185e-06
2439 1.190235e-04 1.626289e-06
2440 1.189886e-04 1.620415e-06
2441 1.189539e-04 1.614562e-06
2442 1.189193e-04 1.608730e-06
2443 1.188849e-04 1.602919e-06
2444 1.188507e-04 1.597129e-06
2445 1.188166e-04 1.591360e-06
2446 1.187828e-04 1.585612e-06
2447 1.187490e-04 1.579885e-06
2448 1.187155e-04 1.574178e-06
2449 1.186821e-04 1.568492e-06
2450 1.186488e-04 1.562826e-06
2451 1.186157e-04 1.557181e-06
2452 1.185828e-04 1.551556e-06
2453 1.185501e-04 1.545952e-06
2454 1.185175e-04 1.540368e-06
2455 1.184850e-04 1.534804e-06
2456 1.184527e-04 1.529260e-06
2457 1.184206e-04 1.523736e-06
2458 1.183886e-04 1.518232e-06
2459 1.183568e-04 1.512748e-06
2460 1.183251e-04 1.507284e-06
2461 1.182936e-04 1.501840e-06
2462 1.182622e-04 1.496415e-06
2463 1.182310e-04 1.491010e-06
2464 1.181999e-04 1.485624e-06
2465 1.181690e-04 1.480258e-06
2466 1.181382e-04 1.474911e-06
2467 1.181076e-04 1.469583e-06
2468 1.180771e-04 1.464275e-06
2469 1.180468e-04 1.458986e-06
2470 1.180166e-04 1.453716e-06
2471 1.179865e-04 1.448465e-06
2472 1.179566e-04 1.443233e-06
2473 1.179269e-04 1.438020e-06
2474 1.178973e-04 1.432826e-06
2475 1.178678e-04 1.427650e-06
2476 1.178385e-04 1.422493e-06
2477 1.178093e-04 1.417355e-06
2478 1.177802e-04 1.412235e-06
2479 1.177513e-04 1.407134e-06
2480 1.177225e-04 1.402052e-06
2481 1.176939e-04 1.396987e-06
2482 1.176654e-04 1.391941e-06
2483 1.176370e-04 1.386913e-06
2484 1.176088e-04 1.381904e-06
2485 1.175807e-04 1.376912e-06
2486 1.175527e-04 1.371939e-06
2487 1.175249e-04 1.366983e-06
2488 1.174972e-04 1.362045e-06
2489 1.174696e-04 1.357125e-06
2490 1.174422e-04 1.352223e-06
2491 1.174149e-04 1.347339e-06
2492 1.173877e-04 1.342472e-06
2493 1.173606e-04 1.337623e-06
2494 1.173337e-04 1.332791e-06
2495 1.173069e-04 1.327977e-06
2496 1.172803e-04 1.323181e-06
2497 1.172537e-04 1.318401e-06
2498 1.172273e-04 1.313639e-06
2499 1.172010e-04 1.308894e-06
2500 1.171748e-04 1.304166e-06
2501 1.171488e-04 1.299455e-06
2502 1.171229e-04 1.294761e-06
2503 1.170971e-04 1.290085e-06
2504 1.170714e-04 1.285425e-06
2505 1.170459e-04 1.280782e-06
2506 1.170204e-04 1.276155e-06
2507 1.169951e-04 1.271546e-06
2508 1.169699e-04 1.266953e-06
2509 1.169448e-04 1.262376e-06
2510 1.169199e-04 1.257817e-06
2511 1.168950e-04 1.253273e-06
2512 1.168703e-04 1.248746e-06
2513 1.168457e-04 1.244236e-06
2514 1.168212e-04 1.239741e-06
2515 1.167968e-04 1.235263e-06
2516 1.167726e-04 1.230801e-06
2517 1.167484e-04 1.226356e-06
2518 1.167244e-04 1.221926e-06
2519 1.167005e-04 1.217512e-06
2520 1.166767e-04 1.213114e-06
2521 1.166530e-04 1.208732e-06
2522 1.166294e-04 1.204366e-06
2523 1.166059e-04 1.200016e-06
2524 1.165825e-04 1.195682e-06
2525 1.165593e-04 1.191363e-06
2526 1.165361e-04 1.187059e-06
2527 1.165131e-04 1.182772e-06
2528 1.164901e-04 1.178499e-06
2529 1.164673e-04 1.174242e-06
2530 1.164446e-04 1.170001e-06
2531 1.164220e-04 1.165775e-06
2532 1.163995e-04 1.161564e-06
2533 1.163770e-04 1.157368e-06
2534 1.163547e-04 1.153188e-06
2535 1.163325e-04 1.149022e-06
2536 1.163105e-04 1.144872e-06
2537 1.162885e-04 1.140736e-06
2538 1.162666e-04 1.136616e-06
2539 1.162448e-04 1.132510e-06
2540 1.162231e-04 1.128420e-06
2541 1.162015e-04 1.124344e-06
2542 1.161800e-04 1.120282e-06
2543 1.161586e-04 1.116236e-06
2544 1.161374e-04 1.112204e-06
2545 1.161162e-04 1.108186e-06
2546 1.160951e-04 1.104184e-06
2547 1.160741e-04 1.100195e-06
2548 1.160532e-04 1.096221e-06
2549 1.160324e-04 1.092261e-06
2550 1.160117e-04 1.088316e-06
2551 1.159911e-04 1.084385e-06
2552 1.159706e-04 1.080468e-06
2553 1.159501e-04 1.076565e-06
2554 1.159298e-04 1.072677e-06
2555 1.159096e-04 1.068802e-06
2556 1.158895e-04 1.064941e-06
2557 1.158694e-04 1.061095e-06
2558 1.158495e-04 1.057262e-06
2559 1.158296e-04 1.053443e-06
2560 1.158098e-04 1.049638e-06
2561 1.157902e-04 1.045846e-06
2562 1.157706e-04 1.042069e-06
2563 1.157511e-04 1.038305e-06
2564 1.157317e-04 1.034554e-06
2565 1.157124e-04 1.030817e-06
2566 1.156931e-04 1.027094e-06
2567 1.156740e-04 1.023384e-06
2568 1.156549e-04 1.019687e-06
2569 1.156360e-04 1.016004e-06
2570 1.156171e-04 1.012334e-06
2571 1.155983e-04 1.008678e-06
2572 1.155796e-04 1.005034e-06
2573 1.155610e-04 1.001404e-06
2574 1.155424e-04 9.977867e-07
2575 1.155240e-04 9.941826e-07
2576 1.155056e-04 9.905915e-07
2577 1.154873e-04 9.870134e-07
2578 1.154691e-04 9.834482e-07
2579 1.154510e-04 9.798959e-07
2580 1.154330e-04 9.763564e-07
2581 1.154150e-04 9.728297e-07
2582 1.153972e-04 9.693157e-07
2583 1.153794e-04 9.658145e-07
2584 1.153617e-04 9.623258e-07
2585 1.153440e-04 9.588498e-07
2586 1.153265e-04 9.553864e-07
2587 1.153090e-04 9.519354e-07
2588 1.152916e-04 9.484969e-07
2589 1.152743e-04 9.450709e-07
2590 1.152571e-04 9.416572e-07
2591 1.152399e-04 9.382558e-07
2592 1.152229e-04 9.348667e-07
2593 1.152059e-04 9.314899e-07
2594 1.151889e-04 9.281252e-07
2595 1.151721e-04 9.247728e-07
2596 1.151553e-04 9.214324e-07
2597 1.151386e-04 9.181041e-07
2598 1.151220e-04 9.147878e-07
2599 1.151055e-04 9.114835e-07
2600 1.150890e-04 9.081911e-07
2601 1.150726e-04 9.049106e-07
2602 1.150563e-04 9.016420e-07
2603 1.150401e-04 8.983852e-07
2604 1.150239e-04 8.951401e-07
2605 1.150078e-04 8.919068e-07
2606 1.149918e-04 8.886851e-07
2607 1.149758e-04 8.854751e-07
2608 1.149599e-04 8.822767e-07
2609 1.149441e-04 8.790898e-07
2610 1.149284e-04 8.759144e-07
2611 1.149127e-04 8.727505e-07
2612 1.148971e-04 8.695981e-07
2613 1.148816e-04 8.664570e-07
2614 1.148661e-04 8.633273e-07
2615 1.148508e-04 8.602088e-07
2616 1.148354e-04 8.571017e-07
2617 1.148202e-04 8.540057e-07
2618 1.148050e-04 8.509210e-07
2619 1.147899e-04 8.478474e-07
2620 1.147748e-04 8.447849e-07
2621 1.147599e-04 8.417334e-07
2622 1.147450e-04 8.386930e-07
2623 1.147301e-04 8.356635e-07
2624 1.147153e-04 8.326450e-07
2625 1.147006e-04 8.296374e-07
2626 1.146860e-04 8.266407e-07
2627 1.146714e-04 8.236548e-07
2628 1.146569e-04 8.206797e-07
2629 1.146424e-04 8.177153e-07
2630 1.146280e-04 8.147616e-07
2631 1.146137e-04 8.118186e-07
2632 1.145994e-04 8.088862e-07
2633 1.145852e-04 8.059645e-07
2634 1.145711e-04 8.030532e-07
2635 1.145570e-04 8.001525e-07
2636 1.145430e-04 7.972623e-07
2637 1.145291e-04 7.943825e-07
2638 1.145152e-04 7.915131e-07
2639 1.145014e-04 7.886541e-07
2640 1.144876e-04 7.858054e-07
2641 1.144739e-04 7.829670e-07
2642 1.144603e-04 7.801388e-07
2643 1.144467e-04 7.773209e-07
2644 1.144332e-04 7.745131e-07
2645 1.144197e-04 7.717155e-07
2646 1.144063e-04 7.689280e-07
2647 1.143930e-04 7.661505e-07
2648 1.143797e-04 7.633831e-07
2649 1.143665e-04 7.606257e-07
2650 1.143533e-04 7.578782e-07
2651 1.143402e-04 7.551407e-07
2652 1.143272e-04 7.524131e-07
2653 1.143142e-04 7.496953e-07
2654 1.143012e-04 7.469873e-07
2655 1.142884e-04 7.442891e-07
2656 1.142755e-04 7.416006e-07
2657 1.142628e-04 7.389219e-07
2658 1.142501e-04 7.362528e-07
2659 1.142374e-04 7.335934e-07
2660 1.142248e-04 7.309436e-07
2661 1.142123e-04 7.283034e-07
2662 1.141998e-04 7.256727e-07
2663 1.141874e-04 7.230515e-07
2664 1.141750e-04 7.204397e-07
2665 1.141627e-04 7.178374e-07
2666 1.141504e-04 7.152445e-07
2667 1.141382e-04 7.126610e-07
2668 1.141260e-04 7.100868e-07
2669 1.141139e-04 7.075219e-07
2670 1.141019e-04 7.049662e-07
2671 1.140899e-04 7.024198e-07
2672 1.140779e-04 6.998826e-07
2673 1.140660e-04 6.973546e-07
2674 1.140542e-04 6.948356e-07
2675 1.140424e-04 6.923258e-07
2676 1.140306e-04 6.898251e-07
2677 1.140190e-04 6.873333e-07
2678 1.140073e-04 6.848506e-07
2679 1.139957e-04 6.823769e-07
2680 1.139842e-04 6.799121e-07
2681 1.139727e-04 6.774562e-07
2682 1.139613e-04 6.750091e-07
2683 1.139499e-04 6.725709e-07
2684 1.139385e-04 6.701415e-07
2685 1.139273e-04 6.677209e-07
2686 1.139160e-04 6.653090e-07
2687 1.139048e-04 6.629059e-07
2688 1.138937e-04 6.605114e-07
2689 1.138826e-04 6.581255e-07
2690 1.138715e-04 6.557483e-07
2691 1.138605e-04 6.533797e-07
2692 1.138496e-04 6.510196e-07
2693 1.138387e-04 6.486681e-07
2694 1.138278e-04 6.463250e-07
2695 1.138170e-04 6.439904e-07
2696 1.138063e-04 6.416643e-07
2697 1.137956e-04 6.393465e-07
2698 1.137849e-04 6.370371e-07
2699 1.137743e-04 6.347361e-07
2700 1.137637e-04 6.324433e-07
2701 1.137532e-04 6.301589e-07
2702 1.137427e-04 6.278827e-07
2703 1.137322e-04 6.256147e-07
2704 1.137218e-04 6.233549e-07
2705 1.137115e-04 6.211033e-07
2706 1.137012e-04 6.188598e-07
2707 1.136909e-04 6.166244e-07
2708 1.136807e-04 6.143971e-07
2709 1.136705e-04 6.121779e-07
2710 1.136604e-04 6.099666e-07
2711 1.136503e-04 6.077633e-07
2712 1.136403e-04 6.055680e-07
2713 1.136303e-04 6.033807e-07
2714 1.136203e-04 6.012012e-07
2715 1.136104e-04 5.990296e-07
2716 1.136005e-04 5.968658e-07
2717 1.135907e-04 5.947099e-07
2718 1.135809e-04 5.925617e-07
2719 1.135712e-04 5.904213e-07
2720 1.135615e-04 5.882887e-07
2721 1.135518e-04 5.861637e-07
2722 1.135422e-04 5.840464e-07
2723 1.135326e-04 5.819368e-07
2724 1.135231e-04 5.798348e-07
2725 1.135136e-04 5.777404e-07
2726 1.135041e-04 5.756535e-07
2727 1.134947e-04 5.735742e-07
2728 1.134853e-04 5.715024e-07
2729 1.134760e-04 5.694381e-07
2730 1.134667e-04 5.673812e-07
2731 1.134574e-04 5.653318e-07
2732 1.134482e-04 5.632897e-07
2733 1.134390e-04 5.612551e-07
2734 1.134299e-04 5.592277e-07
2735 1.134208e-04 5.572078e-07
2736 1.134117e-04 5.551951e-07
2737 1.134027e-04 5.531896e-07
2738 1.133937e-04 5.511915e-07
2739 1.133848e-04 5.492005e-07
2740 1.133759e-04 5.472167e-07
2741 1.133670e-04 5.452401e-07
2742 1.133582e-04 5.432707e-07
2743 1.133494e-04 5.413083e-07
2744 1.133406e-04 5.393531e-07
2745 1.133319e-04 5.374049e-07
2746 1.133232e-04 5.354637e-07
2747 1.133146e-04 5.335295e-07
2748 1.133060e-04 5.316024e-07
2749 1.132974e-04 5.296822e-07
2750 1.132888e-04 5.277689e-07
2751 1.132803e-04 5.258626e-07
2752 1.132719e-04 5.239631e-07
2753 1.132634e-04 5.220705e-07
2754 1.132551e-04 5.201847e-07
2755 1.132467e-04 5.183058e-07
2756 1.132384e-04 5.164336e-07
2757 1.132301e-04 5.145682e-07
2758 1.132218e-04 5.127095e-07
2759 1.132136e-04 5.108575e-07
2760 1.132054e-04 5.090123e-07
2761 1.131973e-04 5.071737e-07
2762 1.131892e-04 5.053417e-07
2763 1.131811e-04 5.035163e-07
2764 1.131730e-04 5.016976e-07
2765 1.131650e-04 4.998854e-07
2766 1.131570e-04 4.980798e-07
2767 1.131491e-04 4.962807e-07
2768 1.131412e-04 4.944880e-07
2769 1.131333e-04 4.927019e-07
2770 1.131255e-04 4.909222e-07
2771 1.131176e-04 4.891490e-07
2772 1.131099e-04 4.873821e-07
2773 1.131021e-04 4.856216e-07
2774 1.130944e-04 4.838675e-07
2775 1.130867e-04 4.821197e-07
2776 1.130791e-04 4.803783e-07
2777 1.130714e-04 4.786431e-07
2778 1.130639e-04 4.769142e-07
2779 1.130563e-04 4.751915e-07
2780 1.130488e-04 4.734751e-07
2781 1.130413e-04 4.717648e-07
2782 1.130338e-04 4.700608e-07
2783 1.130264e-04 4.683629e-07
2784 1.130190e-04 4.666711e-07
2785 1.130116e-04 4.649854e-07
2786 1.130043e-04 4.633058e-07
2787 1.129970e-04 4.616323e-07
2788 1.129897e-04 4.599649e-07
2789 1.129825e-04 4.583034e-07
2790 1.129752e-04 4.566480e-07
2791 1.129681e-04 4.549985e-07
2792 1.129609e-04 4.533550e-07
2793 1.129538e-04 4.517175e-07
2794 1.129467e-04 4.500858e-07
2795 1.129396e-04 4.484601e-07
2796 1.129326e-04 4.468402e-07
2797 1.129256e-04 4.452261e-07
2798 1.129186e-04 4.436179e-07
2799 1.129116e-04 4.420156e-07
2800 1.129047e-04 4.404189e-07
2801 1.128978e-04 4.388281e-07
2802 1.128910e-04 4.372430e-07
2803 1.128841e-04 4.356637e-07
2804 1.128773e-04 4.340900e-07
2805 1.128705e-04 4.325220e-07
2806 1.128638e-04 4.309597e-07
2807 1.128571e-04 4.294030e-07
2808 1.128504e-04 4.278520e-07
2809 1.128437e-04 4.263065e-07
2810 1.128371e-04 4.247667e-07
2811 1.128305e-04 4.232324e-07
2812 1.128239e-04 4.217036e-07
2813 1.128173e-04 4.201804e-07
2814 1.128108e-04 4.186626e-07
2815 1.128043e-04 4.171504e-07
2816 1.127978e-04 4.156436e-07
2817 1.127913e-04 4.141423e-07
2818 1.127849e-04 4.126463e-07
2819 1.127785e-04 4.111558e-07
2820 1.127722e-04 4.096707e-07
2821 1.127658e-04 4.081909e-07
2822 1.127595e-04 4.067165e-07
2823 1.127532e-04 4.052474e-07
2824 1.127469e-04 4.037836e-07
2825 1.127407e-04 4.023251e-07
2826 1.127345e-04 4.008718e-07
2827 1.127283e-04 3.994238e-07
2828 1.127221e-04 3.979811e-07
2829 1.127160e-04 3.965435e-07
2830 1.127099e-04 3.951112e-07
2831 1.127038e-04 3.936840e-07
2832 1.126977e-04 3.922620e-07
2833 1.126917e-04 3.908451e-07
2834 1.126857e-04 3.894333e-07
2835 1.126797e-04 3.880266e-07
2836 1.126737e-04 3.866250e-07
2837 1.126678e-04 3.852285e-07
2838 1.126619e-04 3.838370e-07
2839 1.126560e-04 3.824506e-07
2840 1.126501e-04 3.810691e-07
2841 1.126442e-04 3.796926e-07
2842 1.126384e-04 3.783212e-07
2843 1.126326e-04 3.769546e-07
2844 1.126269e-04 3.755930e-07
2845 1.126211e-04 3.742363e-07
2846 1.126154e-04 3.728846e-07
2847 1.126097e-04 3.715377e-07
2848 1.126040e-04 3.701956e-07
2849 1.125983e-04 3.688585e-07
2850 1.125927e-04 3.675261e-07
2851 1.125871e-04 3.661986e-07
2852 1.125815e-04 3.648758e-07
2853 1.125760e-04 3.635578e-07
2854 1.125704e-04 3.622446e-07
2855 1.125649e-04 3.609362e-07
2856 1.125594e-04 3.596324e-07
2857 1.125539e-04 3.583334e-07
2858 1.125485e-04 3.570391e-07
2859 1.125430e-04 3.557494e-07
2860 1.125376e-04 3.544644e-07
2861 1.125322e-04 3.531840e-07
2862 1.125269e-04 3.519083e-07
2863 1.125215e-04 3.506372e-07
2864 1.125162e-04 3.493706e-07
2865 1.125109e-04 3.481087e-07
2866 1.125056e-04 3.468513e-07
2867 1.125004e-04 3.455984e-07
2868 1.124951e-04 3.443501e-07
2869 1.124899e-04 3.431062e-07
2870 1.124847e-04 3.418669e-07
2871 1.124796e-04 3.406320e-07
2872 1.124744e-04 3.394016e-07
2873 1.124693e-04 3.381757e-07
2874 1.124642e-04 3.369542e-07
2875 1.124591e-04 3.357371e-07
2876 1.124540e-04 3.345243e-07
2877 1.124490e-04 3.333160e-07
2878 1.124439e-04 3.321120e-07
2879 1.124389e-04 3.309124e-07
2880 1.124340e-04 3.297171e-07
2881 1.124290e-04 3.285261e-07
2882 1.124240e-04 3.273395e-07
2883 1.124191e-04 3.261571e-07
2884 1.124142e-04 3.249790e-07
2885 1.124093e-04 3.238051e-07
2886 1.124045e-04 3.226355e-07
2887 1.123996e-04 3.214701e-07
2888 1.123948e-04 3.203089e-07
2889 1.123900e-04 3.191519e-07
2890 1.123852e-04 3.179991e-07
2891 1.123804e-04 3.168505e-07
2892 1.123757e-04 3.157060e-07
2893 1.123709e-04 3.145656e-07
2894 1.123662e-04 3.134294e-07
2895 1.123615e-04 3.122972e-07
2896 1.123568e-04 3.111692e-07
2897 1.123522e-04 3.100452e-07
2898 1.123476e-04 3.089253e-07
2899 1.123429e-04 3.078094e-07
2900 1.123383e-04 3.066976e-07
2901 1.123338e-04 3.055898e-07
2902 1.123292e-04 3.044859e-07
2903 1.123246e-04 3.033861e-07
2904 1.123201e-04 3.022903e-07
2905 1.123156e-04 3.011983e-07
2906 1.123111e-04 3.001104e-07
2907 1.123066e-04 2.990264e-07
2908 1.123022e-04 2.979462e-07
2909 1.122978e-04 2.968700e-07
2910 1.122933e-04 2.957977e-07
2911 1.122889e-04 2.947293e-07
2912 1.122845e-04 2.936647e-07
2913 1.122802e-04 2.926039e-07
2914 1.122758e-04 2.915470e-07
2915 1.122715e-04 2.904939e-07
2916 1.122672e-04 2.894446e-07
2917 1.122629e-04 2.883991e-07
2918 1.122586e-04 2.873574e-07
2919 1.122543e-04 2.863194e-07
2920 1.122501e-04 2.852852e-07
2921 1.122459e-04 2.842547e-07
2922 1.122417e-04 2.832280e-07
2923 1.122375e-04 2.822049e-07
2924 1.122333e-04 2.811856e-07
2925 1.122291e-04 2.801699e-07
2926 1.122250e-04 2.791579e-07
2927 1.122208e-04 2.781495e-07
2928 1.122167e-04 2.771448e-07
2929 1.122126e-04 2.761438e-07
2930 1.122086e-04 2.751463e-07
2931 1.122045e-04 2.741524e-07
2932 1.122004e-04 2.731622e-07
2933 1.121964e-04 2.721755e-07
2934 1.121924e-04 2.711924e-07
2935 1.121884e-04 2.702128e-07
2936 1.121844e-04 2.692368e-07
2937 1.121804e-04 2.682642e-07
2938 1.121765e-04 2.672952e-07
2939 1.121726e-04 2.663297e-07
2940 1.121686e-04 2.653677e-07
2941 1.121647e-04 2.644092e-07
2942 1.121608e-04 2.634541e-07
2943 1.121570e-04 2.625025e-07
2944 1.121531e-04 2.615543e-07
2945 1.121493e-04 2.606096e-07
2946 1.121454e-04 2.596682e-07
2947 1.121416e-04 2.587303e-07
2948 1.121378e-04 2.577957e-07
2949 1.121340e-04 2.568645e-07
2950 1.121303e-04 2.559367e-07
2951 1.121265e-04 2.550122e-07
2952 1.121228e-04 2.540911e-07
2953 1.121190e-04 2.531733e-07
2954 1.121153e-04 2.522588e-07
2955 1.121116e-04 2.513476e-07
2956 1.121080e-04 2.504397e-07
2957 1.121043e-04 2.495351e-07
2958 1.121006e-04 2.486338e-07
2959 1.120970e-04 2.477357e-07
2960 1.120934e-04 2.468408e-07
2961 1.120898e-04 2.459492e-07
2962 1.120862e-04 2.450608e-07
2963 1.120826e-04 2.441756e-07
2964 1.120790e-04 2.432936e-07
2965 1.120755e-04 2.424148e-07
2966 1.120719e-04 2.415392e-07
2967 1.120684e-04 2.406668e-07
2968 1.120649e-04 2.397974e-07
2969 1.120614e-04 2.389313e-07
2970 1.120579e-04 2.380682e-07
2971 1.120545e-04 2.372083e-07
2972 1.120510e-04 2.363515e-07
2973 1.120476e-04 2.354977e-07
2974 1.120441e-04 2.346471e-07
2975 1.120407e-04 2.337995e-07
2976 1.120373e-04 2.329550e-07
2977 1.120339e-04 2.321136e-07
2978 1.120306e-04 2.312752e-07
2979 1.120272e-04 2.304398e-07
2980 1.120239e-04 2.296074e-07
2981 1.120205e-04 2.287780e-07
2982 1.120172e-04 2.279517e-07
2983 1.120139e-04 2.271283e-07
2984 1.120106e-04 2.263079e-07
2985 1.120073e-04 2.254904e-07
2986 1.120040e-04 2.246759e-07
2987 1.120008e-04 2.238644e-07
2988 1.119975e-04 2.230557e-07
2989 1.119943e-04 2.222500e-07
2990 1.119911e-04 2.214473e-07
2991 1.119879e-04 2.206474e-07
2992 1.119847e-04 2.198504e-07
2993 1.119815e-04 2.190562e-07
2994 1.119783e-04 2.182650e-07
2995 1.119752e-04 2.174766e-07
2996 1.119720e-04 2.166910e-07
2997 1.119689e-04 2.159083e-07
2998 1.119658e-04 2.151285e-07
2999 1.119627e-04 2.143514e-07
3000 1.119596e-04 2.135771e-07
3001 1.119565e-04 2.128057e-07
3002 1.119534e-04 2.120370e-07
3003 1.119504e-04 2.112711e-07
3004 1.119473e-04 2.105080e-07
3005 1.119443e-04 2.097476e-07
3006 1.119413e-04 2.089900e-07
3007 1.119382e-04 2.082351e-07
3008 1.119352e-04 2.074829e-07
3009 1.119322e-04 2.067334e-07
3010 1.119293e-04 2.059867e-07
3011 1.119263e-04 2.052427e-07
3012 1.119234e-04 2.045013e-07
3013 1.119204e-04 2.037626e-07
3014 1.119175e-04 2.030266e-07
3015 1.119146e-04 2.022933e-07
3016 1.119116e-04 2.015625e-07
3017 1.119088e-04 2.008345e-07
3018 1.119059e-04 2.001090e-07
3019 1.119030e-04 1.993862e-07
3020 1.119001e-04 1.986660e-07
3021 1.118973e-04 1.979484e-07
3022 1.118944e-04 1.972334e-07
3023 1.118916e-04 1.965210e-07
3024 1.118888e-04 1.958111e-07
3025 1.118860e-04 1.951038e-07
3026 1.118832e-04 1.943991e-07
3027 1.118804e-04 1.936969e-07
3028 1.118776e-04 1.929973e-07
3029 1.118749e-04 1.923001e-07
3030 1.118721e-04 1.916055e-07
3031 1.118694e-04 1.909134e-07
3032 1.118666e-04 1.902238e-07
3033 1.118639e-04 1.895367e-07
3034 1.118612e-04 1.888521e-07
3035 1.118585e-04 1.881700e-07
3036 1.118558e-04 1.874903e-07
3037 1.118531e-04 1.868130e-07
3038 1.118504e-04 1.861382e-07
3039 1.118478e-04 1.854659e-07
3040 1.118451e-04 1.847960e-07
3041 1.118425e-04 1.841285e-07
3042 1.118399e-04 1.834634e-07
3043 1.118372e-04 1.828007e-07
3044 1.118346e-04 1.821404e-07
3045 1.118320e-04 1.814825e-07
3046 1.118294e-04 1.808269e-07
3047 1.118269e-04 1.801738e-07
3048 1.118243e-04 1.795230e-07
3049 1.118217e-04 1.788745e-07
3050 1.118192e-04 1.782284e-07
3051 1.118167e-04 1.775846e-07
3052 1.118141e-04 1.769432e-07
3053 1.118116e-04 1.763040e-07
3054 1.118091e-04 1.756672e-07
3055 1.118066e-04 1.750327e-07
3056 1.118041e-04 1.744004e-07
3057 1.118016e-04 1.737705e-07
3058 1.117992e-04 1.731428e-07
3059 1.117967e-04 1.725174e-07
3060 1.117942e-04 1.718943e-07
3061 1.117918e-04 1.712734e-07
3062 1.117894e-04 1.706547e-07
3063 1.117869e-04 1.700383e-07
3064 1.117845e-04 1.694241e-07
3065 1.117821e-04 1.688121e-07
3066 1.117797e-04 1.682023e-07
3067 1.117773e-04 1.675948e-07
3068 1.117750e-04 1.669894e-07
3069 1.117726e-04 1.663862e-07
3070 1.117702e-04 1.657852e-07
3071 1.117679e-04 1.651864e-07
3072 1.117655e-04 1.645897e-07
3073 1.117632e-04 1.639952e-07
3074 1.117609e-04 1.634028e-07
3075 1.117586e-04 1.628126e-07
3076 1.117563e-04 1.622245e-07
3077 1.117540e-04 1.616385e-07
3078 1.117517e-04 1.610547e-07
3079 1.117494e-04 1.604729e-07
3080 1.117471e-04 1.598933e-07
3081 1.117449e-04 1.593157e-07
3082 1.117426e-04 1.587403e-07
3083 1.117404e-04 1.581669e-07
3084 1.117381e-04 1.575956e-07
3085 1.117359e-04 1.570263e-07
3086 1.117337e-04 1.564591e-07
3087 1.117315e-04 1.558940e-07
3088 1.117293e-04 1.553309e-07
3089 1.117271e-04 1.547698e-07
3090 1.117249e-04 1.542108e-07
3091 1.117227e-04 1.536537e-07
3092 1.117205e-04 1.530987e-07
3093 1.117184e-04 1.525457e-07
3094 1.117162e-04 1.519947e-07
3095 1.117141e-04 1.514457e-07
3096 1.117119e-04 1.508986e-07
3097 1.117098e-04 1.503536e-07
3098 1.117077e-04 1.498105e-07
3099 1.117056e-04 1.492694e-07
3100 1.117035e-04 1.487302e-07
3101 1.117014e-04 1.481930e-07
3102 1.116993e-04 1.476577e-07
3103 1.116972e-04 1.471243e-07
3104 1.116952e-04 1.465929e-07
3105 1.116931e-04 1.460634e-07
3106 1.116910e-04 1.455358e-07
3107 1.116890e-04 1.450101e-07
3108 1.116869e-04 1.444863e-07
3109 1.116849e-04 1.439644e-07
3110 1.116829e-04 1.434444e-07
3111 1.116809e-04 1.429262e-07
3112 1.116789e-04 1.424100e-07
3113 1.116769e-04 1.418956e-07
3114 1.116749e-04 1.413830e-07
3115 1.116729e-04 1.408724e-07
3116 1.116709e-04 1.403635e-07
3117 1.116689e-04 1.398565e-07
3118 1.116670e-04 1.393513e-07
3119 1.116650e-04 1.388480e-07
3120 1.116631e-04 1.383464e-07
3121 1.116611e-04 1.378467e-07
3122 1.116592e-04 1.373488e-07
3123 1.116573e-04 1.368527e-07
3124 1.116553e-04 1.363584e-07
3125 1.116534e-04 1.358658e-07
3126 1.116515e-04 1.353751e-07
3127 1.116496e-04 1.348861e-07
3128 1.116477e-04 1.343988e-07
3129 1.116459e-04 1.339134e-07
3130 1.116440e-04 1.334297e-07
3131 1.116421e-04 1.329477e-07
3132 1.116403e-04 1.324675e-07
3133 1.116384e-04 1.319890e-07
3134 1.116366e-04 1.315122e-07
3135 1.116347e-04 1.310372e-07
3136 1.116329e-04 1.305639e-07
3137 1.116311e-04 1.300923e-07
3138 1.116292e-04 1.296224e-07
3139 1.116274e-04 1.291542e-07
3140 1.116256e-04 1.286876e-07
3141 1.116238e-04 1.282228e-07
3142 1.116220e-04 1.277597e-07
3143 1.116202e-04 1.272982e-07
3144 1.116185e-04 1.268384e-07
3145 1.116167e-04 1.263802e-07
3146 1.116149e-04 1.259237e-07
3147 1.116132e-04 1.254689e-07
3148 1.116114e-04 1.250157e-07
3149 1.116097e-04 1.245641e-07
3150 1.116079e-04 1.241142e-07
3151 1.116062e-04 1.236658e-07
3152 1.116045e-04 1.232191e-07
3153 1.116028e-04 1.227741e-07
3154 1.116010e-04 1.223306e-07
3155 1.115993e-04 1.218887e-07
3156 1.115976e-04 1.214484e-07
3157 1.115959e-04 1.210098e-07
3158 1.115943e-04 1.205727e-07
3159 1.115926e-04 1.201371e-07
3160 1.115909e-04 1.197032e-07
3161 1.115892e-04 1.192708e-07
3162 1.115876e-04 1.188400e-07
3163 1.115859e-04 1.184107e-07
3164 1.115843e-04 1.179830e-07
3165 1.115826e-04 1.175569e-07
3166 1.115810e-04 1.171322e-07
3167 1.115794e-04 1.167091e-07
3168 1.115777e-04 1.162876e-07
3169 1.115761e-04 1.158675e-07
3170 1.115745e-04 1.154490e-07
3171 1.115729e-04 1.150320e-07
3172 1.115713e-04 1.146165e-07
3173 1.115697e-04 1.142025e-07
3174 1.115681e-04 1.137900e-07
3175 1.115665e-04 1.133789e-07
3176 1.115650e-04 1.129694e-07
3177 1.115634e-04 1.125613e-07
3178 1.115618e-04 1.121548e-07
3179 1.115603e-04 1.117496e-07
3180 1.115587e-04 1.113460e-07
3181 1.115572e-04 1.109438e-07
3182 1.115556e-04 1.105431e-07
3183 1.115541e-04 1.101438e-07
3184 1.115526e-04 1.097459e-07
3185 1.115511e-04 1.093495e-07
3186 1.115495e-04 1.089545e-07
3187 1.115480e-04 1.085610e-07
3188 1.115465e-04 1.081688e-07
3189 1.115450e-04 1.077781e-07
3190 1.115435e-04 1.073888e-07
3191 1.115420e-04 1.070009e-07
3192 1.115406e-04 1.066144e-07
3193 1.115391e-04 1.062293e-07
3194 1.115376e-04 1.058456e-07
3195 1.115361e-04 1.054633e-07
3196 1.115347e-04 1.050823e-07
3197 1.115332e-04 1.047028e-07
3198 1.115318e-04 1.043246e-07
3199 1.115303e-04 1.039477e-07
3200 1.115289e-04 1.035723e-07
3201 1.115275e-04 1.031982e-07
3202 1.115260e-04 1.028254e-07
3203 1.115246e-04 1.024540e-07
3204 1.115232e-04 1.020839e-07
3205 1.115218e-04 1.017152e-07
3206 1.115204e-04 1.013478e-07
3207 1.115190e-04 1.009817e-07
3208 1.115176e-04 1.006169e-07
3209 1.115162e-04 1.002535e-07
3210 1.115148e-04 9.989136e-08
3211 1.115134e-04 9.953054e-08
3212 1.115120e-04 9.917103e-08
3213 1.115107e-04 9.881281e-08
3214 1.115093e-04 9.845589e-08
3215 1.115080e-04 9.810026e-08
3216 1.115066e-04 9.774591e-08
3217 1.115052e-04 9.739284e-08
3218 1.115039e-04 9.704105e-08
3219 1.115026e-04 9.669053e-08
3220 1.115012e-04 9.634127e-08
3221 1.114999e-04 9.599327e-08
3222 1.114986e-04 9.564654e-08
3223 1.114973e-04 9.530105e-08
3224 1.114959e-04 9.495681e-08
3225 1.114946e-04 9.461382e-08
3226 1.114933e-04 9.427207e-08
3227 1.114920e-04 9.393155e-08
3228 1.114907e-04 9.359226e-08
3229 1.114894e-04 9.325419e-08
3230 1.114882e-04 9.291735e-08
3231 1.114869e-04 9.258172e-08
3232 1.114856e-04 9.224731e-08
3233 1.114843e-04 9.191410e-08
3234 1.114831e-04 9.158210e-08
3235 1.114818e-04 9.125129e-08
3236 1.114805e-04 9.092168e-08
3237 1.114793e-04 9.059326e-08
3238 1.114780e-04 9.026603e-08
3239 1.114768e-04 8.993998e-08
3240 1.114756e-04 8.961511e-08
3241 1.114743e-04 8.929141e-08
3242 1.114731e-04 8.896888e-08
3243 1.114719e-04 8.864752e-08
3244 1.114707e-04 8.832731e-08
3245 1.114694e-04 8.800826e-08
3246 1.114682e-04 8.769037e-08
3247 1.114670e-04 8.737362e-08
3248 1.114658e-04 8.705802e-08
3249 1.114646e-04 8.674356e-08
3250 1.114634e-04 8.643023e-08
3251 1.114622e-04 8.611804e-08
3252 1.114611e-04 8.580697e-08
3253 1.114599e-04 8.549703e-08
3254 1.114587e-04 8.518820e-08
3255 1.114575e-04 8.488049e-08
3256 1.114564e-04 8.457390e-08
3257 1.114552e-04 8.426841e-08
3258 1.114541e-04 8.396402e-08
3259 1.114529e-04 8.366073e-08
3260 1.114518e-04 8.335854e-08
3261 1.114506e-04 8.305744e-08
3262 1.114495e-04 8.275743e-08
3263 1.114483e-04 8.245850e-08
3264 1.114472e-04 8.216065e-08
3265 1.114461e-04 8.186388e-08
3266 1.114449e-04 8.156818e-08
3267 1.114438e-04 8.127355e-08
3268 1.114427e-04 8.097998e-08
3269 1.114416e-04 8.068747e-08
3270 1.114405e-04 8.039602e-08
3271 1.114394e-04 8.010562e-08
3272 1.114383e-04 7.981627e-08
3273 1.114372e-04 7.952797e-08
3274 1.114361e-04 7.924070e-08
3275 1.114350e-04 7.895448e-08
3276 1.114339e-04 7.866929e-08
3277 1.114329e-04 7.838512e-08
3278 1.114318e-04 7.810199e-08
3279 1.114307e-04 7.781988e-08
3280 1.114297e-04 7.753878e-08
3281 1.114286e-04 7.725871e-08
3282 1.114275e-04 7.697964e-08
3283 1.114265e-04 7.670158e-08
3284 1.114254e-04 7.642453e-08
3285 1.114244e-04 7.614847e-08
3286 1.114233e-04 7.587342e-08
3287 1.114223e-04 7.559936e-08
3288 1.114213e-04 7.532628e-08
3289 1.114202e-04 7.505420e-08
3290 1.114192e-04 7.478309e-08
3291 1.114182e-04 7.451297e-08
3292 1.114172e-04 7.424382e-08
3293 1.114162e-04 7.397564e-08
3294 1.114151e-04 7.370844e-08
3295 1.114141e-04 7.344219e-08
3296 1.114131e-04 7.317691e-08
3297 1.114121e-04 7.291259e-08
3298 1.114111e-04 7.264922e-08
3299 1.114101e-04 7.238681e-08
3300 1.114091e-04 7.212534e-08
3301 1.114082e-04 7.186481e-08
3302 1.114072e-04 7.160523e-08
3303 1.114062e-04 7.134659e-08
3304 1.114052e-04 7.108887e-08
3305 1.114043e-04 7.083209e-08
3306 1.114033e-04 7.057624e-08
3307 1.114023e-04 7.032131e-08
3308 1.114014e-04 7.006730e-08
3309 1.114004e-04 6.981421e-08
3310 1.113995e-04 6.956204e-08
3311 1.113985e-04 6.931077e-08
3312 1.113976e-04 6.906042e-08
3313 1.113966e-04 6.881096e-08
3314 1.113957e-04 6.856241e-08
3315 1.113947e-04 6.831476e-08
3316 1.113938e-04 6.806800e-08
3317 1.113929e-04 6.782213e-08
3318 1.113920e-04 6.757715e-08
3319 1.113910e-04 6.733305e-08
3320 1.113901e-04 6.708984e-08
3321 1.113892e-04 6.684750e-08
3322 1.113883e-04 6.660604e-08
3323 1.113874e-04 6.636545e-08
3324 1.113865e-04 6.612573e-08
3325 1.113856e-04 6.588688e-08
3326 1.113847e-04 6.564889e-08
3327 1.113838e-04 6.541176e-08
3328 1.113829e-04 6.517549e-08
3329 1.113820e-04 6.494007e-08
3330 1.113811e-04 6.470550e-08
3331 1.113802e-04 6.447177e-08
3332 1.113794e-04 6.423889e-08
3333 1.113785e-04 6.400686e-08
3334 1.113776e-04 6.377566e-08
3335 1.113767e-04 6.354529e-08
3336 1.113759e-04 6.331576e-08
3337 1.113750e-04 6.308706e-08
3338 1.113741e-04 6.285918e-08
3339 1.113733e-04 6.263213e-08
3340 1.113724e-04 6.240589e-08
3341 1.113716e-04 6.218048e-08
3342 1.113707e-04 6.195588e-08
3343 1.113699e-04 6.173208e-08
3344 1.113691e-04 6.150910e-08
3345 1.113682e-04 6.128692e-08
3346 1.113674e-04 6.106555e-08
3347 1.113666e-04 6.084497e-08
3348 1.113657e-04 6.062520e-08
3349 1.113649e-04 6.040621e-08
3350 1.113641e-04 6.018802e-08
3351 1.113633e-04 5.997061e-08
3352 1.113624e-04 5.975399e-08
3353 1.113616e-04 5.953816e-08
3354 1.113608e-04 5.932310e-08
3355 1.113600e-04 5.910882e-08
3356 1.113592e-04 5.889531e-08
3357 1.113584e-04 5.868257e-08
3358 1.113576e-04 5.847061e-08
3359 1.113568e-04 5.825940e-08
3360 1.113560e-04 5.804897e-08
3361 1.113552e-04 5.783929e-08
3362 1.113545e-04 5.763037e-08
3363 1.113537e-04 5.742220e-08
3364 1.113529e-04 5.721478e-08
3365 1.113521e-04 5.700812e-08
3366 1.113513e-04 5.680220e-08
3367 1.113506e-04 5.659702e-08
3368 1.113498e-04 5.639259e-08
3369 1.113490e-04 5.618889e-08
3370 1.113483e-04 5.598593e-08
3371 1.113475e-04 5.578371e-08
3372 1.113468e-04 5.558221e-08
3373 1.113460e-04 5.538144e-08
3374 1.113452e-04 5.518140e-08
3375 1.113445e-04 5.498208e-08
3376 1.113438e-04 5.478348e-08
3377 1.113430e-04 5.458559e-08
3378 1.113423e-04 5.438842e-08
3379 1.113415e-04 5.419197e-08
3380 1.113408e-04 5.399622e-08
3381 1.113401e-04 5.380118e-08
3382 1.113393e-04 5.360684e-08
3383 1.113386e-04 5.341321e-08
3384 1.113379e-04 5.322028e-08
3385 1.113372e-04 5.302804e-08
3386 1.113364e-04 5.283650e-08
3387 1.113357e-04 5.264565e-08
3388 1.113350e-04 5.245549e-08
3389 1.113343e-04 5.226601e-08
3390 1.113336e-04 5.207722e-08
3391 1.113329e-04 5.188911e-08
3392 1.113322e-04 5.170168e-08
3393 1.113315e-04 5.151493e-08
3394 1.113308e-04 5.132885e-08
3395 1.113301e-04 5.114345e-08
3396 1.113294e-04 5.095871e-08
3397 1.113287e-04 5.077465e-08
3398 1.113280e-04 5.059124e-08
3399 1.113273e-04 5.040850e-08
3400 1.113266e-04 5.022642e-08
3401 1.113260e-04 5.004500e-08
3402 1.113253e-04 4.986423e-08
3403 1.113246e-04 4.968412e-08
3404 1.113239e-04 4.950465e-08
3405 1.113233e-04 4.932584e-08
3406 1.113226e-04 4.914767e-08
3407 1.113219e-04 4.897014e-08
3408 1.113213e-04 4.879325e-08
3409 1.113206e-04 4.861701e-08
3410 1.113200e-04 4.844140e-08
3411 1.113193e-04 4.826642e-08
3412 1.113186e-04 4.809208e-08
3413 1.113180e-04 4.791837e-08
3414 1.113173e-04 4.774528e-08
3415 1.113167e-04 4.757282e-08
3416 1.113161e-04 4.740098e-08
3417 1.113154e-04 4.722976e-08
3418 1.113148e-04 4.705917e-08
3419 1.113141e-04 4.688918e-08
3420 1.113135e-04 4.671981e-08
3421 1.113129e-04 4.655106e-08
3422 1.113122e-04 4.638291e-08
3423 1.113116e-04 4.621537e-08
3424 1.113110e-04 4.604844e-08
3425 1.113104e-04 4.588210e-08
3426 1.113097e-04 4.571637e-08
3427 1.113091e-04 4.555124e-08
3428 1.113085e-04 4.538671e-08
3429 1.113079e-04 4.522276e-08
3430 1.113073e-04 4.505941e-08
3431 1.113067e-04 4.489666e-08
3432 1.113061e-04 4.473448e-08
3433 1.113055e-04 4.457290e-08
3434 1.113049e-04 4.441190e-08
3435 1.113043e-04 4.425148e-08
3436 1.113037e-04 4.409164e-08
3437 1.113031e-04 4.393237e-08
3438 1.113025e-04 4.377368e-08
3439 1.113019e-04 4.361557e-08
3440 1.113013e-04 4.345802e-08
3441 1.113007e-04 4.330105e-08
3442 1.113001e-04 4.314464e-08
3443 1.112995e-04 4.298880e-08
3444 1.112990e-04 4.283352e-08
3445 1.112984e-04 4.267880e-08
3446 1.112978e-04 4.252464e-08
3447 1.112972e-04 4.237104e-08
3448 1.112967e-04 4.221799e-08
3449 1.112961e-04 4.206549e-08
3450 1.112955e-04 4.191355e-08
3451 1.112950e-04 4.176215e-08
3452 1.112944e-04 4.161130e-08
3453 1.112938e-04 4.146100e-08
3454 1.112933e-04 4.131124e-08
3455 1.112927e-04 4.116202e-08
3456 1.112922e-04 4.101333e-08
3457 1.112916e-04 4.086519e-08
3458 1.112910e-04 4.071758e-08
3459 1.112905e-04 4.057051e-08
3460 1.112900e-04 4.042396e-08
3461 1.112894e-04 4.027794e-08
3462 1.112889e-04 4.013246e-08
3463 1.112883e-04 3.998749e-08
3464 1.112878e-04 3.984306e-08
3465 1.112872e-04 3.969914e-08
3466 1.112867e-04 3.955574e-08
3467 1.112862e-04 3.941286e-08
3468 1.112856e-04 3.927050e-08
3469 1.112851e-04 3.912865e-08
3470 1.112846e-04 3.898731e-08
3471 1.112841e-04 3.884649e-08
3472 1.112835e-04 3.870617e-08
3473 1.112830e-04 3.856636e-08
3474 1.112825e-04 3.842705e-08
3475 1.112820e-04 3.828825e-08
3476 1.112815e-04 3.814995e-08
3477 1.112809e-04 3.801215e-08
3478 1.112804e-04 3.787484e-08
3479 1.112799e-04 3.773804e-08
3480 1.112794e-04 3.760172e-08
3481 1.112789e-04 3.746590e-08
3482 1.112784e-04 3.733057e-08
3483 1.112779e-04 3.719573e-08
3484 1.112774e-04 3.706137e-08
3485 1.112769e-04 3.692750e-08
3486 1.112764e-04 3.679412e-08
3487 1.112759e-04 3.666121e-08
3488 1.112754e-04 3.652879e-08
3489 1.112749e-04 3.639684e-08
3490 1.112744e-04 3.626537e-08
3491 1.112739e-04 3.613438e-08
3492 1.112735e-04 3.600386e-08
3493 1.112730e-04 3.587381e-08
3494 1.112725e-04 3.574423e-08
3495 1.112720e-04 3.561512e-08
3496 1.112715e-04 3.548647e-08
3497 1.112710e-04 3.535829e-08
3498 1.112706e-04 3.523057e-08
3499 1.112701e-04 3.510332e-08
3500 1.112696e-04 3.497652e-08
3501 1.112692e-04 3.485018e-08
3502 1.112687e-04 3.472430e-08
3503 1.112682e-04 3.459887e-08
3504 1.112677e-04 3.447390e-08
3505 1.112673e-04 3.434937e-08
3506 1.112668e-04 3.422530e-08
3507 1.112664e-04 3.410168e-08
3508 1.112659e-04 3.397850e-08
3509 1.112654e-04 3.385576e-08
3510 1.112650e-04 3.373347e-08
3511 1.112645e-04 3.361162e-08
3512 1.112641e-04 3.349021e-08
3513 1.112636e-04 3.336924e-08
3514 1.112632e-04 3.324871e-08
3515 1.112627e-04 3.312861e-08
3516 1.112623e-04 3.300895e-08
3517 1.112618e-04 3.288972e-08
3518 1.112614e-04 3.277092e-08
3519 1.112610e-04 3.265255e-08
3520 1.112605e-04 3.253460e-08
3521 1.112601e-04 3.241708e-08
3522 1.112597e-04 3.229999e-08
3523 1.112592e-04 3.218332e-08
3524 1.112588e-04 3.206707e-08
3525 1.112584e-04 3.195124e-08
3526 1.112579e-04 3.183583e-08
3527 1.112575e-04 3.172083e-08
3528 1.112571e-04 3.160625e-08
3529 1.112566e-04 3.149209e-08
3530 1.112562e-04 3.137834e-08
3531 1.112558e-04 3.126499e-08
3532 1.112554e-04 3.115206e-08
3533 1.112550e-04 3.103954e-08
3534 1.112545e-04 3.092742e-08
3535 1.112541e-04 3.081571e-08
3536 1.112537e-04 3.070440e-08
3537 1.112533e-04 3.059349e-08
3538 1.112529e-04 3.048298e-08
3539 1.112525e-04 3.037288e-08
3540 1.112521e-04 3.026317e-08
3541 1.112517e-04 3.015385e-08
3542 1.112513e-04 3.004493e-08
3543 1.112509e-04 2.993641e-08
3544 1.112505e-04 2.982827e-08
3545 1.112501e-04 2.972053e-08
3546 1.112497e-04 2.961318e-08
3547 1.112493e-04 2.950621e-08
3548 1.112489e-04 2.939963e-08
3549 1.112485e-04 2.929344e-08
3550 1.112481e-04 2.918763e-08
3551 1.112477e-04 2.908220e-08
3552 1.112473e-04 2.897715e-08
3553 1.112469e-04 2.887248e-08
3554 1.112465e-04 2.876819e-08
3555 1.112461e-04 2.866428e-08
3556 1.112457e-04 2.856074e-08
3557 1.112454e-04 2.845758e-08
3558 1.112450e-04 2.835478e-08
3559 1.112446e-04 2.825236e-08
3560 1.112442e-04 2.815031e-08
3561 1.112438e-04 2.804863e-08
3562 1.112435e-04 2.794732e-08
3563 1.112431e-04 2.784637e-08
3564 1.112427e-04 2.774578e-08
3565 1.112423e-04 2.764556e-08
3566 1.112420e-04 2.754571e-08
3567 1.112416e-04 2.744621e-08
3568 1.112412e-04 2.734707e-08
3569 1.112409e-04 2.724829e-08
3570 1.112405e-04 2.714986e-08
3571 1.112401e-04 2.705180e-08
3572 1.112398e-04 2.695408e-08
3573 1.112394e-04 2.685672e-08
3574 1.112390e-04 2.675971e-08
3575 1.112387e-04 2.666305e-08
3576 1.112383e-04 2.656674e-08
3577 1.112380e-04 2.647078e-08
3578 1.112376e-04 2.637517e-08
3579 1.112373e-04 2.627990e-08
3580 1.112369e-04 2.618497e-08
3581 1.112366e-04 2.609039e-08
3582 1.112362e-04 2.599615e-08
3583 1.112359e-04 2.590225e-08
3584 1.112355e-04 2.580869e-08
3585 1.112352e-04 2.571546e-08
3586 1.112348e-04 2.562257e-08
3587 1.112345e-04 2.553002e-08
3588 1.112341e-04 2.543781e-08
3589 1.112338e-04 2.534592e-08
3590 1.112335e-04 2.525437e-08
3591 1.112331e-04 2.516315e-08
3592 1.112328e-04 2.507226e-08
3593 1.112324e-04 2.498169e-08
3594 1.112321e-04 2.489146e-08
3595 1.112318e-04 2.480155e-08
3596 1.112314e-04 2.471196e-08
3597 1.112311e-04 2.462270e-08
3598 1.112308e-04 2.453376e-08
3599 1.112305e-04 2.444514e-08
3600 1.112301e-04 2.435684e-08
3601 1.112298e-04 2.426886e-08
3602 1.112295e-04 2.418120e-08
3603 1.112291e-04 2.409386e-08
3604 1.112288e-04 2.400683e-08
3605 1.112285e-04 2.392011e-08
3606 1.112282e-04 2.383371e-08
3607 1.112279e-04 2.374762e-08
3608 1.112275e-04 2.366184e-08
3609 1.112272e-04 2.357637e-08
3610 1.112269e-04 2.349121e-08
3611 1.112266e-04 2.340636e-08
3612 1.112263e-04 2.332181e-08
3613 1.112260e-04 2.323757e-08
3614 1.112257e-04 2.315364e-08
3615 1.112253e-04 2.307000e-08
3616 1.112250e-04 2.298667e-08
3617 1.112247e-04 2.290364e-08
3618 1.112244e-04 2.282091e-08
3619 1.112241e-04 2.273848e-08
3620 1.112238e-04 2.265635e-08
3621 1.112235e-04 2.257451e-08
3622 1.112232e-04 2.249297e-08
3623 1.112229e-04 2.241172e-08
3624 1.112226e-04 2.233077e-08
3625 1.112223e-04 2.225011e-08
3626 1.112220e-04 2.216974e-08
3627 1.112217e-04 2.208966e-08
3628 1.112214e-04 2.200987e-08
3629 1.112211e-04 2.193036e-08
3630 1.112208e-04 2.185115e-08
3631 1.112205e-04 2.177222e-08
3632 1.112202e-04 2.169358e-08
3633 1.112200e-04 2.161522e-08
3634 1.112197e-04 2.153714e-08
3635 1.112194e-04 2.145935e-08
3636 1.112191e-04 2.138183e-08
3637 1.112188e-04 2.130460e-08
3638 1.112185e-04 2.122765e-08
3639 1.112182e-04 2.115097e-08
3640 1.112180e-04 2.107457e-08
3641 1.112177e-04 2.099845e-08
3642 1.112174e-04 2.092260e-08
3643 1.112171e-04 2.084702e-08
3644 1.112168e-04 2.077172e-08
3645 1.112166e-04 2.069669e-08
3646 1.112163e-04 2.062193e-08
3647 1.112160e-04 2.054745e-08
3648 1.112157e-04 2.047323e-08
3649 1.112154e-04 2.039927e-08
3650 1.112152e-04 2.032559e-08
3651 1.112149e-04 2.025217e-08
3652 1.112146e-04 2.017902e-08
3653 1.112144e-04 2.010613e-08
3654 1.112141e-04 2.003351e-08
3655 1.112138e-04 1.996114e-08
3656 1.112136e-04 1.988904e-08
3657 1.112133e-04 1.981720e-08
3658 1.112130e-04 1.974562e-08
3659 1.112128e-04 1.967429e-08
3660 1.112125e-04 1.960323e-08
3661 1.112122e-04 1.953242e-08
3662 1.112120e-04 1.946187e-08
3663 1.112117e-04 1.939157e-08
3664 1.112115e-04 1.932152e-08
3665 1.112112e-04 1.925173e-08
3666 1.112109e-04 1.918219e-08
3667 1.112107e-04 1.911291e-08
3668 1.112104e-04 1.904387e-08
3669 1.112102e-04 1.897508e-08
3670 1.112099e-04 1.890654e-08
3671 1.112097e-04 1.883825e-08
3672 1.112094e-04 1.877020e-08
3673 1.112092e-04 1.870240e-08
3674 1.112089e-04 1.863485e-08
3675 1.112087e-04 1.856754e-08
3676 1.112084e-04 1.850047e-08
3677 1.112082e-04 1.843364e-08
3678 1.112079e-04 1.836706e-08
3679 1.112077e-04 1.830071e-08
3680 1.112074e-04 1.823461e-08
3681 1.112072e-04 1.816874e-08
3682 1.112069e-04 1.810312e-08
3683 1.112067e-04 1.803773e-08
3684 1.112065e-04 1.797257e-08
3685 1.112062e-04 1.790765e-08
3686 1.112060e-04 1.784297e-08
3687 1.112057e-04 1.777852e-08
3688 1.112055e-04 1.771430e-08
3689 1.112053e-04 1.765032e-08
3690 1.112050e-04 1.758656e-08
3691 1.112048e-04 1.752304e-08
3692 1.112046e-04 1.745974e-08
3693 1.112043e-04 1.739667e-08
3694 1.112041e-04 1.733384e-08
3695 1.112039e-04 1.727122e-08
3696 1.112036e-04 1.720884e-08
3697 1.112034e-04 1.714668e-08
3698 1.112032e-04 1.708474e-08
3699 1.112029e-04 1.702303e-08
3700 1.112027e-04 1.696154e-08
3701 1.112025e-04 1.690028e-08
3702 1.112023e-04 1.683923e-08
3703 1.112020e-04 1.677841e-08
3704 1.112018e-04 1.671780e-08
3705 1.112016e-04 1.665741e-08
3706 1.112014e-04 1.659725e-08
3707 1.112011e-04 1.653729e-08
3708 1.112009e-04 1.647756e-08
3709 1.112007e-04 1.641804e-08
3710 1.112005e-04 1.635874e-08
3711 1.112003e-04 1.629965e-08
3712 1.112001e-04 1.624077e-08
3713 1.111998e-04 1.618211e-08
3714 1.111996e-04 1.612366e-08
3715 1.111994e-04 1.606542e-08
3716 1.111992e-04 1.600739e-08
3717 1.111990e-04 1.594957e-08
3718 1.111988e-04 1.589196e-08
3719 1.111986e-04 1.583455e-08
3720 1.111983e-04 1.577736e-08
3721 1.111981e-04 1.572037e-08
3722 1.111979e-04 1.566358e-08
3723 1.111977e-04 1.560700e-08
3724 1.111975e-04 1.555063e-08
3725 1.111973e-04 1.549446e-08
3726 1.111971e-04 1.543849e-08
3727 1.111969e-04 1.538273e-08
3728 1.111967e-04 1.532716e-08
3729 1.111965e-04 1.527180e-08
3730 1.111963e-04 1.521664e-08
3731 1.111961e-04 1.516167e-08
3732 1.111959e-04 1.510691e-08
3733 1.111957e-04 1.505234e-08
3734 1.111955e-04 1.499797e-08
3735 1.111953e-04 1.494379e-08
3736 1.111951e-04 1.488982e-08
3737 1.111949e-04 1.483603e-08
3738 1.111947e-04 1.478244e-08
3739 1.111945e-04 1.472905e-08
3740 1.111943e-04 1.467584e-08
3741 1.111941e-04 1.462283e-08
3742 1.111939e-04 1.457001e-08
3743 1.111937e-04 1.451739e-08
3744 1.111935e-04 1.446495e-08
3745 1.111933e-04 1.441270e-08
3746 1.111931e-04 1.436064e-08
3747 1.111929e-04 1.430877e-08
3748 1.111927e-04 1.425708e-08
3749 1.111925e-04 1.420558e-08
3750 1.111923e-04 1.415427e-08
3751 1.111921e-04 1.410315e-08
3752 1.111920e-04 1.405220e-08
3753 1.111918e-04 1.400145e-08
3754 1.111916e-04 1.395087e-08
3755 1.111914e-04 1.390048e-08
3756 1.111912e-04 1.385027e-08
3757 1.111910e-04 1.380024e-08
3758 1.111908e-04 1.375039e-08
3759 1.111907e-04 1.370072e-08
3760 1.111905e-04 1.365124e-08
3761 1.111903e-04 1.360193e-08
3762 1.111901e-04 1.355279e-08
3763 1.111899e-04 1.350384e-08
3764 1.111898e-04 1.345506e-08
3765 1.111896e-04 1.340646e-08
3766 1.111894e-04 1.335804e-08
3767 1.111892e-04 1.330979e-08
3768 1.111890e-04 1.326171e-08
3769 1.111889e-04 1.321381e-08
3770 1.111887e-04 1.316608e-08
3771 1.111885e-04 1.311852e-08
3772 1.111883e-04 1.307114e-08
3773 1.111882e-04 1.302392e-08
3774 1.111880e-04 1.297688e-08
3775 1.111878e-04 1.293000e-08
3776 1.111876e-04 1.288330e-08
3777 1.111875e-04 1.283676e-08
3778 1.111873e-04 1.279040e-08
3779 1.111871e-04 1.274420e-08
3780 1.111870e-04 1.269816e-08
3781 1.111868e-04 1.265229e-08
3782 1.111866e-04 1.260659e-08
3783 1.111865e-04 1.256106e-08
3784 1.111863e-04 1.251569e-08
3785 1.111861e-04 1.247048e-08
3786 1.111860e-04 1.242543e-08
3787 1.111858e-04 1.238055e-08
3788 1.111856e-04 1.233583e-08
3789 1.111855e-04 1.229127e-08
3790 1.111853e-04 1.224688e-08
3791 1.111851e-04 1.220264e-08
3792 1.111850e-04 1.215856e-08
3793 1.111848e-04 1.211464e-08
3794 1.111846e-04 1.207088e-08
3795 1.111845e-04 1.202728e-08
3796 1.111843e-04 1.198384e-08
3797 1.111842e-04 1.194055e-08
3798 1.111840e-04 1.189742e-08
3799 1.111838e-04 1.185445e-08
3800 1.111837e-04 1.181163e-08
3801 1.111835e-04 1.176896e-08
3802 1.111834e-04 1.172645e-08
3803 1.111832e-04 1.168409e-08
3804 1.111831e-04 1.164189e-08
3805 1.111829e-04 1.159984e-08
3806 1.111827e-04 1.155794e-08
3807 1.111826e-04 1.151619e-08
3808 1.111824e-04 1.147459e-08
3809 1.111823e-04 1.143315e-08
3810 1.111821e-04 1.139185e-08
3811 1.111820e-04 1.135070e-08
3812 1.111818e-04 1.130970e-08
3813 1.111817e-04 1.126885e-08
3814 1.111815e-04 1.122814e-08
3815 1.111814e-04 1.118759e-08
3816 1.111812e-04 1.114718e-08
3817 1.111811e-04 1.110691e-08
3818 1.111809e-04 1.106679e-08
3819 1.111808e-04 1.102682e-08
3820 1.111806e-04 1.098699e-08
3821 1.111805e-04 1.094730e-08
3822 1.111803e-04 1.090776e-08
3823 1.111802e-04 1.086836e-08
3824 1.111801e-04 1.082910e-08
3825 1.111799e-04 1.078998e-08
3826 1.111798e-04 1.075101e-08
3827 1.111796e-04 1.071218e-08
3828 1.111795e-04 1.067348e-08
3829 1.111793e-04 1.063493e-08
3830 1.111792e-04 1.059651e-08
3831 1.111791e-04 1.055824e-08
3832 1.111789e-04 1.052010e-08
3833 1.111788e-04 1.048210e-08
3834 1.111786e-04 1.044424e-08
3835 1.111785e-04 1.040651e-08
3836 1.111784e-04 1.036892e-08
3837 1.111782e-04 1.033147e-08
3838 1.111781e-04 1.029415e-08
3839 1.111779e-04 1.025697e-08
3840 1.111778e-04 1.021992e-08
3841 1.111777e-04 1.018300e-08
3842 1.111775e-04 1.014622e-08
3843 1.111774e-04 1.010957e-08
3844 1.111773e-04 1.007306e-08
3845 1.111771e-04 1.003667e-08
3846 1.111770e-04 1.000042e-08
3847 1.111769e-04 9.964295e-09
