# step err_l2 res_l2
0 2.463645e-01 1.000000e+00
1 2.382328e-01 5.190574e-01
2 2.349300e-01 2.112990e-01
3 2.324707e-01 1.447412e-01
4 2.304140e-01 1.143818e-01
5 2.286111e-01 9.582217e-02
6 2.269882e-01 8.304298e-02
7 2.255017e-01 7.362903e-02
8 2.241233e-01 6.636850e-02
9 2.228334e-01 6.057661e-02
10 2.216175e-01 5.583487e-02
11 2.204649e-01 5.187211e-02
12 2.193671e-01 4.850446e-02
13 2.183174e-01 4.560255e-02
14 2.173105e-01 4.307256e-02
15 2.163417e-01 4.084465e-02
16 2.154075e-01 3.886575e-02
17 2.145045e-01 3.709473e-02
18 2.136301e-01 3.549919e-02
19 2.127820e-01 3.405326e-02
20 2.119581e-01 3.273600e-02
21 2.111566e-01 3.153028e-02
22 2.103759e-01 3.042192e-02
23 2.096147e-01 2.939910e-02
24 2.088717e-01 2.845188e-02
25 2.081457e-01 2.757182e-02
26 2.074358e-01 2.675172e-02
27 2.067410e-01 2.598540e-02
28 2.060606e-01 2.526751e-02
29 2.053937e-01 2.459339e-02
30 2.047397e-01 2.395900e-02
31 2.040979e-01 2.336076e-02
32 2.034677e-01 2.279554e-02
33 2.028487e-01 2.226055e-02
34 2.022402e-01 2.175333e-02
35 2.016419e-01 2.127167e-02
36 2.010533e-01 2.081361e-02
37 2.004740e-01 2.037736e-02
38 1.999036e-01 1.996134e-02
39 1.993418e-01 1.956411e-02
40 1.987883e-01 1.918437e-02
41 1.982427e-01 1.882093e-02
42 1.977048e-01 1.847272e-02
43 1.971742e-01 1.813876e-02
44 1.966508e-01 1.781815e-02
45 1.961343e-01 1.751007e-02
46 1.956244e-01 1.721376e-02
47 1.951210e-01 1.692853e-02
48 1.946239e-01 1.665374e-02
49 1.941327e-01 1.638881e-02
50 1.936475e-01 1.613318e-02
51 1.931679e-01 1.588635e-02
52 1.926939e-01 1.564785e-02
53 1.922252e-01 1.541726e-02
54 1.917618e-01 1.519416e-02
55 1.913034e-01 1.497817e-02
56 1.908499e-01 1.476895e-02
57 1.904012e-01 1.456617e-02
58 1.899573e-01 1.436952e-02
59 1.895178e-01 1.417871e-02
60 1.890828e-01 1.399348e-02
61 1.886522e-01 1.381357e-02
62 1.882257e-01 1.363875e-02
63 1.878034e-01 1.346878e-02
64 1.873851e-01 1.330347e-02
65 1.869708e-01 1.314262e-02
66 1.865602e-01 1.298603e-02
67 1.861535e-01 1.283353e-02
68 1.857503e-01 1.268496e-02
69 1.853508e-01 1.254016e-02
70 1.849548e-01 1.239899e-02
71 1.845622e-01 1.226129e-02
72 1.841730e-01 1.212693e-02
73 1.837871e-01 1.199580e-02
74 1.834044e-01 1.186777e-02
75 1.830249e-01 1.174272e-02
76 1.826484e-01 1.162055e-02
77 1.822750e-01 1.150116e-02
78 1.819046e-01 1.138444e-02
79 1.815371e-01 1.127030e-02
80 1.811724e-01 1.115866e-02
81 1.808106e-01 1.104943e-02
82 1.804515e-01 1.094252e-02
83 1.800951e-01 1.083787e-02
84 1.797414e-01 1.073539e-02
85 1.793903e-01 1.063502e-02
86 1.790418e-01 1.053669e-02
87 1.786958e-01 1.044033e-02
88 1.783522e-01 1.034588e-02
89 1.780111e-01 1.025329e-02
90 1.776724e-01 1.016250e-02
91 1.773361e-01 1.007344e-02
92 1.770020e-01 9.986079e-03
93 1.766703e-01 9.900355e-03
94 1.763407e-01 9.816223e-03
95 1.760134e-01 9.733636e-03
96 1.756883e-01 9.652551e-03
97 1.753653e-01 9.572924e-03
98 1.750443e-01 9.494716e-03
99 1.747255e-01 9.417885e-03
100 1.744087e-01 9.342395e-03
101 1.740939e-01 9.268208e-03
102 1.737811e-01 9.195290e-03
103 1.734702e-01 9.123607e-03
104 1.731613e-01 9.053126e-03
105 1.728542e-01 8.983816e-03
106 1.725490e-01 8.915645e-03
107 1.722457e-01 8.848585e-03
108 1.719441e-01 8.782608e-03
109 1.716444e-01 8.717686e-03
110 1.713464e-01 8.653793e-03
111 1.710502e-01 8.590902e-03
112 1.707556e-01 8.528991e-03
113 1.704628e-01 8.468034e-03
114 1.701716e-01 8.408010e-03
115 1.698821e-01 8.348894e-03
116 1.695942e-01 8.290667e-03
117 1.693079e-01 8.233306e-03
118 1.690232e-01 8.176792e-03
119 1.687401e-01 8.121106e-03
120 1.684585e-01 8.066228e-03
121 1.681784e-01 8.012140e-03
122 1.678999e-01 7.958824e-03
123 1.676228e-01 7.906262e-03
124 1.673472e-01 7.854439e-03
125 1.670730e-01 7.803338e-03
126 1.668003e-01 7.752943e-03
127 1.665290e-01 7.703239e-03
128 1.662591e-01 7.654211e-03
129 1.659906e-01 7.605844e-03
130 1.657234e-01 7.558125e-03
131 1.654576e-01 7.511040e-03
132 1.651932e-01 7.464576e-03
133 1.649300e-01 7.418720e-03
134 1.646682e-01 7.373460e-03
135 1.644076e-01 7.328782e-03
136 1.641484e-01 7.284677e-03
137 1.638903e-01 7.241132e-03
138 1.636336e-01 7.198135e-03
139 1.633780e-01 7.155677e-03
140 1.631237e-01 7.113747e-03
141 1.628706e-01 7.072334e-03
142 1.626187e-01 7.031428e-03
143 1.623680e-01 6.991019e-03
144 1.621184e-01 6.951099e-03
145 1.618700e-01 6.911658e-03
146 1.616228e-01 6.872686e-03
147 1.613766e-01 6.834176e-03
148 1.611316e-01 6.796118e-03
149 1.608877e-01 6.758504e-03
150 1.606449e-01 6.721326e-03
151 1.604032e-01 6.684576e-03
152 1.601626e-01 6.648247e-03
153 1.599230e-01 6.612330e-03
154 1.596845e-01 6.576819e-03
155 1.594471e-01 6.541706e-03
156 1.592106e-01 6.506985e-03
157 1.589752e-01 6.472647e-03
158 1.587408e-01 6.438688e-03
159 1.585074e-01 6.405100e-03
160 1.582750e-01 6.371877e-03
161 1.580436e-01 6.339012e-03
162 1.578132e-01 6.306500e-03
163 1.575837e-01 6.274334e-03
164 1.573552e-01 6.242510e-03
165 1.571277e-01 6.211020e-03
166 1.569011e-01 6.179860e-03
167 1.566754e-01 6.149025e-03
168 1.564506e-01 6.118508e-03
169 1.562268e-01 6.088305e-03
170 1.560038e-01 6.058411e-03
171 1.557818e-01 6.028820e-03
172 1.555606e-01 5.999528e-03
173 1.553404e-01 5.970531e-03
174 1.551210e-01 5.941823e-03
175 1.549025e-01 5.913399e-03
176 1.546848e-01 5.885257e-03
177 1.544680e-01 5.857390e-03
178 1.542520e-01 5.829796e-03
179 1.540369e-01 5.802469e-03
180 1.538226e-01 5.775406e-03
181 1.536091e-01 5.748602e-03
182 1.533964e-01 5.722055e-03
183 1.531846e-01 5.695759e-03
184 1.529735e-01 5.669711e-03
185 1.527633e-01 5.643908e-03
186 1.525538e-01 5.618346e-03
187 1.523451e-01 5.593021e-03
188 1.521372e-01 5.567930e-03
189 1.519301e-01 5.543070e-03
190 1.517237e-01 5.518436e-03
191 1.515181e-01 5.494027e-03
192 1.513133e-01 5.469839e-03
193 1.511091e-01 5.445868e-03
194 1.509058e-01 5.422111e-03
195 1.507031e-01 5.398566e-03
196 1.505012e-01 5.375230e-03
197 1.503000e-01 5.352099e-03
198 1.500996e-01 5.329171e-03
199 1.498998e-01 5.306443e-03
200 1.497008e-01 5.283912e-03
201 1.495024e-01 5.261576e-03
202 1.493047e-01 5.239432e-03
203 1.491078e-01 5.217477e-03
204 1.489115e-01 5.195709e-03
205 1.487159e-01 5.174125e-03
206 1.485210e-01 5.152723e-03
207 1.483267e-01 5.131500e-03
208 1.481331e-01 5.110455e-03
209 1.479402e-01 5.089584e-03
210 1.477479e-01 5.068886e-03
211 1.475563e-01 5.048358e-03
212 1.473653e-01 5.027998e-03
213 1.471749e-01 5.007804e-03
214 1.469852e-01 4.987774e-03
215 1.467962e-01 4.967905e-03
216 1.466077e-01 4.948196e-03
217 1.464199e-01 4.928645e-03
218 1.462327e-01 4.909249e-03
219 1.460461e-01 4.890007e-03
220 1.458601e-01 4.870917e-03
221 1.456747e-01 4.851977e-03
222 1.454899e-01 4.833184e-03
223 1.453057e-01 4.814538e-03
224 1.451221e-01 4.796036e-03
225 1.449391e-01 4.777677e-03
226 1.447567e-01 4.759459e-03
227 1.445749e-01 4.741381e-03
228 1.443936e-01 4.723439e-03
229 1.442129e-01 4.705634e-03
230 1.440328e-01 4.687963e-03
231 1.438532e-01 4.670425e-03
232 1.436742e-01 4.653018e-03
233 1.434958e-01 4.635740e-03
234 1.433179e-01 4.618591e-03
235 1.431406e-01 4.601568e-03
236 1.429638e-01 4.584670e-03
237 1.427875e-01 4.567897e-03
238 1.426118e-01 4.551245e-03
239 1.424366e-01 4.534714e-03
240 1.422620e-01 4.518303e-03
241 1.420879e-01 4.502010e-03
242 1.419143e-01 4.485833e-03
243 1.417412e-01 4.469772e-03
244 1.415687e-01 4.453826e-03
245 1.413966e-01 4.437992e-03
246 1.412251e-01 4.422270e-03
247 1.410541e-01 4.406658e-03
248 1.408836e-01 4.391156e-03
249 1.407136e-01 4.375762e-03
250 1.405441e-01 4.360474e-03
251 1.403751e-01 4.345292e-03
252 1.402066e-01 4.330215e-03
253 1.400386e-01 4.315241e-03
254 1.398710e-01 4.300369e-03
255 1.397040e-01 4.285598e-03
256 1.395374e-01 4.270928e-03
257 1.393713e-01 4.256356e-03
258 1.392057e-01 4.241883e-03
259 1.390405e-01 4.227506e-03
260 1.388758e-01 4.213226e-03
261 1.387116e-01 4.199040e-03
262 1.385479e-01 4.184948e-03
263 1.383846e-01 4.170949e-03
264 1.382218e-01 4.157043e-03
265 1.380594e-01 4.143227e-03
266 1.378975e-01 4.129501e-03
267 1.377360e-01 4.115865e-03
268 1.375750e-01 4.102317e-03
269 1.374144e-01 4.088856e-03
270 1.372543e-01 4.075482e-03
271 1.370946e-01 4.062193e-03
272 1.369353e-01 4.048989e-03
273 1.367765e-01 4.035869e-03
274 1.366181e-01 4.022832e-03
275 1.364601e-01 4.009877e-03
276 1.363026e-01 3.997004e-03
277 1.361455e-01 3.984212e-03
278 1.359888e-01 3.971499e-03
279 1.358325e-01 3.958865e-03
280 1.356767e-01 3.946310e-03
281 1.355213e-01 3.933832e-03
282 1.353662e-01 3.921431e-03
283 1.352116e-01 3.909106e-03
284 1.350574e-01 3.896856e-03
285 1.349036e-01 3.884681e-03
286 1.347502e-01 3.872580e-03
287 1.345973e-01 3.860551e-03
288 1.344447e-01 3.848596e-03
289 1.342925e-01 3.836712e-03
290 1.341407e-01 3.824899e-03
291 1.339893e-01 3.813157e-03
292 1.338383e-01 3.801484e-03
293 1.336876e-01 3.789881e-03
294 1.335374e-01 3.778346e-03
295 1.333876e-01 3.766879e-03
296 1.332381e-01 3.755479e-03
297 1.330890e-01 3.744146e-03
298 1.329403e-01 3.732879e-03
299 1.327920e-01 3.721677e-03
300 1.326440e-01 3.710540e-03
301 1.324964e-01 3.699468e-03
302 1.323492e-01 3.688459e-03
303 1.322024e-01 3.677513e-03
304 1.320559e-01 3.666629e-03
305 1.319098e-01 3.655808e-03
306 1.317640e-01 3.645047e-03
307 1.316186e-01 3.634348e-03
308 1.314736e-01 3.623709e-03
309 1.313289e-01 3.613130e-03
310 1.311846e-01 3.602610e-03
311 1.310406e-01 3.592149e-03
312 1.308970e-01 3.581746e-03
313 1.307538e-01 3.571401e-03
314 1.306108e-01 3.561113e-03
315 1.304683e-01 3.550881e-03
316 1.303260e-01 3.540706e-03
317 1.301842e-01 3.530587e-03
318 1.300426e-01 3.520523e-03
319 1.299014e-01 3.510513e-03
320 1.297606e-01 3.500558e-03
321 1.296200e-01 3.490657e-03
322 1.294799e-01 3.480810e-03
323 1.293400e-01 3.471015e-03
324 1.292005e-01 3.461273e-03
325 1.290613e-01 3.451583e-03
326 1.289224e-01 3.441944e-03
327 1.287839e-01 3.432357e-03
328 1.286457e-01 3.422820e-03
329 1.285078e-01 3.413334e-03
330 1.283702e-01 3.403898e-03
331 1.282329e-01 3.394511e-03
332 1.280960e-01 3.385174e-03
333 1.279594e-01 3.375885e-03
334 1.278231e-01 3.366645e-03
335 1.276871e-01 3.357452e-03
336 1.275514e-01 3.348307e-03
337 1.274161e-01 3.339210e-03
338 1.272810e-01 3.330159e-03
339 1.271463e-01 3.321154e-03
340 1.270118e-01 3.312196e-03
341 1.268777e-01 3.303283e-03
342 1.267439e-01 3.294415e-03
343 1.266103e-01 3.285593e-03
344 1.264771e-01 3.276815e-03
345 1.263442e-01 3.268081e-03
346 1.262116e-01 3.259391e-03
347 1.260792e-01 3.250745e-03
348 1.259472e-01 3.242142e-03
349 1.258154e-01 3.233582e-03
350 1.256840e-01 3.225065e-03
351 1.255528e-01 3.216589e-03
352 1.254220e-01 3.208156e-03
353 1.252914e-01 3.199764e-03
354 1.251611e-01 3.191413e-03
355 1.250311e-01 3.183104e-03
356 1.249014e-01 3.174835e-03
357 1.247719e-01 3.166606e-03
358 1.246428e-01 3.158417e-03
359 1.245139e-01 3.150268e-03
360 1.243853e-01 3.142159e-03
361 1.242570e-01 3.134089e-03
362 1.241289e-01 3.126057e-03
363 1.240012e-01 3.118064e-03
364 1.238737e-01 3.110109e-03
365 1.237465e-01 3.102192e-03
366 1.236195e-01 3.094313e-03
367 1.234928e-01 3.086471e-03
368 1.233664e-01 3.078667e-03
369 1.232403e-01 3.070899e-03
370 1.231144e-01 3.063168e-03
371 1.229888e-01 3.055473e-03
372 1.228635e-01 3.047814e-03
373 1.227384e-01 3.040191e-03
374 1.226136e-01 3.032604e-03
375 1.224891e-01 3.025052e-03
376 1.223648e-01 3.017535e-03
377 1.222407e-01 3.010053e-03
378 1.221170e-01 3.002605e-03
379 1.219935e-01 2.995191e-03
380 1.218702e-01 2.987812e-03
381 1.217472e-01 2.980466e-03
382 1.216244e-01 2.973154e-03
383 1.215019e-01 2.965875e-03
384 1.213797e-01 2.958630e-03
385 1.212577e-01 2.951417e-03
386 1.211360e-01 2.944237e-03
387 1.210145e-01 2.937089e-03
388 1.208932e-01 2.929973e-03
389 1.207722e-01 2.922890e-03
390 1.206515e-01 2.915838e-03
391 1.205309e-01 2.908817e-03
392 1.204107e-01 2.901828e-03
393 1.202906e-01 2.894870e-03
394 1.201709e-01 2.887943e-03
395 1.200513e-01 2.881047e-03
396 1.199320e-01 2.874181e-03
397 1.198129e-01 2.867345e-03
398 1.196941e-01 2.860539e-03
399 1.195755e-01 2.853764e-03
400 1.194571e-01 2.847017e-03
401 1.193390e-01 2.840301e-03
402 1.192211e-01 2.833613e-03
403 1.191035e-01 2.826955e-03
404 1.189860e-01 2.820325e-03
405 1.188688e-01 2.813724e-03
406 1.187519e-01 2.807152e-03
407 1.186351e-01 2.800607e-03
408 1.185186e-01 2.794091e-03
409 1.184023e-01 2.787603e-03
410 1.182863e-01 2.781143e-03
411 1.181704e-01 2.774710e-03
412 1.180548e-01 2.768305e-03
413 1.179394e-01 2.761926e-03
414 1.178243e-01 2.755575e-03
415 1.177093e-01 2.749251e-03
416 1.175946e-01 2.742953e-03
417 1.174801e-01 2.736682e-03
418 1.173658e-01 2.730437e-03
419 1.172518e-01 2.724218e-03
420 1.171379e-01 2.718026e-03
421 1.170243e-01 2.711859e-03
422 1.169109e-01 2.705718e-03
423 1.167977e-01 2.699602e-03
424 1.166847e-01 2.693512e-03
425 1.165719e-01 2.687447e-03
426 1.164593e-01 2.681407e-03
427 1.163470e-01 2.675391e-03
428 1.162348e-01 2.669401e-03
429 1.161229e-01 2.663435e-03
430 1.160112e-01 2.657494e-03
431 1.158996e-01 2.651576e-03
432 1.157883e-01 2.645683e-03
433 1.156772e-01 2.639814e-03
434 1.155663e-01 2.633969e-03
435 1.154556e-01 2.628147e-03
436 1.153451e-01 2.622349e-03
437 1.152349e-01 2.616575e-03
438 1.151248e-01 2.610823e-03
439 1.150149e-01 2.605095e-03
440 1.149052e-01 2.599390e-03
441 1.147957e-01 2.593707e-03
442 1.146864e-01 2.588047e-03
443 1.145774e-01 2.582410e-03
444 1.144685e-01 2.576795e-03
445 1.143598e-01 2.571203e-03
446 1.142513e-01 2.565632e-03
447 1.141430e-01 2.560084e-03
448 1.140349e-01 2.554558e-03
449 1.139270e-01 2.549053e-03
450 1.138193e-01 2.543570e-03
451 1.137117e-01 2.538108e-03
452 1.136044e-01 2.532668e-03
453 1.134973e-01 2.527249e-03
454 1.133903e-01 2.521852e-03
455 1.132836e-01 2.516475e-03
456 1.131770e-01 2.511119e-03
457 1.130706e-01 2.505784e-03
458 1.129644e-01 2.500470e-03
459 1.128584e-01 2.495176e-03
460 1.127526e-01 2.489902e-03
461 1.126469e-01 2.484649e-03
462 1.125415e-01 2.479416e-03
463 1.124362e-01 2.474203e-03
464 1.123311e-01 2.469010e-03
465 1.122262e-01 2.463837e-03
466 1.121215e-01 2.458684e-03
467 1.120170e-01 2.453550e-03
468 1.119126e-01 2.448436e-03
469 1.118085e-01 2.443341e-03
470 1.117045e-01 2.438266e-03
471 1.116006e-01 2.433209e-03
472 1.114970e-01 2.428172e-03
473 1.113935e-01 2.423154e-03
474 1.112903e-01 2.418154e-03
475 1.111872e-01 2.413174e-03
476 1.110842e-01 2.408211e-03
477 1.109815e-01 2.403268e-03
478 1.108789e-01 2.398343e-03
479 1.107765e-01 2.393436e-03
480 1.106743e-01 2.388548e-03
481 1.105722e-01 2.383678e-03
482 1.104703e-01 2.378826e-03
483 1.103686e-01 2.373991e-03
484 1.102670e-01 2.369175e-03
485 1.101657e-01 2.364376e-03
486 1.100645e-01 2.359595e-03
487 1.099634e-01 2.354832e-03
488 1.098626e-01 2.350086e-03
489 1.097619e-01 2.345358e-03
490 1.096613e-01 2.340646e-03
491 1.095610e-01 2.335952e-03
492 1.094608e-01 2.331275e-03
493 1.093607e-01 2.326616e-03
494 1.092608e-01 2.321973e-03
495 1.091611e-01 2.317347e-03
496 1.090616e-01 2.312737e-03
497 1.089622e-01 2.308145e-03
498 1.088630e-01 2.303568e-03
499 1.087640e-01 2.299009e-03
500 1.086651e-01 2.294466e-03
501 1.085663e-01 2.289939e-03
502 1.084678e-01 2.285428e-03
503 1.083694e-01 2.280934e-03
504 1.082711e-01 2.276455e-03
505 1.081730e-01 2.271993e-03
506 1.080751e-01 2.267546e-03
507 1.079773e-01 2.263115e-03
508 1.078797e-01 2.258700e-03
509 1.077822e-01 2.254301e-03
510 1.076849e-01 2.249917e-03
511 1.075878e-01 2.245549e-03
512 1.074908e-01 2.241196e-03
513 1.073939e-01 2.236859e-03
514 1.072973e-01 2.232537e-03
515 1.072007e-01 2.228230e-03
516 1.071043e-01 2.223938e-03
517 1.070081e-01 2.219661e-03
518 1.069120e-01 2.215399e-03
519 1.068161e-01 2.211152e-03
520 1.067204e-01 2.206920e-03
521 1.066247e-01 2.202702e-03
522 1.065293e-01 2.198500e-03
523 1.064339e-01 2.194311e-03
524 1.063388e-01 2.190138e-03
525 1.062438e-01 2.185978e-03
526 1.061489e-01 2.181834e-03
527 1.060542e-01 2.177703e-03
528 1.059596e-01 2.173587e-03
529 1.058651e-01 2.169485e-03
530 1.057709e-01 2.165397e-03
531 1.056767e-01 2.161323e-03
532 1.055827e-01 2.157263e-03
533 1.054889e-01 2.153217e-03
534 1.053952e-01 2.149184e-03
535 1.053016e-01 2.145166e-03
536 1.052082e-01 2.141161e-03
537 1.051149e-01 2.137170e-03
538 1.050218e-01 2.133192e-03
539 1.049288e-01 2.129228e-03
540 1.048359e-01 2.125277e-03
541 1.047432e-01 2.121340e-03
542 1.046506e-01 2.117416e-03
543 1.045582e-01 2.113505e-03
544 1.044659e-01 2.109608e-03
545 1.043738e-01 2.105723e-03
546 1.042818e-01 2.101852e-03
547 1.041899e-01 2.097993e-03
548 1.040982e-01 2.094148e-03
549 1.040066e-01 2.090315e-03
550 1.039151e-01 2.086496e-03
551 1.038238e-01 2.082689e-03
552 1.037326e-01 2.078894e-03
553 1.036416e-01 2.075113e-03
554 1.035506e-01 2.071343e-03
555 1.034599e-01 2.067587e-03
556 1.033692e-01 2.063843e-03
557 1.032787e-01 2.060111e-03
558 1.031883e-01 2.056392e-03
559 1.030981e-01 2.052684e-03
560 1.030080e-01 2.048990e-03
561 1.029180e-01 2.045307e-03
562 1.028281e-01 2.041636e-03
563 1.027384e-01 2.037978e-03
564 1.026488e-01 2.034331e-03
565 1.025594e-01 2.030697e-03
566 1.024701e-01 2.027074e-03
567 1.023809e-01 2.023463e-03
568 1.022918e-01 2.019865e-03
569 1.022029e-01 2.016277e-03
570 1.021141e-01 2.012702e-03
571 1.020254e-01 2.009138e-03
572 1.019368e-01 2.005585e-03
573 1.018484e-01 2.002045e-03
574 1.017601e-01 1.998515e-03
575 1.016719e-01 1.994997e-03
576 1.015839e-01 1.991491e-03
577 1.014960e-01 1.987996e-03
578 1.014082e-01 1.984512e-03
579 1.013205e-01 1.981039e-03
580 1.012330e-01 1.977578e-03
581 1.011456e-01 1.974127e-03
582 1.010583e-01 1.970688e-03
583 1.009711e-01 1.967260e-03
584 1.008841e-01 1.963842e-03
585 1.007972e-01 1.960436e-03
586 1.007104e-01 1.957041e-03
587 1.006237e-01 1.953656e-03
588 1.005371e-01 1.950282e-03
589 1.004507e-01 1.946919e-03
590 1.003644e-01 1.943567e-03
591 1.002782e-01 1.940225e-03
592 1.001921e-01 1.936894e-03
593 1.001062e-01 1.933573e-03
594 1.000204e-01 1.930263e-03
595 9.993465e-02 1.926963e-03
596 9.984906e-02 1.923674e-03
597 9.976359e-02 1.920395e-03
598 9.967823e-02 1.917127e-03
599 9.959300e-02 1.913869e-03
600 9.950788e-02 1.910621e-03
601 9.942288e-02 1.907383e-03
602 9.933800e-02 1.904155e-03
603 9.925323e-02 1.900938e-03
604 9.916858e-02 1.897730e-03
605 9.908405e-02 1.894533e-03
606 9.899963e-02 1.891345e-03
607 9.891533e-02 1.888168e-03
608 9.883114e-02 1.885000e-03
609 9.874706e-02 1.881842e-03
610 9.866311e-02 1.878695e-03
611 9.857926e-02 1.875556e-03
612 9.849553e-02 1.872428e-03
613 9.841191e-02 1.869309e-03
614 9.832841e-02 1.866200e-03
615 9.824501e-02 1.863101e-03
616 9.816173e-02 1.860011e-03
617 9.807857e-02 1.856930e-03
618 9.799551e-02 1.853859e-03
619 9.791256e-02 1.850798e-03
620 9.782973e-02 1.847746e-03
621 9.774701e-02 1.844703e-03
622 9.766440e-02 1.841670e-03
623 9.758189e-02 1.838646e-03
624 9.749950e-02 1.835631e-03
625 9.741722e-02 1.832626e-03
626 9.733504e-02 1.829629e-03
627 9.725298e-02 1.826642e-03
628 9.717102e-02 1.823664e-03
629 9.708918e-02 1.820695e-03
630 9.700744e-02 1.817735e-03
631 9.692580e-02 1.814784e-03
632 9.684428e-02 1.811841e-03
633 9.676286e-02 1.808908e-03
634 9.668155e-02 1.805984e-03
635 9.660035e-02 1.803069e-03
636 9.651925e-02 1.800162e-03
637 9.643826e-02 1.797264e-03
638 9.635737e-02 1.794375e-03
639 9.627659e-02 1.791494e-03
640 9.619591e-02 1.788623e-03
641 9.611534e-02 1.785759e-03
642 9.603487e-02 1.782905e-03
643 9.595451e-02 1.780059e-03
644 9.587425e-02 1.777221e-03
645 9.579410e-02 1.774392e-03
646 9.571405e-02 1.771572e-03
647 9.563410e-02 1.768760e-03
648 9.555425e-02 1.765956e-03
649 9.547451e-02 1.763161e-03
650 9.539487e-02 1.760374e-03
651 9.531533e-02 1.757595e-03
652 9.523589e-02 1.754825e-03
653 9.515655e-02 1.752062e-03
654 9.507732e-02 1.749308e-03
655 9.499818e-02 1.746562e-03
656 9.491915e-02 1.743824e-03
657 9.484021e-02 1.741095e-03
658 9.476138e-02 1.738373e-03
659 9.468265e-02 1.735660e-03
660 9.460401e-02 1.732954e-03
661 9.452548e-02 1.730256e-03
662 9.444704e-02 1.727567e-03
663 9.436870e-02 1.724885e-03
664 9.429046e-02 1.722211e-03
665 9.421232e-02 1.719545e-03
666 9.413428e-02 1.716886e-03
667 9.405633e-02 1.714236e-03
668 9.397849e-02 1.711593e-03
669 9.390073e-02 1.708958e-03
670 9.382308e-02 1.706331e-03
671 9.374552e-02 1.703711e-03
672 9.366806e-02 1.701099e-03
673 9.359070e-02 1.698494e-03
674 9.351343e-02 1.695897e-03
675 9.343625e-02 1.693308e-03
676 9.335918e-02 1.690726e-03
677 9.328219e-02 1.688152e-03
678 9.320530e-02 1.685585e-03
679 9.312851e-02 1.683025e-03
680 9.305181e-02 1.680473e-03
681 9.297521e-02 1.677928e-03
682 9.289870e-02 1.675391e-03
683 9.282228e-02 1.672861e-03
684 9.274595e-02 1.670338e-03
685 9.266972e-02 1.667822e-03
686 9.259358e-02 1.665314e-03
687 9.251754e-02 1.662813e-03
688 9.244159e-02 1.660319e-03
689 9.236572e-02 1.657832e-03
690 9.228996e-02 1.655352e-03
691 9.221428e-02 1.652879e-03
692 9.213869e-02 1.650413e-03
693 9.206320e-02 1.647955e-03
694 9.198779e-02 1.645503e-03
695 9.191248e-02 1.643059e-03
696 9.183726e-02 1.640621e-03
697 9.176213e-02 1.638190e-03
698 9.168709e-02 1.635766e-03
699 9.161214e-02 1.633349e-03
700 9.153727e-02 1.630939e-03
701 9.146250e-02 1.628535e-03
702 9.138782e-02 1.626139e-03
703 9.131322e-02 1.623749e-03
704 9.123872e-02 1.621366e-03
705 9.116430e-02 1.618990e-03
706 9.108997e-02 1.616620e-03
707 9.101573e-02 1.614257e-03
708 9.094158e-02 1.611900e-03
709 9.086751e-02 1.609551e-03
710 9.079354e-02 1.607207e-03
711 9.071965e-02 1.604871e-03
712 9.064584e-02 1.602541e-03
713 9.057213e-02 1.600217e-03
714 9.049850e-02 1.597900e-03
715 9.042495e-02 1.595589e-03
716 9.035149e-02 1.593285e-03
717 9.027812e-02 1.590987e-03
718 9.020484e-02 1.588696e-03
719 9.013164e-02 1.586411e-03
720 9.005852e-02 1.584132e-03
721 8.998549e-02 1.581860e-03
722 8.991255e-02 1.579594e-03
723 8.983969e-02 1.577334e-03
724 8.976691e-02 1.575080e-03
725 8.969422e-02 1.572833e-03
726 8.962161e-02 1.570592e-03
727 8.954909e-02 1.568357e-03
728 8.947665e-02 1.566128e-03
729 8.940429e-02 1.563905e-03
730 8.933202e-02 1.561688e-03
731 8.925983e-02 1.559478e-03
732 8.918772e-02 1.557273e-03
733 8.911570e-02 1.555075e-03
734 8.904376e-02 1.552882e-03
735 8.897190e-02 1.550696e-03
736 8.890012e-02 1.548516e-03
737 8.882842e-02 1.546341e-03
738 8.875681e-02 1.544172e-03
739 8.868528e-02 1.542010e-03
740 8.861383e-02 1.539853e-03
741 8.854246e-02 1.537702e-03
742 8.847117e-02 1.535557e-03
743 8.839996e-02 1.533418e-03
744 8.832883e-02 1.531284e-03
745 8.825779e-02 1.529156e-03
746 8.818682e-02 1.527034e-03
747 8.811593e-02 1.524918e-03
748 8.804512e-02 1.522808e-03
749 8.797440e-02 1.520703e-03
750 8.790375e-02 1.518603e-03
751 8.783318e-02 1.516510e-03
752 8.776269e-02 1.514422e-03
753 8.769228e-02 1.512340e-03
754 8.762195e-02 1.510263e-03
755 8.755169e-02 1.508192e-03
756 8.748152e-02 1.506126e-03
757 8.741142e-02 1.504066e-03
758 8.734140e-02 1.502011e-03
759 8.727146e-02 1.499962e-03
760 8.720159e-02 1.497919e-03
761 8.713181e-02 1.495880e-03
762 8.706210e-02 1.493848e-03
763 8.699247e-02 1.491820e-03
764 8.692291e-02 1.489798e-03
765 8.685343e-02 1.487782e-03
766 8.678403e-02 1.485770e-03
767 8.671471e-02 1.483764e-03
768 8.664546e-02 1.481764e-03
769 8.657628e-02 1.479768e-03
770 8.650718e-02 1.477778e-03
771 8.643816e-02 1.475793e-03
772 8.636922e-02 1.473813e-03
773 8.630035e-02 1.471839e-03
774 8.623155e-02 1.469870e-03
775 8.616283e-02 1.467905e-03
776 8.609418e-02 1.465947e-03
777 8.602561e-02 1.463993e-03
778 8.595712e-02 1.462044e-03
779 8.588869e-02 1.460100e-03
780 8.582035e-02 1.458162e-03
781 8.575207e-02 1.456228e-03
782 8.568387e-02 1.454300e-03
783 8.561575e-02 1.452376e-03
784 8.554769e-02 1.450458e-03
785 8.547971e-02 1.448544e-03
786 8.541181e-02 1.446636e-03
787 8.534397e-02 1.444732e-03
788 8.527621e-02 1.442834e-03
789 8.520853e-02 1.440940e-03
790 8.514091e-02 1.439051e-03
791 8.507337e-02 1.437167e-03
792 8.500590e-02 1.435288e-03
793 8.493850e-02 1.433414e-03
794 8.487117e-02 1.431544e-03
795 8.480392e-02 1.429680e-03
796 8.473674e-02 1.427820e-03
797 8.466963e-02 1.425965e-03
798 8.460259e-02 1.424114e-03
799 8.453562e-02 1.422269e-03
800 8.446872e-02 1.420428e-03
801 8.440189e-02 1.418592e-03
802 8.433514e-02 1.416760e-03
803 8.426845e-02 1.414933e-03
804 8.420184e-02 1.413111e-03
805 8.413529e-02 1.411294e-03
806 8.406882e-02 1.409481e-03
807 8.400241e-02 1.407672e-03
808 8.393608e-02 1.405869e-03
809 8.386981e-02 1.404069e-03
810 8.380362e-02 1.402275e-03
811 8.373749e-02 1.400485e-03
812 8.367143e-02 1.398699e-03
813 8.360544e-02 1.396918e-03
814 8.353953e-02 1.395141e-03
815 8.347368e-02 1.393369e-03
816 8.340789e-02 1.391602e-03
817 8.334218e-02 1.389838e-03
818 8.327654e-02 1.388079e-03
819 8.321096e-02 1.386325e-03
820 8.314545e-02 1.384575e-03
821 8.308001e-02 1.382829e-03
822 8.301464e-02 1.381088e-03
823 8.294933e-02 1.379351e-03
824 8.288410e-02 1.377618e-03
825 8.281893e-02 1.375890e-03
826 8.275382e-02 1.374166e-03
827 8.268879e-02 1.372446e-03
828 8.262382e-02 1.370731e-03
829 8.255892e-02 1.369020e-03
830 8.249408e-02 1.367313e-03
831 8.242931e-02 1.365610e-03
832 8.236461e-02 1.363911e-03
833 8.229997e-02 1.362217e-03
834 8.223540e-02 1.360527e-03
835 8.217090e-02 1.358841e-03
836 8.210646e-02 1.357159e-03
837 8.204209e-02 1.355481e-03
838 8.197778e-02 1.353807e-03
839 8.191354e-02 1.352138e-03
840 8.184937e-02 1.350472e-03
841 8.178526e-02 1.348811e-03
842 8.172121e-02 1.347153e-03
843 8.165723e-02 1.345500e-03
844 8.159331e-02 1.343851e-03
845 8.152946e-02 1.342205e-03
846 8.146568e-02 1.340564e-03
847 8.140196e-02 1.338927e-03
848 8.133830e-02 1.337293e-03
849 8.127470e-02 1.335664e-03
850 8.121118e-02 1.334039e-03
851 8.114771e-02 1.332417e-03
852 8.108431e-02 1.330799e-03
853 8.102097e-02 1.329186e-03
854 8.095770e-02 1.327576e-03
855 8.089449e-02 1.325970e-03
856 8.083134e-02 1.324368e-03
857 8.076825e-02 1.322770e-03
858 8.070523e-02 1.321175e-03
859 8.064227e-02 1.319585e-03
860 8.057938e-02 1.317998e-03
861 8.051655e-02 1.316415e-03
862 8.045378e-02 1.314836e-03
863 8.039107e-02 1.313260e-03
864 8.032842e-02 1.311688e-03
865 8.026584e-02 1.310120e-03
866 8.020332e-02 1.308556e-03
867 8.014086e-02 1.306996e-03
868 8.007846e-02 1.305439e-03
869 8.001613e-02 1.303886e-03
870 7.995385e-02 1.302336e-03
871 7.989164e-02 1.300790e-03
872 7.982949e-02 1.299248e-03
873 7.976740e-02 1.297710e-03
874 7.970537e-02 1.296175e-03
875 7.964340e-02 1.294643e-03
876 7.958150e-02 1.293116e-03
877 7.951965e-02 1.291591e-03
878 7.945786e-02 1.290071e-03
879 7.939614e-02 1.288554e-03
880 7.933448e-02 1.287040e-03
881 7.927287e-02 1.285530e-03
882 7.921133e-02 1.284024e-03
883 7.914984e-02 1.282521e-03
884 7.908842e-02 1.281021e-03
885 7.902706e-02 1.279525e-03
886 7.896575e-02 1.278033e-03
887 7.890451e-02 1.276544e-03
888 7.884332e-02 1.275058e-03
889 7.878220e-02 1.273576e-03
890 7.872113e-02 1.272097e-03
891 7.866013e-02 1.270622e-03
892 7.859918e-02 1.269150e-03
893 7.853829e-02 1.267682e-03
894 7.847746e-02 1.266216e-03
895 7.841669e-02 1.264755e-03
896 7.835598e-02 1.263296e-03
897 7.829533e-02 1.261841e-03
898 7.823473e-02 1.260389e-03
899 7.817419e-02 1.258941e-03
900 7.811372e-02 1.257495e-03
901 7.805330e-02 1.256054e-03
902 7.799293e-02 1.254615e-03
903 7.793263e-02 1.253180e-03
904 7.787238e-02 1.251747e-03
905 7.781219e-02 1.250319e-03
906 7.775206e-02 1.248893e-03
907 7.769199e-02 1.247471e-03
908 7.763197e-02 1.246051e-03
909 7.757201e-02 1.244635e-03
910 7.751211e-02 1.243223e-03
911 7.745227e-02 1.241813e-03
912 7.739248e-02 1.240406e-03
913 7.733275e-02 1.239003e-03
914 7.727308e-02 1.237603e-03
915 7.721346e-02 1.236206e-03
916 7.715390e-02 1.234812e-03
917 7.709440e-02 1.233421e-03
918 7.703495e-02 1.232033e-03
919 7.697556e-02 1.230649e-03
920 7.691622e-02 1.229267e-03
921 7.685694e-02 1.227889e-03
922 7.679772e-02 1.226513e-03
923 7.673855e-02 1.225141e-03
924 7.667944e-02 1.223772e-03
925 7.662039e-02 1.222405e-03
926 7.656139e-02 1.221042e-03
927 7.650244e-02 1.219682e-03
928 7.644355e-02 1.218325e-03
929 7.638472e-02 1.216970e-03
930 7.632594e-02 1.215619e-03
931 7.626722e-02 1.214271e-03
932 7.620855e-02 1.212925e-03
933 7.614994e-02 1.211583e-03
934 7.609138e-02 1.210243e-03
935 7.603288e-02 1.208906e-03
936 7.597443e-02 1.207573e-03
937 7.591603e-02 1.206242e-03
938 7.585769e-02 1.204914e-03
939 7.579941e-02 1.203589e-03
940 7.574118e-02 1.202267e-03
941 7.568300e-02 1.200947e-03
942 7.562488e-02 1.199631e-03
943 7.556681e-02 1.198317e-03
944 7.550879e-02 1.197007e-03
945 7.545083e-02 1.195699e-03
946 7.539293e-02 1.194394e-03
947 7.533507e-02 1.193091e-03
948 7.527727e-02 1.191792e-03
949 7.521953e-02 1.190495e-03
950 7.516183e-02 1.189201e-03
951 7.510419e-02 1.187910e-03
952 7.504661e-02 1.186621e-03
953 7.498907e-02 1.185335e-03
954 7.493159e-02 1.184052e-03
955 7.487416e-02 1.182772e-03
956 7.481679e-02 1.181495e-03
957 7.475947e-02 1.180220e-03
958 7.470220e-02 1.178948e-03
959 7.464498e-02 1.177678e-03
960 7.458782e-02 1.176411e-03
961 7.453070e-02 1.175147e-03
962 7.447364e-02 1.173886e-03
963 7.441664e-02 1.172627e-03
964 7.435968e-02 1.171371e-03
965 7.430278e-02 1.170117e-03
966 7.424593e-02 1.168866e-03
967 7.418913e-02 1.167618e-03
968 7.413238e-02 1.166372e-03
969 7.407569e-02 1.165129e-03
970 7.401904e-02 1.163889e-03
971 7.396245e-02 1.162651e-03
972 7.390591e-02 1.161416e-03
973 7.384942e-02 1.160183e-03
974 7.379298e-02 1.158953e-03
975 7.373659e-02 1.157725e-03
976 7.368026e-02 1.156500e-03
977 7.362397e-02 1.155277e-03
978 7.356774e-02 1.154057e-03
979 7.351156e-02 1.152839e-03
980 7.345542e-02 1.151624e-03
981 7.339934e-02 1.150412e-03
982 7.334331e-02 1.149202e-03
983 7.328733e-02 1.147994e-03
984 7.323140e-02 1.146789e-03
985 7.317552e-02 1.145586e-03
986 7.311969e-02 1.144386e-03
987 7.306392e-02 1.143188e-03
988 7.300819e-02 1.141993e-03
989 7.295251e-02 1.140800e-03
990 7.289688e-02 1.139609e-03
991 7.284130e-02 1.138421e-03
992 7.278577e-02 1.137235e-03
993 7.273030e-02 1.136052e-03
994 7.267487e-02 1.134871e-03
995 7.261949e-02 1.133693e-03
996 7.256416e-02 1.132516e-03
997 7.250888e-02 1.131343e-03
998 7.245365e-02 1.130171e-03
999 7.239846e-02 1.129002e-03
1000 7.234333e-02 1.127835e-03
1001 7.228825e-02 1.126671e-03
1002 7.223321e-02 1.125509e-03
1003 7.217823e-02 1.124349e-03
1004 7.212329e-02 1.123191e-03
1005 7.206841e-02 1.122036e-03
1006 7.201357e-02 1.120883e-03
1007 7.195878e-02 1.119732e-03
1008 7.190404e-02 1.118584e-03
1009 7.184934e-02 1.117438e-03
1010 7.179470e-02 1.116294e-03
1011 7.174010e-02 1.115152e-03
1012 7.168556e-02 1.114013e-03
1013 7.163106e-02 1.112876e-03
1014 7.157661e-02 1.111741e-03
1015 7.152221e-02 1.110608e-03
1016 7.146785e-02 1.109478e-03
1017 7.141354e-02 1.108350e-03
1018 7.135929e-02 1.107223e-03
1019 7.130507e-02 1.106100e-03
1020 7.125091e-02 1.104978e-03
1021 7.119680e-02 1.103858e-03
1022 7.114273e-02 1.102741e-03
1023 7.108871e-02 1.101626e-03
1024 7.103474e-02 1.100513e-03
1025 7.098081e-02 1.099402e-03
1026 7.092693e-02 1.098293e-03
1027 7.087310e-02 1.097187e-03
1028 7.081932e-02 1.096082e-03
1029 7.076558e-02 1.094980e-03
1030 7.071189e-02 1.093880e-03
1031 7.065825e-02 1.092781e-03
1032 7.060466e-02 1.091685e-03
1033 7.055111e-02 1.090591e-03
1034 7.049761e-02 1.089500e-03
1035 7.044415e-02 1.088410e-03
1036 7.039074e-02 1.087322e-03
1037 7.033738e-02 1.086236e-03
1038 7.028407e-02 1.085153e-03
1039 7.023080e-02 1.084071e-03
1040 7.017757e-02 1.082992e-03
1041 7.012440e-02 1.081914e-03
1042 7.007127e-02 1.080839e-03
1043 7.001818e-02 1.079765e-03
1044 6.996515e-02 1.078694e-03
1045 6.991216e-02 1.077625e-03
1046 6.985921e-02 1.076557e-03
1047 6.980631e-02 1.075492e-03
1048 6.975346e-02 1.074428e-03
1049 6.970065e-02 1.073367e-03
1050 6.964789e-02 1.072308e-03
1051 6.959517e-02 1.071250e-03
1052 6.954250e-02 1.070195e-03
1053 6.948987e-02 1.069141e-03
1054 6.943729e-02 1.068089e-03
1055 6.938476e-02 1.067040e-03
1056 6.933227e-02 1.065992e-03
1057 6.927983e-02 1.064946e-03
1058 6.922743e-02 1.063902e-03
1059 6.917507e-02 1.062860e-03
1060 6.912276e-02 1.061820e-03
1061 6.907050e-02 1.060782e-03
1062 6.901828e-02 1.059746e-03
1063 6.896611e-02 1.058712e-03
1064 6.891398e-02 1.057679e-03
1065 6.886190e-02 1.056649e-03
1066 6.880986e-02 1.055620e-03
1067 6.875786e-02 1.054593e-03
1068 6.870591e-02 1.053568e-03
1069 6.865401e-02 1.052545e-03
1070 6.860214e-02 1.051524e-03
1071 6.855033e-02 1.050504e-03
1072 6.849855e-02 1.049487e-03
1073 6.844683e-02 1.048471e-03
1074 6.839514e-02 1.047457e-03
1075 6.834350e-02 1.046445e-03
1076 6.829191e-02 1.045435e-03
1077 6.824035e-02 1.044426e-03
1078 6.818885e-02 1.043420e-03
1079 6.813738e-02 1.042415e-03
1080 6.808596e-02 1.041412e-03
1081 6.803459e-02 1.040410e-03
1082 6.798325e-02 1.039411e-03
1083 6.793196e-02 1.038413e-03
1084 6.788072e-02 1.037417e-03
1085 6.782952e-02 1.036423e-03
1086 6.777836e-02 1.035430e-03
1087 6.772724e-02 1.034440e-03
1088 6.767617e-02 1.033451e-03
1089 6.762514e-02 1.032463e-03
1090 6.757416e-02 1.031478e-03
1091 6.752322e-02 1.030494e-03
1092 6.747232e-02 1.029512e-03
1093 6.742146e-02 1.028532e-03
1094 6.737065e-02 1.027553e-03
1095 6.731988e-02 1.026576e-03
1096 6.726915e-02 1.025601e-03
1097 6.721847e-02 1.024628e-03
1098 6.716783e-02 1.023656e-03
1099 6.711723e-02 1.022686e-03
1100 6.706667e-02 1.021717e-03
1101 6.701616e-02 1.020750e-03
1102 6.696569e-02 1.019785e-03
1103 6.691526e-02 1.018822e-03
1104 6.686488e-02 1.017860e-03
1105 6.681453e-02 1.016900e-03
1106 6.676423e-02 1.015941e-03
1107 6.671397e-02 1.014984e-03
1108 6.666376e-02 1.014029e-03
1109 6.661358e-02 1.013076e-03
1110 6.656345e-02 1.012124e-03
1111 6.651336e-02 1.011173e-03
1112 6.646331e-02 1.010224e-03
1113 6.641331e-02 1.009277e-03
1114 6.636334e-02 1.008332e-03
1115 6.631342e-02 1.007388e-03
1116 6.626354e-02 1.006446e-03
1117 6.621370e-02 1.005505e-03
1118 6.616390e-02 1.004566e-03
1119 6.611415e-02 1.003628e-03
1120 6.606443e-02 1.002692e-03
1121 6.601476e-02 1.001758e-03
1122 6.596513e-02 1.000825e-03
1123 6.591554e-02 9.998934e-04
1124 6.586599e-02 9.989637e-04
1125 6.581649e-02 9.980355e-04
1126 6.576702e-02 9.971088e-04
1127 6.571760e-02 9.961837e-04
1128 6.566821e-02 9.952601e-04
1129 6.561887e-02 9.943381e-04
1130 6.556957e-02 9.934175e-04
1131 6.552031e-02 9.924985e-04
1132 6.547109e-02 9.915810e-04
1133 6.542191e-02 9.906650e-04
1134 6.537277e-02 9.897506e-04
1135 6.532368e-02 9.888376e-04
1136 6.527462e-02 9.879261e-04
1137 6.522561e-02 9.870161e-04
1138 6.517663e-02 9.861077e-04
1139 6.512770e-02 9.852006e-04
1140 6.507880e-02 9.842951e-04
1141 6.502995e-02 9.833911e-04
1142 6.498114e-02 9.824885e-04
1143 6.493237e-02 9.815873e-04
1144 6.488364e-02 9.806877e-04
1145 6.483494e-02 9.797895e-04
1146 6.478629e-02 9.788927e-04
1147 6.473768e-02 9.779974e-04
1148 6.468911e-02 9.771035e-04
1149 6.464058e-02 9.762111e-04
1150 6.459209e-02 9.753201e-04
1151 6.454364e-02 9.744305e-04
1152 6.449523e-02 9.735424e-04
1153 6.444685e-02 9.726557e-04
1154 6.439852e-02 9.717704e-04
1155 6.435023e-02 9.708865e-04
1156 6.430198e-02 9.700040e-04
1157 6.425377e-02 9.691229e-04
1158 6.420560e-02 9.682432e-04
1159 6.415746e-02 9.673649e-04
1160 6.410937e-02 9.664880e-04
1161 6.406132e-02 9.656125e-04
1162 6.401330e-02 9.647384e-04
1163 6.396533e-02 9.638656e-04
1164 6.391739e-02 9.629942e-04
1165 6.386949e-02 9.621242e-04
1166 6.382164e-02 9.612555e-04
1167 6.377382e-02 9.603882e-04
1168 6.372604e-02 9.595223e-04
1169 6.367830e-02 9.586577e-04
1170 6.363060e-02 9.577945e-04
1171 6.358294e-02 9.569326e-04
1172 6.353532e-02 9.560720e-04
1173 6.348773e-02 9.552128e-04
1174 6.344019e-02 9.543549e-04
1175 6.339268e-02 9.534984e-04
1176 6.334521e-02 9.526431e-04
1177 6.329778e-02 9.517892e-04
1178 6.325040e-02 9.509366e-04
1179 6.320304e-02 9.500853e-04
1180 6.315573e-02 9.492353e-04
1181 6.310846e-02 9.483866e-04
1182 6.306122e-02 9.475393e-04
1183 6.301402e-02 9.466932e-04
1184 6.296687e-02 9.458484e-04
1185 6.291975e-02 9.450049e-04
1186 6.287266e-02 9.441626e-04
1187 6.282562e-02 9.433217e-04
1188 6.277862e-02 9.424820e-04
1189 6.273165e-02 9.416436e-04
1190 6.268472e-02 9.408065e-04
1191 6.263783e-02 9.399707e-04
1192 6.259098e-02 9.391361e-04
1193 6.254416e-02 9.383027e-04
1194 6.249738e-02 9.374706e-04
1195 6.245064e-02 9.366398e-04
1196 6.240394e-02 9.358102e-04
1197 6.235728e-02 9.349819e-04
1198 6.231065e-02 9.341548e-04
1199 6.226407e-02 9.333289e-04
1200 6.221752e-02 9.325042e-04
1201 6.217100e-02 9.316808e-04
1202 6.212453e-02 9.308586e-04
1203 6.207809e-02 9.300377e-04
1204 6.203169e-02 9.292179e-04
1205 6.198533e-02 9.283994e-04
1206 6.193901e-02 9.275820e-04
1207 6.189272e-02 9.267659e-04
1208 6.184647e-02 9.259510e-04
1209 6.180026e-02 9.251373e-04
1210 6.175408e-02 9.243247e-04
1211 6.170794e-02 9.235134e-04
1212 6.166184e-02 9.227033e-04
1213 6.161578e-02 9.218943e-04
1214 6.156975e-02 9.210865e-04
1215 6.152376e-02 9.202799e-04
1216 6.147781e-02 9.194745e-04
1217 6.143189e-02 9.186703e-04
1218 6.138602e-02 9.178672e-04
1219 6.134017e-02 9.170652e-04
1220 6.129437e-02 9.162645e-04
1221 6.124860e-02 9.154649e-04
1222 6.120287e-02 9.146664e-04
1223 6.115717e-02 9.138691e-04
1224 6.111152e-02 9.130730e-04
1225 6.106590e-02 9.122780e-04
1226 6.102031e-02 9.114841e-04
1227 6.097476e-02 9.106914e-04
1228 6.092925e-02 9.098998e-04
1229 6.088378e-02 9.091093e-04
1230 6.083834e-02 9.083200e-04
1231 6.079294e-02 9.075318e-04
1232 6.074757e-02 9.067447e-04
1233 6.070224e-02 9.059587e-04
1234 6.065695e-02 9.051739e-04
1235 6.061169e-02 9.043901e-04
1236 6.056647e-02 9.036075e-04
1237 6.052128e-02 9.028260e-04
1238 6.047614e-02 9.020456e-04
1239 6.043102e-02 9.012662e-04
1240 6.038595e-02 9.004880e-04
1241 6.034091e-02 8.997109e-04
1242 6.029590e-02 8.989348e-04
1243 6.025093e-02 8.981599e-04
1244 6.020600e-02 8.973860e-04
1245 6.016110e-02 8.966132e-04
1246 6.011624e-02 8.958415e-04
1247 6.007142e-02 8.950708e-04
1248 6.002663e-02 8.943013e-04
1249 5.998187e-02 8.935328e-04
1250 5.993716e-02 8.927653e-04
1251 5.989247e-02 8.919990e-04
1252 5.984783e-02 8.912336e-04
1253 5.980321e-02 8.904694e-04
1254 5.975864e-02 8.897062e-04
1255 5.971410e-02 8.889440e-04
1256 5.966959e-02 8.881829e-04
1257 5.962512e-02 8.874229e-04
1258 5.958069e-02 8.866638e-04
1259 5.953629e-02 8.859058e-04
1260 5.949193e-02 8.851489e-04
1261 5.944760e-02 8.843930e-04
1262 5.940330e-02 8.836381e-04
1263 5.935904e-02 8.828843e-04
1264 5.931482e-02 8.821314e-04
1265 5.927063e-02 8.813796e-04
1266 5.922648e-02 8.806288e-04
1267 5.918236e-02 8.798790e-04
1268 5.913828e-02 8.791303e-04
1269 5.909423e-02 8.783825e-04
1270 5.905022e-02 8.776358e-04
1271 5.900624e-02 8.768901e-04
1272 5.896230e-02 8.761453e-04
1273 5.891839e-02 8.754016e-04
1274 5.887451e-02 8.746588e-04
1275 5.883067e-02 8.739171e-04
1276 5.878687e-02 8.731763e-04
1277 5.874310e-02 8.724366e-04
1278 5.869936e-02 8.716978e-04
1279 5.865566e-02 8.709600e-04
1280 5.861199e-02 8.702232e-04
1281 5.856836e-02 8.694873e-04
1282 5.852477e-02 8.687525e-04
1283 5.848120e-02 8.680186e-04
1284 5.843767e-02 8.672857e-04
1285 5.839418e-02 8.665537e-04
1286 5.835072e-02 8.658227e-04
1287 5.830729e-02 8.650927e-04
1288 5.826390e-02 8.643636e-04
1289 5.822054e-02 8.636355e-04
1290 5.817722e-02 8.629083e-04
1291 5.813393e-02 8.621821e-04
1292 5.809068e-02 8.614569e-04
1293 5.804746e-02 8.607326e-04
1294 5.800427e-02 8.600092e-04
1295 5.796112e-02 8.592868e-04
1296 5.791800e-02 8.585653e-04
1297 5.787491e-02 8.578447e-04
1298 5.783186e-02 8.571251e-04
1299 5.778884e-02 8.564064e-04
1300 5.774586e-02 8.556886e-04
1301 5.770291e-02 8.549718e-04
1302 5.765999e-02 8.542559e-04
1303 5.761711e-02 8.535409e-04
1304 5.757426e-02 8.528269e-04
1305 5.753145e-02 8.521137e-04
1306 5.748867e-02 8.514015e-04
1307 5.744592e-02 8.506901e-04
1308 5.740320e-02 8.499797e-04
1309 5.736052e-02 8.492702e-04
1310 5.731787e-02 8.485616e-04
1311 5.727526e-02 8.478539e-04
1312 5.723268e-02 8.471471e-04
1313 5.719013e-02 8.464412e-04
1314 5.714762e-02 8.457362e-04
1315 5.710514e-02 8.450321e-04
1316 5.706269e-02 8.443288e-04
1317 5.702028e-02 8.436265e-04
1318 5.697790e-02 8.429251e-04
1319 5.693555e-02 8.422245e-04
1320 5.689323e-02 8.415248e-04
1321 5.685095e-02 8.408260e-04
1322 5.680870e-02 8.401281e-04
1323 5.676649e-02 8.394310e-04
1324 5.672430e-02 8.387348e-04
1325 5.668216e-02 8.380395e-04
1326 5.664004e-02 8.373450e-04
1327 5.659795e-02 8.366515e-04
1328 5.655590e-02 8.359587e-04
1329 5.651389e-02 8.352669e-04
1330 5.647190e-02 8.345759e-04
1331 5.642995e-02 8.338857e-04
1332 5.638803e-02 8.331964e-04
1333 5.634614e-02 8.325080e-04
1334 5.630429e-02 8.318204e-04
1335 5.626246e-02 8.311337e-04
1336 5.622068e-02 8.304478e-04
1337 5.617892e-02 8.297627e-04
1338 5.613719e-02 8.290785e-04
1339 5.609550e-02 8.283952e-04
1340 5.605384e-02 8.277126e-04
1341 5.601222e-02 8.270309e-04
1342 5.597062e-02 8.263501e-04
1343 5.592906e-02 8.256700e-04
1344 5.588753e-02 8.249908e-04
1345 5.584603e-02 8.243124e-04
1346 5.580457e-02 8.236349e-04
1347 5.576314e-02 8.229582e-04
1348 5.572174e-02 8.222822e-04
1349 5.568037e-02 8.216071e-04
1350 5.563903e-02 8.209329e-04
1351 5.559773e-02 8.202594e-04
1352 5.555645e-02 8.195868e-04
1353 5.551521e-02 8.189149e-04
1354 5.547401e-02 8.182439e-04
1355 5.543283e-02 8.175737e-04
1356 5.539169e-02 8.169042e-04
1357 5.535057e-02 8.162356e-04
1358 5.530949e-02 8.155678e-04
1359 5.526845e-02 8.149008e-04
1360 5.522743e-02 8.142346e-04
1361 5.518644e-02 8.135691e-04
1362 5.514549e-02 8.129045e-04
1363 5.510457e-02 8.122406e-04
1364 5.506368e-02 8.115776e-04
1365 5.502282e-02 8.109153e-04
1366 5.498200e-02 8.102538e-04
1367 5.494120e-02 8.095931e-04
1368 5.490044e-02 8.089332e-04
1369 5.485971e-02 8.082740e-04
1370 5.481901e-02 8.076157e-04
1371 5.477834e-02 8.069581e-04
1372 5.473770e-02 8.063013e-04
1373 5.469710e-02 8.056452e-04
1374 5.465652e-02 8.049899e-04
1375 5.461598e-02 8.043354e-04
1376 5.457547e-02 8.036817e-04
1377 5.453499e-02 8.030287e-04
1378 5.449454e-02 8.023765e-04
1379 5.445412e-02 8.017250e-04
1380 5.441374e-02 8.010743e-04
1381 5.437338e-02 8.004244e-04
1382 5.433306e-02 7.997752e-04
1383 5.429276e-02 7.991267e-04
1384 5.425250e-02 7.984790e-04
1385 5.421227e-02 7.978321e-04
1386 5.417207e-02 7.971859e-04
1387 5.413190e-02 7.965405e-04
1388 5.409177e-02 7.958958e-04
1389 5.405166e-02 7.952518e-04
1390 5.401158e-02 7.946086e-04
1391 5.397154e-02 7.939661e-04
1392 5.393153e-02 7.933244e-04
1393 5.389154e-02 7.926834e-04
1394 5.385159e-02 7.920431e-04
1395 5.381167e-02 7.914036e-04
1396 5.377178e-02 7.907647e-04
1397 5.373192e-02 7.901267e-04
1398 5.369209e-02 7.894893e-04
1399 5.365229e-02 7.888527e-04
1400 5.361252e-02 7.882168e-04
1401 5.357279e-02 7.875816e-04
1402 5.353308e-02 7.869471e-04
1403 5.349340e-02 7.863134e-04
1404 5.345376e-02 7.856803e-04
1405 5.341414e-02 7.850480e-04
1406 5.337456e-02 7.844164e-04
1407 5.333500e-02 7.837855e-04
1408 5.329548e-02 7.831554e-04
1409 5.325598e-02 7.825259e-04
1410 5.321652e-02 7.818971e-04
1411 5.317709e-02 7.812691e-04
1412 5.313769e-02 7.806417e-04
1413 5.309831e-02 7.800151e-04
1414 5.305897e-02 7.793891e-04
1415 5.301966e-02 7.787638e-04
1416 5.298038e-02 7.781393e-04
1417 5.294113e-02 7.775154e-04
1418 5.290191e-02 7.768923e-04
1419 5.286271e-02 7.762698e-04
1420 5.282355e-02 7.756480e-04
1421 5.278442e-02 7.750269e-04
1422 5.274532e-02 7.744065e-04
1423 5.270625e-02 7.737868e-04
1424 5.266721e-02 7.731677e-04
1425 5.262820e-02 7.725494e-04
1426 5.258922e-02 7.719317e-04
1427 5.255026e-02 7.713147e-04
1428 5.251134e-02 7.706984e-04
1429 5.247245e-02 7.700828e-04
1430 5.243359e-02 7.694678e-04
1431 5.239476e-02 7.688535e-04
1432 5.235595e-02 7.682399e-04
1433 5.231718e-02 7.676270e-04
1434 5.227844e-02 7.670147e-04
1435 5.223973e-02 7.664031e-04
1436 5.220104e-02 7.657921e-04
1437 5.216239e-02 7.651819e-04
1438 5.212376e-02 7.645722e-04
1439 5.208517e-02 7.639633e-04
1440 5.204660e-02 7.633550e-04
1441 5.200807e-02 7.627474e-04
1442 5.196956e-02 7.621404e-04
1443 5.193108e-02 7.615341e-04
1444 5.189263e-02 7.609284e-04
1445 5.185422e-02 7.603234e-04
1446 5.181583e-02 7.597191e-04
1447 5.177747e-02 7.591154e-04
1448 5.173914e-02 7.585123e-04
1449 5.170084e-02 7.579099e-04
1450 5.166256e-02 7.573081e-04
1451 5.162432e-02 7.567070e-04
1452 5.158611e-02 7.561065e-04
1453 5.154792e-02 7.555067e-04
1454 5.150977e-02 7.549075e-04
1455 5.147164e-02 7.543090e-04
1456 5.143355e-02 7.537111e-04
1457 5.139548e-02 7.531138e-04
1458 5.135744e-02 7.525171e-04
1459 5.131943e-02 7.519211e-04
1460 5.128145e-02 7.513258e-04
1461 5.124350e-02 7.507310e-04
1462 5.120558e-02 7.501369e-04
1463 5.116768e-02 7.495434e-04
1464 5.112982e-02 7.489506e-04
1465 5.109198e-02 7.483583e-04
1466 5.105417e-02 7.477667e-04
1467 5.101640e-02 7.471757e-04
1468 5.097865e-02 7.465854e-04
1469 5.094092e-02 7.459956e-04
1470 5.090323e-02 7.454065e-04
1471 5.086557e-02 7.448180e-04
1472 5.082793e-02 7.442301e-04
1473 5.079033e-02 7.436429e-04
1474 5.075275e-02 7.430562e-04
1475 5.071520e-02 7.424702e-04
1476 5.067768e-02 7.418847e-04
1477 5.064019e-02 7.412999e-04
1478 5.060273e-02 7.407157e-04
1479 5.056529e-02 7.401321e-04
1480 5.052789e-02 7.395491e-04
1481 5.049051e-02 7.389667e-04
1482 5.045316e-02 7.383849e-04
1483 5.041584e-02 7.378037e-04
1484 5.037854e-02 7.372231e-04
1485 5.034128e-02 7.366431e-04
1486 5.030404e-02 7.360638e-04
1487 5.026684e-02 7.354850e-04
1488 5.022966e-02 7.349068e-04
1489 5.019251e-02 7.343292e-04
1490 5.015538e-02 7.337522e-04
1491 5.011829e-02 7.331758e-04
1492 5.008122e-02 7.326000e-04
1493 5.004418e-02 7.320247e-04
1494 5.000717e-02 7.314501e-04
1495 4.997019e-02 7.308761e-04
1496 4.993324e-02 7.303026e-04
1497 4.989631e-02 7.297297e-04
1498 4.985941e-02 7.291574e-04
1499 4.982254e-02 7.285857e-04
1500 4.978570e-02 7.280146e-04
1501 4.974889e-02 7.274441e-04
1502 4.971210e-02 7.268741e-04
1503 4.967534e-02 7.263047e-04
1504 4.963861e-02 7.257359e-04
1505 4.960191e-02 7.251677e-04
1506 4.956524e-02 7.246000e-04
1507 4.952859e-02 7.240329e-04
1508 4.949197e-02 7.234664e-04
1509 4.945538e-02 7.229005e-04
1510 4.941882e-02 7.223351e-04
1511 4.938228e-02 7.217703e-04
1512 4.934577e-02 7.212061e-04
1513 4.930929e-02 7.206425e-04
1514 4.927284e-02 7.200794e-04
1515 4.923641e-02 7.195168e-04
1516 4.920002e-02 7.189549e-04
1517 4.916365e-02 7.183935e-04
1518 4.912730e-02 7.178326e-04
1519 4.909099e-02 7.172724e-04
1520 4.905470e-02 7.167126e-04
1521 4.901844e-02 7.161535e-04
1522 4.898221e-02 7.155949e-04
1523 4.894601e-02 7.150368e-04
1524 4.890983e-02 7.144794e-04
1525 4.887368e-02 7.139224e-04
1526 4.883755e-02 7.133660e-04
1527 4.880146e-02 7.128102e-04
1528 4.876539e-02 7.122549e-04
1529 4.872935e-02 7.117002e-04
1530 4.869334e-02 7.111460e-04
1531 4.865735e-02 7.105924e-04
1532 4.862139e-02 7.100393e-04
1533 4.858546e-02 7.094868e-04
1534 4.854955e-02 7.089348e-04
1535 4.851367e-02 7.083833e-04
1536 4.847782e-02 7.078324e-04
1537 4.844200e-02 7.072821e-04
1538 4.840620e-02 7.067323e-04
1539 4.837043e-02 7.061830e-04
1540 4.833469e-02 7.056342e-04
1541 4.829898e-02 7.050860e-04
1542 4.826329e-02 7.045384e-04
1543 4.822763e-02 7.039912e-04
1544 4.819199e-02 7.034446e-04
1545 4.815638e-02 7.028986e-04
1546 4.812080e-02 7.023530e-04
1547 4.808525e-02 7.018080e-04
1548 4.804972e-02 7.012636e-04
1549 4.801422e-02 7.007196e-04
1550 4.797875e-02 7.001762e-04
1551 4.794330e-02 6.996333e-04
1552 4.790788e-02 6.990910e-04
1553 4.787249e-02 6.985491e-04
1554 4.783712e-02 6.980078e-04
1555 4.780178e-02 6.974671e-04
1556 4.776647e-02 6.969268e-04
1557 4.773118e-02 6.963871e-04
1558 4.769592e-02 6.958478e-04
1559 4.766069e-02 6.953092e-04
1560 4.762548e-02 6.947710e-04
1561 4.759030e-02 6.942333e-04
1562 4.755515e-02 6.936962e-04
1563 4.752002e-02 6.931596e-04
1564 4.748492e-02 6.926234e-04
1565 4.744985e-02 6.920879e-04
1566 4.741480e-02 6.915528e-04
1567 4.737978e-02 6.910182e-04
1568 4.734478e-02 6.904842e-04
1569 4.730981e-02 6.899506e-04
1570 4.727487e-02 6.894176e-04
1571 4.723996e-02 6.888850e-04
1572 4.720507e-02 6.883530e-04
1573 4.717020e-02 6.878215e-04
1574 4.713537e-02 6.872905e-04
1575 4.710056e-02 6.867600e-04
1576 4.706577e-02 6.862300e-04
1577 4.703101e-02 6.857005e-04
1578 4.699628e-02 6.851715e-04
1579 4.696157e-02 6.846431e-04
1580 4.692689e-02 6.841151e-04
1581 4.689224e-02 6.835876e-04
1582 4.685761e-02 6.830606e-04
1583 4.682301e-02 6.825341e-04
1584 4.678843e-02 6.820081e-04
1585 4.675388e-02 6.814826e-04
1586 4.671936e-02 6.809576e-04
1587 4.668486e-02 6.804331e-04
1588 4.665039e-02 6.799091e-04
1589 4.661595e-02 6.793856e-04
1590 4.658153e-02 6.788626e-04
1591 4.654713e-02 6.783400e-04
1592 4.651276e-02 6.778180e-04
1593 4.647842e-02 6.772965e-04
1594 4.644410e-02 6.767754e-04
1595 4.640981e-02 6.762548e-04
1596 4.637555e-02 6.757347e-04
1597 4.634131e-02 6.752151e-04
1598 4.630709e-02 6.746960e-04
1599 4.627291e-02 6.741774e-04
1600 4.623875e-02 6.736592e-04
1601 4.620461e-02 6.731416e-04
1602 4.617050e-02 6.726244e-04
1603 4.613641e-02 6.721077e-04
1604 4.610235e-02 6.715915e-04
1605 4.606832e-02 6.710757e-04
1606 4.603431e-02 6.705605e-04
1607 4.600033e-02 6.700457e-04
1608 4.596637e-02 6.695314e-04
1609 4.593244e-02 6.690175e-04
1610 4.589853e-02 6.685042e-04
1611 4.586465e-02 6.679913e-04
1612 4.583080e-02 6.674789e-04
1613 4.579697e-02 6.669670e-04
1614 4.576316e-02 6.664555e-04
1615 4.572938e-02 6.659445e-04
1616 4.569563e-02 6.654340e-04
1617 4.566190e-02 6.649239e-04
1618 4.562820e-02 6.644144e-04
1619 4.559452e-02 6.639053e-04
1620 4.556086e-02 6.633966e-04
1621 4.552724e-02 6.628884e-04
1622 4.549363e-02 6.623807e-04
1623 4.546006e-02 6.618735e-04
1624 4.542651e-02 6.613667e-04
1625 4.539298e-02 6.608604e-04
1626 4.535948e-02 6.603546e-04
1627 4.532600e-02 6.598492e-04
1628 4.529255e-02 6.593442e-04
1629 4.525912e-02 6.588398e-04
1630 4.522572e-02 6.583358e-04
1631 4.519235e-02 6.578322e-04
1632 4.515899e-02 6.573291e-04
1633 4.512567e-02 6.568265e-04
1634 4.509237e-02 6.563243e-04
1635 4.505909e-02 6.558226e-04
1636 4.502584e-02 6.553214e-04
1637 4.499261e-02 6.548206e-04
1638 4.495941e-02 6.543202e-04
1639 4.492624e-02 6.538203e-04
1640 4.489308e-02 6.533209e-04
1641 4.485996e-02 6.528219e-04
1642 4.482685e-02 6.523233e-04
1643 4.479378e-02 6.518253e-04
1644 4.476072e-02 6.513276e-04
1645 4.472770e-02 6.508304e-04
1646 4.469469e-02 6.503337e-04
1647 4.466172e-02 6.498374e-04
1648 4.462876e-02 6.493415e-04
1649 4.459583e-02 6.488461e-04
1650 4.456293e-02 6.483512e-04
1651 4.453005e-02 6.478567e-04
1652 4.449719e-02 6.473626e-04
1653 4.446436e-02 6.468690e-04
1654 4.443156e-02 6.463758e-04
1655 4.439878e-02 6.458831e-04
1656 4.436602e-02 6.453908e-04
1657 4.433329e-02 6.448989e-04
1658 4.430058e-02 6.444075e-04
1659 4.426790e-02 6.439165e-04
1660 4.423524e-02 6.434260e-04
1661 4.420260e-02 6.429359e-04
1662 4.416999e-02 6.424463e-04
1663 4.413741e-02 6.419570e-04
1664 4.410485e-02 6.414682e-04
1665 4.407231e-02 6.409799e-04
1666 4.403980e-02 6.404920e-04
1667 4.400731e-02 6.400045e-04
1668 4.397484e-02 6.395174e-04
1669 4.394240e-02 6.390308e-04
1670 4.390999e-02 6.385446e-04
1671 4.387760e-02 6.380589e-04
1672 4.384523e-02 6.375736e-04
1673 4.381289e-02 6.370887e-04
1674 4.378057e-02 6.366042e-04
1675 4.374827e-02 6.361202e-04
1676 4.371600e-02 6.356366e-04
1677 4.368376e-02 6.351534e-04
1678 4.365154e-02 6.346706e-04
1679 4.361934e-02 6.341883e-04
1680 4.358716e-02 6.337064e-04
1681 4.355501e-02 6.332249e-04
1682 4.352289e-02 6.327439e-04
1683 4.349079e-02 6.322633e-04
1684 4.345871e-02 6.317831e-04
1685 4.342665e-02 6.313033e-04
1686 4.339462e-02 6.308239e-04
1687 4.336262e-02 6.303450e-04
1688 4.333064e-02 6.298665e-04
1689 4.329868e-02 6.293884e-04
1690 4.326674e-02 6.289107e-04
1691 4.323483e-02 6.284334e-04
1692 4.320295e-02 6.279566e-04
1693 4.317108e-02 6.274802e-04
1694 4.313924e-02 6.270042e-04
1695 4.310743e-02 6.265286e-04
1696 4.307564e-02 6.260534e-04
1697 4.304387e-02 6.255786e-04
1698 4.301213e-02 6.251043e-04
1699 4.298041e-02 6.246304e-04
1700 4.294871e-02 6.241569e-04
1701 4.291704e-02 6.236837e-04
1702 4.288539e-02 6.232111e-04
1703 4.285376e-02 6.227388e-04
1704 4.282216e-02 6.222669e-04
1705 4.279058e-02 6.217954e-04
1706 4.275902e-02 6.213244e-04
1707 4.272749e-02 6.208537e-04
1708 4.269598e-02 6.203835e-04
1709 4.266450e-02 6.199137e-04
1710 4.263304e-02 6.194443e-04
1711 4.260160e-02 6.189753e-04
1712 4.257019e-02 6.185066e-04
1713 4.253880e-02 6.180384e-04
1714 4.250743e-02 6.175706e-04
1715 4.247609e-02 6.171033e-04
1716 4.244476e-02 6.166363e-04
1717 4.241347e-02 6.161697e-04
1718 4.238219e-02 6.157035e-04
1719 4.235094e-02 6.152377e-04
1720 4.231972e-02 6.147723e-04
1721 4.228851e-02 6.143074e-04
1722 4.225733e-02 6.138428e-04
1723 4.222617e-02 6.133786e-04
1724 4.219504e-02 6.129148e-04
1725 4.216393e-02 6.124515e-04
1726 4.213284e-02 6.119885e-04
1727 4.210178e-02 6.115259e-04
1728 4.207073e-02 6.110637e-04
1729 4.203972e-02 6.106019e-04
1730 4.200872e-02 6.101405e-04
1731 4.197775e-02 6.096795e-04
1732 4.194680e-02 6.092189e-04
1733 4.191587e-02 6.087587e-04
1734 4.188497e-02 6.082989e-04
1735 4.185409e-02 6.078395e-04
1736 4.182323e-02 6.073804e-04
1737 4.179240e-02 6.069218e-04
1738 4.176159e-02 6.064636e-04
1739 4.173080e-02 6.060057e-04
1740 4.170004e-02 6.055482e-04
1741 4.166929e-02 6.050912e-04
1742 4.163858e-02 6.046345e-04
1743 4.160788e-02 6.041782e-04
1744 4.157721e-02 6.037223e-04
1745 4.154655e-02 6.032667e-04
1746 4.151593e-02 6.028116e-04
1747 4.148532e-02 6.023569e-04
1748 4.145474e-02 6.019025e-04
1749 4.142418e-02 6.014485e-04
1750 4.139364e-02 6.009949e-04
1751 4.136313e-02 6.005417e-04
1752 4.133264e-02 6.000889e-04
1753 4.130217e-02 5.996365e-04
1754 4.127172e-02 5.991844e-04
1755 4.124130e-02 5.987328e-04
1756 4.121090e-02 5.982815e-04
1757 4.118052e-02 5.978306e-04
1758 4.115017e-02 5.973800e-04
1759 4.111983e-02 5.969299e-04
1760 4.108952e-02 5.964801e-04
1761 4.105924e-02 5.960307e-04
1762 4.102897e-02 5.955817e-04
1763 4.099873e-02 5.951331e-04
1764 4.096851e-02 5.946849e-04
1765 4.093831e-02 5.942370e-04
1766 4.090814e-02 5.937895e-04
1767 4.087798e-02 5.933424e-04
1768 4.084785e-02 5.928956e-04
1769 4.081775e-02 5.924493e-04
1770 4.078766e-02 5.920033e-04
1771 4.075760e-02 5.915577e-04
1772 4.072756e-02 5.911124e-04
1773 4.069754e-02 5.906675e-04
1774 4.066754e-02 5.902230e-04
1775 4.063757e-02 5.897789e-04
1776 4.060762e-02 5.893352e-04
1777 4.057769e-02 5.888918e-04
1778 4.054778e-02 5.884488e-04
1779 4.051790e-02 5.880061e-04
1780 4.048803e-02 5.875639e-04
1781 4.045819e-02 5.871220e-04
1782 4.042838e-02 5.866804e-04
1783 4.039858e-02 5.862393e-04
1784 4.036881e-02 5.857985e-04
1785 4.033905e-02 5.853581e-04
1786 4.030932e-02 5.849180e-04
1787 4.027962e-02 5.844783e-04
1788 4.024993e-02 5.840390e-04
1789 4.022027e-02 5.836000e-04
1790 4.019063e-02 5.831614e-04
1791 4.016101e-02 5.827232e-04
1792 4.013141e-02 5.822854e-04
1793 4.010184e-02 5.818479e-04
1794 4.007228e-02 5.814107e-04
1795 4.004275e-02 5.809740e-04
1796 4.001324e-02 5.805375e-04
1797 3.998376e-02 5.801015e-04
1798 3.995429e-02 5.796658e-04
1799 3.992485e-02 5.792305e-04
1800 3.989543e-02 5.787955e-04
1801 3.986603e-02 5.783609e-04
1802 3.983665e-02 5.779267e-04
1803 3.980729e-02 5.774928e-04
1804 3.977796e-02 5.770593e-04
1805 3.974864e-02 5.766261e-04
1806 3.971935e-02 5.761933e-04
1807 3.969009e-02 5.757609e-04
1808 3.966084e-02 5.753288e-04
1809 3.963161e-02 5.748970e-04
1810 3.960241e-02 5.744657e-04
1811 3.957323e-02 5.740346e-04
1812 3.954407e-02 5.736040e-04
1813 3.951493e-02 5.731737e-04
1814 3.948581e-02 5.727437e-04
1815 3.945671e-02 5.723141e-04
1816 3.942764e-02 5.718849e-04
1817 3.939859e-02 5.714560e-04
1818 3.936956e-02 5.710274e-04
1819 3.934055e-02 5.705992e-04
1820 3.931156e-02 5.701714e-04
1821 3.928259e-02 5.697439e-04
1822 3.925365e-02 5.693168e-04
1823 3.922473e-02 5.688900e-04
1824 3.919583e-02 5.684636e-04
1825 3.916695e-02 5.680375e-04
1826 3.913809e-02 5.676117e-04
1827 3.910925e-02 5.671864e-04
1828 3.908043e-02 5.667613e-04
1829 3.905164e-02 5.663366e-04
1830 3.902287e-02 5.659123e-04
1831 3.899411e-02 5.654883e-04
1832 3.896538e-02 5.650647e-04
1833 3.893667e-02 5.646414e-04
1834 3.890799e-02 5.642184e-04
1835 3.887932e-02 5.637958e-04
1836 3.885067e-02 5.633735e-04
1837 3.882205e-02 5.629516e-04
1838 3.879345e-02 5.625300e-04
1839 3.876487e-02 5.621088e-04
1840 3.873631e-02 5.616879e-04
1841 3.870777e-02 5.612674e-04
1842 3.867925e-02 5.608472e-04
1843 3.865075e-02 5.604273e-04
1844 3.862228e-02 5.600078e-04
1845 3.859382e-02 5.595887e-04
1846 3.856539e-02 5.591698e-04
1847 3.853698e-02 5.587513e-04
1848 3.850858e-02 5.583332e-04
1849 3.848021e-02 5.579154e-04
1850 3.845186e-02 5.574979e-04
1851 3.842354e-02 5.570808e-04
1852 3.839523e-02 5.566640e-04
1853 3.836694e-02 5.562475e-04
1854 3.833868e-02 5.558314e-04
1855 3.831043e-02 5.554156e-04
1856 3.828221e-02 5.550002e-04
1857 3.825401e-02 5.545851e-04
1858 3.822583e-02 5.541703e-04
1859 3.819767e-02 5.537559e-04
1860 3.816953e-02 5.533418e-04
1861 3.814141e-02 5.529280e-04
1862 3.811331e-02 5.525146e-04
1863 3.808523e-02 5.521015e-04
1864 3.805718e-02 5.516888e-04
1865 3.802914e-02 5.512763e-04
1866 3.800113e-02 5.508643e-04
1867 3.797313e-02 5.504525e-04
1868 3.794516e-02 5.500411e-04
1869 3.791721e-02 5.496300e-04
1870 3.788927e-02 5.492192e-04
1871 3.786136e-02 5.488088e-04
1872 3.783347e-02 5.483987e-04
1873 3.780560e-02 5.479889e-04
1874 3.777775e-02 5.475795e-04
1875 3.774993e-02 5.471704e-04
1876 3.772212e-02 5.467616e-04
1877 3.769433e-02 5.463532e-04
1878 3.766656e-02 5.459450e-04
1879 3.763882e-02 5.455373e-04
1880 3.761109e-02 5.451298e-04
1881 3.758339e-02 5.447227e-04
1882 3.755570e-02 5.443158e-04
1883 3.752804e-02 5.439094e-04
1884 3.750040e-02 5.435032e-04
1885 3.747277e-02 5.430974e-04
1886 3.744517e-02 5.426919e-04
1887 3.741759e-02 5.422867e-04
1888 3.739003e-02 5.418819e-04
1889 3.736249e-02 5.414773e-04
1890 3.733497e-02 5.410731e-04
1891 3.730747e-02 5.406693e-04
1892 3.727999e-02 5.402657e-04
1893 3.725253e-02 5.398625e-04
1894 3.722509e-02 5.394596e-04
1895 3.719767e-02 5.390570e-04
1896 3.717027e-02 5.386547e-04
1897 3.714289e-02 5.382528e-04
1898 3.711553e-02 5.378512e-04
1899 3.708820e-02 5.374499e-04
1900 3.706088e-02 5.370489e-04
1901 3.703358e-02 5.366482e-04
1902 3.700630e-02 5.362479e-04
1903 3.697905e-02 5.358479e-04
1904 3.695181e-02 5.354482e-04
1905 3.692459e-02 5.350488e-04
1906 3.689740e-02 5.346497e-04
1907 3.687022e-02 5.342510e-04
1908 3.684307e-02 5.338526e-04
1909 3.681593e-02 5.334545e-04
1910 3.678881e-02 5.330567e-04
1911 3.676172e-02 5.326592e-04
1912 3.673464e-02 5.322620e-04
1913 3.670759e-02 5.318652e-04
1914 3.668055e-02 5.314687e-04
1915 3.665354e-02 5.310725e-04
1916 3.662654e-02 5.306766e-04
1917 3.659957e-02 5.302810e-04
1918 3.657261e-02 5.298857e-04
1919 3.654567e-02 5.294908e-04
1920 3.651876e-02 5.290962e-04
1921 3.649186e-02 5.287018e-04
1922 3.646499e-02 5.283078e-04
1923 3.643813e-02 5.279141e-04
1924 3.641129e-02 5.275208e-04
1925 3.638448e-02 5.271277e-04
1926 3.635768e-02 5.267349e-04
1927 3.633091e-02 5.263425e-04
1928 3.630415e-02 5.259503e-04
1929 3.627741e-02 5.255585e-04
1930 3.625069e-02 5.251670e-04
1931 3.622400e-02 5.247758e-04
1932 3.619732e-02 5.243849e-04
1933 3.617066e-02 5.239943e-04
1934 3.614402e-02 5.236041e-04
1935 3.611740e-02 5.232141e-04
1936 3.609081e-02 5.228244e-04
1937 3.606423e-02 5.224351e-04
1938 3.603767e-02 5.220460e-04
1939 3.601113e-02 5.216573e-04
1940 3.598461e-02 5.212689e-04
1941 3.595811e-02 5.208808e-04
1942 3.593163e-02 5.204929e-04
1943 3.590517e-02 5.201054e-04
1944 3.587872e-02 5.197182e-04
1945 3.585230e-02 5.193313e-04
1946 3.582590e-02 5.189448e-04
1947 3.579952e-02 5.185585e-04
1948 3.577315e-02 5.181725e-04
1949 3.574681e-02 5.177868e-04
1950 3.572048e-02 5.174014e-04
1951 3.569418e-02 5.170164e-04
1952 3.566789e-02 5.166316e-04
1953 3.564163e-02 5.162471e-04
1954 3.561538e-02 5.158630e-04
1955 3.558915e-02 5.154791e-04
1956 3.556295e-02 5.150956e-04
1957 3.553676e-02 5.147123e-04
1958 3.551059e-02 5.143294e-04
1959 3.548444e-02 5.139467e-04
1960 3.545831e-02 5.135644e-04
1961 3.543220e-02 5.131823e-04
1962 3.540610e-02 5.128006e-04
1963 3.538003e-02 5.124191e-04
1964 3.535398e-02 5.120380e-04
1965 3.532794e-02 5.116571e-04
1966 3.530193e-02 5.112766e-04
1967 3.527593e-02 5.108963e-04
1968 3.524996e-02 5.105164e-04
1969 3.522400e-02 5.101367e-04
1970 3.519806e-02 5.097574e-04
1971 3.517214e-02 5.093783e-04
1972 3.514625e-02 5.089995e-04
1973 3.512037e-02 5.086211e-04
1974 3.509450e-02 5.082429e-04
1975 3.506866e-02 5.078650e-04
1976 3.504284e-02 5.074875e-04
1977 3.501704e-02 5.071102e-04
1978 3.499125e-02 5.067332e-04
1979 3.496548e-02 5.063565e-04
1980 3.493974e-02 5.059801e-04
1981 3.491401e-02 5.056040e-04
1982 3.488830e-02 5.052282e-04
1983 3.486261e-02 5.048527e-04
1984 3.483694e-02 5.044775e-04
1985 3.481129e-02 5.041025e-04
1986 3.478566e-02 5.037279e-04
1987 3.476004e-02 5.033536e-04
1988 3.473445e-02 5.029795e-04
1989 3.470887e-02 5.026058e-04
1990 3.468332e-02 5.022323e-04
1991 3.465778e-02 5.018591e-04
1992 3.463226e-02 5.014862e-04
1993 3.460676e-02 5.011137e-04
1994 3.458128e-02 5.007414e-04
1995 3.455581e-02 5.003693e-04
1996 3.453037e-02 4.999976e-04
1997 3.450495e-02 4.996262e-04
1998 3.447954e-02 4.992551e-04
1999 3.445415e-02 4.988842e-04
2000 3.442878e-02 4.985136e-04
2001 3.440343e-02 4.981434e-04
2002 3.437810e-02 4.977734e-04
2003 3.435279e-02 4.974037e-04
2004 3.432750e-02 4.970343e-04
2005 3.430222e-02 4.966652e-04
2006 3.427697e-02 4.962963e-04
2007 3.425173e-02 4.959278e-04
2008 3.422651e-02 4.955595e-04
2009 3.420131e-02 4.951915e-04
2010 3.417613e-02 4.948239e-04
2011 3.415096e-02 4.944565e-04
2012 3.412582e-02 4.940893e-04
2013 3.410069e-02 4.937225e-04
2014 3.407558e-02 4.933560e-04
2015 3.405050e-02 4.929897e-04
2016 3.402543e-02 4.926237e-04
2017 3.400037e-02 4.922580e-04
2018 3.397534e-02 4.918926e-04
2019 3.395033e-02 4.915275e-04
2020 3.392533e-02 4.911627e-04
2021 3.390035e-02 4.907981e-04
2022 3.387539e-02 4.904338e-04
2023 3.385045e-02 4.900698e-04
2024 3.382553e-02 4.897061e-04
2025 3.380062e-02 4.893427e-04
2026 3.377574e-02 4.889795e-04
2027 3.375087e-02 4.886167e-04
2028 3.372602e-02 4.882541e-04
2029 3.370119e-02 4.878918e-04
2030 3.367638e-02 4.875297e-04
2031 3.365159e-02 4.871680e-04
2032 3.362681e-02 4.868065e-04
2033 3.360205e-02 4.864454e-04
2034 3.357731e-02 4.860844e-04
2035 3.355259e-02 4.857238e-04
2036 3.352789e-02 4.853635e-04
2037 3.350321e-02 4.850034e-04
2038 3.347854e-02 4.846436e-04
2039 3.345389e-02 4.842841e-04
2040 3.342926e-02 4.839249e-04
2041 3.340465e-02 4.835659e-04
2042 3.338006e-02 4.832072e-04
2043 3.335548e-02 4.828488e-04
2044 3.333093e-02 4.824907e-04
2045 3.330639e-02 4.821329e-04
2046 3.328187e-02 4.817753e-04
2047 3.325736e-02 4.814180e-04
2048 3.323288e-02 4.810610e-04
2049 3.320841e-02 4.807042e-04
2050 3.318397e-02 4.803478e-04
2051 3.315954e-02 4.799916e-04
2052 3.313512e-02 4.796356e-04
2053 3.311073e-02 4.792800e-04
2054 3.308635e-02 4.789246e-04
2055 3.306199e-02 4.785695e-04
2056 3.303765e-02 4.782147e-04
2057 3.301333e-02 4.778601e-04
2058 3.298903e-02 4.775059e-04
2059 3.296474e-02 4.771519e-04
2060 3.294047e-02 4.767981e-04
2061 3.291622e-02 4.764447e-04
2062 3.289199e-02 4.760915e-04
2063 3.286778e-02 4.757386e-04
2064 3.284358e-02 4.753859e-04
2065 3.281940e-02 4.750336e-04
2066 3.279524e-02 4.746815e-04
2067 3.277110e-02 4.743296e-04
2068 3.274697e-02 4.739781e-04
2069 3.272286e-02 4.736268e-04
2070 3.269877e-02 4.732758e-04
2071 3.267470e-02 4.729250e-04
2072 3.265065e-02 4.725745e-04
2073 3.262661e-02 4.722243e-04
2074 3.260259e-02 4.718744e-04
2075 3.257859e-02 4.715247e-04
2076 3.255461e-02 4.711753e-04
2077 3.253064e-02 4.708262e-04
2078 3.250670e-02 4.704773e-04
2079 3.248277e-02 4.701287e-04
2080 3.245885e-02 4.697804e-04
2081 3.243496e-02 4.694323e-04
2082 3.241108e-02 4.690845e-04
2083 3.238722e-02 4.687370e-04
2084 3.236338e-02 4.683897e-04
2085 3.233956e-02 4.680427e-04
2086 3.231575e-02 4.676960e-04
2087 3.229196e-02 4.673495e-04
2088 3.226819e-02 4.670033e-04
2089 3.224443e-02 4.666574e-04
2090 3.222070e-02 4.663117e-04
2091 3.219698e-02 4.659663e-04
2092 3.217328e-02 4.656211e-04
2093 3.214959e-02 4.652763e-04
2094 3.212593e-02 4.649317e-04
2095 3.210228e-02 4.645873e-04
2096 3.207865e-02 4.642432e-04
2097 3.205503e-02 4.638994e-04
2098 3.203143e-02 4.635558e-04
2099 3.200786e-02 4.632125e-04
2100 3.198429e-02 4.628695e-04
2101 3.196075e-02 4.625267e-04
2102 3.193722e-02 4.621842e-04
2103 3.191371e-02 4.618420e-04
2104 3.189022e-02 4.615000e-04
2105 3.186674e-02 4.611583e-04
2106 3.184329e-02 4.608168e-04
2107 3.181985e-02 4.604756e-04
2108 3.179642e-02 4.601347e-04
2109 3.177302e-02 4.597940e-04
2110 3.174963e-02 4.594536e-04
2111 3.172626e-02 4.591134e-04
2112 3.170290e-02 4.587735e-04
2113 3.167957e-02 4.584339e-04
2114 3.165625e-02 4.580945e-04
2115 3.163294e-02 4.577554e-04
2116 3.160966e-02 4.574165e-04
2117 3.158639e-02 4.570779e-04
2118 3.156314e-02 4.567396e-04
2119 3.153991e-02 4.564015e-04
2120 3.151669e-02 4.560637e-04
2121 3.149349e-02 4.557261e-04
2122 3.147031e-02 4.553888e-04
2123 3.144714e-02 4.550517e-04
2124 3.142400e-02 4.547149e-04
2125 3.140086e-02 4.543784e-04
2126 3.137775e-02 4.540421e-04
2127 3.135465e-02 4.537061e-04
2128 3.133157e-02 4.533703e-04
2129 3.130851e-02 4.530348e-04
2130 3.128546e-02 4.526995e-04
2131 3.126244e-02 4.523645e-04
2132 3.123942e-02 4.520297e-04
2133 3.121643e-02 4.516952e-04
2134 3.119345e-02 4.513610e-04
2135 3.117049e-02 4.510270e-04
2136 3.114755e-02 4.506933e-04
2137 3.112462e-02 4.503598e-04
2138 3.110171e-02 4.500266e-04
2139 3.107882e-02 4.496936e-04
2140 3.105594e-02 4.493609e-04
2141 3.103308e-02 4.490284e-04
2142 3.101024e-02 4.486962e-04
2143 3.098741e-02 4.483643e-04
2144 3.096460e-02 4.480325e-04
2145 3.094181e-02 4.477011e-04
2146 3.091904e-02 4.473699e-04
2147 3.089628e-02 4.470389e-04
2148 3.087354e-02 4.467082e-04
2149 3.085081e-02 4.463778e-04
2150 3.082810e-02 4.460476e-04
2151 3.080541e-02 4.457177e-04
2152 3.078274e-02 4.453880e-04
2153 3.076008e-02 4.450585e-04
2154 3.073744e-02 4.447293e-04
2155 3.071481e-02 4.444004e-04
2156 3.069220e-02 4.440717e-04
2157 3.066961e-02 4.437432e-04
2158 3.064704e-02 4.434150e-04
2159 3.062448e-02 4.430871e-04
2160 3.060194e-02 4.427594e-04
2161 3.057942e-02 4.424319e-04
2162 3.055691e-02 4.421047e-04
2163 3.053442e-02 4.417778e-04
2164 3.051194e-02 4.414511e-04
2165 3.048948e-02 4.411246e-04
2166 3.046704e-02 4.407984e-04
2167 3.044462e-02 4.404725e-04
2168 3.042221e-02 4.401468e-04
2169 3.039982e-02 4.398213e-04
2170 3.037744e-02 4.394961e-04
2171 3.035508e-02 4.391711e-04
2172 3.033274e-02 4.388464e-04
2173 3.031041e-02 4.385219e-04
2174 3.028810e-02 4.381977e-04
2175 3.026581e-02 4.378737e-04
2176 3.024353e-02 4.375499e-04
2177 3.022127e-02 4.372264e-04
2178 3.019903e-02 4.369032e-04
2179 3.017680e-02 4.365802e-04
2180 3.015459e-02 4.362574e-04
2181 3.013240e-02 4.359349e-04
2182 3.011022e-02 4.356126e-04
2183 3.008806e-02 4.352906e-04
2184 3.006591e-02 4.349688e-04
2185 3.004378e-02 4.346472e-04
2186 3.002167e-02 4.343259e-04
2187 2.999957e-02 4.340049e-04
2188 2.997749e-02 4.336841e-04
2189 2.995543e-02 4.333635e-04
2190 2.993338e-02 4.330432e-04
2191 2.991135e-02 4.327231e-04
2192 2.988933e-02 4.324032e-04
2193 2.986733e-02 4.320836e-04
2194 2.984535e-02 4.317643e-04
2195 2.982339e-02 4.314451e-04
2196 2.980143e-02 4.311263e-04
2197 2.977950e-02 4.308076e-04
2198 2.975758e-02 4.304892e-04
2199 2.973568e-02 4.301711e-04
2200 2.971379e-02 4.298532e-04
2201 2.969193e-02 4.295355e-04
2202 2.967007e-02 4.292181e-04
2203 2.964823e-02 4.289009e-04
2204 2.962641e-02 4.285839e-04
2205 2.960461e-02 4.282672e-04
2206 2.958282e-02 4.279507e-04
2207 2.956105e-02 4.276345e-04
2208 2.953929e-02 4.273185e-04
2209 2.951755e-02 4.270027e-04
2210 2.949582e-02 4.266872e-04
2211 2.947411e-02 4.263719e-04
2212 2.945242e-02 4.260569e-04
2213 2.943074e-02 4.257420e-04
2214 2.940908e-02 4.254275e-04
2215 2.938744e-02 4.251131e-04
2216 2.936581e-02 4.247990e-04
2217 2.934420e-02 4.244852e-04
2218 2.932260e-02 4.241716e-04
2219 2.930102e-02 4.238582e-04
2220 2.927945e-02 4.235450e-04
2221 2.925790e-02 4.232321e-04
2222 2.923637e-02 4.229194e-04
2223 2.921485e-02 4.226070e-04
2224 2.919335e-02 4.222948e-04
2225 2.917187e-02 4.219828e-04
2226 2.915040e-02 4.216711e-04
2227 2.912894e-02 4.213596e-04
2228 2.910750e-02 4.210483e-04
2229 2.908608e-02 4.207373e-04
2230 2.906467e-02 4.204265e-04
2231 2.904328e-02 4.201159e-04
2232 2.902191e-02 4.198056e-04
2233 2.900055e-02 4.194955e-04
2234 2.897920e-02 4.191856e-04
2235 2.895788e-02 4.188760e-04
2236 2.893656e-02 4.185666e-04
2237 2.891527e-02 4.182574e-04
2238 2.889399e-02 4.179485e-04
2239 2.887272e-02 4.176398e-04
2240 2.885147e-02 4.173314e-04
2241 2.883024e-02 4.170231e-04
2242 2.880902e-02 4.167151e-04
2243 2.878782e-02 4.164074e-04
2244 2.876663e-02 4.160998e-04
2245 2.874546e-02 4.157925e-04
2246 2.872430e-02 4.154854e-04
2247 2.870316e-02 4.151786e-04
2248 2.868204e-02 4.148720e-04
2249 2.866093e-02 4.145656e-04
2250 2.863984e-02 4.142595e-04
2251 2.861876e-02 4.139535e-04
2252 2.859770e-02 4.136478e-04
2253 2.857665e-02 4.133424e-04
2254 2.855562e-02 4.130372e-04
2255 2.853460e-02 4.127322e-04
2256 2.851360e-02 4.124274e-04
2257 2.849262e-02 4.121228e-04
2258 2.847165e-02 4.118185e-04
2259 2.845069e-02 4.115144e-04
2260 2.842976e-02 4.112106e-04
2261 2.840883e-02 4.109070e-04
2262 2.838792e-02 4.106036e-04
2263 2.836703e-02 4.103004e-04
2264 2.834616e-02 4.099974e-04
2265 2.832529e-02 4.096947e-04
2266 2.830445e-02 4.093922e-04
2267 2.828362e-02 4.090900e-04
2268 2.826280e-02 4.087879e-04
2269 2.824200e-02 4.084861e-04
2270 2.822122e-02 4.081845e-04
2271 2.820045e-02 4.078832e-04
2272 2.817969e-02 4.075821e-04
2273 2.815896e-02 4.072812e-04
2274 2.813823e-02 4.069805e-04
2275 2.811752e-02 4.066800e-04
2276 2.809683e-02 4.063798e-04
2277 2.807615e-02 4.060798e-04
2278 2.805549e-02 4.057800e-04
2279 2.803484e-02 4.054805e-04
2280 2.801421e-02 4.051811e-04
2281 2.799360e-02 4.048820e-04
2282 2.797299e-02 4.045832e-04
2283 2.795241e-02 4.042845e-04
2284 2.793184e-02 4.039861e-04
2285 2.791128e-02 4.036879e-04
2286 2.789074e-02 4.033899e-04
2287 2.787021e-02 4.030921e-04
2288 2.784970e-02 4.027946e-04
2289 2.782921e-02 4.024973e-04
2290 2.780873e-02 4.022002e-04
2291 2.778826e-02 4.019033e-04
2292 2.776781e-02 4.016067e-04
2293 2.774738e-02 4.013103e-04
2294 2.772696e-02 4.010141e-04
2295 2.770655e-02 4.007181e-04
2296 2.768616e-02 4.004224e-04
2297 2.766579e-02 4.001268e-04
2298 2.764543e-02 3.998315e-04
2299 2.762508e-02 3.995364e-04
2300 2.760475e-02 3.992416e-04
2301 2.758444e-02 3.989469e-04
2302 2.756414e-02 3.986525e-04
2303 2.754385e-02 3.983583e-04
2304 2.752358e-02 3.980643e-04
2305 2.750333e-02 3.977705e-04
2306 2.748309e-02 3.974770e-04
2307 2.746286e-02 3.971836e-04
2308 2.744265e-02 3.968905e-04
2309 2.742245e-02 3.965977e-04
2310 2.740227e-02 3.963050e-04
2311 2.738211e-02 3.960125e-04
2312 2.736196e-02 3.957203e-04
2313 2.734182e-02 3.954283e-04
2314 2.732170e-02 3.951365e-04
2315 2.730159e-02 3.948449e-04
2316 2.728150e-02 3.945536e-04
2317 2.726143e-02 3.942624e-04
2318 2.724136e-02 3.939715e-04
2319 2.722132e-02 3.936808e-04
2320 2.720128e-02 3.933903e-04
2321 2.718127e-02 3.931001e-04
2322 2.716126e-02 3.928100e-04
2323 2.714127e-02 3.925202e-04
2324 2.712130e-02 3.922306e-04
2325 2.710134e-02 3.919412e-04
2326 2.708140e-02 3.916520e-04
2327 2.706147e-02 3.913630e-04
2328 2.704155e-02 3.910743e-04
2329 2.702165e-02 3.907857e-04
2330 2.700177e-02 3.904974e-04
2331 2.698190e-02 3.902093e-04
2332 2.696204e-02 3.899214e-04
2333 2.694220e-02 3.896337e-04
2334 2.692237e-02 3.893463e-04
2335 2.690256e-02 3.890590e-04
2336 2.688276e-02 3.887720e-04
2337 2.686298e-02 3.884852e-04
2338 2.684321e-02 3.881986e-04
2339 2.682346e-02 3.879122e-04
2340 2.680372e-02 3.876261e-04
2341 2.678399e-02 3.873401e-04
2342 2.676428e-02 3.870544e-04
2343 2.674459e-02 3.867688e-04
2344 2.672491e-02 3.864835e-04
2345 2.670524e-02 3.861984e-04
2346 2.668559e-02 3.859135e-04
2347 2.666595e-02 3.856288e-04
2348 2.664633e-02 3.853444e-04
2349 2.662672e-02 3.850601e-04
2350 2.660712e-02 3.847761e-04
2351 2.658754e-02 3.844923e-04
2352 2.656798e-02 3.842086e-04
2353 2.654843e-02 3.839252e-04
2354 2.652889e-02 3.836420e-04
2355 2.650937e-02 3.833591e-04
2356 2.648986e-02 3.830763e-04
2357 2.647037e-02 3.827937e-04
2358 2.645089e-02 3.825114e-04
2359 2.643142e-02 3.822292e-04
2360 2.641197e-02 3.819473e-04
2361 2.639254e-02 3.816656e-04
2362 2.637311e-02 3.813841e-04
2363 2.635371e-02 3.811028e-04
2364 2.633431e-02 3.808217e-04
2365 2.631493e-02 3.805408e-04
2366 2.629557e-02 3.802602e-04
2367 2.627622e-02 3.799797e-04
2368 2.625688e-02 3.796995e-04
2369 2.623756e-02 3.794194e-04
2370 2.621825e-02 3.791396e-04
2371 2.619896e-02 3.788600e-04
2372 2.617968e-02 3.785806e-04
2373 2.616042e-02 3.783014e-04
2374 2.614116e-02 3.780224e-04
2375 2.612193e-02 3.777436e-04
2376 2.610271e-02 3.774650e-04
2377 2.608350e-02 3.771866e-04
2378 2.606430e-02 3.769085e-04
2379 2.604512e-02 3.766305e-04
2380 2.602596e-02 3.763528e-04
2381 2.600680e-02 3.760752e-04
2382 2.598767e-02 3.757979e-04
2383 2.596854e-02 3.755208e-04
2384 2.594943e-02 3.752438e-04
2385 2.593034e-02 3.749671e-04
2386 2.591126e-02 3.746906e-04
2387 2.589219e-02 3.744143e-04
2388 2.587314e-02 3.741382e-04
2389 2.585410e-02 3.738623e-04
2390 2.583507e-02 3.735866e-04
2391 2.581606e-02 3.733112e-04
2392 2.579706e-02 3.730359e-04
2393 2.577808e-02 3.727608e-04
2394 2.575911e-02 3.724860e-04
2395 2.574016e-02 3.722113e-04
2396 2.572121e-02 3.719368e-04
2397 2.570229e-02 3.716626e-04
2398 2.568337e-02 3.713885e-04
2399 2.566447e-02 3.711147e-04
2400 2.564559e-02 3.708411e-04
2401 2.562672e-02 3.705676e-04
2402 2.560786e-02 3.702944e-04
2403 2.558902e-02 3.700214e-04
2404 2.557019e-02 3.697485e-04
2405 2.555137e-02 3.694759e-04
2406 2.553257e-02 3.692035e-04
2407 2.551378e-02 3.689313e-04
2408 2.549500e-02 3.686593e-04
2409 2.547624e-02 3.683875e-04
2410 2.545750e-02 3.681159e-04
2411 2.543876e-02 3.678445e-04
2412 2.542004e-02 3.675733e-04
2413 2.540134e-02 3.673023e-04
2414 2.538265e-02 3.670315e-04
2415 2.536397e-02 3.667609e-04
2416 2.534530e-02 3.664905e-04
2417 2.532665e-02 3.662203e-04
2418 2.530802e-02 3.659503e-04
2419 2.528939e-02 3.656805e-04
2420 2.527078e-02 3.654109e-04
2421 2.525219e-02 3.651415e-04
2422 2.523361e-02 3.648723e-04
2423 2.521504e-02 3.646033e-04
2424 2.519648e-02 3.643345e-04
2425 2.517794e-02 3.640659e-04
2426 2.515942e-02 3.637975e-04
2427 2.514090e-02 3.635294e-04
2428 2.512240e-02 3.632614e-04
2429 2.510392e-02 3.629936e-04
2430 2.508544e-02 3.627260e-04
2431 2.506698e-02 3.624586e-04
2432 2.504854e-02 3.621914e-04
2433 2.503011e-02 3.619244e-04
2434 2.501169e-02 3.616576e-04
2435 2.499328e-02 3.613910e-04
2436 2.497489e-02 3.611246e-04
2437 2.495651e-02 3.608584e-04
2438 2.493815e-02 3.605924e-04
2439 2.491980e-02 3.603266e-04
2440 2.490146e-02 3.600610e-04
2441 2.488314e-02 3.597956e-04
2442 2.486483e-02 3.595303e-04
2443 2.484653e-02 3.592653e-04
2444 2.482825e-02 3.590005e-04
2445 2.480998e-02 3.587359e-04
2446 2.479172e-02 3.584715e-04
2447 2.477348e-02 3.582072e-04
2448 2.475525e-02 3.579432e-04
2449 2.473704e-02 3.576794e-04
2450 2.471883e-02 3.574157e-04
2451 2.470064e-02 3.571523e-04
2452 2.468247e-02 3.568890e-04
2453 2.466431e-02 3.566260e-04
2454 2.464616e-02 3.563631e-04
2455 2.462802e-02 3.561004e-04
2456 2.460990e-02 3.558380e-04
2457 2.459179e-02 3.555757e-04
2458 2.457369e-02 3.553136e-04
2459 2.455561e-02 3.550517e-04
2460 2.453754e-02 3.547901e-04
2461 2.451949e-02 3.545286e-04
2462 2.450145e-02 3.542673e-04
2463 2.448342e-02 3.540062e-04
2464 2.446540e-02 3.537452e-04
2465 2.444740e-02 3.534845e-04
2466 2.442941e-02 3.532240e-04
2467 2.441143e-02 3.529637e-04
2468 2.439347e-02 3.527035e-04
2469 2.437552e-02 3.524436e-04
2470 2.435758e-02 3.521838e-04
2471 2.433966e-02 3.519243e-04
2472 2.432175e-02 3.516649e-04
2473 2.430386e-02 3.514057e-04
2474 2.428597e-02 3.511468e-04
2475 2.426810e-02 3.508880e-04
2476 2.425024e-02 3.506294e-04
2477 2.423240e-02 3.503710e-04
2478 2.421457e-02 3.501128e-04
2479 2.419675e-02 3.498547e-04
2480 2.417895e-02 3.495969e-04
2481 2.416116e-02 3.493393e-04
2482 2.414338e-02 3.490818e-04
2483 2.412561e-02 3.488246e-04
2484 2.410786e-02 3.485675e-04
2485 2.409012e-02 3.483106e-04
2486 2.407239e-02 3.480540e-04
2487 2.405468e-02 3.477975e-04
2488 2.403698e-02 3.475412e-04
2489 2.401929e-02 3.472851e-04
2490 2.400162e-02 3.470291e-04
2491 2.398396e-02 3.467734e-04
2492 2.396631e-02 3.465179e-04
2493 2.394868e-02 3.462625e-04
2494 2.393105e-02 3.460074e-04
2495 2.391345e-02 3.457524e-04
2496 2.389585e-02 3.454976e-04
2497 2.387827e-02 3.452430e-04
2498 2.386070e-02 3.449886e-04
2499 2.384314e-02 3.447344e-04
2500 2.382559e-02 3.444804e-04
2501 2.380806e-02 3.442265e-04
2502 2.379054e-02 3.439729e-04
2503 2.377304e-02 3.437194e-04
2504 2.375555e-02 3.434661e-04
2505 2.373807e-02 3.432130e-04
2506 2.372060e-02 3.429601e-04
2507 2.370315e-02 3.427074e-04
2508 2.368570e-02 3.424549e-04
2509 2.366828e-02 3.422026e-04
2510 2.365086e-02 3.419504e-04
2511 2.363346e-02 3.416985e-04
2512 2.361607e-02 3.414467e-04
2513 2.359869e-02 3.411951e-04
2514 2.358133e-02 3.409437e-04
2515 2.356398e-02 3.406925e-04
2516 2.354664e-02 3.404414e-04
2517 2.352931e-02 3.401906e-04
2518 2.351200e-02 3.399399e-04
2519 2.349470e-02 3.396895e-04
2520 2.347741e-02 3.394392e-04
2521 2.346013e-02 3.391891e-04
2522 2.344287e-02 3.389392e-04
2523 2.342562e-02 3.386894e-04
2524 2.340839e-02 3.384399e-04
2525 2.339116e-02 3.381905e-04
2526 2.337395e-02 3.379414e-04
2527 2.335675e-02 3.376924e-04
2528 2.333957e-02 3.374436e-04
2529 2.332239e-02 3.371949e-04
2530 2.330523e-02 3.369465e-04
2531 2.328808e-02 3.366983e-04
2532 2.327095e-02 3.364502e-04
2533 2.325383e-02 3.362023e-04
2534 2.323671e-02 3.359546e-04
2535 2.321962e-02 3.357071e-04
2536 2.320253e-02 3.354598e-04
2537 2.318546e-02 3.352126e-04
2538 2.316840e-02 3.349656e-04
2539 2.315135e-02 3.347189e-04
2540 2.313432e-02 3.344722e-04
2541 2.311729e-02 3.342258e-04
2542 2.310028e-02 3.339796e-04
2543 2.308329e-02 3.337335e-04
2544 2.306630e-02 3.334877e-04
2545 2.304933e-02 3.332420e-04
2546 2.303237e-02 3.329965e-04
2547 2.301542e-02 3.327512e-04
2548 2.299849e-02 3.325060e-04
2549 2.298157e-02 3.322610e-04
2550 2.296466e-02 3.320163e-04
2551 2.294776e-02 3.317717e-04
2552 2.293087e-02 3.315272e-04
2553 2.291400e-02 3.312830e-04
2554 2.289714e-02 3.310390e-04
2555 2.288029e-02 3.307951e-04
2556 2.286346e-02 3.305514e-04
2557 2.284664e-02 3.303079e-04
2558 2.282983e-02 3.300645e-04
2559 2.281303e-02 3.298214e-04
2560 2.279624e-02 3.295784e-04
2561 2.277947e-02 3.293356e-04
2562 2.276271e-02 3.290930e-04
2563 2.274596e-02 3.288506e-04
2564 2.272922e-02 3.286083e-04
2565 2.271250e-02 3.283662e-04
2566 2.269579e-02 3.281244e-04
2567 2.267909e-02 3.278826e-04
2568 2.266240e-02 3.276411e-04
2569 2.264572e-02 3.273997e-04
2570 2.262906e-02 3.271586e-04
2571 2.261241e-02 3.269176e-04
2572 2.259577e-02 3.266767e-04
2573 2.257915e-02 3.264361e-04
2574 2.256253e-02 3.261956e-04
2575 2.254593e-02 3.259553e-04
2576 2.252934e-02 3.257152e-04
2577 2.251277e-02 3.254753e-04
2578 2.249620e-02 3.252355e-04
2579 2.247965e-02 3.249960e-04
2580 2.246311e-02 3.247566e-04
2581 2.244658e-02 3.245173e-04
2582 2.243006e-02 3.242783e-04
2583 2.241356e-02 3.240394e-04
2584 2.239707e-02 3.238007e-04
2585 2.238059e-02 3.235622e-04
2586 2.236412e-02 3.233239e-04
2587 2.234767e-02 3.230857e-04
2588 2.233122e-02 3.228477e-04
2589 2.231479e-02 3.226099e-04
2590 2.229837e-02 3.223723e-04
2591 2.228197e-02 3.221348e-04
2592 2.226557e-02 3.218976e-04
2593 2.224919e-02 3.216605e-04
2594 2.223282e-02 3.214235e-04
2595 2.221646e-02 3.211868e-04
2596 2.220011e-02 3.209502e-04
2597 2.218378e-02 3.207138e-04
2598 2.216746e-02 3.204776e-04
2599 2.215115e-02 3.202415e-04
2600 2.213485e-02 3.200056e-04
2601 2.211856e-02 3.197699e-04
2602 2.210229e-02 3.195344e-04
2603 2.208602e-02 3.192990e-04
2604 2.206977e-02 3.190638e-04
2605 2.205354e-02 3.188288e-04
2606 2.203731e-02 3.185940e-04
2607 2.202109e-02 3.183593e-04
2608 2.200489e-02 3.181248e-04
2609 2.198870e-02 3.178905e-04
2610 2.197252e-02 3.176564e-04
2611 2.195635e-02 3.174224e-04
2612 2.194020e-02 3.171886e-04
2613 2.192406e-02 3.169550e-04
2614 2.190793e-02 3.167216e-04
2615 2.189181e-02 3.164883e-04
2616 2.187570e-02 3.162552e-04
2617 2.185960e-02 3.160223e-04
2618 2.184352e-02 3.157895e-04
2619 2.182745e-02 3.155569e-04
2620 2.181139e-02 3.153245e-04
2621 2.179534e-02 3.150922e-04
2622 2.177930e-02 3.148602e-04
2623 2.176328e-02 3.146283e-04
2624 2.174726e-02 3.143965e-04
2625 2.173126e-02 3.141650e-04
2626 2.171527e-02 3.139336e-04
2627 2.169930e-02 3.137024e-04
2628 2.168333e-02 3.134713e-04
2629 2.166738e-02 3.132405e-04
2630 2.165143e-02 3.130098e-04
2631 2.163550e-02 3.127792e-04
2632 2.161958e-02 3.125489e-04
2633 2.160368e-02 3.123187e-04
2634 2.158778e-02 3.120887e-04
2635 2.157190e-02 3.118588e-04
2636 2.155603e-02 3.116291e-04
2637 2.154017e-02 3.113996e-04
2638 2.152432e-02 3.111703e-04
2639 2.150848e-02 3.109411e-04
2640 2.149265e-02 3.107121e-04
2641 2.147684e-02 3.104833e-04
2642 2.146104e-02 3.102546e-04
2643 2.144525e-02 3.100261e-04
2644 2.142947e-02 3.097978e-04
2645 2.141370e-02 3.095697e-04
2646 2.139795e-02 3.093417e-04
2647 2.138220e-02 3.091138e-04
2648 2.136647e-02 3.088862e-04
2649 2.135075e-02 3.086587e-04
2650 2.133504e-02 3.084314e-04
2651 2.131934e-02 3.082043e-04
2652 2.130366e-02 3.079773e-04
2653 2.128798e-02 3.077505e-04
2654 2.127232e-02 3.075238e-04
2655 2.125667e-02 3.072974e-04
2656 2.124103e-02 3.070710e-04
2657 2.122540e-02 3.068449e-04
2658 2.120978e-02 3.066189e-04
2659 2.119418e-02 3.063931e-04
2660 2.117858e-02 3.061675e-04
2661 2.116300e-02 3.059420e-04
2662 2.114743e-02 3.057167e-04
2663 2.113187e-02 3.054916e-04
2664 2.111632e-02 3.052666e-04
2665 2.110078e-02 3.050418e-04
2666 2.108526e-02 3.048171e-04
2667 2.106975e-02 3.045927e-04
2668 2.105424e-02 3.043684e-04
2669 2.103875e-02 3.041442e-04
2670 2.102327e-02 3.039202e-04
2671 2.100780e-02 3.036964e-04
2672 2.099235e-02 3.034728e-04
2673 2.097690e-02 3.032493e-04
2674 2.096147e-02 3.030260e-04
2675 2.094605e-02 3.028028e-04
2676 2.093063e-02 3.025799e-04
2677 2.091523e-02 3.023570e-04
2678 2.089985e-02 3.021344e-04
2679 2.088447e-02 3.019119e-04
2680 2.086910e-02 3.016896e-04
2681 2.085375e-02 3.014674e-04
2682 2.083840e-02 3.012454e-04
2683 2.082307e-02 3.010236e-04
2684 2.080775e-02 3.008019e-04
2685 2.079244e-02 3.005804e-04
2686 2.077714e-02 3.003590e-04
2687 2.076186e-02 3.001379e-04
2688 2.074658e-02 2.999168e-04
2689 2.073132e-02 2.996960e-04
2690 2.071606e-02 2.994753e-04
2691 2.070082e-02 2.992548e-04
2692 2.068559e-02 2.990344e-04
2693 2.067037e-02 2.988142e-04
2694 2.065516e-02 2.985942e-04
2695 2.063997e-02 2.983743e-04
2696 2.062478e-02 2.981546e-04
2697 2.060960e-02 2.979350e-04
2698 2.059444e-02 2.977156e-04
2699 2.057929e-02 2.974964e-04
2700 2.056415e-02 2.972773e-04
2701 2.054902e-02 2.970584e-04
2702 2.053390e-02 2.968397e-04
2703 2.051879e-02 2.966211e-04
2704 2.050369e-02 2.964027e-04
2705 2.048861e-02 2.961844e-04
2706 2.047353e-02 2.959663e-04
2707 2.045847e-02 2.957484e-04
2708 2.044342e-02 2.955306e-04
2709 2.042838e-02 2.953130e-04
2710 2.041335e-02 2.950956e-04
2711 2.039833e-02 2.948783e-04
2712 2.038332e-02 2.946611e-04
2713 2.036832e-02 2.944442e-04
2714 2.035334e-02 2.942274e-04
2715 2.033836e-02 2.940107e-04
2716 2.032340e-02 2.937942e-04
2717 2.030844e-02 2.935779e-04
2718 2.029350e-02 2.933617e-04
2719 2.027857e-02 2.931457e-04
2720 2.026365e-02 2.929298e-04
2721 2.024874e-02 2.927142e-04
2722 2.023384e-02 2.924986e-04
2723 2.021896e-02 2.922832e-04
2724 2.020408e-02 2.920680e-04
2725 2.018921e-02 2.918530e-04
2726 2.017436e-02 2.916381e-04
2727 2.015952e-02 2.914233e-04
2728 2.014469e-02 2.912088e-04
2729 2.012986e-02 2.909943e-04
2730 2.011505e-02 2.907801e-04
2731 2.010025e-02 2.905660e-04
2732 2.008546e-02 2.903520e-04
2733 2.007069e-02 2.901382e-04
2734 2.005592e-02 2.899246e-04
2735 2.004116e-02 2.897111e-04
2736 2.002642e-02 2.894978e-04
2737 2.001168e-02 2.892846e-04
2738 1.999696e-02 2.890716e-04
2739 1.998225e-02 2.888588e-04
2740 1.996755e-02 2.886461e-04
2741 1.995286e-02 2.884336e-04
2742 1.993818e-02 2.882212e-04
2743 1.992351e-02 2.880090e-04
2744 1.990885e-02 2.877969e-04
2745 1.989420e-02 2.875850e-04
2746 1.987956e-02 2.873733e-04
2747 1.986494e-02 2.871617e-04
2748 1.985032e-02 2.869503e-04
2749 1.983572e-02 2.867390e-04
2750 1.982112e-02 2.865279e-04
2751 1.980654e-02 2.863169e-04
2752 1.979197e-02 2.861061e-04
2753 1.977740e-02 2.858954e-04
2754 1.976285e-02 2.856849e-04
2755 1.974831e-02 2.854746e-04
2756 1.973378e-02 2.852644e-04
2757 1.971926e-02 2.850544e-04
2758 1.970476e-02 2.848445e-04
2759 1.969026e-02 2.846347e-04
2760 1.967577e-02 2.844252e-04
2761 1.966130e-02 2.842158e-04
2762 1.964683e-02 2.840065e-04
2763 1.963237e-02 2.837974e-04
2764 1.961793e-02 2.835884e-04
2765 1.960350e-02 2.833796e-04
2766 1.958907e-02 2.831710e-04
2767 1.957466e-02 2.829625e-04
2768 1.956026e-02 2.827542e-04
2769 1.954587e-02 2.825460e-04
2770 1.953149e-02 2.823380e-04
2771 1.951712e-02 2.821301e-04
2772 1.950276e-02 2.819224e-04
2773 1.948841e-02 2.817148e-04
2774 1.947407e-02 2.815074e-04
2775 1.945974e-02 2.813001e-04
2776 1.944543e-02 2.810930e-04
2777 1.943112e-02 2.808861e-04
2778 1.941682e-02 2.806793e-04
2779 1.940254e-02 2.804726e-04
2780 1.938826e-02 2.802661e-04
2781 1.937400e-02 2.800598e-04
2782 1.935974e-02 2.798536e-04
2783 1.934550e-02 2.796475e-04
2784 1.933127e-02 2.794416e-04
2785 1.931704e-02 2.792359e-04
2786 1.930283e-02 2.790303e-04
2787 1.928863e-02 2.788249e-04
2788 1.927444e-02 2.786196e-04
2789 1.926026e-02 2.784145e-04
2790 1.924609e-02 2.782095e-04
2791 1.923193e-02 2.780047e-04
2792 1.921778e-02 2.778000e-04
2793 1.920364e-02 2.775955e-04
2794 1.918951e-02 2.773911e-04
2795 1.917539e-02 2.771869e-04
2796 1.916128e-02 2.769828e-04
2797 1.914719e-02 2.767789e-04
2798 1.913310e-02 2.765751e-04
2799 1.911902e-02 2.763715e-04
2800 1.910496e-02 2.761680e-04
2801 1.909090e-02 2.759647e-04
2802 1.907685e-02 2.757615e-04
2803 1.906282e-02 2.755585e-04
2804 1.904879e-02 2.753556e-04
2805 1.903478e-02 2.751529e-04
2806 1.902077e-02 2.749503e-04
2807 1.900678e-02 2.747479e-04
2808 1.899280e-02 2.745456e-04
2809 1.897882e-02 2.743435e-04
2810 1.896486e-02 2.741415e-04
2811 1.895091e-02 2.739397e-04
2812 1.893696e-02 2.737380e-04
2813 1.892303e-02 2.735365e-04
2814 1.890911e-02 2.733351e-04
2815 1.889520e-02 2.731339e-04
2816 1.888130e-02 2.729328e-04
2817 1.886740e-02 2.727319e-04
2818 1.885352e-02 2.725311e-04
2819 1.883965e-02 2.723304e-04
2820 1.882579e-02 2.721299e-04
2821 1.881194e-02 2.719296e-04
2822 1.879810e-02 2.717294e-04
2823 1.878427e-02 2.715294e-04
2824 1.877045e-02 2.713295e-04
2825 1.875664e-02 2.711297e-04
2826 1.874284e-02 2.709301e-04
2827 1.872905e-02 2.707306e-04
2828 1.871527e-02 2.705313e-04
2829 1.870150e-02 2.703322e-04
2830 1.868774e-02 2.701331e-04
2831 1.867399e-02 2.699343e-04
2832 1.866025e-02 2.697355e-04
2833 1.864653e-02 2.695370e-04
2834 1.863281e-02 2.693385e-04
2835 1.861910e-02 2.691403e-04
2836 1.860540e-02 2.689421e-04
2837 1.859171e-02 2.687441e-04
2838 1.857803e-02 2.685463e-04
2839 1.856436e-02 2.683486e-04
2840 1.855071e-02 2.681510e-04
2841 1.853706e-02 2.679536e-04
2842 1.852342e-02 2.677564e-04
2843 1.850979e-02 2.675592e-04
2844 1.849617e-02 2.673623e-04
2845 1.848257e-02 2.671654e-04
2846 1.846897e-02 2.669688e-04
2847 1.845538e-02 2.667722e-04
2848 1.844180e-02 2.665758e-04
2849 1.842823e-02 2.663796e-04
2850 1.841468e-02 2.661835e-04
2851 1.840113e-02 2.659875e-04
2852 1.838759e-02 2.657917e-04
2853 1.837406e-02 2.655960e-04
2854 1.836054e-02 2.654005e-04
2855 1.834704e-02 2.652051e-04
2856 1.833354e-02 2.650099e-04
2857 1.832005e-02 2.648148e-04
2858 1.830657e-02 2.646199e-04
2859 1.829310e-02 2.644250e-04
2860 1.827964e-02 2.642304e-04
2861 1.826620e-02 2.640359e-04
2862 1.825276e-02 2.638415e-04
2863 1.823933e-02 2.636473e-04
2864 1.822591e-02 2.634532e-04
2865 1.821250e-02 2.632592e-04
2866 1.819910e-02 2.630654e-04
2867 1.818571e-02 2.628718e-04
2868 1.817233e-02 2.626783e-04
2869 1.815896e-02 2.624849e-04
2870 1.814560e-02 2.622916e-04
2871 1.813225e-02 2.620986e-04
2872 1.811891e-02 2.619056e-04
2873 1.810558e-02 2.617128e-04
2874 1.809226e-02 2.615202e-04
2875 1.807895e-02 2.613276e-04
2876 1.806565e-02 2.611353e-04
2877 1.805236e-02 2.609430e-04
2878 1.803908e-02 2.607509e-04
2879 1.802581e-02 2.605590e-04
2880 1.801254e-02 2.603672e-04
2881 1.799929e-02 2.601755e-04
2882 1.798605e-02 2.599840e-04
2883 1.797282e-02 2.597926e-04
2884 1.795959e-02 2.596013e-04
2885 1.794638e-02 2.594102e-04
2886 1.793318e-02 2.592193e-04
2887 1.791998e-02 2.590284e-04
2888 1.790680e-02 2.588378e-04
2889 1.789363e-02 2.586472e-04
2890 1.788046e-02 2.584568e-04
2891 1.786731e-02 2.582666e-04
2892 1.785416e-02 2.580764e-04
2893 1.784103e-02 2.578864e-04
2894 1.782790e-02 2.576966e-04
2895 1.781478e-02 2.575069e-04
2896 1.780168e-02 2.573173e-04
2897 1.778858e-02 2.571279e-04
2898 1.777549e-02 2.569386e-04
2899 1.776242e-02 2.567495e-04
2900 1.774935e-02 2.565605e-04
2901 1.773629e-02 2.563716e-04
2902 1.772324e-02 2.561829e-04
2903 1.771020e-02 2.559943e-04
2904 1.769717e-02 2.558059e-04
2905 1.768415e-02 2.556176e-04
2906 1.767114e-02 2.554294e-04
2907 1.765814e-02 2.552414e-04
2908 1.764515e-02 2.550535e-04
2909 1.763217e-02 2.548657e-04
2910 1.761920e-02 2.546781e-04
2911 1.760623e-02 2.544906e-04
2912 1.759328e-02 2.543033e-04
2913 1.758034e-02 2.541161e-04
2914 1.756740e-02 2.539290e-04
2915 1.755448e-02 2.537421e-04
2916 1.754156e-02 2.535553e-04
2917 1.752866e-02 2.533687e-04
2918 1.751576e-02 2.531822e-04
2919 1.750288e-02 2.529958e-04
2920 1.749000e-02 2.528096e-04
2921 1.747713e-02 2.526235e-04
2922 1.746427e-02 2.524375e-04
2923 1.745143e-02 2.522517e-04
2924 1.743859e-02 2.520660e-04
2925 1.742576e-02 2.518804e-04
2926 1.741294e-02 2.516950e-04
2927 1.740013e-02 2.515098e-04
2928 1.738732e-02 2.513246e-04
2929 1.737453e-02 2.511396e-04
2930 1.736175e-02 2.509547e-04
2931 1.734898e-02 2.507700e-04
2932 1.733621e-02 2.505854e-04
2933 1.732346e-02 2.504010e-04
2934 1.731071e-02 2.502166e-04
2935 1.729798e-02 2.500324e-04
2936 1.728525e-02 2.498484e-04
2937 1.727254e-02 2.496645e-04
2938 1.725983e-02 2.494807e-04
2939 1.724713e-02 2.492970e-04
2940 1.723444e-02 2.491135e-04
2941 1.722176e-02 2.489302e-04
2942 1.720909e-02 2.487469e-04
2943 1.719643e-02 2.485638e-04
2944 1.718378e-02 2.483808e-04
2945 1.717114e-02 2.481980e-04
2946 1.715851e-02 2.480153e-04
2947 1.714588e-02 2.478327e-04
2948 1.713327e-02 2.476503e-04
2949 1.712066e-02 2.474680e-04
2950 1.710807e-02 2.472859e-04
2951 1.709548e-02 2.471038e-04
2952 1.708290e-02 2.469219e-04
2953 1.707034e-02 2.467402e-04
2954 1.705778e-02 2.465585e-04
2955 1.704523e-02 2.463771e-04
2956 1.703269e-02 2.461957e-04
2957 1.702016e-02 2.460145e-04
2958 1.700764e-02 2.458334e-04
2959 1.699512e-02 2.456524e-04
2960 1.698262e-02 2.454716e-04
2961 1.697013e-02 2.452909e-04
2962 1.695764e-02 2.451104e-04
2963 1.694517e-02 2.449299e-04
2964 1.693270e-02 2.447496e-04
2965 1.692024e-02 2.445695e-04
2966 1.690779e-02 2.443895e-04
2967 1.689536e-02 2.442096e-04
2968 1.688293e-02 2.440298e-04
2969 1.687051e-02 2.438502e-04
2970 1.685809e-02 2.436707e-04
2971 1.684569e-02 2.434913e-04
2972 1.683330e-02 2.433121e-04
2973 1.682091e-02 2.431330e-04
2974 1.680854e-02 2.429540e-04
2975 1.679617e-02 2.427752e-04
2976 1.678382e-02 2.425965e-04
2977 1.677147e-02 2.424179e-04
2978 1.675913e-02 2.422395e-04
2979 1.674680e-02 2.420611e-04
2980 1.673448e-02 2.418830e-04
2981 1.672217e-02 2.417049e-04
2982 1.670987e-02 2.415270e-04
2983 1.669757e-02 2.413492e-04
2984 1.668529e-02 2.411716e-04
2985 1.667301e-02 2.409940e-04
2986 1.666075e-02 2.408166e-04
2987 1.664849e-02 2.406394e-04
2988 1.663624e-02 2.404623e-04
2989 1.662400e-02 2.402853e-04
2990 1.661177e-02 2.401084e-04
2991 1.659955e-02 2.399316e-04
2992 1.658734e-02 2.397550e-04
2993 1.657514e-02 2.395786e-04
2994 1.656294e-02 2.394022e-04
2995 1.655076e-02 2.392260e-04
2996 1.653858e-02 2.390499e-04
2997 1.652641e-02 2.388739e-04
2998 1.651426e-02 2.386981e-04
2999 1.650211e-02 2.385224e-04
3000 1.648997e-02 2.383468e-04
3001 1.647784e-02 2.381714e-04
3002 1.646571e-02 2.379961e-04
3003 1.645360e-02 2.378209e-04
3004 1.644149e-02 2.376458e-04
3005 1.642940e-02 2.374709e-04
3006 1.641731e-02 2.372961e-04
3007 1.640523e-02 2.371215e-04
3008 1.639317e-02 2.369469e-04
3009 1.638110e-02 2.367725e-04
3010 1.636905e-02 2.365982e-04
3011 1.635701e-02 2.364241e-04
3012 1.634498e-02 2.362500e-04
3013 1.633295e-02 2.360762e-04
3014 1.632094e-02 2.359024e-04
3015 1.630893e-02 2.357287e-04
3016 1.629693e-02 2.355552e-04
3017 1.628494e-02 2.353818e-04
3018 1.627296e-02 2.352086e-04
3019 1.626099e-02 2.350355e-04
3020 1.624903e-02 2.348625e-04
3021 1.623707e-02 2.346896e-04
3022 1.622513e-02 2.345168e-04
3023 1.621319e-02 2.343442e-04
3024 1.620126e-02 2.341717e-04
3025 1.618935e-02 2.339994e-04
3026 1.617743e-02 2.338271e-04
3027 1.616553e-02 2.336550e-04
3028 1.615364e-02 2.334830e-04
3029 1.614176e-02 2.333112e-04
3030 1.612988e-02 2.331394e-04
3031 1.611802e-02 2.329678e-04
3032 1.610616e-02 2.327963e-04
3033 1.609431e-02 2.326250e-04
3034 1.608247e-02 2.324538e-04
3035 1.607064e-02 2.322827e-04
3036 1.605881e-02 2.321117e-04
3037 1.604700e-02 2.319408e-04
3038 1.603520e-02 2.317701e-04
3039 1.602340e-02 2.315995e-04
3040 1.601161e-02 2.314290e-04
3041 1.599983e-02 2.312587e-04
3042 1.598806e-02 2.310885e-04
3043 1.597630e-02 2.309184e-04
3044 1.596454e-02 2.307484e-04
3045 1.595280e-02 2.305786e-04
3046 1.594106e-02 2.304088e-04
3047 1.592934e-02 2.302393e-04
3048 1.591762e-02 2.300698e-04
3049 1.590591e-02 2.299004e-04
3050 1.589421e-02 2.297312e-04
3051 1.588251e-02 2.295621e-04
3052 1.587083e-02 2.293932e-04
3053 1.585915e-02 2.292243e-04
3054 1.584749e-02 2.290556e-04
3055 1.583583e-02 2.288870e-04
3056 1.582418e-02 2.287185e-04
3057 1.581254e-02 2.285502e-04
3058 1.580090e-02 2.283819e-04
3059 1.578928e-02 2.282138e-04
3060 1.577766e-02 2.280459e-04
3061 1.576606e-02 2.278780e-04
3062 1.575446e-02 2.277103e-04
3063 1.574287e-02 2.275427e-04
3064 1.573129e-02 2.273752e-04
3065 1.571971e-02 2.272078e-04
3066 1.570815e-02 2.270406e-04
3067 1.569659e-02 2.268735e-04
3068 1.568505e-02 2.267065e-04
3069 1.567351e-02 2.265396e-04
3070 1.566198e-02 2.263729e-04
3071 1.565045e-02 2.262063e-04
3072 1.563894e-02 2.260398e-04
3073 1.562743e-02 2.258734e-04
3074 1.561594e-02 2.257071e-04
3075 1.560445e-02 2.255410e-04
3076 1.559297e-02 2.253750e-04
3077 1.558150e-02 2.252091e-04
3078 1.557004e-02 2.250433e-04
3079 1.555858e-02 2.248777e-04
3080 1.554714e-02 2.247122e-04
3081 1.553570e-02 2.245468e-04
3082 1.552427e-02 2.243815e-04
3083 1.551285e-02 2.242163e-04
3084 1.550144e-02 2.240513e-04
3085 1.549003e-02 2.238864e-04
3086 1.547864e-02 2.237216e-04
3087 1.546725e-02 2.235569e-04
3088 1.545587e-02 2.233924e-04
3089 1.544450e-02 2.232280e-04
3090 1.543314e-02 2.230637e-04
3091 1.542179e-02 2.228995e-04
3092 1.541044e-02 2.227354e-04
3093 1.539910e-02 2.225715e-04
3094 1.538778e-02 2.224076e-04
3095 1.537645e-02 2.222439e-04
3096 1.536514e-02 2.220804e-04
3097 1.535384e-02 2.219169e-04
3098 1.534254e-02 2.217536e-04
3099 1.533126e-02 2.215903e-04
3100 1.531998e-02 2.214272e-04
3101 1.530871e-02 2.212643e-04
3102 1.529745e-02 2.211014e-04
3103 1.528619e-02 2.209387e-04
3104 1.527495e-02 2.207760e-04
3105 1.526371e-02 2.206135e-04
3106 1.525248e-02 2.204512e-04
3107 1.524126e-02 2.202889e-04
3108 1.523005e-02 2.201268e-04
3109 1.521884e-02 2.199647e-04
3110 1.520765e-02 2.198028e-04
3111 1.519646e-02 2.196411e-04
3112 1.518528e-02 2.194794e-04
3113 1.517411e-02 2.193178e-04
3114 1.516295e-02 2.191564e-04
3115 1.515179e-02 2.189951e-04
3116 1.514065e-02 2.188339e-04
3117 1.512951e-02 2.186729e-04
3118 1.511838e-02 2.185119e-04
3119 1.510726e-02 2.183511e-04
3120 1.509614e-02 2.181904e-04
3121 1.508504e-02 2.180298e-04
3122 1.507394e-02 2.178693e-04
3123 1.506285e-02 2.177089e-04
3124 1.505177e-02 2.175487e-04
3125 1.504070e-02 2.173886e-04
3126 1.502963e-02 2.172286e-04
3127 1.501857e-02 2.170687e-04
3128 1.500753e-02 2.169089e-04
3129 1.499649e-02 2.167492e-04
3130 1.498545e-02 2.165897e-04
3131 1.497443e-02 2.164303e-04
3132 1.496341e-02 2.162710e-04
3133 1.495241e-02 2.161118e-04
3134 1.494141e-02 2.159527e-04
3135 1.493041e-02 2.157938e-04
3136 1.491943e-02 2.156350e-04
3137 1.490845e-02 2.154762e-04
3138 1.489749e-02 2.153177e-04
3139 1.488653e-02 2.151592e-04
3140 1.487558e-02 2.150008e-04
3141 1.486463e-02 2.148426e-04
3142 1.485370e-02 2.146844e-04
3143 1.484277e-02 2.145264e-04
3144 1.483185e-02 2.143685e-04
3145 1.482094e-02 2.142107e-04
3146 1.481004e-02 2.140531e-04
3147 1.479914e-02 2.138955e-04
3148 1.478826e-02 2.137381e-04
3149 1.477738e-02 2.135808e-04
3150 1.476651e-02 2.134236e-04
3151 1.475564e-02 2.132665e-04
3152 1.474479e-02 2.131095e-04
3153 1.473394e-02 2.129527e-04
3154 1.472310e-02 2.127959e-04
3155 1.471227e-02 2.126393e-04
3156 1.470145e-02 2.124828e-04
3157 1.469063e-02 2.123264e-04
3158 1.467983e-02 2.121701e-04
3159 1.466903e-02 2.120140e-04
3160 1.465824e-02 2.118579e-04
3161 1.464745e-02 2.117020e-04
3162 1.463668e-02 2.115462e-04
3163 1.462591e-02 2.113905e-04
3164 1.461515e-02 2.112349e-04
3165 1.460440e-02 2.110794e-04
3166 1.459365e-02 2.109240e-04
3167 1.458292e-02 2.107688e-04
3168 1.457219e-02 2.106137e-04
3169 1.456147e-02 2.104586e-04
3170 1.455076e-02 2.103037e-04
3171 1.454005e-02 2.101489e-04
3172 1.452936e-02 2.099943e-04
3173 1.451867e-02 2.098397e-04
3174 1.450799e-02 2.096853e-04
3175 1.449732e-02 2.095309e-04
3176 1.448665e-02 2.093767e-04
3177 1.447599e-02 2.092226e-04
3178 1.446535e-02 2.090686e-04
3179 1.445470e-02 2.089147e-04
3180 1.444407e-02 2.087610e-04
3181 1.443345e-02 2.086073e-04
3182 1.442283e-02 2.084538e-04
3183 1.441222e-02 2.083003e-04
3184 1.440162e-02 2.081470e-04
3185 1.439102e-02 2.079938e-04
3186 1.438043e-02 2.078407e-04
3187 1.436986e-02 2.076878e-04
3188 1.435928e-02 2.075349e-04
3189 1.434872e-02 2.073822e-04
3190 1.433817e-02 2.072295e-04
3191 1.432762e-02 2.070770e-04
3192 1.431708e-02 2.069246e-04
3193 1.430655e-02 2.067723e-04
3194 1.429602e-02 2.066201e-04
3195 1.428550e-02 2.064680e-04
3196 1.427500e-02 2.063161e-04
3197 1.426449e-02 2.061642e-04
3198 1.425400e-02 2.060125e-04
3199 1.424352e-02 2.058608e-04
3200 1.423304e-02 2.057093e-04
3201 1.422257e-02 2.055579e-04
3202 1.421210e-02 2.054066e-04
3203 1.420165e-02 2.052554e-04
3204 1.419120e-02 2.051044e-04
3205 1.418076e-02 2.049534e-04
3206 1.417033e-02 2.048026e-04
3207 1.415991e-02 2.046518e-04
3208 1.414949e-02 2.045012e-04
3209 1.413908e-02 2.043507e-04
3210 1.412868e-02 2.042003e-04
3211 1.411829e-02 2.040500e-04
3212 1.410790e-02 2.038998e-04
3213 1.409752e-02 2.037497e-04
3214 1.408715e-02 2.035997e-04
3215 1.407679e-02 2.034499e-04
3216 1.406643e-02 2.033002e-04
3217 1.405609e-02 2.031505e-04
3218 1.404575e-02 2.030010e-04
3219 1.403541e-02 2.028516e-04
3220 1.402509e-02 2.027023e-04
3221 1.401477e-02 2.025531e-04
3222 1.400446e-02 2.024040e-04
3223 1.399416e-02 2.022550e-04
3224 1.398386e-02 2.021062e-04
3225 1.397358e-02 2.019574e-04
3226 1.396330e-02 2.018088e-04
3227 1.395303e-02 2.016602e-04
3228 1.394276e-02 2.015118e-04
3229 1.393251e-02 2.013635e-04
3230 1.392226e-02 2.012153e-04
3231 1.391201e-02 2.010672e-04
3232 1.390178e-02 2.009192e-04
3233 1.389155e-02 2.007713e-04
3234 1.388134e-02 2.006236e-04
3235 1.387112e-02 2.004759e-04
3236 1.386092e-02 2.003284e-04
3237 1.385072e-02 2.001809e-04
3238 1.384053e-02 2.000336e-04
3239 1.383035e-02 1.998863e-04
3240 1.382018e-02 1.997392e-04
3241 1.381001e-02 1.995922e-04
3242 1.379985e-02 1.994453e-04
3243 1.378970e-02 1.992985e-04
3244 1.377956e-02 1.991518e-04
3245 1.376942e-02 1.990053e-04
3246 1.375929e-02 1.988588e-04
3247 1.374917e-02 1.987124e-04
3248 1.373906e-02 1.985662e-04
3249 1.372895e-02 1.984200e-04
3250 1.371885e-02 1.982740e-04
3251 1.370876e-02 1.981280e-04
3252 1.369867e-02 1.979822e-04
3253 1.368860e-02 1.978365e-04
3254 1.367853e-02 1.976909e-04
3255 1.366846e-02 1.975454e-04
3256 1.365841e-02 1.974000e-04
3257 1.364836e-02 1.972547e-04
3258 1.363832e-02 1.971095e-04
3259 1.362829e-02 1.969645e-04
3260 1.361826e-02 1.968195e-04
3261 1.360825e-02 1.966746e-04
3262 1.359824e-02 1.965299e-04
3263 1.358823e-02 1.963852e-04
3264 1.357824e-02 1.962407e-04
3265 1.356825e-02 1.960962e-04
3266 1.355827e-02 1.959519e-04
3267 1.354829e-02 1.958077e-04
3268 1.353833e-02 1.956636e-04
3269 1.352837e-02 1.955196e-04
3270 1.351842e-02 1.953757e-04
3271 1.350847e-02 1.952319e-04
3272 1.349854e-02 1.950882e-04
3273 1.348861e-02 1.949446e-04
3274 1.347868e-02 1.948011e-04
3275 1.346877e-02 1.946577e-04
3276 1.345886e-02 1.945145e-04
3277 1.344896e-02 1.943713e-04
3278 1.343907e-02 1.942282e-04
3279 1.342918e-02 1.940853e-04
3280 1.341930e-02 1.939424e-04
3281 1.340943e-02 1.937997e-04
3282 1.339957e-02 1.936571e-04
3283 1.338971e-02 1.935145e-04
3284 1.337986e-02 1.933721e-04
3285 1.337002e-02 1.932298e-04
3286 1.336018e-02 1.930876e-04
3287 1.335035e-02 1.929454e-04
3288 1.334053e-02 1.928034e-04
3289 1.333072e-02 1.926615e-04
3290 1.332091e-02 1.925197e-04
3291 1.331111e-02 1.923780e-04
3292 1.330132e-02 1.922364e-04
3293 1.329154e-02 1.920950e-04
3294 1.328176e-02 1.919536e-04
3295 1.327199e-02 1.918123e-04
3296 1.326223e-02 1.916711e-04
3297 1.325247e-02 1.915300e-04
3298 1.324272e-02 1.913891e-04
3299 1.323298e-02 1.912482e-04
3300 1.322325e-02 1.911075e-04
3301 1.321352e-02 1.909668e-04
3302 1.320380e-02 1.908262e-04
3303 1.319409e-02 1.906858e-04
3304 1.318438e-02 1.905455e-04
3305 1.317468e-02 1.904052e-04
3306 1.316499e-02 1.902651e-04
3307 1.315531e-02 1.901250e-04
3308 1.314563e-02 1.899851e-04
3309 1.313596e-02 1.898453e-04
3310 1.312630e-02 1.897055e-04
3311 1.311664e-02 1.895659e-04
3312 1.310699e-02 1.894264e-04
3313 1.309735e-02 1.892870e-04
3314 1.308772e-02 1.891477e-04
3315 1.307809e-02 1.890084e-04
3316 1.306847e-02 1.888693e-04
3317 1.305886e-02 1.887303e-04
3318 1.304925e-02 1.885914e-04
3319 1.303965e-02 1.884526e-04
3320 1.303006e-02 1.883139e-04
3321 1.302047e-02 1.881753e-04
3322 1.301090e-02 1.880368e-04
3323 1.300132e-02 1.878984e-04
3324 1.299176e-02 1.877601e-04
3325 1.298220e-02 1.876219e-04
3326 1.297265e-02 1.874838e-04
3327 1.296311e-02 1.873459e-04
3328 1.295358e-02 1.872080e-04
3329 1.294405e-02 1.870702e-04
3330 1.293453e-02 1.869325e-04
3331 1.292501e-02 1.867949e-04
3332 1.291550e-02 1.866574e-04
3333 1.290600e-02 1.865201e-04
3334 1.289651e-02 1.863828e-04
3335 1.288702e-02 1.862456e-04
3336 1.287754e-02 1.861085e-04
3337 1.286807e-02 1.859715e-04
3338 1.285860e-02 1.858347e-04
3339 1.284915e-02 1.856979e-04
3340 1.283969e-02 1.855612e-04
3341 1.283025e-02 1.854246e-04
3342 1.282081e-02 1.852882e-04
3343 1.281138e-02 1.851518e-04
3344 1.280196e-02 1.850155e-04
3345 1.279254e-02 1.848794e-04
3346 1.278313e-02 1.847433e-04
3347 1.277372e-02 1.846073e-04
3348 1.276433e-02 1.844714e-04
3349 1.275494e-02 1.843357e-04
3350 1.274556e-02 1.842000e-04
3351 1.273618e-02 1.840644e-04
3352 1.272681e-02 1.839290e-04
3353 1.271745e-02 1.837936e-04
3354 1.270810e-02 1.836583e-04
3355 1.269875e-02 1.835231e-04
3356 1.268941e-02 1.833881e-04
3357 1.268007e-02 1.832531e-04
3358 1.267075e-02 1.831182e-04
3359 1.266142e-02 1.829834e-04
3360 1.265211e-02 1.828488e-04
3361 1.264280e-02 1.827142e-04
3362 1.263350e-02 1.825797e-04
3363 1.262421e-02 1.824453e-04
3364 1.261492e-02 1.823111e-04
3365 1.260565e-02 1.821769e-04
3366 1.259637e-02 1.820428e-04
3367 1.258711e-02 1.819088e-04
3368 1.257785e-02 1.817749e-04
3369 1.256860e-02 1.816411e-04
3370 1.255935e-02 1.815074e-04
3371 1.255011e-02 1.813739e-04
3372 1.254088e-02 1.812404e-04
3373 1.253166e-02 1.811070e-04
3374 1.252244e-02 1.809737e-04
3375 1.251323e-02 1.808405e-04
3376 1.250402e-02 1.807074e-04
3377 1.249482e-02 1.805744e-04
3378 1.248563e-02 1.804415e-04
3379 1.247645e-02 1.803087e-04
3380 1.246727e-02 1.801760e-04
3381 1.245810e-02 1.800434e-04
3382 1.244894e-02 1.799108e-04
3383 1.243978e-02 1.797784e-04
3384 1.243063e-02 1.796461e-04
3385 1.242148e-02 1.795139e-04
3386 1.241235e-02 1.793818e-04
3387 1.240322e-02 1.792497e-04
3388 1.239409e-02 1.791178e-04
3389 1.238498e-02 1.789860e-04
3390 1.237587e-02 1.788543e-04
3391 1.236676e-02 1.787226e-04
3392 1.235767e-02 1.785911e-04
3393 1.234858e-02 1.784596e-04
3394 1.233949e-02 1.783283e-04
3395 1.233042e-02 1.781970e-04
3396 1.232135e-02 1.780659e-04
3397 1.231228e-02 1.779348e-04
3398 1.230323e-02 1.778039e-04
3399 1.229418e-02 1.776730e-04
3400 1.228513e-02 1.775422e-04
3401 1.227610e-02 1.774116e-04
3402 1.226707e-02 1.772810e-04
3403 1.225804e-02 1.771505e-04
3404 1.224902e-02 1.770201e-04
3405 1.224001e-02 1.768898e-04
3406 1.223101e-02 1.767597e-04
3407 1.222201e-02 1.766296e-04
3408 1.221302e-02 1.764996e-04
3409 1.220404e-02 1.763697e-04
3410 1.219506e-02 1.762399e-04
3411 1.218609e-02 1.761101e-04
3412 1.217713e-02 1.759805e-04
3413 1.216817e-02 1.758510e-04
3414 1.215922e-02 1.757216e-04
3415 1.215028e-02 1.755922e-04
3416 1.214134e-02 1.754630e-04
3417 1.213241e-02 1.753339e-04
3418 1.212348e-02 1.752048e-04
3419 1.211457e-02 1.750759e-04
3420 1.210566e-02 1.749470e-04
3421 1.209675e-02 1.748183e-04
3422 1.208785e-02 1.746896e-04
3423 1.207896e-02 1.745610e-04
3424 1.207008e-02 1.744325e-04
3425 1.206120e-02 1.743042e-04
3426 1.205233e-02 1.741759e-04
3427 1.204346e-02 1.740477e-04
3428 1.203460e-02 1.739196e-04
3429 1.202575e-02 1.737916e-04
3430 1.201690e-02 1.736637e-04
3431 1.200806e-02 1.735358e-04
3432 1.199923e-02 1.734081e-04
3433 1.199041e-02 1.732805e-04
3434 1.198159e-02 1.731530e-04
3435 1.197277e-02 1.730255e-04
3436 1.196397e-02 1.728982e-04
3437 1.195516e-02 1.727709e-04
3438 1.194637e-02 1.726438e-04
3439 1.193758e-02 1.725167e-04
3440 1.192880e-02 1.723897e-04
3441 1.192003e-02 1.722628e-04
3442 1.191126e-02 1.721361e-04
3443 1.190250e-02 1.720094e-04
3444 1.189374e-02 1.718828e-04
3445 1.188499e-02 1.717563e-04
3446 1.187625e-02 1.716299e-04
3447 1.186752e-02 1.715035e-04
3448 1.185879e-02 1.713773e-04
3449 1.185006e-02 1.712512e-04
3450 1.184135e-02 1.711251e-04
3451 1.183264e-02 1.709992e-04
3452 1.182393e-02 1.708733e-04
3453 1.181524e-02 1.707476e-04
3454 1.180655e-02 1.706219e-04
3455 1.179786e-02 1.704963e-04
3456 1.178918e-02 1.703708e-04
3457 1.178051e-02 1.702454e-04
3458 1.177185e-02 1.701201e-04
3459 1.176319e-02 1.699949e-04
3460 1.175453e-02 1.698698e-04
3461 1.174589e-02 1.697448e-04
3462 1.173725e-02 1.696199e-04
3463 1.172862e-02 1.694950e-04
3464 1.171999e-02 1.693703e-04
3465 1.171137e-02 1.692456e-04
3466 1.170275e-02 1.691211e-04
3467 1.169414e-02 1.689966e-04
3468 1.168554e-02 1.688722e-04
3469 1.167695e-02 1.687479e-04
3470 1.166836e-02 1.686237e-04
3471 1.165978e-02 1.684996e-04
3472 1.165120e-02 1.683756e-04
3473 1.164263e-02 1.682517e-04
3474 1.163407e-02 1.681278e-04
3475 1.162551e-02 1.680041e-04
3476 1.161696e-02 1.678804e-04
3477 1.160841e-02 1.677569e-04
3478 1.159987e-02 1.676334e-04
3479 1.159134e-02 1.675100e-04
3480 1.158281e-02 1.673868e-04
3481 1.157429e-02 1.672636e-04
3482 1.156578e-02 1.671405e-04
3483 1.155727e-02 1.670174e-04
3484 1.154877e-02 1.668945e-04
3485 1.154028e-02 1.667717e-04
3486 1.153179e-02 1.666489e-04
3487 1.152331e-02 1.665263e-04
3488 1.151483e-02 1.664037e-04
3489 1.150636e-02 1.662812e-04
3490 1.149790e-02 1.661589e-04
3491 1.148944e-02 1.660366e-04
3492 1.148099e-02 1.659144e-04
3493 1.147254e-02 1.657923e-04
3494 1.146411e-02 1.656702e-04
3495 1.145567e-02 1.655483e-04
3496 1.144725e-02 1.654265e-04
3497 1.143883e-02 1.653047e-04
3498 1.143041e-02 1.651830e-04
3499 1.142201e-02 1.650615e-04
3500 1.141360e-02 1.649400e-04
3501 1.140521e-02 1.648186e-04
3502 1.139682e-02 1.646973e-04
3503 1.138844e-02 1.645761e-04
3504 1.138006e-02 1.644549e-04
3505 1.137169e-02 1.643339e-04
3506 1.136333e-02 1.642129e-04
3507 1.135497e-02 1.640921e-04
3508 1.134661e-02 1.639713e-04
3509 1.133827e-02 1.638506e-04
3510 1.132993e-02 1.637300e-04
3511 1.132160e-02 1.636095e-04
3512 1.131327e-02 1.634891e-04
3513 1.130495e-02 1.633688e-04
3514 1.129663e-02 1.632486e-04
3515 1.128832e-02 1.631284e-04
3516 1.128002e-02 1.630083e-04
3517 1.127172e-02 1.628884e-04
3518 1.126343e-02 1.627685e-04
3519 1.125515e-02 1.626487e-04
3520 1.124687e-02 1.625290e-04
3521 1.123859e-02 1.624094e-04
3522 1.123033e-02 1.622898e-04
3523 1.122207e-02 1.621704e-04
3524 1.121381e-02 1.620510e-04
3525 1.120557e-02 1.619317e-04
3526 1.119732e-02 1.618126e-04
3527 1.118909e-02 1.616935e-04
3528 1.118086e-02 1.615745e-04
3529 1.117263e-02 1.614556e-04
3530 1.116441e-02 1.613367e-04
3531 1.115620e-02 1.612180e-04
3532 1.114800e-02 1.610993e-04
3533 1.113980e-02 1.609808e-04
3534 1.113160e-02 1.608623e-04
3535 1.112342e-02 1.607439e-04
3536 1.111523e-02 1.606256e-04
3537 1.110706e-02 1.605073e-04
3538 1.109889e-02 1.603892e-04
3539 1.109073e-02 1.602712e-04
3540 1.108257e-02 1.601532e-04
3541 1.107442e-02 1.600353e-04
3542 1.106627e-02 1.599176e-04
3543 1.105813e-02 1.597999e-04
3544 1.105000e-02 1.596822e-04
3545 1.104187e-02 1.595647e-04
3546 1.103375e-02 1.594473e-04
3547 1.102563e-02 1.593299e-04
3548 1.101752e-02 1.592127e-04
3549 1.100942e-02 1.590955e-04
3550 1.100132e-02 1.589784e-04
3551 1.099323e-02 1.588614e-04
3552 1.098514e-02 1.587445e-04
3553 1.097706e-02 1.586276e-04
3554 1.096899e-02 1.585109e-04
3555 1.096092e-02 1.583942e-04
3556 1.095286e-02 1.582776e-04
3557 1.094480e-02 1.581611e-04
3558 1.093675e-02 1.580447e-04
3559 1.092871e-02 1.579284e-04
3560 1.092067e-02 1.578122e-04
3561 1.091264e-02 1.576960e-04
3562 1.090461e-02 1.575800e-04
3563 1.089659e-02 1.574640e-04
3564 1.088857e-02 1.573481e-04
3565 1.088057e-02 1.572323e-04
3566 1.087256e-02 1.571166e-04
3567 1.086457e-02 1.570009e-04
3568 1.085657e-02 1.568854e-04
3569 1.084859e-02 1.567699e-04
3570 1.084061e-02 1.566545e-04
3571 1.083264e-02 1.565392e-04
3572 1.082467e-02 1.564240e-04
3573 1.081671e-02 1.563089e-04
3574 1.080875e-02 1.561938e-04
3575 1.080080e-02 1.560789e-04
3576 1.079286e-02 1.559640e-04
3577 1.078492e-02 1.558492e-04
3578 1.077699e-02 1.557345e-04
3579 1.076906e-02 1.556199e-04
3580 1.076114e-02 1.555054e-04
3581 1.075322e-02 1.553909e-04
3582 1.074531e-02 1.552765e-04
3583 1.073741e-02 1.551623e-04
3584 1.072951e-02 1.550481e-04
3585 1.072162e-02 1.549339e-04
3586 1.071373e-02 1.548199e-04
3587 1.070585e-02 1.547060e-04
3588 1.069798e-02 1.545921e-04
3589 1.069011e-02 1.544783e-04
3590 1.068225e-02 1.543646e-04
3591 1.067439e-02 1.542510e-04
3592 1.066654e-02 1.541375e-04
3593 1.065870e-02 1.540240e-04
3594 1.065086e-02 1.539107e-04
3595 1.064302e-02 1.537974e-04
3596 1.063519e-02 1.536842e-04
3597 1.062737e-02 1.535711e-04
3598 1.061955e-02 1.534581e-04
3599 1.061174e-02 1.533451e-04
3600 1.060394e-02 1.532323e-04
3601 1.059614e-02 1.531195e-04
3602 1.058835e-02 1.530068e-04
3603 1.058056e-02 1.528942e-04
3604 1.057278e-02 1.527816e-04
3605 1.056500e-02 1.526692e-04
3606 1.055723e-02 1.525568e-04
3607 1.054946e-02 1.524445e-04
3608 1.054170e-02 1.523323e-04
3609 1.053395e-02 1.522202e-04
3610 1.052620e-02 1.521082e-04
3611 1.051846e-02 1.519962e-04
3612 1.051072e-02 1.518844e-04
3613 1.050299e-02 1.517726e-04
3614 1.049527e-02 1.516609e-04
3615 1.048755e-02 1.515493e-04
3616 1.047983e-02 1.514377e-04
3617 1.047213e-02 1.513263e-04
3618 1.046442e-02 1.512149e-04
3619 1.045673e-02 1.511036e-04
3620 1.044904e-02 1.509924e-04
3621 1.044135e-02 1.508813e-04
3622 1.043367e-02 1.507702e-04
3623 1.042600e-02 1.506592e-04
3624 1.041833e-02 1.505484e-04
3625 1.041067e-02 1.504376e-04
3626 1.040301e-02 1.503268e-04
3627 1.039536e-02 1.502162e-04
3628 1.038771e-02 1.501056e-04
3629 1.038007e-02 1.499952e-04
3630 1.037244e-02 1.498848e-04
3631 1.036481e-02 1.497744e-04
3632 1.035718e-02 1.496642e-04
3633 1.034957e-02 1.495541e-04
3634 1.034195e-02 1.494440e-04
3635 1.033435e-02 1.493340e-04
3636 1.032675e-02 1.492241e-04
3637 1.031915e-02 1.491143e-04
3638 1.031156e-02 1.490045e-04
3639 1.030398e-02 1.488948e-04
3640 1.029640e-02 1.487853e-04
3641 1.028883e-02 1.486757e-04
3642 1.028126e-02 1.485663e-04
3643 1.027370e-02 1.484570e-04
3644 1.026614e-02 1.483477e-04
3645 1.025859e-02 1.482385e-04
3646 1.025104e-02 1.481294e-04
3647 1.024350e-02 1.480204e-04
3648 1.023597e-02 1.479115e-04
3649 1.022844e-02 1.478026e-04
3650 1.022092e-02 1.476938e-04
3651 1.021340e-02 1.475851e-04
3652 1.020589e-02 1.474765e-04
3653 1.019838e-02 1.473679e-04
3654 1.019088e-02 1.472595e-04
3655 1.018339e-02 1.471511e-04
3656 1.017590e-02 1.470428e-04
3657 1.016841e-02 1.469346e-04
3658 1.016093e-02 1.468264e-04
3659 1.015346e-02 1.467184e-04
3660 1.014599e-02 1.466104e-04
3661 1.013853e-02 1.465025e-04
3662 1.013107e-02 1.463946e-04
3663 1.012362e-02 1.462869e-04
3664 1.011618e-02 1.461792e-04
3665 1.010874e-02 1.460716e-04
3666 1.010130e-02 1.459641e-04
3667 1.009387e-02 1.458567e-04
3668 1.008645e-02 1.457494e-04
3669 1.007903e-02 1.456421e-04
3670 1.007162e-02 1.455349e-04
3671 1.006421e-02 1.454278e-04
3672 1.005681e-02 1.453207e-04
3673 1.004941e-02 1.452138e-04
3674 1.004202e-02 1.451069e-04
3675 1.003463e-02 1.450001e-04
3676 1.002725e-02 1.448934e-04
3677 1.001988e-02 1.447868e-04
3678 1.001251e-02 1.446802e-04
3679 1.000514e-02 1.445737e-04
3680 9.997785e-03 1.444673e-04
3681 9.990431e-03 1.443610e-04
3682 9.983084e-03 1.442547e-04
3683 9.975741e-03 1.441485e-04
3684 9.968404e-03 1.440425e-04
3685 9.961073e-03 1.439364e-04
3686 9.953746e-03 1.438305e-04
3687 9.946425e-03 1.437246e-04
3688 9.939110e-03 1.436189e-04
3689 9.931800e-03 1.435132e-04
3690 9.924495e-03 1.434075e-04
3691 9.917196e-03 1.433020e-04
3692 9.909902e-03 1.431965e-04
3693 9.902613e-03 1.430911e-04
3694 9.895330e-03 1.429858e-04
3695 9.888052e-03 1.428806e-04
3696 9.880780e-03 1.427754e-04
3697 9.873513e-03 1.426703e-04
3698 9.866251e-03 1.425653e-04
3699 9.858994e-03 1.424604e-04
3700 9.851743e-03 1.423555e-04
3701 9.844498e-03 1.422508e-04
3702 9.837257e-03 1.421461e-04
3703 9.830022e-03 1.420414e-04
3704 9.822792e-03 1.419369e-04
3705 9.815568e-03 1.418324e-04
3706 9.808349e-03 1.417281e-04
3707 9.801135e-03 1.416237e-04
3708 9.793926e-03 1.415195e-04
3709 9.786723e-03 1.414153e-04
3710 9.779525e-03 1.413113e-04
3711 9.772332e-03 1.412073e-04
3712 9.765145e-03 1.411033e-04
3713 9.757963e-03 1.409995e-04
3714 9.750786e-03 1.408957e-04
3715 9.743615e-03 1.407920e-04
3716 9.736449e-03 1.406884e-04
3717 9.729288e-03 1.405848e-04
3718 9.722132e-03 1.404814e-04
3719 9.714982e-03 1.403780e-04
3720 9.707837e-03 1.402746e-04
3721 9.700697e-03 1.401714e-04
3722 9.693562e-03 1.400682e-04
3723 9.686433e-03 1.399651e-04
3724 9.679309e-03 1.398621e-04
3725 9.672190e-03 1.397592e-04
3726 9.665076e-03 1.396563e-04
3727 9.657968e-03 1.395535e-04
3728 9.650865e-03 1.394508e-04
3729 9.643767e-03 1.393482e-04
3730 9.636674e-03 1.392456e-04
3731 9.629587e-03 1.391432e-04
3732 9.622504e-03 1.390407e-04
3733 9.615427e-03 1.389384e-04
3734 9.608355e-03 1.388361e-04
3735 9.601289e-03 1.387340e-04
3736 9.594227e-03 1.386319e-04
3737 9.587171e-03 1.385298e-04
3738 9.580120e-03 1.384279e-04
3739 9.573074e-03 1.383260e-04
3740 9.566034e-03 1.382242e-04
3741 9.558998e-03 1.381224e-04
3742 9.551968e-03 1.380208e-04
3743 9.544943e-03 1.379192e-04
3744 9.537923e-03 1.378177e-04
3745 9.530908e-03 1.377163e-04
3746 9.523898e-03 1.376149e-04
3747 9.516894e-03 1.375136e-04
3748 9.509894e-03 1.374124e-04
3749 9.502900e-03 1.373113e-04
3750 9.495911e-03 1.372102e-04
3751 9.488927e-03 1.371092e-04
3752 9.481949e-03 1.370083e-04
3753 9.474975e-03 1.369075e-04
3754 9.468007e-03 1.368067e-04
3755 9.461043e-03 1.367060e-04
3756 9.454085e-03 1.366054e-04
3757 9.447132e-03 1.365049e-04
3758 9.440184e-03 1.364044e-04
3759 9.433241e-03 1.363040e-04
3760 9.426303e-03 1.362037e-04
3761 9.419371e-03 1.361034e-04
3762 9.412443e-03 1.360032e-04
3763 9.405521e-03 1.359032e-04
3764 9.398603e-03 1.358031e-04
3765 9.391691e-03 1.357032e-04
3766 9.384784e-03 1.356033e-04
3767 9.377882e-03 1.355035e-04
3768 9.370985e-03 1.354038e-04
3769 9.364093e-03 1.353041e-04
3770 9.357206e-03 1.352045e-04
3771 9.350324e-03 1.351050e-04
3772 9.343448e-03 1.350056e-04
3773 9.336576e-03 1.349062e-04
3774 9.329709e-03 1.348069e-04
3775 9.322848e-03 1.347077e-04
3776 9.315991e-03 1.346085e-04
3777 9.309140e-03 1.345095e-04
3778 9.302293e-03 1.344105e-04
3779 9.295452e-03 1.343116e-04
3780 9.288616e-03 1.342127e-04
3781 9.281784e-03 1.341139e-04
3782 9.274958e-03 1.340152e-04
3783 9.268137e-03 1.339166e-04
3784 9.261321e-03 1.338180e-04
3785 9.254509e-03 1.337195e-04
3786 9.247703e-03 1.336211e-04
3787 9.240902e-03 1.335228e-04
3788 9.234106e-03 1.334245e-04
3789 9.227315e-03 1.333263e-04
3790 9.220528e-03 1.332282e-04
3791 9.213747e-03 1.331301e-04
3792 9.206971e-03 1.330321e-04
3793 9.200200e-03 1.329342e-04
3794 9.193433e-03 1.328364e-04
3795 9.186672e-03 1.327386e-04
3796 9.179916e-03 1.326409e-04
3797 9.173165e-03 1.325433e-04
3798 9.166418e-03 1.324457e-04
3799 9.159677e-03 1.323482e-04
3800 9.152941e-03 1.322508e-04
3801 9.146209e-03 1.321535e-04
3802 9.139483e-03 1.320562e-04
3803 9.132761e-03 1.319590e-04
3804 9.126044e-03 1.318619e-04
3805 9.119333e-03 1.317649e-04
3806 9.112626e-03 1.316679e-04
3807 9.105924e-03 1.315710e-04
3808 9.099227e-03 1.314741e-04
3809 9.092536e-03 1.313774e-04
3810 9.085849e-03 1.312807e-04
3811 9.079166e-03 1.311840e-04
3812 9.072489e-03 1.310875e-04
3813 9.065817e-03 1.309910e-04
3814 9.059150e-03 1.308946e-04
3815 9.052487e-03 1.307983e-04
3816 9.045830e-03 1.307020e-04
3817 9.039177e-03 1.306058e-04
3818 9.032529e-03 1.305097e-04
3819 9.025887e-03 1.304136e-04
3820 9.019249e-03 1.303176e-04
3821 9.012616e-03 1.302217e-04
3822 9.005987e-03 1.301259e-04
3823 8.999364e-03 1.300301e-04
3824 8.992746e-03 1.299344e-04
3825 8.986132e-03 1.298388e-04
3826 8.979524e-03 1.297432e-04
3827 8.972920e-03 1.296477e-04
3828 8.966321e-03 1.295523e-04
3829 8.959727e-03 1.294569e-04
3830 8.953137e-03 1.293617e-04
3831 8.946553e-03 1.292664e-04
3832 8.939973e-03 1.291713e-04
3833 8.933399e-03 1.290762e-04
3834 8.926829e-03 1.289812e-04
3835 8.920264e-03 1.288863e-04
3836 8.913704e-03 1.287914e-04
3837 8.907148e-03 1.286966e-04
3838 8.900598e-03 1.286019e-04
3839 8.894052e-03 1.285073e-04
3840 8.887511e-03 1.284127e-04
3841 8.880975e-03 1.283182e-04
3842 8.874444e-03 1.282237e-04
3843 8.867917e-03 1.281294e-04
3844 8.861396e-03 1.280351e-04
3845 8.854879e-03 1.279408e-04
3846 8.848367e-03 1.278467e-04
3847 8.841859e-03 1.277526e-04
3848 8.835357e-03 1.276585e-04
3849 8.828859e-03 1.275646e-04
3850 8.822366e-03 1.274707e-04
3851 8.815878e-03 1.273769e-04
3852 8.809395e-03 1.272831e-04
3853 8.802916e-03 1.271894e-04
3854 8.796442e-03 1.270958e-04
3855 8.789973e-03 1.270023e-04
3856 8.783509e-03 1.269088e-04
3857 8.777049e-03 1.268154e-04
3858 8.770595e-03 1.267221e-04
3859 8.764145e-03 1.266288e-04
3860 8.757699e-03 1.265356e-04
3861 8.751259e-03 1.264425e-04
3862 8.744823e-03 1.263494e-04
3863 8.738392e-03 1.262564e-04
3864 8.731965e-03 1.261635e-04
3865 8.725544e-03 1.260706e-04
3866 8.719127e-03 1.259778e-04
3867 8.712715e-03 1.258851e-04
3868 8.706307e-03 1.257925e-04
3869 8.699905e-03 1.256999e-04
3870 8.693507e-03 1.256074e-04
3871 8.687113e-03 1.255149e-04
3872 8.680725e-03 1.254225e-04
3873 8.674341e-03 1.253302e-04
3874 8.667962e-03 1.252380e-04
3875 8.661587e-03 1.251458e-04
3876 8.655217e-03 1.250537e-04
3877 8.648852e-03 1.249617e-04
3878 8.642492e-03 1.248697e-04
3879 8.636136e-03 1.247778e-04
3880 8.629785e-03 1.246859e-04
3881 8.623439e-03 1.245942e-04
3882 8.617097e-03 1.245025e-04
3883 8.610760e-03 1.244108e-04
3884 8.604427e-03 1.243193e-04
3885 8.598100e-03 1.242278e-04
3886 8.591776e-03 1.241363e-04
3887 8.585458e-03 1.240450e-04
3888 8.579144e-03 1.239537e-04
3889 8.572835e-03 1.238624e-04
3890 8.566531e-03 1.237713e-04
3891 8.560231e-03 1.236802e-04
3892 8.553936e-03 1.235891e-04
3893 8.547645e-03 1.234982e-04
3894 8.541359e-03 1.234073e-04
3895 8.535078e-03 1.233165e-04
3896 8.528801e-03 1.232257e-04
3897 8.522529e-03 1.231350e-04
3898 8.516262e-03 1.230444e-04
3899 8.509999e-03 1.229538e-04
3900 8.503740e-03 1.228633e-04
3901 8.497487e-03 1.227729e-04
3902 8.491238e-03 1.226825e-04
3903 8.484993e-03 1.225922e-04
3904 8.478753e-03 1.225020e-04
3905 8.472518e-03 1.224118e-04
3906 8.466288e-03 1.223217e-04
3907 8.460062e-03 1.222317e-04
3908 8.453840e-03 1.221417e-04
3909 8.447623e-03 1.220518e-04
3910 8.441411e-03 1.219620e-04
3911 8.435203e-03 1.218723e-04
3912 8.429000e-03 1.217826e-04
3913 8.422801e-03 1.216929e-04
3914 8.416607e-03 1.216034e-04
3915 8.410418e-03 1.215138e-04
3916 8.404233e-03 1.214244e-04
3917 8.398052e-03 1.213350e-04
3918 8.391876e-03 1.212457e-04
3919 8.385705e-03 1.211565e-04
3920 8.379538e-03 1.210673e-04
3921 8.373376e-03 1.209782e-04
3922 8.367218e-03 1.208892e-04
3923 8.361065e-03 1.208002e-04
3924 8.354917e-03 1.207113e-04
3925 8.348773e-03 1.206225e-04
3926 8.342633e-03 1.205337e-04
3927 8.336498e-03 1.204450e-04
3928 8.330367e-03 1.203563e-04
3929 8.324241e-03 1.202677e-04
3930 8.318120e-03 1.201792e-04
3931 8.312003e-03 1.200908e-04
3932 8.305890e-03 1.200024e-04
3933 8.299782e-03 1.199140e-04
3934 8.293679e-03 1.198258e-04
3935 8.287580e-03 1.197376e-04
3936 8.281485e-03 1.196495e-04
3937 8.275395e-03 1.195614e-04
3938 8.269310e-03 1.194734e-04
3939 8.263229e-03 1.193855e-04
3940 8.257152e-03 1.192976e-04
3941 8.251080e-03 1.192098e-04
3942 8.245012e-03 1.191221e-04
3943 8.238949e-03 1.190344e-04
3944 8.232890e-03 1.189468e-04
3945 8.226836e-03 1.188592e-04
3946 8.220786e-03 1.187717e-04
3947 8.214741e-03 1.186843e-04
3948 8.208700e-03 1.185970e-04
3949 8.202663e-03 1.185097e-04
3950 8.196631e-03 1.184225e-04
3951 8.190604e-03 1.183353e-04
3952 8.184580e-03 1.182482e-04
3953 8.178562e-03 1.181612e-04
3954 8.172547e-03 1.180742e-04
3955 8.166538e-03 1.179873e-04
3956 8.160532e-03 1.179005e-04
3957 8.154531e-03 1.178137e-04
3958 8.148535e-03 1.177270e-04
3959 8.142542e-03 1.176403e-04
3960 8.136555e-03 1.175537e-04
3961 8.130571e-03 1.174672e-04
3962 8.124592e-03 1.173808e-04
3963 8.118618e-03 1.172944e-04
3964 8.112647e-03 1.172080e-04
3965 8.106682e-03 1.171218e-04
3966 8.100720e-03 1.170356e-04
3967 8.094763e-03 1.169494e-04
3968 8.088811e-03 1.168633e-04
3969 8.082862e-03 1.167773e-04
3970 8.076919e-03 1.166914e-04
3971 8.070979e-03 1.166055e-04
3972 8.065044e-03 1.165197e-04
3973 8.059113e-03 1.164339e-04
3974 8.053187e-03 1.163482e-04
3975 8.047265e-03 1.162626e-04
3976 8.041347e-03 1.161770e-04
3977 8.035434e-03 1.160915e-04
3978 8.029525e-03 1.160061e-04
3979 8.023620e-03 1.159207e-04
3980 8.017720e-03 1.158354e-04
3981 8.011824e-03 1.157501e-04
3982 8.005932e-03 1.156649e-04
3983 8.000045e-03 1.155798e-04
3984 7.994162e-03 1.154947e-04
3985 7.988284e-03 1.154097e-04
3986 7.982410e-03 1.153248e-04
3987 7.976540e-03 1.152399e-04
3988 7.970674e-03 1.151551e-04
3989 7.964813e-03 1.150703e-04
3990 7.958956e-03 1.149856e-04
3991 7.953103e-03 1.149010e-04
3992 7.947255e-03 1.148164e-04
3993 7.941411e-03 1.147319e-04
3994 7.935571e-03 1.146475e-04
3995 7.929735e-03 1.145631e-04
3996 7.923904e-03 1.144788e-04
3997 7.918077e-03 1.143945e-04
3998 7.912255e-03 1.143103e-04
3999 7.906437e-03 1.142262e-04
4000 7.900623e-03 1.141421e-04
4001 7.894813e-03 1.140581e-04
4002 7.889007e-03 1.139741e-04
4003 7.883206e-03 1.138903e-04
4004 7.877409e-03 1.138064e-04
4005 7.871617e-03 1.137227e-04
4006 7.865828e-03 1.136390e-04
4007 7.860044e-03 1.135553e-04
4008 7.854264e-03 1.134717e-04
4009 7.848489e-03 1.133882e-04
4010 7.842717e-03 1.133048e-04
4011 7.836950e-03 1.132214e-04
4012 7.831187e-03 1.131380e-04
4013 7.825429e-03 1.130548e-04
4014 7.819674e-03 1.129716e-04
4015 7.813924e-03 1.128884e-04
4016 7.808178e-03 1.128053e-04
4017 7.802437e-03 1.127223e-04
4018 7.796699e-03 1.126393e-04
4019 7.790966e-03 1.125564e-04
4020 7.785237e-03 1.124736e-04
4021 7.779512e-03 1.123908e-04
4022 7.773791e-03 1.123081e-04
4023 7.768075e-03 1.122254e-04
4024 7.762363e-03 1.121428e-04
4025 7.756655e-03 1.120603e-04
4026 7.750951e-03 1.119778e-04
4027 7.745252e-03 1.118954e-04
4028 7.739556e-03 1.118130e-04
4029 7.733865e-03 1.117307e-04
4030 7.728178e-03 1.116485e-04
4031 7.722495e-03 1.115663e-04
4032 7.716817e-03 1.114842e-04
4033 7.711142e-03 1.114022e-04
4034 7.705472e-03 1.113202e-04
4035 7.699806e-03 1.112382e-04
4036 7.694144e-03 1.111564e-04
4037 7.688486e-03 1.110745e-04
4038 7.682832e-03 1.109928e-04
4039 7.677183e-03 1.109111e-04
4040 7.671538e-03 1.108295e-04
4041 7.665897e-03 1.107479e-04
4042 7.660260e-03 1.106664e-04
4043 7.654627e-03 1.105849e-04
4044 7.648998e-03 1.105035e-04
4045 7.643374e-03 1.104222e-04
4046 7.637753e-03 1.103409e-04
4047 7.632137e-03 1.102597e-04
4048 7.626525e-03 1.101786e-04
4049 7.620917e-03 1.100975e-04
4050 7.615313e-03 1.100164e-04
4051 7.609713e-03 1.099355e-04
4052 7.604118e-03 1.098545e-04
4053 7.598526e-03 1.097737e-04
4054 7.592939e-03 1.096929e-04
4055 7.587356e-03 1.096122e-04
4056 7.581776e-03 1.095315e-04
4057 7.576201e-03 1.094509e-04
4058 7.570630e-03 1.093703e-04
4059 7.565064e-03 1.092898e-04
4060 7.559501e-03 1.092094e-04
4061 7.553942e-03 1.091290e-04
4062 7.548388e-03 1.090487e-04
4063 7.542837e-03 1.089684e-04
4064 7.537291e-03 1.088882e-04
4065 7.531748e-03 1.088081e-04
4066 7.526210e-03 1.087280e-04
4067 7.520676e-03 1.086480e-04
4068 7.515146e-03 1.085680e-04
4069 7.509620e-03 1.084881e-04
4070 7.504098e-03 1.084082e-04
4071 7.498580e-03 1.083284e-04
4072 7.493066e-03 1.082487e-04
4073 7.487557e-03 1.081690e-04
4074 7.482051e-03 1.080894e-04
4075 7.476549e-03 1.080099e-04
4076 7.471052e-03 1.079304e-04
4077 7.465558e-03 1.078509e-04
4078 7.460069e-03 1.077715e-04
4079 7.454583e-03 1.076922e-04
4080 7.449102e-03 1.076130e-04
4081 7.443624e-03 1.075338e-04
4082 7.438151e-03 1.074546e-04
4083 7.432682e-03 1.073755e-04
4084 7.427216e-03 1.072965e-04
4085 7.421755e-03 1.072175e-04
4086 7.416298e-03 1.071386e-04
4087 7.410844e-03 1.070597e-04
4088 7.405395e-03 1.069809e-04
4089 7.399950e-03 1.069022e-04
4090 7.394509e-03 1.068235e-04
4091 7.389071e-03 1.067449e-04
4092 7.383638e-03 1.066663e-04
4093 7.378209e-03 1.065878e-04
4094 7.372784e-03 1.065094e-04
4095 7.367363e-03 1.064310e-04
4096 7.361945e-03 1.063526e-04
4097 7.356532e-03 1.062744e-04
4098 7.351123e-03 1.061961e-04
4099 7.345718e-03 1.061180e-04
4100 7.340316e-03 1.060399e-04
4101 7.334919e-03 1.059618e-04
4102 7.329526e-03 1.058838e-04
4103 7.324136e-03 1.058059e-04
4104 7.318751e-03 1.057280e-04
4105 7.313369e-03 1.056502e-04
4106 7.307992e-03 1.055725e-04
4107 7.302618e-03 1.054948e-04
4108 7.297249e-03 1.054171e-04
4109 7.291883e-03 1.053395e-04
4110 7.286521e-03 1.052620e-04
4111 7.281164e-03 1.051845e-04
4112 7.275810e-03 1.051071e-04
4113 7.270460e-03 1.050297e-04
4114 7.265114e-03 1.049524e-04
4115 7.259772e-03 1.048752e-04
4116 7.254434e-03 1.047980e-04
4117 7.249100e-03 1.047209e-04
4118 7.243770e-03 1.046438e-04
4119 7.238443e-03 1.045668e-04
4120 7.233121e-03 1.044898e-04
4121 7.227803e-03 1.044129e-04
4122 7.222488e-03 1.043360e-04
4123 7.217177e-03 1.042592e-04
4124 7.211871e-03 1.041825e-04
4125 7.206568e-03 1.041058e-04
4126 7.201269e-03 1.040292e-04
4127 7.195974e-03 1.039526e-04
4128 7.190683e-03 1.038761e-04
4129 7.185396e-03 1.037997e-04
4130 7.180113e-03 1.037233e-04
4131 7.174833e-03 1.036469e-04
4132 7.169558e-03 1.035706e-04
4133 7.164286e-03 1.034944e-04
4134 7.159018e-03 1.034182e-04
4135 7.153754e-03 1.033421e-04
4136 7.148494e-03 1.032661e-04
4137 7.143238e-03 1.031901e-04
4138 7.137986e-03 1.031141e-04
4139 7.132737e-03 1.030382e-04
4140 7.127493e-03 1.029624e-04
4141 7.122252e-03 1.028866e-04
4142 7.117015e-03 1.028109e-04
4143 7.111782e-03 1.027352e-04
4144 7.106553e-03 1.026596e-04
4145 7.101328e-03 1.025840e-04
4146 7.096107e-03 1.025085e-04
4147 7.090889e-03 1.024331e-04
4148 7.085675e-03 1.023577e-04
4149 7.080465e-03 1.022823e-04
4150 7.075259e-03 1.022070e-04
4151 7.070057e-03 1.021318e-04
4152 7.064859e-03 1.020566e-04
4153 7.059664e-03 1.019815e-04
4154 7.054473e-03 1.019065e-04
4155 7.049286e-03 1.018315e-04
4156 7.044103e-03 1.017565e-04
4157 7.038924e-03 1.016816e-04
4158 7.033748e-03 1.016068e-04
4159 7.028577e-03 1.015320e-04
4160 7.023409e-03 1.014573e-04
4161 7.018245e-03 1.013826e-04
4162 7.013084e-03 1.013080e-04
4163 7.007928e-03 1.012334e-04
4164 7.002775e-03 1.011589e-04
4165 6.997626e-03 1.010844e-04
4166 6.992481e-03 1.010100e-04
4167 6.987340e-03 1.009357e-04
4168 6.982202e-03 1.008614e-04
4169 6.977069e-03 1.007872e-04
4170 6.971939e-03 1.007130e-04
4171 6.966813e-03 1.006389e-04
4172 6.961690e-03 1.005648e-04
4173 6.956571e-03 1.004908e-04
4174 6.951457e-03 1.004168e-04
4175 6.946345e-03 1.003429e-04
4176 6.941238e-03 1.002690e-04
4177 6.936134e-03 1.001952e-04
4178 6.931035e-03 1.001215e-04
4179 6.925939e-03 1.000478e-04
4180 6.920846e-03 9.997416e-05
4181 6.915758e-03 9.990058e-05
4182 6.910673e-03 9.982705e-05
4183 6.905592e-03 9.975358e-05
4184 6.900514e-03 9.968016e-05
4185 6.895441e-03 9.960679e-05
4186 6.890371e-03 9.953348e-05
4187 6.885305e-03 9.946022e-05
4188 6.880242e-03 9.938701e-05
4189 6.875184e-03 9.931386e-05
4190 6.870129e-03 9.924076e-05
4191 6.865077e-03 9.916772e-05
4192 6.860030e-03 9.909473e-05
4193 6.854986e-03 9.902179e-05
4194 6.849946e-03 9.894891e-05
4195 6.844909e-03 9.887608e-05
4196 6.839877e-03 9.880331e-05
4197 6.834848e-03 9.873058e-05
4198 6.829822e-03 9.865792e-05
4199 6.824801e-03 9.858530e-05
4200 6.819783e-03 9.851274e-05
4201 6.814769e-03 9.844023e-05
4202 6.809758e-03 9.836778e-05
4203 6.804751e-03 9.829538e-05
4204 6.799748e-03 9.822303e-05
4205 6.794749e-03 9.815073e-05
4206 6.789753e-03 9.807849e-05
4207 6.784761e-03 9.800630e-05
4208 6.779772e-03 9.793417e-05
4209 6.774788e-03 9.786209e-05
4210 6.769807e-03 9.779006e-05
4211 6.764829e-03 9.771808e-05
4212 6.759855e-03 9.764616e-05
4213 6.754885e-03 9.757429e-05
4214 6.749919e-03 9.750247e-05
4215 6.744956e-03 9.743071e-05
4216 6.739997e-03 9.735899e-05
4217 6.735042e-03 9.728734e-05
4218 6.730090e-03 9.721573e-05
4219 6.725142e-03 9.714418e-05
4220 6.720197e-03 9.707268e-05
4221 6.715256e-03 9.700123e-05
4222 6.710319e-03 9.692983e-05
4223 6.705385e-03 9.685849e-05
4224 6.700455e-03 9.678720e-05
4225 6.695529e-03 9.671596e-05
4226 6.690606e-03 9.664478e-05
4227 6.685687e-03 9.657364e-05
4228 6.680771e-03 9.650256e-05
4229 6.675860e-03 9.643153e-05
4230 6.670951e-03 9.636056e-05
4231 6.666047e-03 9.628963e-05
4232 6.661146e-03 9.621876e-05
4233 6.656248e-03 9.614794e-05
4234 6.651354e-03 9.607717e-05
4235 6.646464e-03 9.600646e-05
4236 6.641577e-03 9.593580e-05
4237 6.636694e-03 9.586518e-05
4238 6.631815e-03 9.579462e-05
4239 6.626939e-03 9.572412e-05
4240 6.622067e-03 9.565366e-05
4241 6.617198e-03 9.558326e-05
4242 6.612333e-03 9.551291e-05
4243 6.607472e-03 9.544261e-05
4244 6.602614e-03 9.537236e-05
4245 6.597759e-03 9.530216e-05
4246 6.592908e-03 9.523202e-05
4247 6.588061e-03 9.516192e-05
4248 6.583218e-03 9.509188e-05
4249 6.578378e-03 9.502189e-05
4250 6.573541e-03 9.495195e-05
4251 6.568708e-03 9.488206e-05
4252 6.563879e-03 9.481223e-05
4253 6.559053e-03 9.474244e-05
4254 6.554231e-03 9.467271e-05
4255 6.549412e-03 9.460303e-05
4256 6.544597e-03 9.453340e-05
4257 6.539785e-03 9.446382e-05
4258 6.534977e-03 9.439429e-05
4259 6.530172e-03 9.432481e-05
4260 6.525371e-03 9.425539e-05
4261 6.520574e-03 9.418601e-05
4262 6.515780e-03 9.411669e-05
4263 6.510989e-03 9.404742e-05
4264 6.506202e-03 9.397820e-05
4265 6.501419e-03 9.390902e-05
4266 6.496639e-03 9.383990e-05
4267 6.491863e-03 9.377084e-05
4268 6.487090e-03 9.370182e-05
4269 6.482321e-03 9.363285e-05
4270 6.477555e-03 9.356393e-05
4271 6.472792e-03 9.349507e-05
4272 6.468034e-03 9.342625e-05
4273 6.463278e-03 9.335749e-05
4274 6.458527e-03 9.328877e-05
4275 6.453778e-03 9.322011e-05
4276 6.449033e-03 9.315150e-05
4277 6.444292e-03 9.308294e-05
4278 6.439554e-03 9.301442e-05
4279 6.434820e-03 9.294596e-05
4280 6.430089e-03 9.287755e-05
4281 6.425362e-03 9.280919e-05
4282 6.420638e-03 9.274088e-05
4283 6.415917e-03 9.267262e-05
4284 6.411200e-03 9.260441e-05
4285 6.406487e-03 9.253625e-05
4286 6.401777e-03 9.246814e-05
4287 6.397070e-03 9.240008e-05
4288 6.392367e-03 9.233207e-05
4289 6.387668e-03 9.226411e-05
4290 6.382972e-03 9.219621e-05
4291 6.378279e-03 9.212835e-05
4292 6.373590e-03 9.206054e-05
4293 6.368904e-03 9.199278e-05
4294 6.364222e-03 9.192507e-05
4295 6.359543e-03 9.185741e-05
4296 6.354867e-03 9.178980e-05
4297 6.350195e-03 9.172224e-05
4298 6.345527e-03 9.165473e-05
4299 6.340861e-03 9.158727e-05
4300 6.336200e-03 9.151986e-05
4301 6.331542e-03 9.145250e-05
4302 6.326887e-03 9.138518e-05
4303 6.322235e-03 9.131792e-05
4304 6.317587e-03 9.125071e-05
4305 6.312943e-03 9.118354e-05
4306 6.308302e-03 9.111643e-05
4307 6.303664e-03 9.104937e-05
4308 6.299030e-03 9.098235e-05
4309 6.294399e-03 9.091539e-05
4310 6.289771e-03 9.084847e-05
4311 6.285147e-03 9.078160e-05
4312 6.280526e-03 9.071478e-05
4313 6.275909e-03 9.064801e-05
4314 6.271295e-03 9.058129e-05
4315 6.266685e-03 9.051462e-05
4316 6.262078e-03 9.044800e-05
4317 6.257474e-03 9.038143e-05
4318 6.252874e-03 9.031491e-05
4319 6.248277e-03 9.024843e-05
4320 6.243683e-03 9.018201e-05
4321 6.239093e-03 9.011563e-05
4322 6.234506e-03 9.004930e-05
4323 6.229923e-03 8.998302e-05
4324 6.225343e-03 8.991679e-05
4325 6.220766e-03 8.985061e-05
4326 6.216193e-03 8.978448e-05
4327 6.211623e-03 8.971839e-05
4328 6.207056e-03 8.965236e-05
4329 6.202493e-03 8.958637e-05
4330 6.197933e-03 8.952043e-05
4331 6.193377e-03 8.945454e-05
4332 6.188823e-03 8.938870e-05
4333 6.184274e-03 8.932291e-05
4334 6.179727e-03 8.925716e-05
4335 6.175184e-03 8.919147e-05
4336 6.170644e-03 8.912582e-05
4337 6.166108e-03 8.906022e-05
4338 6.161575e-03 8.899467e-05
4339 6.157045e-03 8.892916e-05
4340 6.152519e-03 8.886371e-05
4341 6.147996e-03 8.879830e-05
4342 6.143476e-03 8.873294e-05
4343 6.138959e-03 8.866763e-05
4344 6.134446e-03 8.860237e-05
4345 6.129937e-03 8.853716e-05
4346 6.125430e-03 8.847199e-05
4347 6.120927e-03 8.840687e-05
4348 6.116427e-03 8.834180e-05
4349 6.111931e-03 8.827678e-05
4350 6.107438e-03 8.821181e-05
4351 6.102948e-03 8.814688e-05
4352 6.098461e-03 8.808200e-05
4353 6.093978e-03 8.801717e-05
4354 6.089498e-03 8.795239e-05
4355 6.085021e-03 8.788765e-05
4356 6.080548e-03 8.782296e-05
4357 6.076078e-03 8.775832e-05
4358 6.071611e-03 8.769373e-05
4359 6.067147e-03 8.762918e-05
4360 6.062687e-03 8.756468e-05
4361 6.058230e-03 8.750023e-05
4362 6.053776e-03 8.743583e-05
4363 6.049326e-03 8.737147e-05
4364 6.044879e-03 8.730717e-05
4365 6.040435e-03 8.724290e-05
4366 6.035995e-03 8.717869e-05
4367 6.031557e-03 8.711452e-05
4368 6.027123e-03 8.705041e-05
4369 6.022692e-03 8.698633e-05
4370 6.018265e-03 8.692231e-05
4371 6.013841e-03 8.685833e-05
4372 6.009420e-03 8.679440e-05
4373 6.005002e-03 8.673052e-05
4374 6.000587e-03 8.666668e-05
4375 5.996176e-03 8.660289e-05
4376 5.991768e-03 8.653915e-05
4377 5.987363e-03 8.647545e-05
4378 5.982962e-03 8.641180e-05
4379 5.978564e-03 8.634820e-05
4380 5.974169e-03 8.628464e-05
4381 5.969777e-03 8.622114e-05
4382 5.965388e-03 8.615767e-05
4383 5.961003e-03 8.609426e-05
4384 5.956621e-03 8.603089e-05
4385 5.952242e-03 8.596757e-05
4386 5.947866e-03 8.590429e-05
4387 5.943494e-03 8.584107e-05
4388 5.939125e-03 8.577788e-05
4389 5.934759e-03 8.571475e-05
4390 5.930396e-03 8.565166e-05
4391 5.926036e-03 8.558862e-05
4392 5.921680e-03 8.552562e-05
4393 5.917327e-03 8.546267e-05
4394 5.912977e-03 8.539977e-05
4395 5.908630e-03 8.533691e-05
4396 5.904286e-03 8.527410e-05
4397 5.899946e-03 8.521133e-05
4398 5.895609e-03 8.514861e-05
4399 5.891275e-03 8.508594e-05
4400 5.886944e-03 8.502332e-05
4401 5.882617e-03 8.496074e-05
4402 5.878292e-03 8.489820e-05
4403 5.873971e-03 8.483571e-05
4404 5.869653e-03 8.477327e-05
4405 5.865338e-03 8.471088e-05
4406 5.861026e-03 8.464853e-05
4407 5.856718e-03 8.458622e-05
4408 5.852412e-03 8.452396e-05
4409 5.848110e-03 8.446175e-05
4410 5.843811e-03 8.439958e-05
4411 5.839515e-03 8.433746e-05
4412 5.835223e-03 8.427539e-05
4413 5.830933e-03 8.421336e-05
4414 5.826647e-03 8.415137e-05
4415 5.822364e-03 8.408943e-05
4416 5.818084e-03 8.402754e-05
4417 5.813807e-03 8.396569e-05
4418 5.809533e-03 8.390389e-05
4419 5.805262e-03 8.384214e-05
4420 5.800995e-03 8.378042e-05
4421 5.796730e-03 8.371876e-05
4422 5.792469e-03 8.365714e-05
4423 5.788211e-03 8.359556e-05
4424 5.783956e-03 8.353403e-05
4425 5.779705e-03 8.347255e-05
4426 5.775456e-03 8.341111e-05
4427 5.771210e-03 8.334972e-05
4428 5.766968e-03 8.328837e-05
4429 5.762729e-03 8.322707e-05
4430 5.758492e-03 8.316581e-05
4431 5.754259e-03 8.310459e-05
4432 5.750030e-03 8.304343e-05
4433 5.745803e-03 8.298230e-05
4434 5.741579e-03 8.292123e-05
4435 5.737358e-03 8.286019e-05
4436 5.733141e-03 8.279920e-05
4437 5.728926e-03 8.273826e-05
4438 5.724715e-03 8.267736e-05
4439 5.720507e-03 8.261651e-05
4440 5.716302e-03 8.255570e-05
4441 5.712100e-03 8.249494e-05
4442 5.707901e-03 8.243422e-05
4443 5.703705e-03 8.237354e-05
4444 5.699513e-03 8.231291e-05
4445 5.695323e-03 8.225233e-05
4446 5.691136e-03 8.219179e-05
4447 5.686953e-03 8.213129e-05
4448 5.682772e-03 8.207084e-05
4449 5.678595e-03 8.201043e-05
4450 5.674421e-03 8.195007e-05
4451 5.670250e-03 8.188975e-05
4452 5.666082e-03 8.182947e-05
4453 5.661917e-03 8.176924e-05
4454 5.657755e-03 8.170906e-05
4455 5.653596e-03 8.164892e-05
4456 5.649440e-03 8.158882e-05
4457 5.645287e-03 8.152877e-05
4458 5.641137e-03 8.146876e-05
4459 5.636991e-03 8.140880e-05
4460 5.632847e-03 8.134888e-05
4461 5.628707e-03 8.128900e-05
4462 5.624569e-03 8.122917e-05
4463 5.620435e-03 8.116938e-05
4464 5.616303e-03 8.110964e-05
4465 5.612175e-03 8.104994e-05
4466 5.608049e-03 8.099028e-05
4467 5.603927e-03 8.093067e-05
4468 5.599808e-03 8.087110e-05
4469 5.595692e-03 8.081158e-05
4470 5.591578e-03 8.075210e-05
4471 5.587468e-03 8.069266e-05
4472 5.583361e-03 8.063327e-05
4473 5.579257e-03 8.057392e-05
4474 5.575156e-03 8.051461e-05
4475 5.571058e-03 8.045535e-05
4476 5.566963e-03 8.039613e-05
4477 5.562870e-03 8.033696e-05
4478 5.558781e-03 8.027783e-05
4479 5.554695e-03 8.021874e-05
4480 5.550612e-03 8.015969e-05
4481 5.546532e-03 8.010069e-05
4482 5.542455e-03 8.004174e-05
4483 5.538381e-03 7.998282e-05
4484 5.534310e-03 7.992395e-05
4485 5.530242e-03 7.986512e-05
4486 5.526177e-03 7.980634e-05
4487 5.522115e-03 7.974760e-05
4488 5.518056e-03 7.968890e-05
4489 5.514000e-03 7.963025e-05
4490 5.509947e-03 7.957164e-05
4491 5.505897e-03 7.951307e-05
4492 5.501850e-03 7.945454e-05
4493 5.497805e-03 7.939606e-05
4494 5.493764e-03 7.933762e-05
4495 5.489726e-03 7.927923e-05
4496 5.485691e-03 7.922088e-05
4497 5.481659e-03 7.916257e-05
4498 5.477629e-03 7.910430e-05
4499 5.473603e-03 7.904607e-05
4500 5.469580e-03 7.898789e-05
4501 5.465559e-03 7.892976e-05
4502 5.461542e-03 7.887166e-05
4503 5.457527e-03 7.881361e-05
4504 5.453516e-03 7.875560e-05
4505 5.449507e-03 7.869763e-05
4506 5.445502e-03 7.863970e-05
4507 5.441499e-03 7.858182e-05
4508 5.437499e-03 7.852398e-05
4509 5.433502e-03 7.846619e-05
4510 5.429509e-03 7.840843e-05
4511 5.425518e-03 7.835072e-05
4512 5.421530e-03 7.829305e-05
4513 5.417545e-03 7.823542e-05
4514 5.413563e-03 7.817784e-05
4515 5.409584e-03 7.812030e-05
4516 5.405607e-03 7.806280e-05
4517 5.401634e-03 7.800534e-05
4518 5.397664e-03 7.794792e-05
4519 5.393696e-03 7.789055e-05
4520 5.389732e-03 7.783322e-05
4521 5.385770e-03 7.777593e-05
4522 5.381811e-03 7.771869e-05
4523 5.377855e-03 7.766148e-05
4524 5.373903e-03 7.760432e-05
4525 5.369953e-03 7.754720e-05
4526 5.366006e-03 7.749012e-05
4527 5.362061e-03 7.743309e-05
4528 5.358120e-03 7.737609e-05
4529 5.354182e-03 7.731914e-05
4530 5.350246e-03 7.726223e-05
4531 5.346314e-03 7.720536e-05
4532 5.342384e-03 7.714854e-05
4533 5.338457e-03 7.709175e-05
4534 5.334534e-03 7.703501e-05
4535 5.330613e-03 7.697831e-05
4536 5.326694e-03 7.692165e-05
4537 5.322779e-03 7.686503e-05
4538 5.318867e-03 7.680845e-05
4539 5.314957e-03 7.675192e-05
4540 5.311051e-03 7.669543e-05
4541 5.307147e-03 7.663898e-05
4542 5.303246e-03 7.658257e-05
4543 5.299348e-03 7.652620e-05
4544 5.295453e-03 7.646987e-05
4545 5.291561e-03 7.641359e-05
4546 5.287672e-03 7.635734e-05
4547 5.283785e-03 7.630114e-05
4548 5.279902e-03 7.624498e-05
4549 5.276021e-03 7.618886e-05
4550 5.272143e-03 7.613278e-05
4551 5.268268e-03 7.607674e-05
4552 5.264396e-03 7.602075e-05
4553 5.260526e-03 7.596479e-05
4554 5.256660e-03 7.590888e-05
4555 5.252796e-03 7.585301e-05
4556 5.248935e-03 7.579718e-05
4557 5.245077e-03 7.574139e-05
4558 5.241222e-03 7.568564e-05
4559 5.237370e-03 7.562993e-05
4560 5.233520e-03 7.557426e-05
4561 5.229674e-03 7.551864e-05
4562 5.225830e-03 7.546305e-05
4563 5.221989e-03 7.540751e-05
4564 5.218151e-03 7.535201e-05
4565 5.214315e-03 7.529654e-05
4566 5.210483e-03 7.524112e-05
4567 5.206653e-03 7.518574e-05
4568 5.202826e-03 7.513040e-05
4569 5.199002e-03 7.507510e-05
4570 5.195181e-03 7.501984e-05
4571 5.191363e-03 7.496463e-05
4572 5.187547e-03 7.490945e-05
4573 5.183734e-03 7.485431e-05
4574 5.179924e-03 7.479922e-05
4575 5.176117e-03 7.474416e-05
4576 5.172313e-03 7.468914e-05
4577 5.168511e-03 7.463417e-05
4578 5.164712e-03 7.457924e-05
4579 5.160916e-03 7.452434e-05
4580 5.157123e-03 7.446949e-05
4581 5.153333e-03 7.441468e-05
4582 5.149545e-03 7.435990e-05
4583 5.145760e-03 7.430517e-05
4584 5.141978e-03 7.425048e-05
4585 5.138199e-03 7.419583e-05
4586 5.134422e-03 7.414122e-05
4587 5.130649e-03 7.408665e-05
4588 5.126878e-03 7.403211e-05
4589 5.123110e-03 7.397762e-05
4590 5.119344e-03 7.392317e-05
4591 5.115582e-03 7.386876e-05
4592 5.111822e-03 7.381439e-05
4593 5.108065e-03 7.376006e-05
4594 5.104311e-03 7.370577e-05
4595 5.100559e-03 7.365152e-05
4596 5.096810e-03 7.359731e-05
4597 5.093064e-03 7.354314e-05
4598 5.089321e-03 7.348901e-05
4599 5.085580e-03 7.343491e-05
4600 5.081843e-03 7.338086e-05
4601 5.078108e-03 7.332685e-05
4602 5.074375e-03 7.327288e-05
4603 5.070646e-03 7.321895e-05
4604 5.066919e-03 7.316505e-05
4605 5.063195e-03 7.311120e-05
4606 5.059474e-03 7.305739e-05
4607 5.055755e-03 7.300362e-05
4608 5.052040e-03 7.294988e-05
4609 5.048327e-03 7.289619e-05
4610 5.044616e-03 7.284253e-05
4611 5.040909e-03 7.278892e-05
4612 5.037204e-03 7.273534e-05
4613 5.033502e-03 7.268180e-05
4614 5.029802e-03 7.262831e-05
4615 5.026106e-03 7.257485e-05
4616 5.022412e-03 7.252143e-05
4617 5.018720e-03 7.246805e-05
4618 5.015032e-03 7.241471e-05
4619 5.011346e-03 7.236141e-05
4620 5.007663e-03 7.230815e-05
4621 5.003982e-03 7.225493e-05
4622 5.000305e-03 7.220174e-05
4623 4.996630e-03 7.214860e-05
4624 4.992958e-03 7.209550e-05
4625 4.989288e-03 7.204243e-05
4626 4.985621e-03 7.198940e-05
4627 4.981957e-03 7.193642e-05
4628 4.978295e-03 7.188347e-05
4629 4.974637e-03 7.183056e-05
4630 4.970981e-03 7.177769e-05
4631 4.967327e-03 7.172486e-05
4632 4.963677e-03 7.167206e-05
4633 4.960029e-03 7.161931e-05
4634 4.956383e-03 7.156659e-05
4635 4.952741e-03 7.151392e-05
4636 4.949101e-03 7.146128e-05
4637 4.945463e-03 7.140868e-05
4638 4.941829e-03 7.135612e-05
4639 4.938197e-03 7.130360e-05
4640 4.934567e-03 7.125112e-05
4641 4.930941e-03 7.119867e-05
4642 4.927317e-03 7.114627e-05
4643 4.923696e-03 7.109390e-05
4644 4.920077e-03 7.104157e-05
4645 4.916461e-03 7.098928e-05
4646 4.912848e-03 7.093703e-05
4647 4.909237e-03 7.088482e-05
4648 4.905629e-03 7.083264e-05
4649 4.902024e-03 7.078051e-05
4650 4.898421e-03 7.072841e-05
4651 4.894821e-03 7.067635e-05
4652 4.891224e-03 7.062433e-05
4653 4.887629e-03 7.057234e-05
4654 4.884037e-03 7.052040e-05
4655 4.880448e-03 7.046849e-05
4656 4.876861e-03 7.041662e-05
4657 4.873277e-03 7.036479e-05
4658 4.869696e-03 7.031300e-05
4659 4.866117e-03 7.026125e-05
4660 4.862541e-03 7.020953e-05
4661 4.858967e-03 7.015786e-05
4662 4.855396e-03 7.010622e-05
4663 4.851828e-03 7.005461e-05
4664 4.848262e-03 7.000305e-05
4665 4.844699e-03 6.995153e-05
4666 4.841139e-03 6.990004e-05
4667 4.837581e-03 6.984859e-05
4668 4.834026e-03 6.979718e-05
4669 4.830473e-03 6.974580e-05
4670 4.826923e-03 6.969447e-05
4671 4.823376e-03 6.964317e-05
4672 4.819831e-03 6.959191e-05
4673 4.816289e-03 6.954068e-05
4674 4.812749e-03 6.948950e-05
4675 4.809212e-03 6.943835e-05
4676 4.805678e-03 6.938724e-05
4677 4.802146e-03 6.933617e-05
4678 4.798617e-03 6.928513e-05
4679 4.795091e-03 6.923414e-05
4680 4.791567e-03 6.918318e-05
4681 4.788045e-03 6.913225e-05
4682 4.784527e-03 6.908137e-05
4683 4.781011e-03 6.903052e-05
4684 4.777497e-03 6.897971e-05
4685 4.773986e-03 6.892894e-05
4686 4.770478e-03 6.887820e-05
4687 4.766972e-03 6.882751e-05
4688 4.763469e-03 6.877685e-05
4689 4.759968e-03 6.872622e-05
4690 4.756470e-03 6.867564e-05
4691 4.752974e-03 6.862509e-05
4692 4.749481e-03 6.857458e-05
4693 4.745991e-03 6.852410e-05
4694 4.742503e-03 6.847367e-05
4695 4.739018e-03 6.842327e-05
4696 4.735535e-03 6.837290e-05
4697 4.732055e-03 6.832258e-05
4698 4.728578e-03 6.827229e-05
4699 4.725103e-03 6.822204e-05
4700 4.721630e-03 6.817182e-05
4701 4.718161e-03 6.812164e-05
4702 4.714693e-03 6.807150e-05
4703 4.711229e-03 6.802140e-05
4704 4.707766e-03 6.797133e-05
4705 4.704307e-03 6.792130e-05
4706 4.700850e-03 6.787131e-05
4707 4.697395e-03 6.782135e-05
4708 4.693943e-03 6.777143e-05
4709 4.690494e-03 6.772155e-05
4710 4.687047e-03 6.767170e-05
4711 4.683602e-03 6.762189e-05
4712 4.680160e-03 6.757212e-05
4713 4.676721e-03 6.752238e-05
4714 4.673284e-03 6.747268e-05
4715 4.669850e-03 6.742302e-05
4716 4.666418e-03 6.737339e-05
4717 4.662989e-03 6.732380e-05
4718 4.659562e-03 6.727425e-05
4719 4.656138e-03 6.722473e-05
4720 4.652716e-03 6.717525e-05
4721 4.649297e-03 6.712581e-05
4722 4.645881e-03 6.707640e-05
4723 4.642467e-03 6.702703e-05
4724 4.639055e-03 6.697769e-05
4725 4.635646e-03 6.692839e-05
4726 4.632239e-03 6.687913e-05
4727 4.628835e-03 6.682990e-05
4728 4.625434e-03 6.678071e-05
4729 4.622035e-03 6.673156e-05
4730 4.618638e-03 6.668244e-05
4731 4.615244e-03 6.663336e-05
4732 4.611853e-03 6.658431e-05
4733 4.608464e-03 6.653530e-05
4734 4.605077e-03 6.648633e-05
4735 4.601693e-03 6.643739e-05
4736 4.598311e-03 6.638849e-05
4737 4.594932e-03 6.633963e-05
4738 4.591556e-03 6.629080e-05
4739 4.588182e-03 6.624200e-05
4740 4.584810e-03 6.619325e-05
4741 4.581441e-03 6.614452e-05
4742 4.578074e-03 6.609584e-05
4743 4.574710e-03 6.604719e-05
4744 4.571348e-03 6.599857e-05
4745 4.567989e-03 6.595000e-05
4746 4.564632e-03 6.590145e-05
4747 4.561278e-03 6.585295e-05
4748 4.557926e-03 6.580447e-05
4749 4.554577e-03 6.575604e-05
4750 4.551230e-03 6.570764e-05
4751 4.547886e-03 6.565928e-05
4752 4.544544e-03 6.561095e-05
4753 4.541204e-03 6.556265e-05
4754 4.537867e-03 6.551440e-05
4755 4.534532e-03 6.546617e-05
4756 4.531200e-03 6.541799e-05
4757 4.527871e-03 6.536984e-05
4758 4.524543e-03 6.532172e-05
4759 4.521219e-03 6.527364e-05
4760 4.517896e-03 6.522560e-05
4761 4.514576e-03 6.517759e-05
4762 4.511259e-03 6.512961e-05
4763 4.507944e-03 6.508167e-05
4764 4.504631e-03 6.503377e-05
4765 4.501321e-03 6.498590e-05
4766 4.498014e-03 6.493807e-05
4767 4.494708e-03 6.489027e-05
4768 4.491405e-03 6.484251e-05
4769 4.488105e-03 6.479478e-05
4770 4.484807e-03 6.474709e-05
4771 4.481512e-03 6.469943e-05
4772 4.478218e-03 6.465181e-05
4773 4.474928e-03 6.460422e-05
4774 4.471640e-03 6.455667e-05
4775 4.468354e-03 6.450915e-05
4776 4.465070e-03 6.446167e-05
4777 4.461789e-03 6.441422e-05
4778 4.458511e-03 6.436681e-05
4779 4.455235e-03 6.431943e-05
4780 4.451961e-03 6.427209e-05
4781 4.448689e-03 6.422478e-05
4782 4.445420e-03 6.417751e-05
4783 4.442154e-03 6.413027e-05
4784 4.438890e-03 6.408307e-05
4785 4.435628e-03 6.403590e-05
4786 4.432369e-03 6.398877e-05
4787 4.429112e-03 6.394167e-05
4788 4.425857e-03 6.389460e-05
4789 4.422605e-03 6.384757e-05
4790 4.419355e-03 6.380058e-05
4791 4.416108e-03 6.375362e-05
4792 4.412863e-03 6.370669e-05
4793 4.409620e-03 6.365980e-05
4794 4.406380e-03 6.361294e-05
4795 4.403142e-03 6.356612e-05
4796 4.399907e-03 6.351933e-05
4797 4.396674e-03 6.347258e-05
4798 4.393443e-03 6.342586e-05
4799 4.390215e-03 6.337917e-05
4800 4.386989e-03 6.333252e-05
4801 4.383766e-03 6.328591e-05
4802 4.380544e-03 6.323932e-05
4803 4.377326e-03 6.319278e-05
4804 4.374109e-03 6.314626e-05
4805 4.370895e-03 6.309978e-05
4806 4.367684e-03 6.305334e-05
4807 4.364474e-03 6.300693e-05
4808 4.361267e-03 6.296055e-05
4809 4.358063e-03 6.291421e-05
4810 4.354860e-03 6.286790e-05
4811 4.351661e-03 6.282163e-05
4812 4.348463e-03 6.277539e-05
4813 4.345268e-03 6.272918e-05
4814 4.342075e-03 6.268301e-05
4815 4.338885e-03 6.263687e-05
4816 4.335696e-03 6.259077e-05
4817 4.332511e-03 6.254470e-05
4818 4.329327e-03 6.249866e-05
4819 4.326146e-03 6.245266e-05
4820 4.322967e-03 6.240669e-05
4821 4.319791e-03 6.236075e-05
4822 4.316617e-03 6.231485e-05
4823 4.313445e-03 6.226899e-05
4824 4.310276e-03 6.222315e-05
4825 4.307109e-03 6.217735e-05
4826 4.303944e-03 6.213159e-05
4827 4.300782e-03 6.208586e-05
4828 4.297621e-03 6.204016e-05
4829 4.294464e-03 6.199449e-05
4830 4.291308e-03 6.194886e-05
4831 4.288155e-03 6.190326e-05
4832 4.285004e-03 6.185770e-05
4833 4.281856e-03 6.181217e-05
4834 4.278710e-03 6.176667e-05
4835 4.275566e-03 6.172121e-05
4836 4.272424e-03 6.167578e-05
4837 4.269285e-03 6.163038e-05
4838 4.266148e-03 6.158502e-05
4839 4.263014e-03 6.153969e-05
4840 4.259882e-03 6.149439e-05
4841 4.256752e-03 6.144913e-05
4842 4.253624e-03 6.140390e-05
4843 4.250499e-03 6.135870e-05
4844 4.247375e-03 6.131354e-05
4845 4.244255e-03 6.126841e-05
4846 4.241136e-03 6.122331e-05
4847 4.238020e-03 6.117824e-05
4848 4.234906e-03 6.113321e-05
4849 4.231795e-03 6.108822e-05
4850 4.228685e-03 6.104325e-05
4851 4.225578e-03 6.099832e-05
4852 4.222474e-03 6.095342e-05
4853 4.219371e-03 6.090856e-05
4854 4.216271e-03 6.086373e-05
4855 4.213173e-03 6.081893e-05
4856 4.210078e-03 6.077416e-05
4857 4.206984e-03 6.072943e-05
4858 4.203893e-03 6.068473e-05
4859 4.200804e-03 6.064006e-05
4860 4.197718e-03 6.059542e-05
4861 4.194634e-03 6.055082e-05
4862 4.191552e-03 6.050625e-05
4863 4.188472e-03 6.046172e-05
4864 4.185395e-03 6.041722e-05
4865 4.182320e-03 6.037274e-05
4866 4.179247e-03 6.032831e-05
4867 4.176176e-03 6.028390e-05
4868 4.173108e-03 6.023953e-05
4869 4.170042e-03 6.019519e-05
4870 4.166978e-03 6.015088e-05
4871 4.163916e-03 6.010661e-05
4872 4.160857e-03 6.006237e-05
4873 4.157800e-03 6.001816e-05
4874 4.154745e-03 5.997398e-05
4875 4.151692e-03 5.992984e-05
4876 4.148642e-03 5.988572e-05
4877 4.145594e-03 5.984164e-05
4878 4.142548e-03 5.979760e-05
4879 4.139505e-03 5.975358e-05
4880 4.136463e-03 5.970960e-05
4881 4.133424e-03 5.966565e-05
4882 4.130387e-03 5.962173e-05
4883 4.127352e-03 5.957785e-05
4884 4.124320e-03 5.953400e-05
4885 4.121290e-03 5.949018e-05
4886 4.118262e-03 5.944639e-05
4887 4.115236e-03 5.940263e-05
4888 4.112213e-03 5.935891e-05
4889 4.109191e-03 5.931522e-05
4890 4.106172e-03 5.927156e-05
4891 4.103156e-03 5.922793e-05
4892 4.100141e-03 5.918433e-05
4893 4.097129e-03 5.914077e-05
4894 4.094118e-03 5.909724e-05
4895 4.091110e-03 5.905374e-05
4896 4.088105e-03 5.901027e-05
4897 4.085101e-03 5.896684e-05
4898 4.082100e-03 5.892344e-05
4899 4.079101e-03 5.888007e-05
4900 4.076104e-03 5.883673e-05
4901 4.073109e-03 5.879342e-05
4902 4.070117e-03 5.875014e-05
4903 4.067126e-03 5.870690e-05
4904 4.064138e-03 5.866369e-05
4905 4.061152e-03 5.862051e-05
4906 4.058169e-03 5.857736e-05
4907 4.055187e-03 5.853424e-05
4908 4.052208e-03 5.849116e-05
4909 4.049231e-03 5.844811e-05
4910 4.046256e-03 5.840508e-05
4911 4.043283e-03 5.836210e-05
4912 4.040313e-03 5.831914e-05
4913 4.037344e-03 5.827621e-05
4914 4.034378e-03 5.823332e-05
4915 4.031414e-03 5.819045e-05
4916 4.028452e-03 5.814762e-05
4917 4.025493e-03 5.810482e-05
4918 4.022535e-03 5.806205e-05
4919 4.019580e-03 5.801932e-05
4920 4.016627e-03 5.797661e-05
4921 4.013676e-03 5.793394e-05
4922 4.010727e-03 5.789129e-05
4923 4.007781e-03 5.784868e-05
4924 4.004836e-03 5.780610e-05
4925 4.001894e-03 5.776355e-05
4926 3.998954e-03 5.772104e-05
4927 3.996016e-03 5.767855e-05
4928 3.993080e-03 5.763609e-05
4929 3.990147e-03 5.759367e-05
4930 3.987215e-03 5.755128e-05
4931 3.984286e-03 5.750892e-05
4932 3.981359e-03 5.746659e-05
4933 3.978434e-03 5.742429e-05
4934 3.975511e-03 5.738202e-05
4935 3.972591e-03 5.733978e-05
4936 3.969672e-03 5.729758e-05
4937 3.966756e-03 5.725540e-05
4938 3.963842e-03 5.721326e-05
4939 3.960930e-03 5.717115e-05
4940 3.958020e-03 5.712907e-05
4941 3.955112e-03 5.708702e-05
4942 3.952206e-03 5.704500e-05
4943 3.949303e-03 5.700301e-05
4944 3.946401e-03 5.696105e-05
4945 3.943502e-03 5.691912e-05
4946 3.940605e-03 5.687723e-05
4947 3.937710e-03 5.683536e-05
4948 3.934817e-03 5.679353e-05
4949 3.931927e-03 5.675173e-05
4950 3.929038e-03 5.670995e-05
4951 3.926152e-03 5.666821e-05
4952 3.923267e-03 5.662650e-05
4953 3.920385e-03 5.658482e-05
4954 3.917505e-03 5.654317e-05
4955 3.914627e-03 5.650155e-05
4956 3.911751e-03 5.645996e-05
4957 3.908877e-03 5.641840e-05
4958 3.906006e-03 5.637688e-05
4959 3.903136e-03 5.633538e-05
4960 3.900269e-03 5.629391e-05
4961 3.897404e-03 5.625248e-05
4962 3.894541e-03 5.621107e-05
4963 3.891680e-03 5.616970e-05
4964 3.888821e-03 5.612835e-05
4965 3.885964e-03 5.608704e-05
4966 3.883109e-03 5.604576e-05
4967 3.880256e-03 5.600450e-05
4968 3.877406e-03 5.596328e-05
4969 3.874557e-03 5.592209e-05
4970 3.871711e-03 5.588093e-05
4971 3.868867e-03 5.583979e-05
4972 3.866025e-03 5.579869e-05
4973 3.863185e-03 5.575762e-05
4974 3.860347e-03 5.571658e-05
4975 3.857511e-03 5.567557e-05
4976 3.854677e-03 5.563459e-05
4977 3.851845e-03 5.559364e-05
4978 3.849016e-03 5.555272e-05
4979 3.846188e-03 5.551183e-05
4980 3.843363e-03 5.547097e-05
4981 3.840539e-03 5.543014e-05
4982 3.837718e-03 5.538934e-05
4983 3.834899e-03 5.534857e-05
4984 3.832082e-03 5.530783e-05
4985 3.829267e-03 5.526712e-05
4986 3.826454e-03 5.522644e-05
4987 3.823643e-03 5.518579e-05
4988 3.820834e-03 5.514517e-05
4989 3.818027e-03 5.510458e-05
4990 3.815222e-03 5.506402e-05
4991 3.812420e-03 5.502349e-05
4992 3.809619e-03 5.498299e-05
4993 3.806821e-03 5.494251e-05
4994 3.804024e-03 5.490207e-05
4995 3.801230e-03 5.486166e-05
4996 3.798437e-03 5.482128e-05
4997 3.795647e-03 5.478093e-05
4998 3.792859e-03 5.474061e-05
4999 3.790073e-03 5.470031e-05
5000 3.787288e-03 5.466005e-05
5001 3.784506e-03 5.461982e-05
5002 3.781726e-03 5.457961e-05
5003 3.778948e-03 5.453944e-05
5004 3.776172e-03 5.449930e-05
5005 3.773398e-03 5.445918e-05
5006 3.770626e-03 5.441910e-05
5007 3.767857e-03 5.437904e-05
5008 3.765089e-03 5.433901e-05
5009 3.762323e-03 5.429902e-05
5010 3.759559e-03 5.425905e-05
5011 3.756798e-03 5.421911e-05
5012 3.754038e-03 5.417920e-05
5013 3.751280e-03 5.413932e-05
5014 3.748525e-03 5.409947e-05
5015 3.745771e-03 5.405965e-05
5016 3.743020e-03 5.401986e-05
5017 3.740270e-03 5.398010e-05
5018 3.737523e-03 5.394037e-05
5019 3.734777e-03 5.390066e-05
5020 3.732034e-03 5.386099e-05
5021 3.729292e-03 5.382134e-05
5022 3.726553e-03 5.378173e-05
5023 3.723816e-03 5.374214e-05
5024 3.721080e-03 5.370258e-05
5025 3.718347e-03 5.366306e-05
5026 3.715615e-03 5.362356e-05
5027 3.712886e-03 5.358409e-05
5028 3.710159e-03 5.354464e-05
5029 3.707434e-03 5.350523e-05
5030 3.704710e-03 5.346585e-05
5031 3.701989e-03 5.342649e-05
5032 3.699270e-03 5.338717e-05
5033 3.696552e-03 5.334787e-05
5034 3.693837e-03 5.330861e-05
5035 3.691124e-03 5.326937e-05
5036 3.688412e-03 5.323016e-05
5037 3.685703e-03 5.319098e-05
5038 3.682996e-03 5.315182e-05
5039 3.680290e-03 5.311270e-05
5040 3.677587e-03 5.307361e-05
5041 3.674886e-03 5.303454e-05
5042 3.672186e-03 5.299550e-05
5043 3.669489e-03 5.295650e-05
5044 3.666794e-03 5.291752e-05
5045 3.664100e-03 5.287857e-05
5046 3.661409e-03 5.283964e-05
5047 3.658719e-03 5.280075e-05
5048 3.656032e-03 5.276189e-05
5049 3.653346e-03 5.272305e-05
5050 3.650663e-03 5.268424e-05
5051 3.647981e-03 5.264546e-05
5052 3.645302e-03 5.260671e-05
5053 3.642624e-03 5.256799e-05
5054 3.639949e-03 5.252930e-05
5055 3.637275e-03 5.249063e-05
5056 3.634603e-03 5.245200e-05
5057 3.631934e-03 5.241339e-05
5058 3.629266e-03 5.237481e-05
5059 3.626600e-03 5.233626e-05
5060 3.623936e-03 5.229774e-05
5061 3.621274e-03 5.225924e-05
5062 3.618614e-03 5.222077e-05
5063 3.615957e-03 5.218234e-05
5064 3.613301e-03 5.214393e-05
5065 3.610647e-03 5.210555e-05
5066 3.607994e-03 5.206719e-05
5067 3.605344e-03 5.202887e-05
5068 3.602696e-03 5.199057e-05
5069 3.600050e-03 5.195230e-05
5070 3.597406e-03 5.191406e-05
5071 3.594763e-03 5.187585e-05
5072 3.592123e-03 5.183767e-05
5073 3.589485e-03 5.179951e-05
5074 3.586848e-03 5.176138e-05
5075 3.584214e-03 5.172328e-05
5076 3.581581e-03 5.168521e-05
5077 3.578950e-03 5.164717e-05
5078 3.576321e-03 5.160915e-05
5079 3.573695e-03 5.157116e-05
5080 3.571070e-03 5.153320e-05
5081 3.568447e-03 5.149527e-05
5082 3.565826e-03 5.145737e-05
5083 3.563207e-03 5.141949e-05
5084 3.560590e-03 5.138164e-05
5085 3.557974e-03 5.134382e-05
5086 3.555361e-03 5.130603e-05
5087 3.552750e-03 5.126827e-05
5088 3.550140e-03 5.123053e-05
5089 3.547533e-03 5.119282e-05
5090 3.544927e-03 5.115514e-05
5091 3.542323e-03 5.111749e-05
5092 3.539722e-03 5.107986e-05
5093 3.537122e-03 5.104226e-05
5094 3.534524e-03 5.100469e-05
5095 3.531928e-03 5.096715e-05
5096 3.529334e-03 5.092963e-05
5097 3.526741e-03 5.089215e-05
5098 3.524151e-03 5.085469e-05
5099 3.521563e-03 5.081725e-05
5100 3.518976e-03 5.077985e-05
5101 3.516392e-03 5.074247e-05
5102 3.513809e-03 5.070512e-05
5103 3.511228e-03 5.066780e-05
5104 3.508649e-03 5.063051e-05
5105 3.506072e-03 5.059324e-05
5106 3.503497e-03 5.055600e-05
5107 3.500924e-03 5.051879e-05
5108 3.498353e-03 5.048160e-05
5109 3.495783e-03 5.044444e-05
5110 3.493216e-03 5.040731e-05
5111 3.490650e-03 5.037021e-05
5112 3.488086e-03 5.033313e-05
5113 3.485525e-03 5.029608e-05
5114 3.482965e-03 5.025906e-05
5115 3.480406e-03 5.022207e-05
5116 3.477850e-03 5.018510e-05
5117 3.475296e-03 5.014816e-05
5118 3.472744e-03 5.011125e-05
5119 3.470193e-03 5.007437e-05
5120 3.467644e-03 5.003751e-05
5121 3.465097e-03 5.000068e-05
5122 3.462553e-03 4.996387e-05
5123 3.460009e-03 4.992710e-05
5124 3.457468e-03 4.989035e-05
5125 3.454929e-03 4.985362e-05
5126 3.452392e-03 4.981693e-05
5127 3.449856e-03 4.978026e-05
5128 3.447322e-03 4.974362e-05
5129 3.444790e-03 4.970700e-05
5130 3.442260e-03 4.967042e-05
5131 3.439732e-03 4.963386e-05
5132 3.437206e-03 4.959732e-05
5133 3.434682e-03 4.956081e-05
5134 3.432159e-03 4.952433e-05
5135 3.429638e-03 4.948788e-05
5136 3.427120e-03 4.945145e-05
5137 3.424603e-03 4.941506e-05
5138 3.422087e-03 4.937868e-05
5139 3.419574e-03 4.934234e-05
5140 3.417063e-03 4.930602e-05
5141 3.414553e-03 4.926972e-05
5142 3.412045e-03 4.923346e-05
5143 3.409540e-03 4.919722e-05
5144 3.407036e-03 4.916101e-05
5145 3.404533e-03 4.912482e-05
5146 3.402033e-03 4.908866e-05
5147 3.399535e-03 4.905253e-05
5148 3.397038e-03 4.901642e-05
5149 3.394543e-03 4.898034e-05
5150 3.392050e-03 4.894429e-05
5151 3.389559e-03 4.890826e-05
5152 3.387070e-03 4.887227e-05
5153 3.384582e-03 4.883629e-05
5154 3.382096e-03 4.880035e-05
5155 3.379613e-03 4.876442e-05
5156 3.377131e-03 4.872853e-05
5157 3.374650e-03 4.869266e-05
5158 3.372172e-03 4.865682e-05
5159 3.369695e-03 4.862101e-05
5160 3.367221e-03 4.858522e-05
5161 3.364748e-03 4.854946e-05
5162 3.362277e-03 4.851372e-05
5163 3.359808e-03 4.847801e-05
5164 3.357340e-03 4.844233e-05
5165 3.354875e-03 4.840667e-05
5166 3.352411e-03 4.837104e-05
5167 3.349949e-03 4.833544e-05
5168 3.347489e-03 4.829986e-05
5169 3.345030e-03 4.826431e-05
5170 3.342574e-03 4.822878e-05
5171 3.340119e-03 4.819328e-05
5172 3.337666e-03 4.815781e-05
5173 3.335215e-03 4.812236e-05
5174 3.332766e-03 4.808694e-05
5175 3.330318e-03 4.805154e-05
5176 3.327872e-03 4.801617e-05
5177 3.325428e-03 4.798083e-05
5178 3.322986e-03 4.794551e-05
5179 3.320546e-03 4.791022e-05
5180 3.318107e-03 4.787496e-05
5181 3.315671e-03 4.783972e-05
5182 3.313236e-03 4.780451e-05
5183 3.310803e-03 4.776932e-05
5184 3.308371e-03 4.773416e-05
5185 3.305942e-03 4.769902e-05
5186 3.303514e-03 4.766391e-05
5187 3.301088e-03 4.762883e-05
5188 3.298664e-03 4.759377e-05
5189 3.296241e-03 4.755874e-05
5190 3.293821e-03 4.752373e-05
5191 3.291402e-03 4.748875e-05
5192 3.288985e-03 4.745379e-05
5193 3.286569e-03 4.741887e-05
5194 3.284156e-03 4.738396e-05
5195 3.281744e-03 4.734908e-05
5196 3.279334e-03 4.731423e-05
5197 3.276926e-03 4.727940e-05
5198 3.274520e-03 4.724460e-05
5199 3.272115e-03 4.720983e-05
5200 3.269712e-03 4.717508e-05
5201 3.267311e-03 4.714035e-05
5202 3.264912e-03 4.710566e-05
5203 3.262514e-03 4.707098e-05
5204 3.260118e-03 4.703634e-05
5205 3.257724e-03 4.700171e-05
5206 3.255332e-03 4.696712e-05
5207 3.252941e-03 4.693255e-05
5208 3.250553e-03 4.689800e-05
5209 3.248166e-03 4.686348e-05
5210 3.245780e-03 4.682899e-05
5211 3.243397e-03 4.679452e-05
5212 3.241015e-03 4.676007e-05
5213 3.238635e-03 4.672565e-05
5214 3.236257e-03 4.669126e-05
5215 3.233881e-03 4.665689e-05
5216 3.231506e-03 4.662255e-05
5217 3.229133e-03 4.658823e-05
5218 3.226762e-03 4.655394e-05
5219 3.224392e-03 4.651967e-05
5220 3.222024e-03 4.648543e-05
5221 3.219658e-03 4.645121e-05
5222 3.217294e-03 4.641702e-05
5223 3.214932e-03 4.638286e-05
5224 3.212571e-03 4.634872e-05
5225 3.210212e-03 4.631460e-05
5226 3.207854e-03 4.628051e-05
5227 3.205499e-03 4.624644e-05
5228 3.203145e-03 4.621240e-05
5229 3.200793e-03 4.617839e-05
5230 3.198443e-03 4.614440e-05
5231 3.196094e-03 4.611043e-05
5232 3.193747e-03 4.607649e-05
5233 3.191402e-03 4.604258e-05
5234 3.189058e-03 4.600868e-05
5235 3.186717e-03 4.597482e-05
5236 3.184377e-03 4.594098e-05
5237 3.182038e-03 4.590716e-05
5238 3.179702e-03 4.587337e-05
5239 3.177367e-03 4.583961e-05
5240 3.175034e-03 4.580586e-05
5241 3.172702e-03 4.577215e-05
5242 3.170373e-03 4.573846e-05
5243 3.168045e-03 4.570479e-05
5244 3.165718e-03 4.567115e-05
5245 3.163394e-03 4.563753e-05
5246 3.161071e-03 4.560394e-05
5247 3.158750e-03 4.557037e-05
5248 3.156430e-03 4.553683e-05
5249 3.154113e-03 4.550331e-05
5250 3.151797e-03 4.546982e-05
5251 3.149482e-03 4.543635e-05
5252 3.147170e-03 4.540290e-05
5253 3.144859e-03 4.536948e-05
5254 3.142550e-03 4.533609e-05
5255 3.140242e-03 4.530272e-05
5256 3.137936e-03 4.526937e-05
5257 3.135632e-03 4.523605e-05
5258 3.133330e-03 4.520275e-05
5259 3.131029e-03 4.516948e-05
5260 3.128730e-03 4.513623e-05
5261 3.126433e-03 4.510301e-05
5262 3.124137e-03 4.506981e-05
5263 3.121843e-03 4.503663e-05
5264 3.119551e-03 4.500348e-05
5265 3.117260e-03 4.497036e-05
5266 3.114972e-03 4.493726e-05
5267 3.112684e-03 4.490418e-05
5268 3.110399e-03 4.487113e-05
5269 3.108115e-03 4.483810e-05
5270 3.105833e-03 4.480510e-05
5271 3.103552e-03 4.477212e-05
5272 3.101274e-03 4.473916e-05
5273 3.098996e-03 4.470623e-05
5274 3.096721e-03 4.467332e-05
5275 3.094447e-03 4.464044e-05
5276 3.092175e-03 4.460758e-05
5277 3.089905e-03 4.457475e-05
5278 3.087636e-03 4.454194e-05
5279 3.085369e-03 4.450915e-05
5280 3.083104e-03 4.447639e-05
5281 3.080840e-03 4.444365e-05
5282 3.078578e-03 4.441094e-05
5283 3.076317e-03 4.437825e-05
5284 3.074059e-03 4.434558e-05
5285 3.071801e-03 4.431294e-05
5286 3.069546e-03 4.428032e-05
5287 3.067292e-03 4.424773e-05
5288 3.065040e-03 4.421516e-05
5289 3.062790e-03 4.418261e-05
5290 3.060541e-03 4.415009e-05
5291 3.058294e-03 4.411759e-05
5292 3.056048e-03 4.408512e-05
5293 3.053805e-03 4.405267e-05
5294 3.051562e-03 4.402025e-05
5295 3.049322e-03 4.398784e-05
5296 3.047083e-03 4.395546e-05
5297 3.044846e-03 4.392311e-05
5298 3.042610e-03 4.389078e-05
5299 3.040376e-03 4.385847e-05
5300 3.038144e-03 4.382619e-05
5301 3.035913e-03 4.379393e-05
5302 3.033684e-03 4.376170e-05
5303 3.031457e-03 4.372948e-05
5304 3.029231e-03 4.369730e-05
5305 3.027007e-03 4.366513e-05
5306 3.024785e-03 4.363299e-05
5307 3.022564e-03 4.360087e-05
5308 3.020345e-03 4.356878e-05
5309 3.018127e-03 4.353671e-05
5310 3.015911e-03 4.350466e-05
5311 3.013697e-03 4.347264e-05
5312 3.011484e-03 4.344064e-05
5313 3.009273e-03 4.340867e-05
5314 3.007064e-03 4.337671e-05
5315 3.004856e-03 4.334479e-05
5316 3.002650e-03 4.331288e-05
5317 3.000446e-03 4.328100e-05
5318 2.998243e-03 4.324914e-05
5319 2.996041e-03 4.321731e-05
5320 2.993842e-03 4.318550e-05
5321 2.991644e-03 4.315371e-05
5322 2.989447e-03 4.312194e-05
5323 2.987252e-03 4.309020e-05
5324 2.985059e-03 4.305849e-05
5325 2.982868e-03 4.302679e-05
5326 2.980678e-03 4.299512e-05
5327 2.978489e-03 4.296347e-05
5328 2.976303e-03 4.293185e-05
5329 2.974118e-03 4.290025e-05
5330 2.971934e-03 4.286867e-05
5331 2.969752e-03 4.283712e-05
5332 2.967572e-03 4.280558e-05
5333 2.965393e-03 4.277408e-05
5334 2.963216e-03 4.274259e-05
5335 2.961041e-03 4.271113e-05
5336 2.958867e-03 4.267969e-05
5337 2.956694e-03 4.264828e-05
5338 2.954524e-03 4.261688e-05
5339 2.952355e-03 4.258551e-05
5340 2.950187e-03 4.255417e-05
5341 2.948021e-03 4.252285e-05
5342 2.945857e-03 4.249155e-05
5343 2.943694e-03 4.246027e-05
5344 2.941533e-03 4.242901e-05
5345 2.939374e-03 4.239778e-05
5346 2.937216e-03 4.236658e-05
5347 2.935059e-03 4.233539e-05
5348 2.932905e-03 4.230423e-05
5349 2.930751e-03 4.227309e-05
5350 2.928600e-03 4.224197e-05
5351 2.926450e-03 4.221088e-05
5352 2.924301e-03 4.217981e-05
5353 2.922155e-03 4.214876e-05
5354 2.920009e-03 4.211774e-05
5355 2.917866e-03 4.208674e-05
5356 2.915724e-03 4.205576e-05
5357 2.913583e-03 4.202480e-05
5358 2.911444e-03 4.199387e-05
5359 2.909307e-03 4.196296e-05
5360 2.907171e-03 4.193207e-05
5361 2.905037e-03 4.190120e-05
5362 2.902904e-03 4.187036e-05
5363 2.900773e-03 4.183954e-05
5364 2.898643e-03 4.180875e-05
5365 2.896515e-03 4.177797e-05
5366 2.894389e-03 4.174722e-05
5367 2.892264e-03 4.171649e-05
5368 2.890141e-03 4.168578e-05
5369 2.888019e-03 4.165510e-05
5370 2.885899e-03 4.162444e-05
5371 2.883781e-03 4.159380e-05
5372 2.881664e-03 4.156318e-05
5373 2.879548e-03 4.153259e-05
5374 2.877434e-03 4.150202e-05
5375 2.875322e-03 4.147147e-05
5376 2.873211e-03 4.144094e-05
5377 2.871102e-03 4.141044e-05
5378 2.868994e-03 4.137996e-05
5379 2.866888e-03 4.134950e-05
5380 2.864783e-03 4.131906e-05
5381 2.862680e-03 4.128865e-05
5382 2.860579e-03 4.125826e-05
5383 2.858479e-03 4.122789e-05
5384 2.856381e-03 4.119754e-05
5385 2.854284e-03 4.116722e-05
5386 2.852188e-03 4.113692e-05
5387 2.850095e-03 4.110664e-05
5388 2.848003e-03 4.107638e-05
5389 2.845912e-03 4.104614e-05
5390 2.843823e-03 4.101593e-05
5391 2.841735e-03 4.098574e-05
5392 2.839649e-03 4.095557e-05
5393 2.837565e-03 4.092543e-05
5394 2.835482e-03 4.089530e-05
5395 2.833400e-03 4.086520e-05
5396 2.831320e-03 4.083512e-05
5397 2.829242e-03 4.080506e-05
5398 2.827165e-03 4.077503e-05
5399 2.825090e-03 4.074501e-05
5400 2.823016e-03 4.071502e-05
5401 2.820943e-03 4.068505e-05
5402 2.818873e-03 4.065510e-05
5403 2.816803e-03 4.062518e-05
5404 2.814736e-03 4.059528e-05
5405 2.812670e-03 4.056539e-05
5406 2.810605e-03 4.053554e-05
5407 2.808542e-03 4.050570e-05
5408 2.806480e-03 4.047588e-05
5409 2.804420e-03 4.044609e-05
5410 2.802361e-03 4.041632e-05
5411 2.800304e-03 4.038657e-05
5412 2.798249e-03 4.035684e-05
5413 2.796195e-03 4.032714e-05
5414 2.794142e-03 4.029745e-05
5415 2.792091e-03 4.026779e-05
5416 2.790042e-03 4.023815e-05
5417 2.787994e-03 4.020853e-05
5418 2.785947e-03 4.017893e-05
5419 2.783902e-03 4.014936e-05
5420 2.781859e-03 4.011981e-05
5421 2.779817e-03 4.009028e-05
5422 2.777776e-03 4.006077e-05
5423 2.775737e-03 4.003128e-05
5424 2.773700e-03 4.000181e-05
5425 2.771664e-03 3.997237e-05
5426 2.769629e-03 3.994295e-05
5427 2.767596e-03 3.991354e-05
5428 2.765565e-03 3.988416e-05
5429 2.763535e-03 3.985481e-05
5430 2.761506e-03 3.982547e-05
5431 2.759479e-03 3.979616e-05
5432 2.757454e-03 3.976686e-05
5433 2.755430e-03 3.973759e-05
5434 2.753407e-03 3.970834e-05
5435 2.751386e-03 3.967911e-05
5436 2.749367e-03 3.964991e-05
5437 2.747349e-03 3.962072e-05
5438 2.745332e-03 3.959156e-05
5439 2.743317e-03 3.956242e-05
5440 2.741303e-03 3.953329e-05
5441 2.739291e-03 3.950419e-05
5442 2.737281e-03 3.947512e-05
5443 2.735271e-03 3.944606e-05
5444 2.733264e-03 3.941702e-05
5445 2.731258e-03 3.938801e-05
5446 2.729253e-03 3.935902e-05
5447 2.727250e-03 3.933005e-05
5448 2.725248e-03 3.930110e-05
5449 2.723248e-03 3.927217e-05
5450 2.721249e-03 3.924326e-05
5451 2.719251e-03 3.921437e-05
5452 2.717255e-03 3.918551e-05
5453 2.715261e-03 3.915667e-05
5454 2.713268e-03 3.912784e-05
5455 2.711277e-03 3.909904e-05
5456 2.709287e-03 3.907026e-05
5457 2.707298e-03 3.904150e-05
5458 2.705311e-03 3.901277e-05
5459 2.703325e-03 3.898405e-05
5460 2.701341e-03 3.895536e-05
5461 2.699358e-03 3.892668e-05
5462 2.697377e-03 3.889803e-05
5463 2.695397e-03 3.886940e-05
5464 2.693419e-03 3.884079e-05
5465 2.691442e-03 3.881220e-05
5466 2.689467e-03 3.878363e-05
5467 2.687493e-03 3.875508e-05
5468 2.685520e-03 3.872655e-05
5469 2.683549e-03 3.869805e-05
5470 2.681580e-03 3.866956e-05
5471 2.679611e-03 3.864110e-05
5472 2.677645e-03 3.861265e-05
5473 2.675679e-03 3.858423e-05
5474 2.673716e-03 3.855583e-05
5475 2.671753e-03 3.852745e-05
5476 2.669792e-03 3.849909e-05
5477 2.667833e-03 3.847075e-05
5478 2.665875e-03 3.844244e-05
5479 2.663918e-03 3.841414e-05
5480 2.661963e-03 3.838586e-05
5481 2.660009e-03 3.835761e-05
5482 2.658057e-03 3.832938e-05
5483 2.656106e-03 3.830116e-05
5484 2.654157e-03 3.827297e-05
5485 2.652209e-03 3.824480e-05
5486 2.650262e-03 3.821665e-05
5487 2.648317e-03 3.818852e-05
5488 2.646373e-03 3.816041e-05
5489 2.644431e-03 3.813232e-05
5490 2.642490e-03 3.810425e-05
5491 2.640551e-03 3.807620e-05
5492 2.638613e-03 3.804817e-05
5493 2.636676e-03 3.802017e-05
5494 2.634741e-03 3.799218e-05
5495 2.632808e-03 3.796422e-05
5496 2.630875e-03 3.793627e-05
5497 2.628945e-03 3.790835e-05
5498 2.627015e-03 3.788044e-05
5499 2.625087e-03 3.785256e-05
5500 2.623161e-03 3.782470e-05
5501 2.621235e-03 3.779686e-05
5502 2.619312e-03 3.776904e-05
5503 2.617389e-03 3.774123e-05
5504 2.615468e-03 3.771345e-05
5505 2.613549e-03 3.768569e-05
5506 2.611631e-03 3.765795e-05
5507 2.609714e-03 3.763024e-05
5508 2.607799e-03 3.760254e-05
5509 2.605885e-03 3.757486e-05
5510 2.603973e-03 3.754720e-05
5511 2.602062e-03 3.751956e-05
5512 2.600152e-03 3.749194e-05
5513 2.598244e-03 3.746435e-05
5514 2.596337e-03 3.743677e-05
5515 2.594432e-03 3.740921e-05
5516 2.592528e-03 3.738168e-05
5517 2.590625e-03 3.735416e-05
5518 2.588724e-03 3.732667e-05
5519 2.586824e-03 3.729919e-05
5520 2.584926e-03 3.727174e-05
5521 2.583029e-03 3.724430e-05
5522 2.581133e-03 3.721689e-05
5523 2.579239e-03 3.718949e-05
5524 2.577346e-03 3.716212e-05
5525 2.575454e-03 3.713476e-05
5526 2.573564e-03 3.710743e-05
5527 2.571676e-03 3.708012e-05
5528 2.569789e-03 3.705282e-05
5529 2.567903e-03 3.702555e-05
5530 2.566018e-03 3.699829e-05
5531 2.564135e-03 3.697106e-05
5532 2.562253e-03 3.694385e-05
5533 2.560373e-03 3.691665e-05
5534 2.558494e-03 3.688948e-05
5535 2.556617e-03 3.686233e-05
5536 2.554740e-03 3.683519e-05
5537 2.552866e-03 3.680808e-05
5538 2.550992e-03 3.678099e-05
5539 2.549120e-03 3.675391e-05
5540 2.547250e-03 3.672686e-05
5541 2.545380e-03 3.669982e-05
5542 2.543512e-03 3.667281e-05
5543 2.541646e-03 3.664582e-05
5544 2.539781e-03 3.661884e-05
5545 2.537917e-03 3.659189e-05
5546 2.536054e-03 3.656495e-05
5547 2.534193e-03 3.653804e-05
5548 2.532334e-03 3.651114e-05
5549 2.530475e-03 3.648427e-05
5550 2.528619e-03 3.645741e-05
5551 2.526763e-03 3.643058e-05
5552 2.524909e-03 3.640376e-05
5553 2.523056e-03 3.637697e-05
5554 2.521205e-03 3.635019e-05
5555 2.519354e-03 3.632343e-05
5556 2.517506e-03 3.629670e-05
5557 2.515658e-03 3.626998e-05
5558 2.513812e-03 3.624328e-05
5559 2.511968e-03 3.621660e-05
5560 2.510124e-03 3.618994e-05
5561 2.508282e-03 3.616331e-05
5562 2.506442e-03 3.613669e-05
5563 2.504603e-03 3.611009e-05
5564 2.502765e-03 3.608351e-05
5565 2.500928e-03 3.605695e-05
5566 2.499093e-03 3.603041e-05
5567 2.497259e-03 3.600388e-05
5568 2.495427e-03 3.597738e-05
5569 2.493596e-03 3.595090e-05
5570 2.491766e-03 3.592444e-05
5571 2.489937e-03 3.589799e-05
5572 2.488110e-03 3.587157e-05
5573 2.486285e-03 3.584517e-05
5574 2.484460e-03 3.581878e-05
5575 2.482637e-03 3.579242e-05
5576 2.480815e-03 3.576607e-05
5577 2.478995e-03 3.573974e-05
5578 2.477176e-03 3.571344e-05
5579 2.475358e-03 3.568715e-05
5580 2.473542e-03 3.566088e-05
5581 2.471727e-03 3.563463e-05
5582 2.469913e-03 3.560840e-05
5583 2.468101e-03 3.558219e-05
5584 2.466290e-03 3.555600e-05
5585 2.464480e-03 3.552983e-05
5586 2.462672e-03 3.550367e-05
5587 2.460865e-03 3.547754e-05
5588 2.459059e-03 3.545143e-05
5589 2.457255e-03 3.542533e-05
5590 2.455452e-03 3.539925e-05
5591 2.453650e-03 3.537320e-05
5592 2.451850e-03 3.534716e-05
5593 2.450051e-03 3.532114e-05
5594 2.448253e-03 3.529514e-05
5595 2.446457e-03 3.526916e-05
5596 2.444662e-03 3.524320e-05
5597 2.442868e-03 3.521726e-05
5598 2.441075e-03 3.519134e-05
5599 2.439284e-03 3.516543e-05
5600 2.437494e-03 3.513955e-05
5601 2.435706e-03 3.511368e-05
5602 2.433919e-03 3.508784e-05
5603 2.432133e-03 3.506201e-05
5604 2.430348e-03 3.503620e-05
5605 2.428565e-03 3.501041e-05
5606 2.426783e-03 3.498464e-05
5607 2.425003e-03 3.495889e-05
5608 2.423223e-03 3.493316e-05
5609 2.421445e-03 3.490744e-05
5610 2.419669e-03 3.488175e-05
5611 2.417893e-03 3.485607e-05
5612 2.416119e-03 3.483042e-05
5613 2.414347e-03 3.480478e-05
5614 2.412575e-03 3.477916e-05
5615 2.410805e-03 3.475356e-05
5616 2.409036e-03 3.472798e-05
5617 2.407269e-03 3.470241e-05
5618 2.405502e-03 3.467687e-05
5619 2.403738e-03 3.465135e-05
5620 2.401974e-03 3.462584e-05
5621 2.400212e-03 3.460035e-05
5622 2.398451e-03 3.457488e-05
5623 2.396691e-03 3.454943e-05
5624 2.394932e-03 3.452400e-05
5625 2.393175e-03 3.449859e-05
5626 2.391419e-03 3.447320e-05
5627 2.389665e-03 3.444782e-05
5628 2.387912e-03 3.442246e-05
5629 2.386160e-03 3.439713e-05
5630 2.384409e-03 3.437181e-05
5631 2.382660e-03 3.434651e-05
5632 2.380911e-03 3.432122e-05
5633 2.379165e-03 3.429596e-05
5634 2.377419e-03 3.427072e-05
5635 2.375675e-03 3.424549e-05
5636 2.373932e-03 3.422028e-05
5637 2.372190e-03 3.419509e-05
5638 2.370450e-03 3.416992e-05
5639 2.368711e-03 3.414477e-05
5640 2.366973e-03 3.411964e-05
5641 2.365236e-03 3.409452e-05
5642 2.363501e-03 3.406943e-05
5643 2.361767e-03 3.404435e-05
5644 2.360034e-03 3.401929e-05
5645 2.358303e-03 3.399425e-05
5646 2.356573e-03 3.396923e-05
5647 2.354844e-03 3.394422e-05
5648 2.353116e-03 3.391924e-05
5649 2.351390e-03 3.389427e-05
5650 2.349665e-03 3.386932e-05
5651 2.347941e-03 3.384439e-05
5652 2.346218e-03 3.381948e-05
5653 2.344497e-03 3.379458e-05
5654 2.342777e-03 3.376971e-05
5655 2.341058e-03 3.374485e-05
5656 2.339341e-03 3.372001e-05
5657 2.337624e-03 3.369519e-05
5658 2.335910e-03 3.367039e-05
5659 2.334196e-03 3.364560e-05
5660 2.332483e-03 3.362084e-05
5661 2.330772e-03 3.359609e-05
5662 2.329062e-03 3.357136e-05
5663 2.327354e-03 3.354665e-05
5664 2.325646e-03 3.352196e-05
5665 2.323940e-03 3.349728e-05
5666 2.322235e-03 3.347263e-05
5667 2.320532e-03 3.344799e-05
5668 2.318829e-03 3.342337e-05
5669 2.317128e-03 3.339876e-05
5670 2.315428e-03 3.337418e-05
5671 2.313730e-03 3.334961e-05
5672 2.312032e-03 3.332507e-05
5673 2.310336e-03 3.330054e-05
5674 2.308641e-03 3.327602e-05
5675 2.306948e-03 3.325153e-05
5676 2.305255e-03 3.322705e-05
5677 2.303564e-03 3.320260e-05
5678 2.301874e-03 3.317816e-05
5679 2.300186e-03 3.315373e-05
5680 2.298498e-03 3.312933e-05
5681 2.296812e-03 3.310494e-05
5682 2.295127e-03 3.308058e-05
5683 2.293444e-03 3.305623e-05
5684 2.291761e-03 3.303189e-05
5685 2.290080e-03 3.300758e-05
5686 2.288400e-03 3.298328e-05
5687 2.286721e-03 3.295901e-05
5688 2.285044e-03 3.293474e-05
5689 2.283368e-03 3.291050e-05
5690 2.281693e-03 3.288628e-05
5691 2.280019e-03 3.286207e-05
5692 2.278346e-03 3.283788e-05
5693 2.276675e-03 3.281371e-05
5694 2.275005e-03 3.278956e-05
5695 2.273336e-03 3.276542e-05
5696 2.271668e-03 3.274130e-05
5697 2.270002e-03 3.271720e-05
5698 2.268337e-03 3.269312e-05
5699 2.266673e-03 3.266905e-05
5700 2.265010e-03 3.264501e-05
5701 2.263349e-03 3.262098e-05
5702 2.261688e-03 3.259697e-05
5703 2.260029e-03 3.257297e-05
5704 2.258371e-03 3.254900e-05
5705 2.256715e-03 3.252504e-05
5706 2.255059e-03 3.250110e-05
5707 2.253405e-03 3.247717e-05
5708 2.251752e-03 3.245327e-05
5709 2.250101e-03 3.242938e-05
5710 2.248450e-03 3.240551e-05
5711 2.246801e-03 3.238165e-05
5712 2.245153e-03 3.235782e-05
5713 2.243506e-03 3.233400e-05
5714 2.241860e-03 3.231020e-05
5715 2.240216e-03 3.228642e-05
5716 2.238572e-03 3.226265e-05
5717 2.236930e-03 3.223890e-05
5718 2.235290e-03 3.221517e-05
5719 2.233650e-03 3.219146e-05
5720 2.232012e-03 3.216776e-05
5721 2.230374e-03 3.214409e-05
5722 2.228738e-03 3.212042e-05
5723 2.227104e-03 3.209678e-05
5724 2.225470e-03 3.207316e-05
5725 2.223838e-03 3.204955e-05
5726 2.222206e-03 3.202596e-05
5727 2.220576e-03 3.200238e-05
5728 2.218948e-03 3.197883e-05
5729 2.217320e-03 3.195529e-05
5730 2.215694e-03 3.193176e-05
5731 2.214068e-03 3.190826e-05
5732 2.212444e-03 3.188477e-05
5733 2.210822e-03 3.186130e-05
5734 2.209200e-03 3.183785e-05
5735 2.207580e-03 3.181442e-05
5736 2.205960e-03 3.179100e-05
5737 2.204342e-03 3.176760e-05
5738 2.202726e-03 3.174421e-05
5739 2.201110e-03 3.172085e-05
5740 2.199495e-03 3.169750e-05
5741 2.197882e-03 3.167417e-05
5742 2.196270e-03 3.165085e-05
5743 2.194659e-03 3.162755e-05
5744 2.193049e-03 3.160427e-05
5745 2.191441e-03 3.158101e-05
5746 2.189834e-03 3.155776e-05
5747 2.188227e-03 3.153453e-05
5748 2.186623e-03 3.151132e-05
5749 2.185019e-03 3.148813e-05
5750 2.183416e-03 3.146495e-05
5751 2.181815e-03 3.144179e-05
5752 2.180214e-03 3.141864e-05
5753 2.178615e-03 3.139552e-05
5754 2.177017e-03 3.137241e-05
5755 2.175421e-03 3.134931e-05
5756 2.173825e-03 3.132624e-05
5757 2.172231e-03 3.130318e-05
5758 2.170638e-03 3.128014e-05
5759 2.169046e-03 3.125711e-05
5760 2.167455e-03 3.123411e-05
5761 2.165865e-03 3.121111e-05
5762 2.164277e-03 3.118814e-05
5763 2.162689e-03 3.116518e-05
5764 2.161103e-03 3.114224e-05
5765 2.159518e-03 3.111932e-05
5766 2.157934e-03 3.109641e-05
5767 2.156352e-03 3.107352e-05
5768 2.154770e-03 3.105065e-05
5769 2.153190e-03 3.102779e-05
5770 2.151611e-03 3.100496e-05
5771 2.150033e-03 3.098213e-05
5772 2.148456e-03 3.095933e-05
5773 2.146880e-03 3.093654e-05
5774 2.145305e-03 3.091377e-05
5775 2.143732e-03 3.089101e-05
5776 2.142160e-03 3.086827e-05
5777 2.140589e-03 3.084555e-05
5778 2.139019e-03 3.082285e-05
5779 2.137450e-03 3.080016e-05
5780 2.135883e-03 3.077749e-05
5781 2.134316e-03 3.075483e-05
5782 2.132751e-03 3.073219e-05
5783 2.131187e-03 3.070957e-05
5784 2.129624e-03 3.068697e-05
5785 2.128062e-03 3.066438e-05
5786 2.126501e-03 3.064181e-05
5787 2.124942e-03 3.061925e-05
5788 2.123383e-03 3.059671e-05
5789 2.121826e-03 3.057419e-05
5790 2.120270e-03 3.055169e-05
5791 2.118715e-03 3.052920e-05
5792 2.117161e-03 3.050673e-05
5793 2.115609e-03 3.048427e-05
5794 2.114057e-03 3.046183e-05
5795 2.112507e-03 3.043941e-05
5796 2.110958e-03 3.041700e-05
5797 2.109409e-03 3.039461e-05
5798 2.107863e-03 3.037224e-05
5799 2.106317e-03 3.034988e-05
5800 2.104772e-03 3.032754e-05
5801 2.103228e-03 3.030522e-05
5802 2.101686e-03 3.028291e-05
5803 2.100145e-03 3.026062e-05
5804 2.098605e-03 3.023835e-05
5805 2.097066e-03 3.021609e-05
5806 2.095528e-03 3.019385e-05
5807 2.093991e-03 3.017162e-05
5808 2.092456e-03 3.014941e-05
5809 2.090921e-03 3.012722e-05
5810 2.089388e-03 3.010505e-05
5811 2.087856e-03 3.008289e-05
5812 2.086324e-03 3.006074e-05
5813 2.084795e-03 3.003862e-05
5814 2.083266e-03 3.001650e-05
5815 2.081738e-03 2.999441e-05
5816 2.080211e-03 2.997233e-05
5817 2.078686e-03 2.995027e-05
5818 2.077162e-03 2.992822e-05
5819 2.075638e-03 2.990619e-05
5820 2.074116e-03 2.988418e-05
5821 2.072595e-03 2.986218e-05
5822 2.071076e-03 2.984020e-05
5823 2.069557e-03 2.981824e-05
5824 2.068039e-03 2.979629e-05
5825 2.066523e-03 2.977435e-05
5826 2.065007e-03 2.975244e-05
5827 2.063493e-03 2.973054e-05
5828 2.061980e-03 2.970865e-05
5829 2.060468e-03 2.968679e-05
5830 2.058957e-03 2.966493e-05
5831 2.057447e-03 2.964310e-05
5832 2.055939e-03 2.962128e-05
5833 2.054431e-03 2.959947e-05
5834 2.052924e-03 2.957769e-05
5835 2.051419e-03 2.955591e-05
5836 2.049915e-03 2.953416e-05
5837 2.048412e-03 2.951242e-05
5838 2.046910e-03 2.949069e-05
5839 2.045409e-03 2.946899e-05
5840 2.043909e-03 2.944730e-05
5841 2.042410e-03 2.942562e-05
5842 2.040913e-03 2.940396e-05
5843 2.039416e-03 2.938232e-05
5844 2.037921e-03 2.936069e-05
5845 2.036426e-03 2.933908e-05
5846 2.034933e-03 2.931748e-05
5847 2.033441e-03 2.929590e-05
5848 2.031950e-03 2.927434e-05
5849 2.030460e-03 2.925279e-05
5850 2.028971e-03 2.923125e-05
5851 2.027484e-03 2.920974e-05
5852 2.025997e-03 2.918824e-05
5853 2.024511e-03 2.916675e-05
5854 2.023027e-03 2.914528e-05
5855 2.021544e-03 2.912383e-05
5856 2.020061e-03 2.910239e-05
5857 2.018580e-03 2.908097e-05
5858 2.017100e-03 2.905956e-05
5859 2.015621e-03 2.903817e-05
5860 2.014143e-03 2.901680e-05
5861 2.012666e-03 2.899544e-05
5862 2.011191e-03 2.897410e-05
5863 2.009716e-03 2.895277e-05
5864 2.008242e-03 2.893146e-05
5865 2.006770e-03 2.891016e-05
5866 2.005299e-03 2.888888e-05
5867 2.003828e-03 2.886762e-05
5868 2.002359e-03 2.884637e-05
5869 2.000891e-03 2.882513e-05
5870 1.999424e-03 2.880392e-05
5871 1.997958e-03 2.878271e-05
5872 1.996493e-03 2.876153e-05
5873 1.995029e-03 2.874036e-05
5874 1.993567e-03 2.871920e-05
5875 1.992105e-03 2.869806e-05
5876 1.990644e-03 2.867694e-05
5877 1.989185e-03 2.865583e-05
5878 1.987726e-03 2.863473e-05
5879 1.986269e-03 2.861366e-05
5880 1.984813e-03 2.859259e-05
5881 1.983357e-03 2.857155e-05
5882 1.981903e-03 2.855052e-05
5883 1.980450e-03 2.852950e-05
5884 1.978998e-03 2.850850e-05
5885 1.977547e-03 2.848752e-05
5886 1.976097e-03 2.846655e-05
5887 1.974649e-03 2.844559e-05
5888 1.973201e-03 2.842465e-05
5889 1.971754e-03 2.840373e-05
5890 1.970309e-03 2.838282e-05
5891 1.968864e-03 2.836193e-05
5892 1.967421e-03 2.834105e-05
5893 1.965978e-03 2.832019e-05
5894 1.964537e-03 2.829935e-05
5895 1.963097e-03 2.827852e-05
5896 1.961657e-03 2.825770e-05
5897 1.960219e-03 2.823690e-05
5898 1.958782e-03 2.821612e-05
5899 1.957346e-03 2.819535e-05
5900 1.955911e-03 2.817459e-05
5901 1.954477e-03 2.815385e-05
5902 1.953044e-03 2.813313e-05
5903 1.951612e-03 2.811242e-05
5904 1.950182e-03 2.809173e-05
5905 1.948752e-03 2.807105e-05
5906 1.947323e-03 2.805039e-05
5907 1.945896e-03 2.802974e-05
5908 1.944469e-03 2.800911e-05
5909 1.943044e-03 2.798849e-05
5910 1.941619e-03 2.796789e-05
5911 1.940196e-03 2.794730e-05
5912 1.938773e-03 2.792673e-05
5913 1.937352e-03 2.790617e-05
5914 1.935932e-03 2.788563e-05
5915 1.934512e-03 2.786511e-05
5916 1.933094e-03 2.784459e-05
5917 1.931677e-03 2.782410e-05
5918 1.930261e-03 2.780362e-05
5919 1.928846e-03 2.778315e-05
5920 1.927432e-03 2.776270e-05
5921 1.926019e-03 2.774226e-05
5922 1.924607e-03 2.772184e-05
5923 1.923196e-03 2.770144e-05
5924 1.921786e-03 2.768105e-05
5925 1.920378e-03 2.766067e-05
5926 1.918970e-03 2.764031e-05
5927 1.917563e-03 2.761996e-05
5928 1.916157e-03 2.759963e-05
5929 1.914753e-03 2.757932e-05
5930 1.913349e-03 2.755902e-05
5931 1.911946e-03 2.753873e-05
5932 1.910545e-03 2.751846e-05
5933 1.909144e-03 2.749820e-05
5934 1.907745e-03 2.747796e-05
5935 1.906346e-03 2.745774e-05
5936 1.904949e-03 2.743753e-05
5937 1.903552e-03 2.741733e-05
5938 1.902157e-03 2.739715e-05
5939 1.900763e-03 2.737698e-05
5940 1.899369e-03 2.735683e-05
5941 1.897977e-03 2.733669e-05
5942 1.896586e-03 2.731657e-05
5943 1.895195e-03 2.729646e-05
5944 1.893806e-03 2.727637e-05
5945 1.892418e-03 2.725629e-05
5946 1.891031e-03 2.723623e-05
5947 1.889645e-03 2.721618e-05
5948 1.888260e-03 2.719615e-05
5949 1.886875e-03 2.717613e-05
5950 1.885492e-03 2.715612e-05
5951 1.884110e-03 2.713614e-05
5952 1.882729e-03 2.711616e-05
5953 1.881349e-03 2.709620e-05
5954 1.879970e-03 2.707626e-05
5955 1.878592e-03 2.705632e-05
5956 1.877215e-03 2.703641e-05
5957 1.875839e-03 2.701651e-05
5958 1.874464e-03 2.699662e-05
5959 1.873090e-03 2.697675e-05
5960 1.871717e-03 2.695689e-05
5961 1.870345e-03 2.693705e-05
5962 1.868974e-03 2.691722e-05
5963 1.867604e-03 2.689741e-05
5964 1.866235e-03 2.687761e-05
5965 1.864867e-03 2.685782e-05
5966 1.863500e-03 2.683805e-05
5967 1.862135e-03 2.681830e-05
5968 1.860770e-03 2.679856e-05
5969 1.859406e-03 2.677883e-05
5970 1.858043e-03 2.675912e-05
5971 1.856681e-03 2.673942e-05
5972 1.855320e-03 2.671974e-05
5973 1.853960e-03 2.670007e-05
5974 1.852601e-03 2.668042e-05
5975 1.851244e-03 2.666078e-05
5976 1.849887e-03 2.664116e-05
5977 1.848531e-03 2.662155e-05
5978 1.847176e-03 2.660195e-05
5979 1.845822e-03 2.658237e-05
5980 1.844469e-03 2.656280e-05
5981 1.843117e-03 2.654325e-05
5982 1.841766e-03 2.652371e-05
5983 1.840416e-03 2.650419e-05
5984 1.839068e-03 2.648468e-05
5985 1.837720e-03 2.646518e-05
5986 1.836373e-03 2.644570e-05
5987 1.835027e-03 2.642624e-05
5988 1.833682e-03 2.640678e-05
5989 1.832338e-03 2.638735e-05
5990 1.830995e-03 2.636792e-05
5991 1.829653e-03 2.634851e-05
5992 1.828312e-03 2.632912e-05
5993 1.826972e-03 2.630974e-05
5994 1.825633e-03 2.629037e-05
5995 1.824295e-03 2.627102e-05
5996 1.822958e-03 2.625168e-05
5997 1.821622e-03 2.623236e-05
5998 1.820287e-03 2.621305e-05
5999 1.818953e-03 2.619375e-05
6000 1.817620e-03 2.617447e-05
6001 1.816287e-03 2.615521e-05
6002 1.814956e-03 2.613595e-05
6003 1.813626e-03 2.611671e-05
6004 1.812297e-03 2.609749e-05
6005 1.810969e-03 2.607828e-05
6006 1.809642e-03 2.605908e-05
6007 1.808315e-03 2.603990e-05
6008 1.806990e-03 2.602073e-05
6009 1.805666e-03 2.600158e-05
6010 1.804342e-03 2.598244e-05
6011 1.803020e-03 2.596332e-05
6012 1.801699e-03 2.594420e-05
6013 1.800378e-03 2.592511e-05
6014 1.799059e-03 2.590602e-05
6015 1.797740e-03 2.588695e-05
6016 1.796423e-03 2.586790e-05
6017 1.795106e-03 2.584886e-05
6018 1.793791e-03 2.582983e-05
6019 1.792476e-03 2.581082e-05
6020 1.791163e-03 2.579182e-05
6021 1.789850e-03 2.577283e-05
6022 1.788538e-03 2.575386e-05
6023 1.787228e-03 2.573491e-05
6024 1.785918e-03 2.571596e-05
6025 1.784609e-03 2.569703e-05
6026 1.783301e-03 2.567812e-05
6027 1.781994e-03 2.565922e-05
6028 1.780689e-03 2.564033e-05
6029 1.779384e-03 2.562146e-05
6030 1.778080e-03 2.560260e-05
6031 1.776777e-03 2.558375e-05
6032 1.775475e-03 2.556492e-05
6033 1.774173e-03 2.554610e-05
6034 1.772873e-03 2.552730e-05
6035 1.771574e-03 2.550851e-05
6036 1.770276e-03 2.548973e-05
6037 1.768979e-03 2.547097e-05
6038 1.767682e-03 2.545222e-05
6039 1.766387e-03 2.543348e-05
6040 1.765093e-03 2.541476e-05
6041 1.763799e-03 2.539605e-05
6042 1.762507e-03 2.537736e-05
6043 1.761215e-03 2.535868e-05
6044 1.759925e-03 2.534001e-05
6045 1.758635e-03 2.532136e-05
6046 1.757346e-03 2.530272e-05
6047 1.756058e-03 2.528410e-05
6048 1.754772e-03 2.526548e-05
6049 1.753486e-03 2.524689e-05
6050 1.752201e-03 2.522830e-05
6051 1.750917e-03 2.520973e-05
6052 1.749634e-03 2.519118e-05
6053 1.748352e-03 2.517263e-05
6054 1.747071e-03 2.515410e-05
6055 1.745791e-03 2.513559e-05
6056 1.744511e-03 2.511709e-05
6057 1.743233e-03 2.509860e-05
6058 1.741956e-03 2.508012e-05
6059 1.740679e-03 2.506166e-05
6060 1.739404e-03 2.504321e-05
6061 1.738129e-03 2.502478e-05
6062 1.736856e-03 2.500636e-05
6063 1.735583e-03 2.498795e-05
6064 1.734311e-03 2.496956e-05
6065 1.733040e-03 2.495118e-05
6066 1.731771e-03 2.493281e-05
6067 1.730502e-03 2.491446e-05
6068 1.729234e-03 2.489612e-05
6069 1.727967e-03 2.487779e-05
6070 1.726701e-03 2.485948e-05
6071 1.725435e-03 2.484118e-05
6072 1.724171e-03 2.482290e-05
6073 1.722908e-03 2.480463e-05
6074 1.721645e-03 2.478637e-05
6075 1.720384e-03 2.476812e-05
6076 1.719123e-03 2.474989e-05
6077 1.717864e-03 2.473167e-05
6078 1.716605e-03 2.471347e-05
6079 1.715347e-03 2.469528e-05
6080 1.714091e-03 2.467710e-05
6081 1.712835e-03 2.465893e-05
6082 1.711580e-03 2.464078e-05
6083 1.710326e-03 2.462265e-05
6084 1.709073e-03 2.460452e-05
6085 1.707820e-03 2.458641e-05
6086 1.706569e-03 2.456831e-05
6087 1.705319e-03 2.455023e-05
6088 1.704069e-03 2.453216e-05
6089 1.702821e-03 2.451410e-05
6090 1.701573e-03 2.449605e-05
6091 1.700326e-03 2.447802e-05
6092 1.699081e-03 2.446000e-05
6093 1.697836e-03 2.444200e-05
6094 1.696592e-03 2.442401e-05
6095 1.695349e-03 2.440603e-05
6096 1.694107e-03 2.438806e-05
6097 1.692866e-03 2.437011e-05
6098 1.691625e-03 2.435217e-05
6099 1.690386e-03 2.433425e-05
6100 1.689148e-03 2.431634e-05
6101 1.687910e-03 2.429844e-05
6102 1.686673e-03 2.428055e-05
6103 1.685438e-03 2.426268e-05
6104 1.684203e-03 2.424482e-05
6105 1.682969e-03 2.422697e-05
6106 1.681736e-03 2.420914e-05
6107 1.680504e-03 2.419132e-05
6108 1.679273e-03 2.417351e-05
6109 1.678042e-03 2.415572e-05
6110 1.676813e-03 2.413794e-05
6111 1.675585e-03 2.412017e-05
6112 1.674357e-03 2.410241e-05
6113 1.673130e-03 2.408467e-05
6114 1.671905e-03 2.406694e-05
6115 1.670680e-03 2.404923e-05
6116 1.669456e-03 2.403153e-05
6117 1.668233e-03 2.401384e-05
6118 1.667011e-03 2.399616e-05
6119 1.665790e-03 2.397850e-05
6120 1.664569e-03 2.396085e-05
6121 1.663350e-03 2.394321e-05
6122 1.662131e-03 2.392559e-05
6123 1.660914e-03 2.390797e-05
6124 1.659697e-03 2.389038e-05
6125 1.658481e-03 2.387279e-05
6126 1.657266e-03 2.385522e-05
6127 1.656052e-03 2.383766e-05
6128 1.654839e-03 2.382011e-05
6129 1.653627e-03 2.380258e-05
6130 1.652415e-03 2.378506e-05
6131 1.651205e-03 2.376755e-05
6132 1.649995e-03 2.375005e-05
6133 1.648786e-03 2.373257e-05
6134 1.647579e-03 2.371510e-05
6135 1.646372e-03 2.369765e-05
6136 1.645166e-03 2.368020e-05
6137 1.643960e-03 2.366277e-05
6138 1.642756e-03 2.364535e-05
6139 1.641553e-03 2.362795e-05
6140 1.640350e-03 2.361056e-05
6141 1.639149e-03 2.359318e-05
6142 1.637948e-03 2.357581e-05
6143 1.636748e-03 2.355845e-05
6144 1.635549e-03 2.354111e-05
6145 1.634351e-03 2.352379e-05
6146 1.633154e-03 2.350647e-05
6147 1.631958e-03 2.348917e-05
6148 1.630762e-03 2.347188e-05
6149 1.629568e-03 2.345460e-05
6150 1.628374e-03 2.343733e-05
6151 1.627181e-03 2.342008e-05
6152 1.625989e-03 2.340284e-05
6153 1.624798e-03 2.338562e-05
6154 1.623608e-03 2.336840e-05
6155 1.622419e-03 2.335120e-05
6156 1.621230e-03 2.333401e-05
6157 1.620043e-03 2.331684e-05
6158 1.618856e-03 2.329967e-05
6159 1.617671e-03 2.328252e-05
6160 1.616486e-03 2.326538e-05
6161 1.615302e-03 2.324826e-05
6162 1.614118e-03 2.323115e-05
6163 1.612936e-03 2.321405e-05
6164 1.611755e-03 2.319696e-05
6165 1.610574e-03 2.317988e-05
6166 1.609394e-03 2.316282e-05
6167 1.608216e-03 2.314577e-05
6168 1.607038e-03 2.312873e-05
6169 1.605861e-03 2.311171e-05
6170 1.604684e-03 2.309470e-05
6171 1.603509e-03 2.307770e-05
6172 1.602335e-03 2.306071e-05
6173 1.601161e-03 2.304373e-05
6174 1.599988e-03 2.302677e-05
6175 1.598816e-03 2.300982e-05
6176 1.597645e-03 2.299288e-05
6177 1.596475e-03 2.297596e-05
6178 1.595306e-03 2.295905e-05
6179 1.594137e-03 2.294215e-05
6180 1.592970e-03 2.292526e-05
6181 1.591803e-03 2.290838e-05
6182 1.590637e-03 2.289152e-05
6183 1.589472e-03 2.287467e-05
6184 1.588308e-03 2.285783e-05
6185 1.587145e-03 2.284101e-05
6186 1.585982e-03 2.282419e-05
6187 1.584821e-03 2.280739e-05
6188 1.583660e-03 2.279060e-05
6189 1.582500e-03 2.277383e-05
6190 1.581341e-03 2.275707e-05
6191 1.580183e-03 2.274031e-05
6192 1.579026e-03 2.272357e-05
6193 1.577869e-03 2.270685e-05
6194 1.576714e-03 2.269013e-05
6195 1.575559e-03 2.267343e-05
6196 1.574405e-03 2.265674e-05
6197 1.573252e-03 2.264006e-05
6198 1.572100e-03 2.262340e-05
6199 1.570948e-03 2.260675e-05
6200 1.569798e-03 2.259011e-05
6201 1.568648e-03 2.257348e-05
6202 1.567500e-03 2.255686e-05
6203 1.566352e-03 2.254026e-05
6204 1.565204e-03 2.252367e-05
6205 1.564058e-03 2.250709e-05
6206 1.562913e-03 2.249052e-05
6207 1.561768e-03 2.247396e-05
6208 1.560624e-03 2.245742e-05
6209 1.559481e-03 2.244089e-05
6210 1.558339e-03 2.242437e-05
6211 1.557198e-03 2.240786e-05
6212 1.556058e-03 2.239137e-05
6213 1.554918e-03 2.237489e-05
6214 1.553780e-03 2.235842e-05
6215 1.552642e-03 2.234196e-05
6216 1.551505e-03 2.232551e-05
6217 1.550369e-03 2.230908e-05
6218 1.549233e-03 2.229266e-05
6219 1.548099e-03 2.227625e-05
6220 1.546965e-03 2.225985e-05
6221 1.545832e-03 2.224347e-05
6222 1.544700e-03 2.222709e-05
6223 1.543569e-03 2.221073e-05
6224 1.542439e-03 2.219438e-05
6225 1.541309e-03 2.217805e-05
6226 1.540180e-03 2.216172e-05
6227 1.539053e-03 2.214541e-05
6228 1.537926e-03 2.212911e-05
6229 1.536799e-03 2.211282e-05
6230 1.535674e-03 2.209654e-05
6231 1.534549e-03 2.208028e-05
6232 1.533426e-03 2.206402e-05
6233 1.532303e-03 2.204778e-05
6234 1.531181e-03 2.203155e-05
6235 1.530060e-03 2.201533e-05
6236 1.528939e-03 2.199913e-05
6237 1.527820e-03 2.198294e-05
6238 1.526701e-03 2.196675e-05
6239 1.525583e-03 2.195058e-05
6240 1.524466e-03 2.193443e-05
6241 1.523350e-03 2.191828e-05
6242 1.522234e-03 2.190215e-05
6243 1.521119e-03 2.188603e-05
6244 1.520006e-03 2.186992e-05
6245 1.518893e-03 2.185382e-05
6246 1.517780e-03 2.183773e-05
6247 1.516669e-03 2.182166e-05
6248 1.515559e-03 2.180559e-05
6249 1.514449e-03 2.178954e-05
6250 1.513340e-03 2.177350e-05
6251 1.512232e-03 2.175748e-05
6252 1.511125e-03 2.174146e-05
6253 1.510018e-03 2.172546e-05
6254 1.508913e-03 2.170946e-05
6255 1.507808e-03 2.169348e-05
6256 1.506704e-03 2.167752e-05
6257 1.505600e-03 2.166156e-05
6258 1.504498e-03 2.164561e-05
6259 1.503397e-03 2.162968e-05
6260 1.502296e-03 2.161376e-05
6261 1.501196e-03 2.159785e-05
6262 1.500097e-03 2.158195e-05
6263 1.498998e-03 2.156606e-05
6264 1.497901e-03 2.155019e-05
6265 1.496804e-03 2.153433e-05
6266 1.495708e-03 2.151848e-05
6267 1.494613e-03 2.150264e-05
6268 1.493519e-03 2.148681e-05
6269 1.492425e-03 2.147099e-05
6270 1.491333e-03 2.145519e-05
6271 1.490241e-03 2.143939e-05
6272 1.489150e-03 2.142361e-05
6273 1.488059e-03 2.140784e-05
6274 1.486970e-03 2.139208e-05
6275 1.485881e-03 2.137634e-05
6276 1.484793e-03 2.136060e-05
6277 1.483706e-03 2.134488e-05
6278 1.482620e-03 2.132917e-05
6279 1.481535e-03 2.131347e-05
6280 1.480450e-03 2.129778e-05
6281 1.479366e-03 2.128210e-05
6282 1.478283e-03 2.126644e-05
6283 1.477201e-03 2.125078e-05
6284 1.476119e-03 2.123514e-05
6285 1.475039e-03 2.121951e-05
6286 1.473959e-03 2.120389e-05
6287 1.472880e-03 2.118828e-05
6288 1.471801e-03 2.117268e-05
6289 1.470724e-03 2.115710e-05
6290 1.469647e-03 2.114153e-05
6291 1.468571e-03 2.112596e-05
6292 1.467496e-03 2.111041e-05
6293 1.466422e-03 2.109487e-05
6294 1.465348e-03 2.107935e-05
6295 1.464275e-03 2.106383e-05
6296 1.463203e-03 2.104832e-05
6297 1.462132e-03 2.103283e-05
6298 1.461062e-03 2.101735e-05
6299 1.459992e-03 2.100188e-05
6300 1.458923e-03 2.098642e-05
6301 1.457855e-03 2.097097e-05
6302 1.456788e-03 2.095553e-05
6303 1.455722e-03 2.094011e-05
6304 1.454656e-03 2.092469e-05
6305 1.453591e-03 2.090929e-05
6306 1.452527e-03 2.089390e-05
6307 1.451464e-03 2.087852e-05
6308 1.450401e-03 2.086315e-05
6309 1.449340e-03 2.084779e-05
6310 1.448279e-03 2.083245e-05
6311 1.447218e-03 2.081711e-05
6312 1.446159e-03 2.080179e-05
6313 1.445100e-03 2.078648e-05
6314 1.444043e-03 2.077118e-05
6315 1.442986e-03 2.075589e-05
6316 1.441929e-03 2.074061e-05
6317 1.440874e-03 2.072534e-05
6318 1.439819e-03 2.071009e-05
6319 1.438765e-03 2.069484e-05
6320 1.437712e-03 2.067961e-05
6321 1.436659e-03 2.066439e-05
6322 1.435608e-03 2.064918e-05
6323 1.434557e-03 2.063398e-05
6324 1.433507e-03 2.061879e-05
6325 1.432458e-03 2.060361e-05
6326 1.431409e-03 2.058844e-05
6327 1.430361e-03 2.057329e-05
6328 1.429314e-03 2.055814e-05
6329 1.428268e-03 2.054301e-05
6330 1.427223e-03 2.052789e-05
6331 1.426178e-03 2.051278e-05
6332 1.425134e-03 2.049768e-05
6333 1.424091e-03 2.048259e-05
6334 1.423049e-03 2.046752e-05
6335 1.422007e-03 2.045245e-05
6336 1.420966e-03 2.043739e-05
6337 1.419926e-03 2.042235e-05
6338 1.418887e-03 2.040732e-05
6339 1.417848e-03 2.039230e-05
6340 1.416811e-03 2.037728e-05
6341 1.415774e-03 2.036229e-05
6342 1.414737e-03 2.034730e-05
6343 1.413702e-03 2.033232e-05
6344 1.412667e-03 2.031735e-05
6345 1.411633e-03 2.030240e-05
6346 1.410600e-03 2.028745e-05
6347 1.409567e-03 2.027252e-05
6348 1.408536e-03 2.025760e-05
6349 1.407505e-03 2.024269e-05
6350 1.406475e-03 2.022778e-05
6351 1.405445e-03 2.021289e-05
6352 1.404417e-03 2.019802e-05
6353 1.403389e-03 2.018315e-05
6354 1.402362e-03 2.016829e-05
6355 1.401335e-03 2.015345e-05
6356 1.400310e-03 2.013861e-05
6357 1.399285e-03 2.012379e-05
6358 1.398261e-03 2.010897e-05
6359 1.397237e-03 2.009417e-05
6360 1.396215e-03 2.007938e-05
6361 1.395193e-03 2.006460e-05
6362 1.394172e-03 2.004983e-05
6363 1.393152e-03 2.003507e-05
6364 1.392132e-03 2.002032e-05
6365 1.391113e-03 2.000559e-05
6366 1.390095e-03 1.999086e-05
6367 1.389078e-03 1.997615e-05
6368 1.388061e-03 1.996144e-05
6369 1.387045e-03 1.994675e-05
6370 1.386030e-03 1.993207e-05
6371 1.385016e-03 1.991739e-05
6372 1.384002e-03 1.990273e-05
6373 1.382989e-03 1.988808e-05
6374 1.381977e-03 1.987344e-05
6375 1.380966e-03 1.985881e-05
6376 1.379955e-03 1.984420e-05
6377 1.378945e-03 1.982959e-05
6378 1.377936e-03 1.981499e-05
6379 1.376928e-03 1.980041e-05
6380 1.375920e-03 1.978583e-05
6381 1.374913e-03 1.977127e-05
6382 1.373907e-03 1.975671e-05
6383 1.372902e-03 1.974217e-05
6384 1.371897e-03 1.972764e-05
6385 1.370893e-03 1.971312e-05
6386 1.369890e-03 1.969861e-05
6387 1.368888e-03 1.968411e-05
6388 1.367886e-03 1.966962e-05
6389 1.366885e-03 1.965514e-05
6390 1.365885e-03 1.964067e-05
6391 1.364885e-03 1.962621e-05
6392 1.363886e-03 1.961177e-05
6393 1.362888e-03 1.959733e-05
6394 1.361891e-03 1.958290e-05
6395 1.360894e-03 1.956849e-05
6396 1.359899e-03 1.955409e-05
6397 1.358904e-03 1.953969e-05
6398 1.357909e-03 1.952531e-05
6399 1.356916e-03 1.951094e-05
6400 1.355923e-03 1.949657e-05
6401 1.354930e-03 1.948222e-05
6402 1.353939e-03 1.946788e-05
6403 1.352948e-03 1.945355e-05
6404 1.351958e-03 1.943923e-05
6405 1.350969e-03 1.942492e-05
6406 1.349981e-03 1.941062e-05
6407 1.348993e-03 1.939634e-05
6408 1.348006e-03 1.938206e-05
6409 1.347019e-03 1.936779e-05
6410 1.346034e-03 1.935353e-05
6411 1.345049e-03 1.933929e-05
6412 1.344065e-03 1.932505e-05
6413 1.343081e-03 1.931083e-05
6414 1.342099e-03 1.929661e-05
6415 1.341117e-03 1.928241e-05
6416 1.340135e-03 1.926822e-05
6417 1.339155e-03 1.925403e-05
6418 1.338175e-03 1.923986e-05
6419 1.337196e-03 1.922570e-05
6420 1.336217e-03 1.921154e-05
6421 1.335240e-03 1.919740e-05
6422 1.334263e-03 1.918327e-05
6423 1.333287e-03 1.916915e-05
6424 1.332311e-03 1.915504e-05
6425 1.331336e-03 1.914094e-05
6426 1.330362e-03 1.912685e-05
6427 1.329389e-03 1.911277e-05
6428 1.328416e-03 1.909870e-05
6429 1.327444e-03 1.908464e-05
6430 1.326473e-03 1.907060e-05
6431 1.325503e-03 1.905656e-05
6432 1.324533e-03 1.904253e-05
6433 1.323564e-03 1.902851e-05
6434 1.322595e-03 1.901451e-05
6435 1.321628e-03 1.900051e-05
6436 1.320661e-03 1.898652e-05
6437 1.319695e-03 1.897255e-05
6438 1.318729e-03 1.895858e-05
6439 1.317764e-03 1.894463e-05
6440 1.316800e-03 1.893068e-05
6441 1.315837e-03 1.891675e-05
6442 1.314874e-03 1.890282e-05
6443 1.313912e-03 1.888891e-05
6444 1.312951e-03 1.887500e-05
6445 1.311991e-03 1.886111e-05
6446 1.311031e-03 1.884723e-05
6447 1.310072e-03 1.883335e-05
6448 1.309113e-03 1.881949e-05
6449 1.308156e-03 1.880564e-05
6450 1.307199e-03 1.879180e-05
6451 1.306242e-03 1.877796e-05
6452 1.305287e-03 1.876414e-05
6453 1.304332e-03 1.875033e-05
6454 1.303378e-03 1.873653e-05
6455 1.302424e-03 1.872273e-05
6456 1.301471e-03 1.870895e-05
6457 1.300519e-03 1.869518e-05
6458 1.299568e-03 1.868142e-05
6459 1.298617e-03 1.866767e-05
6460 1.297667e-03 1.865393e-05
6461 1.296718e-03 1.864020e-05
6462 1.295769e-03 1.862647e-05
6463 1.294822e-03 1.861276e-05
6464 1.293874e-03 1.859906e-05
6465 1.292928e-03 1.858537e-05
6466 1.291982e-03 1.857169e-05
6467 1.291037e-03 1.855802e-05
6468 1.290093e-03 1.854436e-05
6469 1.289149e-03 1.853071e-05
6470 1.288206e-03 1.851707e-05
6471 1.287264e-03 1.850344e-05
6472 1.286322e-03 1.848982e-05
6473 1.285381e-03 1.847621e-05
6474 1.284441e-03 1.846261e-05
6475 1.283501e-03 1.844902e-05
6476 1.282563e-03 1.843544e-05
6477 1.281624e-03 1.842187e-05
6478 1.280687e-03 1.840831e-05
6479 1.279750e-03 1.839476e-05
6480 1.278814e-03 1.838122e-05
6481 1.277879e-03 1.836769e-05
6482 1.276944e-03 1.835417e-05
6483 1.276010e-03 1.834065e-05
6484 1.275077e-03 1.832715e-05
6485 1.274144e-03 1.831366e-05
6486 1.273212e-03 1.830018e-05
6487 1.272281e-03 1.828671e-05
6488 1.271350e-03 1.827325e-05
6489 1.270420e-03 1.825980e-05
6490 1.269491e-03 1.824636e-05
6491 1.268563e-03 1.823293e-05
6492 1.267635e-03 1.821951e-05
6493 1.266708e-03 1.820610e-05
6494 1.265781e-03 1.819269e-05
6495 1.264855e-03 1.817930e-05
6496 1.263930e-03 1.816592e-05
6497 1.263006e-03 1.815255e-05
6498 1.262082e-03 1.813919e-05
6499 1.261159e-03 1.812583e-05
6500 1.260237e-03 1.811249e-05
6501 1.259315e-03 1.809916e-05
6502 1.258394e-03 1.808584e-05
6503 1.257474e-03 1.807252e-05
6504 1.256554e-03 1.805922e-05
6505 1.255635e-03 1.804593e-05
6506 1.254717e-03 1.803264e-05
6507 1.253799e-03 1.801937e-05
6508 1.252882e-03 1.800611e-05
6509 1.251966e-03 1.799285e-05
6510 1.251050e-03 1.797961e-05
6511 1.250135e-03 1.796637e-05
6512 1.249221e-03 1.795315e-05
6513 1.248307e-03 1.793993e-05
6514 1.247394e-03 1.792673e-05
6515 1.246482e-03 1.791353e-05
6516 1.245570e-03 1.790034e-05
6517 1.244660e-03 1.788717e-05
6518 1.243749e-03 1.787400e-05
6519 1.242840e-03 1.786084e-05
6520 1.241931e-03 1.784770e-05
6521 1.241023e-03 1.783456e-05
6522 1.240115e-03 1.782143e-05
6523 1.239208e-03 1.780831e-05
6524 1.238302e-03 1.779520e-05
6525 1.237396e-03 1.778211e-05
6526 1.236492e-03 1.776902e-05
6527 1.235587e-03 1.775594e-05
6528 1.234684e-03 1.774287e-05
6529 1.233781e-03 1.772981e-05
6530 1.232879e-03 1.771676e-05
6531 1.231977e-03 1.770371e-05
6532 1.231076e-03 1.769068e-05
6533 1.230176e-03 1.767766e-05
6534 1.229276e-03 1.766465e-05
6535 1.228377e-03 1.765164e-05
6536 1.227479e-03 1.763865e-05
6537 1.226582e-03 1.762567e-05
6538 1.225685e-03 1.761269e-05
6539 1.224788e-03 1.759973e-05
6540 1.223893e-03 1.758677e-05
6541 1.222998e-03 1.757383e-05
6542 1.222104e-03 1.756089e-05
6543 1.221210e-03 1.754797e-05
6544 1.220317e-03 1.753505e-05
6545 1.219425e-03 1.752214e-05
6546 1.218533e-03 1.750924e-05
6547 1.217642e-03 1.749635e-05
6548 1.216752e-03 1.748348e-05
6549 1.215862e-03 1.747061e-05
6550 1.214973e-03 1.745775e-05
6551 1.214085e-03 1.744489e-05
6552 1.213197e-03 1.743205e-05
6553 1.212310e-03 1.741922e-05
6554 1.211423e-03 1.740640e-05
6555 1.210538e-03 1.739359e-05
6556 1.209653e-03 1.738078e-05
6557 1.208768e-03 1.736799e-05
6558 1.207884e-03 1.735520e-05
6559 1.207001e-03 1.734243e-05
6560 1.206119e-03 1.732966e-05
6561 1.205237e-03 1.731691e-05
6562 1.204356e-03 1.730416e-05
6563 1.203475e-03 1.729142e-05
6564 1.202595e-03 1.727869e-05
6565 1.201716e-03 1.726598e-05
6566 1.200837e-03 1.725327e-05
6567 1.199959e-03 1.724057e-05
6568 1.199082e-03 1.722788e-05
6569 1.198205e-03 1.721519e-05
6570 1.197329e-03 1.720252e-05
6571 1.196454e-03 1.718986e-05
6572 1.195579e-03 1.717721e-05
6573 1.194705e-03 1.716456e-05
6574 1.193832e-03 1.715193e-05
6575 1.192959e-03 1.713930e-05
6576 1.192087e-03 1.712669e-05
6577 1.191215e-03 1.711408e-05
6578 1.190344e-03 1.710148e-05
6579 1.189474e-03 1.708889e-05
6580 1.188604e-03 1.707631e-05
6581 1.187735e-03 1.706374e-05
6582 1.186867e-03 1.705118e-05
6583 1.185999e-03 1.703863e-05
6584 1.185132e-03 1.702609e-05
6585 1.184266e-03 1.701356e-05
6586 1.183400e-03 1.700103e-05
6587 1.182535e-03 1.698852e-05
6588 1.181671e-03 1.697601e-05
6589 1.180807e-03 1.696352e-05
6590 1.179944e-03 1.695103e-05
6591 1.179081e-03 1.693855e-05
6592 1.178219e-03 1.692608e-05
6593 1.177358e-03 1.691362e-05
6594 1.176497e-03 1.690117e-05
6595 1.175637e-03 1.688873e-05
6596 1.174778e-03 1.687630e-05
6597 1.173919e-03 1.686388e-05
6598 1.173061e-03 1.685147e-05
6599 1.172203e-03 1.683906e-05
6600 1.171346e-03 1.682667e-05
6601 1.170490e-03 1.681428e-05
6602 1.169635e-03 1.680190e-05
6603 1.168780e-03 1.678954e-05
6604 1.167925e-03 1.677718e-05
6605 1.167071e-03 1.676483e-05
6606 1.166218e-03 1.675249e-05
6607 1.165366e-03 1.674015e-05
6608 1.164514e-03 1.672783e-05
6609 1.163663e-03 1.671552e-05
6610 1.162812e-03 1.670321e-05
6611 1.161962e-03 1.669092e-05
6612 1.161113e-03 1.667863e-05
6613 1.160264e-03 1.666636e-05
6614 1.159416e-03 1.665409e-05
6615 1.158569e-03 1.664183e-05
6616 1.157722e-03 1.662958e-05
6617 1.156876e-03 1.661734e-05
6618 1.156030e-03 1.660511e-05
6619 1.155185e-03 1.659288e-05
6620 1.154341e-03 1.658067e-05
6621 1.153497e-03 1.656846e-05
6622 1.152654e-03 1.655627e-05
6623 1.151811e-03 1.654408e-05
6624 1.150970e-03 1.653190e-05
6625 1.150128e-03 1.651973e-05
6626 1.149288e-03 1.650757e-05
6627 1.148448e-03 1.649542e-05
6628 1.147608e-03 1.648328e-05
6629 1.146770e-03 1.647115e-05
6630 1.145932e-03 1.645902e-05
6631 1.145094e-03 1.644691e-05
6632 1.144257e-03 1.643480e-05
6633 1.143421e-03 1.642270e-05
6634 1.142585e-03 1.641061e-05
6635 1.141750e-03 1.639853e-05
6636 1.140916e-03 1.638646e-05
6637 1.140082e-03 1.637440e-05
6638 1.139249e-03 1.636235e-05
6639 1.138416e-03 1.635030e-05
6640 1.137584e-03 1.633827e-05
6641 1.136753e-03 1.632624e-05
6642 1.135922e-03 1.631422e-05
6643 1.135092e-03 1.630221e-05
6644 1.134262e-03 1.629021e-05
6645 1.133433e-03 1.627822e-05
6646 1.132605e-03 1.626624e-05
6647 1.131777e-03 1.625427e-05
6648 1.130950e-03 1.624230e-05
6649 1.130124e-03 1.623035e-05
6650 1.129298e-03 1.621840e-05
6651 1.128472e-03 1.620646e-05
6652 1.127648e-03 1.619453e-05
6653 1.126824e-03 1.618261e-05
6654 1.126000e-03 1.617070e-05
6655 1.125177e-03 1.615880e-05
6656 1.124355e-03 1.614690e-05
6657 1.123533e-03 1.613501e-05
6658 1.122712e-03 1.612314e-05
6659 1.121892e-03 1.611127e-05
6660 1.121072e-03 1.609941e-05
6661 1.120253e-03 1.608756e-05
6662 1.119434e-03 1.607572e-05
6663 1.118616e-03 1.606388e-05
6664 1.117799e-03 1.605206e-05
6665 1.116982e-03 1.604024e-05
6666 1.116166e-03 1.602844e-05
6667 1.115350e-03 1.601664e-05
6668 1.114535e-03 1.600485e-05
6669 1.113721e-03 1.599307e-05
6670 1.112907e-03 1.598129e-05
6671 1.112094e-03 1.596953e-05
6672 1.111281e-03 1.595778e-05
6673 1.110469e-03 1.594603e-05
6674 1.109658e-03 1.593429e-05
6675 1.108847e-03 1.592256e-05
6676 1.108037e-03 1.591084e-05
6677 1.107227e-03 1.589913e-05
6678 1.106418e-03 1.588743e-05
6679 1.105610e-03 1.587573e-05
6680 1.104802e-03 1.586404e-05
6681 1.103995e-03 1.585237e-05
6682 1.103188e-03 1.584070e-05
6683 1.102382e-03 1.582904e-05
6684 1.101577e-03 1.581739e-05
6685 1.100772e-03 1.580574e-05
6686 1.099967e-03 1.579411e-05
6687 1.099164e-03 1.578248e-05
6688 1.098361e-03 1.577086e-05
6689 1.097558e-03 1.575926e-05
6690 1.096756e-03 1.574766e-05
6691 1.095955e-03 1.573606e-05
6692 1.095154e-03 1.572448e-05
6693 1.094354e-03 1.571291e-05
6694 1.093555e-03 1.570134e-05
6695 1.092756e-03 1.568978e-05
6696 1.091957e-03 1.567823e-05
6697 1.091160e-03 1.566669e-05
6698 1.090362e-03 1.565516e-05
6699 1.089566e-03 1.564364e-05
6700 1.088770e-03 1.563212e-05
6701 1.087974e-03 1.562061e-05
6702 1.087180e-03 1.560911e-05
6703 1.086385e-03 1.559762e-05
6704 1.085592e-03 1.558614e-05
6705 1.084798e-03 1.557467e-05
6706 1.084006e-03 1.556321e-05
6707 1.083214e-03 1.555175e-05
6708 1.082423e-03 1.554030e-05
6709 1.081632e-03 1.552886e-05
6710 1.080842e-03 1.551743e-05
6711 1.080052e-03 1.550601e-05
6712 1.079263e-03 1.549460e-05
6713 1.078475e-03 1.548319e-05
6714 1.077687e-03 1.547179e-05
6715 1.076900e-03 1.546040e-05
6716 1.076113e-03 1.544902e-05
6717 1.075327e-03 1.543765e-05
6718 1.074541e-03 1.542629e-05
6719 1.073756e-03 1.541493e-05
6720 1.072972e-03 1.540359e-05
6721 1.072188e-03 1.539225e-05
6722 1.071405e-03 1.538092e-05
6723 1.070622e-03 1.536960e-05
6724 1.069840e-03 1.535828e-05
6725 1.069059e-03 1.534698e-05
6726 1.068278e-03 1.533568e-05
6727 1.067498e-03 1.532439e-05
6728 1.066718e-03 1.531311e-05
6729 1.065939e-03 1.530184e-05
6730 1.065160e-03 1.529057e-05
6731 1.064382e-03 1.527932e-05
6732 1.063605e-03 1.526807e-05
6733 1.062828e-03 1.525683e-05
6734 1.062051e-03 1.524560e-05
6735 1.061276e-03 1.523438e-05
6736 1.060500e-03 1.522317e-05
6737 1.059726e-03 1.521196e-05
6738 1.058952e-03 1.520076e-05
6739 1.058178e-03 1.518957e-05
6740 1.057405e-03 1.517839e-05
6741 1.056633e-03 1.516722e-05
6742 1.055861e-03 1.515606e-05
6743 1.055090e-03 1.514490e-05
6744 1.054320e-03 1.513375e-05
6745 1.053550e-03 1.512261e-05
6746 1.052780e-03 1.511148e-05
6747 1.052011e-03 1.510036e-05
6748 1.051243e-03 1.508924e-05
6749 1.050475e-03 1.507813e-05
6750 1.049708e-03 1.506703e-05
6751 1.048941e-03 1.505594e-05
6752 1.048175e-03 1.504486e-05
6753 1.047410e-03 1.503379e-05
6754 1.046645e-03 1.502272e-05
6755 1.045880e-03 1.501166e-05
6756 1.045116e-03 1.500061e-05
6757 1.044353e-03 1.498957e-05
6758 1.043590e-03 1.497854e-05
6759 1.042828e-03 1.496751e-05
6760 1.042067e-03 1.495649e-05
6761 1.041306e-03 1.494548e-05
6762 1.040545e-03 1.493448e-05
6763 1.039785e-03 1.492349e-05
6764 1.039026e-03 1.491250e-05
6765 1.038267e-03 1.490153e-05
6766 1.037509e-03 1.489056e-05
6767 1.036751e-03 1.487960e-05
6768 1.035994e-03 1.486864e-05
6769 1.035238e-03 1.485770e-05
6770 1.034482e-03 1.484676e-05
6771 1.033726e-03 1.483583e-05
6772 1.032971e-03 1.482491e-05
6773 1.032217e-03 1.481400e-05
6774 1.031463e-03 1.480309e-05
6775 1.030710e-03 1.479220e-05
6776 1.029957e-03 1.478131e-05
6777 1.029205e-03 1.477043e-05
6778 1.028454e-03 1.475956e-05
6779 1.027703e-03 1.474869e-05
6780 1.026952e-03 1.473783e-05
6781 1.026202e-03 1.472699e-05
6782 1.025453e-03 1.471615e-05
6783 1.024704e-03 1.470531e-05
6784 1.023956e-03 1.469449e-05
6785 1.023208e-03 1.468367e-05
6786 1.022461e-03 1.467286e-05
6787 1.021714e-03 1.466206e-05
6788 1.020968e-03 1.465127e-05
6789 1.020223e-03 1.464048e-05
6790 1.019478e-03 1.462971e-05
6791 1.018734e-03 1.461894e-05
6792 1.017990e-03 1.460818e-05
6793 1.017246e-03 1.459742e-05
6794 1.016504e-03 1.458668e-05
6795 1.015762e-03 1.457594e-05
6796 1.015020e-03 1.456521e-05
6797 1.014279e-03 1.455449e-05
6798 1.013538e-03 1.454378e-05
6799 1.012798e-03 1.453307e-05
6800 1.012059e-03 1.452237e-05
6801 1.011320e-03 1.451168e-05
6802 1.010581e-03 1.450100e-05
6803 1.009844e-03 1.449033e-05
6804 1.009106e-03 1.447966e-05
6805 1.008370e-03 1.446900e-05
6806 1.007633e-03 1.445835e-05
6807 1.006898e-03 1.444771e-05
6808 1.006163e-03 1.443707e-05
6809 1.005428e-03 1.442645e-05
6810 1.004694e-03 1.441583e-05
6811 1.003960e-03 1.440522e-05
6812 1.003228e-03 1.439461e-05
6813 1.002495e-03 1.438402e-05
6814 1.001763e-03 1.437343e-05
6815 1.001032e-03 1.436285e-05
6816 1.000301e-03 1.435228e-05
6817 9.995708e-04 1.434171e-05
6818 9.988411e-04 1.433115e-05
6819 9.981119e-04 1.432061e-05
6820 9.973833e-04 1.431006e-05
6821 9.966552e-04 1.429953e-05
6822 9.959276e-04 1.428900e-05
6823 9.952006e-04 1.427849e-05
6824 9.944741e-04 1.426798e-05
6825 9.937481e-04 1.425747e-05
6826 9.930227e-04 1.424698e-05
6827 9.922978e-04 1.423649e-05
6828 9.915734e-04 1.422601e-05
6829 9.908496e-04 1.421554e-05
6830 9.901263e-04 1.420508e-05
6831 9.894035e-04 1.419462e-05
6832 9.886813e-04 1.418417e-05
6833 9.879596e-04 1.417373e-05
6834 9.872384e-04 1.416330e-05
6835 9.865177e-04 1.415287e-05
6836 9.857976e-04 1.414245e-05
6837 9.850781e-04 1.413204e-05
6838 9.843590e-04 1.412164e-05
6839 9.836405e-04 1.411124e-05
6840 9.829225e-04 1.410086e-05
6841 9.822050e-04 1.409048e-05
6842 9.814881e-04 1.408011e-05
6843 9.807717e-04 1.406974e-05
6844 9.800558e-04 1.405938e-05
6845 9.793405e-04 1.404904e-05
6846 9.786257e-04 1.403869e-05
6847 9.779114e-04 1.402836e-05
6848 9.771976e-04 1.401803e-05
6849 9.764844e-04 1.400771e-05
6850 9.757716e-04 1.399740e-05
6851 9.750595e-04 1.398710e-05
6852 9.743478e-04 1.397680e-05
6853 9.736366e-04 1.396652e-05
6854 9.729260e-04 1.395623e-05
6855 9.722159e-04 1.394596e-05
6856 9.715064e-04 1.393570e-05
6857 9.707973e-04 1.392544e-05
6858 9.700888e-04 1.391519e-05
6859 9.693808e-04 1.390494e-05
6860 9.686733e-04 1.389471e-05
6861 9.679663e-04 1.388448e-05
6862 9.672599e-04 1.387426e-05
6863 9.665540e-04 1.386405e-05
6864 9.658486e-04 1.385384e-05
6865 9.651437e-04 1.384364e-05
6866 9.644393e-04 1.383345e-05
6867 9.637355e-04 1.382327e-05
6868 9.630322e-04 1.381310e-05
6869 9.623293e-04 1.380293e-05
6870 9.616271e-04 1.379277e-05
6871 9.609253e-04 1.378261e-05
6872 9.602240e-04 1.377247e-05
6873 9.595233e-04 1.376233e-05
6874 9.588231e-04 1.375220e-05
6875 9.581234e-04 1.374208e-05
6876 9.574242e-04 1.373196e-05
6877 9.567255e-04 1.372185e-05
6878 9.560273e-04 1.371175e-05
6879 9.553297e-04 1.370166e-05
6880 9.546326e-04 1.369157e-05
6881 9.539359e-04 1.368150e-05
6882 9.532398e-04 1.367143e-05
6883 9.525442e-04 1.366136e-05
6884 9.518492e-04 1.365131e-05
6885 9.511546e-04 1.364126e-05
6886 9.504605e-04 1.363122e-05
6887 9.497670e-04 1.362118e-05
6888 9.490739e-04 1.361115e-05
6889 9.483814e-04 1.360114e-05
6890 9.476894e-04 1.359112e-05
6891 9.469979e-04 1.358112e-05
6892 9.463069e-04 1.357112e-05
6893 9.456164e-04 1.356113e-05
6894 9.449264e-04 1.355115e-05
6895 9.442370e-04 1.354117e-05
6896 9.435480e-04 1.353121e-05
6897 9.428596e-04 1.352125e-05
6898 9.421716e-04 1.351129e-05
6899 9.414842e-04 1.350135e-05
6900 9.407972e-04 1.349141e-05
6901 9.401108e-04 1.348148e-05
6902 9.394249e-04 1.347155e-05
6903 9.387395e-04 1.346164e-05
6904 9.380546e-04 1.345173e-05
6905 9.373702e-04 1.344183e-05
6906 9.366863e-04 1.343193e-05
6907 9.360029e-04 1.342205e-05
6908 9.353200e-04 1.341217e-05
6909 9.346376e-04 1.340229e-05
6910 9.339557e-04 1.339243e-05
6911 9.332743e-04 1.338257e-05
6912 9.325934e-04 1.337272e-05
6913 9.319130e-04 1.336287e-05
6914 9.312331e-04 1.335304e-05
6915 9.305538e-04 1.334321e-05
6916 9.298749e-04 1.333339e-05
6917 9.291965e-04 1.332357e-05
6918 9.285186e-04 1.331376e-05
6919 9.278412e-04 1.330396e-05
6920 9.271644e-04 1.329417e-05
6921 9.264880e-04 1.328439e-05
6922 9.258121e-04 1.327461e-05
6923 9.251367e-04 1.326483e-05
6924 9.244618e-04 1.325507e-05
6925 9.237874e-04 1.324531e-05
6926 9.231135e-04 1.323556e-05
6927 9.224401e-04 1.322582e-05
6928 9.217672e-04 1.321609e-05
6929 9.210948e-04 1.320636e-05
6930 9.204229e-04 1.319664e-05
6931 9.197515e-04 1.318692e-05
6932 9.190806e-04 1.317721e-05
6933 9.184101e-04 1.316751e-05
6934 9.177402e-04 1.315782e-05
6935 9.170708e-04 1.314814e-05
6936 9.164018e-04 1.313846e-05
6937 9.157334e-04 1.312879e-05
6938 9.150654e-04 1.311912e-05
6939 9.143979e-04 1.310947e-05
6940 9.137309e-04 1.309982e-05
6941 9.130645e-04 1.309017e-05
6942 9.123985e-04 1.308054e-05
6943 9.117330e-04 1.307091e-05
6944 9.110679e-04 1.306129e-05
6945 9.104034e-04 1.305167e-05
6946 9.097394e-04 1.304207e-05
6947 9.090758e-04 1.303247e-05
6948 9.084128e-04 1.302287e-05
6949 9.077502e-04 1.301329e-05
6950 9.070881e-04 1.300371e-05
6951 9.064265e-04 1.299413e-05
6952 9.057654e-04 1.298457e-05
6953 9.051048e-04 1.297501e-05
6954 9.044447e-04 1.296546e-05
6955 9.037850e-04 1.295592e-05
6956 9.031259e-04 1.294638e-05
6957 9.024672e-04 1.293685e-05
6958 9.018090e-04 1.292733e-05
6959 9.011513e-04 1.291781e-05
6960 9.004941e-04 1.290830e-05
6961 8.998374e-04 1.289880e-05
6962 8.991811e-04 1.288931e-05
6963 8.985253e-04 1.287982e-05
6964 8.978700e-04 1.287034e-05
6965 8.972152e-04 1.286086e-05
6966 8.965609e-04 1.285140e-05
6967 8.959071e-04 1.284194e-05
6968 8.952537e-04 1.283248e-05
6969 8.946009e-04 1.282304e-05
6970 8.939485e-04 1.281360e-05
6971 8.932966e-04 1.280417e-05
6972 8.926451e-04 1.279474e-05
6973 8.919942e-04 1.278532e-05
6974 8.913437e-04 1.277591e-05
6975 8.906937e-04 1.276651e-05
6976 8.900442e-04 1.275711e-05
6977 8.893952e-04 1.274772e-05
6978 8.887466e-04 1.273833e-05
6979 8.880985e-04 1.272896e-05
6980 8.874509e-04 1.271959e-05
6981 8.868038e-04 1.271023e-05
6982 8.861571e-04 1.270087e-05
6983 8.855110e-04 1.269152e-05
6984 8.848653e-04 1.268218e-05
6985 8.842201e-04 1.267284e-05
6986 8.835753e-04 1.266351e-05
6987 8.829310e-04 1.265419e-05
6988 8.822872e-04 1.264488e-05
6989 8.816439e-04 1.263557e-05
6990 8.810011e-04 1.262627e-05
6991 8.803587e-04 1.261697e-05
6992 8.797168e-04 1.260769e-05
6993 8.790754e-04 1.259841e-05
6994 8.784344e-04 1.258913e-05
6995 8.777939e-04 1.257987e-05
6996 8.771539e-04 1.257061e-05
6997 8.765144e-04 1.256135e-05
6998 8.758753e-04 1.255211e-05
6999 8.752367e-04 1.254287e-05
7000 8.745986e-04 1.253363e-05
7001 8.739609e-04 1.252441e-05
7002 8.733238e-04 1.251519e-05
7003 8.726870e-04 1.250598e-05
7004 8.720508e-04 1.249677e-05
7005 8.714150e-04 1.248757e-05
7006 8.707797e-04 1.247838e-05
7007 8.701449e-04 1.246919e-05
7008 8.695105e-04 1.246001e-05
7009 8.688766e-04 1.245084e-05
7010 8.682431e-04 1.244168e-05
7011 8.676102e-04 1.243252e-05
7012 8.669777e-04 1.242337e-05
7013 8.663456e-04 1.241422e-05
7014 8.657140e-04 1.240508e-05
7015 8.650829e-04 1.239595e-05
7016 8.644523e-04 1.238683e-05
7017 8.638221e-04 1.237771e-05
7018 8.631924e-04 1.236860e-05
7019 8.625631e-04 1.235949e-05
7020 8.619344e-04 1.235040e-05
7021 8.613060e-04 1.234131e-05
7022 8.606782e-04 1.233222e-05
7023 8.600508e-04 1.232314e-05
7024 8.594238e-04 1.231407e-05
7025 8.587974e-04 1.230501e-05
7026 8.581713e-04 1.229595e-05
7027 8.575458e-04 1.228690e-05
7028 8.569207e-04 1.227785e-05
7029 8.562961e-04 1.226882e-05
7030 8.556719e-04 1.225979e-05
7031 8.550482e-04 1.225076e-05
7032 8.544249e-04 1.224174e-05
7033 8.538021e-04 1.223273e-05
7034 8.531798e-04 1.222373e-05
7035 8.525579e-04 1.221473e-05
7036 8.519365e-04 1.220574e-05
7037 8.513156e-04 1.219675e-05
7038 8.506951e-04 1.218778e-05
7039 8.500750e-04 1.217880e-05
7040 8.494554e-04 1.216984e-05
7041 8.488363e-04 1.216088e-05
7042 8.482176e-04 1.215193e-05
7043 8.475994e-04 1.214298e-05
7044 8.469817e-04 1.213405e-05
7045 8.463643e-04 1.212511e-05
7046 8.457475e-04 1.211619e-05
7047 8.451311e-04 1.210727e-05
7048 8.445151e-04 1.209836e-05
7049 8.438997e-04 1.208945e-05
7050 8.432846e-04 1.208055e-05
7051 8.426700e-04 1.207166e-05
7052 8.420559e-04 1.206277e-05
7053 8.414422e-04 1.205389e-05
7054 8.408290e-04 1.204502e-05
7055 8.402162e-04 1.203616e-05
7056 8.396039e-04 1.202730e-05
7057 8.389920e-04 1.201844e-05
7058 8.383806e-04 1.200959e-05
7059 8.377696e-04 1.200075e-05
7060 8.371591e-04 1.199192e-05
7061 8.365491e-04 1.198309e-05
7062 8.359394e-04 1.197427e-05
7063 8.353303e-04 1.196546e-05
7064 8.347215e-04 1.195665e-05
7065 8.341133e-04 1.194785e-05
7066 8.335054e-04 1.193905e-05
7067 8.328981e-04 1.193027e-05
7068 8.322911e-04 1.192148e-05
7069 8.316847e-04 1.191271e-05
7070 8.310786e-04 1.190394e-05
7071 8.304730e-04 1.189518e-05
7072 8.298679e-04 1.188642e-05
7073 8.292632e-04 1.187767e-05
7074 8.286589e-04 1.186893e-05
7075 8.280551e-04 1.186019e-05
7076 8.274518e-04 1.185146e-05
7077 8.268489e-04 1.184274e-05
7078 8.262464e-04 1.183402e-05
7079 8.256444e-04 1.182531e-05
7080 8.250428e-04 1.181660e-05
7081 8.244416e-04 1.180791e-05
7082 8.238409e-04 1.179921e-05
7083 8.232407e-04 1.179053e-05
7084 8.226409e-04 1.178185e-05
7085 8.220415e-04 1.177318e-05
7086 8.214426e-04 1.176451e-05
7087 8.208441e-04 1.175585e-05
7088 8.202460e-04 1.174720e-05
7089 8.196484e-04 1.173855e-05
7090 8.190512e-04 1.172991e-05
7091 8.184545e-04 1.172127e-05
7092 8.178582e-04 1.171265e-05
7093 8.172624e-04 1.170402e-05
7094 8.166670e-04 1.169541e-05
7095 8.160720e-04 1.168680e-05
7096 8.154775e-04 1.167820e-05
7097 8.148834e-04 1.166960e-05
7098 8.142897e-04 1.166101e-05
7099 8.136965e-04 1.165243e-05
7100 8.131037e-04 1.164385e-05
7101 8.125114e-04 1.163528e-05
7102 8.119195e-04 1.162671e-05
7103 8.113280e-04 1.161816e-05
7104 8.107370e-04 1.160960e-05
7105 8.101464e-04 1.160106e-05
7106 8.095562e-04 1.159252e-05
7107 8.089665e-04 1.158398e-05
7108 8.083772e-04 1.157546e-05
7109 8.077883e-04 1.156694e-05
7110 8.071999e-04 1.155842e-05
7111 8.066119e-04 1.154991e-05
7112 8.060243e-04 1.154141e-05
7113 8.054372e-04 1.153292e-05
7114 8.048505e-04 1.152443e-05
7115 8.042643e-04 1.151594e-05
7116 8.036784e-04 1.150747e-05
7117 8.030930e-04 1.149900e-05
7118 8.025081e-04 1.149053e-05
7119 8.019235e-04 1.148207e-05
7120 8.013394e-04 1.147362e-05
7121 8.007557e-04 1.146518e-05
7122 8.001725e-04 1.145674e-05
7123 7.995897e-04 1.144830e-05
7124 7.990073e-04 1.143988e-05
7125 7.984253e-04 1.143145e-05
7126 7.978438e-04 1.142304e-05
7127 7.972627e-04 1.141463e-05
7128 7.966820e-04 1.140623e-05
7129 7.961018e-04 1.139783e-05
7130 7.955220e-04 1.138944e-05
7131 7.949426e-04 1.138106e-05
7132 7.943636e-04 1.137268e-05
7133 7.937851e-04 1.136431e-05
7134 7.932070e-04 1.135594e-05
7135 7.926293e-04 1.134759e-05
7136 7.920521e-04 1.133923e-05
7137 7.914752e-04 1.133089e-05
7138 7.908988e-04 1.132254e-05
7139 7.903228e-04 1.131421e-05
7140 7.897473e-04 1.130588e-05
7141 7.891722e-04 1.129756e-05
7142 7.885975e-04 1.128924e-05
7143 7.880232e-04 1.128093e-05
7144 7.874493e-04 1.127263e-05
7145 7.868759e-04 1.126433e-05
7146 7.863028e-04 1.125604e-05
7147 7.857303e-04 1.124775e-05
7148 7.851581e-04 1.123947e-05
7149 7.845863e-04 1.123120e-05
7150 7.840150e-04 1.122293e-05
7151 7.834441e-04 1.121467e-05
7152 7.828736e-04 1.120642e-05
7153 7.823035e-04 1.119817e-05
7154 7.817339e-04 1.118992e-05
7155 7.811647e-04 1.118169e-05
7156 7.805959e-04 1.117346e-05
7157 7.800275e-04 1.116523e-05
7158 7.794595e-04 1.115701e-05
7159 7.788920e-04 1.114880e-05
7160 7.783248e-04 1.114059e-05
7161 7.777581e-04 1.113239e-05
7162 7.771918e-04 1.112420e-05
7163 7.766259e-04 1.111601e-05
7164 7.760605e-04 1.110783e-05
7165 7.754954e-04 1.109965e-05
7166 7.749308e-04 1.109148e-05
7167 7.743666e-04 1.108332e-05
7168 7.738028e-04 1.107516e-05
7169 7.732394e-04 1.106700e-05
7170 7.726764e-04 1.105886e-05
7171 7.721139e-04 1.105072e-05
7172 7.715518e-04 1.104258e-05
7173 7.709900e-04 1.103445e-05
7174 7.704287e-04 1.102633e-05
7175 7.698678e-04 1.101822e-05
7176 7.693073e-04 1.101011e-05
7177 7.687473e-04 1.100200e-05
7178 7.681876e-04 1.099390e-05
7179 7.676284e-04 1.098581e-05
7180 7.670695e-04 1.097772e-05
7181 7.665111e-04 1.096964e-05
7182 7.659531e-04 1.096157e-05
7183 7.653955e-04 1.095350e-05
7184 7.648383e-04 1.094544e-05
7185 7.642816e-04 1.093738e-05
7186 7.637252e-04 1.092933e-05
7187 7.631692e-04 1.092128e-05
7188 7.626137e-04 1.091324e-05
7189 7.620586e-04 1.090521e-05
7190 7.615038e-04 1.089718e-05
7191 7.609495e-04 1.088916e-05
7192 7.603956e-04 1.088115e-05
7193 7.598421e-04 1.087314e-05
7194 7.592890e-04 1.086513e-05
7195 7.587363e-04 1.085713e-05
7196 7.581841e-04 1.084914e-05
7197 7.576322e-04 1.084116e-05
7198 7.570807e-04 1.083318e-05
7199 7.565297e-04 1.082520e-05
7200 7.559790e-04 1.081723e-05
7201 7.554288e-04 1.080927e-05
7202 7.548789e-04 1.080131e-05
7203 7.543295e-04 1.079336e-05
7204 7.537805e-04 1.078542e-05
7205 7.532318e-04 1.077748e-05
7206 7.526836e-04 1.076954e-05
7207 7.521358e-04 1.076162e-05
7208 7.515884e-04 1.075370e-05
7209 7.510414e-04 1.074578e-05
7210 7.504948e-04 1.073787e-05
7211 7.499486e-04 1.072997e-05
7212 7.494028e-04 1.072207e-05
7213 7.488574e-04 1.071417e-05
7214 7.483124e-04 1.070629e-05
7215 7.477678e-04 1.069841e-05
7216 7.472236e-04 1.069053e-05
7217 7.466798e-04 1.068266e-05
7218 7.461364e-04 1.067480e-05
7219 7.455934e-04 1.066694e-05
7220 7.450508e-04 1.065909e-05
7221 7.445086e-04 1.065124e-05
7222 7.439668e-04 1.064340e-05
7223 7.434254e-04 1.063557e-05
7224 7.428844e-04 1.062774e-05
7225 7.423439e-04 1.061992e-05
7226 7.418037e-04 1.061210e-05
7227 7.412639e-04 1.060429e-05
7228 7.407245e-04 1.059648e-05
7229 7.401855e-04 1.058868e-05
7230 7.396469e-04 1.058089e-05
7231 7.391086e-04 1.057310e-05
7232 7.385708e-04 1.056531e-05
7233 7.380334e-04 1.055754e-05
7234 7.374964e-04 1.054977e-05
7235 7.369598e-04 1.054200e-05
7236 7.364236e-04 1.053424e-05
7237 7.358877e-04 1.052649e-05
7238 7.353523e-04 1.051874e-05
7239 7.348172e-04 1.051099e-05
7240 7.342826e-04 1.050326e-05
7241 7.337483e-04 1.049553e-05
7242 7.332145e-04 1.048780e-05
7243 7.326810e-04 1.048008e-05
7244 7.321479e-04 1.047236e-05
7245 7.316153e-04 1.046466e-05
7246 7.310830e-04 1.045695e-05
7247 7.305511e-04 1.044926e-05
7248 7.300196e-04 1.044156e-05
7249 7.294885e-04 1.043388e-05
7250 7.289577e-04 1.042620e-05
7251 7.284274e-04 1.041852e-05
7252 7.278975e-04 1.041085e-05
7253 7.273679e-04 1.040319e-05
7254 7.268388e-04 1.039553e-05
7255 7.263100e-04 1.038788e-05
7256 7.257816e-04 1.038023e-05
7257 7.252536e-04 1.037259e-05
7258 7.247260e-04 1.036496e-05
7259 7.241988e-04 1.035733e-05
7260 7.236720e-04 1.034970e-05
7261 7.231456e-04 1.034208e-05
7262 7.226195e-04 1.033447e-05
7263 7.220939e-04 1.032686e-05
7264 7.215686e-04 1.031926e-05
7265 7.210437e-04 1.031167e-05
7266 7.205192e-04 1.030408e-05
7267 7.199951e-04 1.029649e-05
7268 7.194714e-04 1.028891e-05
7269 7.189480e-04 1.028134e-05
7270 7.184251e-04 1.027377e-05
7271 7.179025e-04 1.026621e-05
7272 7.173803e-04 1.025865e-05
7273 7.168586e-04 1.025110e-05
7274 7.163371e-04 1.024355e-05
7275 7.158161e-04 1.023601e-05
7276 7.152955e-04 1.022848e-05
7277 7.147752e-04 1.022095e-05
7278 7.142553e-04 1.021342e-05
7279 7.137358e-04 1.020591e-05
7280 7.132167e-04 1.019839e-05
7281 7.126980e-04 1.019089e-05
7282 7.121797e-04 1.018339e-05
7283 7.116617e-04 1.017589e-05
7284 7.111441e-04 1.016840e-05
7285 7.106269e-04 1.016091e-05
7286 7.101101e-04 1.015343e-05
7287 7.095937e-04 1.014596e-05
7288 7.090776e-04 1.013849e-05
7289 7.085619e-04 1.013103e-05
7290 7.080466e-04 1.012357e-05
7291 7.075317e-04 1.011612e-05
7292 7.070172e-04 1.010867e-05
7293 7.065030e-04 1.010123e-05
7294 7.059893e-04 1.009380e-05
7295 7.054759e-04 1.008637e-05
7296 7.049628e-04 1.007894e-05
7297 7.044502e-04 1.007152e-05
7298 7.039379e-04 1.006411e-05
7299 7.034261e-04 1.005670e-05
7300 7.029145e-04 1.004930e-05
7301 7.024034e-04 1.004190e-05
7302 7.018927e-04 1.003451e-05
7303 7.013823e-04 1.002712e-05
7304 7.008723e-04 1.001974e-05
7305 7.003626e-04 1.001237e-05
7306 6.998534e-04 1.000499e-05
7307 6.993445e-04 9.997630e-06
7308 6.988360e-04 9.990271e-06
7309 6.983279e-04 9.982917e-06
7310 6.978201e-04 9.975568e-06
7311 6.973128e-04 9.968225e-06
7312 6.968058e-04 9.960888e-06
7313 6.962991e-04 9.953555e-06
7314 6.957929e-04 9.946228e-06
7315 6.952870e-04 9.938907e-06
7316 6.947815e-04 9.931591e-06
7317 6.942764e-04 9.924280e-06
7318 6.937716e-04 9.916975e-06
7319 6.932672e-04 9.909675e-06
7320 6.927632e-04 9.902380e-06
7321 6.922595e-04 9.895091e-06
7322 6.917562e-04 9.887807e-06
7323 6.912533e-04 9.880529e-06
7324 6.907508e-04 9.873256e-06
7325 6.902486e-04 9.865988e-06
7326 6.897468e-04 9.858725e-06
7327 6.892454e-04 9.851468e-06
7328 6.887444e-04 9.844217e-06
7329 6.882437e-04 9.836970e-06
7330 6.877434e-04 9.829729e-06
7331 6.872434e-04 9.822493e-06
7332 6.867438e-04 9.815263e-06
7333 6.862446e-04 9.808038e-06
7334 6.857458e-04 9.800818e-06
7335 6.852473e-04 9.793604e-06
7336 6.847492e-04 9.786395e-06
7337 6.842515e-04 9.779191e-06
7338 6.837541e-04 9.771992e-06
7339 6.832571e-04 9.764799e-06
7340 6.827604e-04 9.757611e-06
7341 6.822642e-04 9.750428e-06
7342 6.817683e-04 9.743251e-06
7343 6.812727e-04 9.736079e-06
7344 6.807775e-04 9.728912e-06
7345 6.802827e-04 9.721751e-06
7346 6.797883e-04 9.714594e-06
7347 6.792942e-04 9.707443e-06
7348 6.788005e-04 9.700298e-06
7349 6.783071e-04 9.693157e-06
7350 6.778141e-04 9.686022e-06
7351 6.773215e-04 9.678892e-06
7352 6.768292e-04 9.671767e-06
7353 6.763373e-04 9.664648e-06
7354 6.758458e-04 9.657534e-06
7355 6.753546e-04 9.650425e-06
7356 6.748638e-04 9.643321e-06
7357 6.743733e-04 9.636222e-06
7358 6.738833e-04 9.629129e-06
7359 6.733935e-04 9.622041e-06
7360 6.729042e-04 9.614958e-06
7361 6.724151e-04 9.607881e-06
7362 6.719265e-04 9.600808e-06
7363 6.714382e-04 9.593741e-06
7364 6.709503e-04 9.586679e-06
7365 6.704627e-04 9.579622e-06
7366 6.699755e-04 9.572570e-06
7367 6.694887e-04 9.565524e-06
7368 6.690022e-04 9.558483e-06
7369 6.685160e-04 9.551447e-06
7370 6.680303e-04 9.544416e-06
7371 6.675448e-04 9.537390e-06
7372 6.670598e-04 9.530370e-06
7373 6.665751e-04 9.523354e-06
7374 6.660907e-04 9.516344e-06
7375 6.656068e-04 9.509339e-06
7376 6.651231e-04 9.502339e-06
7377 6.646399e-04 9.495344e-06
7378 6.641570e-04 9.488355e-06
7379 6.636744e-04 9.481370e-06
7380 6.631922e-04 9.474391e-06
7381 6.627103e-04 9.467417e-06
7382 6.622288e-04 9.460448e-06
7383 6.617477e-04 9.453484e-06
7384 6.612669e-04 9.446525e-06
7385 6.607865e-04 9.439571e-06
7386 6.603064e-04 9.432623e-06
7387 6.598267e-04 9.425679e-06
7388 6.593473e-04 9.418741e-06
7389 6.588683e-04 9.411808e-06
7390 6.583897e-04 9.404880e-06
7391 6.579114e-04 9.397957e-06
7392 6.574334e-04 9.391039e-06
7393 6.569558e-04 9.384126e-06
7394 6.564786e-04 9.377218e-06
7395 6.560017e-04 9.370316e-06
7396 6.555251e-04 9.363418e-06
7397 6.550489e-04 9.356526e-06
7398 6.545731e-04 9.349638e-06
7399 6.540976e-04 9.342756e-06
7400 6.536224e-04 9.335879e-06
7401 6.531476e-04 9.329006e-06
7402 6.526732e-04 9.322139e-06
7403 6.521991e-04 9.315277e-06
7404 6.517254e-04 9.308420e-06
7405 6.512520e-04 9.301568e-06
7406 6.507789e-04 9.294721e-06
7407 6.503062e-04 9.287879e-06
7408 6.498339e-04 9.281042e-06
7409 6.493619e-04 9.274211e-06
7410 6.488902e-04 9.267384e-06
7411 6.484189e-04 9.260562e-06
7412 6.479480e-04 9.253745e-06
7413 6.474774e-04 9.246933e-06
7414 6.470071e-04 9.240127e-06
7415 6.465372e-04 9.233325e-06
7416 6.460676e-04 9.226528e-06
7417 6.455984e-04 9.219737e-06
7418 6.451295e-04 9.212950e-06
7419 6.446610e-04 9.206168e-06
7420 6.441928e-04 9.199391e-06
7421 6.437250e-04 9.192620e-06
7422 6.432575e-04 9.185853e-06
7423 6.427903e-04 9.179091e-06
7424 6.423235e-04 9.172334e-06
7425 6.418571e-04 9.165582e-06
7426 6.413910e-04 9.158836e-06
7427 6.409252e-04 9.152094e-06
7428 6.404598e-04 9.145357e-06
7429 6.399947e-04 9.138625e-06
7430 6.395299e-04 9.131898e-06
7431 6.390655e-04 9.125176e-06
7432 6.386015e-04 9.118459e-06
7433 6.381378e-04 9.111746e-06
7434 6.376744e-04 9.105039e-06
7435 6.372113e-04 9.098337e-06
7436 6.367487e-04 9.091640e-06
7437 6.362863e-04 9.084947e-06
7438 6.358243e-04 9.078260e-06
7439 6.353626e-04 9.071577e-06
7440 6.349013e-04 9.064899e-06
7441 6.344403e-04 9.058227e-06
7442 6.339797e-04 9.051559e-06
7443 6.335194e-04 9.044896e-06
7444 6.330594e-04 9.038238e-06
7445 6.325998e-04 9.031585e-06
7446 6.321405e-04 9.024937e-06
7447 6.316815e-04 9.018293e-06
7448 6.312229e-04 9.011655e-06
7449 6.307646e-04 9.005021e-06
7450 6.303067e-04 8.998393e-06
7451 6.298491e-04 8.991769e-06
7452 6.293918e-04 8.985150e-06
7453 6.289349e-04 8.978536e-06
7454 6.284783e-04 8.971927e-06
7455 6.280221e-04 8.965322e-06
7456 6.275662e-04 8.958723e-06
7457 6.271106e-04 8.952128e-06
7458 6.266553e-04 8.945539e-06
7459 6.262004e-04 8.938954e-06
7460 6.257459e-04 8.932374e-06
7461 6.252916e-04 8.925798e-06
7462 6.248377e-04 8.919228e-06
7463 6.243842e-04 8.912663e-06
7464 6.239309e-04 8.906102e-06
7465 6.234780e-04 8.899546e-06
7466 6.230255e-04 8.892995e-06
7467 6.225732e-04 8.886449e-06
7468 6.221213e-04 8.879907e-06
7469 6.216698e-04 8.873371e-06
7470 6.212185e-04 8.866839e-06
7471 6.207676e-04 8.860312e-06
7472 6.203171e-04 8.853790e-06
7473 6.198668e-04 8.847273e-06
7474 6.194169e-04 8.840760e-06
7475 6.189674e-04 8.834252e-06
7476 6.185181e-04 8.827749e-06
7477 6.180692e-04 8.821251e-06
7478 6.176207e-04 8.814758e-06
7479 6.171724e-04 8.808269e-06
7480 6.167245e-04 8.801785e-06
7481 6.162769e-04 8.795306e-06
7482 6.158297e-04 8.788832e-06
7483 6.153827e-04 8.782362e-06
7484 6.149362e-04 8.775898e-06
7485 6.144899e-04 8.769438e-06
7486 6.140440e-04 8.762982e-06
7487 6.135983e-04 8.756532e-06
7488 6.131531e-04 8.750086e-06
7489 6.127081e-04 8.743645e-06
7490 6.122635e-04 8.737209e-06
7491 6.118192e-04 8.730777e-06
7492 6.113752e-04 8.724351e-06
7493 6.109316e-04 8.717929e-06
7494 6.104883e-04 8.711511e-06
7495 6.100453e-04 8.705099e-06
7496 6.096026e-04 8.698691e-06
7497 6.091603e-04 8.692287e-06
7498 6.087183e-04 8.685889e-06
7499 6.082766e-04 8.679495e-06
7500 6.078353e-04 8.673106e-06
7501 6.073943e-04 8.666722e-06
7502 6.069536e-04 8.660342e-06
7503 6.065132e-04 8.653967e-06
7504 6.060731e-04 8.647597e-06
7505 6.056334e-04 8.641231e-06
7506 6.051940e-04 8.634871e-06
7507 6.047549e-04 8.628514e-06
7508 6.043162e-04 8.622163e-06
7509 6.038777e-04 8.615816e-06
7510 6.034396e-04 8.609474e-06
7511 6.030018e-04 8.603136e-06
7512 6.025644e-04 8.596803e-06
7513 6.021272e-04 8.590475e-06
7514 6.016904e-04 8.584152e-06
7515 6.012539e-04 8.577833e-06
7516 6.008177e-04 8.571519e-06
7517 6.003819e-04 8.565209e-06
7518 5.999464e-04 8.558904e-06
7519 5.995112e-04 8.552604e-06
7520 5.990763e-04 8.546308e-06
7521 5.986417e-04 8.540017e-06
7522 5.982075e-04 8.533731e-06
7523 5.977735e-04 8.527449e-06
7524 5.973399e-04 8.521172e-06
7525 5.969066e-04 8.514900e-06
7526 5.964737e-04 8.508632e-06
7527 5.960410e-04 8.502368e-06
7528 5.956087e-04 8.496110e-06
7529 5.951767e-04 8.489856e-06
7530 5.947450e-04 8.483606e-06
7531 5.943136e-04 8.477361e-06
7532 5.938826e-04 8.471121e-06
7533 5.934518e-04 8.464885e-06
7534 5.930214e-04 8.458654e-06
7535 5.925913e-04 8.452428e-06
7536 5.921615e-04 8.446206e-06
7537 5.917321e-04 8.439989e-06
7538 5.913029e-04 8.433776e-06
7539 5.908741e-04 8.427568e-06
7540 5.904456e-04 8.421364e-06
7541 5.900174e-04 8.415165e-06
7542 5.895895e-04 8.408971e-06
7543 5.891619e-04 8.402781e-06
7544 5.887346e-04 8.396595e-06
7545 5.883077e-04 8.390414e-06
7546 5.878811e-04 8.384238e-06
7547 5.874548e-04 8.378067e-06
7548 5.870288e-04 8.371899e-06
7549 5.866031e-04 8.365737e-06
7550 5.861777e-04 8.359579e-06
7551 5.857527e-04 8.353425e-06
7552 5.853279e-04 8.347276e-06
7553 5.849035e-04 8.341132e-06
7554 5.844794e-04 8.334992e-06
7555 5.840556e-04 8.328856e-06
7556 5.836321e-04 8.322725e-06
7557 5.832089e-04 8.316599e-06
7558 5.827861e-04 8.310477e-06
7559 5.823635e-04 8.304359e-06
7560 5.819413e-04 8.298247e-06
7561 5.815193e-04 8.292138e-06
7562 5.810977e-04 8.286034e-06
7563 5.806764e-04 8.279935e-06
7564 5.802554e-04 8.273840e-06
7565 5.798347e-04 8.267749e-06
7566 5.794144e-04 8.261663e-06
7567 5.789943e-04 8.255582e-06
7568 5.785745e-04 8.249505e-06
7569 5.781551e-04 8.243432e-06
7570 5.777360e-04 8.237364e-06
7571 5.773171e-04 8.231301e-06
7572 5.768986e-04 8.225242e-06
7573 5.764804e-04 8.219187e-06
7574 5.760625e-04 8.213137e-06
7575 5.756449e-04 8.207091e-06
7576 5.752276e-04 8.201050e-06
7577 5.748107e-04 8.195013e-06
7578 5.743940e-04 8.188980e-06
7579 5.739776e-04 8.182952e-06
7580 5.735616e-04 8.176929e-06
7581 5.731458e-04 8.170910e-06
7582 5.727304e-04 8.164895e-06
7583 5.723153e-04 8.158885e-06
7584 5.719004e-04 8.152879e-06
7585 5.714859e-04 8.146878e-06
7586 5.710717e-04 8.140881e-06
7587 5.706578e-04 8.134888e-06
7588 5.702442e-04 8.128900e-06
7589 5.698309e-04 8.122916e-06
7590 5.694179e-04 8.116937e-06
7591 5.690052e-04 8.110962e-06
7592 5.685928e-04 8.104991e-06
7593 5.681807e-04 8.099025e-06
7594 5.677690e-04 8.093063e-06
7595 5.673575e-04 8.087106e-06
7596 5.669463e-04 8.081153e-06
7597 5.665354e-04 8.075204e-06
7598 5.661249e-04 8.069260e-06
7599 5.657146e-04 8.063320e-06
7600 5.653047e-04 8.057385e-06
7601 5.648950e-04 8.051454e-06
7602 5.644857e-04 8.045527e-06
7603 5.640766e-04 8.039605e-06
7604 5.636678e-04 8.033687e-06
7605 5.632594e-04 8.027773e-06
7606 5.628513e-04 8.021864e-06
7607 5.624434e-04 8.015959e-06
7608 5.620359e-04 8.010058e-06
7609 5.616286e-04 8.004162e-06
7610 5.612217e-04 7.998270e-06
7611 5.608150e-04 7.992382e-06
7612 5.604087e-04 7.986499e-06
7613 5.600026e-04 7.980620e-06
7614 5.595969e-04 7.974745e-06
7615 5.591915e-04 7.968875e-06
7616 5.587863e-04 7.963009e-06
7617 5.583815e-04 7.957147e-06
7618 5.579769e-04 7.951290e-06
7619 5.575727e-04 7.945437e-06
7620 5.571687e-04 7.939588e-06
7621 5.567651e-04 7.933744e-06
7622 5.563617e-04 7.927904e-06
7623 5.559587e-04 7.922068e-06
7624 5.555559e-04 7.916237e-06
7625 5.551534e-04 7.910409e-06
7626 5.547513e-04 7.904586e-06
7627 5.543494e-04 7.898768e-06
7628 5.539478e-04 7.892953e-06
7629 5.535465e-04 7.887143e-06
7630 5.531456e-04 7.881338e-06
7631 5.527449e-04 7.875536e-06
7632 5.523445e-04 7.869739e-06
7633 5.519444e-04 7.863946e-06
7634 5.515446e-04 7.858157e-06
7635 5.511451e-04 7.852373e-06
7636 5.507459e-04 7.846592e-06
7637 5.503470e-04 7.840816e-06
7638 5.499483e-04 7.835045e-06
7639 5.495500e-04 7.829277e-06
7640 5.491520e-04 7.823514e-06
7641 5.487543e-04 7.817755e-06
7642 5.483568e-04 7.812000e-06
7643 5.479597e-04 7.806250e-06
7644 5.475628e-04 7.800504e-06
7645 5.471662e-04 7.794762e-06
7646 5.467700e-04 7.789024e-06
7647 5.463740e-04 7.783290e-06
7648 5.459783e-04 7.777561e-06
7649 5.455829e-04 7.771836e-06
7650 5.451878e-04 7.766115e-06
7651 5.447930e-04 7.760398e-06
7652 5.443985e-04 7.754686e-06
7653 5.440042e-04 7.748977e-06
7654 5.436103e-04 7.743273e-06
7655 5.432166e-04 7.737573e-06
7656 5.428233e-04 7.731878e-06
7657 5.424302e-04 7.726186e-06
7658 5.420374e-04 7.720499e-06
7659 5.416449e-04 7.714816e-06
7660 5.412527e-04 7.709137e-06
7661 5.408608e-04 7.703462e-06
7662 5.404692e-04 7.697791e-06
7663 5.400779e-04 7.692125e-06
7664 5.396868e-04 7.686463e-06
7665 5.392961e-04 7.680805e-06
7666 5.389056e-04 7.675151e-06
7667 5.385154e-04 7.669501e-06
7668 5.381255e-04 7.663855e-06
7669 5.377359e-04 7.658214e-06
7670 5.373466e-04 7.652577e-06
7671 5.369576e-04 7.646944e-06
7672 5.365689e-04 7.641315e-06
7673 5.361804e-04 7.635690e-06
7674 5.357922e-04 7.630069e-06
7675 5.354044e-04 7.624453e-06
7676 5.350168e-04 7.618840e-06
7677 5.346295e-04 7.613232e-06
7678 5.342424e-04 7.607628e-06
7679 5.338557e-04 7.602028e-06
7680 5.334692e-04 7.596432e-06
7681 5.330831e-04 7.590840e-06
7682 5.326972e-04 7.585252e-06
7683 5.323116e-04 7.579669e-06
7684 5.319263e-04 7.574089e-06
7685 5.315413e-04 7.568514e-06
7686 5.311565e-04 7.562942e-06
7687 5.307721e-04 7.557375e-06
7688 5.303879e-04 7.551812e-06
7689 5.300040e-04 7.546253e-06
7690 5.296204e-04 7.540698e-06
7691 5.292371e-04 7.535148e-06
7692 5.288540e-04 7.529601e-06
7693 5.284713e-04 7.524058e-06
7694 5.280888e-04 7.518520e-06
7695 5.277066e-04 7.512985e-06
7696 5.273247e-04 7.507455e-06
7697 5.269430e-04 7.501929e-06
7698 5.265617e-04 7.496406e-06
7699 5.261806e-04 7.490888e-06
7700 5.257998e-04 7.485374e-06
7701 5.254193e-04 7.479864e-06
7702 5.250391e-04 7.474358e-06
7703 5.246592e-04 7.468856e-06
7704 5.242795e-04 7.463358e-06
7705 5.239001e-04 7.457864e-06
7706 5.235210e-04 7.452375e-06
7707 5.231422e-04 7.446889e-06
7708 5.227636e-04 7.441407e-06
7709 5.223854e-04 7.435929e-06
7710 5.220074e-04 7.430456e-06
7711 5.216297e-04 7.424986e-06
7712 5.212522e-04 7.419521e-06
7713 5.208751e-04 7.414059e-06
7714 5.204982e-04 7.408601e-06
7715 5.201216e-04 7.403148e-06
7716 5.197453e-04 7.397698e-06
7717 5.193693e-04 7.392253e-06
7718 5.189935e-04 7.386811e-06
7719 5.186180e-04 7.381374e-06
7720 5.182428e-04 7.375940e-06
7721 5.178679e-04 7.370511e-06
7722 5.174932e-04 7.365085e-06
7723 5.171189e-04 7.359664e-06
7724 5.167448e-04 7.354246e-06
7725 5.163709e-04 7.348833e-06
7726 5.159974e-04 7.343423e-06
7727 5.156241e-04 7.338018e-06
7728 5.152511e-04 7.332616e-06
7729 5.148784e-04 7.327218e-06
7730 5.145060e-04 7.321825e-06
7731 5.141338e-04 7.316435e-06
7732 5.137619e-04 7.311049e-06
7733 5.133903e-04 7.305668e-06
7734 5.130189e-04 7.300290e-06
7735 5.126478e-04 7.294916e-06
7736 5.122770e-04 7.289546e-06
7737 5.119065e-04 7.284180e-06
7738 5.115363e-04 7.278818e-06
7739 5.111663e-04 7.273460e-06
7740 5.107966e-04 7.268106e-06
7741 5.104271e-04 7.262756e-06
7742 5.100580e-04 7.257410e-06
7743 5.096891e-04 7.252068e-06
7744 5.093205e-04 7.246729e-06
7745 5.089521e-04 7.241395e-06
7746 5.085841e-04 7.236065e-06
7747 5.082163e-04 7.230738e-06
7748 5.078487e-04 7.225415e-06
7749 5.074815e-04 7.220097e-06
7750 5.071145e-04 7.214782e-06
7751 5.067478e-04 7.209471e-06
7752 5.063813e-04 7.204164e-06
7753 5.060152e-04 7.198861e-06
7754 5.056493e-04 7.193562e-06
7755 5.052836e-04 7.188267e-06
7756 5.049183e-04 7.182975e-06
7757 5.045532e-04 7.177688e-06
7758 5.041883e-04 7.172404e-06
7759 5.038238e-04 7.167125e-06
7760 5.034595e-04 7.161849e-06
7761 5.030955e-04 7.156577e-06
7762 5.027317e-04 7.151309e-06
7763 5.023682e-04 7.146045e-06
7764 5.020050e-04 7.140784e-06
7765 5.016421e-04 7.135528e-06
7766 5.012794e-04 7.130275e-06
7767 5.009170e-04 7.125027e-06
7768 5.005549e-04 7.119782e-06
7769 5.001930e-04 7.114541e-06
7770 4.998314e-04 7.109304e-06
7771 4.994700e-04 7.104071e-06
7772 4.991090e-04 7.098841e-06
7773 4.987482e-04 7.093616e-06
7774 4.983876e-04 7.088394e-06
7775 4.980274e-04 7.083176e-06
7776 4.976673e-04 7.077962e-06
7777 4.973076e-04 7.072752e-06
7778 4.969481e-04 7.067546e-06
7779 4.965889e-04 7.062343e-06
7780 4.962300e-04 7.057145e-06
7781 4.958713e-04 7.051950e-06
7782 4.955129e-04 7.046759e-06
7783 4.951547e-04 7.041572e-06
7784 4.947968e-04 7.036388e-06
7785 4.944392e-04 7.031209e-06
7786 4.940819e-04 7.026033e-06
7787 4.937248e-04 7.020861e-06
7788 4.933679e-04 7.015693e-06
7789 4.930114e-04 7.010529e-06
7790 4.926551e-04 7.005368e-06
7791 4.922990e-04 7.000211e-06
7792 4.919432e-04 6.995058e-06
7793 4.915877e-04 6.989909e-06
7794 4.912325e-04 6.984764e-06
7795 4.908775e-04 6.979622e-06
7796 4.905227e-04 6.974485e-06
7797 4.901683e-04 6.969351e-06
7798 4.898141e-04 6.964220e-06
7799 4.894601e-04 6.959094e-06
7800 4.891064e-04 6.953971e-06
7801 4.887530e-04 6.948852e-06
7802 4.883999e-04 6.943737e-06
7803 4.880470e-04 6.938626e-06
7804 4.876943e-04 6.933518e-06
7805 4.873419e-04 6.928415e-06
7806 4.869898e-04 6.923314e-06
7807 4.866380e-04 6.918218e-06
7808 4.862864e-04 6.913126e-06
7809 4.859350e-04 6.908037e-06
7810 4.855839e-04 6.902952e-06
7811 4.852331e-04 6.897870e-06
7812 4.848826e-04 6.892793e-06
7813 4.845323e-04 6.887719e-06
7814 4.841822e-04 6.882649e-06
7815 4.838324e-04 6.877582e-06
7816 4.834829e-04 6.872520e-06
7817 4.831336e-04 6.867461e-06
7818 4.827846e-04 6.862406e-06
7819 4.824359e-04 6.857354e-06
7820 4.820874e-04 6.852306e-06
7821 4.817391e-04 6.847262e-06
7822 4.813911e-04 6.842222e-06
7823 4.810434e-04 6.837185e-06
7824 4.806960e-04 6.832152e-06
7825 4.803487e-04 6.827123e-06
7826 4.800018e-04 6.822098e-06
7827 4.796551e-04 6.817076e-06
7828 4.793086e-04 6.812058e-06
7829 4.789625e-04 6.807043e-06
7830 4.786165e-04 6.802033e-06
7831 4.782708e-04 6.797026e-06
7832 4.779254e-04 6.792022e-06
7833 4.775803e-04 6.787023e-06
7834 4.772353e-04 6.782027e-06
7835 4.768907e-04 6.777034e-06
7836 4.765463e-04 6.772046e-06
7837 4.762021e-04 6.767061e-06
7838 4.758582e-04 6.762079e-06
7839 4.755146e-04 6.757102e-06
7840 4.751712e-04 6.752128e-06
7841 4.748281e-04 6.747157e-06
7842 4.744852e-04 6.742191e-06
7843 4.741426e-04 6.737228e-06
7844 4.738002e-04 6.732268e-06
7845 4.734581e-04 6.727313e-06
7846 4.731162e-04 6.722361e-06
7847 4.727746e-04 6.717412e-06
7848 4.724332e-04 6.712467e-06
7849 4.720921e-04 6.707526e-06
7850 4.717513e-04 6.702589e-06
7851 4.714107e-04 6.697655e-06
7852 4.710703e-04 6.692725e-06
7853 4.707302e-04 6.687798e-06
7854 4.703904e-04 6.682875e-06
7855 4.700507e-04 6.677956e-06
7856 4.697114e-04 6.673040e-06
7857 4.693723e-04 6.668128e-06
7858 4.690334e-04 6.663220e-06
7859 4.686948e-04 6.658315e-06
7860 4.683565e-04 6.653414e-06
7861 4.680184e-04 6.648516e-06
7862 4.676805e-04 6.643622e-06
7863 4.673429e-04 6.638731e-06
7864 4.670056e-04 6.633845e-06
7865 4.666685e-04 6.628961e-06
7866 4.663316e-04 6.624082e-06
7867 4.659950e-04 6.619206e-06
7868 4.656587e-04 6.614333e-06
7869 4.653226e-04 6.609464e-06
7870 4.649867e-04 6.604599e-06
7871 4.646511e-04 6.599737e-06
7872 4.643157e-04 6.594879e-06
7873 4.639806e-04 6.590025e-06
7874 4.636457e-04 6.585174e-06
7875 4.633111e-04 6.580326e-06
7876 4.629767e-04 6.575482e-06
7877 4.626426e-04 6.570642e-06
7878 4.623087e-04 6.565805e-06
7879 4.619751e-04 6.560972e-06
7880 4.616417e-04 6.556143e-06
7881 4.613086e-04 6.551317e-06
7882 4.609757e-04 6.546494e-06
7883 4.606430e-04 6.541675e-06
7884 4.603106e-04 6.536860e-06
7885 4.599785e-04 6.532048e-06
7886 4.596466e-04 6.527240e-06
7887 4.593149e-04 6.522435e-06
7888 4.589835e-04 6.517634e-06
7889 4.586523e-04 6.512836e-06
7890 4.583214e-04 6.508042e-06
7891 4.579907e-04 6.503251e-06
7892 4.576602e-04 6.498464e-06
7893 4.573300e-04 6.493680e-06
7894 4.570001e-04 6.488900e-06
7895 4.566703e-04 6.484124e-06
7896 4.563409e-04 6.479351e-06
7897 4.560117e-04 6.474581e-06
7898 4.556827e-04 6.469815e-06
7899 4.553539e-04 6.465053e-06
7900 4.550254e-04 6.460294e-06
7901 4.546972e-04 6.455538e-06
7902 4.543692e-04 6.450786e-06
7903 4.540414e-04 6.446038e-06
7904 4.537139e-04 6.441293e-06
7905 4.533866e-04 6.436551e-06
7906 4.530595e-04 6.431813e-06
7907 4.527327e-04 6.427079e-06
7908 4.524062e-04 6.422348e-06
7909 4.520799e-04 6.417620e-06
7910 4.517538e-04 6.412896e-06
7911 4.514279e-04 6.408175e-06
7912 4.511023e-04 6.403458e-06
7913 4.507770e-04 6.398745e-06
7914 4.504519e-04 6.394034e-06
7915 4.501270e-04 6.389328e-06
7916 4.498024e-04 6.384624e-06
7917 4.494780e-04 6.379925e-06
7918 4.491538e-04 6.375228e-06
7919 4.488299e-04 6.370535e-06
7920 4.485062e-04 6.365846e-06
7921 4.481828e-04 6.361160e-06
7922 4.478596e-04 6.356478e-06
7923 4.475366e-04 6.351798e-06
7924 4.472139e-04 6.347123e-06
7925 4.468914e-04 6.342451e-06
7926 4.465691e-04 6.337782e-06
7927 4.462471e-04 6.333117e-06
7928 4.459254e-04 6.328455e-06
7929 4.456038e-04 6.323796e-06
7930 4.452825e-04 6.319141e-06
7931 4.449615e-04 6.314490e-06
7932 4.446407e-04 6.309841e-06
7933 4.443201e-04 6.305197e-06
7934 4.439997e-04 6.300555e-06
7935 4.436796e-04 6.295918e-06
7936 4.433597e-04 6.291283e-06
7937 4.430401e-04 6.286652e-06
7938 4.427207e-04 6.282024e-06
7939 4.424015e-04 6.277400e-06
7940 4.420826e-04 6.272779e-06
7941 4.417639e-04 6.268162e-06
7942 4.414455e-04 6.263548e-06
7943 4.411272e-04 6.258937e-06
7944 4.408092e-04 6.254330e-06
7945 4.404915e-04 6.249726e-06
7946 4.401740e-04 6.245125e-06
7947 4.398567e-04 6.240528e-06
7948 4.395396e-04 6.235934e-06
7949 4.392228e-04 6.231344e-06
7950 4.389062e-04 6.226757e-06
7951 4.385899e-04 6.222174e-06
7952 4.382738e-04 6.217593e-06
7953 4.379579e-04 6.213017e-06
7954 4.376423e-04 6.208443e-06
7955 4.373268e-04 6.203873e-06
7956 4.370117e-04 6.199306e-06
7957 4.366967e-04 6.194743e-06
7958 4.363820e-04 6.190183e-06
7959 4.360675e-04 6.185626e-06
7960 4.357533e-04 6.181073e-06
7961 4.354393e-04 6.176523e-06
7962 4.351255e-04 6.171976e-06
7963 4.348119e-04 6.167433e-06
7964 4.344986e-04 6.162893e-06
7965 4.341855e-04 6.158357e-06
7966 4.338726e-04 6.153823e-06
7967 4.335600e-04 6.149293e-06
7968 4.332476e-04 6.144767e-06
7969 4.329354e-04 6.140244e-06
7970 4.326235e-04 6.135724e-06
7971 4.323118e-04 6.131207e-06
7972 4.320003e-04 6.126694e-06
7973 4.316891e-04 6.122184e-06
7974 4.313781e-04 6.117677e-06
7975 4.310673e-04 6.113174e-06
7976 4.307567e-04 6.108674e-06
7977 4.304464e-04 6.104177e-06
7978 4.301363e-04 6.099684e-06
7979 4.298264e-04 6.095194e-06
7980 4.295168e-04 6.090707e-06
7981 4.292074e-04 6.086224e-06
7982 4.288982e-04 6.081744e-06
7983 4.285893e-04 6.077267e-06
7984 4.282805e-04 6.072793e-06
7985 4.279720e-04 6.068323e-06
7986 4.276638e-04 6.063856e-06
7987 4.273557e-04 6.059392e-06
7988 4.270479e-04 6.054932e-06
7989 4.267403e-04 6.050475e-06
7990 4.264330e-04 6.046021e-06
7991 4.261258e-04 6.041571e-06
7992 4.258189e-04 6.037123e-06
7993 4.255123e-04 6.032679e-06
7994 4.252058e-04 6.028239e-06
7995 4.248996e-04 6.023801e-06
7996 4.245936e-04 6.019367e-06
7997 4.242878e-04 6.014936e-06
7998 4.239823e-04 6.010508e-06
7999 4.236770e-04 6.006084e-06
8000 4.233719e-04 6.001663e-06
8001 4.230670e-04 5.997245e-06
8002 4.227623e-04 5.992830e-06
8003 4.224579e-04 5.988419e-06
8004 4.221537e-04 5.984011e-06
8005 4.218498e-04 5.979606e-06
8006 4.215460e-04 5.975204e-06
8007 4.212425e-04 5.970806e-06
8008 4.209392e-04 5.966411e-06
8009 4.206361e-04 5.962019e-06
8010 4.203333e-04 5.957630e-06
8011 4.200307e-04 5.953245e-06
8012 4.197283e-04 5.948862e-06
8013 4.194261e-04 5.944483e-06
8014 4.191241e-04 5.940107e-06
8015 4.188224e-04 5.935735e-06
8016 4.185209e-04 5.931366e-06
8017 4.182196e-04 5.926999e-06
8018 4.179186e-04 5.922636e-06
8019 4.176177e-04 5.918277e-06
8020 4.173171e-04 5.913920e-06
8021 4.170167e-04 5.909567e-06
8022 4.167165e-04 5.905217e-06
8023 4.164166e-04 5.900870e-06
8024 4.161169e-04 5.896526e-06
8025 4.158173e-04 5.892186e-06
8026 4.155181e-04 5.887848e-06
8027 4.152190e-04 5.883514e-06
8028 4.149202e-04 5.879183e-06
8029 4.146215e-04 5.874856e-06
8030 4.143231e-04 5.870531e-06
8031 4.140249e-04 5.866210e-06
8032 4.137270e-04 5.861892e-06
8033 4.134292e-04 5.857577e-06
8034 4.131317e-04 5.853265e-06
8035 4.128344e-04 5.848956e-06
8036 4.125373e-04 5.844651e-06
8037 4.122405e-04 5.840348e-06
8038 4.119438e-04 5.836049e-06
8039 4.116474e-04 5.831753e-06
8040 4.113512e-04 5.827460e-06
8041 4.110552e-04 5.823171e-06
8042 4.107595e-04 5.818884e-06
8043 4.104639e-04 5.814601e-06
8044 4.101686e-04 5.810321e-06
8045 4.098735e-04 5.806044e-06
8046 4.095786e-04 5.801770e-06
8047 4.092839e-04 5.797499e-06
8048 4.089895e-04 5.793231e-06
8049 4.086952e-04 5.788967e-06
8050 4.084012e-04 5.784706e-06
8051 4.081074e-04 5.780447e-06
8052 4.078138e-04 5.776192e-06
8053 4.075204e-04 5.771940e-06
8054 4.072273e-04 5.767692e-06
8055 4.069343e-04 5.763446e-06
8056 4.066416e-04 5.759203e-06
8057 4.063491e-04 5.754964e-06
8058 4.060568e-04 5.750728e-06
8059 4.057648e-04 5.746495e-06
8060 4.054729e-04 5.742264e-06
8061 4.051813e-04 5.738037e-06
8062 4.048898e-04 5.733814e-06
8063 4.045986e-04 5.729593e-06
8064 4.043076e-04 5.725375e-06
8065 4.040169e-04 5.721161e-06
8066 4.037263e-04 5.716949e-06
8067 4.034360e-04 5.712741e-06
8068 4.031458e-04 5.708536e-06
8069 4.028559e-04 5.704334e-06
8070 4.025662e-04 5.700135e-06
8071 4.022767e-04 5.695939e-06
8072 4.019874e-04 5.691746e-06
8073 4.016984e-04 5.687556e-06
8074 4.014095e-04 5.683370e-06
8075 4.011209e-04 5.679186e-06
8076 4.008325e-04 5.675005e-06
8077 4.005443e-04 5.670828e-06
8078 4.002563e-04 5.666654e-06
8079 3.999685e-04 5.662482e-06
8080 3.996809e-04 5.658314e-06
8081 3.993936e-04 5.654149e-06
8082 3.991064e-04 5.649987e-06
8083 3.988195e-04 5.645828e-06
8084 3.985328e-04 5.641672e-06
8085 3.982463e-04 5.637519e-06
8086 3.979600e-04 5.633369e-06
8087 3.976739e-04 5.629222e-06
8088 3.973880e-04 5.625079e-06
8089 3.971023e-04 5.620938e-06
8090 3.968169e-04 5.616800e-06
8091 3.965316e-04 5.612666e-06
8092 3.962466e-04 5.608534e-06
8093 3.959618e-04 5.604406e-06
8094 3.956772e-04 5.600280e-06
8095 3.953928e-04 5.596158e-06
8096 3.951086e-04 5.592038e-06
8097 3.948246e-04 5.587922e-06
8098 3.945409e-04 5.583809e-06
8099 3.942573e-04 5.579698e-06
8100 3.939740e-04 5.575591e-06
8101 3.936908e-04 5.571487e-06
8102 3.934079e-04 5.567386e-06
8103 3.931252e-04 5.563287e-06
8104 3.928427e-04 5.559192e-06
8105 3.925604e-04 5.555100e-06
8106 3.922783e-04 5.551011e-06
8107 3.919964e-04 5.546925e-06
8108 3.917147e-04 5.542841e-06
8109 3.914333e-04 5.538761e-06
8110 3.911520e-04 5.534684e-06
8111 3.908709e-04 5.530610e-06
8112 3.905901e-04 5.526539e-06
8113 3.903095e-04 5.522471e-06
8114 3.900290e-04 5.518406e-06
8115 3.897488e-04 5.514343e-06
8116 3.894688e-04 5.510284e-06
8117 3.891890e-04 5.506228e-06
8118 3.889094e-04 5.502175e-06
8119 3.886300e-04 5.498125e-06
8120 3.883508e-04 5.494077e-06
8121 3.880718e-04 5.490033e-06
8122 3.877931e-04 5.485992e-06
8123 3.875145e-04 5.481954e-06
8124 3.872361e-04 5.477918e-06
8125 3.869580e-04 5.473886e-06
8126 3.866800e-04 5.469856e-06
8127 3.864023e-04 5.465830e-06
8128 3.861248e-04 5.461807e-06
8129 3.858474e-04 5.457786e-06
8130 3.855703e-04 5.453769e-06
8131 3.852934e-04 5.449754e-06
8132 3.850167e-04 5.445742e-06
8133 3.847401e-04 5.441734e-06
8134 3.844638e-04 5.437728e-06
8135 3.841877e-04 5.433725e-06
8136 3.839118e-04 5.429725e-06
8137 3.836361e-04 5.425728e-06
8138 3.833606e-04 5.421735e-06
8139 3.830854e-04 5.417744e-06
8140 3.828103e-04 5.413755e-06
8141 3.825354e-04 5.409770e-06
8142 3.822607e-04 5.405788e-06
8143 3.819862e-04 5.401809e-06
8144 3.817120e-04 5.397833e-06
8145 3.814379e-04 5.393859e-06
8146 3.811640e-04 5.389889e-06
8147 3.808904e-04 5.385921e-06
8148 3.806169e-04 5.381956e-06
8149 3.803436e-04 5.377995e-06
8150 3.800706e-04 5.374036e-06
8151 3.797977e-04 5.370080e-06
8152 3.795251e-04 5.366127e-06
8153 3.792526e-04 5.362177e-06
8154 3.789804e-04 5.358230e-06
8155 3.787083e-04 5.354286e-06
8156 3.784365e-04 5.350344e-06
8157 3.781648e-04 5.346406e-06
8158 3.778934e-04 5.342470e-06
8159 3.776221e-04 5.338538e-06
8160 3.773511e-04 5.334608e-06
8161 3.770803e-04 5.330681e-06
8162 3.768096e-04 5.326757e-06
8163 3.765392e-04 5.322836e-06
8164 3.762689e-04 5.318918e-06
8165 3.759989e-04 5.315002e-06
8166 3.757290e-04 5.311090e-06
8167 3.754594e-04 5.307180e-06
8168 3.751900e-04 5.303274e-06
8169 3.749207e-04 5.299370e-06
8170 3.746517e-04 5.295469e-06
8171 3.743828e-04 5.291571e-06
8172 3.741142e-04 5.287676e-06
8173 3.738457e-04 5.283783e-06
8174 3.735775e-04 5.279894e-06
8175 3.733094e-04 5.276007e-06
8176 3.730416e-04 5.272124e-06
8177 3.727739e-04 5.268243e-06
8178 3.725065e-04 5.264365e-06
8179 3.722392e-04 5.260490e-06
8180 3.719721e-04 5.256617e-06
8181 3.717053e-04 5.252748e-06
8182 3.714386e-04 5.248881e-06
8183 3.711721e-04 5.245017e-06
8184 3.709059e-04 5.241156e-06
8185 3.706398e-04 5.237298e-06
8186 3.703739e-04 5.233443e-06
8187 3.701082e-04 5.229591e-06
8188 3.698428e-04 5.225741e-06
8189 3.695775e-04 5.221894e-06
8190 3.693124e-04 5.218051e-06
8191 3.690475e-04 5.214209e-06
8192 3.687828e-04 5.210371e-06
8193 3.685183e-04 5.206536e-06
8194 3.682540e-04 5.202703e-06
8195 3.679899e-04 5.198873e-06
8196 3.677259e-04 5.195047e-06
8197 3.674622e-04 5.191222e-06
8198 3.671987e-04 5.187401e-06
8199 3.669354e-04 5.183583e-06
8200 3.666722e-04 5.179767e-06
8201 3.664093e-04 5.175954e-06
8202 3.661465e-04 5.172144e-06
8203 3.658840e-04 5.168337e-06
8204 3.656216e-04 5.164532e-06
8205 3.653595e-04 5.160730e-06
8206 3.650975e-04 5.156932e-06
8207 3.648357e-04 5.153135e-06
8208 3.645741e-04 5.149342e-06
8209 3.643127e-04 5.145552e-06
8210 3.640515e-04 5.141764e-06
8211 3.637905e-04 5.137979e-06
8212 3.635297e-04 5.134197e-06
8213 3.632691e-04 5.130418e-06
8214 3.630087e-04 5.126641e-06
8215 3.627484e-04 5.122867e-06
8216 3.624884e-04 5.119096e-06
8217 3.622286e-04 5.115328e-06
8218 3.619689e-04 5.111563e-06
8219 3.617094e-04 5.107800e-06
8220 3.614502e-04 5.104040e-06
8221 3.611911e-04 5.100283e-06
8222 3.609322e-04 5.096528e-06
8223 3.606735e-04 5.092777e-06
8224 3.604150e-04 5.089028e-06
8225 3.601567e-04 5.085282e-06
8226 3.598986e-04 5.081539e-06
8227 3.596407e-04 5.077798e-06
8228 3.593829e-04 5.074060e-06
8229 3.591254e-04 5.070325e-06
8230 3.588680e-04 5.066593e-06
8231 3.586108e-04 5.062863e-06
8232 3.583539e-04 5.059136e-06
8233 3.580971e-04 5.055412e-06
8234 3.578405e-04 5.051691e-06
8235 3.575841e-04 5.047972e-06
8236 3.573279e-04 5.044256e-06
8237 3.570718e-04 5.040543e-06
8238 3.568160e-04 5.036833e-06
8239 3.565604e-04 5.033125e-06
8240 3.563049e-04 5.029420e-06
8241 3.560496e-04 5.025718e-06
8242 3.557945e-04 5.022019e-06
8243 3.555396e-04 5.018322e-06
8244 3.552849e-04 5.014628e-06
8245 3.550304e-04 5.010936e-06
8246 3.547761e-04 5.007248e-06
8247 3.545220e-04 5.003562e-06
8248 3.542680e-04 4.999879e-06
8249 3.540143e-04 4.996198e-06
8250 3.537607e-04 4.992520e-06
8251 3.535073e-04 4.988845e-06
8252 3.532541e-04 4.985173e-06
8253 3.530011e-04 4.981503e-06
8254 3.527483e-04 4.977836e-06
8255 3.524956e-04 4.974172e-06
8256 3.522432e-04 4.970511e-06
8257 3.519909e-04 4.966852e-06
8258 3.517388e-04 4.963196e-06
8259 3.514869e-04 4.959542e-06
8260 3.512352e-04 4.955891e-06
8261 3.509837e-04 4.952243e-06
8262 3.507324e-04 4.948598e-06
8263 3.504812e-04 4.944955e-06
8264 3.502303e-04 4.941315e-06
8265 3.499795e-04 4.937678e-06
8266 3.497289e-04 4.934043e-06
8267 3.494785e-04 4.930411e-06
8268 3.492283e-04 4.926782e-06
8269 3.489783e-04 4.923155e-06
8270 3.487284e-04 4.919531e-06
8271 3.484788e-04 4.915910e-06
8272 3.482293e-04 4.912291e-06
8273 3.479800e-04 4.908675e-06
8274 3.477309e-04 4.905062e-06
8275 3.474820e-04 4.901451e-06
8276 3.472332e-04 4.897843e-06
8277 3.469847e-04 4.894238e-06
8278 3.467363e-04 4.890635e-06
8279 3.464881e-04 4.887035e-06
8280 3.462401e-04 4.883438e-06
8281 3.459923e-04 4.879843e-06
8282 3.457447e-04 4.876251e-06
8283 3.454972e-04 4.872661e-06
8284 3.452500e-04 4.869074e-06
8285 3.450029e-04 4.865490e-06
8286 3.447560e-04 4.861909e-06
8287 3.445092e-04 4.858330e-06
8288 3.442627e-04 4.854753e-06
8289 3.440164e-04 4.851180e-06
8290 3.437702e-04 4.847609e-06
8291 3.435242e-04 4.844040e-06
8292 3.432784e-04 4.840475e-06
8293 3.430328e-04 4.836912e-06
8294 3.427873e-04 4.833351e-06
8295 3.425421e-04 4.829793e-06
8296 3.422970e-04 4.826238e-06
8297 3.420521e-04 4.822685e-06
8298 3.418074e-04 4.819135e-06
8299 3.415628e-04 4.815588e-06
8300 3.413185e-04 4.812043e-06
8301 3.410743e-04 4.808501e-06
8302 3.408303e-04 4.804961e-06
8303 3.405865e-04 4.801424e-06
8304 3.403428e-04 4.797890e-06
8305 3.400994e-04 4.794358e-06
8306 3.398561e-04 4.790829e-06
8307 3.396130e-04 4.787302e-06
8308 3.393701e-04 4.783778e-06
8309 3.391274e-04 4.780257e-06
8310 3.388848e-04 4.776738e-06
8311 3.386425e-04 4.773222e-06
8312 3.384003e-04 4.769708e-06
8313 3.381583e-04 4.766197e-06
8314 3.379164e-04 4.762689e-06
8315 3.376748e-04 4.759183e-06
8316 3.374333e-04 4.755679e-06
8317 3.371920e-04 4.752179e-06
8318 3.369509e-04 4.748681e-06
8319 3.367099e-04 4.745185e-06
8320 3.364692e-04 4.741692e-06
8321 3.362286e-04 4.738202e-06
8322 3.359882e-04 4.734714e-06
8323 3.357480e-04 4.731228e-06
8324 3.355079e-04 4.727746e-06
8325 3.352680e-04 4.724266e-06
8326 3.350284e-04 4.720788e-06
8327 3.347888e-04 4.717313e-06
8328 3.345495e-04 4.713841e-06
8329 3.343103e-04 4.710371e-06
8330 3.340714e-04 4.706903e-06
8331 3.338326e-04 4.703438e-06
8332 3.335939e-04 4.699976e-06
8333 3.333555e-04 4.696516e-06
8334 3.331172e-04 4.693059e-06
8335 3.328791e-04 4.689605e-06
8336 3.326412e-04 4.686153e-06
8337 3.324034e-04 4.682703e-06
8338 3.321658e-04 4.679256e-06
8339 3.319285e-04 4.675812e-06
8340 3.316912e-04 4.672370e-06
8341 3.314542e-04 4.668930e-06
8342 3.312173e-04 4.665493e-06
8343 3.309806e-04 4.662059e-06
8344 3.307441e-04 4.658627e-06
8345 3.305078e-04 4.655198e-06
8346 3.302716e-04 4.651771e-06
8347 3.300356e-04 4.648347e-06
8348 3.297998e-04 4.644925e-06
8349 3.295642e-04 4.641506e-06
8350 3.293287e-04 4.638089e-06
8351 3.290934e-04 4.634675e-06
8352 3.288583e-04 4.631264e-06
8353 3.286233e-04 4.627855e-06
8354 3.283886e-04 4.624448e-06
8355 3.281540e-04 4.621044e-06
8356 3.279195e-04 4.617642e-06
8357 3.276853e-04 4.614243e-06
8358 3.274512e-04 4.610847e-06
8359 3.272173e-04 4.607452e-06
8360 3.269836e-04 4.604061e-06
8361 3.267500e-04 4.600672e-06
8362 3.265166e-04 4.597285e-06
8363 3.262834e-04 4.593901e-06
8364 3.260504e-04 4.590519e-06
8365 3.258175e-04 4.587140e-06
8366 3.255848e-04 4.583764e-06
8367 3.253523e-04 4.580389e-06
8368 3.251200e-04 4.577018e-06
8369 3.248878e-04 4.573648e-06
8370 3.246558e-04 4.570282e-06
8371 3.244240e-04 4.566918e-06
8372 3.241923e-04 4.563556e-06
8373 3.239608e-04 4.560196e-06
8374 3.237295e-04 4.556840e-06
8375 3.234984e-04 4.553485e-06
8376 3.232674e-04 4.550133e-06
8377 3.230366e-04 4.546784e-06
8378 3.228059e-04 4.543437e-06
8379 3.225755e-04 4.540093e-06
8380 3.223452e-04 4.536751e-06
8381 3.221151e-04 4.533411e-06
8382 3.218851e-04 4.530074e-06
8383 3.216554e-04 4.526739e-06
8384 3.214257e-04 4.523407e-06
8385 3.211963e-04 4.520077e-06
8386 3.209670e-04 4.516750e-06
8387 3.207379e-04 4.513425e-06
8388 3.205090e-04 4.510103e-06
8389 3.202803e-04 4.506783e-06
8390 3.200517e-04 4.503465e-06
8391 3.198233e-04 4.500150e-06
8392 3.195950e-04 4.496838e-06
8393 3.193669e-04 4.493528e-06
8394 3.191390e-04 4.490220e-06
8395 3.189113e-04 4.486914e-06
8396 3.186837e-04 4.483612e-06
8397 3.184563e-04 4.480311e-06
8398 3.182291e-04 4.477013e-06
8399 3.180020e-04 4.473718e-06
8400 3.177751e-04 4.470424e-06
8401 3.175484e-04 4.467134e-06
8402 3.173218e-04 4.463845e-06
8403 3.170954e-04 4.460559e-06
8404 3.168692e-04 4.457276e-06
8405 3.166431e-04 4.453995e-06
8406 3.164172e-04 4.450716e-06
8407 3.161915e-04 4.447440e-06
8408 3.159659e-04 4.444166e-06
8409 3.157405e-04 4.440895e-06
8410 3.155153e-04 4.437626e-06
8411 3.152903e-04 4.434359e-06
8412 3.150654e-04 4.431095e-06
8413 3.148406e-04 4.427833e-06
8414 3.146161e-04 4.424574e-06
8415 3.143917e-04 4.421317e-06
8416 3.141675e-04 4.418062e-06
8417 3.139434e-04 4.414810e-06
8418 3.137195e-04 4.411560e-06
8419 3.134958e-04 4.408313e-06
8420 3.132722e-04 4.405068e-06
8421 3.130489e-04 4.401825e-06
8422 3.128256e-04 4.398585e-06
8423 3.126026e-04 4.395347e-06
8424 3.123797e-04 4.392112e-06
8425 3.121569e-04 4.388879e-06
8426 3.119344e-04 4.385648e-06
8427 3.117120e-04 4.382420e-06
8428 3.114897e-04 4.379194e-06
8429 3.112677e-04 4.375970e-06
8430 3.110457e-04 4.372749e-06
8431 3.108240e-04 4.369530e-06
8432 3.106024e-04 4.366313e-06
8433 3.103810e-04 4.363099e-06
8434 3.101598e-04 4.359888e-06
8435 3.099387e-04 4.356678e-06
8436 3.097178e-04 4.353471e-06
8437 3.094970e-04 4.350267e-06
8438 3.092764e-04 4.347064e-06
8439 3.090560e-04 4.343864e-06
8440 3.088357e-04 4.340667e-06
8441 3.086156e-04 4.337472e-06
8442 3.083957e-04 4.334279e-06
8443 3.081759e-04 4.331088e-06
8444 3.079563e-04 4.327900e-06
8445 3.077368e-04 4.324714e-06
8446 3.075175e-04 4.321531e-06
8447 3.072984e-04 4.318350e-06
8448 3.070794e-04 4.315171e-06
8449 3.068606e-04 4.311994e-06
8450 3.066420e-04 4.308820e-06
8451 3.064235e-04 4.305648e-06
8452 3.062052e-04 4.302479e-06
8453 3.059870e-04 4.299312e-06
8454 3.057690e-04 4.296147e-06
8455 3.055512e-04 4.292985e-06
8456 3.053336e-04 4.289825e-06
8457 3.051160e-04 4.286667e-06
8458 3.048987e-04 4.283511e-06
8459 3.046815e-04 4.280358e-06
8460 3.044645e-04 4.277207e-06
8461 3.042476e-04 4.274059e-06
8462 3.040309e-04 4.270913e-06
8463 3.038144e-04 4.267769e-06
8464 3.035980e-04 4.264627e-06
8465 3.033818e-04 4.261488e-06
8466 3.031657e-04 4.258351e-06
8467 3.029498e-04 4.255216e-06
8468 3.027341e-04 4.252084e-06
8469 3.025185e-04 4.248954e-06
8470 3.023031e-04 4.245826e-06
8471 3.020878e-04 4.242701e-06
8472 3.018727e-04 4.239578e-06
8473 3.016578e-04 4.236457e-06
8474 3.014430e-04 4.233339e-06
8475 3.012284e-04 4.230222e-06
8476 3.010139e-04 4.227108e-06
8477 3.007996e-04 4.223997e-06
8478 3.005855e-04 4.220887e-06
8479 3.003715e-04 4.217780e-06
8480 3.001577e-04 4.214676e-06
8481 2.999440e-04 4.211573e-06
8482 2.997305e-04 4.208473e-06
8483 2.995171e-04 4.205375e-06
8484 2.993039e-04 4.202279e-06
8485 2.990909e-04 4.199186e-06
8486 2.988780e-04 4.196095e-06
8487 2.986653e-04 4.193006e-06
8488 2.984528e-04 4.189920e-06
8489 2.982403e-04 4.186835e-06
8490 2.980281e-04 4.183753e-06
8491 2.978160e-04 4.180674e-06
8492 2.976041e-04 4.177596e-06
8493 2.973923e-04 4.174521e-06
8494 2.971807e-04 4.171448e-06
8495 2.969692e-04 4.168377e-06
8496 2.967579e-04 4.165309e-06
8497 2.965468e-04 4.162243e-06
8498 2.963358e-04 4.159179e-06
8499 2.961250e-04 4.156117e-06
8500 2.959143e-04 4.153058e-06
8501 2.957038e-04 4.150001e-06
8502 2.954934e-04 4.146946e-06
8503 2.952832e-04 4.143893e-06
8504 2.950731e-04 4.140843e-06
8505 2.948633e-04 4.137795e-06
8506 2.946535e-04 4.134749e-06
8507 2.944439e-04 4.131705e-06
8508 2.942345e-04 4.128664e-06
8509 2.940252e-04 4.125625e-06
8510 2.938161e-04 4.122588e-06
8511 2.936071e-04 4.119553e-06
8512 2.933983e-04 4.116521e-06
8513 2.931897e-04 4.113491e-06
8514 2.929812e-04 4.110463e-06
8515 2.927728e-04 4.107437e-06
8516 2.925647e-04 4.104413e-06
8517 2.923566e-04 4.101392e-06
8518 2.921487e-04 4.098373e-06
8519 2.919410e-04 4.095356e-06
8520 2.917334e-04 4.092341e-06
8521 2.915260e-04 4.089329e-06
8522 2.913188e-04 4.086319e-06
8523 2.911117e-04 4.083311e-06
8524 2.909047e-04 4.080305e-06
8525 2.906979e-04 4.077301e-06
8526 2.904912e-04 4.074300e-06
8527 2.902848e-04 4.071301e-06
8528 2.900784e-04 4.068304e-06
8529 2.898722e-04 4.065309e-06
8530 2.896662e-04 4.062317e-06
8531 2.894603e-04 4.059326e-06
8532 2.892546e-04 4.056338e-06
8533 2.890490e-04 4.053352e-06
8534 2.888436e-04 4.050369e-06
8535 2.886383e-04 4.047387e-06
8536 2.884332e-04 4.044408e-06
8537 2.882282e-04 4.041431e-06
8538 2.880234e-04 4.038456e-06
8539 2.878187e-04 4.035483e-06
8540 2.876142e-04 4.032512e-06
8541 2.874099e-04 4.029544e-06
8542 2.872057e-04 4.026578e-06
8543 2.870016e-04 4.023614e-06
8544 2.867977e-04 4.020652e-06
8545 2.865939e-04 4.017692e-06
8546 2.863903e-04 4.014735e-06
8547 2.861869e-04 4.011779e-06
8548 2.859836e-04 4.008826e-06
8549 2.857804e-04 4.005875e-06
8550 2.855774e-04 4.002927e-06
8551 2.853746e-04 3.999980e-06
8552 2.851719e-04 3.997035e-06
8553 2.849693e-04 3.994093e-06
8554 2.847669e-04 3.991153e-06
8555 2.845647e-04 3.988215e-06
8556 2.843626e-04 3.985279e-06
8557 2.841607e-04 3.982346e-06
8558 2.839589e-04 3.979414e-06
8559 2.837572e-04 3.976485e-06
8560 2.835557e-04 3.973558e-06
8561 2.833544e-04 3.970633e-06
8562 2.831532e-04 3.967710e-06
8563 2.829521e-04 3.964789e-06
8564 2.827512e-04 3.961871e-06
8565 2.825505e-04 3.958954e-06
8566 2.823499e-04 3.956040e-06
8567 2.821494e-04 3.953128e-06
8568 2.819491e-04 3.950218e-06
8569 2.817490e-04 3.947310e-06
8570 2.815490e-04 3.944405e-06
8571 2.813491e-04 3.941501e-06
8572 2.811494e-04 3.938600e-06
8573 2.809498e-04 3.935701e-06
8574 2.807504e-04 3.932803e-06
8575 2.805512e-04 3.929908e-06
8576 2.803521e-04 3.927016e-06
8577 2.801531e-04 3.924125e-06
8578 2.799543e-04 3.921236e-06
8579 2.797556e-04 3.918350e-06
8580 2.795571e-04 3.915465e-06
8581 2.793587e-04 3.912583e-06
8582 2.791605e-04 3.909703e-06
8583 2.789624e-04 3.906825e-06
8584 2.787644e-04 3.903949e-06
8585 2.785667e-04 3.901075e-06
8586 2.783690e-04 3.898204e-06
8587 2.781715e-04 3.895334e-06
8588 2.779742e-04 3.892467e-06
8589 2.777770e-04 3.889602e-06
8590 2.775799e-04 3.886738e-06
8591 2.773830e-04 3.883877e-06
8592 2.771862e-04 3.881018e-06
8593 2.769896e-04 3.878161e-06
8594 2.767932e-04 3.875307e-06
8595 2.765968e-04 3.872454e-06
8596 2.764007e-04 3.869603e-06
8597 2.762046e-04 3.866755e-06
8598 2.760087e-04 3.863909e-06
8599 2.758130e-04 3.861064e-06
8600 2.756174e-04 3.858222e-06
8601 2.754219e-04 3.855382e-06
8602 2.752266e-04 3.852544e-06
8603 2.750315e-04 3.849708e-06
8604 2.748365e-04 3.846874e-06
8605 2.746416e-04 3.844043e-06
8606 2.744469e-04 3.841213e-06
8607 2.742523e-04 3.838385e-06
8608 2.740578e-04 3.835560e-06
8609 2.738636e-04 3.832737e-06
8610 2.736694e-04 3.829915e-06
8611 2.734754e-04 3.827096e-06
8612 2.732815e-04 3.824279e-06
8613 2.730878e-04 3.821464e-06
8614 2.728943e-04 3.818651e-06
8615 2.727008e-04 3.815840e-06
8616 2.725075e-04 3.813031e-06
8617 2.723144e-04 3.810224e-06
8618 2.721214e-04 3.807419e-06
8619 2.719286e-04 3.804616e-06
8620 2.717358e-04 3.801816e-06
8621 2.715433e-04 3.799017e-06
8622 2.713509e-04 3.796221e-06
8623 2.711586e-04 3.793426e-06
8624 2.709664e-04 3.790634e-06
8625 2.707744e-04 3.787844e-06
8626 2.705826e-04 3.785055e-06
8627 2.703909e-04 3.782269e-06
8628 2.701993e-04 3.779485e-06
8629 2.700079e-04 3.776703e-06
8630 2.698166e-04 3.773923e-06
8631 2.696255e-04 3.771145e-06
8632 2.694345e-04 3.768369e-06
8633 2.692436e-04 3.765595e-06
8634 2.690529e-04 3.762823e-06
8635 2.688623e-04 3.760053e-06
8636 2.686719e-04 3.757285e-06
8637 2.684816e-04 3.754519e-06
8638 2.682914e-04 3.751756e-06
8639 2.681014e-04 3.748994e-06
8640 2.679116e-04 3.746234e-06
8641 2.677218e-04 3.743477e-06
8642 2.675323e-04 3.740721e-06
8643 2.673428e-04 3.737967e-06
8644 2.671535e-04 3.735216e-06
8645 2.669644e-04 3.732466e-06
8646 2.667753e-04 3.729719e-06
8647 2.665865e-04 3.726973e-06
8648 2.663977e-04 3.724230e-06
8649 2.662091e-04 3.721488e-06
8650 2.660207e-04 3.718749e-06
8651 2.658323e-04 3.716011e-06
8652 2.656442e-04 3.713276e-06
8653 2.654561e-04 3.710543e-06
8654 2.652682e-04 3.707811e-06
8655 2.650805e-04 3.705082e-06
8656 2.648928e-04 3.702354e-06
8657 2.647054e-04 3.699629e-06
8658 2.645180e-04 3.696906e-06
8659 2.643308e-04 3.694184e-06
8660 2.641438e-04 3.691465e-06
8661 2.639568e-04 3.688748e-06
8662 2.637700e-04 3.686032e-06
8663 2.635834e-04 3.683319e-06
8664 2.633969e-04 3.680608e-06
8665 2.632105e-04 3.677898e-06
8666 2.630243e-04 3.675191e-06
8667 2.628382e-04 3.672486e-06
8668 2.626522e-04 3.669782e-06
8669 2.624664e-04 3.667081e-06
8670 2.622808e-04 3.664382e-06
8671 2.620952e-04 3.661684e-06
8672 2.619098e-04 3.658989e-06
8673 2.617245e-04 3.656295e-06
8674 2.615394e-04 3.653604e-06
8675 2.613544e-04 3.650914e-06
8676 2.611696e-04 3.648227e-06
8677 2.609849e-04 3.645541e-06
8678 2.608003e-04 3.642858e-06
8679 2.606159e-04 3.640176e-06
8680 2.604316e-04 3.637497e-06
8681 2.602474e-04 3.634819e-06
8682 2.600634e-04 3.632143e-06
8683 2.598795e-04 3.629470e-06
8684 2.596957e-04 3.626798e-06
8685 2.595121e-04 3.624128e-06
8686 2.593286e-04 3.621461e-06
8687 2.591453e-04 3.618795e-06
8688 2.589621e-04 3.616131e-06
8689 2.587790e-04 3.613469e-06
8690 2.585961e-04 3.610809e-06
8691 2.584133e-04 3.608151e-06
8692 2.582306e-04 3.605495e-06
8693 2.580481e-04 3.602841e-06
8694 2.578657e-04 3.600189e-06
8695 2.576834e-04 3.597539e-06
8696 2.575013e-04 3.594891e-06
8697 2.573193e-04 3.592244e-06
8698 2.571375e-04 3.589600e-06
8699 2.569558e-04 3.586958e-06
8700 2.567742e-04 3.584317e-06
8701 2.565928e-04 3.581679e-06
8702 2.564114e-04 3.579042e-06
8703 2.562303e-04 3.576408e-06
8704 2.560492e-04 3.573775e-06
8705 2.558683e-04 3.571144e-06
8706 2.556876e-04 3.568516e-06
8707 2.555069e-04 3.565889e-06
8708 2.553264e-04 3.563264e-06
8709 2.551461e-04 3.560641e-06
8710 2.549658e-04 3.558020e-06
8711 2.547857e-04 3.555401e-06
8712 2.546058e-04 3.552784e-06
8713 2.544259e-04 3.550168e-06
8714 2.542462e-04 3.547555e-06
8715 2.540667e-04 3.544944e-06
8716 2.538872e-04 3.542334e-06
8717 2.537079e-04 3.539727e-06
8718 2.535288e-04 3.537121e-06
8719 2.533498e-04 3.534517e-06
8720 2.531709e-04 3.531915e-06
8721 2.529921e-04 3.529316e-06
8722 2.528135e-04 3.526718e-06
8723 2.526350e-04 3.524121e-06
8724 2.524566e-04 3.521527e-06
8725 2.522784e-04 3.518935e-06
8726 2.521003e-04 3.516345e-06
8727 2.519223e-04 3.513756e-06
8728 2.517445e-04 3.511170e-06
8729 2.515668e-04 3.508585e-06
8730 2.513892e-04 3.506002e-06
8731 2.512118e-04 3.503422e-06
8732 2.510345e-04 3.500843e-06
8733 2.508573e-04 3.498266e-06
8734 2.506803e-04 3.495691e-06
8735 2.505033e-04 3.493117e-06
8736 2.503266e-04 3.490546e-06
8737 2.501499e-04 3.487977e-06
8738 2.499734e-04 3.485409e-06
8739 2.497970e-04 3.482843e-06
8740 2.496208e-04 3.480280e-06
8741 2.494446e-04 3.477718e-06
8742 2.492687e-04 3.475158e-06
8743 2.490928e-04 3.472600e-06
8744 2.489171e-04 3.470043e-06
8745 2.487415e-04 3.467489e-06
8746 2.485660e-04 3.464937e-06
8747 2.483907e-04 3.462386e-06
8748 2.482155e-04 3.459837e-06
8749 2.480404e-04 3.457290e-06
8750 2.478655e-04 3.454745e-06
8751 2.476906e-04 3.452202e-06
8752 2.475160e-04 3.449661e-06
8753 2.473414e-04 3.447122e-06
8754 2.471670e-04 3.444584e-06
8755 2.469927e-04 3.442049e-06
8756 2.468185e-04 3.439515e-06
8757 2.466445e-04 3.436983e-06
8758 2.464706e-04 3.434453e-06
8759 2.462968e-04 3.431925e-06
8760 2.461232e-04 3.429399e-06
8761 2.459496e-04 3.426874e-06
8762 2.457763e-04 3.424352e-06
8763 2.456030e-04 3.421831e-06
8764 2.454299e-04 3.419312e-06
8765 2.452569e-04 3.416795e-06
8766 2.450840e-04 3.414280e-06
8767 2.449113e-04 3.411767e-06
8768 2.447386e-04 3.409255e-06
8769 2.445662e-04 3.406746e-06
8770 2.443938e-04 3.404238e-06
8771 2.442216e-04 3.401732e-06
8772 2.440495e-04 3.399228e-06
8773 2.438775e-04 3.396726e-06
8774 2.437056e-04 3.394225e-06
8775 2.435339e-04 3.391727e-06
8776 2.433623e-04 3.389230e-06
8777 2.431909e-04 3.386735e-06
8778 2.430195e-04 3.384242e-06
8779 2.428483e-04 3.381751e-06
8780 2.426773e-04 3.379262e-06
8781 2.425063e-04 3.376774e-06
8782 2.423355e-04 3.374288e-06
8783 2.421648e-04 3.371805e-06
8784 2.419942e-04 3.369323e-06
8785 2.418238e-04 3.366842e-06
8786 2.416535e-04 3.364364e-06
8787 2.414833e-04 3.361887e-06
8788 2.413132e-04 3.359413e-06
8789 2.411433e-04 3.356940e-06
8790 2.409735e-04 3.354469e-06
8791 2.408038e-04 3.351999e-06
8792 2.406342e-04 3.349532e-06
8793 2.404648e-04 3.347066e-06
8794 2.402955e-04 3.344602e-06
8795 2.401263e-04 3.342140e-06
8796 2.399573e-04 3.339680e-06
8797 2.397884e-04 3.337222e-06
8798 2.396196e-04 3.334765e-06
8799 2.394509e-04 3.332311e-06
8800 2.392823e-04 3.329858e-06
8801 2.391139e-04 3.327406e-06
8802 2.389456e-04 3.324957e-06
8803 2.387775e-04 3.322510e-06
8804 2.386094e-04 3.320064e-06
8805 2.384415e-04 3.317620e-06
8806 2.382737e-04 3.315178e-06
8807 2.381060e-04 3.312737e-06
8808 2.379385e-04 3.310299e-06
8809 2.377711e-04 3.307862e-06
8810 2.376038e-04 3.305427e-06
8811 2.374366e-04 3.302994e-06
8812 2.372695e-04 3.300563e-06
8813 2.371026e-04 3.298133e-06
8814 2.369358e-04 3.295705e-06
8815 2.367692e-04 3.293279e-06
8816 2.366026e-04 3.290855e-06
8817 2.364362e-04 3.288432e-06
8818 2.362699e-04 3.286012e-06
8819 2.361037e-04 3.283593e-06
8820 2.359376e-04 3.281176e-06
8821 2.357717e-04 3.278760e-06
8822 2.356059e-04 3.276347e-06
8823 2.354402e-04 3.273935e-06
8824 2.352747e-04 3.271525e-06
8825 2.351092e-04 3.269117e-06
8826 2.349439e-04 3.266711e-06
8827 2.347787e-04 3.264306e-06
8828 2.346137e-04 3.261903e-06
8829 2.344487e-04 3.259502e-06
8830 2.342839e-04 3.257102e-06
8831 2.341192e-04 3.254705e-06
8832 2.339546e-04 3.252309e-06
8833 2.337902e-04 3.249915e-06
8834 2.336259e-04 3.247523e-06
8835 2.334617e-04 3.245132e-06
8836 2.332976e-04 3.242743e-06
8837 2.331336e-04 3.240356e-06
8838 2.329698e-04 3.237971e-06
8839 2.328061e-04 3.235587e-06
8840 2.326425e-04 3.233206e-06
8841 2.324790e-04 3.230826e-06
8842 2.323156e-04 3.228447e-06
8843 2.321524e-04 3.226071e-06
8844 2.319893e-04 3.223696e-06
8845 2.318263e-04 3.221323e-06
8846 2.316634e-04 3.218952e-06
8847 2.315007e-04 3.216582e-06
8848 2.313381e-04 3.214215e-06
8849 2.311756e-04 3.211849e-06
8850 2.310132e-04 3.209484e-06
8851 2.308509e-04 3.207122e-06
8852 2.306888e-04 3.204761e-06
8853 2.305268e-04 3.202402e-06
8854 2.303649e-04 3.200045e-06
8855 2.302031e-04 3.197689e-06
8856 2.300415e-04 3.195335e-06
8857 2.298799e-04 3.192983e-06
8858 2.297185e-04 3.190633e-06
8859 2.295572e-04 3.188284e-06
8860 2.293961e-04 3.185937e-06
8861 2.292350e-04 3.183592e-06
8862 2.290741e-04 3.181248e-06
8863 2.289133e-04 3.178907e-06
8864 2.287526e-04 3.176566e-06
8865 2.285920e-04 3.174228e-06
8866 2.284315e-04 3.171892e-06
8867 2.282712e-04 3.169557e-06
8868 2.281110e-04 3.167224e-06
8869 2.279509e-04 3.164892e-06
8870 2.277909e-04 3.162562e-06
8871 2.276311e-04 3.160234e-06
8872 2.274713e-04 3.157908e-06
8873 2.273117e-04 3.155583e-06
8874 2.271522e-04 3.153261e-06
8875 2.269928e-04 3.150939e-06
8876 2.268336e-04 3.148620e-06
8877 2.266744e-04 3.146302e-06
8878 2.265154e-04 3.143986e-06
8879 2.263565e-04 3.141672e-06
8880 2.261977e-04 3.139359e-06
8881 2.260391e-04 3.137048e-06
8882 2.258805e-04 3.134739e-06
8883 2.257221e-04 3.132432e-06
8884 2.255638e-04 3.130126e-06
8885 2.254056e-04 3.127822e-06
8886 2.252475e-04 3.125519e-06
8887 2.250896e-04 3.123218e-06
8888 2.249317e-04 3.120919e-06
8889 2.247740e-04 3.118622e-06
8890 2.246164e-04 3.116326e-06
8891 2.244589e-04 3.114032e-06
8892 2.243015e-04 3.111740e-06
8893 2.241443e-04 3.109450e-06
8894 2.239872e-04 3.107161e-06
8895 2.238301e-04 3.104873e-06
8896 2.236732e-04 3.102588e-06
8897 2.235165e-04 3.100304e-06
8898 2.233598e-04 3.098022e-06
8899 2.232032e-04 3.095741e-06
8900 2.230468e-04 3.093463e-06
8901 2.228905e-04 3.091185e-06
8902 2.227343e-04 3.088910e-06
8903 2.225782e-04 3.086636e-06
8904 2.224222e-04 3.084364e-06
8905 2.222664e-04 3.082094e-06
8906 2.221107e-04 3.079825e-06
8907 2.219551e-04 3.077558e-06
8908 2.217996e-04 3.075292e-06
8909 2.216442e-04 3.073028e-06
8910 2.214889e-04 3.070766e-06
8911 2.213337e-04 3.068506e-06
8912 2.211787e-04 3.066247e-06
8913 2.210238e-04 3.063990e-06
8914 2.208690e-04 3.061735e-06
8915 2.207143e-04 3.059481e-06
8916 2.205597e-04 3.057229e-06
8917 2.204053e-04 3.054978e-06
8918 2.202509e-04 3.052729e-06
8919 2.200967e-04 3.050482e-06
8920 2.199426e-04 3.048237e-06
8921 2.197886e-04 3.045993e-06
8922 2.196347e-04 3.043751e-06
8923 2.194809e-04 3.041510e-06
8924 2.193273e-04 3.039271e-06
8925 2.191737e-04 3.037034e-06
8926 2.190203e-04 3.034798e-06
8927 2.188670e-04 3.032564e-06
8928 2.187138e-04 3.030332e-06
8929 2.185607e-04 3.028101e-06
8930 2.184078e-04 3.025872e-06
8931 2.182549e-04 3.023645e-06
8932 2.181022e-04 3.021419e-06
8933 2.179496e-04 3.019195e-06
8934 2.177970e-04 3.016973e-06
8935 2.176447e-04 3.014752e-06
8936 2.174924e-04 3.012533e-06
8937 2.173402e-04 3.010315e-06
8938 2.171881e-04 3.008099e-06
8939 2.170362e-04 3.005885e-06
8940 2.168844e-04 3.003672e-06
8941 2.167327e-04 3.001461e-06
8942 2.165811e-04 2.999252e-06
8943 2.164296e-04 2.997044e-06
8944 2.162782e-04 2.994838e-06
8945 2.161269e-04 2.992633e-06
8946 2.159758e-04 2.990430e-06
8947 2.158248e-04 2.988229e-06
8948 2.156738e-04 2.986029e-06
8949 2.155230e-04 2.983831e-06
8950 2.153723e-04 2.981635e-06
8951 2.152218e-04 2.979440e-06
8952 2.150713e-04 2.977247e-06
8953 2.149209e-04 2.975055e-06
8954 2.147707e-04 2.972865e-06
8955 2.146205e-04 2.970677e-06
8956 2.144705e-04 2.968490e-06
8957 2.143206e-04 2.966305e-06
8958 2.141708e-04 2.964121e-06
8959 2.140211e-04 2.961939e-06
8960 2.138715e-04 2.959759e-06
8961 2.137221e-04 2.957580e-06
8962 2.135727e-04 2.955403e-06
8963 2.134235e-04 2.953228e-06
8964 2.132744e-04 2.951054e-06
8965 2.131253e-04 2.948882e-06
8966 2.129764e-04 2.946711e-06
8967 2.128277e-04 2.944542e-06
8968 2.126790e-04 2.942374e-06
8969 2.125304e-04 2.940208e-06
8970 2.123819e-04 2.938044e-06
8971 2.122336e-04 2.935881e-06
8972 2.120853e-04 2.933720e-06
8973 2.119372e-04 2.931561e-06
8974 2.117892e-04 2.929403e-06
8975 2.116413e-04 2.927246e-06
8976 2.114935e-04 2.925091e-06
8977 2.113458e-04 2.922938e-06
8978 2.111982e-04 2.920787e-06
8979 2.110508e-04 2.918637e-06
8980 2.109034e-04 2.916488e-06
8981 2.107562e-04 2.914341e-06
8982 2.106090e-04 2.912196e-06
8983 2.104620e-04 2.910052e-06
8984 2.103151e-04 2.907910e-06
8985 2.101683e-04 2.905770e-06
8986 2.100216e-04 2.903631e-06
8987 2.098750e-04 2.901493e-06
8988 2.097285e-04 2.899357e-06
8989 2.095822e-04 2.897223e-06
8990 2.094359e-04 2.895090e-06
8991 2.092898e-04 2.892959e-06
8992 2.091437e-04 2.890830e-06
8993 2.089978e-04 2.888702e-06
8994 2.088520e-04 2.886575e-06
8995 2.087063e-04 2.884450e-06
8996 2.085607e-04 2.882327e-06
8997 2.084152e-04 2.880205e-06
8998 2.082698e-04 2.878085e-06
8999 2.081245e-04 2.875967e-06
9000 2.079794e-04 2.873850e-06
9001 2.078343e-04 2.871734e-06
9002 2.076894e-04 2.869620e-06
9003 2.075445e-04 2.867508e-06
9004 2.073998e-04 2.865397e-06
9005 2.072552e-04 2.863288e-06
9006 2.071106e-04 2.861180e-06
9007 2.069662e-04 2.859074e-06
9008 2.068219e-04 2.856969e-06
9009 2.066777e-04 2.854866e-06
9010 2.065337e-04 2.852765e-06
9011 2.063897e-04 2.850665e-06
9012 2.062458e-04 2.848566e-06
9013 2.061020e-04 2.846469e-06
9014 2.059584e-04 2.844374e-06
9015 2.058148e-04 2.842280e-06
9016 2.056714e-04 2.840188e-06
9017 2.055281e-04 2.838097e-06
9018 2.053848e-04 2.836008e-06
9019 2.052417e-04 2.833921e-06
9020 2.050987e-04 2.831835e-06
9021 2.049558e-04 2.829750e-06
9022 2.048130e-04 2.827667e-06
9023 2.046703e-04 2.825585e-06
9024 2.045278e-04 2.823506e-06
9025 2.043853e-04 2.821427e-06
9026 2.042429e-04 2.819350e-06
9027 2.041006e-04 2.817275e-06
9028 2.039585e-04 2.815201e-06
9029 2.038164e-04 2.813129e-06
9030 2.036745e-04 2.811058e-06
9031 2.035327e-04 2.808989e-06
9032 2.033909e-04 2.806921e-06
9033 2.032493e-04 2.804855e-06
9034 2.031078e-04 2.802790e-06
9035 2.029664e-04 2.800727e-06
9036 2.028251e-04 2.798665e-06
9037 2.026839e-04 2.796605e-06
9038 2.025428e-04 2.794546e-06
9039 2.024018e-04 2.792489e-06
9040 2.022609e-04 2.790434e-06
9041 2.021201e-04 2.788380e-06
9042 2.019794e-04 2.786327e-06
9043 2.018389e-04 2.784276e-06
9044 2.016984e-04 2.782226e-06
9045 2.015580e-04 2.780178e-06
9046 2.014178e-04 2.778132e-06
9047 2.012776e-04 2.776087e-06
9048 2.011376e-04 2.774043e-06
9049 2.009977e-04 2.772001e-06
9050 2.008578e-04 2.769961e-06
9051 2.007181e-04 2.767922e-06
9052 2.005785e-04 2.765884e-06
9053 2.004390e-04 2.763848e-06
9054 2.002995e-04 2.761814e-06
9055 2.001602e-04 2.759781e-06
9056 2.000210e-04 2.757749e-06
9057 1.998819e-04 2.755719e-06
9058 1.997429e-04 2.753691e-06
9059 1.996040e-04 2.751664e-06
9060 1.994652e-04 2.749638e-06
9061 1.993266e-04 2.747614e-06
9062 1.991880e-04 2.745592e-06
9063 1.990495e-04 2.743570e-06
9064 1.989111e-04 2.741551e-06
9065 1.987728e-04 2.739533e-06
9066 1.986347e-04 2.737516e-06
9067 1.984966e-04 2.735501e-06
9068 1.983587e-04 2.733487e-06
9069 1.982208e-04 2.731475e-06
9070 1.980830e-04 2.729465e-06
9071 1.979454e-04 2.727455e-06
9072 1.978078e-04 2.725448e-06
9073 1.976704e-04 2.723441e-06
9074 1.975331e-04 2.721437e-06
9075 1.973958e-04 2.719433e-06
9076 1.972587e-04 2.717432e-06
9077 1.971216e-04 2.715431e-06
9078 1.969847e-04 2.713432e-06
9079 1.968479e-04 2.711435e-06
9080 1.967112e-04 2.709439e-06
9081 1.965745e-04 2.707445e-06
9082 1.964380e-04 2.705452e-06
9083 1.963016e-04 2.703460e-06
9084 1.961653e-04 2.701470e-06
9085 1.960291e-04 2.699481e-06
9086 1.958930e-04 2.697494e-06
9087 1.957569e-04 2.695509e-06
9088 1.956210e-04 2.693524e-06
9089 1.954852e-04 2.691542e-06
9090 1.953495e-04 2.689560e-06
9091 1.952139e-04 2.687581e-06
9092 1.950784e-04 2.685602e-06
9093 1.949430e-04 2.683625e-06
9094 1.948077e-04 2.681650e-06
9095 1.946725e-04 2.679676e-06
9096 1.945374e-04 2.677703e-06
9097 1.944024e-04 2.675732e-06
9098 1.942675e-04 2.673763e-06
9099 1.941328e-04 2.671794e-06
9100 1.939981e-04 2.669828e-06
9101 1.938635e-04 2.667862e-06
9102 1.937290e-04 2.665898e-06
9103 1.935946e-04 2.663936e-06
9104 1.934603e-04 2.661975e-06
9105 1.933261e-04 2.660016e-06
9106 1.931920e-04 2.658057e-06
9107 1.930581e-04 2.656101e-06
9108 1.929242e-04 2.654146e-06
9109 1.927904e-04 2.652192e-06
9110 1.926567e-04 2.650240e-06
9111 1.925231e-04 2.648289e-06
9112 1.923896e-04 2.646339e-06
9113 1.922562e-04 2.644391e-06
9114 1.921230e-04 2.642445e-06
9115 1.919898e-04 2.640500e-06
9116 1.918567e-04 2.638556e-06
9117 1.917237e-04 2.636614e-06
9118 1.915908e-04 2.634673e-06
9119 1.914580e-04 2.632733e-06
9120 1.913254e-04 2.630795e-06
9121 1.911928e-04 2.628859e-06
9122 1.910603e-04 2.626924e-06
9123 1.909279e-04 2.624990e-06
9124 1.907956e-04 2.623058e-06
9125 1.906634e-04 2.621127e-06
9126 1.905313e-04 2.619197e-06
9127 1.903993e-04 2.617269e-06
9128 1.902674e-04 2.615343e-06
9129 1.901357e-04 2.613417e-06
9130 1.900040e-04 2.611494e-06
9131 1.898724e-04 2.609571e-06
9132 1.897409e-04 2.607650e-06
9133 1.896095e-04 2.605731e-06
9134 1.894782e-04 2.603813e-06
9135 1.893470e-04 2.601896e-06
9136 1.892159e-04 2.599981e-06
9137 1.890849e-04 2.598067e-06
9138 1.889540e-04 2.596154e-06
9139 1.888232e-04 2.594243e-06
9140 1.886924e-04 2.592334e-06
9141 1.885618e-04 2.590425e-06
9142 1.884313e-04 2.588518e-06
9143 1.883009e-04 2.586613e-06
9144 1.881706e-04 2.584709e-06
9145 1.880404e-04 2.582806e-06
9146 1.879103e-04 2.580905e-06
9147 1.877802e-04 2.579005e-06
9148 1.876503e-04 2.577107e-06
9149 1.875205e-04 2.575210e-06
9150 1.873907e-04 2.573314e-06
9151 1.872611e-04 2.571420e-06
9152 1.871316e-04 2.569527e-06
9153 1.870021e-04 2.567636e-06
9154 1.868728e-04 2.565745e-06
9155 1.867435e-04 2.563857e-06
9156 1.866144e-04 2.561969e-06
9157 1.864853e-04 2.560084e-06
9158 1.863564e-04 2.558199e-06
9159 1.862275e-04 2.556316e-06
9160 1.860988e-04 2.554434e-06
9161 1.859701e-04 2.552554e-06
9162 1.858415e-04 2.550675e-06
9163 1.857131e-04 2.548797e-06
9164 1.855847e-04 2.546921e-06
9165 1.854564e-04 2.545046e-06
9166 1.853282e-04 2.543173e-06
9167 1.852001e-04 2.541301e-06
9168 1.850722e-04 2.539430e-06
9169 1.849443e-04 2.537561e-06
9170 1.848165e-04 2.535693e-06
9171 1.846888e-04 2.533826e-06
9172 1.845612e-04 2.531961e-06
9173 1.844337e-04 2.530097e-06
9174 1.843062e-04 2.528235e-06
9175 1.841789e-04 2.526374e-06
9176 1.840517e-04 2.524514e-06
9177 1.839246e-04 2.522656e-06
9178 1.837975e-04 2.520799e-06
9179 1.836706e-04 2.518943e-06
9180 1.835438e-04 2.517089e-06
9181 1.834170e-04 2.515236e-06
9182 1.832904e-04 2.513384e-06
9183 1.831638e-04 2.511534e-06
9184 1.830374e-04 2.509686e-06
9185 1.829110e-04 2.507838e-06
9186 1.827847e-04 2.505992e-06
9187 1.826585e-04 2.504147e-06
9188 1.825325e-04 2.502304e-06
9189 1.824065e-04 2.500462e-06
9190 1.822806e-04 2.498621e-06
9191 1.821548e-04 2.496782e-06
9192 1.820291e-04 2.494944e-06
9193 1.819035e-04 2.493108e-06
9194 1.817780e-04 2.491272e-06
9195 1.816525e-04 2.489439e-06
9196 1.815272e-04 2.487606e-06
9197 1.814020e-04 2.485775e-06
9198 1.812769e-04 2.483945e-06
9199 1.811518e-04 2.482117e-06
9200 1.810269e-04 2.480290e-06
9201 1.809020e-04 2.478464e-06
9202 1.807773e-04 2.476639e-06
9203 1.806526e-04 2.474816e-06
9204 1.805280e-04 2.472994e-06
9205 1.804035e-04 2.471174e-06
9206 1.802791e-04 2.469355e-06
9207 1.801549e-04 2.467537e-06
9208 1.800307e-04 2.465721e-06
9209 1.799065e-04 2.463906e-06
9210 1.797825e-04 2.462092e-06
9211 1.796586e-04 2.460280e-06
9212 1.795348e-04 2.458469e-06
9213 1.794111e-04 2.456659e-06
9214 1.792874e-04 2.454851e-06
9215 1.791639e-04 2.453044e-06
9216 1.790404e-04 2.451238e-06
9217 1.789171e-04 2.449433e-06
9218 1.787938e-04 2.447630e-06
9219 1.786706e-04 2.445829e-06
9220 1.785475e-04 2.444028e-06
9221 1.784245e-04 2.442229e-06
9222 1.783016e-04 2.440431e-06
9223 1.781788e-04 2.438635e-06
9224 1.780561e-04 2.436840e-06
9225 1.779335e-04 2.435046e-06
9226 1.778110e-04 2.433254e-06
9227 1.776885e-04 2.431462e-06
9228 1.775662e-04 2.429673e-06
9229 1.774439e-04 2.427884e-06
9230 1.773218e-04 2.426097e-06
9231 1.771997e-04 2.424311e-06
9232 1.770777e-04 2.422526e-06
9233 1.769559e-04 2.420743e-06
9234 1.768341e-04 2.418961e-06
9235 1.767124e-04 2.417181e-06
9236 1.765907e-04 2.415401e-06
9237 1.764692e-04 2.413623e-06
9238 1.763478e-04 2.411846e-06
9239 1.762265e-04 2.410071e-06
9240 1.761052e-04 2.408297e-06
9241 1.759841e-04 2.406524e-06
9242 1.758630e-04 2.404753e-06
9243 1.757420e-04 2.402983e-06
9244 1.756212e-04 2.401214e-06
9245 1.755004e-04 2.399446e-06
9246 1.753797e-04 2.397680e-06
9247 1.752591e-04 2.395915e-06
9248 1.751385e-04 2.394151e-06
9249 1.750181e-04 2.392389e-06
9250 1.748978e-04 2.390628e-06
9251 1.747775e-04 2.388868e-06
9252 1.746574e-04 2.387110e-06
9253 1.745373e-04 2.385352e-06
9254 1.744173e-04 2.383596e-06
9255 1.742975e-04 2.381842e-06
9256 1.741777e-04 2.380089e-06
9257 1.740580e-04 2.378336e-06
9258 1.739384e-04 2.376586e-06
9259 1.738188e-04 2.374836e-06
9260 1.736994e-04 2.373088e-06
9261 1.735801e-04 2.371341e-06
9262 1.734608e-04 2.369596e-06
9263 1.733416e-04 2.367851e-06
9264 1.732226e-04 2.366108e-06
9265 1.731036e-04 2.364367e-06
9266 1.729847e-04 2.362626e-06
9267 1.728659e-04 2.360887e-06
9268 1.727472e-04 2.359149e-06
9269 1.726285e-04 2.357413e-06
9270 1.725100e-04 2.355677e-06
9271 1.723916e-04 2.353943e-06
9272 1.722732e-04 2.352210e-06
9273 1.721549e-04 2.350479e-06
9274 1.720368e-04 2.348749e-06
9275 1.719187e-04 2.347020e-06
9276 1.718007e-04 2.345292e-06
9277 1.716828e-04 2.343566e-06
9278 1.715649e-04 2.341841e-06
9279 1.714472e-04 2.340117e-06
9280 1.713295e-04 2.338394e-06
9281 1.712120e-04 2.336673e-06
9282 1.710945e-04 2.334953e-06
9283 1.709771e-04 2.333234e-06
9284 1.708598e-04 2.331516e-06
9285 1.707426e-04 2.329800e-06
9286 1.706255e-04 2.328085e-06
9287 1.705085e-04 2.326371e-06
9288 1.703916e-04 2.324659e-06
9289 1.702747e-04 2.322948e-06
9290 1.701579e-04 2.321238e-06
9291 1.700413e-04 2.319529e-06
9292 1.699247e-04 2.317822e-06
9293 1.698082e-04 2.316115e-06
9294 1.696918e-04 2.314410e-06
9295 1.695754e-04 2.312707e-06
9296 1.694592e-04 2.311004e-06
9297 1.693431e-04 2.309303e-06
9298 1.692270e-04 2.307603e-06
9299 1.691110e-04 2.305905e-06
9300 1.689951e-04 2.304207e-06
9301 1.688793e-04 2.302511e-06
9302 1.687636e-04 2.300816e-06
9303 1.686480e-04 2.299122e-06
9304 1.685325e-04 2.297430e-06
9305 1.684170e-04 2.295739e-06
9306 1.683017e-04 2.294049e-06
9307 1.681864e-04 2.292360e-06
9308 1.680712e-04 2.290673e-06
9309 1.679561e-04 2.288987e-06
9310 1.678411e-04 2.287302e-06
9311 1.677261e-04 2.285618e-06
9312 1.676113e-04 2.283936e-06
9313 1.674965e-04 2.282254e-06
9314 1.673819e-04 2.280574e-06
9315 1.672673e-04 2.278895e-06
9316 1.671528e-04 2.277218e-06
9317 1.670384e-04 2.275542e-06
9318 1.669241e-04 2.273867e-06
9319 1.668098e-04 2.272193e-06
9320 1.666957e-04 2.270520e-06
9321 1.665816e-04 2.268849e-06
9322 1.664676e-04 2.267179e-06
9323 1.663537e-04 2.265510e-06
9324 1.662399e-04 2.263842e-06
9325 1.661262e-04 2.262176e-06
9326 1.660126e-04 2.260510e-06
9327 1.658990e-04 2.258846e-06
9328 1.657856e-04 2.257184e-06
9329 1.656722e-04 2.255522e-06
9330 1.655589e-04 2.253862e-06
9331 1.654457e-04 2.252203e-06
9332 1.653326e-04 2.250545e-06
9333 1.652195e-04 2.248888e-06
9334 1.651066e-04 2.247233e-06
9335 1.649937e-04 2.245578e-06
9336 1.648809e-04 2.243925e-06
9337 1.647682e-04 2.242274e-06
9338 1.646556e-04 2.240623e-06
9339 1.645431e-04 2.238974e-06
9340 1.644307e-04 2.237326e-06
9341 1.643183e-04 2.235679e-06
9342 1.642060e-04 2.234033e-06
9343 1.640938e-04 2.232388e-06
9344 1.639817e-04 2.230745e-06
9345 1.638697e-04 2.229103e-06
9346 1.637578e-04 2.227462e-06
9347 1.636459e-04 2.225823e-06
9348 1.635342e-04 2.224184e-06
9349 1.634225e-04 2.222547e-06
9350 1.633109e-04 2.220911e-06
9351 1.631994e-04 2.219276e-06
9352 1.630880e-04 2.217642e-06
9353 1.629766e-04 2.216010e-06
9354 1.628654e-04 2.214379e-06
9355 1.627542e-04 2.212749e-06
9356 1.626431e-04 2.211120e-06
9357 1.625321e-04 2.209492e-06
9358 1.624212e-04 2.207866e-06
9359 1.623103e-04 2.206240e-06
9360 1.621996e-04 2.204616e-06
9361 1.620889e-04 2.202994e-06
9362 1.619783e-04 2.201372e-06
9363 1.618678e-04 2.199751e-06
9364 1.617574e-04 2.198132e-06
9365 1.616471e-04 2.196514e-06
9366 1.615368e-04 2.194897e-06
9367 1.614266e-04 2.193281e-06
9368 1.613165e-04 2.191667e-06
9369 1.612065e-04 2.190054e-06
9370 1.610966e-04 2.188441e-06
9371 1.609868e-04 2.186831e-06
9372 1.608770e-04 2.185221e-06
9373 1.607674e-04 2.183612e-06
9374 1.606578e-04 2.182005e-06
9375 1.605483e-04 2.180399e-06
9376 1.604388e-04 2.178794e-06
9377 1.603295e-04 2.177190e-06
9378 1.602202e-04 2.175587e-06
9379 1.601111e-04 2.173986e-06
9380 1.600020e-04 2.172385e-06
9381 1.598930e-04 2.170786e-06
9382 1.597840e-04 2.169188e-06
9383 1.596752e-04 2.167591e-06
9384 1.595664e-04 2.165996e-06
9385 1.594577e-04 2.164401e-06
9386 1.593491e-04 2.162808e-06
9387 1.592406e-04 2.161216e-06
9388 1.591322e-04 2.159625e-06
9389 1.590238e-04 2.158035e-06
9390 1.589156e-04 2.156447e-06
9391 1.588074e-04 2.154860e-06
9392 1.586993e-04 2.153273e-06
9393 1.585912e-04 2.151688e-06
9394 1.584833e-04 2.150104e-06
9395 1.583754e-04 2.148522e-06
9396 1.582676e-04 2.146940e-06
9397 1.581599e-04 2.145360e-06
9398 1.580523e-04 2.143780e-06
9399 1.579448e-04 2.142202e-06
9400 1.578373e-04 2.140625e-06
9401 1.577300e-04 2.139050e-06
9402 1.576227e-04 2.137475e-06
9403 1.575154e-04 2.135902e-06
9404 1.574083e-04 2.134329e-06
9405 1.573013e-04 2.132758e-06
9406 1.571943e-04 2.131188e-06
9407 1.570874e-04 2.129620e-06
9408 1.569806e-04 2.128052e-06
9409 1.568739e-04 2.126485e-06
9410 1.567672e-04 2.124920e-06
9411 1.566607e-04 2.123356e-06
9412 1.565542e-04 2.121793e-06
9413 1.564478e-04 2.120231e-06
9414 1.563414e-04 2.118670e-06
9415 1.562352e-04 2.117111e-06
9416 1.561290e-04 2.115552e-06
9417 1.560230e-04 2.113995e-06
9418 1.559170e-04 2.112439e-06
9419 1.558110e-04 2.110884e-06
9420 1.557052e-04 2.109330e-06
9421 1.555994e-04 2.107777e-06
9422 1.554938e-04 2.106226e-06
9423 1.553882e-04 2.104675e-06
9424 1.552826e-04 2.103126e-06
9425 1.551772e-04 2.101578e-06
9426 1.550718e-04 2.100031e-06
9427 1.549665e-04 2.098485e-06
9428 1.548613e-04 2.096940e-06
9429 1.547562e-04 2.095397e-06
9430 1.546512e-04 2.093854e-06
9431 1.545462e-04 2.092313e-06
9432 1.544413e-04 2.090773e-06
9433 1.543365e-04 2.089234e-06
9434 1.542318e-04 2.087696e-06
9435 1.541272e-04 2.086159e-06
9436 1.540226e-04 2.084623e-06
9437 1.539181e-04 2.083089e-06
9438 1.538137e-04 2.081555e-06
9439 1.537094e-04 2.080023e-06
9440 1.536051e-04 2.078492e-06
9441 1.535009e-04 2.076962e-06
9442 1.533968e-04 2.075433e-06
9443 1.532928e-04 2.073905e-06
9444 1.531889e-04 2.072379e-06
9445 1.530850e-04 2.070853e-06
9446 1.529813e-04 2.069329e-06
9447 1.528776e-04 2.067805e-06
9448 1.527739e-04 2.066283e-06
9449 1.526704e-04 2.064762e-06
9450 1.525669e-04 2.063242e-06
9451 1.524636e-04 2.061724e-06
9452 1.523602e-04 2.060206e-06
9453 1.522570e-04 2.058689e-06
9454 1.521539e-04 2.057174e-06
9455 1.520508e-04 2.055660e-06
9456 1.519478e-04 2.054146e-06
9457 1.518449e-04 2.052634e-06
9458 1.517420e-04 2.051123e-06
9459 1.516393e-04 2.049614e-06
9460 1.515366e-04 2.048105e-06
9461 1.514340e-04 2.046597e-06
9462 1.513315e-04 2.045091e-06
9463 1.512290e-04 2.043585e-06
9464 1.511267e-04 2.042081e-06
9465 1.510244e-04 2.040578e-06
9466 1.509221e-04 2.039076e-06
9467 1.508200e-04 2.037575e-06
9468 1.507179e-04 2.036075e-06
9469 1.506160e-04 2.034576e-06
9470 1.505141e-04 2.033078e-06
9471 1.504122e-04 2.031582e-06
9472 1.503105e-04 2.030086e-06
9473 1.502088e-04 2.028592e-06
9474 1.501072e-04 2.027098e-06
9475 1.500057e-04 2.025606e-06
9476 1.499042e-04 2.024115e-06
9477 1.498029e-04 2.022625e-06
9478 1.497016e-04 2.021136e-06
9479 1.496004e-04 2.019649e-06
9480 1.494992e-04 2.018162e-06
9481 1.493982e-04 2.016676e-06
9482 1.492972e-04 2.015192e-06
9483 1.491963e-04 2.013708e-06
9484 1.490955e-04 2.012226e-06
9485 1.489947e-04 2.010745e-06
9486 1.488940e-04 2.009265e-06
9487 1.487934e-04 2.007786e-06
9488 1.486929e-04 2.006308e-06
9489 1.485925e-04 2.004831e-06
9490 1.484921e-04 2.003355e-06
9491 1.483918e-04 2.001880e-06
9492 1.482916e-04 2.000407e-06
9493 1.481914e-04 1.998934e-06
9494 1.480914e-04 1.997463e-06
9495 1.479914e-04 1.995992e-06
9496 1.478915e-04 1.994523e-06
9497 1.477916e-04 1.993055e-06
9498 1.476918e-04 1.991588e-06
9499 1.475922e-04 1.990122e-06
9500 1.474925e-04 1.988657e-06
9501 1.473930e-04 1.987193e-06
9502 1.472936e-04 1.985730e-06
9503 1.471942e-04 1.984268e-06
9504 1.470949e-04 1.982808e-06
9505 1.469956e-04 1.981348e-06
9506 1.468965e-04 1.979890e-06
9507 1.467974e-04 1.978432e-06
9508 1.466984e-04 1.976976e-06
9509 1.465994e-04 1.975521e-06
9510 1.465006e-04 1.974066e-06
9511 1.464018e-04 1.972613e-06
9512 1.463031e-04 1.971161e-06
9513 1.462045e-04 1.969710e-06
9514 1.461059e-04 1.968260e-06
9515 1.460074e-04 1.966811e-06
9516 1.459090e-04 1.965364e-06
9517 1.458107e-04 1.963917e-06
9518 1.457124e-04 1.962471e-06
9519 1.456142e-04 1.961026e-06
9520 1.455161e-04 1.959583e-06
9521 1.454181e-04 1.958140e-06
9522 1.453201e-04 1.956699e-06
9523 1.452222e-04 1.955259e-06
9524 1.451244e-04 1.953819e-06
9525 1.450267e-04 1.952381e-06
9526 1.449290e-04 1.950944e-06
9527 1.448314e-04 1.949508e-06
9528 1.447339e-04 1.948073e-06
9529 1.446365e-04 1.946639e-06
9530 1.445391e-04 1.945206e-06
9531 1.444418e-04 1.943774e-06
9532 1.443446e-04 1.942343e-06
9533 1.442474e-04 1.940913e-06
9534 1.441504e-04 1.939485e-06
9535 1.440534e-04 1.938057e-06
9536 1.439565e-04 1.936630e-06
9537 1.438596e-04 1.935205e-06
9538 1.437628e-04 1.933780e-06
9539 1.436661e-04 1.932357e-06
9540 1.435695e-04 1.930934e-06
9541 1.434729e-04 1.929513e-06
9542 1.433765e-04 1.928092e-06
9543 1.432800e-04 1.926673e-06
9544 1.431837e-04 1.925255e-06
9545 1.430874e-04 1.923838e-06
9546 1.429913e-04 1.922422e-06
9547 1.428951e-04 1.921006e-06
9548 1.427991e-04 1.919592e-06
9549 1.427031e-04 1.918179e-06
9550 1.426072e-04 1.916767e-06
9551 1.425114e-04 1.915356e-06
9552 1.424157e-04 1.913946e-06
9553 1.423200e-04 1.912538e-06
9554 1.422244e-04 1.911130e-06
9555 1.421288e-04 1.909723e-06
9556 1.420334e-04 1.908317e-06
9557 1.419380e-04 1.906912e-06
9558 1.418427e-04 1.905509e-06
9559 1.417474e-04 1.904106e-06
9560 1.416523e-04 1.902704e-06
9561 1.415572e-04 1.901304e-06
9562 1.414621e-04 1.899904e-06
9563 1.413672e-04 1.898506e-06
9564 1.412723e-04 1.897108e-06
9565 1.411775e-04 1.895712e-06
9566 1.410828e-04 1.894316e-06
9567 1.409881e-04 1.892922e-06
9568 1.408935e-04 1.891528e-06
9569 1.407990e-04 1.890136e-06
9570 1.407045e-04 1.888745e-06
9571 1.406102e-04 1.887354e-06
9572 1.405159e-04 1.885965e-06
9573 1.404216e-04 1.884577e-06
9574 1.403275e-04 1.883189e-06
9575 1.402334e-04 1.881803e-06
9576 1.401394e-04 1.880418e-06
9577 1.400454e-04 1.879034e-06
9578 1.399515e-04 1.877650e-06
9579 1.398577e-04 1.876268e-06
9580 1.397640e-04 1.874887e-06
9581 1.396703e-04 1.873507e-06
9582 1.395768e-04 1.872128e-06
9583 1.394832e-04 1.870750e-06
9584 1.393898e-04 1.869373e-06
9585 1.392964e-04 1.867997e-06
9586 1.392031e-04 1.866622e-06
9587 1.391099e-04 1.865248e-06
9588 1.390167e-04 1.863874e-06
9589 1.389236e-04 1.862502e-06
9590 1.388306e-04 1.861131e-06
9591 1.387377e-04 1.859761e-06
9592 1.386448e-04 1.858392e-06
9593 1.385520e-04 1.857024e-06
9594 1.384592e-04 1.855657e-06
9595 1.383666e-04 1.854291e-06
9596 1.382740e-04 1.852927e-06
9597 1.381814e-04 1.851563e-06
9598 1.380890e-04 1.850200e-06
9599 1.379966e-04 1.848838e-06
9600 1.379043e-04 1.847477e-06
9601 1.378121e-04 1.846117e-06
9602 1.377199e-04 1.844758e-06
9603 1.376278e-04 1.843400e-06
9604 1.375357e-04 1.842043e-06
9605 1.374438e-04 1.840687e-06
9606 1.373519e-04 1.839332e-06
9607 1.372601e-04 1.837978e-06
9608 1.371683e-04 1.836625e-06
9609 1.370766e-04 1.835273e-06
9610 1.369850e-04 1.833922e-06
9611 1.368935e-04 1.832572e-06
9612 1.368020e-04 1.831223e-06
9613 1.367106e-04 1.829875e-06
9614 1.366193e-04 1.828528e-06
9615 1.365280e-04 1.827182e-06
9616 1.364368e-04 1.825837e-06
9617 1.363457e-04 1.824493e-06
9618 1.362546e-04 1.823150e-06
9619 1.361637e-04 1.821808e-06
9620 1.360727e-04 1.820467e-06
9621 1.359819e-04 1.819127e-06
9622 1.358911e-04 1.817788e-06
9623 1.358004e-04 1.816450e-06
9624 1.357098e-04 1.815113e-06
9625 1.356192e-04 1.813776e-06
9626 1.355287e-04 1.812441e-06
9627 1.354383e-04 1.811107e-06
9628 1.353479e-04 1.809774e-06
9629 1.352576e-04 1.808442e-06
9630 1.351674e-04 1.807110e-06
9631 1.350772e-04 1.805780e-06
9632 1.349872e-04 1.804451e-06
9633 1.348971e-04 1.803123e-06
9634 1.348072e-04 1.801795e-06
9635 1.347173e-04 1.800469e-06
9636 1.346275e-04 1.799144e-06
9637 1.345378e-04 1.797819e-06
9638 1.344481e-04 1.796496e-06
9639 1.343585e-04 1.795173e-06
9640 1.342689e-04 1.793852e-06
9641 1.341795e-04 1.792532e-06
9642 1.340901e-04 1.791212e-06
9643 1.340007e-04 1.789893e-06
9644 1.339115e-04 1.788576e-06
9645 1.338223e-04 1.787259e-06
9646 1.337332e-04 1.785944e-06
9647 1.336441e-04 1.784629e-06
9648 1.335551e-04 1.783315e-06
9649 1.334662e-04 1.782003e-06
9650 1.333773e-04 1.780691e-06
9651 1.332885e-04 1.779380e-06
9652 1.331998e-04 1.778070e-06
9653 1.331112e-04 1.776761e-06
9654 1.330226e-04 1.775453e-06
9655 1.329341e-04 1.774147e-06
9656 1.328456e-04 1.772841e-06
9657 1.327572e-04 1.771536e-06
9658 1.326689e-04 1.770231e-06
9659 1.325807e-04 1.768928e-06
9660 1.324925e-04 1.767626e-06
9661 1.324044e-04 1.766325e-06
9662 1.323163e-04 1.765025e-06
9663 1.322284e-04 1.763726e-06
9664 1.321405e-04 1.762427e-06
9665 1.320526e-04 1.761130e-06
9666 1.319648e-04 1.759834e-06
9667 1.318771e-04 1.758538e-06
9668 1.317895e-04 1.757244e-06
9669 1.317019e-04 1.755950e-06
9670 1.316144e-04 1.754657e-06
9671 1.315270e-04 1.753366e-06
9672 1.314396e-04 1.752075e-06
9673 1.313523e-04 1.750785e-06
9674 1.312650e-04 1.749497e-06
9675 1.311779e-04 1.748209e-06
9676 1.310908e-04 1.746922e-06
9677 1.310037e-04 1.745636e-06
9678 1.309168e-04 1.744351e-06
9679 1.308298e-04 1.743067e-06
9680 1.307430e-04 1.741784e-06
9681 1.306562e-04 1.740502e-06
9682 1.305695e-04 1.739220e-06
9683 1.304829e-04 1.737940e-06
9684 1.303963e-04 1.736661e-06
9685 1.303098e-04 1.735383e-06
9686 1.302234e-04 1.734105e-06
9687 1.301370e-04 1.732829e-06
9688 1.300507e-04 1.731553e-06
9689 1.299644e-04 1.730278e-06
9690 1.298783e-04 1.729005e-06
9691 1.297921e-04 1.727732e-06
9692 1.297061e-04 1.726460e-06
9693 1.296201e-04 1.725189e-06
9694 1.295342e-04 1.723919e-06
9695 1.294484e-04 1.722650e-06
9696 1.293626e-04 1.721382e-06
9697 1.292769e-04 1.720115e-06
9698 1.291912e-04 1.718849e-06
9699 1.291056e-04 1.717584e-06
9700 1.290201e-04 1.716319e-06
9701 1.289346e-04 1.715056e-06
9702 1.288493e-04 1.713793e-06
9703 1.287639e-04 1.712532e-06
9704 1.286787e-04 1.711271e-06
9705 1.285935e-04 1.710012e-06
9706 1.285084e-04 1.708753e-06
9707 1.284233e-04 1.707495e-06
9708 1.283383e-04 1.706238e-06
9709 1.282534e-04 1.704982e-06
9710 1.281685e-04 1.703727e-06
9711 1.280837e-04 1.702473e-06
9712 1.279990e-04 1.701220e-06
9713 1.279143e-04 1.699967e-06
9714 1.278297e-04 1.698716e-06
9715 1.277451e-04 1.697466e-06
9716 1.276607e-04 1.696216e-06
9717 1.275762e-04 1.694967e-06
9718 1.274919e-04 1.693720e-06
9719 1.274076e-04 1.692473e-06
9720 1.273234e-04 1.691227e-06
9721 1.272392e-04 1.689982e-06
9722 1.271552e-04 1.688738e-06
9723 1.270711e-04 1.687495e-06
9724 1.269872e-04 1.686253e-06
9725 1.269033e-04 1.685011e-06
9726 1.268194e-04 1.683771e-06
9727 1.267357e-04 1.682532e-06
9728 1.266520e-04 1.681293e-06
9729 1.265683e-04 1.680056e-06
9730 1.264848e-04 1.678819e-06
9731 1.264012e-04 1.677583e-06
9732 1.263178e-04 1.676348e-06
9733 1.262344e-04 1.675114e-06
9734 1.261511e-04 1.673881e-06
9735 1.260678e-04 1.672649e-06
9736 1.259846e-04 1.671418e-06
9737 1.259015e-04 1.670187e-06
9738 1.258185e-04 1.668958e-06
9739 1.257355e-04 1.667729e-06
9740 1.256525e-04 1.666502e-06
9741 1.255697e-04 1.665275e-06
9742 1.254868e-04 1.664049e-06
9743 1.254041e-04 1.662824e-06
9744 1.253214e-04 1.661600e-06
9745 1.252388e-04 1.660377e-06
9746 1.251562e-04 1.659155e-06
9747 1.250738e-04 1.657933e-06
9748 1.249913e-04 1.656713e-06
9749 1.249090e-04 1.655493e-06
9750 1.248267e-04 1.654275e-06
9751 1.247444e-04 1.653057e-06
9752 1.246622e-04 1.651840e-06
9753 1.245801e-04 1.650624e-06
9754 1.244981e-04 1.649409e-06
9755 1.244161e-04 1.648195e-06
9756 1.243342e-04 1.646982e-06
9757 1.242523e-04 1.645769e-06
9758 1.241705e-04 1.644558e-06
9759 1.240888e-04 1.643347e-06
9760 1.240071e-04 1.642138e-06
9761 1.239255e-04 1.640929e-06
9762 1.238440e-04 1.639721e-06
9763 1.237625e-04 1.638514e-06
9764 1.236811e-04 1.637308e-06
9765 1.235997e-04 1.636103e-06
9766 1.235184e-04 1.634898e-06
9767 1.234372e-04 1.633695e-06
9768 1.233560e-04 1.632492e-06
9769 1.232749e-04 1.631290e-06
9770 1.231938e-04 1.630090e-06
9771 1.231129e-04 1.628890e-06
9772 1.230319e-04 1.627691e-06
9773 1.229511e-04 1.626492e-06
9774 1.228703e-04 1.625295e-06
9775 1.227895e-04 1.624099e-06
9776 1.227089e-04 1.622903e-06
9777 1.226283e-04 1.621709e-06
9778 1.225477e-04 1.620515e-06
9779 1.224672e-04 1.619322e-06
9780 1.223868e-04 1.618130e-06
9781 1.223064e-04 1.616939e-06
9782 1.222261e-04 1.615749e-06
9783 1.221459e-04 1.614559e-06
9784 1.220657e-04 1.613371e-06
9785 1.219856e-04 1.612183e-06
9786 1.219055e-04 1.610996e-06
9787 1.218256e-04 1.609810e-06
9788 1.217456e-04 1.608625e-06
9789 1.216658e-04 1.607441e-06
9790 1.215859e-04 1.606258e-06
9791 1.215062e-04 1.605076e-06
9792 1.214265e-04 1.603894e-06
9793 1.213469e-04 1.602713e-06
9794 1.212673e-04 1.601534e-06
9795 1.211878e-04 1.600355e-06
9796 1.211084e-04 1.599177e-06
9797 1.210290e-04 1.597999e-06
9798 1.209497e-04 1.596823e-06
9799 1.208704e-04 1.595648e-06
9800 1.207912e-04 1.594473e-06
9801 1.207121e-04 1.593299e-06
9802 1.206330e-04 1.592127e-06
9803 1.205540e-04 1.590955e-06
9804 1.204751e-04 1.589783e-06
9805 1.203962e-04 1.588613e-06
9806 1.203173e-04 1.587444e-06
9807 1.202386e-04 1.586275e-06
9808 1.201599e-04 1.585108e-06
9809 1.200812e-04 1.583941e-06
9810 1.200026e-04 1.582775e-06
9811 1.199241e-04 1.581610e-06
9812 1.198456e-04 1.580445e-06
9813 1.197672e-04 1.579282e-06
9814 1.196889e-04 1.578119e-06
9815 1.196106e-04 1.576958e-06
9816 1.195324e-04 1.575797e-06
9817 1.194542e-04 1.574637e-06
9818 1.193761e-04 1.573478e-06
9819 1.192980e-04 1.572320e-06
9820 1.192201e-04 1.571162e-06
9821 1.191421e-04 1.570006e-06
9822 1.190643e-04 1.568850e-06
9823 1.189865e-04 1.567695e-06
9824 1.189087e-04 1.566541e-06
9825 1.188310e-04 1.565388e-06
9826 1.187534e-04 1.564236e-06
9827 1.186758e-04 1.563084e-06
9828 1.185983e-04 1.561934e-06
9829 1.185209e-04 1.560784e-06
9830 1.184435e-04 1.559635e-06
9831 1.183662e-04 1.558487e-06
9832 1.182889e-04 1.557340e-06
9833 1.182117e-04 1.556193e-06
9834 1.181346e-04 1.555048e-06
9835 1.180575e-04 1.553903e-06
9836 1.179804e-04 1.552759e-06
9837 1.179035e-04 1.551616e-06
9838 1.178266e-04 1.550474e-06
9839 1.177497e-04 1.549333e-06
9840 1.176729e-04 1.548192e-06
9841 1.175962e-04 1.547052e-06
9842 1.175195e-04 1.545914e-06
9843 1.174429e-04 1.544776e-06
9844 1.173664e-04 1.543639e-06
9845 1.172899e-04 1.542502e-06
9846 1.172134e-04 1.541367e-06
9847 1.171371e-04 1.540232e-06
9848 1.170607e-04 1.539098e-06
9849 1.169845e-04 1.537965e-06
9850 1.169083e-04 1.536833e-06
9851 1.168321e-04 1.535702e-06
9852 1.167561e-04 1.534572e-06
9853 1.166800e-04 1.533442e-06
9854 1.166041e-04 1.532313e-06
9855 1.165282e-04 1.531185e-06
9856 1.164523e-04 1.530058e-06
9857 1.163765e-04 1.528932e-06
9858 1.163008e-04 1.527806e-06
9859 1.162251e-04 1.526682e-06
9860 1.161495e-04 1.525558e-06
9861 1.160740e-04 1.524435e-06
9862 1.159985e-04 1.523313e-06
9863 1.159230e-04 1.522191e-06
9864 1.158476e-04 1.521071e-06
9865 1.157723e-04 1.519951e-06
9866 1.156971e-04 1.518832e-06
9867 1.156218e-04 1.517714e-06
9868 1.155467e-04 1.516597e-06
9869 1.154716e-04 1.515481e-06
9870 1.153966e-04 1.514365e-06
9871 1.153216e-04 1.513250e-06
9872 1.152467e-04 1.512136e-06
9873 1.151718e-04 1.511023e-06
9874 1.150970e-04 1.509911e-06
9875 1.150223e-04 1.508800e-06
9876 1.149476e-04 1.507689e-06
9877 1.148730e-04 1.506579e-06
9878 1.147984e-04 1.505470e-06
9879 1.147239e-04 1.504362e-06
9880 1.146495e-04 1.503254e-06
9881 1.145751e-04 1.502148e-06
9882 1.145007e-04 1.501042e-06
9883 1.144264e-04 1.499937e-06
9884 1.143522e-04 1.498833e-06
9885 1.142781e-04 1.497730e-06
9886 1.142039e-04 1.496627e-06
9887 1.141299e-04 1.495526e-06
9888 1.140559e-04 1.494425e-06
9889 1.139820e-04 1.493325e-06
9890 1.139081e-04 1.492225e-06
9891 1.138343e-04 1.491127e-06
9892 1.137605e-04 1.490029e-06
9893 1.136868e-04 1.488932e-06
9894 1.136131e-04 1.487836e-06
9895 1.135396e-04 1.486741e-06
9896 1.134660e-04 1.485647e-06
9897 1.133925e-04 1.484553e-06
9898 1.133191e-04 1.483460e-06
9899 1.132457e-04 1.482368e-06
9900 1.131724e-04 1.481277e-06
9901 1.130992e-04 1.480187e-06
9902 1.130260e-04 1.479097e-06
9903 1.129529e-04 1.478008e-06
9904 1.128798e-04 1.476920e-06
9905 1.128067e-04 1.475833e-06
9906 1.127338e-04 1.474747e-06
9907 1.126609e-04 1.473661e-06
9908 1.125880e-04 1.472576e-06
9909 1.125152e-04 1.471492e-06
9910 1.124425e-04 1.470409e-06
9911 1.123698e-04 1.469327e-06
9912 1.122972e-04 1.468245e-06
9913 1.122246e-04 1.467164e-06
9914 1.121521e-04 1.466084e-06
9915 1.120796e-04 1.465005e-06
9916 1.120072e-04 1.463927e-06
9917 1.119348e-04 1.462849e-06
9918 1.118626e-04 1.461772e-06
9919 1.117903e-04 1.460696e-06
9920 1.117181e-04 1.459621e-06
9921 1.116460e-04 1.458547e-06
9922 1.115739e-04 1.457473e-06
9923 1.115019e-04 1.456400e-06
9924 1.114300e-04 1.455328e-06
9925 1.113581e-04 1.454257e-06
9926 1.112862e-04 1.453186e-06
9927 1.112144e-04 1.452117e-06
9928 1.111427e-04 1.451048e-06
9929 1.110710e-04 1.449980e-06
9930 1.109994e-04 1.448912e-06
9931 1.109278e-04 1.447846e-06
9932 1.108563e-04 1.446780e-06
9933 1.107849e-04 1.445715e-06
9934 1.107135e-04 1.444651e-06
9935 1.106421e-04 1.443587e-06
9936 1.105708e-04 1.442525e-06
9937 1.104996e-04 1.441463e-06
9938 1.104284e-04 1.440402e-06
9939 1.103573e-04 1.439341e-06
9940 1.102862e-04 1.438282e-06
9941 1.102152e-04 1.437223e-06
9942 1.101443e-04 1.436165e-06
9943 1.100734e-04 1.435108e-06
9944 1.100025e-04 1.434051e-06
9945 1.099317e-04 1.432996e-06
9946 1.098610e-04 1.431941e-06
9947 1.097903e-04 1.430887e-06
9948 1.097197e-04 1.429834e-06
9949 1.096491e-04 1.428781e-06
9950 1.095786e-04 1.427729e-06
9951 1.095081e-04 1.426678e-06
9952 1.094377e-04 1.425628e-06
9953 1.093673e-04 1.424579e-06
9954 1.092970e-04 1.423530e-06
9955 1.092268e-04 1.422482e-06
9956 1.091566e-04 1.421435e-06
9957 1.090865e-04 1.420389e-06
9958 1.090164e-04 1.419343e-06
9959 1.089464e-04 1.418298e-06
9960 1.088764e-04 1.417254e-06
9961 1.088065e-04 1.416211e-06
9962 1.087366e-04 1.415169e-06
9963 1.086668e-04 1.414127e-06
9964 1.085970e-04 1.413086e-06
9965 1.085273e-04 1.412046e-06
9966 1.084577e-04 1.411006e-06
9967 1.083881e-04 1.409968e-06
9968 1.083186e-04 1.408930e-06
9969 1.082491e-04 1.407893e-06
9970 1.081797e-04 1.406856e-06
9971 1.081103e-04 1.405821e-06
9972 1.080410e-04 1.404786e-06
9973 1.079717e-04 1.403752e-06
9974 1.079025e-04 1.402718e-06
9975 1.078333e-04 1.401686e-06
9976 1.077642e-04 1.400654e-06
9977 1.076952e-04 1.399623e-06
9978 1.076262e-04 1.398593e-06
9979 1.075572e-04 1.397563e-06
9980 1.074883e-04 1.396534e-06
9981 1.074195e-04 1.395506e-06
9982 1.073507e-04 1.394479e-06
9983 1.072820e-04 1.393453e-06
9984 1.072133e-04 1.392427e-06
9985 1.071447e-04 1.391402e-06
9986 1.070761e-04 1.390378e-06
9987 1.070076e-04 1.389354e-06
9988 1.069391e-04 1.388331e-06
9989 1.068707e-04 1.387309e-06
9990 1.068023e-04 1.386288e-06
9991 1.067340e-04 1.385268e-06
9992 1.066658e-04 1.384248e-06
9993 1.065976e-04 1.383229e-06
9994 1.065294e-04 1.382211e-06
9995 1.064614e-04 1.381193e-06
9996 1.063933e-04 1.380177e-06
9997 1.063253e-04 1.379161e-06
9998 1.062574e-04 1.378145e-06
9999 1.061895e-04 1.377131e-06
10000 1.061217e-04 1.376117e-06
10001 1.060539e-04 1.375104e-06
10002 1.059862e-04 1.374092e-06
10003 1.059185e-04 1.373081e-06
10004 1.058509e-04 1.372070e-06
10005 1.057834e-04 1.371060e-06
10006 1.057158e-04 1.370051e-06
10007 1.056484e-04 1.369042e-06
10008 1.055810e-04 1.368034e-06
10009 1.055136e-04 1.367027e-06
10010 1.054463e-04 1.366021e-06
10011 1.053791e-04 1.365015e-06
10012 1.053119e-04 1.364011e-06
10013 1.052447e-04 1.363006e-06
10014 1.051777e-04 1.362003e-06
10015 1.051106e-04 1.361001e-06
10016 1.050436e-04 1.359999e-06
10017 1.049767e-04 1.358998e-06
10018 1.049098e-04 1.357997e-06
10019 1.048430e-04 1.356998e-06
10020 1.047762e-04 1.355999e-06
10021 1.047095e-04 1.355000e-06
10022 1.046428e-04 1.354003e-06
10023 1.045762e-04 1.353006e-06
10024 1.045096e-04 1.352010e-06
10025 1.044431e-04 1.351015e-06
10026 1.043767e-04 1.350021e-06
10027 1.043102e-04 1.349027e-06
10028 1.042439e-04 1.348034e-06
10029 1.041776e-04 1.347042e-06
10030 1.041113e-04 1.346050e-06
10031 1.040451e-04 1.345059e-06
10032 1.039790e-04 1.344069e-06
10033 1.039129e-04 1.343080e-06
10034 1.038468e-04 1.342091e-06
10035 1.037808e-04 1.341103e-06
10036 1.037149e-04 1.340116e-06
10037 1.036490e-04 1.339129e-06
10038 1.035831e-04 1.338144e-06
10039 1.035173e-04 1.337158e-06
10040 1.034516e-04 1.336174e-06
10041 1.033859e-04 1.335191e-06
10042 1.033203e-04 1.334208e-06
10043 1.032547e-04 1.333226e-06
10044 1.031892e-04 1.332244e-06
10045 1.031237e-04 1.331264e-06
10046 1.030582e-04 1.330284e-06
10047 1.029929e-04 1.329304e-06
10048 1.029275e-04 1.328326e-06
10049 1.028622e-04 1.327348e-06
10050 1.027970e-04 1.326371e-06
10051 1.027318e-04 1.325395e-06
10052 1.026667e-04 1.324419e-06
10053 1.026016e-04 1.323444e-06
10054 1.025366e-04 1.322470e-06
10055 1.024716e-04 1.321496e-06
10056 1.024067e-04 1.320524e-06
10057 1.023418e-04 1.319551e-06
10058 1.022770e-04 1.318580e-06
10059 1.022123e-04 1.317609e-06
10060 1.021475e-04 1.316640e-06
10061 1.020829e-04 1.315670e-06
10062 1.020183e-04 1.314702e-06
10063 1.019537e-04 1.313734e-06
10064 1.018892e-04 1.312767e-06
10065 1.018247e-04 1.311801e-06
10066 1.017603e-04 1.310835e-06
10067 1.016959e-04 1.309870e-06
10068 1.016316e-04 1.308906e-06
10069 1.015673e-04 1.307942e-06
10070 1.015031e-04 1.306980e-06
10071 1.014390e-04 1.306018e-06
10072 1.013748e-04 1.305056e-06
10073 1.013108e-04 1.304095e-06
10074 1.012468e-04 1.303135e-06
10075 1.011828e-04 1.302176e-06
10076 1.011189e-04 1.301218e-06
10077 1.010550e-04 1.300260e-06
10078 1.009912e-04 1.299303e-06
10079 1.009275e-04 1.298346e-06
10080 1.008637e-04 1.297391e-06
10081 1.008001e-04 1.296435e-06
10082 1.007365e-04 1.295481e-06
10083 1.006729e-04 1.294528e-06
10084 1.006094e-04 1.293575e-06
10085 1.005459e-04 1.292622e-06
10086 1.004825e-04 1.291671e-06
10087 1.004191e-04 1.290720e-06
10088 1.003558e-04 1.289770e-06
10089 1.002926e-04 1.288821e-06
10090 1.002294e-04 1.287872e-06
10091 1.001662e-04 1.286924e-06
10092 1.001031e-04 1.285976e-06
10093 1.000400e-04 1.285030e-06
10094 9.997699e-05 1.284084e-06
10095 9.991402e-05 1.283139e-06
10096 9.985111e-05 1.282194e-06
10097 9.978824e-05 1.281250e-06
10098 9.972542e-05 1.280307e-06
10099 9.966265e-05 1.279365e-06
10100 9.959993e-05 1.278423e-06
10101 9.953726e-05 1.277482e-06
10102 9.947463e-05 1.276541e-06
10103 9.941206e-05 1.275602e-06
10104 9.934954e-05 1.274663e-06
10105 9.928706e-05 1.273724e-06
10106 9.922464e-05 1.272787e-06
10107 9.916226e-05 1.271850e-06
10108 9.909993e-05 1.270914e-06
10109 9.903766e-05 1.269978e-06
10110 9.897543e-05 1.269043e-06
10111 9.891324e-05 1.268109e-06
10112 9.885111e-05 1.267176e-06
10113 9.878903e-05 1.266243e-06
10114 9.872700e-05 1.265311e-06
10115 9.866501e-05 1.264379e-06
10116 9.860307e-05 1.263449e-06
10117 9.854119e-05 1.262519e-06
10118 9.847935e-05 1.261589e-06
10119 9.841755e-05 1.260661e-06
10120 9.835581e-05 1.259733e-06
10121 9.829412e-05 1.258805e-06
10122 9.823247e-05 1.257879e-06
10123 9.817088e-05 1.256953e-06
10124 9.810933e-05 1.256027e-06
10125 9.804783e-05 1.255103e-06
10126 9.798638e-05 1.254179e-06
10127 9.792497e-05 1.253256e-06
10128 9.786362e-05 1.252333e-06
10129 9.780231e-05 1.251411e-06
10130 9.774105e-05 1.250490e-06
10131 9.767984e-05 1.249570e-06
10132 9.761868e-05 1.248650e-06
10133 9.755757e-05 1.247731e-06
10134 9.749650e-05 1.246812e-06
10135 9.743549e-05 1.245894e-06
10136 9.737452e-05 1.244977e-06
10137 9.731359e-05 1.244061e-06
10138 9.725272e-05 1.243145e-06
10139 9.719190e-05 1.242230e-06
10140 9.713112e-05 1.241316e-06
10141 9.707039e-05 1.240402e-06
10142 9.700971e-05 1.239489e-06
10143 9.694907e-05 1.238576e-06
10144 9.688849e-05 1.237665e-06
10145 9.682795e-05 1.236753e-06
10146 9.676746e-05 1.235843e-06
10147 9.670701e-05 1.234933e-06
10148 9.664662e-05 1.234024e-06
10149 9.658627e-05 1.233116e-06
10150 9.652597e-05 1.232208e-06
10151 9.646571e-05 1.231301e-06
10152 9.640551e-05 1.230395e-06
10153 9.634535e-05 1.229489e-06
10154 9.628524e-05 1.228584e-06
10155 9.622518e-05 1.227680e-06
10156 9.616516e-05 1.226776e-06
10157 9.610519e-05 1.225873e-06
10158 9.604527e-05 1.224970e-06
10159 9.598540e-05 1.224069e-06
10160 9.592557e-05 1.223168e-06
10161 9.586579e-05 1.222267e-06
10162 9.580606e-05 1.221368e-06
10163 9.574637e-05 1.220469e-06
10164 9.568674e-05 1.219570e-06
10165 9.562714e-05 1.218672e-06
10166 9.556760e-05 1.217775e-06
10167 9.550810e-05 1.216879e-06
10168 9.544865e-05 1.215983e-06
10169 9.538925e-05 1.215088e-06
10170 9.532989e-05 1.214194e-06
10171 9.527058e-05 1.213300e-06
10172 9.521132e-05 1.212407e-06
10173 9.515210e-05 1.211514e-06
10174 9.509294e-05 1.210622e-06
10175 9.503381e-05 1.209731e-06
10176 9.497474e-05 1.208841e-06
10177 9.491571e-05 1.207951e-06
10178 9.485673e-05 1.207062e-06
10179 9.479779e-05 1.206173e-06
10180 9.473890e-05 1.205285e-06
10181 9.468006e-05 1.204398e-06
10182 9.462126e-05 1.203511e-06
10183 9.456251e-05 1.202625e-06
10184 9.450381e-05 1.201740e-06
10185 9.444515e-05 1.200856e-06
10186 9.438654e-05 1.199972e-06
10187 9.432798e-05 1.199088e-06
10188 9.426946e-05 1.198206e-06
10189 9.421099e-05 1.197324e-06
10190 9.415256e-05 1.196442e-06
10191 9.409418e-05 1.195562e-06
10192 9.403585e-05 1.194681e-06
10193 9.397756e-05 1.193802e-06
10194 9.391932e-05 1.192923e-06
10195 9.386113e-05 1.192045e-06
10196 9.380298e-05 1.191168e-06
10197 9.374487e-05 1.190291e-06
10198 9.368682e-05 1.189415e-06
10199 9.362881e-05 1.188539e-06
10200 9.357084e-05 1.187664e-06
10201 9.351292e-05 1.186790e-06
10202 9.345505e-05 1.185916e-06
10203 9.339722e-05 1.185043e-06
10204 9.333944e-05 1.184171e-06
10205 9.328170e-05 1.183299e-06
10206 9.322401e-05 1.182428e-06
10207 9.316637e-05 1.181558e-06
10208 9.310877e-05 1.180688e-06
10209 9.305122e-05 1.179819e-06
10210 9.299371e-05 1.178950e-06
10211 9.293625e-05 1.178083e-06
10212 9.287883e-05 1.177215e-06
10213 9.282146e-05 1.176349e-06
10214 9.276413e-05 1.175483e-06
10215 9.270685e-05 1.174618e-06
10216 9.264962e-05 1.173753e-06
10217 9.259243e-05 1.172889e-06
10218 9.253528e-05 1.172026e-06
10219 9.247819e-05 1.171163e-06
10220 9.242113e-05 1.170301e-06
10221 9.236412e-05 1.169439e-06
10222 9.230716e-05 1.168578e-06
10223 9.225024e-05 1.167718e-06
10224 9.219337e-05 1.166859e-06
10225 9.213654e-05 1.166000e-06
10226 9.207976e-05 1.165141e-06
10227 9.202302e-05 1.164284e-06
10228 9.196633e-05 1.163427e-06
10229 9.190968e-05 1.162570e-06
10230 9.185308e-05 1.161714e-06
10231 9.179652e-05 1.160859e-06
10232 9.174001e-05 1.160005e-06
10233 9.168354e-05 1.159151e-06
10234 9.162711e-05 1.158298e-06
10235 9.157074e-05 1.157445e-06
10236 9.151440e-05 1.156593e-06
10237 9.145811e-05 1.155742e-06
10238 9.140187e-05 1.154891e-06
10239 9.134567e-05 1.154041e-06
10240 9.128951e-05 1.153191e-06
10241 9.123340e-05 1.152342e-06
10242 9.117734e-05 1.151494e-06
10243 9.112131e-05 1.150646e-06
10244 9.106534e-05 1.149799e-06
10245 9.100940e-05 1.148953e-06
10246 9.095352e-05 1.148107e-06
10247 9.089767e-05 1.147262e-06
10248 9.084187e-05 1.146418e-06
10249 9.078612e-05 1.145574e-06
10250 9.073041e-05 1.144730e-06
10251 9.067474e-05 1.143888e-06
10252 9.061912e-05 1.143046e-06
10253 9.056354e-05 1.142204e-06
10254 9.050801e-05 1.141363e-06
10255 9.045252e-05 1.140523e-06
10256 9.039707e-05 1.139684e-06
10257 9.034167e-05 1.138845e-06
10258 9.028631e-05 1.138006e-06
10259 9.023100e-05 1.137169e-06
10260 9.017573e-05 1.136332e-06
10261 9.012050e-05 1.135495e-06
10262 9.006532e-05 1.134659e-06
10263 9.001018e-05 1.133824e-06
10264 8.995509e-05 1.132989e-06
10265 8.990004e-05 1.132155e-06
10266 8.984503e-05 1.131322e-06
10267 8.979007e-05 1.130489e-06
10268 8.973515e-05 1.129657e-06
10269 8.968028e-05 1.128826e-06
10270 8.962545e-05 1.127995e-06
10271 8.957066e-05 1.127164e-06
10272 8.951592e-05 1.126335e-06
10273 8.946122e-05 1.125505e-06
10274 8.940656e-05 1.124677e-06
10275 8.935195e-05 1.123849e-06
10276 8.929738e-05 1.123022e-06
10277 8.924285e-05 1.122195e-06
10278 8.918837e-05 1.121369e-06
10279 8.913393e-05 1.120544e-06
10280 8.907953e-05 1.119719e-06
10281 8.902518e-05 1.118894e-06
10282 8.897087e-05 1.118071e-06
10283 8.891660e-05 1.117248e-06
10284 8.886238e-05 1.116425e-06
10285 8.880820e-05 1.115604e-06
10286 8.875406e-05 1.114782e-06
10287 8.869997e-05 1.113962e-06
10288 8.864592e-05 1.113142e-06
10289 8.859191e-05 1.112322e-06
10290 8.853795e-05 1.111503e-06
10291 8.848403e-05 1.110685e-06
10292 8.843015e-05 1.109868e-06
10293 8.837631e-05 1.109051e-06
10294 8.832252e-05 1.108234e-06
10295 8.826877e-05 1.107419e-06
10296 8.821507e-05 1.106603e-06
10297 8.816140e-05 1.105789e-06
10298 8.810778e-05 1.104975e-06
10299 8.805420e-05 1.104161e-06
10300 8.800067e-05 1.103349e-06
10301 8.794718e-05 1.102536e-06
10302 8.789373e-05 1.101725e-06
10303 8.784032e-05 1.100914e-06
10304 8.778695e-05 1.100103e-06
10305 8.773363e-05 1.099294e-06
10306 8.768035e-05 1.098484e-06
10307 8.762712e-05 1.097676e-06
10308 8.757392e-05 1.096868e-06
10309 8.752077e-05 1.096060e-06
10310 8.746766e-05 1.095254e-06
10311 8.741460e-05 1.094447e-06
10312 8.736157e-05 1.093642e-06
10313 8.730859e-05 1.092837e-06
10314 8.725565e-05 1.092032e-06
10315 8.720275e-05 1.091228e-06
10316 8.714990e-05 1.090425e-06
10317 8.709708e-05 1.089622e-06
10318 8.704431e-05 1.088820e-06
10319 8.699158e-05 1.088019e-06
10320 8.693890e-05 1.087218e-06
10321 8.688625e-05 1.086417e-06
10322 8.683365e-05 1.085618e-06
10323 8.678109e-05 1.084819e-06
10324 8.672857e-05 1.084020e-06
10325 8.667610e-05 1.083222e-06
10326 8.662366e-05 1.082425e-06
10327 8.657127e-05 1.081628e-06
10328 8.651892e-05 1.080832e-06
10329 8.646661e-05 1.080036e-06
10330 8.641435e-05 1.079241e-06
10331 8.636212e-05 1.078447e-06
10332 8.630994e-05 1.077653e-06
10333 8.625780e-05 1.076859e-06
10334 8.620570e-05 1.076067e-06
10335 8.615364e-05 1.075275e-06
10336 8.610163e-05 1.074483e-06
10337 8.604965e-05 1.073692e-06
10338 8.599772e-05 1.072902e-06
10339 8.594583e-05 1.072112e-06
10340 8.589398e-05 1.071323e-06
10341 8.584217e-05 1.070534e-06
10342 8.579041e-05 1.069746e-06
10343 8.573868e-05 1.068959e-06
10344 8.568700e-05 1.068172e-06
10345 8.563536e-05 1.067386e-06
10346 8.558376e-05 1.066600e-06
10347 8.553220e-05 1.065815e-06
10348 8.548068e-05 1.065030e-06
10349 8.542920e-05 1.064246e-06
10350 8.537777e-05 1.063463e-06
10351 8.532637e-05 1.062680e-06
10352 8.527502e-05 1.061898e-06
10353 8.522371e-05 1.061116e-06
10354 8.517244e-05 1.060335e-06
10355 8.512121e-05 1.059554e-06
10356 8.507002e-05 1.058774e-06
10357 8.501887e-05 1.057995e-06
10358 8.496777e-05 1.057216e-06
10359 8.491670e-05 1.056438e-06
10360 8.486568e-05 1.055660e-06
10361 8.481470e-05 1.054883e-06
10362 8.476375e-05 1.054107e-06
10363 8.471285e-05 1.053331e-06
10364 8.466199e-05 1.052555e-06
10365 8.461117e-05 1.051781e-06
10366 8.456039e-05 1.051006e-06
10367 8.450965e-05 1.050233e-06
10368 8.445896e-05 1.049460e-06
10369 8.440830e-05 1.048687e-06
10370 8.435768e-05 1.047915e-06
10371 8.430711e-05 1.047144e-06
10372 8.425657e-05 1.046373e-06
10373 8.420608e-05 1.045603e-06
10374 8.415563e-05 1.044833e-06
10375 8.410521e-05 1.044064e-06
10376 8.405484e-05 1.043295e-06
10377 8.400451e-05 1.042527e-06
10378 8.395422e-05 1.041760e-06
10379 8.390397e-05 1.040993e-06
10380 8.385376e-05 1.040227e-06
10381 8.380359e-05 1.039461e-06
10382 8.375346e-05 1.038696e-06
10383 8.370337e-05 1.037931e-06
10384 8.365332e-05 1.037167e-06
10385 8.360331e-05 1.036404e-06
10386 8.355334e-05 1.035641e-06
10387 8.350341e-05 1.034878e-06
10388 8.345352e-05 1.034117e-06
10389 8.340367e-05 1.033355e-06
10390 8.335387e-05 1.032595e-06
10391 8.330410e-05 1.031835e-06
10392 8.325437e-05 1.031075e-06
10393 8.320468e-05 1.030316e-06
10394 8.315503e-05 1.029558e-06
10395 8.310543e-05 1.028800e-06
10396 8.305586e-05 1.028043e-06
10397 8.300633e-05 1.027286e-06
10398 8.295684e-05 1.026530e-06
10399 8.290739e-05 1.025774e-06
10400 8.285798e-05 1.025019e-06
10401 8.280862e-05 1.024264e-06
10402 8.275929e-05 1.023510e-06
10403 8.271000e-05 1.022757e-06
10404 8.266075e-05 1.022004e-06
10405 8.261154e-05 1.021252e-06
10406 8.256237e-05 1.020500e-06
10407 8.251324e-05 1.019749e-06
10408 8.246415e-05 1.018998e-06
10409 8.241510e-05 1.018248e-06
10410 8.236608e-05 1.017498e-06
10411 8.231711e-05 1.016749e-06
10412 8.226818e-05 1.016001e-06
10413 8.221929e-05 1.015253e-06
10414 8.217043e-05 1.014506e-06
10415 8.212162e-05 1.013759e-06
10416 8.207284e-05 1.013013e-06
10417 8.202411e-05 1.012267e-06
10418 8.197541e-05 1.011522e-06
10419 8.192675e-05 1.010777e-06
10420 8.187814e-05 1.010033e-06
10421 8.182956e-05 1.009290e-06
10422 8.178102e-05 1.008547e-06
10423 8.173252e-05 1.007804e-06
10424 8.168406e-05 1.007062e-06
10425 8.163563e-05 1.006321e-06
10426 8.158725e-05 1.005580e-06
10427 8.153891e-05 1.004840e-06
10428 8.149060e-05 1.004100e-06
10429 8.144234e-05 1.003361e-06
10430 8.139411e-05 1.002623e-06
10431 8.134592e-05 1.001885e-06
10432 8.129778e-05 1.001147e-06
10433 8.124967e-05 1.000410e-06
10434 8.120160e-05 9.996738e-07
10435 8.115356e-05 9.989380e-07
10436 8.110557e-05 9.982026e-07
10437 8.105762e-05 9.974678e-07
10438 8.100970e-05 9.967336e-07
10439 8.096182e-05 9.959999e-07
10440 8.091399e-05 9.952667e-07
10441 8.086619e-05 9.945341e-07
10442 8.081842e-05 9.938020e-07
10443 8.077070e-05 9.930704e-07
10444 8.072302e-05 9.923394e-07
10445 8.067537e-05 9.916089e-07
10446 8.062777e-05 9.908790e-07
10447 8.058020e-05 9.901496e-07
10448 8.053267e-05 9.894207e-07
10449 8.048518e-05 9.886924e-07
10450 8.043773e-05 9.879646e-07
10451 8.039031e-05 9.872373e-07
10452 8.034294e-05 9.865106e-07
10453 8.029560e-05 9.857844e-07
10454 8.024830e-05 9.850588e-07
10455 8.020104e-05 9.843337e-07
10456 8.015382e-05 9.836091e-07
10457 8.010663e-05 9.828850e-07
10458 8.005949e-05 9.821615e-07
10459 8.001238e-05 9.814385e-07
10460 7.996531e-05 9.807161e-07
10461 7.991828e-05 9.799941e-07
10462 7.987129e-05 9.792727e-07
10463 7.982433e-05 9.785519e-07
10464 7.977742e-05 9.778316e-07
10465 7.973054e-05 9.771118e-07
10466 7.968370e-05 9.763925e-07
10467 7.963689e-05 9.756738e-07
10468 7.959013e-05 9.749555e-07
10469 7.954340e-05 9.742379e-07
10470 7.949671e-05 9.735207e-07
10471 7.945006e-05 9.728041e-07
10472 7.940345e-05 9.720880e-07
10473 7.935687e-05 9.713724e-07
10474 7.931033e-05 9.706574e-07
10475 7.926383e-05 9.699429e-07
10476 7.921737e-05 9.692289e-07
10477 7.917095e-05 9.685154e-07
10478 7.912456e-05 9.678025e-07
10479 7.907821e-05 9.670900e-07
10480 7.903190e-05 9.663782e-07
10481 7.898562e-05 9.656668e-07
10482 7.893939e-05 9.649559e-07
10483 7.889319e-05 9.642456e-07
10484 7.884703e-05 9.635358e-07
10485 7.880090e-05 9.628266e-07
10486 7.875482e-05 9.621178e-07
10487 7.870877e-05 9.614096e-07
10488 7.866276e-05 9.607019e-07
10489 7.861678e-05 9.599947e-07
10490 7.857085e-05 9.592880e-07
10491 7.852495e-05 9.585819e-07
10492 7.847908e-05 9.578762e-07
10493 7.843326e-05 9.571711e-07
10494 7.838747e-05 9.564665e-07
10495 7.834172e-05 9.557625e-07
10496 7.829601e-05 9.550589e-07
10497 7.825033e-05 9.543559e-07
10498 7.820469e-05 9.536534e-07
10499 7.815909e-05 9.529514e-07
10500 7.811353e-05 9.522499e-07
10501 7.806800e-05 9.515489e-07
10502 7.802251e-05 9.508485e-07
10503 7.797706e-05 9.501485e-07
10504 7.793164e-05 9.494491e-07
10505 7.788626e-05 9.487502e-07
10506 7.784092e-05 9.480518e-07
10507 7.779561e-05 9.473539e-07
10508 7.775035e-05 9.466566e-07
10509 7.770511e-05 9.459597e-07
10510 7.765992e-05 9.452634e-07
10511 7.761476e-05 9.445676e-07
10512 7.756964e-05 9.438722e-07
10513 7.752455e-05 9.431774e-07
10514 7.747951e-05 9.424832e-07
10515 7.743450e-05 9.417894e-07
10516 7.738952e-05 9.410961e-07
10517 7.734458e-05 9.404034e-07
10518 7.729968e-05 9.397111e-07
10519 7.725482e-05 9.390194e-07
10520 7.720999e-05 9.383281e-07
10521 7.716520e-05 9.376374e-07
10522 7.712044e-05 9.369472e-07
10523 7.707573e-05 9.362575e-07
10524 7.703104e-05 9.355683e-07
10525 7.698640e-05 9.348796e-07
10526 7.694179e-05 9.341914e-07
10527 7.689722e-05 9.335038e-07
10528 7.685268e-05 9.328166e-07
10529 7.680818e-05 9.321299e-07
10530 7.676372e-05 9.314438e-07
10531 7.671929e-05 9.307581e-07
10532 7.667490e-05 9.300730e-07
10533 7.663055e-05 9.293883e-07
10534 7.658623e-05 9.287042e-07
10535 7.654195e-05 9.280206e-07
10536 7.649770e-05 9.273374e-07
10537 7.645349e-05 9.266548e-07
10538 7.640932e-05 9.259727e-07
10539 7.636518e-05 9.252911e-07
10540 7.632108e-05 9.246099e-07
10541 7.627701e-05 9.239293e-07
10542 7.623298e-05 9.232492e-07
10543 7.618899e-05 9.225696e-07
10544 7.614503e-05 9.218905e-07
10545 7.610111e-05 9.212118e-07
10546 7.605722e-05 9.205337e-07
10547 7.601337e-05 9.198561e-07
10548 7.596956e-05 9.191790e-07
10549 7.592578e-05 9.185024e-07
10550 7.588204e-05 9.178262e-07
10551 7.583833e-05 9.171506e-07
10552 7.579466e-05 9.164755e-07
10553 7.575103e-05 9.158008e-07
10554 7.570743e-05 9.151267e-07
10555 7.566386e-05 9.144531e-07
10556 7.562033e-05 9.137799e-07
10557 7.557684e-05 9.131073e-07
10558 7.553339e-05 9.124351e-07
10559 7.548996e-05 9.117635e-07
10560 7.544658e-05 9.110923e-07
10561 7.540323e-05 9.104216e-07
10562 7.535991e-05 9.097515e-07
10563 7.531663e-05 9.090818e-07
10564 7.527339e-05 9.084126e-07
10565 7.523018e-05 9.077439e-07
10566 7.518701e-05 9.070757e-07
10567 7.514387e-05 9.064080e-07
10568 7.510077e-05 9.057407e-07
10569 7.505770e-05 9.050740e-07
10570 7.501467e-05 9.044078e-07
10571 7.497168e-05 9.037420e-07
10572 7.492871e-05 9.030768e-07
10573 7.488579e-05 9.024120e-07
10574 7.484290e-05 9.017477e-07
10575 7.480004e-05 9.010839e-07
10576 7.475722e-05 9.004206e-07
10577 7.471444e-05 8.997578e-07
10578 7.467169e-05 8.990955e-07
10579 7.462897e-05 8.984336e-07
10580 7.458629e-05 8.977723e-07
10581 7.454365e-05 8.971114e-07
10582 7.450104e-05 8.964510e-07
10583 7.445846e-05 8.957911e-07
10584 7.441592e-05 8.951317e-07
10585 7.437342e-05 8.944728e-07
10586 7.433095e-05 8.938144e-07
10587 7.428851e-05 8.931564e-07
10588 7.424611e-05 8.924990e-07
10589 7.420375e-05 8.918420e-07
10590 7.416142e-05 8.911855e-07
10591 7.411912e-05 8.905295e-07
10592 7.407686e-05 8.898739e-07
10593 7.403464e-05 8.892189e-07
10594 7.399244e-05 8.885643e-07
10595 7.395029e-05 8.879102e-07
10596 7.390816e-05 8.872566e-07
10597 7.386608e-05 8.866035e-07
10598 7.382402e-05 8.859508e-07
10599 7.378201e-05 8.852987e-07
10600 7.374002e-05 8.846470e-07
10601 7.369807e-05 8.839958e-07
10602 7.365616e-05 8.833451e-07
10603 7.361428e-05 8.826948e-07
10604 7.357243e-05 8.820451e-07
10605 7.353062e-05 8.813958e-07
10606 7.348884e-05 8.807470e-07
10607 7.344710e-05 8.800986e-07
10608 7.340539e-05 8.794508e-07
10609 7.336372e-05 8.788034e-07
10610 7.332208e-05 8.781565e-07
10611 7.328047e-05 8.775101e-07
10612 7.323890e-05 8.768641e-07
10613 7.319736e-05 8.762186e-07
10614 7.315586e-05 8.755736e-07
10615 7.311439e-05 8.749291e-07
10616 7.307296e-05 8.742851e-07
10617 7.303156e-05 8.736415e-07
10618 7.299019e-05 8.729984e-07
10619 7.294886e-05 8.723558e-07
10620 7.290756e-05 8.717136e-07
10621 7.286630e-05 8.710719e-07
10622 7.282507e-05 8.704307e-07
10623 7.278387e-05 8.697900e-07
10624 7.274271e-05 8.691497e-07
10625 7.270158e-05 8.685099e-07
10626 7.266049e-05 8.678706e-07
10627 7.261943e-05 8.672317e-07
10628 7.257841e-05 8.665934e-07
10629 7.253741e-05 8.659554e-07
10630 7.249645e-05 8.653180e-07
10631 7.245553e-05 8.646810e-07
10632 7.241464e-05 8.640445e-07
10633 7.237378e-05 8.634085e-07
10634 7.233296e-05 8.627729e-07
10635 7.229217e-05 8.621378e-07
10636 7.225141e-05 8.615032e-07
10637 7.221069e-05 8.608690e-07
10638 7.217000e-05 8.602353e-07
10639 7.212935e-05 8.596021e-07
10640 7.208873e-05 8.589693e-07
10641 7.204814e-05 8.583370e-07
10642 7.200758e-05 8.577052e-07
10643 7.196706e-05 8.570738e-07
10644 7.192657e-05 8.564429e-07
10645 7.188612e-05 8.558124e-07
10646 7.184570e-05 8.551825e-07
10647 7.180531e-05 8.545530e-07
10648 7.176496e-05 8.539239e-07
10649 7.172464e-05 8.532953e-07
10650 7.168435e-05 8.526672e-07
10651 7.164410e-05 8.520395e-07
10652 7.160388e-05 8.514123e-07
10653 7.156369e-05 8.507856e-07
10654 7.152354e-05 8.501593e-07
10655 7.148342e-05 8.495335e-07
10656 7.144333e-05 8.489081e-07
10657 7.140328e-05 8.482832e-07
10658 7.136326e-05 8.476588e-07
10659 7.132327e-05 8.470348e-07
10660 7.128331e-05 8.464113e-07
10661 7.124339e-05 8.457883e-07
10662 7.120350e-05 8.451657e-07
10663 7.116365e-05 8.445435e-07
10664 7.112383e-05 8.439218e-07
10665 7.108404e-05 8.433006e-07
10666 7.104428e-05 8.426798e-07
10667 7.100456e-05 8.420595e-07
10668 7.096487e-05 8.414397e-07
10669 7.092521e-05 8.408203e-07
10670 7.088558e-05 8.402013e-07
10671 7.084599e-05 8.395829e-07
10672 7.080643e-05 8.389648e-07
10673 7.076691e-05 8.383472e-07
10674 7.072741e-05 8.377301e-07
10675 7.068795e-05 8.371135e-07
10676 7.064852e-05 8.364972e-07
10677 7.060913e-05 8.358815e-07
10678 7.056977e-05 8.352662e-07
10679 7.053044e-05 8.346513e-07
10680 7.049114e-05 8.340369e-07
10681 7.045187e-05 8.334230e-07
10682 7.041264e-05 8.328095e-07
10683 7.037344e-05 8.321964e-07
10684 7.033427e-05 8.315838e-07
10685 7.029514e-05 8.309717e-07
10686 7.025604e-05 8.303600e-07
10687 7.021697e-05 8.297488e-07
10688 7.017793e-05 8.291380e-07
10689 7.013893e-05 8.285276e-07
10690 7.009996e-05 8.279177e-07
10691 7.006102e-05 8.273083e-07
10692 7.002211e-05 8.266993e-07
10693 6.998323e-05 8.260907e-07
10694 6.994439e-05 8.254826e-07
10695 6.990558e-05 8.248750e-07
10696 6.986680e-05 8.242678e-07
10697 6.982806e-05 8.236610e-07
10698 6.978934e-05 8.230547e-07
10699 6.975066e-05 8.224489e-07
10700 6.971201e-05 8.218434e-07
10701 6.967339e-05 8.212385e-07
10702 6.963481e-05 8.206339e-07
10703 6.959626e-05 8.200299e-07
10704 6.955774e-05 8.194262e-07
10705 6.951925e-05 8.188230e-07
10706 6.948079e-05 8.182203e-07
10707 6.944237e-05 8.176180e-07
10708 6.940397e-05 8.170161e-07
10709 6.936561e-05 8.164147e-07
10710 6.932728e-05 8.158137e-07
10711 6.928899e-05 8.152132e-07
10712 6.925072e-05 8.146131e-07
10713 6.921249e-05 8.140134e-07
10714 6.917429e-05 8.134142e-07
10715 6.913612e-05 8.128155e-07
10716 6.909798e-05 8.122171e-07
10717 6.905987e-05 8.116192e-07
10718 6.902180e-05 8.110218e-07
10719 6.898376e-05 8.104248e-07
10720 6.894575e-05 8.098282e-07
10721 6.890777e-05 8.092321e-07
10722 6.886982e-05 8.086364e-07
10723 6.883191e-05 8.080412e-07
10724 6.879402e-05 8.074463e-07
10725 6.875617e-05 8.068520e-07
10726 6.871835e-05 8.062580e-07
10727 6.868056e-05 8.056645e-07
10728 6.864280e-05 8.050715e-07
10729 6.860508e-05 8.044788e-07
10730 6.856738e-05 8.038867e-07
10731 6.852972e-05 8.032949e-07
10732 6.849209e-05 8.027036e-07
10733 6.845449e-05 8.021127e-07
10734 6.841692e-05 8.015222e-07
10735 6.837938e-05 8.009322e-07
10736 6.834188e-05 8.003427e-07
10737 6.830440e-05 7.997535e-07
10738 6.826696e-05 7.991648e-07
10739 6.822955e-05 7.985765e-07
10740 6.819217e-05 7.979887e-07
10741 6.815482e-05 7.974013e-07
10742 6.811750e-05 7.968143e-07
10743 6.808021e-05 7.962277e-07
10744 6.804296e-05 7.956416e-07
10745 6.800573e-05 7.950559e-07
10746 6.796854e-05 7.944707e-07
10747 6.793138e-05 7.938858e-07
10748 6.789424e-05 7.933015e-07
10749 6.785714e-05 7.927175e-07
10750 6.782007e-05 7.921340e-07
10751 6.778304e-05 7.915509e-07
10752 6.774603e-05 7.909682e-07
10753 6.770905e-05 7.903859e-07
10754 6.767211e-05 7.898041e-07
10755 6.763519e-05 7.892227e-07
10756 6.759831e-05 7.886418e-07
10757 6.756146e-05 7.880612e-07
10758 6.752464e-05 7.874811e-07
10759 6.748785e-05 7.869015e-07
10760 6.745109e-05 7.863222e-07
10761 6.741436e-05 7.857434e-07
10762 6.737766e-05 7.851650e-07
10763 6.734099e-05 7.845870e-07
10764 6.730435e-05 7.840095e-07
10765 6.726775e-05 7.834323e-07
10766 6.723117e-05 7.828556e-07
10767 6.719463e-05 7.822794e-07
10768 6.715811e-05 7.817035e-07
10769 6.712163e-05 7.811281e-07
10770 6.708518e-05 7.805531e-07
10771 6.704876e-05 7.799785e-07
10772 6.701236e-05 7.794044e-07
10773 6.697600e-05 7.788306e-07
10774 6.693967e-05 7.782573e-07
10775 6.690337e-05 7.776844e-07
10776 6.686710e-05 7.771120e-07
10777 6.683086e-05 7.765399e-07
10778 6.679465e-05 7.759683e-07
10779 6.675848e-05 7.753971e-07
10780 6.672233e-05 7.748263e-07
10781 6.668621e-05 7.742559e-07
10782 6.665012e-05 7.736860e-07
10783 6.661407e-05 7.731165e-07
10784 6.657804e-05 7.725474e-07
10785 6.654204e-05 7.719787e-07
10786 6.650608e-05 7.714104e-07
10787 6.647014e-05 7.708426e-07
10788 6.643424e-05 7.702751e-07
10789 6.639836e-05 7.697081e-07
10790 6.636252e-05 7.691415e-07
10791 6.632670e-05 7.685754e-07
10792 6.629092e-05 7.680096e-07
10793 6.625516e-05 7.674443e-07
10794 6.621944e-05 7.668793e-07
10795 6.618374e-05 7.663148e-07
10796 6.614808e-05 7.657507e-07
10797 6.611244e-05 7.651870e-07
10798 6.607684e-05 7.646238e-07
10799 6.604126e-05 7.640609e-07
10800 6.600572e-05 7.634985e-07
10801 6.597020e-05 7.629364e-07
10802 6.593472e-05 7.623748e-07
10803 6.589926e-05 7.618136e-07
10804 6.586384e-05 7.612529e-07
10805 6.582844e-05 7.606925e-07
10806 6.579308e-05 7.601325e-07
10807 6.575774e-05 7.595730e-07
10808 6.572244e-05 7.590138e-07
10809 6.568716e-05 7.584551e-07
10810 6.565192e-05 7.578968e-07
10811 6.561670e-05 7.573389e-07
10812 6.558151e-05 7.567814e-07
10813 6.554635e-05 7.562243e-07
10814 6.551123e-05 7.556677e-07
10815 6.547613e-05 7.551114e-07
10816 6.544106e-05 7.545556e-07
10817 6.540602e-05 7.540001e-07
10818 6.537101e-05 7.534451e-07
10819 6.533603e-05 7.528905e-07
10820 6.530108e-05 7.523363e-07
10821 6.526616e-05 7.517824e-07
10822 6.523127e-05 7.512290e-07
10823 6.519641e-05 7.506761e-07
10824 6.516158e-05 7.501235e-07
10825 6.512678e-05 7.495713e-07
10826 6.509200e-05 7.490195e-07
10827 6.505726e-05 7.484682e-07
10828 6.502254e-05 7.479172e-07
10829 6.498786e-05 7.473666e-07
10830 6.495320e-05 7.468165e-07
10831 6.491858e-05 7.462667e-07
10832 6.488398e-05 7.457174e-07
10833 6.484941e-05 7.451685e-07
10834 6.481487e-05 7.446199e-07
10835 6.478036e-05 7.440718e-07
10836 6.474588e-05 7.435241e-07
10837 6.471143e-05 7.429768e-07
10838 6.467701e-05 7.424298e-07
10839 6.464262e-05 7.418833e-07
10840 6.460825e-05 7.413372e-07
10841 6.457392e-05 7.407915e-07
10842 6.453961e-05 7.402462e-07
10843 6.450533e-05 7.397013e-07
10844 6.447109e-05 7.391568e-07
10845 6.443687e-05 7.386127e-07
10846 6.440268e-05 7.380690e-07
10847 6.436852e-05 7.375257e-07
10848 6.433439e-05 7.369828e-07
10849 6.430028e-05 7.364403e-07
10850 6.426621e-05 7.358982e-07
10851 6.423216e-05 7.353564e-07
10852 6.419815e-05 7.348151e-07
10853 6.416416e-05 7.342742e-07
10854 6.413020e-05 7.337337e-07
10855 6.409627e-05 7.331936e-07
10856 6.406237e-05 7.326539e-07
10857 6.402850e-05 7.321146e-07
10858 6.399466e-05 7.315756e-07
10859 6.396084e-05 7.310371e-07
10860 6.392706e-05 7.304990e-07
10861 6.389330e-05 7.299613e-07
10862 6.385957e-05 7.294239e-07
10863 6.382587e-05 7.288870e-07
10864 6.379220e-05 7.283504e-07
10865 6.375855e-05 7.278143e-07
10866 6.372494e-05 7.272785e-07
10867 6.369135e-05 7.267432e-07
10868 6.365780e-05 7.262082e-07
10869 6.362427e-05 7.256736e-07
10870 6.359077e-05 7.251394e-07
10871 6.355730e-05 7.246057e-07
10872 6.352385e-05 7.240723e-07
10873 6.349044e-05 7.235393e-07
10874 6.345705e-05 7.230066e-07
10875 6.342369e-05 7.224744e-07
10876 6.339036e-05 7.219426e-07
10877 6.335706e-05 7.214112e-07
10878 6.332379e-05 7.208801e-07
10879 6.329054e-05 7.203495e-07
10880 6.325733e-05 7.198192e-07
10881 6.322414e-05 7.192893e-07
10882 6.319098e-05 7.187599e-07
10883 6.315785e-05 7.182308e-07
10884 6.312474e-05 7.177021e-07
10885 6.309167e-05 7.171738e-07
10886 6.305862e-05 7.166458e-07
10887 6.302560e-05 7.161183e-07
10888 6.299261e-05 7.155912e-07
10889 6.295965e-05 7.150644e-07
10890 6.292671e-05 7.145380e-07
10891 6.289380e-05 7.140120e-07
10892 6.286093e-05 7.134864e-07
10893 6.282807e-05 7.129612e-07
10894 6.279525e-05 7.124364e-07
10895 6.276246e-05 7.119120e-07
10896 6.272969e-05 7.113879e-07
10897 6.269695e-05 7.108643e-07
10898 6.266424e-05 7.103410e-07
10899 6.263156e-05 7.098181e-07
10900 6.259890e-05 7.092956e-07
10901 6.256627e-05 7.087735e-07
10902 6.253367e-05 7.082517e-07
10903 6.250110e-05 7.077304e-07
10904 6.246856e-05 7.072094e-07
10905 6.243604e-05 7.066888e-07
10906 6.240355e-05 7.061686e-07
10907 6.237109e-05 7.056488e-07
10908 6.233866e-05 7.051293e-07
10909 6.230626e-05 7.046103e-07
10910 6.227388e-05 7.040916e-07
10911 6.224153e-05 7.035733e-07
10912 6.220921e-05 7.030554e-07
10913 6.217691e-05 7.025379e-07
10914 6.214464e-05 7.020207e-07
10915 6.211240e-05 7.015039e-07
10916 6.208019e-05 7.009875e-07
10917 6.204801e-05 7.004715e-07
10918 6.201585e-05 6.999559e-07
10919 6.198372e-05 6.994407e-07
10920 6.195162e-05 6.989258e-07
10921 6.191954e-05 6.984113e-07
10922 6.188750e-05 6.978972e-07
10923 6.185548e-05 6.973835e-07
10924 6.182348e-05 6.968701e-07
10925 6.179152e-05 6.963571e-07
10926 6.175958e-05 6.958445e-07
10927 6.172767e-05 6.953323e-07
10928 6.169579e-05 6.948205e-07
10929 6.166393e-05 6.943090e-07
10930 6.163210e-05 6.937979e-07
10931 6.160030e-05 6.932872e-07
10932 6.156853e-05 6.927768e-07
10933 6.153678e-05 6.922669e-07
10934 6.150506e-05 6.917573e-07
10935 6.147337e-05 6.912481e-07
10936 6.144171e-05 6.907392e-07
10937 6.141007e-05 6.902308e-07
10938 6.137846e-05 6.897227e-07
10939 6.134687e-05 6.892150e-07
10940 6.131532e-05 6.887076e-07
10941 6.128379e-05 6.882006e-07
10942 6.125228e-05 6.876940e-07
10943 6.122081e-05 6.871878e-07
10944 6.118936e-05 6.866820e-07
10945 6.115794e-05 6.861765e-07
10946 6.112654e-05 6.856714e-07
10947 6.109518e-05 6.851667e-07
10948 6.106383e-05 6.846623e-07
10949 6.103252e-05 6.841583e-07
10950 6.100123e-05 6.836547e-07
10951 6.096997e-05 6.831514e-07
10952 6.093874e-05 6.826485e-07
10953 6.090753e-05 6.821460e-07
10954 6.087635e-05 6.816439e-07
10955 6.084520e-05 6.811421e-07
10956 6.081407e-05 6.806407e-07
10957 6.078298e-05 6.801397e-07
10958 6.075190e-05 6.796390e-07
10959 6.072086e-05 6.791387e-07
10960 6.068984e-05 6.786388e-07
10961 6.065884e-05 6.781393e-07
10962 6.062788e-05 6.776401e-07
10963 6.059694e-05 6.771412e-07
10964 6.056603e-05 6.766428e-07
10965 6.053514e-05 6.761447e-07
10966 6.050428e-05 6.756470e-07
10967 6.047345e-05 6.751496e-07
10968 6.044264e-05 6.746526e-07
10969 6.041186e-05 6.741560e-07
10970 6.038111e-05 6.736598e-07
10971 6.035038e-05 6.731639e-07
10972 6.031968e-05 6.726683e-07
10973 6.028901e-05 6.721732e-07
10974 6.025836e-05 6.716784e-07
10975 6.022774e-05 6.711839e-07
10976 6.019714e-05 6.706899e-07
10977 6.016657e-05 6.701962e-07
10978 6.013603e-05 6.697028e-07
10979 6.010551e-05 6.692098e-07
10980 6.007502e-05 6.687172e-07
10981 6.004456e-05 6.682250e-07
10982 6.001412e-05 6.677331e-07
10983 5.998371e-05 6.672416e-07
10984 5.995333e-05 6.667504e-07
10985 5.992297e-05 6.662596e-07
10986 5.989264e-05 6.657691e-07
10987 5.986233e-05 6.652790e-07
10988 5.983205e-05 6.647893e-07
10989 5.980180e-05 6.643000e-07
10990 5.977157e-05 6.638110e-07
10991 5.974137e-05 6.633223e-07
10992 5.971119e-05 6.628340e-07
10993 5.968104e-05 6.623461e-07
10994 5.965092e-05 6.618585e-07
10995 5.962082e-05 6.613713e-07
10996 5.959075e-05 6.608845e-07
10997 5.956071e-05 6.603980e-07
10998 5.953069e-05 6.599119e-07
10999 5.950069e-05 6.594261e-07
11000 5.947072e-05 6.589407e-07
11001 5.944078e-05 6.584556e-07
11002 5.941087e-05 6.579709e-07
11003 5.938098e-05 6.574866e-07
11004 5.935111e-05 6.570026e-07
11005 5.932127e-05 6.565190e-07
11006 5.929146e-05 6.560357e-07
11007 5.926168e-05 6.555528e-07
11008 5.923191e-05 6.550702e-07
11009 5.920218e-05 6.545880e-07
11010 5.917247e-05 6.541062e-07
11011 5.914279e-05 6.536247e-07
11012 5.911313e-05 6.531435e-07
11013 5.908349e-05 6.526627e-07
11014 5.905389e-05 6.521823e-07
11015 5.902431e-05 6.517022e-07
11016 5.899475e-05 6.512225e-07
11017 5.896522e-05 6.507431e-07
11018 5.893572e-05 6.502641e-07
11019 5.890624e-05 6.497854e-07
11020 5.887678e-05 6.493071e-07
11021 5.884736e-05 6.488291e-07
11022 5.881795e-05 6.483515e-07
11023 5.878858e-05 6.478742e-07
11024 5.875923e-05 6.473973e-07
11025 5.872990e-05 6.469208e-07
11026 5.870060e-05 6.464446e-07
11027 5.867133e-05 6.459687e-07
11028 5.864208e-05 6.454932e-07
11029 5.861285e-05 6.450180e-07
11030 5.858365e-05 6.445432e-07
11031 5.855448e-05 6.440688e-07
11032 5.852533e-05 6.435947e-07
11033 5.849621e-05 6.431209e-07
11034 5.846711e-05 6.426475e-07
11035 5.843804e-05 6.421744e-07
11036 5.840899e-05 6.417017e-07
11037 5.837997e-05 6.412293e-07
11038 5.835097e-05 6.407573e-07
11039 5.832200e-05 6.402856e-07
11040 5.829305e-05 6.398143e-07
11041 5.826413e-05 6.393433e-07
11042 5.823524e-05 6.388727e-07
11043 5.820637e-05 6.384024e-07
11044 5.817752e-05 6.379325e-07
11045 5.814870e-05 6.374629e-07
11046 5.811990e-05 6.369936e-07
11047 5.809113e-05 6.365247e-07
11048 5.806239e-05 6.360562e-07
11049 5.803367e-05 6.355880e-07
11050 5.800497e-05 6.351201e-07
11051 5.797630e-05 6.346526e-07
11052 5.794766e-05 6.341854e-07
11053 5.791903e-05 6.337186e-07
11054 5.789044e-05 6.332521e-07
11055 5.786187e-05 6.327859e-07
11056 5.783332e-05 6.323201e-07
11057 5.780480e-05 6.318547e-07
11058 5.777630e-05 6.313895e-07
11059 5.774783e-05 6.309248e-07
11060 5.771939e-05 6.304603e-07
11061 5.769096e-05 6.299962e-07
11062 5.766257e-05 6.295325e-07
11063 5.763419e-05 6.290691e-07
11064 5.760585e-05 6.286060e-07
11065 5.757752e-05 6.281433e-07
11066 5.754922e-05 6.276809e-07
11067 5.752095e-05 6.272189e-07
11068 5.749270e-05 6.267571e-07
11069 5.746448e-05 6.262958e-07
11070 5.743628e-05 6.258348e-07
11071 5.740810e-05 6.253741e-07
11072 5.737995e-05 6.249137e-07
11073 5.735183e-05 6.244537e-07
11074 5.732372e-05 6.239940e-07
11075 5.729565e-05 6.235347e-07
11076 5.726760e-05 6.230757e-07
11077 5.723957e-05 6.226171e-07
11078 5.721156e-05 6.221587e-07
11079 5.718358e-05 6.217008e-07
11080 5.715563e-05 6.212431e-07
11081 5.712770e-05 6.207858e-07
11082 5.709979e-05 6.203288e-07
11083 5.707191e-05 6.198722e-07
11084 5.704406e-05 6.194159e-07
11085 5.701622e-05 6.189599e-07
11086 5.698842e-05 6.185043e-07
11087 5.696063e-05 6.180490e-07
11088 5.693287e-05 6.175941e-07
11089 5.690514e-05 6.171394e-07
11090 5.687743e-05 6.166852e-07
11091 5.684974e-05 6.162312e-07
11092 5.682208e-05 6.157776e-07
11093 5.679444e-05 6.153243e-07
11094 5.676682e-05 6.148713e-07
11095 5.673923e-05 6.144187e-07
11096 5.671167e-05 6.139664e-07
11097 5.668413e-05 6.135145e-07
11098 5.665661e-05 6.130629e-07
11099 5.662911e-05 6.126116e-07
11100 5.660164e-05 6.121606e-07
11101 5.657420e-05 6.117100e-07
11102 5.654678e-05 6.112597e-07
11103 5.651938e-05 6.108098e-07
11104 5.649201e-05 6.103601e-07
11105 5.646466e-05 6.099108e-07
11106 5.643733e-05 6.094619e-07
11107 5.641003e-05 6.090132e-07
11108 5.638275e-05 6.085649e-07
11109 5.635550e-05 6.081170e-07
11110 5.632827e-05 6.076693e-07
11111 5.630106e-05 6.072220e-07
11112 5.627388e-05 6.067750e-07
11113 5.624672e-05 6.063284e-07
11114 5.621959e-05 6.058820e-07
11115 5.619248e-05 6.054360e-07
11116 5.616539e-05 6.049904e-07
11117 5.613833e-05 6.045450e-07
11118 5.611129e-05 6.041000e-07
11119 5.608428e-05 6.036553e-07
11120 5.605728e-05 6.032109e-07
11121 5.603032e-05 6.027669e-07
11122 5.600337e-05 6.023232e-07
11123 5.597645e-05 6.018798e-07
11124 5.594956e-05 6.014368e-07
11125 5.592268e-05 6.009940e-07
11126 5.589583e-05 6.005516e-07
11127 5.586901e-05 6.001096e-07
11128 5.584220e-05 5.996678e-07
11129 5.581543e-05 5.992264e-07
11130 5.578867e-05 5.987853e-07
11131 5.576194e-05 5.983445e-07
11132 5.573523e-05 5.979041e-07
11133 5.570855e-05 5.974639e-07
11134 5.568188e-05 5.970241e-07
11135 5.565525e-05 5.965846e-07
11136 5.562863e-05 5.961455e-07
11137 5.560204e-05 5.957067e-07
11138 5.557547e-05 5.952682e-07
11139 5.554893e-05 5.948300e-07
11140 5.552241e-05 5.943921e-07
11141 5.549591e-05 5.939546e-07
11142 5.546944e-05 5.935173e-07
11143 5.544299e-05 5.930804e-07
11144 5.541656e-05 5.926439e-07
11145 5.539016e-05 5.922076e-07
11146 5.536378e-05 5.917717e-07
11147 5.533742e-05 5.913361e-07
11148 5.531108e-05 5.909008e-07
11149 5.528477e-05 5.904658e-07
11150 5.525849e-05 5.900311e-07
11151 5.523222e-05 5.895968e-07
11152 5.520598e-05 5.891628e-07
11153 5.517976e-05 5.887291e-07
11154 5.515357e-05 5.882957e-07
11155 5.512739e-05 5.878627e-07
11156 5.510125e-05 5.874299e-07
11157 5.507512e-05 5.869975e-07
11158 5.504902e-05 5.865654e-07
11159 5.502294e-05 5.861336e-07
11160 5.499688e-05 5.857022e-07
11161 5.497085e-05 5.852710e-07
11162 5.494484e-05 5.848402e-07
11163 5.491885e-05 5.844097e-07
11164 5.489288e-05 5.839795e-07
11165 5.486694e-05 5.835496e-07
11166 5.484102e-05 5.831201e-07
11167 5.481513e-05 5.826908e-07
11168 5.478925e-05 5.822619e-07
11169 5.476340e-05 5.818333e-07
11170 5.473758e-05 5.814050e-07
11171 5.471177e-05 5.809770e-07
11172 5.468599e-05 5.805493e-07
11173 5.466023e-05 5.801220e-07
11174 5.463450e-05 5.796949e-07
11175 5.460878e-05 5.792682e-07
11176 5.458309e-05 5.788418e-07
11177 5.455742e-05 5.784157e-07
11178 5.453178e-05 5.779899e-07
11179 5.450616e-05 5.775645e-07
11180 5.448056e-05 5.771393e-07
11181 5.445498e-05 5.767145e-07
11182 5.442943e-05 5.762899e-07
11183 5.440389e-05 5.758657e-07
11184 5.437839e-05 5.754418e-07
11185 5.435290e-05 5.750182e-07
11186 5.432743e-05 5.745949e-07
11187 5.430199e-05 5.741720e-07
11188 5.427658e-05 5.737493e-07
11189 5.425118e-05 5.733270e-07
11190 5.422581e-05 5.729049e-07
11191 5.420045e-05 5.724832e-07
11192 5.417513e-05 5.720618e-07
11193 5.414982e-05 5.716407e-07
11194 5.412454e-05 5.712199e-07
11195 5.409927e-05 5.707994e-07
11196 5.407404e-05 5.703792e-07
11197 5.404882e-05 5.699594e-07
11198 5.402363e-05 5.695398e-07
11199 5.399845e-05 5.691206e-07
11200 5.397330e-05 5.687016e-07
11201 5.394818e-05 5.682830e-07
11202 5.392307e-05 5.678647e-07
11203 5.389799e-05 5.674467e-07
11204 5.387293e-05 5.670289e-07
11205 5.384789e-05 5.666116e-07
11206 5.382288e-05 5.661945e-07
11207 5.379788e-05 5.657777e-07
11208 5.377291e-05 5.653612e-07
11209 5.374796e-05 5.649450e-07
11210 5.372304e-05 5.645292e-07
11211 5.369813e-05 5.641136e-07
11212 5.367325e-05 5.636983e-07
11213 5.364839e-05 5.632834e-07
11214 5.362355e-05 5.628688e-07
11215 5.359874e-05 5.624544e-07
11216 5.357394e-05 5.620404e-07
11217 5.354917e-05 5.616267e-07
11218 5.352442e-05 5.612132e-07
11219 5.349969e-05 5.608001e-07
11220 5.347499e-05 5.603873e-07
11221 5.345030e-05 5.599748e-07
11222 5.342564e-05 5.595626e-07
11223 5.340100e-05 5.591507e-07
11224 5.337638e-05 5.587391e-07
11225 5.335179e-05 5.583278e-07
11226 5.332722e-05 5.579168e-07
11227 5.330266e-05 5.575061e-07
11228 5.327813e-05 5.570957e-07
11229 5.325363e-05 5.566856e-07
11230 5.322914e-05 5.562758e-07
11231 5.320467e-05 5.558663e-07
11232 5.318023e-05 5.554572e-07
11233 5.315581e-05 5.550483e-07
11234 5.313141e-05 5.546397e-07
11235 5.310703e-05 5.542314e-07
11236 5.308268e-05 5.538234e-07
11237 5.305834e-05 5.534158e-07
11238 5.303403e-05 5.530084e-07
11239 5.300974e-05 5.526013e-07
11240 5.298547e-05 5.521945e-07
11241 5.296123e-05 5.517880e-07
11242 5.293700e-05 5.513819e-07
11243 5.291280e-05 5.509760e-07
11244 5.288862e-05 5.505704e-07
11245 5.286446e-05 5.501651e-07
11246 5.284032e-05 5.497601e-07
11247 5.281620e-05 5.493554e-07
11248 5.279210e-05 5.489511e-07
11249 5.276803e-05 5.485470e-07
11250 5.274398e-05 5.481432e-07
11251 5.271995e-05 5.477397e-07
11252 5.269594e-05 5.473365e-07
11253 5.267195e-05 5.469336e-07
11254 5.264798e-05 5.465310e-07
11255 5.262404e-05 5.461286e-07
11256 5.260011e-05 5.457266e-07
11257 5.257621e-05 5.453249e-07
11258 5.255233e-05 5.449235e-07
11259 5.252847e-05 5.445224e-07
11260 5.250463e-05 5.441215e-07
11261 5.248081e-05 5.437210e-07
11262 5.245702e-05 5.433208e-07
11263 5.243324e-05 5.429208e-07
11264 5.240949e-05 5.425212e-07
11265 5.238576e-05 5.421218e-07
11266 5.236205e-05 5.417227e-07
11267 5.233836e-05 5.413240e-07
11268 5.231469e-05 5.409255e-07
11269 5.229105e-05 5.405273e-07
11270 5.226742e-05 5.401294e-07
11271 5.224382e-05 5.397318e-07
11272 5.222023e-05 5.393345e-07
11273 5.219667e-05 5.389375e-07
11274 5.217313e-05 5.385408e-07
11275 5.214961e-05 5.381443e-07
11276 5.212611e-05 5.377482e-07
11277 5.210264e-05 5.373524e-07
11278 5.207918e-05 5.369568e-07
11279 5.205574e-05 5.365615e-07
11280 5.203233e-05 5.361666e-07
11281 5.200894e-05 5.357719e-07
11282 5.198556e-05 5.353775e-07
11283 5.196221e-05 5.349834e-07
11284 5.193888e-05 5.345896e-07
11285 5.191557e-05 5.341961e-07
11286 5.189229e-05 5.338028e-07
11287 5.186902e-05 5.334099e-07
11288 5.184577e-05 5.330172e-07
11289 5.182255e-05 5.326249e-07
11290 5.179934e-05 5.322328e-07
11291 5.177616e-05 5.318410e-07
11292 5.175299e-05 5.314495e-07
11293 5.172985e-05 5.310583e-07
11294 5.170673e-05 5.306674e-07
11295 5.168363e-05 5.302767e-07
11296 5.166055e-05 5.298864e-07
11297 5.163749e-05 5.294963e-07
11298 5.161445e-05 5.291066e-07
11299 5.159144e-05 5.287171e-07
11300 5.156844e-05 5.283279e-07
11301 5.154546e-05 5.279390e-07
11302 5.152251e-05 5.275504e-07
11303 5.149957e-05 5.271620e-07
11304 5.147666e-05 5.267740e-07
11305 5.145377e-05 5.263862e-07
11306 5.143090e-05 5.259987e-07
11307 5.140804e-05 5.256115e-07
11308 5.138521e-05 5.252246e-07
11309 5.136240e-05 5.248380e-07
11310 5.133961e-05 5.244516e-07
11311 5.131684e-05 5.240656e-07
11312 5.129409e-05 5.236798e-07
11313 5.127136e-05 5.232943e-07
11314 5.124866e-05 5.229091e-07
11315 5.122597e-05 5.225242e-07
11316 5.120330e-05 5.221395e-07
11317 5.118065e-05 5.217552e-07
11318 5.115803e-05 5.213711e-07
11319 5.113542e-05 5.209873e-07
11320 5.111284e-05 5.206038e-07
11321 5.109027e-05 5.202206e-07
11322 5.106773e-05 5.198377e-07
11323 5.104520e-05 5.194550e-07
11324 5.102270e-05 5.190726e-07
11325 5.100022e-05 5.186905e-07
11326 5.097775e-05 5.183087e-07
11327 5.095531e-05 5.179272e-07
11328 5.093289e-05 5.175459e-07
11329 5.091049e-05 5.171649e-07
11330 5.088810e-05 5.167842e-07
11331 5.086574e-05 5.164038e-07
11332 5.084340e-05 5.160237e-07
11333 5.082108e-05 5.156438e-07
11334 5.079878e-05 5.152643e-07
11335 5.077650e-05 5.148850e-07
11336 5.075424e-05 5.145060e-07
11337 5.073200e-05 5.141272e-07
11338 5.070978e-05 5.137488e-07
11339 5.068758e-05 5.133706e-07
11340 5.066540e-05 5.129927e-07
11341 5.064324e-05 5.126151e-07
11342 5.062110e-05 5.122377e-07
11343 5.059898e-05 5.118606e-07
11344 5.057688e-05 5.114839e-07
11345 5.055480e-05 5.111073e-07
11346 5.053274e-05 5.107311e-07
11347 5.051070e-05 5.103551e-07
11348 5.048868e-05 5.099795e-07
11349 5.046668e-05 5.096041e-07
11350 5.044470e-05 5.092289e-07
11351 5.042274e-05 5.088541e-07
11352 5.040080e-05 5.084795e-07
11353 5.037888e-05 5.081052e-07
11354 5.035697e-05 5.077312e-07
11355 5.033509e-05 5.073574e-07
11356 5.031323e-05 5.069840e-07
11357 5.029139e-05 5.066108e-07
11358 5.026957e-05 5.062378e-07
11359 5.024777e-05 5.058652e-07
11360 5.022599e-05 5.054928e-07
11361 5.020423e-05 5.051207e-07
11362 5.018249e-05 5.047489e-07
11363 5.016076e-05 5.043773e-07
11364 5.013906e-05 5.040060e-07
11365 5.011738e-05 5.036350e-07
11366 5.009572e-05 5.032643e-07
11367 5.007407e-05 5.028938e-07
11368 5.005245e-05 5.025236e-07
11369 5.003085e-05 5.021537e-07
11370 5.000926e-05 5.017841e-07
11371 4.998770e-05 5.014147e-07
11372 4.996615e-05 5.010456e-07
11373 4.994463e-05 5.006768e-07
11374 4.992312e-05 5.003082e-07
11375 4.990164e-05 4.999399e-07
11376 4.988017e-05 4.995719e-07
11377 4.985872e-05 4.992042e-07
11378 4.983729e-05 4.988367e-07
11379 4.981589e-05 4.984695e-07
11380 4.979450e-05 4.981026e-07
11381 4.977313e-05 4.977359e-07
11382 4.975178e-05 4.973695e-07
11383 4.973045e-05 4.970034e-07
11384 4.970914e-05 4.966376e-07
11385 4.968785e-05 4.962720e-07
11386 4.966658e-05 4.959067e-07
11387 4.964532e-05 4.955416e-07
11388 4.962409e-05 4.951768e-07
11389 4.960288e-05 4.948123e-07
11390 4.958168e-05 4.944481e-07
11391 4.956051e-05 4.940841e-07
11392 4.953935e-05 4.937204e-07
11393 4.951821e-05 4.933570e-07
11394 4.949710e-05 4.929938e-07
11395 4.947600e-05 4.926309e-07
11396 4.945492e-05 4.922683e-07
11397 4.943386e-05 4.919059e-07
11398 4.941282e-05 4.915438e-07
11399 4.939180e-05 4.911820e-07
11400 4.937080e-05 4.908204e-07
11401 4.934982e-05 4.904591e-07
11402 4.932885e-05 4.900981e-07
11403 4.930791e-05 4.897373e-07
11404 4.928698e-05 4.893768e-07
11405 4.926608e-05 4.890166e-07
11406 4.924519e-05 4.886566e-07
11407 4.922432e-05 4.882969e-07
11408 4.920348e-05 4.879374e-07
11409 4.918265e-05 4.875782e-07
11410 4.916184e-05 4.872193e-07
11411 4.914104e-05 4.868607e-07
11412 4.912027e-05 4.865023e-07
11413 4.909952e-05 4.861442e-07
11414 4.907878e-05 4.857863e-07
11415 4.905807e-05 4.854287e-07
11416 4.903737e-05 4.850714e-07
11417 4.901669e-05 4.847143e-07
11418 4.899604e-05 4.843575e-07
11419 4.897540e-05 4.840010e-07
11420 4.895477e-05 4.836447e-07
11421 4.893417e-05 4.832887e-07
11422 4.891359e-05 4.829329e-07
11423 4.889303e-05 4.825774e-07
11424 4.887248e-05 4.822222e-07
11425 4.885195e-05 4.818672e-07
11426 4.883145e-05 4.815125e-07
11427 4.881096e-05 4.811580e-07
11428 4.879049e-05 4.808039e-07
11429 4.877004e-05 4.804499e-07
11430 4.874960e-05 4.800963e-07
11431 4.872919e-05 4.797429e-07
11432 4.870879e-05 4.793897e-07
11433 4.868842e-05 4.790368e-07
11434 4.866806e-05 4.786842e-07
11435 4.864772e-05 4.783318e-07
11436 4.862740e-05 4.779797e-07
11437 4.860710e-05 4.776279e-07
11438 4.858682e-05 4.772763e-07
11439 4.856655e-05 4.769249e-07
11440 4.854630e-05 4.765739e-07
11441 4.852608e-05 4.762231e-07
11442 4.850587e-05 4.758725e-07
11443 4.848568e-05 4.755222e-07
11444 4.846551e-05 4.751722e-07
11445 4.844535e-05 4.748224e-07
11446 4.842522e-05 4.744729e-07
11447 4.840510e-05 4.741236e-07
11448 4.838501e-05 4.737746e-07
11449 4.836493e-05 4.734258e-07
11450 4.834487e-05 4.730773e-07
11451 4.832482e-05 4.727291e-07
11452 4.830480e-05 4.723811e-07
11453 4.828480e-05 4.720334e-07
11454 4.826481e-05 4.716859e-07
11455 4.824484e-05 4.713387e-07
11456 4.822489e-05 4.709917e-07
11457 4.820496e-05 4.706450e-07
11458 4.818505e-05 4.702986e-07
11459 4.816515e-05 4.699524e-07
11460 4.814527e-05 4.696064e-07
11461 4.812542e-05 4.692608e-07
11462 4.810558e-05 4.689153e-07
11463 4.808575e-05 4.685701e-07
11464 4.806595e-05 4.682252e-07
11465 4.804616e-05 4.678806e-07
11466 4.802640e-05 4.675361e-07
11467 4.800665e-05 4.671920e-07
11468 4.798692e-05 4.668481e-07
11469 4.796721e-05 4.665044e-07
11470 4.794751e-05 4.661610e-07
11471 4.792784e-05 4.658179e-07
11472 4.790818e-05 4.654750e-07
11473 4.788854e-05 4.651323e-07
11474 4.786892e-05 4.647899e-07
11475 4.784931e-05 4.644478e-07
11476 4.782973e-05 4.641059e-07
11477 4.781016e-05 4.637643e-07
11478 4.779061e-05 4.634229e-07
11479 4.777108e-05 4.630818e-07
11480 4.775157e-05 4.627409e-07
11481 4.773207e-05 4.624002e-07
11482 4.771259e-05 4.620599e-07
11483 4.769313e-05 4.617197e-07
11484 4.767369e-05 4.613798e-07
11485 4.765427e-05 4.610402e-07
11486 4.763486e-05 4.607008e-07
11487 4.761548e-05 4.603617e-07
11488 4.759611e-05 4.600228e-07
11489 4.757676e-05 4.596842e-07
11490 4.755742e-05 4.593458e-07
11491 4.753811e-05 4.590077e-07
11492 4.751881e-05 4.586698e-07
11493 4.749953e-05 4.583322e-07
11494 4.748027e-05 4.579948e-07
11495 4.746102e-05 4.576576e-07
11496 4.744180e-05 4.573208e-07
11497 4.742259e-05 4.569841e-07
11498 4.740340e-05 4.566477e-07
11499 4.738422e-05 4.563116e-07
11500 4.736507e-05 4.559757e-07
11501 4.734593e-05 4.556400e-07
11502 4.732681e-05 4.553046e-07
11503 4.730771e-05 4.549695e-07
11504 4.728862e-05 4.546345e-07
11505 4.726956e-05 4.542999e-07
11506 4.725051e-05 4.539655e-07
11507 4.723147e-05 4.536313e-07
11508 4.721246e-05 4.532974e-07
11509 4.719346e-05 4.529637e-07
11510 4.717449e-05 4.526303e-07
11511 4.715552e-05 4.522971e-07
11512 4.713658e-05 4.519641e-07
11513 4.711766e-05 4.516314e-07
11514 4.709875e-05 4.512990e-07
11515 4.707986e-05 4.509668e-07
11516 4.706098e-05 4.506348e-07
11517 4.704213e-05 4.503031e-07
11518 4.702329e-05 4.499716e-07
11519 4.700447e-05 4.496404e-07
11520 4.698566e-05 4.493094e-07
11521 4.696688e-05 4.489786e-07
11522 4.694811e-05 4.486481e-07
11523 4.692936e-05 4.483179e-07
11524 4.691063e-05 4.479879e-07
11525 4.689191e-05 4.476581e-07
11526 4.687321e-05 4.473286e-07
11527 4.685453e-05 4.469993e-07
11528 4.683587e-05 4.466702e-07
11529 4.681722e-05 4.463414e-07
11530 4.679859e-05 4.460129e-07
11531 4.677998e-05 4.456846e-07
11532 4.676138e-05 4.453565e-07
11533 4.674281e-05 4.450286e-07
11534 4.672425e-05 4.447010e-07
11535 4.670570e-05 4.443737e-07
11536 4.668718e-05 4.440466e-07
11537 4.666867e-05 4.437197e-07
11538 4.665018e-05 4.433931e-07
11539 4.663170e-05 4.430667e-07
11540 4.661325e-05 4.427405e-07
11541 4.659481e-05 4.424146e-07
11542 4.657638e-05 4.420890e-07
11543 4.655798e-05 4.417635e-07
11544 4.653959e-05 4.414383e-07
11545 4.652122e-05 4.411134e-07
11546 4.650287e-05 4.407887e-07
11547 4.648453e-05 4.404642e-07
11548 4.646621e-05 4.401400e-07
11549 4.644791e-05 4.398160e-07
11550 4.642962e-05 4.394922e-07
11551 4.641135e-05 4.391687e-07
11552 4.639310e-05 4.388454e-07
11553 4.637487e-05 4.385224e-07
11554 4.635665e-05 4.381996e-07
11555 4.633845e-05 4.378770e-07
11556 4.632027e-05 4.375547e-07
11557 4.630210e-05 4.372326e-07
11558 4.628395e-05 4.369107e-07
11559 4.626582e-05 4.365891e-07
11560 4.624770e-05 4.362677e-07
11561 4.622960e-05 4.359466e-07
11562 4.621152e-05 4.356257e-07
11563 4.619346e-05 4.353050e-07
11564 4.617541e-05 4.349846e-07
11565 4.615738e-05 4.346644e-07
11566 4.613936e-05 4.343444e-07
11567 4.612137e-05 4.340247e-07
11568 4.610339e-05 4.337052e-07
11569 4.608542e-05 4.333859e-07
11570 4.606748e-05 4.330669e-07
11571 4.604955e-05 4.327481e-07
11572 4.603163e-05 4.324296e-07
11573 4.601374e-05 4.321113e-07
11574 4.599586e-05 4.317932e-07
11575 4.597799e-05 4.314753e-07
11576 4.596015e-05 4.311577e-07
11577 4.594232e-05 4.308403e-07
11578 4.592450e-05 4.305232e-07
11579 4.590671e-05 4.302063e-07
11580 4.588893e-05 4.298896e-07
11581 4.587116e-05 4.295731e-07
11582 4.585342e-05 4.292569e-07
11583 4.583569e-05 4.289409e-07
11584 4.581797e-05 4.286252e-07
11585 4.580028e-05 4.283097e-07
11586 4.578260e-05 4.279944e-07
11587 4.576493e-05 4.276793e-07
11588 4.574729e-05 4.273645e-07
11589 4.572966e-05 4.270499e-07
11590 4.571204e-05 4.267356e-07
11591 4.569444e-05 4.264214e-07
11592 4.567686e-05 4.261075e-07
11593 4.565930e-05 4.257939e-07
11594 4.564175e-05 4.254804e-07
11595 4.562422e-05 4.251672e-07
11596 4.560670e-05 4.248543e-07
11597 4.558920e-05 4.245415e-07
11598 4.557172e-05 4.242290e-07
11599 4.555426e-05 4.239167e-07
11600 4.553681e-05 4.236047e-07
11601 4.551937e-05 4.232928e-07
11602 4.550196e-05 4.229812e-07
11603 4.548456e-05 4.226699e-07
11604 4.546717e-05 4.223588e-07
11605 4.544981e-05 4.220478e-07
11606 4.543245e-05 4.217372e-07
11607 4.541512e-05 4.214267e-07
11608 4.539780e-05 4.211165e-07
11609 4.538050e-05 4.208065e-07
11610 4.536321e-05 4.204967e-07
11611 4.534594e-05 4.201872e-07
11612 4.532869e-05 4.198779e-07
11613 4.531145e-05 4.195688e-07
11614 4.529423e-05 4.192600e-07
11615 4.527702e-05 4.189513e-07
11616 4.525983e-05 4.186430e-07
11617 4.524266e-05 4.183348e-07
11618 4.522551e-05 4.180268e-07
11619 4.520836e-05 4.177191e-07
11620 4.519124e-05 4.174116e-07
11621 4.517413e-05 4.171044e-07
11622 4.515704e-05 4.167973e-07
11623 4.513996e-05 4.164905e-07
11624 4.512290e-05 4.161839e-07
11625 4.510586e-05 4.158776e-07
11626 4.508883e-05 4.155714e-07
11627 4.507182e-05 4.152655e-07
11628 4.505482e-05 4.149598e-07
11629 4.503784e-05 4.146544e-07
11630 4.502088e-05 4.143492e-07
11631 4.500393e-05 4.140441e-07
11632 4.498700e-05 4.137394e-07
11633 4.497009e-05 4.134348e-07
11634 4.495319e-05 4.131305e-07
11635 4.493630e-05 4.128263e-07
11636 4.491943e-05 4.125225e-07
11637 4.490258e-05 4.122188e-07
11638 4.488575e-05 4.119154e-07
11639 4.486893e-05 4.116121e-07
11640 4.485212e-05 4.113091e-07
11641 4.483533e-05 4.110064e-07
11642 4.481856e-05 4.107038e-07
11643 4.480180e-05 4.104015e-07
11644 4.478506e-05 4.100994e-07
11645 4.476834e-05 4.097975e-07
11646 4.475163e-05 4.094958e-07
11647 4.473493e-05 4.091944e-07
11648 4.471825e-05 4.088932e-07
11649 4.470159e-05 4.085922e-07
11650 4.468495e-05 4.082914e-07
11651 4.466832e-05 4.079909e-07
11652 4.465170e-05 4.076906e-07
11653 4.463510e-05 4.073904e-07
11654 4.461852e-05 4.070906e-07
11655 4.460195e-05 4.067909e-07
11656 4.458540e-05 4.064914e-07
11657 4.456886e-05 4.061922e-07
11658 4.455234e-05 4.058932e-07
11659 4.453583e-05 4.055944e-07
11660 4.451934e-05 4.052959e-07
11661 4.450287e-05 4.049975e-07
11662 4.448641e-05 4.046994e-07
11663 4.446997e-05 4.044015e-07
11664 4.445354e-05 4.041038e-07
11665 4.443713e-05 4.038063e-07
11666 4.442073e-05 4.035091e-07
11667 4.440435e-05 4.032121e-07
11668 4.438799e-05 4.029152e-07
11669 4.437164e-05 4.026186e-07
11670 4.435530e-05 4.023223e-07
11671 4.433898e-05 4.020261e-07
11672 4.432268e-05 4.017302e-07
11673 4.430639e-05 4.014345e-07
11674 4.429012e-05 4.011390e-07
11675 4.427386e-05 4.008437e-07
11676 4.425762e-05 4.005486e-07
11677 4.424139e-05 4.002538e-07
11678 4.422518e-05 3.999591e-07
11679 4.420899e-05 3.996647e-07
11680 4.419281e-05 3.993705e-07
11681 4.417664e-05 3.990765e-07
11682 4.416049e-05 3.987828e-07
11683 4.414436e-05 3.984892e-07
11684 4.412824e-05 3.981959e-07
11685 4.411214e-05 3.979027e-07
11686 4.409605e-05 3.976098e-07
11687 4.407998e-05 3.973172e-07
11688 4.406392e-05 3.970247e-07
11689 4.404788e-05 3.967324e-07
11690 4.403185e-05 3.964404e-07
11691 4.401584e-05 3.961486e-07
11692 4.399984e-05 3.958569e-07
11693 4.398386e-05 3.955656e-07
11694 4.396789e-05 3.952744e-07
11695 4.395194e-05 3.949834e-07
11696 4.393600e-05 3.946926e-07
11697 4.392008e-05 3.944021e-07
11698 4.390418e-05 3.941118e-07
11699 4.388829e-05 3.938217e-07
11700 4.387241e-05 3.935318e-07
11701 4.385655e-05 3.932421e-07
11702 4.384071e-05 3.929526e-07
11703 4.382488e-05 3.926634e-07
11704 4.380906e-05 3.923743e-07
11705 4.379326e-05 3.920855e-07
11706 4.377747e-05 3.917968e-07
11707 4.376170e-05 3.915084e-07
11708 4.374595e-05 3.912202e-07
11709 4.373021e-05 3.909323e-07
11710 4.371448e-05 3.906445e-07
11711 4.369877e-05 3.903569e-07
11712 4.368308e-05 3.900696e-07
11713 4.366740e-05 3.897824e-07
11714 4.365173e-05 3.894955e-07
11715 4.363608e-05 3.892088e-07
11716 4.362045e-05 3.889223e-07
11717 4.360483e-05 3.886360e-07
11718 4.358922e-05 3.883499e-07
11719 4.357363e-05 3.880641e-07
11720 4.355805e-05 3.877784e-07
11721 4.354249e-05 3.874929e-07
11722 4.352695e-05 3.872077e-07
11723 4.351142e-05 3.869227e-07
11724 4.349590e-05 3.866379e-07
11725 4.348040e-05 3.863532e-07
11726 4.346491e-05 3.860688e-07
11727 4.344944e-05 3.857846e-07
11728 4.343398e-05 3.855007e-07
11729 4.341854e-05 3.852169e-07
11730 4.340311e-05 3.849333e-07
11731 4.338770e-05 3.846500e-07
11732 4.337230e-05 3.843668e-07
11733 4.335691e-05 3.840839e-07
11734 4.334154e-05 3.838012e-07
11735 4.332619e-05 3.835186e-07
11736 4.331085e-05 3.832363e-07
11737 4.329552e-05 3.829542e-07
11738 4.328021e-05 3.826723e-07
11739 4.326492e-05 3.823906e-07
11740 4.324964e-05 3.821091e-07
11741 4.323437e-05 3.818279e-07
11742 4.321912e-05 3.815468e-07
11743 4.320388e-05 3.812659e-07
11744 4.318866e-05 3.809853e-07
11745 4.317345e-05 3.807048e-07
11746 4.315826e-05 3.804246e-07
11747 4.314308e-05 3.801445e-07
11748 4.312791e-05 3.798647e-07
11749 4.311276e-05 3.795851e-07
11750 4.309763e-05 3.793057e-07
11751 4.308250e-05 3.790264e-07
11752 4.306740e-05 3.787474e-07
11753 4.305230e-05 3.784686e-07
11754 4.303723e-05 3.781900e-07
11755 4.302216e-05 3.779116e-07
11756 4.300711e-05 3.776335e-07
11757 4.299208e-05 3.773555e-07
11758 4.297706e-05 3.770777e-07
11759 4.296205e-05 3.768001e-07
11760 4.294706e-05 3.765228e-07
11761 4.293209e-05 3.762456e-07
11762 4.291712e-05 3.759686e-07
11763 4.290217e-05 3.756919e-07
11764 4.288724e-05 3.754153e-07
11765 4.287232e-05 3.751390e-07
11766 4.285741e-05 3.748628e-07
11767 4.284252e-05 3.745869e-07
11768 4.282765e-05 3.743111e-07
11769 4.281278e-05 3.740356e-07
11770 4.279794e-05 3.737603e-07
11771 4.278310e-05 3.734851e-07
11772 4.276828e-05 3.732102e-07
11773 4.275348e-05 3.729355e-07
11774 4.273868e-05 3.726610e-07
11775 4.272391e-05 3.723866e-07
11776 4.270914e-05 3.721125e-07
11777 4.269440e-05 3.718386e-07
11778 4.267966e-05 3.715649e-07
11779 4.266494e-05 3.712914e-07
11780 4.265023e-05 3.710181e-07
11781 4.263554e-05 3.707449e-07
11782 4.262086e-05 3.704720e-07
11783 4.260620e-05 3.701993e-07
11784 4.259155e-05 3.699268e-07
11785 4.257691e-05 3.696545e-07
11786 4.256229e-05 3.693824e-07
11787 4.254768e-05 3.691105e-07
11788 4.253309e-05 3.688388e-07
11789 4.251851e-05 3.685673e-07
11790 4.250394e-05 3.682960e-07
11791 4.248939e-05 3.680248e-07
11792 4.247485e-05 3.677539e-07
11793 4.246033e-05 3.674832e-07
11794 4.244582e-05 3.672127e-07
11795 4.243133e-05 3.669424e-07
11796 4.241684e-05 3.666723e-07
11797 4.240238e-05 3.664024e-07
11798 4.238792e-05 3.661327e-07
11799 4.237348e-05 3.658631e-07
11800 4.235906e-05 3.655938e-07
11801 4.234464e-05 3.653247e-07
11802 4.233024e-05 3.650558e-07
11803 4.231586e-05 3.647871e-07
11804 4.230149e-05 3.645185e-07
11805 4.228713e-05 3.642502e-07
11806 4.227279e-05 3.639821e-07
11807 4.225846e-05 3.637141e-07
11808 4.224415e-05 3.634464e-07
11809 4.222984e-05 3.631789e-07
11810 4.221556e-05 3.629115e-07
11811 4.220128e-05 3.626444e-07
11812 4.218702e-05 3.623774e-07
11813 4.217278e-05 3.621107e-07
11814 4.215854e-05 3.618441e-07
11815 4.214432e-05 3.615778e-07
11816 4.213012e-05 3.613116e-07
11817 4.211593e-05 3.610456e-07
11818 4.210175e-05 3.607799e-07
11819 4.208758e-05 3.605143e-07
11820 4.207343e-05 3.602489e-07
11821 4.205930e-05 3.599837e-07
11822 4.204517e-05 3.597187e-07
11823 4.203106e-05 3.594539e-07
11824 4.201697e-05 3.591893e-07
11825 4.200289e-05 3.589249e-07
11826 4.198882e-05 3.586607e-07
11827 4.197476e-05 3.583967e-07
11828 4.196072e-05 3.581329e-07
11829 4.194669e-05 3.578693e-07
11830 4.193268e-05 3.576058e-07
11831 4.191868e-05 3.573426e-07
11832 4.190469e-05 3.570795e-07
11833 4.189072e-05 3.568167e-07
11834 4.187675e-05 3.565540e-07
11835 4.186281e-05 3.562916e-07
11836 4.184887e-05 3.560293e-07
11837 4.183495e-05 3.557672e-07
11838 4.182105e-05 3.555053e-07
11839 4.180716e-05 3.552436e-07
11840 4.179328e-05 3.549821e-07
11841 4.177941e-05 3.547208e-07
11842 4.176556e-05 3.544597e-07
11843 4.175172e-05 3.541988e-07
11844 4.173789e-05 3.539380e-07
11845 4.172408e-05 3.536775e-07
11846 4.171028e-05 3.534172e-07
11847 4.169649e-05 3.531570e-07
11848 4.168272e-05 3.528970e-07
11849 4.166896e-05 3.526373e-07
11850 4.165522e-05 3.523777e-07
11851 4.164148e-05 3.521183e-07
11852 4.162776e-05 3.518591e-07
11853 4.161406e-05 3.516001e-07
11854 4.160037e-05 3.513413e-07
11855 4.158669e-05 3.510826e-07
11856 4.157302e-05 3.508242e-07
11857 4.155937e-05 3.505659e-07
11858 4.154573e-05 3.503079e-07
11859 4.153210e-05 3.500500e-07
11860 4.151849e-05 3.497923e-07
11861 4.150489e-05 3.495349e-07
11862 4.149130e-05 3.492776e-07
11863 4.147773e-05 3.490204e-07
11864 4.146417e-05 3.487635e-07
11865 4.145062e-05 3.485068e-07
11866 4.143709e-05 3.482502e-07
11867 4.142357e-05 3.479939e-07
11868 4.141006e-05 3.477377e-07
11869 4.139656e-05 3.474818e-07
11870 4.138308e-05 3.472260e-07
11871 4.136961e-05 3.469704e-07
11872 4.135616e-05 3.467150e-07
11873 4.134271e-05 3.464597e-07
11874 4.132928e-05 3.462047e-07
11875 4.131587e-05 3.459499e-07
11876 4.130247e-05 3.456952e-07
11877 4.128907e-05 3.454407e-07
11878 4.127570e-05 3.451864e-07
11879 4.126233e-05 3.449323e-07
11880 4.124898e-05 3.446784e-07
11881 4.123564e-05 3.444247e-07
11882 4.122232e-05 3.441712e-07
11883 4.120901e-05 3.439178e-07
11884 4.119571e-05 3.436647e-07
11885 4.118242e-05 3.434117e-07
11886 4.116915e-05 3.431589e-07
11887 4.115589e-05 3.429063e-07
11888 4.114264e-05 3.426539e-07
11889 4.112940e-05 3.424016e-07
11890 4.111618e-05 3.421496e-07
11891 4.110297e-05 3.418977e-07
11892 4.108978e-05 3.416460e-07
11893 4.107659e-05 3.413945e-07
11894 4.106342e-05 3.411432e-07
11895 4.105026e-05 3.408921e-07
11896 4.103712e-05 3.406412e-07
11897 4.102399e-05 3.403904e-07
11898 4.101087e-05 3.401399e-07
11899 4.099776e-05 3.398895e-07
11900 4.098467e-05 3.396393e-07
11901 4.097158e-05 3.393893e-07
11902 4.095852e-05 3.391394e-07
11903 4.094546e-05 3.388898e-07
11904 4.093242e-05 3.386403e-07
11905 4.091939e-05 3.383911e-07
11906 4.090637e-05 3.381420e-07
11907 4.089337e-05 3.378930e-07
11908 4.088037e-05 3.376443e-07
11909 4.086739e-05 3.373958e-07
11910 4.085443e-05 3.371474e-07
11911 4.084147e-05 3.368992e-07
11912 4.082853e-05 3.366512e-07
11913 4.081560e-05 3.364034e-07
11914 4.080269e-05 3.361558e-07
11915 4.078978e-05 3.359083e-07
11916 4.077689e-05 3.356611e-07
11917 4.076401e-05 3.354140e-07
11918 4.075115e-05 3.351671e-07
11919 4.073829e-05 3.349204e-07
11920 4.072545e-05 3.346738e-07
11921 4.071262e-05 3.344275e-07
11922 4.069981e-05 3.341813e-07
11923 4.068701e-05 3.339353e-07
11924 4.067421e-05 3.336895e-07
11925 4.066144e-05 3.334438e-07
11926 4.064867e-05 3.331984e-07
11927 4.063592e-05 3.329531e-07
11928 4.062318e-05 3.327080e-07
11929 4.061045e-05 3.324631e-07
11930 4.059773e-05 3.322184e-07
11931 4.058503e-05 3.319738e-07
11932 4.057234e-05 3.317294e-07
11933 4.055966e-05 3.314852e-07
11934 4.054699e-05 3.312412e-07
11935 4.053434e-05 3.309974e-07
11936 4.052170e-05 3.307538e-07
11937 4.050907e-05 3.305103e-07
11938 4.049645e-05 3.302670e-07
11939 4.048385e-05 3.300239e-07
11940 4.047125e-05 3.297809e-07
11941 4.045867e-05 3.295382e-07
11942 4.044611e-05 3.292956e-07
11943 4.043355e-05 3.290532e-07
11944 4.042101e-05 3.288110e-07
11945 4.040848e-05 3.285689e-07
11946 4.039596e-05 3.283271e-07
11947 4.038345e-05 3.280854e-07
11948 4.037096e-05 3.278439e-07
11949 4.035848e-05 3.276025e-07
11950 4.034601e-05 3.273614e-07
11951 4.033355e-05 3.271204e-07
11952 4.032111e-05 3.268796e-07
11953 4.030867e-05 3.266390e-07
11954 4.029625e-05 3.263985e-07
11955 4.028384e-05 3.261583e-07
11956 4.027145e-05 3.259182e-07
11957 4.025906e-05 3.256783e-07
11958 4.024669e-05 3.254385e-07
11959 4.023433e-05 3.251990e-07
11960 4.022198e-05 3.249596e-07
11961 4.020965e-05 3.247204e-07
11962 4.019733e-05 3.244813e-07
11963 4.018501e-05 3.242425e-07
11964 4.017271e-05 3.240038e-07
11965 4.016043e-05 3.237653e-07
11966 4.014815e-05 3.235270e-07
11967 4.013589e-05 3.232888e-07
11968 4.012364e-05 3.230508e-07
11969 4.011140e-05 3.228130e-07
11970 4.009917e-05 3.225754e-07
11971 4.008696e-05 3.223380e-07
11972 4.007475e-05 3.221007e-07
11973 4.006256e-05 3.218636e-07
11974 4.005038e-05 3.216266e-07
11975 4.003821e-05 3.213899e-07
11976 4.002606e-05 3.211533e-07
11977 4.001392e-05 3.209169e-07
11978 4.000178e-05 3.206807e-07
11979 3.998967e-05 3.204446e-07
11980 3.997756e-05 3.202087e-07
11981 3.996546e-05 3.199730e-07
11982 3.995338e-05 3.197375e-07
11983 3.994131e-05 3.195021e-07
11984 3.992925e-05 3.192669e-07
11985 3.991720e-05 3.190319e-07
11986 3.990516e-05 3.187971e-07
11987 3.989314e-05 3.185624e-07
11988 3.988112e-05 3.183279e-07
11989 3.986912e-05 3.180936e-07
11990 3.985713e-05 3.178594e-07
11991 3.984516e-05 3.176254e-07
11992 3.983319e-05 3.173916e-07
11993 3.982124e-05 3.171580e-07
11994 3.980930e-05 3.169245e-07
11995 3.979737e-05 3.166912e-07
11996 3.978545e-05 3.164581e-07
11997 3.977354e-05 3.162251e-07
11998 3.976165e-05 3.159924e-07
11999 3.974976e-05 3.157598e-07
12000 3.973789e-05 3.155273e-07
12001 3.972603e-05 3.152951e-07
12002 3.971418e-05 3.150630e-07
12003 3.970235e-05 3.148310e-07
12004 3.969052e-05 3.145993e-07
12005 3.967871e-05 3.143677e-07
12006 3.966691e-05 3.141363e-07
12007 3.965512e-05 3.139051e-07
12008 3.964334e-05 3.136740e-07
12009 3.963157e-05 3.134431e-07
12010 3.961982e-05 3.132124e-07
12011 3.960807e-05 3.129818e-07
12012 3.959634e-05 3.127514e-07
12013 3.958462e-05 3.125212e-07
12014 3.957291e-05 3.122911e-07
12015 3.956121e-05 3.120612e-07
12016 3.954953e-05 3.118315e-07
12017 3.953785e-05 3.116020e-07
12018 3.952619e-05 3.113726e-07
12019 3.951454e-05 3.111434e-07
12020 3.950290e-05 3.109144e-07
12021 3.949127e-05 3.106855e-07
12022 3.947965e-05 3.104568e-07
12023 3.946805e-05 3.102283e-07
12024 3.945645e-05 3.099999e-07
12025 3.944487e-05 3.097717e-07
12026 3.943330e-05 3.095437e-07
12027 3.942174e-05 3.093158e-07
12028 3.941019e-05 3.090881e-07
12029 3.939866e-05 3.088606e-07
12030 3.938713e-05 3.086332e-07
12031 3.937562e-05 3.084060e-07
12032 3.936411e-05 3.081790e-07
12033 3.935262e-05 3.079522e-07
12034 3.934114e-05 3.077255e-07
12035 3.932968e-05 3.074990e-07
12036 3.931822e-05 3.072726e-07
12037 3.930677e-05 3.070464e-07
12038 3.929534e-05 3.068204e-07
12039 3.928391e-05 3.065945e-07
12040 3.927250e-05 3.063688e-07
12041 3.926110e-05 3.061433e-07
12042 3.924971e-05 3.059180e-07
12043 3.923833e-05 3.056928e-07
12044 3.922697e-05 3.054677e-07
12045 3.921561e-05 3.052429e-07
12046 3.920427e-05 3.050182e-07
12047 3.919293e-05 3.047937e-07
12048 3.918161e-05 3.045693e-07
12049 3.917030e-05 3.043451e-07
12050 3.915900e-05 3.041211e-07
12051 3.914771e-05 3.038972e-07
12052 3.913644e-05 3.036735e-07
12053 3.912517e-05 3.034500e-07
12054 3.911391e-05 3.032266e-07
12055 3.910267e-05 3.030034e-07
12056 3.909144e-05 3.027803e-07
12057 3.908022e-05 3.025574e-07
12058 3.906901e-05 3.023347e-07
12059 3.905781e-05 3.021122e-07
12060 3.904662e-05 3.018898e-07
12061 3.903544e-05 3.016676e-07
12062 3.902428e-05 3.014455e-07
12063 3.901312e-05 3.012236e-07
12064 3.900198e-05 3.010019e-07
12065 3.899084e-05 3.007803e-07
12066 3.897972e-05 3.005589e-07
12067 3.896861e-05 3.003376e-07
12068 3.895751e-05 3.001165e-07
12069 3.894642e-05 2.998956e-07
12070 3.893534e-05 2.996749e-07
12071 3.892428e-05 2.994543e-07
12072 3.891322e-05 2.992338e-07
12073 3.890218e-05 2.990136e-07
12074 3.889114e-05 2.987935e-07
12075 3.888012e-05 2.985735e-07
12076 3.886911e-05 2.983537e-07
12077 3.885811e-05 2.981341e-07
12078 3.884712e-05 2.979146e-07
12079 3.883614e-05 2.976953e-07
12080 3.882517e-05 2.974762e-07
12081 3.881421e-05 2.972572e-07
12082 3.880326e-05 2.970384e-07
12083 3.879233e-05 2.968197e-07
12084 3.878140e-05 2.966013e-07
12085 3.877049e-05 2.963829e-07
12086 3.875959e-05 2.961647e-07
12087 3.874869e-05 2.959467e-07
12088 3.873781e-05 2.957289e-07
12089 3.872694e-05 2.955112e-07
12090 3.871608e-05 2.952937e-07
12091 3.870523e-05 2.950763e-07
12092 3.869439e-05 2.948591e-07
12093 3.868357e-05 2.946420e-07
12094 3.867275e-05 2.944251e-07
12095 3.866194e-05 2.942084e-07
12096 3.865115e-05 2.939918e-07
12097 3.864036e-05 2.937754e-07
12098 3.862959e-05 2.935592e-07
12099 3.861883e-05 2.933431e-07
12100 3.860807e-05 2.931271e-07
12101 3.859733e-05 2.929114e-07
12102 3.858660e-05 2.926957e-07
12103 3.857588e-05 2.924803e-07
12104 3.856517e-05 2.922650e-07
12105 3.855447e-05 2.920498e-07
12106 3.854378e-05 2.918349e-07
12107 3.853310e-05 2.916200e-07
12108 3.852244e-05 2.914054e-07
12109 3.851178e-05 2.911909e-07
12110 3.850113e-05 2.909765e-07
12111 3.849050e-05 2.907623e-07
12112 3.847987e-05 2.905483e-07
12113 3.846926e-05 2.903344e-07
12114 3.845866e-05 2.901207e-07
12115 3.844806e-05 2.899071e-07
12116 3.843748e-05 2.896937e-07
12117 3.842691e-05 2.894805e-07
12118 3.841635e-05 2.892674e-07
12119 3.840580e-05 2.890544e-07
12120 3.839526e-05 2.888417e-07
12121 3.838473e-05 2.886290e-07
12122 3.837421e-05 2.884166e-07
12123 3.836370e-05 2.882043e-07
12124 3.835320e-05 2.879921e-07
12125 3.834271e-05 2.877801e-07
12126 3.833223e-05 2.875683e-07
12127 3.832177e-05 2.873566e-07
12128 3.831131e-05 2.871451e-07
12129 3.830086e-05 2.869337e-07
12130 3.829043e-05 2.867225e-07
12131 3.828000e-05 2.865114e-07
12132 3.826959e-05 2.863005e-07
12133 3.825918e-05 2.860898e-07
12134 3.824879e-05 2.858792e-07
12135 3.823840e-05 2.856687e-07
12136 3.822803e-05 2.854584e-07
12137 3.821767e-05 2.852483e-07
12138 3.820731e-05 2.850383e-07
12139 3.819697e-05 2.848285e-07
12140 3.818664e-05 2.846188e-07
12141 3.817632e-05 2.844093e-07
12142 3.816600e-05 2.842000e-07
12143 3.815570e-05 2.839908e-07
12144 3.814541e-05 2.837817e-07
12145 3.813513e-05 2.835728e-07
12146 3.812486e-05 2.833641e-07
12147 3.811460e-05 2.831555e-07
12148 3.810435e-05 2.829471e-07
12149 3.809411e-05 2.827388e-07
12150 3.808388e-05 2.825306e-07
12151 3.807366e-05 2.823227e-07
12152 3.806345e-05 2.821148e-07
12153 3.805325e-05 2.819072e-07
12154 3.804306e-05 2.816997e-07
12155 3.803289e-05 2.814923e-07
12156 3.802272e-05 2.812851e-07
12157 3.801256e-05 2.810780e-07
12158 3.800241e-05 2.808711e-07
12159 3.799227e-05 2.806644e-07
12160 3.798214e-05 2.804578e-07
12161 3.797203e-05 2.802513e-07
12162 3.796192e-05 2.800450e-07
12163 3.795182e-05 2.798389e-07
12164 3.794173e-05 2.796329e-07
12165 3.793166e-05 2.794270e-07
12166 3.792159e-05 2.792213e-07
12167 3.791153e-05 2.790158e-07
12168 3.790149e-05 2.788104e-07
12169 3.789145e-05 2.786052e-07
12170 3.788142e-05 2.784001e-07
12171 3.787140e-05 2.781952e-07
12172 3.786140e-05 2.779904e-07
12173 3.785140e-05 2.777857e-07
12174 3.784141e-05 2.775813e-07
12175 3.783144e-05 2.773769e-07
12176 3.782147e-05 2.771727e-07
12177 3.781151e-05 2.769687e-07
12178 3.780157e-05 2.767648e-07
12179 3.779163e-05 2.765611e-07
12180 3.778170e-05 2.763575e-07
12181 3.777178e-05 2.761541e-07
12182 3.776188e-05 2.759508e-07
12183 3.775198e-05 2.757477e-07
12184 3.774209e-05 2.755447e-07
12185 3.773222e-05 2.753419e-07
12186 3.772235e-05 2.751392e-07
12187 3.771249e-05 2.749366e-07
12188 3.770264e-05 2.747342e-07
12189 3.769280e-05 2.745320e-07
12190 3.768298e-05 2.743299e-07
12191 3.767316e-05 2.741280e-07
12192 3.766335e-05 2.739262e-07
12193 3.765355e-05 2.737246e-07
12194 3.764376e-05 2.735231e-07
12195 3.763398e-05 2.733217e-07
12196 3.762421e-05 2.731205e-07
12197 3.761446e-05 2.729195e-07
12198 3.760471e-05 2.727186e-07
12199 3.759497e-05 2.725178e-07
12200 3.758524e-05 2.723172e-07
12201 3.757552e-05 2.721168e-07
12202 3.756581e-05 2.719164e-07
12203 3.755610e-05 2.717163e-07
12204 3.754641e-05 2.715163e-07
12205 3.753673e-05 2.713164e-07
12206 3.752706e-05 2.711167e-07
12207 3.751740e-05 2.709171e-07
12208 3.750775e-05 2.707177e-07
12209 3.749810e-05 2.705184e-07
12210 3.748847e-05 2.703193e-07
12211 3.747885e-05 2.701203e-07
12212 3.746924e-05 2.699214e-07
12213 3.745963e-05 2.697227e-07
12214 3.745004e-05 2.695242e-07
12215 3.744045e-05 2.693258e-07
12216 3.743088e-05 2.691275e-07
12217 3.742131e-05 2.689294e-07
12218 3.741176e-05 2.687315e-07
12219 3.740221e-05 2.685336e-07
12220 3.739267e-05 2.683360e-07
12221 3.738315e-05 2.681384e-07
12222 3.737363e-05 2.679411e-07
12223 3.736412e-05 2.677438e-07
12224 3.735462e-05 2.675467e-07
12225 3.734514e-05 2.673498e-07
12226 3.733566e-05 2.671530e-07
12227 3.732619e-05 2.669563e-07
12228 3.731673e-05 2.667598e-07
12229 3.730728e-05 2.665635e-07
12230 3.729784e-05 2.663672e-07
12231 3.728840e-05 2.661712e-07
12232 3.727898e-05 2.659752e-07
12233 3.726957e-05 2.657794e-07
12234 3.726017e-05 2.655838e-07
12235 3.725077e-05 2.653883e-07
12236 3.724139e-05 2.651929e-07
12237 3.723201e-05 2.649977e-07
12238 3.722265e-05 2.648027e-07
12239 3.721329e-05 2.646077e-07
12240 3.720395e-05 2.644129e-07
12241 3.719461e-05 2.642183e-07
12242 3.718528e-05 2.640238e-07
12243 3.717596e-05 2.638295e-07
12244 3.716665e-05 2.636352e-07
12245 3.715735e-05 2.634412e-07
12246 3.714806e-05 2.632473e-07
12247 3.713878e-05 2.630535e-07
12248 3.712951e-05 2.628598e-07
12249 3.712025e-05 2.626663e-07
12250 3.711100e-05 2.624730e-07
12251 3.710175e-05 2.622798e-07
12252 3.709252e-05 2.620867e-07
12253 3.708329e-05 2.618938e-07
12254 3.707408e-05 2.617010e-07
12255 3.706487e-05 2.615084e-07
12256 3.705568e-05 2.613159e-07
12257 3.704649e-05 2.611235e-07
12258 3.703731e-05 2.609313e-07
12259 3.702814e-05 2.607392e-07
12260 3.701898e-05 2.605473e-07
12261 3.700983e-05 2.603555e-07
12262 3.700069e-05 2.601638e-07
12263 3.699155e-05 2.599723e-07
12264 3.698243e-05 2.597809e-07
12265 3.697332e-05 2.595897e-07
12266 3.696421e-05 2.593986e-07
12267 3.695512e-05 2.592077e-07
12268 3.694603e-05 2.590169e-07
12269 3.693695e-05 2.588262e-07
12270 3.692789e-05 2.586357e-07
12271 3.691883e-05 2.584453e-07
12272 3.690978e-05 2.582550e-07
12273 3.690074e-05 2.580649e-07
12274 3.689170e-05 2.578750e-07
12275 3.688268e-05 2.576851e-07
12276 3.687367e-05 2.574955e-07
12277 3.686466e-05 2.573059e-07
12278 3.685567e-05 2.571165e-07
12279 3.684668e-05 2.569272e-07
12280 3.683771e-05 2.567381e-07
12281 3.682874e-05 2.565491e-07
12282 3.681978e-05 2.563603e-07
12283 3.681083e-05 2.561716e-07
12284 3.680189e-05 2.559830e-07
12285 3.679296e-05 2.557945e-07
12286 3.678403e-05 2.556063e-07
12287 3.677512e-05 2.554181e-07
12288 3.676622e-05 2.552301e-07
12289 3.675732e-05 2.550422e-07
12290 3.674843e-05 2.548545e-07
12291 3.673955e-05 2.546669e-07
12292 3.673069e-05 2.544794e-07
12293 3.672183e-05 2.542921e-07
12294 3.671298e-05 2.541049e-07
12295 3.670413e-05 2.539178e-07
12296 3.669530e-05 2.537309e-07
12297 3.668648e-05 2.535441e-07
12298 3.667766e-05 2.533575e-07
12299 3.666885e-05 2.531710e-07
12300 3.666006e-05 2.529846e-07
12301 3.665127e-05 2.527984e-07
12302 3.664249e-05 2.526123e-07
12303 3.663372e-05 2.524264e-07
12304 3.662496e-05 2.522406e-07
12305 3.661620e-05 2.520549e-07
12306 3.660746e-05 2.518693e-07
12307 3.659872e-05 2.516839e-07
12308 3.659000e-05 2.514987e-07
12309 3.658128e-05 2.513135e-07
12310 3.657257e-05 2.511285e-07
12311 3.656387e-05 2.509437e-07
12312 3.655518e-05 2.507589e-07
12313 3.654650e-05 2.505744e-07
12314 3.653782e-05 2.503899e-07
12315 3.652916e-05 2.502056e-07
12316 3.652050e-05 2.500214e-07
12317 3.651185e-05 2.498374e-07
12318 3.650322e-05 2.496535e-07
12319 3.649459e-05 2.494697e-07
12320 3.648597e-05 2.492860e-07
12321 3.647735e-05 2.491025e-07
12322 3.646875e-05 2.489192e-07
12323 3.646015e-05 2.487359e-07
12324 3.645157e-05 2.485528e-07
12325 3.644299e-05 2.483699e-07
12326 3.643442e-05 2.481870e-07
12327 3.642586e-05 2.480043e-07
12328 3.641731e-05 2.478218e-07
12329 3.640877e-05 2.476394e-07
12330 3.640023e-05 2.474571e-07
12331 3.639171e-05 2.472749e-07
12332 3.638319e-05 2.470929e-07
12333 3.637468e-05 2.469110e-07
12334 3.636618e-05 2.467292e-07
12335 3.635769e-05 2.465476e-07
12336 3.634921e-05 2.463661e-07
12337 3.634073e-05 2.461848e-07
12338 3.633227e-05 2.460036e-07
12339 3.632381e-05 2.458225e-07
12340 3.631536e-05 2.456415e-07
12341 3.630692e-05 2.454607e-07
12342 3.629849e-05 2.452800e-07
12343 3.629007e-05 2.450994e-07
12344 3.628166e-05 2.449190e-07
12345 3.627325e-05 2.447387e-07
12346 3.626485e-05 2.445586e-07
12347 3.625647e-05 2.443786e-07
12348 3.624809e-05 2.441987e-07
12349 3.623971e-05 2.440189e-07
12350 3.623135e-05 2.438393e-07
12351 3.622300e-05 2.436598e-07
12352 3.621465e-05 2.434804e-07
12353 3.620631e-05 2.433012e-07
12354 3.619798e-05 2.431221e-07
12355 3.618966e-05 2.429431e-07
12356 3.618135e-05 2.427643e-07
12357 3.617305e-05 2.425856e-07
12358 3.616475e-05 2.424070e-07
12359 3.615647e-05 2.422286e-07
12360 3.614819e-05 2.420503e-07
12361 3.613992e-05 2.418721e-07
12362 3.613166e-05 2.416940e-07
12363 3.612340e-05 2.415161e-07
12364 3.611516e-05 2.413383e-07
12365 3.610692e-05 2.411607e-07
12366 3.609869e-05 2.409832e-07
12367 3.609047e-05 2.408058e-07
12368 3.608226e-05 2.406285e-07
12369 3.607406e-05 2.404514e-07
12370 3.606586e-05 2.402744e-07
12371 3.605768e-05 2.400975e-07
12372 3.604950e-05 2.399208e-07
12373 3.604133e-05 2.397442e-07
12374 3.603317e-05 2.395677e-07
12375 3.602501e-05 2.393913e-07
12376 3.601687e-05 2.392151e-07
12377 3.600873e-05 2.390390e-07
12378 3.600060e-05 2.388631e-07
12379 3.599248e-05 2.386872e-07
12380 3.598437e-05 2.385115e-07
12381 3.597627e-05 2.383360e-07
12382 3.596817e-05 2.381605e-07
12383 3.596009e-05 2.379852e-07
12384 3.595201e-05 2.378100e-07
12385 3.594394e-05 2.376350e-07
12386 3.593587e-05 2.374600e-07
12387 3.592782e-05 2.372852e-07
12388 3.591977e-05 2.371106e-07
12389 3.591173e-05 2.369360e-07
12390 3.590370e-05 2.367616e-07
12391 3.589568e-05 2.365873e-07
12392 3.588767e-05 2.364132e-07
12393 3.587966e-05 2.362391e-07
12394 3.587167e-05 2.360652e-07
12395 3.586368e-05 2.358915e-07
12396 3.585570e-05 2.357178e-07
12397 3.584772e-05 2.355443e-07
12398 3.583976e-05 2.353709e-07
12399 3.583180e-05 2.351977e-07
12400 3.582385e-05 2.350245e-07
12401 3.581591e-05 2.348515e-07
12402 3.580798e-05 2.346786e-07
12403 3.580006e-05 2.345059e-07
12404 3.579214e-05 2.343333e-07
12405 3.578423e-05 2.341608e-07
12406 3.577633e-05 2.339884e-07
12407 3.576844e-05 2.338162e-07
12408 3.576055e-05 2.336440e-07
12409 3.575268e-05 2.334721e-07
12410 3.574481e-05 2.333002e-07
12411 3.573695e-05 2.331285e-07
12412 3.572910e-05 2.329568e-07
12413 3.572125e-05 2.327854e-07
12414 3.571342e-05 2.326140e-07
12415 3.570559e-05 2.324428e-07
12416 3.569777e-05 2.322717e-07
12417 3.568996e-05 2.321007e-07
12418 3.568215e-05 2.319298e-07
12419 3.567436e-05 2.317591e-07
12420 3.566657e-05 2.315885e-07
12421 3.565879e-05 2.314180e-07
12422 3.565102e-05 2.312477e-07
12423 3.564325e-05 2.310775e-07
12424 3.563549e-05 2.309074e-07
12425 3.562775e-05 2.307374e-07
12426 3.562000e-05 2.305675e-07
12427 3.561227e-05 2.303978e-07
12428 3.560455e-05 2.302282e-07
12429 3.559683e-05 2.300587e-07
12430 3.558912e-05 2.298894e-07
12431 3.558142e-05 2.297202e-07
12432 3.557373e-05 2.295511e-07
12433 3.556604e-05 2.293821e-07
12434 3.555836e-05 2.292132e-07
12435 3.555069e-05 2.290445e-07
12436 3.554303e-05 2.288759e-07
12437 3.553537e-05 2.287074e-07
12438 3.552773e-05 2.285391e-07
12439 3.552009e-05 2.283708e-07
12440 3.551246e-05 2.282027e-07
12441 3.550483e-05 2.280347e-07
12442 3.549722e-05 2.278669e-07
12443 3.548961e-05 2.276991e-07
12444 3.548201e-05 2.275315e-07
12445 3.547442e-05 2.273640e-07
12446 3.546683e-05 2.271967e-07
12447 3.545926e-05 2.270294e-07
12448 3.545169e-05 2.268623e-07
12449 3.544413e-05 2.266953e-07
12450 3.543657e-05 2.265284e-07
12451 3.542903e-05 2.263617e-07
12452 3.542149e-05 2.261951e-07
12453 3.541396e-05 2.260285e-07
12454 3.540643e-05 2.258622e-07
12455 3.539892e-05 2.256959e-07
12456 3.539141e-05 2.255298e-07
12457 3.538391e-05 2.253637e-07
12458 3.537642e-05 2.251979e-07
12459 3.536894e-05 2.250321e-07
12460 3.536146e-05 2.248664e-07
12461 3.535399e-05 2.247009e-07
12462 3.534653e-05 2.245355e-07
12463 3.533907e-05 2.243702e-07
12464 3.533163e-05 2.242051e-07
12465 3.532419e-05 2.240400e-07
12466 3.531676e-05 2.238751e-07
12467 3.530933e-05 2.237103e-07
12468 3.530192e-05 2.235456e-07
12469 3.529451e-05 2.233811e-07
12470 3.528711e-05 2.232166e-07
12471 3.527971e-05 2.230523e-07
12472 3.527233e-05 2.228881e-07
12473 3.526495e-05 2.227240e-07
12474 3.525758e-05 2.225601e-07
12475 3.525022e-05 2.223963e-07
12476 3.524286e-05 2.222326e-07
12477 3.523551e-05 2.220690e-07
12478 3.522817e-05 2.219055e-07
12479 3.522084e-05 2.217421e-07
12480 3.521351e-05 2.215789e-07
12481 3.520619e-05 2.214158e-07
12482 3.519888e-05 2.212528e-07
12483 3.519158e-05 2.210900e-07
12484 3.518428e-05 2.209272e-07
12485 3.517700e-05 2.207646e-07
12486 3.516971e-05 2.206021e-07
12487 3.516244e-05 2.204397e-07
12488 3.515517e-05 2.202774e-07
12489 3.514792e-05 2.201153e-07
12490 3.514066e-05 2.199532e-07
12491 3.513342e-05 2.197913e-07
12492 3.512618e-05 2.196295e-07
12493 3.511896e-05 2.194679e-07
12494 3.511173e-05 2.193063e-07
12495 3.510452e-05 2.191449e-07
12496 3.509731e-05 2.189835e-07
12497 3.509011e-05 2.188224e-07
12498 3.508292e-05 2.186613e-07
12499 3.507574e-05 2.185003e-07
12500 3.506856e-05 2.183395e-07
12501 3.506139e-05 2.181787e-07
12502 3.505423e-05 2.180181e-07
12503 3.504707e-05 2.178577e-07
12504 3.503992e-05 2.176973e-07
12505 3.503278e-05 2.175370e-07
12506 3.502565e-05 2.173769e-07
12507 3.501852e-05 2.172169e-07
12508 3.501140e-05 2.170570e-07
12509 3.500429e-05 2.168972e-07
12510 3.499719e-05 2.167375e-07
12511 3.499009e-05 2.165780e-07
12512 3.498300e-05 2.164186e-07
12513 3.497592e-05 2.162593e-07
12514 3.496884e-05 2.161001e-07
12515 3.496177e-05 2.159410e-07
12516 3.495471e-05 2.157820e-07
12517 3.494766e-05 2.156232e-07
12518 3.494061e-05 2.154645e-07
12519 3.493357e-05 2.153059e-07
12520 3.492654e-05 2.151474e-07
12521 3.491952e-05 2.149890e-07
12522 3.491250e-05 2.148307e-07
12523 3.490549e-05 2.146726e-07
12524 3.489849e-05 2.145146e-07
12525 3.489149e-05 2.143567e-07
12526 3.488450e-05 2.141989e-07
12527 3.487752e-05 2.140412e-07
12528 3.487054e-05 2.138836e-07
12529 3.486358e-05 2.137262e-07
12530 3.485662e-05 2.135689e-07
12531 3.484966e-05 2.134117e-07
12532 3.484272e-05 2.132546e-07
12533 3.483578e-05 2.130976e-07
12534 3.482885e-05 2.129407e-07
12535 3.482192e-05 2.127840e-07
12536 3.481500e-05 2.126273e-07
12537 3.480809e-05 2.124708e-07
12538 3.480119e-05 2.123144e-07
12539 3.479429e-05 2.121581e-07
12540 3.478740e-05 2.120020e-07
12541 3.478052e-05 2.118459e-07
12542 3.477365e-05 2.116900e-07
12543 3.476678e-05 2.115341e-07
12544 3.475992e-05 2.113784e-07
12545 3.475306e-05 2.112228e-07
12546 3.474622e-05 2.110673e-07
12547 3.473938e-05 2.109120e-07
12548 3.473254e-05 2.107567e-07
12549 3.472572e-05 2.106016e-07
12550 3.471890e-05 2.104465e-07
12551 3.471209e-05 2.102916e-07
12552 3.470528e-05 2.101368e-07
12553 3.469848e-05 2.099821e-07
12554 3.469169e-05 2.098276e-07
12555 3.468491e-05 2.096731e-07
12556 3.467813e-05 2.095188e-07
12557 3.467136e-05 2.093645e-07
12558 3.466460e-05 2.092104e-07
12559 3.465784e-05 2.090564e-07
12560 3.465109e-05 2.089025e-07
12561 3.464435e-05 2.087487e-07
12562 3.463761e-05 2.085951e-07
12563 3.463088e-05 2.084415e-07
12564 3.462416e-05 2.082881e-07
12565 3.461745e-05 2.081348e-07
12566 3.461074e-05 2.079816e-07
12567 3.460404e-05 2.078285e-07
12568 3.459734e-05 2.076755e-07
12569 3.459065e-05 2.075226e-07
12570 3.458397e-05 2.073698e-07
12571 3.457730e-05 2.072172e-07
12572 3.457063e-05 2.070647e-07
12573 3.456397e-05 2.069122e-07
12574 3.455732e-05 2.067599e-07
12575 3.455067e-05 2.066077e-07
12576 3.454403e-05 2.064556e-07
12577 3.453740e-05 2.063037e-07
12578 3.453077e-05 2.061518e-07
12579 3.452416e-05 2.060000e-07
12580 3.451754e-05 2.058484e-07
12581 3.451094e-05 2.056969e-07
12582 3.450434e-05 2.055455e-07
12583 3.449775e-05 2.053941e-07
12584 3.449116e-05 2.052430e-07
12585 3.448458e-05 2.050919e-07
12586 3.447801e-05 2.049409e-07
12587 3.447145e-05 2.047900e-07
12588 3.446489e-05 2.046393e-07
12589 3.445834e-05 2.044886e-07
12590 3.445179e-05 2.043381e-07
12591 3.444525e-05 2.041877e-07
12592 3.443872e-05 2.040374e-07
12593 3.443220e-05 2.038872e-07
12594 3.442568e-05 2.037371e-07
12595 3.441917e-05 2.035871e-07
12596 3.441266e-05 2.034373e-07
12597 3.440616e-05 2.032875e-07
12598 3.439967e-05 2.031379e-07
12599 3.439319e-05 2.029883e-07
12600 3.438671e-05 2.028389e-07
12601 3.438024e-05 2.026896e-07
12602 3.437377e-05 2.025404e-07
12603 3.436732e-05 2.023913e-07
12604 3.436086e-05 2.022423e-07
12605 3.435442e-05 2.020935e-07
12606 3.434798e-05 2.019447e-07
12607 3.434155e-05 2.017960e-07
12608 3.433512e-05 2.016475e-07
12609 3.432871e-05 2.014991e-07
12610 3.432229e-05 2.013507e-07
12611 3.431589e-05 2.012025e-07
12612 3.430949e-05 2.010544e-07
12613 3.430310e-05 2.009064e-07
12614 3.429671e-05 2.007585e-07
12615 3.429033e-05 2.006107e-07
12616 3.428396e-05 2.004631e-07
12617 3.427760e-05 2.003155e-07
12618 3.427124e-05 2.001680e-07
12619 3.426488e-05 2.000207e-07
12620 3.425854e-05 1.998735e-07
12621 3.425220e-05 1.997263e-07
12622 3.424586e-05 1.995793e-07
12623 3.423954e-05 1.994324e-07
12624 3.423322e-05 1.992856e-07
12625 3.422690e-05 1.991389e-07
12626 3.422060e-05 1.989923e-07
12627 3.421430e-05 1.988458e-07
12628 3.420800e-05 1.986994e-07
12629 3.420171e-05 1.985532e-07
12630 3.419543e-05 1.984070e-07
12631 3.418916e-05 1.982610e-07
12632 3.418289e-05 1.981150e-07
12633 3.417663e-05 1.979692e-07
12634 3.417037e-05 1.978235e-07
12635 3.416412e-05 1.976778e-07
12636 3.415788e-05 1.975323e-07
12637 3.415164e-05 1.973869e-07
12638 3.414541e-05 1.972416e-07
12639 3.413919e-05 1.970964e-07
12640 3.413297e-05 1.969513e-07
12641 3.412676e-05 1.968064e-07
12642 3.412056e-05 1.966615e-07
12643 3.411436e-05 1.965167e-07
12644 3.410817e-05 1.963721e-07
12645 3.410198e-05 1.962275e-07
12646 3.409580e-05 1.960831e-07
12647 3.408963e-05 1.959387e-07
12648 3.408347e-05 1.957945e-07
12649 3.407731e-05 1.956504e-07
12650 3.407115e-05 1.955063e-07
12651 3.406500e-05 1.953624e-07
12652 3.405886e-05 1.952186e-07
12653 3.405273e-05 1.950749e-07
12654 3.404660e-05 1.949313e-07
12655 3.404048e-05 1.947878e-07
12656 3.403436e-05 1.946444e-07
12657 3.402825e-05 1.945011e-07
12658 3.402215e-05 1.943580e-07
12659 3.401605e-05 1.942149e-07
12660 3.400996e-05 1.940719e-07
12661 3.400388e-05 1.939291e-07
12662 3.399780e-05 1.937863e-07
12663 3.399173e-05 1.936437e-07
12664 3.398566e-05 1.935011e-07
12665 3.397961e-05 1.933587e-07
12666 3.397355e-05 1.932164e-07
12667 3.396751e-05 1.930741e-07
12668 3.396147e-05 1.929320e-07
12669 3.395543e-05 1.927900e-07
12670 3.394940e-05 1.926481e-07
12671 3.394338e-05 1.925062e-07
12672 3.393737e-05 1.923645e-07
12673 3.393136e-05 1.922229e-07
12674 3.392535e-05 1.920814e-07
12675 3.391936e-05 1.919400e-07
12676 3.391336e-05 1.917988e-07
12677 3.390738e-05 1.916576e-07
12678 3.390140e-05 1.915165e-07
12679 3.389543e-05 1.913755e-07
12680 3.388946e-05 1.912346e-07
12681 3.388350e-05 1.910939e-07
12682 3.387755e-05 1.909532e-07
12683 3.387160e-05 1.908126e-07
12684 3.386566e-05 1.906722e-07
12685 3.385972e-05 1.905318e-07
12686 3.385379e-05 1.903916e-07
12687 3.384787e-05 1.902514e-07
12688 3.384195e-05 1.901114e-07
12689 3.383604e-05 1.899714e-07
12690 3.383013e-05 1.898316e-07
12691 3.382424e-05 1.896918e-07
12692 3.381834e-05 1.895522e-07
12693 3.381246e-05 1.894127e-07
12694 3.380657e-05 1.892732e-07
12695 3.380070e-05 1.891339e-07
12696 3.379483e-05 1.889947e-07
12697 3.378897e-05 1.888556e-07
12698 3.378311e-05 1.887165e-07
12699 3.377726e-05 1.885776e-07
12700 3.377142e-05 1.884388e-07
12701 3.376558e-05 1.883001e-07
12702 3.375974e-05 1.881615e-07
12703 3.375392e-05 1.880230e-07
12704 3.374810e-05 1.878846e-07
12705 3.374228e-05 1.877463e-07
12706 3.373647e-05 1.876081e-07
12707 3.373067e-05 1.874700e-07
12708 3.372487e-05 1.873320e-07
12709 3.371908e-05 1.871941e-07
12710 3.371330e-05 1.870563e-07
12711 3.370752e-05 1.869186e-07
12712 3.370175e-05 1.867810e-07
12713 3.369598e-05 1.866435e-07
12714 3.369022e-05 1.865061e-07
12715 3.368446e-05 1.863688e-07
12716 3.367871e-05 1.862316e-07
12717 3.367297e-05 1.860945e-07
12718 3.366723e-05 1.859575e-07
12719 3.366150e-05 1.858206e-07
12720 3.365578e-05 1.856839e-07
12721 3.365006e-05 1.855472e-07
12722 3.364434e-05 1.854106e-07
12723 3.363863e-05 1.852741e-07
12724 3.363293e-05 1.851377e-07
12725 3.362724e-05 1.850014e-07
12726 3.362155e-05 1.848653e-07
12727 3.361586e-05 1.847292e-07
12728 3.361018e-05 1.845932e-07
12729 3.360451e-05 1.844573e-07
12730 3.359884e-05 1.843215e-07
12731 3.359318e-05 1.841858e-07
12732 3.358753e-05 1.840503e-07
12733 3.358188e-05 1.839148e-07
12734 3.357623e-05 1.837794e-07
12735 3.357060e-05 1.836441e-07
12736 3.356497e-05 1.835089e-07
12737 3.355934e-05 1.833739e-07
12738 3.355372e-05 1.832389e-07
12739 3.354810e-05 1.831040e-07
12740 3.354250e-05 1.829692e-07
12741 3.353689e-05 1.828345e-07
12742 3.353130e-05 1.826999e-07
12743 3.352570e-05 1.825654e-07
12744 3.352012e-05 1.824310e-07
12745 3.351454e-05 1.822968e-07
12746 3.350896e-05 1.821626e-07
12747 3.350340e-05 1.820285e-07
12748 3.349783e-05 1.818945e-07
12749 3.349228e-05 1.817606e-07
12750 3.348672e-05 1.816268e-07
12751 3.348118e-05 1.814931e-07
12752 3.347564e-05 1.813595e-07
12753 3.347011e-05 1.812260e-07
12754 3.346458e-05 1.810926e-07
12755 3.345905e-05 1.809593e-07
12756 3.345354e-05 1.808261e-07
12757 3.344803e-05 1.806930e-07
12758 3.344252e-05 1.805599e-07
12759 3.343702e-05 1.804270e-07
12760 3.343153e-05 1.802942e-07
12761 3.342604e-05 1.801615e-07
12762 3.342055e-05 1.800289e-07
12763 3.341508e-05 1.798964e-07
12764 3.340961e-05 1.797639e-07
12765 3.340414e-05 1.796316e-07
12766 3.339868e-05 1.794994e-07
12767 3.339322e-05 1.793672e-07
12768 3.338778e-05 1.792352e-07
12769 3.338233e-05 1.791033e-07
12770 3.337689e-05 1.789714e-07
12771 3.337146e-05 1.788397e-07
12772 3.336604e-05 1.787080e-07
12773 3.336061e-05 1.785765e-07
12774 3.335520e-05 1.784450e-07
12775 3.334979e-05 1.783137e-07
12776 3.334438e-05 1.781824e-07
12777 3.333899e-05 1.780512e-07
12778 3.333359e-05 1.779202e-07
12779 3.332820e-05 1.777892e-07
12780 3.332282e-05 1.776583e-07
12781 3.331745e-05 1.775276e-07
12782 3.331208e-05 1.773969e-07
12783 3.330671e-05 1.772663e-07
12784 3.330135e-05 1.771358e-07
12785 3.329600e-05 1.770054e-07
12786 3.329065e-05 1.768751e-07
12787 3.328530e-05 1.767449e-07
12788 3.327997e-05 1.766148e-07
12789 3.327463e-05 1.764848e-07
12790 3.326931e-05 1.763549e-07
12791 3.326398e-05 1.762251e-07
12792 3.325867e-05 1.760953e-07
12793 3.325336e-05 1.759657e-07
12794 3.324805e-05 1.758362e-07
12795 3.324275e-05 1.757068e-07
12796 3.323746e-05 1.755774e-07
12797 3.323217e-05 1.754482e-07
12798 3.322689e-05 1.753190e-07
12799 3.322161e-05 1.751900e-07
12800 3.321634e-05 1.750610e-07
12801 3.321107e-05 1.749321e-07
12802 3.320581e-05 1.748034e-07
12803 3.320055e-05 1.746747e-07
12804 3.319530e-05 1.745461e-07
12805 3.319006e-05 1.744176e-07
12806 3.318482e-05 1.742892e-07
12807 3.317958e-05 1.741609e-07
12808 3.317436e-05 1.740327e-07
12809 3.316913e-05 1.739046e-07
12810 3.316391e-05 1.737766e-07
12811 3.315870e-05 1.736487e-07
12812 3.315349e-05 1.735209e-07
12813 3.314829e-05 1.733931e-07
12814 3.314310e-05 1.732655e-07
12815 3.313790e-05 1.731379e-07
12816 3.313272e-05 1.730105e-07
12817 3.312754e-05 1.728831e-07
12818 3.312236e-05 1.727559e-07
12819 3.311719e-05 1.726287e-07
12820 3.311203e-05 1.725016e-07
12821 3.310687e-05 1.723747e-07
12822 3.310172e-05 1.722478e-07
12823 3.309657e-05 1.721210e-07
12824 3.309142e-05 1.719943e-07
12825 3.308629e-05 1.718677e-07
12826 3.308115e-05 1.717411e-07
12827 3.307603e-05 1.716147e-07
12828 3.307090e-05 1.714884e-07
12829 3.306579e-05 1.713622e-07
12830 3.306068e-05 1.712360e-07
12831 3.305557e-05 1.711100e-07
12832 3.305047e-05 1.709840e-07
12833 3.304537e-05 1.708581e-07
12834 3.304028e-05 1.707324e-07
12835 3.303520e-05 1.706067e-07
12836 3.303012e-05 1.704811e-07
12837 3.302504e-05 1.703556e-07
12838 3.301997e-05 1.702302e-07
12839 3.301491e-05 1.701049e-07
12840 3.300985e-05 1.699797e-07
12841 3.300480e-05 1.698546e-07
12842 3.299975e-05 1.697295e-07
12843 3.299470e-05 1.696046e-07
12844 3.298967e-05 1.694797e-07
12845 3.298463e-05 1.693550e-07
12846 3.297961e-05 1.692303e-07
12847 3.297458e-05 1.691057e-07
12848 3.296957e-05 1.689813e-07
12849 3.296455e-05 1.688569e-07
12850 3.295955e-05 1.687326e-07
12851 3.295454e-05 1.686084e-07
12852 3.294955e-05 1.684843e-07
12853 3.294456e-05 1.683602e-07
12854 3.293957e-05 1.682363e-07
12855 3.293459e-05 1.681125e-07
12856 3.292961e-05 1.679887e-07
12857 3.292464e-05 1.678650e-07
12858 3.291967e-05 1.677415e-07
12859 3.291471e-05 1.676180e-07
12860 3.290976e-05 1.674946e-07
12861 3.290481e-05 1.673713e-07
12862 3.289986e-05 1.672481e-07
12863 3.289492e-05 1.671250e-07
12864 3.288999e-05 1.670020e-07
12865 3.288506e-05 1.668790e-07
12866 3.288013e-05 1.667562e-07
12867 3.287521e-05 1.666334e-07
12868 3.287030e-05 1.665108e-07
12869 3.286539e-05 1.663882e-07
12870 3.286048e-05 1.662657e-07
12871 3.285558e-05 1.661433e-07
12872 3.285069e-05 1.660210e-07
12873 3.284580e-05 1.658988e-07
12874 3.284091e-05 1.657767e-07
12875 3.283603e-05 1.656547e-07
12876 3.283116e-05 1.655327e-07
12877 3.282629e-05 1.654109e-07
12878 3.282143e-05 1.652891e-07
12879 3.281657e-05 1.651674e-07
12880 3.281171e-05 1.650459e-07
12881 3.280686e-05 1.649244e-07
12882 3.280202e-05 1.648030e-07
12883 3.279718e-05 1.646817e-07
12884 3.279234e-05 1.645604e-07
12885 3.278751e-05 1.644393e-07
12886 3.278269e-05 1.643182e-07
12887 3.277787e-05 1.641973e-07
12888 3.277306e-05 1.640764e-07
12889 3.276825e-05 1.639556e-07
12890 3.276344e-05 1.638349e-07
12891 3.275864e-05 1.637143e-07
12892 3.275385e-05 1.635938e-07
12893 3.274906e-05 1.634734e-07
12894 3.274427e-05 1.633531e-07
12895 3.273949e-05 1.632328e-07
12896 3.273472e-05 1.631127e-07
12897 3.272995e-05 1.629926e-07
12898 3.272518e-05 1.628726e-07
12899 3.272042e-05 1.627527e-07
12900 3.271567e-05 1.626329e-07
12901 3.271092e-05 1.625132e-07
12902 3.270617e-05 1.623936e-07
12903 3.270143e-05 1.622740e-07
12904 3.269670e-05 1.621546e-07
12905 3.269197e-05 1.620352e-07
12906 3.268724e-05 1.619159e-07
12907 3.268252e-05 1.617967e-07
12908 3.267780e-05 1.616776e-07
12909 3.267309e-05 1.615586e-07
12910 3.266838e-05 1.614397e-07
12911 3.266368e-05 1.613209e-07
12912 3.265899e-05 1.612021e-07
12913 3.265429e-05 1.610835e-07
12914 3.264961e-05 1.609649e-07
12915 3.264493e-05 1.608464e-07
12916 3.264025e-05 1.607280e-07
12917 3.263558e-05 1.606097e-07
12918 3.263091e-05 1.604914e-07
12919 3.262625e-05 1.603733e-07
12920 3.262159e-05 1.602553e-07
12921 3.261693e-05 1.601373e-07
12922 3.261229e-05 1.600194e-07
12923 3.260764e-05 1.599016e-07
12924 3.260300e-05 1.597839e-07
12925 3.259837e-05 1.596663e-07
12926 3.259374e-05 1.595488e-07
12927 3.258911e-05 1.594313e-07
12928 3.258449e-05 1.593139e-07
12929 3.257988e-05 1.591967e-07
12930 3.257527e-05 1.590795e-07
12931 3.257066e-05 1.589624e-07
12932 3.256606e-05 1.588454e-07
12933 3.256147e-05 1.587284e-07
12934 3.255688e-05 1.586116e-07
12935 3.255229e-05 1.584948e-07
12936 3.254771e-05 1.583782e-07
12937 3.254313e-05 1.582616e-07
12938 3.253856e-05 1.581451e-07
12939 3.253399e-05 1.580287e-07
12940 3.252943e-05 1.579123e-07
12941 3.252487e-05 1.577961e-07
12942 3.252032e-05 1.576799e-07
12943 3.251577e-05 1.575639e-07
12944 3.251122e-05 1.574479e-07
12945 3.250668e-05 1.573320e-07
12946 3.250215e-05 1.572162e-07
12947 3.249762e-05 1.571004e-07
12948 3.249309e-05 1.569848e-07
12949 3.248857e-05 1.568692e-07
12950 3.248406e-05 1.567538e-07
12951 3.247955e-05 1.566384e-07
12952 3.247504e-05 1.565231e-07
12953 3.247054e-05 1.564079e-07
12954 3.246604e-05 1.562927e-07
12955 3.246155e-05 1.561777e-07
12956 3.245706e-05 1.560627e-07
12957 3.245257e-05 1.559478e-07
12958 3.244810e-05 1.558330e-07
12959 3.244362e-05 1.557183e-07
12960 3.243915e-05 1.556037e-07
12961 3.243469e-05 1.554891e-07
12962 3.243023e-05 1.553747e-07
12963 3.242577e-05 1.552603e-07
12964 3.242132e-05 1.551460e-07
12965 3.241687e-05 1.550318e-07
12966 3.241243e-05 1.549177e-07
12967 3.240799e-05 1.548037e-07
12968 3.240356e-05 1.546897e-07
12969 3.239913e-05 1.545758e-07
12970 3.239471e-05 1.544620e-07
12971 3.239029e-05 1.543483e-07
12972 3.238587e-05 1.542347e-07
12973 3.238146e-05 1.541212e-07
12974 3.237706e-05 1.540077e-07
12975 3.237266e-05 1.538944e-07
12976 3.236826e-05 1.537811e-07
12977 3.236387e-05 1.536679e-07
12978 3.235948e-05 1.535548e-07
12979 3.235510e-05 1.534417e-07
12980 3.235072e-05 1.533288e-07
12981 3.234634e-05 1.532159e-07
12982 3.234198e-05 1.531031e-07
12983 3.233761e-05 1.529904e-07
12984 3.233325e-05 1.528778e-07
12985 3.232889e-05 1.527653e-07
12986 3.232454e-05 1.526528e-07
12987 3.232020e-05 1.525405e-07
12988 3.231585e-05 1.524282e-07
12989 3.231152e-05 1.523160e-07
12990 3.230718e-05 1.522038e-07
12991 3.230285e-05 1.520918e-07
12992 3.229853e-05 1.519798e-07
12993 3.229421e-05 1.518680e-07
12994 3.228989e-05 1.517562e-07
12995 3.228558e-05 1.516445e-07
12996 3.228127e-05 1.515328e-07
12997 3.227697e-05 1.514213e-07
12998 3.227267e-05 1.513098e-07
12999 3.226838e-05 1.511984e-07
13000 3.226409e-05 1.510871e-07
13001 3.225981e-05 1.509759e-07
13002 3.225553e-05 1.508648e-07
13003 3.225125e-05 1.507537e-07
13004 3.224698e-05 1.506428e-07
13005 3.224271e-05 1.505319e-07
13006 3.223845e-05 1.504211e-07
13007 3.223419e-05 1.503103e-07
13008 3.222994e-05 1.501997e-07
13009 3.222569e-05 1.500891e-07
13010 3.222144e-05 1.499786e-07
13011 3.221720e-05 1.498682e-07
13012 3.221297e-05 1.497579e-07
13013 3.220874e-05 1.496477e-07
13014 3.220451e-05 1.495375e-07
13015 3.220028e-05 1.494274e-07
13016 3.219607e-05 1.493174e-07
13017 3.219185e-05 1.492075e-07
13018 3.218764e-05 1.490977e-07
13019 3.218344e-05 1.489879e-07
13020 3.217923e-05 1.488783e-07
13021 3.217504e-05 1.487687e-07
13022 3.217084e-05 1.486592e-07
13023 3.216666e-05 1.485497e-07
13024 3.216247e-05 1.484404e-07
13025 3.215829e-05 1.483311e-07
13026 3.215412e-05 1.482219e-07
13027 3.214994e-05 1.481128e-07
13028 3.214578e-05 1.480038e-07
13029 3.214162e-05 1.478948e-07
13030 3.213746e-05 1.477860e-07
13031 3.213330e-05 1.476772e-07
13032 3.212915e-05 1.475685e-07
13033 3.212501e-05 1.474599e-07
13034 3.212087e-05 1.473513e-07
13035 3.211673e-05 1.472428e-07
13036 3.211260e-05 1.471344e-07
13037 3.210847e-05 1.470261e-07
13038 3.210434e-05 1.469179e-07
13039 3.210022e-05 1.468098e-07
13040 3.209611e-05 1.467017e-07
13041 3.209200e-05 1.465937e-07
13042 3.208789e-05 1.464858e-07
13043 3.208379e-05 1.463780e-07
13044 3.207969e-05 1.462702e-07
13045 3.207559e-05 1.461625e-07
13046 3.207150e-05 1.460549e-07
13047 3.206742e-05 1.459474e-07
13048 3.206333e-05 1.458400e-07
13049 3.205926e-05 1.457326e-07
13050 3.205518e-05 1.456254e-07
13051 3.205111e-05 1.455182e-07
13052 3.204705e-05 1.454111e-07
13053 3.204299e-05 1.453040e-07
13054 3.203893e-05 1.451971e-07
13055 3.203488e-05 1.450902e-07
13056 3.203083e-05 1.449834e-07
13057 3.202679e-05 1.448766e-07
13058 3.202275e-05 1.447700e-07
13059 3.201871e-05 1.446634e-07
13060 3.201468e-05 1.445569e-07
13061 3.201065e-05 1.444505e-07
13062 3.200663e-05 1.443442e-07
13063 3.200261e-05 1.442379e-07
13064 3.199859e-05 1.441318e-07
13065 3.199458e-05 1.440257e-07
13066 3.199058e-05 1.439196e-07
13067 3.198657e-05 1.438137e-07
13068 3.198257e-05 1.437078e-07
13069 3.197858e-05 1.436021e-07
13070 3.197459e-05 1.434963e-07
13071 3.197060e-05 1.433907e-07
13072 3.196662e-05 1.432852e-07
13073 3.196264e-05 1.431797e-07
13074 3.195867e-05 1.430743e-07
13075 3.195470e-05 1.429690e-07
13076 3.195073e-05 1.428637e-07
13077 3.194677e-05 1.427586e-07
13078 3.194281e-05 1.426535e-07
13079 3.193886e-05 1.425485e-07
13080 3.193491e-05 1.424435e-07
13081 3.193096e-05 1.423387e-07
13082 3.192702e-05 1.422339e-07
13083 3.192309e-05 1.421292e-07
13084 3.191915e-05 1.420246e-07
13085 3.191522e-05 1.419200e-07
13086 3.191130e-05 1.418156e-07
13087 3.190738e-05 1.417112e-07
13088 3.190346e-05 1.416069e-07
13089 3.189955e-05 1.415026e-07
13090 3.189564e-05 1.413985e-07
13091 3.189173e-05 1.412944e-07
13092 3.188783e-05 1.411904e-07
13093 3.188393e-05 1.410864e-07
13094 3.188004e-05 1.409826e-07
13095 3.187615e-05 1.408788e-07
13096 3.187227e-05 1.407751e-07
13097 3.186839e-05 1.406715e-07
13098 3.186451e-05 1.405679e-07
13099 3.186064e-05 1.404644e-07
13100 3.185677e-05 1.403610e-07
13101 3.185290e-05 1.402577e-07
13102 3.184904e-05 1.401545e-07
13103 3.184519e-05 1.400513e-07
13104 3.184133e-05 1.399482e-07
13105 3.183748e-05 1.398452e-07
13106 3.183364e-05 1.397422e-07
13107 3.182980e-05 1.396394e-07
13108 3.182596e-05 1.395366e-07
13109 3.182213e-05 1.394339e-07
13110 3.181830e-05 1.393312e-07
13111 3.181447e-05 1.392287e-07
13112 3.181065e-05 1.391262e-07
13113 3.180683e-05 1.390238e-07
13114 3.180302e-05 1.389214e-07
13115 3.179921e-05 1.388192e-07
13116 3.179540e-05 1.387170e-07
13117 3.179160e-05 1.386149e-07
13118 3.178780e-05 1.385128e-07
13119 3.178401e-05 1.384109e-07
13120 3.178022e-05 1.383090e-07
13121 3.177643e-05 1.382072e-07
13122 3.177265e-05 1.381054e-07
13123 3.176887e-05 1.380038e-07
13124 3.176510e-05 1.379022e-07
13125 3.176133e-05 1.378007e-07
13126 3.175756e-05 1.376992e-07
13127 3.175380e-05 1.375979e-07
13128 3.175004e-05 1.374966e-07
13129 3.174628e-05 1.373954e-07
13130 3.174253e-05 1.372942e-07
13131 3.173878e-05 1.371932e-07
13132 3.173504e-05 1.370922e-07
13133 3.173130e-05 1.369913e-07
13134 3.172756e-05 1.368904e-07
13135 3.172383e-05 1.367896e-07
13136 3.172010e-05 1.366890e-07
13137 3.171638e-05 1.365883e-07
13138 3.171266e-05 1.364878e-07
13139 3.170894e-05 1.363873e-07
13140 3.170523e-05 1.362869e-07
13141 3.170152e-05 1.361866e-07
13142 3.169781e-05 1.360863e-07
13143 3.169411e-05 1.359862e-07
13144 3.169042e-05 1.358861e-07
13145 3.168672e-05 1.357860e-07
13146 3.168303e-05 1.356861e-07
13147 3.167934e-05 1.355862e-07
13148 3.167566e-05 1.354864e-07
13149 3.167198e-05 1.353867e-07
13150 3.166831e-05 1.352870e-07
13151 3.166464e-05 1.351874e-07
13152 3.166097e-05 1.350879e-07
13153 3.165731e-05 1.349885e-07
13154 3.165365e-05 1.348891e-07
13155 3.164999e-05 1.347898e-07
13156 3.164634e-05 1.346906e-07
13157 3.164269e-05 1.345914e-07
13158 3.163904e-05 1.344924e-07
13159 3.163540e-05 1.343934e-07
13160 3.163177e-05 1.342944e-07
13161 3.162813e-05 1.341956e-07
13162 3.162450e-05 1.340968e-07
13163 3.162088e-05 1.339981e-07
13164 3.161725e-05 1.338994e-07
13165 3.161364e-05 1.338009e-07
13166 3.161002e-05 1.337024e-07
13167 3.160641e-05 1.336040e-07
13168 3.160280e-05 1.335056e-07
13169 3.159920e-05 1.334073e-07
13170 3.159560e-05 1.333091e-07
13171 3.159200e-05 1.332110e-07
13172 3.158841e-05 1.331129e-07
13173 3.158482e-05 1.330150e-07
13174 3.158123e-05 1.329170e-07
13175 3.157765e-05 1.328192e-07
13176 3.157407e-05 1.327214e-07
13177 3.157050e-05 1.326237e-07
13178 3.156693e-05 1.325261e-07
13179 3.156336e-05 1.324285e-07
13180 3.155980e-05 1.323311e-07
13181 3.155624e-05 1.322336e-07
13182 3.155268e-05 1.321363e-07
13183 3.154913e-05 1.320390e-07
13184 3.154558e-05 1.319418e-07
13185 3.154204e-05 1.318447e-07
13186 3.153849e-05 1.317477e-07
13187 3.153496e-05 1.316507e-07
13188 3.153142e-05 1.315538e-07
13189 3.152789e-05 1.314569e-07
13190 3.152437e-05 1.313602e-07
13191 3.152084e-05 1.312635e-07
13192 3.151732e-05 1.311668e-07
13193 3.151381e-05 1.310703e-07
13194 3.151029e-05 1.309738e-07
13195 3.150678e-05 1.308774e-07
13196 3.150328e-05 1.307811e-07
13197 3.149978e-05 1.306848e-07
13198 3.149628e-05 1.305886e-07
13199 3.149279e-05 1.304925e-07
13200 3.148929e-05 1.303964e-07
13201 3.148581e-05 1.303004e-07
13202 3.148232e-05 1.302045e-07
13203 3.147884e-05 1.301087e-07
13204 3.147537e-05 1.300129e-07
13205 3.147189e-05 1.299172e-07
13206 3.146842e-05 1.298215e-07
13207 3.146496e-05 1.297260e-07
13208 3.146150e-05 1.296305e-07
13209 3.145804e-05 1.295351e-07
13210 3.145458e-05 1.294397e-07
13211 3.145113e-05 1.293444e-07
13212 3.144768e-05 1.292492e-07
13213 3.144424e-05 1.291541e-07
13214 3.144080e-05 1.290590e-07
13215 3.143736e-05 1.289640e-07
13216 3.143392e-05 1.288691e-07
13217 3.143049e-05 1.287742e-07
13218 3.142707e-05 1.286794e-07
13219 3.142364e-05 1.285847e-07
13220 3.142022e-05 1.284900e-07
13221 3.141681e-05 1.283954e-07
13222 3.141339e-05 1.283009e-07
13223 3.140998e-05 1.282065e-07
13224 3.140658e-05 1.281121e-07
13225 3.140318e-05 1.280178e-07
13226 3.139978e-05 1.279236e-07
13227 3.139638e-05 1.278294e-07
13228 3.139299e-05 1.277353e-07
13229 3.138960e-05 1.276413e-07
13230 3.138622e-05 1.275473e-07
13231 3.138283e-05 1.274534e-07
13232 3.137946e-05 1.273596e-07
13233 3.137608e-05 1.272659e-07
13234 3.137271e-05 1.271722e-07
13235 3.136934e-05 1.270786e-07
13236 3.136598e-05 1.269850e-07
13237 3.136262e-05 1.268915e-07
13238 3.135926e-05 1.267981e-07
13239 3.135591e-05 1.267048e-07
13240 3.135256e-05 1.266115e-07
13241 3.134921e-05 1.265183e-07
13242 3.134586e-05 1.264252e-07
13243 3.134252e-05 1.263321e-07
13244 3.133919e-05 1.262391e-07
13245 3.133585e-05 1.261462e-07
13246 3.133252e-05 1.260533e-07
13247 3.132920e-05 1.259606e-07
13248 3.132587e-05 1.258678e-07
13249 3.132256e-05 1.257752e-07
13250 3.131924e-05 1.256826e-07
13251 3.131593e-05 1.255901e-07
13252 3.131262e-05 1.254976e-07
13253 3.130931e-05 1.254052e-07
13254 3.130601e-05 1.253129e-07
13255 3.130271e-05 1.252207e-07
13256 3.129941e-05 1.251285e-07
13257 3.129612e-05 1.250364e-07
13258 3.129283e-05 1.249444e-07
13259 3.128954e-05 1.248524e-07
13260 3.128626e-05 1.247605e-07
13261 3.128298e-05 1.246686e-07
13262 3.127971e-05 1.245769e-07
13263 3.127643e-05 1.244852e-07
13264 3.127316e-05 1.243935e-07
13265 3.126990e-05 1.243020e-07
13266 3.126664e-05 1.242105e-07
13267 3.126338e-05 1.241190e-07
13268 3.126012e-05 1.240277e-07
13269 3.125687e-05 1.239364e-07
13270 3.125362e-05 1.238451e-07
13271 3.125037e-05 1.237540e-07
13272 3.124713e-05 1.236629e-07
13273 3.124389e-05 1.235718e-07
13274 3.124066e-05 1.234809e-07
13275 3.123742e-05 1.233900e-07
13276 3.123420e-05 1.232991e-07
13277 3.123097e-05 1.232084e-07
13278 3.122775e-05 1.231177e-07
13279 3.122453e-05 1.230271e-07
13280 3.122131e-05 1.229365e-07
13281 3.121810e-05 1.228460e-07
13282 3.121489e-05 1.227556e-07
13283 3.121168e-05 1.226652e-07
13284 3.120848e-05 1.225749e-07
13285 3.120528e-05 1.224847e-07
13286 3.120209e-05 1.223945e-07
13287 3.119889e-05 1.223044e-07
13288 3.119570e-05 1.222144e-07
13289 3.119252e-05 1.221244e-07
13290 3.118933e-05 1.220345e-07
13291 3.118615e-05 1.219447e-07
13292 3.118298e-05 1.218549e-07
13293 3.117980e-05 1.217652e-07
13294 3.117663e-05 1.216756e-07
13295 3.117347e-05 1.215860e-07
13296 3.117030e-05 1.214965e-07
13297 3.116714e-05 1.214071e-07
13298 3.116398e-05 1.213177e-07
13299 3.116083e-05 1.212284e-07
13300 3.115768e-05 1.211392e-07
13301 3.115453e-05 1.210500e-07
13302 3.115139e-05 1.209609e-07
13303 3.114825e-05 1.208719e-07
13304 3.114511e-05 1.207829e-07
13305 3.114197e-05 1.206940e-07
13306 3.113884e-05 1.206051e-07
13307 3.113571e-05 1.205164e-07
13308 3.113259e-05 1.204276e-07
13309 3.112947e-05 1.203390e-07
13310 3.112635e-05 1.202504e-07
13311 3.112323e-05 1.201619e-07
13312 3.112012e-05 1.200734e-07
13313 3.111701e-05 1.199850e-07
13314 3.111390e-05 1.198967e-07
13315 3.111080e-05 1.198085e-07
13316 3.110770e-05 1.197203e-07
13317 3.110461e-05 1.196321e-07
13318 3.110151e-05 1.195441e-07
13319 3.109842e-05 1.194561e-07
13320 3.109534e-05 1.193681e-07
13321 3.109225e-05 1.192803e-07
13322 3.108917e-05 1.191925e-07
13323 3.108609e-05 1.191047e-07
13324 3.108302e-05 1.190171e-07
13325 3.107995e-05 1.189295e-07
13326 3.107688e-05 1.188419e-07
13327 3.107381e-05 1.187544e-07
13328 3.107075e-05 1.186670e-07
13329 3.106769e-05 1.185797e-07
13330 3.106464e-05 1.184924e-07
13331 3.106159e-05 1.184051e-07
13332 3.105854e-05 1.183180e-07
13333 3.105549e-05 1.182309e-07
13334 3.105245e-05 1.181439e-07
13335 3.104941e-05 1.180569e-07
13336 3.104637e-05 1.179700e-07
13337 3.104334e-05 1.178831e-07
13338 3.104030e-05 1.177964e-07
13339 3.103728e-05 1.177097e-07
13340 3.103425e-05 1.176230e-07
13341 3.103123e-05 1.175364e-07
13342 3.102821e-05 1.174499e-07
13343 3.102520e-05 1.173634e-07
13344 3.102219e-05 1.172771e-07
13345 3.101918e-05 1.171907e-07
13346 3.101617e-05 1.171045e-07
13347 3.101317e-05 1.170183e-07
13348 3.101017e-05 1.169321e-07
13349 3.100717e-05 1.168460e-07
13350 3.100418e-05 1.167600e-07
13351 3.100119e-05 1.166741e-07
13352 3.099820e-05 1.165882e-07
13353 3.099521e-05 1.165024e-07
13354 3.099223e-05 1.164166e-07
13355 3.098925e-05 1.163309e-07
13356 3.098628e-05 1.162453e-07
13357 3.098330e-05 1.161597e-07
13358 3.098034e-05 1.160742e-07
13359 3.097737e-05 1.159888e-07
13360 3.097441e-05 1.159034e-07
13361 3.097144e-05 1.158181e-07
13362 3.096849e-05 1.157328e-07
13363 3.096553e-05 1.156476e-07
13364 3.096258e-05 1.155625e-07
13365 3.095963e-05 1.154774e-07
13366 3.095669e-05 1.153924e-07
13367 3.095375e-05 1.153075e-07
13368 3.095081e-05 1.152226e-07
13369 3.094787e-05 1.151378e-07
13370 3.094494e-05 1.150530e-07
13371 3.094201e-05 1.149683e-07
13372 3.093908e-05 1.148837e-07
13373 3.093615e-05 1.147991e-07
13374 3.093323e-05 1.147146e-07
13375 3.093031e-05 1.146302e-07
13376 3.092740e-05 1.145458e-07
13377 3.092449e-05 1.144615e-07
13378 3.092158e-05 1.143772e-07
13379 3.091867e-05 1.142930e-07
13380 3.091577e-05 1.142089e-07
13381 3.091287e-05 1.141248e-07
13382 3.090997e-05 1.140408e-07
13383 3.090707e-05 1.139569e-07
13384 3.090418e-05 1.138730e-07
13385 3.090129e-05 1.137891e-07
13386 3.089841e-05 1.137054e-07
13387 3.089552e-05 1.136217e-07
13388 3.089264e-05 1.135380e-07
13389 3.088977e-05 1.134545e-07
13390 3.088689e-05 1.133710e-07
13391 3.088402e-05 1.132875e-07
13392 3.088115e-05 1.132041e-07
13393 3.087829e-05 1.131208e-07
13394 3.087543e-05 1.130375e-07
13395 3.087257e-05 1.129543e-07
13396 3.086971e-05 1.128711e-07
13397 3.086686e-05 1.127881e-07
13398 3.086400e-05 1.127050e-07
13399 3.086116e-05 1.126221e-07
13400 3.085831e-05 1.125392e-07
13401 3.085547e-05 1.124563e-07
13402 3.085263e-05 1.123735e-07
13403 3.084979e-05 1.122908e-07
13404 3.084696e-05 1.122082e-07
13405 3.084413e-05 1.121256e-07
13406 3.084130e-05 1.120430e-07
13407 3.083848e-05 1.119606e-07
13408 3.083566e-05 1.118781e-07
13409 3.083284e-05 1.117958e-07
13410 3.083002e-05 1.117135e-07
13411 3.082721e-05 1.116313e-07
13412 3.082440e-05 1.115491e-07
13413 3.082159e-05 1.114670e-07
13414 3.081878e-05 1.113849e-07
13415 3.081598e-05 1.113029e-07
13416 3.081318e-05 1.112210e-07
13417 3.081039e-05 1.111391e-07
13418 3.080759e-05 1.110573e-07
13419 3.080480e-05 1.109756e-07
13420 3.080202e-05 1.108939e-07
13421 3.079923e-05 1.108122e-07
13422 3.079645e-05 1.107307e-07
13423 3.079367e-05 1.106492e-07
13424 3.079089e-05 1.105677e-07
13425 3.078812e-05 1.104863e-07
13426 3.078535e-05 1.104050e-07
13427 3.078258e-05 1.103237e-07
13428 3.077982e-05 1.102425e-07
13429 3.077705e-05 1.101613e-07
13430 3.077429e-05 1.100803e-07
13431 3.077154e-05 1.099992e-07
13432 3.076878e-05 1.099182e-07
13433 3.076603e-05 1.098373e-07
13434 3.076328e-05 1.097565e-07
13435 3.076054e-05 1.096757e-07
13436 3.075780e-05 1.095950e-07
13437 3.075506e-05 1.095143e-07
13438 3.075232e-05 1.094337e-07
13439 3.074958e-05 1.093531e-07
13440 3.074685e-05 1.092726e-07
13441 3.074412e-05 1.091922e-07
13442 3.074140e-05 1.091118e-07
13443 3.073867e-05 1.090315e-07
13444 3.073595e-05 1.089512e-07
13445 3.073324e-05 1.088710e-07
13446 3.073052e-05 1.087909e-07
13447 3.072781e-05 1.087108e-07
13448 3.072510e-05 1.086308e-07
13449 3.072239e-05 1.085508e-07
13450 3.071969e-05 1.084709e-07
13451 3.071699e-05 1.083910e-07
13452 3.071429e-05 1.083113e-07
13453 3.071159e-05 1.082315e-07
13454 3.070890e-05 1.081519e-07
13455 3.070621e-05 1.080722e-07
13456 3.070352e-05 1.079927e-07
13457 3.070084e-05 1.079132e-07
13458 3.069816e-05 1.078338e-07
13459 3.069548e-05 1.077544e-07
13460 3.069280e-05 1.076751e-07
13461 3.069013e-05 1.075958e-07
13462 3.068745e-05 1.075166e-07
13463 3.068479e-05 1.074375e-07
13464 3.068212e-05 1.073584e-07
13465 3.067946e-05 1.072793e-07
13466 3.067680e-05 1.072004e-07
13467 3.067414e-05 1.071215e-07
13468 3.067148e-05 1.070426e-07
13469 3.066883e-05 1.069638e-07
13470 3.066618e-05 1.068851e-07
13471 3.066354e-05 1.068064e-07
13472 3.066089e-05 1.067278e-07
13473 3.065825e-05 1.066492e-07
13474 3.065561e-05 1.065707e-07
13475 3.065297e-05 1.064922e-07
13476 3.065034e-05 1.064139e-07
13477 3.064771e-05 1.063355e-07
13478 3.064508e-05 1.062572e-07
13479 3.064246e-05 1.061790e-07
13480 3.063983e-05 1.061009e-07
13481 3.063721e-05 1.060228e-07
13482 3.063460e-05 1.059447e-07
13483 3.063198e-05 1.058667e-07
13484 3.062937e-05 1.057888e-07
13485 3.062676e-05 1.057109e-07
13486 3.062415e-05 1.056331e-07
13487 3.062155e-05 1.055554e-07
13488 3.061895e-05 1.054777e-07
13489 3.061635e-05 1.054000e-07
13490 3.061375e-05 1.053224e-07
13491 3.061116e-05 1.052449e-07
13492 3.060857e-05 1.051674e-07
13493 3.060598e-05 1.050900e-07
13494 3.060339e-05 1.050126e-07
13495 3.060081e-05 1.049353e-07
13496 3.059823e-05 1.048581e-07
13497 3.059565e-05 1.047809e-07
13498 3.059307e-05 1.047038e-07
13499 3.059050e-05 1.046267e-07
13500 3.058793e-05 1.045497e-07
13501 3.058536e-05 1.044727e-07
13502 3.058280e-05 1.043958e-07
13503 3.058024e-05 1.043190e-07
13504 3.057768e-05 1.042422e-07
13505 3.057512e-05 1.041655e-07
13506 3.057256e-05 1.040888e-07
13507 3.057001e-05 1.040122e-07
13508 3.056746e-05 1.039356e-07
13509 3.056492e-05 1.038591e-07
13510 3.056237e-05 1.037826e-07
13511 3.055983e-05 1.037062e-07
13512 3.055729e-05 1.036299e-07
13513 3.055475e-05 1.035536e-07
13514 3.055222e-05 1.034774e-07
13515 3.054969e-05 1.034012e-07
13516 3.054716e-05 1.033251e-07
13517 3.054463e-05 1.032490e-07
13518 3.054211e-05 1.031730e-07
13519 3.053959e-05 1.030971e-07
13520 3.053707e-05 1.030212e-07
13521 3.053455e-05 1.029454e-07
13522 3.053204e-05 1.028696e-07
13523 3.052953e-05 1.027938e-07
13524 3.052702e-05 1.027182e-07
13525 3.052451e-05 1.026426e-07
13526 3.052201e-05 1.025670e-07
13527 3.051951e-05 1.024915e-07
13528 3.051701e-05 1.024161e-07
13529 3.051452e-05 1.023407e-07
13530 3.051202e-05 1.022653e-07
13531 3.050953e-05 1.021901e-07
13532 3.050704e-05 1.021148e-07
13533 3.050456e-05 1.020397e-07
13534 3.050207e-05 1.019646e-07
13535 3.049959e-05 1.018895e-07
13536 3.049712e-05 1.018145e-07
13537 3.049464e-05 1.017395e-07
13538 3.049217e-05 1.016647e-07
13539 3.048970e-05 1.015898e-07
13540 3.048723e-05 1.015150e-07
13541 3.048476e-05 1.014403e-07
13542 3.048230e-05 1.013656e-07
13543 3.047984e-05 1.012910e-07
13544 3.047738e-05 1.012165e-07
13545 3.047492e-05 1.011419e-07
13546 3.047247e-05 1.010675e-07
13547 3.047002e-05 1.009931e-07
13548 3.046757e-05 1.009188e-07
13549 3.046512e-05 1.008445e-07
13550 3.046268e-05 1.007702e-07
13551 3.046024e-05 1.006961e-07
13552 3.045780e-05 1.006219e-07
13553 3.045537e-05 1.005479e-07
13554 3.045293e-05 1.004738e-07
13555 3.045050e-05 1.003999e-07
13556 3.044807e-05 1.003260e-07
13557 3.044565e-05 1.002521e-07
13558 3.044322e-05 1.001783e-07
13559 3.044080e-05 1.001046e-07
13560 3.043838e-05 1.000309e-07
13561 3.043597e-05 9.995727e-08
13562 3.043355e-05 9.988369e-08
13563 3.043114e-05 9.981016e-08
13564 3.042873e-05 9.973669e-08
13565 3.042632e-05 9.966327e-08
13566 3.042392e-05 9.958991e-08
13567 3.042152e-05 9.951660e-08
13568 3.041912e-05 9.944334e-08
13569 3.041672e-05 9.937014e-08
13570 3.041433e-05 9.929699e-08
13571 3.041193e-05 9.922390e-08
13572 3.040955e-05 9.915085e-08
13573 3.040716e-05 9.907787e-08
13574 3.040477e-05 9.900494e-08
13575 3.040239e-05 9.893206e-08
13576 3.040001e-05 9.885923e-08
13577 3.039763e-05 9.878646e-08
13578 3.039526e-05 9.871374e-08
13579 3.039288e-05 9.864108e-08
13580 3.039051e-05 9.856846e-08
13581 3.038815e-05 9.849591e-08
13582 3.038578e-05 9.842340e-08
13583 3.038342e-05 9.835095e-08
13584 3.038106e-05 9.827855e-08
13585 3.037870e-05 9.820621e-08
13586 3.037634e-05 9.813392e-08
13587 3.037399e-05 9.806168e-08
13588 3.037163e-05 9.798949e-08
13589 3.036929e-05 9.791736e-08
13590 3.036694e-05 9.784528e-08
13591 3.036459e-05 9.777326e-08
13592 3.036225e-05 9.770128e-08
13593 3.035991e-05 9.762936e-08
13594 3.035758e-05 9.755750e-08
13595 3.035524e-05 9.748568e-08
13596 3.035291e-05 9.741392e-08
13597 3.035058e-05 9.734222e-08
13598 3.034825e-05 9.727056e-08
13599 3.034592e-05 9.719896e-08
13600 3.034360e-05 9.712741e-08
13601 3.034128e-05 9.705591e-08
13602 3.033896e-05 9.698447e-08
13603 3.033664e-05 9.691307e-08
13604 3.033433e-05 9.684173e-08
13605 3.033202e-05 9.677045e-08
13606 3.032971e-05 9.669921e-08
13607 3.032740e-05 9.662803e-08
13608 3.032510e-05 9.655690e-08
13609 3.032280e-05 9.648582e-08
13610 3.032050e-05 9.641480e-08
13611 3.031820e-05 9.634383e-08
13612 3.031590e-05 9.627291e-08
13613 3.031361e-05 9.620204e-08
13614 3.031132e-05 9.613122e-08
13615 3.030903e-05 9.606046e-08
13616 3.030674e-05 9.598975e-08
13617 3.030446e-05 9.591909e-08
13618 3.030218e-05 9.584848e-08
13619 3.029990e-05 9.577792e-08
13620 3.029762e-05 9.570742e-08
13621 3.029535e-05 9.563697e-08
13622 3.029308e-05 9.556657e-08
13623 3.029081e-05 9.549622e-08
13624 3.028854e-05 9.542592e-08
13625 3.028627e-05 9.535568e-08
13626 3.028401e-05 9.528549e-08
13627 3.028175e-05 9.521534e-08
13628 3.027949e-05 9.514525e-08
13629 3.027723e-05 9.507522e-08
13630 3.027498e-05 9.500523e-08
13631 3.027273e-05 9.493529e-08
13632 3.027048e-05 9.486541e-08
13633 3.026823e-05 9.479558e-08
13634 3.026598e-05 9.472580e-08
13635 3.026374e-05 9.465607e-08
13636 3.026150e-05 9.458639e-08
13637 3.025926e-05 9.451676e-08
13638 3.025703e-05 9.444719e-08
13639 3.025479e-05 9.437766e-08
13640 3.025256e-05 9.430819e-08
13641 3.025033e-05 9.423877e-08
13642 3.024810e-05 9.416940e-08
13643 3.024588e-05 9.410008e-08
13644 3.024366e-05 9.403081e-08
13645 3.024144e-05 9.396159e-08
13646 3.023922e-05 9.389243e-08
13647 3.023700e-05 9.382331e-08
13648 3.023479e-05 9.375424e-08
13649 3.023258e-05 9.368523e-08
13650 3.023037e-05 9.361627e-08
13651 3.022816e-05 9.354735e-08
13652 3.022595e-05 9.347849e-08
13653 3.022375e-05 9.340968e-08
13654 3.022155e-05 9.334092e-08
13655 3.021935e-05 9.327221e-08
13656 3.021716e-05 9.320355e-08
13657 3.021496e-05 9.313494e-08
13658 3.021277e-05 9.306638e-08
13659 3.021058e-05 9.299788e-08
13660 3.020839e-05 9.292942e-08
13661 3.020621e-05 9.286101e-08
13662 3.020403e-05 9.279266e-08
13663 3.020185e-05 9.272435e-08
13664 3.019967e-05 9.265609e-08
13665 3.019749e-05 9.258789e-08
13666 3.019532e-05 9.251973e-08
13667 3.019314e-05 9.245163e-08
13668 3.019097e-05 9.238357e-08
13669 3.018881e-05 9.231557e-08
13670 3.018664e-05 9.224761e-08
13671 3.018448e-05 9.217971e-08
13672 3.018232e-05 9.211185e-08
13673 3.018016e-05 9.204405e-08
13674 3.017800e-05 9.197629e-08
13675 3.017585e-05 9.190859e-08
13676 3.017369e-05 9.184093e-08
13677 3.017154e-05 9.177332e-08
13678 3.016939e-05 9.170577e-08
13679 3.016725e-05 9.163826e-08
13680 3.016511e-05 9.157081e-08
13681 3.016296e-05 9.150340e-08
13682 3.016082e-05 9.143604e-08
13683 3.015869e-05 9.136873e-08
13684 3.015655e-05 9.130148e-08
13685 3.015442e-05 9.123427e-08
13686 3.015229e-05 9.116711e-08
13687 3.015016e-05 9.110000e-08
13688 3.014803e-05 9.103294e-08
13689 3.014591e-05 9.096593e-08
13690 3.014378e-05 9.089897e-08
13691 3.014166e-05 9.083205e-08
13692 3.013954e-05 9.076519e-08
13693 3.013743e-05 9.069838e-08
13694 3.013531e-05 9.063161e-08
13695 3.013320e-05 9.056490e-08
13696 3.013109e-05 9.049823e-08
13697 3.012899e-05 9.043161e-08
13698 3.012688e-05 9.036504e-08
13699 3.012478e-05 9.029852e-08
13700 3.012267e-05 9.023205e-08
13701 3.012058e-05 9.016563e-08
13702 3.011848e-05 9.009926e-08
13703 3.011638e-05 9.003294e-08
13704 3.011429e-05 8.996666e-08
13705 3.011220e-05 8.990044e-08
13706 3.011011e-05 8.983426e-08
13707 3.010802e-05 8.976813e-08
13708 3.010594e-05 8.970205e-08
13709 3.010386e-05 8.963602e-08
13710 3.010178e-05 8.957004e-08
13711 3.009970e-05 8.950410e-08
13712 3.009762e-05 8.943822e-08
13713 3.009555e-05 8.937238e-08
13714 3.009347e-05 8.930659e-08
13715 3.009140e-05 8.924085e-08
13716 3.008934e-05 8.917516e-08
13717 3.008727e-05 8.910952e-08
13718 3.008521e-05 8.904392e-08
13719 3.008314e-05 8.897837e-08
13720 3.008108e-05 8.891287e-08
13721 3.007903e-05 8.884742e-08
13722 3.007697e-05 8.878202e-08
13723 3.007492e-05 8.871667e-08
13724 3.007287e-05 8.865136e-08
13725 3.007082e-05 8.858610e-08
13726 3.006877e-05 8.852089e-08
13727 3.006672e-05 8.845573e-08
13728 3.006468e-05 8.839062e-08
13729 3.006264e-05 8.832555e-08
13730 3.006060e-05 8.826054e-08
13731 3.005856e-05 8.819557e-08
13732 3.005653e-05 8.813064e-08
13733 3.005449e-05 8.806577e-08
13734 3.005246e-05 8.800094e-08
13735 3.005043e-05 8.793616e-08
13736 3.004841e-05 8.787143e-08
13737 3.004638e-05 8.780675e-08
13738 3.004436e-05 8.774211e-08
13739 3.004234e-05 8.767752e-08
13740 3.004032e-05 8.761298e-08
13741 3.003830e-05 8.754849e-08
13742 3.003629e-05 8.748404e-08
13743 3.003427e-05 8.741964e-08
13744 3.003226e-05 8.735529e-08
13745 3.003025e-05 8.729099e-08
13746 3.002825e-05 8.722673e-08
13747 3.002624e-05 8.716252e-08
13748 3.002424e-05 8.709836e-08
13749 3.002224e-05 8.703425e-08
13750 3.002024e-05 8.697018e-08
13751 3.001824e-05 8.690616e-08
13752 3.001624e-05 8.684219e-08
13753 3.001425e-05 8.677826e-08
13754 3.001226e-05 8.671438e-08
13755 3.001027e-05 8.665055e-08
13756 3.000828e-05 8.658676e-08
13757 3.000630e-05 8.652303e-08
13758 3.000432e-05 8.645933e-08
13759 3.000233e-05 8.639569e-08
13760 3.000036e-05 8.633209e-08
13761 2.999838e-05 8.626854e-08
13762 2.999640e-05 8.620504e-08
13763 2.999443e-05 8.614158e-08
13764 2.999246e-05 8.607817e-08
13765 2.999049e-05 8.601481e-08
13766 2.998852e-05 8.595149e-08
13767 2.998656e-05 8.588822e-08
13768 2.998459e-05 8.582500e-08
13769 2.998263e-05 8.576182e-08
13770 2.998067e-05 8.569869e-08
13771 2.997871e-05 8.563560e-08
13772 2.997676e-05 8.557257e-08
13773 2.997480e-05 8.550957e-08
13774 2.997285e-05 8.544663e-08
13775 2.997090e-05 8.538373e-08
13776 2.996895e-05 8.532088e-08
13777 2.996701e-05 8.525807e-08
13778 2.996506e-05 8.519531e-08
13779 2.996312e-05 8.513260e-08
13780 2.996118e-05 8.506993e-08
13781 2.995924e-05 8.500731e-08
13782 2.995731e-05 8.494473e-08
13783 2.995537e-05 8.488220e-08
13784 2.995344e-05 8.481972e-08
13785 2.995151e-05 8.475728e-08
13786 2.994958e-05 8.469489e-08
13787 2.994765e-05 8.463255e-08
13788 2.994573e-05 8.457025e-08
13789 2.994381e-05 8.450799e-08
13790 2.994189e-05 8.444579e-08
13791 2.993997e-05 8.438362e-08
13792 2.993805e-05 8.432151e-08
13793 2.993613e-05 8.425944e-08
13794 2.993422e-05 8.419741e-08
13795 2.993231e-05 8.413543e-08
13796 2.993040e-05 8.407350e-08
13797 2.992849e-05 8.401161e-08
13798 2.992659e-05 8.394977e-08
13799 2.992468e-05 8.388797e-08
13800 2.992278e-05 8.382622e-08
13801 2.992088e-05 8.376452e-08
13802 2.991898e-05 8.370285e-08
13803 2.991708e-05 8.364124e-08
13804 2.991519e-05 8.357967e-08
13805 2.991330e-05 8.351815e-08
13806 2.991141e-05 8.345667e-08
13807 2.990952e-05 8.339523e-08
13808 2.990763e-05 8.333384e-08
13809 2.990575e-05 8.327250e-08
13810 2.990386e-05 8.321120e-08
13811 2.990198e-05 8.314995e-08
13812 2.990010e-05 8.308874e-08
13813 2.989822e-05 8.302758e-08
13814 2.989635e-05 8.296646e-08
13815 2.989447e-05 8.290539e-08
13816 2.989260e-05 8.284436e-08
13817 2.989073e-05 8.278338e-08
13818 2.988886e-05 8.272244e-08
13819 2.988700e-05 8.266154e-08
13820 2.988513e-05 8.260069e-08
13821 2.988327e-05 8.253989e-08
13822 2.988141e-05 8.247913e-08
13823 2.987955e-05 8.241842e-08
13824 2.987769e-05 8.235775e-08
13825 2.987584e-05 8.229712e-08
13826 2.987398e-05 8.223654e-08
13827 2.987213e-05 8.217601e-08
13828 2.987028e-05 8.211552e-08
13829 2.986843e-05 8.205507e-08
13830 2.986659e-05 8.199467e-08
13831 2.986474e-05 8.193431e-08
13832 2.986290e-05 8.187400e-08
13833 2.986106e-05 8.181373e-08
13834 2.985922e-05 8.175350e-08
13835 2.985738e-05 8.169332e-08
13836 2.985555e-05 8.163319e-08
13837 2.985371e-05 8.157309e-08
13838 2.985188e-05 8.151305e-08
13839 2.985005e-05 8.145304e-08
13840 2.984822e-05 8.139308e-08
13841 2.984640e-05 8.133317e-08
13842 2.984457e-05 8.127330e-08
13843 2.984275e-05 8.121347e-08
13844 2.984093e-05 8.115369e-08
13845 2.983911e-05 8.109395e-08
13846 2.983729e-05 8.103426e-08
13847 2.983548e-05 8.097461e-08
13848 2.983366e-05 8.091500e-08
13849 2.983185e-05 8.085544e-08
13850 2.983004e-05 8.079592e-08
13851 2.982823e-05 8.073644e-08
13852 2.982643e-05 8.067701e-08
13853 2.982462e-05 8.061762e-08
13854 2.982282e-05 8.055828e-08
13855 2.982102e-05 8.049898e-08
13856 2.981922e-05 8.043972e-08
13857 2.981742e-05 8.038051e-08
13858 2.981563e-05 8.032134e-08
13859 2.981383e-05 8.026221e-08
13860 2.981204e-05 8.020313e-08
13861 2.981025e-05 8.014409e-08
13862 2.980846e-05 8.008510e-08
13863 2.980667e-05 8.002614e-08
13864 2.980489e-05 7.996724e-08
13865 2.980311e-05 7.990837e-08
13866 2.980132e-05 7.984955e-08
13867 2.979954e-05 7.979077e-08
13868 2.979777e-05 7.973203e-08
13869 2.979599e-05 7.967334e-08
13870 2.979421e-05 7.961469e-08
13871 2.979244e-05 7.955609e-08
13872 2.979067e-05 7.949752e-08
13873 2.978890e-05 7.943900e-08
13874 2.978713e-05 7.938053e-08
13875 2.978537e-05 7.932209e-08
13876 2.978360e-05 7.926370e-08
13877 2.978184e-05 7.920536e-08
13878 2.978008e-05 7.914705e-08
13879 2.977832e-05 7.908879e-08
13880 2.977656e-05 7.903057e-08
13881 2.977481e-05 7.897240e-08
13882 2.977306e-05 7.891426e-08
13883 2.977130e-05 7.885617e-08
13884 2.976955e-05 7.879813e-08
13885 2.976780e-05 7.874012e-08
13886 2.976606e-05 7.868216e-08
13887 2.976431e-05 7.862424e-08
13888 2.976257e-05 7.856636e-08
13889 2.976083e-05 7.850853e-08
13890 2.975909e-05 7.845074e-08
13891 2.975735e-05 7.839299e-08
13892 2.975561e-05 7.833528e-08
13893 2.975388e-05 7.827762e-08
13894 2.975215e-05 7.822000e-08
13895 2.975041e-05 7.816242e-08
13896 2.974868e-05 7.810488e-08
13897 2.974696e-05 7.804739e-08
13898 2.974523e-05 7.798993e-08
13899 2.974351e-05 7.793252e-08
13900 2.974178e-05 7.787516e-08
13901 2.974006e-05 7.781783e-08
13902 2.973834e-05 7.776055e-08
13903 2.973662e-05 7.770331e-08
13904 2.973491e-05 7.764611e-08
13905 2.973319e-05 7.758895e-08
13906 2.973148e-05 7.753184e-08
13907 2.972977e-05 7.747477e-08
13908 2.972806e-05 7.741773e-08
13909 2.972635e-05 7.736075e-08
13910 2.972465e-05 7.730380e-08
13911 2.972294e-05 7.724690e-08
13912 2.972124e-05 7.719003e-08
13913 2.971954e-05 7.713321e-08
13914 2.971784e-05 7.707643e-08
13915 2.971614e-05 7.701969e-08
13916 2.971445e-05 7.696300e-08
13917 2.971275e-05 7.690635e-08
13918 2.971106e-05 7.684973e-08
13919 2.970937e-05 7.679316e-08
13920 2.970768e-05 7.673663e-08
13921 2.970599e-05 7.668015e-08
13922 2.970431e-05 7.662370e-08
13923 2.970262e-05 7.656730e-08
13924 2.970094e-05 7.651093e-08
13925 2.969926e-05 7.645461e-08
13926 2.969758e-05 7.639833e-08
13927 2.969590e-05 7.634210e-08
13928 2.969422e-05 7.628590e-08
13929 2.969255e-05 7.622974e-08
13930 2.969088e-05 7.617363e-08
13931 2.968921e-05 7.611756e-08
13932 2.968754e-05 7.606153e-08
13933 2.968587e-05 7.600554e-08
13934 2.968420e-05 7.594959e-08
13935 2.968254e-05 7.589368e-08
13936 2.968088e-05 7.583781e-08
13937 2.967921e-05 7.578199e-08
13938 2.967755e-05 7.572620e-08
13939 2.967590e-05 7.567046e-08
13940 2.967424e-05 7.561476e-08
13941 2.967259e-05 7.555909e-08
13942 2.967093e-05 7.550347e-08
13943 2.966928e-05 7.544789e-08
13944 2.966763e-05 7.539236e-08
13945 2.966598e-05 7.533686e-08
13946 2.966434e-05 7.528140e-08
13947 2.966269e-05 7.522599e-08
13948 2.966105e-05 7.517061e-08
13949 2.965941e-05 7.511528e-08
13950 2.965777e-05 7.505998e-08
13951 2.965613e-05 7.500473e-08
13952 2.965449e-05 7.494952e-08
13953 2.965285e-05 7.489435e-08
13954 2.965122e-05 7.483921e-08
13955 2.964959e-05 7.478412e-08
13956 2.964796e-05 7.472907e-08
13957 2.964633e-05 7.467406e-08
13958 2.964470e-05 7.461910e-08
13959 2.964308e-05 7.456417e-08
13960 2.964145e-05 7.450928e-08
13961 2.963983e-05 7.445443e-08
13962 2.963821e-05 7.439962e-08
13963 2.963659e-05 7.434486e-08
13964 2.963497e-05 7.429013e-08
13965 2.963335e-05 7.423545e-08
13966 2.963174e-05 7.418080e-08
13967 2.963013e-05 7.412619e-08
13968 2.962852e-05 7.407163e-08
13969 2.962691e-05 7.401710e-08
13970 2.962530e-05 7.396262e-08
13971 2.962369e-05 7.390817e-08
13972 2.962209e-05 7.385377e-08
13973 2.962048e-05 7.379940e-08
13974 2.961888e-05 7.374508e-08
13975 2.961728e-05 7.369079e-08
13976 2.961568e-05 7.363655e-08
13977 2.961408e-05 7.358234e-08
13978 2.961249e-05 7.352818e-08
13979 2.961089e-05 7.347405e-08
13980 2.960930e-05 7.341997e-08
13981 2.960771e-05 7.336592e-08
13982 2.960612e-05 7.331191e-08
13983 2.960453e-05 7.325795e-08
13984 2.960295e-05 7.320402e-08
13985 2.960136e-05 7.315013e-08
13986 2.959978e-05 7.309629e-08
13987 2.959820e-05 7.304248e-08
13988 2.959662e-05 7.298871e-08
13989 2.959504e-05 7.293498e-08
13990 2.959346e-05 7.288129e-08
13991 2.959188e-05 7.282765e-08
13992 2.959031e-05 7.277404e-08
13993 2.958874e-05 7.272047e-08
13994 2.958717e-05 7.266693e-08
13995 2.958560e-05 7.261344e-08
13996 2.958403e-05 7.255999e-08
13997 2.958246e-05 7.250658e-08
13998 2.958090e-05 7.245321e-08
13999 2.957933e-05 7.239987e-08
14000 2.957777e-05 7.234658e-08
14001 2.957621e-05 7.229332e-08
14002 2.957465e-05 7.224010e-08
14003 2.957310e-05 7.218693e-08
14004 2.957154e-05 7.213379e-08
14005 2.956999e-05 7.208069e-08
14006 2.956843e-05 7.202763e-08
14007 2.956688e-05 7.197461e-08
14008 2.956533e-05 7.192163e-08
14009 2.956378e-05 7.186868e-08
14010 2.956224e-05 7.181578e-08
14011 2.956069e-05 7.176292e-08
14012 2.955915e-05 7.171009e-08
14013 2.955761e-05 7.165730e-08
14014 2.955607e-05 7.160455e-08
14015 2.955453e-05 7.155185e-08
14016 2.955299e-05 7.149917e-08
14017 2.955145e-05 7.144654e-08
14018 2.954992e-05 7.139395e-08
14019 2.954839e-05 7.134140e-08
14020 2.954685e-05 7.128888e-08
14021 2.954532e-05 7.123640e-08
14022 2.954380e-05 7.118396e-08
14023 2.954227e-05 7.113156e-08
14024 2.954074e-05 7.107920e-08
14025 2.953922e-05 7.102688e-08
14026 2.953770e-05 7.097460e-08
14027 2.953618e-05 7.092235e-08
14028 2.953466e-05 7.087014e-08
14029 2.953314e-05 7.081798e-08
14030 2.953162e-05 7.076584e-08
14031 2.953011e-05 7.071375e-08
14032 2.952859e-05 7.066170e-08
14033 2.952708e-05 7.060968e-08
14034 2.952557e-05 7.055771e-08
14035 2.952406e-05 7.050577e-08
14036 2.952255e-05 7.045387e-08
14037 2.952105e-05 7.040201e-08
14038 2.951954e-05 7.035018e-08
14039 2.951804e-05 7.029840e-08
14040 2.951653e-05 7.024665e-08
14041 2.951503e-05 7.019494e-08
14042 2.951354e-05 7.014327e-08
14043 2.951204e-05 7.009163e-08
14044 2.951054e-05 7.004004e-08
14045 2.950905e-05 6.998848e-08
14046 2.950755e-05 6.993696e-08
14047 2.950606e-05 6.988548e-08
14048 2.950457e-05 6.983403e-08
14049 2.950308e-05 6.978263e-08
14050 2.950160e-05 6.973126e-08
14051 2.950011e-05 6.967993e-08
14052 2.949862e-05 6.962864e-08
14053 2.949714e-05 6.957738e-08
14054 2.949566e-05 6.952616e-08
14055 2.949418e-05 6.947498e-08
14056 2.949270e-05 6.942384e-08
14057 2.949122e-05 6.937274e-08
14058 2.948975e-05 6.932167e-08
14059 2.948827e-05 6.927064e-08
14060 2.948680e-05 6.921965e-08
14061 2.948533e-05 6.916870e-08
14062 2.948386e-05 6.911778e-08
14063 2.948239e-05 6.906690e-08
14064 2.948092e-05 6.901606e-08
14065 2.947946e-05 6.896526e-08
14066 2.947799e-05 6.891449e-08
14067 2.947653e-05 6.886376e-08
14068 2.947507e-05 6.881307e-08
14069 2.947361e-05 6.876242e-08
14070 2.947215e-05 6.871180e-08
14071 2.947069e-05 6.866122e-08
14072 2.946923e-05 6.861068e-08
14073 2.946778e-05 6.856017e-08
14074 2.946633e-05 6.850970e-08
14075 2.946488e-05 6.845927e-08
14076 2.946343e-05 6.840888e-08
14077 2.946198e-05 6.835852e-08
14078 2.946053e-05 6.830820e-08
14079 2.945908e-05 6.825792e-08
14080 2.945764e-05 6.820767e-08
14081 2.945619e-05 6.815746e-08
14082 2.945475e-05 6.810729e-08
14083 2.945331e-05 6.805716e-08
14084 2.945187e-05 6.800706e-08
14085 2.945044e-05 6.795700e-08
14086 2.944900e-05 6.790697e-08
14087 2.944756e-05 6.785698e-08
14088 2.944613e-05 6.780703e-08
14089 2.944470e-05 6.775712e-08
14090 2.944327e-05 6.770724e-08
14091 2.944184e-05 6.765740e-08
14092 2.944041e-05 6.760760e-08
14093 2.943898e-05 6.755783e-08
14094 2.943756e-05 6.750810e-08
14095 2.943614e-05 6.745841e-08
14096 2.943471e-05 6.740875e-08
14097 2.943329e-05 6.735913e-08
14098 2.943187e-05 6.730954e-08
14099 2.943045e-05 6.726000e-08
14100 2.942904e-05 6.721048e-08
14101 2.942762e-05 6.716101e-08
14102 2.942621e-05 6.711157e-08
14103 2.942479e-05 6.706217e-08
14104 2.942338e-05 6.701280e-08
14105 2.942197e-05 6.696347e-08
14106 2.942056e-05 6.691418e-08
14107 2.941916e-05 6.686493e-08
14108 2.941775e-05 6.681570e-08
14109 2.941635e-05 6.676652e-08
14110 2.941494e-05 6.671737e-08
14111 2.941354e-05 6.666826e-08
14112 2.941214e-05 6.661918e-08
14113 2.941074e-05 6.657015e-08
14114 2.940934e-05 6.652114e-08
14115 2.940795e-05 6.647217e-08
14116 2.940655e-05 6.642324e-08
14117 2.940516e-05 6.637435e-08
14118 2.940377e-05 6.632549e-08
14119 2.940237e-05 6.627667e-08
14120 2.940098e-05 6.622788e-08
14121 2.939960e-05 6.617913e-08
14122 2.939821e-05 6.613041e-08
14123 2.939682e-05 6.608173e-08
14124 2.939544e-05 6.603309e-08
14125 2.939406e-05 6.598448e-08
14126 2.939267e-05 6.593591e-08
14127 2.939129e-05 6.588737e-08
14128 2.938991e-05 6.583887e-08
14129 2.938854e-05 6.579040e-08
14130 2.938716e-05 6.574197e-08
14131 2.938579e-05 6.569358e-08
14132 2.938441e-05 6.564522e-08
14133 2.938304e-05 6.559690e-08
14134 2.938167e-05 6.554861e-08
14135 2.938030e-05 6.550036e-08
14136 2.937893e-05 6.545215e-08
14137 2.937756e-05 6.540396e-08
14138 2.937620e-05 6.535582e-08
14139 2.937483e-05 6.530771e-08
14140 2.937347e-05 6.525964e-08
14141 2.937211e-05 6.521160e-08
14142 2.937075e-05 6.516359e-08
14143 2.936939e-05 6.511563e-08
14144 2.936803e-05 6.506769e-08
14145 2.936667e-05 6.501980e-08
14146 2.936532e-05 6.497193e-08
14147 2.936396e-05 6.492411e-08
14148 2.936261e-05 6.487631e-08
14149 2.936126e-05 6.482856e-08
14150 2.935991e-05 6.478084e-08
14151 2.935856e-05 6.473315e-08
14152 2.935721e-05 6.468550e-08
14153 2.935587e-05 6.463788e-08
14154 2.935452e-05 6.459030e-08
14155 2.935318e-05 6.454276e-08
14156 2.935184e-05 6.449524e-08
14157 2.935050e-05 6.444777e-08
14158 2.934916e-05 6.440033e-08
14159 2.934782e-05 6.435292e-08
14160 2.934648e-05 6.430555e-08
14161 2.934515e-05 6.425821e-08
14162 2.934381e-05 6.421091e-08
14163 2.934248e-05 6.416365e-08
14164 2.934115e-05 6.411641e-08
14165 2.933982e-05 6.406922e-08
14166 2.933849e-05 6.402205e-08
14167 2.933716e-05 6.397493e-08
14168 2.933583e-05 6.392783e-08
14169 2.933451e-05 6.388077e-08
14170 2.933318e-05 6.383375e-08
14171 2.933186e-05 6.378676e-08
14172 2.933054e-05 6.373981e-08
14173 2.932922e-05 6.369289e-08
14174 2.932790e-05 6.364600e-08
14175 2.932658e-05 6.359915e-08
14176 2.932526e-05 6.355233e-08
14177 2.932395e-05 6.350555e-08
14178 2.932263e-05 6.345880e-08
14179 2.932132e-05 6.341209e-08
14180 2.932001e-05 6.336541e-08
14181 2.931870e-05 6.331877e-08
14182 2.931739e-05 6.327216e-08
14183 2.931608e-05 6.322558e-08
14184 2.931478e-05 6.317904e-08
14185 2.931347e-05 6.313253e-08
14186 2.931217e-05 6.308606e-08
14187 2.931086e-05 6.303962e-08
14188 2.930956e-05 6.299322e-08
14189 2.930826e-05 6.294685e-08
14190 2.930696e-05 6.290051e-08
14191 2.930567e-05 6.285421e-08
14192 2.930437e-05 6.280794e-08
14193 2.930307e-05 6.276171e-08
14194 2.930178e-05 6.271551e-08
14195 2.930049e-05 6.266934e-08
14196 2.929920e-05 6.262321e-08
14197 2.929790e-05 6.257711e-08
14198 2.929662e-05 6.253105e-08
14199 2.929533e-05 6.248502e-08
14200 2.929404e-05 6.243902e-08
14201 2.929276e-05 6.239306e-08
14202 2.929147e-05 6.234713e-08
14203 2.929019e-05 6.230123e-08
14204 2.928891e-05 6.225537e-08
14205 2.928763e-05 6.220955e-08
14206 2.928635e-05 6.216375e-08
14207 2.928507e-05 6.211799e-08
14208 2.928379e-05 6.207227e-08
14209 2.928252e-05 6.202657e-08
14210 2.928124e-05 6.198091e-08
14211 2.927997e-05 6.193529e-08
14212 2.927870e-05 6.188970e-08
14213 2.927743e-05 6.184414e-08
14214 2.927616e-05 6.179861e-08
14215 2.927489e-05 6.175312e-08
14216 2.927362e-05 6.170767e-08
14217 2.927236e-05 6.166224e-08
14218 2.927109e-05 6.161685e-08
14219 2.926983e-05 6.157149e-08
14220 2.926857e-05 6.152617e-08
14221 2.926731e-05 6.148088e-08
14222 2.926605e-05 6.143562e-08
14223 2.926479e-05 6.139040e-08
14224 2.926353e-05 6.134521e-08
14225 2.926228e-05 6.130005e-08
14226 2.926102e-05 6.125493e-08
14227 2.925977e-05 6.120984e-08
14228 2.925851e-05 6.116478e-08
14229 2.925726e-05 6.111975e-08
14230 2.925601e-05 6.107476e-08
14231 2.925476e-05 6.102980e-08
14232 2.925352e-05 6.098488e-08
14233 2.925227e-05 6.093999e-08
14234 2.925102e-05 6.089513e-08
14235 2.924978e-05 6.085030e-08
14236 2.924854e-05 6.080551e-08
14237 2.924730e-05 6.076075e-08
14238 2.924606e-05 6.071602e-08
14239 2.924482e-05 6.067133e-08
14240 2.924358e-05 6.062667e-08
14241 2.924234e-05 6.058204e-08
14242 2.924111e-05 6.053744e-08
14243 2.923987e-05 6.049288e-08
14244 2.923864e-05 6.044835e-08
14245 2.923741e-05 6.040385e-08
14246 2.923617e-05 6.035939e-08
14247 2.923494e-05 6.031496e-08
14248 2.923372e-05 6.027056e-08
14249 2.923249e-05 6.022619e-08
14250 2.923126e-05 6.018186e-08
14251 2.923004e-05 6.013756e-08
14252 2.922881e-05 6.009329e-08
14253 2.922759e-05 6.004905e-08
14254 2.922637e-05 6.000485e-08
14255 2.922515e-05 5.996068e-08
14256 2.922393e-05 5.991654e-08
14257 2.922271e-05 5.987244e-08
14258 2.922149e-05 5.982836e-08
14259 2.922028e-05 5.978432e-08
14260 2.921906e-05 5.974031e-08
14261 2.921785e-05 5.969634e-08
14262 2.921664e-05 5.965239e-08
14263 2.921543e-05 5.960848e-08
14264 2.921422e-05 5.956460e-08
14265 2.921301e-05 5.952076e-08
14266 2.921180e-05 5.947694e-08
14267 2.921059e-05 5.943316e-08
14268 2.920939e-05 5.938941e-08
14269 2.920818e-05 5.934569e-08
14270 2.920698e-05 5.930201e-08
14271 2.920578e-05 5.925836e-08
14272 2.920458e-05 5.921473e-08
14273 2.920338e-05 5.917115e-08
14274 2.920218e-05 5.912759e-08
14275 2.920098e-05 5.908406e-08
14276 2.919978e-05 5.904057e-08
14277 2.919859e-05 5.899711e-08
14278 2.919740e-05 5.895368e-08
14279 2.919620e-05 5.891028e-08
14280 2.919501e-05 5.886692e-08
14281 2.919382e-05 5.882359e-08
14282 2.919263e-05 5.878029e-08
14283 2.919144e-05 5.873702e-08
14284 2.919026e-05 5.869378e-08
14285 2.918907e-05 5.865057e-08
14286 2.918788e-05 5.860740e-08
14287 2.918670e-05 5.856426e-08
14288 2.918552e-05 5.852115e-08
14289 2.918434e-05 5.847807e-08
14290 2.918316e-05 5.843502e-08
14291 2.918198e-05 5.839201e-08
14292 2.918080e-05 5.834902e-08
14293 2.917962e-05 5.830607e-08
14294 2.917845e-05 5.826315e-08
14295 2.917727e-05 5.822026e-08
14296 2.917610e-05 5.817741e-08
14297 2.917492e-05 5.813458e-08
14298 2.917375e-05 5.809179e-08
14299 2.917258e-05 5.804902e-08
14300 2.917141e-05 5.800629e-08
14301 2.917025e-05 5.796359e-08
14302 2.916908e-05 5.792093e-08
14303 2.916791e-05 5.787829e-08
14304 2.916675e-05 5.783568e-08
14305 2.916558e-05 5.779311e-08
14306 2.916442e-05 5.775057e-08
14307 2.916326e-05 5.770806e-08
14308 2.916210e-05 5.766558e-08
14309 2.916094e-05 5.762313e-08
14310 2.915978e-05 5.758071e-08
14311 2.915863e-05 5.753832e-08
14312 2.915747e-05 5.749597e-08
14313 2.915631e-05 5.745365e-08
14314 2.915516e-05 5.741135e-08
14315 2.915401e-05 5.736909e-08
14316 2.915286e-05 5.732686e-08
14317 2.915171e-05 5.728466e-08
14318 2.915056e-05 5.724249e-08
14319 2.914941e-05 5.720036e-08
14320 2.914826e-05 5.715825e-08
14321 2.914712e-05 5.711618e-08
14322 2.914597e-05 5.707413e-08
14323 2.914483e-05 5.703212e-08
14324 2.914368e-05 5.699014e-08
14325 2.914254e-05 5.694818e-08
14326 2.914140e-05 5.690626e-08
14327 2.914026e-05 5.686437e-08
14328 2.913912e-05 5.682252e-08
14329 2.913799e-05 5.678069e-08
14330 2.913685e-05 5.673889e-08
14331 2.913571e-05 5.669712e-08
14332 2.913458e-05 5.665539e-08
14333 2.913345e-05 5.661368e-08
14334 2.913232e-05 5.657201e-08
14335 2.913118e-05 5.653036e-08
14336 2.913005e-05 5.648875e-08
14337 2.912893e-05 5.644717e-08
14338 2.912780e-05 5.640562e-08
14339 2.912667e-05 5.636410e-08
14340 2.912555e-05 5.632261e-08
14341 2.912442e-05 5.628115e-08
14342 2.912330e-05 5.623972e-08
14343 2.912218e-05 5.619832e-08
14344 2.912105e-05 5.615695e-08
14345 2.911993e-05 5.611561e-08
14346 2.911881e-05 5.607430e-08
14347 2.911770e-05 5.603303e-08
14348 2.911658e-05 5.599178e-08
14349 2.911546e-05 5.595056e-08
14350 2.911435e-05 5.590938e-08
14351 2.911323e-05 5.586822e-08
14352 2.911212e-05 5.582709e-08
14353 2.911101e-05 5.578600e-08
14354 2.910990e-05 5.574493e-08
14355 2.910879e-05 5.570390e-08
14356 2.910768e-05 5.566289e-08
14357 2.910657e-05 5.562192e-08
14358 2.910547e-05 5.558098e-08
14359 2.910436e-05 5.554006e-08
14360 2.910326e-05 5.549918e-08
14361 2.910215e-05 5.545832e-08
14362 2.910105e-05 5.541750e-08
14363 2.909995e-05 5.537671e-08
14364 2.909885e-05 5.533594e-08
14365 2.909775e-05 5.529521e-08
14366 2.909665e-05 5.525450e-08
14367 2.909555e-05 5.521383e-08
14368 2.909446e-05 5.517319e-08
14369 2.909336e-05 5.513257e-08
14370 2.909227e-05 5.509199e-08
14371 2.909118e-05 5.505143e-08
14372 2.909008e-05 5.501091e-08
14373 2.908899e-05 5.497042e-08
14374 2.908790e-05 5.492995e-08
14375 2.908681e-05 5.488952e-08
14376 2.908573e-05 5.484911e-08
14377 2.908464e-05 5.480874e-08
14378 2.908355e-05 5.476839e-08
14379 2.908247e-05 5.472807e-08
14380 2.908139e-05 5.468779e-08
14381 2.908030e-05 5.464753e-08
14382 2.907922e-05 5.460730e-08
14383 2.907814e-05 5.456711e-08
14384 2.907706e-05 5.452694e-08
14385 2.907598e-05 5.448680e-08
14386 2.907490e-05 5.444669e-08
14387 2.907383e-05 5.440661e-08
14388 2.907275e-05 5.436656e-08
14389 2.907168e-05 5.432654e-08
14390 2.907060e-05 5.428655e-08
14391 2.906953e-05 5.424659e-08
14392 2.906846e-05 5.420666e-08
14393 2.906739e-05 5.416676e-08
14394 2.906632e-05 5.412688e-08
14395 2.906525e-05 5.408704e-08
14396 2.906418e-05 5.404723e-08
14397 2.906312e-05 5.400744e-08
14398 2.906205e-05 5.396768e-08
14399 2.906099e-05 5.392796e-08
14400 2.905992e-05 5.388826e-08
14401 2.905886e-05 5.384859e-08
14402 2.905780e-05 5.380895e-08
14403 2.905674e-05 5.376934e-08
14404 2.905568e-05 5.372976e-08
14405 2.905462e-05 5.369021e-08
14406 2.905356e-05 5.365069e-08
14407 2.905251e-05 5.361120e-08
14408 2.905145e-05 5.357173e-08
14409 2.905040e-05 5.353230e-08
14410 2.904935e-05 5.349289e-08
14411 2.904829e-05 5.345351e-08
14412 2.904724e-05 5.341417e-08
14413 2.904619e-05 5.337485e-08
14414 2.904514e-05 5.333556e-08
14415 2.904409e-05 5.329630e-08
14416 2.904305e-05 5.325706e-08
14417 2.904200e-05 5.321786e-08
14418 2.904095e-05 5.317868e-08
14419 2.903991e-05 5.313954e-08
14420 2.903886e-05 5.310042e-08
14421 2.903782e-05 5.306133e-08
14422 2.903678e-05 5.302227e-08
14423 2.903574e-05 5.298324e-08
14424 2.903470e-05 5.294424e-08
14425 2.903366e-05 5.290527e-08
14426 2.903262e-05 5.286632e-08
14427 2.903159e-05 5.282741e-08
14428 2.903055e-05 5.278852e-08
14429 2.902952e-05 5.274966e-08
14430 2.902848e-05 5.271083e-08
14431 2.902745e-05 5.267203e-08
14432 2.902642e-05 5.263326e-08
14433 2.902539e-05 5.259451e-08
14434 2.902436e-05 5.255580e-08
14435 2.902333e-05 5.251711e-08
14436 2.902230e-05 5.247845e-08
14437 2.902127e-05 5.243982e-08
14438 2.902025e-05 5.240122e-08
14439 2.901922e-05 5.236265e-08
14440 2.901820e-05 5.232410e-08
14441 2.901717e-05 5.228559e-08
14442 2.901615e-05 5.224710e-08
14443 2.901513e-05 5.220864e-08
14444 2.901411e-05 5.217021e-08
14445 2.901309e-05 5.213180e-08
14446 2.901207e-05 5.209343e-08
14447 2.901106e-05 5.205508e-08
14448 2.901004e-05 5.201676e-08
14449 2.900902e-05 5.197847e-08
14450 2.900801e-05 5.194021e-08
14451 2.900700e-05 5.190197e-08
14452 2.900598e-05 5.186377e-08
14453 2.900497e-05 5.182559e-08
14454 2.900396e-05 5.178744e-08
14455 2.900295e-05 5.174932e-08
14456 2.900194e-05 5.171123e-08
14457 2.900093e-05 5.167316e-08
14458 2.899993e-05 5.163512e-08
14459 2.899892e-05 5.159711e-08
14460 2.899792e-05 5.155913e-08
14461 2.899691e-05 5.152118e-08
14462 2.899591e-05 5.148325e-08
14463 2.899491e-05 5.144535e-08
14464 2.899390e-05 5.140748e-08
14465 2.899290e-05 5.136964e-08
14466 2.899190e-05 5.133183e-08
14467 2.899091e-05 5.129404e-08
14468 2.898991e-05 5.125628e-08
14469 2.898891e-05 5.121855e-08
14470 2.898792e-05 5.118085e-08
14471 2.898692e-05 5.114318e-08
14472 2.898593e-05 5.110553e-08
14473 2.898493e-05 5.106791e-08
14474 2.898394e-05 5.103032e-08
14475 2.898295e-05 5.099275e-08
14476 2.898196e-05 5.095522e-08
14477 2.898097e-05 5.091771e-08
14478 2.897998e-05 5.088022e-08
14479 2.897900e-05 5.084277e-08
14480 2.897801e-05 5.080534e-08
14481 2.897703e-05 5.076795e-08
14482 2.897604e-05 5.073057e-08
14483 2.897506e-05 5.069323e-08
14484 2.897407e-05 5.065591e-08
14485 2.897309e-05 5.061863e-08
14486 2.897211e-05 5.058136e-08
14487 2.897113e-05 5.054413e-08
14488 2.897015e-05 5.050692e-08
14489 2.896917e-05 5.046975e-08
14490 2.896820e-05 5.043259e-08
14491 2.896722e-05 5.039547e-08
14492 2.896625e-05 5.035837e-08
14493 2.896527e-05 5.032130e-08
14494 2.896430e-05 5.028426e-08
14495 2.896332e-05 5.024725e-08
14496 2.896235e-05 5.021026e-08
14497 2.896138e-05 5.017330e-08
14498 2.896041e-05 5.013636e-08
14499 2.895944e-05 5.009946e-08
14500 2.895847e-05 5.006258e-08
14501 2.895751e-05 5.002573e-08
14502 2.895654e-05 4.998890e-08
14503 2.895558e-05 4.995210e-08
14504 2.895461e-05 4.991533e-08
14505 2.895365e-05 4.987859e-08
14506 2.895269e-05 4.984187e-08
14507 2.895172e-05 4.980518e-08
14508 2.895076e-05 4.976852e-08
14509 2.894980e-05 4.973189e-08
14510 2.894884e-05 4.969528e-08
14511 2.894789e-05 4.965870e-08
14512 2.894693e-05 4.962214e-08
14513 2.894597e-05 4.958561e-08
14514 2.894502e-05 4.954911e-08
14515 2.894406e-05 4.951264e-08
14516 2.894311e-05 4.947619e-08
14517 2.894215e-05 4.943977e-08
14518 2.894120e-05 4.940338e-08
14519 2.894025e-05 4.936701e-08
14520 2.893930e-05 4.933067e-08
14521 2.893835e-05 4.929436e-08
14522 2.893740e-05 4.925807e-08
14523 2.893646e-05 4.922181e-08
14524 2.893551e-05 4.918558e-08
14525 2.893456e-05 4.914937e-08
14526 2.893362e-05 4.911319e-08
14527 2.893267e-05 4.907704e-08
14528 2.893173e-05 4.904091e-08
14529 2.893079e-05 4.900481e-08
14530 2.892985e-05 4.896874e-08
14531 2.892891e-05 4.893269e-08
14532 2.892797e-05 4.889667e-08
14533 2.892703e-05 4.886068e-08
14534 2.892609e-05 4.882471e-08
14535 2.892515e-05 4.878877e-08
14536 2.892422e-05 4.875286e-08
14537 2.892328e-05 4.871697e-08
14538 2.892235e-05 4.868111e-08
14539 2.892141e-05 4.864527e-08
14540 2.892048e-05 4.860946e-08
14541 2.891955e-05 4.857368e-08
14542 2.891862e-05 4.853793e-08
14543 2.891769e-05 4.850220e-08
14544 2.891676e-05 4.846649e-08
14545 2.891583e-05 4.843082e-08
14546 2.891490e-05 4.839516e-08
14547 2.891398e-05 4.835954e-08
14548 2.891305e-05 4.832394e-08
14549 2.891213e-05 4.828837e-08
14550 2.891120e-05 4.825282e-08
14551 2.891028e-05 4.821730e-08
14552 2.890936e-05 4.818181e-08
14553 2.890844e-05 4.814634e-08
14554 2.890752e-05 4.811090e-08
14555 2.890660e-05 4.807549e-08
14556 2.890568e-05 4.804010e-08
14557 2.890476e-05 4.800473e-08
14558 2.890384e-05 4.796940e-08
14559 2.890293e-05 4.793409e-08
14560 2.890201e-05 4.789880e-08
14561 2.890110e-05 4.786354e-08
14562 2.890018e-05 4.782831e-08
14563 2.889927e-05 4.779310e-08
14564 2.889836e-05 4.775792e-08
14565 2.889745e-05 4.772276e-08
14566 2.889654e-05 4.768763e-08
14567 2.889563e-05 4.765253e-08
14568 2.889472e-05 4.761745e-08
14569 2.889381e-05 4.758240e-08
14570 2.889290e-05 4.754737e-08
14571 2.889200e-05 4.751237e-08
14572 2.889109e-05 4.747740e-08
14573 2.889019e-05 4.744245e-08
14574 2.888928e-05 4.740753e-08
14575 2.888838e-05 4.737263e-08
14576 2.888748e-05 4.733776e-08
14577 2.888658e-05 4.730291e-08
14578 2.888568e-05 4.726809e-08
14579 2.888478e-05 4.723330e-08
14580 2.888388e-05 4.719853e-08
14581 2.888298e-05 4.716378e-08
14582 2.888208e-05 4.712907e-08
14583 2.888119e-05 4.709437e-08
14584 2.888029e-05 4.705971e-08
14585 2.887940e-05 4.702506e-08
14586 2.887850e-05 4.699045e-08
14587 2.887761e-05 4.695586e-08
14588 2.887672e-05 4.692129e-08
14589 2.887583e-05 4.688675e-08
14590 2.887494e-05 4.685224e-08
14591 2.887405e-05 4.681775e-08
14592 2.887316e-05 4.678329e-08
14593 2.887227e-05 4.674885e-08
14594 2.887139e-05 4.671444e-08
14595 2.887050e-05 4.668005e-08
14596 2.886961e-05 4.664569e-08
14597 2.886873e-05 4.661135e-08
14598 2.886785e-05 4.657704e-08
14599 2.886696e-05 4.654275e-08
14600 2.886608e-05 4.650849e-08
14601 2.886520e-05 4.647426e-08
14602 2.886432e-05 4.644005e-08
14603 2.886344e-05 4.640586e-08
14604 2.886256e-05 4.637170e-08
14605 2.886168e-05 4.633756e-08
14606 2.886080e-05 4.630345e-08
14607 2.885993e-05 4.626937e-08
14608 2.885905e-05 4.623531e-08
14609 2.885818e-05 4.620128e-08
14610 2.885730e-05 4.616727e-08
14611 2.885643e-05 4.613328e-08
14612 2.885556e-05 4.609932e-08
14613 2.885469e-05 4.606539e-08
14614 2.885382e-05 4.603148e-08
14615 2.885295e-05 4.599759e-08
14616 2.885208e-05 4.596373e-08
14617 2.885121e-05 4.592990e-08
14618 2.885034e-05 4.589609e-08
14619 2.884947e-05 4.586230e-08
14620 2.884861e-05 4.582854e-08
14621 2.884774e-05 4.579481e-08
14622 2.884688e-05 4.576110e-08
14623 2.884602e-05 4.572741e-08
14624 2.884515e-05 4.569375e-08
14625 2.884429e-05 4.566012e-08
14626 2.884343e-05 4.562651e-08
14627 2.884257e-05 4.559292e-08
14628 2.884171e-05 4.555936e-08
14629 2.884085e-05 4.552582e-08
14630 2.883999e-05 4.549231e-08
14631 2.883914e-05 4.545882e-08
14632 2.883828e-05 4.542536e-08
14633 2.883742e-05 4.539192e-08
14634 2.883657e-05 4.535850e-08
14635 2.883572e-05 4.532512e-08
14636 2.883486e-05 4.529175e-08
14637 2.883401e-05 4.525841e-08
14638 2.883316e-05 4.522510e-08
14639 2.883231e-05 4.519180e-08
14640 2.883146e-05 4.515854e-08
14641 2.883061e-05 4.512530e-08
14642 2.882976e-05 4.509208e-08
14643 2.882891e-05 4.505889e-08
14644 2.882806e-05 4.502572e-08
14645 2.882722e-05 4.499257e-08
14646 2.882637e-05 4.495945e-08
14647 2.882553e-05 4.492636e-08
14648 2.882468e-05 4.489329e-08
14649 2.882384e-05 4.486024e-08
14650 2.882300e-05 4.482722e-08
14651 2.882216e-05 4.479422e-08
14652 2.882132e-05 4.476125e-08
14653 2.882048e-05 4.472830e-08
14654 2.881964e-05 4.469537e-08
14655 2.881880e-05 4.466247e-08
14656 2.881796e-05 4.462959e-08
14657 2.881713e-05 4.459674e-08
14658 2.881629e-05 4.456391e-08
14659 2.881545e-05 4.453111e-08
14660 2.881462e-05 4.449833e-08
14661 2.881379e-05 4.446557e-08
14662 2.881295e-05 4.443284e-08
14663 2.881212e-05 4.440013e-08
14664 2.881129e-05 4.436745e-08
14665 2.881046e-05 4.433479e-08
14666 2.880963e-05 4.430215e-08
14667 2.880880e-05 4.426954e-08
14668 2.880797e-05 4.423695e-08
14669 2.880714e-05 4.420439e-08
14670 2.880632e-05 4.417185e-08
14671 2.880549e-05 4.413933e-08
14672 2.880466e-05 4.410684e-08
14673 2.880384e-05 4.407437e-08
14674 2.880302e-05 4.404193e-08
14675 2.880219e-05 4.400951e-08
14676 2.880137e-05 4.397711e-08
14677 2.880055e-05 4.394474e-08
14678 2.879973e-05 4.391239e-08
14679 2.879891e-05 4.388007e-08
14680 2.879809e-05 4.384777e-08
14681 2.879727e-05 4.381549e-08
14682 2.879645e-05 4.378324e-08
14683 2.879564e-05 4.375101e-08
14684 2.879482e-05 4.371880e-08
14685 2.879400e-05 4.368662e-08
14686 2.879319e-05 4.365446e-08
14687 2.879237e-05 4.362233e-08
14688 2.879156e-05 4.359022e-08
14689 2.879075e-05 4.355813e-08
14690 2.878994e-05 4.352606e-08
14691 2.878913e-05 4.349402e-08
14692 2.878832e-05 4.346201e-08
14693 2.878751e-05 4.343001e-08
14694 2.878670e-05 4.339804e-08
14695 2.878589e-05 4.336610e-08
14696 2.878508e-05 4.333418e-08
14697 2.878427e-05 4.330228e-08
14698 2.878347e-05 4.327040e-08
14699 2.878266e-05 4.323855e-08
14700 2.878186e-05 4.320672e-08
14701 2.878106e-05 4.317491e-08
14702 2.878025e-05 4.314313e-08
14703 2.877945e-05 4.311137e-08
14704 2.877865e-05 4.307964e-08
14705 2.877785e-05 4.304793e-08
14706 2.877705e-05 4.301624e-08
14707 2.877625e-05 4.298457e-08
14708 2.877545e-05 4.295293e-08
14709 2.877465e-05 4.292131e-08
14710 2.877386e-05 4.288972e-08
14711 2.877306e-05 4.285815e-08
14712 2.877226e-05 4.282660e-08
14713 2.877147e-05 4.279507e-08
14714 2.877067e-05 4.276357e-08
14715 2.876988e-05 4.273209e-08
14716 2.876909e-05 4.270064e-08
14717 2.876830e-05 4.266920e-08
14718 2.876751e-05 4.263779e-08
14719 2.876671e-05 4.260641e-08
14720 2.876592e-05 4.257504e-08
14721 2.876514e-05 4.254370e-08
14722 2.876435e-05 4.251239e-08
14723 2.876356e-05 4.248109e-08
14724 2.876277e-05 4.244982e-08
14725 2.876199e-05 4.241857e-08
14726 2.876120e-05 4.238735e-08
14727 2.876042e-05 4.235615e-08
14728 2.875963e-05 4.232497e-08
14729 2.875885e-05 4.229381e-08
14730 2.875807e-05 4.226268e-08
14731 2.875728e-05 4.223157e-08
14732 2.875650e-05 4.220048e-08
14733 2.875572e-05 4.216942e-08
14734 2.875494e-05 4.213837e-08
14735 2.875416e-05 4.210736e-08
14736 2.875339e-05 4.207636e-08
14737 2.875261e-05 4.204539e-08
14738 2.875183e-05 4.201444e-08
14739 2.875106e-05 4.198351e-08
14740 2.875028e-05 4.195260e-08
14741 2.874951e-05 4.192172e-08
14742 2.874873e-05 4.189086e-08
14743 2.874796e-05 4.186003e-08
14744 2.874718e-05 4.182921e-08
14745 2.874641e-05 4.179842e-08
14746 2.874564e-05 4.176765e-08
14747 2.874487e-05 4.173691e-08
14748 2.874410e-05 4.170618e-08
14749 2.874333e-05 4.167548e-08
14750 2.874256e-05 4.164480e-08
14751 2.874180e-05 4.161415e-08
14752 2.874103e-05 4.158352e-08
14753 2.874026e-05 4.155291e-08
14754 2.873950e-05 4.152232e-08
14755 2.873873e-05 4.149175e-08
14756 2.873797e-05 4.146121e-08
14757 2.873720e-05 4.143069e-08
14758 2.873644e-05 4.140019e-08
14759 2.873568e-05 4.136972e-08
14760 2.873492e-05 4.133926e-08
14761 2.873416e-05 4.130883e-08
14762 2.873340e-05 4.127842e-08
14763 2.873264e-05 4.124804e-08
14764 2.873188e-05 4.121767e-08
14765 2.873112e-05 4.118733e-08
14766 2.873036e-05 4.115701e-08
14767 2.872961e-05 4.112672e-08
14768 2.872885e-05 4.109644e-08
14769 2.872810e-05 4.106619e-08
14770 2.872734e-05 4.103596e-08
14771 2.872659e-05 4.100576e-08
14772 2.872583e-05 4.097557e-08
14773 2.872508e-05 4.094541e-08
14774 2.872433e-05 4.091527e-08
14775 2.872358e-05 4.088515e-08
14776 2.872283e-05 4.085505e-08
14777 2.872208e-05 4.082498e-08
14778 2.872133e-05 4.079493e-08
14779 2.872058e-05 4.076490e-08
14780 2.871983e-05 4.073489e-08
14781 2.871909e-05 4.070490e-08
14782 2.871834e-05 4.067494e-08
14783 2.871760e-05 4.064500e-08
14784 2.871685e-05 4.061508e-08
14785 2.871611e-05 4.058518e-08
14786 2.871536e-05 4.055531e-08
14787 2.871462e-05 4.052545e-08
14788 2.871388e-05 4.049562e-08
14789 2.871314e-05 4.046581e-08
14790 2.871239e-05 4.043602e-08
14791 2.871165e-05 4.040626e-08
14792 2.871092e-05 4.037651e-08
14793 2.871018e-05 4.034679e-08
14794 2.870944e-05 4.031709e-08
14795 2.870870e-05 4.028741e-08
14796 2.870796e-05 4.025776e-08
14797 2.870723e-05 4.022812e-08
14798 2.870649e-05 4.019851e-08
14799 2.870576e-05 4.016892e-08
14800 2.870502e-05 4.013935e-08
14801 2.870429e-05 4.010980e-08
14802 2.870356e-05 4.008028e-08
14803 2.870282e-05 4.005077e-08
14804 2.870209e-05 4.002129e-08
14805 2.870136e-05 3.999183e-08
14806 2.870063e-05 3.996239e-08
14807 2.869990e-05 3.993298e-08
14808 2.869917e-05 3.990358e-08
14809 2.869845e-05 3.987421e-08
14810 2.869772e-05 3.984485e-08
14811 2.869699e-05 3.981552e-08
14812 2.869626e-05 3.978622e-08
14813 2.869554e-05 3.975693e-08
14814 2.869481e-05 3.972766e-08
14815 2.869409e-05 3.969842e-08
14816 2.869337e-05 3.966920e-08
14817 2.869264e-05 3.963999e-08
14818 2.869192e-05 3.961081e-08
14819 2.869120e-05 3.958166e-08
14820 2.869048e-05 3.955252e-08
14821 2.868976e-05 3.952340e-08
14822 2.868904e-05 3.949431e-08
14823 2.868832e-05 3.946524e-08
14824 2.868760e-05 3.943619e-08
14825 2.868688e-05 3.940716e-08
14826 2.868617e-05 3.937815e-08
14827 2.868545e-05 3.934916e-08
14828 2.868473e-05 3.932020e-08
14829 2.868402e-05 3.929125e-08
14830 2.868330e-05 3.926233e-08
14831 2.868259e-05 3.923343e-08
14832 2.868188e-05 3.920455e-08
14833 2.868116e-05 3.917569e-08
14834 2.868045e-05 3.914685e-08
14835 2.867974e-05 3.911803e-08
14836 2.867903e-05 3.908924e-08
14837 2.867832e-05 3.906046e-08
14838 2.867761e-05 3.903171e-08
14839 2.867690e-05 3.900298e-08
14840 2.867620e-05 3.897427e-08
14841 2.867549e-05 3.894558e-08
14842 2.867478e-05 3.891691e-08
14843 2.867407e-05 3.888826e-08
14844 2.867337e-05 3.885964e-08
14845 2.867266e-05 3.883103e-08
14846 2.867196e-05 3.880245e-08
14847 2.867126e-05 3.877388e-08
14848 2.867055e-05 3.874534e-08
14849 2.866985e-05 3.871682e-08
14850 2.866915e-05 3.868832e-08
14851 2.866845e-05 3.865984e-08
14852 2.866775e-05 3.863138e-08
14853 2.866705e-05 3.860294e-08
14854 2.866635e-05 3.857453e-08
14855 2.866565e-05 3.854613e-08
14856 2.866495e-05 3.851776e-08
14857 2.866426e-05 3.848941e-08
14858 2.866356e-05 3.846107e-08
14859 2.866286e-05 3.843276e-08
14860 2.866217e-05 3.840447e-08
14861 2.866147e-05 3.837620e-08
14862 2.866078e-05 3.834795e-08
14863 2.866009e-05 3.831972e-08
14864 2.865939e-05 3.829151e-08
14865 2.865870e-05 3.826333e-08
14866 2.865801e-05 3.823516e-08
14867 2.865732e-05 3.820701e-08
14868 2.865663e-05 3.817889e-08
14869 2.865594e-05 3.815079e-08
14870 2.865525e-05 3.812270e-08
14871 2.865456e-05 3.809464e-08
14872 2.865387e-05 3.806660e-08
14873 2.865319e-05 3.803858e-08
14874 2.865250e-05 3.801057e-08
14875 2.865181e-05 3.798259e-08
14876 2.865113e-05 3.795463e-08
14877 2.865044e-05 3.792670e-08
14878 2.864976e-05 3.789878e-08
14879 2.864908e-05 3.787088e-08
14880 2.864839e-05 3.784300e-08
14881 2.864771e-05 3.781514e-08
14882 2.864703e-05 3.778731e-08
14883 2.864635e-05 3.775949e-08
14884 2.864567e-05 3.773170e-08
14885 2.864499e-05 3.770392e-08
14886 2.864431e-05 3.767617e-08
14887 2.864363e-05 3.764843e-08
14888 2.864295e-05 3.762072e-08
14889 2.864227e-05 3.759303e-08
14890 2.864160e-05 3.756535e-08
14891 2.864092e-05 3.753770e-08
14892 2.864025e-05 3.751007e-08
14893 2.863957e-05 3.748246e-08
14894 2.863890e-05 3.745487e-08
14895 2.863822e-05 3.742729e-08
14896 2.863755e-05 3.739974e-08
14897 2.863688e-05 3.737221e-08
14898 2.863621e-05 3.734470e-08
14899 2.863553e-05 3.731721e-08
14900 2.863486e-05 3.728974e-08
14901 2.863419e-05 3.726229e-08
14902 2.863352e-05 3.723486e-08
14903 2.863286e-05 3.720745e-08
14904 2.863219e-05 3.718007e-08
14905 2.863152e-05 3.715270e-08
14906 2.863085e-05 3.712535e-08
14907 2.863019e-05 3.709802e-08
14908 2.862952e-05 3.707071e-08
14909 2.862886e-05 3.704342e-08
14910 2.862819e-05 3.701615e-08
14911 2.862753e-05 3.698891e-08
14912 2.862686e-05 3.696168e-08
14913 2.862620e-05 3.693447e-08
14914 2.862554e-05 3.690728e-08
14915 2.862488e-05 3.688011e-08
14916 2.862422e-05 3.685297e-08
14917 2.862355e-05 3.682584e-08
14918 2.862289e-05 3.679873e-08
14919 2.862224e-05 3.677164e-08
14920 2.862158e-05 3.674457e-08
14921 2.862092e-05 3.671752e-08
14922 2.862026e-05 3.669050e-08
14923 2.861960e-05 3.666349e-08
14924 2.861895e-05 3.663650e-08
14925 2.861829e-05 3.660953e-08
14926 2.861764e-05 3.658258e-08
14927 2.861698e-05 3.655565e-08
14928 2.861633e-05 3.652874e-08
14929 2.861568e-05 3.650185e-08
14930 2.861502e-05 3.647498e-08
14931 2.861437e-05 3.644813e-08
14932 2.861372e-05 3.642130e-08
14933 2.861307e-05 3.639449e-08
14934 2.861242e-05 3.636770e-08
14935 2.861177e-05 3.634093e-08
14936 2.861112e-05 3.631418e-08
14937 2.861047e-05 3.628745e-08
14938 2.860982e-05 3.626074e-08
14939 2.860917e-05 3.623404e-08
14940 2.860853e-05 3.620737e-08
14941 2.860788e-05 3.618072e-08
14942 2.860723e-05 3.615409e-08
14943 2.860659e-05 3.612747e-08
14944 2.860594e-05 3.610088e-08
14945 2.860530e-05 3.607430e-08
14946 2.860466e-05 3.604775e-08
14947 2.860401e-05 3.602121e-08
14948 2.860337e-05 3.599470e-08
14949 2.860273e-05 3.596820e-08
14950 2.860209e-05 3.594172e-08
14951 2.860145e-05 3.591527e-08
14952 2.860081e-05 3.588883e-08
14953 2.860017e-05 3.586241e-08
14954 2.859953e-05 3.583601e-08
14955 2.859889e-05 3.580963e-08
14956 2.859825e-05 3.578327e-08
14957 2.859762e-05 3.575693e-08
14958 2.859698e-05 3.573061e-08
14959 2.859634e-05 3.570431e-08
14960 2.859571e-05 3.567803e-08
14961 2.859507e-05 3.565176e-08
14962 2.859444e-05 3.562552e-08
14963 2.859381e-05 3.559929e-08
14964 2.859317e-05 3.557309e-08
14965 2.859254e-05 3.554690e-08
14966 2.859191e-05 3.552074e-08
14967 2.859128e-05 3.549459e-08
14968 2.859064e-05 3.546846e-08
14969 2.859001e-05 3.544235e-08
14970 2.858938e-05 3.541626e-08
14971 2.858876e-05 3.539019e-08
14972 2.858813e-05 3.536414e-08
14973 2.858750e-05 3.533811e-08
14974 2.858687e-05 3.531209e-08
14975 2.858624e-05 3.528610e-08
14976 2.858562e-05 3.526013e-08
14977 2.858499e-05 3.523417e-08
14978 2.858437e-05 3.520823e-08
14979 2.858374e-05 3.518232e-08
14980 2.858312e-05 3.515642e-08
14981 2.858249e-05 3.513054e-08
14982 2.858187e-05 3.510468e-08
14983 2.858125e-05 3.507884e-08
14984 2.858063e-05 3.505302e-08
14985 2.858000e-05 3.502721e-08
14986 2.857938e-05 3.500143e-08
14987 2.857876e-05 3.497566e-08
14988 2.857814e-05 3.494992e-08
14989 2.857752e-05 3.492419e-08
14990 2.857691e-05 3.489848e-08
14991 2.857629e-05 3.487279e-08
14992 2.857567e-05 3.484712e-08
14993 2.857505e-05 3.482147e-08
14994 2.857444e-05 3.479584e-08
14995 2.857382e-05 3.477022e-08
14996 2.857321e-05 3.474463e-08
14997 2.857259e-05 3.471905e-08
14998 2.857198e-05 3.469349e-08
14999 2.857136e-05 3.466796e-08
15000 2.857075e-05 3.464244e-08
15001 2.857014e-05 3.461694e-08
15002 2.856953e-05 3.459145e-08
15003 2.856891e-05 3.456599e-08
15004 2.856830e-05 3.454055e-08
15005 2.856769e-05 3.451512e-08
15006 2.856708e-05 3.448971e-08
15007 2.856647e-05 3.446432e-08
15008 2.856586e-05 3.443895e-08
15009 2.856526e-05 3.441360e-08
15010 2.856465e-05 3.438827e-08
15011 2.856404e-05 3.436296e-08
15012 2.856343e-05 3.433766e-08
15013 2.856283e-05 3.431239e-08
15014 2.856222e-05 3.428713e-08
15015 2.856162e-05 3.426189e-08
15016 2.856101e-05 3.423667e-08
15017 2.856041e-05 3.421146e-08
15018 2.855981e-05 3.418628e-08
15019 2.855920e-05 3.416112e-08
15020 2.855860e-05 3.413597e-08
15021 2.855800e-05 3.411084e-08
15022 2.855740e-05 3.408573e-08
15023 2.855680e-05 3.406064e-08
15024 2.855620e-05 3.403557e-08
15025 2.855560e-05 3.401051e-08
15026 2.855500e-05 3.398548e-08
15027 2.855440e-05 3.396046e-08
15028 2.855380e-05 3.393546e-08
15029 2.855320e-05 3.391048e-08
15030 2.855261e-05 3.388552e-08
15031 2.855201e-05 3.386058e-08
15032 2.855142e-05 3.383565e-08
15033 2.855082e-05 3.381074e-08
15034 2.855022e-05 3.378585e-08
15035 2.854963e-05 3.376098e-08
15036 2.854904e-05 3.373613e-08
15037 2.854844e-05 3.371130e-08
15038 2.854785e-05 3.368648e-08
15039 2.854726e-05 3.366169e-08
15040 2.854667e-05 3.363691e-08
15041 2.854608e-05 3.361215e-08
15042 2.854549e-05 3.358740e-08
15043 2.854490e-05 3.356268e-08
15044 2.854431e-05 3.353797e-08
15045 2.854372e-05 3.351329e-08
15046 2.854313e-05 3.348862e-08
15047 2.854254e-05 3.346396e-08
15048 2.854195e-05 3.343933e-08
15049 2.854137e-05 3.341472e-08
15050 2.854078e-05 3.339012e-08
15051 2.854019e-05 3.336554e-08
15052 2.853961e-05 3.334098e-08
15053 2.853902e-05 3.331644e-08
15054 2.853844e-05 3.329191e-08
15055 2.853785e-05 3.326740e-08
15056 2.853727e-05 3.324291e-08
15057 2.853669e-05 3.321844e-08
15058 2.853611e-05 3.319399e-08
15059 2.853552e-05 3.316956e-08
15060 2.853494e-05 3.314514e-08
15061 2.853436e-05 3.312074e-08
15062 2.853378e-05 3.309636e-08
15063 2.853320e-05 3.307200e-08
15064 2.853262e-05 3.304765e-08
15065 2.853204e-05 3.302333e-08
15066 2.853147e-05 3.299902e-08
15067 2.853089e-05 3.297473e-08
15068 2.853031e-05 3.295045e-08
15069 2.852974e-05 3.292620e-08
15070 2.852916e-05 3.290196e-08
15071 2.852858e-05 3.287774e-08
15072 2.852801e-05 3.285354e-08
15073 2.852743e-05 3.282935e-08
15074 2.852686e-05 3.280519e-08
15075 2.852629e-05 3.278104e-08
15076 2.852571e-05 3.275691e-08
15077 2.852514e-05 3.273280e-08
15078 2.852457e-05 3.270870e-08
15079 2.852400e-05 3.268462e-08
15080 2.852343e-05 3.266056e-08
15081 2.852286e-05 3.263652e-08
15082 2.852229e-05 3.261250e-08
15083 2.852172e-05 3.258849e-08
15084 2.852115e-05 3.256450e-08
15085 2.852058e-05 3.254053e-08
15086 2.852001e-05 3.251658e-08
15087 2.851944e-05 3.249264e-08
15088 2.851888e-05 3.246872e-08
15089 2.851831e-05 3.244482e-08
15090 2.851774e-05 3.242094e-08
15091 2.851718e-05 3.239707e-08
15092 2.851661e-05 3.237322e-08
15093 2.851605e-05 3.234939e-08
15094 2.851548e-05 3.232558e-08
15095 2.851492e-05 3.230179e-08
15096 2.851436e-05 3.227801e-08
15097 2.851380e-05 3.225425e-08
15098 2.851323e-05 3.223050e-08
15099 2.851267e-05 3.220678e-08
15100 2.851211e-05 3.218307e-08
15101 2.851155e-05 3.215938e-08
15102 2.851099e-05 3.213571e-08
15103 2.851043e-05 3.211205e-08
15104 2.850987e-05 3.208841e-08
15105 2.850931e-05 3.206479e-08
15106 2.850876e-05 3.204119e-08
15107 2.850820e-05 3.201760e-08
15108 2.850764e-05 3.199403e-08
15109 2.850708e-05 3.197048e-08
15110 2.850653e-05 3.194695e-08
15111 2.850597e-05 3.192343e-08
15112 2.850542e-05 3.189993e-08
15113 2.850486e-05 3.187645e-08
15114 2.850431e-05 3.185299e-08
15115 2.850375e-05 3.182954e-08
15116 2.850320e-05 3.180611e-08
15117 2.850265e-05 3.178269e-08
15118 2.850210e-05 3.175930e-08
15119 2.850155e-05 3.173592e-08
15120 2.850099e-05 3.171256e-08
15121 2.850044e-05 3.168921e-08
15122 2.849989e-05 3.166589e-08
15123 2.849934e-05 3.164258e-08
15124 2.849879e-05 3.161929e-08
15125 2.849825e-05 3.159601e-08
15126 2.849770e-05 3.157275e-08
15127 2.849715e-05 3.154951e-08
15128 2.849660e-05 3.152629e-08
15129 2.849606e-05 3.150308e-08
15130 2.849551e-05 3.147989e-08
15131 2.849496e-05 3.145672e-08
15132 2.849442e-05 3.143356e-08
15133 2.849387e-05 3.141042e-08
15134 2.849333e-05 3.138730e-08
15135 2.849278e-05 3.136419e-08
15136 2.849224e-05 3.134111e-08
15137 2.849170e-05 3.131804e-08
15138 2.849116e-05 3.129498e-08
15139 2.849061e-05 3.127195e-08
15140 2.849007e-05 3.124893e-08
15141 2.848953e-05 3.122592e-08
15142 2.848899e-05 3.120294e-08
15143 2.848845e-05 3.117997e-08
15144 2.848791e-05 3.115702e-08
15145 2.848737e-05 3.113408e-08
15146 2.848683e-05 3.111116e-08
15147 2.848629e-05 3.108826e-08
15148 2.848576e-05 3.106538e-08
15149 2.848522e-05 3.104251e-08
15150 2.848468e-05 3.101966e-08
15151 2.848415e-05 3.099682e-08
15152 2.848361e-05 3.097401e-08
15153 2.848308e-05 3.095121e-08
15154 2.848254e-05 3.092842e-08
15155 2.848201e-05 3.090565e-08
15156 2.848147e-05 3.088290e-08
15157 2.848094e-05 3.086017e-08
15158 2.848041e-05 3.083745e-08
15159 2.847987e-05 3.081475e-08
15160 2.847934e-05 3.079207e-08
15161 2.847881e-05 3.076940e-08
15162 2.847828e-05 3.074675e-08
15163 2.847775e-05 3.072412e-08
15164 2.847722e-05 3.070150e-08
15165 2.847669e-05 3.067891e-08
15166 2.847616e-05 3.065632e-08
15167 2.847563e-05 3.063376e-08
15168 2.847510e-05 3.061121e-08
15169 2.847457e-05 3.058867e-08
15170 2.847405e-05 3.056615e-08
15171 2.847352e-05 3.054365e-08
15172 2.847299e-05 3.052117e-08
15173 2.847247e-05 3.049870e-08
15174 2.847194e-05 3.047625e-08
15175 2.847142e-05 3.045382e-08
15176 2.847089e-05 3.043140e-08
15177 2.847037e-05 3.040900e-08
15178 2.846984e-05 3.038662e-08
15179 2.846932e-05 3.036425e-08
15180 2.846880e-05 3.034190e-08
15181 2.846827e-05 3.031956e-08
15182 2.846775e-05 3.029724e-08
15183 2.846723e-05 3.027494e-08
15184 2.846671e-05 3.025265e-08
15185 2.846619e-05 3.023038e-08
15186 2.846567e-05 3.020813e-08
15187 2.846515e-05 3.018589e-08
15188 2.846463e-05 3.016367e-08
15189 2.846411e-05 3.014147e-08
15190 2.846359e-05 3.011928e-08
15191 2.846308e-05 3.009711e-08
15192 2.846256e-05 3.007496e-08
15193 2.846204e-05 3.005282e-08
15194 2.846153e-05 3.003069e-08
15195 2.846101e-05 3.000859e-08
15196 2.846049e-05 2.998650e-08
15197 2.845998e-05 2.996443e-08
15198 2.845946e-05 2.994237e-08
15199 2.845895e-05 2.992033e-08
15200 2.845844e-05 2.989830e-08
15201 2.845792e-05 2.987629e-08
15202 2.845741e-05 2.985430e-08
15203 2.845690e-05 2.983232e-08
15204 2.845639e-05 2.981036e-08
15205 2.845588e-05 2.978842e-08
15206 2.845536e-05 2.976649e-08
15207 2.845485e-05 2.974458e-08
15208 2.845434e-05 2.972269e-08
15209 2.845383e-05 2.970081e-08
15210 2.845332e-05 2.967894e-08
15211 2.845282e-05 2.965710e-08
15212 2.845231e-05 2.963526e-08
15213 2.845180e-05 2.961345e-08
15214 2.845129e-05 2.959165e-08
15215 2.845079e-05 2.956987e-08
15216 2.845028e-05 2.954810e-08
15217 2.844977e-05 2.952635e-08
15218 2.844927e-05 2.950461e-08
15219 2.844876e-05 2.948290e-08
15220 2.844826e-05 2.946119e-08
15221 2.844775e-05 2.943951e-08
15222 2.844725e-05 2.941784e-08
15223 2.844675e-05 2.939618e-08
15224 2.844624e-05 2.937454e-08
15225 2.844574e-05 2.935292e-08
15226 2.844524e-05 2.933131e-08
15227 2.844474e-05 2.930972e-08
15228 2.844423e-05 2.928814e-08
15229 2.844373e-05 2.926658e-08
15230 2.844323e-05 2.924504e-08
15231 2.844273e-05 2.922351e-08
15232 2.844223e-05 2.920200e-08
15233 2.844173e-05 2.918051e-08
15234 2.844124e-05 2.915902e-08
15235 2.844074e-05 2.913756e-08
15236 2.844024e-05 2.911611e-08
15237 2.843974e-05 2.909468e-08
15238 2.843925e-05 2.907326e-08
15239 2.843875e-05 2.905186e-08
15240 2.843825e-05 2.903047e-08
15241 2.843776e-05 2.900910e-08
15242 2.843726e-05 2.898775e-08
15243 2.843677e-05 2.896641e-08
15244 2.843627e-05 2.894509e-08
15245 2.843578e-05 2.892378e-08
15246 2.843529e-05 2.890249e-08
15247 2.843479e-05 2.888122e-08
15248 2.843430e-05 2.885996e-08
15249 2.843381e-05 2.883871e-08
15250 2.843332e-05 2.881748e-08
15251 2.843283e-05 2.879627e-08
15252 2.843233e-05 2.877507e-08
15253 2.843184e-05 2.875389e-08
15254 2.843135e-05 2.873272e-08
15255 2.843086e-05 2.871157e-08
15256 2.843038e-05 2.869044e-08
15257 2.842989e-05 2.866932e-08
15258 2.842940e-05 2.864821e-08
15259 2.842891e-05 2.862713e-08
15260 2.842842e-05 2.860605e-08
15261 2.842794e-05 2.858500e-08
15262 2.842745e-05 2.856395e-08
15263 2.842696e-05 2.854293e-08
15264 2.842648e-05 2.852192e-08
15265 2.842599e-05 2.850092e-08
15266 2.842551e-05 2.847994e-08
15267 2.842502e-05 2.845898e-08
15268 2.842454e-05 2.843803e-08
15269 2.842406e-05 2.841709e-08
15270 2.842357e-05 2.839618e-08
15271 2.842309e-05 2.837527e-08
15272 2.842261e-05 2.835439e-08
15273 2.842213e-05 2.833351e-08
15274 2.842164e-05 2.831266e-08
15275 2.842116e-05 2.829181e-08
15276 2.842068e-05 2.827099e-08
15277 2.842020e-05 2.825018e-08
15278 2.841972e-05 2.822938e-08
15279 2.841924e-05 2.820860e-08
15280 2.841876e-05 2.818784e-08
15281 2.841828e-05 2.816709e-08
15282 2.841781e-05 2.814635e-08
15283 2.841733e-05 2.812563e-08
15284 2.841685e-05 2.810493e-08
15285 2.841637e-05 2.808424e-08
15286 2.841590e-05 2.806357e-08
15287 2.841542e-05 2.804291e-08
15288 2.841495e-05 2.802227e-08
15289 2.841447e-05 2.800164e-08
15290 2.841400e-05 2.798103e-08
15291 2.841352e-05 2.796043e-08
15292 2.841305e-05 2.793985e-08
15293 2.841257e-05 2.791928e-08
15294 2.841210e-05 2.789873e-08
15295 2.841163e-05 2.787819e-08
15296 2.841116e-05 2.785767e-08
15297 2.841068e-05 2.783716e-08
15298 2.841021e-05 2.781667e-08
15299 2.840974e-05 2.779620e-08
15300 2.840927e-05 2.777574e-08
15301 2.840880e-05 2.775529e-08
15302 2.840833e-05 2.773486e-08
15303 2.840786e-05 2.771444e-08
15304 2.840739e-05 2.769404e-08
15305 2.840692e-05 2.767365e-08
15306 2.840645e-05 2.765328e-08
15307 2.840599e-05 2.763293e-08
15308 2.840552e-05 2.761259e-08
15309 2.840505e-05 2.759226e-08
15310 2.840458e-05 2.757195e-08
15311 2.840412e-05 2.755165e-08
15312 2.840365e-05 2.753137e-08
15313 2.840319e-05 2.751111e-08
15314 2.840272e-05 2.749085e-08
15315 2.840226e-05 2.747062e-08
15316 2.840179e-05 2.745040e-08
15317 2.840133e-05 2.743019e-08
15318 2.840087e-05 2.741000e-08
15319 2.840040e-05 2.738982e-08
15320 2.839994e-05 2.736966e-08
15321 2.839948e-05 2.734951e-08
15322 2.839902e-05 2.732938e-08
15323 2.839855e-05 2.730926e-08
15324 2.839809e-05 2.728916e-08
15325 2.839763e-05 2.726907e-08
15326 2.839717e-05 2.724900e-08
15327 2.839671e-05 2.722894e-08
15328 2.839625e-05 2.720889e-08
15329 2.839579e-05 2.718887e-08
15330 2.839534e-05 2.716885e-08
15331 2.839488e-05 2.714885e-08
15332 2.839442e-05 2.712887e-08
15333 2.839396e-05 2.710890e-08
15334 2.839351e-05 2.708894e-08
15335 2.839305e-05 2.706900e-08
15336 2.839259e-05 2.704908e-08
15337 2.839214e-05 2.702916e-08
15338 2.839168e-05 2.700927e-08
15339 2.839123e-05 2.698939e-08
15340 2.839077e-05 2.696952e-08
15341 2.839032e-05 2.694967e-08
15342 2.838986e-05 2.692983e-08
15343 2.838941e-05 2.691000e-08
15344 2.838896e-05 2.689019e-08
15345 2.838850e-05 2.687040e-08
15346 2.838805e-05 2.685062e-08
15347 2.838760e-05 2.683086e-08
15348 2.838715e-05 2.681110e-08
15349 2.838670e-05 2.679137e-08
15350 2.838625e-05 2.677165e-08
15351 2.838580e-05 2.675194e-08
15352 2.838535e-05 2.673225e-08
15353 2.838490e-05 2.671257e-08
15354 2.838445e-05 2.669291e-08
15355 2.838400e-05 2.667326e-08
15356 2.838355e-05 2.665362e-08
15357 2.838310e-05 2.663400e-08
15358 2.838265e-05 2.661440e-08
15359 2.838221e-05 2.659480e-08
15360 2.838176e-05 2.657523e-08
15361 2.838131e-05 2.655566e-08
15362 2.838087e-05 2.653612e-08
15363 2.838042e-05 2.651658e-08
15364 2.837998e-05 2.649706e-08
15365 2.837953e-05 2.647756e-08
15366 2.837909e-05 2.645807e-08
15367 2.837864e-05 2.643859e-08
15368 2.837820e-05 2.641913e-08
15369 2.837776e-05 2.639968e-08
15370 2.837731e-05 2.638025e-08
15371 2.837687e-05 2.636083e-08
15372 2.837643e-05 2.634143e-08
15373 2.837599e-05 2.632204e-08
15374 2.837554e-05 2.630266e-08
15375 2.837510e-05 2.628330e-08
15376 2.837466e-05 2.626395e-08
15377 2.837422e-05 2.624462e-08
15378 2.837378e-05 2.622530e-08
15379 2.837334e-05 2.620599e-08
15380 2.837290e-05 2.618670e-08
15381 2.837246e-05 2.616743e-08
15382 2.837203e-05 2.614816e-08
15383 2.837159e-05 2.612891e-08
15384 2.837115e-05 2.610968e-08
15385 2.837071e-05 2.609046e-08
15386 2.837028e-05 2.607126e-08
15387 2.836984e-05 2.605206e-08
15388 2.836940e-05 2.603289e-08
15389 2.836897e-05 2.601372e-08
15390 2.836853e-05 2.599457e-08
15391 2.836810e-05 2.597544e-08
15392 2.836766e-05 2.595632e-08
15393 2.836723e-05 2.593721e-08
15394 2.836679e-05 2.591812e-08
15395 2.836636e-05 2.589904e-08
15396 2.836593e-05 2.587997e-08
15397 2.836549e-05 2.586092e-08
15398 2.836506e-05 2.584189e-08
15399 2.836463e-05 2.582286e-08
15400 2.836420e-05 2.580386e-08
15401 2.836377e-05 2.578486e-08
15402 2.836334e-05 2.576588e-08
15403 2.836290e-05 2.574691e-08
15404 2.836247e-05 2.572796e-08
15405 2.836204e-05 2.570902e-08
15406 2.836162e-05 2.569010e-08
15407 2.836119e-05 2.567119e-08
15408 2.836076e-05 2.565229e-08
15409 2.836033e-05 2.563341e-08
15410 2.835990e-05 2.561454e-08
15411 2.835947e-05 2.559568e-08
15412 2.835905e-05 2.557684e-08
15413 2.835862e-05 2.555801e-08
15414 2.835819e-05 2.553920e-08
15415 2.835777e-05 2.552040e-08
15416 2.835734e-05 2.550161e-08
15417 2.835692e-05 2.548284e-08
15418 2.835649e-05 2.546408e-08
15419 2.835607e-05 2.544534e-08
15420 2.835564e-05 2.542661e-08
15421 2.835522e-05 2.540789e-08
15422 2.835479e-05 2.538919e-08
15423 2.835437e-05 2.537050e-08
15424 2.835395e-05 2.535182e-08
15425 2.835352e-05 2.533316e-08
15426 2.835310e-05 2.531451e-08
15427 2.835268e-05 2.529588e-08
15428 2.835226e-05 2.527726e-08
15429 2.835184e-05 2.525865e-08
15430 2.835142e-05 2.524006e-08
15431 2.835100e-05 2.522148e-08
15432 2.835058e-05 2.520291e-08
15433 2.835016e-05 2.518436e-08
15434 2.834974e-05 2.516582e-08
15435 2.834932e-05 2.514729e-08
15436 2.834890e-05 2.512878e-08
15437 2.834848e-05 2.511029e-08
15438 2.834807e-05 2.509180e-08
15439 2.834765e-05 2.507333e-08
15440 2.834723e-05 2.505487e-08
15441 2.834681e-05 2.503643e-08
15442 2.834640e-05 2.501800e-08
15443 2.834598e-05 2.499958e-08
15444 2.834557e-05 2.498118e-08
15445 2.834515e-05 2.496279e-08
15446 2.834474e-05 2.494442e-08
15447 2.834432e-05 2.492606e-08
15448 2.834391e-05 2.490771e-08
15449 2.834349e-05 2.488937e-08
15450 2.834308e-05 2.487105e-08
15451 2.834267e-05 2.485274e-08
15452 2.834225e-05 2.483445e-08
15453 2.834184e-05 2.481617e-08
15454 2.834143e-05 2.479790e-08
15455 2.834102e-05 2.477965e-08
15456 2.834061e-05 2.476140e-08
15457 2.834019e-05 2.474318e-08
15458 2.833978e-05 2.472496e-08
15459 2.833937e-05 2.470676e-08
15460 2.833896e-05 2.468858e-08
15461 2.833855e-05 2.467040e-08
15462 2.833814e-05 2.465224e-08
15463 2.833774e-05 2.463409e-08
15464 2.833733e-05 2.461596e-08
15465 2.833692e-05 2.459784e-08
15466 2.833651e-05 2.457973e-08
15467 2.833610e-05 2.456164e-08
15468 2.833570e-05 2.454356e-08
15469 2.833529e-05 2.452549e-08
15470 2.833488e-05 2.450744e-08
15471 2.833448e-05 2.448940e-08
15472 2.833407e-05 2.447137e-08
15473 2.833367e-05 2.445336e-08
15474 2.833326e-05 2.443536e-08
15475 2.833286e-05 2.441737e-08
15476 2.833245e-05 2.439940e-08
15477 2.833205e-05 2.438144e-08
15478 2.833164e-05 2.436349e-08
15479 2.833124e-05 2.434555e-08
15480 2.833084e-05 2.432763e-08
15481 2.833043e-05 2.430972e-08
15482 2.833003e-05 2.429183e-08
15483 2.832963e-05 2.427395e-08
15484 2.832923e-05 2.425608e-08
15485 2.832883e-05 2.423822e-08
15486 2.832843e-05 2.422038e-08
15487 2.832803e-05 2.420255e-08
15488 2.832763e-05 2.418474e-08
15489 2.832723e-05 2.416693e-08
15490 2.832683e-05 2.414914e-08
15491 2.832643e-05 2.413137e-08
15492 2.832603e-05 2.411360e-08
15493 2.832563e-05 2.409585e-08
15494 2.832523e-05 2.407812e-08
15495 2.832483e-05 2.406039e-08
15496 2.832444e-05 2.404268e-08
15497 2.832404e-05 2.402498e-08
15498 2.832364e-05 2.400730e-08
15499 2.832325e-05 2.398963e-08
15500 2.832285e-05 2.397197e-08
15501 2.832245e-05 2.395432e-08
15502 2.832206e-05 2.393669e-08
15503 2.832166e-05 2.391907e-08
15504 2.832127e-05 2.390146e-08
15505 2.832087e-05 2.388386e-08
15506 2.832048e-05 2.386628e-08
15507 2.832009e-05 2.384872e-08
15508 2.831969e-05 2.383116e-08
15509 2.831930e-05 2.381362e-08
15510 2.831891e-05 2.379609e-08
15511 2.831851e-05 2.377857e-08
15512 2.831812e-05 2.376107e-08
15513 2.831773e-05 2.374358e-08
15514 2.831734e-05 2.372610e-08
15515 2.831695e-05 2.370863e-08
15516 2.831656e-05 2.369118e-08
15517 2.831617e-05 2.367374e-08
15518 2.831578e-05 2.365631e-08
15519 2.831539e-05 2.363890e-08
15520 2.831500e-05 2.362150e-08
15521 2.831461e-05 2.360411e-08
15522 2.831422e-05 2.358674e-08
15523 2.831383e-05 2.356937e-08
15524 2.831344e-05 2.355202e-08
15525 2.831305e-05 2.353469e-08
15526 2.831267e-05 2.351736e-08
15527 2.831228e-05 2.350005e-08
15528 2.831189e-05 2.348275e-08
15529 2.831151e-05 2.346547e-08
15530 2.831112e-05 2.344819e-08
15531 2.831073e-05 2.343093e-08
15532 2.831035e-05 2.341368e-08
15533 2.830996e-05 2.339645e-08
15534 2.830958e-05 2.337923e-08
15535 2.830919e-05 2.336202e-08
15536 2.830881e-05 2.334482e-08
15537 2.830843e-05 2.332763e-08
15538 2.830804e-05 2.331046e-08
15539 2.830766e-05 2.329330e-08
15540 2.830728e-05 2.327616e-08
15541 2.830689e-05 2.325902e-08
15542 2.830651e-05 2.324190e-08
15543 2.830613e-05 2.322479e-08
15544 2.830575e-05 2.320770e-08
15545 2.830537e-05 2.319061e-08
15546 2.830499e-05 2.317354e-08
15547 2.830461e-05 2.315648e-08
15548 2.830422e-05 2.313944e-08
15549 2.830384e-05 2.312240e-08
15550 2.830347e-05 2.310538e-08
15551 2.830309e-05 2.308837e-08
15552 2.830271e-05 2.307138e-08
15553 2.830233e-05 2.305440e-08
15554 2.830195e-05 2.303743e-08
15555 2.830157e-05 2.302047e-08
15556 2.830119e-05 2.300352e-08
15557 2.830082e-05 2.298659e-08
15558 2.830044e-05 2.296967e-08
15559 2.830006e-05 2.295276e-08
15560 2.829969e-05 2.293586e-08
15561 2.829931e-05 2.291898e-08
15562 2.829893e-05 2.290211e-08
15563 2.829856e-05 2.288525e-08
15564 2.829818e-05 2.286840e-08
15565 2.829781e-05 2.285157e-08
15566 2.829743e-05 2.283475e-08
15567 2.829706e-05 2.281794e-08
15568 2.829669e-05 2.280114e-08
15569 2.829631e-05 2.278436e-08
15570 2.829594e-05 2.276759e-08
15571 2.829557e-05 2.275083e-08
15572 2.829519e-05 2.273408e-08
15573 2.829482e-05 2.271734e-08
15574 2.829445e-05 2.270062e-08
15575 2.829408e-05 2.268391e-08
15576 2.829371e-05 2.266721e-08
15577 2.829334e-05 2.265053e-08
15578 2.829297e-05 2.263385e-08
15579 2.829260e-05 2.261719e-08
15580 2.829223e-05 2.260054e-08
15581 2.829186e-05 2.258391e-08
15582 2.829149e-05 2.256728e-08
15583 2.829112e-05 2.255067e-08
15584 2.829075e-05 2.253407e-08
15585 2.829038e-05 2.251748e-08
15586 2.829001e-05 2.250091e-08
15587 2.828964e-05 2.248434e-08
15588 2.828928e-05 2.246779e-08
15589 2.828891e-05 2.245125e-08
15590 2.828854e-05 2.243473e-08
15591 2.828818e-05 2.241821e-08
15592 2.828781e-05 2.240171e-08
15593 2.828744e-05 2.238522e-08
15594 2.828708e-05 2.236874e-08
15595 2.828671e-05 2.235228e-08
15596 2.828635e-05 2.233582e-08
15597 2.828598e-05 2.231938e-08
15598 2.828562e-05 2.230295e-08
15599 2.828525e-05 2.228653e-08
15600 2.828489e-05 2.227013e-08
15601 2.828453e-05 2.225373e-08
15602 2.828416e-05 2.223735e-08
15603 2.828380e-05 2.222098e-08
15604 2.828344e-05 2.220463e-08
15605 2.828308e-05 2.218828e-08
15606 2.828271e-05 2.217195e-08
15607 2.828235e-05 2.215563e-08
15608 2.828199e-05 2.213932e-08
15609 2.828163e-05 2.212302e-08
15610 2.828127e-05 2.210673e-08
15611 2.828091e-05 2.209046e-08
15612 2.828055e-05 2.207420e-08
15613 2.828019e-05 2.205795e-08
15614 2.827983e-05 2.204171e-08
15615 2.827947e-05 2.202549e-08
15616 2.827911e-05 2.200928e-08
15617 2.827875e-05 2.199307e-08
15618 2.827839e-05 2.197688e-08
15619 2.827804e-05 2.196071e-08
15620 2.827768e-05 2.194454e-08
15621 2.827732e-05 2.192839e-08
15622 2.827696e-05 2.191225e-08
15623 2.827661e-05 2.189612e-08
15624 2.827625e-05 2.188000e-08
15625 2.827589e-05 2.186389e-08
15626 2.827554e-05 2.184780e-08
15627 2.827518e-05 2.183171e-08
15628 2.827483e-05 2.181564e-08
15629 2.827447e-05 2.179958e-08
15630 2.827412e-05 2.178354e-08
15631 2.827376e-05 2.176750e-08
15632 2.827341e-05 2.175148e-08
15633 2.827305e-05 2.173547e-08
15634 2.827270e-05 2.171947e-08
15635 2.827235e-05 2.170348e-08
15636 2.827200e-05 2.168750e-08
15637 2.827164e-05 2.167154e-08
15638 2.827129e-05 2.165559e-08
15639 2.827094e-05 2.163964e-08
15640 2.827059e-05 2.162372e-08
15641 2.827024e-05 2.160780e-08
15642 2.826988e-05 2.159189e-08
15643 2.826953e-05 2.157600e-08
15644 2.826918e-05 2.156012e-08
15645 2.826883e-05 2.154424e-08
15646 2.826848e-05 2.152839e-08
15647 2.826813e-05 2.151254e-08
15648 2.826778e-05 2.149670e-08
15649 2.826743e-05 2.148088e-08
15650 2.826709e-05 2.146507e-08
15651 2.826674e-05 2.144926e-08
15652 2.826639e-05 2.143348e-08
15653 2.826604e-05 2.141770e-08
15654 2.826569e-05 2.140193e-08
15655 2.826535e-05 2.138618e-08
15656 2.826500e-05 2.137043e-08
15657 2.826465e-05 2.135470e-08
15658 2.826431e-05 2.133898e-08
15659 2.826396e-05 2.132328e-08
15660 2.826361e-05 2.130758e-08
15661 2.826327e-05 2.129189e-08
15662 2.826292e-05 2.127622e-08
15663 2.826258e-05 2.126056e-08
15664 2.826223e-05 2.124491e-08
15665 2.826189e-05 2.122927e-08
15666 2.826155e-05 2.121364e-08
15667 2.826120e-05 2.119803e-08
15668 2.826086e-05 2.118242e-08
15669 2.826052e-05 2.116683e-08
15670 2.826017e-05 2.115125e-08
15671 2.825983e-05 2.113568e-08
15672 2.825949e-05 2.112012e-08
15673 2.825915e-05 2.110457e-08
15674 2.825880e-05 2.108904e-08
15675 2.825846e-05 2.107351e-08
15676 2.825812e-05 2.105800e-08
15677 2.825778e-05 2.104250e-08
15678 2.825744e-05 2.102701e-08
15679 2.825710e-05 2.101153e-08
15680 2.825676e-05 2.099607e-08
15681 2.825642e-05 2.098061e-08
15682 2.825608e-05 2.096517e-08
15683 2.825574e-05 2.094973e-08
15684 2.825540e-05 2.093431e-08
15685 2.825506e-05 2.091890e-08
15686 2.825473e-05 2.090350e-08
15687 2.825439e-05 2.088812e-08
15688 2.825405e-05 2.087274e-08
15689 2.825371e-05 2.085737e-08
15690 2.825338e-05 2.084202e-08
15691 2.825304e-05 2.082668e-08
15692 2.825270e-05 2.081135e-08
15693 2.825237e-05 2.079603e-08
15694 2.825203e-05 2.078072e-08
15695 2.825169e-05 2.076542e-08
15696 2.825136e-05 2.075014e-08
15697 2.825102e-05 2.073486e-08
15698 2.825069e-05 2.071960e-08
15699 2.825035e-05 2.070435e-08
15700 2.825002e-05 2.068911e-08
15701 2.824968e-05 2.067388e-08
15702 2.824935e-05 2.065866e-08
15703 2.824902e-05 2.064345e-08
15704 2.824868e-05 2.062826e-08
15705 2.824835e-05 2.061307e-08
15706 2.824802e-05 2.059790e-08
15707 2.824769e-05 2.058273e-08
15708 2.824735e-05 2.056758e-08
15709 2.824702e-05 2.055244e-08
15710 2.824669e-05 2.053731e-08
15711 2.824636e-05 2.052220e-08
15712 2.824603e-05 2.050709e-08
15713 2.824570e-05 2.049199e-08
15714 2.824537e-05 2.047691e-08
15715 2.824504e-05 2.046184e-08
15716 2.824471e-05 2.044677e-08
15717 2.824438e-05 2.043172e-08
15718 2.824405e-05 2.041668e-08
15719 2.824372e-05 2.040165e-08
15720 2.824339e-05 2.038664e-08
15721 2.824306e-05 2.037163e-08
15722 2.824273e-05 2.035663e-08
15723 2.824241e-05 2.034165e-08
15724 2.824208e-05 2.032667e-08
15725 2.824175e-05 2.031171e-08
15726 2.824142e-05 2.029676e-08
15727 2.824110e-05 2.028182e-08
15728 2.824077e-05 2.026689e-08
15729 2.824044e-05 2.025197e-08
15730 2.824012e-05 2.023706e-08
15731 2.823979e-05 2.022216e-08
15732 2.823947e-05 2.020728e-08
15733 2.823914e-05 2.019240e-08
15734 2.823882e-05 2.017754e-08
15735 2.823849e-05 2.016269e-08
15736 2.823817e-05 2.014784e-08
15737 2.823784e-05 2.013301e-08
15738 2.823752e-05 2.011819e-08
15739 2.823720e-05 2.010338e-08
15740 2.823687e-05 2.008859e-08
15741 2.823655e-05 2.007380e-08
15742 2.823623e-05 2.005902e-08
15743 2.823591e-05 2.004426e-08
15744 2.823558e-05 2.002950e-08
15745 2.823526e-05 2.001476e-08
15746 2.823494e-05 2.000002e-08
15747 2.823462e-05 1.998530e-08
15748 2.823430e-05 1.997059e-08
15749 2.823398e-05 1.995589e-08
15750 2.823366e-05 1.994120e-08
15751 2.823334e-05 1.992652e-08
15752 2.823302e-05 1.991185e-08
15753 2.823270e-05 1.989719e-08
15754 2.823238e-05 1.988255e-08
15755 2.823206e-05 1.986791e-08
15756 2.823174e-05 1.985329e-08
15757 2.823142e-05 1.983867e-08
15758 2.823110e-05 1.982407e-08
15759 2.823078e-05 1.980948e-08
15760 2.823046e-05 1.979489e-08
15761 2.823015e-05 1.978032e-08
15762 2.822983e-05 1.976576e-08
15763 2.822951e-05 1.975121e-08
15764 2.822920e-05 1.973667e-08
15765 2.822888e-05 1.972214e-08
15766 2.822856e-05 1.970763e-08
15767 2.822825e-05 1.969312e-08
15768 2.822793e-05 1.967862e-08
15769 2.822762e-05 1.966414e-08
15770 2.822730e-05 1.964966e-08
15771 2.822699e-05 1.963520e-08
15772 2.822667e-05 1.962074e-08
15773 2.822636e-05 1.960630e-08
15774 2.822604e-05 1.959187e-08
15775 2.822573e-05 1.957745e-08
15776 2.822541e-05 1.956303e-08
15777 2.822510e-05 1.954863e-08
15778 2.822479e-05 1.953424e-08
15779 2.822447e-05 1.951986e-08
15780 2.822416e-05 1.950549e-08
15781 2.822385e-05 1.949114e-08
15782 2.822354e-05 1.947679e-08
15783 2.822323e-05 1.946245e-08
15784 2.822291e-05 1.944812e-08
15785 2.822260e-05 1.943381e-08
15786 2.822229e-05 1.941950e-08
15787 2.822198e-05 1.940521e-08
15788 2.822167e-05 1.939092e-08
15789 2.822136e-05 1.937665e-08
15790 2.822105e-05 1.936239e-08
15791 2.822074e-05 1.934813e-08
15792 2.822043e-05 1.933389e-08
15793 2.822012e-05 1.931966e-08
15794 2.821981e-05 1.930544e-08
15795 2.821950e-05 1.929123e-08
15796 2.821920e-05 1.927703e-08
15797 2.821889e-05 1.926284e-08
15798 2.821858e-05 1.924866e-08
15799 2.821827e-05 1.923449e-08
15800 2.821796e-05 1.922033e-08
15801 2.821766e-05 1.920618e-08
15802 2.821735e-05 1.919204e-08
15803 2.821704e-05 1.917791e-08
15804 2.821674e-05 1.916380e-08
15805 2.821643e-05 1.914969e-08
15806 2.821613e-05 1.913559e-08
15807 2.821582e-05 1.912151e-08
15808 2.821551e-05 1.910743e-08
15809 2.821521e-05 1.909337e-08
15810 2.821490e-05 1.907931e-08
15811 2.821460e-05 1.906527e-08
15812 2.821430e-05 1.905123e-08
15813 2.821399e-05 1.903721e-08
15814 2.821369e-05 1.902319e-08
15815 2.821338e-05 1.900919e-08
15816 2.821308e-05 1.899520e-08
15817 2.821278e-05 1.898122e-08
15818 2.821247e-05 1.896724e-08
15819 2.821217e-05 1.895328e-08
15820 2.821187e-05 1.893933e-08
15821 2.821157e-05 1.892539e-08
15822 2.821127e-05 1.891146e-08
15823 2.821096e-05 1.889754e-08
15824 2.821066e-05 1.888362e-08
15825 2.821036e-05 1.886972e-08
15826 2.821006e-05 1.885583e-08
15827 2.820976e-05 1.884195e-08
15828 2.820946e-05 1.882808e-08
15829 2.820916e-05 1.881422e-08
15830 2.820886e-05 1.880037e-08
15831 2.820856e-05 1.878654e-08
15832 2.820826e-05 1.877271e-08
15833 2.820796e-05 1.875889e-08
15834 2.820766e-05 1.874508e-08
15835 2.820736e-05 1.873128e-08
15836 2.820707e-05 1.871749e-08
15837 2.820677e-05 1.870371e-08
15838 2.820647e-05 1.868994e-08
15839 2.820617e-05 1.867619e-08
15840 2.820588e-05 1.866244e-08
15841 2.820558e-05 1.864870e-08
15842 2.820528e-05 1.863497e-08
15843 2.820499e-05 1.862126e-08
15844 2.820469e-05 1.860755e-08
15845 2.820439e-05 1.859385e-08
15846 2.820410e-05 1.858016e-08
15847 2.820380e-05 1.856649e-08
15848 2.820351e-05 1.855282e-08
15849 2.820321e-05 1.853916e-08
15850 2.820292e-05 1.852552e-08
15851 2.820262e-05 1.851188e-08
15852 2.820233e-05 1.849825e-08
15853 2.820203e-05 1.848463e-08
15854 2.820174e-05 1.847103e-08
15855 2.820145e-05 1.845743e-08
15856 2.820115e-05 1.844384e-08
15857 2.820086e-05 1.843027e-08
15858 2.820057e-05 1.841670e-08
15859 2.820027e-05 1.840314e-08
15860 2.819998e-05 1.838960e-08
15861 2.819969e-05 1.837606e-08
15862 2.819940e-05 1.836253e-08
15863 2.819910e-05 1.834902e-08
15864 2.819881e-05 1.833551e-08
15865 2.819852e-05 1.832201e-08
15866 2.819823e-05 1.830852e-08
15867 2.819794e-05 1.829505e-08
15868 2.819765e-05 1.828158e-08
15869 2.819736e-05 1.826812e-08
15870 2.819707e-05 1.825468e-08
15871 2.819678e-05 1.824124e-08
15872 2.819649e-05 1.822781e-08
15873 2.819620e-05 1.821439e-08
15874 2.819591e-05 1.820098e-08
15875 2.819562e-05 1.818759e-08
15876 2.819534e-05 1.817420e-08
15877 2.819505e-05 1.816082e-08
15878 2.819476e-05 1.814745e-08
15879 2.819447e-05 1.813409e-08
15880 2.819418e-05 1.812074e-08
15881 2.819390e-05 1.810740e-08
15882 2.819361e-05 1.809408e-08
15883 2.819332e-05 1.808076e-08
15884 2.819304e-05 1.806745e-08
15885 2.819275e-05 1.805415e-08
15886 2.819246e-05 1.804086e-08
15887 2.819218e-05 1.802758e-08
15888 2.819189e-05 1.801431e-08
15889 2.819161e-05 1.800105e-08
15890 2.819132e-05 1.798779e-08
15891 2.819104e-05 1.797455e-08
15892 2.819075e-05 1.796132e-08
15893 2.819047e-05 1.794810e-08
15894 2.819018e-05 1.793489e-08
15895 2.818990e-05 1.792169e-08
15896 2.818961e-05 1.790849e-08
15897 2.818933e-05 1.789531e-08
15898 2.818905e-05 1.788214e-08
15899 2.818876e-05 1.786897e-08
15900 2.818848e-05 1.785582e-08
15901 2.818820e-05 1.784268e-08
15902 2.818792e-05 1.782954e-08
15903 2.818763e-05 1.781642e-08
15904 2.818735e-05 1.780330e-08
15905 2.818707e-05 1.779020e-08
15906 2.818679e-05 1.777710e-08
15907 2.818651e-05 1.776402e-08
15908 2.818623e-05 1.775094e-08
15909 2.818595e-05 1.773787e-08
15910 2.818567e-05 1.772482e-08
15911 2.818539e-05 1.771177e-08
15912 2.818511e-05 1.769873e-08
15913 2.818483e-05 1.768570e-08
15914 2.818455e-05 1.767268e-08
15915 2.818427e-05 1.765967e-08
15916 2.818399e-05 1.764667e-08
15917 2.818371e-05 1.763368e-08
15918 2.818343e-05 1.762070e-08
15919 2.818315e-05 1.760773e-08
15920 2.818287e-05 1.759477e-08
15921 2.818260e-05 1.758182e-08
15922 2.818232e-05 1.756888e-08
15923 2.818204e-05 1.755594e-08
15924 2.818176e-05 1.754302e-08
15925 2.818149e-05 1.753011e-08
15926 2.818121e-05 1.751720e-08
15927 2.818093e-05 1.750431e-08
15928 2.818066e-05 1.749142e-08
15929 2.818038e-05 1.747855e-08
15930 2.818010e-05 1.746568e-08
15931 2.817983e-05 1.745282e-08
15932 2.817955e-05 1.743998e-08
15933 2.817928e-05 1.742714e-08
15934 2.817900e-05 1.741431e-08
15935 2.817873e-05 1.740149e-08
15936 2.817845e-05 1.738868e-08
15937 2.817818e-05 1.737588e-08
15938 2.817790e-05 1.736309e-08
15939 2.817763e-05 1.735031e-08
15940 2.817736e-05 1.733754e-08
15941 2.817708e-05 1.732478e-08
15942 2.817681e-05 1.731202e-08
15943 2.817654e-05 1.729928e-08
15944 2.817626e-05 1.728655e-08
15945 2.817599e-05 1.727382e-08
15946 2.817572e-05 1.726110e-08
15947 2.817545e-05 1.724840e-08
15948 2.817518e-05 1.723570e-08
15949 2.817490e-05 1.722301e-08
15950 2.817463e-05 1.721034e-08
15951 2.817436e-05 1.719767e-08
15952 2.817409e-05 1.718501e-08
15953 2.817382e-05 1.717236e-08
15954 2.817355e-05 1.715972e-08
15955 2.817328e-05 1.714708e-08
15956 2.817301e-05 1.713446e-08
15957 2.817274e-05 1.712185e-08
15958 2.817247e-05 1.710925e-08
15959 2.817220e-05 1.709665e-08
15960 2.817193e-05 1.708407e-08
15961 2.817166e-05 1.707149e-08
15962 2.817139e-05 1.705892e-08
15963 2.817113e-05 1.704637e-08
15964 2.817086e-05 1.703382e-08
15965 2.817059e-05 1.702128e-08
15966 2.817032e-05 1.700875e-08
15967 2.817005e-05 1.699623e-08
15968 2.816979e-05 1.698372e-08
15969 2.816952e-05 1.697122e-08
15970 2.816925e-05 1.695872e-08
15971 2.816899e-05 1.694624e-08
15972 2.816872e-05 1.693377e-08
15973 2.816845e-05 1.692130e-08
15974 2.816819e-05 1.690884e-08
15975 2.816792e-05 1.689640e-08
15976 2.816766e-05 1.688396e-08
15977 2.816739e-05 1.687153e-08
15978 2.816713e-05 1.685911e-08
15979 2.816686e-05 1.684670e-08
15980 2.816660e-05 1.683430e-08
15981 2.816633e-05 1.682191e-08
15982 2.816607e-05 1.680953e-08
15983 2.816580e-05 1.679715e-08
15984 2.816554e-05 1.678479e-08
15985 2.816528e-05 1.677243e-08
15986 2.816501e-05 1.676008e-08
15987 2.816475e-05 1.674775e-08
15988 2.816449e-05 1.673542e-08
15989 2.816422e-05 1.672310e-08
15990 2.816396e-05 1.671079e-08
15991 2.816370e-05 1.669849e-08
15992 2.816344e-05 1.668620e-08
15993 2.816317e-05 1.667391e-08
15994 2.816291e-05 1.666164e-08
15995 2.816265e-05 1.664937e-08
15996 2.816239e-05 1.663712e-08
15997 2.816213e-05 1.662487e-08
15998 2.816187e-05 1.661263e-08
15999 2.816161e-05 1.660040e-08
16000 2.816135e-05 1.658818e-08
16001 2.816109e-05 1.657597e-08
16002 2.816083e-05 1.656377e-08
16003 2.816057e-05 1.655158e-08
16004 2.816031e-05 1.653940e-08
16005 2.816005e-05 1.652722e-08
16006 2.815979e-05 1.651505e-08
16007 2.815953e-05 1.650290e-08
16008 2.815927e-05 1.649075e-08
16009 2.815901e-05 1.647861e-08
16010 2.815875e-05 1.646648e-08
16011 2.815850e-05 1.645436e-08
16012 2.815824e-05 1.644225e-08
16013 2.815798e-05 1.643014e-08
16014 2.815772e-05 1.641805e-08
16015 2.815747e-05 1.640596e-08
16016 2.815721e-05 1.639389e-08
16017 2.815695e-05 1.638182e-08
16018 2.815670e-05 1.636976e-08
16019 2.815644e-05 1.635771e-08
16020 2.815618e-05 1.634567e-08
16021 2.815593e-05 1.633364e-08
16022 2.815567e-05 1.632161e-08
16023 2.815542e-05 1.630960e-08
16024 2.815516e-05 1.629759e-08
16025 2.815491e-05 1.628560e-08
16026 2.815465e-05 1.627361e-08
16027 2.815440e-05 1.626163e-08
16028 2.815414e-05 1.624966e-08
16029 2.815389e-05 1.623770e-08
16030 2.815363e-05 1.622574e-08
16031 2.815338e-05 1.621380e-08
16032 2.815313e-05 1.620186e-08
16033 2.815287e-05 1.618994e-08
16034 2.815262e-05 1.617802e-08
16035 2.815237e-05 1.616611e-08
16036 2.815211e-05 1.615421e-08
16037 2.815186e-05 1.614232e-08
16038 2.815161e-05 1.613044e-08
16039 2.815136e-05 1.611856e-08
16040 2.815110e-05 1.610670e-08
16041 2.815085e-05 1.609484e-08
16042 2.815060e-05 1.608299e-08
16043 2.815035e-05 1.607115e-08
16044 2.815010e-05 1.605932e-08
16045 2.814985e-05 1.604750e-08
16046 2.814960e-05 1.603569e-08
16047 2.814935e-05 1.602389e-08
16048 2.814910e-05 1.601209e-08
16049 2.814885e-05 1.600030e-08
16050 2.814860e-05 1.598852e-08
16051 2.814835e-05 1.597676e-08
16052 2.814810e-05 1.596499e-08
16053 2.814785e-05 1.595324e-08
16054 2.814760e-05 1.594150e-08
16055 2.814735e-05 1.592976e-08
16056 2.814710e-05 1.591804e-08
16057 2.814685e-05 1.590632e-08
16058 2.814660e-05 1.589461e-08
16059 2.814636e-05 1.588291e-08
16060 2.814611e-05 1.587122e-08
16061 2.814586e-05 1.585954e-08
16062 2.814561e-05 1.584786e-08
16063 2.814537e-05 1.583620e-08
16064 2.814512e-05 1.582454e-08
16065 2.814487e-05 1.581289e-08
16066 2.814463e-05 1.580125e-08
16067 2.814438e-05 1.578962e-08
16068 2.814413e-05 1.577800e-08
16069 2.814389e-05 1.576638e-08
16070 2.814364e-05 1.575477e-08
16071 2.814340e-05 1.574318e-08
16072 2.814315e-05 1.573159e-08
16073 2.814290e-05 1.572001e-08
16074 2.814266e-05 1.570844e-08
16075 2.814241e-05 1.569687e-08
16076 2.814217e-05 1.568532e-08
16077 2.814193e-05 1.567377e-08
16078 2.814168e-05 1.566223e-08
16079 2.814144e-05 1.565071e-08
16080 2.814119e-05 1.563918e-08
16081 2.814095e-05 1.562767e-08
16082 2.814071e-05 1.561617e-08
16083 2.814046e-05 1.560467e-08
16084 2.814022e-05 1.559319e-08
16085 2.813998e-05 1.558171e-08
16086 2.813974e-05 1.557024e-08
16087 2.813949e-05 1.555878e-08
16088 2.813925e-05 1.554732e-08
16089 2.813901e-05 1.553588e-08
16090 2.813877e-05 1.552444e-08
16091 2.813853e-05 1.551301e-08
16092 2.813828e-05 1.550160e-08
16093 2.813804e-05 1.549018e-08
16094 2.813780e-05 1.547878e-08
16095 2.813756e-05 1.546739e-08
16096 2.813732e-05 1.545600e-08
16097 2.813708e-05 1.544462e-08
16098 2.813684e-05 1.543325e-08
16099 2.813660e-05 1.542189e-08
16100 2.813636e-05 1.541054e-08
16101 2.813612e-05 1.539920e-08
16102 2.813588e-05 1.538786e-08
16103 2.813564e-05 1.537654e-08
16104 2.813540e-05 1.536522e-08
16105 2.813516e-05 1.535391e-08
16106 2.813492e-05 1.534260e-08
16107 2.813469e-05 1.533131e-08
16108 2.813445e-05 1.532002e-08
16109 2.813421e-05 1.530875e-08
16110 2.813397e-05 1.529748e-08
16111 2.813373e-05 1.528622e-08
16112 2.813350e-05 1.527496e-08
16113 2.813326e-05 1.526372e-08
16114 2.813302e-05 1.525248e-08
16115 2.813278e-05 1.524126e-08
16116 2.813255e-05 1.523004e-08
16117 2.813231e-05 1.521883e-08
16118 2.813208e-05 1.520762e-08
16119 2.813184e-05 1.519643e-08
16120 2.813160e-05 1.518524e-08
16121 2.813137e-05 1.517406e-08
16122 2.813113e-05 1.516289e-08
16123 2.813090e-05 1.515173e-08
16124 2.813066e-05 1.514058e-08
16125 2.813043e-05 1.512943e-08
16126 2.813019e-05 1.511830e-08
16127 2.812996e-05 1.510717e-08
16128 2.812972e-05 1.509605e-08
16129 2.812949e-05 1.508493e-08
16130 2.812925e-05 1.507383e-08
16131 2.812902e-05 1.506273e-08
16132 2.812879e-05 1.505165e-08
16133 2.812855e-05 1.504057e-08
16134 2.812832e-05 1.502949e-08
16135 2.812809e-05 1.501843e-08
16136 2.812785e-05 1.500738e-08
16137 2.812762e-05 1.499633e-08
16138 2.812739e-05 1.498529e-08
16139 2.812716e-05 1.497426e-08
16140 2.812692e-05 1.496324e-08
16141 2.812669e-05 1.495222e-08
16142 2.812646e-05 1.494121e-08
16143 2.812623e-05 1.493022e-08
16144 2.812600e-05 1.491923e-08
16145 2.812577e-05 1.490824e-08
16146 2.812554e-05 1.489727e-08
16147 2.812530e-05 1.488630e-08
16148 2.812507e-05 1.487535e-08
16149 2.812484e-05 1.486440e-08
16150 2.812461e-05 1.485345e-08
16151 2.812438e-05 1.484252e-08
16152 2.812415e-05 1.483159e-08
16153 2.812392e-05 1.482068e-08
16154 2.812369e-05 1.480977e-08
16155 2.812346e-05 1.479886e-08
16156 2.812324e-05 1.478797e-08
16157 2.812301e-05 1.477708e-08
16158 2.812278e-05 1.476621e-08
16159 2.812255e-05 1.475534e-08
16160 2.812232e-05 1.474448e-08
16161 2.812209e-05 1.473362e-08
16162 2.812187e-05 1.472278e-08
16163 2.812164e-05 1.471194e-08
16164 2.812141e-05 1.470111e-08
16165 2.812118e-05 1.469029e-08
16166 2.812095e-05 1.467947e-08
16167 2.812073e-05 1.466867e-08
16168 2.812050e-05 1.465787e-08
16169 2.812027e-05 1.464708e-08
16170 2.812005e-05 1.463630e-08
16171 2.811982e-05 1.462552e-08
16172 2.811960e-05 1.461476e-08
16173 2.811937e-05 1.460400e-08
16174 2.811914e-05 1.459325e-08
16175 2.811892e-05 1.458251e-08
16176 2.811869e-05 1.457177e-08
16177 2.811847e-05 1.456105e-08
16178 2.811824e-05 1.455033e-08
16179 2.811802e-05 1.453962e-08
16180 2.811779e-05 1.452891e-08
16181 2.811757e-05 1.451822e-08
16182 2.811734e-05 1.450753e-08
16183 2.811712e-05 1.449685e-08
16184 2.811690e-05 1.448618e-08
16185 2.811667e-05 1.447552e-08
16186 2.811645e-05 1.446486e-08
16187 2.811623e-05 1.445421e-08
16188 2.811600e-05 1.444357e-08
16189 2.811578e-05 1.443294e-08
16190 2.811556e-05 1.442232e-08
16191 2.811533e-05 1.441170e-08
16192 2.811511e-05 1.440109e-08
16193 2.811489e-05 1.439049e-08
16194 2.811467e-05 1.437990e-08
16195 2.811444e-05 1.436931e-08
16196 2.811422e-05 1.435874e-08
16197 2.811400e-05 1.434817e-08
16198 2.811378e-05 1.433760e-08
16199 2.811356e-05 1.432705e-08
16200 2.811334e-05 1.431650e-08
16201 2.811312e-05 1.430596e-08
16202 2.811290e-05 1.429543e-08
16203 2.811268e-05 1.428491e-08
16204 2.811246e-05 1.427440e-08
16205 2.811223e-05 1.426389e-08
16206 2.811201e-05 1.425339e-08
16207 2.811180e-05 1.424290e-08
16208 2.811158e-05 1.423241e-08
16209 2.811136e-05 1.422193e-08
16210 2.811114e-05 1.421147e-08
16211 2.811092e-05 1.420100e-08
16212 2.811070e-05 1.419055e-08
16213 2.811048e-05 1.418010e-08
16214 2.811026e-05 1.416967e-08
16215 2.811004e-05 1.415924e-08
16216 2.810983e-05 1.414881e-08
16217 2.810961e-05 1.413840e-08
16218 2.810939e-05 1.412799e-08
16219 2.810917e-05 1.411759e-08
16220 2.810895e-05 1.410720e-08
16221 2.810874e-05 1.409681e-08
16222 2.810852e-05 1.408644e-08
16223 2.810830e-05 1.407607e-08
16224 2.810809e-05 1.406571e-08
16225 2.810787e-05 1.405535e-08
16226 2.810765e-05 1.404501e-08
16227 2.810744e-05 1.403467e-08
16228 2.810722e-05 1.402434e-08
16229 2.810700e-05 1.401401e-08
16230 2.810679e-05 1.400370e-08
16231 2.810657e-05 1.399339e-08
16232 2.810636e-05 1.398309e-08
16233 2.810614e-05 1.397279e-08
16234 2.810593e-05 1.396251e-08
16235 2.810571e-05 1.395223e-08
16236 2.810550e-05 1.394196e-08
16237 2.810528e-05 1.393170e-08
16238 2.810507e-05 1.392144e-08
16239 2.810486e-05 1.391119e-08
16240 2.810464e-05 1.390095e-08
16241 2.810443e-05 1.389072e-08
16242 2.810421e-05 1.388050e-08
16243 2.810400e-05 1.387028e-08
16244 2.810379e-05 1.386007e-08
16245 2.810357e-05 1.384986e-08
16246 2.810336e-05 1.383967e-08
16247 2.810315e-05 1.382948e-08
16248 2.810294e-05 1.381930e-08
16249 2.810272e-05 1.380913e-08
16250 2.810251e-05 1.379896e-08
16251 2.810230e-05 1.378881e-08
16252 2.810209e-05 1.377866e-08
16253 2.810188e-05 1.376851e-08
16254 2.810166e-05 1.375838e-08
16255 2.810145e-05 1.374825e-08
16256 2.810124e-05 1.373813e-08
16257 2.810103e-05 1.372802e-08
16258 2.810082e-05 1.371791e-08
16259 2.810061e-05 1.370781e-08
16260 2.810040e-05 1.369772e-08
16261 2.810019e-05 1.368764e-08
16262 2.809998e-05 1.367756e-08
16263 2.809977e-05 1.366750e-08
16264 2.809956e-05 1.365744e-08
16265 2.809935e-05 1.364738e-08
16266 2.809914e-05 1.363734e-08
16267 2.809893e-05 1.362730e-08
16268 2.809872e-05 1.361727e-08
16269 2.809851e-05 1.360724e-08
16270 2.809830e-05 1.359723e-08
16271 2.809809e-05 1.358722e-08
16272 2.809789e-05 1.357721e-08
16273 2.809768e-05 1.356722e-08
16274 2.809747e-05 1.355723e-08
16275 2.809726e-05 1.354725e-08
16276 2.809705e-05 1.353728e-08
16277 2.809685e-05 1.352732e-08
16278 2.809664e-05 1.351736e-08
16279 2.809643e-05 1.350741e-08
16280 2.809622e-05 1.349746e-08
16281 2.809602e-05 1.348753e-08
16282 2.809581e-05 1.347760e-08
16283 2.809560e-05 1.346768e-08
16284 2.809540e-05 1.345777e-08
16285 2.809519e-05 1.344786e-08
16286 2.809498e-05 1.343796e-08
16287 2.809478e-05 1.342807e-08
16288 2.809457e-05 1.341818e-08
16289 2.809437e-05 1.340831e-08
16290 2.809416e-05 1.339844e-08
16291 2.809396e-05 1.338857e-08
16292 2.809375e-05 1.337872e-08
16293 2.809355e-05 1.336887e-08
16294 2.809334e-05 1.335903e-08
16295 2.809314e-05 1.334919e-08
16296 2.809293e-05 1.333937e-08
16297 2.809273e-05 1.332955e-08
16298 2.809252e-05 1.331974e-08
16299 2.809232e-05 1.330993e-08
16300 2.809212e-05 1.330013e-08
16301 2.809191e-05 1.329034e-08
16302 2.809171e-05 1.328056e-08
16303 2.809151e-05 1.327078e-08
16304 2.809130e-05 1.326101e-08
16305 2.809110e-05 1.325125e-08
16306 2.809090e-05 1.324150e-08
16307 2.809069e-05 1.323175e-08
16308 2.809049e-05 1.322201e-08
16309 2.809029e-05 1.321228e-08
16310 2.809009e-05 1.320255e-08
16311 2.808988e-05 1.319283e-08
16312 2.808968e-05 1.318312e-08
16313 2.808948e-05 1.317342e-08
16314 2.808928e-05 1.316372e-08
16315 2.808908e-05 1.315403e-08
16316 2.808888e-05 1.314435e-08
16317 2.808868e-05 1.313467e-08
16318 2.808847e-05 1.312500e-08
16319 2.808827e-05 1.311534e-08
16320 2.808807e-05 1.310569e-08
16321 2.808787e-05 1.309604e-08
16322 2.808767e-05 1.308640e-08
16323 2.808747e-05 1.307677e-08
16324 2.808727e-05 1.306714e-08
16325 2.808707e-05 1.305752e-08
16326 2.808687e-05 1.304791e-08
16327 2.808667e-05 1.303831e-08
16328 2.808648e-05 1.302871e-08
16329 2.808628e-05 1.301912e-08
16330 2.808608e-05 1.300953e-08
16331 2.808588e-05 1.299996e-08
16332 2.808568e-05 1.299039e-08
16333 2.808548e-05 1.298082e-08
16334 2.808528e-05 1.297127e-08
16335 2.808508e-05 1.296172e-08
16336 2.808489e-05 1.295218e-08
16337 2.808469e-05 1.294265e-08
16338 2.808449e-05 1.293312e-08
16339 2.808429e-05 1.292360e-08
16340 2.808410e-05 1.291408e-08
16341 2.808390e-05 1.290458e-08
16342 2.808370e-05 1.289508e-08
16343 2.808351e-05 1.288559e-08
16344 2.808331e-05 1.287610e-08
16345 2.808311e-05 1.286662e-08
16346 2.808292e-05 1.285715e-08
16347 2.808272e-05 1.284769e-08
16348 2.808252e-05 1.283823e-08
16349 2.808233e-05 1.282878e-08
16350 2.808213e-05 1.281934e-08
16351 2.808194e-05 1.280990e-08
16352 2.808174e-05 1.280047e-08
16353 2.808155e-05 1.279105e-08
16354 2.808135e-05 1.278163e-08
16355 2.808116e-05 1.277222e-08
16356 2.808096e-05 1.276282e-08
16357 2.808077e-05 1.275343e-08
16358 2.808057e-05 1.274404e-08
16359 2.808038e-05 1.273466e-08
16360 2.808018e-05 1.272528e-08
16361 2.807999e-05 1.271591e-08
16362 2.807980e-05 1.270655e-08
16363 2.807960e-05 1.269720e-08
16364 2.807941e-05 1.268785e-08
16365 2.807921e-05 1.267851e-08
16366 2.807902e-05 1.266918e-08
16367 2.807883e-05 1.265986e-08
16368 2.807864e-05 1.265054e-08
16369 2.807844e-05 1.264122e-08
16370 2.807825e-05 1.263192e-08
16371 2.807806e-05 1.262262e-08
16372 2.807787e-05 1.261333e-08
16373 2.807767e-05 1.260404e-08
16374 2.807748e-05 1.259477e-08
16375 2.807729e-05 1.258549e-08
16376 2.807710e-05 1.257623e-08
16377 2.807691e-05 1.256697e-08
16378 2.807672e-05 1.255772e-08
16379 2.807652e-05 1.254848e-08
16380 2.807633e-05 1.253924e-08
16381 2.807614e-05 1.253001e-08
16382 2.807595e-05 1.252079e-08
16383 2.807576e-05 1.251157e-08
16384 2.807557e-05 1.250236e-08
16385 2.807538e-05 1.249316e-08
16386 2.807519e-05 1.248396e-08
16387 2.807500e-05 1.247477e-08
16388 2.807481e-05 1.246559e-08
16389 2.807462e-05 1.245641e-08
16390 2.807443e-05 1.244724e-08
16391 2.807424e-05 1.243808e-08
16392 2.807405e-05 1.242892e-08
16393 2.807386e-05 1.241977e-08
16394 2.807367e-05 1.241063e-08
16395 2.807349e-05 1.240150e-08
16396 2.807330e-05 1.239237e-08
16397 2.807311e-05 1.238325e-08
16398 2.807292e-05 1.237413e-08
16399 2.807273e-05 1.236502e-08
16400 2.807254e-05 1.235592e-08
16401 2.807236e-05 1.234682e-08
16402 2.807217e-05 1.233773e-08
16403 2.807198e-05 1.232865e-08
16404 2.807179e-05 1.231958e-08
16405 2.807161e-05 1.231051e-08
16406 2.807142e-05 1.230145e-08
16407 2.807123e-05 1.229239e-08
16408 2.807104e-05 1.228334e-08
16409 2.807086e-05 1.227430e-08
16410 2.807067e-05 1.226527e-08
16411 2.807049e-05 1.225624e-08
16412 2.807030e-05 1.224721e-08
16413 2.807011e-05 1.223820e-08
16414 2.806993e-05 1.222919e-08
16415 2.806974e-05 1.222019e-08
16416 2.806956e-05 1.221119e-08
16417 2.806937e-05 1.220220e-08
16418 2.806919e-05 1.219322e-08
16419 2.806900e-05 1.218425e-08
16420 2.806881e-05 1.217528e-08
16421 2.806863e-05 1.216631e-08
16422 2.806845e-05 1.215736e-08
16423 2.806826e-05 1.214841e-08
16424 2.806808e-05 1.213947e-08
16425 2.806789e-05 1.213053e-08
16426 2.806771e-05 1.212160e-08
16427 2.806752e-05 1.211268e-08
16428 2.806734e-05 1.210376e-08
16429 2.806716e-05 1.209485e-08
16430 2.806697e-05 1.208595e-08
16431 2.806679e-05 1.207705e-08
16432 2.806661e-05 1.206816e-08
16433 2.806642e-05 1.205928e-08
16434 2.806624e-05 1.205040e-08
16435 2.806606e-05 1.204153e-08
16436 2.806587e-05 1.203267e-08
16437 2.806569e-05 1.202381e-08
16438 2.806551e-05 1.201496e-08
16439 2.806533e-05 1.200611e-08
16440 2.806515e-05 1.199728e-08
16441 2.806496e-05 1.198844e-08
16442 2.806478e-05 1.197962e-08
16443 2.806460e-05 1.197080e-08
16444 2.806442e-05 1.196199e-08
16445 2.806424e-05 1.195318e-08
16446 2.806406e-05 1.194439e-08
16447 2.806388e-05 1.193559e-08
16448 2.806369e-05 1.192681e-08
16449 2.806351e-05 1.191803e-08
16450 2.806333e-05 1.190925e-08
16451 2.806315e-05 1.190049e-08
16452 2.806297e-05 1.189173e-08
16453 2.806279e-05 1.188297e-08
16454 2.806261e-05 1.187423e-08
16455 2.806243e-05 1.186549e-08
16456 2.806225e-05 1.185675e-08
16457 2.806207e-05 1.184802e-08
16458 2.806189e-05 1.183930e-08
16459 2.806171e-05 1.183059e-08
16460 2.806154e-05 1.182188e-08
16461 2.806136e-05 1.181318e-08
16462 2.806118e-05 1.180448e-08
16463 2.806100e-05 1.179579e-08
16464 2.806082e-05 1.178711e-08
16465 2.806064e-05 1.177843e-08
16466 2.806046e-05 1.176976e-08
16467 2.806028e-05 1.176110e-08
16468 2.806011e-05 1.175244e-08
16469 2.805993e-05 1.174379e-08
16470 2.805975e-05 1.173514e-08
16471 2.805957e-05 1.172650e-08
16472 2.805940e-05 1.171787e-08
16473 2.805922e-05 1.170925e-08
16474 2.805904e-05 1.170063e-08
16475 2.805886e-05 1.169201e-08
16476 2.805869e-05 1.168341e-08
16477 2.805851e-05 1.167481e-08
16478 2.805833e-05 1.166621e-08
16479 2.805816e-05 1.165763e-08
16480 2.805798e-05 1.164904e-08
16481 2.805781e-05 1.164047e-08
16482 2.805763e-05 1.163190e-08
16483 2.805745e-05 1.162334e-08
16484 2.805728e-05 1.161478e-08
16485 2.805710e-05 1.160623e-08
16486 2.805693e-05 1.159769e-08
16487 2.805675e-05 1.158915e-08
16488 2.805658e-05 1.158062e-08
16489 2.805640e-05 1.157210e-08
16490 2.805623e-05 1.156358e-08
16491 2.805605e-05 1.155506e-08
16492 2.805588e-05 1.154656e-08
16493 2.805570e-05 1.153806e-08
16494 2.805553e-05 1.152957e-08
16495 2.805535e-05 1.152108e-08
16496 2.805518e-05 1.151260e-08
16497 2.805501e-05 1.150412e-08
16498 2.805483e-05 1.149565e-08
16499 2.805466e-05 1.148719e-08
16500 2.805449e-05 1.147874e-08
16501 2.805431e-05 1.147029e-08
16502 2.805414e-05 1.146184e-08
16503 2.805397e-05 1.145341e-08
16504 2.805379e-05 1.144497e-08
16505 2.805362e-05 1.143655e-08
16506 2.805345e-05 1.142813e-08
16507 2.805327e-05 1.141972e-08
16508 2.805310e-05 1.141131e-08
16509 2.805293e-05 1.140291e-08
16510 2.805276e-05 1.139452e-08
16511 2.805259e-05 1.138613e-08
16512 2.805241e-05 1.137775e-08
16513 2.805224e-05 1.136937e-08
16514 2.805207e-05 1.136101e-08
16515 2.805190e-05 1.135264e-08
16516 2.805173e-05 1.134429e-08
16517 2.805156e-05 1.133593e-08
16518 2.805139e-05 1.132759e-08
16519 2.805121e-05 1.131925e-08
16520 2.805104e-05 1.131092e-08
16521 2.805087e-05 1.130259e-08
16522 2.805070e-05 1.129427e-08
16523 2.805053e-05 1.128596e-08
16524 2.805036e-05 1.127765e-08
16525 2.805019e-05 1.126935e-08
16526 2.805002e-05 1.126105e-08
16527 2.804985e-05 1.125276e-08
16528 2.804968e-05 1.124448e-08
16529 2.804951e-05 1.123620e-08
16530 2.804934e-05 1.122793e-08
16531 2.804917e-05 1.121967e-08
16532 2.804901e-05 1.121141e-08
16533 2.804884e-05 1.120316e-08
16534 2.804867e-05 1.119491e-08
16535 2.804850e-05 1.118667e-08
16536 2.804833e-05 1.117843e-08
16537 2.804816e-05 1.117020e-08
16538 2.804799e-05 1.116198e-08
16539 2.804783e-05 1.115377e-08
16540 2.804766e-05 1.114556e-08
16541 2.804749e-05 1.113735e-08
16542 2.804732e-05 1.112915e-08
16543 2.804715e-05 1.112096e-08
16544 2.804699e-05 1.111277e-08
16545 2.804682e-05 1.110459e-08
16546 2.804665e-05 1.109642e-08
16547 2.804648e-05 1.108825e-08
16548 2.804632e-05 1.108009e-08
16549 2.804615e-05 1.107193e-08
16550 2.804598e-05 1.106378e-08
16551 2.804582e-05 1.105564e-08
16552 2.804565e-05 1.104750e-08
16553 2.804548e-05 1.103937e-08
16554 2.804532e-05 1.103124e-08
16555 2.804515e-05 1.102312e-08
16556 2.804499e-05 1.101501e-08
16557 2.804482e-05 1.100690e-08
16558 2.804466e-05 1.099880e-08
16559 2.804449e-05 1.099070e-08
16560 2.804432e-05 1.098261e-08
16561 2.804416e-05 1.097452e-08
16562 2.804399e-05 1.096645e-08
16563 2.804383e-05 1.095837e-08
16564 2.804366e-05 1.095031e-08
16565 2.804350e-05 1.094225e-08
16566 2.804333e-05 1.093419e-08
16567 2.804317e-05 1.092614e-08
16568 2.804301e-05 1.091810e-08
16569 2.804284e-05 1.091006e-08
16570 2.804268e-05 1.090203e-08
16571 2.804251e-05 1.089401e-08
16572 2.804235e-05 1.088599e-08
16573 2.804219e-05 1.087797e-08
16574 2.804202e-05 1.086997e-08
16575 2.804186e-05 1.086196e-08
16576 2.804170e-05 1.085397e-08
16577 2.804153e-05 1.084598e-08
16578 2.804137e-05 1.083799e-08
16579 2.804121e-05 1.083002e-08
16580 2.804104e-05 1.082204e-08
16581 2.804088e-05 1.081408e-08
16582 2.804072e-05 1.080612e-08
16583 2.804056e-05 1.079816e-08
16584 2.804039e-05 1.079021e-08
16585 2.804023e-05 1.078227e-08
16586 2.804007e-05 1.077433e-08
16587 2.803991e-05 1.076640e-08
16588 2.803975e-05 1.075848e-08
16589 2.803958e-05 1.075056e-08
16590 2.803942e-05 1.074264e-08
16591 2.803926e-05 1.073474e-08
16592 2.803910e-05 1.072684e-08
16593 2.803894e-05 1.071894e-08
16594 2.803878e-05 1.071105e-08
16595 2.803862e-05 1.070316e-08
16596 2.803846e-05 1.069529e-08
16597 2.803830e-05 1.068741e-08
16598 2.803814e-05 1.067954e-08
16599 2.803798e-05 1.067168e-08
16600 2.803782e-05 1.066383e-08
16601 2.803766e-05 1.065598e-08
16602 2.803750e-05 1.064813e-08
16603 2.803734e-05 1.064030e-08
16604 2.803718e-05 1.063246e-08
16605 2.803702e-05 1.062464e-08
16606 2.803686e-05 1.061682e-08
16607 2.803670e-05 1.060900e-08
16608 2.803654e-05 1.060119e-08
16609 2.803638e-05 1.059339e-08
16610 2.803622e-05 1.058559e-08
16611 2.803606e-05 1.057780e-08
16612 2.803590e-05 1.057001e-08
16613 2.803574e-05 1.056223e-08
16614 2.803559e-05 1.055445e-08
16615 2.803543e-05 1.054669e-08
16616 2.803527e-05 1.053892e-08
16617 2.803511e-05 1.053116e-08
16618 2.803495e-05 1.052341e-08
16619 2.803480e-05 1.051567e-08
16620 2.803464e-05 1.050792e-08
16621 2.803448e-05 1.050019e-08
16622 2.803432e-05 1.049246e-08
16623 2.803417e-05 1.048474e-08
16624 2.803401e-05 1.047702e-08
16625 2.803385e-05 1.046931e-08
16626 2.803369e-05 1.046160e-08
16627 2.803354e-05 1.045390e-08
16628 2.803338e-05 1.044620e-08
16629 2.803322e-05 1.043851e-08
16630 2.803307e-05 1.043083e-08
16631 2.803291e-05 1.042315e-08
16632 2.803276e-05 1.041548e-08
16633 2.803260e-05 1.040781e-08
16634 2.803244e-05 1.040015e-08
16635 2.803229e-05 1.039249e-08
16636 2.803213e-05 1.038484e-08
16637 2.803198e-05 1.037720e-08
16638 2.803182e-05 1.036956e-08
16639 2.803167e-05 1.036193e-08
16640 2.803151e-05 1.035430e-08
16641 2.803136e-05 1.034668e-08
16642 2.803120e-05 1.033906e-08
16643 2.803105e-05 1.033145e-08
16644 2.803089e-05 1.032385e-08
16645 2.803074e-05 1.031625e-08
16646 2.803058e-05 1.030865e-08
16647 2.803043e-05 1.030106e-08
16648 2.803027e-05 1.029348e-08
16649 2.803012e-05 1.028590e-08
16650 2.802997e-05 1.027833e-08
16651 2.802981e-05 1.027077e-08
16652 2.802966e-05 1.026321e-08
16653 2.802950e-05 1.025565e-08
16654 2.802935e-05 1.024810e-08
16655 2.802920e-05 1.024056e-08
16656 2.802904e-05 1.023302e-08
16657 2.802889e-05 1.022549e-08
16658 2.802874e-05 1.021796e-08
16659 2.802859e-05 1.021044e-08
16660 2.802843e-05 1.020292e-08
16661 2.802828e-05 1.019541e-08
16662 2.802813e-05 1.018791e-08
16663 2.802798e-05 1.018041e-08
16664 2.802782e-05 1.017291e-08
16665 2.802767e-05 1.016542e-08
16666 2.802752e-05 1.015794e-08
16667 2.802737e-05 1.015046e-08
16668 2.802722e-05 1.014299e-08
16669 2.802706e-05 1.013553e-08
16670 2.802691e-05 1.012806e-08
16671 2.802676e-05 1.012061e-08
16672 2.802661e-05 1.011316e-08
16673 2.802646e-05 1.010571e-08
16674 2.802631e-05 1.009828e-08
16675 2.802616e-05 1.009084e-08
16676 2.802601e-05 1.008341e-08
16677 2.802586e-05 1.007599e-08
16678 2.802570e-05 1.006857e-08
16679 2.802555e-05 1.006116e-08
16680 2.802540e-05 1.005376e-08
16681 2.802525e-05 1.004636e-08
16682 2.802510e-05 1.003896e-08
16683 2.802495e-05 1.003157e-08
16684 2.802480e-05 1.002419e-08
16685 2.802465e-05 1.001681e-08
16686 2.802450e-05 1.000943e-08
16687 2.802435e-05 1.000207e-08
16688 2.802421e-05 9.994703e-09
