# step err_l2 res_l2
0 2.463645e-01 1.000000e+00
1 2.263720e-01 5.231100e-01
2 2.238311e-01 5.067822e-01
3 2.159334e-01 3.748150e-01
4 2.128811e-01 2.589914e-01
5 2.085349e-01 1.730233e-01
6 2.056744e-01 1.153180e-01
7 2.025543e-01 7.886308e-02
8 1.999712e-01 5.702809e-02
9 1.974057e-01 4.454495e-02
10 1.950840e-01 3.711871e-02
11 1.928425e-01 3.229002e-02
12 1.907414e-01 2.861924e-02
13 1.887245e-01 2.560263e-02
14 1.868042e-01 2.298945e-02
15 1.849587e-01 2.073363e-02
16 1.831873e-01 1.878882e-02
17 1.814797e-01 1.713621e-02
18 1.798324e-01 1.573771e-02
19 1.782395e-01 1.455856e-02
20 1.766975e-01 1.355890e-02
21 1.752022e-01 1.270401e-02
22 1.737506e-01 1.196306e-02
23 1.723398e-01 1.131166e-02
24 1.709671e-01 1.073098e-02
25 1.696302e-01 1.020716e-02
26 1.683270e-01 9.730325e-03
27 1.670556e-01 9.293460e-03
28 1.658143e-01 8.891664e-03
29 1.646014e-01 8.521316e-03
30 1.634155e-01 8.179700e-03
31 1.622553e-01 7.864544e-03
32 1.611195e-01 7.573889e-03
33 1.600070e-01 7.305880e-03
34 1.589168e-01 7.058764e-03
35 1.578479e-01 6.830814e-03
36 1.567993e-01 6.620367e-03
37 1.557703e-01 6.425811e-03
38 1.547600e-01 6.245619e-03
39 1.537677e-01 6.078350e-03
40 1.527926e-01 5.922673e-03
41 1.518343e-01 5.777369e-03
42 1.508919e-01 5.641336e-03
43 1.499650e-01 5.513585e-03
44 1.490531e-01 5.393240e-03
45 1.481555e-01 5.279526e-03
46 1.472719e-01 5.171765e-03
47 1.464017e-01 5.069363e-03
48 1.455445e-01 4.971804e-03
49 1.447000e-01 4.878640e-03
50 1.438676e-01 4.789480e-03
51 1.430471e-01 4.703984e-03
52 1.422381e-01 4.621857e-03
53 1.414402e-01 4.542840e-03
54 1.406532e-01 4.466707e-03
55 1.398767e-01 4.393257e-03
56 1.391104e-01 4.322314e-03
57 1.383540e-01 4.253721e-03
58 1.376074e-01 4.187338e-03
59 1.368701e-01 4.123039e-03
60 1.361420e-01 4.060709e-03
61 1.354228e-01 4.000245e-03
62 1.347124e-01 3.941552e-03
63 1.340104e-01 3.884545e-03
64 1.333167e-01 3.829142e-03
65 1.326311e-01 3.775271e-03
66 1.319533e-01 3.722863e-03
67 1.312832e-01 3.671853e-03
68 1.306207e-01 3.622183e-03
69 1.299655e-01 3.573797e-03
70 1.293174e-01 3.526642e-03
71 1.286764e-01 3.480668e-03
72 1.280422e-01 3.435831e-03
73 1.274147e-01 3.392085e-03
74 1.267937e-01 3.349390e-03
75 1.261792e-01 3.307707e-03
76 1.255710e-01 3.266997e-03
77 1.249689e-01 3.227227e-03
78 1.243728e-01 3.188362e-03
79 1.237826e-01 3.150371e-03
80 1.231982e-01 3.113223e-03
81 1.226194e-01 3.076891e-03
82 1.220462e-01 3.041345e-03
83 1.214784e-01 3.006561e-03
84 1.209160e-01 2.972514e-03
85 1.203588e-01 2.939179e-03
86 1.198067e-01 2.906534e-03
87 1.192596e-01 2.874557e-03
88 1.187175e-01 2.843228e-03
89 1.181802e-01 2.812526e-03
90 1.176477e-01 2.782432e-03
91 1.171198e-01 2.752929e-03
92 1.165966e-01 2.723998e-03
93 1.160778e-01 2.695623e-03
94 1.155634e-01 2.667789e-03
95 1.150534e-01 2.640479e-03
96 1.145477e-01 2.613679e-03
97 1.140462e-01 2.587374e-03
98 1.135488e-01 2.561552e-03
99 1.130554e-01 2.536198e-03
100 1.125660e-01 2.511300e-03
101 1.120806e-01 2.486847e-03
102 1.115990e-01 2.462826e-03
103 1.111212e-01 2.439226e-03
104 1.106471e-01 2.416036e-03
105 1.101767e-01 2.393246e-03
106 1.097099e-01 2.370846e-03
107 1.092466e-01 2.348826e-03
108 1.087869e-01 2.327177e-03
109 1.083305e-01 2.305889e-03
110 1.078776e-01 2.284954e-03
111 1.074280e-01 2.264364e-03
112 1.069817e-01 2.244110e-03
113 1.065386e-01 2.224185e-03
114 1.060988e-01 2.204580e-03
115 1.056620e-01 2.185289e-03
116 1.052284e-01 2.166304e-03
117 1.047977e-01 2.147619e-03
118 1.043701e-01 2.129226e-03
119 1.039455e-01 2.111120e-03
120 1.035237e-01 2.093294e-03
121 1.031049e-01 2.075741e-03
122 1.026888e-01 2.058457e-03
123 1.022756e-01 2.041435e-03
124 1.018651e-01 2.024669e-03
125 1.014573e-01 2.008155e-03
126 1.010522e-01 1.991887e-03
127 1.006498e-01 1.975861e-03
128 1.002499e-01 1.960070e-03
129 9.985264e-02 1.944510e-03
130 9.945788e-02 1.929177e-03
131 9.906563e-02 1.914066e-03
132 9.867585e-02 1.899173e-03
133 9.828850e-02 1.884493e-03
134 9.790355e-02 1.870023e-03
135 9.752097e-02 1.855757e-03
136 9.714074e-02 1.841693e-03
137 9.676281e-02 1.827825e-03
138 9.638717e-02 1.814152e-03
139 9.601378e-02 1.800668e-03
140 9.564261e-02 1.787370e-03
141 9.527364e-02 1.774255e-03
142 9.490684e-02 1.761320e-03
143 9.454218e-02 1.748560e-03
144 9.417964e-02 1.735973e-03
145 9.381919e-02 1.723556e-03
146 9.346080e-02 1.711305e-03
147 9.310446e-02 1.699217e-03
148 9.275013e-02 1.687290e-03
149 9.239780e-02 1.675521e-03
150 9.204744e-02 1.663907e-03
151 9.169902e-02 1.652444e-03
152 9.135253e-02 1.641131e-03
153 9.100794e-02 1.629964e-03
154 9.066523e-02 1.618942e-03
155 9.032438e-02 1.608061e-03
156 8.998537e-02 1.597319e-03
157 8.964817e-02 1.586714e-03
158 8.931278e-02 1.576243e-03
159 8.897916e-02 1.565904e-03
160 8.864731e-02 1.555695e-03
161 8.831719e-02 1.545614e-03
162 8.798879e-02 1.535657e-03
163 8.766210e-02 1.525824e-03
164 8.733709e-02 1.516112e-03
165 8.701375e-02 1.506519e-03
166 8.669206e-02 1.497042e-03
167 8.637200e-02 1.487681e-03
168 8.605355e-02 1.478433e-03
169 8.573671e-02 1.469296e-03
170 8.542145e-02 1.460268e-03
171 8.510776e-02 1.451348e-03
172 8.479562e-02 1.442534e-03
173 8.448501e-02 1.433823e-03
174 8.417592e-02 1.425215e-03
175 8.386835e-02 1.416707e-03
176 8.356226e-02 1.408298e-03
177 8.325765e-02 1.399987e-03
178 8.295450e-02 1.391771e-03
179 8.265280e-02 1.383649e-03
180 8.235254e-02 1.375619e-03
181 8.205370e-02 1.367681e-03
182 8.175627e-02 1.359832e-03
183 8.146024e-02 1.352071e-03
184 8.116558e-02 1.344397e-03
185 8.087230e-02 1.336808e-03
186 8.058038e-02 1.329303e-03
187 8.028980e-02 1.321880e-03
188 8.000056e-02 1.314538e-03
189 7.971264e-02 1.307277e-03
190 7.942603e-02 1.300094e-03
191 7.914072e-02 1.292988e-03
192 7.885669e-02 1.285958e-03
193 7.857395e-02 1.279003e-03
194 7.829247e-02 1.272122e-03
195 7.801224e-02 1.265313e-03
196 7.773327e-02 1.258575e-03
197 7.745552e-02 1.251908e-03
198 7.717900e-02 1.245310e-03
199 7.690370e-02 1.238779e-03
200 7.662960e-02 1.232316e-03
201 7.635670e-02 1.225918e-03
202 7.608498e-02 1.219585e-03
203 7.581443e-02 1.213316e-03
204 7.554506e-02 1.207110e-03
205 7.527684e-02 1.200965e-03
206 7.500977e-02 1.194881e-03
207 7.474384e-02 1.188857e-03
208 7.447904e-02 1.182892e-03
209 7.421536e-02 1.176985e-03
210 7.395280e-02 1.171135e-03
211 7.369134e-02 1.165341e-03
212 7.343098e-02 1.159603e-03
213 7.317171e-02 1.153919e-03
214 7.291352e-02 1.148288e-03
215 7.265641e-02 1.142711e-03
216 7.240036e-02 1.137185e-03
217 7.214537e-02 1.131710e-03
218 7.189143e-02 1.126286e-03
219 7.163853e-02 1.120912e-03
220 7.138667e-02 1.115586e-03
221 7.113583e-02 1.110309e-03
222 7.088602e-02 1.105079e-03
223 7.063722e-02 1.099895e-03
224 7.038943e-02 1.094758e-03
225 7.014264e-02 1.089665e-03
226 6.989685e-02 1.084618e-03
227 6.965204e-02 1.079614e-03
228 6.940822e-02 1.074653e-03
229 6.916536e-02 1.069735e-03
230 6.892348e-02 1.064859e-03
231 6.868256e-02 1.060025e-03
232 6.844259e-02 1.055231e-03
233 6.820357e-02 1.050477e-03
234 6.796550e-02 1.045762e-03
235 6.772836e-02 1.041087e-03
236 6.749215e-02 1.036450e-03
237 6.725687e-02 1.031850e-03
238 6.702251e-02 1.027288e-03
239 6.678907e-02 1.022763e-03
240 6.655653e-02 1.018273e-03
241 6.632490e-02 1.013820e-03
242 6.609416e-02 1.009401e-03
243 6.586432e-02 1.005017e-03
244 6.563536e-02 1.000667e-03
245 6.540729e-02 9.963512e-04
246 6.518009e-02 9.920681e-04
247 6.495376e-02 9.878177e-04
248 6.472831e-02 9.835994e-04
249 6.450371e-02 9.794129e-04
250 6.427997e-02 9.752577e-04
251 6.405708e-02 9.711333e-04
252 6.383503e-02 9.670393e-04
253 6.361383e-02 9.629753e-04
254 6.339347e-02 9.589409e-04
255 6.317394e-02 9.549357e-04
256 6.295523e-02 9.509592e-04
257 6.273735e-02 9.470110e-04
258 6.252029e-02 9.430909e-04
259 6.230405e-02 9.391983e-04
260 6.208861e-02 9.353330e-04
261 6.187398e-02 9.314944e-04
262 6.166016e-02 9.276824e-04
263 6.144712e-02 9.238965e-04
264 6.123489e-02 9.201363e-04
265 6.102344e-02 9.164016e-04
266 6.081278e-02 9.126920e-04
267 6.060289e-02 9.090072e-04
268 6.039379e-02 9.053467e-04
269 6.018545e-02 9.017104e-04
270 5.997789e-02 8.980979e-04
271 5.977109e-02 8.945089e-04
272 5.956505e-02 8.909431e-04
273 5.935977e-02 8.874001e-04
274 5.915524e-02 8.838798e-04
275 5.895146e-02 8.803817e-04
276 5.874843e-02 8.769057e-04
277 5.854614e-02 8.734514e-04
278 5.834459e-02 8.700186e-04
279 5.814378e-02 8.666070e-04
280 5.794369e-02 8.632163e-04
281 5.774434e-02 8.598463e-04
282 5.754570e-02 8.564968e-04
283 5.734779e-02 8.531674e-04
284 5.715060e-02 8.498579e-04
285 5.695412e-02 8.465681e-04
286 5.675835e-02 8.432978e-04
287 5.656329e-02 8.400467e-04
288 5.636894e-02 8.368145e-04
289 5.617528e-02 8.336012e-04
290 5.598232e-02 8.304063e-04
291 5.579006e-02 8.272298e-04
292 5.559849e-02 8.240714e-04
293 5.540760e-02 8.209309e-04
294 5.521741e-02 8.178081e-04
295 5.502789e-02 8.147028e-04
296 5.483905e-02 8.116148e-04
297 5.465089e-02 8.085439e-04
298 5.446340e-02 8.054898e-04
299 5.427658e-02 8.024525e-04
300 5.409043e-02 7.994317e-04
301 5.390494e-02 7.964273e-04
302 5.372011e-02 7.934390e-04
303 5.353594e-02 7.904667e-04
304 5.335242e-02 7.875102e-04
305 5.316956e-02 7.845694e-04
306 5.298735e-02 7.816440e-04
307 5.280578e-02 7.787340e-04
308 5.262486e-02 7.758391e-04
309 5.244458e-02 7.729591e-04
310 5.226493e-02 7.700941e-04
311 5.208593e-02 7.672437e-04
312 5.190755e-02 7.644078e-04
313 5.172981e-02 7.615863e-04
314 5.155269e-02 7.587790e-04
315 5.137620e-02 7.559859e-04
316 5.120033e-02 7.532066e-04
317 5.102508e-02 7.504412e-04
318 5.085045e-02 7.476895e-04
319 5.067643e-02 7.449513e-04
320 5.050302e-02 7.422265e-04
321 5.033023e-02 7.395149e-04
322 5.015804e-02 7.368166e-04
323 4.998645e-02 7.341312e-04
324 4.981547e-02 7.314587e-04
325 4.964509e-02 7.287990e-04
326 4.947530e-02 7.261520e-04
327 4.930611e-02 7.235175e-04
328 4.913751e-02 7.208954e-04
329 4.896950e-02 7.182857e-04
330 4.880208e-02 7.156881e-04
331 4.863524e-02 7.131026e-04
332 4.846899e-02 7.105291e-04
333 4.830332e-02 7.079675e-04
334 4.813822e-02 7.054176e-04
335 4.797370e-02 7.028794e-04
336 4.780976e-02 7.003527e-04
337 4.764639e-02 6.978375e-04
338 4.748358e-02 6.953337e-04
339 4.732134e-02 6.928411e-04
340 4.715967e-02 6.903597e-04
341 4.699856e-02 6.878894e-04
342 4.683801e-02 6.854300e-04
343 4.667802e-02 6.829816e-04
344 4.651858e-02 6.805439e-04
345 4.635970e-02 6.781169e-04
346 4.620137e-02 6.757006e-04
347 4.604359e-02 6.732948e-04
348 4.588636e-02 6.708995e-04
349 4.572967e-02 6.685146e-04
350 4.557352e-02 6.661399e-04
351 4.541792e-02 6.637754e-04
352 4.526286e-02 6.614211e-04
353 4.510833e-02 6.590768e-04
354 4.495434e-02 6.567425e-04
355 4.480088e-02 6.544181e-04
356 4.464795e-02 6.521035e-04
357 4.449555e-02 6.497987e-04
358 4.434367e-02 6.475036e-04
359 4.419232e-02 6.452180e-04
360 4.404150e-02 6.429420e-04
361 4.389120e-02 6.406755e-04
362 4.374141e-02 6.384183e-04
363 4.359214e-02 6.361705e-04
364 4.344339e-02 6.339320e-04
365 4.329515e-02 6.317026e-04
366 4.314742e-02 6.294824e-04
367 4.300020e-02 6.272713e-04
368 4.285349e-02 6.250691e-04
369 4.270728e-02 6.228759e-04
370 4.256158e-02 6.206916e-04
371 4.241638e-02 6.185162e-04
372 4.227168e-02 6.163494e-04
373 4.212748e-02 6.141914e-04
374 4.198377e-02 6.120421e-04
375 4.184056e-02 6.099013e-04
376 4.169784e-02 6.077690e-04
377 4.155561e-02 6.056453e-04
378 4.141388e-02 6.035299e-04
379 4.127263e-02 6.014230e-04
380 4.113186e-02 5.993243e-04
381 4.099158e-02 5.972340e-04
382 4.085178e-02 5.951518e-04
383 4.071246e-02 5.930778e-04
384 4.057362e-02 5.910119e-04
385 4.043525e-02 5.889540e-04
386 4.029736e-02 5.869042e-04
387 4.015995e-02 5.848624e-04
388 4.002300e-02 5.828284e-04
389 3.988653e-02 5.808023e-04
390 3.975052e-02 5.787841e-04
391 3.961498e-02 5.767736e-04
392 3.947991e-02 5.747708e-04
393 3.934530e-02 5.727757e-04
394 3.921115e-02 5.707883e-04
395 3.907746e-02 5.688085e-04
396 3.894422e-02 5.668362e-04
397 3.881145e-02 5.648714e-04
398 3.867913e-02 5.629141e-04
399 3.854726e-02 5.609642e-04
400 3.841584e-02 5.590216e-04
401 3.828488e-02 5.570865e-04
402 3.815436e-02 5.551586e-04
403 3.802429e-02 5.532380e-04
404 3.789467e-02 5.513246e-04
405 3.776549e-02 5.494184e-04
406 3.763675e-02 5.475193e-04
407 3.750845e-02 5.456273e-04
408 3.738059e-02 5.437424e-04
409 3.725316e-02 5.418645e-04
410 3.712618e-02 5.399936e-04
411 3.699963e-02 5.381297e-04
412 3.687351e-02 5.362727e-04
413 3.674782e-02 5.344226e-04
414 3.662256e-02 5.325793e-04
415 3.649773e-02 5.307428e-04
416 3.637333e-02 5.289131e-04
417 3.624935e-02 5.270902e-04
418 3.612579e-02 5.252739e-04
419 3.600266e-02 5.234643e-04
420 3.587995e-02 5.216614e-04
421 3.575766e-02 5.198651e-04
422 3.563578e-02 5.180753e-04
423 3.551432e-02 5.162921e-04
424 3.539328e-02 5.145154e-04
425 3.527265e-02 5.127452e-04
426 3.515243e-02 5.109814e-04
427 3.503262e-02 5.092241e-04
428 3.491322e-02 5.074731e-04
429 3.479423e-02 5.057285e-04
430 3.467565e-02 5.039902e-04
431 3.455747e-02 5.022582e-04
432 3.443969e-02 5.005325e-04
433 3.432232e-02 4.988130e-04
434 3.420534e-02 4.970997e-04
435 3.408877e-02 4.953926e-04
436 3.397259e-02 4.936917e-04
437 3.385681e-02 4.919968e-04
438 3.374142e-02 4.903081e-04
439 3.362643e-02 4.886254e-04
440 3.351183e-02 4.869488e-04
441 3.339762e-02 4.852782e-04
442 3.328380e-02 4.836135e-04
443 3.317037e-02 4.819548e-04
444 3.305733e-02 4.803021e-04
445 3.294467e-02 4.786552e-04
446 3.283239e-02 4.770142e-04
447 3.272050e-02 4.753791e-04
448 3.260899e-02 4.737498e-04
449 3.249786e-02 4.721263e-04
450 3.238711e-02 4.705085e-04
451 3.227673e-02 4.688965e-04
452 3.216673e-02 4.672903e-04
453 3.205711e-02 4.656897e-04
454 3.194786e-02 4.640948e-04
455 3.183898e-02 4.625056e-04
456 3.173048e-02 4.609220e-04
457 3.162234e-02 4.593440e-04
458 3.151457e-02 4.577716e-04
459 3.140717e-02 4.562047e-04
460 3.130014e-02 4.546433e-04
461 3.119347e-02 4.530875e-04
462 3.108716e-02 4.515372e-04
463 3.098122e-02 4.499923e-04
464 3.087563e-02 4.484528e-04
465 3.077041e-02 4.469188e-04
466 3.066555e-02 4.453901e-04
467 3.056104e-02 4.438669e-04
468 3.045689e-02 4.423490e-04
469 3.035309e-02 4.408364e-04
470 3.024964e-02 4.393291e-04
471 3.014655e-02 4.378271e-04
472 3.004381e-02 4.363304e-04
473 2.994142e-02 4.348389e-04
474 2.983938e-02 4.333526e-04
475 2.973769e-02 4.318715e-04
476 2.963634e-02 4.303956e-04
477 2.953534e-02 4.289249e-04
478 2.943468e-02 4.274593e-04
479 2.933436e-02 4.259988e-04
480 2.923439e-02 4.245434e-04
481 2.913475e-02 4.230931e-04
482 2.903546e-02 4.216478e-04
483 2.893650e-02 4.202076e-04
484 2.883788e-02 4.187724e-04
485 2.873960e-02 4.173422e-04
486 2.864165e-02 4.159170e-04
487 2.854403e-02 4.144967e-04
488 2.844675e-02 4.130814e-04
489 2.834979e-02 4.116710e-04
490 2.825317e-02 4.102654e-04
491 2.815688e-02 4.088648e-04
492 2.806091e-02 4.074690e-04
493 2.796527e-02 4.060781e-04
494 2.786996e-02 4.046920e-04
495 2.777497e-02 4.033107e-04
496 2.768030e-02 4.019342e-04
497 2.758596e-02 4.005624e-04
498 2.749194e-02 3.991954e-04
499 2.739823e-02 3.978332e-04
500 2.730485e-02 3.964756e-04
501 2.721178e-02 3.951228e-04
502 2.711904e-02 3.937746e-04
503 2.702660e-02 3.924311e-04
504 2.693448e-02 3.910922e-04
505 2.684268e-02 3.897580e-04
506 2.675118e-02 3.884284e-04
507 2.666000e-02 3.871033e-04
508 2.656913e-02 3.857828e-04
509 2.647857e-02 3.844669e-04
510 2.638832e-02 3.831556e-04
511 2.629837e-02 3.818487e-04
512 2.620873e-02 3.805464e-04
513 2.611939e-02 3.792485e-04
514 2.603036e-02 3.779552e-04
515 2.594163e-02 3.766662e-04
516 2.585321e-02 3.753817e-04
517 2.576508e-02 3.741017e-04
518 2.567725e-02 3.728260e-04
519 2.558973e-02 3.715548e-04
520 2.550250e-02 3.702879e-04
521 2.541557e-02 3.690254e-04
522 2.532893e-02 3.677672e-04
523 2.524259e-02 3.665133e-04
524 2.515654e-02 3.652637e-04
525 2.507078e-02 3.640185e-04
526 2.498532e-02 3.627775e-04
527 2.490015e-02 3.615408e-04
528 2.481527e-02 3.603083e-04
529 2.473067e-02 3.590801e-04
530 2.464637e-02 3.578561e-04
531 2.456235e-02 3.566363e-04
532 2.447861e-02 3.554206e-04
533 2.439516e-02 3.542092e-04
534 2.431200e-02 3.530019e-04
535 2.422912e-02 3.517987e-04
536 2.414652e-02 3.505997e-04
537 2.406420e-02 3.494048e-04
538 2.398216e-02 3.482139e-04
539 2.390040e-02 3.470272e-04
540 2.381892e-02 3.458445e-04
541 2.373772e-02 3.446659e-04
542 2.365679e-02 3.434913e-04
543 2.357614e-02 3.423207e-04
544 2.349576e-02 3.411542e-04
545 2.341566e-02 3.399916e-04
546 2.333582e-02 3.388330e-04
547 2.325626e-02 3.376784e-04
548 2.317697e-02 3.365277e-04
549 2.309795e-02 3.353810e-04
550 2.301920e-02 3.342382e-04
551 2.294072e-02 3.330993e-04
552 2.286251e-02 3.319643e-04
553 2.278456e-02 3.308332e-04
554 2.270687e-02 3.297060e-04
555 2.262945e-02 3.285826e-04
556 2.255229e-02 3.274630e-04
557 2.247540e-02 3.263473e-04
558 2.239877e-02 3.252354e-04
559 2.232240e-02 3.241273e-04
560 2.224628e-02 3.230230e-04
561 2.217043e-02 3.219224e-04
562 2.209484e-02 3.208256e-04
563 2.201950e-02 3.197326e-04
564 2.194442e-02 3.186433e-04
565 2.186959e-02 3.175577e-04
566 2.179502e-02 3.164758e-04
567 2.172070e-02 3.153976e-04
568 2.164664e-02 3.143231e-04
569 2.157283e-02 3.132523e-04
570 2.149927e-02 3.121851e-04
571 2.142595e-02 3.111216e-04
572 2.135289e-02 3.100617e-04
573 2.128008e-02 3.090054e-04
574 2.120751e-02 3.079527e-04
575 2.113520e-02 3.069036e-04
576 2.106312e-02 3.058581e-04
577 2.099130e-02 3.048161e-04
578 2.091971e-02 3.037777e-04
579 2.084838e-02 3.027429e-04
580 2.077728e-02 3.017116e-04
581 2.070643e-02 3.006838e-04
582 2.063581e-02 2.996595e-04
583 2.056544e-02 2.986386e-04
584 2.049531e-02 2.976213e-04
585 2.042541e-02 2.966075e-04
586 2.035575e-02 2.955971e-04
587 2.028633e-02 2.945901e-04
588 2.021715e-02 2.935866e-04
589 2.014820e-02 2.925865e-04
590 2.007949e-02 2.915898e-04
591 2.001101e-02 2.905965e-04
592 1.994276e-02 2.896066e-04
593 1.987475e-02 2.886200e-04
594 1.980697e-02 2.876368e-04
595 1.973941e-02 2.866570e-04
596 1.967209e-02 2.856805e-04
597 1.960500e-02 2.847074e-04
598 1.953813e-02 2.837375e-04
599 1.947150e-02 2.827710e-04
600 1.940509e-02 2.818077e-04
601 1.933890e-02 2.808477e-04
602 1.927294e-02 2.798910e-04
603 1.920721e-02 2.789376e-04
604 1.914170e-02 2.779874e-04
605 1.907641e-02 2.770404e-04
606 1.901134e-02 2.760967e-04
607 1.894650e-02 2.751562e-04
608 1.888188e-02 2.742188e-04
609 1.881747e-02 2.732847e-04
610 1.875329e-02 2.723538e-04
611 1.868932e-02 2.714260e-04
612 1.862557e-02 2.705014e-04
613 1.856204e-02 2.695799e-04
614 1.849873e-02 2.686615e-04
615 1.843563e-02 2.677463e-04
616 1.837274e-02 2.668342e-04
617 1.831007e-02 2.659252e-04
618 1.824762e-02 2.650193e-04
619 1.818537e-02 2.641165e-04
620 1.812334e-02 2.632168e-04
621 1.806152e-02 2.623201e-04
622 1.799991e-02 2.614265e-04
623 1.793850e-02 2.605359e-04
624 1.787731e-02 2.596483e-04
625 1.781633e-02 2.587638e-04
626 1.775555e-02 2.578823e-04
627 1.769498e-02 2.570037e-04
628 1.763462e-02 2.561282e-04
629 1.757446e-02 2.552556e-04
630 1.751451e-02 2.543860e-04
631 1.745476e-02 2.535194e-04
632 1.739521e-02 2.526557e-04
633 1.733587e-02 2.517950e-04
634 1.727673e-02 2.509372e-04
635 1.721779e-02 2.500823e-04
636 1.715905e-02 2.492303e-04
637 1.710051e-02 2.483812e-04
638 1.704217e-02 2.475350e-04
639 1.698403e-02 2.466916e-04
640 1.692609e-02 2.458512e-04
641 1.686834e-02 2.450136e-04
642 1.681079e-02 2.441788e-04
643 1.675344e-02 2.433469e-04
644 1.669628e-02 2.425178e-04
645 1.663932e-02 2.416916e-04
646 1.658255e-02 2.408681e-04
647 1.652597e-02 2.400474e-04
648 1.646959e-02 2.392296e-04
649 1.641340e-02 2.384145e-04
650 1.635740e-02 2.376022e-04
651 1.630159e-02 2.367926e-04
652 1.624597e-02 2.359859e-04
653 1.619054e-02 2.351818e-04
654 1.613530e-02 2.343805e-04
655 1.608025e-02 2.335819e-04
656 1.602538e-02 2.327860e-04
657 1.597070e-02 2.319929e-04
658 1.591621e-02 2.312024e-04
659 1.586190e-02 2.304146e-04
660 1.580778e-02 2.296295e-04
661 1.575384e-02 2.288471e-04
662 1.570009e-02 2.280673e-04
663 1.564652e-02 2.272902e-04
664 1.559313e-02 2.265157e-04
665 1.553992e-02 2.257438e-04
666 1.548690e-02 2.249746e-04
667 1.543405e-02 2.242080e-04
668 1.538139e-02 2.234440e-04
669 1.532890e-02 2.226826e-04
670 1.527660e-02 2.219238e-04
671 1.522447e-02 2.211675e-04
672 1.517252e-02 2.204139e-04
673 1.512074e-02 2.196628e-04
674 1.506915e-02 2.189142e-04
675 1.501772e-02 2.181682e-04
676 1.496648e-02 2.174247e-04
677 1.491540e-02 2.166838e-04
678 1.486451e-02 2.159454e-04
679 1.481378e-02 2.152095e-04
680 1.476323e-02 2.144761e-04
681 1.471285e-02 2.137451e-04
682 1.466264e-02 2.130167e-04
683 1.461260e-02 2.122908e-04
684 1.456274e-02 2.115673e-04
685 1.451304e-02 2.108463e-04
686 1.446351e-02 2.101277e-04
687 1.441415e-02 2.094115e-04
688 1.436496e-02 2.086978e-04
689 1.431594e-02 2.079866e-04
690 1.426708e-02 2.072777e-04
691 1.421839e-02 2.065713e-04
692 1.416987e-02 2.058672e-04
693 1.412151e-02 2.051656e-04
694 1.407332e-02 2.044663e-04
695 1.402529e-02 2.037694e-04
696 1.397742e-02 2.030749e-04
697 1.392972e-02 2.023828e-04
698 1.388218e-02 2.016930e-04
699 1.383480e-02 2.010055e-04
700 1.378758e-02 2.003204e-04
701 1.374052e-02 1.996376e-04
702 1.369363e-02 1.989571e-04
703 1.364689e-02 1.982790e-04
704 1.360032e-02 1.976031e-04
705 1.355390e-02 1.969296e-04
706 1.350764e-02 1.962583e-04
707 1.346153e-02 1.955893e-04
708 1.341559e-02 1.949226e-04
709 1.336980e-02 1.942582e-04
710 1.332417e-02 1.935960e-04
711 1.327869e-02 1.929361e-04
712 1.323337e-02 1.922784e-04
713 1.318820e-02 1.916229e-04
714 1.314319e-02 1.909697e-04
715 1.309833e-02 1.903187e-04
716 1.305362e-02 1.896699e-04
717 1.300906e-02 1.890234e-04
718 1.296466e-02 1.883790e-04
719 1.292041e-02 1.877368e-04
720 1.287631e-02 1.870968e-04
721 1.283236e-02 1.864589e-04
722 1.278855e-02 1.858233e-04
723 1.274490e-02 1.851898e-04
724 1.270140e-02 1.845584e-04
725 1.265804e-02 1.839292e-04
726 1.261484e-02 1.833022e-04
727 1.257178e-02 1.826772e-04
728 1.252886e-02 1.820544e-04
729 1.248610e-02 1.814337e-04
730 1.244348e-02 1.808151e-04
731 1.240100e-02 1.801987e-04
732 1.235867e-02 1.795843e-04
733 1.231648e-02 1.789720e-04
734 1.227444e-02 1.783618e-04
735 1.223254e-02 1.777537e-04
736 1.219078e-02 1.771476e-04
737 1.214917e-02 1.765436e-04
738 1.210769e-02 1.759416e-04
739 1.206636e-02 1.753417e-04
740 1.202517e-02 1.747439e-04
741 1.198412e-02 1.741480e-04
742 1.194321e-02 1.735542e-04
743 1.190244e-02 1.729624e-04
744 1.186181e-02 1.723727e-04
745 1.182132e-02 1.717849e-04
746 1.178096e-02 1.711991e-04
747 1.174074e-02 1.706153e-04
748 1.170066e-02 1.700335e-04
749 1.166072e-02 1.694537e-04
750 1.162091e-02 1.688759e-04
751 1.158124e-02 1.683000e-04
752 1.154170e-02 1.677261e-04
753 1.150230e-02 1.671541e-04
754 1.146303e-02 1.665841e-04
755 1.142390e-02 1.660160e-04
756 1.138490e-02 1.654499e-04
757 1.134603e-02 1.648856e-04
758 1.130730e-02 1.643233e-04
759 1.126869e-02 1.637629e-04
760 1.123022e-02 1.632044e-04
761 1.119188e-02 1.626478e-04
762 1.115367e-02 1.620931e-04
763 1.111559e-02 1.615403e-04
764 1.107765e-02 1.609894e-04
765 1.103983e-02 1.604403e-04
766 1.100214e-02 1.598932e-04
767 1.096457e-02 1.593478e-04
768 1.092714e-02 1.588043e-04
769 1.088983e-02 1.582627e-04
770 1.085265e-02 1.577229e-04
771 1.081560e-02 1.571850e-04
772 1.077867e-02 1.566489e-04
773 1.074187e-02 1.561146e-04
774 1.070520e-02 1.555821e-04
775 1.066865e-02 1.550514e-04
776 1.063222e-02 1.545226e-04
777 1.059592e-02 1.539955e-04
778 1.055975e-02 1.534702e-04
779 1.052369e-02 1.529468e-04
780 1.048776e-02 1.524250e-04
781 1.045195e-02 1.519051e-04
782 1.041627e-02 1.513870e-04
783 1.038070e-02 1.508706e-04
784 1.034526e-02 1.503559e-04
785 1.030994e-02 1.498430e-04
786 1.027473e-02 1.493319e-04
787 1.023965e-02 1.488225e-04
788 1.020469e-02 1.483148e-04
789 1.016985e-02 1.478089e-04
790 1.013512e-02 1.473046e-04
791 1.010052e-02 1.468021e-04
792 1.006603e-02 1.463013e-04
793 1.003166e-02 1.458022e-04
794 9.997407e-03 1.453048e-04
795 9.963271e-03 1.448091e-04
796 9.929252e-03 1.443151e-04
797 9.895348e-03 1.438228e-04
798 9.861560e-03 1.433321e-04
799 9.827888e-03 1.428431e-04
800 9.794330e-03 1.423558e-04
801 9.760887e-03 1.418701e-04
802 9.727558e-03 1.413861e-04
803 9.694342e-03 1.409037e-04
804 9.661240e-03 1.404230e-04
805 9.628251e-03 1.399439e-04
806 9.595374e-03 1.394664e-04
807 9.562609e-03 1.389906e-04
808 9.529956e-03 1.385164e-04
809 9.497415e-03 1.380437e-04
810 9.464985e-03 1.375727e-04
811 9.432665e-03 1.371033e-04
812 9.400455e-03 1.366355e-04
813 9.368356e-03 1.361693e-04
814 9.336365e-03 1.357047e-04
815 9.304484e-03 1.352417e-04
816 9.272712e-03 1.347802e-04
817 9.241048e-03 1.343203e-04
818 9.209492e-03 1.338620e-04
819 9.178044e-03 1.334052e-04
820 9.146703e-03 1.329500e-04
821 9.115469e-03 1.324963e-04
822 9.084342e-03 1.320442e-04
823 9.053321e-03 1.315936e-04
824 9.022405e-03 1.311446e-04
825 8.991595e-03 1.306970e-04
826 8.960891e-03 1.302510e-04
827 8.930291e-03 1.298066e-04
828 8.899795e-03 1.293636e-04
829 8.869404e-03 1.289221e-04
830 8.839116e-03 1.284822e-04
831 8.808931e-03 1.280437e-04
832 8.778850e-03 1.276067e-04
833 8.748871e-03 1.271713e-04
834 8.718994e-03 1.267373e-04
835 8.689220e-03 1.263047e-04
836 8.659547e-03 1.258737e-04
837 8.629975e-03 1.254441e-04
838 8.600504e-03 1.250160e-04
839 8.571134e-03 1.245893e-04
840 8.541863e-03 1.241641e-04
841 8.512693e-03 1.237403e-04
842 8.483623e-03 1.233180e-04
843 8.454651e-03 1.228971e-04
844 8.425779e-03 1.224777e-04
845 8.397004e-03 1.220597e-04
846 8.368329e-03 1.216431e-04
847 8.339751e-03 1.212279e-04
848 8.311270e-03 1.208141e-04
849 8.282887e-03 1.204018e-04
850 8.254600e-03 1.199908e-04
851 8.226411e-03 1.195812e-04
852 8.198317e-03 1.191731e-04
853 8.170319e-03 1.187663e-04
854 8.142417e-03 1.183609e-04
855 8.114610e-03 1.179569e-04
856 8.086898e-03 1.175543e-04
857 8.059280e-03 1.171530e-04
858 8.031757e-03 1.167531e-04
859 8.004327e-03 1.163546e-04
860 7.976992e-03 1.159574e-04
861 7.949749e-03 1.155616e-04
862 7.922600e-03 1.151671e-04
863 7.895543e-03 1.147740e-04
864 7.868579e-03 1.143822e-04
865 7.841706e-03 1.139917e-04
866 7.814926e-03 1.136026e-04
867 7.788236e-03 1.132148e-04
868 7.761638e-03 1.128283e-04
869 7.735131e-03 1.124431e-04
870 7.708714e-03 1.120593e-04
871 7.682387e-03 1.116767e-04
872 7.656150e-03 1.112955e-04
873 7.630003e-03 1.109155e-04
874 7.603945e-03 1.105369e-04
875 7.577976e-03 1.101595e-04
876 7.552095e-03 1.097834e-04
877 7.526303e-03 1.094086e-04
878 7.500599e-03 1.090351e-04
879 7.474983e-03 1.086629e-04
880 7.449454e-03 1.082919e-04
881 7.424012e-03 1.079222e-04
882 7.398658e-03 1.075537e-04
883 7.373389e-03 1.071865e-04
884 7.348207e-03 1.068205e-04
885 7.323111e-03 1.064558e-04
886 7.298101e-03 1.060924e-04
887 7.273176e-03 1.057301e-04
888 7.248336e-03 1.053691e-04
889 7.223581e-03 1.050094e-04
890 7.198910e-03 1.046508e-04
891 7.174324e-03 1.042935e-04
892 7.149821e-03 1.039374e-04
893 7.125402e-03 1.035825e-04
894 7.101067e-03 1.032288e-04
895 7.076815e-03 1.028764e-04
896 7.052645e-03 1.025251e-04
897 7.028558e-03 1.021750e-04
898 7.004553e-03 1.018261e-04
899 6.980631e-03 1.014784e-04
900 6.956789e-03 1.011319e-04
901 6.933030e-03 1.007866e-04
902 6.909351e-03 1.004424e-04
903 6.885753e-03 1.000994e-04
904 6.862236e-03 9.975763e-05
905 6.838799e-03 9.941698e-05
906 6.815442e-03 9.907749e-05
907 6.792165e-03 9.873916e-05
908 6.768968e-03 9.840198e-05
909 6.745849e-03 9.806594e-05
910 6.722810e-03 9.773106e-05
911 6.699849e-03 9.739731e-05
912 6.676967e-03 9.706470e-05
913 6.654162e-03 9.673323e-05
914 6.631436e-03 9.640288e-05
915 6.608787e-03 9.607366e-05
916 6.586216e-03 9.574556e-05
917 6.563721e-03 9.541858e-05
918 6.541304e-03 9.509272e-05
919 6.518963e-03 9.476796e-05
920 6.496698e-03 9.444431e-05
921 6.474509e-03 9.412177e-05
922 6.452397e-03 9.380032e-05
923 6.430359e-03 9.347997e-05
924 6.408397e-03 9.316071e-05
925 6.386510e-03 9.284253e-05
926 6.364698e-03 9.252544e-05
927 6.342960e-03 9.220944e-05
928 6.321296e-03 9.189451e-05
929 6.299706e-03 9.158065e-05
930 6.278190e-03 9.126786e-05
931 6.256748e-03 9.095614e-05
932 6.235379e-03 9.064548e-05
933 6.214083e-03 9.033588e-05
934 6.192859e-03 9.002733e-05
935 6.171708e-03 8.971984e-05
936 6.150629e-03 8.941339e-05
937 6.129622e-03 8.910799e-05
938 6.108687e-03 8.880363e-05
939 6.087824e-03 8.850030e-05
940 6.067032e-03 8.819801e-05
941 6.046310e-03 8.789676e-05
942 6.025660e-03 8.759652e-05
943 6.005080e-03 8.729731e-05
944 5.984570e-03 8.699912e-05
945 5.964131e-03 8.670195e-05
946 5.943761e-03 8.640579e-05
947 5.923461e-03 8.611064e-05
948 5.903230e-03 8.581649e-05
949 5.883068e-03 8.552335e-05
950 5.862975e-03 8.523121e-05
951 5.842951e-03 8.494006e-05
952 5.822995e-03 8.464991e-05
953 5.803107e-03 8.436074e-05
954 5.783287e-03 8.407256e-05
955 5.763535e-03 8.378537e-05
956 5.743851e-03 8.349915e-05
957 5.724233e-03 8.321391e-05
958 5.704683e-03 8.292964e-05
959 5.685199e-03 8.264633e-05
960 5.665782e-03 8.236400e-05
961 5.646432e-03 8.208263e-05
962 5.627147e-03 8.180221e-05
963 5.607928e-03 8.152276e-05
964 5.588775e-03 8.124425e-05
965 5.569688e-03 8.096670e-05
966 5.550665e-03 8.069009e-05
967 5.531708e-03 8.041442e-05
968 5.512815e-03 8.013970e-05
969 5.493987e-03 7.986591e-05
970 5.475223e-03 7.959305e-05
971 5.456524e-03 7.932113e-05
972 5.437888e-03 7.905013e-05
973 5.419316e-03 7.878005e-05
974 5.400807e-03 7.851090e-05
975 5.382362e-03 7.824266e-05
976 5.363979e-03 7.797534e-05
977 5.345659e-03 7.770893e-05
978 5.327402e-03 7.744343e-05
979 5.309208e-03 7.717884e-05
980 5.291075e-03 7.691514e-05
981 5.273005e-03 7.665235e-05
982 5.254996e-03 7.639045e-05
983 5.237049e-03 7.612945e-05
984 5.219163e-03 7.586933e-05
985 5.201338e-03 7.561010e-05
986 5.183574e-03 7.535176e-05
987 5.165870e-03 7.509430e-05
988 5.148228e-03 7.483771e-05
989 5.130645e-03 7.458200e-05
990 5.113123e-03 7.432716e-05
991 5.095660e-03 7.407319e-05
992 5.078257e-03 7.382009e-05
993 5.060914e-03 7.356785e-05
994 5.043630e-03 7.331647e-05
995 5.026405e-03 7.306595e-05
996 5.009238e-03 7.281628e-05
997 4.992131e-03 7.256747e-05
998 4.975082e-03 7.231950e-05
999 4.958091e-03 7.207238e-05
1000 4.941158e-03 7.182610e-05
1001 4.924283e-03 7.158066e-05
1002 4.907466e-03 7.133606e-05
1003 4.890706e-03 7.109229e-05
1004 4.874003e-03 7.084936e-05
1005 4.857358e-03 7.060725e-05
1006 4.840769e-03 7.036597e-05
1007 4.824237e-03 7.012551e-05
1008 4.807762e-03 6.988587e-05
1009 4.791343e-03 6.964705e-05
1010 4.774980e-03 6.940905e-05
1011 4.758672e-03 6.917185e-05
1012 4.742421e-03 6.893547e-05
1013 4.726225e-03 6.869989e-05
1014 4.710085e-03 6.846511e-05
1015 4.693999e-03 6.823114e-05
1016 4.677969e-03 6.799796e-05
1017 4.661993e-03 6.776558e-05
1018 4.646072e-03 6.753399e-05
1019 4.630206e-03 6.730320e-05
1020 4.614393e-03 6.707318e-05
1021 4.598635e-03 6.684396e-05
1022 4.582931e-03 6.661552e-05
1023 4.567280e-03 6.638785e-05
1024 4.551683e-03 6.616096e-05
1025 4.536139e-03 6.593485e-05
1026 4.520648e-03 6.570951e-05
1027 4.505210e-03 6.548493e-05
1028 4.489825e-03 6.526113e-05
1029 4.474492e-03 6.503808e-05
1030 4.459212e-03 6.481580e-05
1031 4.443984e-03 6.459428e-05
1032 4.428808e-03 6.437351e-05
1033 4.413684e-03 6.415349e-05
1034 4.398611e-03 6.393423e-05
1035 4.383591e-03 6.371571e-05
1036 4.368621e-03 6.349794e-05
1037 4.353703e-03 6.328091e-05
1038 4.338835e-03 6.306462e-05
1039 4.324019e-03 6.284908e-05
1040 4.309253e-03 6.263426e-05
1041 4.294538e-03 6.242018e-05
1042 4.279872e-03 6.220683e-05
1043 4.265257e-03 6.199421e-05
1044 4.250692e-03 6.178231e-05
1045 4.236177e-03 6.157114e-05
1046 4.221711e-03 6.136069e-05
1047 4.207295e-03 6.115095e-05
1048 4.192928e-03 6.094193e-05
1049 4.178610e-03 6.073362e-05
1050 4.164341e-03 6.052603e-05
1051 4.150121e-03 6.031914e-05
1052 4.135950e-03 6.011296e-05
1053 4.121827e-03 5.990749e-05
1054 4.107752e-03 5.970271e-05
1055 4.093725e-03 5.949863e-05
1056 4.079747e-03 5.929525e-05
1057 4.065816e-03 5.909257e-05
1058 4.051932e-03 5.889057e-05
1059 4.038096e-03 5.868927e-05
1060 4.024308e-03 5.848865e-05
1061 4.010566e-03 5.828871e-05
1062 3.996872e-03 5.808946e-05
1063 3.983224e-03 5.789089e-05
1064 3.969623e-03 5.769300e-05
1065 3.956069e-03 5.749578e-05
1066 3.942560e-03 5.729924e-05
1067 3.929098e-03 5.710336e-05
1068 3.915683e-03 5.690816e-05
1069 3.902312e-03 5.671362e-05
1070 3.888988e-03 5.651974e-05
1071 3.875709e-03 5.632653e-05
1072 3.862476e-03 5.613397e-05
1073 3.849287e-03 5.594208e-05
1074 3.836144e-03 5.575083e-05
1075 3.823046e-03 5.556025e-05
1076 3.809993e-03 5.537031e-05
1077 3.796984e-03 5.518102e-05
1078 3.784019e-03 5.499237e-05
1079 3.771099e-03 5.480437e-05
1080 3.758224e-03 5.461701e-05
1081 3.745392e-03 5.443030e-05
1082 3.732604e-03 5.424421e-05
1083 3.719860e-03 5.405877e-05
1084 3.707159e-03 5.387396e-05
1085 3.694502e-03 5.368977e-05
1086 3.681888e-03 5.350622e-05
1087 3.669317e-03 5.332329e-05
1088 3.656789e-03 5.314099e-05
1089 3.644304e-03 5.295931e-05
1090 3.631862e-03 5.277825e-05
1091 3.619462e-03 5.259781e-05
1092 3.607104e-03 5.241798e-05
1093 3.594789e-03 5.223877e-05
1094 3.582516e-03 5.206017e-05
1095 3.570285e-03 5.188218e-05
1096 3.558096e-03 5.170480e-05
1097 3.545948e-03 5.152802e-05
1098 3.533842e-03 5.135185e-05
1099 3.521777e-03 5.117628e-05
1100 3.509754e-03 5.100130e-05
1101 3.497772e-03 5.082693e-05
1102 3.485830e-03 5.065315e-05
1103 3.473930e-03 5.047996e-05
1104 3.462070e-03 5.030737e-05
1105 3.450251e-03 5.013536e-05
1106 3.438472e-03 4.996394e-05
1107 3.426733e-03 4.979311e-05
1108 3.415035e-03 4.962286e-05
1109 3.403376e-03 4.945319e-05
1110 3.391758e-03 4.928410e-05
1111 3.380179e-03 4.911559e-05
1112 3.368640e-03 4.894765e-05
1113 3.357140e-03 4.878029e-05
1114 3.345679e-03 4.861350e-05
1115 3.334258e-03 4.844728e-05
1116 3.322876e-03 4.828162e-05
1117 3.311533e-03 4.811653e-05
1118 3.300228e-03 4.795201e-05
1119 3.288962e-03 4.778804e-05
1120 3.277735e-03 4.762464e-05
1121 3.266546e-03 4.746179e-05
1122 3.255395e-03 4.729950e-05
1123 3.244282e-03 4.713777e-05
1124 3.233208e-03 4.697659e-05
1125 3.222171e-03 4.681595e-05
1126 3.211172e-03 4.665587e-05
1127 3.200211e-03 4.649633e-05
1128 3.189287e-03 4.633734e-05
1129 3.178400e-03 4.617889e-05
1130 3.167551e-03 4.602098e-05
1131 3.156739e-03 4.586361e-05
1132 3.145964e-03 4.570678e-05
1133 3.135225e-03 4.555048e-05
1134 3.124524e-03 4.539472e-05
1135 3.113859e-03 4.523949e-05
1136 3.103230e-03 4.508479e-05
1137 3.092638e-03 4.493062e-05
1138 3.082082e-03 4.477697e-05
1139 3.071562e-03 4.462385e-05
1140 3.061078e-03 4.447126e-05
1141 3.050630e-03 4.431918e-05
1142 3.040218e-03 4.416762e-05
1143 3.029841e-03 4.401658e-05
1144 3.019500e-03 4.386606e-05
1145 3.009194e-03 4.371605e-05
1146 2.998923e-03 4.356655e-05
1147 2.988688e-03 4.341757e-05
1148 2.978487e-03 4.326909e-05
1149 2.968322e-03 4.312112e-05
1150 2.958191e-03 4.297365e-05
1151 2.948095e-03 4.282669e-05
1152 2.938033e-03 4.268023e-05
1153 2.928006e-03 4.253427e-05
1154 2.918013e-03 4.238881e-05
1155 2.908054e-03 4.224385e-05
1156 2.898129e-03 4.209938e-05
1157 2.888238e-03 4.195540e-05
1158 2.878381e-03 4.181192e-05
1159 2.868558e-03 4.166893e-05
1160 2.858768e-03 4.152642e-05
1161 2.849012e-03 4.138440e-05
1162 2.839289e-03 4.124287e-05
1163 2.829600e-03 4.110182e-05
1164 2.819944e-03 4.096125e-05
1165 2.810320e-03 4.082117e-05
1166 2.800730e-03 4.068156e-05
1167 2.791172e-03 4.054243e-05
1168 2.781647e-03 4.040377e-05
1169 2.772155e-03 4.026559e-05
1170 2.762695e-03 4.012787e-05
1171 2.753267e-03 3.999063e-05
1172 2.743872e-03 3.985386e-05
1173 2.734509e-03 3.971756e-05
1174 2.725177e-03 3.958172e-05
1175 2.715878e-03 3.944634e-05
1176 2.706611e-03 3.931143e-05
1177 2.697375e-03 3.917698e-05
1178 2.688171e-03 3.904299e-05
1179 2.678998e-03 3.890945e-05
1180 2.669857e-03 3.877638e-05
1181 2.660747e-03 3.864375e-05
1182 2.651668e-03 3.851158e-05
1183 2.642620e-03 3.837986e-05
1184 2.633603e-03 3.824859e-05
1185 2.624617e-03 3.811777e-05
1186 2.615662e-03 3.798740e-05
1187 2.606737e-03 3.785747e-05
1188 2.597843e-03 3.772799e-05
1189 2.588980e-03 3.759895e-05
1190 2.580146e-03 3.747034e-05
1191 2.571343e-03 3.734218e-05
1192 2.562570e-03 3.721446e-05
1193 2.553827e-03 3.708717e-05
1194 2.545114e-03 3.696032e-05
1195 2.536431e-03 3.683390e-05
1196 2.527777e-03 3.670791e-05
1197 2.519153e-03 3.658236e-05
1198 2.510558e-03 3.645723e-05
1199 2.501993e-03 3.633253e-05
1200 2.493457e-03 3.620826e-05
1201 2.484951e-03 3.608441e-05
1202 2.476473e-03 3.596098e-05
1203 2.468025e-03 3.583798e-05
1204 2.459605e-03 3.571539e-05
1205 2.451214e-03 3.559323e-05
1206 2.442852e-03 3.547148e-05
1207 2.434519e-03 3.535015e-05
1208 2.426214e-03 3.522923e-05
1209 2.417937e-03 3.510873e-05
1210 2.409689e-03 3.498864e-05
1211 2.401469e-03 3.486895e-05
1212 2.393277e-03 3.474968e-05
1213 2.385113e-03 3.463082e-05
1214 2.376977e-03 3.451236e-05
1215 2.368869e-03 3.439430e-05
1216 2.360788e-03 3.427665e-05
1217 2.352736e-03 3.415940e-05
1218 2.344710e-03 3.404255e-05
1219 2.336713e-03 3.392611e-05
1220 2.328742e-03 3.381005e-05
1221 2.320799e-03 3.369440e-05
1222 2.312883e-03 3.357914e-05
1223 2.304994e-03 3.346428e-05
1224 2.297132e-03 3.334980e-05
1225 2.289297e-03 3.323572e-05
1226 2.281489e-03 3.312203e-05
1227 2.273708e-03 3.300873e-05
1228 2.265953e-03 3.289581e-05
1229 2.258224e-03 3.278328e-05
1230 2.250523e-03 3.267114e-05
1231 2.242847e-03 3.255937e-05
1232 2.235198e-03 3.244799e-05
1233 2.227575e-03 3.233699e-05
1234 2.219978e-03 3.222637e-05
1235 2.212407e-03 3.211613e-05
1236 2.204861e-03 3.200627e-05
1237 2.197342e-03 3.189678e-05
1238 2.189849e-03 3.178766e-05
1239 2.182381e-03 3.167892e-05
1240 2.174938e-03 3.157055e-05
1241 2.167521e-03 3.146255e-05
1242 2.160130e-03 3.135492e-05
1243 2.152763e-03 3.124765e-05
1244 2.145422e-03 3.114075e-05
1245 2.138106e-03 3.103422e-05
1246 2.130816e-03 3.092806e-05
1247 2.123550e-03 3.082225e-05
1248 2.116308e-03 3.071681e-05
1249 2.109092e-03 3.061172e-05
1250 2.101901e-03 3.050700e-05
1251 2.094733e-03 3.040264e-05
1252 2.087591e-03 3.029863e-05
1253 2.080473e-03 3.019497e-05
1254 2.073379e-03 3.009167e-05
1255 2.066310e-03 2.998873e-05
1256 2.059264e-03 2.988613e-05
1257 2.052243e-03 2.978389e-05
1258 2.045246e-03 2.968200e-05
1259 2.038273e-03 2.958045e-05
1260 2.031324e-03 2.947925e-05
1261 2.024398e-03 2.937840e-05
1262 2.017496e-03 2.927789e-05
1263 2.010618e-03 2.917773e-05
1264 2.003763e-03 2.907790e-05
1265 1.996932e-03 2.897842e-05
1266 1.990124e-03 2.887928e-05
1267 1.983340e-03 2.878048e-05
1268 1.976578e-03 2.868202e-05
1269 1.969840e-03 2.858389e-05
1270 1.963125e-03 2.848610e-05
1271 1.956433e-03 2.838864e-05
1272 1.949763e-03 2.829151e-05
1273 1.943117e-03 2.819472e-05
1274 1.936493e-03 2.809826e-05
1275 1.929892e-03 2.800213e-05
1276 1.923314e-03 2.790632e-05
1277 1.916758e-03 2.781085e-05
1278 1.910224e-03 2.771570e-05
1279 1.903713e-03 2.762087e-05
1280 1.897224e-03 2.752637e-05
1281 1.890758e-03 2.743220e-05
1282 1.884313e-03 2.733834e-05
1283 1.877890e-03 2.724481e-05
1284 1.871490e-03 2.715159e-05
1285 1.865111e-03 2.705870e-05
1286 1.858755e-03 2.696612e-05
1287 1.852420e-03 2.687386e-05
1288 1.846106e-03 2.678191e-05
1289 1.839814e-03 2.669028e-05
1290 1.833544e-03 2.659896e-05
1291 1.827295e-03 2.650795e-05
1292 1.821068e-03 2.641726e-05
1293 1.814862e-03 2.632687e-05
1294 1.808677e-03 2.623680e-05
1295 1.802514e-03 2.614703e-05
1296 1.796371e-03 2.605757e-05
1297 1.790249e-03 2.596841e-05
1298 1.784149e-03 2.587956e-05
1299 1.778069e-03 2.579101e-05
1300 1.772010e-03 2.570277e-05
1301 1.765972e-03 2.561483e-05
1302 1.759954e-03 2.552718e-05
1303 1.753958e-03 2.543984e-05
1304 1.747981e-03 2.535280e-05
1305 1.742025e-03 2.526605e-05
1306 1.736090e-03 2.517960e-05
1307 1.730174e-03 2.509345e-05
1308 1.724279e-03 2.500759e-05
1309 1.718405e-03 2.492202e-05
1310 1.712550e-03 2.483675e-05
1311 1.706715e-03 2.475177e-05
1312 1.700900e-03 2.466708e-05
1313 1.695106e-03 2.458267e-05
1314 1.689331e-03 2.449856e-05
1315 1.683575e-03 2.441474e-05
1316 1.677840e-03 2.433120e-05
1317 1.672124e-03 2.424794e-05
1318 1.666428e-03 2.416497e-05
1319 1.660751e-03 2.408229e-05
1320 1.655093e-03 2.399989e-05
1321 1.649455e-03 2.391777e-05
1322 1.643837e-03 2.383593e-05
1323 1.638237e-03 2.375437e-05
1324 1.632657e-03 2.367309e-05
1325 1.627096e-03 2.359208e-05
1326 1.621553e-03 2.351136e-05
1327 1.616030e-03 2.343091e-05
1328 1.610526e-03 2.335073e-05
1329 1.605040e-03 2.327083e-05
1330 1.599574e-03 2.319120e-05
1331 1.594126e-03 2.311185e-05
1332 1.588696e-03 2.303276e-05
1333 1.583285e-03 2.295395e-05
1334 1.577893e-03 2.287541e-05
1335 1.572519e-03 2.279713e-05
1336 1.567164e-03 2.271912e-05
1337 1.561827e-03 2.264138e-05
1338 1.556508e-03 2.256391e-05
1339 1.551207e-03 2.248670e-05
1340 1.545925e-03 2.240975e-05
1341 1.540661e-03 2.233307e-05
1342 1.535414e-03 2.225665e-05
1343 1.530186e-03 2.218049e-05
1344 1.524975e-03 2.210459e-05
1345 1.519783e-03 2.202895e-05
1346 1.514608e-03 2.195357e-05
1347 1.509450e-03 2.187844e-05
1348 1.504311e-03 2.180358e-05
1349 1.499189e-03 2.172897e-05
1350 1.494085e-03 2.165461e-05
1351 1.488998e-03 2.158051e-05
1352 1.483928e-03 2.150666e-05
1353 1.478876e-03 2.143307e-05
1354 1.473841e-03 2.135973e-05
1355 1.468823e-03 2.128663e-05
1356 1.463823e-03 2.121379e-05
1357 1.458840e-03 2.114120e-05
1358 1.453873e-03 2.106885e-05
1359 1.448924e-03 2.099676e-05
1360 1.443992e-03 2.092490e-05
1361 1.439076e-03 2.085330e-05
1362 1.434178e-03 2.078194e-05
1363 1.429296e-03 2.071082e-05
1364 1.424431e-03 2.063995e-05
1365 1.419582e-03 2.056932e-05
1366 1.414750e-03 2.049893e-05
1367 1.409935e-03 2.042878e-05
1368 1.405136e-03 2.035887e-05
1369 1.400353e-03 2.028920e-05
1370 1.395587e-03 2.021977e-05
1371 1.390838e-03 2.015058e-05
1372 1.386104e-03 2.008162e-05
1373 1.381387e-03 2.001290e-05
1374 1.376686e-03 1.994441e-05
1375 1.372001e-03 1.987616e-05
1376 1.367332e-03 1.980814e-05
1377 1.362678e-03 1.974035e-05
1378 1.358041e-03 1.967280e-05
1379 1.353420e-03 1.960548e-05
1380 1.348815e-03 1.953838e-05
1381 1.344225e-03 1.947152e-05
1382 1.339651e-03 1.940489e-05
1383 1.335093e-03 1.933848e-05
1384 1.330550e-03 1.927230e-05
1385 1.326023e-03 1.920635e-05
1386 1.321511e-03 1.914062e-05
1387 1.317015e-03 1.907512e-05
1388 1.312535e-03 1.900984e-05
1389 1.308069e-03 1.894478e-05
1390 1.303619e-03 1.887995e-05
1391 1.299184e-03 1.881534e-05
1392 1.294764e-03 1.875094e-05
1393 1.290360e-03 1.868677e-05
1394 1.285970e-03 1.862282e-05
1395 1.281596e-03 1.855909e-05
1396 1.277236e-03 1.849558e-05
1397 1.272892e-03 1.843228e-05
1398 1.268562e-03 1.836920e-05
1399 1.264247e-03 1.830634e-05
1400 1.259947e-03 1.824369e-05
1401 1.255662e-03 1.818125e-05
1402 1.251391e-03 1.811903e-05
1403 1.247135e-03 1.805702e-05
1404 1.242893e-03 1.799522e-05
1405 1.238666e-03 1.793364e-05
1406 1.234454e-03 1.787226e-05
1407 1.230256e-03 1.781110e-05
1408 1.226072e-03 1.775014e-05
1409 1.221902e-03 1.768940e-05
1410 1.217747e-03 1.762886e-05
1411 1.213606e-03 1.756852e-05
1412 1.209480e-03 1.750840e-05
1413 1.205367e-03 1.744848e-05
1414 1.201269e-03 1.738876e-05
1415 1.197184e-03 1.732925e-05
1416 1.193114e-03 1.726994e-05
1417 1.189057e-03 1.721084e-05
1418 1.185014e-03 1.715194e-05
1419 1.180986e-03 1.709324e-05
1420 1.176970e-03 1.703474e-05
1421 1.172969e-03 1.697644e-05
1422 1.168982e-03 1.691834e-05
1423 1.165008e-03 1.686043e-05
1424 1.161047e-03 1.680273e-05
1425 1.157101e-03 1.674522e-05
1426 1.153167e-03 1.668791e-05
1427 1.149248e-03 1.663080e-05
1428 1.145341e-03 1.657388e-05
1429 1.141448e-03 1.651716e-05
1430 1.137569e-03 1.646063e-05
1431 1.133702e-03 1.640429e-05
1432 1.129849e-03 1.634815e-05
1433 1.126009e-03 1.629220e-05
1434 1.122182e-03 1.623644e-05
1435 1.118369e-03 1.618087e-05
1436 1.114568e-03 1.612549e-05
1437 1.110781e-03 1.607030e-05
1438 1.107006e-03 1.601530e-05
1439 1.103244e-03 1.596049e-05
1440 1.099495e-03 1.590586e-05
1441 1.095759e-03 1.585142e-05
1442 1.092036e-03 1.579717e-05
1443 1.088326e-03 1.574310e-05
1444 1.084628e-03 1.568922e-05
1445 1.080943e-03 1.563552e-05
1446 1.077271e-03 1.558201e-05
1447 1.073611e-03 1.552868e-05
1448 1.069963e-03 1.547553e-05
1449 1.066329e-03 1.542256e-05
1450 1.062706e-03 1.536978e-05
1451 1.059096e-03 1.531718e-05
1452 1.055499e-03 1.526475e-05
1453 1.051913e-03 1.521251e-05
1454 1.048340e-03 1.516044e-05
1455 1.044779e-03 1.510855e-05
1456 1.041231e-03 1.505684e-05
1457 1.037694e-03 1.500531e-05
1458 1.034170e-03 1.495395e-05
1459 1.030658e-03 1.490277e-05
1460 1.027158e-03 1.485176e-05
1461 1.023669e-03 1.480093e-05
1462 1.020193e-03 1.475027e-05
1463 1.016729e-03 1.469978e-05
1464 1.013276e-03 1.464947e-05
1465 1.009836e-03 1.459933e-05
1466 1.006407e-03 1.454936e-05
1467 1.002989e-03 1.449956e-05
1468 9.995840e-04 1.444994e-05
1469 9.961902e-04 1.440048e-05
1470 9.928080e-04 1.435119e-05
1471 9.894374e-04 1.430207e-05
1472 9.860784e-04 1.425312e-05
1473 9.827308e-04 1.420433e-05
1474 9.793948e-04 1.415572e-05
1475 9.760701e-04 1.410727e-05
1476 9.727569e-04 1.405898e-05
1477 9.694549e-04 1.401086e-05
1478 9.661643e-04 1.396290e-05
1479 9.628850e-04 1.391511e-05
1480 9.596169e-04 1.386749e-05
1481 9.563600e-04 1.382002e-05
1482 9.531143e-04 1.377272e-05
1483 9.498797e-04 1.372558e-05
1484 9.466561e-04 1.367860e-05
1485 9.434436e-04 1.363178e-05
1486 9.402421e-04 1.358512e-05
1487 9.370516e-04 1.353862e-05
1488 9.338720e-04 1.349228e-05
1489 9.307033e-04 1.344610e-05
1490 9.275454e-04 1.340008e-05
1491 9.243984e-04 1.335421e-05
1492 9.212621e-04 1.330850e-05
1493 9.181366e-04 1.326295e-05
1494 9.150218e-04 1.321755e-05
1495 9.119177e-04 1.317231e-05
1496 9.088242e-04 1.312723e-05
1497 9.057412e-04 1.308229e-05
1498 9.026689e-04 1.303751e-05
1499 8.996071e-04 1.299289e-05
1500 8.965558e-04 1.294842e-05
1501 8.935149e-04 1.290410e-05
1502 8.904844e-04 1.285993e-05
1503 8.874643e-04 1.281591e-05
1504 8.844546e-04 1.277204e-05
1505 8.814552e-04 1.272833e-05
1506 8.784661e-04 1.268476e-05
1507 8.754872e-04 1.264134e-05
1508 8.725185e-04 1.259807e-05
1509 8.695599e-04 1.255495e-05
1510 8.666115e-04 1.251197e-05
1511 8.636733e-04 1.246915e-05
1512 8.607450e-04 1.242647e-05
1513 8.578269e-04 1.238393e-05
1514 8.549187e-04 1.234154e-05
1515 8.520204e-04 1.229930e-05
1516 8.491322e-04 1.225720e-05
1517 8.462538e-04 1.221524e-05
1518 8.433852e-04 1.217343e-05
1519 8.405265e-04 1.213176e-05
1520 8.376776e-04 1.209024e-05
1521 8.348384e-04 1.204885e-05
1522 8.320090e-04 1.200761e-05
1523 8.291893e-04 1.196651e-05
1524 8.263792e-04 1.192555e-05
1525 8.235788e-04 1.188473e-05
1526 8.207880e-04 1.184405e-05
1527 8.180067e-04 1.180350e-05
1528 8.152349e-04 1.176310e-05
1529 8.124727e-04 1.172284e-05
1530 8.097199e-04 1.168271e-05
1531 8.069765e-04 1.164272e-05
1532 8.042426e-04 1.160287e-05
1533 8.015180e-04 1.156315e-05
1534 7.988028e-04 1.152357e-05
1535 7.960968e-04 1.148412e-05
1536 7.934001e-04 1.144481e-05
1537 7.907127e-04 1.140564e-05
1538 7.880345e-04 1.136660e-05
1539 7.853655e-04 1.132769e-05
1540 7.827056e-04 1.128891e-05
1541 7.800548e-04 1.125027e-05
1542 7.774131e-04 1.121176e-05
1543 7.747805e-04 1.117338e-05
1544 7.721568e-04 1.113514e-05
1545 7.695422e-04 1.109702e-05
1546 7.669365e-04 1.105903e-05
1547 7.643398e-04 1.102118e-05
1548 7.617520e-04 1.098345e-05
1549 7.591730e-04 1.094586e-05
1550 7.566029e-04 1.090839e-05
1551 7.540416e-04 1.087105e-05
1552 7.514890e-04 1.083384e-05
1553 7.489452e-04 1.079675e-05
1554 7.464101e-04 1.075979e-05
1555 7.438838e-04 1.072296e-05
1556 7.413660e-04 1.068625e-05
1557 7.388569e-04 1.064967e-05
1558 7.363564e-04 1.061322e-05
1559 7.338645e-04 1.057689e-05
1560 7.313811e-04 1.054068e-05
1561 7.289063e-04 1.050460e-05
1562 7.264399e-04 1.046864e-05
1563 7.239819e-04 1.043281e-05
1564 7.215324e-04 1.039710e-05
1565 7.190913e-04 1.036151e-05
1566 7.166586e-04 1.032604e-05
1567 7.142341e-04 1.029069e-05
1568 7.118180e-04 1.025546e-05
1569 7.094102e-04 1.022036e-05
1570 7.070107e-04 1.018537e-05
1571 7.046193e-04 1.015051e-05
1572 7.022362e-04 1.011576e-05
1573 6.998612e-04 1.008113e-05
1574 6.974944e-04 1.004662e-05
1575 6.951357e-04 1.001223e-05
1576 6.927851e-04 9.977957e-06
1577 6.904425e-04 9.943801e-06
1578 6.881080e-04 9.909762e-06
1579 6.857814e-04 9.875839e-06
1580 6.834629e-04 9.842032e-06
1581 6.811523e-04 9.808341e-06
1582 6.788496e-04 9.774765e-06
1583 6.765548e-04 9.741305e-06
1584 6.742679e-04 9.707958e-06
1585 6.719888e-04 9.674726e-06
1586 6.697175e-04 9.641608e-06
1587 6.674540e-04 9.608602e-06
1588 6.651983e-04 9.575710e-06
1589 6.629503e-04 9.542931e-06
1590 6.607100e-04 9.510263e-06
1591 6.584774e-04 9.477707e-06
1592 6.562525e-04 9.445263e-06
1593 6.540352e-04 9.412930e-06
1594 6.518255e-04 9.380707e-06
1595 6.496233e-04 9.348595e-06
1596 6.474287e-04 9.316593e-06
1597 6.452417e-04 9.284700e-06
1598 6.430621e-04 9.252916e-06
1599 6.408900e-04 9.221241e-06
1600 6.387254e-04 9.189675e-06
1601 6.365682e-04 9.158216e-06
1602 6.344184e-04 9.126865e-06
1603 6.322759e-04 9.095622e-06
1604 6.301408e-04 9.064485e-06
1605 6.280131e-04 9.033455e-06
1606 6.258926e-04 9.002531e-06
1607 6.237794e-04 8.971713e-06
1608 6.216734e-04 8.941000e-06
1609 6.195747e-04 8.910393e-06
1610 6.174831e-04 8.879890e-06
1611 6.153988e-04 8.849492e-06
1612 6.133216e-04 8.819197e-06
1613 6.112515e-04 8.789007e-06
1614 6.091885e-04 8.758919e-06
1615 6.071326e-04 8.728935e-06
1616 6.050837e-04 8.699053e-06
1617 6.030419e-04 8.669274e-06
1618 6.010070e-04 8.639596e-06
1619 5.989792e-04 8.610020e-06
1620 5.969583e-04 8.580546e-06
1621 5.949443e-04 8.551172e-06
1622 5.929372e-04 8.521898e-06
1623 5.909371e-04 8.492725e-06
1624 5.889438e-04 8.463652e-06
1625 5.869573e-04 8.434678e-06
1626 5.849776e-04 8.405803e-06
1627 5.830048e-04 8.377028e-06
1628 5.810386e-04 8.348350e-06
1629 5.790793e-04 8.319771e-06
1630 5.771267e-04 8.291290e-06
1631 5.751807e-04 8.262906e-06
1632 5.732415e-04 8.234619e-06
1633 5.713089e-04 8.206429e-06
1634 5.693829e-04 8.178335e-06
1635 5.674635e-04 8.150338e-06
1636 5.655507e-04 8.122437e-06
1637 5.636445e-04 8.094631e-06
1638 5.617448e-04 8.066920e-06
1639 5.598516e-04 8.039304e-06
1640 5.579650e-04 8.011782e-06
1641 5.560848e-04 7.984355e-06
1642 5.542110e-04 7.957021e-06
1643 5.523437e-04 7.929782e-06
1644 5.504828e-04 7.902635e-06
1645 5.486283e-04 7.875581e-06
1646 5.467801e-04 7.848620e-06
1647 5.449383e-04 7.821751e-06
1648 5.431028e-04 7.794974e-06
1649 5.412736e-04 7.768289e-06
1650 5.394507e-04 7.741695e-06
1651 5.376340e-04 7.715192e-06
1652 5.358236e-04 7.688780e-06
1653 5.340194e-04 7.662458e-06
1654 5.322214e-04 7.636226e-06
1655 5.304295e-04 7.610084e-06
1656 5.286438e-04 7.584032e-06
1657 5.268642e-04 7.558069e-06
1658 5.250908e-04 7.532194e-06
1659 5.233234e-04 7.506408e-06
1660 5.215621e-04 7.480711e-06
1661 5.198068e-04 7.455101e-06
1662 5.180576e-04 7.429579e-06
1663 5.163143e-04 7.404144e-06
1664 5.145771e-04 7.378797e-06
1665 5.128458e-04 7.353536e-06
1666 5.111204e-04 7.328361e-06
1667 5.094010e-04 7.303273e-06
1668 5.076875e-04 7.278271e-06
1669 5.059798e-04 7.253354e-06
1670 5.042780e-04 7.228522e-06
1671 5.025821e-04 7.203776e-06
1672 5.008920e-04 7.179114e-06
1673 4.992077e-04 7.154537e-06
1674 4.975291e-04 7.130043e-06
1675 4.958564e-04 7.105634e-06
1676 4.941893e-04 7.081308e-06
1677 4.925280e-04 7.057065e-06
1678 4.908724e-04 7.032906e-06
1679 4.892225e-04 7.008829e-06
1680 4.875783e-04 6.984834e-06
1681 4.859397e-04 6.960922e-06
1682 4.843067e-04 6.937091e-06
1683 4.826793e-04 6.913342e-06
1684 4.810575e-04 6.889674e-06
1685 4.794413e-04 6.866088e-06
1686 4.778307e-04 6.842581e-06
1687 4.762255e-04 6.819156e-06
1688 4.746259e-04 6.795811e-06
1689 4.730318e-04 6.772545e-06
1690 4.714431e-04 6.749359e-06
1691 4.698599e-04 6.726253e-06
1692 4.682822e-04 6.703225e-06
1693 4.667098e-04 6.680277e-06
1694 4.651429e-04 6.657407e-06
1695 4.635813e-04 6.634615e-06
1696 4.620251e-04 6.611901e-06
1697 4.604743e-04 6.589265e-06
1698 4.589288e-04 6.566707e-06
1699 4.573886e-04 6.544226e-06
1700 4.558536e-04 6.521821e-06
1701 4.543240e-04 6.499494e-06
1702 4.527996e-04 6.477242e-06
1703 4.512804e-04 6.455067e-06
1704 4.497665e-04 6.432968e-06
1705 4.482578e-04 6.410945e-06
1706 4.467542e-04 6.388996e-06
1707 4.452558e-04 6.367123e-06
1708 4.437626e-04 6.345325e-06
1709 4.422745e-04 6.323602e-06
1710 4.407915e-04 6.301953e-06
1711 4.393136e-04 6.280378e-06
1712 4.378408e-04 6.258876e-06
1713 4.363730e-04 6.237449e-06
1714 4.349103e-04 6.216094e-06
1715 4.334526e-04 6.194813e-06
1716 4.319999e-04 6.173605e-06
1717 4.305522e-04 6.152469e-06
1718 4.291095e-04 6.131406e-06
1719 4.276717e-04 6.110414e-06
1720 4.262389e-04 6.089495e-06
1721 4.248110e-04 6.068647e-06
1722 4.233880e-04 6.047871e-06
1723 4.219699e-04 6.027165e-06
1724 4.205567e-04 6.006531e-06
1725 4.191484e-04 5.985967e-06
1726 4.177448e-04 5.965473e-06
1727 4.163461e-04 5.945050e-06
1728 4.149523e-04 5.924697e-06
1729 4.135632e-04 5.904413e-06
1730 4.121788e-04 5.884198e-06
1731 4.107993e-04 5.864053e-06
1732 4.094244e-04 5.843977e-06
1733 4.080544e-04 5.823970e-06
1734 4.066890e-04 5.804031e-06
1735 4.053283e-04 5.784160e-06
1736 4.039723e-04 5.764357e-06
1737 4.026209e-04 5.744622e-06
1738 4.012742e-04 5.724955e-06
1739 3.999321e-04 5.705355e-06
1740 3.985947e-04 5.685822e-06
1741 3.972618e-04 5.666356e-06
1742 3.959336e-04 5.646956e-06
1743 3.946099e-04 5.627623e-06
1744 3.932907e-04 5.608357e-06
1745 3.919761e-04 5.589156e-06
1746 3.906660e-04 5.570020e-06
1747 3.893604e-04 5.550951e-06
1748 3.880593e-04 5.531946e-06
1749 3.867627e-04 5.513007e-06
1750 3.854705e-04 5.494132e-06
1751 3.841828e-04 5.475322e-06
1752 3.828995e-04 5.456577e-06
1753 3.816206e-04 5.437896e-06
1754 3.803462e-04 5.419278e-06
1755 3.790761e-04 5.400724e-06
1756 3.778104e-04 5.382234e-06
1757 3.765490e-04 5.363807e-06
1758 3.752920e-04 5.345444e-06
1759 3.740393e-04 5.327143e-06
1760 3.727909e-04 5.308904e-06
1761 3.715468e-04 5.290728e-06
1762 3.703070e-04 5.272615e-06
1763 3.690714e-04 5.254563e-06
1764 3.678401e-04 5.236573e-06
1765 3.666131e-04 5.218645e-06
1766 3.653902e-04 5.200778e-06
1767 3.641716e-04 5.182972e-06
1768 3.629572e-04 5.165227e-06
1769 3.617469e-04 5.147543e-06
1770 3.605408e-04 5.129920e-06
1771 3.593389e-04 5.112357e-06
1772 3.581411e-04 5.094854e-06
1773 3.569474e-04 5.077410e-06
1774 3.557579e-04 5.060027e-06
1775 3.545724e-04 5.042703e-06
1776 3.533910e-04 5.025438e-06
1777 3.522137e-04 5.008233e-06
1778 3.510404e-04 4.991086e-06
1779 3.498712e-04 4.973998e-06
1780 3.487060e-04 4.956969e-06
1781 3.475448e-04 4.939998e-06
1782 3.463876e-04 4.923085e-06
1783 3.452344e-04 4.906229e-06
1784 3.440852e-04 4.889432e-06
1785 3.429399e-04 4.872692e-06
1786 3.417986e-04 4.856009e-06
1787 3.406612e-04 4.839384e-06
1788 3.395277e-04 4.822815e-06
1789 3.383981e-04 4.806303e-06
1790 3.372724e-04 4.789848e-06
1791 3.361506e-04 4.773449e-06
1792 3.350327e-04 4.757106e-06
1793 3.339186e-04 4.740819e-06
1794 3.328083e-04 4.724587e-06
1795 3.317019e-04 4.708412e-06
1796 3.305993e-04 4.692292e-06
1797 3.295004e-04 4.676226e-06
1798 3.284054e-04 4.660216e-06
1799 3.273141e-04 4.644261e-06
1800 3.262266e-04 4.628360e-06
1801 3.251429e-04 4.612514e-06
1802 3.240629e-04 4.596722e-06
1803 3.229866e-04 4.580984e-06
1804 3.219140e-04 4.565300e-06
1805 3.208451e-04 4.549670e-06
1806 3.197799e-04 4.534093e-06
1807 3.187184e-04 4.518569e-06
1808 3.176605e-04 4.503099e-06
1809 3.166063e-04 4.487681e-06
1810 3.155557e-04 4.472316e-06
1811 3.145087e-04 4.457004e-06
1812 3.134654e-04 4.441745e-06
1813 3.124256e-04 4.426537e-06
1814 3.113894e-04 4.411382e-06
1815 3.103568e-04 4.396278e-06
1816 3.093278e-04 4.381227e-06
1817 3.083023e-04 4.366226e-06
1818 3.072804e-04 4.351277e-06
1819 3.062619e-04 4.336380e-06
1820 3.052470e-04 4.321533e-06
1821 3.042356e-04 4.306737e-06
1822 3.032277e-04 4.291992e-06
1823 3.022232e-04 4.277297e-06
1824 3.012222e-04 4.262653e-06
1825 3.002247e-04 4.248058e-06
1826 2.992306e-04 4.233514e-06
1827 2.982400e-04 4.219019e-06
1828 2.972527e-04 4.204574e-06
1829 2.962689e-04 4.190179e-06
1830 2.952884e-04 4.175832e-06
1831 2.943114e-04 4.161535e-06
1832 2.933377e-04 4.147287e-06
1833 2.923674e-04 4.133088e-06
1834 2.914004e-04 4.118937e-06
1835 2.904368e-04 4.104835e-06
1836 2.894765e-04 4.090780e-06
1837 2.885195e-04 4.076775e-06
1838 2.875658e-04 4.062816e-06
1839 2.866154e-04 4.048906e-06
1840 2.856683e-04 4.035044e-06
1841 2.847244e-04 4.021228e-06
1842 2.837838e-04 4.007461e-06
1843 2.828465e-04 3.993740e-06
1844 2.819124e-04 3.980066e-06
1845 2.809815e-04 3.966439e-06
1846 2.800539e-04 3.952859e-06
1847 2.791294e-04 3.939325e-06
1848 2.782082e-04 3.925838e-06
1849 2.772901e-04 3.912396e-06
1850 2.763752e-04 3.899001e-06
1851 2.754634e-04 3.885651e-06
1852 2.745548e-04 3.872348e-06
1853 2.736494e-04 3.859090e-06
1854 2.727471e-04 3.845877e-06
1855 2.718479e-04 3.832709e-06
1856 2.709518e-04 3.819587e-06
1857 2.700588e-04 3.806509e-06
1858 2.691688e-04 3.793476e-06
1859 2.682820e-04 3.780488e-06
1860 2.673982e-04 3.767544e-06
1861 2.665175e-04 3.754645e-06
1862 2.656398e-04 3.741790e-06
1863 2.647652e-04 3.728978e-06
1864 2.638936e-04 3.716211e-06
1865 2.630250e-04 3.703487e-06
1866 2.621594e-04 3.690807e-06
1867 2.612968e-04 3.678171e-06
1868 2.604372e-04 3.665577e-06
1869 2.595805e-04 3.653027e-06
1870 2.587268e-04 3.640519e-06
1871 2.578761e-04 3.628055e-06
1872 2.570283e-04 3.615633e-06
1873 2.561835e-04 3.603254e-06
1874 2.553415e-04 3.590917e-06
1875 2.545025e-04 3.578622e-06
1876 2.536664e-04 3.566369e-06
1877 2.528332e-04 3.554159e-06
1878 2.520029e-04 3.541990e-06
1879 2.511754e-04 3.529863e-06
1880 2.503508e-04 3.517777e-06
1881 2.495291e-04 3.505732e-06
1882 2.487102e-04 3.493729e-06
1883 2.478941e-04 3.481767e-06
1884 2.470809e-04 3.469846e-06
1885 2.462704e-04 3.457966e-06
1886 2.454628e-04 3.446126e-06
1887 2.446580e-04 3.434327e-06
1888 2.438560e-04 3.422569e-06
1889 2.430567e-04 3.410850e-06
1890 2.422602e-04 3.399172e-06
1891 2.414665e-04 3.387534e-06
1892 2.406756e-04 3.375935e-06
1893 2.398873e-04 3.364377e-06
1894 2.391018e-04 3.352857e-06
1895 2.383190e-04 3.341378e-06
1896 2.375390e-04 3.329937e-06
1897 2.367616e-04 3.318536e-06
1898 2.359869e-04 3.307174e-06
1899 2.352150e-04 3.295850e-06
1900 2.344457e-04 3.284566e-06
1901 2.336790e-04 3.273320e-06
1902 2.329150e-04 3.262112e-06
1903 2.321537e-04 3.250943e-06
1904 2.313950e-04 3.239812e-06
1905 2.306389e-04 3.228720e-06
1906 2.298855e-04 3.217665e-06
1907 2.291347e-04 3.206648e-06
1908 2.283865e-04 3.195669e-06
1909 2.276408e-04 3.184727e-06
1910 2.268978e-04 3.173823e-06
1911 2.261573e-04 3.162956e-06
1912 2.254195e-04 3.152127e-06
1913 2.246841e-04 3.141334e-06
1914 2.239514e-04 3.130579e-06
1915 2.232211e-04 3.119860e-06
1916 2.224934e-04 3.109178e-06
1917 2.217683e-04 3.098532e-06
1918 2.210456e-04 3.087923e-06
1919 2.203255e-04 3.077350e-06
1920 2.196078e-04 3.066814e-06
1921 2.188927e-04 3.056313e-06
1922 2.181800e-04 3.045849e-06
1923 2.174698e-04 3.035420e-06
1924 2.167621e-04 3.025027e-06
1925 2.160568e-04 3.014670e-06
1926 2.153540e-04 3.004348e-06
1927 2.146536e-04 2.994061e-06
1928 2.139557e-04 2.983810e-06
1929 2.132602e-04 2.973594e-06
1930 2.125671e-04 2.963412e-06
1931 2.118764e-04 2.953266e-06
1932 2.111881e-04 2.943154e-06
1933 2.105022e-04 2.933077e-06
1934 2.098187e-04 2.923034e-06
1935 2.091376e-04 2.913026e-06
1936 2.084588e-04 2.903052e-06
1937 2.077824e-04 2.893112e-06
1938 2.071084e-04 2.883207e-06
1939 2.064367e-04 2.873335e-06
1940 2.057673e-04 2.863497e-06
1941 2.051003e-04 2.853692e-06
1942 2.044356e-04 2.843922e-06
1943 2.037732e-04 2.834184e-06
1944 2.031131e-04 2.824480e-06
1945 2.024553e-04 2.814809e-06
1946 2.017998e-04 2.805172e-06
1947 2.011466e-04 2.795567e-06
1948 2.004956e-04 2.785995e-06
1949 1.998469e-04 2.776456e-06
1950 1.992005e-04 2.766950e-06
1951 1.985563e-04 2.757476e-06
1952 1.979144e-04 2.748034e-06
1953 1.972747e-04 2.738625e-06
1954 1.966373e-04 2.729249e-06
1955 1.960020e-04 2.719904e-06
1956 1.953690e-04 2.710591e-06
1957 1.947382e-04 2.701310e-06
1958 1.941095e-04 2.692061e-06
1959 1.934831e-04 2.682844e-06
1960 1.928589e-04 2.673658e-06
1961 1.922368e-04 2.664503e-06
1962 1.916169e-04 2.655380e-06
1963 1.909992e-04 2.646288e-06
1964 1.903836e-04 2.637227e-06
1965 1.897702e-04 2.628198e-06
1966 1.891589e-04 2.619199e-06
1967 1.885497e-04 2.610231e-06
1968 1.879427e-04 2.601294e-06
1969 1.873378e-04 2.592387e-06
1970 1.867350e-04 2.583511e-06
1971 1.861343e-04 2.574665e-06
1972 1.855357e-04 2.565849e-06
1973 1.849392e-04 2.557064e-06
1974 1.843447e-04 2.548309e-06
1975 1.837524e-04 2.539583e-06
1976 1.831621e-04 2.530888e-06
1977 1.825739e-04 2.522222e-06
1978 1.819877e-04 2.513586e-06
1979 1.814036e-04 2.504980e-06
1980 1.808215e-04 2.496403e-06
1981 1.802415e-04 2.487855e-06
1982 1.796635e-04 2.479337e-06
1983 1.790875e-04 2.470848e-06
1984 1.785135e-04 2.462388e-06
1985 1.779416e-04 2.453957e-06
1986 1.773716e-04 2.445555e-06
1987 1.768036e-04 2.437181e-06
1988 1.762376e-04 2.428836e-06
1989 1.756736e-04 2.420520e-06
1990 1.751116e-04 2.412232e-06
1991 1.745515e-04 2.403973e-06
1992 1.739934e-04 2.395742e-06
1993 1.734373e-04 2.387539e-06
1994 1.728831e-04 2.379364e-06
1995 1.723308e-04 2.371217e-06
1996 1.717805e-04 2.363098e-06
1997 1.712321e-04 2.355007e-06
1998 1.706856e-04 2.346943e-06
1999 1.701411e-04 2.338907e-06
2000 1.695984e-04 2.330899e-06
2001 1.690577e-04 2.322918e-06
2002 1.685188e-04 2.314965e-06
2003 1.679819e-04 2.307038e-06
2004 1.674468e-04 2.299139e-06
2005 1.669136e-04 2.291267e-06
2006 1.663823e-04 2.283421e-06
2007 1.658528e-04 2.275603e-06
2008 1.653252e-04 2.267811e-06
2009 1.647994e-04 2.260046e-06
2010 1.642755e-04 2.252308e-06
2011 1.637534e-04 2.244596e-06
2012 1.632332e-04 2.236911e-06
2013 1.627148e-04 2.229252e-06
2014 1.621982e-04 2.221619e-06
2015 1.616834e-04 2.214012e-06
2016 1.611704e-04 2.206431e-06
2017 1.606593e-04 2.198876e-06
2018 1.601499e-04 2.191347e-06
2019 1.596423e-04 2.183844e-06
2020 1.591365e-04 2.176367e-06
2021 1.586325e-04 2.168915e-06
2022 1.581303e-04 2.161489e-06
2023 1.576298e-04 2.154088e-06
2024 1.571311e-04 2.146712e-06
2025 1.566341e-04 2.139362e-06
2026 1.561389e-04 2.132036e-06
2027 1.556454e-04 2.124736e-06
2028 1.551537e-04 2.117461e-06
2029 1.546637e-04 2.110211e-06
2030 1.541754e-04 2.102986e-06
2031 1.536889e-04 2.095785e-06
2032 1.532040e-04 2.088609e-06
2033 1.527209e-04 2.081458e-06
2034 1.522394e-04 2.074331e-06
2035 1.517597e-04 2.067228e-06
2036 1.512817e-04 2.060150e-06
2037 1.508053e-04 2.053096e-06
2038 1.503306e-04 2.046066e-06
2039 1.498576e-04 2.039061e-06
2040 1.493863e-04 2.032079e-06
2041 1.489166e-04 2.025121e-06
2042 1.484486e-04 2.018187e-06
2043 1.479822e-04 2.011277e-06
2044 1.475175e-04 2.004390e-06
2045 1.470544e-04 1.997527e-06
2046 1.465930e-04 1.990687e-06
2047 1.461332e-04 1.983871e-06
2048 1.456750e-04 1.977078e-06
2049 1.452184e-04 1.970309e-06
2050 1.447635e-04 1.963563e-06
2051 1.443101e-04 1.956839e-06
2052 1.438584e-04 1.950139e-06
2053 1.434083e-04 1.943462e-06
2054 1.429597e-04 1.936807e-06
2055 1.425127e-04 1.930176e-06
2056 1.420673e-04 1.923567e-06
2057 1.416235e-04 1.916980e-06
2058 1.411813e-04 1.910417e-06
2059 1.407406e-04 1.903875e-06
2060 1.403015e-04 1.897356e-06
2061 1.398640e-04 1.890860e-06
2062 1.394280e-04 1.884385e-06
2063 1.389935e-04 1.877933e-06
2064 1.385606e-04 1.871503e-06
2065 1.381292e-04 1.865095e-06
2066 1.376993e-04 1.858709e-06
2067 1.372710e-04 1.852345e-06
2068 1.368442e-04 1.846002e-06
2069 1.364189e-04 1.839681e-06
2070 1.359951e-04 1.833382e-06
2071 1.355728e-04 1.827105e-06
2072 1.351520e-04 1.820849e-06
2073 1.347327e-04 1.814614e-06
2074 1.343149e-04 1.808401e-06
2075 1.338986e-04 1.802209e-06
2076 1.334838e-04 1.796038e-06
2077 1.330704e-04 1.789888e-06
2078 1.326585e-04 1.783759e-06
2079 1.322481e-04 1.777652e-06
2080 1.318391e-04 1.771565e-06
2081 1.314316e-04 1.765499e-06
2082 1.310255e-04 1.759454e-06
2083 1.306209e-04 1.753430e-06
2084 1.302177e-04 1.747426e-06
2085 1.298159e-04 1.741443e-06
2086 1.294156e-04 1.735480e-06
2087 1.290167e-04 1.729537e-06
2088 1.286193e-04 1.723615e-06
2089 1.282232e-04 1.717714e-06
2090 1.278286e-04 1.711832e-06
2091 1.274353e-04 1.705971e-06
2092 1.270435e-04 1.700129e-06
2093 1.266531e-04 1.694308e-06
2094 1.262640e-04 1.688507e-06
2095 1.258764e-04 1.682725e-06
2096 1.254901e-04 1.676963e-06
2097 1.251052e-04 1.671221e-06
2098 1.247217e-04 1.665499e-06
2099 1.243395e-04 1.659796e-06
2100 1.239588e-04 1.654113e-06
2101 1.235793e-04 1.648449e-06
2102 1.232013e-04 1.642805e-06
2103 1.228246e-04 1.637180e-06
2104 1.224492e-04 1.631574e-06
2105 1.220752e-04 1.625988e-06
2106 1.217025e-04 1.620420e-06
2107 1.213311e-04 1.614872e-06
2108 1.209611e-04 1.609342e-06
2109 1.205924e-04 1.603832e-06
2110 1.202250e-04 1.598340e-06
2111 1.198590e-04 1.592867e-06
2112 1.194942e-04 1.587413e-06
2113 1.191308e-04 1.581978e-06
2114 1.187687e-04 1.576561e-06
2115 1.184078e-04 1.571163e-06
2116 1.180483e-04 1.565783e-06
2117 1.176900e-04 1.560422e-06
2118 1.173331e-04 1.555079e-06
2119 1.169774e-04 1.549754e-06
2120 1.166230e-04 1.544448e-06
2121 1.162698e-04 1.539159e-06
2122 1.159180e-04 1.533889e-06
2123 1.155674e-04 1.528637e-06
2124 1.152180e-04 1.523403e-06
2125 1.148699e-04 1.518187e-06
2126 1.145231e-04 1.512988e-06
2127 1.141775e-04 1.507808e-06
2128 1.138332e-04 1.502645e-06
2129 1.134901e-04 1.497500e-06
2130 1.131482e-04 1.492372e-06
2131 1.128076e-04 1.487262e-06
2132 1.124682e-04 1.482170e-06
2133 1.121300e-04 1.477095e-06
2134 1.117930e-04 1.472037e-06
2135 1.114573e-04 1.466997e-06
2136 1.111228e-04 1.461974e-06
2137 1.107894e-04 1.456968e-06
2138 1.104573e-04 1.451979e-06
2139 1.101264e-04 1.447007e-06
2140 1.097967e-04 1.442053e-06
2141 1.094681e-04 1.437115e-06
2142 1.091408e-04 1.432194e-06
2143 1.088146e-04 1.427290e-06
2144 1.084896e-04 1.422403e-06
2145 1.081658e-04 1.417533e-06
2146 1.078432e-04 1.412679e-06
2147 1.075217e-04 1.407842e-06
2148 1.072014e-04 1.403021e-06
2149 1.068822e-04 1.398217e-06
2150 1.065642e-04 1.393430e-06
2151 1.062474e-04 1.388658e-06
2152 1.059317e-04 1.383904e-06
2153 1.056171e-04 1.379165e-06
2154 1.053037e-04 1.374443e-06
2155 1.049915e-04 1.369736e-06
2156 1.046803e-04 1.365046e-06
2157 1.043703e-04 1.360372e-06
2158 1.040615e-04 1.355714e-06
2159 1.037537e-04 1.351072e-06
2160 1.034471e-04 1.346446e-06
2161 1.031415e-04 1.341836e-06
2162 1.028371e-04 1.337241e-06
2163 1.025338e-04 1.332662e-06
2164 1.022316e-04 1.328099e-06
2165 1.019305e-04 1.323552e-06
2166 1.016305e-04 1.319020e-06
2167 1.013316e-04 1.314503e-06
2168 1.010338e-04 1.310002e-06
2169 1.007371e-04 1.305517e-06
2170 1.004414e-04 1.301046e-06
2171 1.001468e-04 1.296592e-06
2172 9.985333e-05 1.292152e-06
2173 9.956091e-05 1.287728e-06
2174 9.926955e-05 1.283318e-06
2175 9.897925e-05 1.278924e-06
2176 9.869002e-05 1.274545e-06
2177 9.840184e-05 1.270181e-06
2178 9.811472e-05 1.265831e-06
2179 9.782865e-05 1.261497e-06
2180 9.754362e-05 1.257178e-06
2181 9.725964e-05 1.252873e-06
2182 9.697670e-05 1.248583e-06
2183 9.669480e-05 1.244308e-06
2184 9.641393e-05 1.240047e-06
2185 9.613408e-05 1.235801e-06
2186 9.585527e-05 1.231570e-06
2187 9.557748e-05 1.227353e-06
2188 9.530070e-05 1.223150e-06
2189 9.502495e-05 1.218962e-06
2190 9.475020e-05 1.214788e-06
2191 9.447647e-05 1.210628e-06
2192 9.420374e-05 1.206483e-06
2193 9.393202e-05 1.202352e-06
2194 9.366129e-05 1.198235e-06
2195 9.339157e-05 1.194132e-06
2196 9.312283e-05 1.190043e-06
2197 9.285509e-05 1.185969e-06
2198 9.258833e-05 1.181908e-06
2199 9.232255e-05 1.177861e-06
2200 9.205775e-05 1.173828e-06
2201 9.179394e-05 1.169808e-06
2202 9.153109e-05 1.165803e-06
2203 9.126922e-05 1.161811e-06
2204 9.100831e-05 1.157833e-06
2205 9.074836e-05 1.153868e-06
2206 9.048938e-05 1.149917e-06
2207 9.023135e-05 1.145980e-06
2208 8.997428e-05 1.142056e-06
2209 8.971816e-05 1.138145e-06
2210 8.946299e-05 1.134248e-06
2211 8.920877e-05 1.130364e-06
2212 8.895548e-05 1.126494e-06
2213 8.870314e-05 1.122637e-06
2214 8.845173e-05 1.118793e-06
2215 8.820125e-05 1.114962e-06
2216 8.795170e-05 1.111144e-06
2217 8.770308e-05 1.107339e-06
2218 8.745538e-05 1.103548e-06
2219 8.720860e-05 1.099769e-06
2220 8.696274e-05 1.096003e-06
2221 8.671780e-05 1.092251e-06
2222 8.647376e-05 1.088511e-06
2223 8.623064e-05 1.084783e-06
2224 8.598842e-05 1.081069e-06
2225 8.574710e-05 1.077367e-06
2226 8.550668e-05 1.073678e-06
2227 8.526716e-05 1.070002e-06
2228 8.502853e-05 1.066338e-06
2229 8.479079e-05 1.062687e-06
2230 8.455394e-05 1.059048e-06
2231 8.431797e-05 1.055422e-06
2232 8.408289e-05 1.051808e-06
2233 8.384868e-05 1.048206e-06
2234 8.361535e-05 1.044617e-06
2235 8.338289e-05 1.041040e-06
2236 8.315131e-05 1.037476e-06
2237 8.292059e-05 1.033923e-06
2238 8.269073e-05 1.030383e-06
2239 8.246174e-05 1.026855e-06
2240 8.223360e-05 1.023339e-06
2241 8.200632e-05 1.019835e-06
2242 8.177990e-05 1.016343e-06
2243 8.155432e-05 1.012863e-06
2244 8.132959e-05 1.009394e-06
2245 8.110571e-05 1.005938e-06
2246 8.088267e-05 1.002494e-06
2247 8.066047e-05 9.990610e-07
2248 8.043910e-05 9.956401e-07
2249 8.021857e-05 9.922309e-07
2250 7.999887e-05 9.888334e-07
2251 7.977999e-05 9.854475e-07
2252 7.956194e-05 9.820732e-07
2253 7.934472e-05 9.787105e-07
2254 7.912831e-05 9.753592e-07
2255 7.891273e-05 9.720195e-07
2256 7.869795e-05 9.686912e-07
2257 7.848399e-05 9.653743e-07
2258 7.827084e-05 9.620687e-07
2259 7.805849e-05 9.587745e-07
2260 7.784695e-05 9.554915e-07
2261 7.763621e-05 9.522198e-07
2262 7.742626e-05 9.489593e-07
2263 7.721711e-05 9.457099e-07
2264 7.700876e-05 9.424717e-07
2265 7.680120e-05 9.392445e-07
2266 7.659442e-05 9.360284e-07
2267 7.638843e-05 9.328234e-07
2268 7.618323e-05 9.296293e-07
2269 7.597880e-05 9.264461e-07
2270 7.577515e-05 9.232738e-07
2271 7.557228e-05 9.201124e-07
2272 7.537017e-05 9.169618e-07
2273 7.516884e-05 9.138220e-07
2274 7.496828e-05 9.106930e-07
2275 7.476848e-05 9.075747e-07
2276 7.456944e-05 9.044670e-07
2277 7.437116e-05 9.013700e-07
2278 7.417364e-05 8.982836e-07
2279 7.397688e-05 8.952078e-07
2280 7.378087e-05 8.921424e-07
2281 7.358560e-05 8.890876e-07
2282 7.339109e-05 8.860433e-07
2283 7.319732e-05 8.830094e-07
2284 7.300429e-05 8.799858e-07
2285 7.281200e-05 8.769726e-07
2286 7.262045e-05 8.739698e-07
2287 7.242963e-05 8.709772e-07
2288 7.223955e-05 8.679948e-07
2289 7.205020e-05 8.650227e-07
2290 7.186157e-05 8.620607e-07
2291 7.167367e-05 8.591089e-07
2292 7.148650e-05 8.561672e-07
2293 7.130004e-05 8.532356e-07
2294 7.111430e-05 8.503140e-07
2295 7.092928e-05 8.474024e-07
2296 7.074497e-05 8.445008e-07
2297 7.056137e-05 8.416091e-07
2298 7.037848e-05 8.387273e-07
2299 7.019630e-05 8.358554e-07
2300 7.001482e-05 8.329933e-07
2301 6.983404e-05 8.301410e-07
2302 6.965397e-05 8.272985e-07
2303 6.947459e-05 8.244657e-07
2304 6.929590e-05 8.216427e-07
2305 6.911791e-05 8.188292e-07
2306 6.894060e-05 8.160255e-07
2307 6.876399e-05 8.132313e-07
2308 6.858806e-05 8.104467e-07
2309 6.841281e-05 8.076716e-07
2310 6.823824e-05 8.049060e-07
2311 6.806435e-05 8.021499e-07
2312 6.789114e-05 7.994032e-07
2313 6.771861e-05 7.966659e-07
2314 6.754674e-05 7.939380e-07
2315 6.737554e-05 7.912195e-07
2316 6.720502e-05 7.885102e-07
2317 6.703515e-05 7.858103e-07
2318 6.686595e-05 7.831195e-07
2319 6.669741e-05 7.804380e-07
2320 6.652953e-05 7.777657e-07
2321 6.636231e-05 7.751025e-07
2322 6.619574e-05 7.724485e-07
2323 6.602982e-05 7.698035e-07
2324 6.586455e-05 7.671676e-07
2325 6.569993e-05 7.645407e-07
2326 6.553596e-05 7.619228e-07
2327 6.537263e-05 7.593138e-07
2328 6.520993e-05 7.567138e-07
2329 6.504788e-05 7.541227e-07
2330 6.488647e-05 7.515405e-07
2331 6.472569e-05 7.489671e-07
2332 6.456554e-05 7.464026e-07
2333 6.440602e-05 7.438468e-07
2334 6.424714e-05 7.412997e-07
2335 6.408887e-05 7.387614e-07
2336 6.393124e-05 7.362318e-07
2337 6.377422e-05 7.337108e-07
2338 6.361783e-05 7.311985e-07
2339 6.346205e-05 7.286948e-07
2340 6.330689e-05 7.261996e-07
2341 6.315234e-05 7.237130e-07
2342 6.299840e-05 7.212349e-07
2343 6.284507e-05 7.187653e-07
2344 6.269236e-05 7.163041e-07
2345 6.254024e-05 7.138514e-07
2346 6.238873e-05 7.114070e-07
2347 6.223782e-05 7.089711e-07
2348 6.208752e-05 7.065435e-07
2349 6.193780e-05 7.041241e-07
2350 6.178869e-05 7.017131e-07
2351 6.164016e-05 6.993103e-07
2352 6.149223e-05 6.969158e-07
2353 6.134489e-05 6.945295e-07
2354 6.119814e-05 6.921513e-07
2355 6.105197e-05 6.897813e-07
2356 6.090638e-05 6.874193e-07
2357 6.076138e-05 6.850655e-07
2358 6.061696e-05 6.827197e-07
2359 6.047311e-05 6.803820e-07
2360 6.032984e-05 6.780523e-07
2361 6.018714e-05 6.757305e-07
2362 6.004502e-05 6.734167e-07
2363 5.990346e-05 6.711108e-07
2364 5.976247e-05 6.688128e-07
2365 5.962205e-05 6.665227e-07
2366 5.948219e-05 6.642405e-07
2367 5.934290e-05 6.619660e-07
2368 5.920416e-05 6.596993e-07
2369 5.906598e-05 6.574404e-07
2370 5.892836e-05 6.551892e-07
2371 5.879130e-05 6.529458e-07
2372 5.865478e-05 6.507100e-07
2373 5.851882e-05 6.484818e-07
2374 5.838340e-05 6.462613e-07
2375 5.824854e-05 6.440484e-07
2376 5.811421e-05 6.418431e-07
2377 5.798044e-05 6.396453e-07
2378 5.784720e-05 6.374551e-07
2379 5.771450e-05 6.352723e-07
2380 5.758234e-05 6.330971e-07
2381 5.745072e-05 6.309292e-07
2382 5.731963e-05 6.287688e-07
2383 5.718907e-05 6.266158e-07
2384 5.705904e-05 6.244702e-07
2385 5.692954e-05 6.223319e-07
2386 5.680057e-05 6.202010e-07
2387 5.667212e-05 6.180773e-07
2388 5.654420e-05 6.159609e-07
2389 5.641679e-05 6.138518e-07
2390 5.628991e-05 6.117498e-07
2391 5.616354e-05 6.096551e-07
2392 5.603769e-05 6.075675e-07
2393 5.591236e-05 6.054871e-07
2394 5.578753e-05 6.034138e-07
2395 5.566322e-05 6.013477e-07
2396 5.553942e-05 5.992886e-07
2397 5.541612e-05 5.972365e-07
2398 5.529333e-05 5.951915e-07
2399 5.517104e-05 5.931534e-07
2400 5.504926e-05 5.911224e-07
2401 5.492797e-05 5.890983e-07
2402 5.480718e-05 5.870811e-07
2403 5.468689e-05 5.850708e-07
2404 5.456710e-05 5.830675e-07
2405 5.444779e-05 5.810709e-07
2406 5.432898e-05 5.790813e-07
2407 5.421066e-05 5.770984e-07
2408 5.409283e-05 5.751223e-07
2409 5.397548e-05 5.731530e-07
2410 5.385862e-05 5.711904e-07
2411 5.374224e-05 5.692346e-07
2412 5.362635e-05 5.672854e-07
2413 5.351093e-05 5.653430e-07
2414 5.339599e-05 5.634071e-07
2415 5.328152e-05 5.614779e-07
2416 5.316754e-05 5.595553e-07
2417 5.305402e-05 5.576393e-07
2418 5.294098e-05 5.557299e-07
2419 5.282840e-05 5.538270e-07
2420 5.271630e-05 5.519306e-07
2421 5.260466e-05 5.500407e-07
2422 5.249348e-05 5.481572e-07
2423 5.238277e-05 5.462803e-07
2424 5.227252e-05 5.444097e-07
2425 5.216273e-05 5.425455e-07
2426 5.205339e-05 5.406878e-07
2427 5.194452e-05 5.388364e-07
2428 5.183610e-05 5.369913e-07
2429 5.172813e-05 5.351526e-07
2430 5.162061e-05 5.333201e-07
2431 5.151355e-05 5.314939e-07
2432 5.140693e-05 5.296740e-07
2433 5.130076e-05 5.278603e-07
2434 5.119504e-05 5.260528e-07
2435 5.108976e-05 5.242515e-07
2436 5.098492e-05 5.224564e-07
2437 5.088052e-05 5.206674e-07
2438 5.077656e-05 5.188846e-07
2439 5.067304e-05 5.171078e-07
2440 5.056996e-05 5.153372e-07
2441 5.046731e-05 5.135726e-07
2442 5.036509e-05 5.118140e-07
2443 5.026330e-05 5.100615e-07
2444 5.016195e-05 5.083149e-07
2445 5.006102e-05 5.065744e-07
2446 4.996052e-05 5.048398e-07
2447 4.986044e-05 5.031111e-07
2448 4.976079e-05 5.013884e-07
2449 4.966156e-05 4.996715e-07
2450 4.956275e-05 4.979606e-07
2451 4.946436e-05 4.962555e-07
2452 4.936639e-05 4.945562e-07
2453 4.926883e-05 4.928628e-07
2454 4.917169e-05 4.911751e-07
2455 4.907496e-05 4.894932e-07
2456 4.897865e-05 4.878171e-07
2457 4.888274e-05 4.861468e-07
2458 4.878724e-05 4.844821e-07
2459 4.869215e-05 4.828232e-07
2460 4.859747e-05 4.811699e-07
2461 4.850319e-05 4.795223e-07
2462 4.840931e-05 4.778803e-07
2463 4.831583e-05 4.762440e-07
2464 4.822276e-05 4.746132e-07
2465 4.813008e-05 4.729881e-07
2466 4.803780e-05 4.713685e-07
2467 4.794591e-05 4.697544e-07
2468 4.785442e-05 4.681459e-07
2469 4.776332e-05 4.665429e-07
2470 4.767262e-05 4.649454e-07
2471 4.758230e-05 4.633533e-07
2472 4.749237e-05 4.617667e-07
2473 4.740283e-05 4.601855e-07
2474 4.731367e-05 4.586098e-07
2475 4.722490e-05 4.570394e-07
2476 4.713651e-05 4.554744e-07
2477 4.704850e-05 4.539148e-07
2478 4.696087e-05 4.523605e-07
2479 4.687362e-05 4.508116e-07
2480 4.678675e-05 4.492679e-07
2481 4.670025e-05 4.477295e-07
2482 4.661413e-05 4.461964e-07
2483 4.652838e-05 4.446686e-07
2484 4.644300e-05 4.431460e-07
2485 4.635799e-05 4.416285e-07
2486 4.627335e-05 4.401163e-07
2487 4.618908e-05 4.386093e-07
2488 4.610517e-05 4.371074e-07
2489 4.602163e-05 4.356107e-07
2490 4.593845e-05 4.341191e-07
2491 4.585563e-05 4.326326e-07
2492 4.577318e-05 4.311512e-07
2493 4.569108e-05 4.296748e-07
2494 4.560934e-05 4.282035e-07
2495 4.552796e-05 4.267373e-07
2496 4.544693e-05 4.252761e-07
2497 4.536626e-05 4.238198e-07
2498 4.528594e-05 4.223686e-07
2499 4.520597e-05 4.209223e-07
2500 4.512635e-05 4.194810e-07
2501 4.504708e-05 4.180446e-07
2502 4.496816e-05 4.166132e-07
2503 4.488958e-05 4.151866e-07
2504 4.481135e-05 4.137650e-07
2505 4.473346e-05 4.123482e-07
2506 4.465591e-05 4.109362e-07
2507 4.457871e-05 4.095291e-07
2508 4.450184e-05 4.081268e-07
2509 4.442531e-05 4.067293e-07
2510 4.434912e-05 4.053366e-07
2511 4.427326e-05 4.039486e-07
2512 4.419774e-05 4.025654e-07
2513 4.412255e-05 4.011870e-07
2514 4.404770e-05 3.998132e-07
2515 4.397317e-05 3.984442e-07
2516 4.389898e-05 3.970798e-07
2517 4.382511e-05 3.957202e-07
2518 4.375156e-05 3.943652e-07
2519 4.367835e-05 3.930148e-07
2520 4.360546e-05 3.916690e-07
2521 4.353289e-05 3.903279e-07
2522 4.346064e-05 3.889913e-07
2523 4.338871e-05 3.876593e-07
2524 4.331711e-05 3.863319e-07
2525 4.324582e-05 3.850091e-07
2526 4.317484e-05 3.836907e-07
2527 4.310419e-05 3.823769e-07
2528 4.303385e-05 3.810676e-07
2529 4.296382e-05 3.797627e-07
2530 4.289410e-05 3.784623e-07
2531 4.282469e-05 3.771664e-07
2532 4.275560e-05 3.758749e-07
2533 4.268681e-05 3.745879e-07
2534 4.261833e-05 3.733052e-07
2535 4.255015e-05 3.720269e-07
2536 4.248228e-05 3.707530e-07
2537 4.241471e-05 3.694835e-07
2538 4.234745e-05 3.682183e-07
2539 4.228048e-05 3.669575e-07
2540 4.221382e-05 3.657010e-07
2541 4.214745e-05 3.644487e-07
2542 4.208139e-05 3.632008e-07
2543 4.201562e-05 3.619571e-07
2544 4.195014e-05 3.607177e-07
2545 4.188496e-05 3.594825e-07
2546 4.182007e-05 3.582516e-07
2547 4.175548e-05 3.570249e-07
2548 4.169117e-05 3.558024e-07
2549 4.162715e-05 3.545840e-07
2550 4.156343e-05 3.533699e-07
2551 4.149999e-05 3.521599e-07
2552 4.143683e-05 3.509540e-07
2553 4.137396e-05 3.497523e-07
2554 4.131138e-05 3.485547e-07
2555 4.124907e-05 3.473611e-07
2556 4.118705e-05 3.461717e-07
2557 4.112531e-05 3.449864e-07
2558 4.106385e-05 3.438051e-07
2559 4.100267e-05 3.426278e-07
2560 4.094176e-05 3.414546e-07
2561 4.088113e-05 3.402854e-07
2562 4.082077e-05 3.391202e-07
2563 4.076069e-05 3.379590e-07
2564 4.070088e-05 3.368017e-07
2565 4.064135e-05 3.356485e-07
2566 4.058208e-05 3.344991e-07
2567 4.052308e-05 3.333537e-07
2568 4.046435e-05 3.322123e-07
2569 4.040589e-05 3.310747e-07
2570 4.034769e-05 3.299411e-07
2571 4.028976e-05 3.288113e-07
2572 4.023210e-05 3.276854e-07
2573 4.017469e-05 3.265633e-07
2574 4.011755e-05 3.254451e-07
2575 4.006067e-05 3.243307e-07
2576 4.000405e-05 3.232201e-07
2577 3.994768e-05 3.221134e-07
2578 3.989158e-05 3.210104e-07
2579 3.983573e-05 3.199112e-07
2580 3.978014e-05 3.188158e-07
2581 3.972480e-05 3.177241e-07
2582 3.966971e-05 3.166361e-07
2583 3.961488e-05 3.155519e-07
2584 3.956030e-05 3.144714e-07
2585 3.950597e-05 3.133946e-07
2586 3.945188e-05 3.123215e-07
2587 3.939805e-05 3.112520e-07
2588 3.934446e-05 3.101862e-07
2589 3.929112e-05 3.091241e-07
2590 3.923803e-05 3.080656e-07
2591 3.918518e-05 3.070107e-07
2592 3.913257e-05 3.059594e-07
2593 3.908020e-05 3.049118e-07
2594 3.902808e-05 3.038677e-07
2595 3.897619e-05 3.028272e-07
2596 3.892455e-05 3.017903e-07
2597 3.887314e-05 3.007569e-07
2598 3.882197e-05 2.997270e-07
2599 3.877103e-05 2.987007e-07
2600 3.872034e-05 2.976779e-07
2601 3.866987e-05 2.966586e-07
2602 3.861964e-05 2.956428e-07
2603 3.856964e-05 2.946304e-07
2604 3.851987e-05 2.936216e-07
2605 3.847033e-05 2.926161e-07
2606 3.842103e-05 2.916142e-07
2607 3.837195e-05 2.906156e-07
2608 3.832309e-05 2.896205e-07
2609 3.827447e-05 2.886288e-07
2610 3.822607e-05 2.876405e-07
2611 3.817789e-05 2.866555e-07
2612 3.812994e-05 2.856740e-07
2613 3.808221e-05 2.846958e-07
2614 3.803470e-05 2.837209e-07
2615 3.798741e-05 2.827494e-07
2616 3.794034e-05 2.817812e-07
2617 3.789349e-05 2.808163e-07
2618 3.784686e-05 2.798548e-07
2619 3.780045e-05 2.788965e-07
2620 3.775425e-05 2.779415e-07
2621 3.770827e-05 2.769898e-07
2622 3.766250e-05 2.760413e-07
2623 3.761694e-05 2.750961e-07
2624 3.757160e-05 2.741541e-07
2625 3.752647e-05 2.732153e-07
2626 3.748155e-05 2.722798e-07
2627 3.743684e-05 2.713475e-07
2628 3.739234e-05 2.704183e-07
2629 3.734804e-05 2.694923e-07
2630 3.730395e-05 2.685695e-07
2631 3.726007e-05 2.676499e-07
2632 3.721640e-05 2.667334e-07
2633 3.717293e-05 2.658201e-07
2634 3.712966e-05 2.649099e-07
2635 3.708659e-05 2.640028e-07
2636 3.704373e-05 2.630988e-07
2637 3.700106e-05 2.621979e-07
2638 3.695860e-05 2.613000e-07
2639 3.691634e-05 2.604053e-07
2640 3.687427e-05 2.595136e-07
2641 3.683240e-05 2.586250e-07
2642 3.679073e-05 2.577394e-07
2643 3.674925e-05 2.568569e-07
2644 3.670797e-05 2.559773e-07
2645 3.666689e-05 2.551008e-07
2646 3.662599e-05 2.542273e-07
2647 3.658529e-05 2.533568e-07
2648 3.654478e-05 2.524892e-07
2649 3.650446e-05 2.516247e-07
2650 3.646433e-05 2.507630e-07
2651 3.642439e-05 2.499044e-07
2652 3.638463e-05 2.490487e-07
2653 3.634507e-05 2.481959e-07
2654 3.630569e-05 2.473460e-07
2655 3.626649e-05 2.464990e-07
2656 3.622748e-05 2.456550e-07
2657 3.618866e-05 2.448138e-07
2658 3.615001e-05 2.439755e-07
2659 3.611155e-05 2.431401e-07
2660 3.607327e-05 2.423075e-07
2661 3.603518e-05 2.414778e-07
2662 3.599726e-05 2.406509e-07
2663 3.595952e-05 2.398269e-07
2664 3.592196e-05 2.390057e-07
2665 3.588457e-05 2.381873e-07
2666 3.584737e-05 2.373717e-07
2667 3.581034e-05 2.365589e-07
2668 3.577348e-05 2.357489e-07
2669 3.573680e-05 2.349416e-07
2670 3.570029e-05 2.341371e-07
2671 3.566396e-05 2.333354e-07
2672 3.562780e-05 2.325364e-07
2673 3.559181e-05 2.317402e-07
2674 3.555599e-05 2.309466e-07
2675 3.552033e-05 2.301558e-07
2676 3.548485e-05 2.293677e-07
2677 3.544954e-05 2.285823e-07
2678 3.541439e-05 2.277996e-07
2679 3.537941e-05 2.270196e-07
2680 3.534460e-05 2.262422e-07
2681 3.530995e-05 2.254675e-07
2682 3.527547e-05 2.246955e-07
2683 3.524115e-05 2.239261e-07
2684 3.520699e-05 2.231593e-07
2685 3.517300e-05 2.223952e-07
2686 3.513916e-05 2.216336e-07
2687 3.510549e-05 2.208747e-07
2688 3.507198e-05 2.201184e-07
2689 3.503862e-05 2.193647e-07
2690 3.500543e-05 2.186135e-07
2691 3.497239e-05 2.178649e-07
2692 3.493951e-05 2.171189e-07
2693 3.490679e-05 2.163755e-07
2694 3.487422e-05 2.156346e-07
2695 3.484181e-05 2.148962e-07
2696 3.480955e-05 2.141603e-07
2697 3.477745e-05 2.134270e-07
2698 3.474550e-05 2.126962e-07
2699 3.471370e-05 2.119679e-07
2700 3.468205e-05 2.112421e-07
2701 3.465055e-05 2.105187e-07
2702 3.461921e-05 2.097979e-07
2703 3.458801e-05 2.090795e-07
2704 3.455696e-05 2.083635e-07
2705 3.452606e-05 2.076501e-07
2706 3.449531e-05 2.069390e-07
2707 3.446470e-05 2.062304e-07
2708 3.443424e-05 2.055242e-07
2709 3.440393e-05 2.048205e-07
2710 3.437376e-05 2.041191e-07
2711 3.434373e-05 2.034202e-07
2712 3.431385e-05 2.027236e-07
2713 3.428411e-05 2.020295e-07
2714 3.425451e-05 2.013377e-07
2715 3.422505e-05 2.006483e-07
2716 3.419574e-05 1.999612e-07
2717 3.416656e-05 1.992765e-07
2718 3.413752e-05 1.985941e-07
2719 3.410863e-05 1.979141e-07
2720 3.407987e-05 1.972364e-07
2721 3.405124e-05 1.965610e-07
2722 3.402276e-05 1.958880e-07
2723 3.399441e-05 1.952172e-07
2724 3.396620e-05 1.945487e-07
2725 3.393812e-05 1.938826e-07
2726 3.391017e-05 1.932187e-07
2727 3.388236e-05 1.925571e-07
2728 3.385469e-05 1.918977e-07
2729 3.382714e-05 1.912406e-07
2730 3.379973e-05 1.905858e-07
2731 3.377244e-05 1.899332e-07
2732 3.374529e-05 1.892828e-07
2733 3.371827e-05 1.886346e-07
2734 3.369138e-05 1.879887e-07
2735 3.366462e-05 1.873450e-07
2736 3.363798e-05 1.867035e-07
2737 3.361147e-05 1.860642e-07
2738 3.358509e-05 1.854271e-07
2739 3.355884e-05 1.847921e-07
2740 3.353271e-05 1.841594e-07
2741 3.350671e-05 1.835288e-07
2742 3.348083e-05 1.829003e-07
2743 3.345507e-05 1.822740e-07
2744 3.342944e-05 1.816499e-07
2745 3.340393e-05 1.810279e-07
2746 3.337855e-05 1.804080e-07
2747 3.335328e-05 1.797902e-07
2748 3.332814e-05 1.791746e-07
2749 3.330312e-05 1.785611e-07
2750 3.327821e-05 1.779496e-07
2751 3.325343e-05 1.773403e-07
2752 3.322876e-05 1.767331e-07
2753 3.320422e-05 1.761279e-07
2754 3.317979e-05 1.755248e-07
2755 3.315548e-05 1.749238e-07
2756 3.313128e-05 1.743248e-07
2757 3.310720e-05 1.737279e-07
2758 3.308324e-05 1.731330e-07
2759 3.305939e-05 1.725401e-07
2760 3.303565e-05 1.719493e-07
2761 3.301203e-05 1.713605e-07
2762 3.298853e-05 1.707738e-07
2763 3.296513e-05 1.701890e-07
2764 3.294185e-05 1.696062e-07
2765 3.291868e-05 1.690255e-07
2766 3.289562e-05 1.684467e-07
2767 3.287267e-05 1.678699e-07
2768 3.284983e-05 1.672951e-07
2769 3.282710e-05 1.667222e-07
2770 3.280448e-05 1.661513e-07
2771 3.278197e-05 1.655824e-07
2772 3.275956e-05 1.650154e-07
2773 3.273727e-05 1.644504e-07
2774 3.271508e-05 1.638872e-07
2775 3.269299e-05 1.633261e-07
2776 3.267102e-05 1.627668e-07
2777 3.264914e-05 1.622095e-07
2778 3.262738e-05 1.616540e-07
2779 3.260572e-05 1.611005e-07
2780 3.258416e-05 1.605488e-07
2781 3.256270e-05 1.599991e-07
2782 3.254135e-05 1.594512e-07
2783 3.252010e-05 1.589052e-07
2784 3.249895e-05 1.583611e-07
2785 3.247790e-05 1.578188e-07
2786 3.245696e-05 1.572784e-07
2787 3.243611e-05 1.567399e-07
2788 3.241537e-05 1.562032e-07
2789 3.239472e-05 1.556683e-07
2790 3.237417e-05 1.551353e-07
2791 3.235373e-05 1.546040e-07
2792 3.233338e-05 1.540746e-07
2793 3.231312e-05 1.535471e-07
2794 3.229297e-05 1.530213e-07
2795 3.227291e-05 1.524973e-07
2796 3.225294e-05 1.519751e-07
2797 3.223308e-05 1.514547e-07
2798 3.221331e-05 1.509361e-07
2799 3.219363e-05 1.504193e-07
2800 3.217405e-05 1.499042e-07
2801 3.215456e-05 1.493909e-07
2802 3.213516e-05 1.488794e-07
2803 3.211586e-05 1.483696e-07
2804 3.209665e-05 1.478615e-07
2805 3.207753e-05 1.473552e-07
2806 3.205850e-05 1.468506e-07
2807 3.203957e-05 1.463478e-07
2808 3.202072e-05 1.458467e-07
2809 3.200197e-05 1.453473e-07
2810 3.198330e-05 1.448496e-07
2811 3.196473e-05 1.443536e-07
2812 3.194624e-05 1.438593e-07
2813 3.192784e-05 1.433667e-07
2814 3.190953e-05 1.428757e-07
2815 3.189131e-05 1.423865e-07
2816 3.187317e-05 1.418989e-07
2817 3.185512e-05 1.414131e-07
2818 3.183716e-05 1.409288e-07
2819 3.181929e-05 1.404463e-07
2820 3.180150e-05 1.399653e-07
2821 3.178379e-05 1.394861e-07
2822 3.176617e-05 1.390084e-07
2823 3.174863e-05 1.385324e-07
2824 3.173118e-05 1.380581e-07
2825 3.171381e-05 1.375853e-07
2826 3.169652e-05 1.371142e-07
2827 3.167932e-05 1.366447e-07
2828 3.166220e-05 1.361768e-07
2829 3.164516e-05 1.357105e-07
2830 3.162820e-05 1.352458e-07
2831 3.161132e-05 1.347827e-07
2832 3.159453e-05 1.343212e-07
2833 3.157781e-05 1.338612e-07
2834 3.156117e-05 1.334029e-07
2835 3.154462e-05 1.329461e-07
2836 3.152814e-05 1.324908e-07
2837 3.151174e-05 1.320372e-07
2838 3.149542e-05 1.315850e-07
2839 3.147917e-05 1.311345e-07
2840 3.146301e-05 1.306854e-07
2841 3.144692e-05 1.302379e-07
2842 3.143091e-05 1.297920e-07
2843 3.141497e-05 1.293475e-07
2844 3.139911e-05 1.289046e-07
2845 3.138333e-05 1.284632e-07
2846 3.136762e-05 1.280233e-07
2847 3.135199e-05 1.275850e-07
2848 3.133643e-05 1.271481e-07
2849 3.132094e-05 1.267127e-07
2850 3.130553e-05 1.262788e-07
2851 3.129019e-05 1.258464e-07
2852 3.127493e-05 1.254155e-07
2853 3.125973e-05 1.249860e-07
2854 3.124461e-05 1.245580e-07
2855 3.122957e-05 1.241315e-07
2856 3.121459e-05 1.237065e-07
2857 3.119968e-05 1.232829e-07
2858 3.118485e-05 1.228607e-07
2859 3.117009e-05 1.224400e-07
2860 3.115539e-05 1.220208e-07
2861 3.114077e-05 1.216030e-07
2862 3.112621e-05 1.211866e-07
2863 3.111173e-05 1.207716e-07
2864 3.109731e-05 1.203580e-07
2865 3.108297e-05 1.199459e-07
2866 3.106869e-05 1.195352e-07
2867 3.105447e-05 1.191259e-07
2868 3.104033e-05 1.187180e-07
2869 3.102625e-05 1.183114e-07
2870 3.101224e-05 1.179063e-07
2871 3.099830e-05 1.175026e-07
2872 3.098442e-05 1.171002e-07
2873 3.097061e-05 1.166993e-07
2874 3.095686e-05 1.162997e-07
2875 3.094318e-05 1.159014e-07
2876 3.092956e-05 1.155045e-07
2877 3.091601e-05 1.151090e-07
2878 3.090253e-05 1.147149e-07
2879 3.088910e-05 1.143221e-07
2880 3.087574e-05 1.139306e-07
2881 3.086244e-05 1.135405e-07
2882 3.084921e-05 1.131517e-07
2883 3.083604e-05 1.127642e-07
2884 3.082293e-05 1.123781e-07
2885 3.080988e-05 1.119933e-07
2886 3.079690e-05 1.116098e-07
2887 3.078397e-05 1.112276e-07
2888 3.077111e-05 1.108468e-07
2889 3.075831e-05 1.104672e-07
2890 3.074557e-05 1.100890e-07
2891 3.073288e-05 1.097120e-07
2892 3.072026e-05 1.093363e-07
2893 3.070770e-05 1.089619e-07
2894 3.069520e-05 1.085888e-07
2895 3.068275e-05 1.082170e-07
2896 3.067037e-05 1.078464e-07
2897 3.065804e-05 1.074771e-07
2898 3.064577e-05 1.071091e-07
2899 3.063356e-05 1.067423e-07
2900 3.062141e-05 1.063768e-07
2901 3.060931e-05 1.060126e-07
2902 3.059728e-05 1.056496e-07
2903 3.058529e-05 1.052878e-07
2904 3.057337e-05 1.049273e-07
2905 3.056150e-05 1.045680e-07
2906 3.054968e-05 1.042099e-07
2907 3.053793e-05 1.038531e-07
2908 3.052622e-05 1.034975e-07
2909 3.051457e-05 1.031431e-07
2910 3.050298e-05 1.027899e-07
2911 3.049144e-05 1.024379e-07
2912 3.047996e-05 1.020871e-07
2913 3.046853e-05 1.017376e-07
2914 3.045715e-05 1.013892e-07
2915 3.044583e-05 1.010420e-07
2916 3.043456e-05 1.006960e-07
2917 3.042334e-05 1.003512e-07
2918 3.041217e-05 1.000076e-07
2919 3.040106e-05 9.966515e-08
2920 3.039000e-05 9.932388e-08
2921 3.037899e-05 9.898377e-08
2922 3.036804e-05 9.864483e-08
2923 3.035713e-05 9.830705e-08
2924 3.034627e-05 9.797042e-08
2925 3.033547e-05 9.763495e-08
2926 3.032472e-05 9.730063e-08
2927 3.031401e-05 9.696745e-08
2928 3.030336e-05 9.663541e-08
2929 3.029276e-05 9.630451e-08
2930 3.028220e-05 9.597475e-08
2931 3.027170e-05 9.564611e-08
2932 3.026124e-05 9.531860e-08
2933 3.025084e-05 9.499220e-08
2934 3.024048e-05 9.466693e-08
2935 3.023017e-05 9.434277e-08
2936 3.021991e-05 9.401972e-08
2937 3.020969e-05 9.369778e-08
2938 3.019953e-05 9.337694e-08
2939 3.018941e-05 9.305719e-08
2940 3.017934e-05 9.273855e-08
2941 3.016931e-05 9.242099e-08
2942 3.015934e-05 9.210452e-08
2943 3.014940e-05 9.178913e-08
2944 3.013952e-05 9.147483e-08
2945 3.012968e-05 9.116160e-08
2946 3.011989e-05 9.084944e-08
2947 3.011014e-05 9.053835e-08
2948 3.010043e-05 9.022833e-08
2949 3.009078e-05 8.991937e-08
2950 3.008116e-05 8.961147e-08
2951 3.007160e-05 8.930462e-08
2952 3.006207e-05 8.899882e-08
2953 3.005259e-05 8.869407e-08
2954 3.004316e-05 8.839036e-08
2955 3.003376e-05 8.808769e-08
2956 3.002442e-05 8.778606e-08
2957 3.001511e-05 8.748546e-08
2958 3.000585e-05 8.718590e-08
2959 2.999663e-05 8.688735e-08
2960 2.998745e-05 8.658983e-08
2961 2.997832e-05 8.629333e-08
2962 2.996923e-05 8.599784e-08
2963 2.996018e-05 8.570337e-08
2964 2.995117e-05 8.540990e-08
2965 2.994220e-05 8.511744e-08
2966 2.993328e-05 8.482598e-08
2967 2.992440e-05 8.453552e-08
2968 2.991555e-05 8.424605e-08
2969 2.990675e-05 8.395757e-08
2970 2.989799e-05 8.367008e-08
2971 2.988927e-05 8.338358e-08
2972 2.988059e-05 8.309805e-08
2973 2.987195e-05 8.281351e-08
2974 2.986335e-05 8.252994e-08
2975 2.985479e-05 8.224734e-08
2976 2.984626e-05 8.196570e-08
2977 2.983778e-05 8.168504e-08
2978 2.982934e-05 8.140533e-08
2979 2.982093e-05 8.112658e-08
2980 2.981257e-05 8.084878e-08
2981 2.980424e-05 8.057194e-08
2982 2.979595e-05 8.029605e-08
2983 2.978770e-05 8.002109e-08
2984 2.977948e-05 7.974709e-08
2985 2.977131e-05 7.947401e-08
2986 2.976317e-05 7.920188e-08
2987 2.975507e-05 7.893067e-08
2988 2.974701e-05 7.866040e-08
2989 2.973898e-05 7.839105e-08
2990 2.973099e-05 7.812262e-08
2991 2.972303e-05 7.785511e-08
2992 2.971512e-05 7.758852e-08
2993 2.970724e-05 7.732284e-08
2994 2.969939e-05 7.705807e-08
2995 2.969158e-05 7.679420e-08
2996 2.968381e-05 7.653124e-08
2997 2.967607e-05 7.626919e-08
2998 2.966837e-05 7.600802e-08
2999 2.966070e-05 7.574776e-08
3000 2.965307e-05 7.548838e-08
3001 2.964547e-05 7.522989e-08
3002 2.963791e-05 7.497229e-08
3003 2.963038e-05 7.471557e-08
3004 2.962288e-05 7.445972e-08
3005 2.961542e-05 7.420476e-08
3006 2.960800e-05 7.395066e-08
3007 2.960061e-05 7.369744e-08
3008 2.959325e-05 7.344508e-08
3009 2.958592e-05 7.319359e-08
3010 2.957863e-05 7.294296e-08
3011 2.957137e-05 7.269319e-08
3012 2.956414e-05 7.244427e-08
3013 2.955695e-05 7.219621e-08
3014 2.954979e-05 7.194899e-08
3015 2.954266e-05 7.170262e-08
3016 2.953557e-05 7.145710e-08
3017 2.952850e-05 7.121241e-08
3018 2.952147e-05 7.096857e-08
3019 2.951447e-05 7.072555e-08
3020 2.950750e-05 7.048338e-08
3021 2.950057e-05 7.024202e-08
3022 2.949366e-05 7.000150e-08
3023 2.948679e-05 6.976180e-08
3024 2.947995e-05 6.952292e-08
3025 2.947313e-05 6.928486e-08
3026 2.946635e-05 6.904761e-08
3027 2.945960e-05 6.881118e-08
3028 2.945288e-05 6.857555e-08
3029 2.944619e-05 6.834074e-08
3030 2.943953e-05 6.810672e-08
3031 2.943290e-05 6.787351e-08
3032 2.942630e-05 6.764110e-08
3033 2.941973e-05 6.740948e-08
3034 2.941319e-05 6.717866e-08
3035 2.940668e-05 6.694862e-08
3036 2.940020e-05 6.671937e-08
3037 2.939375e-05 6.649091e-08
3038 2.938733e-05 6.626323e-08
3039 2.938093e-05 6.603633e-08
3040 2.937457e-05 6.581021e-08
3041 2.936823e-05 6.558486e-08
3042 2.936192e-05 6.536029e-08
3043 2.935564e-05 6.513648e-08
3044 2.934939e-05 6.491344e-08
3045 2.934316e-05 6.469116e-08
3046 2.933697e-05 6.446964e-08
3047 2.933080e-05 6.424888e-08
3048 2.932466e-05 6.402888e-08
3049 2.931854e-05 6.380963e-08
3050 2.931246e-05 6.359113e-08
3051 2.930640e-05 6.337338e-08
3052 2.930037e-05 6.315638e-08
3053 2.929436e-05 6.294012e-08
3054 2.928838e-05 6.272460e-08
3055 2.928243e-05 6.250982e-08
3056 2.927651e-05 6.229577e-08
3057 2.927061e-05 6.208245e-08
3058 2.926473e-05 6.186987e-08
3059 2.925889e-05 6.165801e-08
3060 2.925307e-05 6.144688e-08
3061 2.924727e-05 6.123648e-08
3062 2.924151e-05 6.102679e-08
3063 2.923576e-05 6.081782e-08
3064 2.923005e-05 6.060957e-08
3065 2.922435e-05 6.040203e-08
3066 2.921869e-05 6.019520e-08
3067 2.921305e-05 5.998908e-08
3068 2.920743e-05 5.978366e-08
3069 2.920184e-05 5.957895e-08
3070 2.919627e-05 5.937494e-08
3071 2.919073e-05 5.917162e-08
3072 2.918521e-05 5.896901e-08
3073 2.917972e-05 5.876708e-08
3074 2.917425e-05 5.856585e-08
3075 2.916881e-05 5.836531e-08
3076 2.916339e-05 5.816546e-08
3077 2.915799e-05 5.796628e-08
3078 2.915262e-05 5.776780e-08
3079 2.914727e-05 5.756999e-08
3080 2.914195e-05 5.737285e-08
3081 2.913664e-05 5.717640e-08
3082 2.913137e-05 5.698061e-08
3083 2.912611e-05 5.678550e-08
3084 2.912088e-05 5.659105e-08
3085 2.911567e-05 5.639727e-08
3086 2.911049e-05 5.620416e-08
3087 2.910532e-05 5.601170e-08
3088 2.910018e-05 5.581990e-08
3089 2.909507e-05 5.562876e-08
3090 2.908997e-05 5.543828e-08
3091 2.908490e-05 5.524845e-08
3092 2.907985e-05 5.505926e-08
3093 2.907482e-05 5.487073e-08
3094 2.906981e-05 5.468284e-08
3095 2.906483e-05 5.449559e-08
3096 2.905987e-05 5.430899e-08
3097 2.905493e-05 5.412302e-08
3098 2.905001e-05 5.393769e-08
3099 2.904511e-05 5.375300e-08
3100 2.904024e-05 5.356894e-08
3101 2.903538e-05 5.338551e-08
3102 2.903055e-05 5.320270e-08
3103 2.902574e-05 5.302052e-08
3104 2.902095e-05 5.283897e-08
3105 2.901618e-05 5.265804e-08
3106 2.901143e-05 5.247773e-08
3107 2.900670e-05 5.229803e-08
3108 2.900199e-05 5.211895e-08
3109 2.899730e-05 5.194048e-08
3110 2.899264e-05 5.176263e-08
3111 2.898799e-05 5.158538e-08
3112 2.898336e-05 5.140874e-08
3113 2.897876e-05 5.123271e-08
3114 2.897417e-05 5.105728e-08
3115 2.896961e-05 5.088244e-08
3116 2.896506e-05 5.070821e-08
3117 2.896053e-05 5.053458e-08
3118 2.895603e-05 5.036153e-08
3119 2.895154e-05 5.018908e-08
3120 2.894707e-05 5.001723e-08
3121 2.894262e-05 4.984596e-08
3122 2.893820e-05 4.967527e-08
3123 2.893379e-05 4.950517e-08
3124 2.892940e-05 4.933566e-08
3125 2.892502e-05 4.916672e-08
3126 2.892067e-05 4.899836e-08
3127 2.891634e-05 4.883058e-08
3128 2.891202e-05 4.866338e-08
3129 2.890773e-05 4.849674e-08
3130 2.890345e-05 4.833068e-08
3131 2.889919e-05 4.816518e-08
3132 2.889495e-05 4.800026e-08
3133 2.889072e-05 4.783589e-08
3134 2.888652e-05 4.767209e-08
3135 2.888233e-05 4.750885e-08
3136 2.887817e-05 4.734617e-08
3137 2.887402e-05 4.718405e-08
3138 2.886988e-05 4.702248e-08
3139 2.886577e-05 4.686146e-08
3140 2.886167e-05 4.670100e-08
3141 2.885759e-05 4.654109e-08
3142 2.885353e-05 4.638172e-08
3143 2.884949e-05 4.622290e-08
3144 2.884546e-05 4.606462e-08
3145 2.884145e-05 4.590688e-08
3146 2.883746e-05 4.574969e-08
3147 2.883348e-05 4.559303e-08
3148 2.882952e-05 4.543691e-08
3149 2.882558e-05 4.528133e-08
3150 2.882166e-05 4.512627e-08
3151 2.881775e-05 4.497175e-08
3152 2.881386e-05 4.481776e-08
3153 2.880999e-05 4.466429e-08
3154 2.880613e-05 4.451135e-08
3155 2.880229e-05 4.435893e-08
3156 2.879846e-05 4.420704e-08
3157 2.879466e-05 4.405567e-08
3158 2.879086e-05 4.390481e-08
3159 2.878709e-05 4.375447e-08
3160 2.878333e-05 4.360464e-08
3161 2.877958e-05 4.345533e-08
3162 2.877586e-05 4.330653e-08
3163 2.877215e-05 4.315824e-08
3164 2.876845e-05 4.301046e-08
3165 2.876477e-05 4.286318e-08
3166 2.876110e-05 4.271641e-08
3167 2.875746e-05 4.257014e-08
3168 2.875382e-05 4.242437e-08
3169 2.875020e-05 4.227910e-08
3170 2.874660e-05 4.213432e-08
3171 2.874301e-05 4.199005e-08
3172 2.873944e-05 4.184626e-08
3173 2.873589e-05 4.170297e-08
3174 2.873234e-05 4.156017e-08
3175 2.872882e-05 4.141786e-08
3176 2.872530e-05 4.127604e-08
3177 2.872181e-05 4.113470e-08
3178 2.871833e-05 4.099385e-08
3179 2.871486e-05 4.085347e-08
3180 2.871141e-05 4.071358e-08
3181 2.870797e-05 4.057417e-08
3182 2.870454e-05 4.043523e-08
3183 2.870113e-05 4.029678e-08
3184 2.869774e-05 4.015879e-08
3185 2.869436e-05 4.002128e-08
3186 2.869099e-05 3.988424e-08
3187 2.868764e-05 3.974766e-08
3188 2.868430e-05 3.961156e-08
3189 2.868098e-05 3.947592e-08
3190 2.867767e-05 3.934075e-08
3191 2.867437e-05 3.920604e-08
3192 2.867109e-05 3.907178e-08
3193 2.866782e-05 3.893799e-08
3194 2.866457e-05 3.880466e-08
3195 2.866133e-05 3.867179e-08
3196 2.865810e-05 3.853937e-08
3197 2.865489e-05 3.840740e-08
3198 2.865169e-05 3.827588e-08
3199 2.864850e-05 3.814482e-08
3200 2.864533e-05 3.801420e-08
3201 2.864217e-05 3.788403e-08
3202 2.863902e-05 3.775431e-08
3203 2.863589e-05 3.762503e-08
3204 2.863277e-05 3.749619e-08
3205 2.862966e-05 3.736780e-08
3206 2.862657e-05 3.723984e-08
3207 2.862348e-05 3.711233e-08
3208 2.862042e-05 3.698525e-08
3209 2.861736e-05 3.685860e-08
3210 2.861432e-05 3.673239e-08
3211 2.861129e-05 3.660661e-08
3212 2.860827e-05 3.648126e-08
3213 2.860526e-05 3.635634e-08
3214 2.860227e-05 3.623185e-08
3215 2.859929e-05 3.610778e-08
3216 2.859632e-05 3.598414e-08
3217 2.859337e-05 3.586092e-08
3218 2.859043e-05 3.573813e-08
3219 2.858750e-05 3.561575e-08
3220 2.858458e-05 3.549380e-08
3221 2.858167e-05 3.537226e-08
3222 2.857878e-05 3.525113e-08
3223 2.857589e-05 3.513043e-08
3224 2.857302e-05 3.501013e-08
3225 2.857017e-05 3.489025e-08
3226 2.856732e-05 3.477078e-08
3227 2.856448e-05 3.465172e-08
3228 2.856166e-05 3.453306e-08
3229 2.855885e-05 3.441481e-08
3230 2.855605e-05 3.429697e-08
3231 2.855326e-05 3.417953e-08
3232 2.855049e-05 3.406249e-08
3233 2.854772e-05 3.394585e-08
3234 2.854497e-05 3.382961e-08
3235 2.854223e-05 3.371377e-08
3236 2.853950e-05 3.359833e-08
3237 2.853678e-05 3.348328e-08
3238 2.853407e-05 3.336863e-08
3239 2.853137e-05 3.325437e-08
3240 2.852868e-05 3.314050e-08
3241 2.852601e-05 3.302702e-08
3242 2.852335e-05 3.291392e-08
3243 2.852069e-05 3.280122e-08
3244 2.851805e-05 3.268890e-08
3245 2.851542e-05 3.257697e-08
3246 2.851280e-05 3.246542e-08
3247 2.851019e-05 3.235425e-08
3248 2.850759e-05 3.224346e-08
3249 2.850500e-05 3.213305e-08
3250 2.850243e-05 3.202302e-08
3251 2.849986e-05 3.191337e-08
3252 2.849730e-05 3.180409e-08
3253 2.849476e-05 3.169518e-08
3254 2.849222e-05 3.158665e-08
3255 2.848970e-05 3.147849e-08
3256 2.848718e-05 3.137070e-08
3257 2.848468e-05 3.126328e-08
3258 2.848218e-05 3.115623e-08
3259 2.847970e-05 3.104954e-08
3260 2.847722e-05 3.094322e-08
3261 2.847476e-05 3.083727e-08
3262 2.847231e-05 3.073167e-08
3263 2.846986e-05 3.062644e-08
3264 2.846743e-05 3.052157e-08
3265 2.846501e-05 3.041706e-08
3266 2.846259e-05 3.031290e-08
3267 2.846019e-05 3.020910e-08
3268 2.845779e-05 3.010566e-08
3269 2.845541e-05 3.000257e-08
3270 2.845304e-05 2.989984e-08
3271 2.845067e-05 2.979745e-08
3272 2.844832e-05 2.969542e-08
3273 2.844597e-05 2.959374e-08
3274 2.844363e-05 2.949240e-08
3275 2.844131e-05 2.939141e-08
3276 2.843899e-05 2.929077e-08
3277 2.843668e-05 2.919047e-08
3278 2.843438e-05 2.909052e-08
3279 2.843209e-05 2.899091e-08
3280 2.842981e-05 2.889163e-08
3281 2.842754e-05 2.879270e-08
3282 2.842528e-05 2.869411e-08
3283 2.842303e-05 2.859586e-08
3284 2.842079e-05 2.849794e-08
3285 2.841855e-05 2.840035e-08
3286 2.841633e-05 2.830310e-08
3287 2.841411e-05 2.820619e-08
3288 2.841190e-05 2.810960e-08
3289 2.840971e-05 2.801335e-08
3290 2.840752e-05 2.791743e-08
3291 2.840534e-05 2.782183e-08
3292 2.840317e-05 2.772656e-08
3293 2.840100e-05 2.763162e-08
3294 2.839885e-05 2.753700e-08
3295 2.839670e-05 2.744271e-08
3296 2.839457e-05 2.734874e-08
3297 2.839244e-05 2.725509e-08
3298 2.839032e-05 2.716177e-08
3299 2.838821e-05 2.706876e-08
3300 2.838611e-05 2.697607e-08
3301 2.838401e-05 2.688370e-08
3302 2.838193e-05 2.679164e-08
3303 2.837985e-05 2.669990e-08
3304 2.837778e-05 2.660847e-08
3305 2.837572e-05 2.651736e-08
3306 2.837367e-05 2.642656e-08
3307 2.837162e-05 2.633607e-08
3308 2.836959e-05 2.624589e-08
3309 2.836756e-05 2.615602e-08
3310 2.836554e-05 2.606645e-08
3311 2.836353e-05 2.597720e-08
3312 2.836153e-05 2.588824e-08
3313 2.835953e-05 2.579960e-08
3314 2.835754e-05 2.571125e-08
3315 2.835556e-05 2.562321e-08
3316 2.835359e-05 2.553547e-08
3317 2.835163e-05 2.544803e-08
3318 2.834967e-05 2.536089e-08
3319 2.834772e-05 2.527405e-08
3320 2.834578e-05 2.518751e-08
3321 2.834385e-05 2.510126e-08
3322 2.834193e-05 2.501531e-08
3323 2.834001e-05 2.492965e-08
3324 2.833810e-05 2.484429e-08
3325 2.833620e-05 2.475921e-08
3326 2.833431e-05 2.467443e-08
3327 2.833242e-05 2.458994e-08
3328 2.833054e-05 2.450574e-08
3329 2.832867e-05 2.442183e-08
3330 2.832680e-05 2.433820e-08
3331 2.832495e-05 2.425486e-08
3332 2.832310e-05 2.417181e-08
3333 2.832126e-05 2.408904e-08
3334 2.831942e-05 2.400655e-08
3335 2.831759e-05 2.392435e-08
3336 2.831577e-05 2.384243e-08
3337 2.831396e-05 2.376079e-08
3338 2.831216e-05 2.367942e-08
3339 2.831036e-05 2.359834e-08
3340 2.830857e-05 2.351753e-08
3341 2.830678e-05 2.343700e-08
3342 2.830500e-05 2.335675e-08
3343 2.830323e-05 2.327677e-08
3344 2.830147e-05 2.319707e-08
3345 2.829971e-05 2.311764e-08
3346 2.829797e-05 2.303848e-08
3347 2.829622e-05 2.295959e-08
3348 2.829449e-05 2.288097e-08
3349 2.829276e-05 2.280262e-08
3350 2.829104e-05 2.272454e-08
3351 2.828932e-05 2.264672e-08
3352 2.828761e-05 2.256918e-08
3353 2.828591e-05 2.249189e-08
3354 2.828422e-05 2.241488e-08
3355 2.828253e-05 2.233812e-08
3356 2.828085e-05 2.226163e-08
3357 2.827917e-05 2.218540e-08
3358 2.827751e-05 2.210944e-08
3359 2.827584e-05 2.203373e-08
3360 2.827419e-05 2.195828e-08
3361 2.827254e-05 2.188309e-08
3362 2.827090e-05 2.180816e-08
3363 2.826926e-05 2.173348e-08
3364 2.826763e-05 2.165906e-08
3365 2.826601e-05 2.158490e-08
3366 2.826439e-05 2.151098e-08
3367 2.826278e-05 2.143733e-08
3368 2.826118e-05 2.136392e-08
3369 2.825958e-05 2.129076e-08
3370 2.825799e-05 2.121786e-08
3371 2.825641e-05 2.114521e-08
3372 2.825483e-05 2.107280e-08
3373 2.825326e-05 2.100064e-08
3374 2.825169e-05 2.092873e-08
3375 2.825013e-05 2.085707e-08
3376 2.824858e-05 2.078565e-08
3377 2.824703e-05 2.071447e-08
3378 2.824549e-05 2.064354e-08
3379 2.824395e-05 2.057285e-08
3380 2.824242e-05 2.050241e-08
3381 2.824090e-05 2.043220e-08
3382 2.823938e-05 2.036224e-08
3383 2.823787e-05 2.029251e-08
3384 2.823636e-05 2.022303e-08
3385 2.823486e-05 2.015378e-08
3386 2.823336e-05 2.008477e-08
3387 2.823188e-05 2.001599e-08
3388 2.823039e-05 1.994745e-08
3389 2.822892e-05 1.987915e-08
3390 2.822745e-05 1.981108e-08
3391 2.822598e-05 1.974324e-08
3392 2.822452e-05 1.967564e-08
3393 2.822307e-05 1.960826e-08
3394 2.822162e-05 1.954112e-08
3395 2.822017e-05 1.947421e-08
3396 2.821874e-05 1.940752e-08
3397 2.821731e-05 1.934107e-08
3398 2.821588e-05 1.927484e-08
3399 2.821446e-05 1.920884e-08
3400 2.821304e-05 1.914306e-08
3401 2.821163e-05 1.907751e-08
3402 2.821023e-05 1.901219e-08
3403 2.820883e-05 1.894708e-08
3404 2.820744e-05 1.888221e-08
3405 2.820605e-05 1.881755e-08
3406 2.820467e-05 1.875311e-08
3407 2.820329e-05 1.868890e-08
3408 2.820192e-05 1.862490e-08
3409 2.820055e-05 1.856113e-08
3410 2.819919e-05 1.849757e-08
3411 2.819784e-05 1.843423e-08
3412 2.819649e-05 1.837111e-08
3413 2.819514e-05 1.830820e-08
3414 2.819380e-05 1.824551e-08
3415 2.819246e-05 1.818303e-08
3416 2.819113e-05 1.812077e-08
3417 2.818981e-05 1.805872e-08
3418 2.818849e-05 1.799688e-08
3419 2.818718e-05 1.793526e-08
3420 2.818587e-05 1.787384e-08
3421 2.818456e-05 1.781264e-08
3422 2.818326e-05 1.775165e-08
3423 2.818197e-05 1.769086e-08
3424 2.818068e-05 1.763028e-08
3425 2.817939e-05 1.756991e-08
3426 2.817812e-05 1.750975e-08
3427 2.817684e-05 1.744979e-08
3428 2.817557e-05 1.739004e-08
3429 2.817431e-05 1.733049e-08
3430 2.817305e-05 1.727115e-08
3431 2.817179e-05 1.721201e-08
3432 2.817054e-05 1.715307e-08
3433 2.816930e-05 1.709434e-08
3434 2.816806e-05 1.703580e-08
3435 2.816682e-05 1.697747e-08
3436 2.816559e-05 1.691933e-08
3437 2.816436e-05 1.686140e-08
3438 2.816314e-05 1.680366e-08
3439 2.816192e-05 1.674612e-08
3440 2.816071e-05 1.668878e-08
3441 2.815950e-05 1.663163e-08
3442 2.815830e-05 1.657468e-08
3443 2.815710e-05 1.651792e-08
3444 2.815591e-05 1.646136e-08
3445 2.815472e-05 1.640500e-08
3446 2.815353e-05 1.634882e-08
3447 2.815235e-05 1.629284e-08
3448 2.815118e-05 1.623705e-08
3449 2.815001e-05 1.618145e-08
3450 2.814884e-05 1.612604e-08
3451 2.814768e-05 1.607082e-08
3452 2.814652e-05 1.601579e-08
3453 2.814537e-05 1.596095e-08
3454 2.814422e-05 1.590630e-08
3455 2.814307e-05 1.585183e-08
3456 2.814193e-05 1.579755e-08
3457 2.814080e-05 1.574346e-08
3458 2.813966e-05 1.568955e-08
3459 2.813854e-05 1.563582e-08
3460 2.813741e-05 1.558228e-08
3461 2.813630e-05 1.552892e-08
3462 2.813518e-05 1.547575e-08
3463 2.813407e-05 1.542276e-08
3464 2.813297e-05 1.536995e-08
3465 2.813186e-05 1.531732e-08
3466 2.813077e-05 1.526487e-08
3467 2.812967e-05 1.521260e-08
3468 2.812858e-05 1.516050e-08
3469 2.812750e-05 1.510859e-08
3470 2.812642e-05 1.505686e-08
3471 2.812534e-05 1.500530e-08
3472 2.812427e-05 1.495392e-08
3473 2.812320e-05 1.490271e-08
3474 2.812213e-05 1.485168e-08
3475 2.812107e-05 1.480083e-08
3476 2.812002e-05 1.475014e-08
3477 2.811896e-05 1.469964e-08
3478 2.811792e-05 1.464930e-08
3479 2.811687e-05 1.459914e-08
3480 2.811583e-05 1.454915e-08
3481 2.811479e-05 1.449933e-08
3482 2.811376e-05 1.444968e-08
3483 2.811273e-05 1.440020e-08
3484 2.811171e-05 1.435089e-08
3485 2.811069e-05 1.430175e-08
3486 2.810967e-05 1.425278e-08
3487 2.810866e-05 1.420397e-08
3488 2.810765e-05 1.415534e-08
3489 2.810664e-05 1.410687e-08
3490 2.810564e-05 1.405856e-08
3491 2.810464e-05 1.401042e-08
3492 2.810365e-05 1.396245e-08
3493 2.810265e-05 1.391464e-08
3494 2.810167e-05 1.386699e-08
3495 2.810068e-05 1.381951e-08
3496 2.809971e-05 1.377218e-08
3497 2.809873e-05 1.372503e-08
3498 2.809776e-05 1.367803e-08
3499 2.809679e-05 1.363119e-08
3500 2.809582e-05 1.358451e-08
3501 2.809486e-05 1.353800e-08
3502 2.809391e-05 1.349164e-08
3503 2.809295e-05 1.344544e-08
3504 2.809200e-05 1.339940e-08
3505 2.809105e-05 1.335352e-08
3506 2.809011e-05 1.330779e-08
3507 2.808917e-05 1.326223e-08
3508 2.808824e-05 1.321681e-08
3509 2.808730e-05 1.317156e-08
3510 2.808637e-05 1.312645e-08
3511 2.808545e-05 1.308151e-08
3512 2.808453e-05 1.303671e-08
3513 2.808361e-05 1.299207e-08
3514 2.808269e-05 1.294758e-08
3515 2.808178e-05 1.290325e-08
3516 2.808087e-05 1.285906e-08
3517 2.807997e-05 1.281503e-08
3518 2.807907e-05 1.277115e-08
3519 2.807817e-05 1.272742e-08
3520 2.807727e-05 1.268384e-08
3521 2.807638e-05 1.264041e-08
3522 2.807549e-05 1.259712e-08
3523 2.807461e-05 1.255399e-08
3524 2.807373e-05 1.251100e-08
3525 2.807285e-05 1.246816e-08
3526 2.807197e-05 1.242546e-08
3527 2.807110e-05 1.238292e-08
3528 2.807023e-05 1.234052e-08
3529 2.806937e-05 1.229826e-08
3530 2.806851e-05 1.225615e-08
3531 2.806765e-05 1.221418e-08
3532 2.806679e-05 1.217235e-08
3533 2.806594e-05 1.213067e-08
3534 2.806509e-05 1.208914e-08
3535 2.806424e-05 1.204774e-08
3536 2.806340e-05 1.200649e-08
3537 2.806256e-05 1.196537e-08
3538 2.806173e-05 1.192440e-08
3539 2.806089e-05 1.188357e-08
3540 2.806006e-05 1.184288e-08
3541 2.805923e-05 1.180232e-08
3542 2.805841e-05 1.176191e-08
3543 2.805759e-05 1.172164e-08
3544 2.805677e-05 1.168150e-08
3545 2.805596e-05 1.164150e-08
3546 2.805515e-05 1.160163e-08
3547 2.805434e-05 1.156191e-08
3548 2.805353e-05 1.152232e-08
3549 2.805273e-05 1.148286e-08
3550 2.805193e-05 1.144354e-08
3551 2.805113e-05 1.140436e-08
3552 2.805034e-05 1.136531e-08
3553 2.804955e-05 1.132639e-08
3554 2.804876e-05 1.128760e-08
3555 2.804797e-05 1.124895e-08
3556 2.804719e-05 1.121043e-08
3557 2.804641e-05 1.117205e-08
3558 2.804563e-05 1.113379e-08
3559 2.804486e-05 1.109567e-08
3560 2.804409e-05 1.105767e-08
3561 2.804332e-05 1.101981e-08
3562 2.804256e-05 1.098208e-08
3563 2.804180e-05 1.094447e-08
3564 2.804104e-05 1.090699e-08
3565 2.804028e-05 1.086965e-08
3566 2.803953e-05 1.083243e-08
3567 2.803878e-05 1.079533e-08
3568 2.803803e-05 1.075837e-08
3569 2.803728e-05 1.072153e-08
3570 2.803654e-05 1.068482e-08
3571 2.803580e-05 1.064823e-08
3572 2.803506e-05 1.061177e-08
3573 2.803433e-05 1.057543e-08
3574 2.803360e-05 1.053922e-08
3575 2.803287e-05 1.050313e-08
3576 2.803214e-05 1.046716e-08
3577 2.803142e-05 1.043132e-08
3578 2.803070e-05 1.039560e-08
3579 2.802998e-05 1.036000e-08
3580 2.802926e-05 1.032453e-08
3581 2.802855e-05 1.028918e-08
3582 2.802784e-05 1.025394e-08
3583 2.802713e-05 1.021883e-08
3584 2.802643e-05 1.018384e-08
3585 2.802573e-05 1.014897e-08
3586 2.802503e-05 1.011422e-08
3587 2.802433e-05 1.007958e-08
3588 2.802363e-05 1.004507e-08
3589 2.802294e-05 1.001067e-08
3590 2.802225e-05 9.976393e-09
