# step err_l2 res_l2
0 2.463645e-01 1.000000e+00
1 2.396551e-01 8.854720e-01
2 2.346999e-01 3.779318e-01
3 2.316821e-01 2.093909e-01
4 2.293426e-01 1.710119e-01
5 2.272740e-01 1.432330e-01
6 2.254288e-01 1.239630e-01
7 2.237512e-01 1.104137e-01
8 2.222007e-01 9.987675e-02
9 2.207540e-01 9.136339e-02
10 2.193938e-01 8.437741e-02
11 2.181071e-01 7.851886e-02
12 2.168838e-01 7.352130e-02
13 2.157158e-01 6.920266e-02
14 2.145970e-01 6.542821e-02
15 2.135219e-01 6.209703e-02
16 2.124861e-01 5.913236e-02
17 2.114861e-01 5.647447e-02
18 2.105186e-01 5.407617e-02
19 2.095810e-01 5.189965e-02
20 2.086708e-01 4.991425e-02
21 2.077861e-01 4.809480e-02
22 2.069249e-01 4.642046e-02
23 2.060858e-01 4.487381e-02
24 2.052672e-01 4.344015e-02
25 2.044679e-01 4.210700e-02
26 2.036867e-01 4.086370e-02
27 2.029226e-01 3.970106e-02
28 2.021746e-01 3.861114e-02
29 2.014419e-01 3.758702e-02
30 2.007237e-01 3.662265e-02
31 2.000192e-01 3.571273e-02
32 1.993278e-01 3.485255e-02
33 1.986488e-01 3.403798e-02
34 1.979818e-01 3.326530e-02
35 1.973262e-01 3.253122e-02
36 1.966814e-01 3.183280e-02
37 1.960471e-01 3.116737e-02
38 1.954228e-01 3.053254e-02
39 1.948082e-01 2.992616e-02
40 1.942028e-01 2.934626e-02
41 1.936062e-01 2.879107e-02
42 1.930183e-01 2.825896e-02
43 1.924387e-01 2.774847e-02
44 1.918670e-01 2.725823e-02
45 1.913030e-01 2.678701e-02
46 1.907465e-01 2.633367e-02
47 1.901972e-01 2.589717e-02
48 1.896549e-01 2.547654e-02
49 1.891193e-01 2.507088e-02
50 1.885903e-01 2.467939e-02
51 1.880677e-01 2.430128e-02
52 1.875512e-01 2.393585e-02
53 1.870407e-01 2.358245e-02
54 1.865361e-01 2.324047e-02
55 1.860371e-01 2.290932e-02
56 1.855436e-01 2.258848e-02
57 1.850555e-01 2.227746e-02
58 1.845726e-01 2.197578e-02
59 1.840947e-01 2.168302e-02
60 1.836219e-01 2.139876e-02
61 1.831538e-01 2.112262e-02
62 1.826905e-01 2.085424e-02
63 1.822317e-01 2.059328e-02
64 1.817775e-01 2.033943e-02
65 1.813276e-01 2.009237e-02
66 1.808820e-01 1.985184e-02
67 1.804406e-01 1.961756e-02
68 1.800032e-01 1.938928e-02
69 1.795699e-01 1.916676e-02
70 1.791405e-01 1.894977e-02
71 1.787149e-01 1.873811e-02
72 1.782930e-01 1.853156e-02
73 1.778748e-01 1.832994e-02
74 1.774602e-01 1.813306e-02
75 1.770492e-01 1.794075e-02
76 1.766415e-01 1.775284e-02
77 1.762373e-01 1.756918e-02
78 1.758363e-01 1.738961e-02
79 1.754387e-01 1.721400e-02
80 1.750441e-01 1.704221e-02
81 1.746528e-01 1.687411e-02
82 1.742645e-01 1.670958e-02
83 1.738792e-01 1.654849e-02
84 1.734968e-01 1.639073e-02
85 1.731174e-01 1.623621e-02
86 1.727408e-01 1.608481e-02
87 1.723670e-01 1.593643e-02
88 1.719960e-01 1.579099e-02
89 1.716276e-01 1.564839e-02
90 1.712620e-01 1.550854e-02
91 1.708989e-01 1.537136e-02
92 1.705385e-01 1.523678e-02
93 1.701805e-01 1.510471e-02
94 1.698251e-01 1.497508e-02
95 1.694720e-01 1.484782e-02
96 1.691214e-01 1.472287e-02
97 1.687732e-01 1.460016e-02
98 1.684273e-01 1.447962e-02
99 1.680837e-01 1.436119e-02
100 1.677424e-01 1.424483e-02
101 1.674033e-01 1.413046e-02
102 1.670664e-01 1.401805e-02
103 1.667317e-01 1.390753e-02
104 1.663991e-01 1.379885e-02
105 1.660686e-01 1.369197e-02
106 1.657401e-01 1.358685e-02
107 1.654137e-01 1.348343e-02
108 1.650894e-01 1.338167e-02
109 1.647670e-01 1.328153e-02
110 1.644465e-01 1.318298e-02
111 1.641280e-01 1.308597e-02
112 1.638114e-01 1.299046e-02
113 1.634967e-01 1.289641e-02
114 1.631838e-01 1.280380e-02
115 1.628727e-01 1.271259e-02
116 1.625635e-01 1.262274e-02
117 1.622560e-01 1.253423e-02
118 1.619503e-01 1.244702e-02
119 1.616463e-01 1.236108e-02
120 1.613441e-01 1.227638e-02
121 1.610435e-01 1.219290e-02
122 1.607446e-01 1.211060e-02
123 1.604473e-01 1.202947e-02
124 1.601517e-01 1.194947e-02
125 1.598576e-01 1.187058e-02
126 1.595652e-01 1.179278e-02
127 1.592743e-01 1.171604e-02
128 1.589850e-01 1.164034e-02
129 1.586972e-01 1.156566e-02
130 1.584110e-01 1.149198e-02
131 1.581262e-01 1.141927e-02
132 1.578429e-01 1.134752e-02
133 1.575611e-01 1.127670e-02
134 1.572807e-01 1.120680e-02
135 1.570017e-01 1.113780e-02
136 1.567241e-01 1.106967e-02
137 1.564480e-01 1.100241e-02
138 1.561732e-01 1.093600e-02
139 1.558998e-01 1.087041e-02
140 1.556277e-01 1.080564e-02
141 1.553570e-01 1.074166e-02
142 1.550876e-01 1.067847e-02
143 1.548195e-01 1.061604e-02
144 1.545527e-01 1.055436e-02
145 1.542872e-01 1.049342e-02
146 1.540229e-01 1.043321e-02
147 1.537599e-01 1.037370e-02
148 1.534982e-01 1.031489e-02
149 1.532376e-01 1.025677e-02
150 1.529783e-01 1.019932e-02
151 1.527202e-01 1.014252e-02
152 1.524633e-01 1.008638e-02
153 1.522075e-01 1.003087e-02
154 1.519529e-01 9.975985e-03
155 1.516995e-01 9.921715e-03
156 1.514472e-01 9.868048e-03
157 1.511960e-01 9.814973e-03
158 1.509460e-01 9.762481e-03
159 1.506970e-01 9.710561e-03
160 1.504492e-01 9.659203e-03
161 1.502025e-01 9.608399e-03
162 1.499568e-01 9.558137e-03
163 1.497122e-01 9.508411e-03
164 1.494687e-01 9.459210e-03
165 1.492262e-01 9.410525e-03
166 1.489847e-01 9.362349e-03
167 1.487443e-01 9.314673e-03
168 1.485049e-01 9.267489e-03
169 1.482665e-01 9.220789e-03
170 1.480291e-01 9.174564e-03
171 1.477927e-01 9.128809e-03
172 1.475573e-01 9.083514e-03
173 1.473228e-01 9.038673e-03
174 1.470893e-01 8.994278e-03
175 1.468568e-01 8.950324e-03
176 1.466252e-01 8.906802e-03
177 1.463946e-01 8.863706e-03
178 1.461648e-01 8.821029e-03
179 1.459361e-01 8.778766e-03
180 1.457082e-01 8.736910e-03
181 1.454812e-01 8.695454e-03
182 1.452552e-01 8.654393e-03
183 1.450300e-01 8.613721e-03
184 1.448057e-01 8.573432e-03
185 1.445823e-01 8.533520e-03
186 1.443597e-01 8.493980e-03
187 1.441381e-01 8.454806e-03
188 1.439172e-01 8.415994e-03
189 1.436973e-01 8.377537e-03
190 1.434781e-01 8.339431e-03
191 1.432598e-01 8.301671e-03
192 1.430424e-01 8.264251e-03
193 1.428257e-01 8.227168e-03
194 1.426099e-01 8.190415e-03
195 1.423948e-01 8.153989e-03
196 1.421806e-01 8.117886e-03
197 1.419672e-01 8.082099e-03
198 1.417545e-01 8.046626e-03
199 1.415427e-01 8.011462e-03
200 1.413316e-01 7.976603e-03
201 1.411213e-01 7.942044e-03
202 1.409117e-01 7.907781e-03
203 1.407029e-01 7.873811e-03
204 1.404949e-01 7.840129e-03
205 1.402876e-01 7.806732e-03
206 1.400811e-01 7.773616e-03
207 1.398752e-01 7.740778e-03
208 1.396702e-01 7.708212e-03
209 1.394658e-01 7.675917e-03
210 1.392622e-01 7.643888e-03
211 1.390592e-01 7.612123e-03
212 1.388570e-01 7.580617e-03
213 1.386555e-01 7.549367e-03
214 1.384547e-01 7.518370e-03
215 1.382546e-01 7.487623e-03
216 1.380551e-01 7.457123e-03
217 1.378564e-01 7.426866e-03
218 1.376583e-01 7.396850e-03
219 1.374609e-01 7.367072e-03
220 1.372642e-01 7.337528e-03
221 1.370681e-01 7.308215e-03
222 1.368727e-01 7.279132e-03
223 1.366780e-01 7.250274e-03
224 1.364839e-01 7.221640e-03
225 1.362904e-01 7.193227e-03
226 1.360976e-01 7.165031e-03
227 1.359054e-01 7.137050e-03
228 1.357139e-01 7.109283e-03
229 1.355229e-01 7.081725e-03
230 1.353327e-01 7.054375e-03
231 1.351430e-01 7.027230e-03
232 1.349539e-01 7.000288e-03
233 1.347655e-01 6.973547e-03
234 1.345776e-01 6.947004e-03
235 1.343904e-01 6.920656e-03
236 1.342037e-01 6.894502e-03
237 1.340177e-01 6.868539e-03
238 1.338322e-01 6.842766e-03
239 1.336473e-01 6.817179e-03
240 1.334630e-01 6.791777e-03
241 1.332793e-01 6.766558e-03
242 1.330962e-01 6.741520e-03
243 1.329136e-01 6.716660e-03
244 1.327316e-01 6.691977e-03
245 1.325502e-01 6.667469e-03
246 1.323693e-01 6.643133e-03
247 1.321890e-01 6.618968e-03
248 1.320092e-01 6.594973e-03
249 1.318300e-01 6.571144e-03
250 1.316514e-01 6.547481e-03
251 1.314732e-01 6.523981e-03
252 1.312956e-01 6.500643e-03
253 1.311186e-01 6.477465e-03
254 1.309421e-01 6.454445e-03
255 1.307661e-01 6.431582e-03
256 1.305906e-01 6.408874e-03
257 1.304157e-01 6.386319e-03
258 1.302412e-01 6.363915e-03
259 1.300673e-01 6.341662e-03
260 1.298939e-01 6.319557e-03
261 1.297210e-01 6.297600e-03
262 1.295487e-01 6.275787e-03
263 1.293768e-01 6.254119e-03
264 1.292054e-01 6.232593e-03
265 1.290345e-01 6.211208e-03
266 1.288642e-01 6.189963e-03
267 1.286943e-01 6.168855e-03
268 1.285249e-01 6.147885e-03
269 1.283559e-01 6.127050e-03
270 1.281875e-01 6.106348e-03
271 1.280195e-01 6.085780e-03
272 1.278521e-01 6.065342e-03
273 1.276851e-01 6.045035e-03
274 1.275185e-01 6.024856e-03
275 1.273525e-01 6.004805e-03
276 1.271869e-01 5.984880e-03
277 1.270217e-01 5.965080e-03
278 1.268571e-01 5.945404e-03
279 1.266928e-01 5.925850e-03
280 1.265291e-01 5.906417e-03
281 1.263658e-01 5.887105e-03
282 1.262029e-01 5.867912e-03
283 1.260405e-01 5.848836e-03
284 1.258785e-01 5.829878e-03
285 1.257170e-01 5.811035e-03
286 1.255559e-01 5.792306e-03
287 1.253953e-01 5.773691e-03
288 1.252351e-01 5.755188e-03
289 1.250753e-01 5.736797e-03
290 1.249159e-01 5.718516e-03
291 1.247570e-01 5.700344e-03
292 1.245985e-01 5.682280e-03
293 1.244404e-01 5.664324e-03
294 1.242828e-01 5.646474e-03
295 1.241255e-01 5.628729e-03
296 1.239687e-01 5.611089e-03
297 1.238123e-01 5.593551e-03
298 1.236563e-01 5.576117e-03
299 1.235007e-01 5.558784e-03
300 1.233456e-01 5.541551e-03
301 1.231908e-01 5.524418e-03
302 1.230364e-01 5.507384e-03
303 1.228824e-01 5.490448e-03
304 1.227289e-01 5.473609e-03
305 1.225757e-01 5.456866e-03
306 1.224229e-01 5.440218e-03
307 1.222705e-01 5.423665e-03
308 1.221185e-01 5.407205e-03
309 1.219669e-01 5.390839e-03
310 1.218157e-01 5.374564e-03
311 1.216648e-01 5.358381e-03
312 1.215144e-01 5.342288e-03
313 1.213643e-01 5.326285e-03
314 1.212146e-01 5.310371e-03
315 1.210652e-01 5.294545e-03
316 1.209163e-01 5.278806e-03
317 1.207677e-01 5.263154e-03
318 1.206195e-01 5.247588e-03
319 1.204717e-01 5.232107e-03
320 1.203242e-01 5.216711e-03
321 1.201771e-01 5.201398e-03
322 1.200303e-01 5.186168e-03
323 1.198839e-01 5.171021e-03
324 1.197379e-01 5.155956e-03
325 1.195922e-01 5.140971e-03
326 1.194469e-01 5.126067e-03
327 1.193019e-01 5.111243e-03
328 1.191573e-01 5.096497e-03
329 1.190130e-01 5.081830e-03
330 1.188691e-01 5.067241e-03
331 1.187255e-01 5.052729e-03
332 1.185823e-01 5.038294e-03
333 1.184394e-01 5.023934e-03
334 1.182969e-01 5.009650e-03
335 1.181547e-01 4.995440e-03
336 1.180128e-01 4.981305e-03
337 1.178713e-01 4.967243e-03
338 1.177301e-01 4.953253e-03
339 1.175892e-01 4.939337e-03
340 1.174487e-01 4.925492e-03
341 1.173085e-01 4.911718e-03
342 1.171686e-01 4.898015e-03
343 1.170290e-01 4.884382e-03
344 1.168898e-01 4.870819e-03
345 1.167509e-01 4.857324e-03
346 1.166123e-01 4.843898e-03
347 1.164741e-01 4.830541e-03
348 1.163361e-01 4.817250e-03
349 1.161985e-01 4.804027e-03
350 1.160612e-01 4.790870e-03
351 1.159242e-01 4.777779e-03
352 1.157875e-01 4.764753e-03
353 1.156512e-01 4.751792e-03
354 1.155151e-01 4.738896e-03
355 1.153793e-01 4.726064e-03
356 1.152439e-01 4.713295e-03
357 1.151087e-01 4.700589e-03
358 1.149739e-01 4.687946e-03
359 1.148394e-01 4.675365e-03
360 1.147051e-01 4.662845e-03
361 1.145712e-01 4.650387e-03
362 1.144376e-01 4.637989e-03
363 1.143042e-01 4.625652e-03
364 1.141712e-01 4.613375e-03
365 1.140384e-01 4.601157e-03
366 1.139060e-01 4.588998e-03
367 1.137738e-01 4.576897e-03
368 1.136419e-01 4.564855e-03
369 1.135103e-01 4.552870e-03
370 1.133790e-01 4.540943e-03
371 1.132480e-01 4.529073e-03
372 1.131173e-01 4.517259e-03
373 1.129869e-01 4.505501e-03
374 1.128567e-01 4.493799e-03
375 1.127268e-01 4.482152e-03
376 1.125972e-01 4.470561e-03
377 1.124679e-01 4.459023e-03
378 1.123388e-01 4.447540e-03
379 1.122101e-01 4.436111e-03
380 1.120816e-01 4.424735e-03
381 1.119533e-01 4.413412e-03
382 1.118254e-01 4.402142e-03
383 1.116977e-01 4.390925e-03
384 1.115703e-01 4.379759e-03
385 1.114432e-01 4.368645e-03
386 1.113163e-01 4.357582e-03
387 1.111897e-01 4.346570e-03
388 1.110633e-01 4.335608e-03
389 1.109373e-01 4.324697e-03
390 1.108114e-01 4.313836e-03
391 1.106859e-01 4.303024e-03
392 1.105606e-01 4.292262e-03
393 1.104356e-01 4.281548e-03
394 1.103108e-01 4.270883e-03
395 1.101863e-01 4.260266e-03
396 1.100620e-01 4.249698e-03
397 1.099380e-01 4.239176e-03
398 1.098142e-01 4.228703e-03
399 1.096907e-01 4.218276e-03
400 1.095675e-01 4.207896e-03
401 1.094445e-01 4.197562e-03
402 1.093217e-01 4.187274e-03
403 1.091992e-01 4.177032e-03
404 1.090770e-01 4.166836e-03
405 1.089550e-01 4.156685e-03
406 1.088332e-01 4.146579e-03
407 1.087117e-01 4.136517e-03
408 1.085904e-01 4.126500e-03
409 1.084694e-01 4.116527e-03
410 1.083486e-01 4.106597e-03
411 1.082281e-01 4.096711e-03
412 1.081078e-01 4.086869e-03
413 1.079877e-01 4.077069e-03
414 1.078679e-01 4.067312e-03
415 1.077483e-01 4.057598e-03
416 1.076289e-01 4.047925e-03
417 1.075098e-01 4.038295e-03
418 1.073909e-01 4.028706e-03
419 1.072722e-01 4.019158e-03
420 1.071538e-01 4.009652e-03
421 1.070356e-01 4.000187e-03
422 1.069176e-01 3.990762e-03
423 1.067999e-01 3.981377e-03
424 1.066823e-01 3.972033e-03
425 1.065650e-01 3.962728e-03
426 1.064480e-01 3.953464e-03
427 1.063311e-01 3.944238e-03
428 1.062145e-01 3.935052e-03
429 1.060981e-01 3.925905e-03
430 1.059820e-01 3.916796e-03
431 1.058660e-01 3.907726e-03
432 1.057503e-01 3.898694e-03
433 1.056348e-01 3.889700e-03
434 1.055195e-01 3.880744e-03
435 1.054044e-01 3.871826e-03
436 1.052896e-01 3.862945e-03
437 1.051749e-01 3.854101e-03
438 1.050605e-01 3.845293e-03
439 1.049463e-01 3.836523e-03
440 1.048323e-01 3.827789e-03
441 1.047185e-01 3.819091e-03
442 1.046050e-01 3.810429e-03
443 1.044916e-01 3.801804e-03
444 1.043785e-01 3.793213e-03
445 1.042655e-01 3.784658e-03
446 1.041528e-01 3.776139e-03
447 1.040403e-01 3.767654e-03
448 1.039280e-01 3.759204e-03
449 1.038158e-01 3.750789e-03
450 1.037039e-01 3.742408e-03
451 1.035922e-01 3.734062e-03
452 1.034807e-01 3.725749e-03
453 1.033694e-01 3.717471e-03
454 1.032584e-01 3.709226e-03
455 1.031475e-01 3.701014e-03
456 1.030368e-01 3.692836e-03
457 1.029263e-01 3.684690e-03
458 1.028160e-01 3.676578e-03
459 1.027059e-01 3.668498e-03
460 1.025960e-01 3.660451e-03
461 1.024863e-01 3.652437e-03
462 1.023768e-01 3.644454e-03
463 1.022675e-01 3.636503e-03
464 1.021584e-01 3.628584e-03
465 1.020495e-01 3.620697e-03
466 1.019407e-01 3.612841e-03
467 1.018322e-01 3.605017e-03
468 1.017239e-01 3.597224e-03
469 1.016157e-01 3.589461e-03
470 1.015078e-01 3.581730e-03
471 1.014000e-01 3.574029e-03
472 1.012924e-01 3.566358e-03
473 1.011850e-01 3.558718e-03
474 1.010778e-01 3.551107e-03
475 1.009708e-01 3.543527e-03
476 1.008640e-01 3.535977e-03
477 1.007573e-01 3.528456e-03
478 1.006509e-01 3.520964e-03
479 1.005446e-01 3.513502e-03
480 1.004385e-01 3.506069e-03
481 1.003326e-01 3.498665e-03
482 1.002268e-01 3.491290e-03
483 1.001213e-01 3.483944e-03
484 1.000159e-01 3.476626e-03
485 9.991073e-02 3.469337e-03
486 9.980572e-02 3.462075e-03
487 9.970089e-02 3.454842e-03
488 9.959624e-02 3.447637e-03
489 9.949176e-02 3.440459e-03
490 9.938746e-02 3.433310e-03
491 9.928334e-02 3.426187e-03
492 9.917940e-02 3.419092e-03
493 9.907562e-02 3.412025e-03
494 9.897203e-02 3.404984e-03
495 9.886860e-02 3.397970e-03
496 9.876535e-02 3.390983e-03
497 9.866228e-02 3.384023e-03
498 9.855937e-02 3.377089e-03
499 9.845663e-02 3.370182e-03
500 9.835407e-02 3.363301e-03
501 9.825168e-02 3.356446e-03
502 9.814945e-02 3.349617e-03
503 9.804739e-02 3.342813e-03
504 9.794551e-02 3.336036e-03
505 9.784379e-02 3.329284e-03
506 9.774223e-02 3.322557e-03
507 9.764085e-02 3.315856e-03
508 9.753963e-02 3.309180e-03
509 9.743857e-02 3.302529e-03
510 9.733768e-02 3.295903e-03
511 9.723695e-02 3.289302e-03
512 9.713639e-02 3.282725e-03
513 9.703599e-02 3.276173e-03
514 9.693575e-02 3.269646e-03
515 9.683568e-02 3.263143e-03
516 9.673576e-02 3.256664e-03
517 9.663601e-02 3.250209e-03
518 9.653642e-02 3.243778e-03
519 9.643698e-02 3.237370e-03
520 9.633771e-02 3.230987e-03
521 9.623859e-02 3.224627e-03
522 9.613964e-02 3.218290e-03
523 9.604084e-02 3.211977e-03
524 9.594219e-02 3.205687e-03
525 9.584371e-02 3.199421e-03
526 9.574538e-02 3.193177e-03
527 9.564720e-02 3.186956e-03
528 9.554918e-02 3.180758e-03
529 9.545132e-02 3.174583e-03
530 9.535360e-02 3.168430e-03
531 9.525605e-02 3.162300e-03
532 9.515864e-02 3.156191e-03
533 9.506139e-02 3.150106e-03
534 9.496429e-02 3.144042e-03
535 9.486734e-02 3.138000e-03
536 9.477054e-02 3.131980e-03
537 9.467389e-02 3.125982e-03
538 9.457739e-02 3.120006e-03
539 9.448104e-02 3.114051e-03
540 9.438484e-02 3.108118e-03
541 9.428879e-02 3.102206e-03
542 9.419288e-02 3.096316e-03
543 9.409713e-02 3.090446e-03
544 9.400152e-02 3.084598e-03
545 9.390606e-02 3.078771e-03
546 9.381074e-02 3.072964e-03
547 9.371557e-02 3.067178e-03
548 9.362054e-02 3.061413e-03
549 9.352566e-02 3.055669e-03
550 9.343092e-02 3.049945e-03
551 9.333633e-02 3.044241e-03
552 9.324187e-02 3.038558e-03
553 9.314757e-02 3.032894e-03
554 9.305340e-02 3.027251e-03
555 9.295938e-02 3.021628e-03
556 9.286549e-02 3.016025e-03
557 9.277175e-02 3.010441e-03
558 9.267815e-02 3.004877e-03
559 9.258469e-02 2.999333e-03
560 9.249137e-02 2.993809e-03
561 9.239819e-02 2.988303e-03
562 9.230514e-02 2.982817e-03
563 9.221224e-02 2.977351e-03
564 9.211947e-02 2.971903e-03
565 9.202684e-02 2.966475e-03
566 9.193435e-02 2.961065e-03
567 9.184199e-02 2.955674e-03
568 9.174977e-02 2.950302e-03
569 9.165769e-02 2.944949e-03
570 9.156574e-02 2.939615e-03
571 9.147392e-02 2.934299e-03
572 9.138224e-02 2.929001e-03
573 9.129070e-02 2.923722e-03
574 9.119928e-02 2.918461e-03
575 9.110801e-02 2.913218e-03
576 9.101686e-02 2.907993e-03
577 9.092585e-02 2.902787e-03
578 9.083496e-02 2.897598e-03
579 9.074421e-02 2.892427e-03
580 9.065360e-02 2.887274e-03
581 9.056311e-02 2.882138e-03
582 9.047275e-02 2.877020e-03
583 9.038252e-02 2.871920e-03
584 9.029242e-02 2.866837e-03
585 9.020246e-02 2.861771e-03
586 9.011262e-02 2.856723e-03
587 9.002291e-02 2.851692e-03
588 8.993332e-02 2.846678e-03
589 8.984387e-02 2.841681e-03
590 8.975454e-02 2.836700e-03
591 8.966534e-02 2.831737e-03
592 8.957626e-02 2.826791e-03
593 8.948731e-02 2.821861e-03
594 8.939849e-02 2.816948e-03
595 8.930980e-02 2.812052e-03
596 8.922122e-02 2.807172e-03
597 8.913278e-02 2.802308e-03
598 8.904445e-02 2.797461e-03
599 8.895625e-02 2.792630e-03
600 8.886818e-02 2.787815e-03
601 8.878023e-02 2.783017e-03
602 8.869240e-02 2.778234e-03
603 8.860469e-02 2.773467e-03
604 8.851711e-02 2.768717e-03
605 8.842965e-02 2.763982e-03
606 8.834230e-02 2.759263e-03
607 8.825508e-02 2.754559e-03
608 8.816799e-02 2.749871e-03
609 8.808101e-02 2.745199e-03
610 8.799415e-02 2.740542e-03
611 8.790741e-02 2.735900e-03
612 8.782079e-02 2.731274e-03
613 8.773429e-02 2.726663e-03
614 8.764791e-02 2.722068e-03
615 8.756165e-02 2.717487e-03
616 8.747550e-02 2.712922e-03
617 8.738947e-02 2.708371e-03
618 8.730356e-02 2.703835e-03
619 8.721777e-02 2.699315e-03
620 8.713210e-02 2.694809e-03
621 8.704654e-02 2.690317e-03
622 8.696109e-02 2.685841e-03
623 8.687576e-02 2.681378e-03
624 8.679055e-02 2.676931e-03
625 8.670546e-02 2.672498e-03
626 8.662047e-02 2.668079e-03
627 8.653560e-02 2.663675e-03
628 8.645085e-02 2.659284e-03
629 8.636621e-02 2.654908e-03
630 8.628168e-02 2.650547e-03
631 8.619727e-02 2.646199e-03
632 8.611297e-02 2.641865e-03
633 8.602878e-02 2.637545e-03
634 8.594471e-02 2.633239e-03
635 8.586075e-02 2.628947e-03
636 8.577689e-02 2.624669e-03
637 8.569315e-02 2.620404e-03
638 8.560952e-02 2.616153e-03
639 8.552601e-02 2.611915e-03
640 8.544260e-02 2.607691e-03
641 8.535930e-02 2.603481e-03
642 8.527611e-02 2.599284e-03
643 8.519303e-02 2.595100e-03
644 8.511006e-02 2.590929e-03
645 8.502721e-02 2.586772e-03
646 8.494445e-02 2.582627e-03
647 8.486181e-02 2.578496e-03
648 8.477928e-02 2.574378e-03
649 8.469685e-02 2.570273e-03
650 8.461453e-02 2.566181e-03
651 8.453232e-02 2.562101e-03
652 8.445021e-02 2.558035e-03
653 8.436821e-02 2.553981e-03
654 8.428632e-02 2.549940e-03
655 8.420454e-02 2.545911e-03
656 8.412286e-02 2.541896e-03
657 8.404128e-02 2.537892e-03
658 8.395981e-02 2.533901e-03
659 8.387845e-02 2.529923e-03
660 8.379719e-02 2.525956e-03
661 8.371604e-02 2.522003e-03
662 8.363499e-02 2.518061e-03
663 8.355404e-02 2.514131e-03
664 8.347320e-02 2.510214e-03
665 8.339246e-02 2.506309e-03
666 8.331182e-02 2.502416e-03
667 8.323129e-02 2.498534e-03
668 8.315086e-02 2.494665e-03
669 8.307053e-02 2.490808e-03
670 8.299030e-02 2.486962e-03
671 8.291018e-02 2.483128e-03
672 8.283016e-02 2.479306e-03
673 8.275024e-02 2.475496e-03
674 8.267042e-02 2.471697e-03
675 8.259070e-02 2.467910e-03
676 8.251108e-02 2.464134e-03
677 8.243156e-02 2.460369e-03
678 8.235214e-02 2.456616e-03
679 8.227282e-02 2.452875e-03
680 8.219360e-02 2.449145e-03
681 8.211448e-02 2.445426e-03
682 8.203546e-02 2.441718e-03
683 8.195654e-02 2.438021e-03
684 8.187772e-02 2.434336e-03
685 8.179899e-02 2.430661e-03
686 8.172037e-02 2.426998e-03
687 8.164184e-02 2.423345e-03
688 8.156341e-02 2.419704e-03
689 8.148507e-02 2.416073e-03
690 8.140684e-02 2.412453e-03
691 8.132870e-02 2.408844e-03
692 8.125065e-02 2.405246e-03
693 8.117271e-02 2.401658e-03
694 8.109486e-02 2.398081e-03
695 8.101710e-02 2.394515e-03
696 8.093945e-02 2.390959e-03
697 8.086188e-02 2.387413e-03
698 8.078441e-02 2.383878e-03
699 8.070704e-02 2.380354e-03
700 8.062976e-02 2.376839e-03
701 8.055258e-02 2.373336e-03
702 8.047549e-02 2.369842e-03
703 8.039850e-02 2.366358e-03
704 8.032160e-02 2.362885e-03
705 8.024479e-02 2.359422e-03
706 8.016807e-02 2.355969e-03
707 8.009145e-02 2.352526e-03
708 8.001493e-02 2.349093e-03
709 7.993849e-02 2.345670e-03
710 7.986215e-02 2.342257e-03
711 7.978590e-02 2.338854e-03
712 7.970974e-02 2.335461e-03
713 7.963368e-02 2.332077e-03
714 7.955770e-02 2.328703e-03
715 7.948182e-02 2.325339e-03
716 7.940603e-02 2.321984e-03
717 7.933033e-02 2.318640e-03
718 7.925472e-02 2.315304e-03
719 7.917920e-02 2.311979e-03
720 7.910378e-02 2.308662e-03
721 7.902844e-02 2.305355e-03
722 7.895319e-02 2.302058e-03
723 7.887803e-02 2.298770e-03
724 7.880297e-02 2.295491e-03
725 7.872799e-02 2.292222e-03
726 7.865310e-02 2.288962e-03
727 7.857830e-02 2.285711e-03
728 7.850359e-02 2.282469e-03
729 7.842897e-02 2.279236e-03
730 7.835443e-02 2.276013e-03
731 7.827999e-02 2.272798e-03
732 7.820563e-02 2.269593e-03
733 7.813136e-02 2.266396e-03
734 7.805717e-02 2.263209e-03
735 7.798308e-02 2.260030e-03
736 7.790907e-02 2.256860e-03
737 7.783515e-02 2.253699e-03
738 7.776132e-02 2.250547e-03
739 7.768757e-02 2.247404e-03
740 7.761391e-02 2.244269e-03
741 7.754034e-02 2.241143e-03
742 7.746685e-02 2.238025e-03
743 7.739345e-02 2.234916e-03
744 7.732013e-02 2.231816e-03
745 7.724690e-02 2.228724e-03
746 7.717375e-02 2.225641e-03
747 7.710069e-02 2.222566e-03
748 7.702772e-02 2.219500e-03
749 7.695483e-02 2.216442e-03
750 7.688202e-02 2.213392e-03
751 7.680930e-02 2.210350e-03
752 7.673666e-02 2.207317e-03
753 7.666411e-02 2.204292e-03
754 7.659164e-02 2.201276e-03
755 7.651925e-02 2.198267e-03
756 7.644695e-02 2.195267e-03
757 7.637473e-02 2.192274e-03
758 7.630260e-02 2.189290e-03
759 7.623055e-02 2.186314e-03
760 7.615858e-02 2.183346e-03
761 7.608669e-02 2.180385e-03
762 7.601488e-02 2.177433e-03
763 7.594316e-02 2.174489e-03
764 7.587152e-02 2.171552e-03
765 7.579996e-02 2.168623e-03
766 7.572849e-02 2.165702e-03
767 7.565709e-02 2.162789e-03
768 7.558578e-02 2.159883e-03
769 7.551455e-02 2.156985e-03
770 7.544340e-02 2.154095e-03
771 7.537233e-02 2.151213e-03
772 7.530134e-02 2.148338e-03
773 7.523043e-02 2.145470e-03
774 7.515960e-02 2.142610e-03
775 7.508885e-02 2.139758e-03
776 7.501819e-02 2.136913e-03
777 7.494760e-02 2.134076e-03
778 7.487709e-02 2.131245e-03
779 7.480666e-02 2.128423e-03
780 7.473631e-02 2.125607e-03
781 7.466604e-02 2.122799e-03
782 7.459585e-02 2.119999e-03
783 7.452574e-02 2.117205e-03
784 7.445571e-02 2.114419e-03
785 7.438576e-02 2.111639e-03
786 7.431588e-02 2.108867e-03
787 7.424608e-02 2.106103e-03
788 7.417636e-02 2.103345e-03
789 7.410672e-02 2.100594e-03
790 7.403716e-02 2.097850e-03
791 7.396767e-02 2.095114e-03
792 7.389827e-02 2.092384e-03
793 7.382894e-02 2.089661e-03
794 7.375968e-02 2.086945e-03
795 7.369051e-02 2.084236e-03
796 7.362141e-02 2.081534e-03
797 7.355239e-02 2.078839e-03
798 7.348344e-02 2.076151e-03
799 7.341457e-02 2.073469e-03
800 7.334578e-02 2.070794e-03
801 7.327706e-02 2.068126e-03
802 7.320842e-02 2.065464e-03
803 7.313986e-02 2.062809e-03
804 7.307137e-02 2.060161e-03
805 7.300295e-02 2.057519e-03
806 7.293462e-02 2.054884e-03
807 7.286635e-02 2.052256e-03
808 7.279817e-02 2.049634e-03
809 7.273006e-02 2.047018e-03
810 7.266202e-02 2.044409e-03
811 7.259406e-02 2.041807e-03
812 7.252617e-02 2.039211e-03
813 7.245835e-02 2.036621e-03
814 7.239061e-02 2.034037e-03
815 7.232295e-02 2.031460e-03
816 7.225536e-02 2.028889e-03
817 7.218784e-02 2.026325e-03
818 7.212040e-02 2.023767e-03
819 7.205303e-02 2.021215e-03
820 7.198573e-02 2.018669e-03
821 7.191851e-02 2.016129e-03
822 7.185136e-02 2.013596e-03
823 7.178428e-02 2.011068e-03
824 7.171728e-02 2.008547e-03
825 7.165035e-02 2.006032e-03
826 7.158349e-02 2.003523e-03
827 7.151670e-02 2.001020e-03
828 7.144999e-02 1.998522e-03
829 7.138335e-02 1.996031e-03
830 7.131678e-02 1.993546e-03
831 7.125028e-02 1.991067e-03
832 7.118386e-02 1.988594e-03
833 7.111751e-02 1.986126e-03
834 7.105122e-02 1.983664e-03
835 7.098501e-02 1.981209e-03
836 7.091887e-02 1.978759e-03
837 7.085281e-02 1.976314e-03
838 7.078681e-02 1.973876e-03
839 7.072088e-02 1.971443e-03
840 7.065503e-02 1.969016e-03
841 7.058925e-02 1.966595e-03
842 7.052353e-02 1.964179e-03
843 7.045789e-02 1.961769e-03
844 7.039232e-02 1.959365e-03
845 7.032681e-02 1.956966e-03
846 7.026138e-02 1.954573e-03
847 7.019602e-02 1.952185e-03
848 7.013072e-02 1.949803e-03
849 7.006550e-02 1.947426e-03
850 7.000035e-02 1.945055e-03
851 6.993526e-02 1.942689e-03
852 6.987025e-02 1.940329e-03
853 6.980530e-02 1.937974e-03
854 6.974043e-02 1.935625e-03
855 6.967562e-02 1.933281e-03
856 6.961088e-02 1.930942e-03
857 6.954621e-02 1.928609e-03
858 6.948161e-02 1.926280e-03
859 6.941707e-02 1.923958e-03
860 6.935261e-02 1.921640e-03
861 6.928821e-02 1.919328e-03
862 6.922388e-02 1.917021e-03
863 6.915962e-02 1.914719e-03
864 6.909543e-02 1.912422e-03
865 6.903131e-02 1.910130e-03
866 6.896725e-02 1.907844e-03
867 6.890326e-02 1.905563e-03
868 6.883934e-02 1.903286e-03
869 6.877548e-02 1.901015e-03
870 6.871169e-02 1.898749e-03
871 6.864797e-02 1.896488e-03
872 6.858432e-02 1.894232e-03
873 6.852073e-02 1.891981e-03
874 6.845721e-02 1.889735e-03
875 6.839376e-02 1.887494e-03
876 6.833037e-02 1.885257e-03
877 6.826705e-02 1.883026e-03
878 6.820380e-02 1.880800e-03
879 6.814061e-02 1.878578e-03
880 6.807749e-02 1.876362e-03
881 6.801443e-02 1.874150e-03
882 6.795144e-02 1.871943e-03
883 6.788852e-02 1.869741e-03
884 6.782566e-02 1.867543e-03
885 6.776286e-02 1.865350e-03
886 6.770013e-02 1.863163e-03
887 6.763747e-02 1.860979e-03
888 6.757487e-02 1.858801e-03
889 6.751234e-02 1.856627e-03
890 6.744987e-02 1.854458e-03
891 6.738747e-02 1.852293e-03
892 6.732513e-02 1.850133e-03
893 6.726286e-02 1.847978e-03
894 6.720065e-02 1.845827e-03
895 6.713851e-02 1.843681e-03
896 6.707643e-02 1.841540e-03
897 6.701441e-02 1.839403e-03
898 6.695246e-02 1.837270e-03
899 6.689057e-02 1.835142e-03
900 6.682875e-02 1.833019e-03
901 6.676699e-02 1.830900e-03
902 6.670529e-02 1.828785e-03
903 6.664366e-02 1.826675e-03
904 6.658209e-02 1.824569e-03
905 6.652058e-02 1.822468e-03
906 6.645914e-02 1.820371e-03
907 6.639776e-02 1.818278e-03
908 6.633644e-02 1.816190e-03
909 6.627519e-02 1.814106e-03
910 6.621400e-02 1.812026e-03
911 6.615287e-02 1.809951e-03
912 6.609181e-02 1.807880e-03
913 6.603081e-02 1.805813e-03
914 6.596987e-02 1.803751e-03
915 6.590899e-02 1.801692e-03
916 6.584817e-02 1.799638e-03
917 6.578742e-02 1.797588e-03
918 6.572673e-02 1.795543e-03
919 6.566610e-02 1.793501e-03
920 6.560554e-02 1.791464e-03
921 6.554503e-02 1.789430e-03
922 6.548459e-02 1.787401e-03
923 6.542421e-02 1.785376e-03
924 6.536389e-02 1.783355e-03
925 6.530363e-02 1.781338e-03
926 6.524343e-02 1.779325e-03
927 6.518329e-02 1.777316e-03
928 6.512322e-02 1.775312e-03
929 6.506320e-02 1.773311e-03
930 6.500325e-02 1.771314e-03
931 6.494336e-02 1.769321e-03
932 6.488353e-02 1.767332e-03
933 6.482376e-02 1.765347e-03
934 6.476405e-02 1.763366e-03
935 6.470440e-02 1.761389e-03
936 6.464481e-02 1.759416e-03
937 6.458528e-02 1.757447e-03
938 6.452581e-02 1.755481e-03
939 6.446640e-02 1.753520e-03
940 6.440706e-02 1.751562e-03
941 6.434777e-02 1.749608e-03
942 6.428854e-02 1.747658e-03
943 6.422937e-02 1.745712e-03
944 6.417026e-02 1.743769e-03
945 6.411121e-02 1.741830e-03
946 6.405222e-02 1.739895e-03
947 6.399329e-02 1.737964e-03
948 6.393442e-02 1.736037e-03
949 6.387561e-02 1.734113e-03
950 6.381686e-02 1.732193e-03
951 6.375816e-02 1.730276e-03
952 6.369953e-02 1.728363e-03
953 6.364095e-02 1.726454e-03
954 6.358243e-02 1.724549e-03
955 6.352398e-02 1.722647e-03
956 6.346558e-02 1.720749e-03
957 6.340723e-02 1.718854e-03
958 6.334895e-02 1.716963e-03
959 6.329073e-02 1.715076e-03
960 6.323256e-02 1.713192e-03
961 6.317445e-02 1.711312e-03
962 6.311640e-02 1.709435e-03
963 6.305841e-02 1.707562e-03
964 6.300048e-02 1.705692e-03
965 6.294260e-02 1.703826e-03
966 6.288478e-02 1.701963e-03
967 6.282702e-02 1.700103e-03
968 6.276932e-02 1.698248e-03
969 6.271168e-02 1.696395e-03
970 6.265409e-02 1.694546e-03
971 6.259656e-02 1.692701e-03
972 6.253908e-02 1.690859e-03
973 6.248167e-02 1.689020e-03
974 6.242431e-02 1.687184e-03
975 6.236701e-02 1.685352e-03
976 6.230976e-02 1.683524e-03
977 6.225258e-02 1.681699e-03
978 6.219544e-02 1.679877e-03
979 6.213837e-02 1.678058e-03
980 6.208135e-02 1.676243e-03
981 6.202439e-02 1.674431e-03
982 6.196749e-02 1.672622e-03
983 6.191064e-02 1.670817e-03
984 6.185385e-02 1.669014e-03
985 6.179711e-02 1.667215e-03
986 6.174043e-02 1.665420e-03
987 6.168381e-02 1.663627e-03
988 6.162724e-02 1.661838e-03
989 6.157073e-02 1.660052e-03
990 6.151427e-02 1.658269e-03
991 6.145787e-02 1.656489e-03
992 6.140153e-02 1.654713e-03
993 6.134524e-02 1.652940e-03
994 6.128900e-02 1.651169e-03
995 6.123283e-02 1.649402e-03
996 6.117670e-02 1.647638e-03
997 6.112064e-02 1.645877e-03
998 6.106463e-02 1.644120e-03
999 6.100867e-02 1.642365e-03
1000 6.095277e-02 1.640614e-03
1001 6.089692e-02 1.638865e-03
1002 6.084113e-02 1.637120e-03
1003 6.078539e-02 1.635377e-03
1004 6.072971e-02 1.633638e-03
1005 6.067408e-02 1.631902e-03
1006 6.061851e-02 1.630168e-03
1007 6.056299e-02 1.628438e-03
1008 6.050753e-02 1.626711e-03
1009 6.045212e-02 1.624986e-03
1010 6.039676e-02 1.623265e-03
1011 6.034146e-02 1.621547e-03
1012 6.028622e-02 1.619831e-03
1013 6.023103e-02 1.618119e-03
1014 6.017589e-02 1.616409e-03
1015 6.012080e-02 1.614703e-03
1016 6.006577e-02 1.612999e-03
1017 6.001080e-02 1.611298e-03
1018 5.995587e-02 1.609600e-03
1019 5.990100e-02 1.607905e-03
1020 5.984619e-02 1.606213e-03
1021 5.979143e-02 1.604524e-03
1022 5.973672e-02 1.602837e-03
1023 5.968206e-02 1.601154e-03
1024 5.962746e-02 1.599473e-03
1025 5.957291e-02 1.597795e-03
1026 5.951842e-02 1.596120e-03
1027 5.946397e-02 1.594448e-03
1028 5.940958e-02 1.592778e-03
1029 5.935525e-02 1.591111e-03
1030 5.930096e-02 1.589447e-03
1031 5.924673e-02 1.587786e-03
1032 5.919256e-02 1.586128e-03
1033 5.913843e-02 1.584472e-03
1034 5.908436e-02 1.582819e-03
1035 5.903034e-02 1.581169e-03
1036 5.897637e-02 1.579521e-03
1037 5.892246e-02 1.577876e-03
1038 5.886859e-02 1.576234e-03
1039 5.881478e-02 1.574595e-03
1040 5.876103e-02 1.572958e-03
1041 5.870732e-02 1.571324e-03
1042 5.865367e-02 1.569693e-03
1043 5.860006e-02 1.568064e-03
1044 5.854651e-02 1.566438e-03
1045 5.849302e-02 1.564814e-03
1046 5.843957e-02 1.563194e-03
1047 5.838617e-02 1.561575e-03
1048 5.833283e-02 1.559960e-03
1049 5.827954e-02 1.558347e-03
1050 5.822630e-02 1.556736e-03
1051 5.817311e-02 1.555129e-03
1052 5.811998e-02 1.553523e-03
1053 5.806689e-02 1.551921e-03
1054 5.801386e-02 1.550321e-03
1055 5.796087e-02 1.548723e-03
1056 5.790794e-02 1.547128e-03
1057 5.785506e-02 1.545536e-03
1058 5.780223e-02 1.543946e-03
1059 5.774945e-02 1.542358e-03
1060 5.769673e-02 1.540773e-03
1061 5.764405e-02 1.539191e-03
1062 5.759142e-02 1.537611e-03
1063 5.753885e-02 1.536034e-03
1064 5.748632e-02 1.534459e-03
1065 5.743385e-02 1.532886e-03
1066 5.738142e-02 1.531316e-03
1067 5.732905e-02 1.529749e-03
1068 5.727673e-02 1.528183e-03
1069 5.722445e-02 1.526621e-03
1070 5.717223e-02 1.525061e-03
1071 5.712006e-02 1.523503e-03
1072 5.706794e-02 1.521947e-03
1073 5.701587e-02 1.520394e-03
1074 5.696384e-02 1.518844e-03
1075 5.691187e-02 1.517295e-03
1076 5.685995e-02 1.515750e-03
1077 5.680808e-02 1.514206e-03
1078 5.675626e-02 1.512665e-03
1079 5.670448e-02 1.511126e-03
1080 5.665276e-02 1.509590e-03
1081 5.660109e-02 1.508056e-03
1082 5.654946e-02 1.506524e-03
1083 5.649789e-02 1.504995e-03
1084 5.644636e-02 1.503468e-03
1085 5.639489e-02 1.501943e-03
1086 5.634346e-02 1.500421e-03
1087 5.629208e-02 1.498901e-03
1088 5.624075e-02 1.497383e-03
1089 5.618948e-02 1.495867e-03
1090 5.613825e-02 1.494354e-03
1091 5.608706e-02 1.492843e-03
1092 5.603593e-02 1.491335e-03
1093 5.598485e-02 1.489828e-03
1094 5.593381e-02 1.488324e-03
1095 5.588283e-02 1.486822e-03
1096 5.583189e-02 1.485322e-03
1097 5.578100e-02 1.483825e-03
1098 5.573016e-02 1.482330e-03
1099 5.567937e-02 1.480837e-03
1100 5.562863e-02 1.479346e-03
1101 5.557793e-02 1.477857e-03
1102 5.552729e-02 1.476371e-03
1103 5.547669e-02 1.474887e-03
1104 5.542614e-02 1.473405e-03
1105 5.537564e-02 1.471925e-03
1106 5.532518e-02 1.470447e-03
1107 5.527478e-02 1.468972e-03
1108 5.522442e-02 1.467498e-03
1109 5.517411e-02 1.466027e-03
1110 5.512385e-02 1.464558e-03
1111 5.507364e-02 1.463091e-03
1112 5.502347e-02 1.461626e-03
1113 5.497335e-02 1.460164e-03
1114 5.492328e-02 1.458703e-03
1115 5.487326e-02 1.457245e-03
1116 5.482328e-02 1.455789e-03
1117 5.477335e-02 1.454334e-03
1118 5.472347e-02 1.452882e-03
1119 5.467364e-02 1.451432e-03
1120 5.462385e-02 1.449984e-03
1121 5.457411e-02 1.448538e-03
1122 5.452442e-02 1.447095e-03
1123 5.447478e-02 1.445653e-03
1124 5.442518e-02 1.444213e-03
1125 5.437563e-02 1.442776e-03
1126 5.432613e-02 1.441340e-03
1127 5.427667e-02 1.439906e-03
1128 5.422726e-02 1.438475e-03
1129 5.417790e-02 1.437045e-03
1130 5.412858e-02 1.435618e-03
1131 5.407931e-02 1.434193e-03
1132 5.403009e-02 1.432769e-03
1133 5.398091e-02 1.431348e-03
1134 5.393178e-02 1.429928e-03
1135 5.388270e-02 1.428511e-03
1136 5.383366e-02 1.427095e-03
1137 5.378467e-02 1.425682e-03
1138 5.373573e-02 1.424270e-03
1139 5.368683e-02 1.422861e-03
1140 5.363798e-02 1.421453e-03
1141 5.358917e-02 1.420048e-03
1142 5.354041e-02 1.418644e-03
1143 5.349170e-02 1.417242e-03
1144 5.344303e-02 1.415843e-03
1145 5.339441e-02 1.414445e-03
1146 5.334584e-02 1.413049e-03
1147 5.329731e-02 1.411655e-03
1148 5.324882e-02 1.410263e-03
1149 5.320038e-02 1.408873e-03
1150 5.315199e-02 1.407485e-03
1151 5.310365e-02 1.406098e-03
1152 5.305534e-02 1.404714e-03
1153 5.300709e-02 1.403331e-03
1154 5.295888e-02 1.401951e-03
1155 5.291071e-02 1.400572e-03
1156 5.286259e-02 1.399195e-03
1157 5.281452e-02 1.397820e-03
1158 5.276649e-02 1.396447e-03
1159 5.271851e-02 1.395076e-03
1160 5.267057e-02 1.393706e-03
1161 5.262268e-02 1.392339e-03
1162 5.257483e-02 1.390973e-03
1163 5.252702e-02 1.389609e-03
1164 5.247927e-02 1.388247e-03
1165 5.243155e-02 1.386887e-03
1166 5.238388e-02 1.385529e-03
1167 5.233626e-02 1.384172e-03
1168 5.228868e-02 1.382817e-03
1169 5.224115e-02 1.381464e-03
1170 5.219366e-02 1.380113e-03
1171 5.214621e-02 1.378764e-03
1172 5.209881e-02 1.377416e-03
1173 5.205146e-02 1.376071e-03
1174 5.200414e-02 1.374727e-03
1175 5.195688e-02 1.373385e-03
1176 5.190965e-02 1.372044e-03
1177 5.186248e-02 1.370706e-03
1178 5.181534e-02 1.369369e-03
1179 5.176825e-02 1.368034e-03
1180 5.172121e-02 1.366700e-03
1181 5.167420e-02 1.365369e-03
1182 5.162725e-02 1.364039e-03
1183 5.158033e-02 1.362711e-03
1184 5.153346e-02 1.361385e-03
1185 5.148664e-02 1.360060e-03
1186 5.143986e-02 1.358737e-03
1187 5.139312e-02 1.357416e-03
1188 5.134642e-02 1.356096e-03
1189 5.129977e-02 1.354779e-03
1190 5.125317e-02 1.353463e-03
1191 5.120660e-02 1.352149e-03
1192 5.116008e-02 1.350836e-03
1193 5.111361e-02 1.349525e-03
1194 5.106718e-02 1.348216e-03
1195 5.102079e-02 1.346908e-03
1196 5.097444e-02 1.345603e-03
1197 5.092814e-02 1.344298e-03
1198 5.088188e-02 1.342996e-03
1199 5.083566e-02 1.341695e-03
1200 5.078949e-02 1.340396e-03
1201 5.074336e-02 1.339099e-03
1202 5.069727e-02 1.337803e-03
1203 5.065123e-02 1.336509e-03
1204 5.060523e-02 1.335216e-03
1205 5.055927e-02 1.333926e-03
1206 5.051336e-02 1.332636e-03
1207 5.046749e-02 1.331349e-03
1208 5.042166e-02 1.330063e-03
1209 5.037587e-02 1.328779e-03
1210 5.033013e-02 1.327496e-03
1211 5.028443e-02 1.326215e-03
1212 5.023877e-02 1.324936e-03
1213 5.019316e-02 1.323658e-03
1214 5.014758e-02 1.322382e-03
1215 5.010205e-02 1.321107e-03
1216 5.005656e-02 1.319834e-03
1217 5.001112e-02 1.318563e-03
1218 4.996572e-02 1.317293e-03
1219 4.992036e-02 1.316025e-03
1220 4.987504e-02 1.314758e-03
1221 4.982976e-02 1.313493e-03
1222 4.978453e-02 1.312230e-03
1223 4.973933e-02 1.310968e-03
1224 4.969418e-02 1.309708e-03
1225 4.964908e-02 1.308449e-03
1226 4.960401e-02 1.307192e-03
1227 4.955899e-02 1.305936e-03
1228 4.951400e-02 1.304682e-03
1229 4.946906e-02 1.303430e-03
1230 4.942417e-02 1.302179e-03
1231 4.937931e-02 1.300929e-03
1232 4.933449e-02 1.299681e-03
1233 4.928972e-02 1.298435e-03
1234 4.924499e-02 1.297190e-03
1235 4.920030e-02 1.295947e-03
1236 4.915565e-02 1.294705e-03
1237 4.911105e-02 1.293465e-03
1238 4.906648e-02 1.292227e-03
1239 4.902196e-02 1.290989e-03
1240 4.897747e-02 1.289754e-03
1241 4.893303e-02 1.288520e-03
1242 4.888863e-02 1.287287e-03
1243 4.884427e-02 1.286056e-03
1244 4.879996e-02 1.284826e-03
1245 4.875568e-02 1.283598e-03
1246 4.871144e-02 1.282371e-03
1247 4.866725e-02 1.281146e-03
1248 4.862310e-02 1.279923e-03
1249 4.857898e-02 1.278700e-03
1250 4.853491e-02 1.277480e-03
1251 4.849088e-02 1.276260e-03
1252 4.844689e-02 1.275043e-03
1253 4.840294e-02 1.273826e-03
1254 4.835904e-02 1.272611e-03
1255 4.831517e-02 1.271398e-03
1256 4.827134e-02 1.270186e-03
1257 4.822756e-02 1.268976e-03
1258 4.818381e-02 1.267767e-03
1259 4.814011e-02 1.266559e-03
1260 4.809644e-02 1.265353e-03
1261 4.805282e-02 1.264148e-03
1262 4.800924e-02 1.262945e-03
1263 4.796569e-02 1.261743e-03
1264 4.792219e-02 1.260543e-03
1265 4.787873e-02 1.259344e-03
1266 4.783531e-02 1.258146e-03
1267 4.779192e-02 1.256950e-03
1268 4.774858e-02 1.255755e-03
1269 4.770528e-02 1.254562e-03
1270 4.766202e-02 1.253370e-03
1271 4.761880e-02 1.252180e-03
1272 4.757562e-02 1.250991e-03
1273 4.753248e-02 1.249803e-03
1274 4.748937e-02 1.248617e-03
1275 4.744631e-02 1.247432e-03
1276 4.740329e-02 1.246248e-03
1277 4.736031e-02 1.245066e-03
1278 4.731737e-02 1.243886e-03
1279 4.727446e-02 1.242706e-03
1280 4.723160e-02 1.241528e-03
1281 4.718878e-02 1.240352e-03
1282 4.714599e-02 1.239177e-03
1283 4.710325e-02 1.238003e-03
1284 4.706055e-02 1.236830e-03
1285 4.701788e-02 1.235659e-03
1286 4.697525e-02 1.234489e-03
1287 4.693267e-02 1.233321e-03
1288 4.689012e-02 1.232154e-03
1289 4.684761e-02 1.230988e-03
1290 4.680515e-02 1.229824e-03
1291 4.676272e-02 1.228661e-03
1292 4.672033e-02 1.227500e-03
1293 4.667798e-02 1.226339e-03
1294 4.663566e-02 1.225180e-03
1295 4.659339e-02 1.224023e-03
1296 4.655116e-02 1.222866e-03
1297 4.650896e-02 1.221712e-03
1298 4.646681e-02 1.220558e-03
1299 4.642469e-02 1.219406e-03
1300 4.638261e-02 1.218255e-03
1301 4.634057e-02 1.217105e-03
1302 4.629857e-02 1.215957e-03
1303 4.625661e-02 1.214810e-03
1304 4.621469e-02 1.213664e-03
1305 4.617280e-02 1.212520e-03
1306 4.613096e-02 1.211377e-03
1307 4.608915e-02 1.210235e-03
1308 4.604738e-02 1.209094e-03
1309 4.600565e-02 1.207955e-03
1310 4.596396e-02 1.206817e-03
1311 4.592231e-02 1.205681e-03
1312 4.588070e-02 1.204545e-03
1313 4.583912e-02 1.203411e-03
1314 4.579758e-02 1.202279e-03
1315 4.575608e-02 1.201147e-03
1316 4.571462e-02 1.200017e-03
1317 4.567320e-02 1.198888e-03
1318 4.563181e-02 1.197761e-03
1319 4.559046e-02 1.196634e-03
1320 4.554916e-02 1.195509e-03
1321 4.550789e-02 1.194385e-03
1322 4.546665e-02 1.193263e-03
1323 4.542546e-02 1.192141e-03
1324 4.538430e-02 1.191021e-03
1325 4.534318e-02 1.189903e-03
1326 4.530210e-02 1.188785e-03
1327 4.526106e-02 1.187669e-03
1328 4.522005e-02 1.186554e-03
1329 4.517908e-02 1.185440e-03
1330 4.513815e-02 1.184328e-03
1331 4.509726e-02 1.183216e-03
1332 4.505641e-02 1.182106e-03
1333 4.501559e-02 1.180997e-03
1334 4.497481e-02 1.179890e-03
1335 4.493407e-02 1.178783e-03
1336 4.489336e-02 1.177678e-03
1337 4.485270e-02 1.176574e-03
1338 4.481207e-02 1.175472e-03
1339 4.477147e-02 1.174370e-03
1340 4.473092e-02 1.173270e-03
1341 4.469040e-02 1.172171e-03
1342 4.464992e-02 1.171073e-03
1343 4.460948e-02 1.169977e-03
1344 4.456907e-02 1.168881e-03
1345 4.452870e-02 1.167787e-03
1346 4.448837e-02 1.166694e-03
1347 4.444807e-02 1.165602e-03
1348 4.440782e-02 1.164512e-03
1349 4.436759e-02 1.163422e-03
1350 4.432741e-02 1.162334e-03
1351 4.428726e-02 1.161247e-03
1352 4.424715e-02 1.160162e-03
1353 4.420708e-02 1.159077e-03
1354 4.416704e-02 1.157994e-03
1355 4.412704e-02 1.156911e-03
1356 4.408708e-02 1.155830e-03
1357 4.404715e-02 1.154750e-03
1358 4.400726e-02 1.153672e-03
1359 4.396741e-02 1.152594e-03
1360 4.392759e-02 1.151518e-03
1361 4.388781e-02 1.150443e-03
1362 4.384807e-02 1.149369e-03
1363 4.380836e-02 1.148296e-03
1364 4.376869e-02 1.147224e-03
1365 4.372906e-02 1.146154e-03
1366 4.368946e-02 1.145084e-03
1367 4.364990e-02 1.144016e-03
1368 4.361037e-02 1.142949e-03
1369 4.357089e-02 1.141883e-03
1370 4.353143e-02 1.140819e-03
1371 4.349202e-02 1.139755e-03
1372 4.345264e-02 1.138693e-03
1373 4.341329e-02 1.137631e-03
1374 4.337398e-02 1.136571e-03
1375 4.333471e-02 1.135512e-03
1376 4.329548e-02 1.134454e-03
1377 4.325628e-02 1.133398e-03
1378 4.321711e-02 1.132342e-03
1379 4.317798e-02 1.131288e-03
1380 4.313889e-02 1.130234e-03
1381 4.309983e-02 1.129182e-03
1382 4.306081e-02 1.128131e-03
1383 4.302183e-02 1.127081e-03
1384 4.298288e-02 1.126032e-03
1385 4.294396e-02 1.124985e-03
1386 4.290509e-02 1.123938e-03
1387 4.286624e-02 1.122893e-03
1388 4.282744e-02 1.121848e-03
1389 4.278867e-02 1.120805e-03
1390 4.274993e-02 1.119763e-03
1391 4.271123e-02 1.118722e-03
1392 4.267257e-02 1.117682e-03
1393 4.263394e-02 1.116643e-03
1394 4.259534e-02 1.115606e-03
1395 4.255678e-02 1.114569e-03
1396 4.251826e-02 1.113534e-03
1397 4.247977e-02 1.112499e-03
1398 4.244132e-02 1.111466e-03
1399 4.240290e-02 1.110434e-03
1400 4.236452e-02 1.109403e-03
1401 4.232617e-02 1.108373e-03
1402 4.228786e-02 1.107344e-03
1403 4.224958e-02 1.106316e-03
1404 4.221134e-02 1.105289e-03
1405 4.217313e-02 1.104263e-03
1406 4.213496e-02 1.103239e-03
1407 4.209682e-02 1.102215e-03
1408 4.205872e-02 1.101193e-03
1409 4.202065e-02 1.100172e-03
1410 4.198262e-02 1.099151e-03
1411 4.194462e-02 1.098132e-03
1412 4.190666e-02 1.097114e-03
1413 4.186873e-02 1.096097e-03
1414 4.183084e-02 1.095081e-03
1415 4.179298e-02 1.094066e-03
1416 4.175516e-02 1.093052e-03
1417 4.171737e-02 1.092039e-03
1418 4.167961e-02 1.091027e-03
1419 4.164189e-02 1.090017e-03
1420 4.160420e-02 1.089007e-03
1421 4.156655e-02 1.087999e-03
1422 4.152893e-02 1.086991e-03
1423 4.149135e-02 1.085985e-03
1424 4.145380e-02 1.084979e-03
1425 4.141629e-02 1.083975e-03
1426 4.137881e-02 1.082971e-03
1427 4.134136e-02 1.081969e-03
1428 4.130395e-02 1.080968e-03
1429 4.126657e-02 1.079968e-03
1430 4.122923e-02 1.078968e-03
1431 4.119192e-02 1.077970e-03
1432 4.115465e-02 1.076973e-03
1433 4.111741e-02 1.075977e-03
1434 4.108020e-02 1.074982e-03
1435 4.104303e-02 1.073988e-03
1436 4.100589e-02 1.072995e-03
1437 4.096878e-02 1.072003e-03
1438 4.093171e-02 1.071012e-03
1439 4.089467e-02 1.070022e-03
1440 4.085767e-02 1.069033e-03
1441 4.082070e-02 1.068045e-03
1442 4.078376e-02 1.067058e-03
1443 4.074686e-02 1.066073e-03
1444 4.070999e-02 1.065088e-03
1445 4.067316e-02 1.064104e-03
1446 4.063636e-02 1.063121e-03
1447 4.059959e-02 1.062139e-03
1448 4.056286e-02 1.061159e-03
1449 4.052616e-02 1.060179e-03
1450 4.048949e-02 1.059200e-03
1451 4.045286e-02 1.058222e-03
1452 4.041626e-02 1.057245e-03
1453 4.037969e-02 1.056270e-03
1454 4.034316e-02 1.055295e-03
1455 4.030666e-02 1.054321e-03
1456 4.027019e-02 1.053348e-03
1457 4.023376e-02 1.052377e-03
1458 4.019736e-02 1.051406e-03
1459 4.016099e-02 1.050436e-03
1460 4.012465e-02 1.049467e-03
1461 4.008835e-02 1.048499e-03
1462 4.005209e-02 1.047532e-03
1463 4.001585e-02 1.046567e-03
1464 3.997965e-02 1.045602e-03
1465 3.994348e-02 1.044638e-03
1466 3.990735e-02 1.043675e-03
1467 3.987125e-02 1.042713e-03
1468 3.983518e-02 1.041752e-03
1469 3.979914e-02 1.040792e-03
1470 3.976314e-02 1.039833e-03
1471 3.972717e-02 1.038875e-03
1472 3.969123e-02 1.037918e-03
1473 3.965532e-02 1.036962e-03
1474 3.961945e-02 1.036007e-03
1475 3.958361e-02 1.035053e-03
1476 3.954780e-02 1.034099e-03
1477 3.951203e-02 1.033147e-03
1478 3.947629e-02 1.032196e-03
1479 3.944058e-02 1.031246e-03
1480 3.940490e-02 1.030296e-03
1481 3.936926e-02 1.029348e-03
1482 3.933364e-02 1.028401e-03
1483 3.929807e-02 1.027454e-03
1484 3.926252e-02 1.026509e-03
1485 3.922700e-02 1.025564e-03
1486 3.919152e-02 1.024620e-03
1487 3.915607e-02 1.023678e-03
1488 3.912066e-02 1.022736e-03
1489 3.908527e-02 1.021795e-03
1490 3.904992e-02 1.020855e-03
1491 3.901460e-02 1.019917e-03
1492 3.897931e-02 1.018979e-03
1493 3.894405e-02 1.018042e-03
1494 3.890883e-02 1.017106e-03
1495 3.887364e-02 1.016171e-03
1496 3.883848e-02 1.015236e-03
1497 3.880335e-02 1.014303e-03
1498 3.876825e-02 1.013371e-03
1499 3.873319e-02 1.012439e-03
1500 3.869816e-02 1.011509e-03
1501 3.866316e-02 1.010579e-03
1502 3.862819e-02 1.009651e-03
1503 3.859325e-02 1.008723e-03
1504 3.855835e-02 1.007797e-03
1505 3.852347e-02 1.006871e-03
1506 3.848863e-02 1.005946e-03
1507 3.845382e-02 1.005022e-03
1508 3.841905e-02 1.004099e-03
1509 3.838430e-02 1.003177e-03
1510 3.834959e-02 1.002256e-03
1511 3.831490e-02 1.001335e-03
1512 3.828025e-02 1.000416e-03
1513 3.824563e-02 9.994974e-04
1514 3.821104e-02 9.985799e-04
1515 3.817649e-02 9.976633e-04
1516 3.814196e-02 9.967476e-04
1517 3.810747e-02 9.958328e-04
1518 3.807301e-02 9.949189e-04
1519 3.803857e-02 9.940059e-04
1520 3.800418e-02 9.930938e-04
1521 3.796981e-02 9.921826e-04
1522 3.793547e-02 9.912723e-04
1523 3.790116e-02 9.903630e-04
1524 3.786689e-02 9.894545e-04
1525 3.783265e-02 9.885469e-04
1526 3.779843e-02 9.876402e-04
1527 3.776425e-02 9.867344e-04
1528 3.773010e-02 9.858296e-04
1529 3.769598e-02 9.849256e-04
1530 3.766190e-02 9.840225e-04
1531 3.762784e-02 9.831203e-04
1532 3.759381e-02 9.822189e-04
1533 3.755982e-02 9.813185e-04
1534 3.752585e-02 9.804190e-04
1535 3.749192e-02 9.795203e-04
1536 3.745802e-02 9.786225e-04
1537 3.742415e-02 9.777257e-04
1538 3.739031e-02 9.768297e-04
1539 3.735650e-02 9.759345e-04
1540 3.732272e-02 9.750403e-04
1541 3.728897e-02 9.741469e-04
1542 3.725525e-02 9.732544e-04
1543 3.722157e-02 9.723628e-04
1544 3.718791e-02 9.714721e-04
1545 3.715428e-02 9.705823e-04
1546 3.712069e-02 9.696933e-04
1547 3.708712e-02 9.688052e-04
1548 3.705359e-02 9.679179e-04
1549 3.702009e-02 9.670316e-04
1550 3.698661e-02 9.661461e-04
1551 3.695317e-02 9.652614e-04
1552 3.691976e-02 9.643777e-04
1553 3.688638e-02 9.634948e-04
1554 3.685302e-02 9.626127e-04
1555 3.681970e-02 9.617315e-04
1556 3.678641e-02 9.608512e-04
1557 3.675315e-02 9.599718e-04
1558 3.671992e-02 9.590932e-04
1559 3.668672e-02 9.582155e-04
1560 3.665355e-02 9.573386e-04
1561 3.662041e-02 9.564626e-04
1562 3.658730e-02 9.555874e-04
1563 3.655422e-02 9.547131e-04
1564 3.652117e-02 9.538396e-04
1565 3.648815e-02 9.529670e-04
1566 3.645516e-02 9.520952e-04
1567 3.642220e-02 9.512243e-04
1568 3.638927e-02 9.503543e-04
1569 3.635637e-02 9.494851e-04
1570 3.632350e-02 9.486167e-04
1571 3.629066e-02 9.477492e-04
1572 3.625785e-02 9.468825e-04
1573 3.622507e-02 9.460166e-04
1574 3.619232e-02 9.451516e-04
1575 3.615960e-02 9.442875e-04
1576 3.612691e-02 9.434242e-04
1577 3.609425e-02 9.425617e-04
1578 3.606162e-02 9.417001e-04
1579 3.602902e-02 9.408392e-04
1580 3.599644e-02 9.399793e-04
1581 3.596390e-02 9.391201e-04
1582 3.593139e-02 9.382618e-04
1583 3.589891e-02 9.374044e-04
1584 3.586645e-02 9.365477e-04
1585 3.583403e-02 9.356919e-04
1586 3.580163e-02 9.348369e-04
1587 3.576927e-02 9.339828e-04
1588 3.573693e-02 9.331294e-04
1589 3.570462e-02 9.322769e-04
1590 3.567234e-02 9.314253e-04
1591 3.564010e-02 9.305744e-04
1592 3.560788e-02 9.297244e-04
1593 3.557569e-02 9.288751e-04
1594 3.554353e-02 9.280267e-04
1595 3.551140e-02 9.271792e-04
1596 3.547929e-02 9.263324e-04
1597 3.544722e-02 9.254865e-04
1598 3.541518e-02 9.246413e-04
1599 3.538316e-02 9.237970e-04
1600 3.535118e-02 9.229535e-04
1601 3.531922e-02 9.221109e-04
1602 3.528729e-02 9.212690e-04
1603 3.525539e-02 9.204279e-04
1604 3.522352e-02 9.195877e-04
1605 3.519168e-02 9.187482e-04
1606 3.515987e-02 9.179096e-04
1607 3.512809e-02 9.170718e-04
1608 3.509633e-02 9.162347e-04
1609 3.506461e-02 9.153985e-04
1610 3.503291e-02 9.145631e-04
1611 3.500124e-02 9.137285e-04
1612 3.496960e-02 9.128947e-04
1613 3.493799e-02 9.120617e-04
1614 3.490641e-02 9.112295e-04
1615 3.487486e-02 9.103981e-04
1616 3.484333e-02 9.095674e-04
1617 3.481184e-02 9.087376e-04
1618 3.478037e-02 9.079086e-04
1619 3.474893e-02 9.070804e-04
1620 3.471752e-02 9.062530e-04
1621 3.468614e-02 9.054263e-04
1622 3.465479e-02 9.046005e-04
1623 3.462346e-02 9.037754e-04
1624 3.459217e-02 9.029511e-04
1625 3.456090e-02 9.021277e-04
1626 3.452966e-02 9.013050e-04
1627 3.449845e-02 9.004831e-04
1628 3.446727e-02 8.996620e-04
1629 3.443611e-02 8.988416e-04
1630 3.440499e-02 8.980221e-04
1631 3.437389e-02 8.972033e-04
1632 3.434282e-02 8.963853e-04
1633 3.431178e-02 8.955681e-04
1634 3.428077e-02 8.947517e-04
1635 3.424978e-02 8.939361e-04
1636 3.421882e-02 8.931212e-04
1637 3.418789e-02 8.923071e-04
1638 3.415699e-02 8.914938e-04
1639 3.412612e-02 8.906813e-04
1640 3.409528e-02 8.898695e-04
1641 3.406446e-02 8.890585e-04
1642 3.403367e-02 8.882483e-04
1643 3.400291e-02 8.874389e-04
1644 3.397218e-02 8.866302e-04
1645 3.394147e-02 8.858223e-04
1646 3.391079e-02 8.850152e-04
1647 3.388014e-02 8.842088e-04
1648 3.384952e-02 8.834032e-04
1649 3.381893e-02 8.825984e-04
1650 3.378836e-02 8.817943e-04
1651 3.375782e-02 8.809910e-04
1652 3.372731e-02 8.801885e-04
1653 3.369683e-02 8.793867e-04
1654 3.366637e-02 8.785857e-04
1655 3.363595e-02 8.777855e-04
1656 3.360555e-02 8.769860e-04
1657 3.357517e-02 8.761872e-04
1658 3.354483e-02 8.753893e-04
1659 3.351451e-02 8.745921e-04
1660 3.348422e-02 8.737956e-04
1661 3.345396e-02 8.729999e-04
1662 3.342372e-02 8.722049e-04
1663 3.339352e-02 8.714108e-04
1664 3.336334e-02 8.706173e-04
1665 3.333318e-02 8.698246e-04
1666 3.330306e-02 8.690327e-04
1667 3.327296e-02 8.682415e-04
1668 3.324289e-02 8.674511e-04
1669 3.321284e-02 8.666614e-04
1670 3.318283e-02 8.658724e-04
1671 3.315284e-02 8.650842e-04
1672 3.312288e-02 8.642968e-04
1673 3.309294e-02 8.635101e-04
1674 3.306303e-02 8.627241e-04
1675 3.303315e-02 8.619389e-04
1676 3.300330e-02 8.611544e-04
1677 3.297347e-02 8.603707e-04
1678 3.294367e-02 8.595877e-04
1679 3.291390e-02 8.588055e-04
1680 3.288415e-02 8.580239e-04
1681 3.285444e-02 8.572432e-04
1682 3.282474e-02 8.564631e-04
1683 3.279508e-02 8.556838e-04
1684 3.276544e-02 8.549053e-04
1685 3.273583e-02 8.541274e-04
1686 3.270625e-02 8.533503e-04
1687 3.267669e-02 8.525740e-04
1688 3.264716e-02 8.517983e-04
1689 3.261766e-02 8.510234e-04
1690 3.258818e-02 8.502493e-04
1691 3.255873e-02 8.494758e-04
1692 3.252930e-02 8.487031e-04
1693 3.249991e-02 8.479311e-04
1694 3.247054e-02 8.471599e-04
1695 3.244119e-02 8.463893e-04
1696 3.241188e-02 8.456195e-04
1697 3.238259e-02 8.448505e-04
1698 3.235332e-02 8.440821e-04
1699 3.232409e-02 8.433145e-04
1700 3.229487e-02 8.425476e-04
1701 3.226569e-02 8.417814e-04
1702 3.223653e-02 8.410159e-04
1703 3.220740e-02 8.402512e-04
1704 3.217830e-02 8.394871e-04
1705 3.214922e-02 8.387238e-04
1706 3.212016e-02 8.379612e-04
1707 3.209114e-02 8.371994e-04
1708 3.206214e-02 8.364382e-04
1709 3.203317e-02 8.356778e-04
1710 3.200422e-02 8.349180e-04
1711 3.197530e-02 8.341590e-04
1712 3.194640e-02 8.334007e-04
1713 3.191753e-02 8.326431e-04
1714 3.188869e-02 8.318862e-04
1715 3.185987e-02 8.311301e-04
1716 3.183108e-02 8.303746e-04
1717 3.180232e-02 8.296198e-04
1718 3.177358e-02 8.288658e-04
1719 3.174487e-02 8.281125e-04
1720 3.171618e-02 8.273598e-04
1721 3.168752e-02 8.266079e-04
1722 3.165889e-02 8.258567e-04
1723 3.163028e-02 8.251062e-04
1724 3.160170e-02 8.243563e-04
1725 3.157314e-02 8.236072e-04
1726 3.154461e-02 8.228588e-04
1727 3.151611e-02 8.221111e-04
1728 3.148763e-02 8.213641e-04
1729 3.145918e-02 8.206178e-04
1730 3.143075e-02 8.198722e-04
1731 3.140235e-02 8.191273e-04
1732 3.137397e-02 8.183831e-04
1733 3.134562e-02 8.176395e-04
1734 3.131730e-02 8.168967e-04
1735 3.128900e-02 8.161546e-04
1736 3.126073e-02 8.154131e-04
1737 3.123248e-02 8.146724e-04
1738 3.120426e-02 8.139323e-04
1739 3.117606e-02 8.131930e-04
1740 3.114789e-02 8.124543e-04
1741 3.111975e-02 8.117163e-04
1742 3.109163e-02 8.109790e-04
1743 3.106353e-02 8.102424e-04
1744 3.103546e-02 8.095065e-04
1745 3.100742e-02 8.087713e-04
1746 3.097940e-02 8.080368e-04
1747 3.095141e-02 8.073029e-04
1748 3.092344e-02 8.065697e-04
1749 3.089550e-02 8.058373e-04
1750 3.086758e-02 8.051055e-04
1751 3.083969e-02 8.043743e-04
1752 3.081183e-02 8.036439e-04
1753 3.078398e-02 8.029141e-04
1754 3.075617e-02 8.021851e-04
1755 3.072838e-02 8.014567e-04
1756 3.070061e-02 8.007290e-04
1757 3.067287e-02 8.000019e-04
1758 3.064516e-02 7.992756e-04
1759 3.061747e-02 7.985499e-04
1760 3.058980e-02 7.978249e-04
1761 3.056216e-02 7.971005e-04
1762 3.053455e-02 7.963769e-04
1763 3.050696e-02 7.956539e-04
1764 3.047939e-02 7.949316e-04
1765 3.045185e-02 7.942099e-04
1766 3.042434e-02 7.934890e-04
1767 3.039685e-02 7.927687e-04
1768 3.036938e-02 7.920491e-04
1769 3.034194e-02 7.913301e-04
1770 3.031453e-02 7.906118e-04
1771 3.028714e-02 7.898942e-04
1772 3.025977e-02 7.891773e-04
1773 3.023243e-02 7.884610e-04
1774 3.020512e-02 7.877453e-04
1775 3.017782e-02 7.870304e-04
1776 3.015056e-02 7.863161e-04
1777 3.012332e-02 7.856025e-04
1778 3.009610e-02 7.848895e-04
1779 3.006891e-02 7.841772e-04
1780 3.004174e-02 7.834656e-04
1781 3.001459e-02 7.827546e-04
1782 2.998748e-02 7.820443e-04
1783 2.996038e-02 7.813346e-04
1784 2.993331e-02 7.806256e-04
1785 2.990627e-02 7.799173e-04
1786 2.987924e-02 7.792096e-04
1787 2.985225e-02 7.785026e-04
1788 2.982528e-02 7.777962e-04
1789 2.979833e-02 7.770905e-04
1790 2.977141e-02 7.763854e-04
1791 2.974451e-02 7.756810e-04
1792 2.971763e-02 7.749773e-04
1793 2.969078e-02 7.742742e-04
1794 2.966396e-02 7.735718e-04
1795 2.963716e-02 7.728700e-04
1796 2.961038e-02 7.721688e-04
1797 2.958363e-02 7.714683e-04
1798 2.955690e-02 7.707685e-04
1799 2.953019e-02 7.700693e-04
1800 2.950351e-02 7.693707e-04
1801 2.947686e-02 7.686728e-04
1802 2.945022e-02 7.679756e-04
1803 2.942361e-02 7.672790e-04
1804 2.939703e-02 7.665830e-04
1805 2.937047e-02 7.658877e-04
1806 2.934394e-02 7.651930e-04
1807 2.931742e-02 7.644990e-04
1808 2.929094e-02 7.638056e-04
1809 2.926447e-02 7.631128e-04
1810 2.923803e-02 7.624207e-04
1811 2.921162e-02 7.617293e-04
1812 2.918522e-02 7.610384e-04
1813 2.915886e-02 7.603483e-04
1814 2.913251e-02 7.596587e-04
1815 2.910619e-02 7.589698e-04
1816 2.907989e-02 7.582815e-04
1817 2.905362e-02 7.575939e-04
1818 2.902737e-02 7.569069e-04
1819 2.900115e-02 7.562205e-04
1820 2.897495e-02 7.555348e-04
1821 2.894877e-02 7.548497e-04
1822 2.892261e-02 7.541652e-04
1823 2.889648e-02 7.534814e-04
1824 2.887038e-02 7.527982e-04
1825 2.884429e-02 7.521156e-04
1826 2.881823e-02 7.514337e-04
1827 2.879220e-02 7.507524e-04
1828 2.876618e-02 7.500717e-04
1829 2.874020e-02 7.493917e-04
1830 2.871423e-02 7.487123e-04
1831 2.868829e-02 7.480335e-04
1832 2.866237e-02 7.473553e-04
1833 2.863648e-02 7.466778e-04
1834 2.861060e-02 7.460008e-04
1835 2.858476e-02 7.453246e-04
1836 2.855893e-02 7.446489e-04
1837 2.853313e-02 7.439739e-04
1838 2.850735e-02 7.432994e-04
1839 2.848160e-02 7.426256e-04
1840 2.845587e-02 7.419525e-04
1841 2.843016e-02 7.412799e-04
1842 2.840447e-02 7.406080e-04
1843 2.837881e-02 7.399367e-04
1844 2.835317e-02 7.392660e-04
1845 2.832756e-02 7.385959e-04
1846 2.830197e-02 7.379264e-04
1847 2.827640e-02 7.372576e-04
1848 2.825085e-02 7.365894e-04
1849 2.822533e-02 7.359218e-04
1850 2.819983e-02 7.352548e-04
1851 2.817435e-02 7.345884e-04
1852 2.814890e-02 7.339226e-04
1853 2.812347e-02 7.332575e-04
1854 2.809806e-02 7.325929e-04
1855 2.807268e-02 7.319290e-04
1856 2.804732e-02 7.312657e-04
1857 2.802198e-02 7.306030e-04
1858 2.799666e-02 7.299409e-04
1859 2.797137e-02 7.292794e-04
1860 2.794610e-02 7.286186e-04
1861 2.792085e-02 7.279583e-04
1862 2.789563e-02 7.272986e-04
1863 2.787043e-02 7.266396e-04
1864 2.784525e-02 7.259811e-04
1865 2.782009e-02 7.253233e-04
1866 2.779496e-02 7.246661e-04
1867 2.776985e-02 7.240094e-04
1868 2.774476e-02 7.233534e-04
1869 2.771970e-02 7.226980e-04
1870 2.769466e-02 7.220432e-04
1871 2.766964e-02 7.213890e-04
1872 2.764464e-02 7.207354e-04
1873 2.761967e-02 7.200824e-04
1874 2.759471e-02 7.194299e-04
1875 2.756979e-02 7.187781e-04
1876 2.754488e-02 7.181269e-04
1877 2.752000e-02 7.174763e-04
1878 2.749513e-02 7.168263e-04
1879 2.747030e-02 7.161769e-04
1880 2.744548e-02 7.155281e-04
1881 2.742068e-02 7.148798e-04
1882 2.739591e-02 7.142322e-04
1883 2.737116e-02 7.135852e-04
1884 2.734644e-02 7.129388e-04
1885 2.732173e-02 7.122929e-04
1886 2.729705e-02 7.116477e-04
1887 2.727239e-02 7.110030e-04
1888 2.724775e-02 7.103589e-04
1889 2.722314e-02 7.097155e-04
1890 2.719855e-02 7.090726e-04
1891 2.717398e-02 7.084303e-04
1892 2.714943e-02 7.077886e-04
1893 2.712490e-02 7.071475e-04
1894 2.710040e-02 7.065070e-04
1895 2.707592e-02 7.058670e-04
1896 2.705146e-02 7.052277e-04
1897 2.702702e-02 7.045889e-04
1898 2.700260e-02 7.039507e-04
1899 2.697821e-02 7.033132e-04
1900 2.695384e-02 7.026762e-04
1901 2.692949e-02 7.020397e-04
1902 2.690516e-02 7.014039e-04
1903 2.688086e-02 7.007687e-04
1904 2.685657e-02 7.001340e-04
1905 2.683231e-02 6.994999e-04
1906 2.680807e-02 6.988664e-04
1907 2.678386e-02 6.982335e-04
1908 2.675966e-02 6.976011e-04
1909 2.673549e-02 6.969694e-04
1910 2.671133e-02 6.963382e-04
1911 2.668720e-02 6.957076e-04
1912 2.666310e-02 6.950776e-04
1913 2.663901e-02 6.944481e-04
1914 2.661495e-02 6.938192e-04
1915 2.659090e-02 6.931909e-04
1916 2.656688e-02 6.925632e-04
1917 2.654288e-02 6.919361e-04
1918 2.651891e-02 6.913095e-04
1919 2.649495e-02 6.906835e-04
1920 2.647102e-02 6.900581e-04
1921 2.644710e-02 6.894333e-04
1922 2.642321e-02 6.888090e-04
1923 2.639934e-02 6.881853e-04
1924 2.637550e-02 6.875621e-04
1925 2.635167e-02 6.869396e-04
1926 2.632786e-02 6.863176e-04
1927 2.630408e-02 6.856962e-04
1928 2.628032e-02 6.850753e-04
1929 2.625658e-02 6.844550e-04
1930 2.623286e-02 6.838353e-04
1931 2.620916e-02 6.832162e-04
1932 2.618549e-02 6.825976e-04
1933 2.616183e-02 6.819796e-04
1934 2.613820e-02 6.813622e-04
1935 2.611459e-02 6.807453e-04
1936 2.609100e-02 6.801290e-04
1937 2.606743e-02 6.795132e-04
1938 2.604388e-02 6.788980e-04
1939 2.602036e-02 6.782834e-04
1940 2.599685e-02 6.776693e-04
1941 2.597337e-02 6.770558e-04
1942 2.594991e-02 6.764429e-04
1943 2.592647e-02 6.758305e-04
1944 2.590305e-02 6.752187e-04
1945 2.587965e-02 6.746074e-04
1946 2.585627e-02 6.739967e-04
1947 2.583291e-02 6.733866e-04
1948 2.580958e-02 6.727770e-04
1949 2.578626e-02 6.721680e-04
1950 2.576297e-02 6.715595e-04
1951 2.573970e-02 6.709516e-04
1952 2.571645e-02 6.703443e-04
1953 2.569322e-02 6.697375e-04
1954 2.567001e-02 6.691312e-04
1955 2.564682e-02 6.685255e-04
1956 2.562365e-02 6.679204e-04
1957 2.560051e-02 6.673158e-04
1958 2.557738e-02 6.667118e-04
1959 2.555428e-02 6.661083e-04
1960 2.553119e-02 6.655054e-04
1961 2.550813e-02 6.649030e-04
1962 2.548509e-02 6.643012e-04
1963 2.546207e-02 6.636999e-04
1964 2.543907e-02 6.630992e-04
1965 2.541609e-02 6.624990e-04
1966 2.539313e-02 6.618994e-04
1967 2.537019e-02 6.613003e-04
1968 2.534727e-02 6.607018e-04
1969 2.532438e-02 6.601038e-04
1970 2.530150e-02 6.595063e-04
1971 2.527865e-02 6.589095e-04
1972 2.525581e-02 6.583131e-04
1973 2.523300e-02 6.577173e-04
1974 2.521021e-02 6.571220e-04
1975 2.518743e-02 6.565273e-04
1976 2.516468e-02 6.559332e-04
1977 2.514195e-02 6.553395e-04
1978 2.511924e-02 6.547464e-04
1979 2.509655e-02 6.541539e-04
1980 2.507388e-02 6.535619e-04
1981 2.505123e-02 6.529704e-04
1982 2.502860e-02 6.523795e-04
1983 2.500600e-02 6.517891e-04
1984 2.498341e-02 6.511993e-04
1985 2.496084e-02 6.506100e-04
1986 2.493829e-02 6.500212e-04
1987 2.491577e-02 6.494330e-04
1988 2.489326e-02 6.488453e-04
1989 2.487078e-02 6.482581e-04
1990 2.484831e-02 6.476715e-04
1991 2.482586e-02 6.470854e-04
1992 2.480344e-02 6.464999e-04
1993 2.478104e-02 6.459149e-04
1994 2.475865e-02 6.453304e-04
1995 2.473629e-02 6.447464e-04
1996 2.471394e-02 6.441630e-04
1997 2.469162e-02 6.435801e-04
1998 2.466932e-02 6.429978e-04
1999 2.464703e-02 6.424160e-04
2000 2.462477e-02 6.418347e-04
2001 2.460253e-02 6.412539e-04
2002 2.458030e-02 6.406737e-04
2003 2.455810e-02 6.400940e-04
2004 2.453592e-02 6.395148e-04
2005 2.451376e-02 6.389362e-04
2006 2.449161e-02 6.383581e-04
2007 2.446949e-02 6.377805e-04
2008 2.444739e-02 6.372034e-04
2009 2.442531e-02 6.366269e-04
2010 2.440324e-02 6.360509e-04
2011 2.438120e-02 6.354754e-04
2012 2.435918e-02 6.349004e-04
2013 2.433717e-02 6.343260e-04
2014 2.431519e-02 6.337521e-04
2015 2.429323e-02 6.331787e-04
2016 2.427128e-02 6.326058e-04
2017 2.424936e-02 6.320335e-04
2018 2.422746e-02 6.314617e-04
2019 2.420557e-02 6.308904e-04
2020 2.418371e-02 6.303196e-04
2021 2.416187e-02 6.297493e-04
2022 2.414004e-02 6.291796e-04
2023 2.411824e-02 6.286104e-04
2024 2.409645e-02 6.280417e-04
2025 2.407469e-02 6.274735e-04
2026 2.405294e-02 6.269058e-04
2027 2.403121e-02 6.263387e-04
2028 2.400951e-02 6.257721e-04
2029 2.398782e-02 6.252059e-04
2030 2.396615e-02 6.246403e-04
2031 2.394451e-02 6.240753e-04
2032 2.392288e-02 6.235107e-04
2033 2.390127e-02 6.229466e-04
2034 2.387968e-02 6.223831e-04
2035 2.385811e-02 6.218201e-04
2036 2.383656e-02 6.212576e-04
2037 2.381503e-02 6.206956e-04
2038 2.379352e-02 6.201341e-04
2039 2.377203e-02 6.195731e-04
2040 2.375056e-02 6.190126e-04
2041 2.372910e-02 6.184527e-04
2042 2.370767e-02 6.178932e-04
2043 2.368626e-02 6.173343e-04
2044 2.366486e-02 6.167759e-04
2045 2.364349e-02 6.162179e-04
2046 2.362213e-02 6.156605e-04
2047 2.360079e-02 6.151036e-04
2048 2.357948e-02 6.145472e-04
2049 2.355818e-02 6.139913e-04
2050 2.353690e-02 6.134359e-04
2051 2.351564e-02 6.128811e-04
2052 2.349440e-02 6.123267e-04
2053 2.347318e-02 6.117728e-04
2054 2.345198e-02 6.112195e-04
2055 2.343080e-02 6.106666e-04
2056 2.340963e-02 6.101142e-04
2057 2.338849e-02 6.095624e-04
2058 2.336736e-02 6.090110e-04
2059 2.334626e-02 6.084602e-04
2060 2.332517e-02 6.079098e-04
2061 2.330410e-02 6.073600e-04
2062 2.328305e-02 6.068106e-04
2063 2.326202e-02 6.062618e-04
2064 2.324101e-02 6.057134e-04
2065 2.322002e-02 6.051656e-04
2066 2.319905e-02 6.046182e-04
2067 2.317809e-02 6.040714e-04
2068 2.315716e-02 6.035250e-04
2069 2.313624e-02 6.029792e-04
2070 2.311534e-02 6.024338e-04
2071 2.309446e-02 6.018889e-04
2072 2.307360e-02 6.013446e-04
2073 2.305276e-02 6.008007e-04
2074 2.303194e-02 6.002573e-04
2075 2.301114e-02 5.997144e-04
2076 2.299035e-02 5.991720e-04
2077 2.296959e-02 5.986301e-04
2078 2.294884e-02 5.980887e-04
2079 2.292811e-02 5.975478e-04
2080 2.290740e-02 5.970074e-04
2081 2.288671e-02 5.964675e-04
2082 2.286604e-02 5.959280e-04
2083 2.284539e-02 5.953891e-04
2084 2.282476e-02 5.948506e-04
2085 2.280414e-02 5.943126e-04
2086 2.278354e-02 5.937752e-04
2087 2.276296e-02 5.932382e-04
2088 2.274240e-02 5.927017e-04
2089 2.272186e-02 5.921657e-04
2090 2.270134e-02 5.916301e-04
2091 2.268084e-02 5.910951e-04
2092 2.266035e-02 5.905605e-04
2093 2.263988e-02 5.900265e-04
2094 2.261943e-02 5.894929e-04
2095 2.259900e-02 5.889598e-04
2096 2.257859e-02 5.884272e-04
2097 2.255820e-02 5.878950e-04
2098 2.253782e-02 5.873634e-04
2099 2.251747e-02 5.868322e-04
2100 2.249713e-02 5.863016e-04
2101 2.247681e-02 5.857714e-04
2102 2.245651e-02 5.852417e-04
2103 2.243623e-02 5.847124e-04
2104 2.241596e-02 5.841837e-04
2105 2.239571e-02 5.836554e-04
2106 2.237549e-02 5.831276e-04
2107 2.235528e-02 5.826003e-04
2108 2.233509e-02 5.820735e-04
2109 2.231491e-02 5.815471e-04
2110 2.229476e-02 5.810212e-04
2111 2.227462e-02 5.804958e-04
2112 2.225450e-02 5.799709e-04
2113 2.223440e-02 5.794465e-04
2114 2.221432e-02 5.789225e-04
2115 2.219426e-02 5.783990e-04
2116 2.217421e-02 5.778760e-04
2117 2.215418e-02 5.773534e-04
2118 2.213417e-02 5.768314e-04
2119 2.211418e-02 5.763098e-04
2120 2.209421e-02 5.757887e-04
2121 2.207425e-02 5.752680e-04
2122 2.205431e-02 5.747479e-04
2123 2.203439e-02 5.742282e-04
2124 2.201449e-02 5.737089e-04
2125 2.199461e-02 5.731902e-04
2126 2.197474e-02 5.726719e-04
2127 2.195490e-02 5.721541e-04
2128 2.193507e-02 5.716367e-04
2129 2.191526e-02 5.711199e-04
2130 2.189546e-02 5.706035e-04
2131 2.187569e-02 5.700875e-04
2132 2.185593e-02 5.695721e-04
2133 2.183619e-02 5.690571e-04
2134 2.181647e-02 5.685425e-04
2135 2.179676e-02 5.680285e-04
2136 2.177707e-02 5.675149e-04
2137 2.175741e-02 5.670017e-04
2138 2.173775e-02 5.664891e-04
2139 2.171812e-02 5.659769e-04
2140 2.169851e-02 5.654651e-04
2141 2.167891e-02 5.649539e-04
2142 2.165933e-02 5.644431e-04
2143 2.163977e-02 5.639327e-04
2144 2.162022e-02 5.634229e-04
2145 2.160069e-02 5.629134e-04
2146 2.158118e-02 5.624045e-04
2147 2.156169e-02 5.618960e-04
2148 2.154222e-02 5.613880e-04
2149 2.152276e-02 5.608804e-04
2150 2.150332e-02 5.603733e-04
2151 2.148390e-02 5.598667e-04
2152 2.146450e-02 5.593605e-04
2153 2.144511e-02 5.588547e-04
2154 2.142574e-02 5.583495e-04
2155 2.140639e-02 5.578447e-04
2156 2.138706e-02 5.573403e-04
2157 2.136774e-02 5.568364e-04
2158 2.134844e-02 5.563330e-04
2159 2.132916e-02 5.558300e-04
2160 2.130990e-02 5.553275e-04
2161 2.129065e-02 5.548254e-04
2162 2.127142e-02 5.543238e-04
2163 2.125221e-02 5.538227e-04
2164 2.123301e-02 5.533219e-04
2165 2.121384e-02 5.528217e-04
2166 2.119468e-02 5.523219e-04
2167 2.117554e-02 5.518226e-04
2168 2.115641e-02 5.513237e-04
2169 2.113730e-02 5.508253e-04
2170 2.111821e-02 5.503273e-04
2171 2.109914e-02 5.498297e-04
2172 2.108008e-02 5.493327e-04
2173 2.106104e-02 5.488360e-04
2174 2.104202e-02 5.483399e-04
2175 2.102302e-02 5.478441e-04
2176 2.100403e-02 5.473489e-04
2177 2.098506e-02 5.468540e-04
2178 2.096611e-02 5.463597e-04
2179 2.094717e-02 5.458657e-04
2180 2.092825e-02 5.453722e-04
2181 2.090935e-02 5.448792e-04
2182 2.089047e-02 5.443866e-04
2183 2.087160e-02 5.438945e-04
2184 2.085275e-02 5.434028e-04
2185 2.083391e-02 5.429115e-04
2186 2.081510e-02 5.424207e-04
2187 2.079630e-02 5.419304e-04
2188 2.077752e-02 5.414405e-04
2189 2.075875e-02 5.409510e-04
2190 2.074000e-02 5.404620e-04
2191 2.072127e-02 5.399734e-04
2192 2.070255e-02 5.394853e-04
2193 2.068386e-02 5.389976e-04
2194 2.066518e-02 5.385103e-04
2195 2.064651e-02 5.380235e-04
2196 2.062787e-02 5.375371e-04
2197 2.060924e-02 5.370512e-04
2198 2.059062e-02 5.365657e-04
2199 2.057203e-02 5.360807e-04
2200 2.055345e-02 5.355961e-04
2201 2.053488e-02 5.351119e-04
2202 2.051634e-02 5.346282e-04
2203 2.049781e-02 5.341449e-04
2204 2.047929e-02 5.336620e-04
2205 2.046080e-02 5.331796e-04
2206 2.044232e-02 5.326977e-04
2207 2.042386e-02 5.322161e-04
2208 2.040541e-02 5.317350e-04
2209 2.038698e-02 5.312544e-04
2210 2.036857e-02 5.307741e-04
2211 2.035017e-02 5.302943e-04
2212 2.033179e-02 5.298150e-04
2213 2.031343e-02 5.293360e-04
2214 2.029508e-02 5.288576e-04
2215 2.027676e-02 5.283795e-04
2216 2.025844e-02 5.279019e-04
2217 2.024015e-02 5.274247e-04
2218 2.022187e-02 5.269479e-04
2219 2.020360e-02 5.264716e-04
2220 2.018536e-02 5.259957e-04
2221 2.016713e-02 5.255202e-04
2222 2.014891e-02 5.250452e-04
2223 2.013071e-02 5.245706e-04
2224 2.011253e-02 5.240964e-04
2225 2.009437e-02 5.236227e-04
2226 2.007622e-02 5.231494e-04
2227 2.005809e-02 5.226765e-04
2228 2.003997e-02 5.222041e-04
2229 2.002187e-02 5.217320e-04
2230 2.000379e-02 5.212604e-04
2231 1.998573e-02 5.207893e-04
2232 1.996768e-02 5.203185e-04
2233 1.994964e-02 5.198482e-04
2234 1.993162e-02 5.193783e-04
2235 1.991362e-02 5.189088e-04
2236 1.989564e-02 5.184398e-04
2237 1.987767e-02 5.179712e-04
2238 1.985972e-02 5.175030e-04
2239 1.984178e-02 5.170352e-04
2240 1.982386e-02 5.165679e-04
2241 1.980596e-02 5.161010e-04
2242 1.978807e-02 5.156345e-04
2243 1.977020e-02 5.151684e-04
2244 1.975234e-02 5.147028e-04
2245 1.973451e-02 5.142375e-04
2246 1.971668e-02 5.137727e-04
2247 1.969888e-02 5.133083e-04
2248 1.968109e-02 5.128444e-04
2249 1.966331e-02 5.123808e-04
2250 1.964555e-02 5.119177e-04
2251 1.962781e-02 5.114550e-04
2252 1.961008e-02 5.109927e-04
2253 1.959237e-02 5.105309e-04
2254 1.957468e-02 5.100694e-04
2255 1.955700e-02 5.096084e-04
2256 1.953934e-02 5.091478e-04
2257 1.952169e-02 5.086876e-04
2258 1.950406e-02 5.082278e-04
2259 1.948645e-02 5.077684e-04
2260 1.946885e-02 5.073095e-04
2261 1.945126e-02 5.068510e-04
2262 1.943370e-02 5.063929e-04
2263 1.941615e-02 5.059352e-04
2264 1.939861e-02 5.054779e-04
2265 1.938109e-02 5.050210e-04
2266 1.936359e-02 5.045646e-04
2267 1.934610e-02 5.041085e-04
2268 1.932863e-02 5.036529e-04
2269 1.931117e-02 5.031977e-04
2270 1.929373e-02 5.027429e-04
2271 1.927631e-02 5.022885e-04
2272 1.925890e-02 5.018345e-04
2273 1.924150e-02 5.013809e-04
2274 1.922413e-02 5.009278e-04
2275 1.920677e-02 5.004750e-04
2276 1.918942e-02 5.000227e-04
2277 1.917209e-02 4.995708e-04
2278 1.915477e-02 4.991192e-04
2279 1.913748e-02 4.986681e-04
2280 1.912019e-02 4.982174e-04
2281 1.910292e-02 4.977671e-04
2282 1.908567e-02 4.973172e-04
2283 1.906844e-02 4.968678e-04
2284 1.905121e-02 4.964187e-04
2285 1.903401e-02 4.959700e-04
2286 1.901682e-02 4.955218e-04
2287 1.899964e-02 4.950739e-04
2288 1.898249e-02 4.946265e-04
2289 1.896534e-02 4.941794e-04
2290 1.894821e-02 4.937328e-04
2291 1.893110e-02 4.932866e-04
2292 1.891401e-02 4.928408e-04
2293 1.889692e-02 4.923953e-04
2294 1.887986e-02 4.919503e-04
2295 1.886281e-02 4.915057e-04
2296 1.884577e-02 4.910615e-04
2297 1.882875e-02 4.906177e-04
2298 1.881175e-02 4.901743e-04
2299 1.879476e-02 4.897313e-04
2300 1.877778e-02 4.892886e-04
2301 1.876083e-02 4.888464e-04
2302 1.874388e-02 4.884046e-04
2303 1.872696e-02 4.879632e-04
2304 1.871004e-02 4.875222e-04
2305 1.869315e-02 4.870816e-04
2306 1.867626e-02 4.866414e-04
2307 1.865940e-02 4.862016e-04
2308 1.864255e-02 4.857622e-04
2309 1.862571e-02 4.853232e-04
2310 1.860889e-02 4.848846e-04
2311 1.859208e-02 4.844463e-04
2312 1.857529e-02 4.840085e-04
2313 1.855852e-02 4.835711e-04
2314 1.854176e-02 4.831341e-04
2315 1.852501e-02 4.826974e-04
2316 1.850828e-02 4.822612e-04
2317 1.849157e-02 4.818253e-04
2318 1.847487e-02 4.813899e-04
2319 1.845818e-02 4.809548e-04
2320 1.844151e-02 4.805202e-04
2321 1.842486e-02 4.800859e-04
2322 1.840822e-02 4.796520e-04
2323 1.839159e-02 4.792186e-04
2324 1.837498e-02 4.787855e-04
2325 1.835839e-02 4.783528e-04
2326 1.834181e-02 4.779205e-04
2327 1.832525e-02 4.774886e-04
2328 1.830870e-02 4.770570e-04
2329 1.829216e-02 4.766259e-04
2330 1.827564e-02 4.761952e-04
2331 1.825914e-02 4.757648e-04
2332 1.824265e-02 4.753348e-04
2333 1.822617e-02 4.749053e-04
2334 1.820971e-02 4.744761e-04
2335 1.819327e-02 4.740473e-04
2336 1.817684e-02 4.736189e-04
2337 1.816042e-02 4.731909e-04
2338 1.814402e-02 4.727632e-04
2339 1.812764e-02 4.723360e-04
2340 1.811127e-02 4.719091e-04
2341 1.809491e-02 4.714827e-04
2342 1.807857e-02 4.710566e-04
2343 1.806224e-02 4.706309e-04
2344 1.804593e-02 4.702056e-04
2345 1.802963e-02 4.697806e-04
2346 1.801335e-02 4.693561e-04
2347 1.799708e-02 4.689319e-04
2348 1.798083e-02 4.685081e-04
2349 1.796459e-02 4.680848e-04
2350 1.794837e-02 4.676617e-04
2351 1.793216e-02 4.672391e-04
2352 1.791596e-02 4.668169e-04
2353 1.789979e-02 4.663950e-04
2354 1.788362e-02 4.659735e-04
2355 1.786747e-02 4.655524e-04
2356 1.785133e-02 4.651317e-04
2357 1.783521e-02 4.647114e-04
2358 1.781911e-02 4.642914e-04
2359 1.780301e-02 4.638718e-04
2360 1.778694e-02 4.634526e-04
2361 1.777087e-02 4.630338e-04
2362 1.775482e-02 4.626154e-04
2363 1.773879e-02 4.621973e-04
2364 1.772277e-02 4.617796e-04
2365 1.770677e-02 4.613623e-04
2366 1.769078e-02 4.609454e-04
2367 1.767480e-02 4.605289e-04
2368 1.765884e-02 4.601127e-04
2369 1.764289e-02 4.596969e-04
2370 1.762696e-02 4.592815e-04
2371 1.761104e-02 4.588664e-04
2372 1.759513e-02 4.584518e-04
2373 1.757924e-02 4.580375e-04
2374 1.756337e-02 4.576236e-04
2375 1.754751e-02 4.572100e-04
2376 1.753166e-02 4.567968e-04
2377 1.751583e-02 4.563840e-04
2378 1.750001e-02 4.559716e-04
2379 1.748421e-02 4.555596e-04
2380 1.746842e-02 4.551479e-04
2381 1.745264e-02 4.547366e-04
2382 1.743688e-02 4.543257e-04
2383 1.742113e-02 4.539151e-04
2384 1.740540e-02 4.535049e-04
2385 1.738968e-02 4.530951e-04
2386 1.737398e-02 4.526857e-04
2387 1.735829e-02 4.522766e-04
2388 1.734261e-02 4.518679e-04
2389 1.732695e-02 4.514595e-04
2390 1.731130e-02 4.510516e-04
2391 1.729567e-02 4.506440e-04
2392 1.728005e-02 4.502368e-04
2393 1.726445e-02 4.498299e-04
2394 1.724886e-02 4.494234e-04
2395 1.723328e-02 4.490173e-04
2396 1.721772e-02 4.486115e-04
2397 1.720217e-02 4.482061e-04
2398 1.718663e-02 4.478011e-04
2399 1.717111e-02 4.473965e-04
2400 1.715561e-02 4.469922e-04
2401 1.714011e-02 4.465883e-04
2402 1.712463e-02 4.461847e-04
2403 1.710917e-02 4.457815e-04
2404 1.709372e-02 4.453787e-04
2405 1.707828e-02 4.449762e-04
2406 1.706286e-02 4.445741e-04
2407 1.704745e-02 4.441724e-04
2408 1.703206e-02 4.437710e-04
2409 1.701668e-02 4.433700e-04
2410 1.700131e-02 4.429693e-04
2411 1.698595e-02 4.425691e-04
2412 1.697062e-02 4.421691e-04
2413 1.695529e-02 4.417696e-04
2414 1.693998e-02 4.413704e-04
2415 1.692468e-02 4.409715e-04
2416 1.690940e-02 4.405731e-04
2417 1.689413e-02 4.401749e-04
2418 1.687887e-02 4.397772e-04
2419 1.686363e-02 4.393798e-04
2420 1.684840e-02 4.389828e-04
2421 1.683318e-02 4.385861e-04
2422 1.681798e-02 4.381898e-04
2423 1.680279e-02 4.377938e-04
2424 1.678762e-02 4.373982e-04
2425 1.677246e-02 4.370030e-04
2426 1.675731e-02 4.366081e-04
2427 1.674218e-02 4.362135e-04
2428 1.672706e-02 4.358194e-04
2429 1.671196e-02 4.354256e-04
2430 1.669687e-02 4.350321e-04
2431 1.668179e-02 4.346390e-04
2432 1.666672e-02 4.342462e-04
2433 1.665167e-02 4.338538e-04
2434 1.663663e-02 4.334618e-04
2435 1.662161e-02 4.330701e-04
2436 1.660660e-02 4.326788e-04
2437 1.659160e-02 4.322878e-04
2438 1.657662e-02 4.318972e-04
2439 1.656165e-02 4.315069e-04
2440 1.654670e-02 4.311170e-04
2441 1.653175e-02 4.307275e-04
2442 1.651682e-02 4.303382e-04
2443 1.650191e-02 4.299494e-04
2444 1.648701e-02 4.295609e-04
2445 1.647212e-02 4.291727e-04
2446 1.645724e-02 4.287849e-04
2447 1.644238e-02 4.283975e-04
2448 1.642753e-02 4.280104e-04
2449 1.641270e-02 4.276236e-04
2450 1.639788e-02 4.272372e-04
2451 1.638307e-02 4.268512e-04
2452 1.636827e-02 4.264654e-04
2453 1.635349e-02 4.260801e-04
2454 1.633873e-02 4.256951e-04
2455 1.632397e-02 4.253104e-04
2456 1.630923e-02 4.249261e-04
2457 1.629450e-02 4.245422e-04
2458 1.627979e-02 4.241585e-04
2459 1.626509e-02 4.237753e-04
2460 1.625040e-02 4.233923e-04
2461 1.623572e-02 4.230098e-04
2462 1.622106e-02 4.226275e-04
2463 1.620641e-02 4.222457e-04
2464 1.619178e-02 4.218641e-04
2465 1.617716e-02 4.214829e-04
2466 1.616255e-02 4.211021e-04
2467 1.614795e-02 4.207216e-04
2468 1.613337e-02 4.203414e-04
2469 1.611880e-02 4.199616e-04
2470 1.610425e-02 4.195821e-04
2471 1.608970e-02 4.192030e-04
2472 1.607517e-02 4.188242e-04
2473 1.606066e-02 4.184458e-04
2474 1.604615e-02 4.180677e-04
2475 1.603166e-02 4.176899e-04
2476 1.601719e-02 4.173125e-04
2477 1.600272e-02 4.169354e-04
2478 1.598827e-02 4.165587e-04
2479 1.597383e-02 4.161823e-04
2480 1.595941e-02 4.158062e-04
2481 1.594500e-02 4.154305e-04
2482 1.593060e-02 4.150551e-04
2483 1.591621e-02 4.146801e-04
2484 1.590184e-02 4.143054e-04
2485 1.588748e-02 4.139310e-04
2486 1.587313e-02 4.135570e-04
2487 1.585880e-02 4.131833e-04
2488 1.584448e-02 4.128100e-04
2489 1.583017e-02 4.124370e-04
2490 1.581588e-02 4.120643e-04
2491 1.580159e-02 4.116920e-04
2492 1.578732e-02 4.113200e-04
2493 1.577307e-02 4.109483e-04
2494 1.575882e-02 4.105770e-04
2495 1.574459e-02 4.102060e-04
2496 1.573038e-02 4.098354e-04
2497 1.571617e-02 4.094650e-04
2498 1.570198e-02 4.090951e-04
2499 1.568780e-02 4.087254e-04
2500 1.567363e-02 4.083561e-04
2501 1.565948e-02 4.079871e-04
2502 1.564534e-02 4.076185e-04
2503 1.563121e-02 4.072502e-04
2504 1.561710e-02 4.068822e-04
2505 1.560299e-02 4.065145e-04
2506 1.558890e-02 4.061472e-04
2507 1.557483e-02 4.057803e-04
2508 1.556076e-02 4.054136e-04
2509 1.554671e-02 4.050473e-04
2510 1.553267e-02 4.046813e-04
2511 1.551865e-02 4.043156e-04
2512 1.550463e-02 4.039503e-04
2513 1.549063e-02 4.035853e-04
2514 1.547664e-02 4.032207e-04
2515 1.546267e-02 4.028563e-04
2516 1.544870e-02 4.024923e-04
2517 1.543475e-02 4.021286e-04
2518 1.542082e-02 4.017653e-04
2519 1.540689e-02 4.014023e-04
2520 1.539298e-02 4.010396e-04
2521 1.537908e-02 4.006772e-04
2522 1.536519e-02 4.003152e-04
2523 1.535132e-02 3.999535e-04
2524 1.533745e-02 3.995921e-04
2525 1.532360e-02 3.992310e-04
2526 1.530977e-02 3.988703e-04
2527 1.529594e-02 3.985099e-04
2528 1.528213e-02 3.981498e-04
2529 1.526833e-02 3.977901e-04
2530 1.525454e-02 3.974307e-04
2531 1.524077e-02 3.970716e-04
2532 1.522700e-02 3.967128e-04
2533 1.521325e-02 3.963543e-04
2534 1.519952e-02 3.959962e-04
2535 1.518579e-02 3.956384e-04
2536 1.517208e-02 3.952809e-04
2537 1.515838e-02 3.949238e-04
2538 1.514469e-02 3.945669e-04
2539 1.513101e-02 3.942104e-04
2540 1.511735e-02 3.938542e-04
2541 1.510370e-02 3.934984e-04
2542 1.509006e-02 3.931428e-04
2543 1.507643e-02 3.927876e-04
2544 1.506282e-02 3.924327e-04
2545 1.504922e-02 3.920781e-04
2546 1.503563e-02 3.917239e-04
2547 1.502205e-02 3.913699e-04
2548 1.500849e-02 3.910163e-04
2549 1.499493e-02 3.906630e-04
2550 1.498139e-02 3.903100e-04
2551 1.496787e-02 3.899574e-04
2552 1.495435e-02 3.896050e-04
2553 1.494085e-02 3.892530e-04
2554 1.492735e-02 3.889013e-04
2555 1.491388e-02 3.885499e-04
2556 1.490041e-02 3.881988e-04
2557 1.488695e-02 3.878481e-04
2558 1.487351e-02 3.874976e-04
2559 1.486008e-02 3.871475e-04
2560 1.484666e-02 3.867977e-04
2561 1.483325e-02 3.864482e-04
2562 1.481986e-02 3.860991e-04
2563 1.480648e-02 3.857502e-04
2564 1.479311e-02 3.854017e-04
2565 1.477975e-02 3.850534e-04
2566 1.476640e-02 3.847055e-04
2567 1.475307e-02 3.843579e-04
2568 1.473975e-02 3.840106e-04
2569 1.472644e-02 3.836637e-04
2570 1.471314e-02 3.833170e-04
2571 1.469985e-02 3.829707e-04
2572 1.468658e-02 3.826247e-04
2573 1.467332e-02 3.822789e-04
2574 1.466007e-02 3.819335e-04
2575 1.464683e-02 3.815885e-04
2576 1.463361e-02 3.812437e-04
2577 1.462039e-02 3.808992e-04
2578 1.460719e-02 3.805551e-04
2579 1.459400e-02 3.802112e-04
2580 1.458082e-02 3.798677e-04
2581 1.456766e-02 3.795245e-04
2582 1.455450e-02 3.791815e-04
2583 1.454136e-02 3.788389e-04
2584 1.452823e-02 3.784967e-04
2585 1.451511e-02 3.781547e-04
2586 1.450200e-02 3.778130e-04
2587 1.448891e-02 3.774716e-04
2588 1.447582e-02 3.771306e-04
2589 1.446275e-02 3.767898e-04
2590 1.444969e-02 3.764494e-04
2591 1.443665e-02 3.761093e-04
2592 1.442361e-02 3.757694e-04
2593 1.441058e-02 3.754299e-04
2594 1.439757e-02 3.750907e-04
2595 1.438457e-02 3.747518e-04
2596 1.437158e-02 3.744132e-04
2597 1.435861e-02 3.740749e-04
2598 1.434564e-02 3.737369e-04
2599 1.433269e-02 3.733992e-04
2600 1.431974e-02 3.730619e-04
2601 1.430681e-02 3.727248e-04
2602 1.429390e-02 3.723880e-04
2603 1.428099e-02 3.720516e-04
2604 1.426809e-02 3.717154e-04
2605 1.425521e-02 3.713796e-04
2606 1.424234e-02 3.710440e-04
2607 1.422948e-02 3.707088e-04
2608 1.421663e-02 3.703738e-04
2609 1.420379e-02 3.700392e-04
2610 1.419097e-02 3.697049e-04
2611 1.417815e-02 3.693708e-04
2612 1.416535e-02 3.690371e-04
2613 1.415256e-02 3.687037e-04
2614 1.413978e-02 3.683705e-04
2615 1.412701e-02 3.680377e-04
2616 1.411425e-02 3.677052e-04
2617 1.410151e-02 3.673729e-04
2618 1.408878e-02 3.670410e-04
2619 1.407605e-02 3.667094e-04
2620 1.406334e-02 3.663781e-04
2621 1.405065e-02 3.660470e-04
2622 1.403796e-02 3.657163e-04
2623 1.402528e-02 3.653859e-04
2624 1.401262e-02 3.650557e-04
2625 1.399997e-02 3.647259e-04
2626 1.398732e-02 3.643964e-04
2627 1.397469e-02 3.640671e-04
2628 1.396208e-02 3.637382e-04
2629 1.394947e-02 3.634096e-04
2630 1.393687e-02 3.630812e-04
2631 1.392429e-02 3.627532e-04
2632 1.391171e-02 3.624254e-04
2633 1.389915e-02 3.620980e-04
2634 1.388660e-02 3.617708e-04
2635 1.387406e-02 3.614439e-04
2636 1.386154e-02 3.611174e-04
2637 1.384902e-02 3.607911e-04
2638 1.383651e-02 3.604651e-04
2639 1.382402e-02 3.601394e-04
2640 1.381154e-02 3.598140e-04
2641 1.379907e-02 3.594889e-04
2642 1.378661e-02 3.591641e-04
2643 1.377416e-02 3.588396e-04
2644 1.376172e-02 3.585154e-04
2645 1.374929e-02 3.581915e-04
2646 1.373688e-02 3.578679e-04
2647 1.372448e-02 3.575445e-04
2648 1.371208e-02 3.572215e-04
2649 1.369970e-02 3.568987e-04
2650 1.368733e-02 3.565763e-04
2651 1.367497e-02 3.562541e-04
2652 1.366263e-02 3.559322e-04
2653 1.365029e-02 3.556106e-04
2654 1.363796e-02 3.552893e-04
2655 1.362565e-02 3.549683e-04
2656 1.361335e-02 3.546476e-04
2657 1.360105e-02 3.543272e-04
2658 1.358877e-02 3.540071e-04
2659 1.357650e-02 3.536872e-04
2660 1.356424e-02 3.533677e-04
2661 1.355200e-02 3.530484e-04
2662 1.353976e-02 3.527294e-04
2663 1.352753e-02 3.524107e-04
2664 1.351532e-02 3.520923e-04
2665 1.350312e-02 3.517742e-04
2666 1.349092e-02 3.514564e-04
2667 1.347874e-02 3.511388e-04
2668 1.346657e-02 3.508216e-04
2669 1.345441e-02 3.505046e-04
2670 1.344226e-02 3.501879e-04
2671 1.343012e-02 3.498715e-04
2672 1.341800e-02 3.495554e-04
2673 1.340588e-02 3.492396e-04
2674 1.339378e-02 3.489241e-04
2675 1.338168e-02 3.486088e-04
2676 1.336960e-02 3.482938e-04
2677 1.335753e-02 3.479792e-04
2678 1.334547e-02 3.476648e-04
2679 1.333342e-02 3.473506e-04
2680 1.332138e-02 3.470368e-04
2681 1.330935e-02 3.467233e-04
2682 1.329733e-02 3.464100e-04
2683 1.328533e-02 3.460970e-04
2684 1.327333e-02 3.457843e-04
2685 1.326135e-02 3.454719e-04
2686 1.324937e-02 3.451598e-04
2687 1.323741e-02 3.448479e-04
2688 1.322546e-02 3.445364e-04
2689 1.321351e-02 3.442251e-04
2690 1.320158e-02 3.439141e-04
2691 1.318966e-02 3.436033e-04
2692 1.317775e-02 3.432929e-04
2693 1.316585e-02 3.429827e-04
2694 1.315397e-02 3.426728e-04
2695 1.314209e-02 3.423632e-04
2696 1.313022e-02 3.420539e-04
2697 1.311837e-02 3.417449e-04
2698 1.310652e-02 3.414361e-04
2699 1.309469e-02 3.411276e-04
2700 1.308287e-02 3.408194e-04
2701 1.307105e-02 3.405115e-04
2702 1.305925e-02 3.402038e-04
2703 1.304746e-02 3.398965e-04
2704 1.303568e-02 3.395894e-04
2705 1.302391e-02 3.392826e-04
2706 1.301215e-02 3.389760e-04
2707 1.300040e-02 3.386698e-04
2708 1.298866e-02 3.383638e-04
2709 1.297693e-02 3.380581e-04
2710 1.296522e-02 3.377526e-04
2711 1.295351e-02 3.374475e-04
2712 1.294181e-02 3.371426e-04
2713 1.293013e-02 3.368380e-04
2714 1.291845e-02 3.365337e-04
2715 1.290679e-02 3.362296e-04
2716 1.289513e-02 3.359258e-04
2717 1.288349e-02 3.356223e-04
2718 1.287186e-02 3.353191e-04
2719 1.286024e-02 3.350161e-04
2720 1.284862e-02 3.347135e-04
2721 1.283702e-02 3.344110e-04
2722 1.282543e-02 3.341089e-04
2723 1.281385e-02 3.338070e-04
2724 1.280228e-02 3.335055e-04
2725 1.279072e-02 3.332041e-04
2726 1.277917e-02 3.329031e-04
2727 1.276764e-02 3.326023e-04
2728 1.275611e-02 3.323018e-04
2729 1.274459e-02 3.320016e-04
2730 1.273308e-02 3.317016e-04
2731 1.272159e-02 3.314019e-04
2732 1.271010e-02 3.311025e-04
2733 1.269862e-02 3.308034e-04
2734 1.268716e-02 3.305045e-04
2735 1.267570e-02 3.302059e-04
2736 1.266426e-02 3.299076e-04
2737 1.265282e-02 3.296095e-04
2738 1.264140e-02 3.293117e-04
2739 1.262998e-02 3.290142e-04
2740 1.261858e-02 3.287169e-04
2741 1.260719e-02 3.284199e-04
2742 1.259580e-02 3.281232e-04
2743 1.258443e-02 3.278267e-04
2744 1.257307e-02 3.275306e-04
2745 1.256172e-02 3.272346e-04
2746 1.255037e-02 3.269390e-04
2747 1.253904e-02 3.266436e-04
2748 1.252772e-02 3.263485e-04
2749 1.251641e-02 3.260536e-04
2750 1.250511e-02 3.257590e-04
2751 1.249382e-02 3.254647e-04
2752 1.248254e-02 3.251707e-04
2753 1.247127e-02 3.248769e-04
2754 1.246001e-02 3.245834e-04
2755 1.244876e-02 3.242901e-04
2756 1.243752e-02 3.239971e-04
2757 1.242629e-02 3.237044e-04
2758 1.241507e-02 3.234119e-04
2759 1.240386e-02 3.231197e-04
2760 1.239266e-02 3.228278e-04
2761 1.238147e-02 3.225361e-04
2762 1.237029e-02 3.222447e-04
2763 1.235912e-02 3.219536e-04
2764 1.234796e-02 3.216627e-04
2765 1.233681e-02 3.213721e-04
2766 1.232567e-02 3.210817e-04
2767 1.231454e-02 3.207917e-04
2768 1.230343e-02 3.205018e-04
2769 1.229232e-02 3.202123e-04
2770 1.228122e-02 3.199230e-04
2771 1.227013e-02 3.196339e-04
2772 1.225905e-02 3.193451e-04
2773 1.224798e-02 3.190566e-04
2774 1.223692e-02 3.187683e-04
2775 1.222588e-02 3.184803e-04
2776 1.221484e-02 3.181926e-04
2777 1.220381e-02 3.179051e-04
2778 1.219279e-02 3.176179e-04
2779 1.218178e-02 3.173309e-04
2780 1.217078e-02 3.170442e-04
2781 1.215979e-02 3.167578e-04
2782 1.214881e-02 3.164716e-04
2783 1.213785e-02 3.161857e-04
2784 1.212689e-02 3.159000e-04
2785 1.211594e-02 3.156146e-04
2786 1.210500e-02 3.153295e-04
2787 1.209407e-02 3.150446e-04
2788 1.208315e-02 3.147599e-04
2789 1.207224e-02 3.144756e-04
2790 1.206134e-02 3.141914e-04
2791 1.205045e-02 3.139076e-04
2792 1.203957e-02 3.136240e-04
2793 1.202870e-02 3.133406e-04
2794 1.201784e-02 3.130575e-04
2795 1.200699e-02 3.127747e-04
2796 1.199615e-02 3.124921e-04
2797 1.198532e-02 3.122098e-04
2798 1.197450e-02 3.119277e-04
2799 1.196368e-02 3.116459e-04
2800 1.195288e-02 3.113643e-04
2801 1.194209e-02 3.110830e-04
2802 1.193131e-02 3.108019e-04
2803 1.192054e-02 3.105211e-04
2804 1.190977e-02 3.102406e-04
2805 1.189902e-02 3.099603e-04
2806 1.188828e-02 3.096803e-04
2807 1.187754e-02 3.094005e-04
2808 1.186682e-02 3.091209e-04
2809 1.185610e-02 3.088417e-04
2810 1.184540e-02 3.085626e-04
2811 1.183471e-02 3.082838e-04
2812 1.182402e-02 3.080053e-04
2813 1.181334e-02 3.077270e-04
2814 1.180268e-02 3.074490e-04
2815 1.179202e-02 3.071713e-04
2816 1.178138e-02 3.068937e-04
2817 1.177074e-02 3.066165e-04
2818 1.176011e-02 3.063394e-04
2819 1.174949e-02 3.060627e-04
2820 1.173889e-02 3.057862e-04
2821 1.172829e-02 3.055099e-04
2822 1.171770e-02 3.052339e-04
2823 1.170712e-02 3.049581e-04
2824 1.169655e-02 3.046826e-04
2825 1.168599e-02 3.044073e-04
2826 1.167544e-02 3.041323e-04
2827 1.166490e-02 3.038575e-04
2828 1.165436e-02 3.035830e-04
2829 1.164384e-02 3.033087e-04
2830 1.163333e-02 3.030347e-04
2831 1.162283e-02 3.027609e-04
2832 1.161233e-02 3.024874e-04
2833 1.160185e-02 3.022141e-04
2834 1.159137e-02 3.019410e-04
2835 1.158091e-02 3.016682e-04
2836 1.157045e-02 3.013957e-04
2837 1.156001e-02 3.011234e-04
2838 1.154957e-02 3.008513e-04
2839 1.153914e-02 3.005795e-04
2840 1.152872e-02 3.003079e-04
2841 1.151831e-02 3.000366e-04
2842 1.150791e-02 2.997656e-04
2843 1.149752e-02 2.994947e-04
2844 1.148714e-02 2.992241e-04
2845 1.147677e-02 2.989538e-04
2846 1.146641e-02 2.986837e-04
2847 1.145606e-02 2.984139e-04
2848 1.144572e-02 2.981442e-04
2849 1.143538e-02 2.978749e-04
2850 1.142506e-02 2.976058e-04
2851 1.141474e-02 2.973369e-04
2852 1.140444e-02 2.970682e-04
2853 1.139414e-02 2.967999e-04
2854 1.138385e-02 2.965317e-04
2855 1.137357e-02 2.962638e-04
2856 1.136331e-02 2.959961e-04
2857 1.135305e-02 2.957287e-04
2858 1.134280e-02 2.954615e-04
2859 1.133256e-02 2.951946e-04
2860 1.132232e-02 2.949279e-04
2861 1.131210e-02 2.946614e-04
2862 1.130189e-02 2.943952e-04
2863 1.129169e-02 2.941292e-04
2864 1.128149e-02 2.938635e-04
2865 1.127131e-02 2.935980e-04
2866 1.126113e-02 2.933328e-04
2867 1.125096e-02 2.930677e-04
2868 1.124080e-02 2.928030e-04
2869 1.123066e-02 2.925384e-04
2870 1.122052e-02 2.922741e-04
2871 1.121039e-02 2.920101e-04
2872 1.120026e-02 2.917462e-04
2873 1.119015e-02 2.914827e-04
2874 1.118005e-02 2.912193e-04
2875 1.116996e-02 2.909562e-04
2876 1.115987e-02 2.906933e-04
2877 1.114980e-02 2.904307e-04
2878 1.113973e-02 2.901683e-04
2879 1.112967e-02 2.899062e-04
2880 1.111962e-02 2.896442e-04
2881 1.110959e-02 2.893826e-04
2882 1.109956e-02 2.891211e-04
2883 1.108953e-02 2.888599e-04
2884 1.107952e-02 2.885989e-04
2885 1.106952e-02 2.883382e-04
2886 1.105953e-02 2.880777e-04
2887 1.104954e-02 2.878174e-04
2888 1.103956e-02 2.875574e-04
2889 1.102960e-02 2.872976e-04
2890 1.101964e-02 2.870380e-04
2891 1.100969e-02 2.867787e-04
2892 1.099975e-02 2.865196e-04
2893 1.098982e-02 2.862607e-04
2894 1.097990e-02 2.860021e-04
2895 1.096999e-02 2.857437e-04
2896 1.096008e-02 2.854856e-04
2897 1.095019e-02 2.852276e-04
2898 1.094030e-02 2.849699e-04
2899 1.093042e-02 2.847125e-04
2900 1.092056e-02 2.844553e-04
2901 1.091070e-02 2.841983e-04
2902 1.090085e-02 2.839415e-04
2903 1.089100e-02 2.836850e-04
2904 1.088117e-02 2.834287e-04
2905 1.087135e-02 2.831726e-04
2906 1.086153e-02 2.829168e-04
2907 1.085173e-02 2.826612e-04
2908 1.084193e-02 2.824058e-04
2909 1.083214e-02 2.821506e-04
2910 1.082236e-02 2.818957e-04
2911 1.081259e-02 2.816410e-04
2912 1.080283e-02 2.813866e-04
2913 1.079308e-02 2.811324e-04
2914 1.078333e-02 2.808784e-04
2915 1.077360e-02 2.806246e-04
2916 1.076387e-02 2.803711e-04
2917 1.075415e-02 2.801178e-04
2918 1.074444e-02 2.798647e-04
2919 1.073474e-02 2.796119e-04
2920 1.072505e-02 2.793592e-04
2921 1.071537e-02 2.791068e-04
2922 1.070570e-02 2.788547e-04
2923 1.069603e-02 2.786027e-04
2924 1.068637e-02 2.783510e-04
2925 1.067673e-02 2.780996e-04
2926 1.066709e-02 2.778483e-04
2927 1.065746e-02 2.775973e-04
2928 1.064784e-02 2.773465e-04
2929 1.063822e-02 2.770959e-04
2930 1.062862e-02 2.768456e-04
2931 1.061902e-02 2.765955e-04
2932 1.060944e-02 2.763456e-04
2933 1.059986e-02 2.760959e-04
2934 1.059029e-02 2.758464e-04
2935 1.058073e-02 2.755972e-04
2936 1.057118e-02 2.753482e-04
2937 1.056163e-02 2.750995e-04
2938 1.055210e-02 2.748509e-04
2939 1.054257e-02 2.746026e-04
2940 1.053305e-02 2.743545e-04
2941 1.052354e-02 2.741067e-04
2942 1.051404e-02 2.738590e-04
2943 1.050455e-02 2.736116e-04
2944 1.049507e-02 2.733644e-04
2945 1.048559e-02 2.731174e-04
2946 1.047613e-02 2.728707e-04
2947 1.046667e-02 2.726241e-04
2948 1.045722e-02 2.723778e-04
2949 1.044778e-02 2.721318e-04
2950 1.043835e-02 2.718859e-04
2951 1.042892e-02 2.716403e-04
2952 1.041951e-02 2.713948e-04
2953 1.041010e-02 2.711496e-04
2954 1.040070e-02 2.709047e-04
2955 1.039131e-02 2.706599e-04
2956 1.038193e-02 2.704154e-04
2957 1.037256e-02 2.701711e-04
2958 1.036320e-02 2.699270e-04
2959 1.035384e-02 2.696831e-04
2960 1.034449e-02 2.694395e-04
2961 1.033515e-02 2.691961e-04
2962 1.032582e-02 2.689528e-04
2963 1.031650e-02 2.687099e-04
2964 1.030719e-02 2.684671e-04
2965 1.029788e-02 2.682245e-04
2966 1.028859e-02 2.679822e-04
2967 1.027930e-02 2.677401e-04
2968 1.027002e-02 2.674982e-04
2969 1.026075e-02 2.672565e-04
2970 1.025148e-02 2.670151e-04
2971 1.024223e-02 2.667738e-04
2972 1.023298e-02 2.665328e-04
2973 1.022374e-02 2.662920e-04
2974 1.021451e-02 2.660514e-04
2975 1.020529e-02 2.658111e-04
2976 1.019608e-02 2.655709e-04
2977 1.018687e-02 2.653310e-04
2978 1.017768e-02 2.650913e-04
2979 1.016849e-02 2.648518e-04
2980 1.015931e-02 2.646125e-04
2981 1.015014e-02 2.643734e-04
2982 1.014098e-02 2.641346e-04
2983 1.013182e-02 2.638959e-04
2984 1.012267e-02 2.636575e-04
2985 1.011354e-02 2.634193e-04
2986 1.010441e-02 2.631813e-04
2987 1.009528e-02 2.629436e-04
2988 1.008617e-02 2.627060e-04
2989 1.007706e-02 2.624687e-04
2990 1.006797e-02 2.622315e-04
2991 1.005888e-02 2.619946e-04
2992 1.004980e-02 2.617579e-04
2993 1.004072e-02 2.615214e-04
2994 1.003166e-02 2.612852e-04
2995 1.002260e-02 2.610491e-04
2996 1.001356e-02 2.608132e-04
2997 1.000452e-02 2.605776e-04
2998 9.995484e-03 2.603422e-04
2999 9.986461e-03 2.601070e-04
3000 9.977445e-03 2.598720e-04
3001 9.968438e-03 2.596372e-04
3002 9.959439e-03 2.594026e-04
3003 9.950448e-03 2.591683e-04
3004 9.941465e-03 2.589341e-04
3005 9.932490e-03 2.587002e-04
3006 9.923524e-03 2.584665e-04
3007 9.914565e-03 2.582330e-04
3008 9.905615e-03 2.579997e-04
3009 9.896673e-03 2.577666e-04
3010 9.887738e-03 2.575337e-04
3011 9.878812e-03 2.573010e-04
3012 9.869894e-03 2.570686e-04
3013 9.860984e-03 2.568363e-04
3014 9.852082e-03 2.566043e-04
3015 9.843188e-03 2.563724e-04
3016 9.834302e-03 2.561408e-04
3017 9.825424e-03 2.559094e-04
3018 9.816554e-03 2.556782e-04
3019 9.807692e-03 2.554472e-04
3020 9.798839e-03 2.552164e-04
3021 9.789993e-03 2.549858e-04
3022 9.781155e-03 2.547555e-04
3023 9.772325e-03 2.545253e-04
3024 9.763503e-03 2.542954e-04
3025 9.754689e-03 2.540656e-04
3026 9.745883e-03 2.538361e-04
3027 9.737085e-03 2.536067e-04
3028 9.728295e-03 2.533776e-04
3029 9.719513e-03 2.531487e-04
3030 9.710739e-03 2.529200e-04
3031 9.701972e-03 2.526915e-04
3032 9.693214e-03 2.524632e-04
3033 9.684464e-03 2.522351e-04
3034 9.675721e-03 2.520072e-04
3035 9.666987e-03 2.517796e-04
3036 9.658260e-03 2.515521e-04
3037 9.649541e-03 2.513248e-04
3038 9.640830e-03 2.510978e-04
3039 9.632127e-03 2.508709e-04
3040 9.623432e-03 2.506443e-04
3041 9.614744e-03 2.504178e-04
3042 9.606065e-03 2.501916e-04
3043 9.597393e-03 2.499655e-04
3044 9.588729e-03 2.497397e-04
3045 9.580073e-03 2.495141e-04
3046 9.571425e-03 2.492886e-04
3047 9.562784e-03 2.490634e-04
3048 9.554152e-03 2.488384e-04
3049 9.545527e-03 2.486136e-04
3050 9.536910e-03 2.483890e-04
3051 9.528301e-03 2.481646e-04
3052 9.519699e-03 2.479404e-04
3053 9.511106e-03 2.477164e-04
3054 9.502520e-03 2.474926e-04
3055 9.493942e-03 2.472690e-04
3056 9.485371e-03 2.470456e-04
3057 9.476809e-03 2.468224e-04
3058 9.468254e-03 2.465994e-04
3059 9.459706e-03 2.463766e-04
3060 9.451167e-03 2.461540e-04
3061 9.442635e-03 2.459316e-04
3062 9.434111e-03 2.457094e-04
3063 9.425595e-03 2.454874e-04
3064 9.417086e-03 2.452657e-04
3065 9.408585e-03 2.450441e-04
3066 9.400092e-03 2.448227e-04
3067 9.391606e-03 2.446015e-04
3068 9.383128e-03 2.443805e-04
3069 9.374658e-03 2.441597e-04
3070 9.366195e-03 2.439391e-04
3071 9.357740e-03 2.437187e-04
3072 9.349293e-03 2.434986e-04
3073 9.340853e-03 2.432786e-04
3074 9.332421e-03 2.430588e-04
3075 9.323997e-03 2.428392e-04
3076 9.315580e-03 2.426198e-04
3077 9.307171e-03 2.424006e-04
3078 9.298769e-03 2.421816e-04
3079 9.290375e-03 2.419628e-04
3080 9.281989e-03 2.417442e-04
3081 9.273610e-03 2.415258e-04
3082 9.265238e-03 2.413076e-04
3083 9.256875e-03 2.410896e-04
3084 9.248518e-03 2.408718e-04
3085 9.240170e-03 2.406541e-04
3086 9.231828e-03 2.404367e-04
3087 9.223495e-03 2.402195e-04
3088 9.215169e-03 2.400025e-04
3089 9.206850e-03 2.397856e-04
3090 9.198539e-03 2.395690e-04
3091 9.190236e-03 2.393526e-04
3092 9.181940e-03 2.391363e-04
3093 9.173651e-03 2.389203e-04
3094 9.165370e-03 2.387044e-04
3095 9.157097e-03 2.384888e-04
3096 9.148831e-03 2.382733e-04
3097 9.140572e-03 2.380580e-04
3098 9.132321e-03 2.378430e-04
3099 9.124077e-03 2.376281e-04
3100 9.115841e-03 2.374134e-04
3101 9.107612e-03 2.371989e-04
3102 9.099391e-03 2.369846e-04
3103 9.091177e-03 2.367705e-04
3104 9.082970e-03 2.365566e-04
3105 9.074771e-03 2.363429e-04
3106 9.066579e-03 2.361294e-04
3107 9.058395e-03 2.359160e-04
3108 9.050218e-03 2.357029e-04
3109 9.042049e-03 2.354899e-04
3110 9.033887e-03 2.352772e-04
3111 9.025732e-03 2.350646e-04
3112 9.017584e-03 2.348523e-04
3113 9.009444e-03 2.346401e-04
3114 9.001312e-03 2.344281e-04
3115 8.993186e-03 2.342163e-04
3116 8.985068e-03 2.340047e-04
3117 8.976958e-03 2.337933e-04
3118 8.968854e-03 2.335821e-04
3119 8.960758e-03 2.333710e-04
3120 8.952670e-03 2.331602e-04
3121 8.944588e-03 2.329495e-04
3122 8.936514e-03 2.327391e-04
3123 8.928448e-03 2.325288e-04
3124 8.920388e-03 2.323187e-04
3125 8.912336e-03 2.321088e-04
3126 8.904291e-03 2.318991e-04
3127 8.896253e-03 2.316896e-04
3128 8.888223e-03 2.314803e-04
3129 8.880200e-03 2.312712e-04
3130 8.872184e-03 2.310622e-04
3131 8.864175e-03 2.308535e-04
3132 8.856174e-03 2.306449e-04
3133 8.848179e-03 2.304365e-04
3134 8.840192e-03 2.302284e-04
3135 8.832213e-03 2.300204e-04
3136 8.824240e-03 2.298125e-04
3137 8.816275e-03 2.296049e-04
3138 8.808317e-03 2.293975e-04
3139 8.800366e-03 2.291902e-04
3140 8.792422e-03 2.289832e-04
3141 8.784485e-03 2.287763e-04
3142 8.776556e-03 2.285696e-04
3143 8.768634e-03 2.283631e-04
3144 8.760718e-03 2.281568e-04
3145 8.752810e-03 2.279507e-04
3146 8.744910e-03 2.277447e-04
3147 8.737016e-03 2.275390e-04
3148 8.729129e-03 2.273334e-04
3149 8.721250e-03 2.271280e-04
3150 8.713378e-03 2.269228e-04
3151 8.705512e-03 2.267178e-04
3152 8.697654e-03 2.265130e-04
3153 8.689803e-03 2.263083e-04
3154 8.681960e-03 2.261039e-04
3155 8.674123e-03 2.258996e-04
3156 8.666293e-03 2.256955e-04
3157 8.658470e-03 2.254916e-04
3158 8.650655e-03 2.252879e-04
3159 8.642846e-03 2.250843e-04
3160 8.635045e-03 2.248810e-04
3161 8.627250e-03 2.246778e-04
3162 8.619463e-03 2.244748e-04
3163 8.611683e-03 2.242720e-04
3164 8.603909e-03 2.240694e-04
3165 8.596143e-03 2.238670e-04
3166 8.588384e-03 2.236647e-04
3167 8.580631e-03 2.234627e-04
3168 8.572886e-03 2.232608e-04
3169 8.565148e-03 2.230591e-04
3170 8.557417e-03 2.228575e-04
3171 8.549692e-03 2.226562e-04
3172 8.541975e-03 2.224550e-04
3173 8.534265e-03 2.222541e-04
3174 8.526561e-03 2.220533e-04
3175 8.518865e-03 2.218527e-04
3176 8.511175e-03 2.216522e-04
3177 8.503493e-03 2.214520e-04
3178 8.495817e-03 2.212519e-04
3179 8.488149e-03 2.210520e-04
3180 8.480487e-03 2.208523e-04
3181 8.472832e-03 2.206528e-04
3182 8.465184e-03 2.204534e-04
3183 8.457543e-03 2.202543e-04
3184 8.449909e-03 2.200553e-04
3185 8.442282e-03 2.198565e-04
3186 8.434662e-03 2.196578e-04
3187 8.427049e-03 2.194594e-04
3188 8.419442e-03 2.192611e-04
3189 8.411842e-03 2.190630e-04
3190 8.404250e-03 2.188651e-04
3191 8.396664e-03 2.186674e-04
3192 8.389085e-03 2.184698e-04
3193 8.381512e-03 2.182724e-04
3194 8.373947e-03 2.180752e-04
3195 8.366389e-03 2.178782e-04
3196 8.358837e-03 2.176814e-04
3197 8.351292e-03 2.174847e-04
3198 8.343754e-03 2.172882e-04
3199 8.336223e-03 2.170919e-04
3200 8.328698e-03 2.168958e-04
3201 8.321181e-03 2.166998e-04
3202 8.313670e-03 2.165041e-04
3203 8.306166e-03 2.163085e-04
3204 8.298668e-03 2.161130e-04
3205 8.291178e-03 2.159178e-04
3206 8.283694e-03 2.157227e-04
3207 8.276217e-03 2.155278e-04
3208 8.268747e-03 2.153331e-04
3209 8.261283e-03 2.151386e-04
3210 8.253827e-03 2.149442e-04
3211 8.246377e-03 2.147500e-04
3212 8.238933e-03 2.145560e-04
3213 8.231497e-03 2.143622e-04
3214 8.224067e-03 2.141685e-04
3215 8.216644e-03 2.139750e-04
3216 8.209227e-03 2.137817e-04
3217 8.201818e-03 2.135885e-04
3218 8.194415e-03 2.133956e-04
3219 8.187018e-03 2.132028e-04
3220 8.179629e-03 2.130102e-04
3221 8.172246e-03 2.128177e-04
3222 8.164869e-03 2.126255e-04
3223 8.157500e-03 2.124334e-04
3224 8.150137e-03 2.122414e-04
3225 8.142781e-03 2.120497e-04
3226 8.135431e-03 2.118581e-04
3227 8.128088e-03 2.116667e-04
3228 8.120751e-03 2.114755e-04
3229 8.113422e-03 2.112844e-04
3230 8.106098e-03 2.110935e-04
3231 8.098782e-03 2.109028e-04
3232 8.091472e-03 2.107123e-04
3233 8.084169e-03 2.105219e-04
3234 8.076872e-03 2.103317e-04
3235 8.069582e-03 2.101417e-04
3236 8.062298e-03 2.099518e-04
3237 8.055021e-03 2.097622e-04
3238 8.047751e-03 2.095726e-04
3239 8.040487e-03 2.093833e-04
3240 8.033230e-03 2.091941e-04
3241 8.025979e-03 2.090051e-04
3242 8.018735e-03 2.088163e-04
3243 8.011497e-03 2.086277e-04
3244 8.004266e-03 2.084392e-04
3245 7.997042e-03 2.082509e-04
3246 7.989824e-03 2.080627e-04
3247 7.982612e-03 2.078748e-04
3248 7.975407e-03 2.076869e-04
3249 7.968209e-03 2.074993e-04
3250 7.961017e-03 2.073118e-04
3251 7.953831e-03 2.071246e-04
3252 7.946652e-03 2.069374e-04
3253 7.939480e-03 2.067505e-04
3254 7.932314e-03 2.065637e-04
3255 7.925154e-03 2.063771e-04
3256 7.918001e-03 2.061906e-04
3257 7.910855e-03 2.060043e-04
3258 7.903715e-03 2.058182e-04
3259 7.896581e-03 2.056323e-04
3260 7.889454e-03 2.054465e-04
3261 7.882333e-03 2.052609e-04
3262 7.875218e-03 2.050754e-04
3263 7.868110e-03 2.048902e-04
3264 7.861009e-03 2.047051e-04
3265 7.853914e-03 2.045201e-04
3266 7.846825e-03 2.043353e-04
3267 7.839743e-03 2.041507e-04
3268 7.832667e-03 2.039663e-04
3269 7.825597e-03 2.037820e-04
3270 7.818534e-03 2.035979e-04
3271 7.811478e-03 2.034140e-04
3272 7.804427e-03 2.032302e-04
3273 7.797383e-03 2.030466e-04
3274 7.790346e-03 2.028631e-04
3275 7.783314e-03 2.026799e-04
3276 7.776289e-03 2.024968e-04
3277 7.769271e-03 2.023138e-04
3278 7.762259e-03 2.021310e-04
3279 7.755253e-03 2.019484e-04
3280 7.748253e-03 2.017660e-04
3281 7.741260e-03 2.015837e-04
3282 7.734273e-03 2.014016e-04
3283 7.727292e-03 2.012196e-04
3284 7.720318e-03 2.010378e-04
3285 7.713350e-03 2.008562e-04
3286 7.706388e-03 2.006747e-04
3287 7.699433e-03 2.004934e-04
3288 7.692484e-03 2.003123e-04
3289 7.685541e-03 2.001313e-04
3290 7.678604e-03 1.999505e-04
3291 7.671674e-03 1.997699e-04
3292 7.664750e-03 1.995894e-04
3293 7.657832e-03 1.994091e-04
3294 7.650921e-03 1.992289e-04
3295 7.644015e-03 1.990489e-04
3296 7.637116e-03 1.988691e-04
3297 7.630223e-03 1.986894e-04
3298 7.623337e-03 1.985099e-04
3299 7.616456e-03 1.983306e-04
3300 7.609582e-03 1.981514e-04
3301 7.602714e-03 1.979724e-04
3302 7.595853e-03 1.977935e-04
3303 7.588997e-03 1.976148e-04
3304 7.582148e-03 1.974363e-04
3305 7.575304e-03 1.972579e-04
3306 7.568467e-03 1.970797e-04
3307 7.561637e-03 1.969016e-04
3308 7.554812e-03 1.967238e-04
3309 7.547994e-03 1.965460e-04
3310 7.541181e-03 1.963685e-04
3311 7.534375e-03 1.961911e-04
3312 7.527575e-03 1.960138e-04
3313 7.520781e-03 1.958367e-04
3314 7.513993e-03 1.956598e-04
3315 7.507212e-03 1.954830e-04
3316 7.500436e-03 1.953064e-04
3317 7.493667e-03 1.951300e-04
3318 7.486904e-03 1.949537e-04
3319 7.480147e-03 1.947775e-04
3320 7.473396e-03 1.946016e-04
3321 7.466651e-03 1.944258e-04
3322 7.459912e-03 1.942501e-04
3323 7.453179e-03 1.940746e-04
3324 7.446452e-03 1.938993e-04
3325 7.439732e-03 1.937241e-04
3326 7.433017e-03 1.935491e-04
3327 7.426309e-03 1.933742e-04
3328 7.419607e-03 1.931995e-04
3329 7.412910e-03 1.930250e-04
3330 7.406220e-03 1.928506e-04
3331 7.399536e-03 1.926763e-04
3332 7.392858e-03 1.925023e-04
3333 7.386185e-03 1.923284e-04
3334 7.379519e-03 1.921546e-04
3335 7.372859e-03 1.919810e-04
3336 7.366205e-03 1.918076e-04
3337 7.359557e-03 1.916343e-04
3338 7.352915e-03 1.914611e-04
3339 7.346279e-03 1.912882e-04
3340 7.339649e-03 1.911153e-04
3341 7.333025e-03 1.909427e-04
3342 7.326407e-03 1.907702e-04
3343 7.319795e-03 1.905978e-04
3344 7.313188e-03 1.904256e-04
3345 7.306588e-03 1.902536e-04
3346 7.299994e-03 1.900817e-04
3347 7.293406e-03 1.899100e-04
3348 7.286823e-03 1.897384e-04
3349 7.280247e-03 1.895670e-04
3350 7.273677e-03 1.893957e-04
3351 7.267112e-03 1.892246e-04
3352 7.260554e-03 1.890537e-04
3353 7.254001e-03 1.888829e-04
3354 7.247454e-03 1.887122e-04
3355 7.240913e-03 1.885417e-04
3356 7.234379e-03 1.883714e-04
3357 7.227850e-03 1.882012e-04
3358 7.221327e-03 1.880312e-04
3359 7.214809e-03 1.878613e-04
3360 7.208298e-03 1.876916e-04
3361 7.201793e-03 1.875220e-04
3362 7.195293e-03 1.873526e-04
3363 7.188799e-03 1.871833e-04
3364 7.182312e-03 1.870142e-04
3365 7.175830e-03 1.868452e-04
3366 7.169354e-03 1.866764e-04
3367 7.162883e-03 1.865078e-04
3368 7.156419e-03 1.863393e-04
3369 7.149960e-03 1.861709e-04
3370 7.143508e-03 1.860027e-04
3371 7.137061e-03 1.858347e-04
3372 7.130620e-03 1.856668e-04
3373 7.124185e-03 1.854991e-04
3374 7.117755e-03 1.853315e-04
3375 7.111332e-03 1.851640e-04
3376 7.104914e-03 1.849968e-04
3377 7.098502e-03 1.848296e-04
3378 7.092096e-03 1.846626e-04
3379 7.085695e-03 1.844958e-04
3380 7.079300e-03 1.843291e-04
3381 7.072912e-03 1.841626e-04
3382 7.066528e-03 1.839962e-04
3383 7.060151e-03 1.838300e-04
3384 7.053780e-03 1.836639e-04
3385 7.047414e-03 1.834980e-04
3386 7.041054e-03 1.833322e-04
3387 7.034699e-03 1.831666e-04
3388 7.028351e-03 1.830011e-04
3389 7.022008e-03 1.828357e-04
3390 7.015671e-03 1.826706e-04
3391 7.009340e-03 1.825055e-04
3392 7.003014e-03 1.823406e-04
3393 6.996694e-03 1.821759e-04
3394 6.990380e-03 1.820113e-04
3395 6.984071e-03 1.818469e-04
3396 6.977768e-03 1.816826e-04
3397 6.971471e-03 1.815185e-04
3398 6.965180e-03 1.813545e-04
3399 6.958894e-03 1.811906e-04
3400 6.952614e-03 1.810269e-04
3401 6.946339e-03 1.808634e-04
3402 6.940071e-03 1.807000e-04
3403 6.933808e-03 1.805367e-04
3404 6.927550e-03 1.803736e-04
3405 6.921298e-03 1.802107e-04
3406 6.915052e-03 1.800479e-04
3407 6.908812e-03 1.798852e-04
3408 6.902577e-03 1.797227e-04
3409 6.896348e-03 1.795603e-04
3410 6.890124e-03 1.793981e-04
3411 6.883906e-03 1.792360e-04
3412 6.877694e-03 1.790741e-04
3413 6.871487e-03 1.789123e-04
3414 6.865286e-03 1.787507e-04
3415 6.859091e-03 1.785892e-04
3416 6.852901e-03 1.784278e-04
3417 6.846716e-03 1.782666e-04
3418 6.840538e-03 1.781056e-04
3419 6.834364e-03 1.779447e-04
3420 6.828197e-03 1.777839e-04
3421 6.822035e-03 1.776233e-04
3422 6.815878e-03 1.774628e-04
3423 6.809727e-03 1.773025e-04
3424 6.803582e-03 1.771423e-04
3425 6.797442e-03 1.769822e-04
3426 6.791308e-03 1.768224e-04
3427 6.785180e-03 1.766626e-04
3428 6.779056e-03 1.765030e-04
3429 6.772939e-03 1.763435e-04
3430 6.766827e-03 1.761842e-04
3431 6.760720e-03 1.760250e-04
3432 6.754619e-03 1.758660e-04
3433 6.748524e-03 1.757071e-04
3434 6.742434e-03 1.755484e-04
3435 6.736349e-03 1.753898e-04
3436 6.730270e-03 1.752313e-04
3437 6.724196e-03 1.750730e-04
3438 6.718128e-03 1.749149e-04
3439 6.712066e-03 1.747568e-04
3440 6.706009e-03 1.745989e-04
3441 6.699957e-03 1.744412e-04
3442 6.693911e-03 1.742836e-04
3443 6.687870e-03 1.741261e-04
3444 6.681835e-03 1.739688e-04
3445 6.675805e-03 1.738117e-04
3446 6.669781e-03 1.736546e-04
3447 6.663762e-03 1.734977e-04
3448 6.657749e-03 1.733410e-04
3449 6.651741e-03 1.731844e-04
3450 6.645738e-03 1.730279e-04
3451 6.639741e-03 1.728716e-04
3452 6.633749e-03 1.727154e-04
3453 6.627763e-03 1.725594e-04
3454 6.621782e-03 1.724035e-04
3455 6.615806e-03 1.722477e-04
3456 6.609836e-03 1.720921e-04
3457 6.603871e-03 1.719366e-04
3458 6.597912e-03 1.717813e-04
3459 6.591958e-03 1.716261e-04
3460 6.586010e-03 1.714711e-04
3461 6.580066e-03 1.713161e-04
3462 6.574129e-03 1.711614e-04
3463 6.568196e-03 1.710067e-04
3464 6.562269e-03 1.708522e-04
3465 6.556347e-03 1.706979e-04
3466 6.550431e-03 1.705437e-04
3467 6.544520e-03 1.703896e-04
3468 6.538614e-03 1.702357e-04
3469 6.532714e-03 1.700819e-04
3470 6.526819e-03 1.699282e-04
3471 6.520929e-03 1.697747e-04
3472 6.515045e-03 1.696213e-04
3473 6.509165e-03 1.694680e-04
3474 6.503292e-03 1.693149e-04
3475 6.497423e-03 1.691620e-04
3476 6.491560e-03 1.690091e-04
3477 6.485702e-03 1.688565e-04
3478 6.479850e-03 1.687039e-04
3479 6.474002e-03 1.685515e-04
3480 6.468160e-03 1.683992e-04
3481 6.462324e-03 1.682471e-04
3482 6.456492e-03 1.680951e-04
3483 6.450666e-03 1.679432e-04
3484 6.444845e-03 1.677915e-04
3485 6.439029e-03 1.676399e-04
3486 6.433219e-03 1.674884e-04
3487 6.427414e-03 1.673371e-04
3488 6.421614e-03 1.671859e-04
3489 6.415819e-03 1.670349e-04
3490 6.410030e-03 1.668840e-04
3491 6.404246e-03 1.667332e-04
3492 6.398467e-03 1.665826e-04
3493 6.392693e-03 1.664321e-04
3494 6.386924e-03 1.662817e-04
3495 6.381161e-03 1.661315e-04
3496 6.375403e-03 1.659814e-04
3497 6.369650e-03 1.658314e-04
3498 6.363902e-03 1.656816e-04
3499 6.358160e-03 1.655319e-04
3500 6.352422e-03 1.653824e-04
3501 6.346690e-03 1.652330e-04
3502 6.340963e-03 1.650837e-04
3503 6.335241e-03 1.649346e-04
3504 6.329525e-03 1.647855e-04
3505 6.323813e-03 1.646367e-04
3506 6.318107e-03 1.644879e-04
3507 6.312406e-03 1.643393e-04
3508 6.306710e-03 1.641909e-04
3509 6.301019e-03 1.640425e-04
3510 6.295333e-03 1.638943e-04
3511 6.289653e-03 1.637462e-04
3512 6.283977e-03 1.635983e-04
3513 6.278307e-03 1.634505e-04
3514 6.272642e-03 1.633028e-04
3515 6.266981e-03 1.631553e-04
3516 6.261326e-03 1.630079e-04
3517 6.255677e-03 1.628606e-04
3518 6.250032e-03 1.627135e-04
3519 6.244392e-03 1.625665e-04
3520 6.238758e-03 1.624196e-04
3521 6.233128e-03 1.622729e-04
3522 6.227504e-03 1.621263e-04
3523 6.221884e-03 1.619798e-04
3524 6.216270e-03 1.618335e-04
3525 6.210661e-03 1.616873e-04
3526 6.205057e-03 1.615412e-04
3527 6.199458e-03 1.613952e-04
3528 6.193864e-03 1.612494e-04
3529 6.188275e-03 1.611037e-04
3530 6.182691e-03 1.609582e-04
3531 6.177112e-03 1.608128e-04
3532 6.171539e-03 1.606675e-04
3533 6.165970e-03 1.605223e-04
3534 6.160406e-03 1.603773e-04
3535 6.154848e-03 1.602324e-04
3536 6.149294e-03 1.600877e-04
3537 6.143745e-03 1.599430e-04
3538 6.138202e-03 1.597985e-04
3539 6.132663e-03 1.596542e-04
3540 6.127129e-03 1.595099e-04
3541 6.121601e-03 1.593658e-04
3542 6.116077e-03 1.592218e-04
3543 6.110558e-03 1.590780e-04
3544 6.105045e-03 1.589343e-04
3545 6.099536e-03 1.587907e-04
3546 6.094032e-03 1.586472e-04
3547 6.088534e-03 1.585039e-04
3548 6.083040e-03 1.583607e-04
3549 6.077551e-03 1.582176e-04
3550 6.072067e-03 1.580747e-04
3551 6.066589e-03 1.579319e-04
3552 6.061115e-03 1.577892e-04
3553 6.055646e-03 1.576466e-04
3554 6.050182e-03 1.575042e-04
3555 6.044722e-03 1.573619e-04
3556 6.039268e-03 1.572197e-04
3557 6.033819e-03 1.570777e-04
3558 6.028375e-03 1.569358e-04
3559 6.022935e-03 1.567940e-04
3560 6.017501e-03 1.566524e-04
3561 6.012071e-03 1.565108e-04
3562 6.006647e-03 1.563694e-04
3563 6.001227e-03 1.562282e-04
3564 5.995812e-03 1.560870e-04
3565 5.990402e-03 1.559460e-04
3566 5.984997e-03 1.558051e-04
3567 5.979597e-03 1.556643e-04
3568 5.974201e-03 1.555237e-04
3569 5.968811e-03 1.553832e-04
3570 5.963425e-03 1.552428e-04
3571 5.958045e-03 1.551026e-04
3572 5.952669e-03 1.549624e-04
3573 5.947298e-03 1.548224e-04
3574 5.941932e-03 1.546826e-04
3575 5.936570e-03 1.545428e-04
3576 5.931214e-03 1.544032e-04
3577 5.925862e-03 1.542637e-04
3578 5.920516e-03 1.541243e-04
3579 5.915174e-03 1.539851e-04
3580 5.909836e-03 1.538460e-04
3581 5.904504e-03 1.537070e-04
3582 5.899177e-03 1.535681e-04
3583 5.893854e-03 1.534294e-04
3584 5.888536e-03 1.532908e-04
3585 5.883223e-03 1.531523e-04
3586 5.877915e-03 1.530139e-04
3587 5.872611e-03 1.528757e-04
3588 5.867313e-03 1.527376e-04
3589 5.862019e-03 1.525996e-04
3590 5.856730e-03 1.524617e-04
3591 5.851445e-03 1.523240e-04
3592 5.846166e-03 1.521863e-04
3593 5.840891e-03 1.520489e-04
3594 5.835621e-03 1.519115e-04
3595 5.830356e-03 1.517742e-04
3596 5.825095e-03 1.516371e-04
3597 5.819840e-03 1.515001e-04
3598 5.814589e-03 1.513633e-04
3599 5.809342e-03 1.512265e-04
3600 5.804101e-03 1.510899e-04
3601 5.798864e-03 1.509534e-04
3602 5.793632e-03 1.508170e-04
3603 5.788405e-03 1.506807e-04
3604 5.783182e-03 1.505446e-04
3605 5.777964e-03 1.504086e-04
3606 5.772751e-03 1.502727e-04
3607 5.767543e-03 1.501370e-04
3608 5.762339e-03 1.500013e-04
3609 5.757140e-03 1.498658e-04
3610 5.751945e-03 1.497304e-04
3611 5.746756e-03 1.495951e-04
3612 5.741571e-03 1.494600e-04
3613 5.736391e-03 1.493249e-04
3614 5.731215e-03 1.491900e-04
3615 5.726044e-03 1.490553e-04
3616 5.720878e-03 1.489206e-04
3617 5.715716e-03 1.487861e-04
3618 5.710559e-03 1.486516e-04
3619 5.705407e-03 1.485173e-04
3620 5.700259e-03 1.483832e-04
3621 5.695116e-03 1.482491e-04
3622 5.689978e-03 1.481152e-04
3623 5.684844e-03 1.479814e-04
3624 5.679715e-03 1.478477e-04
3625 5.674591e-03 1.477141e-04
3626 5.669471e-03 1.475806e-04
3627 5.664356e-03 1.474473e-04
3628 5.659246e-03 1.473141e-04
3629 5.654140e-03 1.471810e-04
3630 5.649038e-03 1.470480e-04
3631 5.643942e-03 1.469152e-04
3632 5.638850e-03 1.467825e-04
3633 5.633762e-03 1.466498e-04
3634 5.628679e-03 1.465174e-04
3635 5.623601e-03 1.463850e-04
3636 5.618527e-03 1.462527e-04
3637 5.613458e-03 1.461206e-04
3638 5.608394e-03 1.459886e-04
3639 5.603334e-03 1.458567e-04
3640 5.598278e-03 1.457249e-04
3641 5.593227e-03 1.455933e-04
3642 5.588181e-03 1.454617e-04
3643 5.583140e-03 1.453303e-04
3644 5.578102e-03 1.451990e-04
3645 5.573070e-03 1.450678e-04
3646 5.568042e-03 1.449368e-04
3647 5.563018e-03 1.448058e-04
3648 5.557999e-03 1.446750e-04
3649 5.552985e-03 1.445443e-04
3650 5.547975e-03 1.444137e-04
3651 5.542970e-03 1.442832e-04
3652 5.537969e-03 1.441529e-04
3653 5.532972e-03 1.440227e-04
3654 5.527981e-03 1.438925e-04
3655 5.522993e-03 1.437625e-04
3656 5.518010e-03 1.436327e-04
3657 5.513032e-03 1.435029e-04
3658 5.508058e-03 1.433732e-04
3659 5.503089e-03 1.432437e-04
3660 5.498124e-03 1.431143e-04
3661 5.493164e-03 1.429850e-04
3662 5.488208e-03 1.428558e-04
3663 5.483257e-03 1.427268e-04
3664 5.478310e-03 1.425978e-04
3665 5.473367e-03 1.424690e-04
3666 5.468429e-03 1.423403e-04
3667 5.463496e-03 1.422117e-04
3668 5.458567e-03 1.420832e-04
3669 5.453642e-03 1.419548e-04
3670 5.448722e-03 1.418266e-04
3671 5.443806e-03 1.416985e-04
3672 5.438895e-03 1.415704e-04
3673 5.433988e-03 1.414425e-04
3674 5.429086e-03 1.413148e-04
3675 5.424188e-03 1.411871e-04
3676 5.419294e-03 1.410595e-04
3677 5.414405e-03 1.409321e-04
3678 5.409521e-03 1.408048e-04
3679 5.404640e-03 1.406776e-04
3680 5.399764e-03 1.405505e-04
3681 5.394893e-03 1.404235e-04
3682 5.390026e-03 1.402966e-04
3683 5.385163e-03 1.401699e-04
3684 5.380305e-03 1.400432e-04
3685 5.375451e-03 1.399167e-04
3686 5.370602e-03 1.397903e-04
3687 5.365756e-03 1.396640e-04
3688 5.360916e-03 1.395378e-04
3689 5.356079e-03 1.394118e-04
3690 5.351247e-03 1.392858e-04
3691 5.346420e-03 1.391600e-04
3692 5.341596e-03 1.390343e-04
3693 5.336778e-03 1.389086e-04
3694 5.331963e-03 1.387831e-04
3695 5.327153e-03 1.386578e-04
3696 5.322347e-03 1.385325e-04
3697 5.317545e-03 1.384073e-04
3698 5.312748e-03 1.382823e-04
3699 5.307955e-03 1.381574e-04
3700 5.303167e-03 1.380325e-04
3701 5.298383e-03 1.379078e-04
3702 5.293603e-03 1.377833e-04
3703 5.288827e-03 1.376588e-04
3704 5.284056e-03 1.375344e-04
3705 5.279289e-03 1.374101e-04
3706 5.274526e-03 1.372860e-04
3707 5.269768e-03 1.371620e-04
3708 5.265014e-03 1.370381e-04
3709 5.260264e-03 1.369143e-04
3710 5.255519e-03 1.367906e-04
3711 5.250778e-03 1.366670e-04
3712 5.246041e-03 1.365435e-04
3713 5.241308e-03 1.364201e-04
3714 5.236580e-03 1.362969e-04
3715 5.231856e-03 1.361738e-04
3716 5.227136e-03 1.360507e-04
3717 5.222421e-03 1.359278e-04
3718 5.217709e-03 1.358050e-04
3719 5.213002e-03 1.356823e-04
3720 5.208300e-03 1.355597e-04
3721 5.203601e-03 1.354373e-04
3722 5.198907e-03 1.353149e-04
3723 5.194217e-03 1.351927e-04
3724 5.189531e-03 1.350705e-04
3725 5.184850e-03 1.349485e-04
3726 5.180172e-03 1.348266e-04
3727 5.175499e-03 1.347048e-04
3728 5.170830e-03 1.345831e-04
3729 5.166166e-03 1.344615e-04
3730 5.161505e-03 1.343400e-04
3731 5.156849e-03 1.342186e-04
3732 5.152197e-03 1.340974e-04
3733 5.147549e-03 1.339762e-04
3734 5.142906e-03 1.338552e-04
3735 5.138266e-03 1.337343e-04
3736 5.133631e-03 1.336134e-04
3737 5.129000e-03 1.334927e-04
3738 5.124373e-03 1.333721e-04
3739 5.119751e-03 1.332516e-04
3740 5.115132e-03 1.331312e-04
3741 5.110518e-03 1.330110e-04
3742 5.105908e-03 1.328908e-04
3743 5.101302e-03 1.327707e-04
3744 5.096700e-03 1.326508e-04
3745 5.092102e-03 1.325309e-04
3746 5.087509e-03 1.324112e-04
3747 5.082919e-03 1.322916e-04
3748 5.078334e-03 1.321721e-04
3749 5.073753e-03 1.320526e-04
3750 5.069176e-03 1.319333e-04
3751 5.064603e-03 1.318141e-04
3752 5.060035e-03 1.316951e-04
3753 5.055470e-03 1.315761e-04
3754 5.050910e-03 1.314572e-04
3755 5.046353e-03 1.313384e-04
3756 5.041801e-03 1.312198e-04
3757 5.037253e-03 1.311012e-04
3758 5.032709e-03 1.309828e-04
3759 5.028169e-03 1.308645e-04
3760 5.023634e-03 1.307462e-04
3761 5.019102e-03 1.306281e-04
3762 5.014575e-03 1.305101e-04
3763 5.010051e-03 1.303922e-04
3764 5.005532e-03 1.302744e-04
3765 5.001016e-03 1.301567e-04
3766 4.996505e-03 1.300391e-04
3767 4.991998e-03 1.299216e-04
3768 4.987495e-03 1.298042e-04
3769 4.982996e-03 1.296870e-04
3770 4.978501e-03 1.295698e-04
3771 4.974010e-03 1.294527e-04
3772 4.969523e-03 1.293358e-04
3773 4.965041e-03 1.292189e-04
3774 4.960562e-03 1.291022e-04
3775 4.956087e-03 1.289856e-04
3776 4.951617e-03 1.288690e-04
3777 4.947150e-03 1.287526e-04
3778 4.942687e-03 1.286363e-04
3779 4.938229e-03 1.285201e-04
3780 4.933774e-03 1.284040e-04
3781 4.929324e-03 1.282880e-04
3782 4.924878e-03 1.281720e-04
3783 4.920435e-03 1.280563e-04
3784 4.915997e-03 1.279406e-04
3785 4.911562e-03 1.278250e-04
3786 4.907132e-03 1.277095e-04
3787 4.902706e-03 1.275941e-04
3788 4.898283e-03 1.274788e-04
3789 4.893865e-03 1.273637e-04
3790 4.889450e-03 1.272486e-04
3791 4.885040e-03 1.271336e-04
3792 4.880634e-03 1.270188e-04
3793 4.876231e-03 1.269040e-04
3794 4.871833e-03 1.267894e-04
3795 4.867438e-03 1.266748e-04
3796 4.863048e-03 1.265604e-04
3797 4.858661e-03 1.264460e-04
3798 4.854278e-03 1.263318e-04
3799 4.849900e-03 1.262177e-04
3800 4.845525e-03 1.261036e-04
3801 4.841154e-03 1.259897e-04
3802 4.836788e-03 1.258759e-04
3803 4.832425e-03 1.257622e-04
3804 4.828066e-03 1.256485e-04
3805 4.823711e-03 1.255350e-04
3806 4.819360e-03 1.254216e-04
3807 4.815013e-03 1.253083e-04
3808 4.810670e-03 1.251951e-04
3809 4.806330e-03 1.250820e-04
3810 4.801995e-03 1.249690e-04
3811 4.797664e-03 1.248561e-04
3812 4.793336e-03 1.247433e-04
3813 4.789013e-03 1.246306e-04
3814 4.784693e-03 1.245180e-04
3815 4.780377e-03 1.244055e-04
3816 4.776065e-03 1.242931e-04
3817 4.771757e-03 1.241808e-04
3818 4.767453e-03 1.240686e-04
3819 4.763153e-03 1.239565e-04
3820 4.758857e-03 1.238445e-04
3821 4.754564e-03 1.237327e-04
3822 4.750276e-03 1.236209e-04
3823 4.745991e-03 1.235092e-04
3824 4.741710e-03 1.233976e-04
3825 4.737433e-03 1.232861e-04
3826 4.733160e-03 1.231747e-04
3827 4.728891e-03 1.230635e-04
3828 4.724626e-03 1.229523e-04
3829 4.720364e-03 1.228412e-04
3830 4.716107e-03 1.227302e-04
3831 4.711853e-03 1.226193e-04
3832 4.707603e-03 1.225085e-04
3833 4.703357e-03 1.223979e-04
3834 4.699114e-03 1.222873e-04
3835 4.694876e-03 1.221768e-04
3836 4.690641e-03 1.220664e-04
3837 4.686411e-03 1.219561e-04
3838 4.682184e-03 1.218460e-04
3839 4.677960e-03 1.217359e-04
3840 4.673741e-03 1.216259e-04
3841 4.669526e-03 1.215160e-04
3842 4.665314e-03 1.214062e-04
3843 4.661106e-03 1.212966e-04
3844 4.656902e-03 1.211870e-04
3845 4.652701e-03 1.210775e-04
3846 4.648505e-03 1.209681e-04
3847 4.644312e-03 1.208588e-04
3848 4.640123e-03 1.207496e-04
3849 4.635938e-03 1.206405e-04
3850 4.631757e-03 1.205315e-04
3851 4.627579e-03 1.204226e-04
3852 4.623405e-03 1.203138e-04
3853 4.619235e-03 1.202052e-04
3854 4.615069e-03 1.200966e-04
3855 4.610906e-03 1.199881e-04
3856 4.606748e-03 1.198797e-04
3857 4.602593e-03 1.197713e-04
3858 4.598441e-03 1.196631e-04
3859 4.594294e-03 1.195550e-04
3860 4.590150e-03 1.194470e-04
3861 4.586010e-03 1.193391e-04
3862 4.581874e-03 1.192313e-04
3863 4.577741e-03 1.191236e-04
3864 4.573613e-03 1.190159e-04
3865 4.569488e-03 1.189084e-04
3866 4.565366e-03 1.188010e-04
3867 4.561249e-03 1.186937e-04
3868 4.557135e-03 1.185864e-04
3869 4.553025e-03 1.184793e-04
3870 4.548918e-03 1.183723e-04
3871 4.544815e-03 1.182653e-04
3872 4.540716e-03 1.181585e-04
3873 4.536621e-03 1.180517e-04
3874 4.532529e-03 1.179451e-04
3875 4.528441e-03 1.178385e-04
3876 4.524357e-03 1.177320e-04
3877 4.520277e-03 1.176257e-04
3878 4.516200e-03 1.175194e-04
3879 4.512127e-03 1.174132e-04
3880 4.508057e-03 1.173072e-04
3881 4.503991e-03 1.172012e-04
3882 4.499929e-03 1.170953e-04
3883 4.495871e-03 1.169895e-04
3884 4.491816e-03 1.168838e-04
3885 4.487765e-03 1.167782e-04
3886 4.483717e-03 1.166727e-04
3887 4.479673e-03 1.165673e-04
3888 4.475633e-03 1.164620e-04
3889 4.471596e-03 1.163568e-04
3890 4.467564e-03 1.162517e-04
3891 4.463534e-03 1.161466e-04
3892 4.459509e-03 1.160417e-04
3893 4.455487e-03 1.159369e-04
3894 4.451468e-03 1.158321e-04
3895 4.447454e-03 1.157275e-04
3896 4.443443e-03 1.156229e-04
3897 4.439435e-03 1.155185e-04
3898 4.435431e-03 1.154141e-04
3899 4.431431e-03 1.153098e-04
3900 4.427434e-03 1.152056e-04
3901 4.423441e-03 1.151016e-04
3902 4.419452e-03 1.149976e-04
3903 4.415466e-03 1.148937e-04
3904 4.411484e-03 1.147899e-04
3905 4.407506e-03 1.146862e-04
3906 4.403531e-03 1.145826e-04
3907 4.399559e-03 1.144790e-04
3908 4.395591e-03 1.143756e-04
3909 4.391627e-03 1.142723e-04
3910 4.387666e-03 1.141690e-04
3911 4.383709e-03 1.140659e-04
3912 4.379756e-03 1.139629e-04
3913 4.375806e-03 1.138599e-04
3914 4.371860e-03 1.137570e-04
3915 4.367917e-03 1.136543e-04
3916 4.363978e-03 1.135516e-04
3917 4.360042e-03 1.134490e-04
3918 4.356110e-03 1.133465e-04
3919 4.352181e-03 1.132441e-04
3920 4.348256e-03 1.131418e-04
3921 4.344335e-03 1.130396e-04
3922 4.340417e-03 1.129374e-04
3923 4.336503e-03 1.128354e-04
3924 4.332592e-03 1.127335e-04
3925 4.328684e-03 1.126316e-04
3926 4.324781e-03 1.125299e-04
3927 4.320880e-03 1.124282e-04
3928 4.316984e-03 1.123266e-04
3929 4.313090e-03 1.122251e-04
3930 4.309201e-03 1.121237e-04
3931 4.305315e-03 1.120225e-04
3932 4.301432e-03 1.119212e-04
3933 4.297553e-03 1.118201e-04
3934 4.293677e-03 1.117191e-04
3935 4.289805e-03 1.116182e-04
3936 4.285936e-03 1.115173e-04
3937 4.282071e-03 1.114166e-04
3938 4.278210e-03 1.113159e-04
3939 4.274351e-03 1.112154e-04
3940 4.270497e-03 1.111149e-04
3941 4.266645e-03 1.110145e-04
3942 4.262798e-03 1.109142e-04
3943 4.258953e-03 1.108140e-04
3944 4.255113e-03 1.107139e-04
3945 4.251275e-03 1.106139e-04
3946 4.247442e-03 1.105139e-04
3947 4.243611e-03 1.104141e-04
3948 4.239784e-03 1.103143e-04
3949 4.235961e-03 1.102147e-04
3950 4.232141e-03 1.101151e-04
3951 4.228324e-03 1.100156e-04
3952 4.224511e-03 1.099162e-04
3953 4.220701e-03 1.098169e-04
3954 4.216895e-03 1.097177e-04
3955 4.213093e-03 1.096186e-04
3956 4.209293e-03 1.095195e-04
3957 4.205497e-03 1.094206e-04
3958 4.201705e-03 1.093217e-04
3959 4.197916e-03 1.092230e-04
3960 4.194130e-03 1.091243e-04
3961 4.190348e-03 1.090257e-04
3962 4.186569e-03 1.089272e-04
3963 4.182794e-03 1.088288e-04
3964 4.179022e-03 1.087305e-04
3965 4.175253e-03 1.086322e-04
3966 4.171488e-03 1.085341e-04
3967 4.167726e-03 1.084360e-04
3968 4.163968e-03 1.083381e-04
3969 4.160213e-03 1.082402e-04
3970 4.156461e-03 1.081424e-04
3971 4.152713e-03 1.080447e-04
3972 4.148968e-03 1.079471e-04
3973 4.145227e-03 1.078496e-04
3974 4.141489e-03 1.077521e-04
3975 4.137754e-03 1.076548e-04
3976 4.134023e-03 1.075575e-04
3977 4.130295e-03 1.074604e-04
3978 4.126571e-03 1.073633e-04
3979 4.122849e-03 1.072663e-04
3980 4.119132e-03 1.071694e-04
3981 4.115417e-03 1.070725e-04
3982 4.111706e-03 1.069758e-04
3983 4.107998e-03 1.068792e-04
3984 4.104294e-03 1.067826e-04
3985 4.100593e-03 1.066861e-04
3986 4.096895e-03 1.065898e-04
3987 4.093201e-03 1.064935e-04
3988 4.089510e-03 1.063972e-04
3989 4.085822e-03 1.063011e-04
3990 4.082138e-03 1.062051e-04
3991 4.078457e-03 1.061091e-04
3992 4.074779e-03 1.060133e-04
3993 4.071105e-03 1.059175e-04
3994 4.067434e-03 1.058218e-04
3995 4.063766e-03 1.057262e-04
3996 4.060102e-03 1.056307e-04
3997 4.056440e-03 1.055352e-04
3998 4.052783e-03 1.054399e-04
3999 4.049128e-03 1.053446e-04
4000 4.045477e-03 1.052495e-04
4001 4.041829e-03 1.051544e-04
4002 4.038184e-03 1.050594e-04
4003 4.034543e-03 1.049645e-04
4004 4.030905e-03 1.048696e-04
4005 4.027270e-03 1.047749e-04
4006 4.023639e-03 1.046802e-04
4007 4.020011e-03 1.045857e-04
4008 4.016386e-03 1.044912e-04
4009 4.012764e-03 1.043968e-04
4010 4.009146e-03 1.043025e-04
4011 4.005531e-03 1.042082e-04
4012 4.001919e-03 1.041141e-04
4013 3.998310e-03 1.040200e-04
4014 3.994705e-03 1.039260e-04
4015 3.991103e-03 1.038321e-04
4016 3.987504e-03 1.037383e-04
4017 3.983909e-03 1.036446e-04
4018 3.980316e-03 1.035510e-04
4019 3.976727e-03 1.034574e-04
4020 3.973142e-03 1.033640e-04
4021 3.969559e-03 1.032706e-04
4022 3.965980e-03 1.031773e-04
4023 3.962404e-03 1.030841e-04
4024 3.958831e-03 1.029909e-04
4025 3.955261e-03 1.028979e-04
4026 3.951695e-03 1.028049e-04
4027 3.948132e-03 1.027120e-04
4028 3.944572e-03 1.026192e-04
4029 3.941015e-03 1.025265e-04
4030 3.937461e-03 1.024339e-04
4031 3.933911e-03 1.023414e-04
4032 3.930364e-03 1.022489e-04
4033 3.926820e-03 1.021565e-04
4034 3.923279e-03 1.020642e-04
4035 3.919742e-03 1.019720e-04
4036 3.916208e-03 1.018799e-04
4037 3.912677e-03 1.017879e-04
4038 3.909149e-03 1.016959e-04
4039 3.905624e-03 1.016040e-04
4040 3.902102e-03 1.015122e-04
4041 3.898584e-03 1.014205e-04
4042 3.895069e-03 1.013289e-04
4043 3.891557e-03 1.012373e-04
4044 3.888048e-03 1.011459e-04
4045 3.884542e-03 1.010545e-04
4046 3.881040e-03 1.009632e-04
4047 3.877540e-03 1.008720e-04
4048 3.874044e-03 1.007809e-04
4049 3.870551e-03 1.006898e-04
4050 3.867061e-03 1.005988e-04
4051 3.863575e-03 1.005080e-04
4052 3.860091e-03 1.004172e-04
4053 3.856611e-03 1.003264e-04
4054 3.853133e-03 1.002358e-04
4055 3.849659e-03 1.001452e-04
4056 3.846188e-03 1.000548e-04
4057 3.842720e-03 9.996436e-05
4058 3.839256e-03 9.987405e-05
4059 3.835794e-03 9.978382e-05
4060 3.832336e-03 9.969367e-05
4061 3.828880e-03 9.960360e-05
4062 3.825428e-03 9.951362e-05
4063 3.821979e-03 9.942371e-05
4064 3.818533e-03 9.933389e-05
4065 3.815090e-03 9.924415e-05
4066 3.811651e-03 9.915448e-05
4067 3.808214e-03 9.906490e-05
4068 3.804780e-03 9.897540e-05
4069 3.801350e-03 9.888599e-05
4070 3.797923e-03 9.879665e-05
4071 3.794498e-03 9.870739e-05
4072 3.791077e-03 9.861821e-05
4073 3.787659e-03 9.852912e-05
4074 3.784244e-03 9.844010e-05
4075 3.780832e-03 9.835117e-05
4076 3.777423e-03 9.826231e-05
4077 3.774018e-03 9.817354e-05
4078 3.770615e-03 9.808484e-05
4079 3.767216e-03 9.799623e-05
4080 3.763819e-03 9.790769e-05
4081 3.760426e-03 9.781924e-05
4082 3.757035e-03 9.773087e-05
4083 3.753648e-03 9.764257e-05
4084 3.750264e-03 9.755436e-05
4085 3.746883e-03 9.746622e-05
4086 3.743504e-03 9.737817e-05
4087 3.740129e-03 9.729019e-05
4088 3.736757e-03 9.720229e-05
4089 3.733388e-03 9.711448e-05
4090 3.730022e-03 9.702674e-05
4091 3.726659e-03 9.693908e-05
4092 3.723300e-03 9.685150e-05
4093 3.719943e-03 9.676400e-05
4094 3.716589e-03 9.667658e-05
4095 3.713238e-03 9.658924e-05
4096 3.709891e-03 9.650198e-05
4097 3.706546e-03 9.641479e-05
4098 3.703204e-03 9.632769e-05
4099 3.699865e-03 9.624066e-05
4100 3.696530e-03 9.615371e-05
4101 3.693197e-03 9.606684e-05
4102 3.689868e-03 9.598005e-05
4103 3.686541e-03 9.589334e-05
4104 3.683217e-03 9.580670e-05
4105 3.679897e-03 9.572015e-05
4106 3.676579e-03 9.563367e-05
4107 3.673265e-03 9.554727e-05
4108 3.669953e-03 9.546095e-05
4109 3.666644e-03 9.537470e-05
4110 3.663339e-03 9.528854e-05
4111 3.660036e-03 9.520245e-05
4112 3.656736e-03 9.511644e-05
4113 3.653440e-03 9.503051e-05
4114 3.650146e-03 9.494465e-05
4115 3.646855e-03 9.485888e-05
4116 3.643568e-03 9.477318e-05
4117 3.640283e-03 9.468755e-05
4118 3.637001e-03 9.460201e-05
4119 3.633722e-03 9.451654e-05
4120 3.630446e-03 9.443115e-05
4121 3.627173e-03 9.434584e-05
4122 3.623903e-03 9.426060e-05
4123 3.620636e-03 9.417544e-05
4124 3.617372e-03 9.409036e-05
4125 3.614111e-03 9.400535e-05
4126 3.610853e-03 9.392042e-05
4127 3.607598e-03 9.383557e-05
4128 3.604345e-03 9.375080e-05
4129 3.601096e-03 9.366610e-05
4130 3.597850e-03 9.358148e-05
4131 3.594606e-03 9.349693e-05
4132 3.591366e-03 9.341246e-05
4133 3.588128e-03 9.332807e-05
4134 3.584893e-03 9.324375e-05
4135 3.581662e-03 9.315951e-05
4136 3.578433e-03 9.307535e-05
4137 3.575207e-03 9.299126e-05
4138 3.571984e-03 9.290725e-05
4139 3.568764e-03 9.282331e-05
4140 3.565546e-03 9.273945e-05
4141 3.562332e-03 9.265566e-05
4142 3.559121e-03 9.257195e-05
4143 3.555912e-03 9.248832e-05
4144 3.552707e-03 9.240476e-05
4145 3.549504e-03 9.232128e-05
4146 3.546304e-03 9.223787e-05
4147 3.543107e-03 9.215454e-05
4148 3.539913e-03 9.207128e-05
4149 3.536722e-03 9.198810e-05
4150 3.533534e-03 9.190500e-05
4151 3.530349e-03 9.182196e-05
4152 3.527166e-03 9.173901e-05
4153 3.523986e-03 9.165613e-05
4154 3.520810e-03 9.157332e-05
4155 3.517636e-03 9.149059e-05
4156 3.514465e-03 9.140793e-05
4157 3.511297e-03 9.132535e-05
4158 3.508131e-03 9.124284e-05
4159 3.504969e-03 9.116041e-05
4160 3.501809e-03 9.107805e-05
4161 3.498653e-03 9.099577e-05
4162 3.495499e-03 9.091356e-05
4163 3.492348e-03 9.083142e-05
4164 3.489200e-03 9.074936e-05
4165 3.486054e-03 9.066738e-05
4166 3.482912e-03 9.058546e-05
4167 3.479772e-03 9.050362e-05
4168 3.476636e-03 9.042186e-05
4169 3.473502e-03 9.034017e-05
4170 3.470370e-03 9.025855e-05
4171 3.467242e-03 9.017701e-05
4172 3.464117e-03 9.009554e-05
4173 3.460994e-03 9.001414e-05
4174 3.457874e-03 8.993282e-05
4175 3.454757e-03 8.985157e-05
4176 3.451643e-03 8.977039e-05
4177 3.448532e-03 8.968929e-05
4178 3.445423e-03 8.960826e-05
4179 3.442317e-03 8.952730e-05
4180 3.439214e-03 8.944642e-05
4181 3.436114e-03 8.936561e-05
4182 3.433017e-03 8.928487e-05
4183 3.429922e-03 8.920421e-05
4184 3.426831e-03 8.912362e-05
4185 3.423742e-03 8.904310e-05
4186 3.420655e-03 8.896265e-05
4187 3.417572e-03 8.888228e-05
4188 3.414491e-03 8.880198e-05
4189 3.411414e-03 8.872175e-05
4190 3.408339e-03 8.864160e-05
4191 3.405266e-03 8.856152e-05
4192 3.402197e-03 8.848150e-05
4193 3.399130e-03 8.840157e-05
4194 3.396066e-03 8.832170e-05
4195 3.393005e-03 8.824191e-05
4196 3.389947e-03 8.816219e-05
4197 3.386891e-03 8.808254e-05
4198 3.383838e-03 8.800296e-05
4199 3.380788e-03 8.792345e-05
4200 3.377741e-03 8.784402e-05
4201 3.374696e-03 8.776466e-05
4202 3.371654e-03 8.768537e-05
4203 3.368615e-03 8.760615e-05
4204 3.365579e-03 8.752700e-05
4205 3.362545e-03 8.744792e-05
4206 3.359514e-03 8.736892e-05
4207 3.356486e-03 8.728999e-05
4208 3.353461e-03 8.721112e-05
4209 3.350438e-03 8.713233e-05
4210 3.347418e-03 8.705361e-05
4211 3.344401e-03 8.697497e-05
4212 3.341386e-03 8.689639e-05
4213 3.338375e-03 8.681788e-05
4214 3.335366e-03 8.673945e-05
4215 3.332359e-03 8.666108e-05
4216 3.329356e-03 8.658279e-05
4217 3.326355e-03 8.650457e-05
4218 3.323357e-03 8.642641e-05
4219 3.320361e-03 8.634833e-05
4220 3.317368e-03 8.627032e-05
4221 3.314378e-03 8.619238e-05
4222 3.311391e-03 8.611451e-05
4223 3.308406e-03 8.603671e-05
4224 3.305424e-03 8.595898e-05
4225 3.302445e-03 8.588132e-05
4226 3.299468e-03 8.580373e-05
4227 3.296495e-03 8.572622e-05
4228 3.293523e-03 8.564877e-05
4229 3.290555e-03 8.557139e-05
4230 3.287589e-03 8.549408e-05
4231 3.284626e-03 8.541684e-05
4232 3.281665e-03 8.533967e-05
4233 3.278708e-03 8.526257e-05
4234 3.275752e-03 8.518554e-05
4235 3.272800e-03 8.510858e-05
4236 3.269850e-03 8.503169e-05
4237 3.266903e-03 8.495487e-05
4238 3.263959e-03 8.487812e-05
4239 3.261017e-03 8.480143e-05
4240 3.258078e-03 8.472482e-05
4241 3.255141e-03 8.464827e-05
4242 3.252207e-03 8.457180e-05
4243 3.249276e-03 8.449539e-05
4244 3.246348e-03 8.441906e-05
4245 3.243422e-03 8.434279e-05
4246 3.240498e-03 8.426659e-05
4247 3.237578e-03 8.419046e-05
4248 3.234660e-03 8.411440e-05
4249 3.231745e-03 8.403841e-05
4250 3.228832e-03 8.396248e-05
4251 3.225922e-03 8.388663e-05
4252 3.223014e-03 8.381084e-05
4253 3.220110e-03 8.373512e-05
4254 3.217207e-03 8.365947e-05
4255 3.214308e-03 8.358389e-05
4256 3.211411e-03 8.350837e-05
4257 3.208516e-03 8.343293e-05
4258 3.205625e-03 8.335755e-05
4259 3.202736e-03 8.328224e-05
4260 3.199849e-03 8.320700e-05
4261 3.196965e-03 8.313183e-05
4262 3.194084e-03 8.305672e-05
4263 3.191205e-03 8.298169e-05
4264 3.188329e-03 8.290672e-05
4265 3.185456e-03 8.283182e-05
4266 3.182585e-03 8.275698e-05
4267 3.179717e-03 8.268222e-05
4268 3.176851e-03 8.260752e-05
4269 3.173988e-03 8.253289e-05
4270 3.171127e-03 8.245832e-05
4271 3.168269e-03 8.238383e-05
4272 3.165414e-03 8.230940e-05
4273 3.162561e-03 8.223503e-05
4274 3.159711e-03 8.216074e-05
4275 3.156863e-03 8.208651e-05
4276 3.154018e-03 8.201235e-05
4277 3.151176e-03 8.193826e-05
4278 3.148336e-03 8.186423e-05
4279 3.145499e-03 8.179027e-05
4280 3.142664e-03 8.171638e-05
4281 3.139832e-03 8.164255e-05
4282 3.137002e-03 8.156879e-05
4283 3.134175e-03 8.149510e-05
4284 3.131350e-03 8.142147e-05
4285 3.128528e-03 8.134791e-05
4286 3.125709e-03 8.127442e-05
4287 3.122892e-03 8.120099e-05
4288 3.120078e-03 8.112763e-05
4289 3.117266e-03 8.105434e-05
4290 3.114457e-03 8.098111e-05
4291 3.111650e-03 8.090795e-05
4292 3.108846e-03 8.083485e-05
4293 3.106044e-03 8.076182e-05
4294 3.103245e-03 8.068886e-05
4295 3.100448e-03 8.061596e-05
4296 3.097654e-03 8.054313e-05
4297 3.094863e-03 8.047036e-05
4298 3.092074e-03 8.039766e-05
4299 3.089287e-03 8.032503e-05
4300 3.086503e-03 8.025246e-05
4301 3.083722e-03 8.017995e-05
4302 3.080943e-03 8.010751e-05
4303 3.078166e-03 8.003514e-05
4304 3.075392e-03 7.996283e-05
4305 3.072621e-03 7.989059e-05
4306 3.069852e-03 7.981842e-05
4307 3.067086e-03 7.974630e-05
4308 3.064322e-03 7.967426e-05
4309 3.061560e-03 7.960228e-05
4310 3.058801e-03 7.953036e-05
4311 3.056045e-03 7.945851e-05
4312 3.053291e-03 7.938672e-05
4313 3.050539e-03 7.931500e-05
4314 3.047790e-03 7.924334e-05
4315 3.045044e-03 7.917175e-05
4316 3.042300e-03 7.910022e-05
4317 3.039558e-03 7.902876e-05
4318 3.036819e-03 7.895736e-05
4319 3.034083e-03 7.888603e-05
4320 3.031349e-03 7.881476e-05
4321 3.028617e-03 7.874356e-05
4322 3.025888e-03 7.867242e-05
4323 3.023161e-03 7.860134e-05
4324 3.020437e-03 7.853033e-05
4325 3.017715e-03 7.845938e-05
4326 3.014996e-03 7.838850e-05
4327 3.012279e-03 7.831768e-05
4328 3.009565e-03 7.824692e-05
4329 3.006853e-03 7.817623e-05
4330 3.004143e-03 7.810560e-05
4331 3.001436e-03 7.803504e-05
4332 2.998731e-03 7.796454e-05
4333 2.996029e-03 7.789410e-05
4334 2.993330e-03 7.782373e-05
4335 2.990632e-03 7.775342e-05
4336 2.987937e-03 7.768317e-05
4337 2.985245e-03 7.761299e-05
4338 2.982555e-03 7.754287e-05
4339 2.979867e-03 7.747281e-05
4340 2.977182e-03 7.740282e-05
4341 2.974500e-03 7.733289e-05
4342 2.971819e-03 7.726303e-05
4343 2.969141e-03 7.719322e-05
4344 2.966466e-03 7.712348e-05
4345 2.963793e-03 7.705381e-05
4346 2.961122e-03 7.698419e-05
4347 2.958454e-03 7.691464e-05
4348 2.955788e-03 7.684515e-05
4349 2.953125e-03 7.677573e-05
4350 2.950464e-03 7.670637e-05
4351 2.947806e-03 7.663707e-05
4352 2.945149e-03 7.656783e-05
4353 2.942496e-03 7.649865e-05
4354 2.939844e-03 7.642954e-05
4355 2.937195e-03 7.636049e-05
4356 2.934549e-03 7.629150e-05
4357 2.931905e-03 7.622258e-05
4358 2.929263e-03 7.615372e-05
4359 2.926623e-03 7.608492e-05
4360 2.923986e-03 7.601618e-05
4361 2.921352e-03 7.594750e-05
4362 2.918719e-03 7.587889e-05
4363 2.916090e-03 7.581033e-05
4364 2.913462e-03 7.574184e-05
4365 2.910837e-03 7.567341e-05
4366 2.908214e-03 7.560505e-05
4367 2.905594e-03 7.553674e-05
4368 2.902976e-03 7.546850e-05
4369 2.900360e-03 7.540032e-05
4370 2.897747e-03 7.533220e-05
4371 2.895136e-03 7.526414e-05
4372 2.892527e-03 7.519614e-05
4373 2.889921e-03 7.512821e-05
4374 2.887317e-03 7.506033e-05
4375 2.884716e-03 7.499252e-05
4376 2.882117e-03 7.492477e-05
4377 2.879520e-03 7.485708e-05
4378 2.876925e-03 7.478945e-05
4379 2.874333e-03 7.472188e-05
4380 2.871743e-03 7.465437e-05
4381 2.869156e-03 7.458693e-05
4382 2.866571e-03 7.451954e-05
4383 2.863988e-03 7.445222e-05
4384 2.861408e-03 7.438495e-05
4385 2.858830e-03 7.431775e-05
4386 2.856254e-03 7.425061e-05
4387 2.853680e-03 7.418353e-05
4388 2.851109e-03 7.411651e-05
4389 2.848541e-03 7.404955e-05
4390 2.845974e-03 7.398265e-05
4391 2.843410e-03 7.391581e-05
4392 2.840848e-03 7.384903e-05
4393 2.838289e-03 7.378231e-05
4394 2.835731e-03 7.371565e-05
4395 2.833176e-03 7.364905e-05
4396 2.830624e-03 7.358252e-05
4397 2.828074e-03 7.351604e-05
4398 2.825526e-03 7.344962e-05
4399 2.822980e-03 7.338326e-05
4400 2.820437e-03 7.331697e-05
4401 2.817896e-03 7.325073e-05
4402 2.815357e-03 7.318455e-05
4403 2.812820e-03 7.311843e-05
4404 2.810286e-03 7.305237e-05
4405 2.807754e-03 7.298637e-05
4406 2.805225e-03 7.292043e-05
4407 2.802697e-03 7.285455e-05
4408 2.800172e-03 7.278873e-05
4409 2.797649e-03 7.272297e-05
4410 2.795129e-03 7.265727e-05
4411 2.792611e-03 7.259163e-05
4412 2.790095e-03 7.252605e-05
4413 2.787581e-03 7.246053e-05
4414 2.785070e-03 7.239506e-05
4415 2.782561e-03 7.232966e-05
4416 2.780054e-03 7.226431e-05
4417 2.777549e-03 7.219902e-05
4418 2.775047e-03 7.213380e-05
4419 2.772547e-03 7.206863e-05
4420 2.770049e-03 7.200352e-05
4421 2.767553e-03 7.193847e-05
4422 2.765060e-03 7.187347e-05
4423 2.762569e-03 7.180854e-05
4424 2.760080e-03 7.174366e-05
4425 2.757594e-03 7.167885e-05
4426 2.755109e-03 7.161409e-05
4427 2.752627e-03 7.154939e-05
4428 2.750148e-03 7.148475e-05
4429 2.747670e-03 7.142017e-05
4430 2.745195e-03 7.135564e-05
4431 2.742722e-03 7.129118e-05
4432 2.740251e-03 7.122677e-05
4433 2.737782e-03 7.116242e-05
4434 2.735316e-03 7.109813e-05
4435 2.732852e-03 7.103390e-05
4436 2.730390e-03 7.096972e-05
4437 2.727930e-03 7.090560e-05
4438 2.725472e-03 7.084154e-05
4439 2.723017e-03 7.077754e-05
4440 2.720564e-03 7.071360e-05
4441 2.718113e-03 7.064971e-05
4442 2.715665e-03 7.058588e-05
4443 2.713218e-03 7.052211e-05
4444 2.710774e-03 7.045840e-05
4445 2.708332e-03 7.039475e-05
4446 2.705892e-03 7.033115e-05
4447 2.703455e-03 7.026761e-05
4448 2.701019e-03 7.020412e-05
4449 2.698586e-03 7.014070e-05
4450 2.696155e-03 7.007733e-05
4451 2.693726e-03 7.001402e-05
4452 2.691300e-03 6.995077e-05
4453 2.688875e-03 6.988757e-05
4454 2.686453e-03 6.982443e-05
4455 2.684033e-03 6.976135e-05
4456 2.681615e-03 6.969832e-05
4457 2.679200e-03 6.963535e-05
4458 2.676786e-03 6.957244e-05
4459 2.674375e-03 6.950959e-05
4460 2.671966e-03 6.944679e-05
4461 2.669559e-03 6.938405e-05
4462 2.667154e-03 6.932136e-05
4463 2.664752e-03 6.925873e-05
4464 2.662351e-03 6.919616e-05
4465 2.659953e-03 6.913365e-05
4466 2.657557e-03 6.907119e-05
4467 2.655163e-03 6.900879e-05
4468 2.652771e-03 6.894644e-05
4469 2.650382e-03 6.888415e-05
4470 2.647994e-03 6.882192e-05
4471 2.645609e-03 6.875974e-05
4472 2.643226e-03 6.869762e-05
4473 2.640845e-03 6.863556e-05
4474 2.638466e-03 6.857355e-05
4475 2.636089e-03 6.851160e-05
4476 2.633715e-03 6.844970e-05
4477 2.631342e-03 6.838786e-05
4478 2.628972e-03 6.832607e-05
4479 2.626604e-03 6.826435e-05
4480 2.624238e-03 6.820267e-05
4481 2.621874e-03 6.814106e-05
4482 2.619513e-03 6.807949e-05
4483 2.617153e-03 6.801799e-05
4484 2.614796e-03 6.795654e-05
4485 2.612440e-03 6.789514e-05
4486 2.610087e-03 6.783380e-05
4487 2.607736e-03 6.777252e-05
4488 2.605387e-03 6.771129e-05
4489 2.603041e-03 6.765012e-05
4490 2.600696e-03 6.758900e-05
4491 2.598353e-03 6.752794e-05
4492 2.596013e-03 6.746693e-05
4493 2.593675e-03 6.740597e-05
4494 2.591339e-03 6.734508e-05
4495 2.589004e-03 6.728423e-05
4496 2.586673e-03 6.722345e-05
4497 2.584343e-03 6.716271e-05
4498 2.582015e-03 6.710204e-05
4499 2.579689e-03 6.704141e-05
4500 2.577366e-03 6.698085e-05
4501 2.575044e-03 6.692033e-05
4502 2.572725e-03 6.685987e-05
4503 2.570408e-03 6.679947e-05
4504 2.568092e-03 6.673912e-05
4505 2.565779e-03 6.667882e-05
4506 2.563468e-03 6.661858e-05
4507 2.561160e-03 6.655840e-05
4508 2.558853e-03 6.649827e-05
4509 2.556548e-03 6.643819e-05
4510 2.554245e-03 6.637816e-05
4511 2.551945e-03 6.631820e-05
4512 2.549646e-03 6.625828e-05
4513 2.547350e-03 6.619842e-05
4514 2.545056e-03 6.613861e-05
4515 2.542763e-03 6.607886e-05
4516 2.540473e-03 6.601916e-05
4517 2.538185e-03 6.595952e-05
4518 2.535899e-03 6.589993e-05
4519 2.533615e-03 6.584039e-05
4520 2.531333e-03 6.578091e-05
4521 2.529053e-03 6.572148e-05
4522 2.526775e-03 6.566210e-05
4523 2.524500e-03 6.560278e-05
4524 2.522226e-03 6.554351e-05
4525 2.519954e-03 6.548430e-05
4526 2.517685e-03 6.542513e-05
4527 2.515417e-03 6.536603e-05
4528 2.513152e-03 6.530697e-05
4529 2.510888e-03 6.524797e-05
4530 2.508627e-03 6.518902e-05
4531 2.506368e-03 6.513013e-05
4532 2.504110e-03 6.507129e-05
4533 2.501855e-03 6.501250e-05
4534 2.499602e-03 6.495376e-05
4535 2.497351e-03 6.489508e-05
4536 2.495101e-03 6.483645e-05
4537 2.492854e-03 6.477787e-05
4538 2.490609e-03 6.471935e-05
4539 2.488366e-03 6.466088e-05
4540 2.486125e-03 6.460246e-05
4541 2.483886e-03 6.454410e-05
4542 2.481649e-03 6.448579e-05
4543 2.479414e-03 6.442753e-05
4544 2.477181e-03 6.436932e-05
4545 2.474950e-03 6.431117e-05
4546 2.472721e-03 6.425307e-05
4547 2.470494e-03 6.419502e-05
4548 2.468270e-03 6.413702e-05
4549 2.466047e-03 6.407907e-05
4550 2.463826e-03 6.402118e-05
4551 2.461607e-03 6.396334e-05
4552 2.459390e-03 6.390556e-05
4553 2.457175e-03 6.384782e-05
4554 2.454962e-03 6.379014e-05
4555 2.452751e-03 6.373251e-05
4556 2.450543e-03 6.367493e-05
4557 2.448336e-03 6.361740e-05
4558 2.446131e-03 6.355993e-05
4559 2.443928e-03 6.350250e-05
4560 2.441727e-03 6.344513e-05
4561 2.439528e-03 6.338781e-05
4562 2.437331e-03 6.333055e-05
4563 2.435136e-03 6.327333e-05
4564 2.432943e-03 6.321617e-05
4565 2.430752e-03 6.315905e-05
4566 2.428564e-03 6.310199e-05
4567 2.426377e-03 6.304498e-05
4568 2.424191e-03 6.298803e-05
4569 2.422008e-03 6.293112e-05
4570 2.419827e-03 6.287427e-05
4571 2.417648e-03 6.281746e-05
4572 2.415471e-03 6.276071e-05
4573 2.413296e-03 6.270401e-05
4574 2.411123e-03 6.264736e-05
4575 2.408951e-03 6.259076e-05
4576 2.406782e-03 6.253421e-05
4577 2.404615e-03 6.247772e-05
4578 2.402450e-03 6.242127e-05
4579 2.400286e-03 6.236488e-05
4580 2.398125e-03 6.230853e-05
4581 2.395965e-03 6.225224e-05
4582 2.393808e-03 6.219600e-05
4583 2.391652e-03 6.213981e-05
4584 2.389498e-03 6.208367e-05
4585 2.387347e-03 6.202758e-05
4586 2.385197e-03 6.197154e-05
4587 2.383049e-03 6.191555e-05
4588 2.380903e-03 6.185962e-05
4589 2.378759e-03 6.180373e-05
4590 2.376617e-03 6.174789e-05
4591 2.374477e-03 6.169211e-05
4592 2.372339e-03 6.163637e-05
4593 2.370203e-03 6.158069e-05
4594 2.368069e-03 6.152505e-05
4595 2.365936e-03 6.146947e-05
4596 2.363806e-03 6.141393e-05
4597 2.361677e-03 6.135845e-05
4598 2.359551e-03 6.130302e-05
4599 2.357426e-03 6.124763e-05
4600 2.355303e-03 6.119230e-05
4601 2.353183e-03 6.113701e-05
4602 2.351064e-03 6.108178e-05
4603 2.348947e-03 6.102660e-05
4604 2.346832e-03 6.097146e-05
4605 2.344718e-03 6.091638e-05
4606 2.342607e-03 6.086134e-05
4607 2.340498e-03 6.080636e-05
4608 2.338390e-03 6.075142e-05
4609 2.336285e-03 6.069654e-05
4610 2.334181e-03 6.064170e-05
4611 2.332080e-03 6.058692e-05
4612 2.329980e-03 6.053218e-05
4613 2.327882e-03 6.047749e-05
4614 2.325786e-03 6.042285e-05
4615 2.323692e-03 6.036826e-05
4616 2.321599e-03 6.031372e-05
4617 2.319509e-03 6.025923e-05
4618 2.317421e-03 6.020479e-05
4619 2.315334e-03 6.015040e-05
4620 2.313249e-03 6.009606e-05
4621 2.311167e-03 6.004177e-05
4622 2.309086e-03 5.998752e-05
4623 2.307007e-03 5.993333e-05
4624 2.304929e-03 5.987918e-05
4625 2.302854e-03 5.982508e-05
4626 2.300781e-03 5.977103e-05
4627 2.298709e-03 5.971703e-05
4628 2.296639e-03 5.966308e-05
4629 2.294572e-03 5.960918e-05
4630 2.292506e-03 5.955533e-05
4631 2.290442e-03 5.950152e-05
4632 2.288379e-03 5.944777e-05
4633 2.286319e-03 5.939406e-05
4634 2.284261e-03 5.934040e-05
4635 2.282204e-03 5.928679e-05
4636 2.280149e-03 5.923323e-05
4637 2.278096e-03 5.917971e-05
4638 2.276045e-03 5.912625e-05
4639 2.273996e-03 5.907283e-05
4640 2.271949e-03 5.901946e-05
4641 2.269903e-03 5.896614e-05
4642 2.267860e-03 5.891287e-05
4643 2.265818e-03 5.885964e-05
4644 2.263778e-03 5.880646e-05
4645 2.261740e-03 5.875334e-05
4646 2.259704e-03 5.870026e-05
4647 2.257669e-03 5.864722e-05
4648 2.255637e-03 5.859424e-05
4649 2.253606e-03 5.854130e-05
4650 2.251577e-03 5.848841e-05
4651 2.249550e-03 5.843557e-05
4652 2.247525e-03 5.838278e-05
4653 2.245501e-03 5.833003e-05
4654 2.243479e-03 5.827734e-05
4655 2.241460e-03 5.822468e-05
4656 2.239442e-03 5.817208e-05
4657 2.237426e-03 5.811953e-05
4658 2.235411e-03 5.806702e-05
4659 2.233399e-03 5.801456e-05
4660 2.231388e-03 5.796215e-05
4661 2.229379e-03 5.790978e-05
4662 2.227372e-03 5.785746e-05
4663 2.225367e-03 5.780519e-05
4664 2.223364e-03 5.775297e-05
4665 2.221362e-03 5.770079e-05
4666 2.219362e-03 5.764866e-05
4667 2.217364e-03 5.759658e-05
4668 2.215368e-03 5.754454e-05
4669 2.213374e-03 5.749255e-05
4670 2.211381e-03 5.744061e-05
4671 2.209391e-03 5.738872e-05
4672 2.207402e-03 5.733687e-05
4673 2.205414e-03 5.728507e-05
4674 2.203429e-03 5.723332e-05
4675 2.201445e-03 5.718161e-05
4676 2.199464e-03 5.712995e-05
4677 2.197484e-03 5.707834e-05
4678 2.195505e-03 5.702677e-05
4679 2.193529e-03 5.697525e-05
4680 2.191554e-03 5.692377e-05
4681 2.189582e-03 5.687235e-05
4682 2.187610e-03 5.682097e-05
4683 2.185641e-03 5.676963e-05
4684 2.183674e-03 5.671834e-05
4685 2.181708e-03 5.666710e-05
4686 2.179744e-03 5.661590e-05
4687 2.177782e-03 5.656476e-05
4688 2.175821e-03 5.651365e-05
4689 2.173863e-03 5.646260e-05
4690 2.171906e-03 5.641158e-05
4691 2.169951e-03 5.636062e-05
4692 2.167997e-03 5.630970e-05
4693 2.166046e-03 5.625883e-05
4694 2.164096e-03 5.620800e-05
4695 2.162148e-03 5.615722e-05
4696 2.160202e-03 5.610649e-05
4697 2.158257e-03 5.605580e-05
4698 2.156315e-03 5.600515e-05
4699 2.154374e-03 5.595456e-05
4700 2.152434e-03 5.590400e-05
4701 2.150497e-03 5.585350e-05
4702 2.148561e-03 5.580304e-05
4703 2.146627e-03 5.575262e-05
4704 2.144695e-03 5.570225e-05
4705 2.142764e-03 5.565193e-05
4706 2.140835e-03 5.560165e-05
4707 2.138908e-03 5.555142e-05
4708 2.136983e-03 5.550123e-05
4709 2.135060e-03 5.545109e-05
4710 2.133138e-03 5.540099e-05
4711 2.131218e-03 5.535094e-05
4712 2.129299e-03 5.530093e-05
4713 2.127383e-03 5.525097e-05
4714 2.125468e-03 5.520105e-05
4715 2.123555e-03 5.515118e-05
4716 2.121643e-03 5.510136e-05
4717 2.119734e-03 5.505158e-05
4718 2.117826e-03 5.500184e-05
4719 2.115920e-03 5.495215e-05
4720 2.114015e-03 5.490250e-05
4721 2.112112e-03 5.485290e-05
4722 2.110211e-03 5.480334e-05
4723 2.108312e-03 5.475383e-05
4724 2.106414e-03 5.470437e-05
4725 2.104518e-03 5.465494e-05
4726 2.102624e-03 5.460557e-05
4727 2.100732e-03 5.455623e-05
4728 2.098841e-03 5.450694e-05
4729 2.096952e-03 5.445770e-05
4730 2.095064e-03 5.440850e-05
4731 2.093179e-03 5.435935e-05
4732 2.091295e-03 5.431023e-05
4733 2.089413e-03 5.426117e-05
4734 2.087532e-03 5.421215e-05
4735 2.085653e-03 5.416317e-05
4736 2.083776e-03 5.411424e-05
4737 2.081900e-03 5.406535e-05
4738 2.080027e-03 5.401650e-05
4739 2.078155e-03 5.396770e-05
4740 2.076284e-03 5.391894e-05
4741 2.074416e-03 5.387023e-05
4742 2.072549e-03 5.382156e-05
4743 2.070683e-03 5.377294e-05
4744 2.068820e-03 5.372436e-05
4745 2.066958e-03 5.367582e-05
4746 2.065097e-03 5.362733e-05
4747 2.063239e-03 5.357888e-05
4748 2.061382e-03 5.353047e-05
4749 2.059527e-03 5.348211e-05
4750 2.057673e-03 5.343379e-05
4751 2.055821e-03 5.338552e-05
4752 2.053971e-03 5.333729e-05
4753 2.052123e-03 5.328910e-05
4754 2.050276e-03 5.324095e-05
4755 2.048430e-03 5.319285e-05
4756 2.046587e-03 5.314480e-05
4757 2.044745e-03 5.309678e-05
4758 2.042905e-03 5.304881e-05
4759 2.041066e-03 5.300089e-05
4760 2.039230e-03 5.295300e-05
4761 2.037394e-03 5.290516e-05
4762 2.035561e-03 5.285737e-05
4763 2.033729e-03 5.280961e-05
4764 2.031899e-03 5.276190e-05
4765 2.030070e-03 5.271423e-05
4766 2.028243e-03 5.266661e-05
4767 2.026418e-03 5.261903e-05
4768 2.024594e-03 5.257149e-05
4769 2.022772e-03 5.252399e-05
4770 2.020952e-03 5.247654e-05
4771 2.019133e-03 5.242913e-05
4772 2.017316e-03 5.238177e-05
4773 2.015501e-03 5.233444e-05
4774 2.013687e-03 5.228716e-05
4775 2.011875e-03 5.223992e-05
4776 2.010064e-03 5.219273e-05
4777 2.008255e-03 5.214557e-05
4778 2.006448e-03 5.209846e-05
4779 2.004643e-03 5.205139e-05
4780 2.002839e-03 5.200437e-05
4781 2.001036e-03 5.195739e-05
4782 1.999236e-03 5.191044e-05
4783 1.997437e-03 5.186355e-05
4784 1.995639e-03 5.181669e-05
4785 1.993843e-03 5.176988e-05
4786 1.992049e-03 5.172311e-05
4787 1.990257e-03 5.167638e-05
4788 1.988466e-03 5.162969e-05
4789 1.986676e-03 5.158305e-05
4790 1.984889e-03 5.153644e-05
4791 1.983102e-03 5.148988e-05
4792 1.981318e-03 5.144336e-05
4793 1.979535e-03 5.139689e-05
4794 1.977754e-03 5.135045e-05
4795 1.975974e-03 5.130406e-05
4796 1.974196e-03 5.125771e-05
4797 1.972420e-03 5.121140e-05
4798 1.970645e-03 5.116514e-05
4799 1.968872e-03 5.111891e-05
4800 1.967100e-03 5.107273e-05
4801 1.965330e-03 5.102659e-05
4802 1.963561e-03 5.098049e-05
4803 1.961795e-03 5.093443e-05
4804 1.960029e-03 5.088841e-05
4805 1.958266e-03 5.084244e-05
4806 1.956504e-03 5.079650e-05
4807 1.954743e-03 5.075061e-05
4808 1.952984e-03 5.070476e-05
4809 1.951227e-03 5.065895e-05
4810 1.949471e-03 5.061319e-05
4811 1.947717e-03 5.056746e-05
4812 1.945965e-03 5.052177e-05
4813 1.944214e-03 5.047613e-05
4814 1.942464e-03 5.043053e-05
4815 1.940717e-03 5.038497e-05
4816 1.938970e-03 5.033945e-05
4817 1.937226e-03 5.029397e-05
4818 1.935483e-03 5.024853e-05
4819 1.933741e-03 5.020313e-05
4820 1.932001e-03 5.015778e-05
4821 1.930263e-03 5.011246e-05
4822 1.928526e-03 5.006719e-05
4823 1.926791e-03 5.002196e-05
4824 1.925058e-03 4.997676e-05
4825 1.923326e-03 4.993161e-05
4826 1.921595e-03 4.988650e-05
4827 1.919866e-03 4.984143e-05
4828 1.918139e-03 4.979640e-05
4829 1.916413e-03 4.975142e-05
4830 1.914689e-03 4.970647e-05
4831 1.912966e-03 4.966156e-05
4832 1.911245e-03 4.961669e-05
4833 1.909525e-03 4.957187e-05
4834 1.907807e-03 4.952708e-05
4835 1.906091e-03 4.948234e-05
4836 1.904376e-03 4.943763e-05
4837 1.902663e-03 4.939297e-05
4838 1.900951e-03 4.934834e-05
4839 1.899241e-03 4.930376e-05
4840 1.897532e-03 4.925922e-05
4841 1.895825e-03 4.921472e-05
4842 1.894119e-03 4.917025e-05
4843 1.892415e-03 4.912583e-05
4844 1.890713e-03 4.908145e-05
4845 1.889012e-03 4.903710e-05
4846 1.887312e-03 4.899280e-05
4847 1.885614e-03 4.894854e-05
4848 1.883918e-03 4.890432e-05
4849 1.882223e-03 4.886014e-05
4850 1.880529e-03 4.881599e-05
4851 1.878838e-03 4.877189e-05
4852 1.877147e-03 4.872783e-05
4853 1.875459e-03 4.868380e-05
4854 1.873771e-03 4.863982e-05
4855 1.872086e-03 4.859588e-05
4856 1.870402e-03 4.855197e-05
4857 1.868719e-03 4.850811e-05
4858 1.867038e-03 4.846429e-05
4859 1.865358e-03 4.842050e-05
4860 1.863680e-03 4.837676e-05
4861 1.862003e-03 4.833305e-05
4862 1.860328e-03 4.828938e-05
4863 1.858655e-03 4.824576e-05
4864 1.856983e-03 4.820217e-05
4865 1.855312e-03 4.815862e-05
4866 1.853643e-03 4.811511e-05
4867 1.851976e-03 4.807164e-05
4868 1.850310e-03 4.802821e-05
4869 1.848645e-03 4.798482e-05
4870 1.846982e-03 4.794147e-05
4871 1.845321e-03 4.789816e-05
4872 1.843661e-03 4.785489e-05
4873 1.842002e-03 4.781165e-05
4874 1.840345e-03 4.776846e-05
4875 1.838690e-03 4.772530e-05
4876 1.837036e-03 4.768218e-05
4877 1.835383e-03 4.763910e-05
4878 1.833732e-03 4.759606e-05
4879 1.832083e-03 4.755306e-05
4880 1.830435e-03 4.751010e-05
4881 1.828788e-03 4.746718e-05
4882 1.827143e-03 4.742430e-05
4883 1.825500e-03 4.738145e-05
4884 1.823857e-03 4.733864e-05
4885 1.822217e-03 4.729588e-05
4886 1.820578e-03 4.725315e-05
4887 1.818940e-03 4.721046e-05
4888 1.817304e-03 4.716780e-05
4889 1.815669e-03 4.712519e-05
4890 1.814036e-03 4.708262e-05
4891 1.812404e-03 4.704008e-05
4892 1.810774e-03 4.699758e-05
4893 1.809145e-03 4.695512e-05
4894 1.807518e-03 4.691270e-05
4895 1.805892e-03 4.687032e-05
4896 1.804268e-03 4.682797e-05
4897 1.802645e-03 4.678567e-05
4898 1.801024e-03 4.674340e-05
4899 1.799404e-03 4.670117e-05
4900 1.797785e-03 4.665898e-05
4901 1.796168e-03 4.661682e-05
4902 1.794552e-03 4.657471e-05
4903 1.792938e-03 4.653263e-05
4904 1.791326e-03 4.649059e-05
4905 1.789715e-03 4.644859e-05
4906 1.788105e-03 4.640662e-05
4907 1.786496e-03 4.636470e-05
4908 1.784890e-03 4.632281e-05
4909 1.783284e-03 4.628096e-05
4910 1.781680e-03 4.623915e-05
4911 1.780078e-03 4.619737e-05
4912 1.778477e-03 4.615564e-05
4913 1.776877e-03 4.611394e-05
4914 1.775279e-03 4.607228e-05
4915 1.773682e-03 4.603065e-05
4916 1.772087e-03 4.598907e-05
4917 1.770493e-03 4.594752e-05
4918 1.768901e-03 4.590601e-05
4919 1.767310e-03 4.586453e-05
4920 1.765721e-03 4.582310e-05
4921 1.764132e-03 4.578170e-05
4922 1.762546e-03 4.574034e-05
4923 1.760961e-03 4.569901e-05
4924 1.759377e-03 4.565773e-05
4925 1.757795e-03 4.561648e-05
4926 1.756214e-03 4.557526e-05
4927 1.754634e-03 4.553409e-05
4928 1.753056e-03 4.549295e-05
4929 1.751480e-03 4.545185e-05
4930 1.749904e-03 4.541079e-05
4931 1.748331e-03 4.536976e-05
4932 1.746758e-03 4.532877e-05
4933 1.745187e-03 4.528782e-05
4934 1.743618e-03 4.524691e-05
4935 1.742050e-03 4.520603e-05
4936 1.740483e-03 4.516519e-05
4937 1.738918e-03 4.512438e-05
4938 1.737354e-03 4.508362e-05
4939 1.735792e-03 4.504288e-05
4940 1.734230e-03 4.500219e-05
4941 1.732671e-03 4.496153e-05
4942 1.731113e-03 4.492091e-05
4943 1.729556e-03 4.488033e-05
4944 1.728001e-03 4.483978e-05
4945 1.726447e-03 4.479927e-05
4946 1.724894e-03 4.475880e-05
4947 1.723343e-03 4.471836e-05
4948 1.721793e-03 4.467796e-05
4949 1.720245e-03 4.463760e-05
4950 1.718698e-03 4.459727e-05
4951 1.717152e-03 4.455698e-05
4952 1.715608e-03 4.451672e-05
4953 1.714065e-03 4.447651e-05
4954 1.712524e-03 4.443632e-05
4955 1.710984e-03 4.439618e-05
4956 1.709445e-03 4.435607e-05
4957 1.707908e-03 4.431599e-05
4958 1.706372e-03 4.427596e-05
4959 1.704838e-03 4.423596e-05
4960 1.703305e-03 4.419599e-05
4961 1.701773e-03 4.415606e-05
4962 1.700243e-03 4.411617e-05
4963 1.698714e-03 4.407631e-05
4964 1.697186e-03 4.403649e-05
4965 1.695660e-03 4.399671e-05
4966 1.694136e-03 4.395696e-05
4967 1.692612e-03 4.391725e-05
4968 1.691090e-03 4.387757e-05
4969 1.689570e-03 4.383793e-05
4970 1.688050e-03 4.379832e-05
4971 1.686532e-03 4.375876e-05
4972 1.685016e-03 4.371922e-05
4973 1.683501e-03 4.367972e-05
4974 1.681987e-03 4.364026e-05
4975 1.680475e-03 4.360084e-05
4976 1.678964e-03 4.356144e-05
4977 1.677454e-03 4.352209e-05
4978 1.675946e-03 4.348277e-05
4979 1.674439e-03 4.344348e-05
4980 1.672933e-03 4.340424e-05
4981 1.671429e-03 4.336502e-05
4982 1.669926e-03 4.332584e-05
4983 1.668425e-03 4.328670e-05
4984 1.666924e-03 4.324759e-05
4985 1.665426e-03 4.320852e-05
4986 1.663928e-03 4.316949e-05
4987 1.662432e-03 4.313049e-05
4988 1.660937e-03 4.309152e-05
4989 1.659444e-03 4.305259e-05
4990 1.657952e-03 4.301369e-05
4991 1.656461e-03 4.297483e-05
4992 1.654972e-03 4.293601e-05
4993 1.653484e-03 4.289722e-05
4994 1.651997e-03 4.285846e-05
4995 1.650512e-03 4.281974e-05
4996 1.649028e-03 4.278106e-05
4997 1.647546e-03 4.274241e-05
4998 1.646064e-03 4.270379e-05
4999 1.644584e-03 4.266521e-05
5000 1.643106e-03 4.262666e-05
5001 1.641629e-03 4.258815e-05
5002 1.640153e-03 4.254968e-05
5003 1.638678e-03 4.251124e-05
5004 1.637205e-03 4.247283e-05
5005 1.635733e-03 4.243446e-05
5006 1.634262e-03 4.239612e-05
5007 1.632793e-03 4.235782e-05
5008 1.631325e-03 4.231955e-05
5009 1.629858e-03 4.228132e-05
5010 1.628393e-03 4.224312e-05
5011 1.626929e-03 4.220495e-05
5012 1.625467e-03 4.216682e-05
5013 1.624005e-03 4.212873e-05
5014 1.622545e-03 4.209067e-05
5015 1.621087e-03 4.205264e-05
5016 1.619629e-03 4.201465e-05
5017 1.618173e-03 4.197669e-05
5018 1.616718e-03 4.193877e-05
5019 1.615265e-03 4.190088e-05
5020 1.613813e-03 4.186302e-05
5021 1.612362e-03 4.182520e-05
5022 1.610913e-03 4.178741e-05
5023 1.609464e-03 4.174966e-05
5024 1.608018e-03 4.171194e-05
5025 1.606572e-03 4.167426e-05
5026 1.605128e-03 4.163661e-05
5027 1.603685e-03 4.159899e-05
5028 1.602243e-03 4.156141e-05
5029 1.600803e-03 4.152386e-05
5030 1.599364e-03 4.148635e-05
5031 1.597926e-03 4.144887e-05
5032 1.596490e-03 4.141142e-05
5033 1.595055e-03 4.137401e-05
5034 1.593621e-03 4.133663e-05
5035 1.592188e-03 4.129928e-05
5036 1.590757e-03 4.126197e-05
5037 1.589327e-03 4.122469e-05
5038 1.587898e-03 4.118745e-05
5039 1.586471e-03 4.115024e-05
5040 1.585045e-03 4.111306e-05
5041 1.583620e-03 4.107592e-05
5042 1.582197e-03 4.103881e-05
5043 1.580774e-03 4.100173e-05
5044 1.579353e-03 4.096469e-05
5045 1.577934e-03 4.092768e-05
5046 1.576515e-03 4.089070e-05
5047 1.575098e-03 4.085376e-05
5048 1.573683e-03 4.081685e-05
5049 1.572268e-03 4.077997e-05
5050 1.570855e-03 4.074313e-05
5051 1.569443e-03 4.070632e-05
5052 1.568032e-03 4.066955e-05
5053 1.566623e-03 4.063280e-05
5054 1.565215e-03 4.059610e-05
5055 1.563808e-03 4.055942e-05
5056 1.562402e-03 4.052278e-05
5057 1.560998e-03 4.048617e-05
5058 1.559595e-03 4.044959e-05
5059 1.558193e-03 4.041304e-05
5060 1.556792e-03 4.037653e-05
5061 1.555393e-03 4.034006e-05
5062 1.553995e-03 4.030361e-05
5063 1.552598e-03 4.026720e-05
5064 1.551203e-03 4.023082e-05
5065 1.549809e-03 4.019447e-05
5066 1.548416e-03 4.015816e-05
5067 1.547024e-03 4.012188e-05
5068 1.545634e-03 4.008563e-05
5069 1.544245e-03 4.004942e-05
5070 1.542857e-03 4.001323e-05
5071 1.541470e-03 3.997708e-05
5072 1.540085e-03 3.994097e-05
5073 1.538700e-03 3.990488e-05
5074 1.537318e-03 3.986883e-05
5075 1.535936e-03 3.983281e-05
5076 1.534555e-03 3.979682e-05
5077 1.533176e-03 3.976087e-05
5078 1.531798e-03 3.972495e-05
5079 1.530422e-03 3.968906e-05
5080 1.529046e-03 3.965320e-05
5081 1.527672e-03 3.961738e-05
5082 1.526299e-03 3.958159e-05
5083 1.524927e-03 3.954583e-05
5084 1.523557e-03 3.951010e-05
5085 1.522188e-03 3.947440e-05
5086 1.520820e-03 3.943874e-05
5087 1.519453e-03 3.940311e-05
5088 1.518088e-03 3.936751e-05
5089 1.516723e-03 3.933194e-05
5090 1.515360e-03 3.929641e-05
5091 1.513998e-03 3.926091e-05
5092 1.512638e-03 3.922544e-05
5093 1.511278e-03 3.919000e-05
5094 1.509920e-03 3.915459e-05
5095 1.508563e-03 3.911922e-05
5096 1.507208e-03 3.908388e-05
5097 1.505853e-03 3.904857e-05
5098 1.504500e-03 3.901329e-05
5099 1.503148e-03 3.897804e-05
5100 1.501797e-03 3.894283e-05
5101 1.500448e-03 3.890765e-05
5102 1.499099e-03 3.887249e-05
5103 1.497752e-03 3.883738e-05
5104 1.496406e-03 3.880229e-05
5105 1.495062e-03 3.876723e-05
5106 1.493718e-03 3.873221e-05
5107 1.492376e-03 3.869722e-05
5108 1.491035e-03 3.866225e-05
5109 1.489695e-03 3.862733e-05
5110 1.488357e-03 3.859243e-05
5111 1.487019e-03 3.855756e-05
5112 1.485683e-03 3.852273e-05
5113 1.484348e-03 3.848792e-05
5114 1.483014e-03 3.845315e-05
5115 1.481682e-03 3.841841e-05
5116 1.480350e-03 3.838370e-05
5117 1.479020e-03 3.834903e-05
5118 1.477691e-03 3.831438e-05
5119 1.476363e-03 3.827976e-05
5120 1.475037e-03 3.824518e-05
5121 1.473711e-03 3.821063e-05
5122 1.472387e-03 3.817611e-05
5123 1.471064e-03 3.814162e-05
5124 1.469742e-03 3.810716e-05
5125 1.468422e-03 3.807273e-05
5126 1.467102e-03 3.803833e-05
5127 1.465784e-03 3.800397e-05
5128 1.464467e-03 3.796963e-05
5129 1.463151e-03 3.793533e-05
5130 1.461837e-03 3.790106e-05
5131 1.460523e-03 3.786682e-05
5132 1.459211e-03 3.783261e-05
5133 1.457900e-03 3.779843e-05
5134 1.456590e-03 3.776428e-05
5135 1.455281e-03 3.773016e-05
5136 1.453974e-03 3.769607e-05
5137 1.452668e-03 3.766202e-05
5138 1.451362e-03 3.762799e-05
5139 1.450058e-03 3.759400e-05
5140 1.448756e-03 3.756003e-05
5141 1.447454e-03 3.752610e-05
5142 1.446154e-03 3.749220e-05
5143 1.444854e-03 3.745832e-05
5144 1.443556e-03 3.742448e-05
5145 1.442259e-03 3.739067e-05
5146 1.440964e-03 3.735689e-05
5147 1.439669e-03 3.732314e-05
5148 1.438376e-03 3.728942e-05
5149 1.437083e-03 3.725573e-05
5150 1.435792e-03 3.722207e-05
5151 1.434502e-03 3.718845e-05
5152 1.433214e-03 3.715485e-05
5153 1.431926e-03 3.712128e-05
5154 1.430640e-03 3.708774e-05
5155 1.429354e-03 3.705424e-05
5156 1.428070e-03 3.702076e-05
5157 1.426787e-03 3.698731e-05
5158 1.425506e-03 3.695390e-05
5159 1.424225e-03 3.692051e-05
5160 1.422946e-03 3.688716e-05
5161 1.421667e-03 3.685383e-05
5162 1.420390e-03 3.682054e-05
5163 1.419114e-03 3.678727e-05
5164 1.417839e-03 3.675403e-05
5165 1.416566e-03 3.672083e-05
5166 1.415293e-03 3.668765e-05
5167 1.414022e-03 3.665451e-05
5168 1.412751e-03 3.662139e-05
5169 1.411482e-03 3.658831e-05
5170 1.410214e-03 3.655525e-05
5171 1.408948e-03 3.652223e-05
5172 1.407682e-03 3.648923e-05
5173 1.406418e-03 3.645627e-05
5174 1.405154e-03 3.642333e-05
5175 1.403892e-03 3.639042e-05
5176 1.402631e-03 3.635755e-05
5177 1.401371e-03 3.632470e-05
5178 1.400112e-03 3.629188e-05
5179 1.398854e-03 3.625909e-05
5180 1.397598e-03 3.622634e-05
5181 1.396343e-03 3.619361e-05
5182 1.395088e-03 3.616091e-05
5183 1.393835e-03 3.612824e-05
5184 1.392583e-03 3.609560e-05
5185 1.391332e-03 3.606299e-05
5186 1.390083e-03 3.603041e-05
5187 1.388834e-03 3.599786e-05
5188 1.387587e-03 3.596533e-05
5189 1.386340e-03 3.593284e-05
5190 1.385095e-03 3.590038e-05
5191 1.383851e-03 3.586794e-05
5192 1.382608e-03 3.583554e-05
5193 1.381366e-03 3.580316e-05
5194 1.380125e-03 3.577082e-05
5195 1.378886e-03 3.573850e-05
5196 1.377647e-03 3.570621e-05
5197 1.376410e-03 3.567395e-05
5198 1.375174e-03 3.564172e-05
5199 1.373939e-03 3.560952e-05
5200 1.372705e-03 3.557735e-05
5201 1.371472e-03 3.554521e-05
5202 1.370240e-03 3.551310e-05
5203 1.369009e-03 3.548101e-05
5204 1.367780e-03 3.544896e-05
5205 1.366551e-03 3.541693e-05
5206 1.365324e-03 3.538493e-05
5207 1.364098e-03 3.535297e-05
5208 1.362873e-03 3.532103e-05
5209 1.361649e-03 3.528912e-05
5210 1.360426e-03 3.525723e-05
5211 1.359204e-03 3.522538e-05
5212 1.357983e-03 3.519356e-05
5213 1.356764e-03 3.516176e-05
5214 1.355545e-03 3.513000e-05
5215 1.354328e-03 3.509826e-05
5216 1.353112e-03 3.506655e-05
5217 1.351896e-03 3.503487e-05
5218 1.350682e-03 3.500322e-05
5219 1.349469e-03 3.497159e-05
5220 1.348257e-03 3.494000e-05
5221 1.347047e-03 3.490843e-05
5222 1.345837e-03 3.487689e-05
5223 1.344628e-03 3.484538e-05
5224 1.343421e-03 3.481390e-05
5225 1.342214e-03 3.478245e-05
5226 1.341009e-03 3.475103e-05
5227 1.339805e-03 3.471963e-05
5228 1.338602e-03 3.468826e-05
5229 1.337400e-03 3.465692e-05
5230 1.336199e-03 3.462561e-05
5231 1.334999e-03 3.459433e-05
5232 1.333800e-03 3.456308e-05
5233 1.332602e-03 3.453185e-05
5234 1.331406e-03 3.450065e-05
5235 1.330210e-03 3.446948e-05
5236 1.329016e-03 3.443834e-05
5237 1.327822e-03 3.440723e-05
5238 1.326630e-03 3.437614e-05
5239 1.325439e-03 3.434509e-05
5240 1.324248e-03 3.431406e-05
5241 1.323059e-03 3.428306e-05
5242 1.321871e-03 3.425209e-05
5243 1.320684e-03 3.422114e-05
5244 1.319498e-03 3.419022e-05
5245 1.318314e-03 3.415933e-05
5246 1.317130e-03 3.412847e-05
5247 1.315947e-03 3.409764e-05
5248 1.314766e-03 3.406683e-05
5249 1.313585e-03 3.403606e-05
5250 1.312406e-03 3.400531e-05
5251 1.311227e-03 3.397459e-05
5252 1.310050e-03 3.394389e-05
5253 1.308874e-03 3.391322e-05
5254 1.307699e-03 3.388259e-05
5255 1.306524e-03 3.385198e-05
5256 1.305351e-03 3.382139e-05
5257 1.304179e-03 3.379084e-05
5258 1.303008e-03 3.376031e-05
5259 1.301838e-03 3.372981e-05
5260 1.300670e-03 3.369933e-05
5261 1.299502e-03 3.366889e-05
5262 1.298335e-03 3.363847e-05
5263 1.297169e-03 3.360808e-05
5264 1.296005e-03 3.357772e-05
5265 1.294841e-03 3.354738e-05
5266 1.293679e-03 3.351707e-05
5267 1.292517e-03 3.348679e-05
5268 1.291357e-03 3.345654e-05
5269 1.290198e-03 3.342631e-05
5270 1.289039e-03 3.339611e-05
5271 1.287882e-03 3.336594e-05
5272 1.286726e-03 3.333580e-05
5273 1.285571e-03 3.330568e-05
5274 1.284416e-03 3.327559e-05
5275 1.283263e-03 3.324553e-05
5276 1.282111e-03 3.321549e-05
5277 1.280960e-03 3.318548e-05
5278 1.279810e-03 3.315550e-05
5279 1.278661e-03 3.312555e-05
5280 1.277513e-03 3.309562e-05
5281 1.276367e-03 3.306572e-05
5282 1.275221e-03 3.303585e-05
5283 1.274076e-03 3.300600e-05
5284 1.272932e-03 3.297618e-05
5285 1.271790e-03 3.294639e-05
5286 1.270648e-03 3.291663e-05
5287 1.269507e-03 3.288689e-05
5288 1.268368e-03 3.285718e-05
5289 1.267229e-03 3.282749e-05
5290 1.266091e-03 3.279783e-05
5291 1.264955e-03 3.276820e-05
5292 1.263819e-03 3.273860e-05
5293 1.262685e-03 3.270902e-05
5294 1.261551e-03 3.267947e-05
5295 1.260419e-03 3.264995e-05
5296 1.259288e-03 3.262045e-05
5297 1.258157e-03 3.259098e-05
5298 1.257028e-03 3.256153e-05
5299 1.255900e-03 3.253212e-05
5300 1.254772e-03 3.250273e-05
5301 1.253646e-03 3.247336e-05
5302 1.252521e-03 3.244402e-05
5303 1.251396e-03 3.241471e-05
5304 1.250273e-03 3.238543e-05
5305 1.249151e-03 3.235617e-05
5306 1.248030e-03 3.232694e-05
5307 1.246910e-03 3.229773e-05
5308 1.245790e-03 3.226855e-05
5309 1.244672e-03 3.223940e-05
5310 1.243555e-03 3.221027e-05
5311 1.242439e-03 3.218117e-05
5312 1.241324e-03 3.215210e-05
5313 1.240210e-03 3.212305e-05
5314 1.239096e-03 3.209403e-05
5315 1.237984e-03 3.206503e-05
5316 1.236873e-03 3.203606e-05
5317 1.235763e-03 3.200712e-05
5318 1.234654e-03 3.197821e-05
5319 1.233546e-03 3.194931e-05
5320 1.232439e-03 3.192045e-05
5321 1.231333e-03 3.189161e-05
5322 1.230227e-03 3.186280e-05
5323 1.229123e-03 3.183401e-05
5324 1.228020e-03 3.180525e-05
5325 1.226918e-03 3.177652e-05
5326 1.225817e-03 3.174781e-05
5327 1.224717e-03 3.171913e-05
5328 1.223618e-03 3.169047e-05
5329 1.222520e-03 3.166184e-05
5330 1.221422e-03 3.163324e-05
5331 1.220326e-03 3.160466e-05
5332 1.219231e-03 3.157610e-05
5333 1.218137e-03 3.154758e-05
5334 1.217044e-03 3.151908e-05
5335 1.215952e-03 3.149060e-05
5336 1.214860e-03 3.146215e-05
5337 1.213770e-03 3.143373e-05
5338 1.212681e-03 3.140533e-05
5339 1.211593e-03 3.137695e-05
5340 1.210505e-03 3.134861e-05
5341 1.209419e-03 3.132028e-05
5342 1.208334e-03 3.129199e-05
5343 1.207249e-03 3.126372e-05
5344 1.206166e-03 3.123547e-05
5345 1.205084e-03 3.120725e-05
5346 1.204002e-03 3.117906e-05
5347 1.202922e-03 3.115089e-05
5348 1.201843e-03 3.112275e-05
5349 1.200764e-03 3.109463e-05
5350 1.199687e-03 3.106654e-05
5351 1.198610e-03 3.103847e-05
5352 1.197535e-03 3.101043e-05
5353 1.196460e-03 3.098241e-05
5354 1.195386e-03 3.095442e-05
5355 1.194314e-03 3.092646e-05
5356 1.193242e-03 3.089852e-05
5357 1.192171e-03 3.087060e-05
5358 1.191102e-03 3.084271e-05
5359 1.190033e-03 3.081485e-05
5360 1.188965e-03 3.078701e-05
5361 1.187898e-03 3.075919e-05
5362 1.186833e-03 3.073140e-05
5363 1.185768e-03 3.070364e-05
5364 1.184704e-03 3.067590e-05
5365 1.183641e-03 3.064819e-05
5366 1.182579e-03 3.062050e-05
5367 1.181518e-03 3.059283e-05
5368 1.180458e-03 3.056519e-05
5369 1.179398e-03 3.053758e-05
5370 1.178340e-03 3.050999e-05
5371 1.177283e-03 3.048243e-05
5372 1.176227e-03 3.045489e-05
5373 1.175172e-03 3.042737e-05
5374 1.174117e-03 3.039988e-05
5375 1.173064e-03 3.037242e-05
5376 1.172011e-03 3.034498e-05
5377 1.170960e-03 3.031756e-05
5378 1.169909e-03 3.029017e-05
5379 1.168860e-03 3.026281e-05
5380 1.167811e-03 3.023547e-05
5381 1.166763e-03 3.020815e-05
5382 1.165717e-03 3.018086e-05
5383 1.164671e-03 3.015359e-05
5384 1.163626e-03 3.012635e-05
5385 1.162582e-03 3.009913e-05
5386 1.161539e-03 3.007194e-05
5387 1.160497e-03 3.004477e-05
5388 1.159456e-03 3.001763e-05
5389 1.158416e-03 2.999051e-05
5390 1.157377e-03 2.996341e-05
5391 1.156338e-03 2.993634e-05
5392 1.155301e-03 2.990930e-05
5393 1.154265e-03 2.988228e-05
5394 1.153229e-03 2.985528e-05
5395 1.152195e-03 2.982831e-05
5396 1.151161e-03 2.980136e-05
5397 1.150128e-03 2.977444e-05
5398 1.149097e-03 2.974754e-05
5399 1.148066e-03 2.972066e-05
5400 1.147036e-03 2.969381e-05
5401 1.146007e-03 2.966698e-05
5402 1.144979e-03 2.964018e-05
5403 1.143952e-03 2.961340e-05
5404 1.142926e-03 2.958665e-05
5405 1.141901e-03 2.955992e-05
5406 1.140877e-03 2.953321e-05
5407 1.139853e-03 2.950653e-05
5408 1.138831e-03 2.947987e-05
5409 1.137809e-03 2.945324e-05
5410 1.136789e-03 2.942663e-05
5411 1.135769e-03 2.940005e-05
5412 1.134750e-03 2.937348e-05
5413 1.133733e-03 2.934695e-05
5414 1.132716e-03 2.932043e-05
5415 1.131700e-03 2.929394e-05
5416 1.130685e-03 2.926748e-05
5417 1.129671e-03 2.924104e-05
5418 1.128657e-03 2.921462e-05
5419 1.127645e-03 2.918823e-05
5420 1.126634e-03 2.916186e-05
5421 1.125623e-03 2.913551e-05
5422 1.124614e-03 2.910919e-05
5423 1.123605e-03 2.908289e-05
5424 1.122597e-03 2.905661e-05
5425 1.121590e-03 2.903036e-05
5426 1.120584e-03 2.900414e-05
5427 1.119579e-03 2.897793e-05
5428 1.118575e-03 2.895175e-05
5429 1.117572e-03 2.892560e-05
5430 1.116570e-03 2.889946e-05
5431 1.115568e-03 2.887335e-05
5432 1.114568e-03 2.884727e-05
5433 1.113568e-03 2.882121e-05
5434 1.112570e-03 2.879517e-05
5435 1.111572e-03 2.876915e-05
5436 1.110575e-03 2.874316e-05
5437 1.109579e-03 2.871719e-05
5438 1.108584e-03 2.869125e-05
5439 1.107590e-03 2.866533e-05
5440 1.106597e-03 2.863943e-05
5441 1.105604e-03 2.861356e-05
5442 1.104613e-03 2.858771e-05
5443 1.103622e-03 2.856188e-05
5444 1.102633e-03 2.853607e-05
5445 1.101644e-03 2.851029e-05
5446 1.100656e-03 2.848454e-05
5447 1.099669e-03 2.845880e-05
5448 1.098683e-03 2.843309e-05
5449 1.097698e-03 2.840740e-05
5450 1.096713e-03 2.838174e-05
5451 1.095730e-03 2.835610e-05
5452 1.094747e-03 2.833048e-05
5453 1.093766e-03 2.830488e-05
5454 1.092785e-03 2.827931e-05
5455 1.091805e-03 2.825376e-05
5456 1.090826e-03 2.822824e-05
5457 1.089848e-03 2.820273e-05
5458 1.088871e-03 2.817726e-05
5459 1.087895e-03 2.815180e-05
5460 1.086919e-03 2.812637e-05
5461 1.085944e-03 2.810095e-05
5462 1.084971e-03 2.807557e-05
5463 1.083998e-03 2.805020e-05
5464 1.083026e-03 2.802486e-05
5465 1.082055e-03 2.799954e-05
5466 1.081085e-03 2.797425e-05
5467 1.080116e-03 2.794897e-05
5468 1.079147e-03 2.792372e-05
5469 1.078180e-03 2.789849e-05
5470 1.077213e-03 2.787329e-05
5471 1.076247e-03 2.784811e-05
5472 1.075282e-03 2.782295e-05
5473 1.074318e-03 2.779781e-05
5474 1.073355e-03 2.777270e-05
5475 1.072393e-03 2.774761e-05
5476 1.071431e-03 2.772254e-05
5477 1.070471e-03 2.769749e-05
5478 1.069511e-03 2.767247e-05
5479 1.068552e-03 2.764747e-05
5480 1.067594e-03 2.762249e-05
5481 1.066637e-03 2.759754e-05
5482 1.065681e-03 2.757260e-05
5483 1.064725e-03 2.754769e-05
5484 1.063771e-03 2.752280e-05
5485 1.062817e-03 2.749794e-05
5486 1.061864e-03 2.747310e-05
5487 1.060913e-03 2.744828e-05
5488 1.059961e-03 2.742348e-05
5489 1.059011e-03 2.739870e-05
5490 1.058062e-03 2.737395e-05
5491 1.057113e-03 2.734922e-05
5492 1.056166e-03 2.732451e-05
5493 1.055219e-03 2.729982e-05
5494 1.054273e-03 2.727516e-05
5495 1.053328e-03 2.725052e-05
5496 1.052384e-03 2.722590e-05
5497 1.051440e-03 2.720130e-05
5498 1.050498e-03 2.717673e-05
5499 1.049556e-03 2.715217e-05
5500 1.048616e-03 2.712764e-05
5501 1.047676e-03 2.710313e-05
5502 1.046736e-03 2.707865e-05
5503 1.045798e-03 2.705418e-05
5504 1.044861e-03 2.702974e-05
5505 1.043924e-03 2.700532e-05
5506 1.042989e-03 2.698093e-05
5507 1.042054e-03 2.695655e-05
5508 1.041120e-03 2.693220e-05
5509 1.040187e-03 2.690786e-05
5510 1.039254e-03 2.688355e-05
5511 1.038323e-03 2.685927e-05
5512 1.037392e-03 2.683500e-05
5513 1.036462e-03 2.681076e-05
5514 1.035533e-03 2.678653e-05
5515 1.034605e-03 2.676233e-05
5516 1.033678e-03 2.673816e-05
5517 1.032751e-03 2.671400e-05
5518 1.031826e-03 2.668986e-05
5519 1.030901e-03 2.666575e-05
5520 1.029977e-03 2.664166e-05
5521 1.029054e-03 2.661759e-05
5522 1.028132e-03 2.659354e-05
5523 1.027210e-03 2.656952e-05
5524 1.026290e-03 2.654551e-05
5525 1.025370e-03 2.652153e-05
5526 1.024451e-03 2.649757e-05
5527 1.023533e-03 2.647363e-05
5528 1.022616e-03 2.644971e-05
5529 1.021699e-03 2.642582e-05
5530 1.020784e-03 2.640194e-05
5531 1.019869e-03 2.637809e-05
5532 1.018955e-03 2.635426e-05
5533 1.018042e-03 2.633045e-05
5534 1.017130e-03 2.630666e-05
5535 1.016218e-03 2.628290e-05
5536 1.015307e-03 2.625915e-05
5537 1.014398e-03 2.623543e-05
5538 1.013489e-03 2.621172e-05
5539 1.012580e-03 2.618804e-05
5540 1.011673e-03 2.616438e-05
5541 1.010766e-03 2.614075e-05
5542 1.009861e-03 2.611713e-05
5543 1.008956e-03 2.609353e-05
5544 1.008052e-03 2.606996e-05
5545 1.007148e-03 2.604641e-05
5546 1.006246e-03 2.602288e-05
5547 1.005344e-03 2.599937e-05
5548 1.004443e-03 2.597588e-05
5549 1.003543e-03 2.595241e-05
5550 1.002644e-03 2.592896e-05
5551 1.001746e-03 2.590554e-05
5552 1.000848e-03 2.588213e-05
5553 9.999516e-04 2.585875e-05
5554 9.990556e-04 2.583539e-05
5555 9.981605e-04 2.581205e-05
5556 9.972661e-04 2.578873e-05
5557 9.963726e-04 2.576543e-05
5558 9.954799e-04 2.574215e-05
5559 9.945880e-04 2.571889e-05
5560 9.936969e-04 2.569566e-05
5561 9.928066e-04 2.567244e-05
5562 9.919171e-04 2.564925e-05
5563 9.910284e-04 2.562608e-05
5564 9.901405e-04 2.560293e-05
5565 9.892535e-04 2.557980e-05
5566 9.883672e-04 2.555669e-05
5567 9.874817e-04 2.553360e-05
5568 9.865970e-04 2.551053e-05
5569 9.857132e-04 2.548748e-05
5570 9.848301e-04 2.546445e-05
5571 9.839478e-04 2.544145e-05
5572 9.830663e-04 2.541846e-05
5573 9.821856e-04 2.539550e-05
5574 9.813057e-04 2.537256e-05
5575 9.804266e-04 2.534963e-05
5576 9.795483e-04 2.532673e-05
5577 9.786708e-04 2.530385e-05
5578 9.777941e-04 2.528099e-05
5579 9.769182e-04 2.525815e-05
5580 9.760431e-04 2.523533e-05
5581 9.751688e-04 2.521253e-05
5582 9.742952e-04 2.518975e-05
5583 9.734225e-04 2.516700e-05
5584 9.725505e-04 2.514426e-05
5585 9.716793e-04 2.512154e-05
5586 9.708089e-04 2.509885e-05
5587 9.699393e-04 2.507617e-05
5588 9.690705e-04 2.505352e-05
5589 9.682025e-04 2.503088e-05
5590 9.673352e-04 2.500827e-05
5591 9.664688e-04 2.498567e-05
5592 9.656031e-04 2.496310e-05
5593 9.647382e-04 2.494055e-05
5594 9.638741e-04 2.491801e-05
5595 9.630107e-04 2.489550e-05
5596 9.621482e-04 2.487301e-05
5597 9.612864e-04 2.485054e-05
5598 9.604254e-04 2.482809e-05
5599 9.595652e-04 2.480566e-05
5600 9.587058e-04 2.478325e-05
5601 9.578471e-04 2.476086e-05
5602 9.569892e-04 2.473849e-05
5603 9.561321e-04 2.471614e-05
5604 9.552758e-04 2.469381e-05
5605 9.544202e-04 2.467150e-05
5606 9.535654e-04 2.464921e-05
5607 9.527114e-04 2.462694e-05
5608 9.518582e-04 2.460469e-05
5609 9.510057e-04 2.458246e-05
5610 9.501540e-04 2.456025e-05
5611 9.493031e-04 2.453806e-05
5612 9.484529e-04 2.451589e-05
5613 9.476036e-04 2.449375e-05
5614 9.467549e-04 2.447162e-05
5615 9.459071e-04 2.444951e-05
5616 9.450600e-04 2.442742e-05
5617 9.442137e-04 2.440535e-05
5618 9.433681e-04 2.438330e-05
5619 9.425233e-04 2.436127e-05
5620 9.416793e-04 2.433926e-05
5621 9.408360e-04 2.431727e-05
5622 9.399935e-04 2.429531e-05
5623 9.391518e-04 2.427336e-05
5624 9.383108e-04 2.425143e-05
5625 9.374706e-04 2.422952e-05
5626 9.366311e-04 2.420763e-05
5627 9.357924e-04 2.418576e-05
5628 9.349545e-04 2.416391e-05
5629 9.341173e-04 2.414207e-05
5630 9.332809e-04 2.412026e-05
5631 9.324452e-04 2.409847e-05
5632 9.316103e-04 2.407670e-05
5633 9.307761e-04 2.405495e-05
5634 9.299427e-04 2.403322e-05
5635 9.291101e-04 2.401150e-05
5636 9.282782e-04 2.398981e-05
5637 9.274470e-04 2.396814e-05
5638 9.266166e-04 2.394648e-05
5639 9.257870e-04 2.392485e-05
5640 9.249581e-04 2.390323e-05
5641 9.241299e-04 2.388164e-05
5642 9.233025e-04 2.386006e-05
5643 9.224759e-04 2.383851e-05
5644 9.216500e-04 2.381697e-05
5645 9.208248e-04 2.379545e-05
5646 9.200004e-04 2.377396e-05
5647 9.191768e-04 2.375248e-05
5648 9.183538e-04 2.373102e-05
5649 9.175317e-04 2.370958e-05
5650 9.167102e-04 2.368816e-05
5651 9.158895e-04 2.366676e-05
5652 9.150696e-04 2.364537e-05
5653 9.142504e-04 2.362401e-05
5654 9.134319e-04 2.360267e-05
5655 9.126142e-04 2.358135e-05
5656 9.117972e-04 2.356004e-05
5657 9.109810e-04 2.353876e-05
5658 9.101655e-04 2.351749e-05
5659 9.093507e-04 2.349624e-05
5660 9.085367e-04 2.347502e-05
5661 9.077234e-04 2.345381e-05
5662 9.069108e-04 2.343262e-05
5663 9.060990e-04 2.341145e-05
5664 9.052879e-04 2.339030e-05
5665 9.044775e-04 2.336917e-05
5666 9.036679e-04 2.334805e-05
5667 9.028590e-04 2.332696e-05
5668 9.020508e-04 2.330588e-05
5669 9.012434e-04 2.328483e-05
5670 9.004367e-04 2.326379e-05
5671 8.996307e-04 2.324277e-05
5672 8.988255e-04 2.322178e-05
5673 8.980210e-04 2.320080e-05
5674 8.972172e-04 2.317984e-05
5675 8.964141e-04 2.315889e-05
5676 8.956118e-04 2.313797e-05
5677 8.948102e-04 2.311707e-05
5678 8.940093e-04 2.309618e-05
5679 8.932091e-04 2.307532e-05
5680 8.924097e-04 2.305447e-05
5681 8.916110e-04 2.303364e-05
5682 8.908130e-04 2.301283e-05
5683 8.900157e-04 2.299204e-05
5684 8.892191e-04 2.297127e-05
5685 8.884233e-04 2.295051e-05
5686 8.876282e-04 2.292978e-05
5687 8.868338e-04 2.290906e-05
5688 8.860401e-04 2.288837e-05
5689 8.852472e-04 2.286769e-05
5690 8.844549e-04 2.284703e-05
5691 8.836634e-04 2.282639e-05
5692 8.828726e-04 2.280577e-05
5693 8.820825e-04 2.278516e-05
5694 8.812932e-04 2.276458e-05
5695 8.805045e-04 2.274401e-05
5696 8.797165e-04 2.272346e-05
5697 8.789293e-04 2.270293e-05
5698 8.781428e-04 2.268242e-05
5699 8.773570e-04 2.266193e-05
5700 8.765719e-04 2.264146e-05
5701 8.757875e-04 2.262100e-05
5702 8.750038e-04 2.260056e-05
5703 8.742208e-04 2.258015e-05
5704 8.734385e-04 2.255975e-05
5705 8.726570e-04 2.253936e-05
5706 8.718761e-04 2.251900e-05
5707 8.710960e-04 2.249866e-05
5708 8.703165e-04 2.247833e-05
5709 8.695378e-04 2.245802e-05
5710 8.687598e-04 2.243773e-05
5711 8.679824e-04 2.241746e-05
5712 8.672058e-04 2.239721e-05
5713 8.664299e-04 2.237697e-05
5714 8.656547e-04 2.235676e-05
5715 8.648801e-04 2.233656e-05
5716 8.641063e-04 2.231638e-05
5717 8.633332e-04 2.229622e-05
5718 8.625608e-04 2.227607e-05
5719 8.617891e-04 2.225595e-05
5720 8.610180e-04 2.223584e-05
5721 8.602477e-04 2.221575e-05
5722 8.594781e-04 2.219568e-05
5723 8.587091e-04 2.217563e-05
5724 8.579409e-04 2.215560e-05
5725 8.571734e-04 2.213558e-05
5726 8.564065e-04 2.211558e-05
5727 8.556403e-04 2.209560e-05
5728 8.548749e-04 2.207564e-05
5729 8.541101e-04 2.205569e-05
5730 8.533460e-04 2.203577e-05
5731 8.525826e-04 2.201586e-05
5732 8.518199e-04 2.199597e-05
5733 8.510579e-04 2.197610e-05
5734 8.502966e-04 2.195624e-05
5735 8.495360e-04 2.193641e-05
5736 8.487760e-04 2.191659e-05
5737 8.480168e-04 2.189679e-05
5738 8.472582e-04 2.187701e-05
5739 8.465003e-04 2.185724e-05
5740 8.457431e-04 2.183749e-05
5741 8.449866e-04 2.181777e-05
5742 8.442308e-04 2.179805e-05
5743 8.434756e-04 2.177836e-05
5744 8.427212e-04 2.175869e-05
5745 8.419674e-04 2.173903e-05
5746 8.412143e-04 2.171939e-05
5747 8.404619e-04 2.169977e-05
5748 8.397101e-04 2.168016e-05
5749 8.389591e-04 2.166057e-05
5750 8.382087e-04 2.164101e-05
5751 8.374590e-04 2.162145e-05
5752 8.367100e-04 2.160192e-05
5753 8.359616e-04 2.158240e-05
5754 8.352139e-04 2.156291e-05
5755 8.344670e-04 2.154342e-05
5756 8.337206e-04 2.152396e-05
5757 8.329750e-04 2.150452e-05
5758 8.322300e-04 2.148509e-05
5759 8.314857e-04 2.146568e-05
5760 8.307421e-04 2.144628e-05
5761 8.299992e-04 2.142691e-05
5762 8.292569e-04 2.140755e-05
5763 8.285153e-04 2.138821e-05
5764 8.277743e-04 2.136889e-05
5765 8.270341e-04 2.134958e-05
5766 8.262945e-04 2.133029e-05
5767 8.255556e-04 2.131102e-05
5768 8.248173e-04 2.129177e-05
5769 8.240797e-04 2.127253e-05
5770 8.233428e-04 2.125331e-05
5771 8.226065e-04 2.123411e-05
5772 8.218709e-04 2.121493e-05
5773 8.211360e-04 2.119576e-05
5774 8.204018e-04 2.117661e-05
5775 8.196682e-04 2.115748e-05
5776 8.189352e-04 2.113837e-05
5777 8.182030e-04 2.111927e-05
5778 8.174714e-04 2.110019e-05
5779 8.167404e-04 2.108113e-05
5780 8.160101e-04 2.106208e-05
5781 8.152805e-04 2.104305e-05
5782 8.145515e-04 2.102404e-05
5783 8.138232e-04 2.100505e-05
5784 8.130956e-04 2.098607e-05
5785 8.123686e-04 2.096711e-05
5786 8.116423e-04 2.094817e-05
5787 8.109166e-04 2.092924e-05
5788 8.101916e-04 2.091033e-05
5789 8.094672e-04 2.089144e-05
5790 8.087435e-04 2.087257e-05
5791 8.080204e-04 2.085371e-05
5792 8.072980e-04 2.083487e-05
5793 8.065763e-04 2.081605e-05
5794 8.058552e-04 2.079724e-05
5795 8.051348e-04 2.077845e-05
5796 8.044150e-04 2.075968e-05
5797 8.036958e-04 2.074092e-05
5798 8.029774e-04 2.072219e-05
5799 8.022595e-04 2.070347e-05
5800 8.015423e-04 2.068476e-05
5801 8.008258e-04 2.066607e-05
5802 8.001099e-04 2.064740e-05
5803 7.993947e-04 2.062875e-05
5804 7.986801e-04 2.061011e-05
5805 7.979661e-04 2.059149e-05
5806 7.972528e-04 2.057289e-05
5807 7.965401e-04 2.055430e-05
5808 7.958281e-04 2.053573e-05
5809 7.951168e-04 2.051718e-05
5810 7.944060e-04 2.049864e-05
5811 7.936959e-04 2.048012e-05
5812 7.929865e-04 2.046162e-05
5813 7.922777e-04 2.044314e-05
5814 7.915695e-04 2.042467e-05
5815 7.908620e-04 2.040621e-05
5816 7.901551e-04 2.038778e-05
5817 7.894489e-04 2.036936e-05
5818 7.887433e-04 2.035096e-05
5819 7.880383e-04 2.033257e-05
5820 7.873340e-04 2.031420e-05
5821 7.866303e-04 2.029585e-05
5822 7.859273e-04 2.027751e-05
5823 7.852248e-04 2.025919e-05
5824 7.845231e-04 2.024089e-05
5825 7.838219e-04 2.022260e-05
5826 7.831214e-04 2.020433e-05
5827 7.824215e-04 2.018608e-05
5828 7.817223e-04 2.016784e-05
5829 7.810237e-04 2.014962e-05
5830 7.803257e-04 2.013142e-05
5831 7.796283e-04 2.011323e-05
5832 7.789316e-04 2.009506e-05
5833 7.782355e-04 2.007690e-05
5834 7.775401e-04 2.005876e-05
5835 7.768452e-04 2.004064e-05
5836 7.761510e-04 2.002254e-05
5837 7.754575e-04 2.000445e-05
5838 7.747645e-04 1.998638e-05
5839 7.740722e-04 1.996832e-05
5840 7.733805e-04 1.995028e-05
5841 7.726894e-04 1.993225e-05
5842 7.719990e-04 1.991425e-05
5843 7.713092e-04 1.989626e-05
5844 7.706200e-04 1.987828e-05
5845 7.699314e-04 1.986032e-05
5846 7.692435e-04 1.984238e-05
5847 7.685561e-04 1.982445e-05
5848 7.678694e-04 1.980654e-05
5849 7.671833e-04 1.978865e-05
5850 7.664979e-04 1.977077e-05
5851 7.658130e-04 1.975291e-05
5852 7.651288e-04 1.973506e-05
5853 7.644452e-04 1.971723e-05
5854 7.637622e-04 1.969942e-05
5855 7.630799e-04 1.968162e-05
5856 7.623981e-04 1.966384e-05
5857 7.617170e-04 1.964608e-05
5858 7.610365e-04 1.962833e-05
5859 7.603566e-04 1.961059e-05
5860 7.596773e-04 1.959288e-05
5861 7.589986e-04 1.957517e-05
5862 7.583205e-04 1.955749e-05
5863 7.576431e-04 1.953982e-05
5864 7.569663e-04 1.952217e-05
5865 7.562900e-04 1.950453e-05
5866 7.556144e-04 1.948691e-05
5867 7.549394e-04 1.946930e-05
5868 7.542650e-04 1.945171e-05
5869 7.535913e-04 1.943414e-05
5870 7.529181e-04 1.941658e-05
5871 7.522455e-04 1.939904e-05
5872 7.515736e-04 1.938152e-05
5873 7.509023e-04 1.936400e-05
5874 7.502315e-04 1.934651e-05
5875 7.495614e-04 1.932903e-05
5876 7.488919e-04 1.931157e-05
5877 7.482230e-04 1.929412e-05
5878 7.475546e-04 1.927669e-05
5879 7.468869e-04 1.925928e-05
5880 7.462198e-04 1.924188e-05
5881 7.455533e-04 1.922449e-05
5882 7.448874e-04 1.920712e-05
5883 7.442221e-04 1.918977e-05
5884 7.435574e-04 1.917243e-05
5885 7.428934e-04 1.915511e-05
5886 7.422299e-04 1.913781e-05
5887 7.415670e-04 1.912052e-05
5888 7.409047e-04 1.910324e-05
5889 7.402430e-04 1.908598e-05
5890 7.395819e-04 1.906874e-05
5891 7.389214e-04 1.905151e-05
5892 7.382615e-04 1.903430e-05
5893 7.376022e-04 1.901711e-05
5894 7.369435e-04 1.899992e-05
5895 7.362854e-04 1.898276e-05
5896 7.356279e-04 1.896561e-05
5897 7.349710e-04 1.894847e-05
5898 7.343146e-04 1.893136e-05
5899 7.336589e-04 1.891425e-05
5900 7.330038e-04 1.889716e-05
5901 7.323492e-04 1.888009e-05
5902 7.316953e-04 1.886303e-05
5903 7.310419e-04 1.884599e-05
5904 7.303892e-04 1.882897e-05
5905 7.297370e-04 1.881196e-05
5906 7.290854e-04 1.879496e-05
5907 7.284344e-04 1.877798e-05
5908 7.277840e-04 1.876102e-05
5909 7.271342e-04 1.874407e-05
5910 7.264849e-04 1.872713e-05
5911 7.258363e-04 1.871021e-05
5912 7.251882e-04 1.869331e-05
5913 7.245407e-04 1.867642e-05
5914 7.238939e-04 1.865955e-05
5915 7.232475e-04 1.864269e-05
5916 7.226018e-04 1.862585e-05
5917 7.219567e-04 1.860902e-05
5918 7.213121e-04 1.859221e-05
5919 7.206682e-04 1.857541e-05
5920 7.200248e-04 1.855863e-05
5921 7.193820e-04 1.854186e-05
5922 7.187398e-04 1.852511e-05
5923 7.180981e-04 1.850837e-05
5924 7.174571e-04 1.849165e-05
5925 7.168166e-04 1.847495e-05
5926 7.161767e-04 1.845826e-05
5927 7.155374e-04 1.844158e-05
5928 7.148986e-04 1.842492e-05
5929 7.142605e-04 1.840827e-05
5930 7.136229e-04 1.839164e-05
5931 7.129859e-04 1.837503e-05
5932 7.123494e-04 1.835842e-05
5933 7.117136e-04 1.834184e-05
5934 7.110783e-04 1.832527e-05
5935 7.104436e-04 1.830871e-05
5936 7.098095e-04 1.829217e-05
5937 7.091759e-04 1.827565e-05
5938 7.085429e-04 1.825913e-05
5939 7.079105e-04 1.824264e-05
5940 7.072786e-04 1.822616e-05
5941 7.066474e-04 1.820969e-05
5942 7.060167e-04 1.819324e-05
5943 7.053865e-04 1.817680e-05
5944 7.047570e-04 1.816038e-05
5945 7.041280e-04 1.814397e-05
5946 7.034996e-04 1.812758e-05
5947 7.028717e-04 1.811120e-05
5948 7.022444e-04 1.809484e-05
5949 7.016177e-04 1.807849e-05
5950 7.009916e-04 1.806216e-05
5951 7.003660e-04 1.804584e-05
5952 6.997410e-04 1.802954e-05
5953 6.991165e-04 1.801325e-05
5954 6.984926e-04 1.799698e-05
5955 6.978693e-04 1.798072e-05
5956 6.972466e-04 1.796447e-05
5957 6.966244e-04 1.794824e-05
5958 6.960027e-04 1.793203e-05
5959 6.953817e-04 1.791583e-05
5960 6.947612e-04 1.789964e-05
5961 6.941412e-04 1.788347e-05
5962 6.935218e-04 1.786731e-05
5963 6.929030e-04 1.785117e-05
5964 6.922847e-04 1.783504e-05
5965 6.916670e-04 1.781893e-05
5966 6.910499e-04 1.780283e-05
5967 6.904333e-04 1.778675e-05
5968 6.898173e-04 1.777068e-05
5969 6.892018e-04 1.775462e-05
5970 6.885869e-04 1.773858e-05
5971 6.879725e-04 1.772256e-05
5972 6.873587e-04 1.770655e-05
5973 6.867455e-04 1.769055e-05
5974 6.861328e-04 1.767457e-05
5975 6.855206e-04 1.765860e-05
5976 6.849091e-04 1.764265e-05
5977 6.842980e-04 1.762671e-05
5978 6.836875e-04 1.761078e-05
5979 6.830776e-04 1.759487e-05
5980 6.824682e-04 1.757898e-05
5981 6.818594e-04 1.756309e-05
5982 6.812511e-04 1.754723e-05
5983 6.806434e-04 1.753137e-05
5984 6.800363e-04 1.751553e-05
5985 6.794296e-04 1.749971e-05
5986 6.788236e-04 1.748390e-05
5987 6.782180e-04 1.746810e-05
5988 6.776131e-04 1.745232e-05
5989 6.770086e-04 1.743656e-05
5990 6.764047e-04 1.742080e-05
5991 6.758014e-04 1.740506e-05
5992 6.751986e-04 1.738934e-05
5993 6.745964e-04 1.737363e-05
5994 6.739947e-04 1.735793e-05
5995 6.733935e-04 1.734225e-05
5996 6.727929e-04 1.732658e-05
5997 6.721928e-04 1.731093e-05
5998 6.715933e-04 1.729529e-05
5999 6.709943e-04 1.727967e-05
6000 6.703959e-04 1.726405e-05
6001 6.697980e-04 1.724846e-05
6002 6.692006e-04 1.723287e-05
6003 6.686038e-04 1.721730e-05
6004 6.680075e-04 1.720175e-05
6005 6.674118e-04 1.718621e-05
6006 6.668166e-04 1.717068e-05
6007 6.662219e-04 1.715517e-05
6008 6.656278e-04 1.713967e-05
6009 6.650342e-04 1.712419e-05
6010 6.644412e-04 1.710872e-05
6011 6.638487e-04 1.709326e-05
6012 6.632567e-04 1.707782e-05
6013 6.626653e-04 1.706239e-05
6014 6.620744e-04 1.704697e-05
6015 6.614840e-04 1.703157e-05
6016 6.608941e-04 1.701618e-05
6017 6.603048e-04 1.700081e-05
6018 6.597161e-04 1.698545e-05
6019 6.591278e-04 1.697011e-05
6020 6.585401e-04 1.695477e-05
6021 6.579530e-04 1.693946e-05
6022 6.573663e-04 1.692415e-05
6023 6.567802e-04 1.690886e-05
6024 6.561946e-04 1.689359e-05
6025 6.556096e-04 1.687832e-05
6026 6.550251e-04 1.686308e-05
6027 6.544411e-04 1.684784e-05
6028 6.538576e-04 1.683262e-05
6029 6.532747e-04 1.681741e-05
6030 6.526923e-04 1.680222e-05
6031 6.521104e-04 1.678704e-05
6032 6.515290e-04 1.677187e-05
6033 6.509482e-04 1.675672e-05
6034 6.503679e-04 1.674158e-05
6035 6.497881e-04 1.672646e-05
6036 6.492089e-04 1.671134e-05
6037 6.486302e-04 1.669625e-05
6038 6.480520e-04 1.668116e-05
6039 6.474743e-04 1.666609e-05
6040 6.468971e-04 1.665104e-05
6041 6.463205e-04 1.663599e-05
6042 6.457444e-04 1.662096e-05
6043 6.451688e-04 1.660595e-05
6044 6.445937e-04 1.659094e-05
6045 6.440192e-04 1.657595e-05
6046 6.434451e-04 1.656098e-05
6047 6.428716e-04 1.654602e-05
6048 6.422986e-04 1.653107e-05
6049 6.417262e-04 1.651613e-05
6050 6.411542e-04 1.650121e-05
6051 6.405828e-04 1.648630e-05
6052 6.400118e-04 1.647141e-05
6053 6.394414e-04 1.645653e-05
6054 6.388716e-04 1.644166e-05
6055 6.383022e-04 1.642681e-05
6056 6.377333e-04 1.641197e-05
6057 6.371650e-04 1.639714e-05
6058 6.365972e-04 1.638233e-05
6059 6.360298e-04 1.636753e-05
6060 6.354630e-04 1.635274e-05
6061 6.348968e-04 1.633796e-05
6062 6.343310e-04 1.632320e-05
6063 6.337657e-04 1.630846e-05
6064 6.332010e-04 1.629372e-05
6065 6.326367e-04 1.627900e-05
6066 6.320730e-04 1.626430e-05
6067 6.315098e-04 1.624960e-05
6068 6.309471e-04 1.623492e-05
6069 6.303849e-04 1.622025e-05
6070 6.298232e-04 1.620560e-05
6071 6.292620e-04 1.619096e-05
6072 6.287013e-04 1.617633e-05
6073 6.281412e-04 1.616172e-05
6074 6.275815e-04 1.614711e-05
6075 6.270223e-04 1.613253e-05
6076 6.264637e-04 1.611795e-05
6077 6.259056e-04 1.610339e-05
6078 6.253479e-04 1.608884e-05
6079 6.247908e-04 1.607431e-05
6080 6.242342e-04 1.605978e-05
6081 6.236780e-04 1.604528e-05
6082 6.231224e-04 1.603078e-05
6083 6.225673e-04 1.601630e-05
6084 6.220127e-04 1.600183e-05
6085 6.214586e-04 1.598737e-05
6086 6.209050e-04 1.597293e-05
6087 6.203518e-04 1.595850e-05
6088 6.197992e-04 1.594408e-05
6089 6.192471e-04 1.592967e-05
6090 6.186955e-04 1.591528e-05
6091 6.181444e-04 1.590090e-05
6092 6.175938e-04 1.588654e-05
6093 6.170437e-04 1.587218e-05
6094 6.164941e-04 1.585784e-05
6095 6.159449e-04 1.584352e-05
6096 6.153963e-04 1.582920e-05
6097 6.148482e-04 1.581490e-05
6098 6.143006e-04 1.580062e-05
6099 6.137534e-04 1.578634e-05
6100 6.132068e-04 1.577208e-05
6101 6.126607e-04 1.575783e-05
6102 6.121150e-04 1.574359e-05
6103 6.115699e-04 1.572937e-05
6104 6.110252e-04 1.571516e-05
6105 6.104810e-04 1.570096e-05
6106 6.099373e-04 1.568678e-05
6107 6.093942e-04 1.567260e-05
6108 6.088515e-04 1.565844e-05
6109 6.083093e-04 1.564430e-05
6110 6.077676e-04 1.563016e-05
6111 6.072263e-04 1.561604e-05
6112 6.066856e-04 1.560194e-05
6113 6.061454e-04 1.558784e-05
6114 6.056056e-04 1.557376e-05
6115 6.050664e-04 1.555969e-05
6116 6.045276e-04 1.554563e-05
6117 6.039893e-04 1.553158e-05
6118 6.034515e-04 1.551755e-05
6119 6.029142e-04 1.550353e-05
6120 6.023774e-04 1.548953e-05
6121 6.018410e-04 1.547553e-05
6122 6.013052e-04 1.546155e-05
6123 6.007698e-04 1.544758e-05
6124 6.002349e-04 1.543363e-05
6125 5.997005e-04 1.541968e-05
6126 5.991666e-04 1.540575e-05
6127 5.986332e-04 1.539183e-05
6128 5.981002e-04 1.537793e-05
6129 5.975677e-04 1.536404e-05
6130 5.970358e-04 1.535016e-05
6131 5.965042e-04 1.533629e-05
6132 5.959732e-04 1.532243e-05
6133 5.954427e-04 1.530859e-05
6134 5.949126e-04 1.529476e-05
6135 5.943830e-04 1.528094e-05
6136 5.938539e-04 1.526713e-05
6137 5.933253e-04 1.525334e-05
6138 5.927972e-04 1.523956e-05
6139 5.922695e-04 1.522579e-05
6140 5.917423e-04 1.521204e-05
6141 5.912156e-04 1.519829e-05
6142 5.906893e-04 1.518456e-05
6143 5.901636e-04 1.517085e-05
6144 5.896383e-04 1.515714e-05
6145 5.891135e-04 1.514345e-05
6146 5.885892e-04 1.512976e-05
6147 5.880653e-04 1.511610e-05
6148 5.875419e-04 1.510244e-05
6149 5.870190e-04 1.508879e-05
6150 5.864966e-04 1.507516e-05
6151 5.859746e-04 1.506154e-05
6152 5.854531e-04 1.504794e-05
6153 5.849321e-04 1.503434e-05
6154 5.844116e-04 1.502076e-05
6155 5.838915e-04 1.500719e-05
6156 5.833719e-04 1.499363e-05
6157 5.828527e-04 1.498008e-05
6158 5.823341e-04 1.496655e-05
6159 5.818159e-04 1.495303e-05
6160 5.812981e-04 1.493952e-05
6161 5.807809e-04 1.492602e-05
6162 5.802641e-04 1.491254e-05
6163 5.797478e-04 1.489906e-05
6164 5.792319e-04 1.488560e-05
6165 5.787165e-04 1.487216e-05
6166 5.782016e-04 1.485872e-05
6167 5.776872e-04 1.484530e-05
6168 5.771732e-04 1.483188e-05
6169 5.766596e-04 1.481848e-05
6170 5.761466e-04 1.480510e-05
6171 5.756340e-04 1.479172e-05
6172 5.751219e-04 1.477836e-05
6173 5.746102e-04 1.476501e-05
6174 5.740990e-04 1.475167e-05
6175 5.735883e-04 1.473834e-05
6176 5.730780e-04 1.472502e-05
6177 5.725682e-04 1.471172e-05
6178 5.720588e-04 1.469843e-05
6179 5.715499e-04 1.468515e-05
6180 5.710415e-04 1.467188e-05
6181 5.705335e-04 1.465863e-05
6182 5.700260e-04 1.464538e-05
6183 5.695189e-04 1.463215e-05
6184 5.690124e-04 1.461893e-05
6185 5.685062e-04 1.460573e-05
6186 5.680005e-04 1.459253e-05
6187 5.674953e-04 1.457935e-05
6188 5.669906e-04 1.456618e-05
6189 5.664863e-04 1.455302e-05
6190 5.659824e-04 1.453987e-05
6191 5.654790e-04 1.452673e-05
6192 5.649761e-04 1.451361e-05
6193 5.644736e-04 1.450050e-05
6194 5.639716e-04 1.448740e-05
6195 5.634700e-04 1.447431e-05
6196 5.629689e-04 1.446123e-05
6197 5.624682e-04 1.444817e-05
6198 5.619680e-04 1.443511e-05
6199 5.614683e-04 1.442207e-05
6200 5.609690e-04 1.440904e-05
6201 5.604701e-04 1.439602e-05
6202 5.599717e-04 1.438302e-05
6203 5.594738e-04 1.437002e-05
6204 5.589763e-04 1.435704e-05
6205 5.584792e-04 1.434407e-05
6206 5.579826e-04 1.433111e-05
6207 5.574865e-04 1.431816e-05
6208 5.569908e-04 1.430523e-05
6209 5.564955e-04 1.429230e-05
6210 5.560007e-04 1.427939e-05
6211 5.555064e-04 1.426649e-05
6212 5.550125e-04 1.425360e-05
6213 5.545190e-04 1.424072e-05
6214 5.540260e-04 1.422786e-05
6215 5.535334e-04 1.421500e-05
6216 5.530413e-04 1.420216e-05
6217 5.525496e-04 1.418933e-05
6218 5.520584e-04 1.417651e-05
6219 5.515676e-04 1.416370e-05
6220 5.510773e-04 1.415091e-05
6221 5.505874e-04 1.413812e-05
6222 5.500979e-04 1.412535e-05
6223 5.496089e-04 1.411259e-05
6224 5.491204e-04 1.409984e-05
6225 5.486322e-04 1.408710e-05
6226 5.481446e-04 1.407437e-05
6227 5.476573e-04 1.406166e-05
6228 5.471705e-04 1.404895e-05
6229 5.466842e-04 1.403626e-05
6230 5.461983e-04 1.402358e-05
6231 5.457128e-04 1.401091e-05
6232 5.452277e-04 1.399825e-05
6233 5.447431e-04 1.398561e-05
6234 5.442590e-04 1.397297e-05
6235 5.437753e-04 1.396035e-05
6236 5.432920e-04 1.394774e-05
6237 5.428091e-04 1.393513e-05
6238 5.423267e-04 1.392254e-05
6239 5.418448e-04 1.390997e-05
6240 5.413632e-04 1.389740e-05
6241 5.408821e-04 1.388484e-05
6242 5.404015e-04 1.387230e-05
6243 5.399212e-04 1.385977e-05
6244 5.394415e-04 1.384725e-05
6245 5.389621e-04 1.383473e-05
6246 5.384832e-04 1.382224e-05
6247 5.380047e-04 1.380975e-05
6248 5.375266e-04 1.379727e-05
6249 5.370490e-04 1.378481e-05
6250 5.365718e-04 1.377235e-05
6251 5.360951e-04 1.375991e-05
6252 5.356187e-04 1.374748e-05
6253 5.351428e-04 1.373506e-05
6254 5.346674e-04 1.372265e-05
6255 5.341923e-04 1.371025e-05
6256 5.337177e-04 1.369787e-05
6257 5.332436e-04 1.368549e-05
6258 5.327698e-04 1.367313e-05
6259 5.322965e-04 1.366077e-05
6260 5.318236e-04 1.364843e-05
6261 5.313512e-04 1.363610e-05
6262 5.308791e-04 1.362378e-05
6263 5.304075e-04 1.361147e-05
6264 5.299363e-04 1.359918e-05
6265 5.294656e-04 1.358689e-05
6266 5.289953e-04 1.357462e-05
6267 5.285254e-04 1.356235e-05
6268 5.280559e-04 1.355010e-05
6269 5.275869e-04 1.353786e-05
6270 5.271182e-04 1.352563e-05
6271 5.266500e-04 1.351341e-05
6272 5.261823e-04 1.350120e-05
6273 5.257149e-04 1.348900e-05
6274 5.252480e-04 1.347681e-05
6275 5.247815e-04 1.346464e-05
6276 5.243154e-04 1.345247e-05
6277 5.238498e-04 1.344032e-05
6278 5.233845e-04 1.342818e-05
6279 5.229197e-04 1.341605e-05
6280 5.224553e-04 1.340393e-05
6281 5.219913e-04 1.339182e-05
6282 5.215278e-04 1.337972e-05
6283 5.210647e-04 1.336763e-05
6284 5.206019e-04 1.335555e-05
6285 5.201397e-04 1.334349e-05
6286 5.196778e-04 1.333143e-05
6287 5.192163e-04 1.331939e-05
6288 5.187553e-04 1.330735e-05
6289 5.182947e-04 1.329533e-05
6290 5.178345e-04 1.328332e-05
6291 5.173747e-04 1.327132e-05
6292 5.169153e-04 1.325933e-05
6293 5.164563e-04 1.324735e-05
6294 5.159978e-04 1.323538e-05
6295 5.155397e-04 1.322342e-05
6296 5.150820e-04 1.321148e-05
6297 5.146247e-04 1.319954e-05
6298 5.141678e-04 1.318762e-05
6299 5.137113e-04 1.317570e-05
6300 5.132553e-04 1.316380e-05
6301 5.127996e-04 1.315191e-05
6302 5.123444e-04 1.314002e-05
6303 5.118896e-04 1.312815e-05
6304 5.114352e-04 1.311629e-05
6305 5.109812e-04 1.310444e-05
6306 5.105276e-04 1.309260e-05
6307 5.100745e-04 1.308077e-05
6308 5.096217e-04 1.306896e-05
6309 5.091694e-04 1.305715e-05
6310 5.087174e-04 1.304535e-05
6311 5.082659e-04 1.303357e-05
6312 5.078148e-04 1.302179e-05
6313 5.073641e-04 1.301003e-05
6314 5.069138e-04 1.299827e-05
6315 5.064639e-04 1.298653e-05
6316 5.060144e-04 1.297480e-05
6317 5.055653e-04 1.296308e-05
6318 5.051166e-04 1.295136e-05
6319 5.046684e-04 1.293966e-05
6320 5.042205e-04 1.292797e-05
6321 5.037730e-04 1.291629e-05
6322 5.033260e-04 1.290462e-05
6323 5.028794e-04 1.289297e-05
6324 5.024331e-04 1.288132e-05
6325 5.019873e-04 1.286968e-05
6326 5.015418e-04 1.285805e-05
6327 5.010968e-04 1.284644e-05
6328 5.006522e-04 1.283483e-05
6329 5.002080e-04 1.282324e-05
6330 4.997642e-04 1.281165e-05
6331 4.993207e-04 1.280008e-05
6332 4.988777e-04 1.278851e-05
6333 4.984351e-04 1.277696e-05
6334 4.979929e-04 1.276541e-05
6335 4.975511e-04 1.275388e-05
6336 4.971097e-04 1.274236e-05
6337 4.966687e-04 1.273085e-05
6338 4.962280e-04 1.271935e-05
6339 4.957878e-04 1.270785e-05
6340 4.953480e-04 1.269637e-05
6341 4.949086e-04 1.268490e-05
6342 4.944696e-04 1.267344e-05
6343 4.940310e-04 1.266199e-05
6344 4.935927e-04 1.265055e-05
6345 4.931549e-04 1.263912e-05
6346 4.927175e-04 1.262771e-05
6347 4.922805e-04 1.261630e-05
6348 4.918438e-04 1.260490e-05
6349 4.914076e-04 1.259351e-05
6350 4.909717e-04 1.258213e-05
6351 4.905363e-04 1.257077e-05
6352 4.901012e-04 1.255941e-05
6353 4.896666e-04 1.254806e-05
6354 4.892323e-04 1.253673e-05
6355 4.887984e-04 1.252540e-05
6356 4.883649e-04 1.251408e-05
6357 4.879319e-04 1.250278e-05
6358 4.874992e-04 1.249148e-05
6359 4.870669e-04 1.248020e-05
6360 4.866349e-04 1.246892e-05
6361 4.862034e-04 1.245766e-05
6362 4.857723e-04 1.244640e-05
6363 4.853416e-04 1.243516e-05
6364 4.849112e-04 1.242392e-05
6365 4.844812e-04 1.241270e-05
6366 4.840517e-04 1.240148e-05
6367 4.836225e-04 1.239028e-05
6368 4.831937e-04 1.237909e-05
6369 4.827653e-04 1.236790e-05
6370 4.823373e-04 1.235673e-05
6371 4.819097e-04 1.234557e-05
6372 4.814824e-04 1.233441e-05
6373 4.810556e-04 1.232327e-05
6374 4.806291e-04 1.231213e-05
6375 4.802030e-04 1.230101e-05
6376 4.797773e-04 1.228990e-05
6377 4.793520e-04 1.227880e-05
6378 4.789271e-04 1.226770e-05
6379 4.785026e-04 1.225662e-05
6380 4.780784e-04 1.224555e-05
6381 4.776547e-04 1.223448e-05
6382 4.772313e-04 1.222343e-05
6383 4.768083e-04 1.221239e-05
6384 4.763857e-04 1.220135e-05
6385 4.759634e-04 1.219033e-05
6386 4.755416e-04 1.217932e-05
6387 4.751201e-04 1.216831e-05
6388 4.746990e-04 1.215732e-05
6389 4.742783e-04 1.214634e-05
6390 4.738580e-04 1.213536e-05
6391 4.734380e-04 1.212440e-05
6392 4.730185e-04 1.211345e-05
6393 4.725993e-04 1.210250e-05
6394 4.721805e-04 1.209157e-05
6395 4.717621e-04 1.208064e-05
6396 4.713440e-04 1.206973e-05
6397 4.709264e-04 1.205882e-05
6398 4.705091e-04 1.204793e-05
6399 4.700922e-04 1.203705e-05
6400 4.696757e-04 1.202617e-05
6401 4.692595e-04 1.201531e-05
6402 4.688437e-04 1.200445e-05
6403 4.684283e-04 1.199361e-05
6404 4.680133e-04 1.198277e-05
6405 4.675987e-04 1.197194e-05
6406 4.671844e-04 1.196113e-05
6407 4.667705e-04 1.195032e-05
6408 4.663570e-04 1.193953e-05
6409 4.659438e-04 1.192874e-05
6410 4.655311e-04 1.191796e-05
6411 4.651187e-04 1.190719e-05
6412 4.647066e-04 1.189644e-05
6413 4.642950e-04 1.188569e-05
6414 4.638837e-04 1.187495e-05
6415 4.634728e-04 1.186422e-05
6416 4.630623e-04 1.185350e-05
6417 4.626521e-04 1.184279e-05
6418 4.622424e-04 1.183210e-05
6419 4.618329e-04 1.182141e-05
6420 4.614239e-04 1.181073e-05
6421 4.610152e-04 1.180006e-05
6422 4.606069e-04 1.178939e-05
6423 4.601990e-04 1.177874e-05
6424 4.597914e-04 1.176810e-05
6425 4.593842e-04 1.175747e-05
6426 4.589774e-04 1.174685e-05
6427 4.585710e-04 1.173624e-05
6428 4.581649e-04 1.172563e-05
6429 4.577591e-04 1.171504e-05
6430 4.573538e-04 1.170446e-05
6431 4.569488e-04 1.169388e-05
6432 4.565442e-04 1.168332e-05
6433 4.561400e-04 1.167276e-05
6434 4.557361e-04 1.166222e-05
6435 4.553326e-04 1.165168e-05
6436 4.549294e-04 1.164115e-05
6437 4.545266e-04 1.163064e-05
6438 4.541242e-04 1.162013e-05
6439 4.537221e-04 1.160963e-05
6440 4.533204e-04 1.159914e-05
6441 4.529191e-04 1.158866e-05
6442 4.525182e-04 1.157819e-05
6443 4.521176e-04 1.156773e-05
6444 4.517173e-04 1.155728e-05
6445 4.513175e-04 1.154684e-05
6446 4.509179e-04 1.153641e-05
6447 4.505188e-04 1.152599e-05
6448 4.501200e-04 1.151557e-05
6449 4.497216e-04 1.150517e-05
6450 4.493235e-04 1.149477e-05
6451 4.489258e-04 1.148439e-05
6452 4.485285e-04 1.147401e-05
6453 4.481315e-04 1.146365e-05
6454 4.477349e-04 1.145329e-05
6455 4.473386e-04 1.144294e-05
6456 4.469427e-04 1.143261e-05
6457 4.465472e-04 1.142228e-05
6458 4.461520e-04 1.141196e-05
6459 4.457571e-04 1.140165e-05
6460 4.453627e-04 1.139135e-05
6461 4.449686e-04 1.138105e-05
6462 4.445748e-04 1.137077e-05
6463 4.441814e-04 1.136050e-05
6464 4.437884e-04 1.135024e-05
6465 4.433957e-04 1.133998e-05
6466 4.430033e-04 1.132974e-05
6467 4.426114e-04 1.131950e-05
6468 4.422198e-04 1.130927e-05
6469 4.418285e-04 1.129906e-05
6470 4.414376e-04 1.128885e-05
6471 4.410470e-04 1.127865e-05
6472 4.406568e-04 1.126846e-05
6473 4.402670e-04 1.125828e-05
6474 4.398775e-04 1.124811e-05
6475 4.394884e-04 1.123795e-05
6476 4.390996e-04 1.122779e-05
6477 4.387111e-04 1.121765e-05
6478 4.383231e-04 1.120752e-05
6479 4.379353e-04 1.119739e-05
6480 4.375480e-04 1.118727e-05
6481 4.371609e-04 1.117717e-05
6482 4.367743e-04 1.116707e-05
6483 4.363879e-04 1.115698e-05
6484 4.360020e-04 1.114690e-05
6485 4.356163e-04 1.113683e-05
6486 4.352311e-04 1.112677e-05
6487 4.348461e-04 1.111672e-05
6488 4.344615e-04 1.110667e-05
6489 4.340773e-04 1.109664e-05
6490 4.336934e-04 1.108661e-05
6491 4.333099e-04 1.107660e-05
6492 4.329267e-04 1.106659e-05
6493 4.325439e-04 1.105659e-05
6494 4.321614e-04 1.104660e-05
6495 4.317793e-04 1.103662e-05
6496 4.313975e-04 1.102665e-05
6497 4.310160e-04 1.101669e-05
6498 4.306349e-04 1.100674e-05
6499 4.302542e-04 1.099679e-05
6500 4.298737e-04 1.098686e-05
6501 4.294937e-04 1.097693e-05
6502 4.291140e-04 1.096701e-05
6503 4.287346e-04 1.095711e-05
6504 4.283555e-04 1.094721e-05
6505 4.279769e-04 1.093732e-05
6506 4.275985e-04 1.092744e-05
6507 4.272205e-04 1.091756e-05
6508 4.268428e-04 1.090770e-05
6509 4.264655e-04 1.089785e-05
6510 4.260885e-04 1.088800e-05
6511 4.257119e-04 1.087816e-05
6512 4.253356e-04 1.086834e-05
6513 4.249597e-04 1.085852e-05
6514 4.245841e-04 1.084871e-05
6515 4.242088e-04 1.083891e-05
6516 4.238339e-04 1.082911e-05
6517 4.234593e-04 1.081933e-05
6518 4.230850e-04 1.080956e-05
6519 4.227111e-04 1.079979e-05
6520 4.223375e-04 1.079003e-05
6521 4.219643e-04 1.078028e-05
6522 4.215914e-04 1.077054e-05
6523 4.212189e-04 1.076081e-05
6524 4.208466e-04 1.075109e-05
6525 4.204748e-04 1.074138e-05
6526 4.201032e-04 1.073167e-05
6527 4.197320e-04 1.072198e-05
6528 4.193611e-04 1.071229e-05
6529 4.189906e-04 1.070261e-05
6530 4.186204e-04 1.069295e-05
6531 4.182506e-04 1.068329e-05
6532 4.178810e-04 1.067363e-05
6533 4.175118e-04 1.066399e-05
6534 4.171430e-04 1.065436e-05
6535 4.167745e-04 1.064473e-05
6536 4.164063e-04 1.063511e-05
6537 4.160384e-04 1.062551e-05
6538 4.156709e-04 1.061591e-05
6539 4.153037e-04 1.060631e-05
6540 4.149369e-04 1.059673e-05
6541 4.145704e-04 1.058716e-05
6542 4.142042e-04 1.057759e-05
6543 4.138383e-04 1.056804e-05
6544 4.134728e-04 1.055849e-05
6545 4.131076e-04 1.054895e-05
6546 4.127427e-04 1.053942e-05
6547 4.123782e-04 1.052990e-05
6548 4.120140e-04 1.052039e-05
6549 4.116501e-04 1.051088e-05
6550 4.112866e-04 1.050139e-05
6551 4.109234e-04 1.049190e-05
6552 4.105605e-04 1.048242e-05
6553 4.101980e-04 1.047295e-05
6554 4.098357e-04 1.046349e-05
6555 4.094739e-04 1.045403e-05
6556 4.091123e-04 1.044459e-05
6557 4.087511e-04 1.043515e-05
6558 4.083902e-04 1.042573e-05
6559 4.080296e-04 1.041631e-05
6560 4.076693e-04 1.040690e-05
6561 4.073094e-04 1.039749e-05
6562 4.069498e-04 1.038810e-05
6563 4.065905e-04 1.037871e-05
6564 4.062316e-04 1.036934e-05
6565 4.058730e-04 1.035997e-05
6566 4.055147e-04 1.035061e-05
6567 4.051567e-04 1.034126e-05
6568 4.047990e-04 1.033192e-05
6569 4.044417e-04 1.032258e-05
6570 4.040847e-04 1.031326e-05
6571 4.037280e-04 1.030394e-05
6572 4.033717e-04 1.029463e-05
6573 4.030157e-04 1.028533e-05
6574 4.026600e-04 1.027604e-05
6575 4.023046e-04 1.026675e-05
6576 4.019495e-04 1.025748e-05
6577 4.015948e-04 1.024821e-05
6578 4.012404e-04 1.023895e-05
6579 4.008863e-04 1.022970e-05
6580 4.005325e-04 1.022046e-05
6581 4.001791e-04 1.021123e-05
6582 3.998259e-04 1.020200e-05
6583 3.994731e-04 1.019278e-05
6584 3.991206e-04 1.018358e-05
6585 3.987685e-04 1.017437e-05
6586 3.984166e-04 1.016518e-05
6587 3.980651e-04 1.015600e-05
6588 3.977139e-04 1.014682e-05
6589 3.973630e-04 1.013766e-05
6590 3.970124e-04 1.012850e-05
6591 3.966621e-04 1.011935e-05
6592 3.963122e-04 1.011021e-05
6593 3.959626e-04 1.010107e-05
6594 3.956133e-04 1.009195e-05
6595 3.952643e-04 1.008283e-05
6596 3.949156e-04 1.007372e-05
6597 3.945673e-04 1.006462e-05
6598 3.942192e-04 1.005552e-05
6599 3.938715e-04 1.004644e-05
6600 3.935241e-04 1.003736e-05
6601 3.931770e-04 1.002830e-05
6602 3.928302e-04 1.001924e-05
6603 3.924838e-04 1.001018e-05
6604 3.921376e-04 1.000114e-05
6605 3.917918e-04 9.992104e-06
6606 3.914463e-04 9.983077e-06
6607 3.911011e-04 9.974058e-06
6608 3.907562e-04 9.965047e-06
6609 3.904116e-04 9.956044e-06
6610 3.900673e-04 9.947049e-06
6611 3.897234e-04 9.938063e-06
6612 3.893798e-04 9.929084e-06
6613 3.890364e-04 9.920114e-06
6614 3.886934e-04 9.911152e-06
6615 3.883507e-04 9.902197e-06
6616 3.880083e-04 9.893251e-06
6617 3.876662e-04 9.884313e-06
6618 3.873244e-04 9.875383e-06
6619 3.869830e-04 9.866461e-06
6620 3.866418e-04 9.857548e-06
6621 3.863010e-04 9.848642e-06
6622 3.859605e-04 9.839744e-06
6623 3.856202e-04 9.830854e-06
6624 3.852803e-04 9.821973e-06
6625 3.849407e-04 9.813099e-06
6626 3.846014e-04 9.804234e-06
6627 3.842624e-04 9.795376e-06
6628 3.839237e-04 9.786526e-06
6629 3.835854e-04 9.777685e-06
6630 3.832473e-04 9.768851e-06
6631 3.829095e-04 9.760026e-06
6632 3.825721e-04 9.751208e-06
6633 3.822349e-04 9.742398e-06
6634 3.818981e-04 9.733597e-06
6635 3.815615e-04 9.724803e-06
6636 3.812253e-04 9.716017e-06
6637 3.808894e-04 9.707239e-06
6638 3.805537e-04 9.698469e-06
6639 3.802184e-04 9.689707e-06
6640 3.798834e-04 9.680953e-06
6641 3.795487e-04 9.672207e-06
6642 3.792143e-04 9.663469e-06
6643 3.788802e-04 9.654738e-06
6644 3.785464e-04 9.646016e-06
6645 3.782129e-04 9.637301e-06
6646 3.778797e-04 9.628594e-06
6647 3.775468e-04 9.619895e-06
6648 3.772142e-04 9.611204e-06
6649 3.768820e-04 9.602521e-06
6650 3.765500e-04 9.593846e-06
6651 3.762183e-04 9.585178e-06
6652 3.758869e-04 9.576518e-06
6653 3.755558e-04 9.567867e-06
6654 3.752250e-04 9.559223e-06
6655 3.748946e-04 9.550586e-06
6656 3.745644e-04 9.541958e-06
6657 3.742345e-04 9.533337e-06
6658 3.739049e-04 9.524724e-06
6659 3.735756e-04 9.516119e-06
6660 3.732467e-04 9.507522e-06
6661 3.729180e-04 9.498933e-06
6662 3.725896e-04 9.490351e-06
6663 3.722615e-04 9.481777e-06
6664 3.719337e-04 9.473210e-06
6665 3.716062e-04 9.464652e-06
6666 3.712790e-04 9.456101e-06
6667 3.709521e-04 9.447558e-06
6668 3.706255e-04 9.439023e-06
6669 3.702992e-04 9.430495e-06
6670 3.699732e-04 9.421975e-06
6671 3.696475e-04 9.413463e-06
6672 3.693221e-04 9.404958e-06
6673 3.689970e-04 9.396462e-06
6674 3.686722e-04 9.387972e-06
6675 3.683476e-04 9.379491e-06
6676 3.680234e-04 9.371017e-06
6677 3.676995e-04 9.362551e-06
6678 3.673758e-04 9.354092e-06
6679 3.670525e-04 9.345641e-06
6680 3.667294e-04 9.337198e-06
6681 3.664066e-04 9.328762e-06
6682 3.660842e-04 9.320334e-06
6683 3.657620e-04 9.311914e-06
6684 3.654401e-04 9.303501e-06
6685 3.651185e-04 9.295096e-06
6686 3.647972e-04 9.286698e-06
6687 3.644762e-04 9.278308e-06
6688 3.641555e-04 9.269926e-06
6689 3.638351e-04 9.261551e-06
6690 3.635149e-04 9.253184e-06
6691 3.631951e-04 9.244824e-06
6692 3.628755e-04 9.236472e-06
6693 3.625563e-04 9.228127e-06
6694 3.622373e-04 9.219790e-06
6695 3.619186e-04 9.211460e-06
6696 3.616002e-04 9.203138e-06
6697 3.612821e-04 9.194824e-06
6698 3.609643e-04 9.186517e-06
6699 3.606467e-04 9.178217e-06
6700 3.603295e-04 9.169925e-06
6701 3.600126e-04 9.161641e-06
6702 3.596959e-04 9.153364e-06
6703 3.593795e-04 9.145094e-06
6704 3.590634e-04 9.136832e-06
6705 3.587476e-04 9.128577e-06
6706 3.584321e-04 9.120330e-06
6707 3.581169e-04 9.112091e-06
6708 3.578019e-04 9.103858e-06
6709 3.574873e-04 9.095633e-06
6710 3.571729e-04 9.087416e-06
6711 3.568588e-04 9.079206e-06
6712 3.565450e-04 9.071004e-06
6713 3.562315e-04 9.062808e-06
6714 3.559183e-04 9.054621e-06
6715 3.556053e-04 9.046440e-06
6716 3.552927e-04 9.038267e-06
6717 3.549803e-04 9.030102e-06
6718 3.546682e-04 9.021944e-06
6719 3.543564e-04 9.013793e-06
6720 3.540449e-04 9.005649e-06
6721 3.537336e-04 8.997513e-06
6722 3.534227e-04 8.989384e-06
6723 3.531120e-04 8.981263e-06
6724 3.528016e-04 8.973149e-06
6725 3.524915e-04 8.965042e-06
6726 3.521816e-04 8.956943e-06
6727 3.518721e-04 8.948851e-06
6728 3.515628e-04 8.940766e-06
6729 3.512538e-04 8.932688e-06
6730 3.509451e-04 8.924618e-06
6731 3.506367e-04 8.916555e-06
6732 3.503286e-04 8.908500e-06
6733 3.500207e-04 8.900451e-06
6734 3.497131e-04 8.892410e-06
6735 3.494058e-04 8.884376e-06
6736 3.490988e-04 8.876350e-06
6737 3.487920e-04 8.868331e-06
6738 3.484856e-04 8.860319e-06
6739 3.481794e-04 8.852314e-06
6740 3.478734e-04 8.844316e-06
6741 3.475678e-04 8.836326e-06
6742 3.472625e-04 8.828343e-06
6743 3.469574e-04 8.820367e-06
6744 3.466526e-04 8.812398e-06
6745 3.463480e-04 8.804436e-06
6746 3.460438e-04 8.796482e-06
6747 3.457398e-04 8.788535e-06
6748 3.454361e-04 8.780595e-06
6749 3.451327e-04 8.772662e-06
6750 3.448296e-04 8.764737e-06
6751 3.445267e-04 8.756818e-06
6752 3.442241e-04 8.748907e-06
6753 3.439218e-04 8.741003e-06
6754 3.436197e-04 8.733106e-06
6755 3.433180e-04 8.725216e-06
6756 3.430165e-04 8.717333e-06
6757 3.427152e-04 8.709457e-06
6758 3.424143e-04 8.701589e-06
6759 3.421136e-04 8.693728e-06
6760 3.418132e-04 8.685873e-06
6761 3.415131e-04 8.678026e-06
6762 3.412132e-04 8.670186e-06
6763 3.409136e-04 8.662353e-06
6764 3.406143e-04 8.654527e-06
6765 3.403153e-04 8.646708e-06
6766 3.400165e-04 8.638896e-06
6767 3.397180e-04 8.631091e-06
6768 3.394198e-04 8.623294e-06
6769 3.391219e-04 8.615503e-06
6770 3.388242e-04 8.607719e-06
6771 3.385268e-04 8.599943e-06
6772 3.382296e-04 8.592173e-06
6773 3.379328e-04 8.584411e-06
6774 3.376362e-04 8.576655e-06
6775 3.373398e-04 8.568907e-06
6776 3.370438e-04 8.561165e-06
6777 3.367480e-04 8.553430e-06
6778 3.364524e-04 8.545703e-06
6779 3.361572e-04 8.537982e-06
6780 3.358622e-04 8.530269e-06
6781 3.355675e-04 8.522562e-06
6782 3.352730e-04 8.514862e-06
6783 3.349788e-04 8.507170e-06
6784 3.346849e-04 8.499484e-06
6785 3.343913e-04 8.491805e-06
6786 3.340979e-04 8.484133e-06
6787 3.338048e-04 8.476468e-06
6788 3.335119e-04 8.468810e-06
6789 3.332194e-04 8.461159e-06
6790 3.329270e-04 8.453515e-06
6791 3.326350e-04 8.445878e-06
6792 3.323432e-04 8.438247e-06
6793 3.320517e-04 8.430624e-06
6794 3.317604e-04 8.423007e-06
6795 3.314694e-04 8.415398e-06
6796 3.311787e-04 8.407795e-06
6797 3.308883e-04 8.400199e-06
6798 3.305981e-04 8.392610e-06
6799 3.303081e-04 8.385027e-06
6800 3.300185e-04 8.377452e-06
6801 3.297290e-04 8.369883e-06
6802 3.294399e-04 8.362322e-06
6803 3.291510e-04 8.354767e-06
6804 3.288624e-04 8.347219e-06
6805 3.285741e-04 8.339677e-06
6806 3.282860e-04 8.332143e-06
6807 3.279981e-04 8.324615e-06
6808 3.277106e-04 8.317094e-06
6809 3.274233e-04 8.309580e-06
6810 3.271362e-04 8.302073e-06
6811 3.268494e-04 8.294573e-06
6812 3.265629e-04 8.287079e-06
6813 3.262766e-04 8.279592e-06
6814 3.259906e-04 8.272112e-06
6815 3.257049e-04 8.264639e-06
6816 3.254194e-04 8.257172e-06
6817 3.251342e-04 8.249712e-06
6818 3.248492e-04 8.242259e-06
6819 3.245645e-04 8.234812e-06
6820 3.242801e-04 8.227373e-06
6821 3.239959e-04 8.219940e-06
6822 3.237119e-04 8.212513e-06
6823 3.234283e-04 8.205094e-06
6824 3.231449e-04 8.197681e-06
6825 3.228617e-04 8.190275e-06
6826 3.225788e-04 8.182875e-06
6827 3.222962e-04 8.175483e-06
6828 3.220138e-04 8.168097e-06
6829 3.217317e-04 8.160717e-06
6830 3.214498e-04 8.153344e-06
6831 3.211682e-04 8.145978e-06
6832 3.208868e-04 8.138619e-06
6833 3.206057e-04 8.131266e-06
6834 3.203249e-04 8.123920e-06
6835 3.200443e-04 8.116580e-06
6836 3.197639e-04 8.109247e-06
6837 3.194839e-04 8.101921e-06
6838 3.192040e-04 8.094602e-06
6839 3.189245e-04 8.087289e-06
6840 3.186452e-04 8.079982e-06
6841 3.183661e-04 8.072682e-06
6842 3.180873e-04 8.065389e-06
6843 3.178087e-04 8.058102e-06
6844 3.175304e-04 8.050822e-06
6845 3.172524e-04 8.043549e-06
6846 3.169746e-04 8.036282e-06
6847 3.166970e-04 8.029022e-06
6848 3.164197e-04 8.021768e-06
6849 3.161427e-04 8.014521e-06
6850 3.158659e-04 8.007280e-06
6851 3.155894e-04 8.000046e-06
6852 3.153131e-04 7.992818e-06
6853 3.150371e-04 7.985597e-06
6854 3.147613e-04 7.978383e-06
6855 3.144858e-04 7.971175e-06
6856 3.142105e-04 7.963973e-06
6857 3.139355e-04 7.956778e-06
6858 3.136607e-04 7.949590e-06
6859 3.133862e-04 7.942408e-06
6860 3.131119e-04 7.935232e-06
6861 3.128379e-04 7.928063e-06
6862 3.125641e-04 7.920900e-06
6863 3.122905e-04 7.913744e-06
6864 3.120173e-04 7.906595e-06
6865 3.117442e-04 7.899452e-06
6866 3.114714e-04 7.892315e-06
6867 3.111989e-04 7.885185e-06
6868 3.109266e-04 7.878061e-06
6869 3.106546e-04 7.870943e-06
6870 3.103828e-04 7.863832e-06
6871 3.101112e-04 7.856728e-06
6872 3.098399e-04 7.849630e-06
6873 3.095689e-04 7.842538e-06
6874 3.092981e-04 7.835453e-06
6875 3.090275e-04 7.828374e-06
6876 3.087572e-04 7.821301e-06
6877 3.084872e-04 7.814235e-06
6878 3.082173e-04 7.807175e-06
6879 3.079478e-04 7.800122e-06
6880 3.076784e-04 7.793075e-06
6881 3.074094e-04 7.786034e-06
6882 3.071405e-04 7.779000e-06
6883 3.068719e-04 7.771972e-06
6884 3.066036e-04 7.764951e-06
6885 3.063355e-04 7.757936e-06
6886 3.060676e-04 7.750927e-06
6887 3.058000e-04 7.743924e-06
6888 3.055326e-04 7.736928e-06
6889 3.052655e-04 7.729938e-06
6890 3.049986e-04 7.722954e-06
6891 3.047319e-04 7.715977e-06
6892 3.044655e-04 7.709006e-06
6893 3.041994e-04 7.702042e-06
6894 3.039335e-04 7.695083e-06
6895 3.036678e-04 7.688131e-06
6896 3.034024e-04 7.681185e-06
6897 3.031372e-04 7.674246e-06
6898 3.028722e-04 7.667313e-06
6899 3.026075e-04 7.660386e-06
6900 3.023430e-04 7.653465e-06
6901 3.020788e-04 7.646550e-06
6902 3.018148e-04 7.639642e-06
6903 3.015511e-04 7.632740e-06
6904 3.012876e-04 7.625844e-06
6905 3.010243e-04 7.618955e-06
6906 3.007613e-04 7.612071e-06
6907 3.004985e-04 7.605194e-06
6908 3.002359e-04 7.598323e-06
6909 2.999736e-04 7.591459e-06
6910 2.997116e-04 7.584600e-06
6911 2.994497e-04 7.577748e-06
6912 2.991881e-04 7.570902e-06
6913 2.989268e-04 7.564062e-06
6914 2.986657e-04 7.557228e-06
6915 2.984048e-04 7.550401e-06
6916 2.981442e-04 7.543579e-06
6917 2.978837e-04 7.536764e-06
6918 2.976236e-04 7.529955e-06
6919 2.973637e-04 7.523152e-06
6920 2.971040e-04 7.516356e-06
6921 2.968445e-04 7.509565e-06
6922 2.965853e-04 7.502780e-06
6923 2.963263e-04 7.496002e-06
6924 2.960675e-04 7.489230e-06
6925 2.958090e-04 7.482464e-06
6926 2.955508e-04 7.475704e-06
6927 2.952927e-04 7.468950e-06
6928 2.950349e-04 7.462202e-06
6929 2.947773e-04 7.455460e-06
6930 2.945200e-04 7.448725e-06
6931 2.942629e-04 7.441995e-06
6932 2.940060e-04 7.435272e-06
6933 2.937494e-04 7.428555e-06
6934 2.934930e-04 7.421843e-06
6935 2.932368e-04 7.415138e-06
6936 2.929809e-04 7.408439e-06
6937 2.927252e-04 7.401746e-06
6938 2.924697e-04 7.395059e-06
6939 2.922145e-04 7.388378e-06
6940 2.919595e-04 7.381703e-06
6941 2.917047e-04 7.375034e-06
6942 2.914502e-04 7.368371e-06
6943 2.911958e-04 7.361714e-06
6944 2.909418e-04 7.355063e-06
6945 2.906879e-04 7.348418e-06
6946 2.904343e-04 7.341779e-06
6947 2.901809e-04 7.335146e-06
6948 2.899278e-04 7.328519e-06
6949 2.896749e-04 7.321898e-06
6950 2.894222e-04 7.315283e-06
6951 2.891697e-04 7.308675e-06
6952 2.889175e-04 7.302072e-06
6953 2.886655e-04 7.295475e-06
6954 2.884137e-04 7.288883e-06
6955 2.881622e-04 7.282298e-06
6956 2.879108e-04 7.275719e-06
6957 2.876598e-04 7.269146e-06
6958 2.874089e-04 7.262579e-06
6959 2.871583e-04 7.256017e-06
6960 2.869079e-04 7.249462e-06
6961 2.866577e-04 7.242912e-06
6962 2.864078e-04 7.236369e-06
6963 2.861581e-04 7.229831e-06
6964 2.859086e-04 7.223299e-06
6965 2.856593e-04 7.216774e-06
6966 2.854103e-04 7.210254e-06
6967 2.851615e-04 7.203740e-06
6968 2.849129e-04 7.197231e-06
6969 2.846645e-04 7.190729e-06
6970 2.844164e-04 7.184233e-06
6971 2.841685e-04 7.177742e-06
6972 2.839208e-04 7.171257e-06
6973 2.836734e-04 7.164779e-06
6974 2.834262e-04 7.158306e-06
6975 2.831792e-04 7.151838e-06
6976 2.829324e-04 7.145377e-06
6977 2.826859e-04 7.138922e-06
6978 2.824395e-04 7.132472e-06
6979 2.821934e-04 7.126028e-06
6980 2.819476e-04 7.119590e-06
6981 2.817019e-04 7.113158e-06
6982 2.814565e-04 7.106732e-06
6983 2.812113e-04 7.100311e-06
6984 2.809663e-04 7.093897e-06
6985 2.807215e-04 7.087488e-06
6986 2.804770e-04 7.081084e-06
6987 2.802327e-04 7.074687e-06
6988 2.799886e-04 7.068295e-06
6989 2.797448e-04 7.061910e-06
6990 2.795011e-04 7.055530e-06
6991 2.792577e-04 7.049155e-06
6992 2.790145e-04 7.042787e-06
6993 2.787715e-04 7.036424e-06
6994 2.785288e-04 7.030067e-06
6995 2.782862e-04 7.023716e-06
6996 2.780439e-04 7.017370e-06
6997 2.778018e-04 7.011030e-06
6998 2.775600e-04 7.004696e-06
6999 2.773183e-04 6.998368e-06
7000 2.770769e-04 6.992045e-06
7001 2.768357e-04 6.985728e-06
7002 2.765947e-04 6.979417e-06
7003 2.763539e-04 6.973112e-06
7004 2.761134e-04 6.966812e-06
7005 2.758730e-04 6.960518e-06
7006 2.756329e-04 6.954229e-06
7007 2.753930e-04 6.947946e-06
7008 2.751533e-04 6.941669e-06
7009 2.749139e-04 6.935398e-06
7010 2.746746e-04 6.929132e-06
7011 2.744356e-04 6.922872e-06
7012 2.741968e-04 6.916618e-06
7013 2.739582e-04 6.910369e-06
7014 2.737199e-04 6.904126e-06
7015 2.734817e-04 6.897888e-06
7016 2.732438e-04 6.891656e-06
7017 2.730061e-04 6.885430e-06
7018 2.727686e-04 6.879210e-06
7019 2.725313e-04 6.872995e-06
7020 2.722942e-04 6.866785e-06
7021 2.720574e-04 6.860581e-06
7022 2.718207e-04 6.854383e-06
7023 2.715843e-04 6.848191e-06
7024 2.713481e-04 6.842004e-06
7025 2.711121e-04 6.835822e-06
7026 2.708764e-04 6.829647e-06
7027 2.706408e-04 6.823476e-06
7028 2.704055e-04 6.817312e-06
7029 2.701703e-04 6.811153e-06
7030 2.699354e-04 6.804999e-06
7031 2.697007e-04 6.798851e-06
7032 2.694663e-04 6.792709e-06
7033 2.692320e-04 6.786572e-06
7034 2.689979e-04 6.780441e-06
7035 2.687641e-04 6.774315e-06
7036 2.685305e-04 6.768195e-06
7037 2.682970e-04 6.762080e-06
7038 2.680638e-04 6.755971e-06
7039 2.678308e-04 6.749867e-06
7040 2.675981e-04 6.743769e-06
7041 2.673655e-04 6.737676e-06
7042 2.671331e-04 6.731589e-06
7043 2.669010e-04 6.725508e-06
7044 2.666691e-04 6.719432e-06
7045 2.664374e-04 6.713361e-06
7046 2.662058e-04 6.707296e-06
7047 2.659746e-04 6.701236e-06
7048 2.657435e-04 6.695182e-06
7049 2.655126e-04 6.689133e-06
7050 2.652819e-04 6.683090e-06
7051 2.650515e-04 6.677052e-06
7052 2.648212e-04 6.671020e-06
7053 2.645912e-04 6.664993e-06
7054 2.643614e-04 6.658971e-06
7055 2.641318e-04 6.652955e-06
7056 2.639024e-04 6.646945e-06
7057 2.636732e-04 6.640940e-06
7058 2.634442e-04 6.634940e-06
7059 2.632154e-04 6.628946e-06
7060 2.629868e-04 6.622957e-06
7061 2.627585e-04 6.616973e-06
7062 2.625303e-04 6.610995e-06
7063 2.623024e-04 6.605023e-06
7064 2.620747e-04 6.599055e-06
7065 2.618471e-04 6.593093e-06
7066 2.616198e-04 6.587137e-06
7067 2.613927e-04 6.581186e-06
7068 2.611658e-04 6.575240e-06
7069 2.609391e-04 6.569300e-06
7070 2.607126e-04 6.563365e-06
7071 2.604863e-04 6.557435e-06
7072 2.602603e-04 6.551511e-06
7073 2.600344e-04 6.545592e-06
7074 2.598087e-04 6.539678e-06
7075 2.595833e-04 6.533770e-06
7076 2.593580e-04 6.527867e-06
7077 2.591330e-04 6.521970e-06
7078 2.589081e-04 6.516077e-06
7079 2.586835e-04 6.510190e-06
7080 2.584591e-04 6.504309e-06
7081 2.582348e-04 6.498432e-06
7082 2.580108e-04 6.492561e-06
7083 2.577870e-04 6.486696e-06
7084 2.575634e-04 6.480835e-06
7085 2.573400e-04 6.474980e-06
7086 2.571168e-04 6.469131e-06
7087 2.568938e-04 6.463286e-06
7088 2.566710e-04 6.457447e-06
7089 2.564484e-04 6.451613e-06
7090 2.562260e-04 6.445784e-06
7091 2.560038e-04 6.439961e-06
7092 2.557818e-04 6.434143e-06
7093 2.555600e-04 6.428330e-06
7094 2.553384e-04 6.422522e-06
7095 2.551171e-04 6.416720e-06
7096 2.548959e-04 6.410923e-06
7097 2.546749e-04 6.405131e-06
7098 2.544542e-04 6.399344e-06
7099 2.542336e-04 6.393563e-06
7100 2.540132e-04 6.387786e-06
7101 2.537930e-04 6.382015e-06
7102 2.535731e-04 6.376249e-06
7103 2.533533e-04 6.370489e-06
7104 2.531338e-04 6.364733e-06
7105 2.529144e-04 6.358983e-06
7106 2.526952e-04 6.353238e-06
7107 2.524763e-04 6.347498e-06
7108 2.522575e-04 6.341764e-06
7109 2.520389e-04 6.336034e-06
7110 2.518206e-04 6.330310e-06
7111 2.516024e-04 6.324591e-06
7112 2.513844e-04 6.318877e-06
7113 2.511667e-04 6.313168e-06
7114 2.509491e-04 6.307465e-06
7115 2.507317e-04 6.301766e-06
7116 2.505146e-04 6.296073e-06
7117 2.502976e-04 6.290385e-06
7118 2.500808e-04 6.284702e-06
7119 2.498643e-04 6.279024e-06
7120 2.496479e-04 6.273351e-06
7121 2.494317e-04 6.267684e-06
7122 2.492157e-04 6.262021e-06
7123 2.489999e-04 6.256364e-06
7124 2.487843e-04 6.250711e-06
7125 2.485690e-04 6.245064e-06
7126 2.483538e-04 6.239422e-06
7127 2.481388e-04 6.233785e-06
7128 2.479240e-04 6.228153e-06
7129 2.477094e-04 6.222527e-06
7130 2.474949e-04 6.216905e-06
7131 2.472807e-04 6.211288e-06
7132 2.470667e-04 6.205677e-06
7133 2.468529e-04 6.200070e-06
7134 2.466393e-04 6.194469e-06
7135 2.464258e-04 6.188872e-06
7136 2.462126e-04 6.183281e-06
7137 2.459996e-04 6.177695e-06
7138 2.457867e-04 6.172114e-06
7139 2.455741e-04 6.166537e-06
7140 2.453616e-04 6.160966e-06
7141 2.451493e-04 6.155400e-06
7142 2.449373e-04 6.149839e-06
7143 2.447254e-04 6.144283e-06
7144 2.445137e-04 6.138732e-06
7145 2.443022e-04 6.133186e-06
7146 2.440909e-04 6.127645e-06
7147 2.438798e-04 6.122109e-06
7148 2.436689e-04 6.116578e-06
7149 2.434582e-04 6.111052e-06
7150 2.432477e-04 6.105531e-06
7151 2.430374e-04 6.100015e-06
7152 2.428272e-04 6.094504e-06
7153 2.426173e-04 6.088998e-06
7154 2.424075e-04 6.083497e-06
7155 2.421979e-04 6.078001e-06
7156 2.419886e-04 6.072510e-06
7157 2.417794e-04 6.067024e-06
7158 2.415704e-04 6.061542e-06
7159 2.413616e-04 6.056066e-06
7160 2.411530e-04 6.050595e-06
7161 2.409446e-04 6.045128e-06
7162 2.407364e-04 6.039667e-06
7163 2.405283e-04 6.034210e-06
7164 2.403205e-04 6.028759e-06
7165 2.401128e-04 6.023312e-06
7166 2.399054e-04 6.017870e-06
7167 2.396981e-04 6.012434e-06
7168 2.394910e-04 6.007002e-06
7169 2.392841e-04 6.001575e-06
7170 2.390774e-04 5.996153e-06
7171 2.388709e-04 5.990735e-06
7172 2.386645e-04 5.985323e-06
7173 2.384584e-04 5.979916e-06
7174 2.382525e-04 5.974513e-06
7175 2.380467e-04 5.969116e-06
7176 2.378411e-04 5.963723e-06
7177 2.376357e-04 5.958335e-06
7178 2.374305e-04 5.952952e-06
7179 2.372255e-04 5.947574e-06
7180 2.370207e-04 5.942200e-06
7181 2.368160e-04 5.936832e-06
7182 2.366116e-04 5.931468e-06
7183 2.364073e-04 5.926110e-06
7184 2.362033e-04 5.920756e-06
7185 2.359994e-04 5.915407e-06
7186 2.357957e-04 5.910062e-06
7187 2.355921e-04 5.904723e-06
7188 2.353888e-04 5.899388e-06
7189 2.351857e-04 5.894059e-06
7190 2.349827e-04 5.888734e-06
7191 2.347799e-04 5.883413e-06
7192 2.345774e-04 5.878098e-06
7193 2.343749e-04 5.872788e-06
7194 2.341727e-04 5.867482e-06
7195 2.339707e-04 5.862181e-06
7196 2.337689e-04 5.856885e-06
7197 2.335672e-04 5.851593e-06
7198 2.333657e-04 5.846307e-06
7199 2.331644e-04 5.841025e-06
7200 2.329633e-04 5.835748e-06
7201 2.327624e-04 5.830476e-06
7202 2.325616e-04 5.825208e-06
7203 2.323611e-04 5.819945e-06
7204 2.321607e-04 5.814687e-06
7205 2.319605e-04 5.809434e-06
7206 2.317605e-04 5.804186e-06
7207 2.315607e-04 5.798942e-06
7208 2.313610e-04 5.793703e-06
7209 2.311616e-04 5.788468e-06
7210 2.309623e-04 5.783239e-06
7211 2.307632e-04 5.778014e-06
7212 2.305643e-04 5.772794e-06
7213 2.303656e-04 5.767579e-06
7214 2.301670e-04 5.762368e-06
7215 2.299686e-04 5.757162e-06
7216 2.297705e-04 5.751961e-06
7217 2.295725e-04 5.746764e-06
7218 2.293746e-04 5.741572e-06
7219 2.291770e-04 5.736385e-06
7220 2.289795e-04 5.731202e-06
7221 2.287823e-04 5.726025e-06
7222 2.285852e-04 5.720851e-06
7223 2.283882e-04 5.715683e-06
7224 2.281915e-04 5.710519e-06
7225 2.279949e-04 5.705360e-06
7226 2.277986e-04 5.700206e-06
7227 2.276024e-04 5.695056e-06
7228 2.274063e-04 5.689911e-06
7229 2.272105e-04 5.684770e-06
7230 2.270148e-04 5.679634e-06
7231 2.268194e-04 5.674503e-06
7232 2.266241e-04 5.669376e-06
7233 2.264289e-04 5.664254e-06
7234 2.262340e-04 5.659137e-06
7235 2.260392e-04 5.654024e-06
7236 2.258446e-04 5.648916e-06
7237 2.256502e-04 5.643813e-06
7238 2.254560e-04 5.638714e-06
7239 2.252619e-04 5.633620e-06
7240 2.250681e-04 5.628530e-06
7241 2.248744e-04 5.623445e-06
7242 2.246808e-04 5.618364e-06
7243 2.244875e-04 5.613288e-06
7244 2.242943e-04 5.608217e-06
7245 2.241013e-04 5.603150e-06
7246 2.239085e-04 5.598088e-06
7247 2.237159e-04 5.593031e-06
7248 2.235234e-04 5.587978e-06
7249 2.233312e-04 5.582929e-06
7250 2.231390e-04 5.577885e-06
7251 2.229471e-04 5.572846e-06
7252 2.227554e-04 5.567811e-06
7253 2.225638e-04 5.562781e-06
7254 2.223724e-04 5.557756e-06
7255 2.221811e-04 5.552734e-06
7256 2.219901e-04 5.547718e-06
7257 2.217992e-04 5.542706e-06
7258 2.216085e-04 5.537698e-06
7259 2.214180e-04 5.532695e-06
7260 2.212276e-04 5.527697e-06
7261 2.210374e-04 5.522703e-06
7262 2.208474e-04 5.517713e-06
7263 2.206576e-04 5.512728e-06
7264 2.204679e-04 5.507748e-06
7265 2.202785e-04 5.502772e-06
7266 2.200892e-04 5.497801e-06
7267 2.199000e-04 5.492834e-06
7268 2.197110e-04 5.487871e-06
7269 2.195223e-04 5.482913e-06
7270 2.193336e-04 5.477960e-06
7271 2.191452e-04 5.473011e-06
7272 2.189569e-04 5.468066e-06
7273 2.187688e-04 5.463126e-06
7274 2.185809e-04 5.458190e-06
7275 2.183931e-04 5.453259e-06
7276 2.182056e-04 5.448332e-06
7277 2.180181e-04 5.443410e-06
7278 2.178309e-04 5.438492e-06
7279 2.176438e-04 5.433579e-06
7280 2.174569e-04 5.428670e-06
7281 2.172702e-04 5.423765e-06
7282 2.170837e-04 5.418865e-06
7283 2.168973e-04 5.413970e-06
7284 2.167111e-04 5.409078e-06
7285 2.165250e-04 5.404192e-06
7286 2.163392e-04 5.399309e-06
7287 2.161535e-04 5.394431e-06
7288 2.159679e-04 5.389558e-06
7289 2.157826e-04 5.384689e-06
7290 2.155974e-04 5.379824e-06
7291 2.154124e-04 5.374963e-06
7292 2.152275e-04 5.370107e-06
7293 2.150428e-04 5.365256e-06
7294 2.148583e-04 5.360409e-06
7295 2.146740e-04 5.355566e-06
7296 2.144898e-04 5.350727e-06
7297 2.143058e-04 5.345893e-06
7298 2.141220e-04 5.341064e-06
7299 2.139383e-04 5.336238e-06
7300 2.137548e-04 5.331417e-06
7301 2.135715e-04 5.326601e-06
7302 2.133883e-04 5.321788e-06
7303 2.132053e-04 5.316980e-06
7304 2.130225e-04 5.312177e-06
7305 2.128398e-04 5.307377e-06
7306 2.126573e-04 5.302583e-06
7307 2.124750e-04 5.297792e-06
7308 2.122929e-04 5.293006e-06
7309 2.121109e-04 5.288224e-06
7310 2.119290e-04 5.283446e-06
7311 2.117474e-04 5.278673e-06
7312 2.115659e-04 5.273904e-06
7313 2.113846e-04 5.269139e-06
7314 2.112034e-04 5.264379e-06
7315 2.110224e-04 5.259623e-06
7316 2.108416e-04 5.254871e-06
7317 2.106609e-04 5.250123e-06
7318 2.104805e-04 5.245380e-06
7319 2.103001e-04 5.240641e-06
7320 2.101200e-04 5.235907e-06
7321 2.099400e-04 5.231176e-06
7322 2.097601e-04 5.226450e-06
7323 2.095805e-04 5.221728e-06
7324 2.094010e-04 5.217011e-06
7325 2.092216e-04 5.212298e-06
7326 2.090425e-04 5.207589e-06
7327 2.088635e-04 5.202884e-06
7328 2.086846e-04 5.198183e-06
7329 2.085059e-04 5.193487e-06
7330 2.083274e-04 5.188795e-06
7331 2.081491e-04 5.184107e-06
7332 2.079709e-04 5.179424e-06
7333 2.077929e-04 5.174744e-06
7334 2.076150e-04 5.170069e-06
7335 2.074373e-04 5.165398e-06
7336 2.072598e-04 5.160732e-06
7337 2.070824e-04 5.156069e-06
7338 2.069052e-04 5.151411e-06
7339 2.067282e-04 5.146757e-06
7340 2.065513e-04 5.142107e-06
7341 2.063745e-04 5.137462e-06
7342 2.061980e-04 5.132820e-06
7343 2.060216e-04 5.128183e-06
7344 2.058454e-04 5.123550e-06
7345 2.056693e-04 5.118921e-06
7346 2.054934e-04 5.114296e-06
7347 2.053176e-04 5.109676e-06
7348 2.051420e-04 5.105060e-06
7349 2.049666e-04 5.100447e-06
7350 2.047913e-04 5.095839e-06
7351 2.046162e-04 5.091236e-06
7352 2.044413e-04 5.086636e-06
7353 2.042665e-04 5.082041e-06
7354 2.040919e-04 5.077449e-06
7355 2.039174e-04 5.072862e-06
7356 2.037431e-04 5.068279e-06
7357 2.035690e-04 5.063700e-06
7358 2.033950e-04 5.059125e-06
7359 2.032212e-04 5.054555e-06
7360 2.030475e-04 5.049988e-06
7361 2.028740e-04 5.045426e-06
7362 2.027007e-04 5.040867e-06
7363 2.025275e-04 5.036313e-06
7364 2.023545e-04 5.031763e-06
7365 2.021816e-04 5.027217e-06
7366 2.020089e-04 5.022676e-06
7367 2.018363e-04 5.018138e-06
7368 2.016640e-04 5.013604e-06
7369 2.014917e-04 5.009075e-06
7370 2.013197e-04 5.004549e-06
7371 2.011477e-04 5.000028e-06
7372 2.009760e-04 4.995511e-06
7373 2.008044e-04 4.990997e-06
7374 2.006329e-04 4.986488e-06
7375 2.004617e-04 4.981983e-06
7376 2.002905e-04 4.977482e-06
7377 2.001196e-04 4.972986e-06
7378 1.999487e-04 4.968493e-06
7379 1.997781e-04 4.964004e-06
7380 1.996076e-04 4.959519e-06
7381 1.994373e-04 4.955039e-06
7382 1.992671e-04 4.950562e-06
7383 1.990970e-04 4.946089e-06
7384 1.989272e-04 4.941621e-06
7385 1.987574e-04 4.937156e-06
7386 1.985879e-04 4.932696e-06
7387 1.984185e-04 4.928240e-06
7388 1.982492e-04 4.923787e-06
7389 1.980801e-04 4.919339e-06
7390 1.979112e-04 4.914894e-06
7391 1.977424e-04 4.910454e-06
7392 1.975738e-04 4.906018e-06
7393 1.974053e-04 4.901585e-06
7394 1.972370e-04 4.897157e-06
7395 1.970688e-04 4.892733e-06
7396 1.969008e-04 4.888313e-06
7397 1.967330e-04 4.883896e-06
7398 1.965653e-04 4.879484e-06
7399 1.963977e-04 4.875076e-06
7400 1.962303e-04 4.870671e-06
7401 1.960631e-04 4.866271e-06
7402 1.958960e-04 4.861874e-06
7403 1.957291e-04 4.857482e-06
7404 1.955623e-04 4.853093e-06
7405 1.953957e-04 4.848709e-06
7406 1.952292e-04 4.844328e-06
7407 1.950629e-04 4.839952e-06
7408 1.948967e-04 4.835579e-06
7409 1.947307e-04 4.831211e-06
7410 1.945649e-04 4.826846e-06
7411 1.943992e-04 4.822485e-06
7412 1.942336e-04 4.818128e-06
7413 1.940682e-04 4.813775e-06
7414 1.939030e-04 4.809426e-06
7415 1.937379e-04 4.805081e-06
7416 1.935729e-04 4.800740e-06
7417 1.934081e-04 4.796403e-06
7418 1.932435e-04 4.792070e-06
7419 1.930790e-04 4.787740e-06
7420 1.929147e-04 4.783415e-06
7421 1.927505e-04 4.779093e-06
7422 1.925864e-04 4.774776e-06
7423 1.924226e-04 4.770462e-06
7424 1.922588e-04 4.766152e-06
7425 1.920952e-04 4.761846e-06
7426 1.919318e-04 4.757544e-06
7427 1.917685e-04 4.753246e-06
7428 1.916054e-04 4.748951e-06
7429 1.914424e-04 4.744661e-06
7430 1.912796e-04 4.740375e-06
7431 1.911169e-04 4.736092e-06
7432 1.909544e-04 4.731813e-06
7433 1.907920e-04 4.727538e-06
7434 1.906298e-04 4.723267e-06
7435 1.904677e-04 4.719000e-06
7436 1.903057e-04 4.714736e-06
7437 1.901440e-04 4.710477e-06
7438 1.899823e-04 4.706221e-06
7439 1.898208e-04 4.701969e-06
7440 1.896595e-04 4.697722e-06
7441 1.894983e-04 4.693477e-06
7442 1.893373e-04 4.689237e-06
7443 1.891764e-04 4.685001e-06
7444 1.890156e-04 4.680768e-06
7445 1.888550e-04 4.676539e-06
7446 1.886946e-04 4.672314e-06
7447 1.885343e-04 4.668093e-06
7448 1.883741e-04 4.663876e-06
7449 1.882141e-04 4.659662e-06
7450 1.880542e-04 4.655452e-06
7451 1.878945e-04 4.651246e-06
7452 1.877350e-04 4.647044e-06
7453 1.875756e-04 4.642846e-06
7454 1.874163e-04 4.638651e-06
7455 1.872572e-04 4.634461e-06
7456 1.870982e-04 4.630274e-06
7457 1.869393e-04 4.626090e-06
7458 1.867807e-04 4.621911e-06
7459 1.866221e-04 4.617735e-06
7460 1.864637e-04 4.613563e-06
7461 1.863055e-04 4.609395e-06
7462 1.861474e-04 4.605231e-06
7463 1.859894e-04 4.601070e-06
7464 1.858316e-04 4.596914e-06
7465 1.856739e-04 4.592761e-06
7466 1.855164e-04 4.588611e-06
7467 1.853591e-04 4.584466e-06
7468 1.852018e-04 4.580324e-06
7469 1.850447e-04 4.576186e-06
7470 1.848878e-04 4.572051e-06
7471 1.847310e-04 4.567921e-06
7472 1.845744e-04 4.563794e-06
7473 1.844179e-04 4.559671e-06
7474 1.842615e-04 4.555551e-06
7475 1.841053e-04 4.551436e-06
7476 1.839492e-04 4.547324e-06
7477 1.837933e-04 4.543216e-06
7478 1.836375e-04 4.539111e-06
7479 1.834818e-04 4.535010e-06
7480 1.833263e-04 4.530913e-06
7481 1.831710e-04 4.526820e-06
7482 1.830158e-04 4.522730e-06
7483 1.828607e-04 4.518644e-06
7484 1.827058e-04 4.514561e-06
7485 1.825510e-04 4.510483e-06
7486 1.823964e-04 4.506408e-06
7487 1.822419e-04 4.502337e-06
7488 1.820875e-04 4.498269e-06
7489 1.819333e-04 4.494205e-06
7490 1.817792e-04 4.490145e-06
7491 1.816253e-04 4.486088e-06
7492 1.814715e-04 4.482035e-06
7493 1.813179e-04 4.477986e-06
7494 1.811644e-04 4.473940e-06
7495 1.810110e-04 4.469898e-06
7496 1.808578e-04 4.465860e-06
7497 1.807047e-04 4.461825e-06
7498 1.805518e-04 4.457794e-06
7499 1.803990e-04 4.453767e-06
7500 1.802463e-04 4.449743e-06
7501 1.800938e-04 4.445723e-06
7502 1.799414e-04 4.441707e-06
7503 1.797892e-04 4.437694e-06
7504 1.796371e-04 4.433685e-06
7505 1.794851e-04 4.429679e-06
7506 1.793333e-04 4.425677e-06
7507 1.791816e-04 4.421679e-06
7508 1.790301e-04 4.417684e-06
7509 1.788787e-04 4.413693e-06
7510 1.787275e-04 4.409705e-06
7511 1.785764e-04 4.405721e-06
7512 1.784254e-04 4.401741e-06
7513 1.782745e-04 4.397764e-06
7514 1.781239e-04 4.393791e-06
7515 1.779733e-04 4.389822e-06
7516 1.778229e-04 4.385856e-06
7517 1.776726e-04 4.381893e-06
7518 1.775225e-04 4.377935e-06
7519 1.773725e-04 4.373979e-06
7520 1.772226e-04 4.370028e-06
7521 1.770729e-04 4.366080e-06
7522 1.769233e-04 4.362135e-06
7523 1.767738e-04 4.358194e-06
7524 1.766245e-04 4.354257e-06
7525 1.764754e-04 4.350323e-06
7526 1.763263e-04 4.346393e-06
7527 1.761774e-04 4.342466e-06
7528 1.760287e-04 4.338543e-06
7529 1.758800e-04 4.334623e-06
7530 1.757316e-04 4.330707e-06
7531 1.755832e-04 4.326794e-06
7532 1.754350e-04 4.322885e-06
7533 1.752869e-04 4.318980e-06
7534 1.751390e-04 4.315078e-06
7535 1.749912e-04 4.311179e-06
7536 1.748435e-04 4.307285e-06
7537 1.746960e-04 4.303393e-06
7538 1.745486e-04 4.299505e-06
7539 1.744013e-04 4.295621e-06
7540 1.742542e-04 4.291740e-06
7541 1.741072e-04 4.287863e-06
7542 1.739604e-04 4.283989e-06
7543 1.738137e-04 4.280119e-06
7544 1.736671e-04 4.276252e-06
7545 1.735207e-04 4.272388e-06
7546 1.733744e-04 4.268528e-06
7547 1.732282e-04 4.264672e-06
7548 1.730822e-04 4.260819e-06
7549 1.729363e-04 4.256970e-06
7550 1.727905e-04 4.253124e-06
7551 1.726449e-04 4.249281e-06
7552 1.724994e-04 4.245442e-06
7553 1.723540e-04 4.241607e-06
7554 1.722088e-04 4.237775e-06
7555 1.720637e-04 4.233946e-06
7556 1.719187e-04 4.230121e-06
7557 1.717739e-04 4.226299e-06
7558 1.716292e-04 4.222481e-06
7559 1.714847e-04 4.218666e-06
7560 1.713402e-04 4.214855e-06
7561 1.711959e-04 4.211047e-06
7562 1.710518e-04 4.207243e-06
7563 1.709078e-04 4.203442e-06
7564 1.707639e-04 4.199644e-06
7565 1.706201e-04 4.195850e-06
7566 1.704765e-04 4.192059e-06
7567 1.703330e-04 4.188272e-06
7568 1.701896e-04 4.184488e-06
7569 1.700464e-04 4.180708e-06
7570 1.699033e-04 4.176931e-06
7571 1.697604e-04 4.173157e-06
7572 1.696175e-04 4.169387e-06
7573 1.694748e-04 4.165620e-06
7574 1.693323e-04 4.161856e-06
7575 1.691898e-04 4.158096e-06
7576 1.690475e-04 4.154340e-06
7577 1.689054e-04 4.150587e-06
7578 1.687633e-04 4.146837e-06
7579 1.686214e-04 4.143090e-06
7580 1.684796e-04 4.139347e-06
7581 1.683380e-04 4.135608e-06
7582 1.681965e-04 4.131871e-06
7583 1.680551e-04 4.128138e-06
7584 1.679139e-04 4.124409e-06
7585 1.677727e-04 4.120683e-06
7586 1.676317e-04 4.116960e-06
7587 1.674909e-04 4.113240e-06
7588 1.673502e-04 4.109524e-06
7589 1.672096e-04 4.105812e-06
7590 1.670691e-04 4.102102e-06
7591 1.669288e-04 4.098396e-06
7592 1.667885e-04 4.094694e-06
7593 1.666485e-04 4.090994e-06
7594 1.665085e-04 4.087298e-06
7595 1.663687e-04 4.083606e-06
7596 1.662290e-04 4.079916e-06
7597 1.660894e-04 4.076230e-06
7598 1.659500e-04 4.072548e-06
7599 1.658107e-04 4.068868e-06
7600 1.656715e-04 4.065192e-06
7601 1.655325e-04 4.061520e-06
7602 1.653936e-04 4.057850e-06
7603 1.652548e-04 4.054184e-06
7604 1.651161e-04 4.050522e-06
7605 1.649776e-04 4.046862e-06
7606 1.648392e-04 4.043206e-06
7607 1.647009e-04 4.039553e-06
7608 1.645628e-04 4.035904e-06
7609 1.644248e-04 4.032257e-06
7610 1.642869e-04 4.028615e-06
7611 1.641491e-04 4.024975e-06
7612 1.640115e-04 4.021339e-06
7613 1.638740e-04 4.017705e-06
7614 1.637366e-04 4.014076e-06
7615 1.635993e-04 4.010449e-06
7616 1.634622e-04 4.006826e-06
7617 1.633252e-04 4.003206e-06
7618 1.631883e-04 3.999589e-06
7619 1.630516e-04 3.995976e-06
7620 1.629150e-04 3.992366e-06
7621 1.627785e-04 3.988759e-06
7622 1.626421e-04 3.985155e-06
7623 1.625059e-04 3.981555e-06
7624 1.623698e-04 3.977958e-06
7625 1.622338e-04 3.974364e-06
7626 1.620979e-04 3.970773e-06
7627 1.619622e-04 3.967186e-06
7628 1.618266e-04 3.963602e-06
7629 1.616911e-04 3.960021e-06
7630 1.615557e-04 3.956443e-06
7631 1.614205e-04 3.952869e-06
7632 1.612854e-04 3.949298e-06
7633 1.611504e-04 3.945730e-06
7634 1.610156e-04 3.942165e-06
7635 1.608808e-04 3.938603e-06
7636 1.607462e-04 3.935045e-06
7637 1.606118e-04 3.931490e-06
7638 1.604774e-04 3.927938e-06
7639 1.603432e-04 3.924389e-06
7640 1.602091e-04 3.920844e-06
7641 1.600751e-04 3.917302e-06
7642 1.599412e-04 3.913763e-06
7643 1.598075e-04 3.910227e-06
7644 1.596739e-04 3.906694e-06
7645 1.595404e-04 3.903165e-06
7646 1.594070e-04 3.899638e-06
7647 1.592738e-04 3.896115e-06
7648 1.591407e-04 3.892595e-06
7649 1.590077e-04 3.889079e-06
7650 1.588748e-04 3.885565e-06
7651 1.587421e-04 3.882055e-06
7652 1.586094e-04 3.878547e-06
7653 1.584769e-04 3.875043e-06
7654 1.583446e-04 3.871542e-06
7655 1.582123e-04 3.868045e-06
7656 1.580802e-04 3.864550e-06
7657 1.579482e-04 3.861059e-06
7658 1.578163e-04 3.857570e-06
7659 1.576845e-04 3.854085e-06
7660 1.575529e-04 3.850603e-06
7661 1.574214e-04 3.847125e-06
7662 1.572900e-04 3.843649e-06
7663 1.571587e-04 3.840176e-06
7664 1.570276e-04 3.836707e-06
7665 1.568965e-04 3.833241e-06
7666 1.567656e-04 3.829778e-06
7667 1.566348e-04 3.826318e-06
7668 1.565042e-04 3.822861e-06
7669 1.563736e-04 3.819407e-06
7670 1.562432e-04 3.815956e-06
7671 1.561129e-04 3.812509e-06
7672 1.559827e-04 3.809064e-06
7673 1.558527e-04 3.805623e-06
7674 1.557227e-04 3.802185e-06
7675 1.555929e-04 3.798750e-06
7676 1.554632e-04 3.795318e-06
7677 1.553336e-04 3.791889e-06
7678 1.552042e-04 3.788463e-06
7679 1.550748e-04 3.785041e-06
7680 1.549456e-04 3.781621e-06
7681 1.548165e-04 3.778205e-06
7682 1.546875e-04 3.774791e-06
7683 1.545587e-04 3.771381e-06
7684 1.544299e-04 3.767974e-06
7685 1.543013e-04 3.764570e-06
7686 1.541728e-04 3.761168e-06
7687 1.540444e-04 3.757770e-06
7688 1.539162e-04 3.754375e-06
7689 1.537881e-04 3.750984e-06
7690 1.536600e-04 3.747595e-06
7691 1.535321e-04 3.744209e-06
7692 1.534043e-04 3.740826e-06
7693 1.532767e-04 3.737447e-06
7694 1.531491e-04 3.734070e-06
7695 1.530217e-04 3.730697e-06
7696 1.528944e-04 3.727326e-06
7697 1.527672e-04 3.723959e-06
7698 1.526401e-04 3.720594e-06
7699 1.525132e-04 3.717233e-06
7700 1.523864e-04 3.713875e-06
7701 1.522596e-04 3.710519e-06
7702 1.521330e-04 3.707167e-06
7703 1.520066e-04 3.703818e-06
7704 1.518802e-04 3.700472e-06
7705 1.517539e-04 3.697129e-06
7706 1.516278e-04 3.693788e-06
7707 1.515018e-04 3.690451e-06
7708 1.513759e-04 3.687117e-06
7709 1.512501e-04 3.683786e-06
7710 1.511245e-04 3.680458e-06
7711 1.509989e-04 3.677133e-06
7712 1.508735e-04 3.673811e-06
7713 1.507482e-04 3.670492e-06
7714 1.506230e-04 3.667176e-06
7715 1.504979e-04 3.663862e-06
7716 1.503730e-04 3.660552e-06
7717 1.502481e-04 3.657245e-06
7718 1.501234e-04 3.653941e-06
7719 1.499988e-04 3.650640e-06
7720 1.498743e-04 3.647342e-06
7721 1.497499e-04 3.644047e-06
7722 1.496256e-04 3.640755e-06
7723 1.495015e-04 3.637465e-06
7724 1.493774e-04 3.634179e-06
7725 1.492535e-04 3.630896e-06
7726 1.491297e-04 3.627615e-06
7727 1.490060e-04 3.624338e-06
7728 1.488825e-04 3.621064e-06
7729 1.487590e-04 3.617792e-06
7730 1.486357e-04 3.614524e-06
7731 1.485124e-04 3.611258e-06
7732 1.483893e-04 3.607996e-06
7733 1.482663e-04 3.604736e-06
7734 1.481434e-04 3.601479e-06
7735 1.480207e-04 3.598226e-06
7736 1.478980e-04 3.594975e-06
7737 1.477755e-04 3.591727e-06
7738 1.476531e-04 3.588482e-06
7739 1.475307e-04 3.585240e-06
7740 1.474086e-04 3.582001e-06
7741 1.472865e-04 3.578765e-06
7742 1.471645e-04 3.575532e-06
7743 1.470426e-04 3.572301e-06
7744 1.469209e-04 3.569074e-06
7745 1.467993e-04 3.565849e-06
7746 1.466778e-04 3.562628e-06
7747 1.465563e-04 3.559409e-06
7748 1.464351e-04 3.556194e-06
7749 1.463139e-04 3.552981e-06
7750 1.461928e-04 3.549771e-06
7751 1.460719e-04 3.546564e-06
7752 1.459510e-04 3.543360e-06
7753 1.458303e-04 3.540158e-06
7754 1.457097e-04 3.536960e-06
7755 1.455892e-04 3.533765e-06
7756 1.454688e-04 3.530572e-06
7757 1.453485e-04 3.527382e-06
7758 1.452284e-04 3.524196e-06
7759 1.451083e-04 3.521012e-06
7760 1.449884e-04 3.517831e-06
7761 1.448685e-04 3.514652e-06
7762 1.447488e-04 3.511477e-06
7763 1.446292e-04 3.508305e-06
7764 1.445097e-04 3.505135e-06
7765 1.443904e-04 3.501969e-06
7766 1.442711e-04 3.498805e-06
7767 1.441519e-04 3.495644e-06
7768 1.440329e-04 3.492486e-06
7769 1.439139e-04 3.489330e-06
7770 1.437951e-04 3.486178e-06
7771 1.436764e-04 3.483028e-06
7772 1.435578e-04 3.479882e-06
7773 1.434393e-04 3.476738e-06
7774 1.433209e-04 3.473597e-06
7775 1.432026e-04 3.470458e-06
7776 1.430845e-04 3.467323e-06
7777 1.429664e-04 3.464191e-06
7778 1.428485e-04 3.461061e-06
7779 1.427307e-04 3.457934e-06
7780 1.426129e-04 3.454810e-06
7781 1.424953e-04 3.451689e-06
7782 1.423778e-04 3.448570e-06
7783 1.422604e-04 3.445455e-06
7784 1.421432e-04 3.442342e-06
7785 1.420260e-04 3.439232e-06
7786 1.419089e-04 3.436125e-06
7787 1.417920e-04 3.433020e-06
7788 1.416751e-04 3.429919e-06
7789 1.415584e-04 3.426820e-06
7790 1.414418e-04 3.423724e-06
7791 1.413252e-04 3.420631e-06
7792 1.412088e-04 3.417541e-06
7793 1.410925e-04 3.414453e-06
7794 1.409763e-04 3.411368e-06
7795 1.408603e-04 3.408286e-06
7796 1.407443e-04 3.405207e-06
7797 1.406284e-04 3.402131e-06
7798 1.405127e-04 3.399057e-06
7799 1.403970e-04 3.395986e-06
7800 1.402815e-04 3.392918e-06
7801 1.401660e-04 3.389853e-06
7802 1.400507e-04 3.386790e-06
7803 1.399355e-04 3.383731e-06
7804 1.398204e-04 3.380674e-06
7805 1.397054e-04 3.377619e-06
7806 1.395905e-04 3.374568e-06
7807 1.394757e-04 3.371519e-06
7808 1.393610e-04 3.368473e-06
7809 1.392464e-04 3.365430e-06
7810 1.391320e-04 3.362389e-06
7811 1.390176e-04 3.359352e-06
7812 1.389034e-04 3.356317e-06
7813 1.387892e-04 3.353284e-06
7814 1.386752e-04 3.350255e-06
7815 1.385613e-04 3.347228e-06
7816 1.384474e-04 3.344204e-06
7817 1.383337e-04 3.341183e-06
7818 1.382201e-04 3.338164e-06
7819 1.381066e-04 3.335148e-06
7820 1.379932e-04 3.332135e-06
7821 1.378799e-04 3.329125e-06
7822 1.377667e-04 3.326117e-06
7823 1.376536e-04 3.323112e-06
7824 1.375407e-04 3.320110e-06
7825 1.374278e-04 3.317110e-06
7826 1.373150e-04 3.314114e-06
7827 1.372024e-04 3.311119e-06
7828 1.370898e-04 3.308128e-06
7829 1.369774e-04 3.305139e-06
7830 1.368650e-04 3.302153e-06
7831 1.367528e-04 3.299170e-06
7832 1.366406e-04 3.296189e-06
7833 1.365286e-04 3.293211e-06
7834 1.364167e-04 3.290236e-06
7835 1.363049e-04 3.287264e-06
7836 1.361932e-04 3.284294e-06
7837 1.360816e-04 3.281327e-06
7838 1.359701e-04 3.278362e-06
7839 1.358587e-04 3.275400e-06
7840 1.357474e-04 3.272441e-06
7841 1.356362e-04 3.269485e-06
7842 1.355251e-04 3.266531e-06
7843 1.354141e-04 3.263580e-06
7844 1.353032e-04 3.260631e-06
7845 1.351924e-04 3.257685e-06
7846 1.350818e-04 3.254742e-06
7847 1.349712e-04 3.251802e-06
7848 1.348607e-04 3.248864e-06
7849 1.347504e-04 3.245929e-06
7850 1.346401e-04 3.242996e-06
7851 1.345300e-04 3.240066e-06
7852 1.344199e-04 3.237139e-06
7853 1.343100e-04 3.234215e-06
7854 1.342001e-04 3.231293e-06
7855 1.340904e-04 3.228373e-06
7856 1.339807e-04 3.225457e-06
7857 1.338712e-04 3.222543e-06
7858 1.337618e-04 3.219631e-06
7859 1.336524e-04 3.216723e-06
7860 1.335432e-04 3.213816e-06
7861 1.334341e-04 3.210913e-06
7862 1.333251e-04 3.208012e-06
7863 1.332161e-04 3.205114e-06
7864 1.331073e-04 3.202218e-06
7865 1.329986e-04 3.199325e-06
7866 1.328900e-04 3.196435e-06
7867 1.327815e-04 3.193547e-06
7868 1.326731e-04 3.190662e-06
7869 1.325648e-04 3.187779e-06
7870 1.324566e-04 3.184899e-06
7871 1.323485e-04 3.182022e-06
7872 1.322404e-04 3.179147e-06
7873 1.321325e-04 3.176275e-06
7874 1.320247e-04 3.173405e-06
7875 1.319170e-04 3.170538e-06
7876 1.318094e-04 3.167674e-06
7877 1.317019e-04 3.164812e-06
7878 1.315945e-04 3.161953e-06
7879 1.314872e-04 3.159096e-06
7880 1.313800e-04 3.156242e-06
7881 1.312730e-04 3.153391e-06
7882 1.311660e-04 3.150542e-06
7883 1.310591e-04 3.147695e-06
7884 1.309523e-04 3.144852e-06
7885 1.308456e-04 3.142010e-06
7886 1.307390e-04 3.139172e-06
7887 1.306325e-04 3.136336e-06
7888 1.305261e-04 3.133502e-06
7889 1.304198e-04 3.130671e-06
7890 1.303136e-04 3.127843e-06
7891 1.302075e-04 3.125017e-06
7892 1.301015e-04 3.122194e-06
7893 1.299956e-04 3.119373e-06
7894 1.298898e-04 3.116555e-06
7895 1.297841e-04 3.113739e-06
7896 1.296785e-04 3.110926e-06
7897 1.295730e-04 3.108115e-06
7898 1.294676e-04 3.105307e-06
7899 1.293623e-04 3.102502e-06
7900 1.292571e-04 3.099699e-06
7901 1.291520e-04 3.096899e-06
7902 1.290470e-04 3.094101e-06
7903 1.289421e-04 3.091305e-06
7904 1.288373e-04 3.088513e-06
7905 1.287326e-04 3.085722e-06
7906 1.286280e-04 3.082935e-06
7907 1.285235e-04 3.080149e-06
7908 1.284191e-04 3.077367e-06
7909 1.283148e-04 3.074586e-06
7910 1.282106e-04 3.071809e-06
7911 1.281064e-04 3.069033e-06
7912 1.280024e-04 3.066261e-06
7913 1.278985e-04 3.063490e-06
7914 1.277947e-04 3.060723e-06
7915 1.276909e-04 3.057958e-06
7916 1.275873e-04 3.055195e-06
7917 1.274838e-04 3.052435e-06
7918 1.273804e-04 3.049677e-06
7919 1.272770e-04 3.046922e-06
7920 1.271738e-04 3.044169e-06
7921 1.270706e-04 3.041419e-06
7922 1.269676e-04 3.038671e-06
7923 1.268646e-04 3.035926e-06
7924 1.267618e-04 3.033183e-06
7925 1.266590e-04 3.030443e-06
7926 1.265564e-04 3.027705e-06
7927 1.264538e-04 3.024969e-06
7928 1.263514e-04 3.022237e-06
7929 1.262490e-04 3.019506e-06
7930 1.261467e-04 3.016778e-06
7931 1.260445e-04 3.014053e-06
7932 1.259425e-04 3.011330e-06
7933 1.258405e-04 3.008609e-06
7934 1.257386e-04 3.005891e-06
7935 1.256368e-04 3.003175e-06
7936 1.255351e-04 3.000462e-06
7937 1.254335e-04 2.997751e-06
7938 1.253320e-04 2.995043e-06
7939 1.252306e-04 2.992337e-06
7940 1.251293e-04 2.989634e-06
7941 1.250281e-04 2.986933e-06
7942 1.249269e-04 2.984234e-06
7943 1.248259e-04 2.981538e-06
7944 1.247250e-04 2.978845e-06
7945 1.246241e-04 2.976153e-06
7946 1.245234e-04 2.973465e-06
7947 1.244228e-04 2.970778e-06
7948 1.243222e-04 2.968094e-06
7949 1.242218e-04 2.965413e-06
7950 1.241214e-04 2.962734e-06
7951 1.240211e-04 2.960057e-06
7952 1.239210e-04 2.957383e-06
7953 1.238209e-04 2.954711e-06
7954 1.237209e-04 2.952041e-06
7955 1.236210e-04 2.949374e-06
7956 1.235212e-04 2.946710e-06
7957 1.234215e-04 2.944048e-06
7958 1.233219e-04 2.941388e-06
7959 1.232224e-04 2.938730e-06
7960 1.231230e-04 2.936075e-06
7961 1.230236e-04 2.933423e-06
7962 1.229244e-04 2.930773e-06
7963 1.228253e-04 2.928125e-06
7964 1.227262e-04 2.925480e-06
7965 1.226273e-04 2.922837e-06
7966 1.225284e-04 2.920196e-06
7967 1.224297e-04 2.917558e-06
7968 1.223310e-04 2.914922e-06
7969 1.222324e-04 2.912288e-06
7970 1.221339e-04 2.909657e-06
7971 1.220355e-04 2.907029e-06
7972 1.219372e-04 2.904402e-06
7973 1.218390e-04 2.901778e-06
7974 1.217409e-04 2.899157e-06
7975 1.216429e-04 2.896537e-06
7976 1.215450e-04 2.893921e-06
7977 1.214471e-04 2.891306e-06
7978 1.213494e-04 2.888694e-06
7979 1.212517e-04 2.886084e-06
7980 1.211542e-04 2.883477e-06
7981 1.210567e-04 2.880872e-06
7982 1.209593e-04 2.878269e-06
7983 1.208621e-04 2.875669e-06
7984 1.207649e-04 2.873071e-06
7985 1.206678e-04 2.870475e-06
7986 1.205708e-04 2.867882e-06
7987 1.204739e-04 2.865291e-06
7988 1.203770e-04 2.862702e-06
7989 1.202803e-04 2.860116e-06
7990 1.201837e-04 2.857532e-06
7991 1.200871e-04 2.854950e-06
7992 1.199907e-04 2.852371e-06
7993 1.198943e-04 2.849794e-06
7994 1.197980e-04 2.847219e-06
7995 1.197018e-04 2.844647e-06
7996 1.196057e-04 2.842077e-06
7997 1.195097e-04 2.839509e-06
7998 1.194138e-04 2.836944e-06
7999 1.193180e-04 2.834381e-06
8000 1.192223e-04 2.831820e-06
8001 1.191266e-04 2.829262e-06
8002 1.190311e-04 2.826706e-06
8003 1.189356e-04 2.824152e-06
8004 1.188403e-04 2.821600e-06
8005 1.187450e-04 2.819051e-06
8006 1.186498e-04 2.816504e-06
8007 1.185547e-04 2.813960e-06
8008 1.184597e-04 2.811418e-06
8009 1.183648e-04 2.808878e-06
8010 1.182699e-04 2.806340e-06
8011 1.181752e-04 2.803805e-06
8012 1.180805e-04 2.801272e-06
8013 1.179860e-04 2.798741e-06
8014 1.178915e-04 2.796212e-06
8015 1.177971e-04 2.793686e-06
8016 1.177028e-04 2.791162e-06
8017 1.176086e-04 2.788640e-06
8018 1.175145e-04 2.786121e-06
8019 1.174205e-04 2.783604e-06
8020 1.173266e-04 2.781089e-06
8021 1.172327e-04 2.778577e-06
8022 1.171390e-04 2.776066e-06
8023 1.170453e-04 2.773558e-06
8024 1.169517e-04 2.771052e-06
8025 1.168582e-04 2.768549e-06
8026 1.167648e-04 2.766048e-06
8027 1.166715e-04 2.763549e-06
8028 1.165783e-04 2.761052e-06
8029 1.164852e-04 2.758558e-06
8030 1.163921e-04 2.756065e-06
8031 1.162992e-04 2.753575e-06
8032 1.162063e-04 2.751088e-06
8033 1.161135e-04 2.748602e-06
8034 1.160208e-04 2.746119e-06
8035 1.159282e-04 2.743638e-06
8036 1.158357e-04 2.741159e-06
8037 1.157433e-04 2.738683e-06
8038 1.156509e-04 2.736209e-06
8039 1.155587e-04 2.733737e-06
8040 1.154665e-04 2.731267e-06
8041 1.153744e-04 2.728799e-06
8042 1.152824e-04 2.726334e-06
8043 1.151905e-04 2.723871e-06
8044 1.150987e-04 2.721410e-06
8045 1.150070e-04 2.718951e-06
8046 1.149153e-04 2.716495e-06
8047 1.148238e-04 2.714041e-06
8048 1.147323e-04 2.711589e-06
8049 1.146409e-04 2.709139e-06
8050 1.145496e-04 2.706691e-06
8051 1.144584e-04 2.704246e-06
8052 1.143673e-04 2.701803e-06
8053 1.142762e-04 2.699362e-06
8054 1.141853e-04 2.696923e-06
8055 1.140944e-04 2.694487e-06
8056 1.140036e-04 2.692052e-06
8057 1.139129e-04 2.689620e-06
8058 1.138223e-04 2.687190e-06
8059 1.137318e-04 2.684763e-06
8060 1.136414e-04 2.682337e-06
8061 1.135510e-04 2.679914e-06
8062 1.134608e-04 2.677493e-06
8063 1.133706e-04 2.675074e-06
8064 1.132805e-04 2.672657e-06
8065 1.131905e-04 2.670242e-06
8066 1.131006e-04 2.667830e-06
8067 1.130107e-04 2.665420e-06
8068 1.129210e-04 2.663012e-06
8069 1.128313e-04 2.660606e-06
8070 1.127418e-04 2.658202e-06
8071 1.126523e-04 2.655800e-06
8072 1.125629e-04 2.653401e-06
8073 1.124735e-04 2.651004e-06
8074 1.123843e-04 2.648609e-06
8075 1.122951e-04 2.646216e-06
8076 1.122061e-04 2.643825e-06
8077 1.121171e-04 2.641437e-06
8078 1.120282e-04 2.639050e-06
8079 1.119394e-04 2.636666e-06
8080 1.118506e-04 2.634284e-06
8081 1.117620e-04 2.631904e-06
8082 1.116734e-04 2.629526e-06
8083 1.115850e-04 2.627151e-06
8084 1.114966e-04 2.624777e-06
8085 1.114083e-04 2.622406e-06
8086 1.113200e-04 2.620037e-06
8087 1.112319e-04 2.617670e-06
8088 1.111438e-04 2.615305e-06
8089 1.110559e-04 2.612942e-06
8090 1.109680e-04 2.610581e-06
8091 1.108802e-04 2.608223e-06
8092 1.107925e-04 2.605866e-06
8093 1.107048e-04 2.603512e-06
8094 1.106173e-04 2.601160e-06
8095 1.105298e-04 2.598810e-06
8096 1.104424e-04 2.596462e-06
8097 1.103551e-04 2.594116e-06
8098 1.102679e-04 2.591773e-06
8099 1.101807e-04 2.589431e-06
8100 1.100937e-04 2.587092e-06
8101 1.100067e-04 2.584754e-06
8102 1.099198e-04 2.582419e-06
8103 1.098330e-04 2.580086e-06
8104 1.097463e-04 2.577755e-06
8105 1.096597e-04 2.575426e-06
8106 1.095731e-04 2.573100e-06
8107 1.094866e-04 2.570775e-06
8108 1.094002e-04 2.568452e-06
8109 1.093139e-04 2.566132e-06
8110 1.092277e-04 2.563814e-06
8111 1.091415e-04 2.561497e-06
8112 1.090555e-04 2.559183e-06
8113 1.089695e-04 2.556871e-06
8114 1.088836e-04 2.554561e-06
8115 1.087978e-04 2.552253e-06
8116 1.087120e-04 2.549947e-06
8117 1.086264e-04 2.547644e-06
8118 1.085408e-04 2.545342e-06
8119 1.084553e-04 2.543042e-06
8120 1.083699e-04 2.540745e-06
8121 1.082846e-04 2.538449e-06
8122 1.081994e-04 2.536156e-06
8123 1.081142e-04 2.533865e-06
8124 1.080291e-04 2.531576e-06
8125 1.079441e-04 2.529288e-06
8126 1.078592e-04 2.527003e-06
8127 1.077743e-04 2.524720e-06
8128 1.076896e-04 2.522439e-06
8129 1.076049e-04 2.520161e-06
8130 1.075203e-04 2.517884e-06
8131 1.074358e-04 2.515609e-06
8132 1.073514e-04 2.513336e-06
8133 1.072670e-04 2.511066e-06
8134 1.071827e-04 2.508797e-06
8135 1.070985e-04 2.506530e-06
8136 1.070144e-04 2.504266e-06
8137 1.069304e-04 2.502003e-06
8138 1.068464e-04 2.499743e-06
8139 1.067626e-04 2.497485e-06
8140 1.066788e-04 2.495228e-06
8141 1.065951e-04 2.492974e-06
8142 1.065114e-04 2.490722e-06
8143 1.064279e-04 2.488471e-06
8144 1.063444e-04 2.486223e-06
8145 1.062610e-04 2.483977e-06
8146 1.061777e-04 2.481733e-06
8147 1.060945e-04 2.479491e-06
8148 1.060113e-04 2.477251e-06
8149 1.059282e-04 2.475013e-06
8150 1.058453e-04 2.472777e-06
8151 1.057623e-04 2.470543e-06
8152 1.056795e-04 2.468311e-06
8153 1.055967e-04 2.466081e-06
8154 1.055141e-04 2.463853e-06
8155 1.054315e-04 2.461627e-06
8156 1.053490e-04 2.459403e-06
8157 1.052665e-04 2.457181e-06
8158 1.051842e-04 2.454961e-06
8159 1.051019e-04 2.452743e-06
8160 1.050197e-04 2.450527e-06
8161 1.049375e-04 2.448313e-06
8162 1.048555e-04 2.446101e-06
8163 1.047735e-04 2.443891e-06
8164 1.046917e-04 2.441683e-06
8165 1.046098e-04 2.439477e-06
8166 1.045281e-04 2.437274e-06
8167 1.044465e-04 2.435072e-06
8168 1.043649e-04 2.432872e-06
8169 1.042834e-04 2.430674e-06
8170 1.042020e-04 2.428478e-06
8171 1.041206e-04 2.426284e-06
8172 1.040394e-04 2.424092e-06
8173 1.039582e-04 2.421902e-06
8174 1.038771e-04 2.419714e-06
8175 1.037960e-04 2.417528e-06
8176 1.037151e-04 2.415343e-06
8177 1.036342e-04 2.413161e-06
8178 1.035534e-04 2.410981e-06
8179 1.034727e-04 2.408803e-06
8180 1.033921e-04 2.406627e-06
8181 1.033115e-04 2.404452e-06
8182 1.032310e-04 2.402280e-06
8183 1.031506e-04 2.400110e-06
8184 1.030703e-04 2.397941e-06
8185 1.029900e-04 2.395775e-06
8186 1.029098e-04 2.393611e-06
8187 1.028297e-04 2.391448e-06
8188 1.027497e-04 2.389288e-06
8189 1.026698e-04 2.387129e-06
8190 1.025899e-04 2.384972e-06
8191 1.025101e-04 2.382818e-06
8192 1.024304e-04 2.380665e-06
8193 1.023508e-04 2.378514e-06
8194 1.022712e-04 2.376365e-06
8195 1.021917e-04 2.374218e-06
8196 1.021123e-04 2.372073e-06
8197 1.020330e-04 2.369930e-06
8198 1.019537e-04 2.367789e-06
8199 1.018745e-04 2.365650e-06
8200 1.017954e-04 2.363513e-06
8201 1.017164e-04 2.361378e-06
8202 1.016374e-04 2.359244e-06
8203 1.015586e-04 2.357113e-06
8204 1.014798e-04 2.354983e-06
8205 1.014010e-04 2.352856e-06
8206 1.013224e-04 2.350730e-06
8207 1.012438e-04 2.348606e-06
8208 1.011653e-04 2.346484e-06
8209 1.010869e-04 2.344364e-06
8210 1.010085e-04 2.342246e-06
8211 1.009303e-04 2.340130e-06
8212 1.008521e-04 2.338016e-06
8213 1.007739e-04 2.335904e-06
8214 1.006959e-04 2.333793e-06
8215 1.006179e-04 2.331685e-06
8216 1.005400e-04 2.329578e-06
8217 1.004622e-04 2.327474e-06
8218 1.003844e-04 2.325371e-06
8219 1.003068e-04 2.323270e-06
8220 1.002292e-04 2.321171e-06
8221 1.001517e-04 2.319074e-06
8222 1.000742e-04 2.316979e-06
8223 9.999683e-05 2.314886e-06
8224 9.991954e-05 2.312794e-06
8225 9.984231e-05 2.310705e-06
8226 9.976516e-05 2.308617e-06
8227 9.968808e-05 2.306532e-06
8228 9.961108e-05 2.304448e-06
8229 9.953415e-05 2.302366e-06
8230 9.945730e-05 2.300286e-06
8231 9.938052e-05 2.298208e-06
8232 9.930382e-05 2.296131e-06
8233 9.922719e-05 2.294057e-06
8234 9.915063e-05 2.291984e-06
8235 9.907414e-05 2.289914e-06
8236 9.899773e-05 2.287845e-06
8237 9.892140e-05 2.285778e-06
8238 9.884514e-05 2.283713e-06
8239 9.876895e-05 2.281650e-06
8240 9.869283e-05 2.279588e-06
8241 9.861679e-05 2.277529e-06
8242 9.854082e-05 2.275471e-06
8243 9.846492e-05 2.273415e-06
8244 9.838910e-05 2.271362e-06
8245 9.831335e-05 2.269309e-06
8246 9.823768e-05 2.267259e-06
8247 9.816207e-05 2.265211e-06
8248 9.808654e-05 2.263164e-06
8249 9.801109e-05 2.261120e-06
8250 9.793570e-05 2.259077e-06
8251 9.786039e-05 2.257036e-06
8252 9.778515e-05 2.254997e-06
8253 9.770999e-05 2.252960e-06
8254 9.763489e-05 2.250924e-06
8255 9.755987e-05 2.248891e-06
8256 9.748492e-05 2.246859e-06
8257 9.741005e-05 2.244829e-06
8258 9.733525e-05 2.242801e-06
8259 9.726051e-05 2.240775e-06
8260 9.718585e-05 2.238750e-06
8261 9.711127e-05 2.236728e-06
8262 9.703675e-05 2.234707e-06
8263 9.696231e-05 2.232688e-06
8264 9.688794e-05 2.230671e-06
8265 9.681364e-05 2.228656e-06
8266 9.673941e-05 2.226642e-06
8267 9.666526e-05 2.224630e-06
8268 9.659117e-05 2.222621e-06
8269 9.651716e-05 2.220613e-06
8270 9.644322e-05 2.218606e-06
8271 9.636935e-05 2.216602e-06
8272 9.629556e-05 2.214599e-06
8273 9.622183e-05 2.212599e-06
8274 9.614818e-05 2.210600e-06
8275 9.607459e-05 2.208603e-06
8276 9.600108e-05 2.206607e-06
8277 9.592764e-05 2.204614e-06
8278 9.585427e-05 2.202622e-06
8279 9.578097e-05 2.200632e-06
8280 9.570774e-05 2.198644e-06
8281 9.563459e-05 2.196657e-06
8282 9.556150e-05 2.194673e-06
8283 9.548849e-05 2.192690e-06
8284 9.541554e-05 2.190709e-06
8285 9.534267e-05 2.188730e-06
8286 9.526986e-05 2.186753e-06
8287 9.519713e-05 2.184777e-06
8288 9.512447e-05 2.182803e-06
8289 9.505188e-05 2.180831e-06
8290 9.497936e-05 2.178861e-06
8291 9.490691e-05 2.176892e-06
8292 9.483452e-05 2.174926e-06
8293 9.476221e-05 2.172961e-06
8294 9.468997e-05 2.170998e-06
8295 9.461780e-05 2.169036e-06
8296 9.454570e-05 2.167077e-06
8297 9.447367e-05 2.165119e-06
8298 9.440171e-05 2.163163e-06
8299 9.432982e-05 2.161208e-06
8300 9.425800e-05 2.159256e-06
8301 9.418625e-05 2.157305e-06
8302 9.411457e-05 2.155356e-06
8303 9.404295e-05 2.153409e-06
8304 9.397141e-05 2.151463e-06
8305 9.389994e-05 2.149520e-06
8306 9.382853e-05 2.147578e-06
8307 9.375720e-05 2.145637e-06
8308 9.368593e-05 2.143699e-06
8309 9.361474e-05 2.141762e-06
8310 9.354361e-05 2.139827e-06
8311 9.347255e-05 2.137894e-06
8312 9.340156e-05 2.135963e-06
8313 9.333064e-05 2.134033e-06
8314 9.325979e-05 2.132105e-06
8315 9.318901e-05 2.130179e-06
8316 9.311830e-05 2.128254e-06
8317 9.304765e-05 2.126331e-06
8318 9.297708e-05 2.124410e-06
8319 9.290657e-05 2.122491e-06
8320 9.283613e-05 2.120574e-06
8321 9.276576e-05 2.118658e-06
8322 9.269546e-05 2.116744e-06
8323 9.262523e-05 2.114831e-06
8324 9.255506e-05 2.112921e-06
8325 9.248496e-05 2.111012e-06
8326 9.241493e-05 2.109105e-06
8327 9.234497e-05 2.107199e-06
8328 9.227508e-05 2.105295e-06
8329 9.220526e-05 2.103393e-06
8330 9.213550e-05 2.101493e-06
8331 9.206581e-05 2.099594e-06
8332 9.199619e-05 2.097698e-06
8333 9.192664e-05 2.095802e-06
8334 9.185715e-05 2.093909e-06
8335 9.178773e-05 2.092017e-06
8336 9.171838e-05 2.090127e-06
8337 9.164910e-05 2.088239e-06
8338 9.157989e-05 2.086352e-06
8339 9.151074e-05 2.084467e-06
8340 9.144166e-05 2.082584e-06
8341 9.137264e-05 2.080703e-06
8342 9.130370e-05 2.078823e-06
8343 9.123482e-05 2.076945e-06
8344 9.116601e-05 2.075068e-06
8345 9.109726e-05 2.073194e-06
8346 9.102859e-05 2.071321e-06
8347 9.095998e-05 2.069449e-06
8348 9.089143e-05 2.067580e-06
8349 9.082296e-05 2.065712e-06
8350 9.075455e-05 2.063845e-06
8351 9.068620e-05 2.061981e-06
8352 9.061793e-05 2.060118e-06
8353 9.054972e-05 2.058257e-06
8354 9.048157e-05 2.056397e-06
8355 9.041350e-05 2.054539e-06
8356 9.034549e-05 2.052683e-06
8357 9.027754e-05 2.050829e-06
8358 9.020966e-05 2.048976e-06
8359 9.014185e-05 2.047125e-06
8360 9.007411e-05 2.045275e-06
8361 9.000643e-05 2.043428e-06
8362 8.993881e-05 2.041581e-06
8363 8.987127e-05 2.039737e-06
8364 8.980379e-05 2.037894e-06
8365 8.973637e-05 2.036053e-06
8366 8.966902e-05 2.034214e-06
8367 8.960174e-05 2.032376e-06
8368 8.953452e-05 2.030540e-06
8369 8.946737e-05 2.028705e-06
8370 8.940028e-05 2.026872e-06
8371 8.933326e-05 2.025041e-06
8372 8.926631e-05 2.023212e-06
8373 8.919942e-05 2.021384e-06
8374 8.913259e-05 2.019558e-06
8375 8.906583e-05 2.017733e-06
8376 8.899914e-05 2.015910e-06
8377 8.893251e-05 2.014089e-06
8378 8.886594e-05 2.012269e-06
8379 8.879945e-05 2.010451e-06
8380 8.873301e-05 2.008635e-06
8381 8.866664e-05 2.006820e-06
8382 8.860034e-05 2.005007e-06
8383 8.853410e-05 2.003196e-06
8384 8.846793e-05 2.001386e-06
8385 8.840182e-05 1.999578e-06
8386 8.833578e-05 1.997771e-06
8387 8.826980e-05 1.995967e-06
8388 8.820388e-05 1.994163e-06
8389 8.813803e-05 1.992362e-06
8390 8.807224e-05 1.990562e-06
8391 8.800652e-05 1.988763e-06
8392 8.794087e-05 1.986967e-06
8393 8.787527e-05 1.985171e-06
8394 8.780974e-05 1.983378e-06
8395 8.774428e-05 1.981586e-06
8396 8.767888e-05 1.979796e-06
8397 8.761354e-05 1.978007e-06
8398 8.754827e-05 1.976220e-06
8399 8.748306e-05 1.974435e-06
8400 8.741792e-05 1.972651e-06
8401 8.735284e-05 1.970869e-06
8402 8.728782e-05 1.969088e-06
8403 8.722287e-05 1.967309e-06
8404 8.715798e-05 1.965532e-06
8405 8.709316e-05 1.963756e-06
8406 8.702840e-05 1.961982e-06
8407 8.696370e-05 1.960209e-06
8408 8.689906e-05 1.958439e-06
8409 8.683449e-05 1.956669e-06
8410 8.676998e-05 1.954901e-06
8411 8.670554e-05 1.953135e-06
8412 8.664116e-05 1.951371e-06
8413 8.657684e-05 1.949608e-06
8414 8.651259e-05 1.947846e-06
8415 8.644839e-05 1.946087e-06
8416 8.638427e-05 1.944328e-06
8417 8.632020e-05 1.942572e-06
8418 8.625620e-05 1.940817e-06
8419 8.619226e-05 1.939063e-06
8420 8.612838e-05 1.937312e-06
8421 8.606457e-05 1.935561e-06
8422 8.600081e-05 1.933813e-06
8423 8.593713e-05 1.932066e-06
8424 8.587350e-05 1.930320e-06
8425 8.580994e-05 1.928576e-06
8426 8.574643e-05 1.926834e-06
8427 8.568300e-05 1.925093e-06
8428 8.561962e-05 1.923354e-06
8429 8.555631e-05 1.921616e-06
8430 8.549305e-05 1.919880e-06
8431 8.542986e-05 1.918146e-06
8432 8.536674e-05 1.916413e-06
8433 8.530367e-05 1.914681e-06
8434 8.524067e-05 1.912951e-06
8435 8.517773e-05 1.911223e-06
8436 8.511485e-05 1.909496e-06
8437 8.505203e-05 1.907771e-06
8438 8.498928e-05 1.906048e-06
8439 8.492658e-05 1.904326e-06
8440 8.486395e-05 1.902605e-06
8441 8.480138e-05 1.900886e-06
8442 8.473887e-05 1.899169e-06
8443 8.467643e-05 1.897453e-06
8444 8.461404e-05 1.895739e-06
8445 8.455172e-05 1.894026e-06
8446 8.448945e-05 1.892315e-06
8447 8.442725e-05 1.890606e-06
8448 8.436511e-05 1.888898e-06
8449 8.430303e-05 1.887191e-06
8450 8.424102e-05 1.885486e-06
8451 8.417906e-05 1.883783e-06
8452 8.411717e-05 1.882081e-06
8453 8.405533e-05 1.880380e-06
8454 8.399356e-05 1.878682e-06
8455 8.393185e-05 1.876984e-06
8456 8.387020e-05 1.875289e-06
8457 8.380861e-05 1.873594e-06
8458 8.374708e-05 1.871902e-06
8459 8.368561e-05 1.870210e-06
8460 8.362420e-05 1.868521e-06
8461 8.356285e-05 1.866833e-06
8462 8.350157e-05 1.865146e-06
8463 8.344034e-05 1.863461e-06
8464 8.337917e-05 1.861778e-06
8465 8.331807e-05 1.860096e-06
8466 8.325702e-05 1.858415e-06
8467 8.319604e-05 1.856736e-06
8468 8.313511e-05 1.855059e-06
8469 8.307425e-05 1.853383e-06
8470 8.301345e-05 1.851708e-06
8471 8.295270e-05 1.850035e-06
8472 8.289202e-05 1.848364e-06
8473 8.283139e-05 1.846694e-06
8474 8.277083e-05 1.845026e-06
8475 8.271033e-05 1.843359e-06
8476 8.264988e-05 1.841693e-06
8477 8.258950e-05 1.840029e-06
8478 8.252917e-05 1.838367e-06
8479 8.246891e-05 1.836706e-06
8480 8.240870e-05 1.835047e-06
8481 8.234856e-05 1.833389e-06
8482 8.228847e-05 1.831733e-06
8483 8.222844e-05 1.830078e-06
8484 8.216847e-05 1.828424e-06
8485 8.210857e-05 1.826773e-06
8486 8.204872e-05 1.825122e-06
8487 8.198893e-05 1.823473e-06
8488 8.192920e-05 1.821826e-06
8489 8.186953e-05 1.820180e-06
8490 8.180992e-05 1.818536e-06
8491 8.175036e-05 1.816893e-06
8492 8.169087e-05 1.815251e-06
8493 8.163143e-05 1.813611e-06
8494 8.157206e-05 1.811973e-06
8495 8.151274e-05 1.810336e-06
8496 8.145348e-05 1.808700e-06
8497 8.139428e-05 1.807066e-06
8498 8.133514e-05 1.805433e-06
8499 8.127606e-05 1.803802e-06
8500 8.121704e-05 1.802173e-06
8501 8.115807e-05 1.800545e-06
8502 8.109916e-05 1.798918e-06
8503 8.104032e-05 1.797293e-06
8504 8.098153e-05 1.795669e-06
8505 8.092280e-05 1.794047e-06
8506 8.086412e-05 1.792426e-06
8507 8.080551e-05 1.790806e-06
8508 8.074695e-05 1.789188e-06
8509 8.068845e-05 1.787572e-06
8510 8.063001e-05 1.785957e-06
8511 8.057163e-05 1.784344e-06
8512 8.051331e-05 1.782731e-06
8513 8.045504e-05 1.781121e-06
8514 8.039683e-05 1.779512e-06
8515 8.033868e-05 1.777904e-06
8516 8.028059e-05 1.776298e-06
8517 8.022255e-05 1.774693e-06
8518 8.016458e-05 1.773090e-06
8519 8.010666e-05 1.771488e-06
8520 8.004879e-05 1.769887e-06
8521 7.999099e-05 1.768288e-06
8522 7.993324e-05 1.766691e-06
8523 7.987555e-05 1.765095e-06
8524 7.981792e-05 1.763500e-06
8525 7.976035e-05 1.761907e-06
8526 7.970283e-05 1.760315e-06
8527 7.964537e-05 1.758725e-06
8528 7.958796e-05 1.757136e-06
8529 7.953062e-05 1.755548e-06
8530 7.947333e-05 1.753962e-06
8531 7.941610e-05 1.752378e-06
8532 7.935892e-05 1.750794e-06
8533 7.930180e-05 1.749213e-06
8534 7.924474e-05 1.747632e-06
8535 7.918774e-05 1.746054e-06
8536 7.913079e-05 1.744476e-06
8537 7.907390e-05 1.742900e-06
8538 7.901707e-05 1.741325e-06
8539 7.896029e-05 1.739752e-06
8540 7.890357e-05 1.738180e-06
8541 7.884690e-05 1.736610e-06
8542 7.879030e-05 1.735041e-06
8543 7.873375e-05 1.733474e-06
8544 7.867725e-05 1.731908e-06
8545 7.862081e-05 1.730343e-06
8546 7.856443e-05 1.728780e-06
8547 7.850810e-05 1.727218e-06
8548 7.845183e-05 1.725657e-06
8549 7.839562e-05 1.724098e-06
8550 7.833946e-05 1.722541e-06
8551 7.828336e-05 1.720984e-06
8552 7.822732e-05 1.719430e-06
8553 7.817133e-05 1.717876e-06
8554 7.811539e-05 1.716324e-06
8555 7.805952e-05 1.714774e-06
8556 7.800369e-05 1.713224e-06
8557 7.794793e-05 1.711677e-06
8558 7.789222e-05 1.710130e-06
8559 7.783656e-05 1.708585e-06
8560 7.778096e-05 1.707042e-06
8561 7.772542e-05 1.705499e-06
8562 7.766993e-05 1.703958e-06
8563 7.761450e-05 1.702419e-06
8564 7.755912e-05 1.700881e-06
8565 7.750380e-05 1.699344e-06
8566 7.744854e-05 1.697809e-06
8567 7.739332e-05 1.696275e-06
8568 7.733817e-05 1.694743e-06
8569 7.728307e-05 1.693212e-06
8570 7.722802e-05 1.691682e-06
8571 7.717303e-05 1.690154e-06
8572 7.711810e-05 1.688627e-06
8573 7.706322e-05 1.687101e-06
8574 7.700839e-05 1.685577e-06
8575 7.695362e-05 1.684054e-06
8576 7.689890e-05 1.682533e-06
8577 7.684424e-05 1.681012e-06
8578 7.678964e-05 1.679494e-06
8579 7.673509e-05 1.677976e-06
8580 7.668059e-05 1.676460e-06
8581 7.662615e-05 1.674946e-06
8582 7.657176e-05 1.673433e-06
8583 7.651743e-05 1.671921e-06
8584 7.646315e-05 1.670410e-06
8585 7.640892e-05 1.668901e-06
8586 7.635475e-05 1.667393e-06
8587 7.630064e-05 1.665887e-06
8588 7.624658e-05 1.664382e-06
8589 7.619257e-05 1.662878e-06
8590 7.613862e-05 1.661376e-06
8591 7.608472e-05 1.659875e-06
8592 7.603087e-05 1.658375e-06
8593 7.597708e-05 1.656877e-06
8594 7.592335e-05 1.655380e-06
8595 7.586967e-05 1.653885e-06
8596 7.581604e-05 1.652391e-06
8597 7.576246e-05 1.650898e-06
8598 7.570894e-05 1.649406e-06
8599 7.565547e-05 1.647916e-06
8600 7.560206e-05 1.646427e-06
8601 7.554870e-05 1.644940e-06
8602 7.549539e-05 1.643454e-06
8603 7.544214e-05 1.641969e-06
8604 7.538894e-05 1.640485e-06
8605 7.533580e-05 1.639003e-06
8606 7.528270e-05 1.637523e-06
8607 7.522967e-05 1.636043e-06
8608 7.517668e-05 1.634565e-06
8609 7.512375e-05 1.633088e-06
8610 7.507087e-05 1.631613e-06
8611 7.501804e-05 1.630139e-06
8612 7.496527e-05 1.628666e-06
8613 7.491255e-05 1.627195e-06
8614 7.485989e-05 1.625725e-06
8615 7.480727e-05 1.624256e-06
8616 7.475471e-05 1.622789e-06
8617 7.470220e-05 1.621322e-06
8618 7.464975e-05 1.619858e-06
8619 7.459735e-05 1.618394e-06
8620 7.454500e-05 1.616932e-06
8621 7.449270e-05 1.615471e-06
8622 7.444046e-05 1.614012e-06
8623 7.438827e-05 1.612554e-06
8624 7.433613e-05 1.611097e-06
8625 7.428404e-05 1.609641e-06
8626 7.423201e-05 1.608187e-06
8627 7.418003e-05 1.606734e-06
8628 7.412810e-05 1.605282e-06
8629 7.407623e-05 1.603832e-06
8630 7.402440e-05 1.602383e-06
8631 7.397263e-05 1.600936e-06
8632 7.392091e-05 1.599489e-06
8633 7.386924e-05 1.598044e-06
8634 7.381763e-05 1.596600e-06
8635 7.376607e-05 1.595158e-06
8636 7.371456e-05 1.593717e-06
8637 7.366310e-05 1.592277e-06
8638 7.361169e-05 1.590838e-06
8639 7.356034e-05 1.589401e-06
8640 7.350903e-05 1.587965e-06
8641 7.345778e-05 1.586531e-06
8642 7.340658e-05 1.585097e-06
8643 7.335543e-05 1.583665e-06
8644 7.330434e-05 1.582234e-06
8645 7.325329e-05 1.580805e-06
8646 7.320230e-05 1.579377e-06
8647 7.315136e-05 1.577950e-06
8648 7.310047e-05 1.576524e-06
8649 7.304963e-05 1.575100e-06
8650 7.299885e-05 1.573677e-06
8651 7.294811e-05 1.572255e-06
8652 7.289743e-05 1.570835e-06
8653 7.284679e-05 1.569416e-06
8654 7.279621e-05 1.567998e-06
8655 7.274568e-05 1.566581e-06
8656 7.269520e-05 1.565166e-06
8657 7.264478e-05 1.563752e-06
8658 7.259440e-05 1.562339e-06
8659 7.254407e-05 1.560928e-06
8660 7.249380e-05 1.559517e-06
8661 7.244357e-05 1.558108e-06
8662 7.239340e-05 1.556701e-06
8663 7.234328e-05 1.555294e-06
8664 7.229321e-05 1.553889e-06
8665 7.224319e-05 1.552485e-06
8666 7.219322e-05 1.551083e-06
8667 7.214330e-05 1.549682e-06
8668 7.209343e-05 1.548281e-06
8669 7.204361e-05 1.546883e-06
8670 7.199384e-05 1.545485e-06
8671 7.194412e-05 1.544089e-06
8672 7.189446e-05 1.542694e-06
8673 7.184484e-05 1.541300e-06
8674 7.179528e-05 1.539908e-06
8675 7.174576e-05 1.538516e-06
8676 7.169629e-05 1.537127e-06
8677 7.164688e-05 1.535738e-06
8678 7.159751e-05 1.534350e-06
8679 7.154820e-05 1.532964e-06
8680 7.149893e-05 1.531579e-06
8681 7.144972e-05 1.530195e-06
8682 7.140055e-05 1.528813e-06
8683 7.135144e-05 1.527432e-06
8684 7.130238e-05 1.526052e-06
8685 7.125336e-05 1.524673e-06
8686 7.120439e-05 1.523296e-06
8687 7.115548e-05 1.521920e-06
8688 7.110661e-05 1.520545e-06
8689 7.105780e-05 1.519171e-06
8690 7.100903e-05 1.517798e-06
8691 7.096031e-05 1.516427e-06
8692 7.091165e-05 1.515057e-06
8693 7.086303e-05 1.513688e-06
8694 7.081446e-05 1.512321e-06
8695 7.076594e-05 1.510954e-06
8696 7.071747e-05 1.509589e-06
8697 7.066905e-05 1.508226e-06
8698 7.062068e-05 1.506863e-06
8699 7.057236e-05 1.505502e-06
8700 7.052409e-05 1.504141e-06
8701 7.047587e-05 1.502783e-06
8702 7.042769e-05 1.501425e-06
8703 7.037957e-05 1.500068e-06
8704 7.033149e-05 1.498713e-06
8705 7.028347e-05 1.497359e-06
8706 7.023549e-05 1.496006e-06
8707 7.018756e-05 1.494655e-06
8708 7.013968e-05 1.493305e-06
8709 7.009185e-05 1.491955e-06
8710 7.004406e-05 1.490607e-06
8711 6.999633e-05 1.489261e-06
8712 6.994865e-05 1.487915e-06
8713 6.990101e-05 1.486571e-06
8714 6.985342e-05 1.485228e-06
8715 6.980588e-05 1.483886e-06
8716 6.975839e-05 1.482546e-06
8717 6.971095e-05 1.481206e-06
8718 6.966356e-05 1.479868e-06
8719 6.961621e-05 1.478531e-06
8720 6.956891e-05 1.477195e-06
8721 6.952167e-05 1.475861e-06
8722 6.947447e-05 1.474527e-06
8723 6.942731e-05 1.473195e-06
8724 6.938021e-05 1.471864e-06
8725 6.933315e-05 1.470535e-06
8726 6.928615e-05 1.469206e-06
8727 6.923919e-05 1.467879e-06
8728 6.919228e-05 1.466552e-06
8729 6.914541e-05 1.465228e-06
8730 6.909860e-05 1.463904e-06
8731 6.905183e-05 1.462581e-06
8732 6.900511e-05 1.461260e-06
8733 6.895844e-05 1.459940e-06
8734 6.891181e-05 1.458621e-06
8735 6.886524e-05 1.457303e-06
8736 6.881871e-05 1.455986e-06
8737 6.877223e-05 1.454671e-06
8738 6.872579e-05 1.453357e-06
8739 6.867941e-05 1.452044e-06
8740 6.863307e-05 1.450732e-06
8741 6.858678e-05 1.449421e-06
8742 6.854053e-05 1.448112e-06
8743 6.849434e-05 1.446803e-06
8744 6.844819e-05 1.445496e-06
8745 6.840209e-05 1.444190e-06
8746 6.835603e-05 1.442886e-06
8747 6.831003e-05 1.441582e-06
8748 6.826407e-05 1.440280e-06
8749 6.821815e-05 1.438978e-06
8750 6.817229e-05 1.437678e-06
8751 6.812647e-05 1.436380e-06
8752 6.808070e-05 1.435082e-06
8753 6.803497e-05 1.433785e-06
8754 6.798930e-05 1.432490e-06
8755 6.794367e-05 1.431196e-06
8756 6.789808e-05 1.429903e-06
8757 6.785255e-05 1.428611e-06
8758 6.780706e-05 1.427320e-06
8759 6.776161e-05 1.426031e-06
8760 6.771622e-05 1.424742e-06
8761 6.767087e-05 1.423455e-06
8762 6.762556e-05 1.422169e-06
8763 6.758031e-05 1.420884e-06
8764 6.753509e-05 1.419601e-06
8765 6.748993e-05 1.418318e-06
8766 6.744481e-05 1.417037e-06
8767 6.739974e-05 1.415757e-06
8768 6.735472e-05 1.414478e-06
8769 6.730974e-05 1.413200e-06
8770 6.726481e-05 1.411923e-06
8771 6.721992e-05 1.410647e-06
8772 6.717508e-05 1.409373e-06
8773 6.713029e-05 1.408100e-06
8774 6.708554e-05 1.406827e-06
8775 6.704084e-05 1.405556e-06
8776 6.699619e-05 1.404287e-06
8777 6.695158e-05 1.403018e-06
8778 6.690701e-05 1.401750e-06
8779 6.686250e-05 1.400484e-06
8780 6.681802e-05 1.399219e-06
8781 6.677360e-05 1.397955e-06
8782 6.672922e-05 1.396692e-06
8783 6.668488e-05 1.395430e-06
8784 6.664060e-05 1.394169e-06
8785 6.659635e-05 1.392910e-06
8786 6.655216e-05 1.391651e-06
8787 6.650801e-05 1.390394e-06
8788 6.646390e-05 1.389138e-06
8789 6.641984e-05 1.387883e-06
8790 6.637582e-05 1.386629e-06
8791 6.633185e-05 1.385376e-06
8792 6.628793e-05 1.384124e-06
8793 6.624405e-05 1.382874e-06
8794 6.620022e-05 1.381625e-06
8795 6.615643e-05 1.380376e-06
8796 6.611269e-05 1.379129e-06
8797 6.606899e-05 1.377883e-06
8798 6.602534e-05 1.376638e-06
8799 6.598173e-05 1.375395e-06
8800 6.593817e-05 1.374152e-06
8801 6.589465e-05 1.372911e-06
8802 6.585118e-05 1.371670e-06
8803 6.580775e-05 1.370431e-06
8804 6.576437e-05 1.369193e-06
8805 6.572103e-05 1.367956e-06
8806 6.567774e-05 1.366720e-06
8807 6.563449e-05 1.365485e-06
8808 6.559129e-05 1.364252e-06
8809 6.554813e-05 1.363019e-06
8810 6.550502e-05 1.361788e-06
8811 6.546195e-05 1.360558e-06
8812 6.541892e-05 1.359328e-06
8813 6.537594e-05 1.358100e-06
8814 6.533301e-05 1.356873e-06
8815 6.529012e-05 1.355647e-06
8816 6.524727e-05 1.354423e-06
8817 6.520447e-05 1.353199e-06
8818 6.516171e-05 1.351976e-06
8819 6.511900e-05 1.350755e-06
8820 6.507633e-05 1.349535e-06
8821 6.503370e-05 1.348315e-06
8822 6.499112e-05 1.347097e-06
8823 6.494859e-05 1.345880e-06
8824 6.490609e-05 1.344664e-06
8825 6.486365e-05 1.343450e-06
8826 6.482124e-05 1.342236e-06
8827 6.477888e-05 1.341023e-06
8828 6.473657e-05 1.339812e-06
8829 6.469429e-05 1.338601e-06
8830 6.465207e-05 1.337392e-06
8831 6.460988e-05 1.336184e-06
8832 6.456774e-05 1.334976e-06
8833 6.452564e-05 1.333770e-06
8834 6.448359e-05 1.332565e-06
8835 6.444158e-05 1.331361e-06
8836 6.439962e-05 1.330159e-06
8837 6.435769e-05 1.328957e-06
8838 6.431581e-05 1.327756e-06
8839 6.427398e-05 1.326557e-06
8840 6.423219e-05 1.325358e-06
8841 6.419044e-05 1.324161e-06
8842 6.414874e-05 1.322965e-06
8843 6.410707e-05 1.321769e-06
8844 6.406546e-05 1.320575e-06
8845 6.402388e-05 1.319382e-06
8846 6.398235e-05 1.318190e-06
8847 6.394086e-05 1.316999e-06
8848 6.389942e-05 1.315809e-06
8849 6.385802e-05 1.314621e-06
8850 6.381666e-05 1.313433e-06
8851 6.377534e-05 1.312246e-06
8852 6.373407e-05 1.311061e-06
8853 6.369284e-05 1.309876e-06
8854 6.365166e-05 1.308693e-06
8855 6.361051e-05 1.307511e-06
8856 6.356941e-05 1.306329e-06
8857 6.352835e-05 1.305149e-06
8858 6.348734e-05 1.303970e-06
8859 6.344637e-05 1.302792e-06
8860 6.340544e-05 1.301615e-06
8861 6.336455e-05 1.300439e-06
8862 6.332371e-05 1.299264e-06
8863 6.328291e-05 1.298090e-06
8864 6.324215e-05 1.296918e-06
8865 6.320143e-05 1.295746e-06
8866 6.316076e-05 1.294575e-06
8867 6.312013e-05 1.293406e-06
8868 6.307954e-05 1.292237e-06
8869 6.303899e-05 1.291070e-06
8870 6.299849e-05 1.289903e-06
8871 6.295803e-05 1.288738e-06
8872 6.291761e-05 1.287574e-06
8873 6.287723e-05 1.286410e-06
8874 6.283690e-05 1.285248e-06
8875 6.279660e-05 1.284087e-06
8876 6.275635e-05 1.282927e-06
8877 6.271615e-05 1.281768e-06
8878 6.267598e-05 1.280610e-06
8879 6.263586e-05 1.279453e-06
8880 6.259577e-05 1.278297e-06
8881 6.255573e-05 1.277142e-06
8882 6.251573e-05 1.275988e-06
8883 6.247578e-05 1.274835e-06
8884 6.243586e-05 1.273684e-06
8885 6.239599e-05 1.272533e-06
8886 6.235616e-05 1.271383e-06
8887 6.231637e-05 1.270235e-06
8888 6.227662e-05 1.269087e-06
8889 6.223692e-05 1.267941e-06
8890 6.219725e-05 1.266795e-06
8891 6.215763e-05 1.265651e-06
8892 6.211805e-05 1.264507e-06
8893 6.207851e-05 1.263365e-06
8894 6.203901e-05 1.262223e-06
8895 6.199956e-05 1.261083e-06
8896 6.196014e-05 1.259944e-06
8897 6.192077e-05 1.258805e-06
8898 6.188143e-05 1.257668e-06
8899 6.184214e-05 1.256532e-06
8900 6.180289e-05 1.255397e-06
8901 6.176368e-05 1.254262e-06
8902 6.172452e-05 1.253129e-06
8903 6.168539e-05 1.251997e-06
8904 6.164630e-05 1.250866e-06
8905 6.160726e-05 1.249736e-06
8906 6.156826e-05 1.248607e-06
8907 6.152929e-05 1.247479e-06
8908 6.149037e-05 1.246352e-06
8909 6.145149e-05 1.245226e-06
8910 6.141265e-05 1.244101e-06
8911 6.137385e-05 1.242977e-06
8912 6.133510e-05 1.241854e-06
8913 6.129638e-05 1.240732e-06
8914 6.125770e-05 1.239611e-06
8915 6.121907e-05 1.238491e-06
8916 6.118047e-05 1.237372e-06
8917 6.114192e-05 1.236254e-06
8918 6.110341e-05 1.235137e-06
8919 6.106493e-05 1.234022e-06
8920 6.102650e-05 1.232907e-06
8921 6.098811e-05 1.231793e-06
8922 6.094976e-05 1.230680e-06
8923 6.091144e-05 1.229568e-06
8924 6.087317e-05 1.228457e-06
8925 6.083494e-05 1.227347e-06
8926 6.079675e-05 1.226239e-06
8927 6.075860e-05 1.225131e-06
8928 6.072049e-05 1.224024e-06
8929 6.068242e-05 1.222918e-06
8930 6.064440e-05 1.221813e-06
8931 6.060641e-05 1.220709e-06
8932 6.056846e-05 1.219607e-06
8933 6.053055e-05 1.218505e-06
8934 6.049268e-05 1.217404e-06
8935 6.045485e-05 1.216304e-06
8936 6.041706e-05 1.215205e-06
8937 6.037931e-05 1.214107e-06
8938 6.034160e-05 1.213010e-06
8939 6.030393e-05 1.211914e-06
8940 6.026630e-05 1.210820e-06
8941 6.022871e-05 1.209726e-06
8942 6.019116e-05 1.208633e-06
8943 6.015365e-05 1.207541e-06
8944 6.011618e-05 1.206450e-06
8945 6.007875e-05 1.205360e-06
8946 6.004136e-05 1.204271e-06
8947 6.000401e-05 1.203183e-06
8948 5.996670e-05 1.202096e-06
8949 5.992942e-05 1.201010e-06
8950 5.989219e-05 1.199925e-06
8951 5.985500e-05 1.198841e-06
8952 5.981784e-05 1.197758e-06
8953 5.978073e-05 1.196676e-06
8954 5.974365e-05 1.195594e-06
8955 5.970661e-05 1.194514e-06
8956 5.966962e-05 1.193435e-06
8957 5.963266e-05 1.192357e-06
8958 5.959574e-05 1.191280e-06
8959 5.955886e-05 1.190203e-06
8960 5.952202e-05 1.189128e-06
8961 5.948522e-05 1.188054e-06
8962 5.944845e-05 1.186981e-06
8963 5.941173e-05 1.185908e-06
8964 5.937505e-05 1.184837e-06
8965 5.933840e-05 1.183766e-06
8966 5.930179e-05 1.182697e-06
8967 5.926522e-05 1.181628e-06
8968 5.922870e-05 1.180561e-06
8969 5.919220e-05 1.179494e-06
8970 5.915575e-05 1.178429e-06
8971 5.911934e-05 1.177364e-06
8972 5.908297e-05 1.176300e-06
8973 5.904663e-05 1.175238e-06
8974 5.901033e-05 1.174176e-06
8975 5.897407e-05 1.173115e-06
8976 5.893785e-05 1.172055e-06
8977 5.890167e-05 1.170996e-06
8978 5.886553e-05 1.169938e-06
8979 5.882943e-05 1.168881e-06
8980 5.879336e-05 1.167825e-06
8981 5.875733e-05 1.166770e-06
8982 5.872134e-05 1.165716e-06
8983 5.868539e-05 1.164663e-06
8984 5.864948e-05 1.163611e-06
8985 5.861360e-05 1.162560e-06
8986 5.857777e-05 1.161509e-06
8987 5.854197e-05 1.160460e-06
8988 5.850621e-05 1.159411e-06
8989 5.847049e-05 1.158364e-06
8990 5.843480e-05 1.157317e-06
8991 5.839916e-05 1.156272e-06
8992 5.836355e-05 1.155227e-06
8993 5.832798e-05 1.154184e-06
8994 5.829245e-05 1.153141e-06
8995 5.825695e-05 1.152099e-06
8996 5.822150e-05 1.151058e-06
8997 5.818608e-05 1.150018e-06
8998 5.815070e-05 1.148979e-06
8999 5.811536e-05 1.147941e-06
9000 5.808005e-05 1.146904e-06
9001 5.804478e-05 1.145868e-06
9002 5.800955e-05 1.144833e-06
9003 5.797436e-05 1.143798e-06
9004 5.793921e-05 1.142765e-06
9005 5.790409e-05 1.141733e-06
9006 5.786901e-05 1.140701e-06
9007 5.783397e-05 1.139671e-06
9008 5.779896e-05 1.138641e-06
9009 5.776400e-05 1.137612e-06
9010 5.772907e-05 1.136585e-06
9011 5.769417e-05 1.135558e-06
9012 5.765932e-05 1.134532e-06
9013 5.762450e-05 1.133507e-06
9014 5.758972e-05 1.132483e-06
9015 5.755498e-05 1.131460e-06
9016 5.752027e-05 1.130437e-06
9017 5.748560e-05 1.129416e-06
9018 5.745097e-05 1.128396e-06
9019 5.741638e-05 1.127376e-06
9020 5.738182e-05 1.126358e-06
9021 5.734730e-05 1.125340e-06
9022 5.731281e-05 1.124323e-06
9023 5.727837e-05 1.123308e-06
9024 5.724396e-05 1.122293e-06
9025 5.720958e-05 1.121279e-06
9026 5.717525e-05 1.120266e-06
9027 5.714095e-05 1.119254e-06
9028 5.710668e-05 1.118243e-06
9029 5.707246e-05 1.117232e-06
9030 5.703827e-05 1.116223e-06
9031 5.700412e-05 1.115215e-06
9032 5.697000e-05 1.114207e-06
9033 5.693592e-05 1.113200e-06
9034 5.690188e-05 1.112195e-06
9035 5.686787e-05 1.111190e-06
9036 5.683390e-05 1.110186e-06
9037 5.679997e-05 1.109183e-06
9038 5.676607e-05 1.108181e-06
9039 5.673221e-05 1.107180e-06
9040 5.669839e-05 1.106179e-06
9041 5.666460e-05 1.105180e-06
9042 5.663085e-05 1.104182e-06
9043 5.659714e-05 1.103184e-06
9044 5.656346e-05 1.102187e-06
9045 5.652982e-05 1.101192e-06
9046 5.649621e-05 1.100197e-06
9047 5.646264e-05 1.099203e-06
9048 5.642910e-05 1.098210e-06
9049 5.639561e-05 1.097218e-06
9050 5.636214e-05 1.096226e-06
9051 5.632872e-05 1.095236e-06
9052 5.629533e-05 1.094246e-06
9053 5.626198e-05 1.093258e-06
9054 5.622866e-05 1.092270e-06
9055 5.619538e-05 1.091283e-06
9056 5.616213e-05 1.090297e-06
9057 5.612892e-05 1.089312e-06
9058 5.609574e-05 1.088328e-06
9059 5.606261e-05 1.087345e-06
9060 5.602950e-05 1.086363e-06
9061 5.599643e-05 1.085381e-06
9062 5.596340e-05 1.084401e-06
9063 5.593041e-05 1.083421e-06
9064 5.589745e-05 1.082442e-06
9065 5.586452e-05 1.081464e-06
9066 5.583163e-05 1.080487e-06
9067 5.579878e-05 1.079511e-06
9068 5.576596e-05 1.078536e-06
9069 5.573318e-05 1.077561e-06
9070 5.570043e-05 1.076588e-06
9071 5.566772e-05 1.075615e-06
9072 5.563504e-05 1.074643e-06
9073 5.560240e-05 1.073672e-06
9074 5.556979e-05 1.072702e-06
9075 5.553722e-05 1.071733e-06
9076 5.550468e-05 1.070765e-06
9077 5.547218e-05 1.069798e-06
9078 5.543972e-05 1.068831e-06
9079 5.540729e-05 1.067866e-06
9080 5.537489e-05 1.066901e-06
9081 5.534253e-05 1.065937e-06
9082 5.531021e-05 1.064974e-06
9083 5.527792e-05 1.064012e-06
9084 5.524566e-05 1.063050e-06
9085 5.521344e-05 1.062090e-06
9086 5.518126e-05 1.061131e-06
9087 5.514911e-05 1.060172e-06
9088 5.511699e-05 1.059214e-06
9089 5.508491e-05 1.058257e-06
9090 5.505286e-05 1.057301e-06
9091 5.502085e-05 1.056346e-06
9092 5.498887e-05 1.055391e-06
9093 5.495693e-05 1.054438e-06
9094 5.492502e-05 1.053485e-06
9095 5.489315e-05 1.052534e-06
9096 5.486131e-05 1.051583e-06
9097 5.482951e-05 1.050633e-06
9098 5.479774e-05 1.049683e-06
9099 5.476600e-05 1.048735e-06
9100 5.473430e-05 1.047788e-06
9101 5.470264e-05 1.046841e-06
9102 5.467101e-05 1.045895e-06
9103 5.463941e-05 1.044950e-06
9104 5.460785e-05 1.044006e-06
9105 5.457632e-05 1.043063e-06
9106 5.454482e-05 1.042121e-06
9107 5.451336e-05 1.041179e-06
9108 5.448194e-05 1.040239e-06
9109 5.445055e-05 1.039299e-06
9110 5.441919e-05 1.038360e-06
9111 5.438786e-05 1.037422e-06
9112 5.435657e-05 1.036484e-06
9113 5.432532e-05 1.035548e-06
9114 5.429410e-05 1.034613e-06
9115 5.426291e-05 1.033678e-06
9116 5.423176e-05 1.032744e-06
9117 5.420064e-05 1.031811e-06
9118 5.416955e-05 1.030879e-06
9119 5.413850e-05 1.029947e-06
9120 5.410748e-05 1.029017e-06
9121 5.407650e-05 1.028087e-06
9122 5.404555e-05 1.027158e-06
9123 5.401463e-05 1.026230e-06
9124 5.398375e-05 1.025303e-06
9125 5.395290e-05 1.024377e-06
9126 5.392208e-05 1.023451e-06
9127 5.389130e-05 1.022527e-06
9128 5.386055e-05 1.021603e-06
9129 5.382984e-05 1.020680e-06
9130 5.379915e-05 1.019758e-06
9131 5.376851e-05 1.018837e-06
9132 5.373789e-05 1.017916e-06
9133 5.370731e-05 1.016997e-06
9134 5.367676e-05 1.016078e-06
9135 5.364625e-05 1.015160e-06
9136 5.361577e-05 1.014243e-06
9137 5.358532e-05 1.013326e-06
9138 5.355490e-05 1.012411e-06
9139 5.352452e-05 1.011496e-06
9140 5.349418e-05 1.010582e-06
9141 5.346386e-05 1.009669e-06
9142 5.343358e-05 1.008757e-06
9143 5.340333e-05 1.007846e-06
9144 5.337311e-05 1.006935e-06
9145 5.334293e-05 1.006026e-06
9146 5.331278e-05 1.005117e-06
9147 5.328267e-05 1.004209e-06
9148 5.325258e-05 1.003301e-06
9149 5.322253e-05 1.002395e-06
9150 5.319251e-05 1.001489e-06
9151 5.316253e-05 1.000585e-06
9152 5.313258e-05 9.996806e-07
9153 5.310266e-05 9.987774e-07
9154 5.307277e-05 9.978751e-07
9155 5.304292e-05 9.969736e-07
9156 5.301310e-05 9.960729e-07
9157 5.298331e-05 9.951730e-07
9158 5.295355e-05 9.942739e-07
9159 5.292383e-05 9.933756e-07
9160 5.289414e-05 9.924781e-07
9161 5.286448e-05 9.915815e-07
9162 5.283486e-05 9.906857e-07
9163 5.280526e-05 9.897906e-07
9164 5.277570e-05 9.888964e-07
9165 5.274617e-05 9.880030e-07
9166 5.271668e-05 9.871104e-07
9167 5.268722e-05 9.862186e-07
9168 5.265778e-05 9.853276e-07
9169 5.262839e-05 9.844374e-07
9170 5.259902e-05 9.835480e-07
9171 5.256969e-05 9.826594e-07
9172 5.254038e-05 9.817717e-07
9173 5.251111e-05 9.808847e-07
9174 5.248188e-05 9.799985e-07
9175 5.245267e-05 9.791131e-07
9176 5.242350e-05 9.782286e-07
9177 5.239436e-05 9.773448e-07
9178 5.236525e-05 9.764618e-07
9179 5.233617e-05 9.755796e-07
9180 5.230713e-05 9.746982e-07
9181 5.227812e-05 9.738177e-07
9182 5.224913e-05 9.729379e-07
9183 5.222019e-05 9.720589e-07
9184 5.219127e-05 9.711807e-07
9185 5.216238e-05 9.703033e-07
9186 5.213353e-05 9.694266e-07
9187 5.210471e-05 9.685508e-07
9188 5.207592e-05 9.676758e-07
9189 5.204716e-05 9.668015e-07
9190 5.201843e-05 9.659281e-07
9191 5.198974e-05 9.650554e-07
9192 5.196107e-05 9.641836e-07
9193 5.193244e-05 9.633125e-07
9194 5.190384e-05 9.624422e-07
9195 5.187527e-05 9.615726e-07
9196 5.184674e-05 9.607039e-07
9197 5.181823e-05 9.598360e-07
9198 5.178976e-05 9.589688e-07
9199 5.176132e-05 9.581024e-07
9200 5.173290e-05 9.572369e-07
9201 5.170452e-05 9.563720e-07
9202 5.167618e-05 9.555080e-07
9203 5.164786e-05 9.546448e-07
9204 5.161957e-05 9.537823e-07
9205 5.159132e-05 9.529206e-07
9206 5.156310e-05 9.520597e-07
9207 5.153490e-05 9.511996e-07
9208 5.150674e-05 9.503402e-07
9209 5.147861e-05 9.494816e-07
9210 5.145051e-05 9.486238e-07
9211 5.142245e-05 9.477668e-07
9212 5.139441e-05 9.469105e-07
9213 5.136640e-05 9.460550e-07
9214 5.133843e-05 9.452003e-07
9215 5.131049e-05 9.443464e-07
9216 5.128257e-05 9.434932e-07
9217 5.125469e-05 9.426408e-07
9218 5.122684e-05 9.417892e-07
9219 5.119902e-05 9.409384e-07
9220 5.117123e-05 9.400883e-07
9221 5.114347e-05 9.392390e-07
9222 5.111575e-05 9.383904e-07
9223 5.108805e-05 9.375426e-07
9224 5.106038e-05 9.366956e-07
9225 5.103275e-05 9.358494e-07
9226 5.100514e-05 9.350039e-07
9227 5.097757e-05 9.341591e-07
9228 5.095003e-05 9.333152e-07
9229 5.092251e-05 9.324720e-07
9230 5.089503e-05 9.316295e-07
9231 5.086758e-05 9.307879e-07
9232 5.084016e-05 9.299470e-07
9233 5.081277e-05 9.291068e-07
9234 5.078541e-05 9.282674e-07
9235 5.075808e-05 9.274288e-07
9236 5.073078e-05 9.265909e-07
9237 5.070351e-05 9.257538e-07
9238 5.067627e-05 9.249174e-07
9239 5.064906e-05 9.240818e-07
9240 5.062188e-05 9.232469e-07
9241 5.059473e-05 9.224128e-07
9242 5.056761e-05 9.215795e-07
9243 5.054052e-05 9.207469e-07
9244 5.051347e-05 9.199150e-07
9245 5.048644e-05 9.190839e-07
9246 5.045944e-05 9.182536e-07
9247 5.043247e-05 9.174240e-07
9248 5.040554e-05 9.165952e-07
9249 5.037863e-05 9.157671e-07
9250 5.035175e-05 9.149397e-07
9251 5.032490e-05 9.141131e-07
9252 5.029808e-05 9.132873e-07
9253 5.027130e-05 9.124622e-07
9254 5.024454e-05 9.116378e-07
9255 5.021781e-05 9.108142e-07
9256 5.019111e-05 9.099913e-07
9257 5.016444e-05 9.091692e-07
9258 5.013780e-05 9.083478e-07
9259 5.011119e-05 9.075272e-07
9260 5.008461e-05 9.067073e-07
9261 5.005806e-05 9.058881e-07
9262 5.003154e-05 9.050697e-07
9263 5.000505e-05 9.042520e-07
9264 4.997859e-05 9.034351e-07
9265 4.995216e-05 9.026189e-07
9266 4.992576e-05 9.018034e-07
9267 4.989939e-05 9.009887e-07
9268 4.987304e-05 9.001747e-07
9269 4.984673e-05 8.993614e-07
9270 4.982045e-05 8.985489e-07
9271 4.979419e-05 8.977371e-07
9272 4.976796e-05 8.969260e-07
9273 4.974177e-05 8.961157e-07
9274 4.971560e-05 8.953061e-07
9275 4.968946e-05 8.944973e-07
9276 4.966336e-05 8.936891e-07
9277 4.963728e-05 8.928817e-07
9278 4.961123e-05 8.920751e-07
9279 4.958521e-05 8.912691e-07
9280 4.955921e-05 8.904639e-07
9281 4.953325e-05 8.896594e-07
9282 4.950732e-05 8.888557e-07
9283 4.948141e-05 8.880526e-07
9284 4.945554e-05 8.872503e-07
9285 4.942969e-05 8.864488e-07
9286 4.940387e-05 8.856479e-07
9287 4.937809e-05 8.848478e-07
9288 4.935233e-05 8.840483e-07
9289 4.932659e-05 8.832497e-07
9290 4.930089e-05 8.824517e-07
9291 4.927522e-05 8.816544e-07
9292 4.924958e-05 8.808579e-07
9293 4.922396e-05 8.800621e-07
9294 4.919837e-05 8.792670e-07
9295 4.917281e-05 8.784727e-07
9296 4.914729e-05 8.776790e-07
9297 4.912178e-05 8.768861e-07
9298 4.909631e-05 8.760938e-07
9299 4.907087e-05 8.753023e-07
9300 4.904545e-05 8.745116e-07
9301 4.902007e-05 8.737215e-07
9302 4.899471e-05 8.729321e-07
9303 4.896938e-05 8.721435e-07
9304 4.894408e-05 8.713555e-07
9305 4.891881e-05 8.705683e-07
9306 4.889356e-05 8.697818e-07
9307 4.886835e-05 8.689960e-07
9308 4.884316e-05 8.682109e-07
9309 4.881800e-05 8.674265e-07
9310 4.879287e-05 8.666429e-07
9311 4.876777e-05 8.658599e-07
9312 4.874269e-05 8.650776e-07
9313 4.871765e-05 8.642961e-07
9314 4.869263e-05 8.635153e-07
9315 4.866764e-05 8.627351e-07
9316 4.864268e-05 8.619557e-07
9317 4.861775e-05 8.611770e-07
9318 4.859284e-05 8.603989e-07
9319 4.856796e-05 8.596216e-07
9320 4.854312e-05 8.588450e-07
9321 4.851829e-05 8.580691e-07
9322 4.849350e-05 8.572938e-07
9323 4.846874e-05 8.565193e-07
9324 4.844400e-05 8.557455e-07
9325 4.841929e-05 8.549724e-07
9326 4.839461e-05 8.542000e-07
9327 4.836996e-05 8.534282e-07
9328 4.834533e-05 8.526572e-07
9329 4.832073e-05 8.518869e-07
9330 4.829616e-05 8.511173e-07
9331 4.827162e-05 8.503483e-07
9332 4.824710e-05 8.495801e-07
9333 4.822262e-05 8.488125e-07
9334 4.819816e-05 8.480457e-07
9335 4.817373e-05 8.472795e-07
9336 4.814932e-05 8.465140e-07
9337 4.812495e-05 8.457493e-07
9338 4.810060e-05 8.449852e-07
9339 4.807628e-05 8.442218e-07
9340 4.805198e-05 8.434591e-07
9341 4.802772e-05 8.426970e-07
9342 4.800348e-05 8.419357e-07
9343 4.797927e-05 8.411751e-07
9344 4.795508e-05 8.404151e-07
9345 4.793092e-05 8.396559e-07
9346 4.790680e-05 8.388973e-07
9347 4.788269e-05 8.381394e-07
9348 4.785862e-05 8.373822e-07
9349 4.783457e-05 8.366256e-07
9350 4.781055e-05 8.358698e-07
9351 4.778656e-05 8.351146e-07
9352 4.776259e-05 8.343601e-07
9353 4.773865e-05 8.336063e-07
9354 4.771474e-05 8.328532e-07
9355 4.769086e-05 8.321008e-07
9356 4.766700e-05 8.313490e-07
9357 4.764317e-05 8.305980e-07
9358 4.761937e-05 8.298476e-07
9359 4.759559e-05 8.290978e-07
9360 4.757184e-05 8.283488e-07
9361 4.754812e-05 8.276004e-07
9362 4.752442e-05 8.268527e-07
9363 4.750075e-05 8.261057e-07
9364 4.747711e-05 8.253594e-07
9365 4.745350e-05 8.246137e-07
9366 4.742991e-05 8.238687e-07
9367 4.740635e-05 8.231244e-07
9368 4.738282e-05 8.223807e-07
9369 4.735931e-05 8.216378e-07
9370 4.733583e-05 8.208955e-07
9371 4.731237e-05 8.201538e-07
9372 4.728894e-05 8.194129e-07
9373 4.726554e-05 8.186726e-07
9374 4.724217e-05 8.179329e-07
9375 4.721882e-05 8.171940e-07
9376 4.719550e-05 8.164557e-07
9377 4.717221e-05 8.157181e-07
9378 4.714894e-05 8.149811e-07
9379 4.712570e-05 8.142448e-07
9380 4.710248e-05 8.135092e-07
9381 4.707929e-05 8.127742e-07
9382 4.705613e-05 8.120399e-07
9383 4.703299e-05 8.113063e-07
9384 4.700989e-05 8.105733e-07
9385 4.698680e-05 8.098410e-07
9386 4.696375e-05 8.091094e-07
9387 4.694071e-05 8.083784e-07
9388 4.691771e-05 8.076481e-07
9389 4.689473e-05 8.069184e-07
9390 4.687178e-05 8.061894e-07
9391 4.684885e-05 8.054611e-07
9392 4.682596e-05 8.047334e-07
9393 4.680308e-05 8.040063e-07
9394 4.678023e-05 8.032800e-07
9395 4.675741e-05 8.025542e-07
9396 4.673462e-05 8.018292e-07
9397 4.671185e-05 8.011048e-07
9398 4.668911e-05 8.003810e-07
9399 4.666639e-05 7.996579e-07
9400 4.664370e-05 7.989355e-07
9401 4.662103e-05 7.982137e-07
9402 4.659839e-05 7.974925e-07
9403 4.657578e-05 7.967720e-07
9404 4.655319e-05 7.960522e-07
9405 4.653063e-05 7.953330e-07
9406 4.650809e-05 7.946145e-07
9407 4.648558e-05 7.938966e-07
9408 4.646310e-05 7.931793e-07
9409 4.644064e-05 7.924627e-07
9410 4.641821e-05 7.917468e-07
9411 4.639580e-05 7.910315e-07
9412 4.637342e-05 7.903168e-07
9413 4.635106e-05 7.896028e-07
9414 4.632873e-05 7.888895e-07
9415 4.630643e-05 7.881768e-07
9416 4.628415e-05 7.874647e-07
9417 4.626189e-05 7.867532e-07
9418 4.623966e-05 7.860425e-07
9419 4.621746e-05 7.853323e-07
9420 4.619528e-05 7.846228e-07
9421 4.617313e-05 7.839139e-07
9422 4.615100e-05 7.832057e-07
9423 4.612890e-05 7.824981e-07
9424 4.610683e-05 7.817912e-07
9425 4.608478e-05 7.810849e-07
9426 4.606275e-05 7.803792e-07
9427 4.604075e-05 7.796742e-07
9428 4.601878e-05 7.789698e-07
9429 4.599683e-05 7.782660e-07
9430 4.597490e-05 7.775629e-07
9431 4.595300e-05 7.768604e-07
9432 4.593113e-05 7.761586e-07
9433 4.590928e-05 7.754574e-07
9434 4.588746e-05 7.747568e-07
9435 4.586566e-05 7.740568e-07
9436 4.584388e-05 7.733575e-07
9437 4.582214e-05 7.726588e-07
9438 4.580041e-05 7.719608e-07
9439 4.577871e-05 7.712633e-07
9440 4.575704e-05 7.705666e-07
9441 4.573539e-05 7.698704e-07
9442 4.571377e-05 7.691749e-07
9443 4.569217e-05 7.684799e-07
9444 4.567059e-05 7.677857e-07
9445 4.564904e-05 7.670920e-07
9446 4.562752e-05 7.663990e-07
9447 4.560602e-05 7.657066e-07
9448 4.558454e-05 7.650148e-07
9449 4.556309e-05 7.643237e-07
9450 4.554167e-05 7.636331e-07
9451 4.552027e-05 7.629432e-07
9452 4.549889e-05 7.622540e-07
9453 4.547754e-05 7.615653e-07
9454 4.545621e-05 7.608773e-07
9455 4.543491e-05 7.601899e-07
9456 4.541363e-05 7.595031e-07
9457 4.539238e-05 7.588169e-07
9458 4.537115e-05 7.581314e-07
9459 4.534995e-05 7.574464e-07
9460 4.532877e-05 7.567621e-07
9461 4.530761e-05 7.560784e-07
9462 4.528648e-05 7.553954e-07
9463 4.526537e-05 7.547129e-07
9464 4.524429e-05 7.540311e-07
9465 4.522323e-05 7.533498e-07
9466 4.520220e-05 7.526692e-07
9467 4.518119e-05 7.519892e-07
9468 4.516021e-05 7.513098e-07
9469 4.513924e-05 7.506311e-07
9470 4.511831e-05 7.499529e-07
9471 4.509740e-05 7.492754e-07
9472 4.507651e-05 7.485984e-07
9473 4.505564e-05 7.479221e-07
9474 4.503480e-05 7.472464e-07
9475 4.501399e-05 7.465713e-07
9476 4.499320e-05 7.458968e-07
9477 4.497243e-05 7.452230e-07
9478 4.495169e-05 7.445497e-07
9479 4.493097e-05 7.438770e-07
9480 4.491027e-05 7.432050e-07
9481 4.488960e-05 7.425335e-07
9482 4.486895e-05 7.418627e-07
9483 4.484833e-05 7.411925e-07
9484 4.482773e-05 7.405228e-07
9485 4.480715e-05 7.398538e-07
9486 4.478660e-05 7.391854e-07
9487 4.476607e-05 7.385176e-07
9488 4.474557e-05 7.378504e-07
9489 4.472508e-05 7.371838e-07
9490 4.470463e-05 7.365178e-07
9491 4.468419e-05 7.358524e-07
9492 4.466378e-05 7.351876e-07
9493 4.464340e-05 7.345234e-07
9494 4.462304e-05 7.338598e-07
9495 4.460270e-05 7.331968e-07
9496 4.458238e-05 7.325344e-07
9497 4.456209e-05 7.318725e-07
9498 4.454182e-05 7.312113e-07
9499 4.452158e-05 7.305507e-07
9500 4.450136e-05 7.298907e-07
9501 4.448116e-05 7.292313e-07
9502 4.446098e-05 7.285725e-07
9503 4.444083e-05 7.279143e-07
9504 4.442071e-05 7.272566e-07
9505 4.440060e-05 7.265996e-07
9506 4.438052e-05 7.259431e-07
9507 4.436047e-05 7.252873e-07
9508 4.434043e-05 7.246320e-07
9509 4.432042e-05 7.239774e-07
9510 4.430043e-05 7.233233e-07
9511 4.428047e-05 7.226698e-07
9512 4.426053e-05 7.220169e-07
9513 4.424061e-05 7.213646e-07
9514 4.422072e-05 7.207129e-07
9515 4.420085e-05 7.200618e-07
9516 4.418100e-05 7.194113e-07
9517 4.416117e-05 7.187613e-07
9518 4.414137e-05 7.181119e-07
9519 4.412159e-05 7.174632e-07
9520 4.410184e-05 7.168150e-07
9521 4.408210e-05 7.161674e-07
9522 4.406239e-05 7.155204e-07
9523 4.404271e-05 7.148739e-07
9524 4.402304e-05 7.142281e-07
9525 4.400340e-05 7.135828e-07
9526 4.398378e-05 7.129381e-07
9527 4.396419e-05 7.122940e-07
9528 4.394462e-05 7.116505e-07
9529 4.392507e-05 7.110076e-07
9530 4.390554e-05 7.103652e-07
9531 4.388604e-05 7.097234e-07
9532 4.386656e-05 7.090822e-07
9533 4.384710e-05 7.084416e-07
9534 4.382766e-05 7.078016e-07
9535 4.380825e-05 7.071621e-07
9536 4.378886e-05 7.065232e-07
9537 4.376949e-05 7.058849e-07
9538 4.375014e-05 7.052472e-07
9539 4.373082e-05 7.046101e-07
9540 4.371152e-05 7.039735e-07
9541 4.369225e-05 7.033375e-07
9542 4.367299e-05 7.027021e-07
9543 4.365376e-05 7.020672e-07
9544 4.363455e-05 7.014329e-07
9545 4.361536e-05 7.007992e-07
9546 4.359620e-05 7.001661e-07
9547 4.357705e-05 6.995335e-07
9548 4.355793e-05 6.989015e-07
9549 4.353884e-05 6.982701e-07
9550 4.351976e-05 6.976393e-07
9551 4.350071e-05 6.970090e-07
9552 4.348168e-05 6.963793e-07
9553 4.346267e-05 6.957501e-07
9554 4.344368e-05 6.951216e-07
9555 4.342472e-05 6.944936e-07
9556 4.340578e-05 6.938661e-07
9557 4.338686e-05 6.932393e-07
9558 4.336796e-05 6.926129e-07
9559 4.334908e-05 6.919872e-07
9560 4.333023e-05 6.913620e-07
9561 4.331140e-05 6.907374e-07
9562 4.329259e-05 6.901134e-07
9563 4.327380e-05 6.894899e-07
9564 4.325504e-05 6.888670e-07
9565 4.323630e-05 6.882446e-07
9566 4.321758e-05 6.876228e-07
9567 4.319888e-05 6.870016e-07
9568 4.318020e-05 6.863809e-07
9569 4.316155e-05 6.857608e-07
9570 4.314291e-05 6.851413e-07
9571 4.312430e-05 6.845223e-07
9572 4.310571e-05 6.839039e-07
9573 4.308714e-05 6.832860e-07
9574 4.306860e-05 6.826687e-07
9575 4.305007e-05 6.820519e-07
9576 4.303157e-05 6.814357e-07
9577 4.301309e-05 6.808201e-07
9578 4.299463e-05 6.802050e-07
9579 4.297620e-05 6.795905e-07
9580 4.295778e-05 6.789765e-07
9581 4.293939e-05 6.783631e-07
9582 4.292101e-05 6.777502e-07
9583 4.290266e-05 6.771379e-07
9584 4.288434e-05 6.765262e-07
9585 4.286603e-05 6.759150e-07
9586 4.284774e-05 6.753043e-07
9587 4.282948e-05 6.746942e-07
9588 4.281124e-05 6.740847e-07
9589 4.279301e-05 6.734757e-07
9590 4.277481e-05 6.728672e-07
9591 4.275664e-05 6.722593e-07
9592 4.273848e-05 6.716520e-07
9593 4.272034e-05 6.710452e-07
9594 4.270223e-05 6.704389e-07
9595 4.268414e-05 6.698332e-07
9596 4.266607e-05 6.692281e-07
9597 4.264801e-05 6.686234e-07
9598 4.262999e-05 6.680194e-07
9599 4.261198e-05 6.674159e-07
9600 4.259399e-05 6.668129e-07
9601 4.257603e-05 6.662105e-07
9602 4.255808e-05 6.656086e-07
9603 4.254016e-05 6.650072e-07
9604 4.252226e-05 6.644064e-07
9605 4.250438e-05 6.638062e-07
9606 4.248652e-05 6.632065e-07
9607 4.246868e-05 6.626073e-07
9608 4.245086e-05 6.620087e-07
9609 4.243307e-05 6.614106e-07
9610 4.241529e-05 6.608130e-07
9611 4.239754e-05 6.602160e-07
9612 4.237980e-05 6.596196e-07
9613 4.236209e-05 6.590236e-07
9614 4.234440e-05 6.584282e-07
9615 4.232673e-05 6.578334e-07
9616 4.230908e-05 6.572391e-07
9617 4.229145e-05 6.566453e-07
9618 4.227384e-05 6.560520e-07
9619 4.225625e-05 6.554593e-07
9620 4.223869e-05 6.548672e-07
9621 4.222114e-05 6.542755e-07
9622 4.220362e-05 6.536844e-07
9623 4.218611e-05 6.530939e-07
9624 4.216863e-05 6.525038e-07
9625 4.215117e-05 6.519143e-07
9626 4.213373e-05 6.513254e-07
9627 4.211630e-05 6.507369e-07
9628 4.209890e-05 6.501490e-07
9629 4.208152e-05 6.495616e-07
9630 4.206416e-05 6.489748e-07
9631 4.204683e-05 6.483885e-07
9632 4.202951e-05 6.478027e-07
9633 4.201221e-05 6.472174e-07
9634 4.199493e-05 6.466327e-07
9635 4.197768e-05 6.460485e-07
9636 4.196044e-05 6.454649e-07
9637 4.194322e-05 6.448817e-07
9638 4.192603e-05 6.442991e-07
9639 4.190885e-05 6.437170e-07
9640 4.189170e-05 6.431354e-07
9641 4.187456e-05 6.425544e-07
9642 4.185745e-05 6.419739e-07
9643 4.184035e-05 6.413939e-07
9644 4.182328e-05 6.408144e-07
9645 4.180623e-05 6.402355e-07
9646 4.178919e-05 6.396571e-07
9647 4.177218e-05 6.390792e-07
9648 4.175519e-05 6.385018e-07
9649 4.173822e-05 6.379250e-07
9650 4.172126e-05 6.373486e-07
9651 4.170433e-05 6.367728e-07
9652 4.168742e-05 6.361975e-07
9653 4.167053e-05 6.356228e-07
9654 4.165366e-05 6.350485e-07
9655 4.163681e-05 6.344748e-07
9656 4.161997e-05 6.339016e-07
9657 4.160316e-05 6.333289e-07
9658 4.158637e-05 6.327567e-07
9659 4.156960e-05 6.321850e-07
9660 4.155285e-05 6.316139e-07
9661 4.153611e-05 6.310433e-07
9662 4.151940e-05 6.304732e-07
9663 4.150271e-05 6.299036e-07
9664 4.148604e-05 6.293345e-07
9665 4.146939e-05 6.287659e-07
9666 4.145275e-05 6.281978e-07
9667 4.143614e-05 6.276303e-07
9668 4.141955e-05 6.270633e-07
9669 4.140298e-05 6.264968e-07
9670 4.138642e-05 6.259308e-07
9671 4.136989e-05 6.253653e-07
9672 4.135337e-05 6.248003e-07
9673 4.133688e-05 6.242358e-07
9674 4.132041e-05 6.236718e-07
9675 4.130395e-05 6.231084e-07
9676 4.128751e-05 6.225454e-07
9677 4.127110e-05 6.219830e-07
9678 4.125470e-05 6.214211e-07
9679 4.123833e-05 6.208597e-07
9680 4.122197e-05 6.202987e-07
9681 4.120563e-05 6.197383e-07
9682 4.118931e-05 6.191784e-07
9683 4.117301e-05 6.186190e-07
9684 4.115674e-05 6.180602e-07
9685 4.114048e-05 6.175018e-07
9686 4.112424e-05 6.169439e-07
9687 4.110801e-05 6.163865e-07
9688 4.109181e-05 6.158296e-07
9689 4.107563e-05 6.152733e-07
9690 4.105947e-05 6.147174e-07
9691 4.104332e-05 6.141621e-07
9692 4.102720e-05 6.136072e-07
9693 4.101110e-05 6.130528e-07
9694 4.099501e-05 6.124990e-07
9695 4.097894e-05 6.119456e-07
9696 4.096290e-05 6.113928e-07
9697 4.094687e-05 6.108404e-07
9698 4.093086e-05 6.102885e-07
9699 4.091487e-05 6.097372e-07
9700 4.089890e-05 6.091863e-07
9701 4.088295e-05 6.086359e-07
9702 4.086701e-05 6.080861e-07
9703 4.085110e-05 6.075367e-07
9704 4.083521e-05 6.069878e-07
9705 4.081933e-05 6.064394e-07
9706 4.080347e-05 6.058916e-07
9707 4.078764e-05 6.053442e-07
9708 4.077182e-05 6.047973e-07
9709 4.075602e-05 6.042509e-07
9710 4.074024e-05 6.037050e-07
9711 4.072448e-05 6.031595e-07
9712 4.070873e-05 6.026146e-07
9713 4.069301e-05 6.020702e-07
9714 4.067731e-05 6.015263e-07
9715 4.066162e-05 6.009828e-07
9716 4.064595e-05 6.004399e-07
9717 4.063030e-05 5.998974e-07
9718 4.061467e-05 5.993554e-07
9719 4.059906e-05 5.988139e-07
9720 4.058347e-05 5.982729e-07
9721 4.056790e-05 5.977324e-07
9722 4.055234e-05 5.971924e-07
9723 4.053681e-05 5.966529e-07
9724 4.052129e-05 5.961138e-07
9725 4.050579e-05 5.955753e-07
9726 4.049031e-05 5.950372e-07
9727 4.047485e-05 5.944996e-07
9728 4.045940e-05 5.939625e-07
9729 4.044398e-05 5.934259e-07
9730 4.042857e-05 5.928898e-07
9731 4.041319e-05 5.923542e-07
9732 4.039782e-05 5.918190e-07
9733 4.038247e-05 5.912843e-07
9734 4.036713e-05 5.907501e-07
9735 4.035182e-05 5.902164e-07
9736 4.033652e-05 5.896832e-07
9737 4.032125e-05 5.891504e-07
9738 4.030599e-05 5.886182e-07
9739 4.029075e-05 5.880864e-07
9740 4.027553e-05 5.875551e-07
9741 4.026032e-05 5.870243e-07
9742 4.024514e-05 5.864939e-07
9743 4.022997e-05 5.859641e-07
9744 4.021482e-05 5.854347e-07
9745 4.019969e-05 5.849058e-07
9746 4.018458e-05 5.843773e-07
9747 4.016948e-05 5.838494e-07
9748 4.015441e-05 5.833219e-07
9749 4.013935e-05 5.827949e-07
9750 4.012431e-05 5.822684e-07
9751 4.010929e-05 5.817423e-07
9752 4.009428e-05 5.812168e-07
9753 4.007930e-05 5.806917e-07
9754 4.006433e-05 5.801670e-07
9755 4.004938e-05 5.796429e-07
9756 4.003445e-05 5.791192e-07
9757 4.001954e-05 5.785960e-07
9758 4.000464e-05 5.780733e-07
9759 3.998976e-05 5.775510e-07
9760 3.997491e-05 5.770292e-07
9761 3.996006e-05 5.765079e-07
9762 3.994524e-05 5.759871e-07
9763 3.993043e-05 5.754667e-07
9764 3.991565e-05 5.749468e-07
9765 3.990088e-05 5.744274e-07
9766 3.988612e-05 5.739084e-07
9767 3.987139e-05 5.733899e-07
9768 3.985667e-05 5.728719e-07
9769 3.984197e-05 5.723543e-07
9770 3.982729e-05 5.718372e-07
9771 3.981263e-05 5.713206e-07
9772 3.979798e-05 5.708045e-07
9773 3.978336e-05 5.702888e-07
9774 3.976875e-05 5.697735e-07
9775 3.975415e-05 5.692588e-07
9776 3.973958e-05 5.687445e-07
9777 3.972502e-05 5.682307e-07
9778 3.971048e-05 5.677173e-07
9779 3.969596e-05 5.672044e-07
9780 3.968145e-05 5.666920e-07
9781 3.966697e-05 5.661800e-07
9782 3.965250e-05 5.656685e-07
9783 3.963804e-05 5.651574e-07
9784 3.962361e-05 5.646468e-07
9785 3.960919e-05 5.641367e-07
9786 3.959479e-05 5.636270e-07
9787 3.958041e-05 5.631178e-07
9788 3.956605e-05 5.626091e-07
9789 3.955170e-05 5.621008e-07
9790 3.953737e-05 5.615930e-07
9791 3.952305e-05 5.610856e-07
9792 3.950876e-05 5.605787e-07
9793 3.949448e-05 5.600722e-07
9794 3.948022e-05 5.595662e-07
9795 3.946598e-05 5.590607e-07
9796 3.945175e-05 5.585556e-07
9797 3.943754e-05 5.580510e-07
9798 3.942335e-05 5.575468e-07
9799 3.940917e-05 5.570431e-07
9800 3.939502e-05 5.565399e-07
9801 3.938088e-05 5.560371e-07
9802 3.936675e-05 5.555347e-07
9803 3.935265e-05 5.550328e-07
9804 3.933856e-05 5.545314e-07
9805 3.932449e-05 5.540304e-07
9806 3.931043e-05 5.535298e-07
9807 3.929639e-05 5.530298e-07
9808 3.928237e-05 5.525301e-07
9809 3.926837e-05 5.520310e-07
9810 3.925438e-05 5.515322e-07
9811 3.924041e-05 5.510339e-07
9812 3.922646e-05 5.505361e-07
9813 3.921252e-05 5.500387e-07
9814 3.919860e-05 5.495418e-07
9815 3.918470e-05 5.490453e-07
9816 3.917082e-05 5.485493e-07
9817 3.915695e-05 5.480537e-07
9818 3.914310e-05 5.475586e-07
9819 3.912926e-05 5.470639e-07
9820 3.911545e-05 5.465696e-07
9821 3.910164e-05 5.460758e-07
9822 3.908786e-05 5.455825e-07
9823 3.907409e-05 5.450896e-07
9824 3.906034e-05 5.445971e-07
9825 3.904661e-05 5.441051e-07
9826 3.903289e-05 5.436135e-07
9827 3.901919e-05 5.431224e-07
9828 3.900551e-05 5.426317e-07
9829 3.899184e-05 5.421415e-07
9830 3.897819e-05 5.416517e-07
9831 3.896455e-05 5.411624e-07
9832 3.895094e-05 5.406734e-07
9833 3.893733e-05 5.401850e-07
9834 3.892375e-05 5.396970e-07
9835 3.891018e-05 5.392094e-07
9836 3.889663e-05 5.387222e-07
9837 3.888310e-05 5.382355e-07
9838 3.886958e-05 5.377492e-07
9839 3.885607e-05 5.372634e-07
9840 3.884259e-05 5.367780e-07
9841 3.882912e-05 5.362931e-07
9842 3.881567e-05 5.358086e-07
9843 3.880223e-05 5.353245e-07
9844 3.878881e-05 5.348409e-07
9845 3.877541e-05 5.343577e-07
9846 3.876202e-05 5.338749e-07
9847 3.874865e-05 5.333926e-07
9848 3.873529e-05 5.329107e-07
9849 3.872196e-05 5.324292e-07
9850 3.870863e-05 5.319482e-07
9851 3.869533e-05 5.314676e-07
9852 3.868204e-05 5.309875e-07
9853 3.866877e-05 5.305077e-07
9854 3.865551e-05 5.300285e-07
9855 3.864227e-05 5.295496e-07
9856 3.862904e-05 5.290712e-07
9857 3.861583e-05 5.285932e-07
9858 3.860264e-05 5.281157e-07
9859 3.858946e-05 5.276385e-07
9860 3.857630e-05 5.271618e-07
9861 3.856316e-05 5.266856e-07
9862 3.855003e-05 5.262097e-07
9863 3.853692e-05 5.257343e-07
9864 3.852382e-05 5.252594e-07
9865 3.851074e-05 5.247848e-07
9866 3.849768e-05 5.243107e-07
9867 3.848463e-05 5.238370e-07
9868 3.847160e-05 5.233638e-07
9869 3.845858e-05 5.228909e-07
9870 3.844558e-05 5.224185e-07
9871 3.843259e-05 5.219466e-07
9872 3.841963e-05 5.214750e-07
9873 3.840667e-05 5.210039e-07
9874 3.839374e-05 5.205332e-07
9875 3.838081e-05 5.200629e-07
9876 3.836791e-05 5.195931e-07
9877 3.835502e-05 5.191236e-07
9878 3.834215e-05 5.186546e-07
9879 3.832929e-05 5.181861e-07
9880 3.831644e-05 5.177179e-07
9881 3.830362e-05 5.172502e-07
9882 3.829081e-05 5.167829e-07
9883 3.827801e-05 5.163160e-07
9884 3.826523e-05 5.158495e-07
9885 3.825247e-05 5.153835e-07
9886 3.823972e-05 5.149179e-07
9887 3.822699e-05 5.144527e-07
9888 3.821427e-05 5.139879e-07
9889 3.820157e-05 5.135235e-07
9890 3.818888e-05 5.130596e-07
9891 3.817621e-05 5.125961e-07
9892 3.816355e-05 5.121330e-07
9893 3.815091e-05 5.116703e-07
9894 3.813829e-05 5.112080e-07
9895 3.812568e-05 5.107462e-07
9896 3.811309e-05 5.102847e-07
9897 3.810051e-05 5.098237e-07
9898 3.808795e-05 5.093631e-07
9899 3.807540e-05 5.089029e-07
9900 3.806287e-05 5.084432e-07
9901 3.805035e-05 5.079838e-07
9902 3.803785e-05 5.075249e-07
9903 3.802537e-05 5.070664e-07
9904 3.801290e-05 5.066083e-07
9905 3.800044e-05 5.061506e-07
9906 3.798800e-05 5.056933e-07
9907 3.797558e-05 5.052364e-07
9908 3.796317e-05 5.047800e-07
9909 3.795078e-05 5.043239e-07
9910 3.793840e-05 5.038683e-07
9911 3.792603e-05 5.034131e-07
9912 3.791368e-05 5.029583e-07
9913 3.790135e-05 5.025039e-07
9914 3.788903e-05 5.020499e-07
9915 3.787673e-05 5.015963e-07
9916 3.786444e-05 5.011432e-07
9917 3.785217e-05 5.006904e-07
9918 3.783991e-05 5.002381e-07
9919 3.782767e-05 4.997861e-07
9920 3.781544e-05 4.993346e-07
9921 3.780323e-05 4.988835e-07
9922 3.779103e-05 4.984328e-07
9923 3.777885e-05 4.979824e-07
9924 3.776668e-05 4.975325e-07
9925 3.775453e-05 4.970831e-07
9926 3.774239e-05 4.966340e-07
9927 3.773027e-05 4.961853e-07
9928 3.771816e-05 4.957370e-07
9929 3.770607e-05 4.952891e-07
9930 3.769399e-05 4.948417e-07
9931 3.768193e-05 4.943946e-07
9932 3.766988e-05 4.939479e-07
9933 3.765785e-05 4.935017e-07
9934 3.764583e-05 4.930558e-07
9935 3.763382e-05 4.926104e-07
9936 3.762183e-05 4.921653e-07
9937 3.760986e-05 4.917207e-07
9938 3.759790e-05 4.912765e-07
9939 3.758596e-05 4.908326e-07
9940 3.757403e-05 4.903892e-07
9941 3.756211e-05 4.899461e-07
9942 3.755021e-05 4.895035e-07
9943 3.753832e-05 4.890613e-07
9944 3.752645e-05 4.886194e-07
9945 3.751459e-05 4.881780e-07
9946 3.750275e-05 4.877369e-07
9947 3.749092e-05 4.872963e-07
9948 3.747911e-05 4.868560e-07
9949 3.746731e-05 4.864162e-07
9950 3.745553e-05 4.859767e-07
9951 3.744376e-05 4.855377e-07
9952 3.743200e-05 4.850990e-07
9953 3.742026e-05 4.846608e-07
9954 3.740854e-05 4.842229e-07
9955 3.739683e-05 4.837854e-07
9956 3.738513e-05 4.833484e-07
9957 3.737345e-05 4.829117e-07
9958 3.736178e-05 4.824754e-07
9959 3.735012e-05 4.820395e-07
9960 3.733848e-05 4.816040e-07
9961 3.732686e-05 4.811689e-07
9962 3.731525e-05 4.807342e-07
9963 3.730365e-05 4.802999e-07
9964 3.729207e-05 4.798660e-07
9965 3.728050e-05 4.794324e-07
9966 3.726895e-05 4.789993e-07
9967 3.725741e-05 4.785665e-07
9968 3.724588e-05 4.781342e-07
9969 3.723437e-05 4.777022e-07
9970 3.722287e-05 4.772706e-07
9971 3.721139e-05 4.768395e-07
9972 3.719992e-05 4.764087e-07
9973 3.718847e-05 4.759782e-07
9974 3.717703e-05 4.755482e-07
9975 3.716560e-05 4.751186e-07
9976 3.715419e-05 4.746894e-07
9977 3.714279e-05 4.742605e-07
9978 3.713141e-05 4.738320e-07
9979 3.712004e-05 4.734039e-07
9980 3.710869e-05 4.729763e-07
9981 3.709734e-05 4.725489e-07
9982 3.708602e-05 4.721220e-07
9983 3.707470e-05 4.716955e-07
9984 3.706340e-05 4.712693e-07
9985 3.705212e-05 4.708436e-07
9986 3.704085e-05 4.704182e-07
9987 3.702959e-05 4.699932e-07
9988 3.701835e-05 4.695686e-07
9989 3.700712e-05 4.691443e-07
9990 3.699590e-05 4.687205e-07
9991 3.698470e-05 4.682970e-07
9992 3.697351e-05 4.678740e-07
9993 3.696234e-05 4.674513e-07
9994 3.695118e-05 4.670289e-07
9995 3.694003e-05 4.666070e-07
9996 3.692890e-05 4.661855e-07
9997 3.691778e-05 4.657643e-07
9998 3.690667e-05 4.653435e-07
9999 3.689558e-05 4.649231e-07
10000 3.688450e-05 4.645030e-07
10001 3.687344e-05 4.640834e-07
10002 3.686239e-05 4.636641e-07
10003 3.685135e-05 4.632452e-07
10004 3.684033e-05 4.628267e-07
10005 3.682932e-05 4.624086e-07
10006 3.681832e-05 4.619908e-07
10007 3.680734e-05 4.615734e-07
10008 3.679637e-05 4.611564e-07
10009 3.678542e-05 4.607398e-07
10010 3.677448e-05 4.603235e-07
10011 3.676355e-05 4.599077e-07
10012 3.675263e-05 4.594922e-07
10013 3.674173e-05 4.590770e-07
10014 3.673085e-05 4.586623e-07
10015 3.671997e-05 4.582479e-07
10016 3.670911e-05 4.578339e-07
10017 3.669827e-05 4.574203e-07
10018 3.668743e-05 4.570070e-07
10019 3.667661e-05 4.565941e-07
10020 3.666581e-05 4.561816e-07
10021 3.665501e-05 4.557695e-07
10022 3.664423e-05 4.553577e-07
10023 3.663347e-05 4.549463e-07
10024 3.662271e-05 4.545353e-07
10025 3.661197e-05 4.541247e-07
10026 3.660125e-05 4.537144e-07
10027 3.659054e-05 4.533045e-07
10028 3.657984e-05 4.528950e-07
10029 3.656915e-05 4.524858e-07
10030 3.655848e-05 4.520770e-07
10031 3.654782e-05 4.516686e-07
10032 3.653717e-05 4.512605e-07
10033 3.652654e-05 4.508528e-07
10034 3.651592e-05 4.504455e-07
10035 3.650531e-05 4.500385e-07
10036 3.649472e-05 4.496320e-07
10037 3.648413e-05 4.492257e-07
10038 3.647357e-05 4.488199e-07
10039 3.646301e-05 4.484144e-07
10040 3.645247e-05 4.480093e-07
10041 3.644194e-05 4.476045e-07
10042 3.643143e-05 4.472002e-07
10043 3.642093e-05 4.467961e-07
10044 3.641044e-05 4.463925e-07
10045 3.639996e-05 4.459892e-07
10046 3.638950e-05 4.455863e-07
10047 3.637905e-05 4.451837e-07
10048 3.636861e-05 4.447815e-07
10049 3.635819e-05 4.443797e-07
10050 3.634778e-05 4.439782e-07
10051 3.633738e-05 4.435771e-07
10052 3.632699e-05 4.431763e-07
10053 3.631662e-05 4.427759e-07
10054 3.630626e-05 4.423759e-07
10055 3.629592e-05 4.419763e-07
10056 3.628558e-05 4.415770e-07
10057 3.627526e-05 4.411780e-07
10058 3.626495e-05 4.407794e-07
10059 3.625466e-05 4.403812e-07
10060 3.624438e-05 4.399834e-07
10061 3.623411e-05 4.395859e-07
10062 3.622385e-05 4.391887e-07
10063 3.621361e-05 4.387919e-07
10064 3.620338e-05 4.383955e-07
10065 3.619316e-05 4.379994e-07
10066 3.618295e-05 4.376037e-07
10067 3.617276e-05 4.372084e-07
10068 3.616258e-05 4.368134e-07
10069 3.615241e-05 4.364188e-07
10070 3.614226e-05 4.360245e-07
10071 3.613211e-05 4.356305e-07
10072 3.612198e-05 4.352370e-07
10073 3.611187e-05 4.348438e-07
10074 3.610176e-05 4.344509e-07
10075 3.609167e-05 4.340584e-07
10076 3.608159e-05 4.336663e-07
10077 3.607153e-05 4.332745e-07
10078 3.606147e-05 4.328830e-07
10079 3.605143e-05 4.324919e-07
10080 3.604140e-05 4.321012e-07
10081 3.603138e-05 4.317108e-07
10082 3.602138e-05 4.313208e-07
10083 3.601139e-05 4.309311e-07
10084 3.600141e-05 4.305418e-07
10085 3.599144e-05 4.301528e-07
10086 3.598149e-05 4.297642e-07
10087 3.597155e-05 4.293759e-07
10088 3.596162e-05 4.289880e-07
10089 3.595170e-05 4.286005e-07
10090 3.594180e-05 4.282132e-07
10091 3.593190e-05 4.278264e-07
10092 3.592202e-05 4.274399e-07
10093 3.591216e-05 4.270537e-07
10094 3.590230e-05 4.266679e-07
10095 3.589246e-05 4.262824e-07
10096 3.588263e-05 4.258973e-07
10097 3.587281e-05 4.255125e-07
10098 3.586300e-05 4.251281e-07
10099 3.585321e-05 4.247440e-07
10100 3.584343e-05 4.243603e-07
10101 3.583366e-05 4.239769e-07
10102 3.582390e-05 4.235938e-07
10103 3.581415e-05 4.232111e-07
10104 3.580442e-05 4.228288e-07
10105 3.579470e-05 4.224468e-07
10106 3.578499e-05 4.220651e-07
10107 3.577529e-05 4.216838e-07
10108 3.576561e-05 4.213029e-07
10109 3.575594e-05 4.209222e-07
10110 3.574628e-05 4.205419e-07
10111 3.573663e-05 4.201620e-07
10112 3.572699e-05 4.197824e-07
10113 3.571737e-05 4.194032e-07
10114 3.570776e-05 4.190243e-07
10115 3.569816e-05 4.186457e-07
10116 3.568857e-05 4.182675e-07
10117 3.567899e-05 4.178896e-07
10118 3.566943e-05 4.175121e-07
10119 3.565987e-05 4.171349e-07
10120 3.565033e-05 4.167580e-07
10121 3.564081e-05 4.163815e-07
10122 3.563129e-05 4.160053e-07
10123 3.562179e-05 4.156295e-07
10124 3.561229e-05 4.152540e-07
10125 3.560281e-05 4.148788e-07
10126 3.559334e-05 4.145040e-07
10127 3.558389e-05 4.141295e-07
10128 3.557444e-05 4.137554e-07
10129 3.556501e-05 4.133816e-07
10130 3.555559e-05 4.130081e-07
10131 3.554618e-05 4.126350e-07
10132 3.553678e-05 4.122622e-07
10133 3.552739e-05 4.118897e-07
10134 3.551802e-05 4.115176e-07
10135 3.550865e-05 4.111458e-07
10136 3.549930e-05 4.107744e-07
10137 3.548996e-05 4.104032e-07
10138 3.548063e-05 4.100325e-07
10139 3.547132e-05 4.096620e-07
10140 3.546201e-05 4.092919e-07
10141 3.545272e-05 4.089221e-07
10142 3.544344e-05 4.085527e-07
10143 3.543417e-05 4.081836e-07
10144 3.542491e-05 4.078148e-07
10145 3.541567e-05 4.074464e-07
10146 3.540643e-05 4.070783e-07
10147 3.539721e-05 4.067105e-07
10148 3.538800e-05 4.063431e-07
10149 3.537880e-05 4.059760e-07
10150 3.536961e-05 4.056092e-07
10151 3.536043e-05 4.052427e-07
10152 3.535127e-05 4.048766e-07
10153 3.534211e-05 4.045108e-07
10154 3.533297e-05 4.041454e-07
10155 3.532384e-05 4.037803e-07
10156 3.531472e-05 4.034155e-07
10157 3.530561e-05 4.030510e-07
10158 3.529651e-05 4.026869e-07
10159 3.528743e-05 4.023231e-07
10160 3.527835e-05 4.019596e-07
10161 3.526929e-05 4.015964e-07
10162 3.526024e-05 4.012336e-07
10163 3.525120e-05 4.008711e-07
10164 3.524217e-05 4.005090e-07
10165 3.523315e-05 4.001471e-07
10166 3.522415e-05 3.997856e-07
10167 3.521515e-05 3.994244e-07
10168 3.520617e-05 3.990636e-07
10169 3.519720e-05 3.987030e-07
10170 3.518823e-05 3.983428e-07
10171 3.517929e-05 3.979830e-07
10172 3.517035e-05 3.976234e-07
10173 3.516142e-05 3.972642e-07
10174 3.515250e-05 3.969053e-07
10175 3.514360e-05 3.965467e-07
10176 3.513470e-05 3.961884e-07
10177 3.512582e-05 3.958305e-07
10178 3.511695e-05 3.954729e-07
10179 3.510809e-05 3.951156e-07
10180 3.509924e-05 3.947586e-07
10181 3.509040e-05 3.944020e-07
10182 3.508158e-05 3.940457e-07
10183 3.507276e-05 3.936897e-07
10184 3.506395e-05 3.933340e-07
10185 3.505516e-05 3.929786e-07
10186 3.504638e-05 3.926236e-07
10187 3.503761e-05 3.922689e-07
10188 3.502885e-05 3.919145e-07
10189 3.502010e-05 3.915604e-07
10190 3.501136e-05 3.912067e-07
10191 3.500263e-05 3.908532e-07
10192 3.499391e-05 3.905001e-07
10193 3.498521e-05 3.901473e-07
10194 3.497651e-05 3.897948e-07
10195 3.496783e-05 3.894427e-07
10196 3.495915e-05 3.890908e-07
10197 3.495049e-05 3.887393e-07
10198 3.494184e-05 3.883881e-07
10199 3.493320e-05 3.880372e-07
10200 3.492457e-05 3.876867e-07
10201 3.491595e-05 3.873364e-07
10202 3.490734e-05 3.869865e-07
10203 3.489875e-05 3.866368e-07
10204 3.489016e-05 3.862875e-07
10205 3.488158e-05 3.859385e-07
10206 3.487302e-05 3.855899e-07
10207 3.486446e-05 3.852415e-07
10208 3.485592e-05 3.848935e-07
10209 3.484739e-05 3.845457e-07
10210 3.483887e-05 3.841983e-07
10211 3.483036e-05 3.838512e-07
10212 3.482186e-05 3.835044e-07
10213 3.481337e-05 3.831580e-07
10214 3.480489e-05 3.828118e-07
10215 3.479642e-05 3.824659e-07
10216 3.478796e-05 3.821204e-07
10217 3.477951e-05 3.817752e-07
10218 3.477108e-05 3.814303e-07
10219 3.476265e-05 3.810857e-07
10220 3.475424e-05 3.807414e-07
10221 3.474583e-05 3.803974e-07
10222 3.473744e-05 3.800537e-07
10223 3.472905e-05 3.797104e-07
10224 3.472068e-05 3.793673e-07
10225 3.471232e-05 3.790246e-07
10226 3.470397e-05 3.786822e-07
10227 3.469562e-05 3.783400e-07
10228 3.468729e-05 3.779982e-07
10229 3.467897e-05 3.776567e-07
10230 3.467066e-05 3.773155e-07
10231 3.466236e-05 3.769747e-07
10232 3.465407e-05 3.766341e-07
10233 3.464579e-05 3.762938e-07
10234 3.463753e-05 3.759539e-07
10235 3.462927e-05 3.756142e-07
10236 3.462102e-05 3.752749e-07
10237 3.461278e-05 3.749358e-07
10238 3.460456e-05 3.745971e-07
10239 3.459634e-05 3.742587e-07
10240 3.458813e-05 3.739205e-07
10241 3.457994e-05 3.735827e-07
10242 3.457175e-05 3.732452e-07
10243 3.456358e-05 3.729080e-07
10244 3.455541e-05 3.725711e-07
10245 3.454726e-05 3.722345e-07
10246 3.453911e-05 3.718982e-07
10247 3.453098e-05 3.715622e-07
10248 3.452286e-05 3.712265e-07
10249 3.451474e-05 3.708911e-07
10250 3.450664e-05 3.705561e-07
10251 3.449855e-05 3.702213e-07
10252 3.449046e-05 3.698868e-07
10253 3.448239e-05 3.695526e-07
10254 3.447433e-05 3.692188e-07
10255 3.446627e-05 3.688852e-07
10256 3.445823e-05 3.685519e-07
10257 3.445020e-05 3.682190e-07
10258 3.444218e-05 3.678863e-07
10259 3.443417e-05 3.675539e-07
10260 3.442616e-05 3.672219e-07
10261 3.441817e-05 3.668901e-07
10262 3.441019e-05 3.665586e-07
10263 3.440222e-05 3.662275e-07
10264 3.439426e-05 3.658966e-07
10265 3.438631e-05 3.655660e-07
10266 3.437836e-05 3.652358e-07
10267 3.437043e-05 3.649058e-07
10268 3.436251e-05 3.645761e-07
10269 3.435460e-05 3.642468e-07
10270 3.434670e-05 3.639177e-07
10271 3.433881e-05 3.635889e-07
10272 3.433092e-05 3.632604e-07
10273 3.432305e-05 3.629322e-07
10274 3.431519e-05 3.626043e-07
10275 3.430734e-05 3.622767e-07
10276 3.429950e-05 3.619495e-07
10277 3.429166e-05 3.616225e-07
10278 3.428384e-05 3.612957e-07
10279 3.427603e-05 3.609693e-07
10280 3.426823e-05 3.606432e-07
10281 3.426043e-05 3.603174e-07
10282 3.425265e-05 3.599919e-07
10283 3.424488e-05 3.596666e-07
10284 3.423711e-05 3.593417e-07
10285 3.422936e-05 3.590171e-07
10286 3.422162e-05 3.586927e-07
10287 3.421388e-05 3.583686e-07
10288 3.420616e-05 3.580449e-07
10289 3.419844e-05 3.577214e-07
10290 3.419074e-05 3.573982e-07
10291 3.418304e-05 3.570753e-07
10292 3.417536e-05 3.567527e-07
10293 3.416768e-05 3.564304e-07
10294 3.416002e-05 3.561084e-07
10295 3.415236e-05 3.557867e-07
10296 3.414471e-05 3.554653e-07
10297 3.413708e-05 3.551441e-07
10298 3.412945e-05 3.548233e-07
10299 3.412183e-05 3.545027e-07
10300 3.411422e-05 3.541824e-07
10301 3.410663e-05 3.538624e-07
10302 3.409904e-05 3.535427e-07
10303 3.409146e-05 3.532233e-07
10304 3.408389e-05 3.529042e-07
10305 3.407633e-05 3.525854e-07
10306 3.406878e-05 3.522668e-07
10307 3.406123e-05 3.519486e-07
10308 3.405370e-05 3.516306e-07
10309 3.404618e-05 3.513129e-07
10310 3.403867e-05 3.509956e-07
10311 3.403117e-05 3.506784e-07
10312 3.402367e-05 3.503616e-07
10313 3.401619e-05 3.500451e-07
10314 3.400871e-05 3.497288e-07
10315 3.400125e-05 3.494129e-07
10316 3.399379e-05 3.490972e-07
10317 3.398634e-05 3.487818e-07
10318 3.397891e-05 3.484667e-07
10319 3.397148e-05 3.481519e-07
10320 3.396406e-05 3.478374e-07
10321 3.395665e-05 3.475231e-07
10322 3.394925e-05 3.472091e-07
10323 3.394186e-05 3.468955e-07
10324 3.393448e-05 3.465821e-07
10325 3.392711e-05 3.462689e-07
10326 3.391975e-05 3.459561e-07
10327 3.391239e-05 3.456435e-07
10328 3.390505e-05 3.453313e-07
10329 3.389772e-05 3.450193e-07
10330 3.389039e-05 3.447076e-07
10331 3.388307e-05 3.443962e-07
10332 3.387577e-05 3.440850e-07
10333 3.386847e-05 3.437742e-07
10334 3.386118e-05 3.434636e-07
10335 3.385390e-05 3.431533e-07
10336 3.384663e-05 3.428433e-07
10337 3.383937e-05 3.425335e-07
10338 3.383212e-05 3.422241e-07
10339 3.382488e-05 3.419149e-07
10340 3.381765e-05 3.416060e-07
10341 3.381042e-05 3.412974e-07
10342 3.380321e-05 3.409890e-07
10343 3.379600e-05 3.406809e-07
10344 3.378880e-05 3.403732e-07
10345 3.378162e-05 3.400656e-07
10346 3.377444e-05 3.397584e-07
10347 3.376727e-05 3.394515e-07
10348 3.376011e-05 3.391448e-07
10349 3.375296e-05 3.388384e-07
10350 3.374581e-05 3.385323e-07
10351 3.373868e-05 3.382264e-07
10352 3.373156e-05 3.379209e-07
10353 3.372444e-05 3.376156e-07
10354 3.371733e-05 3.373105e-07
10355 3.371024e-05 3.370058e-07
10356 3.370315e-05 3.367013e-07
10357 3.369607e-05 3.363971e-07
10358 3.368900e-05 3.360932e-07
10359 3.368194e-05 3.357896e-07
10360 3.367488e-05 3.354862e-07
10361 3.366784e-05 3.351831e-07
10362 3.366081e-05 3.348803e-07
10363 3.365378e-05 3.345778e-07
10364 3.364676e-05 3.342755e-07
10365 3.363975e-05 3.339735e-07
10366 3.363276e-05 3.336718e-07
10367 3.362577e-05 3.333703e-07
10368 3.361878e-05 3.330691e-07
10369 3.361181e-05 3.327682e-07
10370 3.360485e-05 3.324676e-07
10371 3.359789e-05 3.321672e-07
10372 3.359095e-05 3.318671e-07
10373 3.358401e-05 3.315673e-07
10374 3.357708e-05 3.312677e-07
10375 3.357016e-05 3.309685e-07
10376 3.356325e-05 3.306694e-07
10377 3.355634e-05 3.303707e-07
10378 3.354945e-05 3.300722e-07
10379 3.354257e-05 3.297740e-07
10380 3.353569e-05 3.294761e-07
10381 3.352882e-05 3.291784e-07
10382 3.352196e-05 3.288810e-07
10383 3.351511e-05 3.285839e-07
10384 3.350827e-05 3.282871e-07
10385 3.350144e-05 3.279905e-07
10386 3.349461e-05 3.276941e-07
10387 3.348780e-05 3.273981e-07
10388 3.348099e-05 3.271023e-07
10389 3.347419e-05 3.268068e-07
10390 3.346740e-05 3.265115e-07
10391 3.346062e-05 3.262165e-07
10392 3.345385e-05 3.259218e-07
10393 3.344708e-05 3.256274e-07
10394 3.344033e-05 3.253332e-07
10395 3.343358e-05 3.250393e-07
10396 3.342684e-05 3.247456e-07
10397 3.342011e-05 3.244522e-07
10398 3.341339e-05 3.241591e-07
10399 3.340668e-05 3.238662e-07
10400 3.339997e-05 3.235736e-07
10401 3.339328e-05 3.232813e-07
10402 3.338659e-05 3.229892e-07
10403 3.337991e-05 3.226974e-07
10404 3.337324e-05 3.224059e-07
10405 3.336658e-05 3.221146e-07
10406 3.335992e-05 3.218236e-07
10407 3.335328e-05 3.215329e-07
10408 3.334664e-05 3.212424e-07
10409 3.334001e-05 3.209522e-07
10410 3.333339e-05 3.206622e-07
10411 3.332678e-05 3.203725e-07
10412 3.332018e-05 3.200831e-07
10413 3.331358e-05 3.197939e-07
10414 3.330699e-05 3.195050e-07
10415 3.330042e-05 3.192163e-07
10416 3.329385e-05 3.189279e-07
10417 3.328728e-05 3.186398e-07
10418 3.328073e-05 3.183519e-07
10419 3.327419e-05 3.180643e-07
10420 3.326765e-05 3.177769e-07
10421 3.326112e-05 3.174898e-07
10422 3.325460e-05 3.172030e-07
10423 3.324809e-05 3.169164e-07
10424 3.324158e-05 3.166301e-07
10425 3.323509e-05 3.163441e-07
10426 3.322860e-05 3.160583e-07
10427 3.322212e-05 3.157727e-07
10428 3.321565e-05 3.154874e-07
10429 3.320919e-05 3.152024e-07
10430 3.320273e-05 3.149176e-07
10431 3.319629e-05 3.146331e-07
10432 3.318985e-05 3.143489e-07
10433 3.318342e-05 3.140649e-07
10434 3.317700e-05 3.137811e-07
10435 3.317058e-05 3.134977e-07
10436 3.316418e-05 3.132144e-07
10437 3.315778e-05 3.129315e-07
10438 3.315139e-05 3.126487e-07
10439 3.314501e-05 3.123663e-07
10440 3.313863e-05 3.120841e-07
10441 3.313227e-05 3.118021e-07
10442 3.312591e-05 3.115204e-07
10443 3.311956e-05 3.112390e-07
10444 3.311322e-05 3.109578e-07
10445 3.310689e-05 3.106769e-07
10446 3.310056e-05 3.103962e-07
10447 3.309424e-05 3.101158e-07
10448 3.308794e-05 3.098356e-07
10449 3.308163e-05 3.095557e-07
10450 3.307534e-05 3.092760e-07
10451 3.306906e-05 3.089966e-07
10452 3.306278e-05 3.087174e-07
10453 3.305651e-05 3.084385e-07
10454 3.305025e-05 3.081599e-07
10455 3.304399e-05 3.078814e-07
10456 3.303775e-05 3.076033e-07
10457 3.303151e-05 3.073254e-07
10458 3.302528e-05 3.070477e-07
10459 3.301906e-05 3.067703e-07
10460 3.301285e-05 3.064932e-07
10461 3.300664e-05 3.062163e-07
10462 3.300044e-05 3.059396e-07
10463 3.299425e-05 3.056632e-07
10464 3.298807e-05 3.053871e-07
10465 3.298189e-05 3.051112e-07
10466 3.297573e-05 3.048355e-07
10467 3.296957e-05 3.045601e-07
10468 3.296342e-05 3.042850e-07
10469 3.295727e-05 3.040101e-07
10470 3.295114e-05 3.037354e-07
10471 3.294501e-05 3.034610e-07
10472 3.293889e-05 3.031869e-07
10473 3.293278e-05 3.029129e-07
10474 3.292667e-05 3.026393e-07
10475 3.292057e-05 3.023659e-07
10476 3.291448e-05 3.020927e-07
10477 3.290840e-05 3.018198e-07
10478 3.290233e-05 3.015471e-07
10479 3.289626e-05 3.012747e-07
10480 3.289020e-05 3.010025e-07
10481 3.288415e-05 3.007305e-07
10482 3.287811e-05 3.004588e-07
10483 3.287207e-05 3.001874e-07
10484 3.286605e-05 2.999162e-07
10485 3.286003e-05 2.996452e-07
10486 3.285401e-05 2.993745e-07
10487 3.284801e-05 2.991040e-07
10488 3.284201e-05 2.988338e-07
10489 3.283602e-05 2.985638e-07
10490 3.283004e-05 2.982941e-07
10491 3.282406e-05 2.980246e-07
10492 3.281810e-05 2.977554e-07
10493 3.281214e-05 2.974864e-07
10494 3.280618e-05 2.972176e-07
10495 3.280024e-05 2.969491e-07
10496 3.279430e-05 2.966808e-07
10497 3.278837e-05 2.964128e-07
10498 3.278245e-05 2.961450e-07
10499 3.277654e-05 2.958774e-07
10500 3.277063e-05 2.956101e-07
10501 3.276473e-05 2.953430e-07
10502 3.275884e-05 2.950762e-07
10503 3.275295e-05 2.948096e-07
10504 3.274708e-05 2.945433e-07
10505 3.274121e-05 2.942772e-07
10506 3.273534e-05 2.940113e-07
10507 3.272949e-05 2.937457e-07
10508 3.272364e-05 2.934803e-07
10509 3.271780e-05 2.932152e-07
10510 3.271197e-05 2.929503e-07
10511 3.270614e-05 2.926856e-07
10512 3.270033e-05 2.924212e-07
10513 3.269452e-05 2.921570e-07
10514 3.268871e-05 2.918930e-07
10515 3.268292e-05 2.916293e-07
10516 3.267713e-05 2.913659e-07
10517 3.267135e-05 2.911026e-07
10518 3.266557e-05 2.908396e-07
10519 3.265981e-05 2.905769e-07
10520 3.265405e-05 2.903144e-07
10521 3.264830e-05 2.900521e-07
10522 3.264255e-05 2.897900e-07
10523 3.263681e-05 2.895282e-07
10524 3.263108e-05 2.892666e-07
10525 3.262536e-05 2.890053e-07
10526 3.261965e-05 2.887442e-07
10527 3.261394e-05 2.884833e-07
10528 3.260824e-05 2.882227e-07
10529 3.260254e-05 2.879623e-07
10530 3.259686e-05 2.877022e-07
10531 3.259118e-05 2.874422e-07
10532 3.258550e-05 2.871826e-07
10533 3.257984e-05 2.869231e-07
10534 3.257418e-05 2.866639e-07
10535 3.256853e-05 2.864049e-07
10536 3.256289e-05 2.861461e-07
10537 3.255725e-05 2.858876e-07
10538 3.255162e-05 2.856293e-07
10539 3.254600e-05 2.853713e-07
10540 3.254038e-05 2.851135e-07
10541 3.253478e-05 2.848559e-07
10542 3.252917e-05 2.845985e-07
10543 3.252358e-05 2.843414e-07
10544 3.251799e-05 2.840845e-07
10545 3.251241e-05 2.838279e-07
10546 3.250684e-05 2.835715e-07
10547 3.250128e-05 2.833153e-07
10548 3.249572e-05 2.830593e-07
10549 3.249017e-05 2.828036e-07
10550 3.248462e-05 2.825481e-07
10551 3.247908e-05 2.822928e-07
10552 3.247355e-05 2.820378e-07
10553 3.246803e-05 2.817830e-07
10554 3.246251e-05 2.815284e-07
10555 3.245700e-05 2.812740e-07
10556 3.245150e-05 2.810199e-07
10557 3.244601e-05 2.807660e-07
10558 3.244052e-05 2.805124e-07
10559 3.243504e-05 2.802590e-07
10560 3.242956e-05 2.800058e-07
10561 3.242409e-05 2.797528e-07
10562 3.241863e-05 2.795001e-07
10563 3.241318e-05 2.792475e-07
10564 3.240773e-05 2.789953e-07
10565 3.240229e-05 2.787432e-07
10566 3.239686e-05 2.784914e-07
10567 3.239143e-05 2.782398e-07
10568 3.238601e-05 2.779884e-07
10569 3.238060e-05 2.777372e-07
10570 3.237519e-05 2.774863e-07
10571 3.236980e-05 2.772356e-07
10572 3.236440e-05 2.769852e-07
10573 3.235902e-05 2.767349e-07
10574 3.235364e-05 2.764849e-07
10575 3.234827e-05 2.762351e-07
10576 3.234290e-05 2.759856e-07
10577 3.233754e-05 2.757362e-07
10578 3.233219e-05 2.754871e-07
10579 3.232685e-05 2.752382e-07
10580 3.232151e-05 2.749896e-07
10581 3.231618e-05 2.747411e-07
10582 3.231086e-05 2.744929e-07
10583 3.230554e-05 2.742449e-07
10584 3.230023e-05 2.739972e-07
10585 3.229492e-05 2.737496e-07
10586 3.228963e-05 2.735023e-07
10587 3.228434e-05 2.732552e-07
10588 3.227905e-05 2.730083e-07
10589 3.227377e-05 2.727617e-07
10590 3.226850e-05 2.725153e-07
10591 3.226324e-05 2.722691e-07
10592 3.225798e-05 2.720231e-07
10593 3.225273e-05 2.717773e-07
10594 3.224749e-05 2.715318e-07
10595 3.224225e-05 2.712865e-07
10596 3.223702e-05 2.710414e-07
10597 3.223180e-05 2.707965e-07
10598 3.222658e-05 2.705519e-07
10599 3.222137e-05 2.703074e-07
10600 3.221616e-05 2.700632e-07
10601 3.221097e-05 2.698192e-07
10602 3.220577e-05 2.695755e-07
10603 3.220059e-05 2.693319e-07
10604 3.219541e-05 2.690886e-07
10605 3.219024e-05 2.688455e-07
10606 3.218508e-05 2.686026e-07
10607 3.217992e-05 2.683599e-07
10608 3.217477e-05 2.681175e-07
10609 3.216962e-05 2.678752e-07
10610 3.216448e-05 2.676332e-07
10611 3.215935e-05 2.673914e-07
10612 3.215422e-05 2.671499e-07
10613 3.214910e-05 2.669085e-07
10614 3.214399e-05 2.666674e-07
10615 3.213888e-05 2.664265e-07
10616 3.213378e-05 2.661858e-07
10617 3.212869e-05 2.659453e-07
10618 3.212360e-05 2.657050e-07
10619 3.211852e-05 2.654650e-07
10620 3.211345e-05 2.652251e-07
10621 3.210838e-05 2.649855e-07
10622 3.210332e-05 2.647461e-07
10623 3.209826e-05 2.645069e-07
10624 3.209322e-05 2.642680e-07
10625 3.208817e-05 2.640292e-07
10626 3.208314e-05 2.637907e-07
10627 3.207811e-05 2.635523e-07
10628 3.207309e-05 2.633142e-07
10629 3.206807e-05 2.630764e-07
10630 3.206306e-05 2.628387e-07
10631 3.205805e-05 2.626012e-07
10632 3.205306e-05 2.623640e-07
10633 3.204806e-05 2.621269e-07
10634 3.204308e-05 2.618901e-07
10635 3.203810e-05 2.616535e-07
10636 3.203313e-05 2.614171e-07
10637 3.202816e-05 2.611810e-07
10638 3.202320e-05 2.609450e-07
10639 3.201825e-05 2.607092e-07
10640 3.201330e-05 2.604737e-07
10641 3.200836e-05 2.602384e-07
10642 3.200342e-05 2.600033e-07
10643 3.199850e-05 2.597684e-07
10644 3.199357e-05 2.595337e-07
10645 3.198866e-05 2.592992e-07
10646 3.198375e-05 2.590649e-07
10647 3.197884e-05 2.588309e-07
10648 3.197395e-05 2.585971e-07
10649 3.196905e-05 2.583634e-07
10650 3.196417e-05 2.581300e-07
10651 3.195929e-05 2.578968e-07
10652 3.195442e-05 2.576638e-07
10653 3.194955e-05 2.574310e-07
10654 3.194469e-05 2.571985e-07
10655 3.193984e-05 2.569661e-07
10656 3.193499e-05 2.567339e-07
10657 3.193014e-05 2.565020e-07
10658 3.192531e-05 2.562703e-07
10659 3.192048e-05 2.560387e-07
10660 3.191565e-05 2.558074e-07
10661 3.191084e-05 2.555763e-07
10662 3.190603e-05 2.553454e-07
10663 3.190122e-05 2.551147e-07
10664 3.189642e-05 2.548842e-07
10665 3.189163e-05 2.546540e-07
10666 3.188684e-05 2.544239e-07
10667 3.188206e-05 2.541940e-07
10668 3.187728e-05 2.539644e-07
10669 3.187251e-05 2.537349e-07
10670 3.186775e-05 2.535057e-07
10671 3.186299e-05 2.532767e-07
10672 3.185824e-05 2.530479e-07
10673 3.185350e-05 2.528192e-07
10674 3.184876e-05 2.525908e-07
10675 3.184402e-05 2.523626e-07
10676 3.183930e-05 2.521346e-07
10677 3.183457e-05 2.519068e-07
10678 3.182986e-05 2.516793e-07
10679 3.182515e-05 2.514519e-07
10680 3.182045e-05 2.512247e-07
10681 3.181575e-05 2.509977e-07
10682 3.181106e-05 2.507710e-07
10683 3.180637e-05 2.505444e-07
10684 3.180169e-05 2.503181e-07
10685 3.179702e-05 2.500919e-07
10686 3.179235e-05 2.498660e-07
10687 3.178769e-05 2.496402e-07
10688 3.178303e-05 2.494147e-07
10689 3.177838e-05 2.491894e-07
10690 3.177374e-05 2.489642e-07
10691 3.176910e-05 2.487393e-07
10692 3.176447e-05 2.485146e-07
10693 3.175984e-05 2.482901e-07
10694 3.175522e-05 2.480658e-07
10695 3.175060e-05 2.478416e-07
10696 3.174599e-05 2.476177e-07
10697 3.174139e-05 2.473940e-07
10698 3.173679e-05 2.471705e-07
10699 3.173220e-05 2.469472e-07
10700 3.172761e-05 2.467241e-07
10701 3.172303e-05 2.465012e-07
10702 3.171846e-05 2.462785e-07
10703 3.171389e-05 2.460560e-07
10704 3.170933e-05 2.458337e-07
10705 3.170477e-05 2.456116e-07
10706 3.170022e-05 2.453897e-07
10707 3.169567e-05 2.451680e-07
10708 3.169113e-05 2.449465e-07
10709 3.168660e-05 2.447252e-07
10710 3.168207e-05 2.445041e-07
10711 3.167755e-05 2.442832e-07
10712 3.167303e-05 2.440625e-07
10713 3.166852e-05 2.438420e-07
10714 3.166401e-05 2.436217e-07
10715 3.165951e-05 2.434016e-07
10716 3.165502e-05 2.431817e-07
10717 3.165053e-05 2.429620e-07
10718 3.164605e-05 2.427425e-07
10719 3.164157e-05 2.425232e-07
10720 3.163710e-05 2.423041e-07
10721 3.163263e-05 2.420852e-07
10722 3.162817e-05 2.418665e-07
10723 3.162371e-05 2.416480e-07
10724 3.161927e-05 2.414297e-07
10725 3.161482e-05 2.412116e-07
10726 3.161038e-05 2.409936e-07
10727 3.160595e-05 2.407759e-07
10728 3.160152e-05 2.405584e-07
10729 3.159710e-05 2.403411e-07
10730 3.159269e-05 2.401239e-07
10731 3.158828e-05 2.399070e-07
10732 3.158387e-05 2.396902e-07
10733 3.157947e-05 2.394737e-07
10734 3.157508e-05 2.392573e-07
10735 3.157069e-05 2.390412e-07
10736 3.156631e-05 2.388252e-07
10737 3.156193e-05 2.386095e-07
10738 3.155756e-05 2.383939e-07
10739 3.155320e-05 2.381785e-07
10740 3.154883e-05 2.379633e-07
10741 3.154448e-05 2.377483e-07
10742 3.154013e-05 2.375335e-07
10743 3.153579e-05 2.373189e-07
10744 3.153145e-05 2.371045e-07
10745 3.152712e-05 2.368903e-07
10746 3.152279e-05 2.366763e-07
10747 3.151847e-05 2.364625e-07
10748 3.151415e-05 2.362489e-07
10749 3.150984e-05 2.360354e-07
10750 3.150553e-05 2.358222e-07
10751 3.150123e-05 2.356091e-07
10752 3.149694e-05 2.353963e-07
10753 3.149265e-05 2.351836e-07
10754 3.148836e-05 2.349711e-07
10755 3.148408e-05 2.347588e-07
10756 3.147981e-05 2.345467e-07
10757 3.147554e-05 2.343348e-07
10758 3.147128e-05 2.341231e-07
10759 3.146702e-05 2.339116e-07
10760 3.146277e-05 2.337003e-07
10761 3.145852e-05 2.334892e-07
10762 3.145428e-05 2.332782e-07
10763 3.145005e-05 2.330675e-07
10764 3.144582e-05 2.328569e-07
10765 3.144159e-05 2.326465e-07
10766 3.143737e-05 2.324363e-07
10767 3.143316e-05 2.322263e-07
10768 3.142895e-05 2.320165e-07
10769 3.142474e-05 2.318069e-07
10770 3.142055e-05 2.315975e-07
10771 3.141635e-05 2.313883e-07
10772 3.141216e-05 2.311792e-07
10773 3.140798e-05 2.309704e-07
10774 3.140380e-05 2.307617e-07
10775 3.139963e-05 2.305532e-07
10776 3.139547e-05 2.303449e-07
10777 3.139130e-05 2.301368e-07
10778 3.138715e-05 2.299289e-07
10779 3.138300e-05 2.297212e-07
10780 3.137885e-05 2.295136e-07
10781 3.137471e-05 2.293063e-07
10782 3.137057e-05 2.290991e-07
10783 3.136644e-05 2.288921e-07
10784 3.136232e-05 2.286853e-07
10785 3.135820e-05 2.284787e-07
10786 3.135408e-05 2.282723e-07
10787 3.134997e-05 2.280661e-07
10788 3.134587e-05 2.278600e-07
10789 3.134177e-05 2.276542e-07
10790 3.133767e-05 2.274485e-07
10791 3.133359e-05 2.272430e-07
10792 3.132950e-05 2.270377e-07
10793 3.132542e-05 2.268326e-07
10794 3.132135e-05 2.266277e-07
10795 3.131728e-05 2.264229e-07
10796 3.131322e-05 2.262184e-07
10797 3.130916e-05 2.260140e-07
10798 3.130511e-05 2.258098e-07
10799 3.130106e-05 2.256058e-07
10800 3.129701e-05 2.254020e-07
10801 3.129298e-05 2.251983e-07
10802 3.128894e-05 2.249949e-07
10803 3.128492e-05 2.247916e-07
10804 3.128089e-05 2.245885e-07
10805 3.127688e-05 2.243856e-07
10806 3.127286e-05 2.241829e-07
10807 3.126886e-05 2.239804e-07
10808 3.126485e-05 2.237780e-07
10809 3.126086e-05 2.235758e-07
10810 3.125686e-05 2.233739e-07
10811 3.125288e-05 2.231720e-07
10812 3.124889e-05 2.229704e-07
10813 3.124492e-05 2.227690e-07
10814 3.124094e-05 2.225677e-07
10815 3.123698e-05 2.223666e-07
10816 3.123301e-05 2.221657e-07
10817 3.122906e-05 2.219650e-07
10818 3.122510e-05 2.217645e-07
10819 3.122116e-05 2.215641e-07
10820 3.121721e-05 2.213640e-07
10821 3.121328e-05 2.211640e-07
10822 3.120934e-05 2.209642e-07
10823 3.120541e-05 2.207645e-07
10824 3.120149e-05 2.205651e-07
10825 3.119757e-05 2.203658e-07
10826 3.119366e-05 2.201667e-07
10827 3.118975e-05 2.199678e-07
10828 3.118585e-05 2.197691e-07
10829 3.118195e-05 2.195706e-07
10830 3.117806e-05 2.193722e-07
10831 3.117417e-05 2.191740e-07
10832 3.117029e-05 2.189760e-07
10833 3.116641e-05 2.187782e-07
10834 3.116253e-05 2.185805e-07
10835 3.115866e-05 2.183830e-07
10836 3.115480e-05 2.181857e-07
10837 3.115094e-05 2.179886e-07
10838 3.114709e-05 2.177917e-07
10839 3.114324e-05 2.175949e-07
10840 3.113939e-05 2.173983e-07
10841 3.113555e-05 2.172019e-07
10842 3.113172e-05 2.170057e-07
10843 3.112789e-05 2.168096e-07
10844 3.112406e-05 2.166138e-07
10845 3.112024e-05 2.164181e-07
10846 3.111642e-05 2.162225e-07
10847 3.111261e-05 2.160272e-07
10848 3.110881e-05 2.158320e-07
10849 3.110500e-05 2.156370e-07
10850 3.110121e-05 2.154422e-07
10851 3.109742e-05 2.152476e-07
10852 3.109363e-05 2.150531e-07
10853 3.108985e-05 2.148588e-07
10854 3.108607e-05 2.146647e-07
10855 3.108229e-05 2.144708e-07
10856 3.107853e-05 2.142770e-07
10857 3.107476e-05 2.140834e-07
10858 3.107100e-05 2.138900e-07
10859 3.106725e-05 2.136968e-07
10860 3.106350e-05 2.135037e-07
10861 3.105976e-05 2.133108e-07
10862 3.105602e-05 2.131181e-07
10863 3.105228e-05 2.129256e-07
10864 3.104855e-05 2.127332e-07
10865 3.104482e-05 2.125410e-07
10866 3.104110e-05 2.123490e-07
10867 3.103738e-05 2.121571e-07
10868 3.103367e-05 2.119655e-07
10869 3.102997e-05 2.117740e-07
10870 3.102626e-05 2.115826e-07
10871 3.102256e-05 2.113915e-07
10872 3.101887e-05 2.112005e-07
10873 3.101518e-05 2.110097e-07
10874 3.101150e-05 2.108191e-07
10875 3.100782e-05 2.106286e-07
10876 3.100414e-05 2.104383e-07
10877 3.100047e-05 2.102482e-07
10878 3.099681e-05 2.100582e-07
10879 3.099314e-05 2.098685e-07
10880 3.098949e-05 2.096789e-07
10881 3.098584e-05 2.094894e-07
10882 3.098219e-05 2.093002e-07
10883 3.097855e-05 2.091111e-07
10884 3.097491e-05 2.089221e-07
10885 3.097127e-05 2.087334e-07
10886 3.096764e-05 2.085448e-07
10887 3.096402e-05 2.083564e-07
10888 3.096040e-05 2.081682e-07
10889 3.095678e-05 2.079801e-07
10890 3.095317e-05 2.077922e-07
10891 3.094957e-05 2.076045e-07
10892 3.094596e-05 2.074169e-07
10893 3.094237e-05 2.072295e-07
10894 3.093877e-05 2.070423e-07
10895 3.093518e-05 2.068553e-07
10896 3.093160e-05 2.066684e-07
10897 3.092802e-05 2.064817e-07
10898 3.092444e-05 2.062951e-07
10899 3.092087e-05 2.061087e-07
10900 3.091731e-05 2.059225e-07
10901 3.091375e-05 2.057365e-07
10902 3.091019e-05 2.055506e-07
10903 3.090664e-05 2.053649e-07
10904 3.090309e-05 2.051794e-07
10905 3.089954e-05 2.049940e-07
10906 3.089600e-05 2.048088e-07
10907 3.089247e-05 2.046238e-07
10908 3.088894e-05 2.044389e-07
10909 3.088541e-05 2.042542e-07
10910 3.088189e-05 2.040697e-07
10911 3.087837e-05 2.038853e-07
10912 3.087486e-05 2.037011e-07
10913 3.087135e-05 2.035171e-07
10914 3.086785e-05 2.033332e-07
10915 3.086435e-05 2.031495e-07
10916 3.086085e-05 2.029660e-07
10917 3.085736e-05 2.027826e-07
10918 3.085387e-05 2.025994e-07
10919 3.085039e-05 2.024164e-07
10920 3.084691e-05 2.022335e-07
10921 3.084344e-05 2.020508e-07
10922 3.083997e-05 2.018682e-07
10923 3.083650e-05 2.016859e-07
10924 3.083304e-05 2.015037e-07
10925 3.082959e-05 2.013216e-07
10926 3.082613e-05 2.011397e-07
10927 3.082269e-05 2.009580e-07
10928 3.081924e-05 2.007765e-07
10929 3.081580e-05 2.005951e-07
10930 3.081237e-05 2.004138e-07
10931 3.080894e-05 2.002328e-07
10932 3.080551e-05 2.000519e-07
10933 3.080209e-05 1.998711e-07
10934 3.079867e-05 1.996906e-07
10935 3.079526e-05 1.995102e-07
10936 3.079185e-05 1.993299e-07
10937 3.078844e-05 1.991498e-07
10938 3.078504e-05 1.989699e-07
10939 3.078165e-05 1.987901e-07
10940 3.077825e-05 1.986106e-07
10941 3.077486e-05 1.984311e-07
10942 3.077148e-05 1.982518e-07
10943 3.076810e-05 1.980727e-07
10944 3.076473e-05 1.978938e-07
10945 3.076135e-05 1.977150e-07
10946 3.075799e-05 1.975364e-07
10947 3.075462e-05 1.973579e-07
10948 3.075127e-05 1.971796e-07
10949 3.074791e-05 1.970015e-07
10950 3.074456e-05 1.968235e-07
10951 3.074121e-05 1.966457e-07
10952 3.073787e-05 1.964680e-07
10953 3.073454e-05 1.962905e-07
10954 3.073120e-05 1.961132e-07
10955 3.072787e-05 1.959360e-07
10956 3.072455e-05 1.957590e-07
10957 3.072123e-05 1.955821e-07
10958 3.071791e-05 1.954054e-07
10959 3.071460e-05 1.952289e-07
10960 3.071129e-05 1.950525e-07
10961 3.070798e-05 1.948763e-07
10962 3.070468e-05 1.947002e-07
10963 3.070139e-05 1.945243e-07
10964 3.069809e-05 1.943486e-07
10965 3.069480e-05 1.941730e-07
10966 3.069152e-05 1.939976e-07
10967 3.068824e-05 1.938223e-07
10968 3.068496e-05 1.936472e-07
10969 3.068169e-05 1.934723e-07
10970 3.067843e-05 1.932975e-07
10971 3.067516e-05 1.931228e-07
10972 3.067190e-05 1.929484e-07
10973 3.066865e-05 1.927740e-07
10974 3.066539e-05 1.925999e-07
10975 3.066215e-05 1.924259e-07
10976 3.065890e-05 1.922520e-07
10977 3.065566e-05 1.920783e-07
10978 3.065243e-05 1.919048e-07
10979 3.064920e-05 1.917314e-07
10980 3.064597e-05 1.915582e-07
10981 3.064275e-05 1.913852e-07
10982 3.063953e-05 1.912122e-07
10983 3.063631e-05 1.910395e-07
10984 3.063310e-05 1.908669e-07
10985 3.062989e-05 1.906945e-07
10986 3.062669e-05 1.905222e-07
10987 3.062349e-05 1.903501e-07
10988 3.062030e-05 1.901781e-07
10989 3.061710e-05 1.900063e-07
10990 3.061392e-05 1.898346e-07
10991 3.061073e-05 1.896631e-07
10992 3.060755e-05 1.894918e-07
10993 3.060438e-05 1.893206e-07
10994 3.060121e-05 1.891495e-07
10995 3.059804e-05 1.889786e-07
10996 3.059488e-05 1.888079e-07
10997 3.059172e-05 1.886373e-07
10998 3.058856e-05 1.884669e-07
10999 3.058541e-05 1.882966e-07
11000 3.058226e-05 1.881265e-07
11001 3.057912e-05 1.879566e-07
11002 3.057598e-05 1.877867e-07
11003 3.057284e-05 1.876171e-07
11004 3.056971e-05 1.874476e-07
11005 3.056658e-05 1.872782e-07
11006 3.056345e-05 1.871090e-07
11007 3.056033e-05 1.869400e-07
11008 3.055722e-05 1.867711e-07
11009 3.055410e-05 1.866024e-07
11010 3.055099e-05 1.864338e-07
11011 3.054789e-05 1.862654e-07
11012 3.054479e-05 1.860971e-07
11013 3.054169e-05 1.859289e-07
11014 3.053860e-05 1.857610e-07
11015 3.053551e-05 1.855931e-07
11016 3.053242e-05 1.854255e-07
11017 3.052934e-05 1.852579e-07
11018 3.052626e-05 1.850906e-07
11019 3.052318e-05 1.849234e-07
11020 3.052011e-05 1.847563e-07
11021 3.051705e-05 1.845894e-07
11022 3.051398e-05 1.844226e-07
11023 3.051092e-05 1.842560e-07
11024 3.050787e-05 1.840895e-07
11025 3.050482e-05 1.839232e-07
11026 3.050177e-05 1.837570e-07
11027 3.049872e-05 1.835910e-07
11028 3.049568e-05 1.834252e-07
11029 3.049265e-05 1.832595e-07
11030 3.048961e-05 1.830939e-07
11031 3.048659e-05 1.829285e-07
11032 3.048356e-05 1.827632e-07
11033 3.048054e-05 1.825981e-07
11034 3.047752e-05 1.824331e-07
11035 3.047451e-05 1.822683e-07
11036 3.047150e-05 1.821036e-07
11037 3.046849e-05 1.819391e-07
11038 3.046549e-05 1.817747e-07
11039 3.046249e-05 1.816105e-07
11040 3.045949e-05 1.814464e-07
11041 3.045650e-05 1.812825e-07
11042 3.045351e-05 1.811187e-07
11043 3.045053e-05 1.809551e-07
11044 3.044755e-05 1.807916e-07
11045 3.044457e-05 1.806283e-07
11046 3.044160e-05 1.804651e-07
11047 3.043863e-05 1.803021e-07
11048 3.043566e-05 1.801392e-07
11049 3.043270e-05 1.799764e-07
11050 3.042974e-05 1.798138e-07
11051 3.042679e-05 1.796514e-07
11052 3.042383e-05 1.794891e-07
11053 3.042089e-05 1.793269e-07
11054 3.041794e-05 1.791649e-07
11055 3.041500e-05 1.790030e-07
11056 3.041207e-05 1.788413e-07
11057 3.040913e-05 1.786797e-07
11058 3.040620e-05 1.785183e-07
11059 3.040328e-05 1.783570e-07
11060 3.040036e-05 1.781959e-07
11061 3.039744e-05 1.780349e-07
11062 3.039452e-05 1.778741e-07
11063 3.039161e-05 1.777134e-07
11064 3.038870e-05 1.775528e-07
11065 3.038580e-05 1.773924e-07
11066 3.038290e-05 1.772321e-07
11067 3.038000e-05 1.770720e-07
11068 3.037711e-05 1.769120e-07
11069 3.037422e-05 1.767522e-07
11070 3.037133e-05 1.765925e-07
11071 3.036845e-05 1.764330e-07
11072 3.036557e-05 1.762736e-07
11073 3.036269e-05 1.761143e-07
11074 3.035982e-05 1.759552e-07
11075 3.035695e-05 1.757963e-07
11076 3.035409e-05 1.756374e-07
11077 3.035123e-05 1.754788e-07
11078 3.034837e-05 1.753202e-07
11079 3.034551e-05 1.751618e-07
11080 3.034266e-05 1.750036e-07
11081 3.033982e-05 1.748455e-07
11082 3.033697e-05 1.746875e-07
11083 3.033413e-05 1.745297e-07
11084 3.033130e-05 1.743720e-07
11085 3.032846e-05 1.742145e-07
11086 3.032563e-05 1.740571e-07
11087 3.032281e-05 1.738998e-07
11088 3.031998e-05 1.737427e-07
11089 3.031716e-05 1.735858e-07
11090 3.031435e-05 1.734289e-07
11091 3.031154e-05 1.732722e-07
11092 3.030873e-05 1.731157e-07
11093 3.030592e-05 1.729593e-07
11094 3.030312e-05 1.728030e-07
11095 3.030032e-05 1.726469e-07
11096 3.029753e-05 1.724909e-07
11097 3.029474e-05 1.723351e-07
11098 3.029195e-05 1.721794e-07
11099 3.028916e-05 1.720239e-07
11100 3.028638e-05 1.718684e-07
11101 3.028360e-05 1.717132e-07
11102 3.028083e-05 1.715580e-07
11103 3.027806e-05 1.714030e-07
11104 3.027529e-05 1.712482e-07
11105 3.027253e-05 1.710935e-07
11106 3.026977e-05 1.709389e-07
11107 3.026701e-05 1.707845e-07
11108 3.026425e-05 1.706302e-07
11109 3.026150e-05 1.704760e-07
11110 3.025876e-05 1.703220e-07
11111 3.025601e-05 1.701681e-07
11112 3.025327e-05 1.700144e-07
11113 3.025054e-05 1.698608e-07
11114 3.024780e-05 1.697073e-07
11115 3.024507e-05 1.695540e-07
11116 3.024235e-05 1.694008e-07
11117 3.023962e-05 1.692478e-07
11118 3.023690e-05 1.690949e-07
11119 3.023418e-05 1.689421e-07
11120 3.023147e-05 1.687895e-07
11121 3.022876e-05 1.686370e-07
11122 3.022605e-05 1.684846e-07
11123 3.022335e-05 1.683324e-07
11124 3.022065e-05 1.681803e-07
11125 3.021795e-05 1.680284e-07
11126 3.021526e-05 1.678766e-07
11127 3.021257e-05 1.677249e-07
11128 3.020988e-05 1.675734e-07
11129 3.020720e-05 1.674220e-07
11130 3.020452e-05 1.672707e-07
11131 3.020184e-05 1.671196e-07
11132 3.019917e-05 1.669686e-07
11133 3.019650e-05 1.668178e-07
11134 3.019383e-05 1.666671e-07
11135 3.019117e-05 1.665165e-07
11136 3.018851e-05 1.663661e-07
11137 3.018585e-05 1.662158e-07
11138 3.018320e-05 1.660656e-07
11139 3.018054e-05 1.659156e-07
11140 3.017790e-05 1.657657e-07
11141 3.017525e-05 1.656159e-07
11142 3.017261e-05 1.654663e-07
11143 3.016997e-05 1.653168e-07
11144 3.016734e-05 1.651674e-07
11145 3.016471e-05 1.650182e-07
11146 3.016208e-05 1.648691e-07
11147 3.015946e-05 1.647202e-07
11148 3.015683e-05 1.645714e-07
11149 3.015422e-05 1.644227e-07
11150 3.015160e-05 1.642741e-07
11151 3.014899e-05 1.641257e-07
11152 3.014638e-05 1.639775e-07
11153 3.014377e-05 1.638293e-07
11154 3.014117e-05 1.636813e-07
11155 3.013857e-05 1.635334e-07
11156 3.013598e-05 1.633857e-07
11157 3.013338e-05 1.632381e-07
11158 3.013079e-05 1.630906e-07
11159 3.012821e-05 1.629433e-07
11160 3.012563e-05 1.627960e-07
11161 3.012305e-05 1.626490e-07
11162 3.012047e-05 1.625020e-07
11163 3.011789e-05 1.623552e-07
11164 3.011532e-05 1.622085e-07
11165 3.011276e-05 1.620620e-07
11166 3.011019e-05 1.619156e-07
11167 3.010763e-05 1.617693e-07
11168 3.010507e-05 1.616231e-07
11169 3.010252e-05 1.614771e-07
11170 3.009997e-05 1.613312e-07
11171 3.009742e-05 1.611855e-07
11172 3.009487e-05 1.610399e-07
11173 3.009233e-05 1.608944e-07
11174 3.008979e-05 1.607490e-07
11175 3.008726e-05 1.606038e-07
11176 3.008472e-05 1.604587e-07
11177 3.008219e-05 1.603137e-07
11178 3.007967e-05 1.601689e-07
11179 3.007714e-05 1.600242e-07
11180 3.007462e-05 1.598796e-07
11181 3.007210e-05 1.597352e-07
11182 3.006959e-05 1.595909e-07
11183 3.006708e-05 1.594467e-07
11184 3.006457e-05 1.593026e-07
11185 3.006206e-05 1.591587e-07
11186 3.005956e-05 1.590149e-07
11187 3.005706e-05 1.588712e-07
11188 3.005457e-05 1.587277e-07
11189 3.005207e-05 1.585843e-07
11190 3.004958e-05 1.584410e-07
11191 3.004710e-05 1.582979e-07
11192 3.004461e-05 1.581549e-07
11193 3.004213e-05 1.580120e-07
11194 3.003966e-05 1.578692e-07
11195 3.003718e-05 1.577266e-07
11196 3.003471e-05 1.575841e-07
11197 3.003224e-05 1.574418e-07
11198 3.002977e-05 1.572995e-07
11199 3.002731e-05 1.571574e-07
11200 3.002485e-05 1.570154e-07
11201 3.002240e-05 1.568736e-07
11202 3.001994e-05 1.567318e-07
11203 3.001749e-05 1.565902e-07
11204 3.001504e-05 1.564488e-07
11205 3.001260e-05 1.563074e-07
11206 3.001016e-05 1.561662e-07
11207 3.000772e-05 1.560251e-07
11208 3.000528e-05 1.558842e-07
11209 3.000285e-05 1.557433e-07
11210 3.000042e-05 1.556026e-07
11211 2.999799e-05 1.554620e-07
11212 2.999557e-05 1.553216e-07
11213 2.999315e-05 1.551813e-07
11214 2.999073e-05 1.550411e-07
11215 2.998832e-05 1.549010e-07
11216 2.998591e-05 1.547611e-07
11217 2.998350e-05 1.546212e-07
11218 2.998109e-05 1.544815e-07
11219 2.997869e-05 1.543420e-07
11220 2.997629e-05 1.542025e-07
11221 2.997389e-05 1.540632e-07
11222 2.997150e-05 1.539240e-07
11223 2.996910e-05 1.537850e-07
11224 2.996672e-05 1.536460e-07
11225 2.996433e-05 1.535072e-07
11226 2.996195e-05 1.533685e-07
11227 2.995957e-05 1.532300e-07
11228 2.995719e-05 1.530915e-07
11229 2.995482e-05 1.529532e-07
11230 2.995245e-05 1.528151e-07
11231 2.995008e-05 1.526770e-07
11232 2.994771e-05 1.525391e-07
11233 2.994535e-05 1.524012e-07
11234 2.994299e-05 1.522636e-07
11235 2.994063e-05 1.521260e-07
11236 2.993828e-05 1.519886e-07
11237 2.993593e-05 1.518512e-07
11238 2.993358e-05 1.517141e-07
11239 2.993124e-05 1.515770e-07
11240 2.992889e-05 1.514401e-07
11241 2.992655e-05 1.513032e-07
11242 2.992422e-05 1.511665e-07
11243 2.992188e-05 1.510300e-07
11244 2.991955e-05 1.508935e-07
11245 2.991722e-05 1.507572e-07
11246 2.991490e-05 1.506210e-07
11247 2.991258e-05 1.504849e-07
11248 2.991026e-05 1.503490e-07
11249 2.990794e-05 1.502131e-07
11250 2.990563e-05 1.500774e-07
11251 2.990332e-05 1.499418e-07
11252 2.990101e-05 1.498064e-07
11253 2.989870e-05 1.496710e-07
11254 2.989640e-05 1.495358e-07
11255 2.989410e-05 1.494007e-07
11256 2.989180e-05 1.492657e-07
11257 2.988951e-05 1.491309e-07
11258 2.988722e-05 1.489962e-07
11259 2.988493e-05 1.488615e-07
11260 2.988264e-05 1.487271e-07
11261 2.988036e-05 1.485927e-07
11262 2.987808e-05 1.484584e-07
11263 2.987580e-05 1.483243e-07
11264 2.987353e-05 1.481903e-07
11265 2.987125e-05 1.480564e-07
11266 2.986898e-05 1.479227e-07
11267 2.986672e-05 1.477890e-07
11268 2.986445e-05 1.476555e-07
11269 2.986219e-05 1.475221e-07
11270 2.985993e-05 1.473888e-07
11271 2.985768e-05 1.472557e-07
11272 2.985543e-05 1.471226e-07
11273 2.985318e-05 1.469897e-07
11274 2.985093e-05 1.468569e-07
11275 2.984868e-05 1.467243e-07
11276 2.984644e-05 1.465917e-07
11277 2.984420e-05 1.464593e-07
11278 2.984197e-05 1.463269e-07
11279 2.983973e-05 1.461947e-07
11280 2.983750e-05 1.460627e-07
11281 2.983527e-05 1.459307e-07
11282 2.983305e-05 1.457989e-07
11283 2.983082e-05 1.456671e-07
11284 2.982860e-05 1.455355e-07
11285 2.982639e-05 1.454041e-07
11286 2.982417e-05 1.452727e-07
11287 2.982196e-05 1.451414e-07
11288 2.981975e-05 1.450103e-07
11289 2.981754e-05 1.448793e-07
11290 2.981534e-05 1.447484e-07
11291 2.981314e-05 1.446176e-07
11292 2.981094e-05 1.444870e-07
11293 2.980874e-05 1.443565e-07
11294 2.980655e-05 1.442260e-07
11295 2.980436e-05 1.440957e-07
11296 2.980217e-05 1.439656e-07
11297 2.979999e-05 1.438355e-07
11298 2.979780e-05 1.437055e-07
11299 2.979562e-05 1.435757e-07
11300 2.979345e-05 1.434460e-07
11301 2.979127e-05 1.433164e-07
11302 2.978910e-05 1.431869e-07
11303 2.978693e-05 1.430576e-07
11304 2.978476e-05 1.429283e-07
11305 2.978260e-05 1.427992e-07
11306 2.978044e-05 1.426702e-07
11307 2.977828e-05 1.425413e-07
11308 2.977612e-05 1.424125e-07
11309 2.977397e-05 1.422838e-07
11310 2.977181e-05 1.421553e-07
11311 2.976967e-05 1.420269e-07
11312 2.976752e-05 1.418986e-07
11313 2.976538e-05 1.417704e-07
11314 2.976324e-05 1.416423e-07
11315 2.976110e-05 1.415143e-07
11316 2.975896e-05 1.413865e-07
11317 2.975683e-05 1.412587e-07
11318 2.975470e-05 1.411311e-07
11319 2.975257e-05 1.410036e-07
11320 2.975044e-05 1.408762e-07
11321 2.974832e-05 1.407489e-07
11322 2.974620e-05 1.406218e-07
11323 2.974408e-05 1.404947e-07
11324 2.974197e-05 1.403678e-07
11325 2.973986e-05 1.402410e-07
11326 2.973775e-05 1.401143e-07
11327 2.973564e-05 1.399877e-07
11328 2.973353e-05 1.398612e-07
11329 2.973143e-05 1.397349e-07
11330 2.972933e-05 1.396086e-07
11331 2.972723e-05 1.394825e-07
11332 2.972514e-05 1.393565e-07
11333 2.972305e-05 1.392306e-07
11334 2.972096e-05 1.391048e-07
11335 2.971887e-05 1.389791e-07
11336 2.971679e-05 1.388536e-07
11337 2.971470e-05 1.387281e-07
11338 2.971262e-05 1.386028e-07
11339 2.971055e-05 1.384776e-07
11340 2.970847e-05 1.383525e-07
11341 2.970640e-05 1.382275e-07
11342 2.970433e-05 1.381026e-07
11343 2.970226e-05 1.379778e-07
11344 2.970020e-05 1.378532e-07
11345 2.969814e-05 1.377286e-07
11346 2.969608e-05 1.376042e-07
11347 2.969402e-05 1.374799e-07
11348 2.969197e-05 1.373557e-07
11349 2.968991e-05 1.372316e-07
11350 2.968786e-05 1.371076e-07
11351 2.968582e-05 1.369837e-07
11352 2.968377e-05 1.368600e-07
11353 2.968173e-05 1.367363e-07
11354 2.967969e-05 1.366128e-07
11355 2.967765e-05 1.364894e-07
11356 2.967562e-05 1.363661e-07
11357 2.967358e-05 1.362429e-07
11358 2.967155e-05 1.361198e-07
11359 2.966953e-05 1.359968e-07
11360 2.966750e-05 1.358739e-07
11361 2.966548e-05 1.357512e-07
11362 2.966346e-05 1.356285e-07
11363 2.966144e-05 1.355060e-07
11364 2.965943e-05 1.353836e-07
11365 2.965741e-05 1.352613e-07
11366 2.965540e-05 1.351391e-07
11367 2.965339e-05 1.350170e-07
11368 2.965139e-05 1.348950e-07
11369 2.964938e-05 1.347731e-07
11370 2.964738e-05 1.346514e-07
11371 2.964538e-05 1.345297e-07
11372 2.964339e-05 1.344082e-07
11373 2.964140e-05 1.342867e-07
11374 2.963940e-05 1.341654e-07
11375 2.963741e-05 1.340442e-07
11376 2.963543e-05 1.339231e-07
11377 2.963344e-05 1.338021e-07
11378 2.963146e-05 1.336812e-07
11379 2.962948e-05 1.335605e-07
11380 2.962751e-05 1.334398e-07
11381 2.962553e-05 1.333192e-07
11382 2.962356e-05 1.331988e-07
11383 2.962159e-05 1.330785e-07
11384 2.961962e-05 1.329582e-07
11385 2.961766e-05 1.328381e-07
11386 2.961569e-05 1.327181e-07
11387 2.961373e-05 1.325982e-07
11388 2.961178e-05 1.324784e-07
11389 2.960982e-05 1.323587e-07
11390 2.960787e-05 1.322391e-07
11391 2.960592e-05 1.321197e-07
11392 2.960397e-05 1.320003e-07
11393 2.960202e-05 1.318810e-07
11394 2.960008e-05 1.317619e-07
11395 2.959814e-05 1.316429e-07
11396 2.959620e-05 1.315239e-07
11397 2.959426e-05 1.314051e-07
11398 2.959232e-05 1.312864e-07
11399 2.959039e-05 1.311678e-07
11400 2.958846e-05 1.310493e-07
11401 2.958653e-05 1.309309e-07
11402 2.958461e-05 1.308126e-07
11403 2.958269e-05 1.306944e-07
11404 2.958077e-05 1.305763e-07
11405 2.957885e-05 1.304584e-07
11406 2.957693e-05 1.303405e-07
11407 2.957502e-05 1.302227e-07
11408 2.957310e-05 1.301051e-07
11409 2.957120e-05 1.299875e-07
11410 2.956929e-05 1.298701e-07
11411 2.956738e-05 1.297528e-07
11412 2.956548e-05 1.296356e-07
11413 2.956358e-05 1.295184e-07
11414 2.956168e-05 1.294014e-07
11415 2.955979e-05 1.292845e-07
11416 2.955789e-05 1.291677e-07
11417 2.955600e-05 1.290510e-07
11418 2.955411e-05 1.289344e-07
11419 2.955223e-05 1.288179e-07
11420 2.955034e-05 1.287016e-07
11421 2.954846e-05 1.285853e-07
11422 2.954658e-05 1.284691e-07
11423 2.954470e-05 1.283531e-07
11424 2.954283e-05 1.282371e-07
11425 2.954096e-05 1.281212e-07
11426 2.953909e-05 1.280055e-07
11427 2.953722e-05 1.278898e-07
11428 2.953535e-05 1.277743e-07
11429 2.953349e-05 1.276589e-07
11430 2.953162e-05 1.275435e-07
11431 2.952977e-05 1.274283e-07
11432 2.952791e-05 1.273132e-07
11433 2.952605e-05 1.271982e-07
11434 2.952420e-05 1.270832e-07
11435 2.952235e-05 1.269684e-07
11436 2.952050e-05 1.268537e-07
11437 2.951865e-05 1.267391e-07
11438 2.951681e-05 1.266246e-07
11439 2.951497e-05 1.265102e-07
11440 2.951313e-05 1.263959e-07
11441 2.951129e-05 1.262817e-07
11442 2.950946e-05 1.261676e-07
11443 2.950762e-05 1.260537e-07
11444 2.950579e-05 1.259398e-07
11445 2.950396e-05 1.258260e-07
11446 2.950214e-05 1.257123e-07
11447 2.950031e-05 1.255987e-07
11448 2.949849e-05 1.254853e-07
11449 2.949667e-05 1.253719e-07
11450 2.949485e-05 1.252586e-07
11451 2.949304e-05 1.251455e-07
11452 2.949122e-05 1.250324e-07
11453 2.948941e-05 1.249194e-07
11454 2.948760e-05 1.248066e-07
11455 2.948580e-05 1.246938e-07
11456 2.948399e-05 1.245812e-07
11457 2.948219e-05 1.244686e-07
11458 2.948039e-05 1.243562e-07
11459 2.947859e-05 1.242438e-07
11460 2.947679e-05 1.241316e-07
11461 2.947500e-05 1.240194e-07
11462 2.947321e-05 1.239074e-07
11463 2.947142e-05 1.237954e-07
11464 2.946963e-05 1.236836e-07
11465 2.946784e-05 1.235719e-07
11466 2.946606e-05 1.234602e-07
11467 2.946428e-05 1.233487e-07
11468 2.946250e-05 1.232372e-07
11469 2.946072e-05 1.231259e-07
11470 2.945895e-05 1.230147e-07
11471 2.945717e-05 1.229035e-07
11472 2.945540e-05 1.227925e-07
11473 2.945363e-05 1.226816e-07
11474 2.945187e-05 1.225707e-07
11475 2.945010e-05 1.224600e-07
11476 2.944834e-05 1.223493e-07
11477 2.944658e-05 1.222388e-07
11478 2.944482e-05 1.221284e-07
11479 2.944307e-05 1.220180e-07
11480 2.944131e-05 1.219078e-07
11481 2.943956e-05 1.217977e-07
11482 2.943781e-05 1.216876e-07
11483 2.943606e-05 1.215777e-07
11484 2.943432e-05 1.214679e-07
11485 2.943257e-05 1.213581e-07
11486 2.943083e-05 1.212485e-07
11487 2.942909e-05 1.211389e-07
11488 2.942736e-05 1.210295e-07
11489 2.942562e-05 1.209201e-07
11490 2.942389e-05 1.208109e-07
11491 2.942216e-05 1.207018e-07
11492 2.942043e-05 1.205927e-07
11493 2.941870e-05 1.204838e-07
11494 2.941698e-05 1.203749e-07
11495 2.941525e-05 1.202662e-07
11496 2.941353e-05 1.201575e-07
11497 2.941181e-05 1.200489e-07
11498 2.941010e-05 1.199405e-07
11499 2.940838e-05 1.198321e-07
11500 2.940667e-05 1.197239e-07
11501 2.940496e-05 1.196157e-07
11502 2.940325e-05 1.195076e-07
11503 2.940154e-05 1.193997e-07
11504 2.939984e-05 1.192918e-07
11505 2.939814e-05 1.191840e-07
11506 2.939643e-05 1.190763e-07
11507 2.939474e-05 1.189688e-07
11508 2.939304e-05 1.188613e-07
11509 2.939134e-05 1.187539e-07
11510 2.938965e-05 1.186466e-07
11511 2.938796e-05 1.185394e-07
11512 2.938627e-05 1.184323e-07
11513 2.938459e-05 1.183253e-07
11514 2.938290e-05 1.182184e-07
11515 2.938122e-05 1.181116e-07
11516 2.937954e-05 1.180049e-07
11517 2.937786e-05 1.178983e-07
11518 2.937618e-05 1.177918e-07
11519 2.937451e-05 1.176854e-07
11520 2.937284e-05 1.175791e-07
11521 2.937117e-05 1.174728e-07
11522 2.936950e-05 1.173667e-07
11523 2.936783e-05 1.172607e-07
11524 2.936617e-05 1.171547e-07
11525 2.936450e-05 1.170489e-07
11526 2.936284e-05 1.169431e-07
11527 2.936118e-05 1.168375e-07
11528 2.935953e-05 1.167319e-07
11529 2.935787e-05 1.166265e-07
11530 2.935622e-05 1.165211e-07
11531 2.935457e-05 1.164158e-07
11532 2.935292e-05 1.163107e-07
11533 2.935127e-05 1.162056e-07
11534 2.934963e-05 1.161006e-07
11535 2.934799e-05 1.159957e-07
11536 2.934634e-05 1.158909e-07
11537 2.934470e-05 1.157862e-07
11538 2.934307e-05 1.156816e-07
11539 2.934143e-05 1.155771e-07
11540 2.933980e-05 1.154727e-07
11541 2.933817e-05 1.153683e-07
11542 2.933654e-05 1.152641e-07
11543 2.933491e-05 1.151600e-07
11544 2.933328e-05 1.150559e-07
11545 2.933166e-05 1.149520e-07
11546 2.933004e-05 1.148481e-07
11547 2.932842e-05 1.147444e-07
11548 2.932680e-05 1.146407e-07
11549 2.932518e-05 1.145371e-07
11550 2.932357e-05 1.144337e-07
11551 2.932196e-05 1.143303e-07
11552 2.932035e-05 1.142270e-07
11553 2.931874e-05 1.141238e-07
11554 2.931713e-05 1.140207e-07
11555 2.931553e-05 1.139177e-07
11556 2.931393e-05 1.138148e-07
11557 2.931232e-05 1.137119e-07
11558 2.931073e-05 1.136092e-07
11559 2.930913e-05 1.135066e-07
11560 2.930753e-05 1.134040e-07
11561 2.930594e-05 1.133016e-07
11562 2.930435e-05 1.131992e-07
11563 2.930276e-05 1.130969e-07
11564 2.930117e-05 1.129947e-07
11565 2.929958e-05 1.128927e-07
11566 2.929800e-05 1.127907e-07
11567 2.929642e-05 1.126888e-07
11568 2.929484e-05 1.125870e-07
11569 2.929326e-05 1.124852e-07
11570 2.929168e-05 1.123836e-07
11571 2.929011e-05 1.122821e-07
11572 2.928854e-05 1.121807e-07
11573 2.928697e-05 1.120793e-07
11574 2.928540e-05 1.119780e-07
11575 2.928383e-05 1.118769e-07
11576 2.928226e-05 1.117758e-07
11577 2.928070e-05 1.116748e-07
11578 2.927914e-05 1.115739e-07
11579 2.927758e-05 1.114731e-07
11580 2.927602e-05 1.113724e-07
11581 2.927446e-05 1.112718e-07
11582 2.927291e-05 1.111713e-07
11583 2.927136e-05 1.110708e-07
11584 2.926981e-05 1.109705e-07
11585 2.926826e-05 1.108702e-07
11586 2.926671e-05 1.107701e-07
11587 2.926516e-05 1.106700e-07
11588 2.926362e-05 1.105700e-07
11589 2.926208e-05 1.104701e-07
11590 2.926054e-05 1.103703e-07
11591 2.925900e-05 1.102706e-07
11592 2.925747e-05 1.101710e-07
11593 2.925593e-05 1.100714e-07
11594 2.925440e-05 1.099720e-07
11595 2.925287e-05 1.098726e-07
11596 2.925134e-05 1.097734e-07
11597 2.924981e-05 1.096742e-07
11598 2.924829e-05 1.095751e-07
11599 2.924676e-05 1.094761e-07
11600 2.924524e-05 1.093772e-07
11601 2.924372e-05 1.092784e-07
11602 2.924220e-05 1.091797e-07
11603 2.924069e-05 1.090810e-07
11604 2.923917e-05 1.089825e-07
11605 2.923766e-05 1.088840e-07
11606 2.923615e-05 1.087857e-07
11607 2.923464e-05 1.086874e-07
11608 2.923313e-05 1.085892e-07
11609 2.923162e-05 1.084911e-07
11610 2.923012e-05 1.083931e-07
11611 2.922862e-05 1.082951e-07
11612 2.922712e-05 1.081973e-07
11613 2.922562e-05 1.080995e-07
11614 2.922412e-05 1.080019e-07
11615 2.922263e-05 1.079043e-07
11616 2.922113e-05 1.078068e-07
11617 2.921964e-05 1.077094e-07
11618 2.921815e-05 1.076121e-07
11619 2.921666e-05 1.075149e-07
11620 2.921518e-05 1.074178e-07
11621 2.921369e-05 1.073207e-07
11622 2.921221e-05 1.072238e-07
11623 2.921073e-05 1.071269e-07
11624 2.920925e-05 1.070301e-07
11625 2.920777e-05 1.069334e-07
11626 2.920629e-05 1.068368e-07
11627 2.920482e-05 1.067403e-07
11628 2.920335e-05 1.066438e-07
11629 2.920188e-05 1.065475e-07
11630 2.920041e-05 1.064512e-07
11631 2.919894e-05 1.063551e-07
11632 2.919747e-05 1.062590e-07
11633 2.919601e-05 1.061630e-07
11634 2.919455e-05 1.060671e-07
11635 2.919309e-05 1.059712e-07
11636 2.919163e-05 1.058755e-07
11637 2.919017e-05 1.057799e-07
11638 2.918871e-05 1.056843e-07
11639 2.918726e-05 1.055888e-07
11640 2.918581e-05 1.054934e-07
11641 2.918436e-05 1.053981e-07
11642 2.918291e-05 1.053029e-07
11643 2.918146e-05 1.052077e-07
11644 2.918002e-05 1.051127e-07
11645 2.917857e-05 1.050177e-07
11646 2.917713e-05 1.049229e-07
11647 2.917569e-05 1.048281e-07
11648 2.917425e-05 1.047334e-07
11649 2.917282e-05 1.046387e-07
11650 2.917138e-05 1.045442e-07
11651 2.916995e-05 1.044498e-07
11652 2.916852e-05 1.043554e-07
11653 2.916709e-05 1.042611e-07
11654 2.916566e-05 1.041669e-07
11655 2.916423e-05 1.040728e-07
11656 2.916280e-05 1.039788e-07
11657 2.916138e-05 1.038848e-07
11658 2.915996e-05 1.037910e-07
11659 2.915854e-05 1.036972e-07
11660 2.915712e-05 1.036035e-07
11661 2.915570e-05 1.035099e-07
11662 2.915429e-05 1.034164e-07
11663 2.915287e-05 1.033230e-07
11664 2.915146e-05 1.032296e-07
11665 2.915005e-05 1.031364e-07
11666 2.914864e-05 1.030432e-07
11667 2.914724e-05 1.029501e-07
11668 2.914583e-05 1.028571e-07
11669 2.914443e-05 1.027642e-07
11670 2.914303e-05 1.026713e-07
11671 2.914163e-05 1.025786e-07
11672 2.914023e-05 1.024859e-07
11673 2.913883e-05 1.023933e-07
11674 2.913743e-05 1.023008e-07
11675 2.913604e-05 1.022084e-07
11676 2.913465e-05 1.021160e-07
11677 2.913326e-05 1.020238e-07
11678 2.913187e-05 1.019316e-07
11679 2.913048e-05 1.018395e-07
11680 2.912909e-05 1.017475e-07
11681 2.912771e-05 1.016556e-07
11682 2.912633e-05 1.015637e-07
11683 2.912495e-05 1.014720e-07
11684 2.912357e-05 1.013803e-07
11685 2.912219e-05 1.012887e-07
11686 2.912081e-05 1.011972e-07
11687 2.911944e-05 1.011058e-07
11688 2.911807e-05 1.010144e-07
11689 2.911669e-05 1.009232e-07
11690 2.911532e-05 1.008320e-07
11691 2.911396e-05 1.007409e-07
11692 2.911259e-05 1.006499e-07
11693 2.911122e-05 1.005590e-07
11694 2.910986e-05 1.004681e-07
11695 2.910850e-05 1.003773e-07
11696 2.910714e-05 1.002867e-07
11697 2.910578e-05 1.001961e-07
11698 2.910442e-05 1.001055e-07
11699 2.910307e-05 1.000151e-07
11700 2.910171e-05 9.992474e-08
11701 2.910036e-05 9.983446e-08
11702 2.909901e-05 9.974427e-08
11703 2.909766e-05 9.965415e-08
11704 2.909631e-05 9.956412e-08
11705 2.909497e-05 9.947417e-08
11706 2.909362e-05 9.938430e-08
11707 2.909228e-05 9.929451e-08
11708 2.909094e-05 9.920481e-08
11709 2.908960e-05 9.911518e-08
11710 2.908826e-05 9.902563e-08
11711 2.908692e-05 9.893617e-08
11712 2.908559e-05 9.884679e-08
11713 2.908425e-05 9.875748e-08
11714 2.908292e-05 9.866826e-08
11715 2.908159e-05 9.857912e-08
11716 2.908026e-05 9.849006e-08
11717 2.907894e-05 9.840108e-08
11718 2.907761e-05 9.831218e-08
11719 2.907628e-05 9.822336e-08
11720 2.907496e-05 9.813462e-08
11721 2.907364e-05 9.804596e-08
11722 2.907232e-05 9.795738e-08
11723 2.907100e-05 9.786888e-08
11724 2.906969e-05 9.778046e-08
11725 2.906837e-05 9.769212e-08
11726 2.906706e-05 9.760387e-08
11727 2.906574e-05 9.751569e-08
11728 2.906443e-05 9.742759e-08
11729 2.906312e-05 9.733957e-08
11730 2.906182e-05 9.725162e-08
11731 2.906051e-05 9.716376e-08
11732 2.905921e-05 9.707598e-08
11733 2.905790e-05 9.698828e-08
11734 2.905660e-05 9.690065e-08
11735 2.905530e-05 9.681311e-08
11736 2.905400e-05 9.672564e-08
11737 2.905271e-05 9.663826e-08
11738 2.905141e-05 9.655095e-08
11739 2.905012e-05 9.646372e-08
11740 2.904882e-05 9.637657e-08
11741 2.904753e-05 9.628950e-08
11742 2.904624e-05 9.620251e-08
11743 2.904495e-05 9.611560e-08
11744 2.904367e-05 9.602876e-08
11745 2.904238e-05 9.594200e-08
11746 2.904110e-05 9.585533e-08
11747 2.903982e-05 9.576873e-08
11748 2.903854e-05 9.568220e-08
11749 2.903726e-05 9.559576e-08
11750 2.903598e-05 9.550939e-08
11751 2.903470e-05 9.542311e-08
11752 2.903343e-05 9.533690e-08
11753 2.903216e-05 9.525077e-08
11754 2.903088e-05 9.516471e-08
11755 2.902961e-05 9.507874e-08
11756 2.902834e-05 9.499284e-08
11757 2.902708e-05 9.490702e-08
11758 2.902581e-05 9.482127e-08
11759 2.902455e-05 9.473561e-08
11760 2.902328e-05 9.465002e-08
11761 2.902202e-05 9.456451e-08
11762 2.902076e-05 9.447907e-08
11763 2.901950e-05 9.439372e-08
11764 2.901825e-05 9.430844e-08
11765 2.901699e-05 9.422324e-08
11766 2.901574e-05 9.413811e-08
11767 2.901448e-05 9.405306e-08
11768 2.901323e-05 9.396809e-08
11769 2.901198e-05 9.388319e-08
11770 2.901073e-05 9.379838e-08
11771 2.900949e-05 9.371363e-08
11772 2.900824e-05 9.362897e-08
11773 2.900700e-05 9.354438e-08
11774 2.900575e-05 9.345987e-08
11775 2.900451e-05 9.337543e-08
11776 2.900327e-05 9.329107e-08
11777 2.900203e-05 9.320679e-08
11778 2.900080e-05 9.312258e-08
11779 2.899956e-05 9.303845e-08
11780 2.899833e-05 9.295440e-08
11781 2.899709e-05 9.287042e-08
11782 2.899586e-05 9.278651e-08
11783 2.899463e-05 9.270269e-08
11784 2.899340e-05 9.261893e-08
11785 2.899218e-05 9.253526e-08
11786 2.899095e-05 9.245166e-08
11787 2.898973e-05 9.236813e-08
11788 2.898850e-05 9.228468e-08
11789 2.898728e-05 9.220131e-08
11790 2.898606e-05 9.211801e-08
11791 2.898484e-05 9.203479e-08
11792 2.898363e-05 9.195164e-08
11793 2.898241e-05 9.186857e-08
11794 2.898119e-05 9.178557e-08
11795 2.897998e-05 9.170264e-08
11796 2.897877e-05 9.161980e-08
11797 2.897756e-05 9.153702e-08
11798 2.897635e-05 9.145432e-08
11799 2.897514e-05 9.137170e-08
11800 2.897394e-05 9.128915e-08
11801 2.897273e-05 9.120668e-08
11802 2.897153e-05 9.112428e-08
11803 2.897033e-05 9.104195e-08
11804 2.896913e-05 9.095970e-08
11805 2.896793e-05 9.087752e-08
11806 2.896673e-05 9.079542e-08
11807 2.896553e-05 9.071339e-08
11808 2.896434e-05 9.063143e-08
11809 2.896314e-05 9.054955e-08
11810 2.896195e-05 9.046775e-08
11811 2.896076e-05 9.038602e-08
11812 2.895957e-05 9.030436e-08
11813 2.895838e-05 9.022277e-08
11814 2.895719e-05 9.014126e-08
11815 2.895601e-05 9.005982e-08
11816 2.895483e-05 8.997846e-08
11817 2.895364e-05 8.989717e-08
11818 2.895246e-05 8.981595e-08
11819 2.895128e-05 8.973481e-08
11820 2.895010e-05 8.965374e-08
11821 2.894892e-05 8.957274e-08
11822 2.894775e-05 8.949181e-08
11823 2.894657e-05 8.941096e-08
11824 2.894540e-05 8.933019e-08
11825 2.894423e-05 8.924948e-08
11826 2.894306e-05 8.916885e-08
11827 2.894189e-05 8.908829e-08
11828 2.894072e-05 8.900780e-08
11829 2.893955e-05 8.892739e-08
11830 2.893839e-05 8.884705e-08
11831 2.893722e-05 8.876678e-08
11832 2.893606e-05 8.868658e-08
11833 2.893490e-05 8.860646e-08
11834 2.893374e-05 8.852641e-08
11835 2.893258e-05 8.844643e-08
11836 2.893142e-05 8.836652e-08
11837 2.893027e-05 8.828669e-08
11838 2.892911e-05 8.820693e-08
11839 2.892796e-05 8.812724e-08
11840 2.892681e-05 8.804762e-08
11841 2.892566e-05 8.796807e-08
11842 2.892451e-05 8.788860e-08
11843 2.892336e-05 8.780920e-08
11844 2.892221e-05 8.772987e-08
11845 2.892107e-05 8.765061e-08
11846 2.891992e-05 8.757142e-08
11847 2.891878e-05 8.749230e-08
11848 2.891764e-05 8.741326e-08
11849 2.891650e-05 8.733429e-08
11850 2.891536e-05 8.725538e-08
11851 2.891422e-05 8.717655e-08
11852 2.891308e-05 8.709779e-08
11853 2.891195e-05 8.701911e-08
11854 2.891082e-05 8.694049e-08
11855 2.890968e-05 8.686194e-08
11856 2.890855e-05 8.678347e-08
11857 2.890742e-05 8.670506e-08
11858 2.890629e-05 8.662673e-08
11859 2.890517e-05 8.654847e-08
11860 2.890404e-05 8.647028e-08
11861 2.890291e-05 8.639216e-08
11862 2.890179e-05 8.631411e-08
11863 2.890067e-05 8.623613e-08
11864 2.889955e-05 8.615822e-08
11865 2.889843e-05 8.608038e-08
11866 2.889731e-05 8.600261e-08
11867 2.889619e-05 8.592491e-08
11868 2.889508e-05 8.584728e-08
11869 2.889396e-05 8.576972e-08
11870 2.889285e-05 8.569223e-08
11871 2.889174e-05 8.561482e-08
11872 2.889063e-05 8.553747e-08
11873 2.888952e-05 8.546019e-08
11874 2.888841e-05 8.538298e-08
11875 2.888730e-05 8.530584e-08
11876 2.888620e-05 8.522877e-08
11877 2.888509e-05 8.515177e-08
11878 2.888399e-05 8.507484e-08
11879 2.888289e-05 8.499798e-08
11880 2.888179e-05 8.492119e-08
11881 2.888069e-05 8.484447e-08
11882 2.887959e-05 8.476782e-08
11883 2.887849e-05 8.469123e-08
11884 2.887740e-05 8.461472e-08
11885 2.887630e-05 8.453828e-08
11886 2.887521e-05 8.446190e-08
11887 2.887412e-05 8.438559e-08
11888 2.887302e-05 8.430936e-08
11889 2.887194e-05 8.423319e-08
11890 2.887085e-05 8.415709e-08
11891 2.886976e-05 8.408106e-08
11892 2.886867e-05 8.400509e-08
11893 2.886759e-05 8.392920e-08
11894 2.886651e-05 8.385337e-08
11895 2.886542e-05 8.377762e-08
11896 2.886434e-05 8.370193e-08
11897 2.886326e-05 8.362631e-08
11898 2.886219e-05 8.355076e-08
11899 2.886111e-05 8.347527e-08
11900 2.886003e-05 8.339986e-08
11901 2.885896e-05 8.332451e-08
11902 2.885788e-05 8.324923e-08
11903 2.885681e-05 8.317402e-08
11904 2.885574e-05 8.309888e-08
11905 2.885467e-05 8.302380e-08
11906 2.885360e-05 8.294879e-08
11907 2.885253e-05 8.287385e-08
11908 2.885147e-05 8.279898e-08
11909 2.885040e-05 8.272418e-08
11910 2.884934e-05 8.264944e-08
11911 2.884828e-05 8.257477e-08
11912 2.884722e-05 8.250017e-08
11913 2.884616e-05 8.242564e-08
11914 2.884510e-05 8.235117e-08
11915 2.884404e-05 8.227677e-08
11916 2.884298e-05 8.220244e-08
11917 2.884193e-05 8.212817e-08
11918 2.884087e-05 8.205397e-08
11919 2.883982e-05 8.197984e-08
11920 2.883877e-05 8.190578e-08
11921 2.883772e-05 8.183178e-08
11922 2.883667e-05 8.175785e-08
11923 2.883562e-05 8.168399e-08
11924 2.883457e-05 8.161019e-08
11925 2.883353e-05 8.153646e-08
11926 2.883248e-05 8.146279e-08
11927 2.883144e-05 8.138920e-08
11928 2.883040e-05 8.131567e-08
11929 2.882936e-05 8.124220e-08
11930 2.882832e-05 8.116880e-08
11931 2.882728e-05 8.109547e-08
11932 2.882624e-05 8.102221e-08
11933 2.882520e-05 8.094901e-08
11934 2.882417e-05 8.087588e-08
11935 2.882313e-05 8.080281e-08
11936 2.882210e-05 8.072981e-08
11937 2.882107e-05 8.065687e-08
11938 2.882004e-05 8.058400e-08
11939 2.881901e-05 8.051120e-08
11940 2.881798e-05 8.043846e-08
11941 2.881695e-05 8.036579e-08
11942 2.881593e-05 8.029319e-08
11943 2.881490e-05 8.022065e-08
11944 2.881388e-05 8.014817e-08
11945 2.881286e-05 8.007576e-08
11946 2.881184e-05 8.000342e-08
11947 2.881082e-05 7.993114e-08
11948 2.880980e-05 7.985892e-08
11949 2.880878e-05 7.978678e-08
11950 2.880776e-05 7.971469e-08
11951 2.880675e-05 7.964268e-08
11952 2.880573e-05 7.957072e-08
11953 2.880472e-05 7.949884e-08
11954 2.880371e-05 7.942701e-08
11955 2.880270e-05 7.935525e-08
11956 2.880169e-05 7.928356e-08
11957 2.880068e-05 7.921193e-08
11958 2.879967e-05 7.914037e-08
11959 2.879866e-05 7.906887e-08
11960 2.879766e-05 7.899744e-08
11961 2.879665e-05 7.892607e-08
11962 2.879565e-05 7.885476e-08
11963 2.879465e-05 7.878352e-08
11964 2.879365e-05 7.871234e-08
11965 2.879265e-05 7.864123e-08
11966 2.879165e-05 7.857018e-08
11967 2.879065e-05 7.849920e-08
11968 2.878966e-05 7.842828e-08
11969 2.878866e-05 7.835742e-08
11970 2.878767e-05 7.828663e-08
11971 2.878667e-05 7.821590e-08
11972 2.878568e-05 7.814524e-08
11973 2.878469e-05 7.807464e-08
11974 2.878370e-05 7.800410e-08
11975 2.878271e-05 7.793363e-08
11976 2.878173e-05 7.786322e-08
11977 2.878074e-05 7.779288e-08
11978 2.877976e-05 7.772260e-08
11979 2.877877e-05 7.765238e-08
11980 2.877779e-05 7.758222e-08
11981 2.877681e-05 7.751213e-08
11982 2.877583e-05 7.744210e-08
11983 2.877485e-05 7.737214e-08
11984 2.877387e-05 7.730224e-08
11985 2.877289e-05 7.723240e-08
11986 2.877191e-05 7.716262e-08
11987 2.877094e-05 7.709291e-08
11988 2.876997e-05 7.702326e-08
11989 2.876899e-05 7.695368e-08
11990 2.876802e-05 7.688415e-08
11991 2.876705e-05 7.681469e-08
11992 2.876608e-05 7.674530e-08
11993 2.876511e-05 7.667596e-08
11994 2.876414e-05 7.660669e-08
11995 2.876318e-05 7.653748e-08
11996 2.876221e-05 7.646833e-08
11997 2.876125e-05 7.639925e-08
11998 2.876029e-05 7.633022e-08
11999 2.875932e-05 7.626126e-08
12000 2.875836e-05 7.619236e-08
12001 2.875740e-05 7.612353e-08
12002 2.875644e-05 7.605476e-08
12003 2.875549e-05 7.598604e-08
12004 2.875453e-05 7.591740e-08
12005 2.875357e-05 7.584881e-08
12006 2.875262e-05 7.578028e-08
12007 2.875167e-05 7.571182e-08
12008 2.875071e-05 7.564342e-08
12009 2.874976e-05 7.557508e-08
12010 2.874881e-05 7.550680e-08
12011 2.874786e-05 7.543858e-08
12012 2.874691e-05 7.537043e-08
12013 2.874597e-05 7.530234e-08
12014 2.874502e-05 7.523430e-08
12015 2.874408e-05 7.516633e-08
12016 2.874313e-05 7.509843e-08
12017 2.874219e-05 7.503058e-08
12018 2.874125e-05 7.496279e-08
12019 2.874031e-05 7.489507e-08
12020 2.873937e-05 7.482740e-08
12021 2.873843e-05 7.475980e-08
12022 2.873749e-05 7.469226e-08
12023 2.873655e-05 7.462478e-08
12024 2.873562e-05 7.455736e-08
12025 2.873468e-05 7.449000e-08
12026 2.873375e-05 7.442270e-08
12027 2.873282e-05 7.435547e-08
12028 2.873189e-05 7.428829e-08
12029 2.873096e-05 7.422118e-08
12030 2.873003e-05 7.415412e-08
12031 2.872910e-05 7.408713e-08
12032 2.872817e-05 7.402019e-08
12033 2.872725e-05 7.395332e-08
12034 2.872632e-05 7.388651e-08
12035 2.872540e-05 7.381976e-08
12036 2.872447e-05 7.375306e-08
12037 2.872355e-05 7.368643e-08
12038 2.872263e-05 7.361986e-08
12039 2.872171e-05 7.355335e-08
12040 2.872079e-05 7.348690e-08
12041 2.871987e-05 7.342051e-08
12042 2.871896e-05 7.335417e-08
12043 2.871804e-05 7.328790e-08
12044 2.871713e-05 7.322169e-08
12045 2.871621e-05 7.315554e-08
12046 2.871530e-05 7.308945e-08
12047 2.871439e-05 7.302342e-08
12048 2.871348e-05 7.295744e-08
12049 2.871257e-05 7.289153e-08
12050 2.871166e-05 7.282568e-08
12051 2.871075e-05 7.275988e-08
12052 2.870985e-05 7.269415e-08
12053 2.870894e-05 7.262847e-08
12054 2.870804e-05 7.256286e-08
12055 2.870713e-05 7.249730e-08
12056 2.870623e-05 7.243180e-08
12057 2.870533e-05 7.236636e-08
12058 2.870443e-05 7.230099e-08
12059 2.870353e-05 7.223567e-08
12060 2.870263e-05 7.217040e-08
12061 2.870173e-05 7.210520e-08
12062 2.870083e-05 7.204006e-08
12063 2.869994e-05 7.197498e-08
12064 2.869904e-05 7.190995e-08
12065 2.869815e-05 7.184498e-08
12066 2.869726e-05 7.178008e-08
12067 2.869637e-05 7.171523e-08
12068 2.869548e-05 7.165043e-08
12069 2.869459e-05 7.158570e-08
12070 2.869370e-05 7.152103e-08
12071 2.869281e-05 7.145641e-08
12072 2.869192e-05 7.139186e-08
12073 2.869104e-05 7.132736e-08
12074 2.869015e-05 7.126292e-08
12075 2.868927e-05 7.119854e-08
12076 2.868839e-05 7.113421e-08
12077 2.868751e-05 7.106995e-08
12078 2.868662e-05 7.100574e-08
12079 2.868574e-05 7.094159e-08
12080 2.868487e-05 7.087750e-08
12081 2.868399e-05 7.081346e-08
12082 2.868311e-05 7.074949e-08
12083 2.868224e-05 7.068557e-08
12084 2.868136e-05 7.062171e-08
12085 2.868049e-05 7.055790e-08
12086 2.867961e-05 7.049416e-08
12087 2.867874e-05 7.043047e-08
12088 2.867787e-05 7.036684e-08
12089 2.867700e-05 7.030327e-08
12090 2.867613e-05 7.023975e-08
12091 2.867526e-05 7.017630e-08
12092 2.867440e-05 7.011290e-08
12093 2.867353e-05 7.004955e-08
12094 2.867267e-05 6.998627e-08
12095 2.867180e-05 6.992304e-08
12096 2.867094e-05 6.985987e-08
12097 2.867008e-05 6.979675e-08
12098 2.866921e-05 6.973369e-08
12099 2.866835e-05 6.967069e-08
12100 2.866749e-05 6.960775e-08
12101 2.866664e-05 6.954486e-08
12102 2.866578e-05 6.948203e-08
12103 2.866492e-05 6.941926e-08
12104 2.866407e-05 6.935654e-08
12105 2.866321e-05 6.929388e-08
12106 2.866236e-05 6.923128e-08
12107 2.866150e-05 6.916873e-08
12108 2.866065e-05 6.910624e-08
12109 2.865980e-05 6.904381e-08
12110 2.865895e-05 6.898143e-08
12111 2.865810e-05 6.891911e-08
12112 2.865725e-05 6.885685e-08
12113 2.865641e-05 6.879464e-08
12114 2.865556e-05 6.873249e-08
12115 2.865472e-05 6.867039e-08
12116 2.865387e-05 6.860835e-08
12117 2.865303e-05 6.854637e-08
12118 2.865219e-05 6.848444e-08
12119 2.865134e-05 6.842257e-08
12120 2.865050e-05 6.836075e-08
12121 2.864966e-05 6.829899e-08
12122 2.864883e-05 6.823729e-08
12123 2.864799e-05 6.817564e-08
12124 2.864715e-05 6.811404e-08
12125 2.864632e-05 6.805251e-08
12126 2.864548e-05 6.799103e-08
12127 2.864465e-05 6.792960e-08
12128 2.864381e-05 6.786823e-08
12129 2.864298e-05 6.780691e-08
12130 2.864215e-05 6.774565e-08
12131 2.864132e-05 6.768445e-08
12132 2.864049e-05 6.762330e-08
12133 2.863966e-05 6.756221e-08
12134 2.863883e-05 6.750117e-08
12135 2.863801e-05 6.744018e-08
12136 2.863718e-05 6.737926e-08
12137 2.863636e-05 6.731838e-08
12138 2.863553e-05 6.725756e-08
12139 2.863471e-05 6.719680e-08
12140 2.863389e-05 6.713609e-08
12141 2.863306e-05 6.707544e-08
12142 2.863224e-05 6.701484e-08
12143 2.863143e-05 6.695429e-08
12144 2.863061e-05 6.689381e-08
12145 2.862979e-05 6.683337e-08
12146 2.862897e-05 6.677299e-08
12147 2.862816e-05 6.671266e-08
12148 2.862734e-05 6.665239e-08
12149 2.862653e-05 6.659218e-08
12150 2.862571e-05 6.653201e-08
12151 2.862490e-05 6.647191e-08
12152 2.862409e-05 6.641185e-08
12153 2.862328e-05 6.635185e-08
12154 2.862247e-05 6.629191e-08
12155 2.862166e-05 6.623202e-08
12156 2.862085e-05 6.617218e-08
12157 2.862005e-05 6.611240e-08
12158 2.861924e-05 6.605267e-08
12159 2.861844e-05 6.599299e-08
12160 2.861763e-05 6.593337e-08
12161 2.861683e-05 6.587380e-08
12162 2.861603e-05 6.581429e-08
12163 2.861522e-05 6.575483e-08
12164 2.861442e-05 6.569543e-08
12165 2.861362e-05 6.563607e-08
12166 2.861282e-05 6.557677e-08
12167 2.861203e-05 6.551753e-08
12168 2.861123e-05 6.545834e-08
12169 2.861043e-05 6.539920e-08
12170 2.860964e-05 6.534012e-08
12171 2.860884e-05 6.528108e-08
12172 2.860805e-05 6.522211e-08
12173 2.860726e-05 6.516318e-08
12174 2.860647e-05 6.510431e-08
12175 2.860567e-05 6.504549e-08
12176 2.860488e-05 6.498673e-08
12177 2.860409e-05 6.492802e-08
12178 2.860331e-05 6.486936e-08
12179 2.860252e-05 6.481075e-08
12180 2.860173e-05 6.475220e-08
12181 2.860095e-05 6.469370e-08
12182 2.860016e-05 6.463525e-08
12183 2.859938e-05 6.457686e-08
12184 2.859859e-05 6.451851e-08
12185 2.859781e-05 6.446023e-08
12186 2.859703e-05 6.440199e-08
12187 2.859625e-05 6.434381e-08
12188 2.859547e-05 6.428567e-08
12189 2.859469e-05 6.422760e-08
12190 2.859391e-05 6.416957e-08
12191 2.859314e-05 6.411160e-08
12192 2.859236e-05 6.405367e-08
12193 2.859158e-05 6.399581e-08
12194 2.859081e-05 6.393799e-08
12195 2.859003e-05 6.388022e-08
12196 2.858926e-05 6.382251e-08
12197 2.858849e-05 6.376485e-08
12198 2.858772e-05 6.370724e-08
12199 2.858695e-05 6.364969e-08
12200 2.858618e-05 6.359218e-08
12201 2.858541e-05 6.353473e-08
12202 2.858464e-05 6.347733e-08
12203 2.858387e-05 6.341998e-08
12204 2.858311e-05 6.336269e-08
12205 2.858234e-05 6.330544e-08
12206 2.858158e-05 6.324825e-08
12207 2.858081e-05 6.319111e-08
12208 2.858005e-05 6.313402e-08
12209 2.857929e-05 6.307698e-08
12210 2.857853e-05 6.301999e-08
12211 2.857777e-05 6.296306e-08
12212 2.857701e-05 6.290617e-08
12213 2.857625e-05 6.284934e-08
12214 2.857549e-05 6.279256e-08
12215 2.857474e-05 6.273583e-08
12216 2.857398e-05 6.267915e-08
12217 2.857322e-05 6.262253e-08
12218 2.857247e-05 6.256595e-08
12219 2.857172e-05 6.250943e-08
12220 2.857096e-05 6.245295e-08
12221 2.857021e-05 6.239653e-08
12222 2.856946e-05 6.234016e-08
12223 2.856871e-05 6.228384e-08
12224 2.856796e-05 6.222757e-08
12225 2.856721e-05 6.217135e-08
12226 2.856646e-05 6.211518e-08
12227 2.856572e-05 6.205906e-08
12228 2.856497e-05 6.200299e-08
12229 2.856422e-05 6.194698e-08
12230 2.856348e-05 6.189101e-08
12231 2.856273e-05 6.183510e-08
12232 2.856199e-05 6.177923e-08
12233 2.856125e-05 6.172342e-08
12234 2.856051e-05 6.166765e-08
12235 2.855977e-05 6.161194e-08
12236 2.855903e-05 6.155628e-08
12237 2.855829e-05 6.150067e-08
12238 2.855755e-05 6.144510e-08
12239 2.855681e-05 6.138959e-08
12240 2.855608e-05 6.133413e-08
12241 2.855534e-05 6.127872e-08
12242 2.855461e-05 6.122335e-08
12243 2.855387e-05 6.116804e-08
12244 2.855314e-05 6.111278e-08
12245 2.855241e-05 6.105757e-08
12246 2.855167e-05 6.100241e-08
12247 2.855094e-05 6.094729e-08
12248 2.855021e-05 6.089223e-08
12249 2.854948e-05 6.083722e-08
12250 2.854875e-05 6.078226e-08
12251 2.854803e-05 6.072734e-08
12252 2.854730e-05 6.067248e-08
12253 2.854657e-05 6.061766e-08
12254 2.854585e-05 6.056290e-08
12255 2.854512e-05 6.050818e-08
12256 2.854440e-05 6.045352e-08
12257 2.854368e-05 6.039890e-08
12258 2.854295e-05 6.034433e-08
12259 2.854223e-05 6.028982e-08
12260 2.854151e-05 6.023535e-08
12261 2.854079e-05 6.018093e-08
12262 2.854007e-05 6.012656e-08
12263 2.853936e-05 6.007224e-08
12264 2.853864e-05 6.001797e-08
12265 2.853792e-05 5.996374e-08
12266 2.853720e-05 5.990957e-08
12267 2.853649e-05 5.985544e-08
12268 2.853578e-05 5.980137e-08
12269 2.853506e-05 5.974734e-08
12270 2.853435e-05 5.969336e-08
12271 2.853364e-05 5.963943e-08
12272 2.853293e-05 5.958555e-08
12273 2.853221e-05 5.953172e-08
12274 2.853151e-05 5.947794e-08
12275 2.853080e-05 5.942420e-08
12276 2.853009e-05 5.937051e-08
12277 2.852938e-05 5.931688e-08
12278 2.852867e-05 5.926329e-08
12279 2.852797e-05 5.920975e-08
12280 2.852726e-05 5.915625e-08
12281 2.852656e-05 5.910281e-08
12282 2.852585e-05 5.904941e-08
12283 2.852515e-05 5.899606e-08
12284 2.852445e-05 5.894276e-08
12285 2.852375e-05 5.888951e-08
12286 2.852305e-05 5.883631e-08
12287 2.852235e-05 5.878315e-08
12288 2.852165e-05 5.873005e-08
12289 2.852095e-05 5.867699e-08
12290 2.852025e-05 5.862398e-08
12291 2.851956e-05 5.857101e-08
12292 2.851886e-05 5.851810e-08
12293 2.851817e-05 5.846523e-08
12294 2.851747e-05 5.841241e-08
12295 2.851678e-05 5.835964e-08
12296 2.851608e-05 5.830691e-08
12297 2.851539e-05 5.825423e-08
12298 2.851470e-05 5.820161e-08
12299 2.851401e-05 5.814902e-08
12300 2.851332e-05 5.809649e-08
12301 2.851263e-05 5.804400e-08
12302 2.851194e-05 5.799156e-08
12303 2.851125e-05 5.793917e-08
12304 2.851057e-05 5.788683e-08
12305 2.850988e-05 5.783453e-08
12306 2.850920e-05 5.778228e-08
12307 2.850851e-05 5.773007e-08
12308 2.850783e-05 5.767792e-08
12309 2.850714e-05 5.762581e-08
12310 2.850646e-05 5.757375e-08
12311 2.850578e-05 5.752173e-08
12312 2.850510e-05 5.746977e-08
12313 2.850442e-05 5.741784e-08
12314 2.850374e-05 5.736597e-08
12315 2.850306e-05 5.731414e-08
12316 2.850238e-05 5.726236e-08
12317 2.850170e-05 5.721063e-08
12318 2.850103e-05 5.715894e-08
12319 2.850035e-05 5.710730e-08
12320 2.849968e-05 5.705571e-08
12321 2.849900e-05 5.700416e-08
12322 2.849833e-05 5.695266e-08
12323 2.849766e-05 5.690121e-08
12324 2.849698e-05 5.684980e-08
12325 2.849631e-05 5.679844e-08
12326 2.849564e-05 5.674713e-08
12327 2.849497e-05 5.669586e-08
12328 2.849430e-05 5.664464e-08
12329 2.849363e-05 5.659346e-08
12330 2.849296e-05 5.654233e-08
12331 2.849230e-05 5.649125e-08
12332 2.849163e-05 5.644021e-08
12333 2.849097e-05 5.638922e-08
12334 2.849030e-05 5.633828e-08
12335 2.848964e-05 5.628738e-08
12336 2.848897e-05 5.623653e-08
12337 2.848831e-05 5.618572e-08
12338 2.848765e-05 5.613496e-08
12339 2.848699e-05 5.608425e-08
12340 2.848633e-05 5.603358e-08
12341 2.848567e-05 5.598295e-08
12342 2.848501e-05 5.593238e-08
12343 2.848435e-05 5.588184e-08
12344 2.848369e-05 5.583136e-08
12345 2.848303e-05 5.578092e-08
12346 2.848238e-05 5.573052e-08
12347 2.848172e-05 5.568017e-08
12348 2.848107e-05 5.562987e-08
12349 2.848041e-05 5.557961e-08
12350 2.847976e-05 5.552940e-08
12351 2.847910e-05 5.547923e-08
12352 2.847845e-05 5.542911e-08
12353 2.847780e-05 5.537903e-08
12354 2.847715e-05 5.532900e-08
12355 2.847650e-05 5.527901e-08
12356 2.847585e-05 5.522907e-08
12357 2.847520e-05 5.517917e-08
12358 2.847455e-05 5.512932e-08
12359 2.847391e-05 5.507952e-08
12360 2.847326e-05 5.502975e-08
12361 2.847261e-05 5.498004e-08
12362 2.847197e-05 5.493037e-08
12363 2.847133e-05 5.488074e-08
12364 2.847068e-05 5.483116e-08
12365 2.847004e-05 5.478162e-08
12366 2.846940e-05 5.473213e-08
12367 2.846875e-05 5.468268e-08
12368 2.846811e-05 5.463328e-08
12369 2.846747e-05 5.458392e-08
12370 2.846683e-05 5.453461e-08
12371 2.846619e-05 5.448534e-08
12372 2.846556e-05 5.443611e-08
12373 2.846492e-05 5.438693e-08
12374 2.846428e-05 5.433780e-08
12375 2.846365e-05 5.428871e-08
12376 2.846301e-05 5.423966e-08
12377 2.846237e-05 5.419066e-08
12378 2.846174e-05 5.414170e-08
12379 2.846111e-05 5.409278e-08
12380 2.846047e-05 5.404391e-08
12381 2.845984e-05 5.399509e-08
12382 2.845921e-05 5.394631e-08
12383 2.845858e-05 5.389757e-08
12384 2.845795e-05 5.384888e-08
12385 2.845732e-05 5.380023e-08
12386 2.845669e-05 5.375162e-08
12387 2.845606e-05 5.370306e-08
12388 2.845544e-05 5.365454e-08
12389 2.845481e-05 5.360607e-08
12390 2.845418e-05 5.355764e-08
12391 2.845356e-05 5.350925e-08
12392 2.845293e-05 5.346091e-08
12393 2.845231e-05 5.341261e-08
12394 2.845169e-05 5.336435e-08
12395 2.845106e-05 5.331614e-08
12396 2.845044e-05 5.326797e-08
12397 2.844982e-05 5.321985e-08
12398 2.844920e-05 5.317177e-08
12399 2.844858e-05 5.312373e-08
12400 2.844796e-05 5.307574e-08
12401 2.844734e-05 5.302779e-08
12402 2.844672e-05 5.297988e-08
12403 2.844611e-05 5.293201e-08
12404 2.844549e-05 5.288419e-08
12405 2.844487e-05 5.283641e-08
12406 2.844426e-05 5.278868e-08
12407 2.844364e-05 5.274099e-08
12408 2.844303e-05 5.269334e-08
12409 2.844242e-05 5.264573e-08
12410 2.844180e-05 5.259817e-08
12411 2.844119e-05 5.255065e-08
12412 2.844058e-05 5.250318e-08
12413 2.843997e-05 5.245574e-08
12414 2.843936e-05 5.240835e-08
12415 2.843875e-05 5.236100e-08
12416 2.843814e-05 5.231370e-08
12417 2.843753e-05 5.226643e-08
12418 2.843693e-05 5.221921e-08
12419 2.843632e-05 5.217204e-08
12420 2.843571e-05 5.212490e-08
12421 2.843511e-05 5.207781e-08
12422 2.843450e-05 5.203076e-08
12423 2.843390e-05 5.198375e-08
12424 2.843329e-05 5.193679e-08
12425 2.843269e-05 5.188987e-08
12426 2.843209e-05 5.184299e-08
12427 2.843149e-05 5.179615e-08
12428 2.843089e-05 5.174936e-08
12429 2.843029e-05 5.170260e-08
12430 2.842969e-05 5.165589e-08
12431 2.842909e-05 5.160922e-08
12432 2.842849e-05 5.156260e-08
12433 2.842789e-05 5.151601e-08
12434 2.842729e-05 5.146947e-08
12435 2.842670e-05 5.142297e-08
12436 2.842610e-05 5.137652e-08
12437 2.842551e-05 5.133010e-08
12438 2.842491e-05 5.128373e-08
12439 2.842432e-05 5.123739e-08
12440 2.842372e-05 5.119110e-08
12441 2.842313e-05 5.114485e-08
12442 2.842254e-05 5.109865e-08
12443 2.842195e-05 5.105248e-08
12444 2.842136e-05 5.100636e-08
12445 2.842077e-05 5.096028e-08
12446 2.842018e-05 5.091424e-08
12447 2.841959e-05 5.086824e-08
12448 2.841900e-05 5.082228e-08
12449 2.841841e-05 5.077637e-08
12450 2.841783e-05 5.073050e-08
12451 2.841724e-05 5.068466e-08
12452 2.841665e-05 5.063887e-08
12453 2.841607e-05 5.059312e-08
12454 2.841548e-05 5.054741e-08
12455 2.841490e-05 5.050175e-08
12456 2.841432e-05 5.045612e-08
12457 2.841374e-05 5.041054e-08
12458 2.841315e-05 5.036499e-08
12459 2.841257e-05 5.031949e-08
12460 2.841199e-05 5.027403e-08
12461 2.841141e-05 5.022861e-08
12462 2.841083e-05 5.018323e-08
12463 2.841025e-05 5.013790e-08
12464 2.840967e-05 5.009260e-08
12465 2.840910e-05 5.004734e-08
12466 2.840852e-05 5.000213e-08
12467 2.840794e-05 4.995695e-08
12468 2.840737e-05 4.991182e-08
12469 2.840679e-05 4.986673e-08
12470 2.840622e-05 4.982168e-08
12471 2.840564e-05 4.977666e-08
12472 2.840507e-05 4.973169e-08
12473 2.840450e-05 4.968676e-08
12474 2.840392e-05 4.964188e-08
12475 2.840335e-05 4.959703e-08
12476 2.840278e-05 4.955222e-08
12477 2.840221e-05 4.950745e-08
12478 2.840164e-05 4.946272e-08
12479 2.840107e-05 4.941804e-08
12480 2.840050e-05 4.937339e-08
12481 2.839994e-05 4.932878e-08
12482 2.839937e-05 4.928422e-08
12483 2.839880e-05 4.923969e-08
12484 2.839824e-05 4.919521e-08
12485 2.839767e-05 4.915076e-08
12486 2.839711e-05 4.910636e-08
12487 2.839654e-05 4.906199e-08
12488 2.839598e-05 4.901767e-08
12489 2.839542e-05 4.897338e-08
12490 2.839485e-05 4.892914e-08
12491 2.839429e-05 4.888493e-08
12492 2.839373e-05 4.884077e-08
12493 2.839317e-05 4.879664e-08
12494 2.839261e-05 4.875256e-08
12495 2.839205e-05 4.870851e-08
12496 2.839149e-05 4.866451e-08
12497 2.839093e-05 4.862054e-08
12498 2.839037e-05 4.857662e-08
12499 2.838982e-05 4.853273e-08
12500 2.838926e-05 4.848888e-08
12501 2.838870e-05 4.844508e-08
12502 2.838815e-05 4.840131e-08
12503 2.838759e-05 4.835758e-08
12504 2.838704e-05 4.831389e-08
12505 2.838649e-05 4.827024e-08
12506 2.838593e-05 4.822663e-08
12507 2.838538e-05 4.818306e-08
12508 2.838483e-05 4.813953e-08
12509 2.838428e-05 4.809604e-08
12510 2.838373e-05 4.805259e-08
12511 2.838318e-05 4.800918e-08
12512 2.838263e-05 4.796580e-08
12513 2.838208e-05 4.792247e-08
12514 2.838153e-05 4.787917e-08
12515 2.838098e-05 4.783592e-08
12516 2.838044e-05 4.779270e-08
12517 2.837989e-05 4.774952e-08
12518 2.837934e-05 4.770638e-08
12519 2.837880e-05 4.766328e-08
12520 2.837825e-05 4.762022e-08
12521 2.837771e-05 4.757720e-08
12522 2.837717e-05 4.753422e-08
12523 2.837662e-05 4.749127e-08
12524 2.837608e-05 4.744836e-08
12525 2.837554e-05 4.740550e-08
12526 2.837500e-05 4.736267e-08
12527 2.837446e-05 4.731988e-08
12528 2.837392e-05 4.727713e-08
12529 2.837338e-05 4.723442e-08
12530 2.837284e-05 4.719174e-08
12531 2.837230e-05 4.714911e-08
12532 2.837176e-05 4.710651e-08
12533 2.837122e-05 4.706395e-08
12534 2.837069e-05 4.702143e-08
12535 2.837015e-05 4.697895e-08
12536 2.836961e-05 4.693651e-08
12537 2.836908e-05 4.689410e-08
12538 2.836854e-05 4.685174e-08
12539 2.836801e-05 4.680941e-08
12540 2.836748e-05 4.676712e-08
12541 2.836694e-05 4.672487e-08
12542 2.836641e-05 4.668266e-08
12543 2.836588e-05 4.664048e-08
12544 2.836535e-05 4.659834e-08
12545 2.836482e-05 4.655624e-08
12546 2.836429e-05 4.651418e-08
12547 2.836376e-05 4.647216e-08
12548 2.836323e-05 4.643018e-08
12549 2.836270e-05 4.638823e-08
12550 2.836217e-05 4.634632e-08
12551 2.836165e-05 4.630445e-08
12552 2.836112e-05 4.626261e-08
12553 2.836059e-05 4.622082e-08
12554 2.836007e-05 4.617906e-08
12555 2.835954e-05 4.613734e-08
12556 2.835902e-05 4.609566e-08
12557 2.835849e-05 4.605401e-08
12558 2.835797e-05 4.601241e-08
12559 2.835745e-05 4.597084e-08
12560 2.835693e-05 4.592930e-08
12561 2.835640e-05 4.588781e-08
12562 2.835588e-05 4.584635e-08
12563 2.835536e-05 4.580493e-08
12564 2.835484e-05 4.576355e-08
12565 2.835432e-05 4.572221e-08
12566 2.835380e-05 4.568090e-08
12567 2.835329e-05 4.563963e-08
12568 2.835277e-05 4.559839e-08
12569 2.835225e-05 4.555720e-08
12570 2.835173e-05 4.551604e-08
12571 2.835122e-05 4.547492e-08
12572 2.835070e-05 4.543384e-08
12573 2.835019e-05 4.539279e-08
12574 2.834967e-05 4.535178e-08
12575 2.834916e-05 4.531081e-08
12576 2.834865e-05 4.526987e-08
12577 2.834813e-05 4.522897e-08
12578 2.834762e-05 4.518811e-08
12579 2.834711e-05 4.514728e-08
12580 2.834660e-05 4.510650e-08
12581 2.834609e-05 4.506574e-08
12582 2.834558e-05 4.502503e-08
12583 2.834507e-05 4.498435e-08
12584 2.834456e-05 4.494371e-08
12585 2.834405e-05 4.490311e-08
12586 2.834354e-05 4.486254e-08
12587 2.834303e-05 4.482201e-08
12588 2.834253e-05 4.478151e-08
12589 2.834202e-05 4.474106e-08
12590 2.834151e-05 4.470064e-08
12591 2.834101e-05 4.466025e-08
12592 2.834050e-05 4.461990e-08
12593 2.834000e-05 4.457959e-08
12594 2.833949e-05 4.453932e-08
12595 2.833899e-05 4.449908e-08
12596 2.833849e-05 4.445888e-08
12597 2.833799e-05 4.441871e-08
12598 2.833748e-05 4.437858e-08
12599 2.833698e-05 4.433849e-08
12600 2.833648e-05 4.429843e-08
12601 2.833598e-05 4.425841e-08
12602 2.833548e-05 4.421842e-08
12603 2.833498e-05 4.417847e-08
12604 2.833449e-05 4.413856e-08
12605 2.833399e-05 4.409868e-08
12606 2.833349e-05 4.405884e-08
12607 2.833299e-05 4.401904e-08
12608 2.833250e-05 4.397927e-08
12609 2.833200e-05 4.393954e-08
12610 2.833150e-05 4.389984e-08
12611 2.833101e-05 4.386018e-08
12612 2.833052e-05 4.382055e-08
12613 2.833002e-05 4.378096e-08
12614 2.832953e-05 4.374141e-08
12615 2.832904e-05 4.370189e-08
12616 2.832854e-05 4.366241e-08
12617 2.832805e-05 4.362296e-08
12618 2.832756e-05 4.358355e-08
12619 2.832707e-05 4.354418e-08
12620 2.832658e-05 4.350484e-08
12621 2.832609e-05 4.346553e-08
12622 2.832560e-05 4.342626e-08
12623 2.832511e-05 4.338703e-08
12624 2.832462e-05 4.334783e-08
12625 2.832414e-05 4.330867e-08
12626 2.832365e-05 4.326954e-08
12627 2.832316e-05 4.323045e-08
12628 2.832268e-05 4.319140e-08
12629 2.832219e-05 4.315237e-08
12630 2.832170e-05 4.311339e-08
12631 2.832122e-05 4.307444e-08
12632 2.832074e-05 4.303552e-08
12633 2.832025e-05 4.299664e-08
12634 2.831977e-05 4.295780e-08
12635 2.831929e-05 4.291899e-08
12636 2.831880e-05 4.288021e-08
12637 2.831832e-05 4.284147e-08
12638 2.831784e-05 4.280277e-08
12639 2.831736e-05 4.276410e-08
12640 2.831688e-05 4.272546e-08
12641 2.831640e-05 4.268686e-08
12642 2.831592e-05 4.264830e-08
12643 2.831544e-05 4.260977e-08
12644 2.831497e-05 4.257127e-08
12645 2.831449e-05 4.253281e-08
12646 2.831401e-05 4.249438e-08
12647 2.831354e-05 4.245599e-08
12648 2.831306e-05 4.241764e-08
12649 2.831258e-05 4.237931e-08
12650 2.831211e-05 4.234103e-08
12651 2.831163e-05 4.230277e-08
12652 2.831116e-05 4.226456e-08
12653 2.831069e-05 4.222637e-08
12654 2.831021e-05 4.218822e-08
12655 2.830974e-05 4.215011e-08
12656 2.830927e-05 4.211203e-08
12657 2.830880e-05 4.207398e-08
12658 2.830833e-05 4.203597e-08
12659 2.830786e-05 4.199799e-08
12660 2.830739e-05 4.196005e-08
12661 2.830692e-05 4.192214e-08
12662 2.830645e-05 4.188427e-08
12663 2.830598e-05 4.184643e-08
12664 2.830551e-05 4.180862e-08
12665 2.830504e-05 4.177085e-08
12666 2.830457e-05 4.173311e-08
12667 2.830411e-05 4.169541e-08
12668 2.830364e-05 4.165774e-08
12669 2.830318e-05 4.162010e-08
12670 2.830271e-05 4.158250e-08
12671 2.830225e-05 4.154493e-08
12672 2.830178e-05 4.150740e-08
12673 2.830132e-05 4.146990e-08
12674 2.830086e-05 4.143244e-08
12675 2.830039e-05 4.139500e-08
12676 2.829993e-05 4.135761e-08
12677 2.829947e-05 4.132024e-08
12678 2.829901e-05 4.128291e-08
12679 2.829855e-05 4.124561e-08
12680 2.829809e-05 4.120835e-08
12681 2.829763e-05 4.117112e-08
12682 2.829717e-05 4.113393e-08
12683 2.829671e-05 4.109676e-08
12684 2.829625e-05 4.105963e-08
12685 2.829579e-05 4.102254e-08
12686 2.829533e-05 4.098548e-08
12687 2.829488e-05 4.094845e-08
12688 2.829442e-05 4.091146e-08
12689 2.829396e-05 4.087449e-08
12690 2.829351e-05 4.083757e-08
12691 2.829305e-05 4.080067e-08
12692 2.829260e-05 4.076381e-08
12693 2.829214e-05 4.072698e-08
12694 2.829169e-05 4.069019e-08
12695 2.829124e-05 4.065343e-08
12696 2.829078e-05 4.061670e-08
12697 2.829033e-05 4.058000e-08
12698 2.828988e-05 4.054334e-08
12699 2.828943e-05 4.050671e-08
12700 2.828898e-05 4.047012e-08
12701 2.828853e-05 4.043355e-08
12702 2.828808e-05 4.039703e-08
12703 2.828763e-05 4.036053e-08
12704 2.828718e-05 4.032407e-08
12705 2.828673e-05 4.028763e-08
12706 2.828628e-05 4.025124e-08
12707 2.828584e-05 4.021487e-08
12708 2.828539e-05 4.017854e-08
12709 2.828494e-05 4.014224e-08
12710 2.828450e-05 4.010597e-08
12711 2.828405e-05 4.006974e-08
12712 2.828360e-05 4.003354e-08
12713 2.828316e-05 3.999737e-08
12714 2.828272e-05 3.996124e-08
12715 2.828227e-05 3.992513e-08
12716 2.828183e-05 3.988906e-08
12717 2.828138e-05 3.985303e-08
12718 2.828094e-05 3.981702e-08
12719 2.828050e-05 3.978105e-08
12720 2.828006e-05 3.974511e-08
12721 2.827962e-05 3.970920e-08
12722 2.827918e-05 3.967333e-08
12723 2.827874e-05 3.963748e-08
12724 2.827830e-05 3.960167e-08
12725 2.827786e-05 3.956590e-08
12726 2.827742e-05 3.953015e-08
12727 2.827698e-05 3.949444e-08
12728 2.827654e-05 3.945876e-08
12729 2.827611e-05 3.942311e-08
12730 2.827567e-05 3.938749e-08
12731 2.827523e-05 3.935191e-08
12732 2.827480e-05 3.931635e-08
12733 2.827436e-05 3.928083e-08
12734 2.827392e-05 3.924535e-08
12735 2.827349e-05 3.920989e-08
12736 2.827306e-05 3.917447e-08
12737 2.827262e-05 3.913907e-08
12738 2.827219e-05 3.910371e-08
12739 2.827176e-05 3.906839e-08
12740 2.827132e-05 3.903309e-08
12741 2.827089e-05 3.899782e-08
12742 2.827046e-05 3.896259e-08
12743 2.827003e-05 3.892739e-08
12744 2.826960e-05 3.889222e-08
12745 2.826917e-05 3.885709e-08
12746 2.826874e-05 3.882198e-08
12747 2.826831e-05 3.878691e-08
12748 2.826788e-05 3.875187e-08
12749 2.826745e-05 3.871686e-08
12750 2.826702e-05 3.868188e-08
12751 2.826660e-05 3.864693e-08
12752 2.826617e-05 3.861201e-08
12753 2.826574e-05 3.857713e-08
12754 2.826531e-05 3.854228e-08
12755 2.826489e-05 3.850746e-08
12756 2.826446e-05 3.847267e-08
12757 2.826404e-05 3.843791e-08
12758 2.826361e-05 3.840318e-08
12759 2.826319e-05 3.836849e-08
12760 2.826277e-05 3.833382e-08
12761 2.826234e-05 3.829919e-08
12762 2.826192e-05 3.826459e-08
12763 2.826150e-05 3.823002e-08
12764 2.826108e-05 3.819548e-08
12765 2.826066e-05 3.816097e-08
12766 2.826023e-05 3.812650e-08
12767 2.825981e-05 3.809205e-08
12768 2.825939e-05 3.805764e-08
12769 2.825897e-05 3.802326e-08
12770 2.825855e-05 3.798890e-08
12771 2.825814e-05 3.795458e-08
12772 2.825772e-05 3.792029e-08
12773 2.825730e-05 3.788603e-08
12774 2.825688e-05 3.785181e-08
12775 2.825646e-05 3.781761e-08
12776 2.825605e-05 3.778344e-08
12777 2.825563e-05 3.774931e-08
12778 2.825522e-05 3.771520e-08
12779 2.825480e-05 3.768113e-08
12780 2.825439e-05 3.764709e-08
12781 2.825397e-05 3.761308e-08
12782 2.825356e-05 3.757909e-08
12783 2.825314e-05 3.754514e-08
12784 2.825273e-05 3.751122e-08
12785 2.825232e-05 3.747733e-08
12786 2.825191e-05 3.744348e-08
12787 2.825149e-05 3.740965e-08
12788 2.825108e-05 3.737585e-08
12789 2.825067e-05 3.734208e-08
12790 2.825026e-05 3.730835e-08
12791 2.824985e-05 3.727464e-08
12792 2.824944e-05 3.724096e-08
12793 2.824903e-05 3.720732e-08
12794 2.824862e-05 3.717370e-08
12795 2.824821e-05 3.714012e-08
12796 2.824781e-05 3.710657e-08
12797 2.824740e-05 3.707304e-08
12798 2.824699e-05 3.703955e-08
12799 2.824658e-05 3.700609e-08
12800 2.824618e-05 3.697265e-08
12801 2.824577e-05 3.693925e-08
12802 2.824537e-05 3.690588e-08
12803 2.824496e-05 3.687253e-08
12804 2.824456e-05 3.683922e-08
12805 2.824415e-05 3.680594e-08
12806 2.824375e-05 3.677269e-08
12807 2.824334e-05 3.673947e-08
12808 2.824294e-05 3.670627e-08
12809 2.824254e-05 3.667311e-08
12810 2.824214e-05 3.663998e-08
12811 2.824173e-05 3.660688e-08
12812 2.824133e-05 3.657380e-08
12813 2.824093e-05 3.654076e-08
12814 2.824053e-05 3.650775e-08
12815 2.824013e-05 3.647477e-08
12816 2.823973e-05 3.644181e-08
12817 2.823933e-05 3.640889e-08
12818 2.823893e-05 3.637600e-08
12819 2.823853e-05 3.634313e-08
12820 2.823814e-05 3.631030e-08
12821 2.823774e-05 3.627750e-08
12822 2.823734e-05 3.624472e-08
12823 2.823694e-05 3.621198e-08
12824 2.823655e-05 3.617926e-08
12825 2.823615e-05 3.614657e-08
12826 2.823576e-05 3.611392e-08
12827 2.823536e-05 3.608129e-08
12828 2.823497e-05 3.604869e-08
12829 2.823457e-05 3.601613e-08
12830 2.823418e-05 3.598359e-08
12831 2.823378e-05 3.595108e-08
12832 2.823339e-05 3.591860e-08
12833 2.823300e-05 3.588615e-08
12834 2.823260e-05 3.585373e-08
12835 2.823221e-05 3.582133e-08
12836 2.823182e-05 3.578897e-08
12837 2.823143e-05 3.575664e-08
12838 2.823104e-05 3.572433e-08
12839 2.823065e-05 3.569206e-08
12840 2.823026e-05 3.565981e-08
12841 2.822987e-05 3.562760e-08
12842 2.822948e-05 3.559541e-08
12843 2.822909e-05 3.556325e-08
12844 2.822870e-05 3.553112e-08
12845 2.822831e-05 3.549902e-08
12846 2.822793e-05 3.546695e-08
12847 2.822754e-05 3.543491e-08
12848 2.822715e-05 3.540289e-08
12849 2.822677e-05 3.537091e-08
12850 2.822638e-05 3.533895e-08
12851 2.822599e-05 3.530703e-08
12852 2.822561e-05 3.527513e-08
12853 2.822522e-05 3.524326e-08
12854 2.822484e-05 3.521142e-08
12855 2.822446e-05 3.517961e-08
12856 2.822407e-05 3.514782e-08
12857 2.822369e-05 3.511607e-08
12858 2.822331e-05 3.508434e-08
12859 2.822292e-05 3.505265e-08
12860 2.822254e-05 3.502098e-08
12861 2.822216e-05 3.498934e-08
12862 2.822178e-05 3.495773e-08
12863 2.822140e-05 3.492615e-08
12864 2.822102e-05 3.489459e-08
12865 2.822064e-05 3.486307e-08
12866 2.822026e-05 3.483157e-08
12867 2.821988e-05 3.480010e-08
12868 2.821950e-05 3.476866e-08
12869 2.821912e-05 3.473725e-08
12870 2.821874e-05 3.470587e-08
12871 2.821836e-05 3.467451e-08
12872 2.821799e-05 3.464319e-08
12873 2.821761e-05 3.461189e-08
12874 2.821723e-05 3.458062e-08
12875 2.821686e-05 3.454938e-08
12876 2.821648e-05 3.451816e-08
12877 2.821611e-05 3.448698e-08
12878 2.821573e-05 3.445582e-08
12879 2.821536e-05 3.442469e-08
12880 2.821498e-05 3.439359e-08
12881 2.821461e-05 3.436252e-08
12882 2.821423e-05 3.433147e-08
12883 2.821386e-05 3.430046e-08
12884 2.821349e-05 3.426947e-08
12885 2.821312e-05 3.423851e-08
12886 2.821274e-05 3.420758e-08
12887 2.821237e-05 3.417667e-08
12888 2.821200e-05 3.414579e-08
12889 2.821163e-05 3.411495e-08
12890 2.821126e-05 3.408412e-08
12891 2.821089e-05 3.405333e-08
12892 2.821052e-05 3.402257e-08
12893 2.821015e-05 3.399183e-08
12894 2.820978e-05 3.396112e-08
12895 2.820941e-05 3.393044e-08
12896 2.820904e-05 3.389978e-08
12897 2.820868e-05 3.386916e-08
12898 2.820831e-05 3.383856e-08
12899 2.820794e-05 3.380799e-08
12900 2.820758e-05 3.377744e-08
12901 2.820721e-05 3.374693e-08
12902 2.820684e-05 3.371644e-08
12903 2.820648e-05 3.368598e-08
12904 2.820611e-05 3.365554e-08
12905 2.820575e-05 3.362514e-08
12906 2.820538e-05 3.359476e-08
12907 2.820502e-05 3.356441e-08
12908 2.820466e-05 3.353408e-08
12909 2.820429e-05 3.350379e-08
12910 2.820393e-05 3.347352e-08
12911 2.820357e-05 3.344328e-08
12912 2.820320e-05 3.341306e-08
12913 2.820284e-05 3.338288e-08
12914 2.820248e-05 3.335272e-08
12915 2.820212e-05 3.332258e-08
12916 2.820176e-05 3.329248e-08
12917 2.820140e-05 3.326240e-08
12918 2.820104e-05 3.323235e-08
12919 2.820068e-05 3.320233e-08
12920 2.820032e-05 3.317233e-08
12921 2.819996e-05 3.314236e-08
12922 2.819960e-05 3.311242e-08
12923 2.819924e-05 3.308250e-08
12924 2.819889e-05 3.305262e-08
12925 2.819853e-05 3.302275e-08
12926 2.819817e-05 3.299292e-08
12927 2.819781e-05 3.296311e-08
12928 2.819746e-05 3.293333e-08
12929 2.819710e-05 3.290358e-08
12930 2.819675e-05 3.287385e-08
12931 2.819639e-05 3.284415e-08
12932 2.819604e-05 3.281448e-08
12933 2.819568e-05 3.278483e-08
12934 2.819533e-05 3.275521e-08
12935 2.819497e-05 3.272562e-08
12936 2.819462e-05 3.269606e-08
12937 2.819427e-05 3.266652e-08
12938 2.819391e-05 3.263700e-08
12939 2.819356e-05 3.260752e-08
12940 2.819321e-05 3.257806e-08
12941 2.819286e-05 3.254863e-08
12942 2.819251e-05 3.251922e-08
12943 2.819216e-05 3.248984e-08
12944 2.819181e-05 3.246049e-08
12945 2.819146e-05 3.243116e-08
12946 2.819111e-05 3.240186e-08
12947 2.819076e-05 3.237259e-08
12948 2.819041e-05 3.234334e-08
12949 2.819006e-05 3.231412e-08
12950 2.818971e-05 3.228493e-08
12951 2.818936e-05 3.225576e-08
12952 2.818901e-05 3.222662e-08
12953 2.818867e-05 3.219750e-08
12954 2.818832e-05 3.216842e-08
12955 2.818797e-05 3.213935e-08
12956 2.818763e-05 3.211032e-08
12957 2.818728e-05 3.208131e-08
12958 2.818693e-05 3.205232e-08
12959 2.818659e-05 3.202337e-08
12960 2.818624e-05 3.199443e-08
12961 2.818590e-05 3.196553e-08
12962 2.818556e-05 3.193665e-08
12963 2.818521e-05 3.190780e-08
12964 2.818487e-05 3.187897e-08
12965 2.818452e-05 3.185017e-08
12966 2.818418e-05 3.182139e-08
12967 2.818384e-05 3.179265e-08
12968 2.818350e-05 3.176392e-08
12969 2.818316e-05 3.173523e-08
12970 2.818281e-05 3.170655e-08
12971 2.818247e-05 3.167791e-08
12972 2.818213e-05 3.164929e-08
12973 2.818179e-05 3.162070e-08
12974 2.818145e-05 3.159213e-08
12975 2.818111e-05 3.156359e-08
12976 2.818077e-05 3.153507e-08
12977 2.818043e-05 3.150658e-08
12978 2.818009e-05 3.147812e-08
12979 2.817976e-05 3.144968e-08
12980 2.817942e-05 3.142127e-08
12981 2.817908e-05 3.139288e-08
12982 2.817874e-05 3.136452e-08
12983 2.817841e-05 3.133618e-08
12984 2.817807e-05 3.130787e-08
12985 2.817773e-05 3.127958e-08
12986 2.817740e-05 3.125133e-08
12987 2.817706e-05 3.122309e-08
12988 2.817673e-05 3.119488e-08
12989 2.817639e-05 3.116670e-08
12990 2.817606e-05 3.113854e-08
12991 2.817572e-05 3.111041e-08
12992 2.817539e-05 3.108230e-08
12993 2.817506e-05 3.105422e-08
12994 2.817472e-05 3.102617e-08
12995 2.817439e-05 3.099814e-08
12996 2.817406e-05 3.097013e-08
12997 2.817373e-05 3.094215e-08
12998 2.817339e-05 3.091420e-08
12999 2.817306e-05 3.088627e-08
13000 2.817273e-05 3.085836e-08
13001 2.817240e-05 3.083049e-08
13002 2.817207e-05 3.080263e-08
13003 2.817174e-05 3.077480e-08
13004 2.817141e-05 3.074700e-08
13005 2.817108e-05 3.071922e-08
13006 2.817075e-05 3.069147e-08
13007 2.817042e-05 3.066374e-08
13008 2.817009e-05 3.063604e-08
13009 2.816976e-05 3.060836e-08
13010 2.816944e-05 3.058071e-08
13011 2.816911e-05 3.055308e-08
13012 2.816878e-05 3.052548e-08
13013 2.816846e-05 3.049790e-08
13014 2.816813e-05 3.047034e-08
13015 2.816780e-05 3.044282e-08
13016 2.816748e-05 3.041531e-08
13017 2.816715e-05 3.038783e-08
13018 2.816683e-05 3.036038e-08
13019 2.816650e-05 3.033295e-08
13020 2.816618e-05 3.030555e-08
13021 2.816585e-05 3.027817e-08
13022 2.816553e-05 3.025081e-08
13023 2.816521e-05 3.022348e-08
13024 2.816488e-05 3.019618e-08
13025 2.816456e-05 3.016890e-08
13026 2.816424e-05 3.014164e-08
13027 2.816391e-05 3.011441e-08
13028 2.816359e-05 3.008720e-08
13029 2.816327e-05 3.006002e-08
13030 2.816295e-05 3.003286e-08
13031 2.816263e-05 3.000573e-08
13032 2.816231e-05 2.997862e-08
13033 2.816199e-05 2.995154e-08
13034 2.816167e-05 2.992448e-08
13035 2.816135e-05 2.989744e-08
13036 2.816103e-05 2.987043e-08
13037 2.816071e-05 2.984345e-08
13038 2.816039e-05 2.981648e-08
13039 2.816007e-05 2.978955e-08
13040 2.815975e-05 2.976263e-08
13041 2.815944e-05 2.973574e-08
13042 2.815912e-05 2.970888e-08
13043 2.815880e-05 2.968204e-08
13044 2.815849e-05 2.965522e-08
13045 2.815817e-05 2.962843e-08
13046 2.815785e-05 2.960166e-08
13047 2.815754e-05 2.957492e-08
13048 2.815722e-05 2.954820e-08
13049 2.815691e-05 2.952151e-08
13050 2.815659e-05 2.949483e-08
13051 2.815628e-05 2.946819e-08
13052 2.815596e-05 2.944156e-08
13053 2.815565e-05 2.941497e-08
13054 2.815534e-05 2.938839e-08
13055 2.815502e-05 2.936184e-08
13056 2.815471e-05 2.933531e-08
13057 2.815440e-05 2.930881e-08
13058 2.815408e-05 2.928233e-08
13059 2.815377e-05 2.925588e-08
13060 2.815346e-05 2.922945e-08
13061 2.815315e-05 2.920304e-08
13062 2.815284e-05 2.917666e-08
13063 2.815253e-05 2.915030e-08
13064 2.815222e-05 2.912396e-08
13065 2.815191e-05 2.909765e-08
13066 2.815160e-05 2.907136e-08
13067 2.815129e-05 2.904510e-08
13068 2.815098e-05 2.901886e-08
13069 2.815067e-05 2.899264e-08
13070 2.815036e-05 2.896644e-08
13071 2.815005e-05 2.894028e-08
13072 2.814975e-05 2.891413e-08
13073 2.814944e-05 2.888801e-08
13074 2.814913e-05 2.886191e-08
13075 2.814882e-05 2.883583e-08
13076 2.814852e-05 2.880978e-08
13077 2.814821e-05 2.878375e-08
13078 2.814790e-05 2.875775e-08
13079 2.814760e-05 2.873177e-08
13080 2.814729e-05 2.870581e-08
13081 2.814699e-05 2.867988e-08
13082 2.814668e-05 2.865397e-08
13083 2.814638e-05 2.862808e-08
13084 2.814607e-05 2.860221e-08
13085 2.814577e-05 2.857637e-08
13086 2.814547e-05 2.855056e-08
13087 2.814516e-05 2.852476e-08
13088 2.814486e-05 2.849899e-08
13089 2.814456e-05 2.847324e-08
13090 2.814426e-05 2.844752e-08
13091 2.814395e-05 2.842182e-08
13092 2.814365e-05 2.839614e-08
13093 2.814335e-05 2.837049e-08
13094 2.814305e-05 2.834486e-08
13095 2.814275e-05 2.831925e-08
13096 2.814245e-05 2.829366e-08
13097 2.814215e-05 2.826810e-08
13098 2.814185e-05 2.824256e-08
13099 2.814155e-05 2.821705e-08
13100 2.814125e-05 2.819156e-08
13101 2.814095e-05 2.816609e-08
13102 2.814065e-05 2.814064e-08
13103 2.814035e-05 2.811522e-08
13104 2.814005e-05 2.808982e-08
13105 2.813976e-05 2.806444e-08
13106 2.813946e-05 2.803908e-08
13107 2.813916e-05 2.801375e-08
13108 2.813886e-05 2.798844e-08
13109 2.813857e-05 2.796316e-08
13110 2.813827e-05 2.793789e-08
13111 2.813798e-05 2.791265e-08
13112 2.813768e-05 2.788744e-08
13113 2.813738e-05 2.786224e-08
13114 2.813709e-05 2.783707e-08
13115 2.813679e-05 2.781192e-08
13116 2.813650e-05 2.778679e-08
13117 2.813621e-05 2.776169e-08
13118 2.813591e-05 2.773661e-08
13119 2.813562e-05 2.771155e-08
13120 2.813532e-05 2.768651e-08
13121 2.813503e-05 2.766150e-08
13122 2.813474e-05 2.763651e-08
13123 2.813445e-05 2.761154e-08
13124 2.813415e-05 2.758660e-08
13125 2.813386e-05 2.756167e-08
13126 2.813357e-05 2.753677e-08
13127 2.813328e-05 2.751189e-08
13128 2.813299e-05 2.748704e-08
13129 2.813270e-05 2.746221e-08
13130 2.813241e-05 2.743740e-08
13131 2.813212e-05 2.741261e-08
13132 2.813183e-05 2.738784e-08
13133 2.813154e-05 2.736310e-08
13134 2.813125e-05 2.733838e-08
13135 2.813096e-05 2.731368e-08
13136 2.813067e-05 2.728900e-08
13137 2.813038e-05 2.726435e-08
13138 2.813009e-05 2.723972e-08
13139 2.812981e-05 2.721511e-08
13140 2.812952e-05 2.719052e-08
13141 2.812923e-05 2.716595e-08
13142 2.812894e-05 2.714141e-08
13143 2.812866e-05 2.711689e-08
13144 2.812837e-05 2.709239e-08
13145 2.812808e-05 2.706792e-08
13146 2.812780e-05 2.704346e-08
13147 2.812751e-05 2.701903e-08
13148 2.812723e-05 2.699462e-08
13149 2.812694e-05 2.697023e-08
13150 2.812666e-05 2.694586e-08
13151 2.812637e-05 2.692152e-08
13152 2.812609e-05 2.689720e-08
13153 2.812581e-05 2.687290e-08
13154 2.812552e-05 2.684862e-08
13155 2.812524e-05 2.682436e-08
13156 2.812496e-05 2.680013e-08
13157 2.812467e-05 2.677592e-08
13158 2.812439e-05 2.675173e-08
13159 2.812411e-05 2.672756e-08
13160 2.812383e-05 2.670341e-08
13161 2.812355e-05 2.667929e-08
13162 2.812326e-05 2.665518e-08
13163 2.812298e-05 2.663110e-08
13164 2.812270e-05 2.660704e-08
13165 2.812242e-05 2.658300e-08
13166 2.812214e-05 2.655899e-08
13167 2.812186e-05 2.653499e-08
13168 2.812158e-05 2.651102e-08
13169 2.812130e-05 2.648707e-08
13170 2.812102e-05 2.646314e-08
13171 2.812075e-05 2.643923e-08
13172 2.812047e-05 2.641534e-08
13173 2.812019e-05 2.639148e-08
13174 2.811991e-05 2.636764e-08
13175 2.811963e-05 2.634381e-08
13176 2.811936e-05 2.632001e-08
13177 2.811908e-05 2.629623e-08
13178 2.811880e-05 2.627248e-08
13179 2.811853e-05 2.624874e-08
13180 2.811825e-05 2.622503e-08
13181 2.811797e-05 2.620133e-08
13182 2.811770e-05 2.617766e-08
13183 2.811742e-05 2.615401e-08
13184 2.811715e-05 2.613038e-08
13185 2.811687e-05 2.610678e-08
13186 2.811660e-05 2.608319e-08
13187 2.811632e-05 2.605963e-08
13188 2.811605e-05 2.603608e-08
13189 2.811578e-05 2.601256e-08
13190 2.811550e-05 2.598906e-08
13191 2.811523e-05 2.596558e-08
13192 2.811496e-05 2.594212e-08
13193 2.811468e-05 2.591868e-08
13194 2.811441e-05 2.589527e-08
13195 2.811414e-05 2.587187e-08
13196 2.811387e-05 2.584850e-08
13197 2.811359e-05 2.582515e-08
13198 2.811332e-05 2.580182e-08
13199 2.811305e-05 2.577850e-08
13200 2.811278e-05 2.575522e-08
13201 2.811251e-05 2.573195e-08
13202 2.811224e-05 2.570870e-08
13203 2.811197e-05 2.568547e-08
13204 2.811170e-05 2.566227e-08
13205 2.811143e-05 2.563908e-08
13206 2.811116e-05 2.561592e-08
13207 2.811089e-05 2.559278e-08
13208 2.811063e-05 2.556966e-08
13209 2.811036e-05 2.554655e-08
13210 2.811009e-05 2.552347e-08
13211 2.810982e-05 2.550042e-08
13212 2.810955e-05 2.547738e-08
13213 2.810929e-05 2.545436e-08
13214 2.810902e-05 2.543136e-08
13215 2.810875e-05 2.540839e-08
13216 2.810849e-05 2.538543e-08
13217 2.810822e-05 2.536250e-08
13218 2.810795e-05 2.533958e-08
13219 2.810769e-05 2.531669e-08
13220 2.810742e-05 2.529382e-08
13221 2.810716e-05 2.527097e-08
13222 2.810689e-05 2.524814e-08
13223 2.810663e-05 2.522533e-08
13224 2.810636e-05 2.520254e-08
13225 2.810610e-05 2.517977e-08
13226 2.810584e-05 2.515702e-08
13227 2.810557e-05 2.513429e-08
13228 2.810531e-05 2.511158e-08
13229 2.810505e-05 2.508890e-08
13230 2.810478e-05 2.506623e-08
13231 2.810452e-05 2.504358e-08
13232 2.810426e-05 2.502096e-08
13233 2.810400e-05 2.499835e-08
13234 2.810373e-05 2.497577e-08
13235 2.810347e-05 2.495321e-08
13236 2.810321e-05 2.493066e-08
13237 2.810295e-05 2.490814e-08
13238 2.810269e-05 2.488563e-08
13239 2.810243e-05 2.486315e-08
13240 2.810217e-05 2.484069e-08
13241 2.810191e-05 2.481825e-08
13242 2.810165e-05 2.479583e-08
13243 2.810139e-05 2.477342e-08
13244 2.810113e-05 2.475104e-08
13245 2.810087e-05 2.472868e-08
13246 2.810061e-05 2.470634e-08
13247 2.810035e-05 2.468402e-08
13248 2.810010e-05 2.466172e-08
13249 2.809984e-05 2.463944e-08
13250 2.809958e-05 2.461718e-08
13251 2.809932e-05 2.459494e-08
13252 2.809907e-05 2.457272e-08
13253 2.809881e-05 2.455052e-08
13254 2.809855e-05 2.452834e-08
13255 2.809830e-05 2.450618e-08
13256 2.809804e-05 2.448404e-08
13257 2.809779e-05 2.446192e-08
13258 2.809753e-05 2.443982e-08
13259 2.809727e-05 2.441774e-08
13260 2.809702e-05 2.439568e-08
13261 2.809676e-05 2.437364e-08
13262 2.809651e-05 2.435162e-08
13263 2.809626e-05 2.432962e-08
13264 2.809600e-05 2.430764e-08
13265 2.809575e-05 2.428568e-08
13266 2.809549e-05 2.426373e-08
13267 2.809524e-05 2.424181e-08
13268 2.809499e-05 2.421991e-08
13269 2.809474e-05 2.419803e-08
13270 2.809448e-05 2.417617e-08
13271 2.809423e-05 2.415433e-08
13272 2.809398e-05 2.413251e-08
13273 2.809373e-05 2.411070e-08
13274 2.809347e-05 2.408892e-08
13275 2.809322e-05 2.406716e-08
13276 2.809297e-05 2.404541e-08
13277 2.809272e-05 2.402369e-08
13278 2.809247e-05 2.400199e-08
13279 2.809222e-05 2.398030e-08
13280 2.809197e-05 2.395864e-08
13281 2.809172e-05 2.393699e-08
13282 2.809147e-05 2.391537e-08
13283 2.809122e-05 2.389376e-08
13284 2.809097e-05 2.387217e-08
13285 2.809072e-05 2.385061e-08
13286 2.809048e-05 2.382906e-08
13287 2.809023e-05 2.380753e-08
13288 2.808998e-05 2.378602e-08
13289 2.808973e-05 2.376453e-08
13290 2.808948e-05 2.374306e-08
13291 2.808924e-05 2.372161e-08
13292 2.808899e-05 2.370018e-08
13293 2.808874e-05 2.367877e-08
13294 2.808850e-05 2.365738e-08
13295 2.808825e-05 2.363600e-08
13296 2.808800e-05 2.361465e-08
13297 2.808776e-05 2.359331e-08
13298 2.808751e-05 2.357200e-08
13299 2.808727e-05 2.355070e-08
13300 2.808702e-05 2.352943e-08
13301 2.808678e-05 2.350817e-08
13302 2.808653e-05 2.348693e-08
13303 2.808629e-05 2.346571e-08
13304 2.808604e-05 2.344451e-08
13305 2.808580e-05 2.342333e-08
13306 2.808556e-05 2.340217e-08
13307 2.808531e-05 2.338103e-08
13308 2.808507e-05 2.335990e-08
13309 2.808483e-05 2.333880e-08
13310 2.808458e-05 2.331771e-08
13311 2.808434e-05 2.329665e-08
13312 2.808410e-05 2.327560e-08
13313 2.808386e-05 2.325457e-08
13314 2.808362e-05 2.323356e-08
13315 2.808337e-05 2.321257e-08
13316 2.808313e-05 2.319160e-08
13317 2.808289e-05 2.317065e-08
13318 2.808265e-05 2.314971e-08
13319 2.808241e-05 2.312880e-08
13320 2.808217e-05 2.310790e-08
13321 2.808193e-05 2.308703e-08
13322 2.808169e-05 2.306617e-08
13323 2.808145e-05 2.304533e-08
13324 2.808121e-05 2.302451e-08
13325 2.808097e-05 2.300371e-08
13326 2.808073e-05 2.298293e-08
13327 2.808049e-05 2.296216e-08
13328 2.808026e-05 2.294142e-08
13329 2.808002e-05 2.292069e-08
13330 2.807978e-05 2.289998e-08
13331 2.807954e-05 2.287929e-08
13332 2.807930e-05 2.285862e-08
13333 2.807907e-05 2.283797e-08
13334 2.807883e-05 2.281734e-08
13335 2.807859e-05 2.279673e-08
13336 2.807836e-05 2.277613e-08
13337 2.807812e-05 2.275555e-08
13338 2.807788e-05 2.273500e-08
13339 2.807765e-05 2.271446e-08
13340 2.807741e-05 2.269393e-08
13341 2.807718e-05 2.267343e-08
13342 2.807694e-05 2.265295e-08
13343 2.807671e-05 2.263248e-08
13344 2.807647e-05 2.261203e-08
13345 2.807624e-05 2.259161e-08
13346 2.807600e-05 2.257120e-08
13347 2.807577e-05 2.255080e-08
13348 2.807554e-05 2.253043e-08
13349 2.807530e-05 2.251007e-08
13350 2.807507e-05 2.248974e-08
13351 2.807484e-05 2.246942e-08
13352 2.807460e-05 2.244912e-08
13353 2.807437e-05 2.242884e-08
13354 2.807414e-05 2.240858e-08
13355 2.807391e-05 2.238833e-08
13356 2.807368e-05 2.236810e-08
13357 2.807344e-05 2.234790e-08
13358 2.807321e-05 2.232771e-08
13359 2.807298e-05 2.230753e-08
13360 2.807275e-05 2.228738e-08
13361 2.807252e-05 2.226724e-08
13362 2.807229e-05 2.224713e-08
13363 2.807206e-05 2.222703e-08
13364 2.807183e-05 2.220695e-08
13365 2.807160e-05 2.218688e-08
13366 2.807137e-05 2.216684e-08
13367 2.807114e-05 2.214681e-08
13368 2.807091e-05 2.212680e-08
13369 2.807068e-05 2.210681e-08
13370 2.807045e-05 2.208684e-08
13371 2.807022e-05 2.206689e-08
13372 2.807000e-05 2.204695e-08
13373 2.806977e-05 2.202703e-08
13374 2.806954e-05 2.200713e-08
13375 2.806931e-05 2.198725e-08
13376 2.806908e-05 2.196739e-08
13377 2.806886e-05 2.194754e-08
13378 2.806863e-05 2.192771e-08
13379 2.806840e-05 2.190790e-08
13380 2.806818e-05 2.188811e-08
13381 2.806795e-05 2.186833e-08
13382 2.806773e-05 2.184858e-08
13383 2.806750e-05 2.182884e-08
13384 2.806727e-05 2.180912e-08
13385 2.806705e-05 2.178941e-08
13386 2.806682e-05 2.176973e-08
13387 2.806660e-05 2.175006e-08
13388 2.806637e-05 2.173041e-08
13389 2.806615e-05 2.171078e-08
13390 2.806592e-05 2.169116e-08
13391 2.806570e-05 2.167157e-08
13392 2.806548e-05 2.165199e-08
13393 2.806525e-05 2.163243e-08
13394 2.806503e-05 2.161288e-08
13395 2.806481e-05 2.159336e-08
13396 2.806458e-05 2.157385e-08
13397 2.806436e-05 2.155436e-08
13398 2.806414e-05 2.153488e-08
13399 2.806392e-05 2.151543e-08
13400 2.806369e-05 2.149599e-08
13401 2.806347e-05 2.147657e-08
13402 2.806325e-05 2.145717e-08
13403 2.806303e-05 2.143778e-08
13404 2.806281e-05 2.141841e-08
13405 2.806259e-05 2.139906e-08
13406 2.806237e-05 2.137973e-08
13407 2.806215e-05 2.136042e-08
13408 2.806193e-05 2.134112e-08
13409 2.806171e-05 2.132184e-08
13410 2.806149e-05 2.130257e-08
13411 2.806127e-05 2.128333e-08
13412 2.806105e-05 2.126410e-08
13413 2.806083e-05 2.124489e-08
13414 2.806061e-05 2.122570e-08
13415 2.806039e-05 2.120652e-08
13416 2.806017e-05 2.118736e-08
13417 2.805995e-05 2.116822e-08
13418 2.805973e-05 2.114909e-08
13419 2.805952e-05 2.112999e-08
13420 2.805930e-05 2.111090e-08
13421 2.805908e-05 2.109183e-08
13422 2.805886e-05 2.107277e-08
13423 2.805865e-05 2.105373e-08
13424 2.805843e-05 2.103471e-08
13425 2.805821e-05 2.101571e-08
13426 2.805800e-05 2.099672e-08
13427 2.805778e-05 2.097775e-08
13428 2.805756e-05 2.095880e-08
13429 2.805735e-05 2.093986e-08
13430 2.805713e-05 2.092095e-08
13431 2.805692e-05 2.090205e-08
13432 2.805670e-05 2.088316e-08
13433 2.805649e-05 2.086429e-08
13434 2.805627e-05 2.084544e-08
13435 2.805606e-05 2.082661e-08
13436 2.805584e-05 2.080780e-08
13437 2.805563e-05 2.078900e-08
13438 2.805542e-05 2.077022e-08
13439 2.805520e-05 2.075145e-08
13440 2.805499e-05 2.073270e-08
13441 2.805478e-05 2.071397e-08
13442 2.805456e-05 2.069526e-08
13443 2.805435e-05 2.067656e-08
13444 2.805414e-05 2.065788e-08
13445 2.805392e-05 2.063922e-08
13446 2.805371e-05 2.062057e-08
13447 2.805350e-05 2.060194e-08
13448 2.805329e-05 2.058333e-08
13449 2.805308e-05 2.056473e-08
13450 2.805287e-05 2.054615e-08
13451 2.805265e-05 2.052759e-08
13452 2.805244e-05 2.050905e-08
13453 2.805223e-05 2.049052e-08
13454 2.805202e-05 2.047201e-08
13455 2.805181e-05 2.045351e-08
13456 2.805160e-05 2.043503e-08
13457 2.805139e-05 2.041657e-08
13458 2.805118e-05 2.039812e-08
13459 2.805097e-05 2.037970e-08
13460 2.805076e-05 2.036128e-08
13461 2.805055e-05 2.034289e-08
13462 2.805035e-05 2.032451e-08
13463 2.805014e-05 2.030615e-08
13464 2.804993e-05 2.028780e-08
13465 2.804972e-05 2.026947e-08
13466 2.804951e-05 2.025116e-08
13467 2.804930e-05 2.023287e-08
13468 2.804910e-05 2.021459e-08
13469 2.804889e-05 2.019632e-08
13470 2.804868e-05 2.017808e-08
13471 2.804847e-05 2.015985e-08
13472 2.804827e-05 2.014163e-08
13473 2.804806e-05 2.012344e-08
13474 2.804785e-05 2.010526e-08
13475 2.804765e-05 2.008709e-08
13476 2.804744e-05 2.006895e-08
13477 2.804724e-05 2.005081e-08
13478 2.804703e-05 2.003270e-08
13479 2.804682e-05 2.001460e-08
13480 2.804662e-05 1.999652e-08
13481 2.804641e-05 1.997845e-08
13482 2.804621e-05 1.996040e-08
13483 2.804600e-05 1.994237e-08
13484 2.804580e-05 1.992435e-08
13485 2.804560e-05 1.990635e-08
13486 2.804539e-05 1.988837e-08
13487 2.804519e-05 1.987040e-08
13488 2.804498e-05 1.985245e-08
13489 2.804478e-05 1.983451e-08
13490 2.804458e-05 1.981659e-08
13491 2.804437e-05 1.979869e-08
13492 2.804417e-05 1.978080e-08
13493 2.804397e-05 1.976293e-08
13494 2.804377e-05 1.974508e-08
13495 2.804356e-05 1.972724e-08
13496 2.804336e-05 1.970942e-08
13497 2.804316e-05 1.969161e-08
13498 2.804296e-05 1.967382e-08
13499 2.804276e-05 1.965605e-08
13500 2.804256e-05 1.963829e-08
13501 2.804235e-05 1.962055e-08
13502 2.804215e-05 1.960282e-08
13503 2.804195e-05 1.958511e-08
13504 2.804175e-05 1.956742e-08
13505 2.804155e-05 1.954974e-08
13506 2.804135e-05 1.953208e-08
13507 2.804115e-05 1.951443e-08
13508 2.804095e-05 1.949680e-08
13509 2.804075e-05 1.947918e-08
13510 2.804055e-05 1.946159e-08
13511 2.804035e-05 1.944400e-08
13512 2.804016e-05 1.942644e-08
13513 2.803996e-05 1.940889e-08
13514 2.803976e-05 1.939135e-08
13515 2.803956e-05 1.937383e-08
13516 2.803936e-05 1.935633e-08
13517 2.803916e-05 1.933884e-08
13518 2.803897e-05 1.932137e-08
13519 2.803877e-05 1.930391e-08
13520 2.803857e-05 1.928647e-08
13521 2.803837e-05 1.926905e-08
13522 2.803818e-05 1.925164e-08
13523 2.803798e-05 1.923425e-08
13524 2.803778e-05 1.921687e-08
13525 2.803759e-05 1.919951e-08
13526 2.803739e-05 1.918216e-08
13527 2.803720e-05 1.916483e-08
13528 2.803700e-05 1.914752e-08
13529 2.803680e-05 1.913022e-08
13530 2.803661e-05 1.911294e-08
13531 2.803641e-05 1.909567e-08
13532 2.803622e-05 1.907842e-08
13533 2.803602e-05 1.906118e-08
13534 2.803583e-05 1.904396e-08
13535 2.803563e-05 1.902676e-08
13536 2.803544e-05 1.900957e-08
13537 2.803525e-05 1.899239e-08
13538 2.803505e-05 1.897523e-08
13539 2.803486e-05 1.895809e-08
13540 2.803466e-05 1.894096e-08
13541 2.803447e-05 1.892385e-08
13542 2.803428e-05 1.890676e-08
13543 2.803408e-05 1.888967e-08
13544 2.803389e-05 1.887261e-08
13545 2.803370e-05 1.885556e-08
13546 2.803351e-05 1.883852e-08
13547 2.803331e-05 1.882150e-08
13548 2.803312e-05 1.880450e-08
13549 2.803293e-05 1.878751e-08
13550 2.803274e-05 1.877054e-08
13551 2.803255e-05 1.875358e-08
13552 2.803236e-05 1.873664e-08
13553 2.803216e-05 1.871971e-08
13554 2.803197e-05 1.870280e-08
13555 2.803178e-05 1.868590e-08
13556 2.803159e-05 1.866902e-08
13557 2.803140e-05 1.865215e-08
13558 2.803121e-05 1.863530e-08
13559 2.803102e-05 1.861846e-08
13560 2.803083e-05 1.860164e-08
13561 2.803064e-05 1.858484e-08
13562 2.803045e-05 1.856805e-08
13563 2.803026e-05 1.855127e-08
13564 2.803007e-05 1.853451e-08
13565 2.802989e-05 1.851777e-08
13566 2.802970e-05 1.850104e-08
13567 2.802951e-05 1.848432e-08
13568 2.802932e-05 1.846762e-08
13569 2.802913e-05 1.845094e-08
13570 2.802894e-05 1.843427e-08
13571 2.802876e-05 1.841761e-08
13572 2.802857e-05 1.840098e-08
13573 2.802838e-05 1.838435e-08
13574 2.802819e-05 1.836774e-08
13575 2.802801e-05 1.835115e-08
13576 2.802782e-05 1.833457e-08
13577 2.802763e-05 1.831800e-08
13578 2.802745e-05 1.830145e-08
13579 2.802726e-05 1.828492e-08
13580 2.802707e-05 1.826840e-08
13581 2.802689e-05 1.825190e-08
13582 2.802670e-05 1.823541e-08
13583 2.802652e-05 1.821893e-08
13584 2.802633e-05 1.820247e-08
13585 2.802615e-05 1.818603e-08
13586 2.802596e-05 1.816960e-08
13587 2.802578e-05 1.815318e-08
13588 2.802559e-05 1.813678e-08
13589 2.802541e-05 1.812040e-08
13590 2.802522e-05 1.810403e-08
13591 2.802504e-05 1.808767e-08
13592 2.802485e-05 1.807133e-08
13593 2.802467e-05 1.805500e-08
13594 2.802449e-05 1.803869e-08
13595 2.802430e-05 1.802239e-08
13596 2.802412e-05 1.800611e-08
13597 2.802394e-05 1.798984e-08
13598 2.802375e-05 1.797359e-08
13599 2.802357e-05 1.795735e-08
13600 2.802339e-05 1.794113e-08
13601 2.802321e-05 1.792492e-08
13602 2.802302e-05 1.790873e-08
13603 2.802284e-05 1.789255e-08
13604 2.802266e-05 1.787638e-08
13605 2.802248e-05 1.786023e-08
13606 2.802230e-05 1.784410e-08
13607 2.802212e-05 1.782797e-08
13608 2.802193e-05 1.781187e-08
13609 2.802175e-05 1.779578e-08
13610 2.802157e-05 1.777970e-08
13611 2.802139e-05 1.776363e-08
13612 2.802121e-05 1.774759e-08
13613 2.802103e-05 1.773155e-08
13614 2.802085e-05 1.771553e-08
13615 2.802067e-05 1.769953e-08
13616 2.802049e-05 1.768354e-08
13617 2.802031e-05 1.766756e-08
13618 2.802013e-05 1.765160e-08
13619 2.801995e-05 1.763565e-08
13620 2.801977e-05 1.761972e-08
13621 2.801960e-05 1.760380e-08
13622 2.801942e-05 1.758790e-08
13623 2.801924e-05 1.757201e-08
13624 2.801906e-05 1.755613e-08
13625 2.801888e-05 1.754027e-08
13626 2.801870e-05 1.752442e-08
13627 2.801853e-05 1.750859e-08
13628 2.801835e-05 1.749277e-08
13629 2.801817e-05 1.747697e-08
13630 2.801799e-05 1.746118e-08
13631 2.801782e-05 1.744541e-08
13632 2.801764e-05 1.742964e-08
13633 2.801746e-05 1.741390e-08
13634 2.801729e-05 1.739817e-08
13635 2.801711e-05 1.738245e-08
13636 2.801693e-05 1.736674e-08
13637 2.801676e-05 1.735105e-08
13638 2.801658e-05 1.733538e-08
13639 2.801641e-05 1.731972e-08
13640 2.801623e-05 1.730407e-08
13641 2.801605e-05 1.728844e-08
13642 2.801588e-05 1.727282e-08
13643 2.801570e-05 1.725721e-08
13644 2.801553e-05 1.724162e-08
13645 2.801535e-05 1.722604e-08
13646 2.801518e-05 1.721048e-08
13647 2.801501e-05 1.719493e-08
13648 2.801483e-05 1.717940e-08
13649 2.801466e-05 1.716388e-08
13650 2.801448e-05 1.714837e-08
13651 2.801431e-05 1.713288e-08
13652 2.801414e-05 1.711740e-08
13653 2.801396e-05 1.710193e-08
13654 2.801379e-05 1.708648e-08
13655 2.801362e-05 1.707105e-08
13656 2.801344e-05 1.705562e-08
13657 2.801327e-05 1.704021e-08
13658 2.801310e-05 1.702482e-08
13659 2.801293e-05 1.700944e-08
13660 2.801275e-05 1.699407e-08
13661 2.801258e-05 1.697872e-08
13662 2.801241e-05 1.696338e-08
13663 2.801224e-05 1.694805e-08
13664 2.801207e-05 1.693274e-08
13665 2.801189e-05 1.691744e-08
13666 2.801172e-05 1.690216e-08
13667 2.801155e-05 1.688689e-08
13668 2.801138e-05 1.687163e-08
13669 2.801121e-05 1.685639e-08
13670 2.801104e-05 1.684116e-08
13671 2.801087e-05 1.682595e-08
13672 2.801070e-05 1.681075e-08
13673 2.801053e-05 1.679556e-08
13674 2.801036e-05 1.678038e-08
13675 2.801019e-05 1.676522e-08
13676 2.801002e-05 1.675008e-08
13677 2.800985e-05 1.673495e-08
13678 2.800968e-05 1.671983e-08
13679 2.800951e-05 1.670472e-08
13680 2.800934e-05 1.668963e-08
13681 2.800917e-05 1.667455e-08
13682 2.800901e-05 1.665949e-08
13683 2.800884e-05 1.664444e-08
13684 2.800867e-05 1.662940e-08
13685 2.800850e-05 1.661437e-08
13686 2.800833e-05 1.659936e-08
13687 2.800817e-05 1.658437e-08
13688 2.800800e-05 1.656938e-08
13689 2.800783e-05 1.655441e-08
13690 2.800766e-05 1.653946e-08
13691 2.800750e-05 1.652452e-08
13692 2.800733e-05 1.650959e-08
13693 2.800716e-05 1.649467e-08
13694 2.800700e-05 1.647977e-08
13695 2.800683e-05 1.646488e-08
13696 2.800666e-05 1.645001e-08
13697 2.800650e-05 1.643514e-08
13698 2.800633e-05 1.642030e-08
13699 2.800616e-05 1.640546e-08
13700 2.800600e-05 1.639064e-08
13701 2.800583e-05 1.637583e-08
13702 2.800567e-05 1.636104e-08
13703 2.800550e-05 1.634626e-08
13704 2.800534e-05 1.633149e-08
13705 2.800517e-05 1.631673e-08
13706 2.800501e-05 1.630199e-08
13707 2.800484e-05 1.628726e-08
13708 2.800468e-05 1.627255e-08
13709 2.800451e-05 1.625785e-08
13710 2.800435e-05 1.624316e-08
13711 2.800419e-05 1.622849e-08
13712 2.800402e-05 1.621382e-08
13713 2.800386e-05 1.619918e-08
13714 2.800370e-05 1.618454e-08
13715 2.800353e-05 1.616992e-08
13716 2.800337e-05 1.615531e-08
13717 2.800321e-05 1.614071e-08
13718 2.800304e-05 1.612613e-08
13719 2.800288e-05 1.611156e-08
13720 2.800272e-05 1.609701e-08
13721 2.800256e-05 1.608246e-08
13722 2.800239e-05 1.606793e-08
13723 2.800223e-05 1.605342e-08
13724 2.800207e-05 1.603891e-08
13725 2.800191e-05 1.602442e-08
13726 2.800175e-05 1.600995e-08
13727 2.800159e-05 1.599548e-08
13728 2.800142e-05 1.598103e-08
13729 2.800126e-05 1.596659e-08
13730 2.800110e-05 1.595217e-08
13731 2.800094e-05 1.593776e-08
13732 2.800078e-05 1.592336e-08
13733 2.800062e-05 1.590897e-08
13734 2.800046e-05 1.589460e-08
13735 2.800030e-05 1.588024e-08
13736 2.800014e-05 1.586589e-08
13737 2.799998e-05 1.585156e-08
13738 2.799982e-05 1.583724e-08
13739 2.799966e-05 1.582293e-08
13740 2.799950e-05 1.580863e-08
13741 2.799934e-05 1.579435e-08
13742 2.799918e-05 1.578008e-08
13743 2.799902e-05 1.576583e-08
13744 2.799886e-05 1.575158e-08
13745 2.799871e-05 1.573735e-08
13746 2.799855e-05 1.572313e-08
13747 2.799839e-05 1.570893e-08
13748 2.799823e-05 1.569474e-08
13749 2.799807e-05 1.568056e-08
13750 2.799792e-05 1.566639e-08
13751 2.799776e-05 1.565224e-08
13752 2.799760e-05 1.563810e-08
13753 2.799744e-05 1.562397e-08
13754 2.799729e-05 1.560985e-08
13755 2.799713e-05 1.559575e-08
13756 2.799697e-05 1.558166e-08
13757 2.799681e-05 1.556758e-08
13758 2.799666e-05 1.555352e-08
13759 2.799650e-05 1.553947e-08
13760 2.799635e-05 1.552543e-08
13761 2.799619e-05 1.551140e-08
13762 2.799603e-05 1.549739e-08
13763 2.799588e-05 1.548339e-08
13764 2.799572e-05 1.546940e-08
13765 2.799557e-05 1.545542e-08
13766 2.799541e-05 1.544146e-08
13767 2.799525e-05 1.542751e-08
13768 2.799510e-05 1.541357e-08
13769 2.799494e-05 1.539965e-08
13770 2.799479e-05 1.538573e-08
13771 2.799464e-05 1.537183e-08
13772 2.799448e-05 1.535795e-08
13773 2.799433e-05 1.534407e-08
13774 2.799417e-05 1.533021e-08
13775 2.799402e-05 1.531636e-08
13776 2.799386e-05 1.530252e-08
13777 2.799371e-05 1.528870e-08
13778 2.799356e-05 1.527488e-08
13779 2.799340e-05 1.526108e-08
13780 2.799325e-05 1.524730e-08
13781 2.799310e-05 1.523352e-08
13782 2.799294e-05 1.521976e-08
13783 2.799279e-05 1.520601e-08
13784 2.799264e-05 1.519227e-08
13785 2.799248e-05 1.517854e-08
13786 2.799233e-05 1.516483e-08
13787 2.799218e-05 1.515113e-08
13788 2.799203e-05 1.513744e-08
13789 2.799188e-05 1.512377e-08
13790 2.799172e-05 1.511010e-08
13791 2.799157e-05 1.509645e-08
13792 2.799142e-05 1.508281e-08
13793 2.799127e-05 1.506919e-08
13794 2.799112e-05 1.505557e-08
13795 2.799097e-05 1.504197e-08
13796 2.799082e-05 1.502838e-08
13797 2.799066e-05 1.501480e-08
13798 2.799051e-05 1.500124e-08
13799 2.799036e-05 1.498769e-08
13800 2.799021e-05 1.497415e-08
13801 2.799006e-05 1.496062e-08
13802 2.798991e-05 1.494710e-08
13803 2.798976e-05 1.493360e-08
13804 2.798961e-05 1.492011e-08
13805 2.798946e-05 1.490663e-08
13806 2.798931e-05 1.489316e-08
13807 2.798916e-05 1.487970e-08
13808 2.798901e-05 1.486626e-08
13809 2.798887e-05 1.485283e-08
13810 2.798872e-05 1.483941e-08
13811 2.798857e-05 1.482600e-08
13812 2.798842e-05 1.481261e-08
13813 2.798827e-05 1.479923e-08
13814 2.798812e-05 1.478586e-08
13815 2.798797e-05 1.477250e-08
13816 2.798783e-05 1.475915e-08
13817 2.798768e-05 1.474582e-08
13818 2.798753e-05 1.473250e-08
13819 2.798738e-05 1.471919e-08
13820 2.798723e-05 1.470589e-08
13821 2.798709e-05 1.469260e-08
13822 2.798694e-05 1.467933e-08
13823 2.798679e-05 1.466607e-08
13824 2.798665e-05 1.465282e-08
13825 2.798650e-05 1.463958e-08
13826 2.798635e-05 1.462635e-08
13827 2.798620e-05 1.461314e-08
13828 2.798606e-05 1.459994e-08
13829 2.798591e-05 1.458675e-08
13830 2.798577e-05 1.457357e-08
13831 2.798562e-05 1.456040e-08
13832 2.798547e-05 1.454725e-08
13833 2.798533e-05 1.453410e-08
13834 2.798518e-05 1.452097e-08
13835 2.798504e-05 1.450785e-08
13836 2.798489e-05 1.449475e-08
13837 2.798475e-05 1.448165e-08
13838 2.798460e-05 1.446857e-08
13839 2.798446e-05 1.445550e-08
13840 2.798431e-05 1.444244e-08
13841 2.798417e-05 1.442939e-08
13842 2.798402e-05 1.441635e-08
13843 2.798388e-05 1.440333e-08
13844 2.798373e-05 1.439032e-08
13845 2.798359e-05 1.437732e-08
13846 2.798345e-05 1.436433e-08
13847 2.798330e-05 1.435135e-08
13848 2.798316e-05 1.433838e-08
13849 2.798302e-05 1.432543e-08
13850 2.798287e-05 1.431249e-08
13851 2.798273e-05 1.429956e-08
13852 2.798259e-05 1.428664e-08
13853 2.798244e-05 1.427373e-08
13854 2.798230e-05 1.426084e-08
13855 2.798216e-05 1.424795e-08
13856 2.798201e-05 1.423508e-08
13857 2.798187e-05 1.422222e-08
13858 2.798173e-05 1.420937e-08
13859 2.798159e-05 1.419653e-08
13860 2.798145e-05 1.418371e-08
13861 2.798130e-05 1.417089e-08
13862 2.798116e-05 1.415809e-08
13863 2.798102e-05 1.414530e-08
13864 2.798088e-05 1.413252e-08
13865 2.798074e-05 1.411975e-08
13866 2.798060e-05 1.410699e-08
13867 2.798046e-05 1.409425e-08
13868 2.798031e-05 1.408152e-08
13869 2.798017e-05 1.406879e-08
13870 2.798003e-05 1.405608e-08
13871 2.797989e-05 1.404339e-08
13872 2.797975e-05 1.403070e-08
13873 2.797961e-05 1.401802e-08
13874 2.797947e-05 1.400536e-08
13875 2.797933e-05 1.399270e-08
13876 2.797919e-05 1.398006e-08
13877 2.797905e-05 1.396743e-08
13878 2.797891e-05 1.395481e-08
13879 2.797877e-05 1.394221e-08
13880 2.797863e-05 1.392961e-08
13881 2.797849e-05 1.391703e-08
13882 2.797836e-05 1.390445e-08
13883 2.797822e-05 1.389189e-08
13884 2.797808e-05 1.387934e-08
13885 2.797794e-05 1.386680e-08
13886 2.797780e-05 1.385427e-08
13887 2.797766e-05 1.384176e-08
13888 2.797752e-05 1.382925e-08
13889 2.797739e-05 1.381676e-08
13890 2.797725e-05 1.380427e-08
13891 2.797711e-05 1.379180e-08
13892 2.797697e-05 1.377934e-08
13893 2.797683e-05 1.376689e-08
13894 2.797670e-05 1.375446e-08
13895 2.797656e-05 1.374203e-08
13896 2.797642e-05 1.372961e-08
13897 2.797629e-05 1.371721e-08
13898 2.797615e-05 1.370482e-08
13899 2.797601e-05 1.369244e-08
13900 2.797588e-05 1.368007e-08
13901 2.797574e-05 1.366771e-08
13902 2.797560e-05 1.365536e-08
13903 2.797547e-05 1.364302e-08
13904 2.797533e-05 1.363070e-08
13905 2.797519e-05 1.361838e-08
13906 2.797506e-05 1.360608e-08
13907 2.797492e-05 1.359379e-08
13908 2.797479e-05 1.358150e-08
13909 2.797465e-05 1.356923e-08
13910 2.797452e-05 1.355698e-08
13911 2.797438e-05 1.354473e-08
13912 2.797425e-05 1.353249e-08
13913 2.797411e-05 1.352026e-08
13914 2.797398e-05 1.350805e-08
13915 2.797384e-05 1.349585e-08
13916 2.797371e-05 1.348365e-08
13917 2.797357e-05 1.347147e-08
13918 2.797344e-05 1.345930e-08
13919 2.797330e-05 1.344714e-08
13920 2.797317e-05 1.343499e-08
13921 2.797304e-05 1.342285e-08
13922 2.797290e-05 1.341073e-08
13923 2.797277e-05 1.339861e-08
13924 2.797263e-05 1.338651e-08
13925 2.797250e-05 1.337441e-08
13926 2.797237e-05 1.336233e-08
13927 2.797223e-05 1.335026e-08
13928 2.797210e-05 1.333820e-08
13929 2.797197e-05 1.332615e-08
13930 2.797184e-05 1.331411e-08
13931 2.797170e-05 1.330208e-08
13932 2.797157e-05 1.329006e-08
13933 2.797144e-05 1.327805e-08
13934 2.797131e-05 1.326606e-08
13935 2.797117e-05 1.325407e-08
13936 2.797104e-05 1.324210e-08
13937 2.797091e-05 1.323013e-08
13938 2.797078e-05 1.321818e-08
13939 2.797065e-05 1.320624e-08
13940 2.797051e-05 1.319431e-08
13941 2.797038e-05 1.318239e-08
13942 2.797025e-05 1.317048e-08
13943 2.797012e-05 1.315858e-08
13944 2.796999e-05 1.314669e-08
13945 2.796986e-05 1.313482e-08
13946 2.796973e-05 1.312295e-08
13947 2.796960e-05 1.311109e-08
13948 2.796947e-05 1.309925e-08
13949 2.796934e-05 1.308741e-08
13950 2.796921e-05 1.307559e-08
13951 2.796908e-05 1.306378e-08
13952 2.796895e-05 1.305197e-08
13953 2.796882e-05 1.304018e-08
13954 2.796869e-05 1.302840e-08
13955 2.796856e-05 1.301663e-08
13956 2.796843e-05 1.300487e-08
13957 2.796830e-05 1.299312e-08
13958 2.796817e-05 1.298138e-08
13959 2.796804e-05 1.296965e-08
13960 2.796791e-05 1.295794e-08
13961 2.796778e-05 1.294623e-08
13962 2.796765e-05 1.293453e-08
13963 2.796752e-05 1.292285e-08
13964 2.796740e-05 1.291117e-08
13965 2.796727e-05 1.289951e-08
13966 2.796714e-05 1.288786e-08
13967 2.796701e-05 1.287621e-08
13968 2.796688e-05 1.286458e-08
13969 2.796675e-05 1.285296e-08
13970 2.796663e-05 1.284134e-08
13971 2.796650e-05 1.282974e-08
13972 2.796637e-05 1.281815e-08
13973 2.796624e-05 1.280657e-08
13974 2.796612e-05 1.279500e-08
13975 2.796599e-05 1.278344e-08
13976 2.796586e-05 1.277189e-08
13977 2.796573e-05 1.276035e-08
13978 2.796561e-05 1.274883e-08
13979 2.796548e-05 1.273731e-08
13980 2.796535e-05 1.272580e-08
13981 2.796523e-05 1.271430e-08
13982 2.796510e-05 1.270282e-08
13983 2.796498e-05 1.269134e-08
13984 2.796485e-05 1.267987e-08
13985 2.796472e-05 1.266842e-08
13986 2.796460e-05 1.265697e-08
13987 2.796447e-05 1.264554e-08
13988 2.796435e-05 1.263411e-08
13989 2.796422e-05 1.262270e-08
13990 2.796410e-05 1.261130e-08
13991 2.796397e-05 1.259990e-08
13992 2.796384e-05 1.258852e-08
13993 2.796372e-05 1.257715e-08
13994 2.796359e-05 1.256578e-08
13995 2.796347e-05 1.255443e-08
13996 2.796335e-05 1.254309e-08
13997 2.796322e-05 1.253176e-08
13998 2.796310e-05 1.252043e-08
13999 2.796297e-05 1.250912e-08
14000 2.796285e-05 1.249782e-08
14001 2.796272e-05 1.248653e-08
14002 2.796260e-05 1.247525e-08
14003 2.796248e-05 1.246398e-08
14004 2.796235e-05 1.245272e-08
14005 2.796223e-05 1.244147e-08
14006 2.796210e-05 1.243023e-08
14007 2.796198e-05 1.241900e-08
14008 2.796186e-05 1.240778e-08
14009 2.796174e-05 1.239657e-08
14010 2.796161e-05 1.238537e-08
14011 2.796149e-05 1.237418e-08
14012 2.796137e-05 1.236300e-08
14013 2.796124e-05 1.235183e-08
14014 2.796112e-05 1.234067e-08
14015 2.796100e-05 1.232952e-08
14016 2.796088e-05 1.231838e-08
14017 2.796075e-05 1.230725e-08
14018 2.796063e-05 1.229614e-08
14019 2.796051e-05 1.228503e-08
14020 2.796039e-05 1.227393e-08
14021 2.796027e-05 1.226284e-08
14022 2.796014e-05 1.225176e-08
14023 2.796002e-05 1.224069e-08
14024 2.795990e-05 1.222963e-08
14025 2.795978e-05 1.221858e-08
14026 2.795966e-05 1.220755e-08
14027 2.795954e-05 1.219652e-08
14028 2.795942e-05 1.218550e-08
14029 2.795930e-05 1.217449e-08
14030 2.795918e-05 1.216349e-08
14031 2.795906e-05 1.215250e-08
14032 2.795893e-05 1.214152e-08
14033 2.795881e-05 1.213055e-08
14034 2.795869e-05 1.211959e-08
14035 2.795857e-05 1.210864e-08
14036 2.795845e-05 1.209770e-08
14037 2.795833e-05 1.208677e-08
14038 2.795821e-05 1.207585e-08
14039 2.795809e-05 1.206494e-08
14040 2.795798e-05 1.205404e-08
14041 2.795786e-05 1.204315e-08
14042 2.795774e-05 1.203227e-08
14043 2.795762e-05 1.202140e-08
14044 2.795750e-05 1.201054e-08
14045 2.795738e-05 1.199969e-08
14046 2.795726e-05 1.198885e-08
14047 2.795714e-05 1.197802e-08
14048 2.795702e-05 1.196720e-08
14049 2.795690e-05 1.195639e-08
14050 2.795679e-05 1.194558e-08
14051 2.795667e-05 1.193479e-08
14052 2.795655e-05 1.192401e-08
14053 2.795643e-05 1.191324e-08
14054 2.795631e-05 1.190247e-08
14055 2.795620e-05 1.189172e-08
14056 2.795608e-05 1.188098e-08
14057 2.795596e-05 1.187024e-08
14058 2.795584e-05 1.185952e-08
14059 2.795572e-05 1.184881e-08
14060 2.795561e-05 1.183810e-08
14061 2.795549e-05 1.182741e-08
14062 2.795537e-05 1.181672e-08
14063 2.795526e-05 1.180604e-08
14064 2.795514e-05 1.179538e-08
14065 2.795502e-05 1.178472e-08
14066 2.795491e-05 1.177407e-08
14067 2.795479e-05 1.176344e-08
14068 2.795467e-05 1.175281e-08
14069 2.795456e-05 1.174219e-08
14070 2.795444e-05 1.173158e-08
14071 2.795432e-05 1.172098e-08
14072 2.795421e-05 1.171040e-08
14073 2.795409e-05 1.169982e-08
14074 2.795398e-05 1.168925e-08
14075 2.795386e-05 1.167869e-08
14076 2.795375e-05 1.166813e-08
14077 2.795363e-05 1.165759e-08
14078 2.795351e-05 1.164706e-08
14079 2.795340e-05 1.163654e-08
14080 2.795328e-05 1.162603e-08
14081 2.795317e-05 1.161552e-08
14082 2.795305e-05 1.160503e-08
14083 2.795294e-05 1.159454e-08
14084 2.795283e-05 1.158407e-08
14085 2.795271e-05 1.157360e-08
14086 2.795260e-05 1.156315e-08
14087 2.795248e-05 1.155270e-08
14088 2.795237e-05 1.154226e-08
14089 2.795225e-05 1.153183e-08
14090 2.795214e-05 1.152142e-08
14091 2.795203e-05 1.151101e-08
14092 2.795191e-05 1.150061e-08
14093 2.795180e-05 1.149022e-08
14094 2.795168e-05 1.147984e-08
14095 2.795157e-05 1.146947e-08
14096 2.795146e-05 1.145910e-08
14097 2.795134e-05 1.144875e-08
14098 2.795123e-05 1.143841e-08
14099 2.795112e-05 1.142807e-08
14100 2.795101e-05 1.141775e-08
14101 2.795089e-05 1.140743e-08
14102 2.795078e-05 1.139713e-08
14103 2.795067e-05 1.138683e-08
14104 2.795055e-05 1.137654e-08
14105 2.795044e-05 1.136627e-08
14106 2.795033e-05 1.135600e-08
14107 2.795022e-05 1.134574e-08
14108 2.795011e-05 1.133549e-08
14109 2.794999e-05 1.132525e-08
14110 2.794988e-05 1.131501e-08
14111 2.794977e-05 1.130479e-08
14112 2.794966e-05 1.129458e-08
14113 2.794955e-05 1.128437e-08
14114 2.794944e-05 1.127418e-08
14115 2.794932e-05 1.126399e-08
14116 2.794921e-05 1.125382e-08
14117 2.794910e-05 1.124365e-08
14118 2.794899e-05 1.123349e-08
14119 2.794888e-05 1.122334e-08
14120 2.794877e-05 1.121320e-08
14121 2.794866e-05 1.120307e-08
14122 2.794855e-05 1.119295e-08
14123 2.794844e-05 1.118284e-08
14124 2.794833e-05 1.117274e-08
14125 2.794822e-05 1.116264e-08
14126 2.794811e-05 1.115256e-08
14127 2.794800e-05 1.114248e-08
14128 2.794789e-05 1.113242e-08
14129 2.794778e-05 1.112236e-08
14130 2.794767e-05 1.111231e-08
14131 2.794756e-05 1.110227e-08
14132 2.794745e-05 1.109224e-08
14133 2.794734e-05 1.108222e-08
14134 2.794723e-05 1.107221e-08
14135 2.794712e-05 1.106220e-08
14136 2.794701e-05 1.105221e-08
14137 2.794690e-05 1.104222e-08
14138 2.794679e-05 1.103225e-08
14139 2.794668e-05 1.102228e-08
14140 2.794657e-05 1.101232e-08
14141 2.794647e-05 1.100237e-08
14142 2.794636e-05 1.099243e-08
14143 2.794625e-05 1.098250e-08
14144 2.794614e-05 1.097258e-08
14145 2.794603e-05 1.096267e-08
14146 2.794592e-05 1.095276e-08
14147 2.794582e-05 1.094287e-08
14148 2.794571e-05 1.093298e-08
14149 2.794560e-05 1.092310e-08
14150 2.794549e-05 1.091324e-08
14151 2.794538e-05 1.090338e-08
14152 2.794528e-05 1.089353e-08
14153 2.794517e-05 1.088368e-08
14154 2.794506e-05 1.087385e-08
14155 2.794496e-05 1.086403e-08
14156 2.794485e-05 1.085421e-08
14157 2.794474e-05 1.084441e-08
14158 2.794463e-05 1.083461e-08
14159 2.794453e-05 1.082482e-08
14160 2.794442e-05 1.081504e-08
14161 2.794431e-05 1.080527e-08
14162 2.794421e-05 1.079551e-08
14163 2.794410e-05 1.078576e-08
14164 2.794400e-05 1.077601e-08
14165 2.794389e-05 1.076628e-08
14166 2.794378e-05 1.075655e-08
14167 2.794368e-05 1.074683e-08
14168 2.794357e-05 1.073712e-08
14169 2.794347e-05 1.072742e-08
14170 2.794336e-05 1.071773e-08
14171 2.794325e-05 1.070805e-08
14172 2.794315e-05 1.069837e-08
14173 2.794304e-05 1.068871e-08
14174 2.794294e-05 1.067905e-08
14175 2.794283e-05 1.066940e-08
14176 2.794273e-05 1.065976e-08
14177 2.794262e-05 1.065013e-08
14178 2.794252e-05 1.064051e-08
14179 2.794241e-05 1.063090e-08
14180 2.794231e-05 1.062129e-08
14181 2.794220e-05 1.061170e-08
14182 2.794210e-05 1.060211e-08
14183 2.794199e-05 1.059253e-08
14184 2.794189e-05 1.058296e-08
14185 2.794179e-05 1.057340e-08
14186 2.794168e-05 1.056385e-08
14187 2.794158e-05 1.055430e-08
14188 2.794147e-05 1.054477e-08
14189 2.794137e-05 1.053524e-08
14190 2.794127e-05 1.052572e-08
14191 2.794116e-05 1.051622e-08
14192 2.794106e-05 1.050671e-08
14193 2.794096e-05 1.049722e-08
14194 2.794085e-05 1.048774e-08
14195 2.794075e-05 1.047826e-08
14196 2.794065e-05 1.046880e-08
14197 2.794054e-05 1.045934e-08
14198 2.794044e-05 1.044989e-08
14199 2.794034e-05 1.044045e-08
14200 2.794024e-05 1.043102e-08
14201 2.794013e-05 1.042159e-08
14202 2.794003e-05 1.041218e-08
14203 2.793993e-05 1.040277e-08
14204 2.793983e-05 1.039337e-08
14205 2.793972e-05 1.038398e-08
14206 2.793962e-05 1.037460e-08
14207 2.793952e-05 1.036523e-08
14208 2.793942e-05 1.035586e-08
14209 2.793931e-05 1.034651e-08
14210 2.793921e-05 1.033716e-08
14211 2.793911e-05 1.032782e-08
14212 2.793901e-05 1.031849e-08
14213 2.793891e-05 1.030917e-08
14214 2.793881e-05 1.029985e-08
14215 2.793871e-05 1.029055e-08
14216 2.793860e-05 1.028125e-08
14217 2.793850e-05 1.027196e-08
14218 2.793840e-05 1.026268e-08
14219 2.793830e-05 1.025341e-08
14220 2.793820e-05 1.024415e-08
14221 2.793810e-05 1.023489e-08
14222 2.793800e-05 1.022565e-08
14223 2.793790e-05 1.021641e-08
14224 2.793780e-05 1.020718e-08
14225 2.793770e-05 1.019796e-08
14226 2.793760e-05 1.018874e-08
14227 2.793750e-05 1.017954e-08
14228 2.793740e-05 1.017034e-08
14229 2.793730e-05 1.016115e-08
14230 2.793720e-05 1.015197e-08
14231 2.793710e-05 1.014280e-08
14232 2.793700e-05 1.013364e-08
14233 2.793690e-05 1.012448e-08
14234 2.793680e-05 1.011534e-08
14235 2.793670e-05 1.010620e-08
14236 2.793660e-05 1.009707e-08
14237 2.793650e-05 1.008794e-08
14238 2.793640e-05 1.007883e-08
14239 2.793630e-05 1.006973e-08
14240 2.793620e-05 1.006063e-08
14241 2.793611e-05 1.005154e-08
14242 2.793601e-05 1.004246e-08
14243 2.793591e-05 1.003338e-08
14244 2.793581e-05 1.002432e-08
14245 2.793571e-05 1.001526e-08
14246 2.793561e-05 1.000622e-08
14247 2.793551e-05 9.997176e-09
