# step err_l2 res_l2
0 2.463645e-01 1.000000e+00
1 2.319178e-01 1.383347e-01
2 2.265456e-01 8.496129e-02
3 2.224267e-01 6.169682e-02
4 2.189753e-01 4.909385e-02
5 2.159566e-01 4.115850e-02
6 2.132474e-01 3.566209e-02
7 2.107740e-01 3.160485e-02
8 2.084878e-01 2.847194e-02
9 2.063550e-01 2.597044e-02
10 2.043509e-01 2.392086e-02
11 2.024567e-01 2.220675e-02
12 2.006579e-01 2.074908e-02
13 1.989428e-01 1.949221e-02
14 1.973021e-01 1.839577e-02
15 1.957278e-01 1.742970e-02
16 1.942136e-01 1.657114e-02
17 1.927538e-01 1.580236e-02
18 1.913439e-01 1.510942e-02
19 1.899796e-01 1.448115e-02
20 1.886574e-01 1.390852e-02
21 1.873743e-01 1.338414e-02
22 1.861275e-01 1.290190e-02
23 1.849145e-01 1.245670e-02
24 1.837331e-01 1.204423e-02
25 1.825814e-01 1.166085e-02
26 1.814577e-01 1.130346e-02
27 1.803603e-01 1.096938e-02
28 1.792878e-01 1.065630e-02
29 1.782389e-01 1.036221e-02
30 1.772123e-01 1.008535e-02
31 1.762070e-01 9.824188e-03
32 1.752219e-01 9.577355e-03
33 1.742560e-01 9.343651e-03
34 1.733086e-01 9.122006e-03
35 1.723788e-01 8.911468e-03
36 1.714658e-01 8.711182e-03
37 1.705690e-01 8.520381e-03
38 1.696876e-01 8.338376e-03
39 1.688212e-01 8.164543e-03
40 1.679691e-01 7.998317e-03
41 1.671307e-01 7.839185e-03
42 1.663056e-01 7.686682e-03
43 1.654933e-01 7.540380e-03
44 1.646933e-01 7.399892e-03
45 1.639053e-01 7.264860e-03
46 1.631288e-01 7.134957e-03
47 1.623634e-01 7.009883e-03
48 1.616089e-01 6.889359e-03
49 1.608647e-01 6.773130e-03
50 1.601308e-01 6.660958e-03
51 1.594066e-01 6.552625e-03
52 1.586920e-01 6.447928e-03
53 1.579866e-01 6.346676e-03
54 1.572902e-01 6.248695e-03
55 1.566026e-01 6.153820e-03
56 1.559234e-01 6.061899e-03
57 1.552526e-01 5.972789e-03
58 1.545897e-01 5.886357e-03
59 1.539348e-01 5.802478e-03
60 1.532874e-01 5.721035e-03
61 1.526475e-01 5.641918e-03
62 1.520148e-01 5.565023e-03
63 1.513893e-01 5.490254e-03
64 1.507706e-01 5.417520e-03
65 1.501586e-01 5.346734e-03
66 1.495533e-01 5.277815e-03
67 1.489544e-01 5.210687e-03
68 1.483617e-01 5.145277e-03
69 1.477752e-01 5.081517e-03
70 1.471948e-01 5.019342e-03
71 1.466201e-01 4.958691e-03
72 1.460513e-01 4.899506e-03
73 1.454880e-01 4.841731e-03
74 1.449303e-01 4.785314e-03
75 1.443779e-01 4.730206e-03
76 1.438309e-01 4.676359e-03
77 1.432890e-01 4.623729e-03
78 1.427521e-01 4.572272e-03
79 1.422203e-01 4.521947e-03
80 1.416933e-01 4.472717e-03
81 1.411711e-01 4.424544e-03
82 1.406536e-01 4.377392e-03
83 1.401407e-01 4.331228e-03
84 1.396322e-01 4.286019e-03
85 1.391283e-01 4.241736e-03
86 1.386286e-01 4.198347e-03
87 1.381333e-01 4.155826e-03
88 1.376421e-01 4.114145e-03
89 1.371550e-01 4.073278e-03
90 1.366720e-01 4.033201e-03
91 1.361930e-01 3.993889e-03
92 1.357178e-01 3.955320e-03
93 1.352466e-01 3.917473e-03
94 1.347790e-01 3.880325e-03
95 1.343152e-01 3.843857e-03
96 1.338551e-01 3.808050e-03
97 1.333985e-01 3.772885e-03
98 1.329455e-01 3.738344e-03
99 1.324960e-01 3.704409e-03
100 1.320499e-01 3.671065e-03
101 1.316071e-01 3.638295e-03
102 1.311676e-01 3.606083e-03
103 1.307315e-01 3.574416e-03
104 1.302985e-01 3.543278e-03
105 1.298687e-01 3.512657e-03
106 1.294420e-01 3.482538e-03
107 1.290184e-01 3.452909e-03
108 1.285978e-01 3.423757e-03
109 1.281802e-01 3.395071e-03
110 1.277655e-01 3.366839e-03
111 1.273537e-01 3.339050e-03
112 1.269448e-01 3.311693e-03
113 1.265386e-01 3.284758e-03
114 1.261353e-01 3.258234e-03
115 1.257347e-01 3.232112e-03
116 1.253367e-01 3.206383e-03
117 1.249415e-01 3.181037e-03
118 1.245488e-01 3.156065e-03
119 1.241587e-01 3.131460e-03
120 1.237712e-01 3.107212e-03
121 1.233862e-01 3.083314e-03
122 1.230037e-01 3.059757e-03
123 1.226236e-01 3.036536e-03
124 1.222459e-01 3.013641e-03
125 1.218706e-01 2.991066e-03
126 1.214977e-01 2.968805e-03
127 1.211271e-01 2.946849e-03
128 1.207588e-01 2.925194e-03
129 1.203927e-01 2.903833e-03
130 1.200289e-01 2.882759e-03
131 1.196673e-01 2.861968e-03
132 1.193079e-01 2.841452e-03
133 1.189506e-01 2.821206e-03
134 1.185954e-01 2.801226e-03
135 1.182424e-01 2.781505e-03
136 1.178914e-01 2.762039e-03
137 1.175425e-01 2.742822e-03
138 1.171956e-01 2.723850e-03
139 1.168506e-01 2.705119e-03
140 1.165077e-01 2.686623e-03
141 1.161667e-01 2.668357e-03
142 1.158277e-01 2.650319e-03
143 1.154905e-01 2.632503e-03
144 1.151553e-01 2.614905e-03
145 1.148219e-01 2.597521e-03
146 1.144903e-01 2.580348e-03
147 1.141606e-01 2.563382e-03
148 1.138326e-01 2.546619e-03
149 1.135065e-01 2.530054e-03
150 1.131821e-01 2.513686e-03
151 1.128594e-01 2.497510e-03
152 1.125385e-01 2.481523e-03
153 1.122192e-01 2.465722e-03
154 1.119017e-01 2.450103e-03
155 1.115858e-01 2.434664e-03
156 1.112715e-01 2.419401e-03
157 1.109589e-01 2.404312e-03
158 1.106479e-01 2.389393e-03
159 1.103385e-01 2.374643e-03
160 1.100306e-01 2.360057e-03
161 1.097243e-01 2.345633e-03
162 1.094196e-01 2.331370e-03
163 1.091164e-01 2.317263e-03
164 1.088147e-01 2.303311e-03
165 1.085145e-01 2.289511e-03
166 1.082157e-01 2.275862e-03
167 1.079185e-01 2.262359e-03
168 1.076227e-01 2.249002e-03
169 1.073283e-01 2.235788e-03
170 1.070353e-01 2.222715e-03
171 1.067438e-01 2.209780e-03
172 1.064536e-01 2.196982e-03
173 1.061648e-01 2.184318e-03
174 1.058774e-01 2.171787e-03
175 1.055913e-01 2.159386e-03
176 1.053066e-01 2.147114e-03
177 1.050232e-01 2.134969e-03
178 1.047411e-01 2.122949e-03
179 1.044603e-01 2.111052e-03
180 1.041808e-01 2.099276e-03
181 1.039025e-01 2.087619e-03
182 1.036255e-01 2.076081e-03
183 1.033498e-01 2.064659e-03
184 1.030753e-01 2.053351e-03
185 1.028020e-01 2.042157e-03
186 1.025300e-01 2.031074e-03
187 1.022591e-01 2.020101e-03
188 1.019895e-01 2.009236e-03
189 1.017210e-01 1.998478e-03
190 1.014537e-01 1.987826e-03
191 1.011875e-01 1.977278e-03
192 1.009225e-01 1.966832e-03
193 1.006586e-01 1.956488e-03
194 1.003959e-01 1.946244e-03
195 1.001343e-01 1.936098e-03
196 9.987377e-02 1.926050e-03
197 9.961435e-02 1.916098e-03
198 9.935602e-02 1.906240e-03
199 9.909876e-02 1.896476e-03
200 9.884258e-02 1.886805e-03
201 9.858745e-02 1.877225e-03
202 9.833338e-02 1.867734e-03
203 9.808034e-02 1.858333e-03
204 9.782834e-02 1.849019e-03
205 9.757736e-02 1.839792e-03
206 9.732739e-02 1.830651e-03
207 9.707843e-02 1.821594e-03
208 9.683046e-02 1.812620e-03
209 9.658349e-02 1.803729e-03
210 9.633749e-02 1.794919e-03
211 9.609247e-02 1.786190e-03
212 9.584840e-02 1.777540e-03
213 9.560530e-02 1.768968e-03
214 9.536314e-02 1.760474e-03
215 9.512192e-02 1.752056e-03
216 9.488164e-02 1.743714e-03
217 9.464228e-02 1.735446e-03
218 9.440384e-02 1.727252e-03
219 9.416630e-02 1.719131e-03
220 9.392967e-02 1.711083e-03
221 9.369394e-02 1.703105e-03
222 9.345909e-02 1.695198e-03
223 9.322512e-02 1.687360e-03
224 9.299203e-02 1.679590e-03
225 9.275980e-02 1.671889e-03
226 9.252844e-02 1.664254e-03
227 9.229793e-02 1.656686e-03
228 9.206826e-02 1.649184e-03
229 9.183944e-02 1.641746e-03
230 9.161145e-02 1.634372e-03
231 9.138429e-02 1.627061e-03
232 9.115795e-02 1.619813e-03
233 9.093243e-02 1.612626e-03
234 9.070771e-02 1.605501e-03
235 9.048380e-02 1.598436e-03
236 9.026069e-02 1.591431e-03
237 9.003836e-02 1.584484e-03
238 8.981682e-02 1.577596e-03
239 8.959607e-02 1.570766e-03
240 8.937608e-02 1.563992e-03
241 8.915686e-02 1.557275e-03
242 8.893841e-02 1.550614e-03
243 8.872071e-02 1.544007e-03
244 8.850377e-02 1.537455e-03
245 8.828757e-02 1.530957e-03
246 8.807211e-02 1.524513e-03
247 8.785739e-02 1.518121e-03
248 8.764340e-02 1.511780e-03
249 8.743013e-02 1.505492e-03
250 8.721759e-02 1.499254e-03
251 8.700576e-02 1.493067e-03
252 8.679464e-02 1.486929e-03
253 8.658422e-02 1.480841e-03
254 8.637451e-02 1.474801e-03
255 8.616549e-02 1.468809e-03
256 8.595717e-02 1.462865e-03
257 8.574953e-02 1.456968e-03
258 8.554257e-02 1.451118e-03
259 8.533629e-02 1.445313e-03
260 8.513068e-02 1.439554e-03
261 8.492575e-02 1.433840e-03
262 8.472147e-02 1.428171e-03
263 8.451786e-02 1.422546e-03
264 8.431490e-02 1.416964e-03
265 8.411259e-02 1.411425e-03
266 8.391093e-02 1.405929e-03
267 8.370991e-02 1.400475e-03
268 8.350953e-02 1.395063e-03
269 8.330979e-02 1.389692e-03
270 8.311067e-02 1.384362e-03
271 8.291219e-02 1.379072e-03
272 8.271432e-02 1.373822e-03
273 8.251707e-02 1.368611e-03
274 8.232044e-02 1.363440e-03
275 8.212442e-02 1.358307e-03
276 8.192901e-02 1.353212e-03
277 8.173420e-02 1.348155e-03
278 8.154000e-02 1.343136e-03
279 8.134638e-02 1.338153e-03
280 8.115336e-02 1.333207e-03
281 8.096093e-02 1.328297e-03
282 8.076909e-02 1.323423e-03
283 8.057783e-02 1.318585e-03
284 8.038715e-02 1.313781e-03
285 8.019704e-02 1.309012e-03
286 8.000750e-02 1.304278e-03
287 7.981854e-02 1.299577e-03
288 7.963014e-02 1.294910e-03
289 7.944230e-02 1.290276e-03
290 7.925502e-02 1.285674e-03
291 7.906830e-02 1.281106e-03
292 7.888212e-02 1.276569e-03
293 7.869650e-02 1.272064e-03
294 7.851143e-02 1.267591e-03
295 7.832690e-02 1.263149e-03
296 7.814291e-02 1.258738e-03
297 7.795945e-02 1.254357e-03
298 7.777653e-02 1.250006e-03
299 7.759415e-02 1.245685e-03
300 7.741229e-02 1.241393e-03
301 7.723095e-02 1.237131e-03
302 7.705014e-02 1.232898e-03
303 7.686985e-02 1.228693e-03
304 7.669008e-02 1.224517e-03
305 7.651082e-02 1.220368e-03
306 7.633207e-02 1.216247e-03
307 7.615384e-02 1.212154e-03
308 7.597611e-02 1.208087e-03
309 7.579888e-02 1.204048e-03
310 7.562215e-02 1.200035e-03
311 7.544593e-02 1.196048e-03
312 7.527020e-02 1.192088e-03
313 7.509496e-02 1.188153e-03
314 7.492021e-02 1.184243e-03
315 7.474596e-02 1.180359e-03
316 7.457218e-02 1.176499e-03
317 7.439890e-02 1.172664e-03
318 7.422609e-02 1.168854e-03
319 7.405376e-02 1.165068e-03
320 7.388191e-02 1.161306e-03
321 7.371054e-02 1.157567e-03
322 7.353963e-02 1.153852e-03
323 7.336920e-02 1.150160e-03
324 7.319923e-02 1.146491e-03
325 7.302972e-02 1.142844e-03
326 7.286068e-02 1.139220e-03
327 7.269211e-02 1.135618e-03
328 7.252398e-02 1.132039e-03
329 7.235632e-02 1.128481e-03
330 7.218911e-02 1.124944e-03
331 7.202235e-02 1.121429e-03
332 7.185604e-02 1.117935e-03
333 7.169018e-02 1.114462e-03
334 7.152477e-02 1.111010e-03
335 7.135980e-02 1.107578e-03
336 7.119527e-02 1.104166e-03
337 7.103118e-02 1.100774e-03
338 7.086752e-02 1.097403e-03
339 7.070431e-02 1.094050e-03
340 7.054153e-02 1.090718e-03
341 7.037918e-02 1.087404e-03
342 7.021725e-02 1.084110e-03
343 7.005576e-02 1.080835e-03
344 6.989470e-02 1.077578e-03
345 6.973405e-02 1.074340e-03
346 6.957383e-02 1.071120e-03
347 6.941403e-02 1.067918e-03
348 6.925465e-02 1.064734e-03
349 6.909569e-02 1.061568e-03
350 6.893714e-02 1.058419e-03
351 6.877901e-02 1.055288e-03
352 6.862128e-02 1.052174e-03
353 6.846397e-02 1.049078e-03
354 6.830707e-02 1.045998e-03
355 6.815057e-02 1.042935e-03
356 6.799448e-02 1.039888e-03
357 6.783879e-02 1.036858e-03
358 6.768350e-02 1.033844e-03
359 6.752861e-02 1.030846e-03
360 6.737412e-02 1.027864e-03
361 6.722002e-02 1.024898e-03
362 6.706632e-02 1.021948e-03
363 6.691302e-02 1.019013e-03
364 6.676011e-02 1.016093e-03
365 6.660758e-02 1.013188e-03
366 6.645545e-02 1.010299e-03
367 6.630370e-02 1.007424e-03
368 6.615234e-02 1.004564e-03
369 6.600136e-02 1.001719e-03
370 6.585077e-02 9.988884e-04
371 6.570055e-02 9.960719e-04
372 6.555072e-02 9.932696e-04
373 6.540126e-02 9.904813e-04
374 6.525218e-02 9.877070e-04
375 6.510348e-02 9.849465e-04
376 6.495515e-02 9.821996e-04
377 6.480719e-02 9.794662e-04
378 6.465961e-02 9.767462e-04
379 6.451239e-02 9.740395e-04
380 6.436554e-02 9.713460e-04
381 6.421906e-02 9.686654e-04
382 6.407294e-02 9.659978e-04
383 6.392719e-02 9.633430e-04
384 6.378180e-02 9.607008e-04
385 6.363678e-02 9.580712e-04
386 6.349211e-02 9.554540e-04
387 6.334780e-02 9.528491e-04
388 6.320385e-02 9.502564e-04
389 6.306026e-02 9.476758e-04
390 6.291702e-02 9.451072e-04
391 6.277413e-02 9.425505e-04
392 6.263160e-02 9.400056e-04
393 6.248942e-02 9.374723e-04
394 6.234759e-02 9.349505e-04
395 6.220610e-02 9.324402e-04
396 6.206497e-02 9.299413e-04
397 6.192418e-02 9.274536e-04
398 6.178373e-02 9.249771e-04
399 6.164363e-02 9.225116e-04
400 6.150388e-02 9.200570e-04
401 6.136446e-02 9.176133e-04
402 6.122539e-02 9.151804e-04
403 6.108665e-02 9.127581e-04
404 6.094825e-02 9.103464e-04
405 6.081019e-02 9.079452e-04
406 6.067246e-02 9.055543e-04
407 6.053507e-02 9.031737e-04
408 6.039802e-02 9.008034e-04
409 6.026129e-02 8.984432e-04
410 6.012490e-02 8.960930e-04
411 5.998883e-02 8.937527e-04
412 5.985310e-02 8.914223e-04
413 5.971769e-02 8.891017e-04
414 5.958261e-02 8.867907e-04
415 5.944786e-02 8.844894e-04
416 5.931343e-02 8.821976e-04
417 5.917932e-02 8.799153e-04
418 5.904554e-02 8.776423e-04
419 5.891208e-02 8.753786e-04
420 5.877894e-02 8.731241e-04
421 5.864612e-02 8.708788e-04
422 5.851362e-02 8.686425e-04
423 5.838143e-02 8.664152e-04
424 5.824956e-02 8.641969e-04
425 5.811801e-02 8.619873e-04
426 5.798677e-02 8.597866e-04
427 5.785585e-02 8.575945e-04
428 5.772523e-02 8.554111e-04
429 5.759493e-02 8.532362e-04
430 5.746494e-02 8.510698e-04
431 5.733526e-02 8.489118e-04
432 5.720589e-02 8.467622e-04
433 5.707682e-02 8.446208e-04
434 5.694807e-02 8.424877e-04
435 5.681961e-02 8.403628e-04
436 5.669147e-02 8.382459e-04
437 5.656362e-02 8.361371e-04
438 5.643608e-02 8.340362e-04
439 5.630885e-02 8.319432e-04
440 5.618191e-02 8.298581e-04
441 5.605527e-02 8.277808e-04
442 5.592893e-02 8.257111e-04
443 5.580290e-02 8.236492e-04
444 5.567715e-02 8.215948e-04
445 5.555171e-02 8.195480e-04
446 5.542656e-02 8.175087e-04
447 5.530171e-02 8.154769e-04
448 5.517715e-02 8.134524e-04
449 5.505288e-02 8.114352e-04
450 5.492890e-02 8.094253e-04
451 5.480522e-02 8.074226e-04
452 5.468183e-02 8.054271e-04
453 5.455873e-02 8.034387e-04
454 5.443591e-02 8.014573e-04
455 5.431339e-02 7.994829e-04
456 5.419115e-02 7.975155e-04
457 5.406919e-02 7.955550e-04
458 5.394753e-02 7.936014e-04
459 5.382615e-02 7.916546e-04
460 5.370505e-02 7.897145e-04
461 5.358423e-02 7.877811e-04
462 5.346370e-02 7.858544e-04
463 5.334345e-02 7.839343e-04
464 5.322348e-02 7.820208e-04
465 5.310379e-02 7.801138e-04
466 5.298437e-02 7.782133e-04
467 5.286524e-02 7.763192e-04
468 5.274639e-02 7.744315e-04
469 5.262781e-02 7.725502e-04
470 5.250950e-02 7.706751e-04
471 5.239147e-02 7.688064e-04
472 5.227372e-02 7.669438e-04
473 5.215624e-02 7.650874e-04
474 5.203903e-02 7.632371e-04
475 5.192210e-02 7.613930e-04
476 5.180544e-02 7.595548e-04
477 5.168904e-02 7.577227e-04
478 5.157292e-02 7.558966e-04
479 5.145707e-02 7.540764e-04
480 5.134148e-02 7.522621e-04
481 5.122616e-02 7.504536e-04
482 5.111111e-02 7.486510e-04
483 5.099633e-02 7.468542e-04
484 5.088181e-02 7.450631e-04
485 5.076755e-02 7.432777e-04
486 5.065356e-02 7.414979e-04
487 5.053984e-02 7.397238e-04
488 5.042637e-02 7.379554e-04
489 5.031317e-02 7.361924e-04
490 5.020023e-02 7.344350e-04
491 5.008755e-02 7.326831e-04
492 4.997513e-02 7.309367e-04
493 4.986297e-02 7.291957e-04
494 4.975106e-02 7.274601e-04
495 4.963942e-02 7.257298e-04
496 4.952803e-02 7.240049e-04
497 4.941690e-02 7.222853e-04
498 4.930602e-02 7.205709e-04
499 4.919540e-02 7.188618e-04
500 4.908503e-02 7.171579e-04
501 4.897492e-02 7.154592e-04
502 4.886506e-02 7.137656e-04
503 4.875545e-02 7.120771e-04
504 4.864609e-02 7.103937e-04
505 4.853699e-02 7.087153e-04
506 4.842813e-02 7.070420e-04
507 4.831953e-02 7.053737e-04
508 4.821117e-02 7.037103e-04
509 4.810306e-02 7.020519e-04
510 4.799520e-02 7.003984e-04
511 4.788759e-02 6.987497e-04
512 4.778023e-02 6.971060e-04
513 4.767310e-02 6.954670e-04
514 4.756623e-02 6.938329e-04
515 4.745960e-02 6.922035e-04
516 4.735321e-02 6.905789e-04
517 4.724707e-02 6.889590e-04
518 4.714117e-02 6.873438e-04
519 4.703551e-02 6.857333e-04
520 4.693009e-02 6.841274e-04
521 4.682492e-02 6.825261e-04
522 4.671998e-02 6.809295e-04
523 4.661528e-02 6.793374e-04
524 4.651083e-02 6.777499e-04
525 4.640661e-02 6.761668e-04
526 4.630263e-02 6.745883e-04
527 4.619888e-02 6.730143e-04
528 4.609538e-02 6.714447e-04
529 4.599211e-02 6.698796e-04
530 4.588907e-02 6.683189e-04
531 4.578627e-02 6.667625e-04
532 4.568370e-02 6.652105e-04
533 4.558137e-02 6.636629e-04
534 4.547927e-02 6.621196e-04
535 4.537740e-02 6.605805e-04
536 4.527577e-02 6.590458e-04
537 4.517436e-02 6.575153e-04
538 4.507319e-02 6.559891e-04
539 4.497225e-02 6.544670e-04
540 4.487153e-02 6.529492e-04
541 4.477105e-02 6.514355e-04
542 4.467079e-02 6.499260e-04
543 4.457076e-02 6.484206e-04
544 4.447096e-02 6.469193e-04
545 4.437139e-02 6.454221e-04
546 4.427204e-02 6.439290e-04
547 4.417292e-02 6.424400e-04
548 4.407402e-02 6.409550e-04
549 4.397535e-02 6.394740e-04
550 4.387690e-02 6.379970e-04
551 4.377867e-02 6.365240e-04
552 4.368067e-02 6.350549e-04
553 4.358289e-02 6.335898e-04
554 4.348533e-02 6.321286e-04
555 4.338799e-02 6.306714e-04
556 4.329088e-02 6.292180e-04
557 4.319398e-02 6.277685e-04
558 4.309730e-02 6.263228e-04
559 4.300084e-02 6.248810e-04
560 4.290461e-02 6.234430e-04
561 4.280858e-02 6.220088e-04
562 4.271278e-02 6.205784e-04
563 4.261719e-02 6.191517e-04
564 4.252182e-02 6.177288e-04
565 4.242667e-02 6.163097e-04
566 4.233173e-02 6.148943e-04
567 4.223701e-02 6.134825e-04
568 4.214250e-02 6.120745e-04
569 4.204820e-02 6.106702e-04
570 4.195412e-02 6.092695e-04
571 4.186025e-02 6.078724e-04
572 4.176659e-02 6.064790e-04
573 4.167315e-02 6.050892e-04
574 4.157991e-02 6.037030e-04
575 4.148689e-02 6.023203e-04
576 4.139407e-02 6.009413e-04
577 4.130147e-02 5.995657e-04
578 4.120908e-02 5.981938e-04
579 4.111689e-02 5.968253e-04
580 4.102491e-02 5.954604e-04
581 4.093314e-02 5.940989e-04
582 4.084158e-02 5.927410e-04
583 4.075023e-02 5.913865e-04
584 4.065908e-02 5.900355e-04
585 4.056813e-02 5.886879e-04
586 4.047739e-02 5.873437e-04
587 4.038686e-02 5.860029e-04
588 4.029653e-02 5.846656e-04
589 4.020641e-02 5.833316e-04
590 4.011648e-02 5.820010e-04
591 4.002676e-02 5.806738e-04
592 3.993725e-02 5.793499e-04
593 3.984793e-02 5.780293e-04
594 3.975882e-02 5.767121e-04
595 3.966991e-02 5.753982e-04
596 3.958119e-02 5.740876e-04
597 3.949268e-02 5.727802e-04
598 3.940437e-02 5.714761e-04
599 3.931626e-02 5.701753e-04
600 3.922834e-02 5.688778e-04
601 3.914062e-02 5.675835e-04
602 3.905310e-02 5.662924e-04
603 3.896578e-02 5.650045e-04
604 3.887866e-02 5.637198e-04
605 3.879173e-02 5.624383e-04
606 3.870499e-02 5.611600e-04
607 3.861846e-02 5.598848e-04
608 3.853211e-02 5.586128e-04
609 3.844596e-02 5.573440e-04
610 3.836001e-02 5.560782e-04
611 3.827425e-02 5.548156e-04
612 3.818868e-02 5.535561e-04
613 3.810330e-02 5.522997e-04
614 3.801812e-02 5.510464e-04
615 3.793313e-02 5.497962e-04
616 3.784833e-02 5.485490e-04
617 3.776372e-02 5.473049e-04
618 3.767930e-02 5.460638e-04
619 3.759507e-02 5.448258e-04
620 3.751103e-02 5.435908e-04
621 3.742717e-02 5.423588e-04
622 3.734351e-02 5.411298e-04
623 3.726004e-02 5.399038e-04
624 3.717675e-02 5.386808e-04
625 3.709365e-02 5.374607e-04
626 3.701074e-02 5.362436e-04
627 3.692801e-02 5.350295e-04
628 3.684547e-02 5.338183e-04
629 3.676312e-02 5.326101e-04
630 3.668095e-02 5.314047e-04
631 3.659896e-02 5.302023e-04
632 3.651716e-02 5.290028e-04
633 3.643554e-02 5.278062e-04
634 3.635411e-02 5.266125e-04
635 3.627286e-02 5.254216e-04
636 3.619179e-02 5.242336e-04
637 3.611091e-02 5.230485e-04
638 3.603020e-02 5.218662e-04
639 3.594968e-02 5.206867e-04
640 3.586934e-02 5.195101e-04
641 3.578917e-02 5.183363e-04
642 3.570919e-02 5.171653e-04
643 3.562939e-02 5.159971e-04
644 3.554977e-02 5.148318e-04
645 3.547032e-02 5.136692e-04
646 3.539106e-02 5.125093e-04
647 3.531197e-02 5.113523e-04
648 3.523306e-02 5.101980e-04
649 3.515432e-02 5.090464e-04
650 3.507577e-02 5.078976e-04
651 3.499739e-02 5.067515e-04
652 3.491918e-02 5.056081e-04
653 3.484115e-02 5.044675e-04
654 3.476330e-02 5.033296e-04
655 3.468562e-02 5.021943e-04
656 3.460812e-02 5.010618e-04
657 3.453079e-02 4.999319e-04
658 3.445363e-02 4.988048e-04
659 3.437664e-02 4.976802e-04
660 3.429983e-02 4.965584e-04
661 3.422319e-02 4.954392e-04
662 3.414673e-02 4.943226e-04
663 3.407043e-02 4.932087e-04
664 3.399430e-02 4.920974e-04
665 3.391835e-02 4.909887e-04
666 3.384257e-02 4.898826e-04
667 3.376695e-02 4.887792e-04
668 3.369151e-02 4.876783e-04
669 3.361623e-02 4.865800e-04
670 3.354113e-02 4.854843e-04
671 3.346619e-02 4.843912e-04
672 3.339142e-02 4.833006e-04
673 3.331682e-02 4.822126e-04
674 3.324238e-02 4.811272e-04
675 3.316811e-02 4.800442e-04
676 3.309401e-02 4.789639e-04
677 3.302008e-02 4.778860e-04
678 3.294631e-02 4.768107e-04
679 3.287270e-02 4.757379e-04
680 3.279926e-02 4.746676e-04
681 3.272599e-02 4.735998e-04
682 3.265288e-02 4.725345e-04
683 3.257993e-02 4.714717e-04
684 3.250715e-02 4.704113e-04
685 3.243453e-02 4.693534e-04
686 3.236207e-02 4.682980e-04
687 3.228977e-02 4.672451e-04
688 3.221764e-02 4.661946e-04
689 3.214567e-02 4.651465e-04
690 3.207386e-02 4.641009e-04
691 3.200221e-02 4.630577e-04
692 3.193072e-02 4.620170e-04
693 3.185939e-02 4.609786e-04
694 3.178822e-02 4.599427e-04
695 3.171721e-02 4.589091e-04
696 3.164636e-02 4.578780e-04
697 3.157567e-02 4.568493e-04
698 3.150513e-02 4.558229e-04
699 3.143476e-02 4.547989e-04
700 3.136454e-02 4.537773e-04
701 3.129448e-02 4.527580e-04
702 3.122458e-02 4.517412e-04
703 3.115483e-02 4.507266e-04
704 3.108524e-02 4.497144e-04
705 3.101580e-02 4.487046e-04
706 3.094652e-02 4.476970e-04
707 3.087740e-02 4.466918e-04
708 3.080843e-02 4.456890e-04
709 3.073961e-02 4.446884e-04
710 3.067095e-02 4.436901e-04
711 3.060244e-02 4.426942e-04
712 3.053409e-02 4.417005e-04
713 3.046589e-02 4.407091e-04
714 3.039784e-02 4.397201e-04
715 3.032994e-02 4.387332e-04
716 3.026220e-02 4.377487e-04
717 3.019460e-02 4.367664e-04
718 3.012716e-02 4.357864e-04
719 3.005987e-02 4.348086e-04
720 2.999273e-02 4.338331e-04
721 2.992574e-02 4.328599e-04
722 2.985890e-02 4.318888e-04
723 2.979221e-02 4.309200e-04
724 2.972567e-02 4.299534e-04
725 2.965928e-02 4.289890e-04
726 2.959303e-02 4.280269e-04
727 2.952694e-02 4.270669e-04
728 2.946099e-02 4.261092e-04
729 2.939519e-02 4.251536e-04
730 2.932954e-02 4.242002e-04
731 2.926403e-02 4.232491e-04
732 2.919867e-02 4.223000e-04
733 2.913346e-02 4.213532e-04
734 2.906839e-02 4.204085e-04
735 2.900347e-02 4.194660e-04
736 2.893870e-02 4.185257e-04
737 2.887407e-02 4.175875e-04
738 2.880958e-02 4.166514e-04
739 2.874524e-02 4.157175e-04
740 2.868104e-02 4.147857e-04
741 2.861698e-02 4.138561e-04
742 2.855307e-02 4.129285e-04
743 2.848930e-02 4.120031e-04
744 2.842568e-02 4.110798e-04
745 2.836220e-02 4.101586e-04
746 2.829885e-02 4.092395e-04
747 2.823565e-02 4.083225e-04
748 2.817260e-02 4.074076e-04
749 2.810968e-02 4.064947e-04
750 2.804690e-02 4.055840e-04
751 2.798427e-02 4.046753e-04
752 2.792177e-02 4.037687e-04
753 2.785941e-02 4.028642e-04
754 2.779720e-02 4.019617e-04
755 2.773512e-02 4.010613e-04
756 2.767318e-02 4.001629e-04
757 2.761138e-02 3.992666e-04
758 2.754972e-02 3.983723e-04
759 2.748819e-02 3.974800e-04
760 2.742681e-02 3.965898e-04
761 2.736556e-02 3.957016e-04
762 2.730445e-02 3.948154e-04
763 2.724347e-02 3.939312e-04
764 2.718263e-02 3.930491e-04
765 2.712193e-02 3.921689e-04
766 2.706136e-02 3.912907e-04
767 2.700093e-02 3.904146e-04
768 2.694063e-02 3.895404e-04
769 2.688047e-02 3.886682e-04
770 2.682044e-02 3.877980e-04
771 2.676055e-02 3.869297e-04
772 2.670079e-02 3.860634e-04
773 2.664116e-02 3.851991e-04
774 2.658167e-02 3.843368e-04
775 2.652231e-02 3.834764e-04
776 2.646308e-02 3.826179e-04
777 2.640399e-02 3.817614e-04
778 2.634503e-02 3.809069e-04
779 2.628620e-02 3.800543e-04
780 2.622750e-02 3.792036e-04
781 2.616893e-02 3.783548e-04
782 2.611049e-02 3.775080e-04
783 2.605219e-02 3.766630e-04
784 2.599401e-02 3.758200e-04
785 2.593597e-02 3.749789e-04
786 2.587805e-02 3.741397e-04
787 2.582026e-02 3.733024e-04
788 2.576261e-02 3.724670e-04
789 2.570508e-02 3.716335e-04
790 2.564768e-02 3.708019e-04
791 2.559041e-02 3.699721e-04
792 2.553326e-02 3.691442e-04
793 2.547625e-02 3.683182e-04
794 2.541936e-02 3.674941e-04
795 2.536260e-02 3.666718e-04
796 2.530596e-02 3.658514e-04
797 2.524946e-02 3.650328e-04
798 2.519308e-02 3.642161e-04
799 2.513682e-02 3.634012e-04
800 2.508069e-02 3.625882e-04
801 2.502469e-02 3.617770e-04
802 2.496881e-02 3.609677e-04
803 2.491305e-02 3.601601e-04
804 2.485742e-02 3.593544e-04
805 2.480192e-02 3.585505e-04
806 2.474654e-02 3.577484e-04
807 2.469128e-02 3.569482e-04
808 2.463615e-02 3.561497e-04
809 2.458114e-02 3.553530e-04
810 2.452625e-02 3.545582e-04
811 2.447149e-02 3.537651e-04
812 2.441684e-02 3.529738e-04
813 2.436232e-02 3.521843e-04
814 2.430792e-02 3.513966e-04
815 2.425365e-02 3.506106e-04
816 2.419949e-02 3.498265e-04
817 2.414546e-02 3.490441e-04
818 2.409154e-02 3.482634e-04
819 2.403775e-02 3.474845e-04
820 2.398408e-02 3.467074e-04
821 2.393052e-02 3.459320e-04
822 2.387709e-02 3.451584e-04
823 2.382378e-02 3.443865e-04
824 2.377058e-02 3.436164e-04
825 2.371751e-02 3.428479e-04
826 2.366455e-02 3.420813e-04
827 2.361171e-02 3.413163e-04
828 2.355899e-02 3.405531e-04
829 2.350639e-02 3.397915e-04
830 2.345390e-02 3.390317e-04
831 2.340153e-02 3.382736e-04
832 2.334928e-02 3.375172e-04
833 2.329715e-02 3.367626e-04
834 2.324513e-02 3.360096e-04
835 2.319323e-02 3.352583e-04
836 2.314144e-02 3.345087e-04
837 2.308977e-02 3.337608e-04
838 2.303822e-02 3.330145e-04
839 2.298678e-02 3.322700e-04
840 2.293545e-02 3.315271e-04
841 2.288424e-02 3.307859e-04
842 2.283315e-02 3.300463e-04
843 2.278217e-02 3.293084e-04
844 2.273130e-02 3.285722e-04
845 2.268054e-02 3.278376e-04
846 2.262990e-02 3.271047e-04
847 2.257938e-02 3.263735e-04
848 2.252896e-02 3.256438e-04
849 2.247866e-02 3.249158e-04
850 2.242847e-02 3.241895e-04
851 2.237840e-02 3.234648e-04
852 2.232843e-02 3.227417e-04
853 2.227858e-02 3.220202e-04
854 2.222883e-02 3.213004e-04
855 2.217920e-02 3.205821e-04
856 2.212968e-02 3.198655e-04
857 2.208027e-02 3.191505e-04
858 2.203098e-02 3.184371e-04
859 2.198179e-02 3.177253e-04
860 2.193271e-02 3.170151e-04
861 2.188374e-02 3.163065e-04
862 2.183488e-02 3.155995e-04
863 2.178613e-02 3.148941e-04
864 2.173749e-02 3.141902e-04
865 2.168895e-02 3.134880e-04
866 2.164053e-02 3.127873e-04
867 2.159221e-02 3.120882e-04
868 2.154400e-02 3.113906e-04
869 2.149590e-02 3.106947e-04
870 2.144791e-02 3.100002e-04
871 2.140002e-02 3.093074e-04
872 2.135224e-02 3.086161e-04
873 2.130457e-02 3.079263e-04
874 2.125701e-02 3.072381e-04
875 2.120955e-02 3.065515e-04
876 2.116219e-02 3.058663e-04
877 2.111494e-02 3.051828e-04
878 2.106780e-02 3.045007e-04
879 2.102077e-02 3.038202e-04
880 2.097383e-02 3.031412e-04
881 2.092701e-02 3.024637e-04
882 2.088028e-02 3.017878e-04
883 2.083367e-02 3.011133e-04
884 2.078715e-02 3.004404e-04
885 2.074074e-02 2.997690e-04
886 2.069444e-02 2.990991e-04
887 2.064823e-02 2.984307e-04
888 2.060213e-02 2.977638e-04
889 2.055614e-02 2.970984e-04
890 2.051024e-02 2.964345e-04
891 2.046445e-02 2.957720e-04
892 2.041876e-02 2.951111e-04
893 2.037318e-02 2.944516e-04
894 2.032769e-02 2.937936e-04
895 2.028231e-02 2.931371e-04
896 2.023703e-02 2.924821e-04
897 2.019184e-02 2.918285e-04
898 2.014676e-02 2.911764e-04
899 2.010179e-02 2.905258e-04
900 2.005691e-02 2.898766e-04
901 2.001213e-02 2.892288e-04
902 1.996745e-02 2.885826e-04
903 1.992287e-02 2.879377e-04
904 1.987839e-02 2.872943e-04
905 1.983401e-02 2.866524e-04
906 1.978973e-02 2.860119e-04
907 1.974555e-02 2.853728e-04
908 1.970147e-02 2.847352e-04
909 1.965748e-02 2.840990e-04
910 1.961360e-02 2.834642e-04
911 1.956981e-02 2.828308e-04
912 1.952612e-02 2.821988e-04
913 1.948252e-02 2.815683e-04
914 1.943903e-02 2.809392e-04
915 1.939563e-02 2.803115e-04
916 1.935233e-02 2.796852e-04
917 1.930912e-02 2.790603e-04
918 1.926602e-02 2.784368e-04
919 1.922300e-02 2.778147e-04
920 1.918009e-02 2.771940e-04
921 1.913727e-02 2.765746e-04
922 1.909454e-02 2.759567e-04
923 1.905191e-02 2.753401e-04
924 1.900938e-02 2.747250e-04
925 1.896694e-02 2.741112e-04
926 1.892460e-02 2.734988e-04
927 1.888235e-02 2.728877e-04
928 1.884019e-02 2.722780e-04
929 1.879813e-02 2.716697e-04
930 1.875617e-02 2.710628e-04
931 1.871429e-02 2.704572e-04
932 1.867252e-02 2.698529e-04
933 1.863083e-02 2.692500e-04
934 1.858924e-02 2.686485e-04
935 1.854774e-02 2.680483e-04
936 1.850633e-02 2.674495e-04
937 1.846501e-02 2.668519e-04
938 1.842379e-02 2.662558e-04
939 1.838266e-02 2.656609e-04
940 1.834162e-02 2.650674e-04
941 1.830067e-02 2.644753e-04
942 1.825982e-02 2.638844e-04
943 1.821906e-02 2.632949e-04
944 1.817838e-02 2.627067e-04
945 1.813780e-02 2.621198e-04
946 1.809731e-02 2.615342e-04
947 1.805691e-02 2.609499e-04
948 1.801660e-02 2.603670e-04
949 1.797637e-02 2.597853e-04
950 1.793624e-02 2.592049e-04
951 1.789620e-02 2.586259e-04
952 1.785625e-02 2.580481e-04
953 1.781639e-02 2.574716e-04
954 1.777661e-02 2.568965e-04
955 1.773693e-02 2.563226e-04
956 1.769733e-02 2.557500e-04
957 1.765782e-02 2.551786e-04
958 1.761840e-02 2.546086e-04
959 1.757907e-02 2.540398e-04
960 1.753983e-02 2.534723e-04
961 1.750067e-02 2.529061e-04
962 1.746160e-02 2.523411e-04
963 1.742262e-02 2.517774e-04
964 1.738373e-02 2.512150e-04
965 1.734492e-02 2.506538e-04
966 1.730620e-02 2.500939e-04
967 1.726757e-02 2.495352e-04
968 1.722902e-02 2.489778e-04
969 1.719056e-02 2.484216e-04
970 1.715218e-02 2.478666e-04
971 1.711389e-02 2.473129e-04
972 1.707569e-02 2.467605e-04
973 1.703757e-02 2.462093e-04
974 1.699953e-02 2.456593e-04
975 1.696158e-02 2.451105e-04
976 1.692372e-02 2.445630e-04
977 1.688594e-02 2.440167e-04
978 1.684824e-02 2.434716e-04
979 1.681063e-02 2.429277e-04
980 1.677310e-02 2.423851e-04
981 1.673566e-02 2.418437e-04
982 1.669830e-02 2.413034e-04
983 1.666103e-02 2.407644e-04
984 1.662383e-02 2.402266e-04
985 1.658672e-02 2.396900e-04
986 1.654969e-02 2.391546e-04
987 1.651275e-02 2.386204e-04
988 1.647589e-02 2.380874e-04
989 1.643911e-02 2.375555e-04
990 1.640241e-02 2.370249e-04
991 1.636580e-02 2.364955e-04
992 1.632926e-02 2.359672e-04
993 1.629281e-02 2.354401e-04
994 1.625644e-02 2.349142e-04
995 1.622015e-02 2.343895e-04
996 1.618394e-02 2.338659e-04
997 1.614781e-02 2.333435e-04
998 1.611177e-02 2.328223e-04
999 1.607580e-02 2.323022e-04
1000 1.603991e-02 2.317834e-04
1001 1.600411e-02 2.312656e-04
1002 1.596838e-02 2.307491e-04
1003 1.593274e-02 2.302336e-04
1004 1.589717e-02 2.297194e-04
1005 1.586168e-02 2.292063e-04
1006 1.582627e-02 2.286943e-04
1007 1.579095e-02 2.281835e-04
1008 1.575570e-02 2.276738e-04
1009 1.572053e-02 2.271652e-04
1010 1.568543e-02 2.266578e-04
1011 1.565042e-02 2.261516e-04
1012 1.561548e-02 2.256464e-04
1013 1.558062e-02 2.251424e-04
1014 1.554584e-02 2.246395e-04
1015 1.551114e-02 2.241378e-04
1016 1.547652e-02 2.236371e-04
1017 1.544197e-02 2.231376e-04
1018 1.540750e-02 2.226392e-04
1019 1.537311e-02 2.221419e-04
1020 1.533879e-02 2.216457e-04
1021 1.530455e-02 2.211507e-04
1022 1.527039e-02 2.206567e-04
1023 1.523630e-02 2.201638e-04
1024 1.520229e-02 2.196721e-04
1025 1.516835e-02 2.191814e-04
1026 1.513449e-02 2.186919e-04
1027 1.510071e-02 2.182034e-04
1028 1.506700e-02 2.177160e-04
1029 1.503337e-02 2.172297e-04
1030 1.499981e-02 2.167445e-04
1031 1.496633e-02 2.162604e-04
1032 1.493292e-02 2.157774e-04
1033 1.489959e-02 2.152954e-04
1034 1.486633e-02 2.148146e-04
1035 1.483314e-02 2.143347e-04
1036 1.480003e-02 2.138560e-04
1037 1.476700e-02 2.133784e-04
1038 1.473403e-02 2.129018e-04
1039 1.470114e-02 2.124262e-04
1040 1.466833e-02 2.119518e-04
1041 1.463559e-02 2.114784e-04
1042 1.460292e-02 2.110060e-04
1043 1.457032e-02 2.105347e-04
1044 1.453780e-02 2.100645e-04
1045 1.450535e-02 2.095953e-04
1046 1.447297e-02 2.091272e-04
1047 1.444066e-02 2.086601e-04
1048 1.440843e-02 2.081940e-04
1049 1.437626e-02 2.077290e-04
1050 1.434417e-02 2.072651e-04
1051 1.431216e-02 2.068021e-04
1052 1.428021e-02 2.063402e-04
1053 1.424833e-02 2.058794e-04
1054 1.421653e-02 2.054195e-04
1055 1.418480e-02 2.049607e-04
1056 1.415313e-02 2.045029e-04
1057 1.412154e-02 2.040462e-04
1058 1.409002e-02 2.035905e-04
1059 1.405857e-02 2.031357e-04
1060 1.402719e-02 2.026820e-04
1061 1.399588e-02 2.022293e-04
1062 1.396464e-02 2.017777e-04
1063 1.393347e-02 2.013270e-04
1064 1.390236e-02 2.008773e-04
1065 1.387133e-02 2.004287e-04
1066 1.384037e-02 1.999810e-04
1067 1.380948e-02 1.995344e-04
1068 1.377865e-02 1.990887e-04
1069 1.374790e-02 1.986440e-04
1070 1.371721e-02 1.982004e-04
1071 1.368659e-02 1.977577e-04
1072 1.365604e-02 1.973160e-04
1073 1.362556e-02 1.968753e-04
1074 1.359515e-02 1.964356e-04
1075 1.356480e-02 1.959969e-04
1076 1.353452e-02 1.955591e-04
1077 1.350431e-02 1.951223e-04
1078 1.347417e-02 1.946865e-04
1079 1.344410e-02 1.942517e-04
1080 1.341409e-02 1.938179e-04
1081 1.338415e-02 1.933850e-04
1082 1.335427e-02 1.929531e-04
1083 1.332446e-02 1.925221e-04
1084 1.329472e-02 1.920921e-04
1085 1.326505e-02 1.916631e-04
1086 1.323544e-02 1.912350e-04
1087 1.320590e-02 1.908079e-04
1088 1.317642e-02 1.903817e-04
1089 1.314701e-02 1.899565e-04
1090 1.311767e-02 1.895323e-04
1091 1.308839e-02 1.891090e-04
1092 1.305917e-02 1.886866e-04
1093 1.303003e-02 1.882652e-04
1094 1.300094e-02 1.878447e-04
1095 1.297192e-02 1.874252e-04
1096 1.294297e-02 1.870066e-04
1097 1.291408e-02 1.865889e-04
1098 1.288526e-02 1.861722e-04
1099 1.285650e-02 1.857564e-04
1100 1.282780e-02 1.853415e-04
1101 1.279917e-02 1.849275e-04
1102 1.277060e-02 1.845145e-04
1103 1.274210e-02 1.841024e-04
1104 1.271366e-02 1.836912e-04
1105 1.268528e-02 1.832810e-04
1106 1.265697e-02 1.828716e-04
1107 1.262872e-02 1.824632e-04
1108 1.260053e-02 1.820557e-04
1109 1.257240e-02 1.816491e-04
1110 1.254434e-02 1.812434e-04
1111 1.251634e-02 1.808386e-04
1112 1.248841e-02 1.804347e-04
1113 1.246053e-02 1.800317e-04
1114 1.243272e-02 1.796296e-04
1115 1.240497e-02 1.792284e-04
1116 1.237729e-02 1.788281e-04
1117 1.234966e-02 1.784287e-04
1118 1.232210e-02 1.780302e-04
1119 1.229459e-02 1.776326e-04
1120 1.226715e-02 1.772359e-04
1121 1.223977e-02 1.768401e-04
1122 1.221245e-02 1.764451e-04
1123 1.218520e-02 1.760510e-04
1124 1.215800e-02 1.756578e-04
1125 1.213086e-02 1.752655e-04
1126 1.210379e-02 1.748741e-04
1127 1.207677e-02 1.744835e-04
1128 1.204982e-02 1.740938e-04
1129 1.202293e-02 1.737050e-04
1130 1.199609e-02 1.733171e-04
1131 1.196932e-02 1.729300e-04
1132 1.194260e-02 1.725438e-04
1133 1.191595e-02 1.721584e-04
1134 1.188935e-02 1.717739e-04
1135 1.186282e-02 1.713903e-04
1136 1.183634e-02 1.710075e-04
1137 1.180992e-02 1.706256e-04
1138 1.178356e-02 1.702445e-04
1139 1.175726e-02 1.698643e-04
1140 1.173102e-02 1.694849e-04
1141 1.170484e-02 1.691064e-04
1142 1.167872e-02 1.687287e-04
1143 1.165265e-02 1.683518e-04
1144 1.162664e-02 1.679758e-04
1145 1.160070e-02 1.676007e-04
1146 1.157480e-02 1.672264e-04
1147 1.154897e-02 1.668529e-04
1148 1.152320e-02 1.664802e-04
1149 1.149748e-02 1.661084e-04
1150 1.147182e-02 1.657374e-04
1151 1.144621e-02 1.653673e-04
1152 1.142067e-02 1.649980e-04
1153 1.139518e-02 1.646295e-04
1154 1.136975e-02 1.642618e-04
1155 1.134437e-02 1.638949e-04
1156 1.131905e-02 1.635289e-04
1157 1.129379e-02 1.631637e-04
1158 1.126858e-02 1.627993e-04
1159 1.124343e-02 1.624357e-04
1160 1.121834e-02 1.620729e-04
1161 1.119330e-02 1.617109e-04
1162 1.116832e-02 1.613498e-04
1163 1.114340e-02 1.609894e-04
1164 1.111853e-02 1.606299e-04
1165 1.109371e-02 1.602711e-04
1166 1.106895e-02 1.599132e-04
1167 1.104425e-02 1.595560e-04
1168 1.101960e-02 1.591997e-04
1169 1.099501e-02 1.588441e-04
1170 1.097047e-02 1.584894e-04
1171 1.094599e-02 1.581354e-04
1172 1.092156e-02 1.577822e-04
1173 1.089718e-02 1.574298e-04
1174 1.087286e-02 1.570782e-04
1175 1.084860e-02 1.567274e-04
1176 1.082438e-02 1.563774e-04
1177 1.080023e-02 1.560281e-04
1178 1.077612e-02 1.556797e-04
1179 1.075207e-02 1.553320e-04
1180 1.072808e-02 1.549851e-04
1181 1.070414e-02 1.546389e-04
1182 1.068025e-02 1.542936e-04
1183 1.065641e-02 1.539490e-04
1184 1.063263e-02 1.536052e-04
1185 1.060890e-02 1.532621e-04
1186 1.058522e-02 1.529198e-04
1187 1.056160e-02 1.525783e-04
1188 1.053803e-02 1.522375e-04
1189 1.051451e-02 1.518975e-04
1190 1.049105e-02 1.515583e-04
1191 1.046763e-02 1.512198e-04
1192 1.044427e-02 1.508821e-04
1193 1.042096e-02 1.505451e-04
1194 1.039771e-02 1.502089e-04
1195 1.037450e-02 1.498734e-04
1196 1.035135e-02 1.495387e-04
1197 1.032825e-02 1.492047e-04
1198 1.030520e-02 1.488715e-04
1199 1.028220e-02 1.485390e-04
1200 1.025926e-02 1.482073e-04
1201 1.023636e-02 1.478763e-04
1202 1.021352e-02 1.475460e-04
1203 1.019072e-02 1.472165e-04
1204 1.016798e-02 1.468877e-04
1205 1.014529e-02 1.465596e-04
1206 1.012265e-02 1.462323e-04
1207 1.010006e-02 1.459057e-04
1208 1.007752e-02 1.455799e-04
1209 1.005503e-02 1.452547e-04
1210 1.003259e-02 1.449303e-04
1211 1.001020e-02 1.446067e-04
1212 9.987863e-03 1.442837e-04
1213 9.965574e-03 1.439615e-04
1214 9.943334e-03 1.436400e-04
1215 9.921145e-03 1.433192e-04
1216 9.899004e-03 1.429991e-04
1217 9.876914e-03 1.426797e-04
1218 9.854872e-03 1.423611e-04
1219 9.832880e-03 1.420431e-04
1220 9.810937e-03 1.417259e-04
1221 9.789043e-03 1.414094e-04
1222 9.767198e-03 1.410935e-04
1223 9.745402e-03 1.407784e-04
1224 9.723654e-03 1.404640e-04
1225 9.701955e-03 1.401503e-04
1226 9.680304e-03 1.398373e-04
1227 9.658702e-03 1.395250e-04
1228 9.637148e-03 1.392134e-04
1229 9.615642e-03 1.389025e-04
1230 9.594184e-03 1.385923e-04
1231 9.572774e-03 1.382827e-04
1232 9.551412e-03 1.379739e-04
1233 9.530098e-03 1.376658e-04
1234 9.508831e-03 1.373583e-04
1235 9.487612e-03 1.370515e-04
1236 9.466440e-03 1.367455e-04
1237 9.445315e-03 1.364401e-04
1238 9.424238e-03 1.361354e-04
1239 9.403207e-03 1.358313e-04
1240 9.382224e-03 1.355280e-04
1241 9.361287e-03 1.352253e-04
1242 9.340397e-03 1.349233e-04
1243 9.319554e-03 1.346219e-04
1244 9.298758e-03 1.343213e-04
1245 9.278007e-03 1.340213e-04
1246 9.257304e-03 1.337220e-04
1247 9.236646e-03 1.334233e-04
1248 9.216035e-03 1.331254e-04
1249 9.195469e-03 1.328280e-04
1250 9.174950e-03 1.325314e-04
1251 9.154476e-03 1.322354e-04
1252 9.134048e-03 1.319401e-04
1253 9.113666e-03 1.316454e-04
1254 9.093329e-03 1.313514e-04
1255 9.073038e-03 1.310581e-04
1256 9.052792e-03 1.307654e-04
1257 9.032591e-03 1.304733e-04
1258 9.012435e-03 1.301819e-04
1259 8.992325e-03 1.298912e-04
1260 8.972259e-03 1.296011e-04
1261 8.952238e-03 1.293116e-04
1262 8.932262e-03 1.290229e-04
1263 8.912330e-03 1.287347e-04
1264 8.892443e-03 1.284472e-04
1265 8.872600e-03 1.281603e-04
1266 8.852802e-03 1.278741e-04
1267 8.833048e-03 1.275885e-04
1268 8.813338e-03 1.273036e-04
1269 8.793671e-03 1.270193e-04
1270 8.774049e-03 1.267356e-04
1271 8.754471e-03 1.264525e-04
1272 8.734937e-03 1.261701e-04
1273 8.715446e-03 1.258883e-04
1274 8.695998e-03 1.256072e-04
1275 8.676594e-03 1.253267e-04
1276 8.657234e-03 1.250468e-04
1277 8.637916e-03 1.247675e-04
1278 8.618642e-03 1.244889e-04
1279 8.599411e-03 1.242108e-04
1280 8.580222e-03 1.239334e-04
1281 8.561077e-03 1.236566e-04
1282 8.541974e-03 1.233805e-04
1283 8.522914e-03 1.231049e-04
1284 8.503897e-03 1.228300e-04
1285 8.484922e-03 1.225557e-04
1286 8.465990e-03 1.222820e-04
1287 8.447099e-03 1.220089e-04
1288 8.428251e-03 1.217364e-04
1289 8.409445e-03 1.214645e-04
1290 8.390681e-03 1.211932e-04
1291 8.371959e-03 1.209226e-04
1292 8.353279e-03 1.206525e-04
1293 8.334640e-03 1.203831e-04
1294 8.316043e-03 1.201142e-04
1295 8.297488e-03 1.198459e-04
1296 8.278974e-03 1.195783e-04
1297 8.260501e-03 1.193112e-04
1298 8.242070e-03 1.190448e-04
1299 8.223680e-03 1.187789e-04
1300 8.205331e-03 1.185136e-04
1301 8.187023e-03 1.182490e-04
1302 8.168755e-03 1.179849e-04
1303 8.150529e-03 1.177214e-04
1304 8.132343e-03 1.174585e-04
1305 8.114198e-03 1.171961e-04
1306 8.096093e-03 1.169344e-04
1307 8.078029e-03 1.166732e-04
1308 8.060005e-03 1.164127e-04
1309 8.042022e-03 1.161527e-04
1310 8.024078e-03 1.158933e-04
1311 8.006175e-03 1.156344e-04
1312 7.988312e-03 1.153762e-04
1313 7.970488e-03 1.151185e-04
1314 7.952705e-03 1.148614e-04
1315 7.934961e-03 1.146049e-04
1316 7.917256e-03 1.143490e-04
1317 7.899592e-03 1.140936e-04
1318 7.881966e-03 1.138388e-04
1319 7.864380e-03 1.135845e-04
1320 7.846834e-03 1.133309e-04
1321 7.829326e-03 1.130778e-04
1322 7.811858e-03 1.128252e-04
1323 7.794428e-03 1.125732e-04
1324 7.777038e-03 1.123218e-04
1325 7.759686e-03 1.120710e-04
1326 7.742373e-03 1.118207e-04
1327 7.725099e-03 1.115709e-04
1328 7.707864e-03 1.113218e-04
1329 7.690667e-03 1.110732e-04
1330 7.673508e-03 1.108251e-04
1331 7.656387e-03 1.105776e-04
1332 7.639305e-03 1.103306e-04
1333 7.622261e-03 1.100842e-04
1334 7.605255e-03 1.098384e-04
1335 7.588287e-03 1.095931e-04
1336 7.571357e-03 1.093483e-04
1337 7.554465e-03 1.091041e-04
1338 7.537611e-03 1.088604e-04
1339 7.520794e-03 1.086173e-04
1340 7.504014e-03 1.083747e-04
1341 7.487273e-03 1.081327e-04
1342 7.470568e-03 1.078912e-04
1343 7.453901e-03 1.076502e-04
1344 7.437271e-03 1.074098e-04
1345 7.420678e-03 1.071699e-04
1346 7.404122e-03 1.069306e-04
1347 7.387604e-03 1.066918e-04
1348 7.371122e-03 1.064535e-04
1349 7.354677e-03 1.062158e-04
1350 7.338268e-03 1.059786e-04
1351 7.321897e-03 1.057419e-04
1352 7.305562e-03 1.055057e-04
1353 7.289263e-03 1.052701e-04
1354 7.273001e-03 1.050350e-04
1355 7.256775e-03 1.048004e-04
1356 7.240585e-03 1.045664e-04
1357 7.224432e-03 1.043328e-04
1358 7.208314e-03 1.040998e-04
1359 7.192233e-03 1.038673e-04
1360 7.176187e-03 1.036354e-04
1361 7.160178e-03 1.034039e-04
1362 7.144204e-03 1.031730e-04
1363 7.128265e-03 1.029425e-04
1364 7.112363e-03 1.027126e-04
1365 7.096496e-03 1.024833e-04
1366 7.080664e-03 1.022544e-04
1367 7.064867e-03 1.020260e-04
1368 7.049106e-03 1.017982e-04
1369 7.033381e-03 1.015708e-04
1370 7.017690e-03 1.013440e-04
1371 7.002034e-03 1.011176e-04
1372 6.986413e-03 1.008918e-04
1373 6.970827e-03 1.006665e-04
1374 6.955276e-03 1.004417e-04
1375 6.939760e-03 1.002173e-04
1376 6.924278e-03 9.999352e-05
1377 6.908831e-03 9.977020e-05
1378 6.893419e-03 9.954738e-05
1379 6.878041e-03 9.932506e-05
1380 6.862697e-03 9.910323e-05
1381 6.847387e-03 9.888190e-05
1382 6.832112e-03 9.866107e-05
1383 6.816871e-03 9.844073e-05
1384 6.801663e-03 9.822088e-05
1385 6.786490e-03 9.800152e-05
1386 6.771351e-03 9.778265e-05
1387 6.756245e-03 9.756427e-05
1388 6.741173e-03 9.734638e-05
1389 6.726135e-03 9.712897e-05
1390 6.711131e-03 9.691205e-05
1391 6.696160e-03 9.669561e-05
1392 6.681222e-03 9.647966e-05
1393 6.666318e-03 9.626419e-05
1394 6.651447e-03 9.604920e-05
1395 6.636609e-03 9.583469e-05
1396 6.621804e-03 9.562066e-05
1397 6.607033e-03 9.540711e-05
1398 6.592294e-03 9.519404e-05
1399 6.577589e-03 9.498144e-05
1400 6.562916e-03 9.476931e-05
1401 6.548276e-03 9.455766e-05
1402 6.533668e-03 9.434649e-05
1403 6.519094e-03 9.413578e-05
1404 6.504552e-03 9.392554e-05
1405 6.490042e-03 9.371578e-05
1406 6.475565e-03 9.350648e-05
1407 6.461120e-03 9.329765e-05
1408 6.446707e-03 9.308929e-05
1409 6.432326e-03 9.288139e-05
1410 6.417978e-03 9.267395e-05
1411 6.403662e-03 9.246698e-05
1412 6.389377e-03 9.226047e-05
1413 6.375125e-03 9.205443e-05
1414 6.360904e-03 9.184884e-05
1415 6.346715e-03 9.164371e-05
1416 6.332558e-03 9.143904e-05
1417 6.318433e-03 9.123483e-05
1418 6.304339e-03 9.103107e-05
1419 6.290276e-03 9.082777e-05
1420 6.276245e-03 9.062492e-05
1421 6.262245e-03 9.042253e-05
1422 6.248277e-03 9.022059e-05
1423 6.234339e-03 9.001909e-05
1424 6.220433e-03 8.981805e-05
1425 6.206558e-03 8.961746e-05
1426 6.192714e-03 8.941731e-05
1427 6.178901e-03 8.921762e-05
1428 6.165118e-03 8.901837e-05
1429 6.151367e-03 8.881956e-05
1430 6.137646e-03 8.862120e-05
1431 6.123955e-03 8.842328e-05
1432 6.110296e-03 8.822580e-05
1433 6.096667e-03 8.802876e-05
1434 6.083068e-03 8.783217e-05
1435 6.069499e-03 8.763601e-05
1436 6.055961e-03 8.744029e-05
1437 6.042454e-03 8.724501e-05
1438 6.028976e-03 8.705016e-05
1439 6.015528e-03 8.685575e-05
1440 6.002111e-03 8.666177e-05
1441 5.988723e-03 8.646823e-05
1442 5.975366e-03 8.627512e-05
1443 5.962038e-03 8.608244e-05
1444 5.948740e-03 8.589019e-05
1445 5.935471e-03 8.569837e-05
1446 5.922233e-03 8.550698e-05
1447 5.909024e-03 8.531601e-05
1448 5.895844e-03 8.512547e-05
1449 5.882694e-03 8.493536e-05
1450 5.869573e-03 8.474567e-05
1451 5.856481e-03 8.455641e-05
1452 5.843419e-03 8.436757e-05
1453 5.830386e-03 8.417915e-05
1454 5.817382e-03 8.399115e-05
1455 5.804407e-03 8.380357e-05
1456 5.791461e-03 8.361641e-05
1457 5.778544e-03 8.342967e-05
1458 5.765655e-03 8.324334e-05
1459 5.752796e-03 8.305743e-05
1460 5.739965e-03 8.287194e-05
1461 5.727163e-03 8.268686e-05
1462 5.714390e-03 8.250219e-05
1463 5.701645e-03 8.231794e-05
1464 5.688928e-03 8.213409e-05
1465 5.676240e-03 8.195066e-05
1466 5.663580e-03 8.176764e-05
1467 5.650949e-03 8.158503e-05
1468 5.638346e-03 8.140282e-05
1469 5.625770e-03 8.122102e-05
1470 5.613223e-03 8.103963e-05
1471 5.600704e-03 8.085864e-05
1472 5.588213e-03 8.067806e-05
1473 5.575750e-03 8.049788e-05
1474 5.563315e-03 8.031810e-05
1475 5.550907e-03 8.013873e-05
1476 5.538527e-03 7.995975e-05
1477 5.526175e-03 7.978117e-05
1478 5.513851e-03 7.960300e-05
1479 5.501553e-03 7.942522e-05
1480 5.489284e-03 7.924784e-05
1481 5.477042e-03 7.907085e-05
1482 5.464827e-03 7.889426e-05
1483 5.452639e-03 7.871806e-05
1484 5.440479e-03 7.854226e-05
1485 5.428346e-03 7.836685e-05
1486 5.416239e-03 7.819183e-05
1487 5.404160e-03 7.801721e-05
1488 5.392108e-03 7.784297e-05
1489 5.380083e-03 7.766912e-05
1490 5.368085e-03 7.749566e-05
1491 5.356113e-03 7.732259e-05
1492 5.344168e-03 7.714990e-05
1493 5.332250e-03 7.697760e-05
1494 5.320359e-03 7.680568e-05
1495 5.308494e-03 7.663415e-05
1496 5.296655e-03 7.646300e-05
1497 5.284843e-03 7.629224e-05
1498 5.273058e-03 7.612185e-05
1499 5.261298e-03 7.595185e-05
1500 5.249565e-03 7.578222e-05
1501 5.237858e-03 7.561298e-05
1502 5.226178e-03 7.544411e-05
1503 5.214523e-03 7.527562e-05
1504 5.202895e-03 7.510750e-05
1505 5.191292e-03 7.493977e-05
1506 5.179715e-03 7.477240e-05
1507 5.168164e-03 7.460541e-05
1508 5.156639e-03 7.443879e-05
1509 5.145140e-03 7.427255e-05
1510 5.133667e-03 7.410667e-05
1511 5.122219e-03 7.394117e-05
1512 5.110796e-03 7.377603e-05
1513 5.099399e-03 7.361127e-05
1514 5.088028e-03 7.344687e-05
1515 5.076682e-03 7.328284e-05
1516 5.065361e-03 7.311918e-05
1517 5.054066e-03 7.295588e-05
1518 5.042795e-03 7.279294e-05
1519 5.031550e-03 7.263037e-05
1520 5.020330e-03 7.246817e-05
1521 5.009135e-03 7.230632e-05
1522 4.997966e-03 7.214484e-05
1523 4.986821e-03 7.198372e-05
1524 4.975701e-03 7.182295e-05
1525 4.964605e-03 7.166255e-05
1526 4.953535e-03 7.150250e-05
1527 4.942489e-03 7.134282e-05
1528 4.931468e-03 7.118349e-05
1529 4.920472e-03 7.102451e-05
1530 4.909500e-03 7.086589e-05
1531 4.898553e-03 7.070762e-05
1532 4.887630e-03 7.054971e-05
1533 4.876731e-03 7.039215e-05
1534 4.865857e-03 7.023494e-05
1535 4.855007e-03 7.007808e-05
1536 4.844182e-03 6.992158e-05
1537 4.833380e-03 6.976542e-05
1538 4.822603e-03 6.960961e-05
1539 4.811850e-03 6.945415e-05
1540 4.801120e-03 6.929904e-05
1541 4.790415e-03 6.914427e-05
1542 4.779734e-03 6.898985e-05
1543 4.769076e-03 6.883577e-05
1544 4.758442e-03 6.868204e-05
1545 4.747832e-03 6.852865e-05
1546 4.737246e-03 6.837561e-05
1547 4.726684e-03 6.822290e-05
1548 4.716145e-03 6.807054e-05
1549 4.705629e-03 6.791851e-05
1550 4.695137e-03 6.776683e-05
1551 4.684668e-03 6.761549e-05
1552 4.674223e-03 6.746448e-05
1553 4.663801e-03 6.731381e-05
1554 4.653403e-03 6.716348e-05
1555 4.643027e-03 6.701348e-05
1556 4.632675e-03 6.686382e-05
1557 4.622346e-03 6.671449e-05
1558 4.612040e-03 6.656549e-05
1559 4.601757e-03 6.641683e-05
1560 4.591497e-03 6.626850e-05
1561 4.581260e-03 6.612050e-05
1562 4.571046e-03 6.597283e-05
1563 4.560854e-03 6.582549e-05
1564 4.550686e-03 6.567849e-05
1565 4.540540e-03 6.553180e-05
1566 4.530416e-03 6.538545e-05
1567 4.520316e-03 6.523942e-05
1568 4.510237e-03 6.509372e-05
1569 4.500182e-03 6.494835e-05
1570 4.490149e-03 6.480330e-05
1571 4.480138e-03 6.465857e-05
1572 4.470149e-03 6.451417e-05
1573 4.460183e-03 6.437009e-05
1574 4.450240e-03 6.422633e-05
1575 4.440318e-03 6.408289e-05
1576 4.430418e-03 6.393977e-05
1577 4.420541e-03 6.379697e-05
1578 4.410686e-03 6.365450e-05
1579 4.400852e-03 6.351233e-05
1580 4.391041e-03 6.337049e-05
1581 4.381252e-03 6.322897e-05
1582 4.371484e-03 6.308775e-05
1583 4.361738e-03 6.294686e-05
1584 4.352014e-03 6.280628e-05
1585 4.342312e-03 6.266601e-05
1586 4.332632e-03 6.252606e-05
1587 4.322973e-03 6.238642e-05
1588 4.313335e-03 6.224709e-05
1589 4.303719e-03 6.210807e-05
1590 4.294125e-03 6.196936e-05
1591 4.284552e-03 6.183097e-05
1592 4.275000e-03 6.169288e-05
1593 4.265470e-03 6.155510e-05
1594 4.255961e-03 6.141763e-05
1595 4.246474e-03 6.128046e-05
1596 4.237007e-03 6.114360e-05
1597 4.227562e-03 6.100705e-05
1598 4.218137e-03 6.087080e-05
1599 4.208734e-03 6.073486e-05
1600 4.199352e-03 6.059922e-05
1601 4.189990e-03 6.046388e-05
1602 4.180650e-03 6.032884e-05
1603 4.171331e-03 6.019411e-05
1604 4.162032e-03 6.005968e-05
1605 4.152754e-03 5.992555e-05
1606 4.143497e-03 5.979171e-05
1607 4.134260e-03 5.965818e-05
1608 4.125044e-03 5.952494e-05
1609 4.115849e-03 5.939200e-05
1610 4.106674e-03 5.925936e-05
1611 4.097520e-03 5.912702e-05
1612 4.088386e-03 5.899497e-05
1613 4.079272e-03 5.886321e-05
1614 4.070179e-03 5.873175e-05
1615 4.061107e-03 5.860059e-05
1616 4.052054e-03 5.846971e-05
1617 4.043022e-03 5.833913e-05
1618 4.034010e-03 5.820884e-05
1619 4.025018e-03 5.807884e-05
1620 4.016046e-03 5.794913e-05
1621 4.007094e-03 5.781971e-05
1622 3.998162e-03 5.769058e-05
1623 3.989250e-03 5.756174e-05
1624 3.980358e-03 5.743319e-05
1625 3.971486e-03 5.730492e-05
1626 3.962633e-03 5.717694e-05
1627 3.953801e-03 5.704925e-05
1628 3.944988e-03 5.692184e-05
1629 3.936195e-03 5.679471e-05
1630 3.927421e-03 5.666787e-05
1631 3.918667e-03 5.654132e-05
1632 3.909933e-03 5.641504e-05
1633 3.901218e-03 5.628905e-05
1634 3.892522e-03 5.616334e-05
1635 3.883846e-03 5.603791e-05
1636 3.875190e-03 5.591276e-05
1637 3.866552e-03 5.578788e-05
1638 3.857934e-03 5.566329e-05
1639 3.849335e-03 5.553898e-05
1640 3.840756e-03 5.541494e-05
1641 3.832196e-03 5.529118e-05
1642 3.823654e-03 5.516770e-05
1643 3.815132e-03 5.504449e-05
1644 3.806629e-03 5.492156e-05
1645 3.798145e-03 5.479890e-05
1646 3.789679e-03 5.467652e-05
1647 3.781233e-03 5.455441e-05
1648 3.772806e-03 5.443257e-05
1649 3.764397e-03 5.431101e-05
1650 3.756007e-03 5.418971e-05
1651 3.747636e-03 5.406869e-05
1652 3.739284e-03 5.394794e-05
1653 3.730950e-03 5.382745e-05
1654 3.722635e-03 5.370724e-05
1655 3.714338e-03 5.358730e-05
1656 3.706060e-03 5.346762e-05
1657 3.697800e-03 5.334821e-05
1658 3.689559e-03 5.322906e-05
1659 3.681337e-03 5.311019e-05
1660 3.673132e-03 5.299157e-05
1661 3.664946e-03 5.287323e-05
1662 3.656779e-03 5.275514e-05
1663 3.648629e-03 5.263733e-05
1664 3.640498e-03 5.251977e-05
1665 3.632385e-03 5.240248e-05
1666 3.624290e-03 5.228544e-05
1667 3.616213e-03 5.216867e-05
1668 3.608154e-03 5.205216e-05
1669 3.600113e-03 5.193592e-05
1670 3.592090e-03 5.181993e-05
1671 3.584085e-03 5.170420e-05
1672 3.576098e-03 5.158872e-05
1673 3.568128e-03 5.147351e-05
1674 3.560177e-03 5.135855e-05
1675 3.552243e-03 5.124385e-05
1676 3.544327e-03 5.112941e-05
1677 3.536429e-03 5.101522e-05
1678 3.528548e-03 5.090129e-05
1679 3.520685e-03 5.078761e-05
1680 3.512839e-03 5.067418e-05
1681 3.505011e-03 5.056101e-05
1682 3.497201e-03 5.044809e-05
1683 3.489408e-03 5.033543e-05
1684 3.481632e-03 5.022301e-05
1685 3.473874e-03 5.011085e-05
1686 3.466133e-03 4.999893e-05
1687 3.458409e-03 4.988727e-05
1688 3.450703e-03 4.977586e-05
1689 3.443013e-03 4.966469e-05
1690 3.435341e-03 4.955377e-05
1691 3.427686e-03 4.944310e-05
1692 3.420049e-03 4.933268e-05
1693 3.412428e-03 4.922251e-05
1694 3.404824e-03 4.911258e-05
1695 3.397237e-03 4.900289e-05
1696 3.389667e-03 4.889345e-05
1697 3.382115e-03 4.878426e-05
1698 3.374579e-03 4.867531e-05
1699 3.367059e-03 4.856660e-05
1700 3.359557e-03 4.845813e-05
1701 3.352071e-03 4.834991e-05
1702 3.344602e-03 4.824193e-05
1703 3.337150e-03 4.813419e-05
1704 3.329714e-03 4.802669e-05
1705 3.322295e-03 4.791943e-05
1706 3.314893e-03 4.781241e-05
1707 3.307507e-03 4.770563e-05
1708 3.300138e-03 4.759909e-05
1709 3.292785e-03 4.749279e-05
1710 3.285448e-03 4.738672e-05
1711 3.278128e-03 4.728089e-05
1712 3.270824e-03 4.717530e-05
1713 3.263537e-03 4.706994e-05
1714 3.256265e-03 4.696482e-05
1715 3.249010e-03 4.685993e-05
1716 3.241772e-03 4.675528e-05
1717 3.234549e-03 4.665086e-05
1718 3.227343e-03 4.654667e-05
1719 3.220152e-03 4.644272e-05
1720 3.212978e-03 4.633900e-05
1721 3.205820e-03 4.623551e-05
1722 3.198677e-03 4.613225e-05
1723 3.191551e-03 4.602922e-05
1724 3.184441e-03 4.592642e-05
1725 3.177346e-03 4.582385e-05
1726 3.170267e-03 4.572152e-05
1727 3.163204e-03 4.561940e-05
1728 3.156157e-03 4.551752e-05
1729 3.149126e-03 4.541587e-05
1730 3.142110e-03 4.531444e-05
1731 3.135110e-03 4.521324e-05
1732 3.128126e-03 4.511226e-05
1733 3.121157e-03 4.501151e-05
1734 3.114204e-03 4.491099e-05
1735 3.107266e-03 4.481069e-05
1736 3.100344e-03 4.471061e-05
1737 3.093437e-03 4.461076e-05
1738 3.086546e-03 4.451113e-05
1739 3.079670e-03 4.441172e-05
1740 3.072810e-03 4.431253e-05
1741 3.065964e-03 4.421357e-05
1742 3.059134e-03 4.411483e-05
1743 3.052320e-03 4.401630e-05
1744 3.045520e-03 4.391800e-05
1745 3.038736e-03 4.381992e-05
1746 3.031967e-03 4.372205e-05
1747 3.025213e-03 4.362441e-05
1748 3.018474e-03 4.352698e-05
1749 3.011750e-03 4.342977e-05
1750 3.005041e-03 4.333278e-05
1751 2.998347e-03 4.323600e-05
1752 2.991668e-03 4.313944e-05
1753 2.985004e-03 4.304310e-05
1754 2.978355e-03 4.294697e-05
1755 2.971721e-03 4.285106e-05
1756 2.965102e-03 4.275536e-05
1757 2.958497e-03 4.265987e-05
1758 2.951907e-03 4.256460e-05
1759 2.945332e-03 4.246954e-05
1760 2.938771e-03 4.237469e-05
1761 2.932225e-03 4.228005e-05
1762 2.925694e-03 4.218563e-05
1763 2.919178e-03 4.209141e-05
1764 2.912675e-03 4.199741e-05
1765 2.906188e-03 4.190362e-05
1766 2.899715e-03 4.181003e-05
1767 2.893256e-03 4.171666e-05
1768 2.886812e-03 4.162349e-05
1769 2.880382e-03 4.153053e-05
1770 2.873967e-03 4.143778e-05
1771 2.867566e-03 4.134524e-05
1772 2.861179e-03 4.125290e-05
1773 2.854806e-03 4.116077e-05
1774 2.848448e-03 4.106884e-05
1775 2.842104e-03 4.097712e-05
1776 2.835774e-03 4.088561e-05
1777 2.829458e-03 4.079430e-05
1778 2.823156e-03 4.070319e-05
1779 2.816869e-03 4.061229e-05
1780 2.810595e-03 4.052159e-05
1781 2.804336e-03 4.043109e-05
1782 2.798090e-03 4.034079e-05
1783 2.791858e-03 4.025070e-05
1784 2.785641e-03 4.016081e-05
1785 2.779437e-03 4.007112e-05
1786 2.773247e-03 3.998162e-05
1787 2.767071e-03 3.989233e-05
1788 2.760908e-03 3.980324e-05
1789 2.754760e-03 3.971435e-05
1790 2.748625e-03 3.962565e-05
1791 2.742504e-03 3.953715e-05
1792 2.736396e-03 3.944886e-05
1793 2.730302e-03 3.936075e-05
1794 2.724222e-03 3.927285e-05
1795 2.718156e-03 3.918514e-05
1796 2.712102e-03 3.909763e-05
1797 2.706063e-03 3.901031e-05
1798 2.700037e-03 3.892319e-05
1799 2.694024e-03 3.883626e-05
1800 2.688025e-03 3.874953e-05
1801 2.682039e-03 3.866298e-05
1802 2.676067e-03 3.857664e-05
1803 2.670108e-03 3.849048e-05
1804 2.664162e-03 3.840452e-05
1805 2.658229e-03 3.831875e-05
1806 2.652310e-03 3.823318e-05
1807 2.646404e-03 3.814779e-05
1808 2.640511e-03 3.806259e-05
1809 2.634632e-03 3.797759e-05
1810 2.628765e-03 3.789277e-05
1811 2.622912e-03 3.780814e-05
1812 2.617071e-03 3.772371e-05
1813 2.611244e-03 3.763946e-05
1814 2.605430e-03 3.755540e-05
1815 2.599628e-03 3.747152e-05
1816 2.593840e-03 3.738784e-05
1817 2.588064e-03 3.730434e-05
1818 2.582302e-03 3.722102e-05
1819 2.576552e-03 3.713790e-05
1820 2.570815e-03 3.705496e-05
1821 2.565091e-03 3.697220e-05
1822 2.559380e-03 3.688963e-05
1823 2.553682e-03 3.680725e-05
1824 2.547996e-03 3.672504e-05
1825 2.542323e-03 3.664302e-05
1826 2.536663e-03 3.656119e-05
1827 2.531015e-03 3.647954e-05
1828 2.525380e-03 3.639807e-05
1829 2.519757e-03 3.631678e-05
1830 2.514147e-03 3.623567e-05
1831 2.508550e-03 3.615474e-05
1832 2.502965e-03 3.607400e-05
1833 2.497392e-03 3.599343e-05
1834 2.491832e-03 3.591305e-05
1835 2.486285e-03 3.583284e-05
1836 2.480750e-03 3.575282e-05
1837 2.475227e-03 3.567297e-05
1838 2.469716e-03 3.559330e-05
1839 2.464218e-03 3.551381e-05
1840 2.458732e-03 3.543450e-05
1841 2.453258e-03 3.535536e-05
1842 2.447797e-03 3.527640e-05
1843 2.442348e-03 3.519762e-05
1844 2.436911e-03 3.511901e-05
1845 2.431486e-03 3.504058e-05
1846 2.426073e-03 3.496232e-05
1847 2.420672e-03 3.488424e-05
1848 2.415284e-03 3.480633e-05
1849 2.409907e-03 3.472860e-05
1850 2.404542e-03 3.465104e-05
1851 2.399190e-03 3.457365e-05
1852 2.393849e-03 3.449644e-05
1853 2.388520e-03 3.441939e-05
1854 2.383203e-03 3.434252e-05
1855 2.377899e-03 3.426583e-05
1856 2.372605e-03 3.418930e-05
1857 2.367324e-03 3.411294e-05
1858 2.362055e-03 3.403676e-05
1859 2.356797e-03 3.396074e-05
1860 2.351551e-03 3.388490e-05
1861 2.346317e-03 3.380922e-05
1862 2.341094e-03 3.373372e-05
1863 2.335883e-03 3.365838e-05
1864 2.330684e-03 3.358321e-05
1865 2.325496e-03 3.350821e-05
1866 2.320320e-03 3.343337e-05
1867 2.315156e-03 3.335870e-05
1868 2.310003e-03 3.328420e-05
1869 2.304861e-03 3.320987e-05
1870 2.299731e-03 3.313570e-05
1871 2.294613e-03 3.306170e-05
1872 2.289506e-03 3.298786e-05
1873 2.284410e-03 3.291419e-05
1874 2.279326e-03 3.284068e-05
1875 2.274253e-03 3.276734e-05
1876 2.269191e-03 3.269416e-05
1877 2.264141e-03 3.262114e-05
1878 2.259102e-03 3.254829e-05
1879 2.254074e-03 3.247560e-05
1880 2.249057e-03 3.240307e-05
1881 2.244052e-03 3.233070e-05
1882 2.239058e-03 3.225850e-05
1883 2.234075e-03 3.218645e-05
1884 2.229103e-03 3.211457e-05
1885 2.224142e-03 3.204285e-05
1886 2.219193e-03 3.197129e-05
1887 2.214254e-03 3.189988e-05
1888 2.209326e-03 3.182864e-05
1889 2.204410e-03 3.175756e-05
1890 2.199504e-03 3.168663e-05
1891 2.194610e-03 3.161587e-05
1892 2.189726e-03 3.154526e-05
1893 2.184853e-03 3.147481e-05
1894 2.179991e-03 3.140452e-05
1895 2.175140e-03 3.133438e-05
1896 2.170300e-03 3.126440e-05
1897 2.165470e-03 3.119458e-05
1898 2.160652e-03 3.112491e-05
1899 2.155844e-03 3.105540e-05
1900 2.151047e-03 3.098604e-05
1901 2.146260e-03 3.091684e-05
1902 2.141485e-03 3.084779e-05
1903 2.136720e-03 3.077890e-05
1904 2.131965e-03 3.071016e-05
1905 2.127221e-03 3.064157e-05
1906 2.122488e-03 3.057314e-05
1907 2.117766e-03 3.050486e-05
1908 2.113054e-03 3.043673e-05
1909 2.108352e-03 3.036876e-05
1910 2.103661e-03 3.030094e-05
1911 2.098980e-03 3.023326e-05
1912 2.094310e-03 3.016574e-05
1913 2.089651e-03 3.009837e-05
1914 2.085001e-03 3.003115e-05
1915 2.080362e-03 2.996409e-05
1916 2.075734e-03 2.989717e-05
1917 2.071116e-03 2.983040e-05
1918 2.066508e-03 2.976378e-05
1919 2.061910e-03 2.969730e-05
1920 2.057323e-03 2.963098e-05
1921 2.052746e-03 2.956480e-05
1922 2.048179e-03 2.949878e-05
1923 2.043622e-03 2.943290e-05
1924 2.039076e-03 2.936716e-05
1925 2.034540e-03 2.930158e-05
1926 2.030014e-03 2.923614e-05
1927 2.025497e-03 2.917084e-05
1928 2.020992e-03 2.910570e-05
1929 2.016496e-03 2.904069e-05
1930 2.012010e-03 2.897584e-05
1931 2.007534e-03 2.891112e-05
1932 2.003068e-03 2.884656e-05
1933 1.998612e-03 2.878213e-05
1934 1.994166e-03 2.871785e-05
1935 1.989730e-03 2.865372e-05
1936 1.985304e-03 2.858972e-05
1937 1.980888e-03 2.852587e-05
1938 1.976482e-03 2.846217e-05
1939 1.972085e-03 2.839860e-05
1940 1.967699e-03 2.833518e-05
1941 1.963322e-03 2.827190e-05
1942 1.958955e-03 2.820876e-05
1943 1.954597e-03 2.814576e-05
1944 1.950250e-03 2.808290e-05
1945 1.945912e-03 2.802018e-05
1946 1.941584e-03 2.795760e-05
1947 1.937265e-03 2.789516e-05
1948 1.932956e-03 2.783287e-05
1949 1.928657e-03 2.777071e-05
1950 1.924367e-03 2.770869e-05
1951 1.920087e-03 2.764680e-05
1952 1.915817e-03 2.758506e-05
1953 1.911556e-03 2.752345e-05
1954 1.907304e-03 2.746198e-05
1955 1.903062e-03 2.740065e-05
1956 1.898830e-03 2.733946e-05
1957 1.894607e-03 2.727840e-05
1958 1.890393e-03 2.721748e-05
1959 1.886189e-03 2.715669e-05
1960 1.881994e-03 2.709604e-05
1961 1.877809e-03 2.703553e-05
1962 1.873633e-03 2.697515e-05
1963 1.869466e-03 2.691491e-05
1964 1.865308e-03 2.685480e-05
1965 1.861160e-03 2.679482e-05
1966 1.857021e-03 2.673498e-05
1967 1.852892e-03 2.667527e-05
1968 1.848771e-03 2.661570e-05
1969 1.844660e-03 2.655626e-05
1970 1.840558e-03 2.649695e-05
1971 1.836465e-03 2.643777e-05
1972 1.832382e-03 2.637873e-05
1973 1.828307e-03 2.631982e-05
1974 1.824241e-03 2.626104e-05
1975 1.820185e-03 2.620239e-05
1976 1.816138e-03 2.614387e-05
1977 1.812099e-03 2.608548e-05
1978 1.808070e-03 2.602722e-05
1979 1.804050e-03 2.596910e-05
1980 1.800038e-03 2.591110e-05
1981 1.796036e-03 2.585323e-05
1982 1.792043e-03 2.579549e-05
1983 1.788058e-03 2.573788e-05
1984 1.784083e-03 2.568040e-05
1985 1.780116e-03 2.562305e-05
1986 1.776158e-03 2.556582e-05
1987 1.772209e-03 2.550873e-05
1988 1.768269e-03 2.545176e-05
1989 1.764337e-03 2.539492e-05
1990 1.760415e-03 2.533820e-05
1991 1.756501e-03 2.528161e-05
1992 1.752596e-03 2.522515e-05
1993 1.748700e-03 2.516882e-05
1994 1.744812e-03 2.511261e-05
1995 1.740933e-03 2.505652e-05
1996 1.737063e-03 2.500056e-05
1997 1.733201e-03 2.494473e-05
1998 1.729348e-03 2.488902e-05
1999 1.725503e-03 2.483343e-05
2000 1.721668e-03 2.477797e-05
2001 1.717840e-03 2.472264e-05
2002 1.714022e-03 2.466742e-05
2003 1.710211e-03 2.461233e-05
2004 1.706410e-03 2.455736e-05
2005 1.702616e-03 2.450252e-05
2006 1.698832e-03 2.444780e-05
2007 1.695055e-03 2.439320e-05
2008 1.691288e-03 2.433872e-05
2009 1.687528e-03 2.428436e-05
2010 1.683777e-03 2.423013e-05
2011 1.680035e-03 2.417602e-05
2012 1.676300e-03 2.412202e-05
2013 1.672574e-03 2.406815e-05
2014 1.668857e-03 2.401440e-05
2015 1.665147e-03 2.396077e-05
2016 1.661446e-03 2.390726e-05
2017 1.657754e-03 2.385386e-05
2018 1.654069e-03 2.380059e-05
2019 1.650393e-03 2.374743e-05
2020 1.646725e-03 2.369440e-05
2021 1.643065e-03 2.364148e-05
2022 1.639413e-03 2.358868e-05
2023 1.635770e-03 2.353600e-05
2024 1.632134e-03 2.348344e-05
2025 1.628507e-03 2.343099e-05
2026 1.624888e-03 2.337866e-05
2027 1.621277e-03 2.332645e-05
2028 1.617674e-03 2.327436e-05
2029 1.614079e-03 2.322238e-05
2030 1.610492e-03 2.317051e-05
2031 1.606913e-03 2.311877e-05
2032 1.603342e-03 2.306714e-05
2033 1.599779e-03 2.301562e-05
2034 1.596224e-03 2.296422e-05
2035 1.592677e-03 2.291293e-05
2036 1.589138e-03 2.286176e-05
2037 1.585607e-03 2.281070e-05
2038 1.582083e-03 2.275976e-05
2039 1.578568e-03 2.270893e-05
2040 1.575060e-03 2.265821e-05
2041 1.571560e-03 2.260761e-05
2042 1.568068e-03 2.255712e-05
2043 1.564584e-03 2.250674e-05
2044 1.561108e-03 2.245648e-05
2045 1.557639e-03 2.240632e-05
2046 1.554178e-03 2.235628e-05
2047 1.550725e-03 2.230636e-05
2048 1.547280e-03 2.225654e-05
2049 1.543842e-03 2.220683e-05
2050 1.540412e-03 2.215724e-05
2051 1.536990e-03 2.210775e-05
2052 1.533575e-03 2.205838e-05
2053 1.530168e-03 2.200912e-05
2054 1.526768e-03 2.195996e-05
2055 1.523377e-03 2.191092e-05
2056 1.519992e-03 2.186199e-05
2057 1.516615e-03 2.181316e-05
2058 1.513246e-03 2.176444e-05
2059 1.509885e-03 2.171584e-05
2060 1.506530e-03 2.166734e-05
2061 1.503184e-03 2.161895e-05
2062 1.499844e-03 2.157067e-05
2063 1.496513e-03 2.152249e-05
2064 1.493188e-03 2.147443e-05
2065 1.489872e-03 2.142647e-05
2066 1.486562e-03 2.137861e-05
2067 1.483260e-03 2.133087e-05
2068 1.479965e-03 2.128323e-05
2069 1.476678e-03 2.123570e-05
2070 1.473398e-03 2.118827e-05
2071 1.470125e-03 2.114095e-05
2072 1.466860e-03 2.109374e-05
2073 1.463602e-03 2.104663e-05
2074 1.460351e-03 2.099962e-05
2075 1.457108e-03 2.095273e-05
2076 1.453871e-03 2.090593e-05
2077 1.450642e-03 2.085924e-05
2078 1.447421e-03 2.081266e-05
2079 1.444206e-03 2.076618e-05
2080 1.440998e-03 2.071980e-05
2081 1.437798e-03 2.067352e-05
2082 1.434605e-03 2.062735e-05
2083 1.431419e-03 2.058129e-05
2084 1.428240e-03 2.053532e-05
2085 1.425068e-03 2.048946e-05
2086 1.421904e-03 2.044370e-05
2087 1.418746e-03 2.039804e-05
2088 1.415595e-03 2.035249e-05
2089 1.412452e-03 2.030703e-05
2090 1.409315e-03 2.026168e-05
2091 1.406186e-03 2.021643e-05
2092 1.403063e-03 2.017128e-05
2093 1.399948e-03 2.012623e-05
2094 1.396839e-03 2.008128e-05
2095 1.393738e-03 2.003644e-05
2096 1.390643e-03 1.999169e-05
2097 1.387555e-03 1.994704e-05
2098 1.384474e-03 1.990249e-05
2099 1.381400e-03 1.985804e-05
2100 1.378333e-03 1.981369e-05
2101 1.375273e-03 1.976944e-05
2102 1.372220e-03 1.972529e-05
2103 1.369173e-03 1.968124e-05
2104 1.366133e-03 1.963729e-05
2105 1.363100e-03 1.959343e-05
2106 1.360074e-03 1.954967e-05
2107 1.357054e-03 1.950601e-05
2108 1.354042e-03 1.946245e-05
2109 1.351036e-03 1.941898e-05
2110 1.348036e-03 1.937561e-05
2111 1.345044e-03 1.933234e-05
2112 1.342058e-03 1.928916e-05
2113 1.339079e-03 1.924609e-05
2114 1.336106e-03 1.920310e-05
2115 1.333140e-03 1.916022e-05
2116 1.330181e-03 1.911743e-05
2117 1.327228e-03 1.907473e-05
2118 1.324282e-03 1.903213e-05
2119 1.321342e-03 1.898963e-05
2120 1.318410e-03 1.894722e-05
2121 1.315483e-03 1.890490e-05
2122 1.312563e-03 1.886268e-05
2123 1.309650e-03 1.882055e-05
2124 1.306743e-03 1.877852e-05
2125 1.303843e-03 1.873658e-05
2126 1.300949e-03 1.869474e-05
2127 1.298062e-03 1.865299e-05
2128 1.295181e-03 1.861133e-05
2129 1.292306e-03 1.856976e-05
2130 1.289438e-03 1.852829e-05
2131 1.286576e-03 1.848691e-05
2132 1.283721e-03 1.844562e-05
2133 1.280872e-03 1.840443e-05
2134 1.278030e-03 1.836333e-05
2135 1.275194e-03 1.832232e-05
2136 1.272364e-03 1.828140e-05
2137 1.269540e-03 1.824057e-05
2138 1.266723e-03 1.819983e-05
2139 1.263912e-03 1.815918e-05
2140 1.261107e-03 1.811863e-05
2141 1.258309e-03 1.807816e-05
2142 1.255517e-03 1.803779e-05
2143 1.252731e-03 1.799751e-05
2144 1.249951e-03 1.795731e-05
2145 1.247178e-03 1.791721e-05
2146 1.244411e-03 1.787719e-05
2147 1.241650e-03 1.783727e-05
2148 1.238895e-03 1.779743e-05
2149 1.236146e-03 1.775768e-05
2150 1.233403e-03 1.771802e-05
2151 1.230667e-03 1.767845e-05
2152 1.227937e-03 1.763897e-05
2153 1.225212e-03 1.759958e-05
2154 1.222494e-03 1.756027e-05
2155 1.219782e-03 1.752106e-05
2156 1.217076e-03 1.748193e-05
2157 1.214376e-03 1.744288e-05
2158 1.211682e-03 1.740393e-05
2159 1.208994e-03 1.736506e-05
2160 1.206312e-03 1.732628e-05
2161 1.203636e-03 1.728758e-05
2162 1.200966e-03 1.724897e-05
2163 1.198302e-03 1.721045e-05
2164 1.195644e-03 1.717201e-05
2165 1.192992e-03 1.713366e-05
2166 1.190346e-03 1.709540e-05
2167 1.187706e-03 1.705722e-05
2168 1.185071e-03 1.701913e-05
2169 1.182443e-03 1.698112e-05
2170 1.179820e-03 1.694319e-05
2171 1.177204e-03 1.690535e-05
2172 1.174593e-03 1.686760e-05
2173 1.171988e-03 1.682993e-05
2174 1.169388e-03 1.679234e-05
2175 1.166795e-03 1.675484e-05
2176 1.164207e-03 1.671742e-05
2177 1.161626e-03 1.668008e-05
2178 1.159049e-03 1.664283e-05
2179 1.156479e-03 1.660566e-05
2180 1.153915e-03 1.656858e-05
2181 1.151356e-03 1.653157e-05
2182 1.148803e-03 1.649465e-05
2183 1.146255e-03 1.645782e-05
2184 1.143713e-03 1.642106e-05
2185 1.141177e-03 1.638439e-05
2186 1.138647e-03 1.634780e-05
2187 1.136122e-03 1.631129e-05
2188 1.133603e-03 1.627486e-05
2189 1.131090e-03 1.623851e-05
2190 1.128582e-03 1.620224e-05
2191 1.126080e-03 1.616606e-05
2192 1.123583e-03 1.612996e-05
2193 1.121092e-03 1.609393e-05
2194 1.118606e-03 1.605799e-05
2195 1.116126e-03 1.602213e-05
2196 1.113652e-03 1.598634e-05
2197 1.111183e-03 1.595064e-05
2198 1.108720e-03 1.591502e-05
2199 1.106262e-03 1.587948e-05
2200 1.103809e-03 1.584401e-05
2201 1.101363e-03 1.580863e-05
2202 1.098921e-03 1.577332e-05
2203 1.096485e-03 1.573809e-05
2204 1.094055e-03 1.570295e-05
2205 1.091630e-03 1.566788e-05
2206 1.089210e-03 1.563288e-05
2207 1.086796e-03 1.559797e-05
2208 1.084387e-03 1.556314e-05
2209 1.081983e-03 1.552838e-05
2210 1.079585e-03 1.549370e-05
2211 1.077192e-03 1.545910e-05
2212 1.074805e-03 1.542457e-05
2213 1.072423e-03 1.539012e-05
2214 1.070046e-03 1.535575e-05
2215 1.067675e-03 1.532146e-05
2216 1.065309e-03 1.528724e-05
2217 1.062948e-03 1.525310e-05
2218 1.060592e-03 1.521903e-05
2219 1.058242e-03 1.518505e-05
2220 1.055897e-03 1.515113e-05
2221 1.053557e-03 1.511729e-05
2222 1.051222e-03 1.508353e-05
2223 1.048893e-03 1.504985e-05
2224 1.046569e-03 1.501624e-05
2225 1.044250e-03 1.498270e-05
2226 1.041936e-03 1.494924e-05
2227 1.039627e-03 1.491585e-05
2228 1.037324e-03 1.488254e-05
2229 1.035026e-03 1.484930e-05
2230 1.032732e-03 1.481614e-05
2231 1.030444e-03 1.478305e-05
2232 1.028161e-03 1.475003e-05
2233 1.025884e-03 1.471709e-05
2234 1.023611e-03 1.468423e-05
2235 1.021343e-03 1.465143e-05
2236 1.019081e-03 1.461871e-05
2237 1.016823e-03 1.458606e-05
2238 1.014571e-03 1.455349e-05
2239 1.012323e-03 1.452098e-05
2240 1.010081e-03 1.448855e-05
2241 1.007843e-03 1.445620e-05
2242 1.005611e-03 1.442391e-05
2243 1.003383e-03 1.439170e-05
2244 1.001161e-03 1.435956e-05
2245 9.989434e-04 1.432749e-05
2246 9.967308e-04 1.429549e-05
2247 9.945232e-04 1.426356e-05
2248 9.923206e-04 1.423171e-05
2249 9.901228e-04 1.419992e-05
2250 9.879300e-04 1.416821e-05
2251 9.857421e-04 1.413657e-05
2252 9.835590e-04 1.410500e-05
2253 9.813809e-04 1.407350e-05
2254 9.792076e-04 1.404207e-05
2255 9.770392e-04 1.401070e-05
2256 9.748756e-04 1.397941e-05
2257 9.727168e-04 1.394819e-05
2258 9.705629e-04 1.391704e-05
2259 9.684138e-04 1.388596e-05
2260 9.662695e-04 1.385495e-05
2261 9.641300e-04 1.382401e-05
2262 9.619952e-04 1.379313e-05
2263 9.598653e-04 1.376233e-05
2264 9.577401e-04 1.373159e-05
2265 9.556196e-04 1.370093e-05
2266 9.535039e-04 1.367033e-05
2267 9.513929e-04 1.363980e-05
2268 9.492867e-04 1.360934e-05
2269 9.471851e-04 1.357894e-05
2270 9.450883e-04 1.354862e-05
2271 9.429961e-04 1.351836e-05
2272 9.409086e-04 1.348817e-05
2273 9.388258e-04 1.345804e-05
2274 9.367476e-04 1.342799e-05
2275 9.346740e-04 1.339800e-05
2276 9.326051e-04 1.336808e-05
2277 9.305409e-04 1.333822e-05
2278 9.284812e-04 1.330843e-05
2279 9.264262e-04 1.327871e-05
2280 9.243757e-04 1.324905e-05
2281 9.223298e-04 1.321947e-05
2282 9.202885e-04 1.318994e-05
2283 9.182518e-04 1.316048e-05
2284 9.162196e-04 1.313109e-05
2285 9.141919e-04 1.310177e-05
2286 9.121688e-04 1.307251e-05
2287 9.101502e-04 1.304331e-05
2288 9.081362e-04 1.301418e-05
2289 9.061266e-04 1.298512e-05
2290 9.041215e-04 1.295612e-05
2291 9.021209e-04 1.292718e-05
2292 9.001248e-04 1.289831e-05
2293 8.981331e-04 1.286951e-05
2294 8.961459e-04 1.284076e-05
2295 8.941631e-04 1.281209e-05
2296 8.921847e-04 1.278347e-05
2297 8.902108e-04 1.275492e-05
2298 8.882413e-04 1.272644e-05
2299 8.862762e-04 1.269802e-05
2300 8.843155e-04 1.266966e-05
2301 8.823592e-04 1.264136e-05
2302 8.804072e-04 1.261313e-05
2303 8.784596e-04 1.258496e-05
2304 8.765164e-04 1.255685e-05
2305 8.745775e-04 1.252881e-05
2306 8.726429e-04 1.250083e-05
2307 8.707127e-04 1.247291e-05
2308 8.687867e-04 1.244505e-05
2309 8.668651e-04 1.241726e-05
2310 8.649478e-04 1.238953e-05
2311 8.630347e-04 1.236186e-05
2312 8.611260e-04 1.233425e-05
2313 8.592215e-04 1.230671e-05
2314 8.573213e-04 1.227922e-05
2315 8.554253e-04 1.225180e-05
2316 8.535335e-04 1.222443e-05
2317 8.516460e-04 1.219713e-05
2318 8.497627e-04 1.216989e-05
2319 8.478836e-04 1.214271e-05
2320 8.460087e-04 1.211560e-05
2321 8.441380e-04 1.208854e-05
2322 8.422715e-04 1.206154e-05
2323 8.404091e-04 1.203460e-05
2324 8.385510e-04 1.200773e-05
2325 8.366969e-04 1.198091e-05
2326 8.348471e-04 1.195415e-05
2327 8.330013e-04 1.192745e-05
2328 8.311597e-04 1.190082e-05
2329 8.293222e-04 1.187424e-05
2330 8.274888e-04 1.184772e-05
2331 8.256595e-04 1.182126e-05
2332 8.238343e-04 1.179486e-05
2333 8.220132e-04 1.176852e-05
2334 8.201961e-04 1.174223e-05
2335 8.183831e-04 1.171601e-05
2336 8.165742e-04 1.168984e-05
2337 8.147693e-04 1.166374e-05
2338 8.129684e-04 1.163769e-05
2339 8.111716e-04 1.161170e-05
2340 8.093788e-04 1.158576e-05
2341 8.075900e-04 1.155989e-05
2342 8.058052e-04 1.153407e-05
2343 8.040243e-04 1.150831e-05
2344 8.022475e-04 1.148261e-05
2345 8.004746e-04 1.145697e-05
2346 7.987057e-04 1.143138e-05
2347 7.969408e-04 1.140585e-05
2348 7.951798e-04 1.138038e-05
2349 7.934227e-04 1.135496e-05
2350 7.916696e-04 1.132960e-05
2351 7.899204e-04 1.130430e-05
2352 7.881751e-04 1.127905e-05
2353 7.864337e-04 1.125386e-05
2354 7.846962e-04 1.122873e-05
2355 7.829625e-04 1.120365e-05
2356 7.812328e-04 1.117863e-05
2357 7.795069e-04 1.115367e-05
2358 7.777849e-04 1.112876e-05
2359 7.760667e-04 1.110390e-05
2360 7.743524e-04 1.107910e-05
2361 7.726419e-04 1.105436e-05
2362 7.709352e-04 1.102967e-05
2363 7.692324e-04 1.100504e-05
2364 7.675333e-04 1.098046e-05
2365 7.658381e-04 1.095594e-05
2366 7.641466e-04 1.093147e-05
2367 7.624590e-04 1.090706e-05
2368 7.607751e-04 1.088270e-05
2369 7.590949e-04 1.085839e-05
2370 7.574185e-04 1.083414e-05
2371 7.557459e-04 1.080995e-05
2372 7.540770e-04 1.078581e-05
2373 7.524119e-04 1.076172e-05
2374 7.507504e-04 1.073768e-05
2375 7.490927e-04 1.071370e-05
2376 7.474387e-04 1.068978e-05
2377 7.457884e-04 1.066590e-05
2378 7.441418e-04 1.064208e-05
2379 7.424988e-04 1.061831e-05
2380 7.408596e-04 1.059460e-05
2381 7.392240e-04 1.057094e-05
2382 7.375920e-04 1.054733e-05
2383 7.359637e-04 1.052378e-05
2384 7.343391e-04 1.050027e-05
2385 7.327180e-04 1.047682e-05
2386 7.311007e-04 1.045342e-05
2387 7.294869e-04 1.043008e-05
2388 7.278767e-04 1.040678e-05
2389 7.262701e-04 1.038354e-05
2390 7.246672e-04 1.036035e-05
2391 7.230678e-04 1.033722e-05
2392 7.214720e-04 1.031413e-05
2393 7.198797e-04 1.029109e-05
2394 7.182910e-04 1.026811e-05
2395 7.167059e-04 1.024518e-05
2396 7.151243e-04 1.022230e-05
2397 7.135463e-04 1.019947e-05
2398 7.119717e-04 1.017669e-05
2399 7.104007e-04 1.015396e-05
2400 7.088333e-04 1.013128e-05
2401 7.072693e-04 1.010866e-05
2402 7.057088e-04 1.008608e-05
2403 7.041518e-04 1.006356e-05
2404 7.025983e-04 1.004108e-05
2405 7.010483e-04 1.001866e-05
2406 6.995017e-04 9.996282e-06
2407 6.979586e-04 9.973957e-06
2408 6.964189e-04 9.951682e-06
2409 6.948827e-04 9.929457e-06
2410 6.933499e-04 9.907281e-06
2411 6.918206e-04 9.885155e-06
2412 6.902947e-04 9.863079e-06
2413 6.887721e-04 9.841051e-06
2414 6.872530e-04 9.819073e-06
2415 6.857373e-04 9.797144e-06
2416 6.842250e-04 9.775264e-06
2417 6.827161e-04 9.753432e-06
2418 6.812105e-04 9.731650e-06
2419 6.797083e-04 9.709916e-06
2420 6.782094e-04 9.688231e-06
2421 6.767140e-04 9.666594e-06
2422 6.752218e-04 9.645005e-06
2423 6.737330e-04 9.623465e-06
2424 6.722475e-04 9.601972e-06
2425 6.707654e-04 9.580528e-06
2426 6.692866e-04 9.559132e-06
2427 6.678110e-04 9.537783e-06
2428 6.663388e-04 9.516482e-06
2429 6.648699e-04 9.495229e-06
2430 6.634042e-04 9.474023e-06
2431 6.619419e-04 9.452865e-06
2432 6.604828e-04 9.431753e-06
2433 6.590269e-04 9.410689e-06
2434 6.575744e-04 9.389672e-06
2435 6.561250e-04 9.368702e-06
2436 6.546789e-04 9.347779e-06
2437 6.532361e-04 9.326902e-06
2438 6.517965e-04 9.306072e-06
2439 6.503601e-04 9.285289e-06
2440 6.489269e-04 9.264552e-06
2441 6.474969e-04 9.243861e-06
2442 6.460701e-04 9.223216e-06
2443 6.446465e-04 9.202618e-06
2444 6.432261e-04 9.182066e-06
2445 6.418089e-04 9.161559e-06
2446 6.403948e-04 9.141098e-06
2447 6.389839e-04 9.120683e-06
2448 6.375762e-04 9.100314e-06
2449 6.361716e-04 9.079990e-06
2450 6.347702e-04 9.059712e-06
2451 6.333718e-04 9.039478e-06
2452 6.319767e-04 9.019290e-06
2453 6.305846e-04 8.999147e-06
2454 6.291956e-04 8.979049e-06
2455 6.278098e-04 8.958996e-06
2456 6.264271e-04 8.938988e-06
2457 6.250474e-04 8.919024e-06
2458 6.236709e-04 8.899105e-06
2459 6.222974e-04 8.879231e-06
2460 6.209270e-04 8.859401e-06
2461 6.195596e-04 8.839615e-06
2462 6.181954e-04 8.819873e-06
2463 6.168341e-04 8.800176e-06
2464 6.154759e-04 8.780522e-06
2465 6.141208e-04 8.760912e-06
2466 6.127687e-04 8.741346e-06
2467 6.114196e-04 8.721824e-06
2468 6.100735e-04 8.702345e-06
2469 6.087305e-04 8.682910e-06
2470 6.073904e-04 8.663519e-06
2471 6.060534e-04 8.644170e-06
2472 6.047193e-04 8.624865e-06
2473 6.033883e-04 8.605603e-06
2474 6.020602e-04 8.586384e-06
2475 6.007350e-04 8.567208e-06
2476 5.994129e-04 8.548074e-06
2477 5.980937e-04 8.528984e-06
2478 5.967774e-04 8.509936e-06
2479 5.954641e-04 8.490930e-06
2480 5.941538e-04 8.471968e-06
2481 5.928463e-04 8.453047e-06
2482 5.915418e-04 8.434169e-06
2483 5.902402e-04 8.415332e-06
2484 5.889416e-04 8.396538e-06
2485 5.876458e-04 8.377786e-06
2486 5.863529e-04 8.359076e-06
2487 5.850630e-04 8.340407e-06
2488 5.837759e-04 8.321781e-06
2489 5.824917e-04 8.303195e-06
2490 5.812103e-04 8.284652e-06
2491 5.799319e-04 8.266149e-06
2492 5.786563e-04 8.247688e-06
2493 5.773835e-04 8.229269e-06
2494 5.761136e-04 8.210890e-06
2495 5.748465e-04 8.192553e-06
2496 5.735823e-04 8.174256e-06
2497 5.723209e-04 8.156000e-06
2498 5.710624e-04 8.137785e-06
2499 5.698066e-04 8.119611e-06
2500 5.685537e-04 8.101477e-06
2501 5.673035e-04 8.083384e-06
2502 5.660562e-04 8.065331e-06
2503 5.648116e-04 8.047319e-06
2504 5.635699e-04 8.029347e-06
2505 5.623309e-04 8.011415e-06
2506 5.610947e-04 7.993523e-06
2507 5.598612e-04 7.975670e-06
2508 5.586306e-04 7.957858e-06
2509 5.574026e-04 7.940086e-06
2510 5.561774e-04 7.922353e-06
2511 5.549550e-04 7.904660e-06
2512 5.537353e-04 7.887006e-06
2513 5.525183e-04 7.869392e-06
2514 5.513041e-04 7.851817e-06
2515 5.500926e-04 7.834282e-06
2516 5.488838e-04 7.816785e-06
2517 5.476776e-04 7.799328e-06
2518 5.464742e-04 7.781909e-06
2519 5.452735e-04 7.764530e-06
2520 5.440755e-04 7.747189e-06
2521 5.428801e-04 7.729887e-06
2522 5.416875e-04 7.712624e-06
2523 5.404975e-04 7.695399e-06
2524 5.393101e-04 7.678213e-06
2525 5.381255e-04 7.661065e-06
2526 5.369434e-04 7.643955e-06
2527 5.357641e-04 7.626884e-06
2528 5.345873e-04 7.609851e-06
2529 5.334132e-04 7.592855e-06
2530 5.322417e-04 7.575898e-06
2531 5.310729e-04 7.558979e-06
2532 5.299067e-04 7.542097e-06
2533 5.287430e-04 7.525253e-06
2534 5.275820e-04 7.508447e-06
2535 5.264236e-04 7.491678e-06
2536 5.252678e-04 7.474947e-06
2537 5.241145e-04 7.458253e-06
2538 5.229639e-04 7.441596e-06
2539 5.218158e-04 7.424977e-06
2540 5.206703e-04 7.408394e-06
2541 5.195273e-04 7.391849e-06
2542 5.183870e-04 7.375341e-06
2543 5.172491e-04 7.358869e-06
2544 5.161138e-04 7.342435e-06
2545 5.149811e-04 7.326037e-06
2546 5.138509e-04 7.309675e-06
2547 5.127232e-04 7.293350e-06
2548 5.115981e-04 7.277062e-06
2549 5.104755e-04 7.260810e-06
2550 5.093553e-04 7.244594e-06
2551 5.082377e-04 7.228415e-06
2552 5.071226e-04 7.212271e-06
2553 5.060100e-04 7.196164e-06
2554 5.048999e-04 7.180093e-06
2555 5.037923e-04 7.164057e-06
2556 5.026871e-04 7.148058e-06
2557 5.015845e-04 7.132094e-06
2558 5.004843e-04 7.116166e-06
2559 4.993865e-04 7.100273e-06
2560 4.982912e-04 7.084416e-06
2561 4.971984e-04 7.068594e-06
2562 4.961080e-04 7.052807e-06
2563 4.950201e-04 7.037056e-06
2564 4.939346e-04 7.021340e-06
2565 4.928515e-04 7.005659e-06
2566 4.917709e-04 6.990014e-06
2567 4.906926e-04 6.974403e-06
2568 4.896168e-04 6.958827e-06
2569 4.885434e-04 6.943285e-06
2570 4.874724e-04 6.927779e-06
2571 4.864039e-04 6.912307e-06
2572 4.853377e-04 6.896869e-06
2573 4.842738e-04 6.881466e-06
2574 4.832124e-04 6.866098e-06
2575 4.821534e-04 6.850764e-06
2576 4.810967e-04 6.835464e-06
2577 4.800424e-04 6.820198e-06
2578 4.789904e-04 6.804966e-06
2579 4.779408e-04 6.789769e-06
2580 4.768936e-04 6.774605e-06
2581 4.758487e-04 6.759475e-06
2582 4.748061e-04 6.744379e-06
2583 4.737659e-04 6.729317e-06
2584 4.727280e-04 6.714288e-06
2585 4.716924e-04 6.699293e-06
2586 4.706592e-04 6.684331e-06
2587 4.696283e-04 6.669403e-06
2588 4.685996e-04 6.654508e-06
2589 4.675733e-04 6.639646e-06
2590 4.665493e-04 6.624818e-06
2591 4.655276e-04 6.610023e-06
2592 4.645082e-04 6.595260e-06
2593 4.634910e-04 6.580531e-06
2594 4.624761e-04 6.565834e-06
2595 4.614635e-04 6.551171e-06
2596 4.604532e-04 6.536540e-06
2597 4.594452e-04 6.521942e-06
2598 4.584393e-04 6.507376e-06
2599 4.574358e-04 6.492843e-06
2600 4.564345e-04 6.478343e-06
2601 4.554354e-04 6.463874e-06
2602 4.544386e-04 6.449439e-06
2603 4.534440e-04 6.435035e-06
2604 4.524517e-04 6.420663e-06
2605 4.514615e-04 6.406324e-06
2606 4.504736e-04 6.392017e-06
2607 4.494879e-04 6.377741e-06
2608 4.485044e-04 6.363498e-06
2609 4.475232e-04 6.349286e-06
2610 4.465441e-04 6.335106e-06
2611 4.455672e-04 6.320958e-06
2612 4.445925e-04 6.306841e-06
2613 4.436200e-04 6.292756e-06
2614 4.426496e-04 6.278702e-06
2615 4.416815e-04 6.264680e-06
2616 4.407155e-04 6.250689e-06
2617 4.397516e-04 6.236729e-06
2618 4.387900e-04 6.222800e-06
2619 4.378305e-04 6.208903e-06
2620 4.368731e-04 6.195036e-06
2621 4.359179e-04 6.181201e-06
2622 4.349648e-04 6.167396e-06
2623 4.340139e-04 6.153622e-06
2624 4.330651e-04 6.139879e-06
2625 4.321184e-04 6.126167e-06
2626 4.311738e-04 6.112485e-06
2627 4.302314e-04 6.098834e-06
2628 4.292911e-04 6.085214e-06
2629 4.283528e-04 6.071623e-06
2630 4.274167e-04 6.058063e-06
2631 4.264827e-04 6.044534e-06
2632 4.255508e-04 6.031035e-06
2633 4.246209e-04 6.017565e-06
2634 4.236932e-04 6.004126e-06
2635 4.227675e-04 5.990717e-06
2636 4.218439e-04 5.977338e-06
2637 4.209224e-04 5.963989e-06
2638 4.200030e-04 5.950669e-06
2639 4.190856e-04 5.937379e-06
2640 4.181702e-04 5.924119e-06
2641 4.172569e-04 5.910889e-06
2642 4.163457e-04 5.897688e-06
2643 4.154365e-04 5.884516e-06
2644 4.145294e-04 5.871374e-06
2645 4.136242e-04 5.858262e-06
2646 4.127211e-04 5.845178e-06
2647 4.118201e-04 5.832124e-06
2648 4.109210e-04 5.819099e-06
2649 4.100240e-04 5.806103e-06
2650 4.091290e-04 5.793136e-06
2651 4.082360e-04 5.780199e-06
2652 4.073450e-04 5.767289e-06
2653 4.064560e-04 5.754409e-06
2654 4.055689e-04 5.741558e-06
2655 4.046839e-04 5.728735e-06
2656 4.038009e-04 5.715941e-06
2657 4.029198e-04 5.703176e-06
2658 4.020407e-04 5.690438e-06
2659 4.011636e-04 5.677730e-06
2660 4.002885e-04 5.665050e-06
2661 3.994153e-04 5.652398e-06
2662 3.985441e-04 5.639774e-06
2663 3.976748e-04 5.627179e-06
2664 3.968075e-04 5.614612e-06
2665 3.959421e-04 5.602072e-06
2666 3.950787e-04 5.589561e-06
2667 3.942172e-04 5.577078e-06
2668 3.933576e-04 5.564622e-06
2669 3.925000e-04 5.552195e-06
2670 3.916443e-04 5.539795e-06
2671 3.907905e-04 5.527423e-06
2672 3.899386e-04 5.515078e-06
2673 3.890887e-04 5.502761e-06
2674 3.882406e-04 5.490472e-06
2675 3.873945e-04 5.478210e-06
2676 3.865502e-04 5.465975e-06
2677 3.857078e-04 5.453768e-06
2678 3.848674e-04 5.441588e-06
2679 3.840288e-04 5.429435e-06
2680 3.831921e-04 5.417310e-06
2681 3.823573e-04 5.405211e-06
2682 3.815243e-04 5.393140e-06
2683 3.806932e-04 5.381095e-06
2684 3.798640e-04 5.369077e-06
2685 3.790367e-04 5.357086e-06
2686 3.782112e-04 5.345122e-06
2687 3.773875e-04 5.333185e-06
2688 3.765657e-04 5.321274e-06
2689 3.757458e-04 5.309390e-06
2690 3.749277e-04 5.297533e-06
2691 3.741114e-04 5.285701e-06
2692 3.732969e-04 5.273897e-06
2693 3.724843e-04 5.262119e-06
2694 3.716735e-04 5.250367e-06
2695 3.708646e-04 5.238641e-06
2696 3.700574e-04 5.226941e-06
2697 3.692521e-04 5.215268e-06
2698 3.684485e-04 5.203620e-06
2699 3.676468e-04 5.191999e-06
2700 3.668469e-04 5.180404e-06
2701 3.660487e-04 5.168834e-06
2702 3.652524e-04 5.157291e-06
2703 3.644578e-04 5.145773e-06
2704 3.636650e-04 5.134280e-06
2705 3.628740e-04 5.122814e-06
2706 3.620848e-04 5.111373e-06
2707 3.612974e-04 5.099958e-06
2708 3.605117e-04 5.088568e-06
2709 3.597278e-04 5.077204e-06
2710 3.589456e-04 5.065865e-06
2711 3.581652e-04 5.054551e-06
2712 3.573866e-04 5.043262e-06
2713 3.566097e-04 5.031999e-06
2714 3.558346e-04 5.020761e-06
2715 3.550611e-04 5.009548e-06
2716 3.542895e-04 4.998360e-06
2717 3.535195e-04 4.987197e-06
2718 3.527513e-04 4.976059e-06
2719 3.519848e-04 4.964946e-06
2720 3.512201e-04 4.953858e-06
2721 3.504570e-04 4.942794e-06
2722 3.496957e-04 4.931755e-06
2723 3.489361e-04 4.920741e-06
2724 3.481781e-04 4.909752e-06
2725 3.474219e-04 4.898787e-06
2726 3.466674e-04 4.887846e-06
2727 3.459146e-04 4.876930e-06
2728 3.451635e-04 4.866038e-06
2729 3.444140e-04 4.855171e-06
2730 3.436663e-04 4.844328e-06
2731 3.429202e-04 4.833509e-06
2732 3.421758e-04 4.822714e-06
2733 3.414331e-04 4.811943e-06
2734 3.406920e-04 4.801197e-06
2735 3.399526e-04 4.790474e-06
2736 3.392149e-04 4.779775e-06
2737 3.384788e-04 4.769101e-06
2738 3.377444e-04 4.758450e-06
2739 3.370116e-04 4.747823e-06
2740 3.362805e-04 4.737219e-06
2741 3.355510e-04 4.726639e-06
2742 3.348231e-04 4.716083e-06
2743 3.340969e-04 4.705551e-06
2744 3.333724e-04 4.695042e-06
2745 3.326494e-04 4.684556e-06
2746 3.319281e-04 4.674094e-06
2747 3.312084e-04 4.663655e-06
2748 3.304903e-04 4.653240e-06
2749 3.297738e-04 4.642848e-06
2750 3.290590e-04 4.632479e-06
2751 3.283457e-04 4.622133e-06
2752 3.276341e-04 4.611810e-06
2753 3.269240e-04 4.601511e-06
2754 3.262156e-04 4.591234e-06
2755 3.255087e-04 4.580980e-06
2756 3.248034e-04 4.570750e-06
2757 3.240997e-04 4.560542e-06
2758 3.233976e-04 4.550357e-06
2759 3.226971e-04 4.540194e-06
2760 3.219982e-04 4.530054e-06
2761 3.213008e-04 4.519937e-06
2762 3.206050e-04 4.509843e-06
2763 3.199107e-04 4.499771e-06
2764 3.192180e-04 4.489722e-06
2765 3.185269e-04 4.479695e-06
2766 3.178373e-04 4.469690e-06
2767 3.171493e-04 4.459708e-06
2768 3.164628e-04 4.449748e-06
2769 3.157779e-04 4.439810e-06
2770 3.150945e-04 4.429895e-06
2771 3.144126e-04 4.420001e-06
2772 3.137323e-04 4.410130e-06
2773 3.130535e-04 4.400281e-06
2774 3.123763e-04 4.390453e-06
2775 3.117005e-04 4.380648e-06
2776 3.110263e-04 4.370865e-06
2777 3.103536e-04 4.361103e-06
2778 3.096824e-04 4.351363e-06
2779 3.090127e-04 4.341645e-06
2780 3.083446e-04 4.331949e-06
2781 3.076779e-04 4.322275e-06
2782 3.070127e-04 4.312622e-06
2783 3.063490e-04 4.302990e-06
2784 3.056869e-04 4.293380e-06
2785 3.050262e-04 4.283792e-06
2786 3.043670e-04 4.274225e-06
2787 3.037092e-04 4.264679e-06
2788 3.030530e-04 4.255154e-06
2789 3.023982e-04 4.245651e-06
2790 3.017449e-04 4.236169e-06
2791 3.010931e-04 4.226709e-06
2792 3.004428e-04 4.217269e-06
2793 2.997939e-04 4.207851e-06
2794 2.991464e-04 4.198453e-06
2795 2.985005e-04 4.189077e-06
2796 2.978559e-04 4.179721e-06
2797 2.972129e-04 4.170386e-06
2798 2.965713e-04 4.161073e-06
2799 2.959311e-04 4.151780e-06
2800 2.952923e-04 4.142507e-06
2801 2.946550e-04 4.133256e-06
2802 2.940192e-04 4.124025e-06
2803 2.933848e-04 4.114815e-06
2804 2.927518e-04 4.105625e-06
2805 2.921202e-04 4.096456e-06
2806 2.914900e-04 4.087307e-06
2807 2.908613e-04 4.078179e-06
2808 2.902340e-04 4.069071e-06
2809 2.896081e-04 4.059983e-06
2810 2.889836e-04 4.050916e-06
2811 2.883605e-04 4.041869e-06
2812 2.877388e-04 4.032842e-06
2813 2.871185e-04 4.023836e-06
2814 2.864996e-04 4.014849e-06
2815 2.858821e-04 4.005883e-06
2816 2.852660e-04 3.996936e-06
2817 2.846513e-04 3.988010e-06
2818 2.840379e-04 3.979104e-06
2819 2.834260e-04 3.970217e-06
2820 2.828154e-04 3.961350e-06
2821 2.822062e-04 3.952503e-06
2822 2.815984e-04 3.943676e-06
2823 2.809919e-04 3.934869e-06
2824 2.803868e-04 3.926081e-06
2825 2.797831e-04 3.917312e-06
2826 2.791807e-04 3.908564e-06
2827 2.785797e-04 3.899835e-06
2828 2.779801e-04 3.891125e-06
2829 2.773818e-04 3.882435e-06
2830 2.767848e-04 3.873764e-06
2831 2.761892e-04 3.865113e-06
2832 2.755949e-04 3.856481e-06
2833 2.750020e-04 3.847868e-06
2834 2.744104e-04 3.839275e-06
2835 2.738202e-04 3.830700e-06
2836 2.732312e-04 3.822145e-06
2837 2.726436e-04 3.813609e-06
2838 2.720573e-04 3.805092e-06
2839 2.714724e-04 3.796594e-06
2840 2.708888e-04 3.788115e-06
2841 2.703064e-04 3.779655e-06
2842 2.697254e-04 3.771214e-06
2843 2.691457e-04 3.762792e-06
2844 2.685673e-04 3.754388e-06
2845 2.679903e-04 3.746003e-06
2846 2.674145e-04 3.737637e-06
2847 2.668400e-04 3.729290e-06
2848 2.662668e-04 3.720961e-06
2849 2.656949e-04 3.712651e-06
2850 2.651243e-04 3.704360e-06
2851 2.645550e-04 3.696087e-06
2852 2.639869e-04 3.687832e-06
2853 2.634202e-04 3.679596e-06
2854 2.628547e-04 3.671378e-06
2855 2.622905e-04 3.663179e-06
2856 2.617276e-04 3.654998e-06
2857 2.611659e-04 3.646835e-06
2858 2.606055e-04 3.638690e-06
2859 2.600464e-04 3.630564e-06
2860 2.594885e-04 3.622456e-06
2861 2.589319e-04 3.614366e-06
2862 2.583766e-04 3.606294e-06
2863 2.578225e-04 3.598240e-06
2864 2.572696e-04 3.590204e-06
2865 2.567180e-04 3.582186e-06
2866 2.561677e-04 3.574186e-06
2867 2.556186e-04 3.566203e-06
2868 2.550707e-04 3.558239e-06
2869 2.545240e-04 3.550292e-06
2870 2.539786e-04 3.542363e-06
2871 2.534345e-04 3.534452e-06
2872 2.528915e-04 3.526558e-06
2873 2.523498e-04 3.518682e-06
2874 2.518093e-04 3.510824e-06
2875 2.512700e-04 3.502983e-06
2876 2.507320e-04 3.495160e-06
2877 2.501951e-04 3.487354e-06
2878 2.496595e-04 3.479566e-06
2879 2.491251e-04 3.471795e-06
2880 2.485919e-04 3.464041e-06
2881 2.480599e-04 3.456305e-06
2882 2.475291e-04 3.448586e-06
2883 2.469995e-04 3.440884e-06
2884 2.464711e-04 3.433199e-06
2885 2.459438e-04 3.425532e-06
2886 2.454178e-04 3.417882e-06
2887 2.448930e-04 3.410248e-06
2888 2.443693e-04 3.402632e-06
2889 2.438468e-04 3.395033e-06
2890 2.433256e-04 3.387451e-06
2891 2.428054e-04 3.379886e-06
2892 2.422865e-04 3.372337e-06
2893 2.417687e-04 3.364806e-06
2894 2.412522e-04 3.357291e-06
2895 2.407367e-04 3.349793e-06
2896 2.402225e-04 3.342312e-06
2897 2.397094e-04 3.334848e-06
2898 2.391974e-04 3.327400e-06
2899 2.386866e-04 3.319969e-06
2900 2.381770e-04 3.312554e-06
2901 2.376685e-04 3.305156e-06
2902 2.371612e-04 3.297775e-06
2903 2.366550e-04 3.290410e-06
2904 2.361500e-04 3.283061e-06
2905 2.356461e-04 3.275729e-06
2906 2.351434e-04 3.268413e-06
2907 2.346417e-04 3.261114e-06
2908 2.341413e-04 3.253831e-06
2909 2.336419e-04 3.246564e-06
2910 2.331437e-04 3.239313e-06
2911 2.326466e-04 3.232079e-06
2912 2.321506e-04 3.224861e-06
2913 2.316558e-04 3.217658e-06
2914 2.311621e-04 3.210472e-06
2915 2.306694e-04 3.203302e-06
2916 2.301779e-04 3.196148e-06
2917 2.296876e-04 3.189010e-06
2918 2.291983e-04 3.181888e-06
2919 2.287101e-04 3.174782e-06
2920 2.282231e-04 3.167692e-06
2921 2.277371e-04 3.160617e-06
2922 2.272522e-04 3.153559e-06
2923 2.267685e-04 3.146516e-06
2924 2.262858e-04 3.139489e-06
2925 2.258042e-04 3.132477e-06
2926 2.253237e-04 3.125481e-06
2927 2.248443e-04 3.118501e-06
2928 2.243660e-04 3.111536e-06
2929 2.238888e-04 3.104587e-06
2930 2.234127e-04 3.097654e-06
2931 2.229376e-04 3.090736e-06
2932 2.224636e-04 3.083833e-06
2933 2.219907e-04 3.076946e-06
2934 2.215188e-04 3.070074e-06
2935 2.210480e-04 3.063218e-06
2936 2.205783e-04 3.056377e-06
2937 2.201097e-04 3.049551e-06
2938 2.196421e-04 3.042740e-06
2939 2.191755e-04 3.035945e-06
2940 2.187101e-04 3.029165e-06
2941 2.182457e-04 3.022399e-06
2942 2.177823e-04 3.015649e-06
2943 2.173200e-04 3.008915e-06
2944 2.168587e-04 3.002195e-06
2945 2.163985e-04 2.995490e-06
2946 2.159393e-04 2.988800e-06
2947 2.154812e-04 2.982125e-06
2948 2.150240e-04 2.975465e-06
2949 2.145680e-04 2.968820e-06
2950 2.141130e-04 2.962189e-06
2951 2.136589e-04 2.955574e-06
2952 2.132060e-04 2.948973e-06
2953 2.127540e-04 2.942387e-06
2954 2.123031e-04 2.935816e-06
2955 2.118532e-04 2.929259e-06
2956 2.114043e-04 2.922717e-06
2957 2.109565e-04 2.916190e-06
2958 2.105096e-04 2.909677e-06
2959 2.100638e-04 2.903179e-06
2960 2.096190e-04 2.896695e-06
2961 2.091752e-04 2.890226e-06
2962 2.087324e-04 2.883771e-06
2963 2.082906e-04 2.877331e-06
2964 2.078498e-04 2.870905e-06
2965 2.074100e-04 2.864493e-06
2966 2.069712e-04 2.858096e-06
2967 2.065334e-04 2.851713e-06
2968 2.060966e-04 2.845344e-06
2969 2.056608e-04 2.838989e-06
2970 2.052259e-04 2.832649e-06
2971 2.047921e-04 2.826323e-06
2972 2.043592e-04 2.820011e-06
2973 2.039274e-04 2.813713e-06
2974 2.034965e-04 2.807429e-06
2975 2.030666e-04 2.801159e-06
2976 2.026376e-04 2.794903e-06
2977 2.022097e-04 2.788661e-06
2978 2.017827e-04 2.782433e-06
2979 2.013566e-04 2.776219e-06
2980 2.009316e-04 2.770019e-06
2981 2.005075e-04 2.763833e-06
2982 2.000844e-04 2.757660e-06
2983 1.996622e-04 2.751501e-06
2984 1.992410e-04 2.745356e-06
2985 1.988208e-04 2.739225e-06
2986 1.984015e-04 2.733108e-06
2987 1.979831e-04 2.727004e-06
2988 1.975657e-04 2.720913e-06
2989 1.971493e-04 2.714837e-06
2990 1.967338e-04 2.708774e-06
2991 1.963193e-04 2.702724e-06
2992 1.959056e-04 2.696688e-06
2993 1.954930e-04 2.690665e-06
2994 1.950812e-04 2.684656e-06
2995 1.946705e-04 2.678661e-06
2996 1.942606e-04 2.672678e-06
2997 1.938517e-04 2.666709e-06
2998 1.934437e-04 2.660754e-06
2999 1.930366e-04 2.654811e-06
3000 1.926305e-04 2.648882e-06
3001 1.922252e-04 2.642967e-06
3002 1.918209e-04 2.637064e-06
3003 1.914176e-04 2.631175e-06
3004 1.910151e-04 2.625298e-06
3005 1.906136e-04 2.619435e-06
3006 1.902129e-04 2.613585e-06
3007 1.898132e-04 2.607748e-06
3008 1.894144e-04 2.601924e-06
3009 1.890165e-04 2.596113e-06
3010 1.886195e-04 2.590315e-06
3011 1.882234e-04 2.584530e-06
3012 1.878282e-04 2.578758e-06
3013 1.874339e-04 2.572999e-06
3014 1.870405e-04 2.567253e-06
3015 1.866481e-04 2.561519e-06
3016 1.862565e-04 2.555799e-06
3017 1.858657e-04 2.550091e-06
3018 1.854759e-04 2.544396e-06
3019 1.850870e-04 2.538713e-06
3020 1.846989e-04 2.533043e-06
3021 1.843118e-04 2.527386e-06
3022 1.839255e-04 2.521742e-06
3023 1.835401e-04 2.516110e-06
3024 1.831556e-04 2.510491e-06
3025 1.827719e-04 2.504884e-06
3026 1.823892e-04 2.499290e-06
3027 1.820073e-04 2.493708e-06
3028 1.816262e-04 2.488139e-06
3029 1.812461e-04 2.482582e-06
3030 1.808668e-04 2.477038e-06
3031 1.804884e-04 2.471505e-06
3032 1.801108e-04 2.465986e-06
3033 1.797341e-04 2.460479e-06
3034 1.793582e-04 2.454983e-06
3035 1.789833e-04 2.449501e-06
3036 1.786091e-04 2.444030e-06
3037 1.782358e-04 2.438572e-06
3038 1.778634e-04 2.433126e-06
3039 1.774918e-04 2.427692e-06
3040 1.771211e-04 2.422270e-06
3041 1.767512e-04 2.416860e-06
3042 1.763822e-04 2.411463e-06
3043 1.760140e-04 2.406077e-06
3044 1.756466e-04 2.400704e-06
3045 1.752801e-04 2.395342e-06
3046 1.749144e-04 2.389992e-06
3047 1.745496e-04 2.384655e-06
3048 1.741856e-04 2.379329e-06
3049 1.738224e-04 2.374015e-06
3050 1.734601e-04 2.368713e-06
3051 1.730985e-04 2.363423e-06
3052 1.727378e-04 2.358145e-06
3053 1.723780e-04 2.352879e-06
3054 1.720189e-04 2.347624e-06
3055 1.716607e-04 2.342381e-06
3056 1.713033e-04 2.337150e-06
3057 1.709467e-04 2.331930e-06
3058 1.705909e-04 2.326722e-06
3059 1.702359e-04 2.321526e-06
3060 1.698818e-04 2.316341e-06
3061 1.695284e-04 2.311168e-06
3062 1.691759e-04 2.306006e-06
3063 1.688242e-04 2.300856e-06
3064 1.684732e-04 2.295718e-06
3065 1.681231e-04 2.290591e-06
3066 1.677738e-04 2.285475e-06
3067 1.674253e-04 2.280371e-06
3068 1.670775e-04 2.275278e-06
3069 1.667306e-04 2.270197e-06
3070 1.663845e-04 2.265126e-06
3071 1.660391e-04 2.260068e-06
3072 1.656946e-04 2.255020e-06
3073 1.653508e-04 2.249984e-06
3074 1.650078e-04 2.244959e-06
3075 1.646656e-04 2.239945e-06
3076 1.643242e-04 2.234943e-06
3077 1.639836e-04 2.229952e-06
3078 1.636437e-04 2.224971e-06
3079 1.633047e-04 2.220002e-06
3080 1.629664e-04 2.215044e-06
3081 1.626289e-04 2.210097e-06
3082 1.622921e-04 2.205162e-06
3083 1.619561e-04 2.200237e-06
3084 1.616209e-04 2.195323e-06
3085 1.612865e-04 2.190420e-06
3086 1.609528e-04 2.185528e-06
3087 1.606199e-04 2.180647e-06
3088 1.602878e-04 2.175777e-06
3089 1.599564e-04 2.170918e-06
3090 1.596258e-04 2.166070e-06
3091 1.592959e-04 2.161232e-06
3092 1.589668e-04 2.156405e-06
3093 1.586385e-04 2.151589e-06
3094 1.583109e-04 2.146784e-06
3095 1.579840e-04 2.141990e-06
3096 1.576579e-04 2.137206e-06
3097 1.573326e-04 2.132433e-06
3098 1.570080e-04 2.127671e-06
3099 1.566841e-04 2.122919e-06
3100 1.563610e-04 2.118178e-06
3101 1.560386e-04 2.113447e-06
3102 1.557170e-04 2.108727e-06
3103 1.553961e-04 2.104018e-06
3104 1.550759e-04 2.099319e-06
3105 1.547565e-04 2.094630e-06
3106 1.544378e-04 2.089952e-06
3107 1.541199e-04 2.085285e-06
3108 1.538027e-04 2.080628e-06
3109 1.534862e-04 2.075981e-06
3110 1.531704e-04 2.071345e-06
3111 1.528554e-04 2.066719e-06
3112 1.525410e-04 2.062103e-06
3113 1.522274e-04 2.057498e-06
3114 1.519146e-04 2.052903e-06
3115 1.516024e-04 2.048318e-06
3116 1.512910e-04 2.043743e-06
3117 1.509803e-04 2.039179e-06
3118 1.506702e-04 2.034625e-06
3119 1.503610e-04 2.030081e-06
3120 1.500524e-04 2.025547e-06
3121 1.497445e-04 2.021023e-06
3122 1.494373e-04 2.016510e-06
3123 1.491309e-04 2.012006e-06
3124 1.488251e-04 2.007513e-06
3125 1.485201e-04 2.003029e-06
3126 1.482157e-04 1.998556e-06
3127 1.479121e-04 1.994092e-06
3128 1.476091e-04 1.989639e-06
3129 1.473069e-04 1.985195e-06
3130 1.470053e-04 1.980762e-06
3131 1.467045e-04 1.976338e-06
3132 1.464043e-04 1.971924e-06
3133 1.461049e-04 1.967520e-06
3134 1.458061e-04 1.963126e-06
3135 1.455080e-04 1.958742e-06
3136 1.452106e-04 1.954368e-06
3137 1.449138e-04 1.950003e-06
3138 1.446178e-04 1.945648e-06
3139 1.443225e-04 1.941303e-06
3140 1.440278e-04 1.936967e-06
3141 1.437338e-04 1.932641e-06
3142 1.434405e-04 1.928325e-06
3143 1.431478e-04 1.924018e-06
3144 1.428559e-04 1.919722e-06
3145 1.425646e-04 1.915434e-06
3146 1.422740e-04 1.911156e-06
3147 1.419840e-04 1.906888e-06
3148 1.416947e-04 1.902629e-06
3149 1.414061e-04 1.898380e-06
3150 1.411182e-04 1.894141e-06
3151 1.408309e-04 1.889910e-06
3152 1.405443e-04 1.885690e-06
3153 1.402583e-04 1.881478e-06
3154 1.399731e-04 1.877276e-06
3155 1.396884e-04 1.873084e-06
3156 1.394044e-04 1.868901e-06
3157 1.391211e-04 1.864727e-06
3158 1.388385e-04 1.860562e-06
3159 1.385565e-04 1.856407e-06
3160 1.382751e-04 1.852261e-06
3161 1.379944e-04 1.848124e-06
3162 1.377143e-04 1.843997e-06
3163 1.374349e-04 1.839879e-06
3164 1.371562e-04 1.835770e-06
3165 1.368780e-04 1.831670e-06
3166 1.366006e-04 1.827579e-06
3167 1.363237e-04 1.823497e-06
3168 1.360475e-04 1.819425e-06
3169 1.357720e-04 1.815362e-06
3170 1.354971e-04 1.811307e-06
3171 1.352228e-04 1.807262e-06
3172 1.349491e-04 1.803226e-06
3173 1.346761e-04 1.799199e-06
3174 1.344038e-04 1.795181e-06
3175 1.341320e-04 1.791171e-06
3176 1.338609e-04 1.787171e-06
3177 1.335904e-04 1.783180e-06
3178 1.333205e-04 1.779197e-06
3179 1.330513e-04 1.775224e-06
3180 1.327827e-04 1.771259e-06
3181 1.325147e-04 1.767303e-06
3182 1.322473e-04 1.763356e-06
3183 1.319806e-04 1.759418e-06
3184 1.317145e-04 1.755489e-06
3185 1.314490e-04 1.751568e-06
3186 1.311841e-04 1.747657e-06
3187 1.309198e-04 1.743754e-06
3188 1.306561e-04 1.739859e-06
3189 1.303931e-04 1.735974e-06
3190 1.301306e-04 1.732097e-06
3191 1.298688e-04 1.728228e-06
3192 1.296076e-04 1.724369e-06
3193 1.293469e-04 1.720517e-06
3194 1.290869e-04 1.716675e-06
3195 1.288275e-04 1.712841e-06
3196 1.285687e-04 1.709016e-06
3197 1.283105e-04 1.705199e-06
3198 1.280529e-04 1.701391e-06
3199 1.277959e-04 1.697591e-06
3200 1.275395e-04 1.693800e-06
3201 1.272837e-04 1.690017e-06
3202 1.270285e-04 1.686243e-06
3203 1.267738e-04 1.682477e-06
3204 1.265198e-04 1.678719e-06
3205 1.262664e-04 1.674970e-06
3206 1.260135e-04 1.671229e-06
3207 1.257613e-04 1.667497e-06
3208 1.255096e-04 1.663773e-06
3209 1.252585e-04 1.660057e-06
3210 1.250080e-04 1.656350e-06
3211 1.247581e-04 1.652651e-06
3212 1.245087e-04 1.648960e-06
3213 1.242600e-04 1.645277e-06
3214 1.240118e-04 1.641603e-06
3215 1.237642e-04 1.637936e-06
3216 1.235172e-04 1.634278e-06
3217 1.232707e-04 1.630628e-06
3218 1.230249e-04 1.626987e-06
3219 1.227796e-04 1.623353e-06
3220 1.225349e-04 1.619728e-06
3221 1.222907e-04 1.616110e-06
3222 1.220471e-04 1.612501e-06
3223 1.218041e-04 1.608900e-06
3224 1.215617e-04 1.605307e-06
3225 1.213198e-04 1.601721e-06
3226 1.210785e-04 1.598144e-06
3227 1.208377e-04 1.594575e-06
3228 1.205975e-04 1.591014e-06
3229 1.203579e-04 1.587461e-06
3230 1.201188e-04 1.583915e-06
3231 1.198803e-04 1.580378e-06
3232 1.196424e-04 1.576848e-06
3233 1.194050e-04 1.573327e-06
3234 1.191681e-04 1.569813e-06
3235 1.189318e-04 1.566307e-06
3236 1.186961e-04 1.562809e-06
3237 1.184609e-04 1.559319e-06
3238 1.182263e-04 1.555836e-06
3239 1.179922e-04 1.552362e-06
3240 1.177587e-04 1.548895e-06
3241 1.175257e-04 1.545436e-06
3242 1.172932e-04 1.541984e-06
3243 1.170613e-04 1.538540e-06
3244 1.168300e-04 1.535104e-06
3245 1.165992e-04 1.531676e-06
3246 1.163689e-04 1.528255e-06
3247 1.161392e-04 1.524842e-06
3248 1.159100e-04 1.521437e-06
3249 1.156813e-04 1.518039e-06
3250 1.154532e-04 1.514649e-06
3251 1.152256e-04 1.511266e-06
3252 1.149985e-04 1.507891e-06
3253 1.147720e-04 1.504523e-06
3254 1.145460e-04 1.501163e-06
3255 1.143206e-04 1.497811e-06
3256 1.140957e-04 1.494465e-06
3257 1.138713e-04 1.491128e-06
3258 1.136474e-04 1.487798e-06
3259 1.134240e-04 1.484475e-06
3260 1.132012e-04 1.481160e-06
3261 1.129789e-04 1.477852e-06
3262 1.127571e-04 1.474551e-06
3263 1.125359e-04 1.471258e-06
3264 1.123151e-04 1.467972e-06
3265 1.120949e-04 1.464694e-06
3266 1.118752e-04 1.461423e-06
3267 1.116560e-04 1.458159e-06
3268 1.114374e-04 1.454902e-06
3269 1.112192e-04 1.451653e-06
3270 1.110016e-04 1.448411e-06
3271 1.107845e-04 1.445176e-06
3272 1.105679e-04 1.441949e-06
3273 1.103518e-04 1.438728e-06
3274 1.101362e-04 1.435515e-06
3275 1.099211e-04 1.432309e-06
3276 1.097065e-04 1.429111e-06
3277 1.094924e-04 1.425919e-06
3278 1.092788e-04 1.422734e-06
3279 1.090658e-04 1.419557e-06
3280 1.088532e-04 1.416387e-06
3281 1.086412e-04 1.413223e-06
3282 1.084296e-04 1.410067e-06
3283 1.082185e-04 1.406918e-06
3284 1.080080e-04 1.403776e-06
3285 1.077979e-04 1.400641e-06
3286 1.075883e-04 1.397513e-06
3287 1.073792e-04 1.394392e-06
3288 1.071707e-04 1.391278e-06
3289 1.069626e-04 1.388170e-06
3290 1.067550e-04 1.385070e-06
3291 1.065479e-04 1.381977e-06
3292 1.063413e-04 1.378890e-06
3293 1.061351e-04 1.375811e-06
3294 1.059295e-04 1.372738e-06
3295 1.057243e-04 1.369673e-06
3296 1.055197e-04 1.366614e-06
3297 1.053155e-04 1.363562e-06
3298 1.051118e-04 1.360516e-06
3299 1.049085e-04 1.357478e-06
3300 1.047058e-04 1.354446e-06
3301 1.045036e-04 1.351421e-06
3302 1.043018e-04 1.348403e-06
3303 1.041005e-04 1.345392e-06
3304 1.038996e-04 1.342387e-06
3305 1.036993e-04 1.339389e-06
3306 1.034994e-04 1.336398e-06
3307 1.033000e-04 1.333413e-06
3308 1.031011e-04 1.330435e-06
3309 1.029026e-04 1.327464e-06
3310 1.027047e-04 1.324499e-06
3311 1.025071e-04 1.321541e-06
3312 1.023101e-04 1.318590e-06
3313 1.021135e-04 1.315645e-06
3314 1.019174e-04 1.312707e-06
3315 1.017218e-04 1.309775e-06
3316 1.015266e-04 1.306850e-06
3317 1.013319e-04 1.303931e-06
3318 1.011376e-04 1.301019e-06
3319 1.009438e-04 1.298114e-06
3320 1.007505e-04 1.295214e-06
3321 1.005576e-04 1.292322e-06
3322 1.003652e-04 1.289436e-06
3323 1.001733e-04 1.286556e-06
3324 9.998178e-05 1.283683e-06
3325 9.979074e-05 1.280816e-06
3326 9.960016e-05 1.277955e-06
3327 9.941003e-05 1.275101e-06
3328 9.922035e-05 1.272254e-06
3329 9.903112e-05 1.269412e-06
3330 9.884235e-05 1.266577e-06
3331 9.865402e-05 1.263749e-06
3332 9.846615e-05 1.260926e-06
3333 9.827872e-05 1.258110e-06
3334 9.809174e-05 1.255300e-06
3335 9.790521e-05 1.252497e-06
3336 9.771912e-05 1.249700e-06
3337 9.753347e-05 1.246909e-06
3338 9.734827e-05 1.244124e-06
3339 9.716351e-05 1.241345e-06
3340 9.697920e-05 1.238573e-06
3341 9.679532e-05 1.235807e-06
3342 9.661188e-05 1.233047e-06
3343 9.642888e-05 1.230293e-06
3344 9.624632e-05 1.227546e-06
3345 9.606420e-05 1.224804e-06
3346 9.588251e-05 1.222069e-06
3347 9.570126e-05 1.219339e-06
3348 9.552044e-05 1.216616e-06
3349 9.534005e-05 1.213899e-06
3350 9.516009e-05 1.211188e-06
3351 9.498057e-05 1.208483e-06
3352 9.480148e-05 1.205784e-06
3353 9.462281e-05 1.203091e-06
3354 9.444458e-05 1.200404e-06
3355 9.426677e-05 1.197724e-06
3356 9.408938e-05 1.195049e-06
3357 9.391243e-05 1.192380e-06
3358 9.373590e-05 1.189717e-06
3359 9.355979e-05 1.187060e-06
3360 9.338410e-05 1.184409e-06
3361 9.320884e-05 1.181763e-06
3362 9.303400e-05 1.179124e-06
3363 9.285957e-05 1.176491e-06
3364 9.268557e-05 1.173863e-06
3365 9.251199e-05 1.171242e-06
3366 9.233882e-05 1.168626e-06
3367 9.216607e-05 1.166016e-06
3368 9.199373e-05 1.163412e-06
3369 9.182181e-05 1.160814e-06
3370 9.165030e-05 1.158221e-06
3371 9.147921e-05 1.155635e-06
3372 9.130853e-05 1.153054e-06
3373 9.113826e-05 1.150479e-06
3374 9.096839e-05 1.147909e-06
3375 9.079894e-05 1.145346e-06
3376 9.062990e-05 1.142788e-06
3377 9.046126e-05 1.140235e-06
3378 9.029304e-05 1.137689e-06
3379 9.012521e-05 1.135148e-06
3380 8.995780e-05 1.132613e-06
3381 8.979078e-05 1.130083e-06
3382 8.962417e-05 1.127560e-06
3383 8.945796e-05 1.125041e-06
3384 8.929216e-05 1.122529e-06
3385 8.912675e-05 1.120022e-06
3386 8.896175e-05 1.117520e-06
3387 8.879714e-05 1.115025e-06
3388 8.863293e-05 1.112534e-06
3389 8.846912e-05 1.110050e-06
3390 8.830570e-05 1.107571e-06
3391 8.814268e-05 1.105097e-06
3392 8.798006e-05 1.102629e-06
3393 8.781782e-05 1.100167e-06
3394 8.765599e-05 1.097710e-06
3395 8.749454e-05 1.095258e-06
3396 8.733348e-05 1.092812e-06
3397 8.717282e-05 1.090371e-06
3398 8.701254e-05 1.087936e-06
3399 8.685266e-05 1.085507e-06
3400 8.669316e-05 1.083082e-06
3401 8.653405e-05 1.080663e-06
3402 8.637532e-05 1.078250e-06
3403 8.621698e-05 1.075842e-06
3404 8.605903e-05 1.073439e-06
3405 8.590146e-05 1.071042e-06
3406 8.574427e-05 1.068650e-06
3407 8.558746e-05 1.066263e-06
3408 8.543104e-05 1.063882e-06
3409 8.527499e-05 1.061506e-06
3410 8.511933e-05 1.059135e-06
3411 8.496404e-05 1.056770e-06
3412 8.480913e-05 1.054410e-06
3413 8.465460e-05 1.052055e-06
3414 8.450045e-05 1.049705e-06
3415 8.434667e-05 1.047361e-06
3416 8.419327e-05 1.045022e-06
3417 8.404024e-05 1.042688e-06
3418 8.388758e-05 1.040359e-06
3419 8.373529e-05 1.038036e-06
3420 8.358338e-05 1.035718e-06
3421 8.343184e-05 1.033405e-06
3422 8.328067e-05 1.031097e-06
3423 8.312986e-05 1.028794e-06
3424 8.297943e-05 1.026496e-06
3425 8.282936e-05 1.024204e-06
3426 8.267966e-05 1.021916e-06
3427 8.253033e-05 1.019634e-06
3428 8.238136e-05 1.017357e-06
3429 8.223275e-05 1.015085e-06
3430 8.208451e-05 1.012818e-06
3431 8.193664e-05 1.010556e-06
3432 8.178912e-05 1.008299e-06
3433 8.164197e-05 1.006047e-06
3434 8.149517e-05 1.003800e-06
3435 8.134874e-05 1.001559e-06
3436 8.120266e-05 9.993217e-07
3437 8.105694e-05 9.970899e-07
3438 8.091159e-05 9.948631e-07
3439 8.076658e-05 9.926413e-07
3440 8.062194e-05 9.904244e-07
3441 8.047764e-05 9.882124e-07
3442 8.033371e-05 9.860054e-07
3443 8.019012e-05 9.838034e-07
3444 8.004689e-05 9.816062e-07
3445 7.990401e-05 9.794140e-07
3446 7.976148e-05 9.772266e-07
3447 7.961931e-05 9.750442e-07
3448 7.947748e-05 9.728666e-07
3449 7.933600e-05 9.706939e-07
3450 7.919487e-05 9.685260e-07
3451 7.905409e-05 9.663630e-07
3452 7.891365e-05 9.642048e-07
3453 7.877356e-05 9.620514e-07
3454 7.863382e-05 9.599028e-07
3455 7.849442e-05 9.577591e-07
3456 7.835537e-05 9.556201e-07
3457 7.821665e-05 9.534859e-07
3458 7.807828e-05 9.513564e-07
3459 7.794025e-05 9.492318e-07
3460 7.780257e-05 9.471118e-07
3461 7.766522e-05 9.449966e-07
3462 7.752821e-05 9.428861e-07
3463 7.739154e-05 9.407804e-07
3464 7.725521e-05 9.386793e-07
3465 7.711922e-05 9.365829e-07
3466 7.698356e-05 9.344912e-07
3467 7.684824e-05 9.324042e-07
3468 7.671325e-05 9.303219e-07
3469 7.657860e-05 9.282442e-07
3470 7.644428e-05 9.261711e-07
3471 7.631029e-05 9.241027e-07
3472 7.617664e-05 9.220388e-07
3473 7.604332e-05 9.199796e-07
3474 7.591033e-05 9.179250e-07
3475 7.577766e-05 9.158750e-07
3476 7.564533e-05 9.138296e-07
3477 7.551333e-05 9.117887e-07
3478 7.538165e-05 9.097524e-07
3479 7.525031e-05 9.077206e-07
3480 7.511928e-05 9.056934e-07
3481 7.498859e-05 9.036707e-07
3482 7.485822e-05 9.016525e-07
3483 7.472817e-05 8.996388e-07
3484 7.459845e-05 8.976296e-07
3485 7.446905e-05 8.956249e-07
3486 7.433997e-05 8.936247e-07
3487 7.421121e-05 8.916290e-07
3488 7.408278e-05 8.896377e-07
3489 7.395466e-05 8.876508e-07
3490 7.382687e-05 8.856684e-07
3491 7.369939e-05 8.836904e-07
3492 7.357223e-05 8.817169e-07
3493 7.344539e-05 8.797477e-07
3494 7.331887e-05 8.777830e-07
3495 7.319266e-05 8.758226e-07
3496 7.306677e-05 8.738666e-07
3497 7.294119e-05 8.719150e-07
3498 7.281593e-05 8.699677e-07
3499 7.269098e-05 8.680248e-07
3500 7.256634e-05 8.660862e-07
3501 7.244201e-05 8.641520e-07
3502 7.231800e-05 8.622221e-07
3503 7.219430e-05 8.602964e-07
3504 7.207090e-05 8.583751e-07
3505 7.194782e-05 8.564581e-07
3506 7.182504e-05 8.545453e-07
3507 7.170257e-05 8.526369e-07
3508 7.158041e-05 8.507327e-07
3509 7.145856e-05 8.488327e-07
3510 7.133701e-05 8.469370e-07
3511 7.121577e-05 8.450455e-07
3512 7.109483e-05 8.431583e-07
3513 7.097420e-05 8.412752e-07
3514 7.085387e-05 8.393964e-07
3515 7.073384e-05 8.375217e-07
3516 7.061411e-05 8.356513e-07
3517 7.049469e-05 8.337850e-07
3518 7.037557e-05 8.319229e-07
3519 7.025674e-05 8.300649e-07
3520 7.013822e-05 8.282111e-07
3521 7.001999e-05 8.263615e-07
3522 6.990207e-05 8.245160e-07
3523 6.978444e-05 8.226745e-07
3524 6.966711e-05 8.208373e-07
3525 6.955007e-05 8.190041e-07
3526 6.943333e-05 8.171750e-07
3527 6.931688e-05 8.153500e-07
3528 6.920073e-05 8.135290e-07
3529 6.908487e-05 8.117121e-07
3530 6.896931e-05 8.098993e-07
3531 6.885403e-05 8.080906e-07
3532 6.873905e-05 8.062858e-07
3533 6.862436e-05 8.044851e-07
3534 6.850996e-05 8.026885e-07
3535 6.839586e-05 8.008958e-07
3536 6.828204e-05 7.991072e-07
3537 6.816850e-05 7.973225e-07
3538 6.805526e-05 7.955418e-07
3539 6.794230e-05 7.937651e-07
3540 6.782963e-05 7.919924e-07
3541 6.771725e-05 7.902236e-07
3542 6.760515e-05 7.884588e-07
3543 6.749334e-05 7.866979e-07
3544 6.738181e-05 7.849410e-07
3545 6.727057e-05 7.831879e-07
3546 6.715960e-05 7.814388e-07
3547 6.704892e-05 7.796936e-07
3548 6.693852e-05 7.779523e-07
3549 6.682841e-05 7.762149e-07
3550 6.671857e-05 7.744814e-07
3551 6.660901e-05 7.727517e-07
3552 6.649974e-05 7.710259e-07
3553 6.639074e-05 7.693040e-07
3554 6.628202e-05 7.675859e-07
3555 6.617358e-05 7.658716e-07
3556 6.606541e-05 7.641612e-07
3557 6.595752e-05 7.624545e-07
3558 6.584991e-05 7.607517e-07
3559 6.574257e-05 7.590527e-07
3560 6.563550e-05 7.573575e-07
3561 6.552871e-05 7.556661e-07
3562 6.542220e-05 7.539785e-07
3563 6.531595e-05 7.522946e-07
3564 6.520998e-05 7.506145e-07
3565 6.510428e-05 7.489381e-07
3566 6.499885e-05 7.472655e-07
3567 6.489369e-05 7.455966e-07
3568 6.478880e-05 7.439315e-07
3569 6.468418e-05 7.422700e-07
3570 6.457982e-05 7.406123e-07
3571 6.447574e-05 7.389583e-07
3572 6.437192e-05 7.373079e-07
3573 6.426837e-05 7.356613e-07
3574 6.416509e-05 7.340183e-07
3575 6.406207e-05 7.323790e-07
3576 6.395932e-05 7.307434e-07
3577 6.385683e-05 7.291114e-07
3578 6.375461e-05 7.274831e-07
3579 6.365264e-05 7.258584e-07
3580 6.355095e-05 7.242373e-07
3581 6.344951e-05 7.226198e-07
3582 6.334833e-05 7.210060e-07
3583 6.324742e-05 7.193958e-07
3584 6.314677e-05 7.177891e-07
3585 6.304637e-05 7.161861e-07
3586 6.294624e-05 7.145866e-07
3587 6.284636e-05 7.129907e-07
3588 6.274675e-05 7.113984e-07
3589 6.264739e-05 7.098096e-07
3590 6.254828e-05 7.082243e-07
3591 6.244944e-05 7.066427e-07
3592 6.235085e-05 7.050645e-07
3593 6.225251e-05 7.034899e-07
3594 6.215443e-05 7.019187e-07
3595 6.205661e-05 7.003511e-07
3596 6.195903e-05 6.987870e-07
3597 6.186171e-05 6.972264e-07
3598 6.176465e-05 6.956693e-07
3599 6.166783e-05 6.941156e-07
3600 6.157127e-05 6.925655e-07
3601 6.147496e-05 6.910187e-07
3602 6.137890e-05 6.894755e-07
3603 6.128308e-05 6.879356e-07
3604 6.118752e-05 6.863993e-07
3605 6.109221e-05 6.848663e-07
3606 6.099714e-05 6.833368e-07
3607 6.090232e-05 6.818107e-07
3608 6.080775e-05 6.802880e-07
3609 6.071343e-05 6.787687e-07
3610 6.061935e-05 6.772528e-07
3611 6.052551e-05 6.757403e-07
3612 6.043193e-05 6.742311e-07
3613 6.033858e-05 6.727253e-07
3614 6.024548e-05 6.712229e-07
3615 6.015262e-05 6.697239e-07
3616 6.006001e-05 6.682282e-07
3617 5.996764e-05 6.667358e-07
3618 5.987551e-05 6.652468e-07
3619 5.978362e-05 6.637611e-07
3620 5.969197e-05 6.622787e-07
3621 5.960056e-05 6.607996e-07
3622 5.950939e-05 6.593238e-07
3623 5.941846e-05 6.578513e-07
3624 5.932777e-05 6.563821e-07
3625 5.923731e-05 6.549162e-07
3626 5.914709e-05 6.534536e-07
3627 5.905712e-05 6.519942e-07
3628 5.896737e-05 6.505381e-07
3629 5.887786e-05 6.490852e-07
3630 5.878859e-05 6.476356e-07
3631 5.869955e-05 6.461892e-07
3632 5.861075e-05 6.447461e-07
3633 5.852218e-05 6.433062e-07
3634 5.843384e-05 6.418695e-07
3635 5.834574e-05 6.404360e-07
3636 5.825787e-05 6.390057e-07
3637 5.817023e-05 6.375786e-07
3638 5.808282e-05 6.361547e-07
3639 5.799564e-05 6.347339e-07
3640 5.790869e-05 6.333163e-07
3641 5.782198e-05 6.319020e-07
3642 5.773549e-05 6.304907e-07
3643 5.764923e-05 6.290826e-07
3644 5.756319e-05 6.276777e-07
3645 5.747739e-05 6.262759e-07
3646 5.739181e-05 6.248772e-07
3647 5.730646e-05 6.234817e-07
3648 5.722133e-05 6.220892e-07
3649 5.713643e-05 6.206999e-07
3650 5.705176e-05 6.193137e-07
3651 5.696731e-05 6.179305e-07
3652 5.688308e-05 6.165505e-07
3653 5.679908e-05 6.151736e-07
3654 5.671530e-05 6.137997e-07
3655 5.663174e-05 6.124289e-07
3656 5.654841e-05 6.110611e-07
3657 5.646529e-05 6.096964e-07
3658 5.638240e-05 6.083348e-07
3659 5.629973e-05 6.069762e-07
3660 5.621728e-05 6.056206e-07
3661 5.613504e-05 6.042681e-07
3662 5.605303e-05 6.029185e-07
3663 5.597123e-05 6.015720e-07
3664 5.588966e-05 6.002285e-07
3665 5.580830e-05 5.988880e-07
3666 5.572716e-05 5.975505e-07
3667 5.564623e-05 5.962160e-07
3668 5.556552e-05 5.948844e-07
3669 5.548503e-05 5.935559e-07
3670 5.540475e-05 5.922303e-07
3671 5.532468e-05 5.909076e-07
3672 5.524483e-05 5.895880e-07
3673 5.516520e-05 5.882712e-07
3674 5.508577e-05 5.869574e-07
3675 5.500656e-05 5.856466e-07
3676 5.492756e-05 5.843386e-07
3677 5.484878e-05 5.830336e-07
3678 5.477020e-05 5.817315e-07
3679 5.469184e-05 5.804323e-07
3680 5.461368e-05 5.791360e-07
3681 5.453574e-05 5.778426e-07
3682 5.445801e-05 5.765521e-07
3683 5.438048e-05 5.752645e-07
3684 5.430316e-05 5.739797e-07
3685 5.422605e-05 5.726979e-07
3686 5.414915e-05 5.714188e-07
3687 5.407246e-05 5.701427e-07
3688 5.399597e-05 5.688694e-07
3689 5.391969e-05 5.675989e-07
3690 5.384361e-05 5.663313e-07
3691 5.376774e-05 5.650665e-07
3692 5.369207e-05 5.638045e-07
3693 5.361661e-05 5.625453e-07
3694 5.354135e-05 5.612890e-07
3695 5.346629e-05 5.600355e-07
3696 5.339144e-05 5.587847e-07
3697 5.331679e-05 5.575368e-07
3698 5.324234e-05 5.562916e-07
3699 5.316809e-05 5.550492e-07
3700 5.309405e-05 5.538096e-07
3701 5.302020e-05 5.525728e-07
3702 5.294655e-05 5.513387e-07
3703 5.287311e-05 5.501074e-07
3704 5.279986e-05 5.488789e-07
3705 5.272681e-05 5.476530e-07
3706 5.265396e-05 5.464300e-07
3707 5.258131e-05 5.452096e-07
3708 5.250886e-05 5.439920e-07
3709 5.243660e-05 5.427771e-07
3710 5.236454e-05 5.415649e-07
3711 5.229267e-05 5.403554e-07
3712 5.222100e-05 5.391486e-07
3713 5.214952e-05 5.379445e-07
3714 5.207824e-05 5.367431e-07
3715 5.200716e-05 5.355444e-07
3716 5.193626e-05 5.343483e-07
3717 5.186557e-05 5.331550e-07
3718 5.179506e-05 5.319643e-07
3719 5.172474e-05 5.307762e-07
3720 5.165462e-05 5.295908e-07
3721 5.158469e-05 5.284081e-07
3722 5.151495e-05 5.272280e-07
3723 5.144540e-05 5.260505e-07
3724 5.137604e-05 5.248757e-07
3725 5.130687e-05 5.237035e-07
3726 5.123789e-05 5.225339e-07
3727 5.116910e-05 5.213669e-07
3728 5.110050e-05 5.202025e-07
3729 5.103209e-05 5.190407e-07
3730 5.096386e-05 5.178815e-07
3731 5.089582e-05 5.167249e-07
3732 5.082797e-05 5.155709e-07
3733 5.076030e-05 5.144195e-07
3734 5.069282e-05 5.132706e-07
3735 5.062552e-05 5.121243e-07
3736 5.055841e-05 5.109806e-07
3737 5.049149e-05 5.098394e-07
3738 5.042474e-05 5.087008e-07
3739 5.035818e-05 5.075647e-07
3740 5.029181e-05 5.064311e-07
3741 5.022562e-05 5.053001e-07
3742 5.015961e-05 5.041716e-07
3743 5.009378e-05 5.030456e-07
3744 5.002813e-05 5.019222e-07
3745 4.996267e-05 5.008012e-07
3746 4.989738e-05 4.996828e-07
3747 4.983228e-05 4.985668e-07
3748 4.976735e-05 4.974534e-07
3749 4.970261e-05 4.963424e-07
3750 4.963804e-05 4.952339e-07
3751 4.957365e-05 4.941279e-07
3752 4.950944e-05 4.930243e-07
3753 4.944541e-05 4.919233e-07
3754 4.938156e-05 4.908246e-07
3755 4.931788e-05 4.897285e-07
3756 4.925438e-05 4.886347e-07
3757 4.919105e-05 4.875435e-07
3758 4.912790e-05 4.864546e-07
3759 4.906493e-05 4.853682e-07
3760 4.900213e-05 4.842842e-07
3761 4.893951e-05 4.832027e-07
3762 4.887706e-05 4.821235e-07
3763 4.881478e-05 4.810468e-07
3764 4.875267e-05 4.799725e-07
3765 4.869074e-05 4.789005e-07
3766 4.862898e-05 4.778310e-07
3767 4.856740e-05 4.767638e-07
3768 4.850598e-05 4.756991e-07
3769 4.844474e-05 4.746367e-07
3770 4.838367e-05 4.735767e-07
3771 4.832276e-05 4.725190e-07
3772 4.826203e-05 4.714637e-07
3773 4.820147e-05 4.704108e-07
3774 4.814107e-05 4.693602e-07
3775 4.808085e-05 4.683120e-07
3776 4.802079e-05 4.672661e-07
3777 4.796090e-05 4.662226e-07
3778 4.790118e-05 4.651813e-07
3779 4.784162e-05 4.641424e-07
3780 4.778224e-05 4.631059e-07
3781 4.772301e-05 4.620716e-07
3782 4.766396e-05 4.610396e-07
3783 4.760507e-05 4.600100e-07
3784 4.754634e-05 4.589826e-07
3785 4.748778e-05 4.579576e-07
3786 4.742939e-05 4.569348e-07
3787 4.737116e-05 4.559143e-07
3788 4.731309e-05 4.548961e-07
3789 4.725518e-05 4.538802e-07
3790 4.719744e-05 4.528665e-07
3791 4.713986e-05 4.518551e-07
3792 4.708244e-05 4.508460e-07
3793 4.702519e-05 4.498391e-07
3794 4.696809e-05 4.488345e-07
3795 4.691116e-05 4.478321e-07
3796 4.685438e-05 4.468319e-07
3797 4.679777e-05 4.458340e-07
3798 4.674132e-05 4.448383e-07
3799 4.668502e-05 4.438449e-07
3800 4.662889e-05 4.428536e-07
3801 4.657291e-05 4.418646e-07
3802 4.651709e-05 4.408778e-07
3803 4.646143e-05 4.398931e-07
3804 4.640592e-05 4.389107e-07
3805 4.635058e-05 4.379305e-07
3806 4.629539e-05 4.369525e-07
3807 4.624035e-05 4.359766e-07
3808 4.618548e-05 4.350029e-07
3809 4.613075e-05 4.340314e-07
3810 4.607619e-05 4.330621e-07
3811 4.602177e-05 4.320949e-07
3812 4.596752e-05 4.311299e-07
3813 4.591341e-05 4.301671e-07
3814 4.585946e-05 4.292064e-07
3815 4.580566e-05 4.282478e-07
3816 4.575202e-05 4.272914e-07
3817 4.569853e-05 4.263371e-07
3818 4.564519e-05 4.253850e-07
3819 4.559200e-05 4.244350e-07
3820 4.553896e-05 4.234871e-07
3821 4.548608e-05 4.225413e-07
3822 4.543334e-05 4.215976e-07
3823 4.538076e-05 4.206560e-07
3824 4.532832e-05 4.197166e-07
3825 4.527604e-05 4.187792e-07
3826 4.522390e-05 4.178440e-07
3827 4.517191e-05 4.169108e-07
3828 4.512007e-05 4.159797e-07
3829 4.506838e-05 4.150507e-07
3830 4.501684e-05 4.141237e-07
3831 4.496544e-05 4.131989e-07
3832 4.491419e-05 4.122761e-07
3833 4.486309e-05 4.113553e-07
3834 4.481214e-05 4.104366e-07
3835 4.476133e-05 4.095200e-07
3836 4.471066e-05 4.086054e-07
3837 4.466014e-05 4.076928e-07
3838 4.460977e-05 4.067823e-07
3839 4.455954e-05 4.058739e-07
3840 4.450945e-05 4.049674e-07
3841 4.445951e-05 4.040630e-07
3842 4.440971e-05 4.031606e-07
3843 4.436005e-05 4.022602e-07
3844 4.431054e-05 4.013618e-07
3845 4.426117e-05 4.004655e-07
3846 4.421194e-05 3.995711e-07
3847 4.416286e-05 3.986787e-07
3848 4.411391e-05 3.977883e-07
3849 4.406510e-05 3.969000e-07
3850 4.401644e-05 3.960136e-07
3851 4.396792e-05 3.951291e-07
3852 4.391953e-05 3.942467e-07
3853 4.387129e-05 3.933662e-07
3854 4.382318e-05 3.924877e-07
3855 4.377521e-05 3.916111e-07
3856 4.372739e-05 3.907365e-07
3857 4.367970e-05 3.898639e-07
3858 4.363214e-05 3.889932e-07
3859 4.358473e-05 3.881245e-07
3860 4.353745e-05 3.872577e-07
3861 4.349031e-05 3.863928e-07
3862 4.344330e-05 3.855299e-07
3863 4.339644e-05 3.846688e-07
3864 4.334970e-05 3.838098e-07
3865 4.330311e-05 3.829526e-07
3866 4.325664e-05 3.820973e-07
3867 4.321031e-05 3.812440e-07
3868 4.316412e-05 3.803925e-07
3869 4.311806e-05 3.795430e-07
3870 4.307214e-05 3.786954e-07
3871 4.302634e-05 3.778496e-07
3872 4.298068e-05 3.770058e-07
3873 4.293516e-05 3.761638e-07
3874 4.288976e-05 3.753237e-07
3875 4.284450e-05 3.744855e-07
3876 4.279937e-05 3.736491e-07
3877 4.275437e-05 3.728146e-07
3878 4.270950e-05 3.719820e-07
3879 4.266476e-05 3.711513e-07
3880 4.262016e-05 3.703224e-07
3881 4.257568e-05 3.694953e-07
3882 4.253133e-05 3.686701e-07
3883 4.248711e-05 3.678468e-07
3884 4.244302e-05 3.670253e-07
3885 4.239906e-05 3.662056e-07
3886 4.235523e-05 3.653877e-07
3887 4.231153e-05 3.645717e-07
3888 4.226795e-05 3.637575e-07
3889 4.222450e-05 3.629451e-07
3890 4.218118e-05 3.621345e-07
3891 4.213798e-05 3.613258e-07
3892 4.209491e-05 3.605188e-07
3893 4.205197e-05 3.597137e-07
3894 4.200915e-05 3.589103e-07
3895 4.196646e-05 3.581087e-07
3896 4.192389e-05 3.573090e-07
3897 4.188145e-05 3.565110e-07
3898 4.183913e-05 3.557148e-07
3899 4.179694e-05 3.549203e-07
3900 4.175487e-05 3.541277e-07
3901 4.171292e-05 3.533368e-07
3902 4.167110e-05 3.525477e-07
3903 4.162940e-05 3.517604e-07
3904 4.158782e-05 3.509748e-07
3905 4.154637e-05 3.501909e-07
3906 4.150504e-05 3.494088e-07
3907 4.146382e-05 3.486285e-07
3908 4.142273e-05 3.478499e-07
3909 4.138176e-05 3.470730e-07
3910 4.134091e-05 3.462979e-07
3911 4.130019e-05 3.455245e-07
3912 4.125958e-05 3.447528e-07
3913 4.121909e-05 3.439829e-07
3914 4.117872e-05 3.432147e-07
3915 4.113847e-05 3.424482e-07
3916 4.109834e-05 3.416834e-07
3917 4.105832e-05 3.409203e-07
3918 4.101843e-05 3.401589e-07
3919 4.097865e-05 3.393992e-07
3920 4.093899e-05 3.386412e-07
3921 4.089945e-05 3.378849e-07
3922 4.086002e-05 3.371303e-07
3923 4.082071e-05 3.363774e-07
3924 4.078152e-05 3.356262e-07
3925 4.074245e-05 3.348766e-07
3926 4.070348e-05 3.341287e-07
3927 4.066464e-05 3.333825e-07
3928 4.062591e-05 3.326380e-07
3929 4.058729e-05 3.318951e-07
3930 4.054879e-05 3.311538e-07
3931 4.051041e-05 3.304143e-07
3932 4.047213e-05 3.296764e-07
3933 4.043397e-05 3.289401e-07
3934 4.039593e-05 3.282055e-07
3935 4.035799e-05 3.274725e-07
3936 4.032017e-05 3.267411e-07
3937 4.028247e-05 3.260114e-07
3938 4.024487e-05 3.252833e-07
3939 4.020738e-05 3.245568e-07
3940 4.017001e-05 3.238320e-07
3941 4.013275e-05 3.231088e-07
3942 4.009560e-05 3.223872e-07
3943 4.005856e-05 3.216672e-07
3944 4.002163e-05 3.209488e-07
3945 3.998481e-05 3.202320e-07
3946 3.994810e-05 3.195168e-07
3947 3.991150e-05 3.188033e-07
3948 3.987501e-05 3.180913e-07
3949 3.983863e-05 3.173809e-07
3950 3.980235e-05 3.166721e-07
3951 3.976619e-05 3.159648e-07
3952 3.973013e-05 3.152592e-07
3953 3.969418e-05 3.145551e-07
3954 3.965834e-05 3.138526e-07
3955 3.962260e-05 3.131517e-07
3956 3.958698e-05 3.124523e-07
3957 3.955145e-05 3.117545e-07
3958 3.951604e-05 3.110582e-07
3959 3.948073e-05 3.103636e-07
3960 3.944552e-05 3.096704e-07
3961 3.941043e-05 3.089788e-07
3962 3.937543e-05 3.082888e-07
3963 3.934054e-05 3.076003e-07
3964 3.930576e-05 3.069133e-07
3965 3.927108e-05 3.062279e-07
3966 3.923650e-05 3.055440e-07
3967 3.920203e-05 3.048616e-07
3968 3.916766e-05 3.041807e-07
3969 3.913340e-05 3.035014e-07
3970 3.909924e-05 3.028236e-07
3971 3.906518e-05 3.021473e-07
3972 3.903122e-05 3.014725e-07
3973 3.899736e-05 3.007992e-07
3974 3.896361e-05 3.001274e-07
3975 3.892996e-05 2.994571e-07
3976 3.889641e-05 2.987884e-07
3977 3.886296e-05 2.981211e-07
3978 3.882961e-05 2.974553e-07
3979 3.879636e-05 2.967909e-07
3980 3.876321e-05 2.961281e-07
3981 3.873016e-05 2.954668e-07
3982 3.869721e-05 2.948069e-07
3983 3.866436e-05 2.941485e-07
3984 3.863161e-05 2.934916e-07
3985 3.859896e-05 2.928361e-07
3986 3.856640e-05 2.921821e-07
3987 3.853395e-05 2.915296e-07
3988 3.850159e-05 2.908785e-07
3989 3.846933e-05 2.902289e-07
3990 3.843717e-05 2.895807e-07
3991 3.840510e-05 2.889340e-07
3992 3.837313e-05 2.882887e-07
3993 3.834126e-05 2.876449e-07
3994 3.830949e-05 2.870025e-07
3995 3.827781e-05 2.863615e-07
3996 3.824622e-05 2.857219e-07
3997 3.821474e-05 2.850838e-07
3998 3.818334e-05 2.844472e-07
3999 3.815204e-05 2.838119e-07
4000 3.812084e-05 2.831781e-07
4001 3.808973e-05 2.825456e-07
4002 3.805872e-05 2.819146e-07
4003 3.802780e-05 2.812850e-07
4004 3.799697e-05 2.806568e-07
4005 3.796624e-05 2.800300e-07
4006 3.793560e-05 2.794046e-07
4007 3.790505e-05 2.787806e-07
4008 3.787460e-05 2.781580e-07
4009 3.784424e-05 2.775368e-07
4010 3.781397e-05 2.769170e-07
4011 3.778379e-05 2.762985e-07
4012 3.775370e-05 2.756815e-07
4013 3.772371e-05 2.750658e-07
4014 3.769381e-05 2.744515e-07
4015 3.766399e-05 2.738385e-07
4016 3.763427e-05 2.732270e-07
4017 3.760464e-05 2.726167e-07
4018 3.757510e-05 2.720079e-07
4019 3.754565e-05 2.714004e-07
4020 3.751629e-05 2.707943e-07
4021 3.748701e-05 2.701895e-07
4022 3.745783e-05 2.695861e-07
4023 3.742874e-05 2.689840e-07
4024 3.739973e-05 2.683833e-07
4025 3.737081e-05 2.677839e-07
4026 3.734198e-05 2.671859e-07
4027 3.731324e-05 2.665892e-07
4028 3.728459e-05 2.659938e-07
4029 3.725602e-05 2.653997e-07
4030 3.722754e-05 2.648070e-07
4031 3.719915e-05 2.642156e-07
4032 3.717084e-05 2.636255e-07
4033 3.714263e-05 2.630368e-07
4034 3.711449e-05 2.624493e-07
4035 3.708645e-05 2.618632e-07
4036 3.705848e-05 2.612784e-07
4037 3.703061e-05 2.606949e-07
4038 3.700282e-05 2.601126e-07
4039 3.697511e-05 2.595317e-07
4040 3.694749e-05 2.589521e-07
4041 3.691995e-05 2.583738e-07
4042 3.689250e-05 2.577968e-07
4043 3.686513e-05 2.572210e-07
4044 3.683785e-05 2.566466e-07
4045 3.681065e-05 2.560734e-07
4046 3.678353e-05 2.555015e-07
4047 3.675650e-05 2.549309e-07
4048 3.672954e-05 2.543615e-07
4049 3.670268e-05 2.537935e-07
4050 3.667589e-05 2.532267e-07
4051 3.664918e-05 2.526611e-07
4052 3.662256e-05 2.520969e-07
4053 3.659602e-05 2.515338e-07
4054 3.656956e-05 2.509721e-07
4055 3.654318e-05 2.504116e-07
4056 3.651688e-05 2.498523e-07
4057 3.649067e-05 2.492943e-07
4058 3.646453e-05 2.487376e-07
4059 3.643847e-05 2.481821e-07
4060 3.641250e-05 2.476278e-07
4061 3.638660e-05 2.470748e-07
4062 3.636078e-05 2.465230e-07
4063 3.633505e-05 2.459724e-07
4064 3.630939e-05 2.454231e-07
4065 3.628381e-05 2.448750e-07
4066 3.625831e-05 2.443281e-07
4067 3.623289e-05 2.437824e-07
4068 3.620754e-05 2.432380e-07
4069 3.618227e-05 2.426947e-07
4070 3.615709e-05 2.421527e-07
4071 3.613198e-05 2.416119e-07
4072 3.610694e-05 2.410723e-07
4073 3.608198e-05 2.405339e-07
4074 3.605711e-05 2.399967e-07
4075 3.603230e-05 2.394608e-07
4076 3.600758e-05 2.389260e-07
4077 3.598292e-05 2.383924e-07
4078 3.595835e-05 2.378600e-07
4079 3.593385e-05 2.373287e-07
4080 3.590943e-05 2.367987e-07
4081 3.588508e-05 2.362699e-07
4082 3.586081e-05 2.357422e-07
4083 3.583661e-05 2.352157e-07
4084 3.581249e-05 2.346904e-07
4085 3.578844e-05 2.341663e-07
4086 3.576446e-05 2.336433e-07
4087 3.574056e-05 2.331215e-07
4088 3.571673e-05 2.326009e-07
4089 3.569298e-05 2.320814e-07
4090 3.566930e-05 2.315631e-07
4091 3.564569e-05 2.310459e-07
4092 3.562216e-05 2.305299e-07
4093 3.559870e-05 2.300151e-07
4094 3.557531e-05 2.295014e-07
4095 3.555199e-05 2.289888e-07
4096 3.552875e-05 2.284774e-07
4097 3.550558e-05 2.279672e-07
4098 3.548248e-05 2.274580e-07
4099 3.545945e-05 2.269500e-07
4100 3.543649e-05 2.264432e-07
4101 3.541360e-05 2.259375e-07
4102 3.539079e-05 2.254329e-07
4103 3.536804e-05 2.249294e-07
4104 3.534537e-05 2.244271e-07
4105 3.532276e-05 2.239259e-07
4106 3.530023e-05 2.234258e-07
4107 3.527776e-05 2.229268e-07
4108 3.525537e-05 2.224289e-07
4109 3.523304e-05 2.219322e-07
4110 3.521078e-05 2.214365e-07
4111 3.518859e-05 2.209420e-07
4112 3.516647e-05 2.204485e-07
4113 3.514442e-05 2.199562e-07
4114 3.512244e-05 2.194650e-07
4115 3.510053e-05 2.189748e-07
4116 3.507868e-05 2.184858e-07
4117 3.505690e-05 2.179979e-07
4118 3.503519e-05 2.175110e-07
4119 3.501355e-05 2.170252e-07
4120 3.499197e-05 2.165405e-07
4121 3.497046e-05 2.160569e-07
4122 3.494902e-05 2.155744e-07
4123 3.492764e-05 2.150930e-07
4124 3.490633e-05 2.146126e-07
4125 3.488509e-05 2.141333e-07
4126 3.486391e-05 2.136551e-07
4127 3.484280e-05 2.131779e-07
4128 3.482175e-05 2.127018e-07
4129 3.480077e-05 2.122268e-07
4130 3.477986e-05 2.117528e-07
4131 3.475901e-05 2.112799e-07
4132 3.473822e-05 2.108080e-07
4133 3.471750e-05 2.103372e-07
4134 3.469684e-05 2.098675e-07
4135 3.467625e-05 2.093988e-07
4136 3.465572e-05 2.089311e-07
4137 3.463525e-05 2.084645e-07
4138 3.461485e-05 2.079990e-07
4139 3.459452e-05 2.075344e-07
4140 3.457424e-05 2.070709e-07
4141 3.455403e-05 2.066085e-07
4142 3.453388e-05 2.061471e-07
4143 3.451379e-05 2.056867e-07
4144 3.449377e-05 2.052273e-07
4145 3.447381e-05 2.047690e-07
4146 3.445391e-05 2.043117e-07
4147 3.443407e-05 2.038554e-07
4148 3.441430e-05 2.034001e-07
4149 3.439458e-05 2.029458e-07
4150 3.437493e-05 2.024926e-07
4151 3.435534e-05 2.020404e-07
4152 3.433581e-05 2.015891e-07
4153 3.431634e-05 2.011389e-07
4154 3.429693e-05 2.006897e-07
4155 3.427758e-05 2.002415e-07
4156 3.425830e-05 1.997943e-07
4157 3.423907e-05 1.993481e-07
4158 3.421990e-05 1.989029e-07
4159 3.420079e-05 1.984587e-07
4160 3.418174e-05 1.980155e-07
4161 3.416276e-05 1.975732e-07
4162 3.414383e-05 1.971320e-07
4163 3.412495e-05 1.966917e-07
4164 3.410614e-05 1.962524e-07
4165 3.408739e-05 1.958142e-07
4166 3.406869e-05 1.953768e-07
4167 3.405006e-05 1.949405e-07
4168 3.403148e-05 1.945051e-07
4169 3.401296e-05 1.940707e-07
4170 3.399449e-05 1.936373e-07
4171 3.397609e-05 1.932049e-07
4172 3.395774e-05 1.927734e-07
4173 3.393945e-05 1.923429e-07
4174 3.392122e-05 1.919133e-07
4175 3.390304e-05 1.914847e-07
4176 3.388492e-05 1.910570e-07
4177 3.386686e-05 1.906303e-07
4178 3.384885e-05 1.902046e-07
4179 3.383090e-05 1.897798e-07
4180 3.381301e-05 1.893560e-07
4181 3.379517e-05 1.889331e-07
4182 3.377738e-05 1.885111e-07
4183 3.375966e-05 1.880901e-07
4184 3.374198e-05 1.876701e-07
4185 3.372437e-05 1.872509e-07
4186 3.370680e-05 1.868328e-07
4187 3.368930e-05 1.864155e-07
4188 3.367184e-05 1.859992e-07
4189 3.365445e-05 1.855838e-07
4190 3.363710e-05 1.851693e-07
4191 3.361981e-05 1.847558e-07
4192 3.360258e-05 1.843431e-07
4193 3.358540e-05 1.839314e-07
4194 3.356827e-05 1.835207e-07
4195 3.355119e-05 1.831108e-07
4196 3.353417e-05 1.827019e-07
4197 3.351721e-05 1.822938e-07
4198 3.350029e-05 1.818867e-07
4199 3.348343e-05 1.814805e-07
4200 3.346662e-05 1.810752e-07
4201 3.344986e-05 1.806708e-07
4202 3.343316e-05 1.802673e-07
4203 3.341651e-05 1.798647e-07
4204 3.339991e-05 1.794630e-07
4205 3.338336e-05 1.790622e-07
4206 3.336686e-05 1.786623e-07
4207 3.335042e-05 1.782633e-07
4208 3.333402e-05 1.778652e-07
4209 3.331768e-05 1.774680e-07
4210 3.330139e-05 1.770716e-07
4211 3.328515e-05 1.766762e-07
4212 3.326896e-05 1.762816e-07
4213 3.325282e-05 1.758879e-07
4214 3.323673e-05 1.754951e-07
4215 3.322070e-05 1.751031e-07
4216 3.320471e-05 1.747121e-07
4217 3.318877e-05 1.743219e-07
4218 3.317288e-05 1.739326e-07
4219 3.315704e-05 1.735441e-07
4220 3.314126e-05 1.731565e-07
4221 3.312552e-05 1.727698e-07
4222 3.310983e-05 1.723840e-07
4223 3.309419e-05 1.719990e-07
4224 3.307859e-05 1.716149e-07
4225 3.306305e-05 1.712316e-07
4226 3.304756e-05 1.708492e-07
4227 3.303211e-05 1.704676e-07
4228 3.301671e-05 1.700869e-07
4229 3.300136e-05 1.697070e-07
4230 3.298606e-05 1.693280e-07
4231 3.297081e-05 1.689499e-07
4232 3.295560e-05 1.685726e-07
4233 3.294044e-05 1.681961e-07
4234 3.292533e-05 1.678204e-07
4235 3.291027e-05 1.674456e-07
4236 3.289525e-05 1.670717e-07
4237 3.288028e-05 1.666986e-07
4238 3.286536e-05 1.663263e-07
4239 3.285048e-05 1.659548e-07
4240 3.283565e-05 1.655842e-07
4241 3.282087e-05 1.652144e-07
4242 3.280613e-05 1.648454e-07
4243 3.279144e-05 1.644773e-07
4244 3.277680e-05 1.641099e-07
4245 3.276220e-05 1.637434e-07
4246 3.274764e-05 1.633777e-07
4247 3.273314e-05 1.630128e-07
4248 3.271867e-05 1.626488e-07
4249 3.270426e-05 1.622855e-07
4250 3.268988e-05 1.619231e-07
4251 3.267556e-05 1.615615e-07
4252 3.266128e-05 1.612007e-07
4253 3.264704e-05 1.608406e-07
4254 3.263284e-05 1.604814e-07
4255 3.261870e-05 1.601230e-07
4256 3.260459e-05 1.597654e-07
4257 3.259053e-05 1.594086e-07
4258 3.257652e-05 1.590526e-07
4259 3.256254e-05 1.586974e-07
4260 3.254861e-05 1.583430e-07
4261 3.253473e-05 1.579893e-07
4262 3.252089e-05 1.576365e-07
4263 3.250709e-05 1.572844e-07
4264 3.249333e-05 1.569332e-07
4265 3.247962e-05 1.565827e-07
4266 3.246595e-05 1.562330e-07
4267 3.245233e-05 1.558841e-07
4268 3.243874e-05 1.555359e-07
4269 3.242520e-05 1.551886e-07
4270 3.241170e-05 1.548420e-07
4271 3.239824e-05 1.544962e-07
4272 3.238483e-05 1.541511e-07
4273 3.237146e-05 1.538069e-07
4274 3.235813e-05 1.534634e-07
4275 3.234484e-05 1.531206e-07
4276 3.233159e-05 1.527787e-07
4277 3.231838e-05 1.524375e-07
4278 3.230522e-05 1.520970e-07
4279 3.229209e-05 1.517573e-07
4280 3.227901e-05 1.514184e-07
4281 3.226597e-05 1.510803e-07
4282 3.225297e-05 1.507428e-07
4283 3.224001e-05 1.504062e-07
4284 3.222709e-05 1.500703e-07
4285 3.221421e-05 1.497351e-07
4286 3.220137e-05 1.494007e-07
4287 3.218857e-05 1.490671e-07
4288 3.217581e-05 1.487342e-07
4289 3.216309e-05 1.484020e-07
4290 3.215041e-05 1.480706e-07
4291 3.213777e-05 1.477399e-07
4292 3.212517e-05 1.474099e-07
4293 3.211261e-05 1.470807e-07
4294 3.210009e-05 1.467522e-07
4295 3.208761e-05 1.464245e-07
4296 3.207516e-05 1.460975e-07
4297 3.206276e-05 1.457712e-07
4298 3.205039e-05 1.454456e-07
4299 3.203807e-05 1.451208e-07
4300 3.202578e-05 1.447967e-07
4301 3.201353e-05 1.444733e-07
4302 3.200131e-05 1.441507e-07
4303 3.198914e-05 1.438287e-07
4304 3.197700e-05 1.435075e-07
4305 3.196491e-05 1.431870e-07
4306 3.195285e-05 1.428672e-07
4307 3.194082e-05 1.425482e-07
4308 3.192884e-05 1.422298e-07
4309 3.191689e-05 1.419122e-07
4310 3.190498e-05 1.415952e-07
4311 3.189311e-05 1.412790e-07
4312 3.188127e-05 1.409635e-07
4313 3.186947e-05 1.406487e-07
4314 3.185771e-05 1.403346e-07
4315 3.184598e-05 1.400211e-07
4316 3.183429e-05 1.397084e-07
4317 3.182264e-05 1.393964e-07
4318 3.181103e-05 1.390851e-07
4319 3.179945e-05 1.387745e-07
4320 3.178790e-05 1.384646e-07
4321 3.177639e-05 1.381553e-07
4322 3.176492e-05 1.378468e-07
4323 3.175349e-05 1.375389e-07
4324 3.174209e-05 1.372317e-07
4325 3.173072e-05 1.369253e-07
4326 3.171939e-05 1.366195e-07
4327 3.170810e-05 1.363144e-07
4328 3.169684e-05 1.360099e-07
4329 3.168562e-05 1.357062e-07
4330 3.167443e-05 1.354031e-07
4331 3.166327e-05 1.351007e-07
4332 3.165215e-05 1.347990e-07
4333 3.164107e-05 1.344979e-07
4334 3.163002e-05 1.341975e-07
4335 3.161900e-05 1.338978e-07
4336 3.160802e-05 1.335988e-07
4337 3.159708e-05 1.333004e-07
4338 3.158616e-05 1.330027e-07
4339 3.157528e-05 1.327057e-07
4340 3.156444e-05 1.324093e-07
4341 3.155363e-05 1.321136e-07
4342 3.154285e-05 1.318186e-07
4343 3.153211e-05 1.315242e-07
4344 3.152140e-05 1.312304e-07
4345 3.151072e-05 1.309373e-07
4346 3.150008e-05 1.306449e-07
4347 3.148947e-05 1.303531e-07
4348 3.147889e-05 1.300620e-07
4349 3.146834e-05 1.297716e-07
4350 3.145783e-05 1.294817e-07
4351 3.144735e-05 1.291926e-07
4352 3.143690e-05 1.289040e-07
4353 3.142649e-05 1.286161e-07
4354 3.141611e-05 1.283289e-07
4355 3.140576e-05 1.280423e-07
4356 3.139544e-05 1.277563e-07
4357 3.138516e-05 1.274710e-07
4358 3.137490e-05 1.271863e-07
4359 3.136468e-05 1.269023e-07
4360 3.135449e-05 1.266189e-07
4361 3.134434e-05 1.263361e-07
4362 3.133421e-05 1.260540e-07
4363 3.132411e-05 1.257724e-07
4364 3.131405e-05 1.254915e-07
4365 3.130402e-05 1.252113e-07
4366 3.129402e-05 1.249316e-07
4367 3.128405e-05 1.246526e-07
4368 3.127411e-05 1.243742e-07
4369 3.126420e-05 1.240965e-07
4370 3.125432e-05 1.238193e-07
4371 3.124448e-05 1.235428e-07
4372 3.123466e-05 1.232669e-07
4373 3.122488e-05 1.229916e-07
4374 3.121512e-05 1.227169e-07
4375 3.120540e-05 1.224429e-07
4376 3.119570e-05 1.221694e-07
4377 3.118604e-05 1.218966e-07
4378 3.117640e-05 1.216243e-07
4379 3.116680e-05 1.213527e-07
4380 3.115722e-05 1.210817e-07
4381 3.114768e-05 1.208113e-07
4382 3.113816e-05 1.205414e-07
4383 3.112867e-05 1.202722e-07
4384 3.111922e-05 1.200036e-07
4385 3.110979e-05 1.197356e-07
4386 3.110039e-05 1.194682e-07
4387 3.109102e-05 1.192014e-07
4388 3.108168e-05 1.189352e-07
4389 3.107237e-05 1.186696e-07
4390 3.106309e-05 1.184045e-07
4391 3.105383e-05 1.181401e-07
4392 3.104461e-05 1.178763e-07
4393 3.103541e-05 1.176130e-07
4394 3.102625e-05 1.173503e-07
4395 3.101711e-05 1.170883e-07
4396 3.100800e-05 1.168268e-07
4397 3.099891e-05 1.165659e-07
4398 3.098986e-05 1.163055e-07
4399 3.098083e-05 1.160458e-07
4400 3.097183e-05 1.157866e-07
4401 3.096286e-05 1.155280e-07
4402 3.095392e-05 1.152700e-07
4403 3.094500e-05 1.150126e-07
4404 3.093611e-05 1.147557e-07
4405 3.092725e-05 1.144994e-07
4406 3.091842e-05 1.142437e-07
4407 3.090961e-05 1.139886e-07
4408 3.090083e-05 1.137340e-07
4409 3.089208e-05 1.134800e-07
4410 3.088336e-05 1.132266e-07
4411 3.087466e-05 1.129737e-07
4412 3.086599e-05 1.127214e-07
4413 3.085735e-05 1.124696e-07
4414 3.084873e-05 1.122185e-07
4415 3.084014e-05 1.119678e-07
4416 3.083157e-05 1.117178e-07
4417 3.082304e-05 1.114683e-07
4418 3.081452e-05 1.112193e-07
4419 3.080604e-05 1.109709e-07
4420 3.079758e-05 1.107231e-07
4421 3.078915e-05 1.104758e-07
4422 3.078074e-05 1.102291e-07
4423 3.077236e-05 1.099829e-07
4424 3.076400e-05 1.097373e-07
4425 3.075567e-05 1.094922e-07
4426 3.074737e-05 1.092477e-07
4427 3.073909e-05 1.090037e-07
4428 3.073084e-05 1.087603e-07
4429 3.072261e-05 1.085174e-07
4430 3.071441e-05 1.082750e-07
4431 3.070623e-05 1.080332e-07
4432 3.069808e-05 1.077919e-07
4433 3.068996e-05 1.075512e-07
4434 3.068185e-05 1.073110e-07
4435 3.067378e-05 1.070713e-07
4436 3.066573e-05 1.068322e-07
4437 3.065770e-05 1.065936e-07
4438 3.064970e-05 1.063556e-07
4439 3.064172e-05 1.061180e-07
4440 3.063377e-05 1.058810e-07
4441 3.062584e-05 1.056446e-07
4442 3.061793e-05 1.054086e-07
4443 3.061005e-05 1.051732e-07
4444 3.060220e-05 1.049383e-07
4445 3.059437e-05 1.047040e-07
4446 3.058656e-05 1.044701e-07
4447 3.057878e-05 1.042368e-07
4448 3.057102e-05 1.040040e-07
4449 3.056328e-05 1.037718e-07
4450 3.055557e-05 1.035400e-07
4451 3.054788e-05 1.033088e-07
4452 3.054021e-05 1.030780e-07
4453 3.053257e-05 1.028478e-07
4454 3.052496e-05 1.026182e-07
4455 3.051736e-05 1.023890e-07
4456 3.050979e-05 1.021603e-07
4457 3.050224e-05 1.019321e-07
4458 3.049472e-05 1.017045e-07
4459 3.048722e-05 1.014774e-07
4460 3.047974e-05 1.012507e-07
4461 3.047228e-05 1.010246e-07
4462 3.046485e-05 1.007990e-07
4463 3.045744e-05 1.005739e-07
4464 3.045005e-05 1.003493e-07
4465 3.044268e-05 1.001251e-07
4466 3.043534e-05 9.990153e-08
4467 3.042802e-05 9.967842e-08
4468 3.042072e-05 9.945581e-08
4469 3.041345e-05 9.923369e-08
4470 3.040620e-05 9.901207e-08
4471 3.039897e-05 9.879094e-08
4472 3.039176e-05 9.857031e-08
4473 3.038457e-05 9.835017e-08
4474 3.037741e-05 9.813053e-08
4475 3.037026e-05 9.791137e-08
4476 3.036314e-05 9.769270e-08
4477 3.035604e-05 9.747452e-08
4478 3.034896e-05 9.725683e-08
4479 3.034191e-05 9.703962e-08
4480 3.033487e-05 9.682290e-08
4481 3.032786e-05 9.660667e-08
4482 3.032087e-05 9.639091e-08
4483 3.031390e-05 9.617564e-08
4484 3.030695e-05 9.596085e-08
4485 3.030002e-05 9.574654e-08
4486 3.029312e-05 9.553271e-08
4487 3.028623e-05 9.531935e-08
4488 3.027937e-05 9.510647e-08
4489 3.027252e-05 9.489407e-08
4490 3.026570e-05 9.468214e-08
4491 3.025890e-05 9.447069e-08
4492 3.025212e-05 9.425970e-08
4493 3.024535e-05 9.404919e-08
4494 3.023861e-05 9.383915e-08
4495 3.023190e-05 9.362958e-08
4496 3.022520e-05 9.342047e-08
4497 3.021852e-05 9.321183e-08
4498 3.021186e-05 9.300366e-08
4499 3.020522e-05 9.279596e-08
4500 3.019860e-05 9.258871e-08
4501 3.019200e-05 9.238193e-08
4502 3.018543e-05 9.217561e-08
4503 3.017887e-05 9.196976e-08
4504 3.017233e-05 9.176436e-08
4505 3.016581e-05 9.155942e-08
4506 3.015931e-05 9.135494e-08
4507 3.015284e-05 9.115091e-08
4508 3.014638e-05 9.094734e-08
4509 3.013994e-05 9.074423e-08
4510 3.013352e-05 9.054157e-08
4511 3.012712e-05 9.033936e-08
4512 3.012074e-05 9.013760e-08
4513 3.011438e-05 8.993630e-08
4514 3.010803e-05 8.973544e-08
4515 3.010171e-05 8.953503e-08
4516 3.009541e-05 8.933507e-08
4517 3.008912e-05 8.913556e-08
4518 3.008286e-05 8.893649e-08
4519 3.007661e-05 8.873787e-08
4520 3.007038e-05 8.853969e-08
4521 3.006417e-05 8.834195e-08
4522 3.005798e-05 8.814465e-08
4523 3.005181e-05 8.794780e-08
4524 3.004566e-05 8.775138e-08
4525 3.003952e-05 8.755541e-08
4526 3.003341e-05 8.735987e-08
4527 3.002731e-05 8.716476e-08
4528 3.002123e-05 8.697010e-08
4529 3.001517e-05 8.677587e-08
4530 3.000913e-05 8.658207e-08
4531 3.000311e-05 8.638870e-08
4532 2.999710e-05 8.619577e-08
4533 2.999111e-05 8.600327e-08
4534 2.998514e-05 8.581119e-08
4535 2.997919e-05 8.561955e-08
4536 2.997326e-05 8.542833e-08
4537 2.996734e-05 8.523754e-08
4538 2.996144e-05 8.504718e-08
4539 2.995557e-05 8.485724e-08
4540 2.994970e-05 8.466773e-08
4541 2.994386e-05 8.447864e-08
4542 2.993803e-05 8.428997e-08
4543 2.993222e-05 8.410173e-08
4544 2.992643e-05 8.391390e-08
4545 2.992066e-05 8.372649e-08
4546 2.991490e-05 8.353951e-08
4547 2.990916e-05 8.335294e-08
4548 2.990344e-05 8.316678e-08
4549 2.989773e-05 8.298104e-08
4550 2.989204e-05 8.279572e-08
4551 2.988637e-05 8.261081e-08
4552 2.988072e-05 8.242631e-08
4553 2.987508e-05 8.224223e-08
4554 2.986946e-05 8.205856e-08
4555 2.986386e-05 8.187529e-08
4556 2.985827e-05 8.169244e-08
4557 2.985270e-05 8.151000e-08
4558 2.984715e-05 8.132796e-08
4559 2.984161e-05 8.114633e-08
4560 2.983609e-05 8.096510e-08
4561 2.983059e-05 8.078428e-08
4562 2.982511e-05 8.060386e-08
4563 2.981964e-05 8.042385e-08
4564 2.981418e-05 8.024424e-08
4565 2.980874e-05 8.006502e-08
4566 2.980332e-05 7.988621e-08
4567 2.979792e-05 7.970780e-08
4568 2.979253e-05 7.952979e-08
4569 2.978716e-05 7.935217e-08
4570 2.978180e-05 7.917496e-08
4571 2.977646e-05 7.899813e-08
4572 2.977114e-05 7.882170e-08
4573 2.976583e-05 7.864567e-08
4574 2.976054e-05 7.847003e-08
4575 2.975526e-05 7.829478e-08
4576 2.975000e-05 7.811992e-08
4577 2.974475e-05 7.794546e-08
4578 2.973952e-05 7.777138e-08
4579 2.973431e-05 7.759769e-08
4580 2.972911e-05 7.742439e-08
4581 2.972393e-05 7.725148e-08
4582 2.971876e-05 7.707895e-08
4583 2.971361e-05 7.690681e-08
4584 2.970847e-05 7.673505e-08
4585 2.970335e-05 7.656368e-08
4586 2.969825e-05 7.639269e-08
4587 2.969316e-05 7.622208e-08
4588 2.968808e-05 7.605185e-08
4589 2.968302e-05 7.588200e-08
4590 2.967798e-05 7.571253e-08
4591 2.967295e-05 7.554344e-08
4592 2.966793e-05 7.537473e-08
4593 2.966293e-05 7.520639e-08
4594 2.965794e-05 7.503843e-08
4595 2.965297e-05 7.487085e-08
4596 2.964802e-05 7.470364e-08
4597 2.964308e-05 7.453680e-08
4598 2.963815e-05 7.437034e-08
4599 2.963324e-05 7.420424e-08
4600 2.962834e-05 7.403852e-08
4601 2.962346e-05 7.387317e-08
4602 2.961859e-05 7.370819e-08
4603 2.961374e-05 7.354357e-08
4604 2.960890e-05 7.337933e-08
4605 2.960407e-05 7.321545e-08
4606 2.959926e-05 7.305193e-08
4607 2.959447e-05 7.288879e-08
4608 2.958968e-05 7.272600e-08
4609 2.958492e-05 7.256358e-08
4610 2.958016e-05 7.240152e-08
4611 2.957542e-05 7.223983e-08
4612 2.957070e-05 7.207849e-08
4613 2.956599e-05 7.191752e-08
4614 2.956129e-05 7.175690e-08
4615 2.955660e-05 7.159665e-08
4616 2.955193e-05 7.143675e-08
4617 2.954728e-05 7.127721e-08
4618 2.954264e-05 7.111802e-08
4619 2.953801e-05 7.095919e-08
4620 2.953339e-05 7.080072e-08
4621 2.952879e-05 7.064260e-08
4622 2.952420e-05 7.048483e-08
4623 2.951963e-05 7.032742e-08
4624 2.951507e-05 7.017035e-08
4625 2.951052e-05 7.001364e-08
4626 2.950599e-05 6.985728e-08
4627 2.950147e-05 6.970126e-08
4628 2.949696e-05 6.954560e-08
4629 2.949247e-05 6.939028e-08
4630 2.948799e-05 6.923531e-08
4631 2.948352e-05 6.908069e-08
4632 2.947907e-05 6.892641e-08
4633 2.947462e-05 6.877247e-08
4634 2.947020e-05 6.861888e-08
4635 2.946578e-05 6.846563e-08
4636 2.946138e-05 6.831273e-08
4637 2.945699e-05 6.816016e-08
4638 2.945262e-05 6.800794e-08
4639 2.944825e-05 6.785606e-08
4640 2.944390e-05 6.770451e-08
4641 2.943957e-05 6.755331e-08
4642 2.943524e-05 6.740244e-08
4643 2.943093e-05 6.725191e-08
4644 2.942663e-05 6.710171e-08
4645 2.942234e-05 6.695185e-08
4646 2.941807e-05 6.680233e-08
4647 2.941381e-05 6.665314e-08
4648 2.940956e-05 6.650428e-08
4649 2.940532e-05 6.635575e-08
4650 2.940110e-05 6.620756e-08
4651 2.939689e-05 6.605970e-08
4652 2.939269e-05 6.591216e-08
4653 2.938850e-05 6.576496e-08
4654 2.938433e-05 6.561809e-08
4655 2.938016e-05 6.547154e-08
4656 2.937601e-05 6.532532e-08
4657 2.937187e-05 6.517943e-08
4658 2.936775e-05 6.503386e-08
4659 2.936363e-05 6.488862e-08
4660 2.935953e-05 6.474371e-08
4661 2.935544e-05 6.459911e-08
4662 2.935137e-05 6.445484e-08
4663 2.934730e-05 6.431089e-08
4664 2.934325e-05 6.416727e-08
4665 2.933920e-05 6.402396e-08
4666 2.933517e-05 6.388097e-08
4667 2.933115e-05 6.373831e-08
4668 2.932715e-05 6.359596e-08
4669 2.932315e-05 6.345393e-08
4670 2.931917e-05 6.331222e-08
4671 2.931520e-05 6.317082e-08
4672 2.931124e-05 6.302974e-08
4673 2.930729e-05 6.288897e-08
4674 2.930335e-05 6.274852e-08
4675 2.929942e-05 6.260839e-08
4676 2.929551e-05 6.246856e-08
4677 2.929161e-05 6.232905e-08
4678 2.928771e-05 6.218985e-08
4679 2.928383e-05 6.205096e-08
4680 2.927997e-05 6.191238e-08
4681 2.927611e-05 6.177411e-08
4682 2.927226e-05 6.163615e-08
4683 2.926843e-05 6.149849e-08
4684 2.926460e-05 6.136115e-08
4685 2.926079e-05 6.122411e-08
4686 2.925699e-05 6.108738e-08
4687 2.925320e-05 6.095095e-08
4688 2.924942e-05 6.081483e-08
4689 2.924565e-05 6.067901e-08
4690 2.924189e-05 6.054349e-08
4691 2.923814e-05 6.040828e-08
4692 2.923441e-05 6.027337e-08
4693 2.923068e-05 6.013876e-08
4694 2.922697e-05 6.000445e-08
4695 2.922326e-05 5.987044e-08
4696 2.921957e-05 5.973673e-08
4697 2.921589e-05 5.960332e-08
4698 2.921221e-05 5.947020e-08
4699 2.920855e-05 5.933739e-08
4700 2.920490e-05 5.920487e-08
4701 2.920126e-05 5.907265e-08
4702 2.919763e-05 5.894072e-08
4703 2.919401e-05 5.880908e-08
4704 2.919041e-05 5.867774e-08
4705 2.918681e-05 5.854670e-08
4706 2.918322e-05 5.841595e-08
4707 2.917964e-05 5.828548e-08
4708 2.917608e-05 5.815531e-08
4709 2.917252e-05 5.802543e-08
4710 2.916897e-05 5.789584e-08
4711 2.916544e-05 5.776654e-08
4712 2.916191e-05 5.763753e-08
4713 2.915840e-05 5.750881e-08
4714 2.915489e-05 5.738038e-08
4715 2.915140e-05 5.725223e-08
4716 2.914791e-05 5.712436e-08
4717 2.914443e-05 5.699679e-08
4718 2.914097e-05 5.686949e-08
4719 2.913751e-05 5.674249e-08
4720 2.913407e-05 5.661576e-08
4721 2.913063e-05 5.648932e-08
4722 2.912721e-05 5.636316e-08
4723 2.912379e-05 5.623729e-08
4724 2.912039e-05 5.611169e-08
4725 2.911699e-05 5.598637e-08
4726 2.911360e-05 5.586134e-08
4727 2.911023e-05 5.573658e-08
4728 2.910686e-05 5.561211e-08
4729 2.910350e-05 5.548791e-08
4730 2.910015e-05 5.536398e-08
4731 2.909682e-05 5.524034e-08
4732 2.909349e-05 5.511697e-08
4733 2.909017e-05 5.499388e-08
4734 2.908686e-05 5.487106e-08
4735 2.908356e-05 5.474851e-08
4736 2.908027e-05 5.462624e-08
4737 2.907699e-05 5.450424e-08
4738 2.907372e-05 5.438252e-08
4739 2.907046e-05 5.426106e-08
4740 2.906720e-05 5.413988e-08
4741 2.906396e-05 5.401897e-08
4742 2.906072e-05 5.389833e-08
4743 2.905750e-05 5.377796e-08
4744 2.905428e-05 5.365785e-08
4745 2.905108e-05 5.353802e-08
4746 2.904788e-05 5.341845e-08
4747 2.904469e-05 5.329915e-08
4748 2.904151e-05 5.318012e-08
4749 2.903834e-05 5.306135e-08
4750 2.903518e-05 5.294284e-08
4751 2.903203e-05 5.282461e-08
4752 2.902889e-05 5.270663e-08
4753 2.902575e-05 5.258892e-08
4754 2.902263e-05 5.247147e-08
4755 2.901951e-05 5.235429e-08
4756 2.901640e-05 5.223736e-08
4757 2.901330e-05 5.212070e-08
4758 2.901021e-05 5.200430e-08
4759 2.900713e-05 5.188816e-08
4760 2.900406e-05 5.177227e-08
4761 2.900100e-05 5.165665e-08
4762 2.899794e-05 5.154128e-08
4763 2.899490e-05 5.142618e-08
4764 2.899186e-05 5.131132e-08
4765 2.898883e-05 5.119673e-08
4766 2.898581e-05 5.108239e-08
4767 2.898280e-05 5.096831e-08
4768 2.897980e-05 5.085448e-08
4769 2.897680e-05 5.074091e-08
4770 2.897382e-05 5.062758e-08
4771 2.897084e-05 5.051452e-08
4772 2.896787e-05 5.040170e-08
4773 2.896491e-05 5.028914e-08
4774 2.896196e-05 5.017683e-08
4775 2.895901e-05 5.006477e-08
4776 2.895608e-05 4.995296e-08
4777 2.895315e-05 4.984139e-08
4778 2.895023e-05 4.973008e-08
4779 2.894732e-05 4.961902e-08
4780 2.894442e-05 4.950820e-08
4781 2.894153e-05 4.939764e-08
4782 2.893864e-05 4.928732e-08
4783 2.893576e-05 4.917724e-08
4784 2.893289e-05 4.906741e-08
4785 2.893003e-05 4.895783e-08
4786 2.892718e-05 4.884849e-08
4787 2.892433e-05 4.873940e-08
4788 2.892150e-05 4.863055e-08
4789 2.891867e-05 4.852194e-08
4790 2.891585e-05 4.841357e-08
4791 2.891303e-05 4.830545e-08
4792 2.891023e-05 4.819757e-08
4793 2.890743e-05 4.808993e-08
4794 2.890464e-05 4.798253e-08
4795 2.890186e-05 4.787537e-08
4796 2.889908e-05 4.776845e-08
4797 2.889632e-05 4.766177e-08
4798 2.889356e-05 4.755532e-08
4799 2.889081e-05 4.744912e-08
4800 2.888807e-05 4.734315e-08
4801 2.888533e-05 4.723741e-08
4802 2.888260e-05 4.713192e-08
4803 2.887988e-05 4.702666e-08
4804 2.887717e-05 4.692163e-08
4805 2.887447e-05 4.681684e-08
4806 2.887177e-05 4.671228e-08
4807 2.886908e-05 4.660796e-08
4808 2.886640e-05 4.650387e-08
4809 2.886373e-05 4.640001e-08
4810 2.886106e-05 4.629639e-08
4811 2.885840e-05 4.619299e-08
4812 2.885575e-05 4.608983e-08
4813 2.885310e-05 4.598689e-08
4814 2.885047e-05 4.588419e-08
4815 2.884784e-05 4.578172e-08
4816 2.884522e-05 4.567947e-08
4817 2.884260e-05 4.557745e-08
4818 2.883999e-05 4.547567e-08
4819 2.883739e-05 4.537410e-08
4820 2.883480e-05 4.527277e-08
4821 2.883222e-05 4.517166e-08
4822 2.882964e-05 4.507078e-08
4823 2.882707e-05 4.497012e-08
4824 2.882450e-05 4.486969e-08
4825 2.882195e-05 4.476948e-08
4826 2.881940e-05 4.466949e-08
4827 2.881685e-05 4.456973e-08
4828 2.881432e-05 4.447019e-08
4829 2.881179e-05 4.437088e-08
4830 2.880927e-05 4.427178e-08
4831 2.880675e-05 4.417291e-08
4832 2.880425e-05 4.407426e-08
4833 2.880175e-05 4.397583e-08
4834 2.879925e-05 4.387761e-08
4835 2.879677e-05 4.377962e-08
4836 2.879429e-05 4.368185e-08
4837 2.879182e-05 4.358429e-08
4838 2.878935e-05 4.348696e-08
4839 2.878689e-05 4.338983e-08
4840 2.878444e-05 4.329293e-08
4841 2.878199e-05 4.319624e-08
4842 2.877956e-05 4.309977e-08
4843 2.877713e-05 4.300352e-08
4844 2.877470e-05 4.290748e-08
4845 2.877228e-05 4.281165e-08
4846 2.876987e-05 4.271604e-08
4847 2.876747e-05 4.262064e-08
4848 2.876507e-05 4.252545e-08
4849 2.876268e-05 4.243048e-08
4850 2.876029e-05 4.233572e-08
4851 2.875792e-05 4.224117e-08
4852 2.875554e-05 4.214683e-08
4853 2.875318e-05 4.205271e-08
4854 2.875082e-05 4.195879e-08
4855 2.874847e-05 4.186508e-08
4856 2.874612e-05 4.177158e-08
4857 2.874379e-05 4.167829e-08
4858 2.874145e-05 4.158521e-08
4859 2.873913e-05 4.149234e-08
4860 2.873681e-05 4.139967e-08
4861 2.873450e-05 4.130722e-08
4862 2.873219e-05 4.121496e-08
4863 2.872989e-05 4.112292e-08
4864 2.872760e-05 4.103108e-08
4865 2.872531e-05 4.093944e-08
4866 2.872303e-05 4.084801e-08
4867 2.872075e-05 4.075678e-08
4868 2.871848e-05 4.066576e-08
4869 2.871622e-05 4.057494e-08
4870 2.871397e-05 4.048432e-08
4871 2.871172e-05 4.039391e-08
4872 2.870947e-05 4.030370e-08
4873 2.870724e-05 4.021369e-08
4874 2.870500e-05 4.012388e-08
4875 2.870278e-05 4.003427e-08
4876 2.870056e-05 3.994486e-08
4877 2.869835e-05 3.985565e-08
4878 2.869614e-05 3.976664e-08
4879 2.869394e-05 3.967783e-08
4880 2.869175e-05 3.958921e-08
4881 2.868956e-05 3.950080e-08
4882 2.868737e-05 3.941258e-08
4883 2.868520e-05 3.932456e-08
4884 2.868303e-05 3.923673e-08
4885 2.868086e-05 3.914911e-08
4886 2.867870e-05 3.906167e-08
4887 2.867655e-05 3.897444e-08
4888 2.867441e-05 3.888739e-08
4889 2.867226e-05 3.880055e-08
4890 2.867013e-05 3.871389e-08
4891 2.866800e-05 3.862743e-08
4892 2.866588e-05 3.854116e-08
4893 2.866376e-05 3.845509e-08
4894 2.866165e-05 3.836921e-08
4895 2.865954e-05 3.828352e-08
4896 2.865744e-05 3.819802e-08
4897 2.865535e-05 3.811271e-08
4898 2.865326e-05 3.802759e-08
4899 2.865118e-05 3.794266e-08
4900 2.864910e-05 3.785793e-08
4901 2.864703e-05 3.777338e-08
4902 2.864496e-05 3.768902e-08
4903 2.864290e-05 3.760484e-08
4904 2.864085e-05 3.752086e-08
4905 2.863880e-05 3.743706e-08
4906 2.863675e-05 3.735346e-08
4907 2.863472e-05 3.727003e-08
4908 2.863268e-05 3.718680e-08
4909 2.863066e-05 3.710375e-08
4910 2.862864e-05 3.702088e-08
4911 2.862662e-05 3.693820e-08
4912 2.862461e-05 3.685571e-08
4913 2.862261e-05 3.677340e-08
4914 2.862061e-05 3.669127e-08
4915 2.861861e-05 3.660933e-08
4916 2.861663e-05 3.652757e-08
4917 2.861464e-05 3.644599e-08
4918 2.861267e-05 3.636459e-08
4919 2.861069e-05 3.628338e-08
4920 2.860873e-05 3.620235e-08
4921 2.860677e-05 3.612150e-08
4922 2.860481e-05 3.604083e-08
4923 2.860286e-05 3.596034e-08
4924 2.860091e-05 3.588002e-08
4925 2.859897e-05 3.579989e-08
4926 2.859704e-05 3.571994e-08
4927 2.859511e-05 3.564017e-08
4928 2.859318e-05 3.556057e-08
4929 2.859127e-05 3.548115e-08
4930 2.858935e-05 3.540191e-08
4931 2.858744e-05 3.532285e-08
4932 2.858554e-05 3.524396e-08
4933 2.858364e-05 3.516525e-08
4934 2.858175e-05 3.508671e-08
4935 2.857986e-05 3.500835e-08
4936 2.857798e-05 3.493017e-08
4937 2.857610e-05 3.485216e-08
4938 2.857423e-05 3.477432e-08
4939 2.857236e-05 3.469666e-08
4940 2.857050e-05 3.461917e-08
4941 2.856864e-05 3.454186e-08
4942 2.856679e-05 3.446471e-08
4943 2.856494e-05 3.438774e-08
4944 2.856310e-05 3.431094e-08
4945 2.856126e-05 3.423432e-08
4946 2.855943e-05 3.415786e-08
4947 2.855760e-05 3.408158e-08
4948 2.855578e-05 3.400546e-08
4949 2.855396e-05 3.392952e-08
4950 2.855214e-05 3.385374e-08
4951 2.855034e-05 3.377813e-08
4952 2.854853e-05 3.370270e-08
4953 2.854674e-05 3.362743e-08
4954 2.854494e-05 3.355233e-08
4955 2.854315e-05 3.347739e-08
4956 2.854137e-05 3.340263e-08
4957 2.853959e-05 3.332803e-08
4958 2.853782e-05 3.325360e-08
4959 2.853605e-05 3.317933e-08
4960 2.853428e-05 3.310523e-08
4961 2.853252e-05 3.303130e-08
4962 2.853077e-05 3.295753e-08
4963 2.852902e-05 3.288392e-08
4964 2.852727e-05 3.281048e-08
4965 2.852553e-05 3.273721e-08
4966 2.852379e-05 3.266409e-08
4967 2.852206e-05 3.259114e-08
4968 2.852034e-05 3.251836e-08
4969 2.851861e-05 3.244573e-08
4970 2.851690e-05 3.237327e-08
4971 2.851518e-05 3.230097e-08
4972 2.851347e-05 3.222883e-08
4973 2.851177e-05 3.215686e-08
4974 2.851007e-05 3.208504e-08
4975 2.850838e-05 3.201338e-08
4976 2.850669e-05 3.194189e-08
4977 2.850500e-05 3.187055e-08
4978 2.850332e-05 3.179937e-08
4979 2.850164e-05 3.172836e-08
4980 2.849997e-05 3.165750e-08
4981 2.849830e-05 3.158679e-08
4982 2.849664e-05 3.151625e-08
4983 2.849498e-05 3.144587e-08
4984 2.849332e-05 3.137564e-08
4985 2.849167e-05 3.130556e-08
4986 2.849003e-05 3.123565e-08
4987 2.848839e-05 3.116589e-08
4988 2.848675e-05 3.109629e-08
4989 2.848512e-05 3.102684e-08
4990 2.848349e-05 3.095755e-08
4991 2.848187e-05 3.088841e-08
4992 2.848025e-05 3.081942e-08
4993 2.847863e-05 3.075059e-08
4994 2.847702e-05 3.068192e-08
4995 2.847542e-05 3.061340e-08
4996 2.847381e-05 3.054503e-08
4997 2.847222e-05 3.047681e-08
4998 2.847062e-05 3.040875e-08
4999 2.846903e-05 3.034083e-08
5000 2.846745e-05 3.027307e-08
5001 2.846587e-05 3.020546e-08
5002 2.846429e-05 3.013800e-08
5003 2.846272e-05 3.007070e-08
5004 2.846115e-05 3.000354e-08
5005 2.845958e-05 2.993653e-08
5006 2.845802e-05 2.986967e-08
5007 2.845647e-05 2.980297e-08
5008 2.845492e-05 2.973641e-08
5009 2.845337e-05 2.966999e-08
5010 2.845183e-05 2.960373e-08
5011 2.845029e-05 2.953762e-08
5012 2.844875e-05 2.947165e-08
5013 2.844722e-05 2.940583e-08
5014 2.844569e-05 2.934016e-08
5015 2.844417e-05 2.927463e-08
5016 2.844265e-05 2.920925e-08
5017 2.844114e-05 2.914402e-08
5018 2.843962e-05 2.907893e-08
5019 2.843812e-05 2.901399e-08
5020 2.843661e-05 2.894919e-08
5021 2.843512e-05 2.888454e-08
5022 2.843362e-05 2.882003e-08
5023 2.843213e-05 2.875567e-08
5024 2.843064e-05 2.869145e-08
5025 2.842916e-05 2.862737e-08
5026 2.842768e-05 2.856343e-08
5027 2.842620e-05 2.849964e-08
5028 2.842473e-05 2.843599e-08
5029 2.842327e-05 2.837249e-08
5030 2.842180e-05 2.830912e-08
5031 2.842034e-05 2.824590e-08
5032 2.841889e-05 2.818282e-08
5033 2.841743e-05 2.811988e-08
5034 2.841599e-05 2.805708e-08
5035 2.841454e-05 2.799441e-08
5036 2.841310e-05 2.793189e-08
5037 2.841166e-05 2.786951e-08
5038 2.841023e-05 2.780727e-08
5039 2.840880e-05 2.774517e-08
5040 2.840738e-05 2.768321e-08
5041 2.840595e-05 2.762138e-08
5042 2.840454e-05 2.755969e-08
5043 2.840312e-05 2.749814e-08
5044 2.840171e-05 2.743673e-08
5045 2.840030e-05 2.737546e-08
5046 2.839890e-05 2.731432e-08
5047 2.839750e-05 2.725332e-08
5048 2.839611e-05 2.719245e-08
5049 2.839471e-05 2.713172e-08
5050 2.839332e-05 2.707113e-08
5051 2.839194e-05 2.701067e-08
5052 2.839056e-05 2.695035e-08
5053 2.838918e-05 2.689016e-08
5054 2.838781e-05 2.683010e-08
5055 2.838644e-05 2.677018e-08
5056 2.838507e-05 2.671040e-08
5057 2.838371e-05 2.665074e-08
5058 2.838235e-05 2.659122e-08
5059 2.838099e-05 2.653184e-08
5060 2.837964e-05 2.647258e-08
5061 2.837829e-05 2.641346e-08
5062 2.837694e-05 2.635447e-08
5063 2.837560e-05 2.629561e-08
5064 2.837426e-05 2.623689e-08
5065 2.837293e-05 2.617829e-08
5066 2.837160e-05 2.611983e-08
5067 2.837027e-05 2.606149e-08
5068 2.836895e-05 2.600329e-08
5069 2.836763e-05 2.594522e-08
5070 2.836631e-05 2.588727e-08
5071 2.836499e-05 2.582946e-08
5072 2.836368e-05 2.577177e-08
5073 2.836238e-05 2.571422e-08
5074 2.836107e-05 2.565679e-08
5075 2.835977e-05 2.559949e-08
5076 2.835848e-05 2.554232e-08
5077 2.835718e-05 2.548527e-08
5078 2.835589e-05 2.542835e-08
5079 2.835461e-05 2.537156e-08
5080 2.835332e-05 2.531490e-08
5081 2.835204e-05 2.525837e-08
5082 2.835076e-05 2.520196e-08
5083 2.834949e-05 2.514567e-08
5084 2.834822e-05 2.508951e-08
5085 2.834695e-05 2.503348e-08
5086 2.834569e-05 2.497757e-08
5087 2.834443e-05 2.492179e-08
5088 2.834317e-05 2.486613e-08
5089 2.834192e-05 2.481060e-08
5090 2.834067e-05 2.475519e-08
5091 2.833942e-05 2.469990e-08
5092 2.833818e-05 2.464474e-08
5093 2.833694e-05 2.458970e-08
5094 2.833570e-05 2.453478e-08
5095 2.833447e-05 2.447999e-08
5096 2.833324e-05 2.442532e-08
5097 2.833201e-05 2.437077e-08
5098 2.833078e-05 2.431634e-08
5099 2.832956e-05 2.426203e-08
5100 2.832834e-05 2.420785e-08
5101 2.832713e-05 2.415378e-08
5102 2.832592e-05 2.409984e-08
5103 2.832471e-05 2.404602e-08
5104 2.832350e-05 2.399232e-08
5105 2.832230e-05 2.393873e-08
5106 2.832110e-05 2.388527e-08
5107 2.831990e-05 2.383193e-08
5108 2.831871e-05 2.377870e-08
5109 2.831752e-05 2.372560e-08
5110 2.831633e-05 2.367261e-08
5111 2.831515e-05 2.361974e-08
5112 2.831397e-05 2.356699e-08
5113 2.831279e-05 2.351436e-08
5114 2.831162e-05 2.346184e-08
5115 2.831045e-05 2.340945e-08
5116 2.830928e-05 2.335717e-08
5117 2.830811e-05 2.330500e-08
5118 2.830695e-05 2.325295e-08
5119 2.830579e-05 2.320102e-08
5120 2.830463e-05 2.314921e-08
5121 2.830348e-05 2.309751e-08
5122 2.830233e-05 2.304592e-08
5123 2.830118e-05 2.299445e-08
5124 2.830004e-05 2.294310e-08
5125 2.829889e-05 2.289186e-08
5126 2.829775e-05 2.284074e-08
5127 2.829662e-05 2.278973e-08
5128 2.829549e-05 2.273883e-08
5129 2.829436e-05 2.268805e-08
5130 2.829323e-05 2.263738e-08
5131 2.829210e-05 2.258682e-08
5132 2.829098e-05 2.253638e-08
5133 2.828986e-05 2.248605e-08
5134 2.828875e-05 2.243583e-08
5135 2.828764e-05 2.238572e-08
5136 2.828653e-05 2.233573e-08
5137 2.828542e-05 2.228584e-08
5138 2.828432e-05 2.223607e-08
5139 2.828321e-05 2.218641e-08
5140 2.828212e-05 2.213686e-08
5141 2.828102e-05 2.208742e-08
5142 2.827993e-05 2.203810e-08
5143 2.827884e-05 2.198888e-08
5144 2.827775e-05 2.193977e-08
5145 2.827667e-05 2.189077e-08
5146 2.827558e-05 2.184188e-08
5147 2.827451e-05 2.179310e-08
5148 2.827343e-05 2.174443e-08
5149 2.827236e-05 2.169587e-08
5150 2.827129e-05 2.164741e-08
5151 2.827022e-05 2.159907e-08
5152 2.826915e-05 2.155083e-08
5153 2.826809e-05 2.150270e-08
5154 2.826703e-05 2.145468e-08
5155 2.826597e-05 2.140676e-08
5156 2.826492e-05 2.135896e-08
5157 2.826387e-05 2.131125e-08
5158 2.826282e-05 2.126366e-08
5159 2.826177e-05 2.121617e-08
5160 2.826073e-05 2.116879e-08
5161 2.825969e-05 2.112151e-08
5162 2.825865e-05 2.107434e-08
5163 2.825762e-05 2.102728e-08
5164 2.825658e-05 2.098031e-08
5165 2.825555e-05 2.093346e-08
5166 2.825452e-05 2.088671e-08
5167 2.825350e-05 2.084006e-08
5168 2.825248e-05 2.079352e-08
5169 2.825146e-05 2.074708e-08
5170 2.825044e-05 2.070074e-08
5171 2.824943e-05 2.065451e-08
5172 2.824841e-05 2.060839e-08
5173 2.824741e-05 2.056236e-08
5174 2.824640e-05 2.051644e-08
5175 2.824539e-05 2.047062e-08
5176 2.824439e-05 2.042490e-08
5177 2.824339e-05 2.037929e-08
5178 2.824240e-05 2.033377e-08
5179 2.824140e-05 2.028836e-08
5180 2.824041e-05 2.024305e-08
5181 2.823942e-05 2.019784e-08
5182 2.823844e-05 2.015273e-08
5183 2.823745e-05 2.010772e-08
5184 2.823647e-05 2.006282e-08
5185 2.823549e-05 2.001801e-08
5186 2.823452e-05 1.997330e-08
5187 2.823354e-05 1.992870e-08
5188 2.823257e-05 1.988419e-08
5189 2.823160e-05 1.983978e-08
5190 2.823064e-05 1.979547e-08
5191 2.822967e-05 1.975126e-08
5192 2.822871e-05 1.970715e-08
5193 2.822775e-05 1.966314e-08
5194 2.822679e-05 1.961923e-08
5195 2.822584e-05 1.957541e-08
5196 2.822489e-05 1.953169e-08
5197 2.822394e-05 1.948807e-08
5198 2.822299e-05 1.944455e-08
5199 2.822205e-05 1.940112e-08
5200 2.822110e-05 1.935779e-08
5201 2.822017e-05 1.931456e-08
5202 2.821923e-05 1.927143e-08
5203 2.821829e-05 1.922839e-08
5204 2.821736e-05 1.918544e-08
5205 2.821643e-05 1.914260e-08
5206 2.821550e-05 1.909985e-08
5207 2.821458e-05 1.905719e-08
5208 2.821365e-05 1.901463e-08
5209 2.821273e-05 1.897216e-08
5210 2.821181e-05 1.892979e-08
5211 2.821090e-05 1.888752e-08
5212 2.820998e-05 1.884533e-08
5213 2.820907e-05 1.880325e-08
5214 2.820816e-05 1.876125e-08
5215 2.820726e-05 1.871935e-08
5216 2.820635e-05 1.867755e-08
5217 2.820545e-05 1.863583e-08
5218 2.820455e-05 1.859421e-08
5219 2.820365e-05 1.855269e-08
5220 2.820275e-05 1.851125e-08
5221 2.820186e-05 1.846991e-08
5222 2.820097e-05 1.842866e-08
5223 2.820008e-05 1.838751e-08
5224 2.819919e-05 1.834644e-08
5225 2.819831e-05 1.830547e-08
5226 2.819743e-05 1.826458e-08
5227 2.819655e-05 1.822379e-08
5228 2.819567e-05 1.818309e-08
5229 2.819479e-05 1.814249e-08
5230 2.819392e-05 1.810197e-08
5231 2.819305e-05 1.806154e-08
5232 2.819218e-05 1.802120e-08
5233 2.819131e-05 1.798096e-08
5234 2.819045e-05 1.794080e-08
5235 2.818959e-05 1.790073e-08
5236 2.818873e-05 1.786075e-08
5237 2.818787e-05 1.782086e-08
5238 2.818701e-05 1.778106e-08
5239 2.818616e-05 1.774135e-08
5240 2.818531e-05 1.770173e-08
5241 2.818446e-05 1.766220e-08
5242 2.818361e-05 1.762275e-08
5243 2.818277e-05 1.758340e-08
5244 2.818192e-05 1.754413e-08
5245 2.818108e-05 1.750494e-08
5246 2.818024e-05 1.746585e-08
5247 2.817941e-05 1.742684e-08
5248 2.817857e-05 1.738792e-08
5249 2.817774e-05 1.734909e-08
5250 2.817691e-05 1.731035e-08
5251 2.817608e-05 1.727169e-08
5252 2.817526e-05 1.723311e-08
5253 2.817443e-05 1.719463e-08
5254 2.817361e-05 1.715622e-08
5255 2.817279e-05 1.711791e-08
5256 2.817197e-05 1.707968e-08
5257 2.817116e-05 1.704153e-08
5258 2.817034e-05 1.700348e-08
5259 2.816953e-05 1.696550e-08
5260 2.816872e-05 1.692761e-08
5261 2.816791e-05 1.688981e-08
5262 2.816711e-05 1.685209e-08
5263 2.816630e-05 1.681445e-08
5264 2.816550e-05 1.677690e-08
5265 2.816470e-05 1.673943e-08
5266 2.816390e-05 1.670205e-08
5267 2.816311e-05 1.666475e-08
5268 2.816231e-05 1.662753e-08
5269 2.816152e-05 1.659039e-08
5270 2.816073e-05 1.655334e-08
5271 2.815995e-05 1.651637e-08
5272 2.815916e-05 1.647949e-08
5273 2.815838e-05 1.644268e-08
5274 2.815759e-05 1.640596e-08
5275 2.815681e-05 1.636932e-08
5276 2.815604e-05 1.633276e-08
5277 2.815526e-05 1.629629e-08
5278 2.815449e-05 1.625989e-08
5279 2.815371e-05 1.622358e-08
5280 2.815294e-05 1.618735e-08
5281 2.815218e-05 1.615119e-08
5282 2.815141e-05 1.611512e-08
5283 2.815064e-05 1.607913e-08
5284 2.814988e-05 1.604322e-08
5285 2.814912e-05 1.600739e-08
5286 2.814836e-05 1.597164e-08
5287 2.814761e-05 1.593597e-08
5288 2.814685e-05 1.590038e-08
5289 2.814610e-05 1.586487e-08
5290 2.814535e-05 1.582944e-08
5291 2.814460e-05 1.579409e-08
5292 2.814385e-05 1.575882e-08
5293 2.814310e-05 1.572362e-08
5294 2.814236e-05 1.568851e-08
5295 2.814162e-05 1.565347e-08
5296 2.814088e-05 1.561851e-08
5297 2.814014e-05 1.558363e-08
5298 2.813940e-05 1.554883e-08
5299 2.813867e-05 1.551410e-08
5300 2.813794e-05 1.547945e-08
5301 2.813720e-05 1.544488e-08
5302 2.813648e-05 1.541039e-08
5303 2.813575e-05 1.537597e-08
5304 2.813502e-05 1.534163e-08
5305 2.813430e-05 1.530737e-08
5306 2.813358e-05 1.527318e-08
5307 2.813286e-05 1.523907e-08
5308 2.813214e-05 1.520504e-08
5309 2.813142e-05 1.517108e-08
5310 2.813071e-05 1.513720e-08
5311 2.812999e-05 1.510339e-08
5312 2.812928e-05 1.506966e-08
5313 2.812857e-05 1.503601e-08
5314 2.812787e-05 1.500243e-08
5315 2.812716e-05 1.496892e-08
5316 2.812646e-05 1.493549e-08
5317 2.812575e-05 1.490214e-08
5318 2.812505e-05 1.486885e-08
5319 2.812435e-05 1.483565e-08
5320 2.812366e-05 1.480252e-08
5321 2.812296e-05 1.476946e-08
5322 2.812227e-05 1.473647e-08
5323 2.812157e-05 1.470356e-08
5324 2.812088e-05 1.467072e-08
5325 2.812020e-05 1.463796e-08
5326 2.811951e-05 1.460527e-08
5327 2.811882e-05 1.457265e-08
5328 2.811814e-05 1.454010e-08
5329 2.811746e-05 1.450763e-08
5330 2.811678e-05 1.447523e-08
5331 2.811610e-05 1.444290e-08
5332 2.811542e-05 1.441065e-08
5333 2.811475e-05 1.437846e-08
5334 2.811407e-05 1.434635e-08
5335 2.811340e-05 1.431431e-08
5336 2.811273e-05 1.428234e-08
5337 2.811206e-05 1.425045e-08
5338 2.811140e-05 1.421862e-08
5339 2.811073e-05 1.418687e-08
5340 2.811007e-05 1.415518e-08
5341 2.810940e-05 1.412357e-08
5342 2.810874e-05 1.409203e-08
5343 2.810809e-05 1.406055e-08
5344 2.810743e-05 1.402915e-08
5345 2.810677e-05 1.399782e-08
5346 2.810612e-05 1.396656e-08
5347 2.810547e-05 1.393537e-08
5348 2.810482e-05 1.390425e-08
5349 2.810417e-05 1.387319e-08
5350 2.810352e-05 1.384221e-08
5351 2.810287e-05 1.381130e-08
5352 2.810223e-05 1.378045e-08
5353 2.810159e-05 1.374967e-08
5354 2.810095e-05 1.371897e-08
5355 2.810031e-05 1.368833e-08
5356 2.809967e-05 1.365776e-08
5357 2.809903e-05 1.362726e-08
5358 2.809840e-05 1.359682e-08
5359 2.809776e-05 1.356646e-08
5360 2.809713e-05 1.353616e-08
5361 2.809650e-05 1.350593e-08
5362 2.809587e-05 1.347576e-08
5363 2.809525e-05 1.344567e-08
5364 2.809462e-05 1.341564e-08
5365 2.809400e-05 1.338568e-08
5366 2.809338e-05 1.335578e-08
5367 2.809275e-05 1.332596e-08
5368 2.809213e-05 1.329619e-08
5369 2.809152e-05 1.326650e-08
5370 2.809090e-05 1.323687e-08
5371 2.809029e-05 1.320731e-08
5372 2.808967e-05 1.317781e-08
5373 2.808906e-05 1.314838e-08
5374 2.808845e-05 1.311902e-08
5375 2.808784e-05 1.308972e-08
5376 2.808723e-05 1.306049e-08
5377 2.808663e-05 1.303132e-08
5378 2.808602e-05 1.300221e-08
5379 2.808542e-05 1.297318e-08
5380 2.808482e-05 1.294420e-08
5381 2.808422e-05 1.291529e-08
5382 2.808362e-05 1.288645e-08
5383 2.808302e-05 1.285767e-08
5384 2.808243e-05 1.282896e-08
5385 2.808183e-05 1.280030e-08
5386 2.808124e-05 1.277172e-08
5387 2.808065e-05 1.274319e-08
5388 2.808006e-05 1.271473e-08
5389 2.807947e-05 1.268634e-08
5390 2.807889e-05 1.265801e-08
5391 2.807830e-05 1.262974e-08
5392 2.807772e-05 1.260153e-08
5393 2.807713e-05 1.257339e-08
5394 2.807655e-05 1.254531e-08
5395 2.807597e-05 1.251729e-08
5396 2.807540e-05 1.248933e-08
5397 2.807482e-05 1.246144e-08
5398 2.807424e-05 1.243361e-08
5399 2.807367e-05 1.240584e-08
5400 2.807310e-05 1.237814e-08
5401 2.807252e-05 1.235049e-08
5402 2.807196e-05 1.232291e-08
5403 2.807139e-05 1.229539e-08
5404 2.807082e-05 1.226793e-08
5405 2.807025e-05 1.224053e-08
5406 2.806969e-05 1.221319e-08
5407 2.806913e-05 1.218592e-08
5408 2.806856e-05 1.215870e-08
5409 2.806800e-05 1.213155e-08
5410 2.806745e-05 1.210445e-08
5411 2.806689e-05 1.207742e-08
5412 2.806633e-05 1.205045e-08
5413 2.806578e-05 1.202354e-08
5414 2.806522e-05 1.199668e-08
5415 2.806467e-05 1.196989e-08
5416 2.806412e-05 1.194316e-08
5417 2.806357e-05 1.191649e-08
5418 2.806302e-05 1.188987e-08
5419 2.806248e-05 1.186332e-08
5420 2.806193e-05 1.183682e-08
5421 2.806139e-05 1.181039e-08
5422 2.806084e-05 1.178401e-08
5423 2.806030e-05 1.175770e-08
5424 2.805976e-05 1.173144e-08
5425 2.805922e-05 1.170524e-08
5426 2.805869e-05 1.167909e-08
5427 2.805815e-05 1.165301e-08
5428 2.805762e-05 1.162699e-08
5429 2.805708e-05 1.160102e-08
5430 2.805655e-05 1.157511e-08
5431 2.805602e-05 1.154926e-08
5432 2.805549e-05 1.152347e-08
5433 2.805496e-05 1.149773e-08
5434 2.805443e-05 1.147205e-08
5435 2.805391e-05 1.144643e-08
5436 2.805338e-05 1.142087e-08
5437 2.805286e-05 1.139536e-08
5438 2.805234e-05 1.136991e-08
5439 2.805182e-05 1.134452e-08
5440 2.805130e-05 1.131918e-08
5441 2.805078e-05 1.129391e-08
5442 2.805026e-05 1.126868e-08
5443 2.804975e-05 1.124352e-08
5444 2.804923e-05 1.121841e-08
5445 2.804872e-05 1.119335e-08
5446 2.804821e-05 1.116835e-08
5447 2.804770e-05 1.114341e-08
5448 2.804719e-05 1.111852e-08
5449 2.804668e-05 1.109369e-08
5450 2.804617e-05 1.106892e-08
5451 2.804567e-05 1.104420e-08
5452 2.804516e-05 1.101953e-08
5453 2.804466e-05 1.099492e-08
5454 2.804416e-05 1.097037e-08
5455 2.804366e-05 1.094587e-08
5456 2.804316e-05 1.092142e-08
5457 2.804266e-05 1.089703e-08
5458 2.804216e-05 1.087269e-08
5459 2.804166e-05 1.084841e-08
5460 2.804117e-05 1.082418e-08
5461 2.804067e-05 1.080001e-08
5462 2.804018e-05 1.077589e-08
5463 2.803969e-05 1.075182e-08
5464 2.803920e-05 1.072781e-08
5465 2.803871e-05 1.070385e-08
5466 2.803822e-05 1.067995e-08
5467 2.803774e-05 1.065609e-08
5468 2.803725e-05 1.063230e-08
5469 2.803677e-05 1.060855e-08
5470 2.803628e-05 1.058486e-08
5471 2.803580e-05 1.056122e-08
5472 2.803532e-05 1.053763e-08
5473 2.803484e-05 1.051410e-08
5474 2.803436e-05 1.049062e-08
5475 2.803389e-05 1.046719e-08
5476 2.803341e-05 1.044381e-08
5477 2.803294e-05 1.042049e-08
5478 2.803246e-05 1.039721e-08
5479 2.803199e-05 1.037399e-08
5480 2.803152e-05 1.035083e-08
5481 2.803105e-05 1.032771e-08
5482 2.803058e-05 1.030464e-08
5483 2.803011e-05 1.028163e-08
5484 2.802964e-05 1.025867e-08
5485 2.802918e-05 1.023576e-08
5486 2.802871e-05 1.021290e-08
5487 2.802825e-05 1.019009e-08
5488 2.802779e-05 1.016733e-08
5489 2.802732e-05 1.014462e-08
5490 2.802686e-05 1.012197e-08
5491 2.802640e-05 1.009936e-08
5492 2.802595e-05 1.007681e-08
5493 2.802549e-05 1.005430e-08
5494 2.802503e-05 1.003185e-08
5495 2.802458e-05 1.000944e-08
5496 2.802413e-05 9.987090e-09
