# step err_l2 res_l2
0 2.463645e-01 1.000000e+00
1 2.342002e-01 2.361331e-01
2 2.285270e-01 1.374370e-01
3 2.243507e-01 1.001132e-01
4 2.209059e-01 8.013292e-02
5 2.179171e-01 6.747679e-02
6 2.152481e-01 5.865128e-02
7 2.128193e-01 5.210087e-02
8 2.105796e-01 4.702110e-02
9 2.084937e-01 4.295147e-02
10 2.065362e-01 3.960808e-02
11 2.046880e-01 3.680584e-02
12 2.029342e-01 3.441854e-02
13 2.012631e-01 3.235700e-02
14 1.996653e-01 3.055630e-02
15 1.981328e-01 2.896798e-02
16 1.966592e-01 2.755508e-02
17 1.952390e-01 2.628890e-02
18 1.938675e-01 2.514679e-02
19 1.925407e-01 2.411060e-02
20 1.912550e-01 2.316565e-02
21 1.900074e-01 2.229988e-02
22 1.887951e-01 2.150331e-02
23 1.876158e-01 2.076761e-02
24 1.864673e-01 2.008575e-02
25 1.853477e-01 1.945177e-02
26 1.842552e-01 1.886058e-02
27 1.831883e-01 1.830778e-02
28 1.821456e-01 1.778960e-02
29 1.811257e-01 1.730273e-02
30 1.801275e-01 1.684428e-02
31 1.791499e-01 1.641173e-02
32 1.781920e-01 1.600283e-02
33 1.772527e-01 1.561562e-02
34 1.763312e-01 1.524832e-02
35 1.754268e-01 1.489937e-02
36 1.745386e-01 1.456737e-02
37 1.736661e-01 1.425105e-02
38 1.728086e-01 1.394926e-02
39 1.719655e-01 1.366100e-02
40 1.711363e-01 1.338531e-02
41 1.703203e-01 1.312136e-02
42 1.695172e-01 1.286838e-02
43 1.687265e-01 1.262567e-02
44 1.679477e-01 1.239257e-02
45 1.671804e-01 1.216851e-02
46 1.664242e-01 1.195295e-02
47 1.656789e-01 1.174537e-02
48 1.649439e-01 1.154534e-02
49 1.642191e-01 1.135242e-02
50 1.635040e-01 1.116622e-02
51 1.627984e-01 1.098638e-02
52 1.621020e-01 1.081256e-02
53 1.614146e-01 1.064446e-02
54 1.607358e-01 1.048177e-02
55 1.600655e-01 1.032424e-02
56 1.594034e-01 1.017160e-02
57 1.587492e-01 1.002362e-02
58 1.581029e-01 9.880077e-03
59 1.574641e-01 9.740770e-03
60 1.568326e-01 9.605501e-03
61 1.562084e-01 9.474090e-03
62 1.555912e-01 9.346365e-03
63 1.549807e-01 9.222165e-03
64 1.543770e-01 9.101340e-03
65 1.537797e-01 8.983746e-03
66 1.531889e-01 8.869250e-03
67 1.526042e-01 8.757724e-03
68 1.520256e-01 8.649048e-03
69 1.514529e-01 8.543110e-03
70 1.508860e-01 8.439802e-03
71 1.503248e-01 8.339022e-03
72 1.497691e-01 8.240675e-03
73 1.492188e-01 8.144667e-03
74 1.486739e-01 8.050914e-03
75 1.481342e-01 7.959332e-03
76 1.475995e-01 7.869843e-03
77 1.470699e-01 7.782373e-03
78 1.465452e-01 7.696851e-03
79 1.460252e-01 7.613208e-03
80 1.455100e-01 7.531381e-03
81 1.449994e-01 7.451309e-03
82 1.444933e-01 7.372932e-03
83 1.439916e-01 7.296195e-03
84 1.434943e-01 7.221044e-03
85 1.430013e-01 7.147428e-03
86 1.425124e-01 7.075298e-03
87 1.420277e-01 7.004608e-03
88 1.415471e-01 6.935313e-03
89 1.410704e-01 6.867369e-03
90 1.405976e-01 6.800735e-03
91 1.401287e-01 6.735373e-03
92 1.396636e-01 6.671245e-03
93 1.392021e-01 6.608313e-03
94 1.387443e-01 6.546544e-03
95 1.382901e-01 6.485903e-03
96 1.378395e-01 6.426359e-03
97 1.373923e-01 6.367881e-03
98 1.369485e-01 6.310439e-03
99 1.365080e-01 6.254004e-03
100 1.360709e-01 6.198549e-03
101 1.356371e-01 6.144047e-03
102 1.352064e-01 6.090473e-03
103 1.347789e-01 6.037802e-03
104 1.343545e-01 5.986010e-03
105 1.339332e-01 5.935075e-03
106 1.335149e-01 5.884974e-03
107 1.330995e-01 5.835686e-03
108 1.326871e-01 5.787191e-03
109 1.322776e-01 5.739469e-03
110 1.318709e-01 5.692500e-03
111 1.314670e-01 5.646266e-03
112 1.310659e-01 5.600750e-03
113 1.306675e-01 5.555933e-03
114 1.302717e-01 5.511799e-03
115 1.298787e-01 5.468332e-03
116 1.294882e-01 5.425516e-03
117 1.291003e-01 5.383337e-03
118 1.287149e-01 5.341778e-03
119 1.283321e-01 5.300827e-03
120 1.279517e-01 5.260469e-03
121 1.275737e-01 5.220691e-03
122 1.271982e-01 5.181480e-03
123 1.268250e-01 5.142824e-03
124 1.264542e-01 5.104710e-03
125 1.260857e-01 5.067127e-03
126 1.257195e-01 5.030062e-03
127 1.253555e-01 4.993506e-03
128 1.249937e-01 4.957447e-03
129 1.246342e-01 4.921875e-03
130 1.242768e-01 4.886779e-03
131 1.239215e-01 4.852150e-03
132 1.235684e-01 4.817979e-03
133 1.232173e-01 4.784255e-03
134 1.228684e-01 4.750970e-03
135 1.225214e-01 4.718116e-03
136 1.221765e-01 4.685682e-03
137 1.218336e-01 4.653662e-03
138 1.214926e-01 4.622047e-03
139 1.211536e-01 4.590829e-03
140 1.208165e-01 4.560001e-03
141 1.204813e-01 4.529555e-03
142 1.201479e-01 4.499484e-03
143 1.198164e-01 4.469781e-03
144 1.194868e-01 4.440438e-03
145 1.191590e-01 4.411450e-03
146 1.188329e-01 4.382810e-03
147 1.185087e-01 4.354511e-03
148 1.181861e-01 4.326547e-03
149 1.178653e-01 4.298913e-03
150 1.175463e-01 4.271602e-03
151 1.172289e-01 4.244608e-03
152 1.169132e-01 4.217926e-03
153 1.165991e-01 4.191551e-03
154 1.162867e-01 4.165478e-03
155 1.159759e-01 4.139700e-03
156 1.156668e-01 4.114213e-03
157 1.153592e-01 4.089013e-03
158 1.150531e-01 4.064093e-03
159 1.147487e-01 4.039451e-03
160 1.144457e-01 4.015080e-03
161 1.141443e-01 3.990977e-03
162 1.138444e-01 3.967137e-03
163 1.135460e-01 3.943555e-03
164 1.132490e-01 3.920229e-03
165 1.129535e-01 3.897153e-03
166 1.126595e-01 3.874324e-03
167 1.123669e-01 3.851737e-03
168 1.120757e-01 3.829389e-03
169 1.117859e-01 3.807277e-03
170 1.114974e-01 3.785396e-03
171 1.112104e-01 3.763743e-03
172 1.109247e-01 3.742315e-03
173 1.106404e-01 3.721108e-03
174 1.103574e-01 3.700118e-03
175 1.100757e-01 3.679343e-03
176 1.097953e-01 3.658780e-03
177 1.095162e-01 3.638425e-03
178 1.092384e-01 3.618275e-03
179 1.089619e-01 3.598327e-03
180 1.086866e-01 3.578578e-03
181 1.084126e-01 3.559026e-03
182 1.081398e-01 3.539667e-03
183 1.078682e-01 3.520500e-03
184 1.075979e-01 3.501520e-03
185 1.073287e-01 3.482726e-03
186 1.070607e-01 3.464115e-03
187 1.067939e-01 3.445684e-03
188 1.065283e-01 3.427431e-03
189 1.062638e-01 3.409354e-03
190 1.060005e-01 3.391450e-03
191 1.057383e-01 3.373716e-03
192 1.054772e-01 3.356151e-03
193 1.052172e-01 3.338752e-03
194 1.049584e-01 3.321517e-03
195 1.047006e-01 3.304444e-03
196 1.044439e-01 3.287530e-03
197 1.041883e-01 3.270775e-03
198 1.039338e-01 3.254174e-03
199 1.036803e-01 3.237728e-03
200 1.034279e-01 3.221432e-03
201 1.031765e-01 3.205287e-03
202 1.029261e-01 3.189289e-03
203 1.026768e-01 3.173437e-03
204 1.024284e-01 3.157729e-03
205 1.021811e-01 3.142163e-03
206 1.019348e-01 3.126738e-03
207 1.016894e-01 3.111451e-03
208 1.014450e-01 3.096301e-03
209 1.012016e-01 3.081286e-03
210 1.009592e-01 3.066406e-03
211 1.007177e-01 3.051657e-03
212 1.004771e-01 3.037038e-03
213 1.002375e-01 3.022548e-03
214 9.999882e-02 3.008186e-03
215 9.976105e-02 2.993949e-03
216 9.952421e-02 2.979837e-03
217 9.928826e-02 2.965847e-03
218 9.905322e-02 2.951979e-03
219 9.881907e-02 2.938231e-03
220 9.858581e-02 2.924601e-03
221 9.835342e-02 2.911088e-03
222 9.812190e-02 2.897691e-03
223 9.789125e-02 2.884408e-03
224 9.766146e-02 2.871238e-03
225 9.743251e-02 2.858181e-03
226 9.720441e-02 2.845233e-03
227 9.697715e-02 2.832395e-03
228 9.675072e-02 2.819665e-03
229 9.652511e-02 2.807042e-03
230 9.630032e-02 2.794524e-03
231 9.607634e-02 2.782111e-03
232 9.585317e-02 2.769801e-03
233 9.563079e-02 2.757593e-03
234 9.540921e-02 2.745486e-03
235 9.518842e-02 2.733479e-03
236 9.496841e-02 2.721570e-03
237 9.474917e-02 2.709759e-03
238 9.453070e-02 2.698044e-03
239 9.431300e-02 2.686426e-03
240 9.409606e-02 2.674901e-03
241 9.387987e-02 2.663470e-03
242 9.366442e-02 2.652131e-03
243 9.344972e-02 2.640884e-03
244 9.323576e-02 2.629727e-03
245 9.302252e-02 2.618659e-03
246 9.281001e-02 2.607680e-03
247 9.259823e-02 2.596789e-03
248 9.238715e-02 2.585984e-03
249 9.217679e-02 2.575264e-03
250 9.196714e-02 2.564629e-03
251 9.175818e-02 2.554079e-03
252 9.154992e-02 2.543611e-03
253 9.134235e-02 2.533225e-03
254 9.113547e-02 2.522920e-03
255 9.092927e-02 2.512696e-03
256 9.072374e-02 2.502551e-03
257 9.051889e-02 2.492485e-03
258 9.031470e-02 2.482497e-03
259 9.011118e-02 2.472585e-03
260 8.990831e-02 2.462750e-03
261 8.970610e-02 2.452990e-03
262 8.950454e-02 2.443305e-03
263 8.930362e-02 2.433694e-03
264 8.910335e-02 2.424156e-03
265 8.890371e-02 2.414690e-03
266 8.870470e-02 2.405296e-03
267 8.850632e-02 2.395973e-03
268 8.830857e-02 2.386719e-03
269 8.811143e-02 2.377536e-03
270 8.791491e-02 2.368420e-03
271 8.771900e-02 2.359373e-03
272 8.752370e-02 2.350393e-03
273 8.732901e-02 2.341480e-03
274 8.713491e-02 2.332633e-03
275 8.694142e-02 2.323850e-03
276 8.674851e-02 2.315133e-03
277 8.655619e-02 2.306479e-03
278 8.636446e-02 2.297889e-03
279 8.617331e-02 2.289361e-03
280 8.598274e-02 2.280895e-03
281 8.579274e-02 2.272491e-03
282 8.560332e-02 2.264147e-03
283 8.541446e-02 2.255863e-03
284 8.522616e-02 2.247639e-03
285 8.503843e-02 2.239474e-03
286 8.485125e-02 2.231368e-03
287 8.466463e-02 2.223319e-03
288 8.447855e-02 2.215327e-03
289 8.429303e-02 2.207391e-03
290 8.410805e-02 2.199512e-03
291 8.392361e-02 2.191688e-03
292 8.373970e-02 2.183919e-03
293 8.355633e-02 2.176205e-03
294 8.337350e-02 2.168544e-03
295 8.319119e-02 2.160937e-03
296 8.300940e-02 2.153382e-03
297 8.282814e-02 2.145880e-03
298 8.264740e-02 2.138429e-03
299 8.246717e-02 2.131029e-03
300 8.228746e-02 2.123681e-03
301 8.210826e-02 2.116382e-03
302 8.192956e-02 2.109133e-03
303 8.175137e-02 2.101933e-03
304 8.157368e-02 2.094782e-03
305 8.139649e-02 2.087679e-03
306 8.121980e-02 2.080624e-03
307 8.104360e-02 2.073616e-03
308 8.086789e-02 2.066655e-03
309 8.069267e-02 2.059740e-03
310 8.051794e-02 2.052871e-03
311 8.034369e-02 2.046048e-03
312 8.016992e-02 2.039270e-03
313 7.999662e-02 2.032536e-03
314 7.982380e-02 2.025846e-03
315 7.965146e-02 2.019200e-03
316 7.947958e-02 2.012597e-03
317 7.930818e-02 2.006037e-03
318 7.913724e-02 1.999519e-03
319 7.896676e-02 1.993044e-03
320 7.879674e-02 1.986610e-03
321 7.862718e-02 1.980217e-03
322 7.845808e-02 1.973865e-03
323 7.828942e-02 1.967553e-03
324 7.812123e-02 1.961282e-03
325 7.795348e-02 1.955050e-03
326 7.778617e-02 1.948857e-03
327 7.761931e-02 1.942703e-03
328 7.745290e-02 1.936587e-03
329 7.728692e-02 1.930510e-03
330 7.712138e-02 1.924470e-03
331 7.695628e-02 1.918468e-03
332 7.679161e-02 1.912502e-03
333 7.662737e-02 1.906573e-03
334 7.646356e-02 1.900681e-03
335 7.630018e-02 1.894824e-03
336 7.613722e-02 1.889003e-03
337 7.597469e-02 1.883218e-03
338 7.581258e-02 1.877467e-03
339 7.565088e-02 1.871750e-03
340 7.548961e-02 1.866068e-03
341 7.532875e-02 1.860420e-03
342 7.516830e-02 1.854806e-03
343 7.500827e-02 1.849224e-03
344 7.484864e-02 1.843676e-03
345 7.468942e-02 1.838160e-03
346 7.453061e-02 1.832677e-03
347 7.437220e-02 1.827225e-03
348 7.421419e-02 1.821805e-03
349 7.405659e-02 1.816417e-03
350 7.389938e-02 1.811060e-03
351 7.374257e-02 1.805733e-03
352 7.358615e-02 1.800437e-03
353 7.343013e-02 1.795172e-03
354 7.327450e-02 1.789936e-03
355 7.311925e-02 1.784730e-03
356 7.296440e-02 1.779553e-03
357 7.280993e-02 1.774405e-03
358 7.265585e-02 1.769286e-03
359 7.250214e-02 1.764196e-03
360 7.234882e-02 1.759134e-03
361 7.219588e-02 1.754100e-03
362 7.204332e-02 1.749094e-03
363 7.189114e-02 1.744115e-03
364 7.173933e-02 1.739164e-03
365 7.158789e-02 1.734239e-03
366 7.143682e-02 1.729341e-03
367 7.128612e-02 1.724470e-03
368 7.113580e-02 1.719625e-03
369 7.098584e-02 1.714806e-03
370 7.083624e-02 1.710013e-03
371 7.068701e-02 1.705245e-03
372 7.053814e-02 1.700502e-03
373 7.038963e-02 1.695785e-03
374 7.024148e-02 1.691092e-03
375 7.009369e-02 1.686424e-03
376 6.994626e-02 1.681780e-03
377 6.979918e-02 1.677160e-03
378 6.965246e-02 1.672565e-03
379 6.950609e-02 1.667993e-03
380 6.936006e-02 1.663444e-03
381 6.921439e-02 1.658919e-03
382 6.906907e-02 1.654416e-03
383 6.892409e-02 1.649937e-03
384 6.877946e-02 1.645480e-03
385 6.863518e-02 1.641046e-03
386 6.849123e-02 1.636633e-03
387 6.834763e-02 1.632243e-03
388 6.820437e-02 1.627875e-03
389 6.806145e-02 1.623528e-03
390 6.791886e-02 1.619203e-03
391 6.777661e-02 1.614899e-03
392 6.763470e-02 1.610616e-03
393 6.749312e-02 1.606353e-03
394 6.735187e-02 1.602112e-03
395 6.721096e-02 1.597891e-03
396 6.707037e-02 1.593690e-03
397 6.693012e-02 1.589509e-03
398 6.679019e-02 1.585349e-03
399 6.665059e-02 1.581208e-03
400 6.651131e-02 1.577087e-03
401 6.637236e-02 1.572985e-03
402 6.623373e-02 1.568902e-03
403 6.609542e-02 1.564838e-03
404 6.595743e-02 1.560794e-03
405 6.581977e-02 1.556768e-03
406 6.568242e-02 1.552760e-03
407 6.554539e-02 1.548771e-03
408 6.540867e-02 1.544801e-03
409 6.527227e-02 1.540848e-03
410 6.513619e-02 1.536913e-03
411 6.500041e-02 1.532996e-03
412 6.486495e-02 1.529097e-03
413 6.472980e-02 1.525215e-03
414 6.459496e-02 1.521351e-03
415 6.446043e-02 1.517503e-03
416 6.432621e-02 1.513673e-03
417 6.419229e-02 1.509860e-03
418 6.405868e-02 1.506063e-03
419 6.392537e-02 1.502283e-03
420 6.379236e-02 1.498520e-03
421 6.365966e-02 1.494772e-03
422 6.352726e-02 1.491041e-03
423 6.339516e-02 1.487326e-03
424 6.326336e-02 1.483627e-03
425 6.313186e-02 1.479944e-03
426 6.300065e-02 1.476276e-03
427 6.286974e-02 1.472624e-03
428 6.273913e-02 1.468987e-03
429 6.260881e-02 1.465365e-03
430 6.247879e-02 1.461759e-03
431 6.234905e-02 1.458168e-03
432 6.221961e-02 1.454591e-03
433 6.209046e-02 1.451029e-03
434 6.196160e-02 1.447482e-03
435 6.183303e-02 1.443949e-03
436 6.170475e-02 1.440431e-03
437 6.157675e-02 1.436927e-03
438 6.144904e-02 1.433438e-03
439 6.132162e-02 1.429962e-03
440 6.119448e-02 1.426500e-03
441 6.106762e-02 1.423052e-03
442 6.094104e-02 1.419618e-03
443 6.081475e-02 1.416197e-03
444 6.068874e-02 1.412790e-03
445 6.056301e-02 1.409396e-03
446 6.043755e-02 1.406016e-03
447 6.031238e-02 1.402649e-03
448 6.018748e-02 1.399295e-03
449 6.006286e-02 1.395953e-03
450 5.993852e-02 1.392625e-03
451 5.981445e-02 1.389309e-03
452 5.969065e-02 1.386006e-03
453 5.956713e-02 1.382716e-03
454 5.944388e-02 1.379438e-03
455 5.932090e-02 1.376173e-03
456 5.919819e-02 1.372920e-03
457 5.907575e-02 1.369679e-03
458 5.895358e-02 1.366450e-03
459 5.883168e-02 1.363233e-03
460 5.871005e-02 1.360028e-03
461 5.858868e-02 1.356835e-03
462 5.846758e-02 1.353653e-03
463 5.834675e-02 1.350483e-03
464 5.822618e-02 1.347325e-03
465 5.810587e-02 1.344178e-03
466 5.798583e-02 1.341043e-03
467 5.786605e-02 1.337919e-03
468 5.774653e-02 1.334806e-03
469 5.762727e-02 1.331704e-03
470 5.750827e-02 1.328614e-03
471 5.738953e-02 1.325534e-03
472 5.727105e-02 1.322465e-03
473 5.715282e-02 1.319407e-03
474 5.703486e-02 1.316360e-03
475 5.691715e-02 1.313323e-03
476 5.679969e-02 1.310297e-03
477 5.668249e-02 1.307282e-03
478 5.656555e-02 1.304277e-03
479 5.644886e-02 1.301282e-03
480 5.633242e-02 1.298297e-03
481 5.621623e-02 1.295323e-03
482 5.610029e-02 1.292359e-03
483 5.598461e-02 1.289405e-03
484 5.586917e-02 1.286461e-03
485 5.575399e-02 1.283527e-03
486 5.563905e-02 1.280603e-03
487 5.552436e-02 1.277688e-03
488 5.540992e-02 1.274783e-03
489 5.529572e-02 1.271888e-03
490 5.518177e-02 1.269003e-03
491 5.506807e-02 1.266127e-03
492 5.495461e-02 1.263260e-03
493 5.484139e-02 1.260403e-03
494 5.472842e-02 1.257555e-03
495 5.461569e-02 1.254717e-03
496 5.450320e-02 1.251887e-03
497 5.439095e-02 1.249067e-03
498 5.427895e-02 1.246256e-03
499 5.416718e-02 1.243454e-03
500 5.405566e-02 1.240661e-03
501 5.394437e-02 1.237876e-03
502 5.383332e-02 1.235101e-03
503 5.372251e-02 1.232334e-03
504 5.361193e-02 1.229576e-03
505 5.350159e-02 1.226827e-03
506 5.339149e-02 1.224087e-03
507 5.328162e-02 1.221355e-03
508 5.317199e-02 1.218631e-03
509 5.306259e-02 1.215916e-03
510 5.295342e-02 1.213209e-03
511 5.284449e-02 1.210511e-03
512 5.273579e-02 1.207821e-03
513 5.262732e-02 1.205139e-03
514 5.251908e-02 1.202466e-03
515 5.241107e-02 1.199800e-03
516 5.230329e-02 1.197143e-03
517 5.219574e-02 1.194494e-03
518 5.208842e-02 1.191852e-03
519 5.198133e-02 1.189219e-03
520 5.187446e-02 1.186594e-03
521 5.176782e-02 1.183976e-03
522 5.166141e-02 1.181366e-03
523 5.155522e-02 1.178764e-03
524 5.144926e-02 1.176170e-03
525 5.134352e-02 1.173583e-03
526 5.123801e-02 1.171004e-03
527 5.113272e-02 1.168432e-03
528 5.102765e-02 1.165868e-03
529 5.092280e-02 1.163312e-03
530 5.081818e-02 1.160763e-03
531 5.071378e-02 1.158221e-03
532 5.060960e-02 1.155687e-03
533 5.050563e-02 1.153160e-03
534 5.040189e-02 1.150640e-03
535 5.029837e-02 1.148128e-03
536 5.019506e-02 1.145622e-03
537 5.009198e-02 1.143124e-03
538 4.998911e-02 1.140633e-03
539 4.988646e-02 1.138149e-03
540 4.978402e-02 1.135672e-03
541 4.968180e-02 1.133202e-03
542 4.957980e-02 1.130739e-03
543 4.947801e-02 1.128283e-03
544 4.937643e-02 1.125834e-03
545 4.927507e-02 1.123391e-03
546 4.917392e-02 1.120956e-03
547 4.907298e-02 1.118527e-03
548 4.897226e-02 1.116105e-03
549 4.887175e-02 1.113689e-03
550 4.877145e-02 1.111281e-03
551 4.867135e-02 1.108878e-03
552 4.857147e-02 1.106483e-03
553 4.847180e-02 1.104094e-03
554 4.837234e-02 1.101711e-03
555 4.827309e-02 1.099335e-03
556 4.817405e-02 1.096966e-03
557 4.807521e-02 1.094603e-03
558 4.797658e-02 1.092246e-03
559 4.787816e-02 1.089895e-03
560 4.777994e-02 1.087551e-03
561 4.768193e-02 1.085213e-03
562 4.758412e-02 1.082882e-03
563 4.748652e-02 1.080556e-03
564 4.738913e-02 1.078237e-03
565 4.729193e-02 1.075924e-03
566 4.719494e-02 1.073617e-03
567 4.709816e-02 1.071316e-03
568 4.700157e-02 1.069022e-03
569 4.690519e-02 1.066733e-03
570 4.680901e-02 1.064450e-03
571 4.671303e-02 1.062174e-03
572 4.661725e-02 1.059903e-03
573 4.652167e-02 1.057638e-03
574 4.642629e-02 1.055379e-03
575 4.633111e-02 1.053126e-03
576 4.623613e-02 1.050879e-03
577 4.614134e-02 1.048637e-03
578 4.604676e-02 1.046401e-03
579 4.595237e-02 1.044172e-03
580 4.585817e-02 1.041947e-03
581 4.576418e-02 1.039729e-03
582 4.567038e-02 1.037516e-03
583 4.557677e-02 1.035309e-03
584 4.548337e-02 1.033107e-03
585 4.539015e-02 1.030911e-03
586 4.529713e-02 1.028721e-03
587 4.520430e-02 1.026536e-03
588 4.511167e-02 1.024357e-03
589 4.501923e-02 1.022183e-03
590 4.492698e-02 1.020015e-03
591 4.483492e-02 1.017852e-03
592 4.474306e-02 1.015694e-03
593 4.465138e-02 1.013542e-03
594 4.455990e-02 1.011396e-03
595 4.446860e-02 1.009254e-03
596 4.437750e-02 1.007118e-03
597 4.428659e-02 1.004988e-03
598 4.419586e-02 1.002862e-03
599 4.410532e-02 1.000742e-03
600 4.401498e-02 9.986273e-04
601 4.392481e-02 9.965176e-04
602 4.383484e-02 9.944131e-04
603 4.374505e-02 9.923137e-04
604 4.365545e-02 9.902196e-04
605 4.356604e-02 9.881305e-04
606 4.347681e-02 9.860466e-04
607 4.338776e-02 9.839677e-04
608 4.329890e-02 9.818940e-04
609 4.321023e-02 9.798252e-04
610 4.312174e-02 9.777615e-04
611 4.303343e-02 9.757028e-04
612 4.294530e-02 9.736491e-04
613 4.285736e-02 9.716003e-04
614 4.276960e-02 9.695565e-04
615 4.268202e-02 9.675176e-04
616 4.259462e-02 9.654836e-04
617 4.250741e-02 9.634545e-04
618 4.242037e-02 9.614302e-04
619 4.233352e-02 9.594108e-04
620 4.224684e-02 9.573963e-04
621 4.216035e-02 9.553865e-04
622 4.207403e-02 9.533816e-04
623 4.198789e-02 9.513814e-04
624 4.190193e-02 9.493859e-04
625 4.181615e-02 9.473952e-04
626 4.173055e-02 9.454092e-04
627 4.164512e-02 9.434279e-04
628 4.155987e-02 9.414513e-04
629 4.147479e-02 9.394794e-04
630 4.138989e-02 9.375121e-04
631 4.130517e-02 9.355494e-04
632 4.122062e-02 9.335913e-04
633 4.113625e-02 9.316379e-04
634 4.105205e-02 9.296890e-04
635 4.096803e-02 9.277446e-04
636 4.088418e-02 9.258049e-04
637 4.080050e-02 9.238696e-04
638 4.071699e-02 9.219388e-04
639 4.063366e-02 9.200126e-04
640 4.055050e-02 9.180908e-04
641 4.046751e-02 9.161735e-04
642 4.038469e-02 9.142606e-04
643 4.030205e-02 9.123522e-04
644 4.021957e-02 9.104482e-04
645 4.013727e-02 9.085486e-04
646 4.005513e-02 9.066533e-04
647 3.997316e-02 9.047624e-04
648 3.989137e-02 9.028759e-04
649 3.980974e-02 9.009937e-04
650 3.972828e-02 8.991159e-04
651 3.964699e-02 8.972423e-04
652 3.956586e-02 8.953731e-04
653 3.948491e-02 8.935081e-04
654 3.940412e-02 8.916474e-04
655 3.932349e-02 8.897909e-04
656 3.924304e-02 8.879387e-04
657 3.916274e-02 8.860907e-04
658 3.908262e-02 8.842469e-04
659 3.900266e-02 8.824073e-04
660 3.892286e-02 8.805718e-04
661 3.884323e-02 8.787406e-04
662 3.876376e-02 8.769134e-04
663 3.868446e-02 8.750904e-04
664 3.860532e-02 8.732716e-04
665 3.852634e-02 8.714568e-04
666 3.844753e-02 8.696462e-04
667 3.836888e-02 8.678396e-04
668 3.829039e-02 8.660371e-04
669 3.821206e-02 8.642387e-04
670 3.813389e-02 8.624443e-04
671 3.805588e-02 8.606539e-04
672 3.797804e-02 8.588675e-04
673 3.790035e-02 8.570852e-04
674 3.782283e-02 8.553068e-04
675 3.774546e-02 8.535324e-04
676 3.766826e-02 8.517620e-04
677 3.759121e-02 8.499956e-04
678 3.751432e-02 8.482331e-04
679 3.743759e-02 8.464745e-04
680 3.736101e-02 8.447198e-04
681 3.728460e-02 8.429690e-04
682 3.720834e-02 8.412222e-04
683 3.713224e-02 8.394792e-04
684 3.705629e-02 8.377400e-04
685 3.698051e-02 8.360048e-04
686 3.690487e-02 8.342734e-04
687 3.682940e-02 8.325458e-04
688 3.675407e-02 8.308220e-04
689 3.667891e-02 8.291021e-04
690 3.660389e-02 8.273859e-04
691 3.652903e-02 8.256735e-04
692 3.645433e-02 8.239650e-04
693 3.637978e-02 8.222601e-04
694 3.630538e-02 8.205591e-04
695 3.623114e-02 8.188617e-04
696 3.615704e-02 8.171681e-04
697 3.608310e-02 8.154783e-04
698 3.600932e-02 8.137921e-04
699 3.593568e-02 8.121096e-04
700 3.586220e-02 8.104309e-04
701 3.578886e-02 8.087558e-04
702 3.571568e-02 8.070843e-04
703 3.564265e-02 8.054166e-04
704 3.556976e-02 8.037524e-04
705 3.549703e-02 8.020919e-04
706 3.542445e-02 8.004350e-04
707 3.535201e-02 7.987818e-04
708 3.527972e-02 7.971321e-04
709 3.520759e-02 7.954861e-04
710 3.513560e-02 7.938436e-04
711 3.506376e-02 7.922047e-04
712 3.499206e-02 7.905694e-04
713 3.492052e-02 7.889376e-04
714 3.484912e-02 7.873093e-04
715 3.477786e-02 7.856846e-04
716 3.470676e-02 7.840634e-04
717 3.463579e-02 7.824458e-04
718 3.456498e-02 7.808316e-04
719 3.449431e-02 7.792209e-04
720 3.442378e-02 7.776137e-04
721 3.435340e-02 7.760100e-04
722 3.428317e-02 7.744097e-04
723 3.421308e-02 7.728130e-04
724 3.414313e-02 7.712196e-04
725 3.407332e-02 7.696297e-04
726 3.400366e-02 7.680432e-04
727 3.393415e-02 7.664601e-04
728 3.386477e-02 7.648805e-04
729 3.379554e-02 7.633042e-04
730 3.372645e-02 7.617314e-04
731 3.365750e-02 7.601619e-04
732 3.358869e-02 7.585958e-04
733 3.352002e-02 7.570330e-04
734 3.345150e-02 7.554736e-04
735 3.338311e-02 7.539176e-04
736 3.331487e-02 7.523649e-04
737 3.324676e-02 7.508155e-04
738 3.317880e-02 7.492694e-04
739 3.311097e-02 7.477267e-04
740 3.304328e-02 7.461872e-04
741 3.297574e-02 7.446511e-04
742 3.290833e-02 7.431182e-04
743 3.284106e-02 7.415886e-04
744 3.277392e-02 7.400623e-04
745 3.270693e-02 7.385392e-04
746 3.264007e-02 7.370194e-04
747 3.257335e-02 7.355028e-04
748 3.250676e-02 7.339894e-04
749 3.244032e-02 7.324793e-04
750 3.237400e-02 7.309724e-04
751 3.230783e-02 7.294687e-04
752 3.224179e-02 7.279682e-04
753 3.217588e-02 7.264709e-04
754 3.211011e-02 7.249768e-04
755 3.204448e-02 7.234859e-04
756 3.197898e-02 7.219981e-04
757 3.191361e-02 7.205135e-04
758 3.184838e-02 7.190320e-04
759 3.178328e-02 7.175537e-04
760 3.171832e-02 7.160785e-04
761 3.165349e-02 7.146064e-04
762 3.158879e-02 7.131375e-04
763 3.152422e-02 7.116717e-04
764 3.145979e-02 7.102090e-04
765 3.139549e-02 7.087494e-04
766 3.133132e-02 7.072928e-04
767 3.126728e-02 7.058394e-04
768 3.120337e-02 7.043890e-04
769 3.113959e-02 7.029417e-04
770 3.107595e-02 7.014974e-04
771 3.101243e-02 7.000562e-04
772 3.094905e-02 6.986181e-04
773 3.088579e-02 6.971830e-04
774 3.082267e-02 6.957509e-04
775 3.075967e-02 6.943218e-04
776 3.069680e-02 6.928958e-04
777 3.063406e-02 6.914727e-04
778 3.057145e-02 6.900527e-04
779 3.050897e-02 6.886356e-04
780 3.044662e-02 6.872215e-04
781 3.038439e-02 6.858104e-04
782 3.032229e-02 6.844023e-04
783 3.026032e-02 6.829972e-04
784 3.019847e-02 6.815949e-04
785 3.013676e-02 6.801957e-04
786 3.007516e-02 6.787994e-04
787 3.001370e-02 6.774060e-04
788 2.995236e-02 6.760155e-04
789 2.989115e-02 6.746280e-04
790 2.983006e-02 6.732434e-04
791 2.976909e-02 6.718617e-04
792 2.970825e-02 6.704829e-04
793 2.964754e-02 6.691069e-04
794 2.958695e-02 6.677339e-04
795 2.952648e-02 6.663638e-04
796 2.946614e-02 6.649965e-04
797 2.940592e-02 6.636321e-04
798 2.934583e-02 6.622705e-04
799 2.928586e-02 6.609118e-04
800 2.922601e-02 6.595559e-04
801 2.916628e-02 6.582029e-04
802 2.910668e-02 6.568527e-04
803 2.904719e-02 6.555053e-04
804 2.898783e-02 6.541608e-04
805 2.892859e-02 6.528191e-04
806 2.886948e-02 6.514801e-04
807 2.881048e-02 6.501440e-04
808 2.875160e-02 6.488107e-04
809 2.869285e-02 6.474801e-04
810 2.863421e-02 6.461523e-04
811 2.857570e-02 6.448273e-04
812 2.851730e-02 6.435051e-04
813 2.845902e-02 6.421856e-04
814 2.840087e-02 6.408689e-04
815 2.834283e-02 6.395549e-04
816 2.828491e-02 6.382437e-04
817 2.822711e-02 6.369352e-04
818 2.816943e-02 6.356294e-04
819 2.811187e-02 6.343264e-04
820 2.805442e-02 6.330260e-04
821 2.799709e-02 6.317284e-04
822 2.793988e-02 6.304335e-04
823 2.788278e-02 6.291413e-04
824 2.782581e-02 6.278517e-04
825 2.776895e-02 6.265649e-04
826 2.771220e-02 6.252807e-04
827 2.765557e-02 6.239992e-04
828 2.759906e-02 6.227204e-04
829 2.754266e-02 6.214442e-04
830 2.748638e-02 6.201707e-04
831 2.743022e-02 6.188998e-04
832 2.737417e-02 6.176316e-04
833 2.731823e-02 6.163660e-04
834 2.726241e-02 6.151031e-04
835 2.720670e-02 6.138427e-04
836 2.715111e-02 6.125850e-04
837 2.709563e-02 6.113299e-04
838 2.704026e-02 6.100774e-04
839 2.698501e-02 6.088275e-04
840 2.692987e-02 6.075802e-04
841 2.687484e-02 6.063355e-04
842 2.681992e-02 6.050934e-04
843 2.676512e-02 6.038539e-04
844 2.671043e-02 6.026169e-04
845 2.665585e-02 6.013825e-04
846 2.660138e-02 6.001506e-04
847 2.654703e-02 5.989213e-04
848 2.649278e-02 5.976946e-04
849 2.643865e-02 5.964704e-04
850 2.638463e-02 5.952487e-04
851 2.633072e-02 5.940296e-04
852 2.627692e-02 5.928130e-04
853 2.622322e-02 5.915989e-04
854 2.616964e-02 5.903873e-04
855 2.611617e-02 5.891782e-04
856 2.606281e-02 5.879717e-04
857 2.600955e-02 5.867676e-04
858 2.595641e-02 5.855661e-04
859 2.590337e-02 5.843670e-04
860 2.585044e-02 5.831704e-04
861 2.579763e-02 5.819763e-04
862 2.574491e-02 5.807846e-04
863 2.569231e-02 5.795954e-04
864 2.563981e-02 5.784087e-04
865 2.558743e-02 5.772244e-04
866 2.553515e-02 5.760426e-04
867 2.548297e-02 5.748632e-04
868 2.543090e-02 5.736863e-04
869 2.537894e-02 5.725118e-04
870 2.532709e-02 5.713397e-04
871 2.527534e-02 5.701701e-04
872 2.522370e-02 5.690028e-04
873 2.517216e-02 5.678380e-04
874 2.512073e-02 5.666756e-04
875 2.506940e-02 5.655156e-04
876 2.501818e-02 5.643580e-04
877 2.496706e-02 5.632027e-04
878 2.491605e-02 5.620499e-04
879 2.486514e-02 5.608994e-04
880 2.481434e-02 5.597513e-04
881 2.476364e-02 5.586056e-04
882 2.471304e-02 5.574623e-04
883 2.466255e-02 5.563213e-04
884 2.461216e-02 5.551826e-04
885 2.456187e-02 5.540463e-04
886 2.451169e-02 5.529124e-04
887 2.446161e-02 5.517808e-04
888 2.441163e-02 5.506515e-04
889 2.436175e-02 5.495246e-04
890 2.431198e-02 5.484000e-04
891 2.426230e-02 5.472777e-04
892 2.421273e-02 5.461577e-04
893 2.416326e-02 5.450400e-04
894 2.411389e-02 5.439246e-04
895 2.406463e-02 5.428116e-04
896 2.401546e-02 5.417008e-04
897 2.396639e-02 5.405923e-04
898 2.391743e-02 5.394861e-04
899 2.386856e-02 5.383822e-04
900 2.381979e-02 5.372805e-04
901 2.377113e-02 5.361812e-04
902 2.372256e-02 5.350841e-04
903 2.367409e-02 5.339892e-04
904 2.362573e-02 5.328966e-04
905 2.357746e-02 5.318063e-04
906 2.352929e-02 5.307182e-04
907 2.348121e-02 5.296323e-04
908 2.343324e-02 5.285487e-04
909 2.338536e-02 5.274673e-04
910 2.333759e-02 5.263881e-04
911 2.328990e-02 5.253112e-04
912 2.324232e-02 5.242364e-04
913 2.319484e-02 5.231639e-04
914 2.314745e-02 5.220936e-04
915 2.310016e-02 5.210255e-04
916 2.305296e-02 5.199596e-04
917 2.300586e-02 5.188959e-04
918 2.295886e-02 5.178344e-04
919 2.291196e-02 5.167750e-04
920 2.286515e-02 5.157179e-04
921 2.281843e-02 5.146629e-04
922 2.277181e-02 5.136100e-04
923 2.272529e-02 5.125594e-04
924 2.267886e-02 5.115109e-04
925 2.263253e-02 5.104646e-04
926 2.258629e-02 5.094204e-04
927 2.254014e-02 5.083783e-04
928 2.249409e-02 5.073385e-04
929 2.244814e-02 5.063007e-04
930 2.240228e-02 5.052651e-04
931 2.235651e-02 5.042316e-04
932 2.231083e-02 5.032002e-04
933 2.226525e-02 5.021710e-04
934 2.221977e-02 5.011438e-04
935 2.217437e-02 5.001188e-04
936 2.212907e-02 4.990959e-04
937 2.208386e-02 4.980751e-04
938 2.203874e-02 4.970564e-04
939 2.199372e-02 4.960397e-04
940 2.194879e-02 4.950252e-04
941 2.190394e-02 4.940127e-04
942 2.185920e-02 4.930024e-04
943 2.181454e-02 4.919941e-04
944 2.176997e-02 4.909878e-04
945 2.172550e-02 4.899837e-04
946 2.168111e-02 4.889816e-04
947 2.163682e-02 4.879816e-04
948 2.159261e-02 4.869836e-04
949 2.154850e-02 4.859876e-04
950 2.150448e-02 4.849937e-04
951 2.146055e-02 4.840019e-04
952 2.141670e-02 4.830121e-04
953 2.137295e-02 4.820243e-04
954 2.132929e-02 4.810386e-04
955 2.128571e-02 4.800548e-04
956 2.124223e-02 4.790731e-04
957 2.119883e-02 4.780934e-04
958 2.115552e-02 4.771157e-04
959 2.111230e-02 4.761401e-04
960 2.106917e-02 4.751664e-04
961 2.102613e-02 4.741947e-04
962 2.098318e-02 4.732250e-04
963 2.094031e-02 4.722573e-04
964 2.089753e-02 4.712916e-04
965 2.085484e-02 4.703279e-04
966 2.081223e-02 4.693662e-04
967 2.076972e-02 4.684064e-04
968 2.072729e-02 4.674486e-04
969 2.068494e-02 4.664927e-04
970 2.064269e-02 4.655389e-04
971 2.060051e-02 4.645869e-04
972 2.055843e-02 4.636370e-04
973 2.051643e-02 4.626889e-04
974 2.047452e-02 4.617429e-04
975 2.043269e-02 4.607987e-04
976 2.039095e-02 4.598565e-04
977 2.034929e-02 4.589163e-04
978 2.030772e-02 4.579779e-04
979 2.026624e-02 4.570415e-04
980 2.022483e-02 4.561070e-04
981 2.018352e-02 4.551744e-04
982 2.014229e-02 4.542438e-04
983 2.010114e-02 4.533150e-04
984 2.006007e-02 4.523882e-04
985 2.001909e-02 4.514632e-04
986 1.997820e-02 4.505402e-04
987 1.993739e-02 4.496190e-04
988 1.989666e-02 4.486997e-04
989 1.985601e-02 4.477823e-04
990 1.981545e-02 4.468668e-04
991 1.977497e-02 4.459532e-04
992 1.973457e-02 4.450414e-04
993 1.969426e-02 4.441315e-04
994 1.965402e-02 4.432235e-04
995 1.961387e-02 4.423173e-04
996 1.957381e-02 4.414130e-04
997 1.953382e-02 4.405106e-04
998 1.949392e-02 4.396100e-04
999 1.945409e-02 4.387112e-04
1000 1.941435e-02 4.378143e-04
1001 1.937469e-02 4.369192e-04
1002 1.933511e-02 4.360260e-04
1003 1.929562e-02 4.351345e-04
1004 1.925620e-02 4.342450e-04
1005 1.921686e-02 4.333572e-04
1006 1.917760e-02 4.324712e-04
1007 1.913843e-02 4.315871e-04
1008 1.909933e-02 4.307048e-04
1009 1.906032e-02 4.298243e-04
1010 1.902138e-02 4.289456e-04
1011 1.898252e-02 4.280686e-04
1012 1.894375e-02 4.271935e-04
1013 1.890505e-02 4.263202e-04
1014 1.886643e-02 4.254487e-04
1015 1.882789e-02 4.245789e-04
1016 1.878943e-02 4.237110e-04
1017 1.875104e-02 4.228448e-04
1018 1.871274e-02 4.219804e-04
1019 1.867451e-02 4.211177e-04
1020 1.863637e-02 4.202568e-04
1021 1.859830e-02 4.193977e-04
1022 1.856030e-02 4.185404e-04
1023 1.852239e-02 4.176848e-04
1024 1.848455e-02 4.168309e-04
1025 1.844679e-02 4.159788e-04
1026 1.840911e-02 4.151285e-04
1027 1.837151e-02 4.142799e-04
1028 1.833398e-02 4.134330e-04
1029 1.829653e-02 4.125879e-04
1030 1.825915e-02 4.117445e-04
1031 1.822185e-02 4.109028e-04
1032 1.818463e-02 4.100628e-04
1033 1.814748e-02 4.092246e-04
1034 1.811041e-02 4.083881e-04
1035 1.807342e-02 4.075533e-04
1036 1.803650e-02 4.067202e-04
1037 1.799965e-02 4.058888e-04
1038 1.796289e-02 4.050591e-04
1039 1.792619e-02 4.042311e-04
1040 1.788957e-02 4.034048e-04
1041 1.785303e-02 4.025802e-04
1042 1.781656e-02 4.017573e-04
1043 1.778017e-02 4.009360e-04
1044 1.774385e-02 4.001165e-04
1045 1.770760e-02 3.992986e-04
1046 1.767143e-02 3.984824e-04
1047 1.763533e-02 3.976679e-04
1048 1.759931e-02 3.968550e-04
1049 1.756336e-02 3.960438e-04
1050 1.752748e-02 3.952343e-04
1051 1.749168e-02 3.944264e-04
1052 1.745595e-02 3.936202e-04
1053 1.742029e-02 3.928156e-04
1054 1.738471e-02 3.920127e-04
1055 1.734919e-02 3.912114e-04
1056 1.731375e-02 3.904117e-04
1057 1.727839e-02 3.896137e-04
1058 1.724309e-02 3.888173e-04
1059 1.720787e-02 3.880226e-04
1060 1.717272e-02 3.872295e-04
1061 1.713764e-02 3.864380e-04
1062 1.710264e-02 3.856481e-04
1063 1.706770e-02 3.848598e-04
1064 1.703284e-02 3.840732e-04
1065 1.699804e-02 3.832881e-04
1066 1.696332e-02 3.825047e-04
1067 1.692867e-02 3.817229e-04
1068 1.689409e-02 3.809426e-04
1069 1.685958e-02 3.801640e-04
1070 1.682515e-02 3.793870e-04
1071 1.679078e-02 3.786115e-04
1072 1.675648e-02 3.778377e-04
1073 1.672225e-02 3.770654e-04
1074 1.668809e-02 3.762947e-04
1075 1.665401e-02 3.755255e-04
1076 1.661999e-02 3.747580e-04
1077 1.658604e-02 3.739920e-04
1078 1.655216e-02 3.732276e-04
1079 1.651835e-02 3.724648e-04
1080 1.648461e-02 3.717035e-04
1081 1.645094e-02 3.709437e-04
1082 1.641733e-02 3.701856e-04
1083 1.638380e-02 3.694289e-04
1084 1.635033e-02 3.686739e-04
1085 1.631694e-02 3.679203e-04
1086 1.628361e-02 3.671683e-04
1087 1.625034e-02 3.664179e-04
1088 1.621715e-02 3.656690e-04
1089 1.618403e-02 3.649216e-04
1090 1.615097e-02 3.641757e-04
1091 1.611798e-02 3.634314e-04
1092 1.608506e-02 3.626886e-04
1093 1.605220e-02 3.619473e-04
1094 1.601941e-02 3.612075e-04
1095 1.598669e-02 3.604693e-04
1096 1.595404e-02 3.597325e-04
1097 1.592145e-02 3.589973e-04
1098 1.588893e-02 3.582636e-04
1099 1.585647e-02 3.575313e-04
1100 1.582408e-02 3.568006e-04
1101 1.579176e-02 3.560713e-04
1102 1.575951e-02 3.553436e-04
1103 1.572732e-02 3.546173e-04
1104 1.569519e-02 3.538926e-04
1105 1.566313e-02 3.531693e-04
1106 1.563114e-02 3.524474e-04
1107 1.559921e-02 3.517271e-04
1108 1.556735e-02 3.510082e-04
1109 1.553555e-02 3.502908e-04
1110 1.550382e-02 3.495749e-04
1111 1.547215e-02 3.488604e-04
1112 1.544055e-02 3.481474e-04
1113 1.540901e-02 3.474359e-04
1114 1.537754e-02 3.467258e-04
1115 1.534613e-02 3.460172e-04
1116 1.531478e-02 3.453100e-04
1117 1.528350e-02 3.446042e-04
1118 1.525228e-02 3.438999e-04
1119 1.522113e-02 3.431971e-04
1120 1.519004e-02 3.424957e-04
1121 1.515901e-02 3.417957e-04
1122 1.512805e-02 3.410971e-04
1123 1.509715e-02 3.404000e-04
1124 1.506631e-02 3.397043e-04
1125 1.503554e-02 3.390100e-04
1126 1.500483e-02 3.383172e-04
1127 1.497418e-02 3.376257e-04
1128 1.494360e-02 3.369357e-04
1129 1.491307e-02 3.362471e-04
1130 1.488261e-02 3.355599e-04
1131 1.485222e-02 3.348741e-04
1132 1.482188e-02 3.341897e-04
1133 1.479161e-02 3.335067e-04
1134 1.476139e-02 3.328251e-04
1135 1.473124e-02 3.321448e-04
1136 1.470115e-02 3.314660e-04
1137 1.467113e-02 3.307886e-04
1138 1.464116e-02 3.301126e-04
1139 1.461126e-02 3.294379e-04
1140 1.458141e-02 3.287646e-04
1141 1.455163e-02 3.280927e-04
1142 1.452191e-02 3.274222e-04
1143 1.449225e-02 3.267530e-04
1144 1.446265e-02 3.260852e-04
1145 1.443311e-02 3.254188e-04
1146 1.440363e-02 3.247537e-04
1147 1.437421e-02 3.240900e-04
1148 1.434485e-02 3.234277e-04
1149 1.431555e-02 3.227667e-04
1150 1.428631e-02 3.221070e-04
1151 1.425713e-02 3.214487e-04
1152 1.422801e-02 3.207918e-04
1153 1.419895e-02 3.201362e-04
1154 1.416995e-02 3.194819e-04
1155 1.414101e-02 3.188290e-04
1156 1.411213e-02 3.181774e-04
1157 1.408330e-02 3.175271e-04
1158 1.405454e-02 3.168782e-04
1159 1.402583e-02 3.162306e-04
1160 1.399719e-02 3.155843e-04
1161 1.396860e-02 3.149393e-04
1162 1.394007e-02 3.142957e-04
1163 1.391160e-02 3.136534e-04
1164 1.388318e-02 3.130124e-04
1165 1.385483e-02 3.123727e-04
1166 1.382653e-02 3.117343e-04
1167 1.379829e-02 3.110972e-04
1168 1.377011e-02 3.104614e-04
1169 1.374198e-02 3.098269e-04
1170 1.371392e-02 3.091937e-04
1171 1.368591e-02 3.085618e-04
1172 1.365795e-02 3.079312e-04
1173 1.363006e-02 3.073019e-04
1174 1.360222e-02 3.066739e-04
1175 1.357444e-02 3.060472e-04
1176 1.354671e-02 3.054217e-04
1177 1.351905e-02 3.047975e-04
1178 1.349143e-02 3.041746e-04
1179 1.346388e-02 3.035530e-04
1180 1.343638e-02 3.029326e-04
1181 1.340894e-02 3.023135e-04
1182 1.338155e-02 3.016957e-04
1183 1.335422e-02 3.010791e-04
1184 1.332695e-02 3.004638e-04
1185 1.329973e-02 2.998498e-04
1186 1.327256e-02 2.992370e-04
1187 1.324546e-02 2.986255e-04
1188 1.321840e-02 2.980152e-04
1189 1.319141e-02 2.974061e-04
1190 1.316447e-02 2.967983e-04
1191 1.313758e-02 2.961918e-04
1192 1.311075e-02 2.955865e-04
1193 1.308397e-02 2.949824e-04
1194 1.305725e-02 2.943795e-04
1195 1.303058e-02 2.937779e-04
1196 1.300397e-02 2.931776e-04
1197 1.297741e-02 2.925784e-04
1198 1.295090e-02 2.919805e-04
1199 1.292445e-02 2.913838e-04
1200 1.289806e-02 2.907883e-04
1201 1.287171e-02 2.901940e-04
1202 1.284543e-02 2.896010e-04
1203 1.281919e-02 2.890091e-04
1204 1.279301e-02 2.884185e-04
1205 1.276688e-02 2.878291e-04
1206 1.274081e-02 2.872409e-04
1207 1.271479e-02 2.866539e-04
1208 1.268882e-02 2.860680e-04
1209 1.266290e-02 2.854834e-04
1210 1.263704e-02 2.849000e-04
1211 1.261123e-02 2.843178e-04
1212 1.258548e-02 2.837367e-04
1213 1.255977e-02 2.831569e-04
1214 1.253412e-02 2.825782e-04
1215 1.250852e-02 2.820007e-04
1216 1.248298e-02 2.814244e-04
1217 1.245748e-02 2.808493e-04
1218 1.243204e-02 2.802753e-04
1219 1.240665e-02 2.797026e-04
1220 1.238131e-02 2.791310e-04
1221 1.235603e-02 2.785605e-04
1222 1.233079e-02 2.779912e-04
1223 1.230561e-02 2.774231e-04
1224 1.228048e-02 2.768562e-04
1225 1.225540e-02 2.762904e-04
1226 1.223037e-02 2.757258e-04
1227 1.220539e-02 2.751623e-04
1228 1.218046e-02 2.746000e-04
1229 1.215559e-02 2.740388e-04
1230 1.213076e-02 2.734788e-04
1231 1.210599e-02 2.729199e-04
1232 1.208126e-02 2.723621e-04
1233 1.205659e-02 2.718055e-04
1234 1.203197e-02 2.712501e-04
1235 1.200740e-02 2.706957e-04
1236 1.198287e-02 2.701425e-04
1237 1.195840e-02 2.695905e-04
1238 1.193398e-02 2.690395e-04
1239 1.190961e-02 2.684897e-04
1240 1.188529e-02 2.679410e-04
1241 1.186101e-02 2.673935e-04
1242 1.183679e-02 2.668470e-04
1243 1.181262e-02 2.663017e-04
1244 1.178849e-02 2.657575e-04
1245 1.176442e-02 2.652144e-04
1246 1.174039e-02 2.646724e-04
1247 1.171641e-02 2.641315e-04
1248 1.169249e-02 2.635917e-04
1249 1.166861e-02 2.630530e-04
1250 1.164478e-02 2.625155e-04
1251 1.162100e-02 2.619790e-04
1252 1.159727e-02 2.614436e-04
1253 1.157358e-02 2.609093e-04
1254 1.154995e-02 2.603761e-04
1255 1.152636e-02 2.598440e-04
1256 1.150282e-02 2.593130e-04
1257 1.147933e-02 2.587831e-04
1258 1.145588e-02 2.582542e-04
1259 1.143249e-02 2.577265e-04
1260 1.140914e-02 2.571998e-04
1261 1.138584e-02 2.566742e-04
1262 1.136259e-02 2.561496e-04
1263 1.133939e-02 2.556262e-04
1264 1.131623e-02 2.551038e-04
1265 1.129312e-02 2.545824e-04
1266 1.127006e-02 2.540622e-04
1267 1.124704e-02 2.535430e-04
1268 1.122407e-02 2.530248e-04
1269 1.120115e-02 2.525078e-04
1270 1.117828e-02 2.519917e-04
1271 1.115545e-02 2.514768e-04
1272 1.113267e-02 2.509629e-04
1273 1.110993e-02 2.504500e-04
1274 1.108725e-02 2.499382e-04
1275 1.106460e-02 2.494274e-04
1276 1.104201e-02 2.489177e-04
1277 1.101946e-02 2.484090e-04
1278 1.099696e-02 2.479013e-04
1279 1.097450e-02 2.473947e-04
1280 1.095209e-02 2.468892e-04
1281 1.092972e-02 2.463846e-04
1282 1.090740e-02 2.458811e-04
1283 1.088513e-02 2.453786e-04
1284 1.086290e-02 2.448772e-04
1285 1.084071e-02 2.443768e-04
1286 1.081858e-02 2.438774e-04
1287 1.079648e-02 2.433790e-04
1288 1.077444e-02 2.428816e-04
1289 1.075243e-02 2.423853e-04
1290 1.073048e-02 2.418899e-04
1291 1.070856e-02 2.413956e-04
1292 1.068670e-02 2.409023e-04
1293 1.066487e-02 2.404100e-04
1294 1.064309e-02 2.399187e-04
1295 1.062136e-02 2.394284e-04
1296 1.059967e-02 2.389391e-04
1297 1.057802e-02 2.384508e-04
1298 1.055642e-02 2.379635e-04
1299 1.053487e-02 2.374772e-04
1300 1.051335e-02 2.369919e-04
1301 1.049188e-02 2.365076e-04
1302 1.047046e-02 2.360243e-04
1303 1.044908e-02 2.355420e-04
1304 1.042774e-02 2.350606e-04
1305 1.040645e-02 2.345803e-04
1306 1.038520e-02 2.341009e-04
1307 1.036399e-02 2.336225e-04
1308 1.034282e-02 2.331451e-04
1309 1.032170e-02 2.326686e-04
1310 1.030063e-02 2.321931e-04
1311 1.027959e-02 2.317186e-04
1312 1.025860e-02 2.312451e-04
1313 1.023765e-02 2.307725e-04
1314 1.021675e-02 2.303009e-04
1315 1.019588e-02 2.298303e-04
1316 1.017506e-02 2.293606e-04
1317 1.015429e-02 2.288919e-04
1318 1.013355e-02 2.284241e-04
1319 1.011286e-02 2.279573e-04
1320 1.009221e-02 2.274915e-04
1321 1.007160e-02 2.270266e-04
1322 1.005103e-02 2.265627e-04
1323 1.003051e-02 2.260997e-04
1324 1.001003e-02 2.256376e-04
1325 9.989586e-03 2.251765e-04
1326 9.969188e-03 2.247163e-04
1327 9.948831e-03 2.242571e-04
1328 9.928515e-03 2.237988e-04
1329 9.908242e-03 2.233415e-04
1330 9.888009e-03 2.228851e-04
1331 9.867818e-03 2.224296e-04
1332 9.847668e-03 2.219750e-04
1333 9.827560e-03 2.215214e-04
1334 9.807492e-03 2.210687e-04
1335 9.787466e-03 2.206170e-04
1336 9.767480e-03 2.201661e-04
1337 9.747535e-03 2.197162e-04
1338 9.727631e-03 2.192672e-04
1339 9.707768e-03 2.188191e-04
1340 9.687945e-03 2.183719e-04
1341 9.668163e-03 2.179257e-04
1342 9.648421e-03 2.174803e-04
1343 9.628720e-03 2.170359e-04
1344 9.609059e-03 2.165924e-04
1345 9.589438e-03 2.161497e-04
1346 9.569857e-03 2.157080e-04
1347 9.550316e-03 2.152672e-04
1348 9.530815e-03 2.148273e-04
1349 9.511354e-03 2.143883e-04
1350 9.491932e-03 2.139502e-04
1351 9.472551e-03 2.135130e-04
1352 9.453209e-03 2.130766e-04
1353 9.433906e-03 2.126412e-04
1354 9.414643e-03 2.122067e-04
1355 9.395419e-03 2.117730e-04
1356 9.376235e-03 2.113402e-04
1357 9.357090e-03 2.109083e-04
1358 9.337984e-03 2.104773e-04
1359 9.318917e-03 2.100472e-04
1360 9.299888e-03 2.096180e-04
1361 9.280899e-03 2.091896e-04
1362 9.261949e-03 2.087621e-04
1363 9.243037e-03 2.083355e-04
1364 9.224164e-03 2.079097e-04
1365 9.205330e-03 2.074849e-04
1366 9.186534e-03 2.070609e-04
1367 9.167776e-03 2.066377e-04
1368 9.149057e-03 2.062154e-04
1369 9.130376e-03 2.057940e-04
1370 9.111733e-03 2.053735e-04
1371 9.093129e-03 2.049538e-04
1372 9.074562e-03 2.045350e-04
1373 9.056033e-03 2.041170e-04
1374 9.037542e-03 2.036999e-04
1375 9.019089e-03 2.032836e-04
1376 9.000674e-03 2.028682e-04
1377 8.982296e-03 2.024536e-04
1378 8.963956e-03 2.020399e-04
1379 8.945653e-03 2.016270e-04
1380 8.927388e-03 2.012149e-04
1381 8.909160e-03 2.008038e-04
1382 8.890969e-03 2.003934e-04
1383 8.872816e-03 1.999839e-04
1384 8.854699e-03 1.995752e-04
1385 8.836620e-03 1.991674e-04
1386 8.818578e-03 1.987604e-04
1387 8.800572e-03 1.983542e-04
1388 8.782603e-03 1.979488e-04
1389 8.764671e-03 1.975443e-04
1390 8.746776e-03 1.971406e-04
1391 8.728917e-03 1.967377e-04
1392 8.711094e-03 1.963357e-04
1393 8.693308e-03 1.959345e-04
1394 8.675559e-03 1.955341e-04
1395 8.657845e-03 1.951345e-04
1396 8.640168e-03 1.947357e-04
1397 8.622527e-03 1.943378e-04
1398 8.604922e-03 1.939406e-04
1399 8.587353e-03 1.935443e-04
1400 8.569820e-03 1.931488e-04
1401 8.552323e-03 1.927541e-04
1402 8.534862e-03 1.923602e-04
1403 8.517436e-03 1.919671e-04
1404 8.500046e-03 1.915748e-04
1405 8.482691e-03 1.911833e-04
1406 8.465372e-03 1.907926e-04
1407 8.448088e-03 1.904027e-04
1408 8.430839e-03 1.900136e-04
1409 8.413626e-03 1.896253e-04
1410 8.396448e-03 1.892378e-04
1411 8.379305e-03 1.888511e-04
1412 8.362197e-03 1.884651e-04
1413 8.345124e-03 1.880800e-04
1414 8.328086e-03 1.876957e-04
1415 8.311083e-03 1.873121e-04
1416 8.294114e-03 1.869293e-04
1417 8.277181e-03 1.865473e-04
1418 8.260281e-03 1.861661e-04
1419 8.243417e-03 1.857857e-04
1420 8.226587e-03 1.854060e-04
1421 8.209791e-03 1.850271e-04
1422 8.193029e-03 1.846490e-04
1423 8.176302e-03 1.842717e-04
1424 8.159609e-03 1.838951e-04
1425 8.142950e-03 1.835193e-04
1426 8.126325e-03 1.831443e-04
1427 8.109734e-03 1.827700e-04
1428 8.093177e-03 1.823965e-04
1429 8.076654e-03 1.820238e-04
1430 8.060164e-03 1.816518e-04
1431 8.043709e-03 1.812806e-04
1432 8.027287e-03 1.809101e-04
1433 8.010898e-03 1.805404e-04
1434 7.994543e-03 1.801715e-04
1435 7.978221e-03 1.798033e-04
1436 7.961933e-03 1.794358e-04
1437 7.945678e-03 1.790692e-04
1438 7.929456e-03 1.787032e-04
1439 7.913268e-03 1.783380e-04
1440 7.897112e-03 1.779736e-04
1441 7.880990e-03 1.776099e-04
1442 7.864900e-03 1.772469e-04
1443 7.848843e-03 1.768847e-04
1444 7.832820e-03 1.765232e-04
1445 7.816828e-03 1.761625e-04
1446 7.800870e-03 1.758025e-04
1447 7.784944e-03 1.754433e-04
1448 7.769051e-03 1.750847e-04
1449 7.753190e-03 1.747269e-04
1450 7.737362e-03 1.743699e-04
1451 7.721566e-03 1.740135e-04
1452 7.705802e-03 1.736579e-04
1453 7.690070e-03 1.733031e-04
1454 7.674371e-03 1.729489e-04
1455 7.658703e-03 1.725955e-04
1456 7.643068e-03 1.722428e-04
1457 7.627465e-03 1.718908e-04
1458 7.611893e-03 1.715395e-04
1459 7.596354e-03 1.711890e-04
1460 7.580846e-03 1.708391e-04
1461 7.565370e-03 1.704900e-04
1462 7.549925e-03 1.701416e-04
1463 7.534512e-03 1.697939e-04
1464 7.519130e-03 1.694469e-04
1465 7.503780e-03 1.691007e-04
1466 7.488462e-03 1.687551e-04
1467 7.473174e-03 1.684102e-04
1468 7.457918e-03 1.680661e-04
1469 7.442693e-03 1.677226e-04
1470 7.427499e-03 1.673799e-04
1471 7.412336e-03 1.670378e-04
1472 7.397205e-03 1.666965e-04
1473 7.382104e-03 1.663558e-04
1474 7.367034e-03 1.660159e-04
1475 7.351994e-03 1.656766e-04
1476 7.336986e-03 1.653380e-04
1477 7.322008e-03 1.650002e-04
1478 7.307061e-03 1.646630e-04
1479 7.292144e-03 1.643265e-04
1480 7.277258e-03 1.639907e-04
1481 7.262402e-03 1.636556e-04
1482 7.247576e-03 1.633211e-04
1483 7.232781e-03 1.629874e-04
1484 7.218016e-03 1.626543e-04
1485 7.203282e-03 1.623219e-04
1486 7.188577e-03 1.619902e-04
1487 7.173902e-03 1.616592e-04
1488 7.159258e-03 1.613288e-04
1489 7.144643e-03 1.609991e-04
1490 7.130058e-03 1.606701e-04
1491 7.115503e-03 1.603418e-04
1492 7.100978e-03 1.600141e-04
1493 7.086483e-03 1.596871e-04
1494 7.072017e-03 1.593608e-04
1495 7.057580e-03 1.590351e-04
1496 7.043173e-03 1.587101e-04
1497 7.028796e-03 1.583858e-04
1498 7.014448e-03 1.580621e-04
1499 7.000129e-03 1.577391e-04
1500 6.985840e-03 1.574168e-04
1501 6.971579e-03 1.570951e-04
1502 6.957348e-03 1.567741e-04
1503 6.943146e-03 1.564537e-04
1504 6.928973e-03 1.561340e-04
1505 6.914829e-03 1.558149e-04
1506 6.900714e-03 1.554965e-04
1507 6.886628e-03 1.551787e-04
1508 6.872570e-03 1.548616e-04
1509 6.858541e-03 1.545451e-04
1510 6.844541e-03 1.542293e-04
1511 6.830570e-03 1.539141e-04
1512 6.816627e-03 1.535996e-04
1513 6.802712e-03 1.532857e-04
1514 6.788826e-03 1.529725e-04
1515 6.774969e-03 1.526599e-04
1516 6.761139e-03 1.523479e-04
1517 6.747338e-03 1.520366e-04
1518 6.733565e-03 1.517259e-04
1519 6.719821e-03 1.514158e-04
1520 6.706104e-03 1.511064e-04
1521 6.692416e-03 1.507976e-04
1522 6.678755e-03 1.504894e-04
1523 6.665122e-03 1.501819e-04
1524 6.651517e-03 1.498750e-04
1525 6.637940e-03 1.495687e-04
1526 6.624391e-03 1.492631e-04
1527 6.610869e-03 1.489580e-04
1528 6.597375e-03 1.486536e-04
1529 6.583909e-03 1.483499e-04
1530 6.570470e-03 1.480467e-04
1531 6.557059e-03 1.477442e-04
1532 6.543675e-03 1.474422e-04
1533 6.530318e-03 1.471409e-04
1534 6.516989e-03 1.468403e-04
1535 6.503686e-03 1.465402e-04
1536 6.490411e-03 1.462407e-04
1537 6.477164e-03 1.459419e-04
1538 6.463943e-03 1.456436e-04
1539 6.450749e-03 1.453460e-04
1540 6.437582e-03 1.450490e-04
1541 6.424443e-03 1.447526e-04
1542 6.411330e-03 1.444568e-04
1543 6.398243e-03 1.441616e-04
1544 6.385184e-03 1.438670e-04
1545 6.372151e-03 1.435730e-04
1546 6.359145e-03 1.432796e-04
1547 6.346165e-03 1.429868e-04
1548 6.333212e-03 1.426946e-04
1549 6.320286e-03 1.424030e-04
1550 6.307386e-03 1.421119e-04
1551 6.294512e-03 1.418215e-04
1552 6.281664e-03 1.415317e-04
1553 6.268843e-03 1.412425e-04
1554 6.256048e-03 1.409539e-04
1555 6.243279e-03 1.406658e-04
1556 6.230536e-03 1.403784e-04
1557 6.217820e-03 1.400915e-04
1558 6.205129e-03 1.398052e-04
1559 6.192464e-03 1.395195e-04
1560 6.179825e-03 1.392344e-04
1561 6.167212e-03 1.389499e-04
1562 6.154625e-03 1.386659e-04
1563 6.142063e-03 1.383825e-04
1564 6.129527e-03 1.380997e-04
1565 6.117017e-03 1.378175e-04
1566 6.104532e-03 1.375359e-04
1567 6.092073e-03 1.372548e-04
1568 6.079639e-03 1.369744e-04
1569 6.067231e-03 1.366944e-04
1570 6.054848e-03 1.364151e-04
1571 6.042490e-03 1.361363e-04
1572 6.030158e-03 1.358581e-04
1573 6.017850e-03 1.355805e-04
1574 6.005568e-03 1.353034e-04
1575 5.993311e-03 1.350269e-04
1576 5.981079e-03 1.347510e-04
1577 5.968872e-03 1.344756e-04
1578 5.956690e-03 1.342008e-04
1579 5.944533e-03 1.339266e-04
1580 5.932401e-03 1.336529e-04
1581 5.920293e-03 1.333798e-04
1582 5.908211e-03 1.331072e-04
1583 5.896153e-03 1.328352e-04
1584 5.884119e-03 1.325637e-04
1585 5.872110e-03 1.322928e-04
1586 5.860126e-03 1.320225e-04
1587 5.848166e-03 1.317527e-04
1588 5.836231e-03 1.314835e-04
1589 5.824320e-03 1.312148e-04
1590 5.812434e-03 1.309466e-04
1591 5.800571e-03 1.306790e-04
1592 5.788733e-03 1.304120e-04
1593 5.776919e-03 1.301455e-04
1594 5.765130e-03 1.298795e-04
1595 5.753364e-03 1.296141e-04
1596 5.741622e-03 1.293492e-04
1597 5.729905e-03 1.290849e-04
1598 5.718211e-03 1.288211e-04
1599 5.706541e-03 1.285579e-04
1600 5.694895e-03 1.282951e-04
1601 5.683273e-03 1.280330e-04
1602 5.671675e-03 1.277713e-04
1603 5.660100e-03 1.275102e-04
1604 5.648549e-03 1.272496e-04
1605 5.637022e-03 1.269896e-04
1606 5.625518e-03 1.267301e-04
1607 5.614038e-03 1.264711e-04
1608 5.602581e-03 1.262127e-04
1609 5.591147e-03 1.259547e-04
1610 5.579737e-03 1.256974e-04
1611 5.568350e-03 1.254405e-04
1612 5.556987e-03 1.251841e-04
1613 5.545647e-03 1.249283e-04
1614 5.534329e-03 1.246730e-04
1615 5.523036e-03 1.244183e-04
1616 5.511765e-03 1.241640e-04
1617 5.500517e-03 1.239103e-04
1618 5.489292e-03 1.236571e-04
1619 5.478090e-03 1.234044e-04
1620 5.466911e-03 1.231522e-04
1621 5.455755e-03 1.229005e-04
1622 5.444621e-03 1.226494e-04
1623 5.433511e-03 1.223987e-04
1624 5.422423e-03 1.221486e-04
1625 5.411357e-03 1.218990e-04
1626 5.400315e-03 1.216499e-04
1627 5.389295e-03 1.214013e-04
1628 5.378297e-03 1.211532e-04
1629 5.367322e-03 1.209056e-04
1630 5.356369e-03 1.206585e-04
1631 5.345439e-03 1.204119e-04
1632 5.334531e-03 1.201659e-04
1633 5.323645e-03 1.199203e-04
1634 5.312782e-03 1.196753e-04
1635 5.301941e-03 1.194307e-04
1636 5.291121e-03 1.191866e-04
1637 5.280325e-03 1.189431e-04
1638 5.269550e-03 1.187000e-04
1639 5.258797e-03 1.184574e-04
1640 5.248066e-03 1.182154e-04
1641 5.237357e-03 1.179738e-04
1642 5.226670e-03 1.177327e-04
1643 5.216005e-03 1.174921e-04
1644 5.205361e-03 1.172520e-04
1645 5.194739e-03 1.170124e-04
1646 5.184139e-03 1.167733e-04
1647 5.173561e-03 1.165346e-04
1648 5.163004e-03 1.162965e-04
1649 5.152469e-03 1.160588e-04
1650 5.141956e-03 1.158217e-04
1651 5.131463e-03 1.155850e-04
1652 5.120993e-03 1.153488e-04
1653 5.110543e-03 1.151131e-04
1654 5.100116e-03 1.148778e-04
1655 5.089709e-03 1.146431e-04
1656 5.079324e-03 1.144088e-04
1657 5.068959e-03 1.141750e-04
1658 5.058616e-03 1.139417e-04
1659 5.048295e-03 1.137088e-04
1660 5.037994e-03 1.134765e-04
1661 5.027714e-03 1.132446e-04
1662 5.017456e-03 1.130131e-04
1663 5.007218e-03 1.127822e-04
1664 4.997001e-03 1.125517e-04
1665 4.986805e-03 1.123217e-04
1666 4.976630e-03 1.120922e-04
1667 4.966476e-03 1.118631e-04
1668 4.956342e-03 1.116345e-04
1669 4.946230e-03 1.114064e-04
1670 4.936137e-03 1.111787e-04
1671 4.926066e-03 1.109515e-04
1672 4.916015e-03 1.107248e-04
1673 4.905985e-03 1.104985e-04
1674 4.895975e-03 1.102727e-04
1675 4.885985e-03 1.100474e-04
1676 4.876016e-03 1.098225e-04
1677 4.866068e-03 1.095981e-04
1678 4.856139e-03 1.093741e-04
1679 4.846231e-03 1.091506e-04
1680 4.836343e-03 1.089275e-04
1681 4.826476e-03 1.087049e-04
1682 4.816628e-03 1.084828e-04
1683 4.806801e-03 1.082611e-04
1684 4.796994e-03 1.080399e-04
1685 4.787207e-03 1.078191e-04
1686 4.777440e-03 1.075987e-04
1687 4.767692e-03 1.073789e-04
1688 4.757965e-03 1.071594e-04
1689 4.748258e-03 1.069404e-04
1690 4.738570e-03 1.067219e-04
1691 4.728902e-03 1.065038e-04
1692 4.719254e-03 1.062862e-04
1693 4.709626e-03 1.060690e-04
1694 4.700017e-03 1.058522e-04
1695 4.690428e-03 1.056359e-04
1696 4.680859e-03 1.054200e-04
1697 4.671309e-03 1.052046e-04
1698 4.661779e-03 1.049896e-04
1699 4.652268e-03 1.047751e-04
1700 4.642777e-03 1.045609e-04
1701 4.633305e-03 1.043473e-04
1702 4.623852e-03 1.041340e-04
1703 4.614419e-03 1.039212e-04
1704 4.605005e-03 1.037089e-04
1705 4.595610e-03 1.034969e-04
1706 4.586234e-03 1.032854e-04
1707 4.576878e-03 1.030744e-04
1708 4.567540e-03 1.028637e-04
1709 4.558222e-03 1.026535e-04
1710 4.548923e-03 1.024437e-04
1711 4.539643e-03 1.022344e-04
1712 4.530382e-03 1.020255e-04
1713 4.521139e-03 1.018170e-04
1714 4.511916e-03 1.016089e-04
1715 4.502711e-03 1.014013e-04
1716 4.493525e-03 1.011941e-04
1717 4.484358e-03 1.009873e-04
1718 4.475210e-03 1.007809e-04
1719 4.466081e-03 1.005749e-04
1720 4.456970e-03 1.003694e-04
1721 4.447877e-03 1.001643e-04
1722 4.438804e-03 9.995961e-05
1723 4.429749e-03 9.975534e-05
1724 4.420712e-03 9.955148e-05
1725 4.411694e-03 9.934804e-05
1726 4.402694e-03 9.914502e-05
1727 4.393713e-03 9.894242e-05
1728 4.384750e-03 9.874022e-05
1729 4.375805e-03 9.853844e-05
1730 4.366878e-03 9.833708e-05
1731 4.357970e-03 9.813612e-05
1732 4.349080e-03 9.793557e-05
1733 4.340209e-03 9.773544e-05
1734 4.331355e-03 9.753571e-05
1735 4.322519e-03 9.733639e-05
1736 4.313702e-03 9.713748e-05
1737 4.304902e-03 9.693898e-05
1738 4.296121e-03 9.674088e-05
1739 4.287357e-03 9.654319e-05
1740 4.278612e-03 9.634590e-05
1741 4.269884e-03 9.614901e-05
1742 4.261174e-03 9.595252e-05
1743 4.252482e-03 9.575644e-05
1744 4.243807e-03 9.556076e-05
1745 4.235151e-03 9.536548e-05
1746 4.226512e-03 9.517059e-05
1747 4.217890e-03 9.497611e-05
1748 4.209287e-03 9.478202e-05
1749 4.200700e-03 9.458833e-05
1750 4.192132e-03 9.439503e-05
1751 4.183581e-03 9.420213e-05
1752 4.175047e-03 9.400963e-05
1753 4.166531e-03 9.381752e-05
1754 4.158032e-03 9.362580e-05
1755 4.149551e-03 9.343447e-05
1756 4.141087e-03 9.324353e-05
1757 4.132640e-03 9.305298e-05
1758 4.124211e-03 9.286283e-05
1759 4.115799e-03 9.267306e-05
1760 4.107403e-03 9.248368e-05
1761 4.099026e-03 9.229468e-05
1762 4.090665e-03 9.210607e-05
1763 4.082321e-03 9.191785e-05
1764 4.073994e-03 9.173001e-05
1765 4.065685e-03 9.154256e-05
1766 4.057392e-03 9.135549e-05
1767 4.049116e-03 9.116880e-05
1768 4.040858e-03 9.098249e-05
1769 4.032616e-03 9.079656e-05
1770 4.024391e-03 9.061102e-05
1771 4.016182e-03 9.042585e-05
1772 4.007991e-03 9.024106e-05
1773 3.999816e-03 9.005665e-05
1774 3.991658e-03 8.987262e-05
1775 3.983517e-03 8.968896e-05
1776 3.975392e-03 8.950567e-05
1777 3.967284e-03 8.932277e-05
1778 3.959192e-03 8.914023e-05
1779 3.951117e-03 8.895807e-05
1780 3.943059e-03 8.877628e-05
1781 3.935017e-03 8.859486e-05
1782 3.926991e-03 8.841381e-05
1783 3.918982e-03 8.823314e-05
1784 3.910989e-03 8.805283e-05
1785 3.903013e-03 8.787289e-05
1786 3.895052e-03 8.769332e-05
1787 3.887109e-03 8.751411e-05
1788 3.879181e-03 8.733527e-05
1789 3.871269e-03 8.715680e-05
1790 3.863374e-03 8.697869e-05
1791 3.855495e-03 8.680095e-05
1792 3.847632e-03 8.662357e-05
1793 3.839785e-03 8.644655e-05
1794 3.831954e-03 8.626989e-05
1795 3.824139e-03 8.609359e-05
1796 3.816340e-03 8.591766e-05
1797 3.808557e-03 8.574208e-05
1798 3.800789e-03 8.556686e-05
1799 3.793038e-03 8.539200e-05
1800 3.785303e-03 8.521750e-05
1801 3.777583e-03 8.504336e-05
1802 3.769879e-03 8.486957e-05
1803 3.762191e-03 8.469613e-05
1804 3.754519e-03 8.452305e-05
1805 3.746862e-03 8.435033e-05
1806 3.739221e-03 8.417795e-05
1807 3.731595e-03 8.400593e-05
1808 3.723985e-03 8.383426e-05
1809 3.716391e-03 8.366294e-05
1810 3.708812e-03 8.349197e-05
1811 3.701249e-03 8.332136e-05
1812 3.693701e-03 8.315108e-05
1813 3.686169e-03 8.298116e-05
1814 3.678652e-03 8.281159e-05
1815 3.671150e-03 8.264236e-05
1816 3.663664e-03 8.247347e-05
1817 3.656193e-03 8.230494e-05
1818 3.648737e-03 8.213674e-05
1819 3.641296e-03 8.196889e-05
1820 3.633871e-03 8.180139e-05
1821 3.626461e-03 8.163422e-05
1822 3.619066e-03 8.146740e-05
1823 3.611686e-03 8.130092e-05
1824 3.604321e-03 8.113478e-05
1825 3.596971e-03 8.096897e-05
1826 3.589636e-03 8.080351e-05
1827 3.582317e-03 8.063838e-05
1828 3.575012e-03 8.047360e-05
1829 3.567722e-03 8.030914e-05
1830 3.560447e-03 8.014503e-05
1831 3.553187e-03 7.998125e-05
1832 3.545941e-03 7.981781e-05
1833 3.538711e-03 7.965469e-05
1834 3.531495e-03 7.949192e-05
1835 3.524294e-03 7.932947e-05
1836 3.517108e-03 7.916736e-05
1837 3.509937e-03 7.900558e-05
1838 3.502780e-03 7.884413e-05
1839 3.495637e-03 7.868300e-05
1840 3.488510e-03 7.852221e-05
1841 3.481397e-03 7.836175e-05
1842 3.474298e-03 7.820161e-05
1843 3.467214e-03 7.804181e-05
1844 3.460144e-03 7.788232e-05
1845 3.453089e-03 7.772317e-05
1846 3.446049e-03 7.756434e-05
1847 3.439022e-03 7.740583e-05
1848 3.432010e-03 7.724765e-05
1849 3.425013e-03 7.708979e-05
1850 3.418029e-03 7.693225e-05
1851 3.411060e-03 7.677504e-05
1852 3.404105e-03 7.661815e-05
1853 3.397165e-03 7.646157e-05
1854 3.390238e-03 7.630532e-05
1855 3.383326e-03 7.614939e-05
1856 3.376428e-03 7.599377e-05
1857 3.369544e-03 7.583848e-05
1858 3.362674e-03 7.568350e-05
1859 3.355818e-03 7.552884e-05
1860 3.348976e-03 7.537449e-05
1861 3.342148e-03 7.522046e-05
1862 3.335334e-03 7.506674e-05
1863 3.328534e-03 7.491334e-05
1864 3.321748e-03 7.476025e-05
1865 3.314976e-03 7.460748e-05
1866 3.308217e-03 7.445501e-05
1867 3.301472e-03 7.430286e-05
1868 3.294742e-03 7.415102e-05
1869 3.288024e-03 7.399949e-05
1870 3.281321e-03 7.384827e-05
1871 3.274631e-03 7.369736e-05
1872 3.267955e-03 7.354675e-05
1873 3.261293e-03 7.339646e-05
1874 3.254644e-03 7.324647e-05
1875 3.248009e-03 7.309679e-05
1876 3.241388e-03 7.294741e-05
1877 3.234779e-03 7.279834e-05
1878 3.228185e-03 7.264957e-05
1879 3.221604e-03 7.250111e-05
1880 3.215036e-03 7.235295e-05
1881 3.208482e-03 7.220510e-05
1882 3.201941e-03 7.205754e-05
1883 3.195414e-03 7.191029e-05
1884 3.188900e-03 7.176334e-05
1885 3.182399e-03 7.161669e-05
1886 3.175911e-03 7.147033e-05
1887 3.169437e-03 7.132428e-05
1888 3.162976e-03 7.117853e-05
1889 3.156528e-03 7.103307e-05
1890 3.150094e-03 7.088791e-05
1891 3.143672e-03 7.074305e-05
1892 3.137264e-03 7.059848e-05
1893 3.130868e-03 7.045421e-05
1894 3.124486e-03 7.031024e-05
1895 3.118117e-03 7.016655e-05
1896 3.111761e-03 7.002317e-05
1897 3.105418e-03 6.988007e-05
1898 3.099088e-03 6.973727e-05
1899 3.092770e-03 6.959476e-05
1900 3.086466e-03 6.945254e-05
1901 3.080175e-03 6.931061e-05
1902 3.073896e-03 6.916897e-05
1903 3.067630e-03 6.902762e-05
1904 3.061377e-03 6.888656e-05
1905 3.055137e-03 6.874579e-05
1906 3.048910e-03 6.860530e-05
1907 3.042695e-03 6.846510e-05
1908 3.036493e-03 6.832519e-05
1909 3.030304e-03 6.818557e-05
1910 3.024127e-03 6.804623e-05
1911 3.017963e-03 6.790717e-05
1912 3.011811e-03 6.776840e-05
1913 3.005672e-03 6.762991e-05
1914 2.999546e-03 6.749171e-05
1915 2.993432e-03 6.735379e-05
1916 2.987331e-03 6.721615e-05
1917 2.981242e-03 6.707879e-05
1918 2.975166e-03 6.694171e-05
1919 2.969102e-03 6.680491e-05
1920 2.963050e-03 6.666839e-05
1921 2.957011e-03 6.653215e-05
1922 2.950984e-03 6.639619e-05
1923 2.944969e-03 6.626051e-05
1924 2.938967e-03 6.612510e-05
1925 2.932977e-03 6.598997e-05
1926 2.926999e-03 6.585512e-05
1927 2.921034e-03 6.572054e-05
1928 2.915080e-03 6.558624e-05
1929 2.909139e-03 6.545221e-05
1930 2.903210e-03 6.531846e-05
1931 2.897293e-03 6.518497e-05
1932 2.891388e-03 6.505177e-05
1933 2.885496e-03 6.491883e-05
1934 2.879615e-03 6.478617e-05
1935 2.873746e-03 6.465377e-05
1936 2.867890e-03 6.452165e-05
1937 2.862045e-03 6.438980e-05
1938 2.856212e-03 6.425821e-05
1939 2.850391e-03 6.412690e-05
1940 2.844582e-03 6.399585e-05
1941 2.838785e-03 6.386508e-05
1942 2.833000e-03 6.373457e-05
1943 2.827226e-03 6.360432e-05
1944 2.821465e-03 6.347434e-05
1945 2.815715e-03 6.334463e-05
1946 2.809977e-03 6.321518e-05
1947 2.804250e-03 6.308600e-05
1948 2.798536e-03 6.295708e-05
1949 2.792833e-03 6.282843e-05
1950 2.787141e-03 6.270003e-05
1951 2.781461e-03 6.257190e-05
1952 2.775793e-03 6.244403e-05
1953 2.770137e-03 6.231643e-05
1954 2.764492e-03 6.218908e-05
1955 2.758858e-03 6.206200e-05
1956 2.753236e-03 6.193517e-05
1957 2.747626e-03 6.180860e-05
1958 2.742027e-03 6.168229e-05
1959 2.736440e-03 6.155624e-05
1960 2.730863e-03 6.143045e-05
1961 2.725299e-03 6.130492e-05
1962 2.719745e-03 6.117964e-05
1963 2.714203e-03 6.105461e-05
1964 2.708673e-03 6.092985e-05
1965 2.703153e-03 6.080533e-05
1966 2.697645e-03 6.068107e-05
1967 2.692149e-03 6.055707e-05
1968 2.686663e-03 6.043332e-05
1969 2.681189e-03 6.030982e-05
1970 2.675725e-03 6.018658e-05
1971 2.670273e-03 6.006358e-05
1972 2.664833e-03 5.994084e-05
1973 2.659403e-03 5.981835e-05
1974 2.653984e-03 5.969611e-05
1975 2.648577e-03 5.957412e-05
1976 2.643180e-03 5.945237e-05
1977 2.637794e-03 5.933088e-05
1978 2.632420e-03 5.920963e-05
1979 2.627056e-03 5.908864e-05
1980 2.621704e-03 5.896789e-05
1981 2.616362e-03 5.884738e-05
1982 2.611032e-03 5.872713e-05
1983 2.605712e-03 5.860712e-05
1984 2.600403e-03 5.848735e-05
1985 2.595105e-03 5.836783e-05
1986 2.589818e-03 5.824855e-05
1987 2.584541e-03 5.812952e-05
1988 2.579275e-03 5.801073e-05
1989 2.574021e-03 5.789218e-05
1990 2.568776e-03 5.777388e-05
1991 2.563543e-03 5.765581e-05
1992 2.558320e-03 5.753799e-05
1993 2.553108e-03 5.742041e-05
1994 2.547907e-03 5.730307e-05
1995 2.542716e-03 5.718597e-05
1996 2.537536e-03 5.706910e-05
1997 2.532366e-03 5.695248e-05
1998 2.527207e-03 5.683610e-05
1999 2.522059e-03 5.671995e-05
2000 2.516921e-03 5.660404e-05
2001 2.511793e-03 5.648837e-05
2002 2.506676e-03 5.637293e-05
2003 2.501570e-03 5.625773e-05
2004 2.496474e-03 5.614277e-05
2005 2.491388e-03 5.602804e-05
2006 2.486313e-03 5.591354e-05
2007 2.481248e-03 5.579928e-05
2008 2.476193e-03 5.568525e-05
2009 2.471149e-03 5.557145e-05
2010 2.466115e-03 5.545789e-05
2011 2.461091e-03 5.534456e-05
2012 2.456078e-03 5.523146e-05
2013 2.451075e-03 5.511860e-05
2014 2.446082e-03 5.500596e-05
2015 2.441099e-03 5.489355e-05
2016 2.436127e-03 5.478137e-05
2017 2.431165e-03 5.466943e-05
2018 2.426212e-03 5.455771e-05
2019 2.421270e-03 5.444622e-05
2020 2.416338e-03 5.433495e-05
2021 2.411417e-03 5.422392e-05
2022 2.406505e-03 5.411311e-05
2023 2.401603e-03 5.400253e-05
2024 2.396711e-03 5.389217e-05
2025 2.391829e-03 5.378204e-05
2026 2.386958e-03 5.367213e-05
2027 2.382096e-03 5.356245e-05
2028 2.377244e-03 5.345299e-05
2029 2.372402e-03 5.334376e-05
2030 2.367570e-03 5.323475e-05
2031 2.362747e-03 5.312596e-05
2032 2.357935e-03 5.301740e-05
2033 2.353133e-03 5.290905e-05
2034 2.348340e-03 5.280093e-05
2035 2.343557e-03 5.269303e-05
2036 2.338784e-03 5.258535e-05
2037 2.334020e-03 5.247789e-05
2038 2.329267e-03 5.237065e-05
2039 2.324523e-03 5.226363e-05
2040 2.319789e-03 5.215683e-05
2041 2.315064e-03 5.205024e-05
2042 2.310349e-03 5.194387e-05
2043 2.305644e-03 5.183773e-05
2044 2.300948e-03 5.173179e-05
2045 2.296262e-03 5.162608e-05
2046 2.291586e-03 5.152058e-05
2047 2.286919e-03 5.141529e-05
2048 2.282261e-03 5.131022e-05
2049 2.277614e-03 5.120537e-05
2050 2.272975e-03 5.110073e-05
2051 2.268346e-03 5.099630e-05
2052 2.263727e-03 5.089209e-05
2053 2.259117e-03 5.078809e-05
2054 2.254516e-03 5.068430e-05
2055 2.249925e-03 5.058073e-05
2056 2.245343e-03 5.047736e-05
2057 2.240771e-03 5.037421e-05
2058 2.236208e-03 5.027127e-05
2059 2.231654e-03 5.016854e-05
2060 2.227110e-03 5.006601e-05
2061 2.222575e-03 4.996370e-05
2062 2.218049e-03 4.986160e-05
2063 2.213532e-03 4.975971e-05
2064 2.209025e-03 4.965802e-05
2065 2.204527e-03 4.955654e-05
2066 2.200038e-03 4.945527e-05
2067 2.195558e-03 4.935421e-05
2068 2.191087e-03 4.925335e-05
2069 2.186626e-03 4.915270e-05
2070 2.182173e-03 4.905225e-05
2071 2.177730e-03 4.895201e-05
2072 2.173296e-03 4.885198e-05
2073 2.168870e-03 4.875215e-05
2074 2.164454e-03 4.865252e-05
2075 2.160047e-03 4.855309e-05
2076 2.155649e-03 4.845387e-05
2077 2.151260e-03 4.835486e-05
2078 2.146880e-03 4.825604e-05
2079 2.142509e-03 4.815743e-05
2080 2.138147e-03 4.805902e-05
2081 2.133793e-03 4.796081e-05
2082 2.129449e-03 4.786280e-05
2083 2.125113e-03 4.776499e-05
2084 2.120787e-03 4.766738e-05
2085 2.116469e-03 4.756997e-05
2086 2.112160e-03 4.747276e-05
2087 2.107860e-03 4.737574e-05
2088 2.103568e-03 4.727893e-05
2089 2.099286e-03 4.718231e-05
2090 2.095012e-03 4.708589e-05
2091 2.090747e-03 4.698967e-05
2092 2.086490e-03 4.689365e-05
2093 2.082242e-03 4.679782e-05
2094 2.078003e-03 4.670218e-05
2095 2.073773e-03 4.660675e-05
2096 2.069551e-03 4.651150e-05
2097 2.065338e-03 4.641645e-05
2098 2.061134e-03 4.632160e-05
2099 2.056938e-03 4.622694e-05
2100 2.052750e-03 4.613247e-05
2101 2.048572e-03 4.603820e-05
2102 2.044401e-03 4.594412e-05
2103 2.040240e-03 4.585023e-05
2104 2.036086e-03 4.575653e-05
2105 2.031942e-03 4.566303e-05
2106 2.027805e-03 4.556971e-05
2107 2.023678e-03 4.547659e-05
2108 2.019558e-03 4.538366e-05
2109 2.015447e-03 4.529091e-05
2110 2.011345e-03 4.519836e-05
2111 2.007251e-03 4.510600e-05
2112 2.003165e-03 4.501382e-05
2113 1.999087e-03 4.492183e-05
2114 1.995018e-03 4.483003e-05
2115 1.990958e-03 4.473842e-05
2116 1.986905e-03 4.464700e-05
2117 1.982861e-03 4.455576e-05
2118 1.978825e-03 4.446471e-05
2119 1.974797e-03 4.437384e-05
2120 1.970778e-03 4.428316e-05
2121 1.966767e-03 4.419267e-05
2122 1.962764e-03 4.410236e-05
2123 1.958769e-03 4.401223e-05
2124 1.954782e-03 4.392229e-05
2125 1.950804e-03 4.383253e-05
2126 1.946833e-03 4.374296e-05
2127 1.942871e-03 4.365357e-05
2128 1.938917e-03 4.356436e-05
2129 1.934971e-03 4.347534e-05
2130 1.931032e-03 4.338649e-05
2131 1.927102e-03 4.329783e-05
2132 1.923180e-03 4.320935e-05
2133 1.919267e-03 4.312105e-05
2134 1.915361e-03 4.303293e-05
2135 1.911463e-03 4.294499e-05
2136 1.907573e-03 4.285723e-05
2137 1.903691e-03 4.276965e-05
2138 1.899816e-03 4.268225e-05
2139 1.895950e-03 4.259503e-05
2140 1.892092e-03 4.250798e-05
2141 1.888242e-03 4.242111e-05
2142 1.884399e-03 4.233442e-05
2143 1.880564e-03 4.224791e-05
2144 1.876738e-03 4.216158e-05
2145 1.872919e-03 4.207542e-05
2146 1.869107e-03 4.198943e-05
2147 1.865304e-03 4.190363e-05
2148 1.861508e-03 4.181800e-05
2149 1.857720e-03 4.173254e-05
2150 1.853940e-03 4.164726e-05
2151 1.850168e-03 4.156215e-05
2152 1.846403e-03 4.147722e-05
2153 1.842646e-03 4.139245e-05
2154 1.838897e-03 4.130787e-05
2155 1.835155e-03 4.122345e-05
2156 1.831421e-03 4.113921e-05
2157 1.827695e-03 4.105514e-05
2158 1.823976e-03 4.097124e-05
2159 1.820265e-03 4.088752e-05
2160 1.816561e-03 4.080396e-05
2161 1.812865e-03 4.072058e-05
2162 1.809177e-03 4.063736e-05
2163 1.805496e-03 4.055432e-05
2164 1.801822e-03 4.047144e-05
2165 1.798156e-03 4.038874e-05
2166 1.794498e-03 4.030620e-05
2167 1.790847e-03 4.022384e-05
2168 1.787204e-03 4.014164e-05
2169 1.783568e-03 4.005961e-05
2170 1.779939e-03 3.997774e-05
2171 1.776318e-03 3.989605e-05
2172 1.772704e-03 3.981452e-05
2173 1.769098e-03 3.973315e-05
2174 1.765499e-03 3.965196e-05
2175 1.761907e-03 3.957093e-05
2176 1.758323e-03 3.949006e-05
2177 1.754746e-03 3.940936e-05
2178 1.751176e-03 3.932883e-05
2179 1.747614e-03 3.924846e-05
2180 1.744059e-03 3.916825e-05
2181 1.740511e-03 3.908821e-05
2182 1.736970e-03 3.900833e-05
2183 1.733437e-03 3.892862e-05
2184 1.729911e-03 3.884906e-05
2185 1.726392e-03 3.876968e-05
2186 1.722880e-03 3.869045e-05
2187 1.719376e-03 3.861138e-05
2188 1.715878e-03 3.853248e-05
2189 1.712388e-03 3.845374e-05
2190 1.708905e-03 3.837515e-05
2191 1.705429e-03 3.829673e-05
2192 1.701960e-03 3.821847e-05
2193 1.698498e-03 3.814037e-05
2194 1.695044e-03 3.806243e-05
2195 1.691596e-03 3.798465e-05
2196 1.688155e-03 3.790702e-05
2197 1.684722e-03 3.782956e-05
2198 1.681295e-03 3.775225e-05
2199 1.677876e-03 3.767510e-05
2200 1.674463e-03 3.759811e-05
2201 1.671058e-03 3.752128e-05
2202 1.667659e-03 3.744460e-05
2203 1.664267e-03 3.736808e-05
2204 1.660883e-03 3.729172e-05
2205 1.657505e-03 3.721551e-05
2206 1.654134e-03 3.713946e-05
2207 1.650770e-03 3.706357e-05
2208 1.647413e-03 3.698783e-05
2209 1.644062e-03 3.691224e-05
2210 1.640719e-03 3.683681e-05
2211 1.637382e-03 3.676153e-05
2212 1.634053e-03 3.668641e-05
2213 1.630730e-03 3.661144e-05
2214 1.627414e-03 3.653662e-05
2215 1.624104e-03 3.646196e-05
2216 1.620802e-03 3.638744e-05
2217 1.617506e-03 3.631308e-05
2218 1.614216e-03 3.623888e-05
2219 1.610934e-03 3.616482e-05
2220 1.607658e-03 3.609092e-05
2221 1.604389e-03 3.601716e-05
2222 1.601127e-03 3.594356e-05
2223 1.597871e-03 3.587011e-05
2224 1.594622e-03 3.579681e-05
2225 1.591380e-03 3.572366e-05
2226 1.588144e-03 3.565065e-05
2227 1.584915e-03 3.557780e-05
2228 1.581693e-03 3.550509e-05
2229 1.578477e-03 3.543254e-05
2230 1.575267e-03 3.536013e-05
2231 1.572064e-03 3.528787e-05
2232 1.568868e-03 3.521576e-05
2233 1.565678e-03 3.514379e-05
2234 1.562495e-03 3.507198e-05
2235 1.559319e-03 3.500030e-05
2236 1.556148e-03 3.492878e-05
2237 1.552985e-03 3.485740e-05
2238 1.549827e-03 3.478617e-05
2239 1.546677e-03 3.471508e-05
2240 1.543532e-03 3.464414e-05
2241 1.540394e-03 3.457334e-05
2242 1.537263e-03 3.450269e-05
2243 1.534138e-03 3.443218e-05
2244 1.531019e-03 3.436182e-05
2245 1.527907e-03 3.429160e-05
2246 1.524801e-03 3.422152e-05
2247 1.521701e-03 3.415159e-05
2248 1.518608e-03 3.408180e-05
2249 1.515521e-03 3.401215e-05
2250 1.512440e-03 3.394265e-05
2251 1.509366e-03 3.387328e-05
2252 1.506298e-03 3.380406e-05
2253 1.503236e-03 3.373498e-05
2254 1.500180e-03 3.366604e-05
2255 1.497131e-03 3.359725e-05
2256 1.494088e-03 3.352859e-05
2257 1.491051e-03 3.346007e-05
2258 1.488020e-03 3.339169e-05
2259 1.484996e-03 3.332346e-05
2260 1.481978e-03 3.325536e-05
2261 1.478965e-03 3.318740e-05
2262 1.475959e-03 3.311958e-05
2263 1.472960e-03 3.305190e-05
2264 1.469966e-03 3.298436e-05
2265 1.466978e-03 3.291695e-05
2266 1.463997e-03 3.284968e-05
2267 1.461022e-03 3.278256e-05
2268 1.458052e-03 3.271556e-05
2269 1.455089e-03 3.264871e-05
2270 1.452132e-03 3.258199e-05
2271 1.449181e-03 3.251541e-05
2272 1.446236e-03 3.244896e-05
2273 1.443297e-03 3.238265e-05
2274 1.440364e-03 3.231647e-05
2275 1.437437e-03 3.225043e-05
2276 1.434516e-03 3.218453e-05
2277 1.431601e-03 3.211876e-05
2278 1.428692e-03 3.205312e-05
2279 1.425788e-03 3.198762e-05
2280 1.422891e-03 3.192225e-05
2281 1.420000e-03 3.185702e-05
2282 1.417114e-03 3.179192e-05
2283 1.414235e-03 3.172695e-05
2284 1.411361e-03 3.166211e-05
2285 1.408494e-03 3.159741e-05
2286 1.405632e-03 3.153284e-05
2287 1.402776e-03 3.146840e-05
2288 1.399925e-03 3.140409e-05
2289 1.397081e-03 3.133992e-05
2290 1.394243e-03 3.127587e-05
2291 1.391410e-03 3.121196e-05
2292 1.388583e-03 3.114818e-05
2293 1.385762e-03 3.108452e-05
2294 1.382946e-03 3.102100e-05
2295 1.380137e-03 3.095761e-05
2296 1.377333e-03 3.089435e-05
2297 1.374534e-03 3.083121e-05
2298 1.371742e-03 3.076821e-05
2299 1.368955e-03 3.070533e-05
2300 1.366174e-03 3.064258e-05
2301 1.363399e-03 3.057996e-05
2302 1.360629e-03 3.051747e-05
2303 1.357865e-03 3.045511e-05
2304 1.355107e-03 3.039287e-05
2305 1.352354e-03 3.033076e-05
2306 1.349607e-03 3.026878e-05
2307 1.346865e-03 3.020693e-05
2308 1.344129e-03 3.014520e-05
2309 1.341399e-03 3.008359e-05
2310 1.338674e-03 3.002212e-05
2311 1.335955e-03 2.996077e-05
2312 1.333242e-03 2.989954e-05
2313 1.330534e-03 2.983844e-05
2314 1.327831e-03 2.977746e-05
2315 1.325134e-03 2.971661e-05
2316 1.322443e-03 2.965588e-05
2317 1.319757e-03 2.959528e-05
2318 1.317076e-03 2.953480e-05
2319 1.314401e-03 2.947445e-05
2320 1.311732e-03 2.941421e-05
2321 1.309068e-03 2.935410e-05
2322 1.306409e-03 2.929412e-05
2323 1.303756e-03 2.923425e-05
2324 1.301108e-03 2.917451e-05
2325 1.298466e-03 2.911489e-05
2326 1.295829e-03 2.905540e-05
2327 1.293197e-03 2.899602e-05
2328 1.290571e-03 2.893677e-05
2329 1.287950e-03 2.887763e-05
2330 1.285335e-03 2.881862e-05
2331 1.282725e-03 2.875973e-05
2332 1.280120e-03 2.870096e-05
2333 1.277520e-03 2.864230e-05
2334 1.274926e-03 2.858377e-05
2335 1.272337e-03 2.852536e-05
2336 1.269754e-03 2.846707e-05
2337 1.267176e-03 2.840889e-05
2338 1.264603e-03 2.835084e-05
2339 1.262035e-03 2.829290e-05
2340 1.259472e-03 2.823509e-05
2341 1.256915e-03 2.817739e-05
2342 1.254363e-03 2.811980e-05
2343 1.251816e-03 2.806234e-05
2344 1.249275e-03 2.800499e-05
2345 1.246739e-03 2.794776e-05
2346 1.244207e-03 2.789065e-05
2347 1.241681e-03 2.783366e-05
2348 1.239160e-03 2.777678e-05
2349 1.236645e-03 2.772001e-05
2350 1.234134e-03 2.766337e-05
2351 1.231629e-03 2.760684e-05
2352 1.229128e-03 2.755042e-05
2353 1.226633e-03 2.749412e-05
2354 1.224143e-03 2.743793e-05
2355 1.221658e-03 2.738186e-05
2356 1.219178e-03 2.732591e-05
2357 1.216703e-03 2.727007e-05
2358 1.214234e-03 2.721434e-05
2359 1.211769e-03 2.715872e-05
2360 1.209309e-03 2.710322e-05
2361 1.206854e-03 2.704784e-05
2362 1.204405e-03 2.699256e-05
2363 1.201960e-03 2.693740e-05
2364 1.199521e-03 2.688236e-05
2365 1.197086e-03 2.682742e-05
2366 1.194656e-03 2.677260e-05
2367 1.192231e-03 2.671789e-05
2368 1.189812e-03 2.666329e-05
2369 1.187397e-03 2.660880e-05
2370 1.184987e-03 2.655442e-05
2371 1.182582e-03 2.650016e-05
2372 1.180182e-03 2.644601e-05
2373 1.177787e-03 2.639196e-05
2374 1.175397e-03 2.633803e-05
2375 1.173011e-03 2.628421e-05
2376 1.170631e-03 2.623049e-05
2377 1.168255e-03 2.617689e-05
2378 1.165885e-03 2.612340e-05
2379 1.163519e-03 2.607001e-05
2380 1.161158e-03 2.601674e-05
2381 1.158801e-03 2.596357e-05
2382 1.156450e-03 2.591051e-05
2383 1.154103e-03 2.585756e-05
2384 1.151762e-03 2.580472e-05
2385 1.149425e-03 2.575199e-05
2386 1.147092e-03 2.569936e-05
2387 1.144765e-03 2.564685e-05
2388 1.142442e-03 2.559444e-05
2389 1.140124e-03 2.554213e-05
2390 1.137811e-03 2.548994e-05
2391 1.135503e-03 2.543785e-05
2392 1.133199e-03 2.538586e-05
2393 1.130900e-03 2.533399e-05
2394 1.128605e-03 2.528222e-05
2395 1.126316e-03 2.523055e-05
2396 1.124031e-03 2.517899e-05
2397 1.121750e-03 2.512754e-05
2398 1.119475e-03 2.507619e-05
2399 1.117204e-03 2.502494e-05
2400 1.114937e-03 2.497380e-05
2401 1.112676e-03 2.492277e-05
2402 1.110419e-03 2.487184e-05
2403 1.108166e-03 2.482101e-05
2404 1.105918e-03 2.477029e-05
2405 1.103675e-03 2.471967e-05
2406 1.101436e-03 2.466915e-05
2407 1.099202e-03 2.461874e-05
2408 1.096973e-03 2.456843e-05
2409 1.094748e-03 2.451823e-05
2410 1.092527e-03 2.446812e-05
2411 1.090311e-03 2.441812e-05
2412 1.088100e-03 2.436822e-05
2413 1.085893e-03 2.431842e-05
2414 1.083691e-03 2.426873e-05
2415 1.081493e-03 2.421913e-05
2416 1.079300e-03 2.416964e-05
2417 1.077111e-03 2.412025e-05
2418 1.074926e-03 2.407096e-05
2419 1.072747e-03 2.402177e-05
2420 1.070571e-03 2.397268e-05
2421 1.068400e-03 2.392369e-05
2422 1.066234e-03 2.387480e-05
2423 1.064071e-03 2.382601e-05
2424 1.061914e-03 2.377732e-05
2425 1.059760e-03 2.372873e-05
2426 1.057611e-03 2.368024e-05
2427 1.055467e-03 2.363185e-05
2428 1.053327e-03 2.358356e-05
2429 1.051191e-03 2.353536e-05
2430 1.049060e-03 2.348727e-05
2431 1.046933e-03 2.343927e-05
2432 1.044810e-03 2.339137e-05
2433 1.042692e-03 2.334357e-05
2434 1.040578e-03 2.329587e-05
2435 1.038468e-03 2.324826e-05
2436 1.036363e-03 2.320075e-05
2437 1.034262e-03 2.315334e-05
2438 1.032165e-03 2.310602e-05
2439 1.030073e-03 2.305881e-05
2440 1.027984e-03 2.301168e-05
2441 1.025900e-03 2.296466e-05
2442 1.023821e-03 2.291773e-05
2443 1.021745e-03 2.287090e-05
2444 1.019674e-03 2.282416e-05
2445 1.017607e-03 2.277752e-05
2446 1.015545e-03 2.273097e-05
2447 1.013486e-03 2.268452e-05
2448 1.011432e-03 2.263816e-05
2449 1.009382e-03 2.259190e-05
2450 1.007336e-03 2.254573e-05
2451 1.005294e-03 2.249966e-05
2452 1.003257e-03 2.245368e-05
2453 1.001223e-03 2.240780e-05
2454 9.991942e-04 2.236200e-05
2455 9.971691e-04 2.231631e-05
2456 9.951482e-04 2.227070e-05
2457 9.931315e-04 2.222519e-05
2458 9.911188e-04 2.217977e-05
2459 9.891103e-04 2.213445e-05
2460 9.871059e-04 2.208921e-05
2461 9.851055e-04 2.204407e-05
2462 9.831093e-04 2.199903e-05
2463 9.811172e-04 2.195407e-05
2464 9.791291e-04 2.190921e-05
2465 9.771451e-04 2.186443e-05
2466 9.751651e-04 2.181975e-05
2467 9.731892e-04 2.177516e-05
2468 9.712174e-04 2.173067e-05
2469 9.692496e-04 2.168626e-05
2470 9.672858e-04 2.164194e-05
2471 9.653260e-04 2.159772e-05
2472 9.633702e-04 2.155358e-05
2473 9.614184e-04 2.150953e-05
2474 9.594706e-04 2.146558e-05
2475 9.575268e-04 2.142171e-05
2476 9.555870e-04 2.137794e-05
2477 9.536511e-04 2.133425e-05
2478 9.517192e-04 2.129065e-05
2479 9.497913e-04 2.124714e-05
2480 9.478673e-04 2.120372e-05
2481 9.459472e-04 2.116039e-05
2482 9.440311e-04 2.111715e-05
2483 9.421188e-04 2.107400e-05
2484 9.402105e-04 2.103093e-05
2485 9.383061e-04 2.098795e-05
2486 9.364056e-04 2.094506e-05
2487 9.345090e-04 2.090226e-05
2488 9.326162e-04 2.085955e-05
2489 9.307273e-04 2.081692e-05
2490 9.288423e-04 2.077438e-05
2491 9.269611e-04 2.073193e-05
2492 9.250838e-04 2.068956e-05
2493 9.232104e-04 2.064728e-05
2494 9.213407e-04 2.060509e-05
2495 9.194749e-04 2.056298e-05
2496 9.176129e-04 2.052096e-05
2497 9.157547e-04 2.047902e-05
2498 9.139003e-04 2.043717e-05
2499 9.120497e-04 2.039541e-05
2500 9.102029e-04 2.035373e-05
2501 9.083598e-04 2.031214e-05
2502 9.065206e-04 2.027063e-05
2503 9.046851e-04 2.022920e-05
2504 9.028533e-04 2.018786e-05
2505 9.010253e-04 2.014661e-05
2506 8.992010e-04 2.010544e-05
2507 8.973805e-04 2.006435e-05
2508 8.955637e-04 2.002335e-05
2509 8.937506e-04 1.998243e-05
2510 8.919412e-04 1.994160e-05
2511 8.901355e-04 1.990085e-05
2512 8.883335e-04 1.986018e-05
2513 8.865352e-04 1.981959e-05
2514 8.847406e-04 1.977909e-05
2515 8.829496e-04 1.973867e-05
2516 8.811623e-04 1.969833e-05
2517 8.793787e-04 1.965808e-05
2518 8.775987e-04 1.961791e-05
2519 8.758223e-04 1.957782e-05
2520 8.740496e-04 1.953781e-05
2521 8.722805e-04 1.949788e-05
2522 8.705150e-04 1.945804e-05
2523 8.687532e-04 1.941828e-05
2524 8.669949e-04 1.937859e-05
2525 8.652402e-04 1.933899e-05
2526 8.634892e-04 1.929947e-05
2527 8.617417e-04 1.926003e-05
2528 8.599978e-04 1.922067e-05
2529 8.582574e-04 1.918140e-05
2530 8.565206e-04 1.914220e-05
2531 8.547874e-04 1.910308e-05
2532 8.530577e-04 1.906404e-05
2533 8.513315e-04 1.902508e-05
2534 8.496089e-04 1.898621e-05
2535 8.478898e-04 1.894741e-05
2536 8.461742e-04 1.890869e-05
2537 8.444622e-04 1.887005e-05
2538 8.427536e-04 1.883148e-05
2539 8.410485e-04 1.879300e-05
2540 8.393469e-04 1.875460e-05
2541 8.376488e-04 1.871627e-05
2542 8.359542e-04 1.867802e-05
2543 8.342630e-04 1.863985e-05
2544 8.325753e-04 1.860176e-05
2545 8.308910e-04 1.856375e-05
2546 8.292102e-04 1.852581e-05
2547 8.275329e-04 1.848796e-05
2548 8.258589e-04 1.845017e-05
2549 8.241884e-04 1.841247e-05
2550 8.225213e-04 1.837484e-05
2551 8.208576e-04 1.833729e-05
2552 8.191973e-04 1.829982e-05
2553 8.175404e-04 1.826243e-05
2554 8.158869e-04 1.822511e-05
2555 8.142368e-04 1.818786e-05
2556 8.125901e-04 1.815069e-05
2557 8.109467e-04 1.811360e-05
2558 8.093067e-04 1.807659e-05
2559 8.076700e-04 1.803965e-05
2560 8.060367e-04 1.800278e-05
2561 8.044068e-04 1.796599e-05
2562 8.027801e-04 1.792928e-05
2563 8.011568e-04 1.789264e-05
2564 7.995369e-04 1.785607e-05
2565 7.979202e-04 1.781958e-05
2566 7.963068e-04 1.778317e-05
2567 7.946968e-04 1.774683e-05
2568 7.930900e-04 1.771056e-05
2569 7.914865e-04 1.767437e-05
2570 7.898863e-04 1.763825e-05
2571 7.882894e-04 1.760221e-05
2572 7.866957e-04 1.756624e-05
2573 7.851053e-04 1.753034e-05
2574 7.835182e-04 1.749451e-05
2575 7.819343e-04 1.745876e-05
2576 7.803536e-04 1.742309e-05
2577 7.787762e-04 1.738748e-05
2578 7.772020e-04 1.735195e-05
2579 7.756311e-04 1.731649e-05
2580 7.740633e-04 1.728110e-05
2581 7.724987e-04 1.724579e-05
2582 7.709374e-04 1.721055e-05
2583 7.693792e-04 1.717538e-05
2584 7.678243e-04 1.714028e-05
2585 7.662725e-04 1.710525e-05
2586 7.647239e-04 1.707029e-05
2587 7.631784e-04 1.703541e-05
2588 7.616361e-04 1.700060e-05
2589 7.600970e-04 1.696586e-05
2590 7.585610e-04 1.693119e-05
2591 7.570282e-04 1.689659e-05
2592 7.554985e-04 1.686206e-05
2593 7.539719e-04 1.682760e-05
2594 7.524485e-04 1.679321e-05
2595 7.509282e-04 1.675889e-05
2596 7.494110e-04 1.672465e-05
2597 7.478968e-04 1.669047e-05
2598 7.463858e-04 1.665636e-05
2599 7.448779e-04 1.662232e-05
2600 7.433731e-04 1.658836e-05
2601 7.418713e-04 1.655446e-05
2602 7.403726e-04 1.652063e-05
2603 7.388770e-04 1.648687e-05
2604 7.373845e-04 1.645317e-05
2605 7.358949e-04 1.641955e-05
2606 7.344085e-04 1.638600e-05
2607 7.329251e-04 1.635251e-05
2608 7.314447e-04 1.631909e-05
2609 7.299673e-04 1.628575e-05
2610 7.284930e-04 1.625247e-05
2611 7.270217e-04 1.621925e-05
2612 7.255534e-04 1.618611e-05
2613 7.240881e-04 1.615303e-05
2614 7.226258e-04 1.612002e-05
2615 7.211665e-04 1.608708e-05
2616 7.197102e-04 1.605421e-05
2617 7.182569e-04 1.602140e-05
2618 7.168065e-04 1.598866e-05
2619 7.153591e-04 1.595598e-05
2620 7.139147e-04 1.592338e-05
2621 7.124732e-04 1.589084e-05
2622 7.110347e-04 1.585836e-05
2623 7.095991e-04 1.582596e-05
2624 7.081664e-04 1.579362e-05
2625 7.067367e-04 1.576134e-05
2626 7.053099e-04 1.572913e-05
2627 7.038861e-04 1.569699e-05
2628 7.024651e-04 1.566491e-05
2629 7.010471e-04 1.563290e-05
2630 6.996319e-04 1.560095e-05
2631 6.982197e-04 1.556907e-05
2632 6.968103e-04 1.553726e-05
2633 6.954038e-04 1.550550e-05
2634 6.940002e-04 1.547382e-05
2635 6.925995e-04 1.544220e-05
2636 6.912017e-04 1.541064e-05
2637 6.898067e-04 1.537915e-05
2638 6.884145e-04 1.534772e-05
2639 6.870252e-04 1.531636e-05
2640 6.856388e-04 1.528506e-05
2641 6.842552e-04 1.525382e-05
2642 6.828744e-04 1.522265e-05
2643 6.814964e-04 1.519154e-05
2644 6.801213e-04 1.516050e-05
2645 6.787490e-04 1.512952e-05
2646 6.773795e-04 1.509860e-05
2647 6.760128e-04 1.506774e-05
2648 6.746489e-04 1.503695e-05
2649 6.732877e-04 1.500622e-05
2650 6.719294e-04 1.497556e-05
2651 6.705739e-04 1.494495e-05
2652 6.692211e-04 1.491441e-05
2653 6.678711e-04 1.488393e-05
2654 6.665238e-04 1.485352e-05
2655 6.651793e-04 1.482317e-05
2656 6.638376e-04 1.479287e-05
2657 6.624986e-04 1.476264e-05
2658 6.611624e-04 1.473248e-05
2659 6.598289e-04 1.470237e-05
2660 6.584981e-04 1.467232e-05
2661 6.571700e-04 1.464234e-05
2662 6.558447e-04 1.461242e-05
2663 6.545220e-04 1.458256e-05
2664 6.532021e-04 1.455276e-05
2665 6.518849e-04 1.452302e-05
2666 6.505704e-04 1.449334e-05
2667 6.492585e-04 1.446372e-05
2668 6.479494e-04 1.443416e-05
2669 6.466429e-04 1.440467e-05
2670 6.453391e-04 1.437523e-05
2671 6.440380e-04 1.434586e-05
2672 6.427395e-04 1.431654e-05
2673 6.414437e-04 1.428728e-05
2674 6.401506e-04 1.425809e-05
2675 6.388601e-04 1.422895e-05
2676 6.375722e-04 1.419987e-05
2677 6.362870e-04 1.417085e-05
2678 6.350044e-04 1.414189e-05
2679 6.337244e-04 1.411299e-05
2680 6.324471e-04 1.408415e-05
2681 6.311724e-04 1.405537e-05
2682 6.299002e-04 1.402665e-05
2683 6.286307e-04 1.399799e-05
2684 6.273638e-04 1.396938e-05
2685 6.260995e-04 1.394083e-05
2686 6.248377e-04 1.391234e-05
2687 6.235786e-04 1.388391e-05
2688 6.223220e-04 1.385554e-05
2689 6.210680e-04 1.382723e-05
2690 6.198166e-04 1.379897e-05
2691 6.185677e-04 1.377077e-05
2692 6.173214e-04 1.374263e-05
2693 6.160776e-04 1.371455e-05
2694 6.148364e-04 1.368652e-05
2695 6.135977e-04 1.365855e-05
2696 6.123616e-04 1.363064e-05
2697 6.111279e-04 1.360279e-05
2698 6.098969e-04 1.357499e-05
2699 6.086683e-04 1.354725e-05
2700 6.074422e-04 1.351956e-05
2701 6.062187e-04 1.349193e-05
2702 6.049977e-04 1.346436e-05
2703 6.037791e-04 1.343685e-05
2704 6.025631e-04 1.340939e-05
2705 6.013495e-04 1.338199e-05
2706 6.001385e-04 1.335464e-05
2707 5.989299e-04 1.332735e-05
2708 5.977238e-04 1.330011e-05
2709 5.965201e-04 1.327294e-05
2710 5.953190e-04 1.324581e-05
2711 5.941202e-04 1.321874e-05
2712 5.929240e-04 1.319173e-05
2713 5.917302e-04 1.316477e-05
2714 5.905388e-04 1.313787e-05
2715 5.893499e-04 1.311102e-05
2716 5.881634e-04 1.308423e-05
2717 5.869793e-04 1.305749e-05
2718 5.857977e-04 1.303081e-05
2719 5.846184e-04 1.300418e-05
2720 5.834416e-04 1.297760e-05
2721 5.822672e-04 1.295108e-05
2722 5.810952e-04 1.292462e-05
2723 5.799257e-04 1.289821e-05
2724 5.787585e-04 1.287185e-05
2725 5.775937e-04 1.284554e-05
2726 5.764312e-04 1.281929e-05
2727 5.752712e-04 1.279310e-05
2728 5.741135e-04 1.276695e-05
2729 5.729582e-04 1.274086e-05
2730 5.718053e-04 1.271483e-05
2731 5.706547e-04 1.268884e-05
2732 5.695065e-04 1.266291e-05
2733 5.683607e-04 1.263704e-05
2734 5.672172e-04 1.261121e-05
2735 5.660760e-04 1.258544e-05
2736 5.649372e-04 1.255972e-05
2737 5.638007e-04 1.253405e-05
2738 5.626665e-04 1.250844e-05
2739 5.615346e-04 1.248288e-05
2740 5.604051e-04 1.245737e-05
2741 5.592779e-04 1.243191e-05
2742 5.581530e-04 1.240651e-05
2743 5.570304e-04 1.238115e-05
2744 5.559101e-04 1.235585e-05
2745 5.547921e-04 1.233060e-05
2746 5.536763e-04 1.230541e-05
2747 5.525629e-04 1.228026e-05
2748 5.514517e-04 1.225516e-05
2749 5.503429e-04 1.223012e-05
2750 5.492363e-04 1.220513e-05
2751 5.481319e-04 1.218019e-05
2752 5.470298e-04 1.215529e-05
2753 5.459300e-04 1.213045e-05
2754 5.448324e-04 1.210567e-05
2755 5.437371e-04 1.208093e-05
2756 5.426441e-04 1.205624e-05
2757 5.415532e-04 1.203160e-05
2758 5.404646e-04 1.200701e-05
2759 5.393782e-04 1.198248e-05
2760 5.382941e-04 1.195799e-05
2761 5.372122e-04 1.193355e-05
2762 5.361325e-04 1.190917e-05
2763 5.350550e-04 1.188483e-05
2764 5.339797e-04 1.186054e-05
2765 5.329066e-04 1.183631e-05
2766 5.318357e-04 1.181212e-05
2767 5.307670e-04 1.178798e-05
2768 5.297005e-04 1.176389e-05
2769 5.286362e-04 1.173985e-05
2770 5.275740e-04 1.171586e-05
2771 5.265140e-04 1.169192e-05
2772 5.254563e-04 1.166802e-05
2773 5.244006e-04 1.164418e-05
2774 5.233472e-04 1.162039e-05
2775 5.222959e-04 1.159664e-05
2776 5.212467e-04 1.157294e-05
2777 5.201997e-04 1.154929e-05
2778 5.191548e-04 1.152569e-05
2779 5.181121e-04 1.150214e-05
2780 5.170716e-04 1.147863e-05
2781 5.160331e-04 1.145517e-05
2782 5.149968e-04 1.143176e-05
2783 5.139626e-04 1.140840e-05
2784 5.129305e-04 1.138509e-05
2785 5.119006e-04 1.136182e-05
2786 5.108727e-04 1.133861e-05
2787 5.098470e-04 1.131543e-05
2788 5.088233e-04 1.129231e-05
2789 5.078018e-04 1.126923e-05
2790 5.067823e-04 1.124621e-05
2791 5.057649e-04 1.122322e-05
2792 5.047497e-04 1.120029e-05
2793 5.037365e-04 1.117740e-05
2794 5.027253e-04 1.115456e-05
2795 5.017163e-04 1.113176e-05
2796 5.007093e-04 1.110902e-05
2797 4.997044e-04 1.108631e-05
2798 4.987015e-04 1.106366e-05
2799 4.977007e-04 1.104105e-05
2800 4.967020e-04 1.101849e-05
2801 4.957053e-04 1.099597e-05
2802 4.947106e-04 1.097350e-05
2803 4.937180e-04 1.095107e-05
2804 4.927274e-04 1.092870e-05
2805 4.917388e-04 1.090636e-05
2806 4.907523e-04 1.088407e-05
2807 4.897678e-04 1.086183e-05
2808 4.887853e-04 1.083964e-05
2809 4.878048e-04 1.081748e-05
2810 4.868263e-04 1.079538e-05
2811 4.858499e-04 1.077332e-05
2812 4.848754e-04 1.075130e-05
2813 4.839029e-04 1.072933e-05
2814 4.829325e-04 1.070741e-05
2815 4.819640e-04 1.068552e-05
2816 4.809975e-04 1.066369e-05
2817 4.800330e-04 1.064190e-05
2818 4.790704e-04 1.062015e-05
2819 4.781098e-04 1.059845e-05
2820 4.771512e-04 1.057679e-05
2821 4.761946e-04 1.055517e-05
2822 4.752399e-04 1.053360e-05
2823 4.742872e-04 1.051208e-05
2824 4.733365e-04 1.049060e-05
2825 4.723876e-04 1.046916e-05
2826 4.714408e-04 1.044776e-05
2827 4.704958e-04 1.042641e-05
2828 4.695528e-04 1.040511e-05
2829 4.686118e-04 1.038384e-05
2830 4.676727e-04 1.036262e-05
2831 4.667355e-04 1.034145e-05
2832 4.658002e-04 1.032031e-05
2833 4.648668e-04 1.029922e-05
2834 4.639354e-04 1.027818e-05
2835 4.630058e-04 1.025717e-05
2836 4.620782e-04 1.023621e-05
2837 4.611525e-04 1.021529e-05
2838 4.602286e-04 1.019442e-05
2839 4.593067e-04 1.017359e-05
2840 4.583866e-04 1.015280e-05
2841 4.574685e-04 1.013205e-05
2842 4.565522e-04 1.011134e-05
2843 4.556378e-04 1.009068e-05
2844 4.547252e-04 1.007006e-05
2845 4.538146e-04 1.004948e-05
2846 4.529058e-04 1.002894e-05
2847 4.519989e-04 1.000845e-05
2848 4.510938e-04 9.987998e-06
2849 4.501906e-04 9.967587e-06
2850 4.492892e-04 9.947218e-06
2851 4.483897e-04 9.926890e-06
2852 4.474921e-04 9.906604e-06
2853 4.465962e-04 9.886359e-06
2854 4.457023e-04 9.866156e-06
2855 4.448101e-04 9.845994e-06
2856 4.439198e-04 9.825874e-06
2857 4.430313e-04 9.805794e-06
2858 4.421446e-04 9.785755e-06
2859 4.412597e-04 9.765758e-06
2860 4.403767e-04 9.745801e-06
2861 4.394955e-04 9.725885e-06
2862 4.386160e-04 9.706010e-06
2863 4.377384e-04 9.686175e-06
2864 4.368626e-04 9.666381e-06
2865 4.359886e-04 9.646628e-06
2866 4.351163e-04 9.626914e-06
2867 4.342459e-04 9.607241e-06
2868 4.333772e-04 9.587608e-06
2869 4.325104e-04 9.568016e-06
2870 4.316453e-04 9.548463e-06
2871 4.307820e-04 9.528951e-06
2872 4.299204e-04 9.509478e-06
2873 4.290606e-04 9.490045e-06
2874 4.282026e-04 9.470651e-06
2875 4.273463e-04 9.451298e-06
2876 4.264918e-04 9.431984e-06
2877 4.256391e-04 9.412709e-06
2878 4.247881e-04 9.393474e-06
2879 4.239388e-04 9.374278e-06
2880 4.230913e-04 9.355121e-06
2881 4.222455e-04 9.336003e-06
2882 4.214015e-04 9.316925e-06
2883 4.205592e-04 9.297885e-06
2884 4.197186e-04 9.278885e-06
2885 4.188798e-04 9.259923e-06
2886 4.180426e-04 9.241000e-06
2887 4.172072e-04 9.222116e-06
2888 4.163735e-04 9.203270e-06
2889 4.155415e-04 9.184463e-06
2890 4.147112e-04 9.165694e-06
2891 4.138826e-04 9.146963e-06
2892 4.130558e-04 9.128271e-06
2893 4.122306e-04 9.109617e-06
2894 4.114071e-04 9.091001e-06
2895 4.105853e-04 9.072423e-06
2896 4.097652e-04 9.053883e-06
2897 4.089467e-04 9.035381e-06
2898 4.081300e-04 9.016917e-06
2899 4.073149e-04 8.998491e-06
2900 4.065015e-04 8.980102e-06
2901 4.056898e-04 8.961751e-06
2902 4.048797e-04 8.943437e-06
2903 4.040713e-04 8.925161e-06
2904 4.032646e-04 8.906922e-06
2905 4.024595e-04 8.888720e-06
2906 4.016560e-04 8.870556e-06
2907 4.008542e-04 8.852428e-06
2908 4.000541e-04 8.834338e-06
2909 3.992556e-04 8.816285e-06
2910 3.984587e-04 8.798268e-06
2911 3.976635e-04 8.780289e-06
2912 3.968699e-04 8.762346e-06
2913 3.960780e-04 8.744440e-06
2914 3.952876e-04 8.726570e-06
2915 3.944989e-04 8.708737e-06
2916 3.937118e-04 8.690940e-06
2917 3.929263e-04 8.673180e-06
2918 3.921425e-04 8.655456e-06
2919 3.913602e-04 8.637768e-06
2920 3.905795e-04 8.620117e-06
2921 3.898005e-04 8.602501e-06
2922 3.890230e-04 8.584921e-06
2923 3.882472e-04 8.567378e-06
2924 3.874729e-04 8.549870e-06
2925 3.867002e-04 8.532398e-06
2926 3.859292e-04 8.514962e-06
2927 3.851596e-04 8.497561e-06
2928 3.843917e-04 8.480196e-06
2929 3.836254e-04 8.462866e-06
2930 3.828606e-04 8.445572e-06
2931 3.820974e-04 8.428313e-06
2932 3.813358e-04 8.411089e-06
2933 3.805757e-04 8.393901e-06
2934 3.798172e-04 8.376748e-06
2935 3.790602e-04 8.359630e-06
2936 3.783048e-04 8.342546e-06
2937 3.775510e-04 8.325498e-06
2938 3.767987e-04 8.308484e-06
2939 3.760479e-04 8.291506e-06
2940 3.752987e-04 8.274562e-06
2941 3.745510e-04 8.257652e-06
2942 3.738049e-04 8.240777e-06
2943 3.730603e-04 8.223937e-06
2944 3.723172e-04 8.207131e-06
2945 3.715757e-04 8.190360e-06
2946 3.708356e-04 8.173622e-06
2947 3.700971e-04 8.156919e-06
2948 3.693601e-04 8.140250e-06
2949 3.686247e-04 8.123615e-06
2950 3.678907e-04 8.107014e-06
2951 3.671582e-04 8.090447e-06
2952 3.664273e-04 8.073914e-06
2953 3.656978e-04 8.057415e-06
2954 3.649699e-04 8.040949e-06
2955 3.642434e-04 8.024517e-06
2956 3.635184e-04 8.008118e-06
2957 3.627950e-04 7.991754e-06
2958 3.620730e-04 7.975422e-06
2959 3.613525e-04 7.959124e-06
2960 3.606334e-04 7.942859e-06
2961 3.599159e-04 7.926628e-06
2962 3.591998e-04 7.910429e-06
2963 3.584852e-04 7.894264e-06
2964 3.577721e-04 7.878132e-06
2965 3.570604e-04 7.862032e-06
2966 3.563502e-04 7.845966e-06
2967 3.556414e-04 7.829932e-06
2968 3.549342e-04 7.813932e-06
2969 3.542283e-04 7.797964e-06
2970 3.535239e-04 7.782028e-06
2971 3.528210e-04 7.766125e-06
2972 3.521195e-04 7.750255e-06
2973 3.514194e-04 7.734417e-06
2974 3.507208e-04 7.718611e-06
2975 3.500236e-04 7.702838e-06
2976 3.493279e-04 7.687097e-06
2977 3.486336e-04 7.671388e-06
2978 3.479407e-04 7.655711e-06
2979 3.472492e-04 7.640066e-06
2980 3.465592e-04 7.624454e-06
2981 3.458705e-04 7.608873e-06
2982 3.451833e-04 7.593324e-06
2983 3.444975e-04 7.577806e-06
2984 3.438131e-04 7.562321e-06
2985 3.431302e-04 7.546867e-06
2986 3.424486e-04 7.531445e-06
2987 3.417684e-04 7.516054e-06
2988 3.410896e-04 7.500694e-06
2989 3.404122e-04 7.485366e-06
2990 3.397363e-04 7.470070e-06
2991 3.390617e-04 7.454804e-06
2992 3.383884e-04 7.439570e-06
2993 3.377166e-04 7.424367e-06
2994 3.370462e-04 7.409195e-06
2995 3.363771e-04 7.394054e-06
2996 3.357094e-04 7.378944e-06
2997 3.350431e-04 7.363865e-06
2998 3.343781e-04 7.348816e-06
2999 3.337145e-04 7.333799e-06
3000 3.330523e-04 7.318812e-06
3001 3.323915e-04 7.303856e-06
3002 3.317320e-04 7.288930e-06
3003 3.310738e-04 7.274035e-06
3004 3.304170e-04 7.259170e-06
3005 3.297616e-04 7.244335e-06
3006 3.291075e-04 7.229531e-06
3007 3.284548e-04 7.214758e-06
3008 3.278034e-04 7.200014e-06
3009 3.271533e-04 7.185300e-06
3010 3.265046e-04 7.170617e-06
3011 3.258572e-04 7.155963e-06
3012 3.252111e-04 7.141340e-06
3013 3.245664e-04 7.126746e-06
3014 3.239230e-04 7.112183e-06
3015 3.232809e-04 7.097648e-06
3016 3.226402e-04 7.083144e-06
3017 3.220007e-04 7.068669e-06
3018 3.213626e-04 7.054224e-06
3019 3.207258e-04 7.039809e-06
3020 3.200903e-04 7.025423e-06
3021 3.194561e-04 7.011066e-06
3022 3.188232e-04 6.996738e-06
3023 3.181916e-04 6.982440e-06
3024 3.175613e-04 6.968171e-06
3025 3.169323e-04 6.953932e-06
3026 3.163046e-04 6.939721e-06
3027 3.156782e-04 6.925539e-06
3028 3.150531e-04 6.911387e-06
3029 3.144293e-04 6.897263e-06
3030 3.138067e-04 6.883168e-06
3031 3.131855e-04 6.869102e-06
3032 3.125655e-04 6.855065e-06
3033 3.119468e-04 6.841056e-06
3034 3.113294e-04 6.827076e-06
3035 3.107132e-04 6.813125e-06
3036 3.100983e-04 6.799202e-06
3037 3.094847e-04 6.785308e-06
3038 3.088723e-04 6.771441e-06
3039 3.082612e-04 6.757604e-06
3040 3.076513e-04 6.743794e-06
3041 3.070427e-04 6.730013e-06
3042 3.064354e-04 6.716260e-06
3043 3.058293e-04 6.702535e-06
3044 3.052245e-04 6.688838e-06
3045 3.046209e-04 6.675169e-06
3046 3.040185e-04 6.661528e-06
3047 3.034174e-04 6.647915e-06
3048 3.028175e-04 6.634330e-06
3049 3.022189e-04 6.620772e-06
3050 3.016215e-04 6.607243e-06
3051 3.010253e-04 6.593740e-06
3052 3.004303e-04 6.580266e-06
3053 2.998366e-04 6.566819e-06
3054 2.992441e-04 6.553399e-06
3055 2.986528e-04 6.540007e-06
3056 2.980628e-04 6.526642e-06
3057 2.974739e-04 6.513305e-06
3058 2.968863e-04 6.499995e-06
3059 2.962999e-04 6.486712e-06
3060 2.957146e-04 6.473456e-06
3061 2.951306e-04 6.460227e-06
3062 2.945478e-04 6.447025e-06
3063 2.939662e-04 6.433850e-06
3064 2.933858e-04 6.420703e-06
3065 2.928066e-04 6.407582e-06
3066 2.922286e-04 6.394487e-06
3067 2.916517e-04 6.381420e-06
3068 2.910761e-04 6.368379e-06
3069 2.905016e-04 6.355365e-06
3070 2.899284e-04 6.342378e-06
3071 2.893563e-04 6.329417e-06
3072 2.887854e-04 6.316482e-06
3073 2.882156e-04 6.303574e-06
3074 2.876471e-04 6.290693e-06
3075 2.870797e-04 6.277838e-06
3076 2.865134e-04 6.265009e-06
3077 2.859484e-04 6.252206e-06
3078 2.853845e-04 6.239429e-06
3079 2.848218e-04 6.226679e-06
3080 2.842602e-04 6.213954e-06
3081 2.836998e-04 6.201256e-06
3082 2.831405e-04 6.188583e-06
3083 2.825824e-04 6.175936e-06
3084 2.820255e-04 6.163316e-06
3085 2.814697e-04 6.150721e-06
3086 2.809150e-04 6.138151e-06
3087 2.803615e-04 6.125608e-06
3088 2.798091e-04 6.113090e-06
3089 2.792579e-04 6.100598e-06
3090 2.787078e-04 6.088131e-06
3091 2.781588e-04 6.075689e-06
3092 2.776110e-04 6.063274e-06
3093 2.770643e-04 6.050883e-06
3094 2.765187e-04 6.038518e-06
3095 2.759743e-04 6.026178e-06
3096 2.754310e-04 6.013863e-06
3097 2.748887e-04 6.001573e-06
3098 2.743477e-04 5.989309e-06
3099 2.738077e-04 5.977070e-06
3100 2.732688e-04 5.964855e-06
3101 2.727311e-04 5.952666e-06
3102 2.721944e-04 5.940501e-06
3103 2.716589e-04 5.928362e-06
3104 2.711245e-04 5.916247e-06
3105 2.705912e-04 5.904157e-06
3106 2.700589e-04 5.892091e-06
3107 2.695278e-04 5.880051e-06
3108 2.689978e-04 5.868034e-06
3109 2.684689e-04 5.856043e-06
3110 2.679410e-04 5.844076e-06
3111 2.674143e-04 5.832133e-06
3112 2.668886e-04 5.820215e-06
3113 2.663640e-04 5.808321e-06
3114 2.658405e-04 5.796452e-06
3115 2.653181e-04 5.784606e-06
3116 2.647967e-04 5.772785e-06
3117 2.642765e-04 5.760988e-06
3118 2.637573e-04 5.749215e-06
3119 2.632392e-04 5.737467e-06
3120 2.627221e-04 5.725742e-06
3121 2.622061e-04 5.714041e-06
3122 2.616912e-04 5.702364e-06
3123 2.611773e-04 5.690711e-06
3124 2.606645e-04 5.679082e-06
3125 2.601528e-04 5.667477e-06
3126 2.596421e-04 5.655895e-06
3127 2.591325e-04 5.644337e-06
3128 2.586239e-04 5.632802e-06
3129 2.581164e-04 5.621291e-06
3130 2.576099e-04 5.609804e-06
3131 2.571045e-04 5.598340e-06
3132 2.566001e-04 5.586900e-06
3133 2.560968e-04 5.575483e-06
3134 2.555945e-04 5.564089e-06
3135 2.550932e-04 5.552719e-06
3136 2.545930e-04 5.541371e-06
3137 2.540938e-04 5.530047e-06
3138 2.535956e-04 5.518746e-06
3139 2.530985e-04 5.507469e-06
3140 2.526023e-04 5.496214e-06
3141 2.521073e-04 5.484982e-06
3142 2.516132e-04 5.473773e-06
3143 2.511201e-04 5.462588e-06
3144 2.506281e-04 5.451425e-06
3145 2.501371e-04 5.440284e-06
3146 2.496471e-04 5.429167e-06
3147 2.491581e-04 5.418072e-06
3148 2.486702e-04 5.407000e-06
3149 2.481832e-04 5.395951e-06
3150 2.476972e-04 5.384924e-06
3151 2.472123e-04 5.373919e-06
3152 2.467283e-04 5.362938e-06
3153 2.462454e-04 5.351978e-06
3154 2.457634e-04 5.341041e-06
3155 2.452825e-04 5.330127e-06
3156 2.448025e-04 5.319234e-06
3157 2.443236e-04 5.308364e-06
3158 2.438456e-04 5.297516e-06
3159 2.433686e-04 5.286691e-06
3160 2.428926e-04 5.275887e-06
3161 2.424176e-04 5.265106e-06
3162 2.419435e-04 5.254346e-06
3163 2.414705e-04 5.243609e-06
3164 2.409984e-04 5.232893e-06
3165 2.405273e-04 5.222200e-06
3166 2.400572e-04 5.211528e-06
3167 2.395880e-04 5.200878e-06
3168 2.391198e-04 5.190250e-06
3169 2.386526e-04 5.179643e-06
3170 2.381864e-04 5.169058e-06
3171 2.377211e-04 5.158495e-06
3172 2.372567e-04 5.147953e-06
3173 2.367934e-04 5.137433e-06
3174 2.363310e-04 5.126935e-06
3175 2.358695e-04 5.116458e-06
3176 2.354090e-04 5.106002e-06
3177 2.349495e-04 5.095568e-06
3178 2.344909e-04 5.085155e-06
3179 2.340333e-04 5.074763e-06
3180 2.335766e-04 5.064393e-06
3181 2.331208e-04 5.054043e-06
3182 2.326660e-04 5.043715e-06
3183 2.322122e-04 5.033408e-06
3184 2.317592e-04 5.023122e-06
3185 2.313072e-04 5.012857e-06
3186 2.308562e-04 5.002613e-06
3187 2.304061e-04 4.992390e-06
3188 2.299569e-04 4.982188e-06
3189 2.295086e-04 4.972007e-06
3190 2.290613e-04 4.961846e-06
3191 2.286149e-04 4.951706e-06
3192 2.281694e-04 4.941587e-06
3193 2.277249e-04 4.931489e-06
3194 2.272812e-04 4.921411e-06
3195 2.268385e-04 4.911354e-06
3196 2.263967e-04 4.901318e-06
3197 2.259558e-04 4.891302e-06
3198 2.255159e-04 4.881306e-06
3199 2.250768e-04 4.871331e-06
3200 2.246387e-04 4.861376e-06
3201 2.242014e-04 4.851442e-06
3202 2.237651e-04 4.841528e-06
3203 2.233296e-04 4.831634e-06
3204 2.228951e-04 4.821760e-06
3205 2.224615e-04 4.811907e-06
3206 2.220288e-04 4.802073e-06
3207 2.215969e-04 4.792260e-06
3208 2.211660e-04 4.782467e-06
3209 2.207359e-04 4.772694e-06
3210 2.203068e-04 4.762940e-06
3211 2.198785e-04 4.753207e-06
3212 2.194511e-04 4.743494e-06
3213 2.190246e-04 4.733800e-06
3214 2.185990e-04 4.724127e-06
3215 2.181743e-04 4.714473e-06
3216 2.177505e-04 4.704838e-06
3217 2.173275e-04 4.695224e-06
3218 2.169054e-04 4.685629e-06
3219 2.164842e-04 4.676054e-06
3220 2.160639e-04 4.666498e-06
3221 2.156444e-04 4.656962e-06
3222 2.152258e-04 4.647445e-06
3223 2.148081e-04 4.637948e-06
3224 2.143912e-04 4.628470e-06
3225 2.139752e-04 4.619012e-06
3226 2.135601e-04 4.609572e-06
3227 2.131458e-04 4.600153e-06
3228 2.127324e-04 4.590752e-06
3229 2.123198e-04 4.581371e-06
3230 2.119081e-04 4.572008e-06
3231 2.114973e-04 4.562665e-06
3232 2.110873e-04 4.553341e-06
3233 2.106781e-04 4.544036e-06
3234 2.102698e-04 4.534750e-06
3235 2.098624e-04 4.525483e-06
3236 2.094558e-04 4.516235e-06
3237 2.090500e-04 4.507006e-06
3238 2.086451e-04 4.497796e-06
3239 2.082410e-04 4.488605e-06
3240 2.078378e-04 4.479432e-06
3241 2.074354e-04 4.470278e-06
3242 2.070338e-04 4.461143e-06
3243 2.066331e-04 4.452026e-06
3244 2.062332e-04 4.442928e-06
3245 2.058341e-04 4.433849e-06
3246 2.054359e-04 4.424788e-06
3247 2.050385e-04 4.415746e-06
3248 2.046419e-04 4.406722e-06
3249 2.042461e-04 4.397717e-06
3250 2.038512e-04 4.388730e-06
3251 2.034571e-04 4.379762e-06
3252 2.030638e-04 4.370811e-06
3253 2.026713e-04 4.361879e-06
3254 2.022796e-04 4.352966e-06
3255 2.018888e-04 4.344070e-06
3256 2.014987e-04 4.335193e-06
3257 2.011095e-04 4.326334e-06
3258 2.007211e-04 4.317493e-06
3259 2.003335e-04 4.308670e-06
3260 1.999467e-04 4.299865e-06
3261 1.995607e-04 4.291078e-06
3262 1.991755e-04 4.282309e-06
3263 1.987911e-04 4.273558e-06
3264 1.984075e-04 4.264825e-06
3265 1.980247e-04 4.256109e-06
3266 1.976426e-04 4.247412e-06
3267 1.972614e-04 4.238732e-06
3268 1.968810e-04 4.230070e-06
3269 1.965014e-04 4.221426e-06
3270 1.961225e-04 4.212799e-06
3271 1.957445e-04 4.204190e-06
3272 1.953672e-04 4.195599e-06
3273 1.949907e-04 4.187025e-06
3274 1.946150e-04 4.178468e-06
3275 1.942401e-04 4.169929e-06
3276 1.938660e-04 4.161408e-06
3277 1.934926e-04 4.152904e-06
3278 1.931201e-04 4.144417e-06
3279 1.927482e-04 4.135948e-06
3280 1.923772e-04 4.127496e-06
3281 1.920070e-04 4.119061e-06
3282 1.916375e-04 4.110644e-06
3283 1.912688e-04 4.102244e-06
3284 1.909008e-04 4.093861e-06
3285 1.905336e-04 4.085495e-06
3286 1.901672e-04 4.077146e-06
3287 1.898015e-04 4.068814e-06
3288 1.894366e-04 4.060499e-06
3289 1.890725e-04 4.052201e-06
3290 1.887091e-04 4.043920e-06
3291 1.883465e-04 4.035657e-06
3292 1.879846e-04 4.027410e-06
3293 1.876235e-04 4.019179e-06
3294 1.872632e-04 4.010966e-06
3295 1.869036e-04 4.002769e-06
3296 1.865447e-04 3.994590e-06
3297 1.861866e-04 3.986426e-06
3298 1.858292e-04 3.978280e-06
3299 1.854726e-04 3.970150e-06
3300 1.851167e-04 3.962037e-06
3301 1.847616e-04 3.953941e-06
3302 1.844072e-04 3.945860e-06
3303 1.840536e-04 3.937797e-06
3304 1.837006e-04 3.929750e-06
3305 1.833485e-04 3.921719e-06
3306 1.829970e-04 3.913705e-06
3307 1.826463e-04 3.905707e-06
3308 1.822963e-04 3.897726e-06
3309 1.819471e-04 3.889761e-06
3310 1.815985e-04 3.881812e-06
3311 1.812507e-04 3.873879e-06
3312 1.809037e-04 3.865963e-06
3313 1.805573e-04 3.858062e-06
3314 1.802117e-04 3.850178e-06
3315 1.798668e-04 3.842310e-06
3316 1.795226e-04 3.834458e-06
3317 1.791791e-04 3.826622e-06
3318 1.788364e-04 3.818803e-06
3319 1.784944e-04 3.810999e-06
3320 1.781530e-04 3.803211e-06
3321 1.778124e-04 3.795439e-06
3322 1.774725e-04 3.787683e-06
3323 1.771334e-04 3.779942e-06
3324 1.767949e-04 3.772218e-06
3325 1.764571e-04 3.764509e-06
3326 1.761200e-04 3.756816e-06
3327 1.757837e-04 3.749139e-06
3328 1.754480e-04 3.741478e-06
3329 1.751131e-04 3.733832e-06
3330 1.747788e-04 3.726201e-06
3331 1.744452e-04 3.718587e-06
3332 1.741124e-04 3.710988e-06
3333 1.737802e-04 3.703404e-06
3334 1.734487e-04 3.695836e-06
3335 1.731180e-04 3.688284e-06
3336 1.727879e-04 3.680746e-06
3337 1.724585e-04 3.673225e-06
3338 1.721298e-04 3.665718e-06
3339 1.718017e-04 3.658227e-06
3340 1.714744e-04 3.650751e-06
3341 1.711478e-04 3.643291e-06
3342 1.708218e-04 3.635846e-06
3343 1.704965e-04 3.628416e-06
3344 1.701719e-04 3.621001e-06
3345 1.698480e-04 3.613601e-06
3346 1.695247e-04 3.606217e-06
3347 1.692021e-04 3.598847e-06
3348 1.688802e-04 3.591493e-06
3349 1.685590e-04 3.584154e-06
3350 1.682385e-04 3.576829e-06
3351 1.679186e-04 3.569520e-06
3352 1.675994e-04 3.562225e-06
3353 1.672808e-04 3.554946e-06
3354 1.669630e-04 3.547681e-06
3355 1.666457e-04 3.540431e-06
3356 1.663292e-04 3.533196e-06
3357 1.660133e-04 3.525976e-06
3358 1.656981e-04 3.518770e-06
3359 1.653835e-04 3.511580e-06
3360 1.650696e-04 3.504404e-06
3361 1.647564e-04 3.497242e-06
3362 1.644438e-04 3.490096e-06
3363 1.641319e-04 3.482963e-06
3364 1.638206e-04 3.475846e-06
3365 1.635099e-04 3.468743e-06
3366 1.632000e-04 3.461654e-06
3367 1.628906e-04 3.454580e-06
3368 1.625820e-04 3.447521e-06
3369 1.622739e-04 3.440475e-06
3370 1.619665e-04 3.433445e-06
3371 1.616598e-04 3.426428e-06
3372 1.613537e-04 3.419426e-06
3373 1.610482e-04 3.412439e-06
3374 1.607434e-04 3.405465e-06
3375 1.604392e-04 3.398506e-06
3376 1.601357e-04 3.391561e-06
3377 1.598328e-04 3.384630e-06
3378 1.595305e-04 3.377713e-06
3379 1.592289e-04 3.370811e-06
3380 1.589279e-04 3.363923e-06
3381 1.586275e-04 3.357048e-06
3382 1.583278e-04 3.350188e-06
3383 1.580287e-04 3.343342e-06
3384 1.577302e-04 3.336509e-06
3385 1.574324e-04 3.329691e-06
3386 1.571351e-04 3.322887e-06
3387 1.568385e-04 3.316096e-06
3388 1.565425e-04 3.309320e-06
3389 1.562472e-04 3.302557e-06
3390 1.559524e-04 3.295808e-06
3391 1.556583e-04 3.289073e-06
3392 1.553648e-04 3.282352e-06
3393 1.550719e-04 3.275644e-06
3394 1.547797e-04 3.268950e-06
3395 1.544880e-04 3.262270e-06
3396 1.541970e-04 3.255603e-06
3397 1.539065e-04 3.248950e-06
3398 1.536167e-04 3.242311e-06
3399 1.533275e-04 3.235685e-06
3400 1.530389e-04 3.229073e-06
3401 1.527509e-04 3.222474e-06
3402 1.524635e-04 3.215889e-06
3403 1.521767e-04 3.209317e-06
3404 1.518906e-04 3.202759e-06
3405 1.516050e-04 3.196214e-06
3406 1.513200e-04 3.189682e-06
3407 1.510356e-04 3.183164e-06
3408 1.507518e-04 3.176659e-06
3409 1.504687e-04 3.170167e-06
3410 1.501861e-04 3.163689e-06
3411 1.499041e-04 3.157224e-06
3412 1.496227e-04 3.150772e-06
3413 1.493419e-04 3.144333e-06
3414 1.490617e-04 3.137908e-06
3415 1.487820e-04 3.131495e-06
3416 1.485030e-04 3.125096e-06
3417 1.482245e-04 3.118710e-06
3418 1.479467e-04 3.112336e-06
3419 1.476694e-04 3.105976e-06
3420 1.473927e-04 3.099629e-06
3421 1.471166e-04 3.093295e-06
3422 1.468411e-04 3.086974e-06
3423 1.465661e-04 3.080665e-06
3424 1.462918e-04 3.074370e-06
3425 1.460180e-04 3.068087e-06
3426 1.457448e-04 3.061817e-06
3427 1.454721e-04 3.055560e-06
3428 1.452001e-04 3.049316e-06
3429 1.449286e-04 3.043085e-06
3430 1.446577e-04 3.036866e-06
3431 1.443873e-04 3.030660e-06
3432 1.441176e-04 3.024467e-06
3433 1.438484e-04 3.018286e-06
3434 1.435797e-04 3.012118e-06
3435 1.433117e-04 3.005963e-06
3436 1.430442e-04 2.999820e-06
3437 1.427772e-04 2.993690e-06
3438 1.425109e-04 2.987572e-06
3439 1.422451e-04 2.981467e-06
3440 1.419798e-04 2.975374e-06
3441 1.417151e-04 2.969294e-06
3442 1.414510e-04 2.963226e-06
3443 1.411874e-04 2.957170e-06
3444 1.409244e-04 2.951127e-06
3445 1.406620e-04 2.945097e-06
3446 1.404000e-04 2.939078e-06
3447 1.401387e-04 2.933072e-06
3448 1.398779e-04 2.927078e-06
3449 1.396177e-04 2.921097e-06
3450 1.393580e-04 2.915127e-06
3451 1.390988e-04 2.909170e-06
3452 1.388402e-04 2.903225e-06
3453 1.385822e-04 2.897292e-06
3454 1.383247e-04 2.891371e-06
3455 1.380677e-04 2.885463e-06
3456 1.378113e-04 2.879566e-06
3457 1.375554e-04 2.873682e-06
3458 1.373001e-04 2.867809e-06
3459 1.370453e-04 2.861949e-06
3460 1.367910e-04 2.856100e-06
3461 1.365373e-04 2.850264e-06
3462 1.362842e-04 2.844439e-06
3463 1.360315e-04 2.838626e-06
3464 1.357794e-04 2.832825e-06
3465 1.355278e-04 2.827036e-06
3466 1.352768e-04 2.821259e-06
3467 1.350263e-04 2.815494e-06
3468 1.347763e-04 2.809740e-06
3469 1.345269e-04 2.803999e-06
3470 1.342780e-04 2.798268e-06
3471 1.340296e-04 2.792550e-06
3472 1.337817e-04 2.786843e-06
3473 1.335344e-04 2.781148e-06
3474 1.332876e-04 2.775465e-06
3475 1.330413e-04 2.769793e-06
3476 1.327955e-04 2.764133e-06
3477 1.325503e-04 2.758484e-06
3478 1.323055e-04 2.752847e-06
3479 1.320613e-04 2.747222e-06
3480 1.318176e-04 2.741608e-06
3481 1.315745e-04 2.736005e-06
3482 1.313318e-04 2.730414e-06
3483 1.310897e-04 2.724834e-06
3484 1.308481e-04 2.719266e-06
3485 1.306070e-04 2.713709e-06
3486 1.303664e-04 2.708163e-06
3487 1.301263e-04 2.702629e-06
3488 1.298867e-04 2.697106e-06
3489 1.296476e-04 2.691595e-06
3490 1.294091e-04 2.686094e-06
3491 1.291710e-04 2.680605e-06
3492 1.289335e-04 2.675127e-06
3493 1.286964e-04 2.669660e-06
3494 1.284599e-04 2.664205e-06
3495 1.282239e-04 2.658760e-06
3496 1.279883e-04 2.653327e-06
3497 1.277533e-04 2.647905e-06
3498 1.275188e-04 2.642494e-06
3499 1.272848e-04 2.637094e-06
3500 1.270512e-04 2.631705e-06
3501 1.268182e-04 2.626327e-06
3502 1.265856e-04 2.620960e-06
3503 1.263536e-04 2.615604e-06
3504 1.261221e-04 2.610259e-06
3505 1.258910e-04 2.604924e-06
3506 1.256604e-04 2.599601e-06
3507 1.254304e-04 2.594289e-06
3508 1.252008e-04 2.588987e-06
3509 1.249717e-04 2.583697e-06
3510 1.247431e-04 2.578417e-06
3511 1.245150e-04 2.573148e-06
3512 1.242873e-04 2.567889e-06
3513 1.240602e-04 2.562642e-06
3514 1.238335e-04 2.557405e-06
3515 1.236073e-04 2.552179e-06
3516 1.233816e-04 2.546963e-06
3517 1.231564e-04 2.541758e-06
3518 1.229317e-04 2.536564e-06
3519 1.227074e-04 2.531381e-06
3520 1.224837e-04 2.526208e-06
3521 1.222604e-04 2.521045e-06
3522 1.220376e-04 2.515893e-06
3523 1.218152e-04 2.510752e-06
3524 1.215933e-04 2.505621e-06
3525 1.213719e-04 2.500501e-06
3526 1.211510e-04 2.495391e-06
3527 1.209306e-04 2.490291e-06
3528 1.207106e-04 2.485202e-06
3529 1.204911e-04 2.480124e-06
3530 1.202720e-04 2.475056e-06
3531 1.200535e-04 2.469998e-06
3532 1.198354e-04 2.464950e-06
3533 1.196177e-04 2.459913e-06
3534 1.194006e-04 2.454886e-06
3535 1.191839e-04 2.449869e-06
3536 1.189676e-04 2.444863e-06
3537 1.187518e-04 2.439867e-06
3538 1.185365e-04 2.434881e-06
3539 1.183217e-04 2.429905e-06
3540 1.181073e-04 2.424939e-06
3541 1.178933e-04 2.419984e-06
3542 1.176798e-04 2.415039e-06
3543 1.174668e-04 2.410103e-06
3544 1.172543e-04 2.405178e-06
3545 1.170421e-04 2.400263e-06
3546 1.168305e-04 2.395358e-06
3547 1.166193e-04 2.390463e-06
3548 1.164085e-04 2.385578e-06
3549 1.161982e-04 2.380703e-06
3550 1.159884e-04 2.375838e-06
3551 1.157790e-04 2.370983e-06
3552 1.155700e-04 2.366138e-06
3553 1.153616e-04 2.361302e-06
3554 1.151535e-04 2.356477e-06
3555 1.149459e-04 2.351661e-06
3556 1.147387e-04 2.346856e-06
3557 1.145320e-04 2.342060e-06
3558 1.143258e-04 2.337274e-06
3559 1.141199e-04 2.332497e-06
3560 1.139145e-04 2.327731e-06
3561 1.137096e-04 2.322974e-06
3562 1.135051e-04 2.318227e-06
3563 1.133010e-04 2.313490e-06
3564 1.130974e-04 2.308762e-06
3565 1.128942e-04 2.304044e-06
3566 1.126915e-04 2.299335e-06
3567 1.124892e-04 2.294637e-06
3568 1.122873e-04 2.289947e-06
3569 1.120858e-04 2.285268e-06
3570 1.118848e-04 2.280598e-06
3571 1.116842e-04 2.275937e-06
3572 1.114841e-04 2.271286e-06
3573 1.112844e-04 2.266645e-06
3574 1.110851e-04 2.262013e-06
3575 1.108862e-04 2.257390e-06
3576 1.106878e-04 2.252777e-06
3577 1.104898e-04 2.248174e-06
3578 1.102922e-04 2.243579e-06
3579 1.100951e-04 2.238995e-06
3580 1.098984e-04 2.234419e-06
3581 1.097021e-04 2.229853e-06
3582 1.095062e-04 2.225296e-06
3583 1.093108e-04 2.220749e-06
3584 1.091157e-04 2.216210e-06
3585 1.089211e-04 2.211682e-06
3586 1.087269e-04 2.207162e-06
3587 1.085332e-04 2.202651e-06
3588 1.083398e-04 2.198150e-06
3589 1.081469e-04 2.193658e-06
3590 1.079543e-04 2.189175e-06
3591 1.077622e-04 2.184702e-06
3592 1.075706e-04 2.180237e-06
3593 1.073793e-04 2.175782e-06
3594 1.071884e-04 2.171335e-06
3595 1.069980e-04 2.166898e-06
3596 1.068079e-04 2.162470e-06
3597 1.066183e-04 2.158051e-06
3598 1.064291e-04 2.153641e-06
3599 1.062403e-04 2.149240e-06
3600 1.060519e-04 2.144848e-06
3601 1.058639e-04 2.140465e-06
3602 1.056763e-04 2.136091e-06
3603 1.054892e-04 2.131725e-06
3604 1.053024e-04 2.127369e-06
3605 1.051160e-04 2.123022e-06
3606 1.049301e-04 2.118683e-06
3607 1.047445e-04 2.114354e-06
3608 1.045594e-04 2.110033e-06
3609 1.043746e-04 2.105721e-06
3610 1.041902e-04 2.101418e-06
3611 1.040063e-04 2.097124e-06
3612 1.038227e-04 2.092838e-06
3613 1.036396e-04 2.088561e-06
3614 1.034568e-04 2.084293e-06
3615 1.032745e-04 2.080034e-06
3616 1.030925e-04 2.075783e-06
3617 1.029109e-04 2.071541e-06
3618 1.027297e-04 2.067308e-06
3619 1.025490e-04 2.063083e-06
3620 1.023686e-04 2.058867e-06
3621 1.021886e-04 2.054660e-06
3622 1.020090e-04 2.050461e-06
3623 1.018297e-04 2.046271e-06
3624 1.016509e-04 2.042089e-06
3625 1.014725e-04 2.037916e-06
3626 1.012944e-04 2.033752e-06
3627 1.011167e-04 2.029596e-06
3628 1.009395e-04 2.025448e-06
3629 1.007626e-04 2.021309e-06
3630 1.005861e-04 2.017178e-06
3631 1.004099e-04 2.013056e-06
3632 1.002342e-04 2.008942e-06
3633 1.000588e-04 2.004837e-06
3634 9.988387e-05 2.000740e-06
3635 9.970928e-05 1.996651e-06
3636 9.953507e-05 1.992571e-06
3637 9.936123e-05 1.988499e-06
3638 9.918778e-05 1.984436e-06
3639 9.901470e-05 1.980380e-06
3640 9.884201e-05 1.976333e-06
3641 9.866968e-05 1.972295e-06
3642 9.849774e-05 1.968264e-06
3643 9.832617e-05 1.964242e-06
3644 9.815497e-05 1.960228e-06
3645 9.798415e-05 1.956222e-06
3646 9.781370e-05 1.952225e-06
3647 9.764362e-05 1.948235e-06
3648 9.747392e-05 1.944254e-06
3649 9.730458e-05 1.940281e-06
3650 9.713562e-05 1.936316e-06
3651 9.696703e-05 1.932359e-06
3652 9.679880e-05 1.928410e-06
3653 9.663094e-05 1.924469e-06
3654 9.646345e-05 1.920536e-06
3655 9.629633e-05 1.916612e-06
3656 9.612957e-05 1.912695e-06
3657 9.596317e-05 1.908786e-06
3658 9.579715e-05 1.904886e-06
3659 9.563148e-05 1.900993e-06
3660 9.546618e-05 1.897108e-06
3661 9.530124e-05 1.893231e-06
3662 9.513666e-05 1.889362e-06
3663 9.497244e-05 1.885501e-06
3664 9.480858e-05 1.881648e-06
3665 9.464508e-05 1.877803e-06
3666 9.448194e-05 1.873966e-06
3667 9.431916e-05 1.870136e-06
3668 9.415673e-05 1.866314e-06
3669 9.399467e-05 1.862501e-06
3670 9.383295e-05 1.858694e-06
3671 9.367160e-05 1.854896e-06
3672 9.351059e-05 1.851106e-06
3673 9.334994e-05 1.847323e-06
3674 9.318965e-05 1.843548e-06
3675 9.302970e-05 1.839780e-06
3676 9.287011e-05 1.836021e-06
3677 9.271087e-05 1.832269e-06
3678 9.255198e-05 1.828524e-06
3679 9.239344e-05 1.824788e-06
3680 9.223524e-05 1.821059e-06
3681 9.207740e-05 1.817337e-06
3682 9.191990e-05 1.813623e-06
3683 9.176275e-05 1.809917e-06
3684 9.160595e-05 1.806219e-06
3685 9.144949e-05 1.802528e-06
3686 9.129338e-05 1.798844e-06
3687 9.113761e-05 1.795168e-06
3688 9.098218e-05 1.791499e-06
3689 9.082710e-05 1.787838e-06
3690 9.067236e-05 1.784185e-06
3691 9.051796e-05 1.780539e-06
3692 9.036390e-05 1.776900e-06
3693 9.021018e-05 1.773269e-06
3694 9.005680e-05 1.769645e-06
3695 8.990376e-05 1.766029e-06
3696 8.975105e-05 1.762420e-06
3697 8.959869e-05 1.758818e-06
3698 8.944666e-05 1.755224e-06
3699 8.929496e-05 1.751637e-06
3700 8.914361e-05 1.748058e-06
3701 8.899258e-05 1.744486e-06
3702 8.884190e-05 1.740921e-06
3703 8.869154e-05 1.737363e-06
3704 8.854152e-05 1.733813e-06
3705 8.839183e-05 1.730270e-06
3706 8.824247e-05 1.726734e-06
3707 8.809344e-05 1.723205e-06
3708 8.794474e-05 1.719684e-06
3709 8.779637e-05 1.716169e-06
3710 8.764833e-05 1.712662e-06
3711 8.750062e-05 1.709162e-06
3712 8.735324e-05 1.705670e-06
3713 8.720618e-05 1.702184e-06
3714 8.705945e-05 1.698706e-06
3715 8.691305e-05 1.695234e-06
3716 8.676697e-05 1.691770e-06
3717 8.662121e-05 1.688313e-06
3718 8.647578e-05 1.684863e-06
3719 8.633067e-05 1.681419e-06
3720 8.618588e-05 1.677983e-06
3721 8.604142e-05 1.674554e-06
3722 8.589727e-05 1.671132e-06
3723 8.575345e-05 1.667717e-06
3724 8.560995e-05 1.664309e-06
3725 8.546677e-05 1.660908e-06
3726 8.532390e-05 1.657514e-06
3727 8.518135e-05 1.654127e-06
3728 8.503912e-05 1.650747e-06
3729 8.489721e-05 1.647373e-06
3730 8.475561e-05 1.644007e-06
3731 8.461433e-05 1.640647e-06
3732 8.447337e-05 1.637294e-06
3733 8.433271e-05 1.633949e-06
3734 8.419238e-05 1.630610e-06
3735 8.405235e-05 1.627277e-06
3736 8.391264e-05 1.623952e-06
3737 8.377324e-05 1.620633e-06
3738 8.363415e-05 1.617321e-06
3739 8.349537e-05 1.614016e-06
3740 8.335690e-05 1.610718e-06
3741 8.321874e-05 1.607426e-06
3742 8.308089e-05 1.604142e-06
3743 8.294335e-05 1.600864e-06
3744 8.280611e-05 1.597592e-06
3745 8.266918e-05 1.594327e-06
3746 8.253256e-05 1.591069e-06
3747 8.239624e-05 1.587818e-06
3748 8.226023e-05 1.584573e-06
3749 8.212453e-05 1.581335e-06
3750 8.198912e-05 1.578103e-06
3751 8.185402e-05 1.574878e-06
3752 8.171923e-05 1.571660e-06
3753 8.158473e-05 1.568448e-06
3754 8.145054e-05 1.565243e-06
3755 8.131665e-05 1.562045e-06
3756 8.118306e-05 1.558852e-06
3757 8.104976e-05 1.555667e-06
3758 8.091677e-05 1.552488e-06
3759 8.078408e-05 1.549315e-06
3760 8.065168e-05 1.546149e-06
3761 8.051958e-05 1.542990e-06
3762 8.038778e-05 1.539836e-06
3763 8.025628e-05 1.536690e-06
3764 8.012507e-05 1.533549e-06
3765 7.999415e-05 1.530416e-06
3766 7.986353e-05 1.527288e-06
3767 7.973321e-05 1.524167e-06
3768 7.960317e-05 1.521052e-06
3769 7.947343e-05 1.517944e-06
3770 7.934399e-05 1.514842e-06
3771 7.921483e-05 1.511746e-06
3772 7.908596e-05 1.508657e-06
3773 7.895739e-05 1.505574e-06
3774 7.882910e-05 1.502497e-06
3775 7.870111e-05 1.499427e-06
3776 7.857340e-05 1.496363e-06
3777 7.844598e-05 1.493305e-06
3778 7.831885e-05 1.490253e-06
3779 7.819201e-05 1.487208e-06
3780 7.806545e-05 1.484169e-06
3781 7.793918e-05 1.481136e-06
3782 7.781319e-05 1.478109e-06
3783 7.768749e-05 1.475088e-06
3784 7.756207e-05 1.472074e-06
3785 7.743694e-05 1.469066e-06
3786 7.731209e-05 1.466064e-06
3787 7.718752e-05 1.463068e-06
3788 7.706324e-05 1.460078e-06
3789 7.693923e-05 1.457094e-06
3790 7.681551e-05 1.454116e-06
3791 7.669207e-05 1.451145e-06
3792 7.656890e-05 1.448179e-06
3793 7.644602e-05 1.445220e-06
3794 7.632341e-05 1.442267e-06
3795 7.620109e-05 1.439319e-06
3796 7.607904e-05 1.436378e-06
3797 7.595726e-05 1.433443e-06
3798 7.583577e-05 1.430513e-06
3799 7.571455e-05 1.427590e-06
3800 7.559360e-05 1.424673e-06
3801 7.547293e-05 1.421761e-06
3802 7.535254e-05 1.418856e-06
3803 7.523242e-05 1.415956e-06
3804 7.511257e-05 1.413063e-06
3805 7.499299e-05 1.410175e-06
3806 7.487369e-05 1.407293e-06
3807 7.475466e-05 1.404418e-06
3808 7.463590e-05 1.401548e-06
3809 7.451740e-05 1.398684e-06
3810 7.439918e-05 1.395825e-06
3811 7.428123e-05 1.392973e-06
3812 7.416355e-05 1.390126e-06
3813 7.404614e-05 1.387285e-06
3814 7.392899e-05 1.384450e-06
3815 7.381211e-05 1.381621e-06
3816 7.369550e-05 1.378798e-06
3817 7.357916e-05 1.375980e-06
3818 7.346308e-05 1.373168e-06
3819 7.334726e-05 1.370362e-06
3820 7.323171e-05 1.367562e-06
3821 7.311643e-05 1.364767e-06
3822 7.300141e-05 1.361978e-06
3823 7.288665e-05 1.359195e-06
3824 7.277215e-05 1.356417e-06
3825 7.265792e-05 1.353646e-06
3826 7.254395e-05 1.350879e-06
3827 7.243024e-05 1.348119e-06
3828 7.231679e-05 1.345364e-06
3829 7.220360e-05 1.342614e-06
3830 7.209067e-05 1.339871e-06
3831 7.197799e-05 1.337133e-06
3832 7.186558e-05 1.334400e-06
3833 7.175343e-05 1.331673e-06
3834 7.164153e-05 1.328952e-06
3835 7.152989e-05 1.326236e-06
3836 7.141850e-05 1.323526e-06
3837 7.130738e-05 1.320821e-06
3838 7.119650e-05 1.318122e-06
3839 7.108588e-05 1.315429e-06
3840 7.097552e-05 1.312740e-06
3841 7.086541e-05 1.310058e-06
3842 7.075556e-05 1.307381e-06
3843 7.064595e-05 1.304709e-06
3844 7.053660e-05 1.302043e-06
3845 7.042750e-05 1.299382e-06
3846 7.031866e-05 1.296727e-06
3847 7.021006e-05 1.294077e-06
3848 7.010172e-05 1.291432e-06
3849 6.999362e-05 1.288793e-06
3850 6.988577e-05 1.286159e-06
3851 6.977818e-05 1.283531e-06
3852 6.967083e-05 1.280908e-06
3853 6.956373e-05 1.278290e-06
3854 6.945687e-05 1.275678e-06
3855 6.935027e-05 1.273071e-06
3856 6.924391e-05 1.270470e-06
3857 6.913779e-05 1.267874e-06
3858 6.903192e-05 1.265283e-06
3859 6.892630e-05 1.262697e-06
3860 6.882092e-05 1.260117e-06
3861 6.871579e-05 1.257541e-06
3862 6.861090e-05 1.254972e-06
3863 6.850625e-05 1.252407e-06
3864 6.840184e-05 1.249848e-06
3865 6.829768e-05 1.247294e-06
3866 6.819376e-05 1.244745e-06
3867 6.809008e-05 1.242201e-06
3868 6.798664e-05 1.239662e-06
3869 6.788344e-05 1.237129e-06
3870 6.778048e-05 1.234601e-06
3871 6.767776e-05 1.232078e-06
3872 6.757528e-05 1.229560e-06
3873 6.747303e-05 1.227048e-06
3874 6.737103e-05 1.224540e-06
3875 6.726926e-05 1.222038e-06
3876 6.716773e-05 1.219540e-06
3877 6.706643e-05 1.217048e-06
3878 6.696537e-05 1.214561e-06
3879 6.686455e-05 1.212079e-06
3880 6.676396e-05 1.209602e-06
3881 6.666361e-05 1.207130e-06
3882 6.656349e-05 1.204664e-06
3883 6.646360e-05 1.202202e-06
3884 6.636395e-05 1.199745e-06
3885 6.626453e-05 1.197293e-06
3886 6.616534e-05 1.194847e-06
3887 6.606638e-05 1.192405e-06
3888 6.596766e-05 1.189968e-06
3889 6.586916e-05 1.187536e-06
3890 6.577090e-05 1.185110e-06
3891 6.567287e-05 1.182688e-06
3892 6.557506e-05 1.180271e-06
3893 6.547749e-05 1.177859e-06
3894 6.538014e-05 1.175452e-06
3895 6.528302e-05 1.173050e-06
3896 6.518613e-05 1.170653e-06
3897 6.508946e-05 1.168260e-06
3898 6.499303e-05 1.165873e-06
3899 6.489682e-05 1.163490e-06
3900 6.480083e-05 1.161113e-06
3901 6.470507e-05 1.158740e-06
3902 6.460953e-05 1.156372e-06
3903 6.451422e-05 1.154009e-06
3904 6.441914e-05 1.151651e-06
3905 6.432427e-05 1.149297e-06
3906 6.422963e-05 1.146949e-06
3907 6.413522e-05 1.144605e-06
3908 6.404102e-05 1.142266e-06
3909 6.394705e-05 1.139932e-06
3910 6.385330e-05 1.137602e-06
3911 6.375977e-05 1.135277e-06
3912 6.366646e-05 1.132957e-06
3913 6.357337e-05 1.130642e-06
3914 6.348049e-05 1.128332e-06
3915 6.338784e-05 1.126026e-06
3916 6.329541e-05 1.123725e-06
3917 6.320319e-05 1.121428e-06
3918 6.311120e-05 1.119137e-06
3919 6.301942e-05 1.116850e-06
3920 6.292786e-05 1.114567e-06
3921 6.283651e-05 1.112290e-06
3922 6.274538e-05 1.110017e-06
3923 6.265446e-05 1.107748e-06
3924 6.256376e-05 1.105485e-06
3925 6.247328e-05 1.103225e-06
3926 6.238301e-05 1.100971e-06
3927 6.229295e-05 1.098721e-06
3928 6.220311e-05 1.096476e-06
3929 6.211348e-05 1.094235e-06
3930 6.202406e-05 1.091999e-06
3931 6.193486e-05 1.089767e-06
3932 6.184587e-05 1.087540e-06
3933 6.175708e-05 1.085318e-06
3934 6.166851e-05 1.083100e-06
3935 6.158015e-05 1.080887e-06
3936 6.149200e-05 1.078678e-06
3937 6.140406e-05 1.076474e-06
3938 6.131633e-05 1.074274e-06
3939 6.122881e-05 1.072078e-06
3940 6.114149e-05 1.069888e-06
3941 6.105439e-05 1.067701e-06
3942 6.096749e-05 1.065519e-06
3943 6.088080e-05 1.063342e-06
3944 6.079431e-05 1.061169e-06
3945 6.070803e-05 1.059000e-06
3946 6.062196e-05 1.056836e-06
3947 6.053609e-05 1.054677e-06
3948 6.045043e-05 1.052521e-06
3949 6.036497e-05 1.050370e-06
3950 6.027972e-05 1.048224e-06
3951 6.019467e-05 1.046082e-06
3952 6.010982e-05 1.043944e-06
3953 6.002518e-05 1.041811e-06
3954 5.994074e-05 1.039682e-06
3955 5.985650e-05 1.037557e-06
3956 5.977246e-05 1.035437e-06
3957 5.968863e-05 1.033321e-06
3958 5.960499e-05 1.031209e-06
3959 5.952156e-05 1.029102e-06
3960 5.943832e-05 1.026999e-06
3961 5.935529e-05 1.024900e-06
3962 5.927246e-05 1.022806e-06
3963 5.918982e-05 1.020716e-06
3964 5.910738e-05 1.018630e-06
3965 5.902514e-05 1.016548e-06
3966 5.894310e-05 1.014471e-06
3967 5.886126e-05 1.012398e-06
3968 5.877961e-05 1.010329e-06
3969 5.869816e-05 1.008264e-06
3970 5.861690e-05 1.006204e-06
3971 5.853584e-05 1.004148e-06
3972 5.845498e-05 1.002096e-06
3973 5.837431e-05 1.000048e-06
3974 5.829383e-05 9.980041e-07
3975 5.821355e-05 9.959646e-07
3976 5.813347e-05 9.939293e-07
3977 5.805357e-05 9.918982e-07
3978 5.797387e-05 9.898712e-07
3979 5.789436e-05 9.878484e-07
3980 5.781505e-05 9.858297e-07
3981 5.773592e-05 9.838151e-07
3982 5.765699e-05 9.818046e-07
3983 5.757825e-05 9.797983e-07
3984 5.749970e-05 9.777960e-07
3985 5.742134e-05 9.757978e-07
3986 5.734316e-05 9.738038e-07
3987 5.726518e-05 9.718137e-07
3988 5.718739e-05 9.698278e-07
3989 5.710979e-05 9.678459e-07
3990 5.703237e-05 9.658681e-07
3991 5.695514e-05 9.638943e-07
3992 5.687810e-05 9.619245e-07
3993 5.680125e-05 9.599588e-07
3994 5.672458e-05 9.579971e-07
3995 5.664810e-05 9.560394e-07
3996 5.657180e-05 9.540857e-07
3997 5.649569e-05 9.521360e-07
3998 5.641977e-05 9.501902e-07
3999 5.634403e-05 9.482485e-07
4000 5.626848e-05 9.463107e-07
4001 5.619310e-05 9.443769e-07
4002 5.611792e-05 9.424470e-07
4003 5.604291e-05 9.405211e-07
4004 5.596809e-05 9.385991e-07
4005 5.589345e-05 9.366810e-07
4006 5.581900e-05 9.347669e-07
4007 5.574472e-05 9.328566e-07
4008 5.567063e-05 9.309503e-07
4009 5.559672e-05 9.290479e-07
4010 5.552299e-05 9.271493e-07
4011 5.544944e-05 9.252546e-07
4012 5.537606e-05 9.233638e-07
4013 5.530287e-05 9.214769e-07
4014 5.522986e-05 9.195938e-07
4015 5.515703e-05 9.177146e-07
4016 5.508437e-05 9.158392e-07
4017 5.501189e-05 9.139677e-07
4018 5.493959e-05 9.120999e-07
4019 5.486747e-05 9.102360e-07
4020 5.479553e-05 9.083759e-07
4021 5.472376e-05 9.065196e-07
4022 5.465217e-05 9.046671e-07
4023 5.458075e-05 9.028184e-07
4024 5.450951e-05 9.009734e-07
4025 5.443844e-05 8.991323e-07
4026 5.436755e-05 8.972948e-07
4027 5.429683e-05 8.954612e-07
4028 5.422629e-05 8.936313e-07
4029 5.415592e-05 8.918051e-07
4030 5.408573e-05 8.899827e-07
4031 5.401570e-05 8.881639e-07
4032 5.394585e-05 8.863489e-07
4033 5.387618e-05 8.845377e-07
4034 5.380667e-05 8.827301e-07
4035 5.373734e-05 8.809262e-07
4036 5.366817e-05 8.791260e-07
4037 5.359918e-05 8.773294e-07
4038 5.353036e-05 8.755366e-07
4039 5.346171e-05 8.737474e-07
4040 5.339322e-05 8.719618e-07
4041 5.332491e-05 8.701799e-07
4042 5.325677e-05 8.684017e-07
4043 5.318879e-05 8.666271e-07
4044 5.312099e-05 8.648561e-07
4045 5.305335e-05 8.630887e-07
4046 5.298588e-05 8.613250e-07
4047 5.291857e-05 8.595648e-07
4048 5.285144e-05 8.578083e-07
4049 5.278447e-05 8.560553e-07
4050 5.271766e-05 8.543059e-07
4051 5.265102e-05 8.525601e-07
4052 5.258455e-05 8.508179e-07
4053 5.251824e-05 8.490792e-07
4054 5.245210e-05 8.473440e-07
4055 5.238612e-05 8.456125e-07
4056 5.232031e-05 8.438844e-07
4057 5.225466e-05 8.421599e-07
4058 5.218917e-05 8.404389e-07
4059 5.212385e-05 8.387214e-07
4060 5.205869e-05 8.370075e-07
4061 5.199369e-05 8.352970e-07
4062 5.192885e-05 8.335901e-07
4063 5.186418e-05 8.318866e-07
4064 5.179967e-05 8.301866e-07
4065 5.173531e-05 8.284901e-07
4066 5.167112e-05 8.267970e-07
4067 5.160709e-05 8.251074e-07
4068 5.154322e-05 8.234213e-07
4069 5.147951e-05 8.217386e-07
4070 5.141596e-05 8.200593e-07
4071 5.135257e-05 8.183835e-07
4072 5.128933e-05 8.167111e-07
4073 5.122626e-05 8.150421e-07
4074 5.116334e-05 8.133765e-07
4075 5.110058e-05 8.117144e-07
4076 5.103798e-05 8.100556e-07
4077 5.097553e-05 8.084002e-07
4078 5.091324e-05 8.067482e-07
4079 5.085111e-05 8.050996e-07
4080 5.078913e-05 8.034543e-07
4081 5.072731e-05 8.018124e-07
4082 5.066565e-05 8.001739e-07
4083 5.060414e-05 7.985387e-07
4084 5.054278e-05 7.969069e-07
4085 5.048158e-05 7.952784e-07
4086 5.042053e-05 7.936532e-07
4087 5.035964e-05 7.920313e-07
4088 5.029890e-05 7.904128e-07
4089 5.023831e-05 7.887975e-07
4090 5.017788e-05 7.871856e-07
4091 5.011760e-05 7.855769e-07
4092 5.005747e-05 7.839716e-07
4093 4.999749e-05 7.823695e-07
4094 4.993767e-05 7.807707e-07
4095 4.987799e-05 7.791752e-07
4096 4.981847e-05 7.775829e-07
4097 4.975909e-05 7.759939e-07
4098 4.969987e-05 7.744081e-07
4099 4.964079e-05 7.728256e-07
4100 4.958187e-05 7.712462e-07
4101 4.952309e-05 7.696702e-07
4102 4.946447e-05 7.680973e-07
4103 4.940599e-05 7.665277e-07
4104 4.934766e-05 7.649613e-07
4105 4.928948e-05 7.633980e-07
4106 4.923144e-05 7.618380e-07
4107 4.917356e-05 7.602811e-07
4108 4.911582e-05 7.587275e-07
4109 4.905822e-05 7.571770e-07
4110 4.900078e-05 7.556297e-07
4111 4.894348e-05 7.540855e-07
4112 4.888632e-05 7.525445e-07
4113 4.882931e-05 7.510066e-07
4114 4.877245e-05 7.494719e-07
4115 4.871573e-05 7.479403e-07
4116 4.865915e-05 7.464119e-07
4117 4.860272e-05 7.448866e-07
4118 4.854643e-05 7.433644e-07
4119 4.849029e-05 7.418453e-07
4120 4.843429e-05 7.403293e-07
4121 4.837843e-05 7.388164e-07
4122 4.832271e-05 7.373066e-07
4123 4.826714e-05 7.357999e-07
4124 4.821171e-05 7.342962e-07
4125 4.815642e-05 7.327957e-07
4126 4.810127e-05 7.312982e-07
4127 4.804626e-05 7.298037e-07
4128 4.799140e-05 7.283123e-07
4129 4.793667e-05 7.268240e-07
4130 4.788208e-05 7.253387e-07
4131 4.782764e-05 7.238565e-07
4132 4.777333e-05 7.223772e-07
4133 4.771916e-05 7.209010e-07
4134 4.766514e-05 7.194278e-07
4135 4.761125e-05 7.179576e-07
4136 4.755749e-05 7.164905e-07
4137 4.750388e-05 7.150263e-07
4138 4.745040e-05 7.135651e-07
4139 4.739707e-05 7.121069e-07
4140 4.734386e-05 7.106517e-07
4141 4.729080e-05 7.091994e-07
4142 4.723787e-05 7.077502e-07
4143 4.718508e-05 7.063038e-07
4144 4.713242e-05 7.048605e-07
4145 4.707990e-05 7.034201e-07
4146 4.702752e-05 7.019826e-07
4147 4.697527e-05 7.005481e-07
4148 4.692315e-05 6.991165e-07
4149 4.687117e-05 6.976878e-07
4150 4.681932e-05 6.962620e-07
4151 4.676761e-05 6.948392e-07
4152 4.671603e-05 6.934193e-07
4153 4.666458e-05 6.920022e-07
4154 4.661327e-05 6.905881e-07
4155 4.656209e-05 6.891769e-07
4156 4.651104e-05 6.877685e-07
4157 4.646012e-05 6.863630e-07
4158 4.640934e-05 6.849604e-07
4159 4.635868e-05 6.835607e-07
4160 4.630816e-05 6.821638e-07
4161 4.625777e-05 6.807697e-07
4162 4.620751e-05 6.793786e-07
4163 4.615738e-05 6.779902e-07
4164 4.610738e-05 6.766047e-07
4165 4.605750e-05 6.752221e-07
4166 4.600776e-05 6.738422e-07
4167 4.595815e-05 6.724652e-07
4168 4.590867e-05 6.710910e-07
4169 4.585931e-05 6.697196e-07
4170 4.581009e-05 6.683510e-07
4171 4.576099e-05 6.669852e-07
4172 4.571202e-05 6.656222e-07
4173 4.566317e-05 6.642619e-07
4174 4.561446e-05 6.629045e-07
4175 4.556587e-05 6.615498e-07
4176 4.551740e-05 6.601979e-07
4177 4.546907e-05 6.588488e-07
4178 4.542086e-05 6.575024e-07
4179 4.537277e-05 6.561588e-07
4180 4.532481e-05 6.548179e-07
4181 4.527698e-05 6.534797e-07
4182 4.522927e-05 6.521443e-07
4183 4.518168e-05 6.508116e-07
4184 4.513422e-05 6.494817e-07
4185 4.508689e-05 6.481544e-07
4186 4.503967e-05 6.468299e-07
4187 4.499258e-05 6.455081e-07
4188 4.494562e-05 6.441889e-07
4189 4.489877e-05 6.428725e-07
4190 4.485205e-05 6.415588e-07
4191 4.480546e-05 6.402477e-07
4192 4.475898e-05 6.389394e-07
4193 4.471262e-05 6.376337e-07
4194 4.466639e-05 6.363306e-07
4195 4.462028e-05 6.350303e-07
4196 4.457429e-05 6.337325e-07
4197 4.452842e-05 6.324375e-07
4198 4.448267e-05 6.311451e-07
4199 4.443704e-05 6.298553e-07
4200 4.439153e-05 6.285682e-07
4201 4.434614e-05 6.272837e-07
4202 4.430087e-05 6.260018e-07
4203 4.425572e-05 6.247225e-07
4204 4.421069e-05 6.234459e-07
4205 4.416578e-05 6.221718e-07
4206 4.412098e-05 6.209004e-07
4207 4.407630e-05 6.196316e-07
4208 4.403174e-05 6.183653e-07
4209 4.398730e-05 6.171017e-07
4210 4.394298e-05 6.158406e-07
4211 4.389877e-05 6.145821e-07
4212 4.385468e-05 6.133262e-07
4213 4.381070e-05 6.120728e-07
4214 4.376684e-05 6.108220e-07
4215 4.372310e-05 6.095738e-07
4216 4.367947e-05 6.083281e-07
4217 4.363596e-05 6.070849e-07
4218 4.359256e-05 6.058443e-07
4219 4.354928e-05 6.046063e-07
4220 4.350611e-05 6.033707e-07
4221 4.346306e-05 6.021377e-07
4222 4.342012e-05 6.009072e-07
4223 4.337729e-05 5.996793e-07
4224 4.333458e-05 5.984538e-07
4225 4.329198e-05 5.972308e-07
4226 4.324950e-05 5.960104e-07
4227 4.320712e-05 5.947924e-07
4228 4.316486e-05 5.935769e-07
4229 4.312271e-05 5.923639e-07
4230 4.308068e-05 5.911534e-07
4231 4.303875e-05 5.899453e-07
4232 4.299694e-05 5.887398e-07
4233 4.295524e-05 5.875366e-07
4234 4.291365e-05 5.863360e-07
4235 4.287216e-05 5.851378e-07
4236 4.283079e-05 5.839420e-07
4237 4.278953e-05 5.827487e-07
4238 4.274838e-05 5.815578e-07
4239 4.270734e-05 5.803694e-07
4240 4.266641e-05 5.791834e-07
4241 4.262559e-05 5.779998e-07
4242 4.258488e-05 5.768187e-07
4243 4.254427e-05 5.756399e-07
4244 4.250377e-05 5.744636e-07
4245 4.246339e-05 5.732896e-07
4246 4.242310e-05 5.721181e-07
4247 4.238293e-05 5.709489e-07
4248 4.234287e-05 5.697822e-07
4249 4.230291e-05 5.686178e-07
4250 4.226306e-05 5.674558e-07
4251 4.222331e-05 5.662962e-07
4252 4.218367e-05 5.651389e-07
4253 4.214414e-05 5.639840e-07
4254 4.210471e-05 5.628315e-07
4255 4.206539e-05 5.616814e-07
4256 4.202618e-05 5.605335e-07
4257 4.198706e-05 5.593881e-07
4258 4.194806e-05 5.582449e-07
4259 4.190916e-05 5.571041e-07
4260 4.187036e-05 5.559657e-07
4261 4.183167e-05 5.548295e-07
4262 4.179308e-05 5.536957e-07
4263 4.175459e-05 5.525642e-07
4264 4.171621e-05 5.514350e-07
4265 4.167793e-05 5.503081e-07
4266 4.163976e-05 5.491836e-07
4267 4.160168e-05 5.480613e-07
4268 4.156371e-05 5.469413e-07
4269 4.152584e-05 5.458236e-07
4270 4.148808e-05 5.447082e-07
4271 4.145041e-05 5.435951e-07
4272 4.141285e-05 5.424842e-07
4273 4.137538e-05 5.413756e-07
4274 4.133802e-05 5.402693e-07
4275 4.130076e-05 5.391652e-07
4276 4.126360e-05 5.380634e-07
4277 4.122654e-05 5.369639e-07
4278 4.118958e-05 5.358665e-07
4279 4.115272e-05 5.347715e-07
4280 4.111596e-05 5.336787e-07
4281 4.107930e-05 5.325881e-07
4282 4.104273e-05 5.314997e-07
4283 4.100627e-05 5.304136e-07
4284 4.096991e-05 5.293296e-07
4285 4.093364e-05 5.282479e-07
4286 4.089747e-05 5.271684e-07
4287 4.086140e-05 5.260911e-07
4288 4.082543e-05 5.250160e-07
4289 4.078955e-05 5.239432e-07
4290 4.075377e-05 5.228725e-07
4291 4.071809e-05 5.218039e-07
4292 4.068250e-05 5.207376e-07
4293 4.064702e-05 5.196735e-07
4294 4.061162e-05 5.186115e-07
4295 4.057633e-05 5.175517e-07
4296 4.054113e-05 5.164941e-07
4297 4.050602e-05 5.154386e-07
4298 4.047101e-05 5.143853e-07
4299 4.043610e-05 5.133341e-07
4300 4.040128e-05 5.122851e-07
4301 4.036655e-05 5.112382e-07
4302 4.033192e-05 5.101935e-07
4303 4.029738e-05 5.091509e-07
4304 4.026294e-05 5.081104e-07
4305 4.022859e-05 5.070720e-07
4306 4.019434e-05 5.060358e-07
4307 4.016017e-05 5.050017e-07
4308 4.012610e-05 5.039697e-07
4309 4.009213e-05 5.029398e-07
4310 4.005824e-05 5.019121e-07
4311 4.002445e-05 5.008864e-07
4312 3.999075e-05 4.998628e-07
4313 3.995715e-05 4.988413e-07
4314 3.992363e-05 4.978219e-07
4315 3.989021e-05 4.968046e-07
4316 3.985687e-05 4.957893e-07
4317 3.982363e-05 4.947762e-07
4318 3.979048e-05 4.937651e-07
4319 3.975742e-05 4.927561e-07
4320 3.972445e-05 4.917491e-07
4321 3.969157e-05 4.907442e-07
4322 3.965878e-05 4.897413e-07
4323 3.962608e-05 4.887405e-07
4324 3.959346e-05 4.877418e-07
4325 3.956094e-05 4.867450e-07
4326 3.952851e-05 4.857503e-07
4327 3.949616e-05 4.847577e-07
4328 3.946391e-05 4.837671e-07
4329 3.943174e-05 4.827785e-07
4330 3.939966e-05 4.817919e-07
4331 3.936767e-05 4.808073e-07
4332 3.933577e-05 4.798248e-07
4333 3.930395e-05 4.788442e-07
4334 3.927222e-05 4.778657e-07
4335 3.924058e-05 4.768892e-07
4336 3.920903e-05 4.759146e-07
4337 3.917756e-05 4.749421e-07
4338 3.914618e-05 4.739715e-07
4339 3.911488e-05 4.730029e-07
4340 3.908367e-05 4.720363e-07
4341 3.905255e-05 4.710717e-07
4342 3.902151e-05 4.701090e-07
4343 3.899056e-05 4.691484e-07
4344 3.895969e-05 4.681896e-07
4345 3.892891e-05 4.672329e-07
4346 3.889821e-05 4.662781e-07
4347 3.886760e-05 4.653252e-07
4348 3.883707e-05 4.643743e-07
4349 3.880662e-05 4.634253e-07
4350 3.877626e-05 4.624783e-07
4351 3.874598e-05 4.615332e-07
4352 3.871579e-05 4.605900e-07
4353 3.868568e-05 4.596488e-07
4354 3.865565e-05 4.587095e-07
4355 3.862571e-05 4.577721e-07
4356 3.859584e-05 4.568366e-07
4357 3.856606e-05 4.559031e-07
4358 3.853637e-05 4.549714e-07
4359 3.850675e-05 4.540417e-07
4360 3.847722e-05 4.531138e-07
4361 3.844776e-05 4.521878e-07
4362 3.841839e-05 4.512638e-07
4363 3.838910e-05 4.503416e-07
4364 3.835989e-05 4.494213e-07
4365 3.833077e-05 4.485029e-07
4366 3.830172e-05 4.475864e-07
4367 3.827275e-05 4.466717e-07
4368 3.824387e-05 4.457589e-07
4369 3.821506e-05 4.448480e-07
4370 3.818633e-05 4.439389e-07
4371 3.815769e-05 4.430317e-07
4372 3.812912e-05 4.421264e-07
4373 3.810063e-05 4.412229e-07
4374 3.807222e-05 4.403212e-07
4375 3.804389e-05 4.394214e-07
4376 3.801563e-05 4.385234e-07
4377 3.798746e-05 4.376273e-07
4378 3.795936e-05 4.367330e-07
4379 3.793135e-05 4.358405e-07
4380 3.790341e-05 4.349498e-07
4381 3.787554e-05 4.340610e-07
4382 3.784776e-05 4.331740e-07
4383 3.782005e-05 4.322887e-07
4384 3.779242e-05 4.314053e-07
4385 3.776487e-05 4.305238e-07
4386 3.773739e-05 4.296440e-07
4387 3.770999e-05 4.287660e-07
4388 3.768266e-05 4.278898e-07
4389 3.765541e-05 4.270154e-07
4390 3.762824e-05 4.261427e-07
4391 3.760114e-05 4.252719e-07
4392 3.757412e-05 4.244028e-07
4393 3.754717e-05 4.235355e-07
4394 3.752030e-05 4.226700e-07
4395 3.749350e-05 4.218063e-07
4396 3.746678e-05 4.209443e-07
4397 3.744013e-05 4.200841e-07
4398 3.741356e-05 4.192256e-07
4399 3.738706e-05 4.183689e-07
4400 3.736063e-05 4.175140e-07
4401 3.733428e-05 4.166608e-07
4402 3.730800e-05 4.158093e-07
4403 3.728180e-05 4.149596e-07
4404 3.725567e-05 4.141116e-07
4405 3.722961e-05 4.132653e-07
4406 3.720362e-05 4.124208e-07
4407 3.717771e-05 4.115780e-07
4408 3.715187e-05 4.107369e-07
4409 3.712610e-05 4.098976e-07
4410 3.710040e-05 4.090599e-07
4411 3.707478e-05 4.082240e-07
4412 3.704922e-05 4.073898e-07
4413 3.702374e-05 4.065573e-07
4414 3.699833e-05 4.057264e-07
4415 3.697299e-05 4.048973e-07
4416 3.694772e-05 4.040699e-07
4417 3.692252e-05 4.032442e-07
4418 3.689740e-05 4.024201e-07
4419 3.687234e-05 4.015978e-07
4420 3.684735e-05 4.007771e-07
4421 3.682244e-05 3.999581e-07
4422 3.679759e-05 3.991407e-07
4423 3.677281e-05 3.983251e-07
4424 3.674810e-05 3.975111e-07
4425 3.672346e-05 3.966988e-07
4426 3.669889e-05 3.958881e-07
4427 3.667439e-05 3.950791e-07
4428 3.664996e-05 3.942717e-07
4429 3.662560e-05 3.934660e-07
4430 3.660130e-05 3.926619e-07
4431 3.657708e-05 3.918595e-07
4432 3.655292e-05 3.910587e-07
4433 3.652883e-05 3.902596e-07
4434 3.650480e-05 3.894621e-07
4435 3.648085e-05 3.886662e-07
4436 3.645696e-05 3.878719e-07
4437 3.643314e-05 3.870793e-07
4438 3.640938e-05 3.862883e-07
4439 3.638569e-05 3.854989e-07
4440 3.636207e-05 3.847111e-07
4441 3.633852e-05 3.839249e-07
4442 3.631503e-05 3.831404e-07
4443 3.629161e-05 3.823574e-07
4444 3.626825e-05 3.815761e-07
4445 3.624496e-05 3.807963e-07
4446 3.622173e-05 3.800181e-07
4447 3.619857e-05 3.792415e-07
4448 3.617548e-05 3.784665e-07
4449 3.615245e-05 3.776931e-07
4450 3.612948e-05 3.769213e-07
4451 3.610658e-05 3.761510e-07
4452 3.608375e-05 3.753824e-07
4453 3.606098e-05 3.746152e-07
4454 3.603827e-05 3.738497e-07
4455 3.601563e-05 3.730857e-07
4456 3.599305e-05 3.723233e-07
4457 3.597053e-05 3.715625e-07
4458 3.594808e-05 3.708032e-07
4459 3.592569e-05 3.700454e-07
4460 3.590337e-05 3.692892e-07
4461 3.588110e-05 3.685345e-07
4462 3.585890e-05 3.677814e-07
4463 3.583677e-05 3.670298e-07
4464 3.581469e-05 3.662798e-07
4465 3.579268e-05 3.655313e-07
4466 3.577073e-05 3.647843e-07
4467 3.574884e-05 3.640389e-07
4468 3.572701e-05 3.632949e-07
4469 3.570525e-05 3.625525e-07
4470 3.568355e-05 3.618116e-07
4471 3.566190e-05 3.610723e-07
4472 3.564032e-05 3.603344e-07
4473 3.561880e-05 3.595980e-07
4474 3.559735e-05 3.588632e-07
4475 3.557595e-05 3.581298e-07
4476 3.555461e-05 3.573980e-07
4477 3.553333e-05 3.566676e-07
4478 3.551212e-05 3.559388e-07
4479 3.549096e-05 3.552114e-07
4480 3.546986e-05 3.544855e-07
4481 3.544882e-05 3.537611e-07
4482 3.542785e-05 3.530382e-07
4483 3.540693e-05 3.523167e-07
4484 3.538607e-05 3.515967e-07
4485 3.536527e-05 3.508782e-07
4486 3.534453e-05 3.501612e-07
4487 3.532385e-05 3.494456e-07
4488 3.530322e-05 3.487315e-07
4489 3.528266e-05 3.480189e-07
4490 3.526215e-05 3.473077e-07
4491 3.524170e-05 3.465980e-07
4492 3.522131e-05 3.458897e-07
4493 3.520098e-05 3.451828e-07
4494 3.518070e-05 3.444774e-07
4495 3.516048e-05 3.437735e-07
4496 3.514032e-05 3.430710e-07
4497 3.512022e-05 3.423699e-07
4498 3.510017e-05 3.416702e-07
4499 3.508018e-05 3.409720e-07
4500 3.506025e-05 3.402752e-07
4501 3.504037e-05 3.395799e-07
4502 3.502055e-05 3.388859e-07
4503 3.500079e-05 3.381934e-07
4504 3.498108e-05 3.375023e-07
4505 3.496143e-05 3.368126e-07
4506 3.494184e-05 3.361243e-07
4507 3.492230e-05 3.354374e-07
4508 3.490281e-05 3.347519e-07
4509 3.488338e-05 3.340678e-07
4510 3.486401e-05 3.333852e-07
4511 3.484469e-05 3.327039e-07
4512 3.482543e-05 3.320240e-07
4513 3.480622e-05 3.313455e-07
4514 3.478706e-05 3.306684e-07
4515 3.476796e-05 3.299926e-07
4516 3.474892e-05 3.293183e-07
4517 3.472992e-05 3.286453e-07
4518 3.471099e-05 3.279737e-07
4519 3.469210e-05 3.273035e-07
4520 3.467327e-05 3.266346e-07
4521 3.465450e-05 3.259671e-07
4522 3.463577e-05 3.253010e-07
4523 3.461710e-05 3.246362e-07
4524 3.459849e-05 3.239728e-07
4525 3.457992e-05 3.233108e-07
4526 3.456141e-05 3.226501e-07
4527 3.454295e-05 3.219907e-07
4528 3.452455e-05 3.213327e-07
4529 3.450619e-05 3.206761e-07
4530 3.448789e-05 3.200207e-07
4531 3.446965e-05 3.193668e-07
4532 3.445145e-05 3.187141e-07
4533 3.443330e-05 3.180628e-07
4534 3.441521e-05 3.174128e-07
4535 3.439717e-05 3.167642e-07
4536 3.437918e-05 3.161169e-07
4537 3.436124e-05 3.154709e-07
4538 3.434335e-05 3.148262e-07
4539 3.432551e-05 3.141828e-07
4540 3.430773e-05 3.135408e-07
4541 3.428999e-05 3.129001e-07
4542 3.427231e-05 3.122606e-07
4543 3.425467e-05 3.116225e-07
4544 3.423709e-05 3.109857e-07
4545 3.421955e-05 3.103502e-07
4546 3.420207e-05 3.097160e-07
4547 3.418464e-05 3.090831e-07
4548 3.416725e-05 3.084514e-07
4549 3.414992e-05 3.078211e-07
4550 3.413263e-05 3.071921e-07
4551 3.411540e-05 3.065643e-07
4552 3.409821e-05 3.059378e-07
4553 3.408107e-05 3.053126e-07
4554 3.406398e-05 3.046887e-07
4555 3.404694e-05 3.040661e-07
4556 3.402995e-05 3.034447e-07
4557 3.401301e-05 3.028246e-07
4558 3.399611e-05 3.022058e-07
4559 3.397927e-05 3.015882e-07
4560 3.396247e-05 3.009719e-07
4561 3.394572e-05 3.003568e-07
4562 3.392901e-05 2.997430e-07
4563 3.391236e-05 2.991305e-07
4564 3.389575e-05 2.985192e-07
4565 3.387919e-05 2.979092e-07
4566 3.386268e-05 2.973004e-07
4567 3.384621e-05 2.966928e-07
4568 3.382980e-05 2.960865e-07
4569 3.381342e-05 2.954815e-07
4570 3.379710e-05 2.948776e-07
4571 3.378082e-05 2.942751e-07
4572 3.376459e-05 2.936737e-07
4573 3.374841e-05 2.930736e-07
4574 3.373227e-05 2.924746e-07
4575 3.371617e-05 2.918770e-07
4576 3.370013e-05 2.912805e-07
4577 3.368413e-05 2.906853e-07
4578 3.366817e-05 2.900912e-07
4579 3.365226e-05 2.894984e-07
4580 3.363640e-05 2.889068e-07
4581 3.362058e-05 2.883164e-07
4582 3.360480e-05 2.877272e-07
4583 3.358908e-05 2.871393e-07
4584 3.357339e-05 2.865525e-07
4585 3.355775e-05 2.859669e-07
4586 3.354216e-05 2.853825e-07
4587 3.352661e-05 2.847993e-07
4588 3.351111e-05 2.842173e-07
4589 3.349564e-05 2.836365e-07
4590 3.348023e-05 2.830569e-07
4591 3.346486e-05 2.824784e-07
4592 3.344953e-05 2.819012e-07
4593 3.343424e-05 2.813251e-07
4594 3.341900e-05 2.807502e-07
4595 3.340381e-05 2.801765e-07
4596 3.338865e-05 2.796039e-07
4597 3.337354e-05 2.790325e-07
4598 3.335848e-05 2.784623e-07
4599 3.334345e-05 2.778933e-07
4600 3.332847e-05 2.773254e-07
4601 3.331353e-05 2.767587e-07
4602 3.329864e-05 2.761931e-07
4603 3.328378e-05 2.756287e-07
4604 3.326897e-05 2.750654e-07
4605 3.325421e-05 2.745033e-07
4606 3.323948e-05 2.739424e-07
4607 3.322480e-05 2.733826e-07
4608 3.321016e-05 2.728239e-07
4609 3.319556e-05 2.722664e-07
4610 3.318100e-05 2.717100e-07
4611 3.316648e-05 2.711547e-07
4612 3.315201e-05 2.706006e-07
4613 3.313757e-05 2.700476e-07
4614 3.312318e-05 2.694958e-07
4615 3.310883e-05 2.689450e-07
4616 3.309452e-05 2.683954e-07
4617 3.308025e-05 2.678470e-07
4618 3.306603e-05 2.672996e-07
4619 3.305184e-05 2.667534e-07
4620 3.303769e-05 2.662082e-07
4621 3.302359e-05 2.656642e-07
4622 3.300952e-05 2.651213e-07
4623 3.299550e-05 2.645796e-07
4624 3.298151e-05 2.640389e-07
4625 3.296757e-05 2.634993e-07
4626 3.295366e-05 2.629608e-07
4627 3.293980e-05 2.624235e-07
4628 3.292597e-05 2.618872e-07
4629 3.291218e-05 2.613520e-07
4630 3.289844e-05 2.608179e-07
4631 3.288473e-05 2.602849e-07
4632 3.287106e-05 2.597530e-07
4633 3.285743e-05 2.592222e-07
4634 3.284384e-05 2.586925e-07
4635 3.283029e-05 2.581638e-07
4636 3.281678e-05 2.576363e-07
4637 3.280331e-05 2.571098e-07
4638 3.278987e-05 2.565844e-07
4639 3.277648e-05 2.560600e-07
4640 3.276312e-05 2.555368e-07
4641 3.274980e-05 2.550146e-07
4642 3.273652e-05 2.544934e-07
4643 3.272327e-05 2.539734e-07
4644 3.271007e-05 2.534543e-07
4645 3.269690e-05 2.529364e-07
4646 3.268377e-05 2.524195e-07
4647 3.267068e-05 2.519037e-07
4648 3.265762e-05 2.513889e-07
4649 3.264460e-05 2.508752e-07
4650 3.263162e-05 2.503625e-07
4651 3.261868e-05 2.498509e-07
4652 3.260577e-05 2.493403e-07
4653 3.259290e-05 2.488308e-07
4654 3.258007e-05 2.483223e-07
4655 3.256728e-05 2.478148e-07
4656 3.255452e-05 2.473084e-07
4657 3.254180e-05 2.468030e-07
4658 3.252911e-05 2.462987e-07
4659 3.251646e-05 2.457953e-07
4660 3.250385e-05 2.452930e-07
4661 3.249127e-05 2.447918e-07
4662 3.247873e-05 2.442915e-07
4663 3.246622e-05 2.437923e-07
4664 3.245375e-05 2.432941e-07
4665 3.244132e-05 2.427969e-07
4666 3.242892e-05 2.423008e-07
4667 3.241656e-05 2.418056e-07
4668 3.240423e-05 2.413115e-07
4669 3.239194e-05 2.408183e-07
4670 3.237968e-05 2.403262e-07
4671 3.236746e-05 2.398351e-07
4672 3.235527e-05 2.393450e-07
4673 3.234312e-05 2.388559e-07
4674 3.233100e-05 2.383678e-07
4675 3.231892e-05 2.378807e-07
4676 3.230687e-05 2.373945e-07
4677 3.229485e-05 2.369094e-07
4678 3.228288e-05 2.364253e-07
4679 3.227093e-05 2.359421e-07
4680 3.225902e-05 2.354600e-07
4681 3.224714e-05 2.349788e-07
4682 3.223530e-05 2.344986e-07
4683 3.222349e-05 2.340194e-07
4684 3.221172e-05 2.335412e-07
4685 3.219997e-05 2.330639e-07
4686 3.218827e-05 2.325877e-07
4687 3.217659e-05 2.321124e-07
4688 3.216495e-05 2.316380e-07
4689 3.215334e-05 2.311647e-07
4690 3.214177e-05 2.306923e-07
4691 3.213023e-05 2.302208e-07
4692 3.211872e-05 2.297504e-07
4693 3.210724e-05 2.292809e-07
4694 3.209580e-05 2.288123e-07
4695 3.208439e-05 2.283447e-07
4696 3.207301e-05 2.278781e-07
4697 3.206167e-05 2.274124e-07
4698 3.205036e-05 2.269477e-07
4699 3.203908e-05 2.264839e-07
4700 3.202783e-05 2.260211e-07
4701 3.201661e-05 2.255592e-07
4702 3.200543e-05 2.250983e-07
4703 3.199428e-05 2.246383e-07
4704 3.198316e-05 2.241792e-07
4705 3.197207e-05 2.237211e-07
4706 3.196101e-05 2.232639e-07
4707 3.194999e-05 2.228077e-07
4708 3.193899e-05 2.223523e-07
4709 3.192803e-05 2.218980e-07
4710 3.191710e-05 2.214445e-07
4711 3.190620e-05 2.209920e-07
4712 3.189534e-05 2.205404e-07
4713 3.188450e-05 2.200897e-07
4714 3.187369e-05 2.196399e-07
4715 3.186292e-05 2.191911e-07
4716 3.185217e-05 2.187431e-07
4717 3.184146e-05 2.182961e-07
4718 3.183078e-05 2.178500e-07
4719 3.182012e-05 2.174049e-07
4720 3.180950e-05 2.169606e-07
4721 3.179891e-05 2.165172e-07
4722 3.178835e-05 2.160747e-07
4723 3.177782e-05 2.156332e-07
4724 3.176731e-05 2.151925e-07
4725 3.175684e-05 2.147528e-07
4726 3.174640e-05 2.143139e-07
4727 3.173599e-05 2.138760e-07
4728 3.172561e-05 2.134389e-07
4729 3.171526e-05 2.130027e-07
4730 3.170493e-05 2.125674e-07
4731 3.169464e-05 2.121331e-07
4732 3.168437e-05 2.116996e-07
4733 3.167414e-05 2.112669e-07
4734 3.166393e-05 2.108352e-07
4735 3.165376e-05 2.104044e-07
4736 3.164361e-05 2.099744e-07
4737 3.163349e-05 2.095453e-07
4738 3.162340e-05 2.091171e-07
4739 3.161334e-05 2.086897e-07
4740 3.160331e-05 2.082633e-07
4741 3.159331e-05 2.078377e-07
4742 3.158333e-05 2.074130e-07
4743 3.157338e-05 2.069891e-07
4744 3.156347e-05 2.065661e-07
4745 3.155358e-05 2.061440e-07
4746 3.154371e-05 2.057227e-07
4747 3.153388e-05 2.053023e-07
4748 3.152407e-05 2.048828e-07
4749 3.151430e-05 2.044641e-07
4750 3.150455e-05 2.040463e-07
4751 3.149482e-05 2.036293e-07
4752 3.148513e-05 2.032131e-07
4753 3.147546e-05 2.027979e-07
4754 3.146582e-05 2.023834e-07
4755 3.145621e-05 2.019699e-07
4756 3.144663e-05 2.015571e-07
4757 3.143707e-05 2.011452e-07
4758 3.142754e-05 2.007342e-07
4759 3.141804e-05 2.003240e-07
4760 3.140856e-05 1.999146e-07
4761 3.139911e-05 1.995061e-07
4762 3.138969e-05 1.990984e-07
4763 3.138030e-05 1.986915e-07
4764 3.137093e-05 1.982855e-07
4765 3.136159e-05 1.978803e-07
4766 3.135227e-05 1.974759e-07
4767 3.134298e-05 1.970724e-07
4768 3.133372e-05 1.966696e-07
4769 3.132448e-05 1.962677e-07
4770 3.131527e-05 1.958666e-07
4771 3.130609e-05 1.954664e-07
4772 3.129693e-05 1.950669e-07
4773 3.128780e-05 1.946683e-07
4774 3.127870e-05 1.942705e-07
4775 3.126962e-05 1.938735e-07
4776 3.126056e-05 1.934773e-07
4777 3.125154e-05 1.930819e-07
4778 3.124253e-05 1.926874e-07
4779 3.123356e-05 1.922936e-07
4780 3.122461e-05 1.919006e-07
4781 3.121568e-05 1.915085e-07
4782 3.120678e-05 1.911171e-07
4783 3.119790e-05 1.907266e-07
4784 3.118905e-05 1.903368e-07
4785 3.118023e-05 1.899478e-07
4786 3.117143e-05 1.895597e-07
4787 3.116266e-05 1.891723e-07
4788 3.115391e-05 1.887857e-07
4789 3.114518e-05 1.883999e-07
4790 3.113648e-05 1.880149e-07
4791 3.112780e-05 1.876307e-07
4792 3.111915e-05 1.872473e-07
4793 3.111053e-05 1.868646e-07
4794 3.110192e-05 1.864828e-07
4795 3.109335e-05 1.861017e-07
4796 3.108479e-05 1.857214e-07
4797 3.107626e-05 1.853419e-07
4798 3.106776e-05 1.849631e-07
4799 3.105928e-05 1.845851e-07
4800 3.105082e-05 1.842079e-07
4801 3.104239e-05 1.838315e-07
4802 3.103398e-05 1.834558e-07
4803 3.102560e-05 1.830809e-07
4804 3.101723e-05 1.827068e-07
4805 3.100890e-05 1.823334e-07
4806 3.100058e-05 1.819608e-07
4807 3.099229e-05 1.815890e-07
4808 3.098403e-05 1.812179e-07
4809 3.097578e-05 1.808475e-07
4810 3.096756e-05 1.804780e-07
4811 3.095936e-05 1.801092e-07
4812 3.095119e-05 1.797411e-07
4813 3.094304e-05 1.793738e-07
4814 3.093491e-05 1.790072e-07
4815 3.092681e-05 1.786414e-07
4816 3.091873e-05 1.782764e-07
4817 3.091067e-05 1.779120e-07
4818 3.090263e-05 1.775485e-07
4819 3.089462e-05 1.771857e-07
4820 3.088663e-05 1.768236e-07
4821 3.087866e-05 1.764622e-07
4822 3.087071e-05 1.761016e-07
4823 3.086279e-05 1.757417e-07
4824 3.085489e-05 1.753826e-07
4825 3.084701e-05 1.750242e-07
4826 3.083915e-05 1.746665e-07
4827 3.083132e-05 1.743096e-07
4828 3.082351e-05 1.739534e-07
4829 3.081572e-05 1.735979e-07
4830 3.080795e-05 1.732432e-07
4831 3.080021e-05 1.728891e-07
4832 3.079248e-05 1.725358e-07
4833 3.078478e-05 1.721832e-07
4834 3.077710e-05 1.718314e-07
4835 3.076944e-05 1.714802e-07
4836 3.076180e-05 1.711298e-07
4837 3.075419e-05 1.707801e-07
4838 3.074659e-05 1.704311e-07
4839 3.073902e-05 1.700828e-07
4840 3.073147e-05 1.697352e-07
4841 3.072394e-05 1.693884e-07
4842 3.071643e-05 1.690422e-07
4843 3.070894e-05 1.686968e-07
4844 3.070148e-05 1.683520e-07
4845 3.069403e-05 1.680080e-07
4846 3.068661e-05 1.676647e-07
4847 3.067920e-05 1.673220e-07
4848 3.067182e-05 1.669801e-07
4849 3.066446e-05 1.666389e-07
4850 3.065711e-05 1.662983e-07
4851 3.064979e-05 1.659585e-07
4852 3.064249e-05 1.656194e-07
4853 3.063521e-05 1.652809e-07
4854 3.062796e-05 1.649432e-07
4855 3.062072e-05 1.646061e-07
4856 3.061350e-05 1.642697e-07
4857 3.060630e-05 1.639340e-07
4858 3.059912e-05 1.635990e-07
4859 3.059196e-05 1.632647e-07
4860 3.058483e-05 1.629311e-07
4861 3.057771e-05 1.625981e-07
4862 3.057061e-05 1.622658e-07
4863 3.056353e-05 1.619342e-07
4864 3.055648e-05 1.616033e-07
4865 3.054944e-05 1.612731e-07
4866 3.054242e-05 1.609435e-07
4867 3.053542e-05 1.606146e-07
4868 3.052844e-05 1.602864e-07
4869 3.052148e-05 1.599588e-07
4870 3.051454e-05 1.596319e-07
4871 3.050762e-05 1.593057e-07
4872 3.050072e-05 1.589802e-07
4873 3.049384e-05 1.586553e-07
4874 3.048698e-05 1.583311e-07
4875 3.048014e-05 1.580075e-07
4876 3.047331e-05 1.576846e-07
4877 3.046651e-05 1.573624e-07
4878 3.045972e-05 1.570408e-07
4879 3.045296e-05 1.567199e-07
4880 3.044621e-05 1.563996e-07
4881 3.043948e-05 1.560800e-07
4882 3.043277e-05 1.557611e-07
4883 3.042608e-05 1.554428e-07
4884 3.041941e-05 1.551251e-07
4885 3.041275e-05 1.548081e-07
4886 3.040612e-05 1.544917e-07
4887 3.039950e-05 1.541760e-07
4888 3.039291e-05 1.538610e-07
4889 3.038633e-05 1.535466e-07
4890 3.037977e-05 1.532328e-07
4891 3.037322e-05 1.529196e-07
4892 3.036670e-05 1.526071e-07
4893 3.036019e-05 1.522953e-07
4894 3.035370e-05 1.519841e-07
4895 3.034723e-05 1.516735e-07
4896 3.034078e-05 1.513635e-07
4897 3.033435e-05 1.510542e-07
4898 3.032793e-05 1.507455e-07
4899 3.032154e-05 1.504375e-07
4900 3.031516e-05 1.501300e-07
4901 3.030879e-05 1.498232e-07
4902 3.030245e-05 1.495171e-07
4903 3.029612e-05 1.492115e-07
4904 3.028981e-05 1.489066e-07
4905 3.028352e-05 1.486023e-07
4906 3.027725e-05 1.482986e-07
4907 3.027099e-05 1.479956e-07
4908 3.026475e-05 1.476931e-07
4909 3.025853e-05 1.473913e-07
4910 3.025233e-05 1.470901e-07
4911 3.024614e-05 1.467895e-07
4912 3.023997e-05 1.464896e-07
4913 3.023382e-05 1.461902e-07
4914 3.022768e-05 1.458915e-07
4915 3.022156e-05 1.455933e-07
4916 3.021546e-05 1.452958e-07
4917 3.020938e-05 1.449989e-07
4918 3.020331e-05 1.447026e-07
4919 3.019726e-05 1.444069e-07
4920 3.019123e-05 1.441118e-07
4921 3.018521e-05 1.438173e-07
4922 3.017921e-05 1.435234e-07
4923 3.017322e-05 1.432301e-07
4924 3.016726e-05 1.429374e-07
4925 3.016131e-05 1.426453e-07
4926 3.015537e-05 1.423538e-07
4927 3.014946e-05 1.420629e-07
4928 3.014356e-05 1.417726e-07
4929 3.013767e-05 1.414828e-07
4930 3.013180e-05 1.411937e-07
4931 3.012595e-05 1.409052e-07
4932 3.012012e-05 1.406172e-07
4933 3.011430e-05 1.403299e-07
4934 3.010849e-05 1.400431e-07
4935 3.010271e-05 1.397569e-07
4936 3.009693e-05 1.394713e-07
4937 3.009118e-05 1.391863e-07
4938 3.008544e-05 1.389019e-07
4939 3.007972e-05 1.386180e-07
4940 3.007401e-05 1.383348e-07
4941 3.006832e-05 1.380521e-07
4942 3.006264e-05 1.377700e-07
4943 3.005698e-05 1.374884e-07
4944 3.005134e-05 1.372074e-07
4945 3.004571e-05 1.369271e-07
4946 3.004010e-05 1.366472e-07
4947 3.003450e-05 1.363680e-07
4948 3.002892e-05 1.360893e-07
4949 3.002335e-05 1.358112e-07
4950 3.001780e-05 1.355337e-07
4951 3.001226e-05 1.352567e-07
4952 3.000674e-05 1.349803e-07
4953 3.000124e-05 1.347045e-07
4954 2.999574e-05 1.344292e-07
4955 2.999027e-05 1.341545e-07
4956 2.998481e-05 1.338803e-07
4957 2.997936e-05 1.336068e-07
4958 2.997393e-05 1.333337e-07
4959 2.996852e-05 1.330612e-07
4960 2.996312e-05 1.327893e-07
4961 2.995774e-05 1.325180e-07
4962 2.995236e-05 1.322472e-07
4963 2.994701e-05 1.319769e-07
4964 2.994167e-05 1.317072e-07
4965 2.993634e-05 1.314381e-07
4966 2.993103e-05 1.311695e-07
4967 2.992574e-05 1.309014e-07
4968 2.992045e-05 1.306339e-07
4969 2.991519e-05 1.303670e-07
4970 2.990993e-05 1.301005e-07
4971 2.990469e-05 1.298347e-07
4972 2.989947e-05 1.295694e-07
4973 2.989426e-05 1.293046e-07
4974 2.988907e-05 1.290403e-07
4975 2.988388e-05 1.287766e-07
4976 2.987872e-05 1.285135e-07
4977 2.987357e-05 1.282509e-07
4978 2.986843e-05 1.279888e-07
4979 2.986330e-05 1.277272e-07
4980 2.985819e-05 1.274662e-07
4981 2.985310e-05 1.272057e-07
4982 2.984801e-05 1.269458e-07
4983 2.984295e-05 1.266864e-07
4984 2.983789e-05 1.264275e-07
4985 2.983285e-05 1.261691e-07
4986 2.982782e-05 1.259113e-07
4987 2.982281e-05 1.256540e-07
4988 2.981781e-05 1.253972e-07
4989 2.981283e-05 1.251409e-07
4990 2.980786e-05 1.248852e-07
4991 2.980290e-05 1.246300e-07
4992 2.979795e-05 1.243753e-07
4993 2.979302e-05 1.241211e-07
4994 2.978811e-05 1.238675e-07
4995 2.978320e-05 1.236144e-07
4996 2.977831e-05 1.233618e-07
4997 2.977343e-05 1.231097e-07
4998 2.976857e-05 1.228581e-07
4999 2.976372e-05 1.226070e-07
5000 2.975888e-05 1.223565e-07
5001 2.975406e-05 1.221064e-07
5002 2.974925e-05 1.218569e-07
5003 2.974445e-05 1.216079e-07
5004 2.973967e-05 1.213594e-07
5005 2.973490e-05 1.211114e-07
5006 2.973014e-05 1.208639e-07
5007 2.972539e-05 1.206169e-07
5008 2.972066e-05 1.203704e-07
5009 2.971594e-05 1.201244e-07
5010 2.971123e-05 1.198789e-07
5011 2.970654e-05 1.196339e-07
5012 2.970186e-05 1.193895e-07
5013 2.969719e-05 1.191455e-07
5014 2.969254e-05 1.189020e-07
5015 2.968789e-05 1.186590e-07
5016 2.968326e-05 1.184165e-07
5017 2.967865e-05 1.181746e-07
5018 2.967404e-05 1.179331e-07
5019 2.966945e-05 1.176921e-07
5020 2.966487e-05 1.174516e-07
5021 2.966030e-05 1.172115e-07
5022 2.965575e-05 1.169720e-07
5023 2.965121e-05 1.167330e-07
5024 2.964668e-05 1.164944e-07
5025 2.964216e-05 1.162564e-07
5026 2.963765e-05 1.160188e-07
5027 2.963316e-05 1.157817e-07
5028 2.962868e-05 1.155451e-07
5029 2.962421e-05 1.153090e-07
5030 2.961975e-05 1.150733e-07
5031 2.961531e-05 1.148382e-07
5032 2.961088e-05 1.146035e-07
5033 2.960646e-05 1.143693e-07
5034 2.960205e-05 1.141356e-07
5035 2.959765e-05 1.139023e-07
5036 2.959327e-05 1.136696e-07
5037 2.958889e-05 1.134373e-07
5038 2.958453e-05 1.132055e-07
5039 2.958018e-05 1.129741e-07
5040 2.957585e-05 1.127433e-07
5041 2.957152e-05 1.125129e-07
5042 2.956721e-05 1.122830e-07
5043 2.956291e-05 1.120535e-07
5044 2.955862e-05 1.118245e-07
5045 2.955434e-05 1.115960e-07
5046 2.955007e-05 1.113679e-07
5047 2.954581e-05 1.111404e-07
5048 2.954157e-05 1.109132e-07
5049 2.953734e-05 1.106866e-07
5050 2.953312e-05 1.104604e-07
5051 2.952891e-05 1.102347e-07
5052 2.952471e-05 1.100094e-07
5053 2.952052e-05 1.097846e-07
5054 2.951635e-05 1.095602e-07
5055 2.951218e-05 1.093363e-07
5056 2.950803e-05 1.091129e-07
5057 2.950389e-05 1.088899e-07
5058 2.949976e-05 1.086674e-07
5059 2.949564e-05 1.084453e-07
5060 2.949153e-05 1.082237e-07
5061 2.948743e-05 1.080026e-07
5062 2.948335e-05 1.077819e-07
5063 2.947927e-05 1.075616e-07
5064 2.947521e-05 1.073418e-07
5065 2.947115e-05 1.071224e-07
5066 2.946711e-05 1.069035e-07
5067 2.946308e-05 1.066851e-07
5068 2.945906e-05 1.064671e-07
5069 2.945505e-05 1.062495e-07
5070 2.945105e-05 1.060324e-07
5071 2.944706e-05 1.058157e-07
5072 2.944309e-05 1.055994e-07
5073 2.943912e-05 1.053836e-07
5074 2.943516e-05 1.051683e-07
5075 2.943122e-05 1.049534e-07
5076 2.942728e-05 1.047389e-07
5077 2.942336e-05 1.045249e-07
5078 2.941944e-05 1.043113e-07
5079 2.941554e-05 1.040981e-07
5080 2.941165e-05 1.038854e-07
5081 2.940777e-05 1.036731e-07
5082 2.940390e-05 1.034612e-07
5083 2.940003e-05 1.032498e-07
5084 2.939618e-05 1.030388e-07
5085 2.939234e-05 1.028282e-07
5086 2.938851e-05 1.026181e-07
5087 2.938469e-05 1.024084e-07
5088 2.938088e-05 1.021991e-07
5089 2.937708e-05 1.019903e-07
5090 2.937329e-05 1.017818e-07
5091 2.936951e-05 1.015738e-07
5092 2.936574e-05 1.013663e-07
5093 2.936199e-05 1.011591e-07
5094 2.935824e-05 1.009524e-07
5095 2.935450e-05 1.007461e-07
5096 2.935077e-05 1.005402e-07
5097 2.934705e-05 1.003348e-07
5098 2.934334e-05 1.001297e-07
5099 2.933964e-05 9.992511e-08
5100 2.933595e-05 9.972091e-08
5101 2.933227e-05 9.951712e-08
5102 2.932860e-05 9.931376e-08
5103 2.932494e-05 9.911081e-08
5104 2.932129e-05 9.890827e-08
5105 2.931765e-05 9.870615e-08
5106 2.931402e-05 9.850444e-08
5107 2.931040e-05 9.830314e-08
5108 2.930679e-05 9.810225e-08
5109 2.930319e-05 9.790177e-08
5110 2.929960e-05 9.770171e-08
5111 2.929601e-05 9.750205e-08
5112 2.929244e-05 9.730280e-08
5113 2.928888e-05 9.710396e-08
5114 2.928533e-05 9.690552e-08
5115 2.928178e-05 9.670749e-08
5116 2.927825e-05 9.650987e-08
5117 2.927472e-05 9.631264e-08
5118 2.927120e-05 9.611583e-08
5119 2.926770e-05 9.591941e-08
5120 2.926420e-05 9.572339e-08
5121 2.926071e-05 9.552778e-08
5122 2.925723e-05 9.533256e-08
5123 2.925376e-05 9.513775e-08
5124 2.925030e-05 9.494333e-08
5125 2.924685e-05 9.474931e-08
5126 2.924341e-05 9.455569e-08
5127 2.923998e-05 9.436246e-08
5128 2.923655e-05 9.416962e-08
5129 2.923314e-05 9.397718e-08
5130 2.922973e-05 9.378514e-08
5131 2.922634e-05 9.359348e-08
5132 2.922295e-05 9.340222e-08
5133 2.921957e-05 9.321135e-08
5134 2.921620e-05 9.302087e-08
5135 2.921284e-05 9.283078e-08
5136 2.920949e-05 9.264107e-08
5137 2.920615e-05 9.245176e-08
5138 2.920281e-05 9.226283e-08
5139 2.919949e-05 9.207429e-08
5140 2.919617e-05 9.188613e-08
5141 2.919286e-05 9.169836e-08
5142 2.918957e-05 9.151097e-08
5143 2.918627e-05 9.132396e-08
5144 2.918299e-05 9.113733e-08
5145 2.917972e-05 9.095109e-08
5146 2.917646e-05 9.076523e-08
5147 2.917320e-05 9.057975e-08
5148 2.916995e-05 9.039464e-08
5149 2.916672e-05 9.020992e-08
5150 2.916349e-05 9.002557e-08
5151 2.916027e-05 8.984160e-08
5152 2.915705e-05 8.965800e-08
5153 2.915385e-05 8.947478e-08
5154 2.915065e-05 8.929194e-08
5155 2.914747e-05 8.910947e-08
5156 2.914429e-05 8.892737e-08
5157 2.914112e-05 8.874564e-08
5158 2.913795e-05 8.856429e-08
5159 2.913480e-05 8.838330e-08
5160 2.913165e-05 8.820269e-08
5161 2.912852e-05 8.802244e-08
5162 2.912539e-05 8.784256e-08
5163 2.912227e-05 8.766305e-08
5164 2.911915e-05 8.748391e-08
5165 2.911605e-05 8.730513e-08
5166 2.911295e-05 8.712672e-08
5167 2.910987e-05 8.694867e-08
5168 2.910679e-05 8.677099e-08
5169 2.910371e-05 8.659367e-08
5170 2.910065e-05 8.641671e-08
5171 2.909759e-05 8.624012e-08
5172 2.909455e-05 8.606388e-08
5173 2.909151e-05 8.588801e-08
5174 2.908848e-05 8.571249e-08
5175 2.908545e-05 8.553733e-08
5176 2.908244e-05 8.536254e-08
5177 2.907943e-05 8.518809e-08
5178 2.907643e-05 8.501401e-08
5179 2.907344e-05 8.484028e-08
5180 2.907045e-05 8.466690e-08
5181 2.906748e-05 8.449388e-08
5182 2.906451e-05 8.432122e-08
5183 2.906155e-05 8.414890e-08
5184 2.905859e-05 8.397694e-08
5185 2.905565e-05 8.380533e-08
5186 2.905271e-05 8.363407e-08
5187 2.904978e-05 8.346316e-08
5188 2.904686e-05 8.329260e-08
5189 2.904394e-05 8.312239e-08
5190 2.904103e-05 8.295252e-08
5191 2.903813e-05 8.278301e-08
5192 2.903524e-05 8.261384e-08
5193 2.903236e-05 8.244501e-08
5194 2.902948e-05 8.227653e-08
5195 2.902661e-05 8.210840e-08
5196 2.902375e-05 8.194061e-08
5197 2.902090e-05 8.177316e-08
5198 2.901805e-05 8.160605e-08
5199 2.901521e-05 8.143928e-08
5200 2.901238e-05 8.127286e-08
5201 2.900955e-05 8.110678e-08
5202 2.900674e-05 8.094103e-08
5203 2.900393e-05 8.077562e-08
5204 2.900112e-05 8.061056e-08
5205 2.899833e-05 8.044582e-08
5206 2.899554e-05 8.028143e-08
5207 2.899276e-05 8.011737e-08
5208 2.898998e-05 7.995365e-08
5209 2.898722e-05 7.979026e-08
5210 2.898446e-05 7.962721e-08
5211 2.898171e-05 7.946448e-08
5212 2.897896e-05 7.930209e-08
5213 2.897622e-05 7.914004e-08
5214 2.897349e-05 7.897831e-08
5215 2.897077e-05 7.881692e-08
5216 2.896805e-05 7.865585e-08
5217 2.896534e-05 7.849511e-08
5218 2.896264e-05 7.833471e-08
5219 2.895995e-05 7.817463e-08
5220 2.895726e-05 7.801487e-08
5221 2.895458e-05 7.785545e-08
5222 2.895190e-05 7.769635e-08
5223 2.894923e-05 7.753757e-08
5224 2.894657e-05 7.737912e-08
5225 2.894392e-05 7.722099e-08
5226 2.894127e-05 7.706319e-08
5227 2.893863e-05 7.690570e-08
5228 2.893600e-05 7.674854e-08
5229 2.893337e-05 7.659171e-08
5230 2.893075e-05 7.643519e-08
5231 2.892814e-05 7.627899e-08
5232 2.892553e-05 7.612311e-08
5233 2.892293e-05 7.596755e-08
5234 2.892034e-05 7.581231e-08
5235 2.891776e-05 7.565738e-08
5236 2.891518e-05 7.550277e-08
5237 2.891260e-05 7.534848e-08
5238 2.891004e-05 7.519450e-08
5239 2.890748e-05 7.504084e-08
5240 2.890493e-05 7.488749e-08
5241 2.890238e-05 7.473445e-08
5242 2.889984e-05 7.458173e-08
5243 2.889731e-05 7.442932e-08
5244 2.889478e-05 7.427722e-08
5245 2.889226e-05 7.412543e-08
5246 2.888975e-05 7.397395e-08
5247 2.888724e-05 7.382278e-08
5248 2.888474e-05 7.367192e-08
5249 2.888225e-05 7.352137e-08
5250 2.887976e-05 7.337113e-08
5251 2.887728e-05 7.322119e-08
5252 2.887480e-05 7.307156e-08
5253 2.887233e-05 7.292224e-08
5254 2.886987e-05 7.277322e-08
5255 2.886742e-05 7.262450e-08
5256 2.886497e-05 7.247609e-08
5257 2.886252e-05 7.232798e-08
5258 2.886009e-05 7.218018e-08
5259 2.885765e-05 7.203267e-08
5260 2.885523e-05 7.188547e-08
5261 2.885281e-05 7.173857e-08
5262 2.885040e-05 7.159197e-08
5263 2.884799e-05 7.144567e-08
5264 2.884559e-05 7.129967e-08
5265 2.884320e-05 7.115396e-08
5266 2.884081e-05 7.100856e-08
5267 2.883843e-05 7.086345e-08
5268 2.883606e-05 7.071864e-08
5269 2.883369e-05 7.057412e-08
5270 2.883133e-05 7.042990e-08
5271 2.882897e-05 7.028597e-08
5272 2.882662e-05 7.014234e-08
5273 2.882427e-05 6.999900e-08
5274 2.882193e-05 6.985596e-08
5275 2.881960e-05 6.971320e-08
5276 2.881727e-05 6.957074e-08
5277 2.881495e-05 6.942857e-08
5278 2.881264e-05 6.928669e-08
5279 2.881033e-05 6.914510e-08
5280 2.880802e-05 6.900380e-08
5281 2.880573e-05 6.886279e-08
5282 2.880344e-05 6.872206e-08
5283 2.880115e-05 6.858163e-08
5284 2.879887e-05 6.844148e-08
5285 2.879660e-05 6.830161e-08
5286 2.879433e-05 6.816204e-08
5287 2.879207e-05 6.802274e-08
5288 2.878981e-05 6.788374e-08
5289 2.878756e-05 6.774501e-08
5290 2.878531e-05 6.760657e-08
5291 2.878307e-05 6.746842e-08
5292 2.878084e-05 6.733054e-08
5293 2.877861e-05 6.719295e-08
5294 2.877639e-05 6.705564e-08
5295 2.877417e-05 6.691861e-08
5296 2.877196e-05 6.678186e-08
5297 2.876975e-05 6.664538e-08
5298 2.876755e-05 6.650919e-08
5299 2.876536e-05 6.637328e-08
5300 2.876317e-05 6.623764e-08
5301 2.876099e-05 6.610228e-08
5302 2.875881e-05 6.596720e-08
5303 2.875664e-05 6.583239e-08
5304 2.875447e-05 6.569786e-08
5305 2.875231e-05 6.556360e-08
5306 2.875016e-05 6.542962e-08
5307 2.874801e-05 6.529591e-08
5308 2.874586e-05 6.516248e-08
5309 2.874372e-05 6.502932e-08
5310 2.874159e-05 6.489643e-08
5311 2.873946e-05 6.476381e-08
5312 2.873734e-05 6.463146e-08
5313 2.873522e-05 6.449938e-08
5314 2.873311e-05 6.436758e-08
5315 2.873100e-05 6.423604e-08
5316 2.872890e-05 6.410477e-08
5317 2.872680e-05 6.397377e-08
5318 2.872471e-05 6.384304e-08
5319 2.872262e-05 6.371257e-08
5320 2.872054e-05 6.358237e-08
5321 2.871847e-05 6.345244e-08
5322 2.871640e-05 6.332277e-08
5323 2.871433e-05 6.319337e-08
5324 2.871227e-05 6.306423e-08
5325 2.871022e-05 6.293536e-08
5326 2.870817e-05 6.280674e-08
5327 2.870613e-05 6.267840e-08
5328 2.870409e-05 6.255031e-08
5329 2.870205e-05 6.242249e-08
5330 2.870003e-05 6.229492e-08
5331 2.869800e-05 6.216762e-08
5332 2.869598e-05 6.204058e-08
5333 2.869397e-05 6.191380e-08
5334 2.869196e-05 6.178727e-08
5335 2.868996e-05 6.166101e-08
5336 2.868796e-05 6.153500e-08
5337 2.868597e-05 6.140925e-08
5338 2.868398e-05 6.128376e-08
5339 2.868200e-05 6.115852e-08
5340 2.868002e-05 6.103354e-08
5341 2.867805e-05 6.090882e-08
5342 2.867608e-05 6.078435e-08
5343 2.867411e-05 6.066013e-08
5344 2.867216e-05 6.053617e-08
5345 2.867020e-05 6.041246e-08
5346 2.866825e-05 6.028901e-08
5347 2.866631e-05 6.016581e-08
5348 2.866437e-05 6.004285e-08
5349 2.866244e-05 5.992015e-08
5350 2.866051e-05 5.979770e-08
5351 2.865859e-05 5.967551e-08
5352 2.865667e-05 5.955356e-08
5353 2.865475e-05 5.943186e-08
5354 2.865284e-05 5.931040e-08
5355 2.865094e-05 5.918920e-08
5356 2.864904e-05 5.906825e-08
5357 2.864714e-05 5.894754e-08
5358 2.864525e-05 5.882708e-08
5359 2.864337e-05 5.870686e-08
5360 2.864148e-05 5.858689e-08
5361 2.863961e-05 5.846717e-08
5362 2.863774e-05 5.834769e-08
5363 2.863587e-05 5.822845e-08
5364 2.863401e-05 5.810946e-08
5365 2.863215e-05 5.799071e-08
5366 2.863030e-05 5.787220e-08
5367 2.862845e-05 5.775394e-08
5368 2.862660e-05 5.763592e-08
5369 2.862476e-05 5.751813e-08
5370 2.862293e-05 5.740059e-08
5371 2.862110e-05 5.728329e-08
5372 2.861927e-05 5.716623e-08
5373 2.861745e-05 5.704941e-08
5374 2.861564e-05 5.693283e-08
5375 2.861382e-05 5.681648e-08
5376 2.861202e-05 5.670038e-08
5377 2.861021e-05 5.658451e-08
5378 2.860842e-05 5.646887e-08
5379 2.860662e-05 5.635348e-08
5380 2.860483e-05 5.623832e-08
5381 2.860305e-05 5.612339e-08
5382 2.860127e-05 5.600870e-08
5383 2.859949e-05 5.589424e-08
5384 2.859772e-05 5.578002e-08
5385 2.859595e-05 5.566603e-08
5386 2.859419e-05 5.555228e-08
5387 2.859243e-05 5.543875e-08
5388 2.859068e-05 5.532546e-08
5389 2.858893e-05 5.521240e-08
5390 2.858718e-05 5.509957e-08
5391 2.858544e-05 5.498698e-08
5392 2.858370e-05 5.487461e-08
5393 2.858197e-05 5.476247e-08
5394 2.858024e-05 5.465056e-08
5395 2.857852e-05 5.453888e-08
5396 2.857680e-05 5.442743e-08
5397 2.857508e-05 5.431620e-08
5398 2.857337e-05 5.420520e-08
5399 2.857167e-05 5.409443e-08
5400 2.856996e-05 5.398389e-08
5401 2.856826e-05 5.387357e-08
5402 2.856657e-05 5.376348e-08
5403 2.856488e-05 5.365361e-08
5404 2.856319e-05 5.354397e-08
5405 2.856151e-05 5.343455e-08
5406 2.855983e-05 5.332535e-08
5407 2.855816e-05 5.321638e-08
5408 2.855649e-05 5.310763e-08
5409 2.855483e-05 5.299910e-08
5410 2.855317e-05 5.289080e-08
5411 2.855151e-05 5.278271e-08
5412 2.854986e-05 5.267485e-08
5413 2.854821e-05 5.256720e-08
5414 2.854656e-05 5.245978e-08
5415 2.854492e-05 5.235258e-08
5416 2.854329e-05 5.224559e-08
5417 2.854165e-05 5.213883e-08
5418 2.854002e-05 5.203228e-08
5419 2.853840e-05 5.192595e-08
5420 2.853678e-05 5.181984e-08
5421 2.853516e-05 5.171394e-08
5422 2.853355e-05 5.160826e-08
5423 2.853194e-05 5.150280e-08
5424 2.853034e-05 5.139755e-08
5425 2.852874e-05 5.129252e-08
5426 2.852714e-05 5.118770e-08
5427 2.852555e-05 5.108309e-08
5428 2.852396e-05 5.097870e-08
5429 2.852237e-05 5.087453e-08
5430 2.852079e-05 5.077056e-08
5431 2.851922e-05 5.066681e-08
5432 2.851764e-05 5.056327e-08
5433 2.851607e-05 5.045994e-08
5434 2.851451e-05 5.035683e-08
5435 2.851295e-05 5.025392e-08
5436 2.851139e-05 5.015122e-08
5437 2.850983e-05 5.004874e-08
5438 2.850828e-05 4.994646e-08
5439 2.850674e-05 4.984439e-08
5440 2.850519e-05 4.974253e-08
5441 2.850366e-05 4.964088e-08
5442 2.850212e-05 4.953944e-08
5443 2.850059e-05 4.943820e-08
5444 2.849906e-05 4.933717e-08
5445 2.849754e-05 4.923635e-08
5446 2.849602e-05 4.913574e-08
5447 2.849450e-05 4.903532e-08
5448 2.849299e-05 4.893512e-08
5449 2.849148e-05 4.883512e-08
5450 2.848997e-05 4.873532e-08
5451 2.848847e-05 4.863573e-08
5452 2.848697e-05 4.853634e-08
5453 2.848548e-05 4.843715e-08
5454 2.848399e-05 4.833817e-08
5455 2.848250e-05 4.823939e-08
5456 2.848102e-05 4.814081e-08
5457 2.847954e-05 4.804243e-08
5458 2.847806e-05 4.794426e-08
5459 2.847659e-05 4.784628e-08
5460 2.847512e-05 4.774850e-08
5461 2.847366e-05 4.765093e-08
5462 2.847220e-05 4.755355e-08
5463 2.847074e-05 4.745637e-08
5464 2.846928e-05 4.735939e-08
5465 2.846783e-05 4.726261e-08
5466 2.846638e-05 4.716603e-08
5467 2.846494e-05 4.706964e-08
5468 2.846350e-05 4.697346e-08
5469 2.846206e-05 4.687746e-08
5470 2.846063e-05 4.678167e-08
5471 2.845920e-05 4.668607e-08
5472 2.845777e-05 4.659066e-08
5473 2.845635e-05 4.649545e-08
5474 2.845493e-05 4.640044e-08
5475 2.845351e-05 4.630562e-08
5476 2.845210e-05 4.621099e-08
5477 2.845069e-05 4.611655e-08
5478 2.844929e-05 4.602231e-08
5479 2.844788e-05 4.592826e-08
5480 2.844648e-05 4.583441e-08
5481 2.844509e-05 4.574074e-08
5482 2.844370e-05 4.564727e-08
5483 2.844231e-05 4.555399e-08
5484 2.844092e-05 4.546090e-08
5485 2.843954e-05 4.536800e-08
5486 2.843816e-05 4.527528e-08
5487 2.843679e-05 4.518276e-08
5488 2.843541e-05 4.509043e-08
5489 2.843405e-05 4.499829e-08
5490 2.843268e-05 4.490633e-08
5491 2.843132e-05 4.481456e-08
5492 2.842996e-05 4.472298e-08
5493 2.842860e-05 4.463159e-08
5494 2.842725e-05 4.454038e-08
5495 2.842590e-05 4.444936e-08
5496 2.842456e-05 4.435853e-08
5497 2.842321e-05 4.426788e-08
5498 2.842187e-05 4.417742e-08
5499 2.842054e-05 4.408714e-08
5500 2.841921e-05 4.399704e-08
5501 2.841788e-05 4.390713e-08
5502 2.841655e-05 4.381741e-08
5503 2.841523e-05 4.372786e-08
5504 2.841391e-05 4.363850e-08
5505 2.841259e-05 4.354933e-08
5506 2.841128e-05 4.346033e-08
5507 2.840997e-05 4.337152e-08
5508 2.840866e-05 4.328289e-08
5509 2.840735e-05 4.319444e-08
5510 2.840605e-05 4.310617e-08
5511 2.840476e-05 4.301808e-08
5512 2.840346e-05 4.293017e-08
5513 2.840217e-05 4.284244e-08
5514 2.840088e-05 4.275489e-08
5515 2.839960e-05 4.266752e-08
5516 2.839831e-05 4.258033e-08
5517 2.839703e-05 4.249331e-08
5518 2.839576e-05 4.240647e-08
5519 2.839449e-05 4.231981e-08
5520 2.839322e-05 4.223333e-08
5521 2.839195e-05 4.214703e-08
5522 2.839068e-05 4.206090e-08
5523 2.838942e-05 4.197494e-08
5524 2.838817e-05 4.188917e-08
5525 2.838691e-05 4.180356e-08
5526 2.838566e-05 4.171814e-08
5527 2.838441e-05 4.163288e-08
5528 2.838316e-05 4.154781e-08
5529 2.838192e-05 4.146290e-08
5530 2.838068e-05 4.137817e-08
5531 2.837945e-05 4.129361e-08
5532 2.837821e-05 4.120923e-08
5533 2.837698e-05 4.112501e-08
5534 2.837575e-05 4.104097e-08
5535 2.837453e-05 4.095710e-08
5536 2.837331e-05 4.087341e-08
5537 2.837209e-05 4.078988e-08
5538 2.837087e-05 4.070653e-08
5539 2.836966e-05 4.062334e-08
5540 2.836845e-05 4.054032e-08
5541 2.836724e-05 4.045748e-08
5542 2.836604e-05 4.037480e-08
5543 2.836483e-05 4.029229e-08
5544 2.836363e-05 4.020996e-08
5545 2.836244e-05 4.012778e-08
5546 2.836125e-05 4.004578e-08
5547 2.836006e-05 3.996395e-08
5548 2.835887e-05 3.988228e-08
5549 2.835768e-05 3.980078e-08
5550 2.835650e-05 3.971944e-08
5551 2.835532e-05 3.963827e-08
5552 2.835415e-05 3.955727e-08
5553 2.835297e-05 3.947644e-08
5554 2.835180e-05 3.939576e-08
5555 2.835064e-05 3.931526e-08
5556 2.834947e-05 3.923491e-08
5557 2.834831e-05 3.915474e-08
5558 2.834715e-05 3.907472e-08
5559 2.834599e-05 3.899487e-08
5560 2.834484e-05 3.891518e-08
5561 2.834369e-05 3.883566e-08
5562 2.834254e-05 3.875630e-08
5563 2.834139e-05 3.867710e-08
5564 2.834025e-05 3.859806e-08
5565 2.833911e-05 3.851918e-08
5566 2.833797e-05 3.844047e-08
5567 2.833684e-05 3.836191e-08
5568 2.833571e-05 3.828352e-08
5569 2.833458e-05 3.820528e-08
5570 2.833345e-05 3.812721e-08
5571 2.833233e-05 3.804929e-08
5572 2.833121e-05 3.797154e-08
5573 2.833009e-05 3.789394e-08
5574 2.832897e-05 3.781650e-08
5575 2.832786e-05 3.773922e-08
5576 2.832675e-05 3.766210e-08
5577 2.832564e-05 3.758514e-08
5578 2.832453e-05 3.750833e-08
5579 2.832343e-05 3.743168e-08
5580 2.832233e-05 3.735519e-08
5581 2.832123e-05 3.727885e-08
5582 2.832014e-05 3.720267e-08
5583 2.831905e-05 3.712665e-08
5584 2.831796e-05 3.705078e-08
5585 2.831687e-05 3.697506e-08
5586 2.831578e-05 3.689950e-08
5587 2.831470e-05 3.682410e-08
5588 2.831362e-05 3.674884e-08
5589 2.831255e-05 3.667375e-08
5590 2.831147e-05 3.659880e-08
5591 2.831040e-05 3.652401e-08
5592 2.830933e-05 3.644937e-08
5593 2.830826e-05 3.637489e-08
5594 2.830720e-05 3.630055e-08
5595 2.830614e-05 3.622637e-08
5596 2.830508e-05 3.615234e-08
5597 2.830402e-05 3.607846e-08
5598 2.830297e-05 3.600474e-08
5599 2.830192e-05 3.593116e-08
5600 2.830087e-05 3.585773e-08
5601 2.829982e-05 3.578445e-08
5602 2.829878e-05 3.571133e-08
5603 2.829773e-05 3.563835e-08
5604 2.829669e-05 3.556552e-08
5605 2.829566e-05 3.549284e-08
5606 2.829462e-05 3.542031e-08
5607 2.829359e-05 3.534793e-08
5608 2.829256e-05 3.527569e-08
5609 2.829153e-05 3.520361e-08
5610 2.829051e-05 3.513167e-08
5611 2.828949e-05 3.505987e-08
5612 2.828847e-05 3.498823e-08
5613 2.828745e-05 3.491673e-08
5614 2.828643e-05 3.484537e-08
5615 2.828542e-05 3.477416e-08
5616 2.828441e-05 3.470310e-08
5617 2.828340e-05 3.463218e-08
5618 2.828240e-05 3.456141e-08
5619 2.828139e-05 3.449078e-08
5620 2.828039e-05 3.442030e-08
5621 2.827940e-05 3.434996e-08
5622 2.827840e-05 3.427977e-08
5623 2.827741e-05 3.420971e-08
5624 2.827641e-05 3.413981e-08
5625 2.827543e-05 3.407004e-08
5626 2.827444e-05 3.400042e-08
5627 2.827345e-05 3.393093e-08
5628 2.827247e-05 3.386160e-08
5629 2.827149e-05 3.379240e-08
5630 2.827051e-05 3.372334e-08
5631 2.826954e-05 3.365443e-08
5632 2.826857e-05 3.358565e-08
5633 2.826760e-05 3.351702e-08
5634 2.826663e-05 3.344853e-08
5635 2.826566e-05 3.338017e-08
5636 2.826470e-05 3.331196e-08
5637 2.826374e-05 3.324388e-08
5638 2.826278e-05 3.317595e-08
5639 2.826182e-05 3.310815e-08
5640 2.826086e-05 3.304049e-08
5641 2.825991e-05 3.297297e-08
5642 2.825896e-05 3.290559e-08
5643 2.825801e-05 3.283835e-08
5644 2.825707e-05 3.277124e-08
5645 2.825612e-05 3.270427e-08
5646 2.825518e-05 3.263744e-08
5647 2.825424e-05 3.257074e-08
5648 2.825330e-05 3.250418e-08
5649 2.825237e-05 3.243776e-08
5650 2.825144e-05 3.237147e-08
5651 2.825051e-05 3.230532e-08
5652 2.824958e-05 3.223930e-08
5653 2.824865e-05 3.217342e-08
5654 2.824773e-05 3.210767e-08
5655 2.824681e-05 3.204206e-08
5656 2.824589e-05 3.197658e-08
5657 2.824497e-05 3.191124e-08
5658 2.824405e-05 3.184602e-08
5659 2.824314e-05 3.178094e-08
5660 2.824223e-05 3.171600e-08
5661 2.824132e-05 3.165119e-08
5662 2.824041e-05 3.158651e-08
5663 2.823951e-05 3.152196e-08
5664 2.823860e-05 3.145754e-08
5665 2.823770e-05 3.139326e-08
5666 2.823681e-05 3.132910e-08
5667 2.823591e-05 3.126508e-08
5668 2.823501e-05 3.120119e-08
5669 2.823412e-05 3.113743e-08
5670 2.823323e-05 3.107380e-08
5671 2.823234e-05 3.101030e-08
5672 2.823146e-05 3.094693e-08
5673 2.823057e-05 3.088368e-08
5674 2.822969e-05 3.082057e-08
5675 2.822881e-05 3.075759e-08
5676 2.822793e-05 3.069473e-08
5677 2.822706e-05 3.063201e-08
5678 2.822618e-05 3.056941e-08
5679 2.822531e-05 3.050694e-08
5680 2.822444e-05 3.044460e-08
5681 2.822358e-05 3.038238e-08
5682 2.822271e-05 3.032030e-08
5683 2.822185e-05 3.025834e-08
5684 2.822098e-05 3.019650e-08
5685 2.822012e-05 3.013479e-08
5686 2.821927e-05 3.007321e-08
5687 2.821841e-05 3.001176e-08
5688 2.821756e-05 2.995043e-08
5689 2.821671e-05 2.988922e-08
5690 2.821586e-05 2.982814e-08
5691 2.821501e-05 2.976719e-08
5692 2.821416e-05 2.970636e-08
5693 2.821332e-05 2.964565e-08
5694 2.821248e-05 2.958507e-08
5695 2.821164e-05 2.952461e-08
5696 2.821080e-05 2.946427e-08
5697 2.820996e-05 2.940406e-08
5698 2.820913e-05 2.934397e-08
5699 2.820830e-05 2.928401e-08
5700 2.820747e-05 2.922417e-08
5701 2.820664e-05 2.916444e-08
5702 2.820581e-05 2.910485e-08
5703 2.820499e-05 2.904537e-08
5704 2.820416e-05 2.898601e-08
5705 2.820334e-05 2.892678e-08
5706 2.820252e-05 2.886767e-08
5707 2.820171e-05 2.880867e-08
5708 2.820089e-05 2.874980e-08
5709 2.820008e-05 2.869105e-08
5710 2.819927e-05 2.863242e-08
5711 2.819846e-05 2.857391e-08
5712 2.819765e-05 2.851552e-08
5713 2.819685e-05 2.845724e-08
5714 2.819604e-05 2.839909e-08
5715 2.819524e-05 2.834106e-08
5716 2.819444e-05 2.828314e-08
5717 2.819364e-05 2.822534e-08
5718 2.819285e-05 2.816766e-08
5719 2.819205e-05 2.811010e-08
5720 2.819126e-05 2.805266e-08
5721 2.819047e-05 2.799533e-08
5722 2.818968e-05 2.793812e-08
5723 2.818889e-05 2.788103e-08
5724 2.818811e-05 2.782405e-08
5725 2.818732e-05 2.776719e-08
5726 2.818654e-05 2.771045e-08
5727 2.818576e-05 2.765382e-08
5728 2.818498e-05 2.759731e-08
5729 2.818420e-05 2.754091e-08
5730 2.818343e-05 2.748463e-08
5731 2.818266e-05 2.742847e-08
5732 2.818189e-05 2.737241e-08
5733 2.818112e-05 2.731648e-08
5734 2.818035e-05 2.726066e-08
5735 2.817958e-05 2.720495e-08
5736 2.817882e-05 2.714935e-08
5737 2.817806e-05 2.709387e-08
5738 2.817730e-05 2.703850e-08
5739 2.817654e-05 2.698325e-08
5740 2.817578e-05 2.692811e-08
5741 2.817503e-05 2.687308e-08
5742 2.817427e-05 2.681816e-08
5743 2.817352e-05 2.676336e-08
5744 2.817277e-05 2.670867e-08
5745 2.817202e-05 2.665409e-08
5746 2.817127e-05 2.659962e-08
5747 2.817053e-05 2.654526e-08
5748 2.816979e-05 2.649101e-08
5749 2.816904e-05 2.643688e-08
5750 2.816830e-05 2.638285e-08
5751 2.816757e-05 2.632894e-08
5752 2.816683e-05 2.627514e-08
5753 2.816610e-05 2.622144e-08
5754 2.816536e-05 2.616786e-08
5755 2.816463e-05 2.611438e-08
5756 2.816390e-05 2.606102e-08
5757 2.816317e-05 2.600776e-08
5758 2.816245e-05 2.595461e-08
5759 2.816172e-05 2.590157e-08
5760 2.816100e-05 2.584864e-08
5761 2.816028e-05 2.579582e-08
5762 2.815956e-05 2.574310e-08
5763 2.815884e-05 2.569050e-08
5764 2.815812e-05 2.563800e-08
5765 2.815741e-05 2.558560e-08
5766 2.815669e-05 2.553332e-08
5767 2.815598e-05 2.548114e-08
5768 2.815527e-05 2.542907e-08
5769 2.815456e-05 2.537710e-08
5770 2.815386e-05 2.532524e-08
5771 2.815315e-05 2.527349e-08
5772 2.815245e-05 2.522184e-08
5773 2.815175e-05 2.517030e-08
5774 2.815105e-05 2.511887e-08
5775 2.815035e-05 2.506753e-08
5776 2.814965e-05 2.501631e-08
5777 2.814896e-05 2.496519e-08
5778 2.814826e-05 2.491417e-08
5779 2.814757e-05 2.486325e-08
5780 2.814688e-05 2.481245e-08
5781 2.814619e-05 2.476174e-08
5782 2.814550e-05 2.471114e-08
5783 2.814482e-05 2.466064e-08
5784 2.814413e-05 2.461025e-08
5785 2.814345e-05 2.455995e-08
5786 2.814277e-05 2.450976e-08
5787 2.814209e-05 2.445968e-08
5788 2.814141e-05 2.440969e-08
5789 2.814073e-05 2.435981e-08
5790 2.814006e-05 2.431003e-08
5791 2.813938e-05 2.426035e-08
5792 2.813871e-05 2.421078e-08
5793 2.813804e-05 2.416130e-08
5794 2.813737e-05 2.411192e-08
5795 2.813670e-05 2.406265e-08
5796 2.813604e-05 2.401348e-08
5797 2.813537e-05 2.396441e-08
5798 2.813471e-05 2.391543e-08
5799 2.813405e-05 2.386656e-08
5800 2.813339e-05 2.381779e-08
5801 2.813273e-05 2.376912e-08
5802 2.813207e-05 2.372054e-08
5803 2.813142e-05 2.367207e-08
5804 2.813076e-05 2.362369e-08
5805 2.813011e-05 2.357542e-08
5806 2.812946e-05 2.352724e-08
5807 2.812881e-05 2.347916e-08
5808 2.812816e-05 2.343118e-08
5809 2.812752e-05 2.338330e-08
5810 2.812687e-05 2.333551e-08
5811 2.812623e-05 2.328783e-08
5812 2.812558e-05 2.324024e-08
5813 2.812494e-05 2.319274e-08
5814 2.812430e-05 2.314535e-08
5815 2.812367e-05 2.309805e-08
5816 2.812303e-05 2.305085e-08
5817 2.812239e-05 2.300374e-08
5818 2.812176e-05 2.295673e-08
5819 2.812113e-05 2.290982e-08
5820 2.812050e-05 2.286300e-08
5821 2.811987e-05 2.281628e-08
5822 2.811924e-05 2.276966e-08
5823 2.811861e-05 2.272313e-08
5824 2.811799e-05 2.267669e-08
5825 2.811737e-05 2.263035e-08
5826 2.811674e-05 2.258410e-08
5827 2.811612e-05 2.253795e-08
5828 2.811550e-05 2.249189e-08
5829 2.811489e-05 2.244593e-08
5830 2.811427e-05 2.240006e-08
5831 2.811365e-05 2.235429e-08
5832 2.811304e-05 2.230861e-08
5833 2.811243e-05 2.226302e-08
5834 2.811182e-05 2.221752e-08
5835 2.811121e-05 2.217212e-08
5836 2.811060e-05 2.212681e-08
5837 2.810999e-05 2.208159e-08
5838 2.810939e-05 2.203647e-08
5839 2.810878e-05 2.199144e-08
5840 2.810818e-05 2.194649e-08
5841 2.810758e-05 2.190165e-08
5842 2.810698e-05 2.185689e-08
5843 2.810638e-05 2.181222e-08
5844 2.810578e-05 2.176765e-08
5845 2.810519e-05 2.172317e-08
5846 2.810459e-05 2.167877e-08
5847 2.810400e-05 2.163447e-08
5848 2.810341e-05 2.159026e-08
5849 2.810281e-05 2.154614e-08
5850 2.810223e-05 2.150211e-08
5851 2.810164e-05 2.145817e-08
5852 2.810105e-05 2.141432e-08
5853 2.810047e-05 2.137056e-08
5854 2.809988e-05 2.132689e-08
5855 2.809930e-05 2.128330e-08
5856 2.809872e-05 2.123981e-08
5857 2.809814e-05 2.119641e-08
5858 2.809756e-05 2.115309e-08
5859 2.809698e-05 2.110986e-08
5860 2.809640e-05 2.106673e-08
5861 2.809583e-05 2.102367e-08
5862 2.809526e-05 2.098071e-08
5863 2.809468e-05 2.093784e-08
5864 2.809411e-05 2.089505e-08
5865 2.809354e-05 2.085235e-08
5866 2.809297e-05 2.080974e-08
5867 2.809241e-05 2.076721e-08
5868 2.809184e-05 2.072477e-08
5869 2.809128e-05 2.068242e-08
5870 2.809071e-05 2.064016e-08
5871 2.809015e-05 2.059798e-08
5872 2.808959e-05 2.055588e-08
5873 2.808903e-05 2.051388e-08
5874 2.808847e-05 2.047196e-08
5875 2.808791e-05 2.043012e-08
5876 2.808736e-05 2.038837e-08
5877 2.808680e-05 2.034671e-08
5878 2.808625e-05 2.030513e-08
5879 2.808570e-05 2.026363e-08
5880 2.808515e-05 2.022222e-08
5881 2.808460e-05 2.018090e-08
5882 2.808405e-05 2.013966e-08
5883 2.808350e-05 2.009850e-08
5884 2.808296e-05 2.005743e-08
5885 2.808241e-05 2.001644e-08
5886 2.808187e-05 1.997554e-08
5887 2.808133e-05 1.993472e-08
5888 2.808078e-05 1.989398e-08
5889 2.808024e-05 1.985332e-08
5890 2.807971e-05 1.981275e-08
5891 2.807917e-05 1.977226e-08
5892 2.807863e-05 1.973186e-08
5893 2.807810e-05 1.969154e-08
5894 2.807756e-05 1.965130e-08
5895 2.807703e-05 1.961114e-08
5896 2.807650e-05 1.957106e-08
5897 2.807597e-05 1.953107e-08
5898 2.807544e-05 1.949115e-08
5899 2.807491e-05 1.945132e-08
5900 2.807438e-05 1.941157e-08
5901 2.807386e-05 1.937191e-08
5902 2.807333e-05 1.933232e-08
5903 2.807281e-05 1.929281e-08
5904 2.807229e-05 1.925339e-08
5905 2.807177e-05 1.921404e-08
5906 2.807125e-05 1.917478e-08
5907 2.807073e-05 1.913559e-08
5908 2.807021e-05 1.909649e-08
5909 2.806970e-05 1.905746e-08
5910 2.806918e-05 1.901852e-08
5911 2.806867e-05 1.897965e-08
5912 2.806815e-05 1.894087e-08
5913 2.806764e-05 1.890216e-08
5914 2.806713e-05 1.886353e-08
5915 2.806662e-05 1.882499e-08
5916 2.806611e-05 1.878652e-08
5917 2.806561e-05 1.874812e-08
5918 2.806510e-05 1.870981e-08
5919 2.806460e-05 1.867158e-08
5920 2.806409e-05 1.863342e-08
5921 2.806359e-05 1.859534e-08
5922 2.806309e-05 1.855734e-08
5923 2.806259e-05 1.851942e-08
5924 2.806209e-05 1.848158e-08
5925 2.806159e-05 1.844381e-08
5926 2.806109e-05 1.840612e-08
5927 2.806060e-05 1.836850e-08
5928 2.806010e-05 1.833097e-08
5929 2.805961e-05 1.829351e-08
5930 2.805912e-05 1.825612e-08
5931 2.805862e-05 1.821882e-08
5932 2.805813e-05 1.818158e-08
5933 2.805764e-05 1.814443e-08
5934 2.805716e-05 1.810735e-08
5935 2.805667e-05 1.807035e-08
5936 2.805618e-05 1.803342e-08
5937 2.805570e-05 1.799657e-08
5938 2.805521e-05 1.795979e-08
5939 2.805473e-05 1.792309e-08
5940 2.805425e-05 1.788646e-08
5941 2.805377e-05 1.784991e-08
5942 2.805329e-05 1.781343e-08
5943 2.805281e-05 1.777703e-08
5944 2.805233e-05 1.774070e-08
5945 2.805186e-05 1.770445e-08
5946 2.805138e-05 1.766827e-08
5947 2.805091e-05 1.763216e-08
5948 2.805043e-05 1.759613e-08
5949 2.804996e-05 1.756017e-08
5950 2.804949e-05 1.752429e-08
5951 2.804902e-05 1.748848e-08
5952 2.804855e-05 1.745274e-08
5953 2.804808e-05 1.741707e-08
5954 2.804761e-05 1.738148e-08
5955 2.804715e-05 1.734596e-08
5956 2.804668e-05 1.731051e-08
5957 2.804622e-05 1.727514e-08
5958 2.804576e-05 1.723984e-08
5959 2.804529e-05 1.720461e-08
5960 2.804483e-05 1.716945e-08
5961 2.804437e-05 1.713436e-08
5962 2.804392e-05 1.709935e-08
5963 2.804346e-05 1.706440e-08
5964 2.804300e-05 1.702953e-08
5965 2.804254e-05 1.699473e-08
5966 2.804209e-05 1.696000e-08
5967 2.804164e-05 1.692534e-08
5968 2.804118e-05 1.689076e-08
5969 2.804073e-05 1.685624e-08
5970 2.804028e-05 1.682179e-08
5971 2.803983e-05 1.678742e-08
5972 2.803938e-05 1.675311e-08
5973 2.803893e-05 1.671888e-08
5974 2.803849e-05 1.668471e-08
5975 2.803804e-05 1.665061e-08
5976 2.803760e-05 1.661659e-08
5977 2.803715e-05 1.658263e-08
5978 2.803671e-05 1.654874e-08
5979 2.803627e-05 1.651493e-08
5980 2.803583e-05 1.648118e-08
5981 2.803539e-05 1.644750e-08
5982 2.803495e-05 1.641389e-08
5983 2.803451e-05 1.638034e-08
5984 2.803407e-05 1.634687e-08
5985 2.803364e-05 1.631346e-08
5986 2.803320e-05 1.628013e-08
5987 2.803277e-05 1.624686e-08
5988 2.803233e-05 1.621366e-08
5989 2.803190e-05 1.618052e-08
5990 2.803147e-05 1.614746e-08
5991 2.803104e-05 1.611446e-08
5992 2.803061e-05 1.608153e-08
5993 2.803018e-05 1.604867e-08
5994 2.802976e-05 1.601587e-08
5995 2.802933e-05 1.598314e-08
5996 2.802890e-05 1.595048e-08
5997 2.802848e-05 1.591788e-08
5998 2.802805e-05 1.588535e-08
5999 2.802763e-05 1.585289e-08
6000 2.802721e-05 1.582050e-08
6001 2.802679e-05 1.578817e-08
6002 2.802637e-05 1.575590e-08
6003 2.802595e-05 1.572370e-08
6004 2.802553e-05 1.569157e-08
6005 2.802511e-05 1.565951e-08
6006 2.802470e-05 1.562750e-08
6007 2.802428e-05 1.559557e-08
6008 2.802387e-05 1.556370e-08
6009 2.802345e-05 1.553189e-08
6010 2.802304e-05 1.550015e-08
6011 2.802263e-05 1.546848e-08
6012 2.802222e-05 1.543687e-08
6013 2.802181e-05 1.540532e-08
6014 2.802140e-05 1.537384e-08
6015 2.802099e-05 1.534242e-08
6016 2.802058e-05 1.531107e-08
6017 2.802018e-05 1.527978e-08
6018 2.801977e-05 1.524856e-08
6019 2.801937e-05 1.521740e-08
6020 2.801896e-05 1.518630e-08
6021 2.801856e-05 1.515526e-08
6022 2.801816e-05 1.512429e-08
6023 2.801776e-05 1.509339e-08
6024 2.801736e-05 1.506254e-08
6025 2.801696e-05 1.503176e-08
6026 2.801656e-05 1.500104e-08
6027 2.801616e-05 1.497039e-08
6028 2.801577e-05 1.493980e-08
6029 2.801537e-05 1.490927e-08
6030 2.801498e-05 1.487880e-08
6031 2.801458e-05 1.484839e-08
6032 2.801419e-05 1.481805e-08
6033 2.801380e-05 1.478777e-08
6034 2.801341e-05 1.475755e-08
6035 2.801301e-05 1.472739e-08
6036 2.801262e-05 1.469730e-08
6037 2.801224e-05 1.466726e-08
6038 2.801185e-05 1.463729e-08
6039 2.801146e-05 1.460738e-08
6040 2.801107e-05 1.457753e-08
6041 2.801069e-05 1.454774e-08
6042 2.801030e-05 1.451801e-08
6043 2.800992e-05 1.448834e-08
6044 2.800954e-05 1.445873e-08
6045 2.800916e-05 1.442918e-08
6046 2.800877e-05 1.439970e-08
6047 2.800839e-05 1.437027e-08
6048 2.800801e-05 1.434090e-08
6049 2.800763e-05 1.431160e-08
6050 2.800726e-05 1.428235e-08
6051 2.800688e-05 1.425317e-08
6052 2.800650e-05 1.422404e-08
6053 2.800613e-05 1.419497e-08
6054 2.800575e-05 1.416596e-08
6055 2.800538e-05 1.413701e-08
6056 2.800501e-05 1.410812e-08
6057 2.800463e-05 1.407929e-08
6058 2.800426e-05 1.405052e-08
6059 2.800389e-05 1.402181e-08
6060 2.800352e-05 1.399316e-08
6061 2.800315e-05 1.396456e-08
6062 2.800279e-05 1.393602e-08
6063 2.800242e-05 1.390754e-08
6064 2.800205e-05 1.387912e-08
6065 2.800169e-05 1.385076e-08
6066 2.800132e-05 1.382246e-08
6067 2.800096e-05 1.379421e-08
6068 2.800059e-05 1.376602e-08
6069 2.800023e-05 1.373789e-08
6070 2.799987e-05 1.370981e-08
6071 2.799951e-05 1.368180e-08
6072 2.799915e-05 1.365384e-08
6073 2.799879e-05 1.362594e-08
6074 2.799843e-05 1.359809e-08
6075 2.799807e-05 1.357030e-08
6076 2.799771e-05 1.354257e-08
6077 2.799736e-05 1.351490e-08
6078 2.799700e-05 1.348728e-08
6079 2.799665e-05 1.345972e-08
6080 2.799629e-05 1.343221e-08
6081 2.799594e-05 1.340476e-08
6082 2.799559e-05 1.337737e-08
6083 2.799524e-05 1.335003e-08
6084 2.799489e-05 1.332275e-08
6085 2.799454e-05 1.329552e-08
6086 2.799419e-05 1.326835e-08
6087 2.799384e-05 1.324124e-08
6088 2.799349e-05 1.321418e-08
6089 2.799314e-05 1.318718e-08
6090 2.799280e-05 1.316023e-08
6091 2.799245e-05 1.313334e-08
6092 2.799211e-05 1.310650e-08
6093 2.799176e-05 1.307971e-08
6094 2.799142e-05 1.305298e-08
6095 2.799108e-05 1.302631e-08
6096 2.799073e-05 1.299969e-08
6097 2.799039e-05 1.297313e-08
6098 2.799005e-05 1.294661e-08
6099 2.798971e-05 1.292016e-08
6100 2.798937e-05 1.289375e-08
6101 2.798904e-05 1.286741e-08
6102 2.798870e-05 1.284111e-08
6103 2.798836e-05 1.281487e-08
6104 2.798803e-05 1.278868e-08
6105 2.798769e-05 1.276255e-08
6106 2.798736e-05 1.273647e-08
6107 2.798702e-05 1.271044e-08
6108 2.798669e-05 1.268446e-08
6109 2.798636e-05 1.265854e-08
6110 2.798603e-05 1.263267e-08
6111 2.798569e-05 1.260686e-08
6112 2.798536e-05 1.258110e-08
6113 2.798504e-05 1.255539e-08
6114 2.798471e-05 1.252973e-08
6115 2.798438e-05 1.250412e-08
6116 2.798405e-05 1.247857e-08
6117 2.798372e-05 1.245307e-08
6118 2.798340e-05 1.242762e-08
6119 2.798307e-05 1.240223e-08
6120 2.798275e-05 1.237688e-08
6121 2.798243e-05 1.235159e-08
6122 2.798210e-05 1.232635e-08
6123 2.798178e-05 1.230116e-08
6124 2.798146e-05 1.227602e-08
6125 2.798114e-05 1.225093e-08
6126 2.798082e-05 1.222590e-08
6127 2.798050e-05 1.220091e-08
6128 2.798018e-05 1.217598e-08
6129 2.797986e-05 1.215110e-08
6130 2.797954e-05 1.212627e-08
6131 2.797923e-05 1.210149e-08
6132 2.797891e-05 1.207676e-08
6133 2.797860e-05 1.205208e-08
6134 2.797828e-05 1.202745e-08
6135 2.797797e-05 1.200287e-08
6136 2.797765e-05 1.197834e-08
6137 2.797734e-05 1.195386e-08
6138 2.797703e-05 1.192944e-08
6139 2.797672e-05 1.190506e-08
6140 2.797641e-05 1.188073e-08
6141 2.797610e-05 1.185645e-08
6142 2.797579e-05 1.183222e-08
6143 2.797548e-05 1.180804e-08
6144 2.797517e-05 1.178391e-08
6145 2.797486e-05 1.175983e-08
6146 2.797456e-05 1.173580e-08
6147 2.797425e-05 1.171182e-08
6148 2.797395e-05 1.168788e-08
6149 2.797364e-05 1.166400e-08
6150 2.797334e-05 1.164016e-08
6151 2.797303e-05 1.161638e-08
6152 2.797273e-05 1.159264e-08
6153 2.797243e-05 1.156895e-08
6154 2.797213e-05 1.154531e-08
6155 2.797183e-05 1.152171e-08
6156 2.797153e-05 1.149817e-08
6157 2.797123e-05 1.147467e-08
6158 2.797093e-05 1.145122e-08
6159 2.797063e-05 1.142782e-08
6160 2.797033e-05 1.140447e-08
6161 2.797004e-05 1.138116e-08
6162 2.796974e-05 1.135790e-08
6163 2.796944e-05 1.133469e-08
6164 2.796915e-05 1.131153e-08
6165 2.796885e-05 1.128841e-08
6166 2.796856e-05 1.126535e-08
6167 2.796827e-05 1.124232e-08
6168 2.796798e-05 1.121935e-08
6169 2.796768e-05 1.119642e-08
6170 2.796739e-05 1.117354e-08
6171 2.796710e-05 1.115071e-08
6172 2.796681e-05 1.112792e-08
6173 2.796652e-05 1.110518e-08
6174 2.796623e-05 1.108249e-08
6175 2.796595e-05 1.105984e-08
6176 2.796566e-05 1.103724e-08
6177 2.796537e-05 1.101468e-08
6178 2.796509e-05 1.099218e-08
6179 2.796480e-05 1.096971e-08
6180 2.796452e-05 1.094730e-08
6181 2.796423e-05 1.092492e-08
6182 2.796395e-05 1.090260e-08
6183 2.796366e-05 1.088032e-08
6184 2.796338e-05 1.085808e-08
6185 2.796310e-05 1.083590e-08
6186 2.796282e-05 1.081375e-08
6187 2.796254e-05 1.079165e-08
6188 2.796226e-05 1.076960e-08
6189 2.796198e-05 1.074759e-08
6190 2.796170e-05 1.072563e-08
6191 2.796142e-05 1.070371e-08
6192 2.796114e-05 1.068184e-08
6193 2.796087e-05 1.066001e-08
6194 2.796059e-05 1.063822e-08
6195 2.796032e-05 1.061648e-08
6196 2.796004e-05 1.059479e-08
6197 2.795977e-05 1.057314e-08
6198 2.795949e-05 1.055153e-08
6199 2.795922e-05 1.052997e-08
6200 2.795894e-05 1.050845e-08
6201 2.795867e-05 1.048698e-08
6202 2.795840e-05 1.046555e-08
6203 2.795813e-05 1.044416e-08
6204 2.795786e-05 1.042282e-08
6205 2.795759e-05 1.040152e-08
6206 2.795732e-05 1.038026e-08
6207 2.795705e-05 1.035905e-08
6208 2.795678e-05 1.033788e-08
6209 2.795652e-05 1.031675e-08
6210 2.795625e-05 1.029567e-08
6211 2.795598e-05 1.027463e-08
6212 2.795572e-05 1.025363e-08
6213 2.795545e-05 1.023268e-08
6214 2.795519e-05 1.021177e-08
6215 2.795492e-05 1.019090e-08
6216 2.795466e-05 1.017008e-08
6217 2.795439e-05 1.014929e-08
6218 2.795413e-05 1.012855e-08
6219 2.795387e-05 1.010785e-08
6220 2.795361e-05 1.008720e-08
6221 2.795335e-05 1.006658e-08
6222 2.795309e-05 1.004601e-08
6223 2.795283e-05 1.002548e-08
6224 2.795257e-05 1.000500e-08
6225 2.795231e-05 9.984551e-09
