# step err_l2 res_l2
0 2.463645e-01 1.000000e+00
1 2.348612e-01 2.115515e-01
2 2.303513e-01 1.148918e-01
3 2.269290e-01 8.317856e-02
4 2.240671e-01 6.640054e-02
5 2.215638e-01 5.583131e-02
6 2.193156e-01 4.848743e-02
7 2.172609e-01 4.305058e-02
8 2.153596e-01 3.884244e-02
9 2.135838e-01 3.547613e-02
10 2.119131e-01 3.271389e-02
11 2.103322e-01 3.040102e-02
12 2.088291e-01 2.843228e-02
13 2.073943e-01 2.673340e-02
14 2.060200e-01 2.525040e-02
15 2.047000e-01 2.394302e-02
16 2.034289e-01 2.278060e-02
17 2.022022e-01 2.173934e-02
18 2.010159e-01 2.080048e-02
19 1.998669e-01 1.994901e-02
20 1.987523e-01 1.917277e-02
21 1.976694e-01 1.846178e-02
22 1.966160e-01 1.780782e-02
23 1.955902e-01 1.720398e-02
24 1.945901e-01 1.664448e-02
25 1.936142e-01 1.612438e-02
26 1.926611e-01 1.563949e-02
27 1.917294e-01 1.518620e-02
28 1.908180e-01 1.476137e-02
29 1.899258e-01 1.436228e-02
30 1.890517e-01 1.398656e-02
31 1.881950e-01 1.363213e-02
32 1.873548e-01 1.329713e-02
33 1.865302e-01 1.297995e-02
34 1.857207e-01 1.267913e-02
35 1.849255e-01 1.239338e-02
36 1.841440e-01 1.212154e-02
37 1.833757e-01 1.186257e-02
38 1.826201e-01 1.161554e-02
39 1.818765e-01 1.137961e-02
40 1.811446e-01 1.115400e-02
41 1.804240e-01 1.093802e-02
42 1.797142e-01 1.073104e-02
43 1.790148e-01 1.053248e-02
44 1.783255e-01 1.034181e-02
45 1.776459e-01 1.015855e-02
46 1.769758e-01 9.982254e-03
47 1.763147e-01 9.812514e-03
48 1.756625e-01 9.648952e-03
49 1.750188e-01 9.491221e-03
50 1.743834e-01 9.339000e-03
51 1.737560e-01 9.191990e-03
52 1.731364e-01 9.049917e-03
53 1.725243e-01 8.912522e-03
54 1.719196e-01 8.779568e-03
55 1.713221e-01 8.650832e-03
56 1.707315e-01 8.526107e-03
57 1.701477e-01 8.405198e-03
58 1.695705e-01 8.287925e-03
59 1.689997e-01 8.174118e-03
60 1.684351e-01 8.063618e-03
61 1.678767e-01 7.956275e-03
62 1.673241e-01 7.851950e-03
63 1.667774e-01 7.750511e-03
64 1.662364e-01 7.651834e-03
65 1.657009e-01 7.555801e-03
66 1.651708e-01 7.462303e-03
67 1.646459e-01 7.371236e-03
68 1.641263e-01 7.282501e-03
69 1.636116e-01 7.196005e-03
70 1.631019e-01 7.111661e-03
71 1.625971e-01 7.029384e-03
72 1.620969e-01 6.949097e-03
73 1.616014e-01 6.870724e-03
74 1.611104e-01 6.794194e-03
75 1.606238e-01 6.719440e-03
76 1.601416e-01 6.646397e-03
77 1.596637e-01 6.575004e-03
78 1.591899e-01 6.505204e-03
79 1.587203e-01 6.436940e-03
80 1.582546e-01 6.370160e-03
81 1.577929e-01 6.304814e-03
82 1.573350e-01 6.240854e-03
83 1.568810e-01 6.178234e-03
84 1.564307e-01 6.116910e-03
85 1.559840e-01 6.056840e-03
86 1.555409e-01 5.997984e-03
87 1.551014e-01 5.940305e-03
88 1.546653e-01 5.883764e-03
89 1.542326e-01 5.828328e-03
90 1.538033e-01 5.773961e-03
91 1.533773e-01 5.720633e-03
92 1.529545e-01 5.668313e-03
93 1.525349e-01 5.616969e-03
94 1.521184e-01 5.566575e-03
95 1.517050e-01 5.517102e-03
96 1.512946e-01 5.468525e-03
97 1.508873e-01 5.420817e-03
98 1.504828e-01 5.373955e-03
99 1.500812e-01 5.327915e-03
100 1.496825e-01 5.282674e-03
101 1.492866e-01 5.238212e-03
102 1.488935e-01 5.194506e-03
103 1.485030e-01 5.151537e-03
104 1.481153e-01 5.109286e-03
105 1.477302e-01 5.067734e-03
106 1.473476e-01 5.026862e-03
107 1.469677e-01 4.986653e-03
108 1.465902e-01 4.947091e-03
109 1.462153e-01 4.908158e-03
110 1.458428e-01 4.869840e-03
111 1.454727e-01 4.832122e-03
112 1.451050e-01 4.794988e-03
113 1.447397e-01 4.758424e-03
114 1.443767e-01 4.722418e-03
115 1.440159e-01 4.686954e-03
116 1.436575e-01 4.652022e-03
117 1.433012e-01 4.617607e-03
118 1.429472e-01 4.583699e-03
119 1.425953e-01 4.550285e-03
120 1.422456e-01 4.517355e-03
121 1.418979e-01 4.484897e-03
122 1.415524e-01 4.452901e-03
123 1.412089e-01 4.421356e-03
124 1.408675e-01 4.390253e-03
125 1.405281e-01 4.359581e-03
126 1.401906e-01 4.329332e-03
127 1.398551e-01 4.299496e-03
128 1.395216e-01 4.270065e-03
129 1.391899e-01 4.241030e-03
130 1.388602e-01 4.212383e-03
131 1.385323e-01 4.184115e-03
132 1.382062e-01 4.156218e-03
133 1.378820e-01 4.128686e-03
134 1.375596e-01 4.101510e-03
135 1.372390e-01 4.074684e-03
136 1.369201e-01 4.048200e-03
137 1.366029e-01 4.022051e-03
138 1.362875e-01 3.996232e-03
139 1.359738e-01 3.970734e-03
140 1.356617e-01 3.945553e-03
141 1.353514e-01 3.920682e-03
142 1.350426e-01 3.896115e-03
143 1.347355e-01 3.871846e-03
144 1.344300e-01 3.847870e-03
145 1.341261e-01 3.824180e-03
146 1.338237e-01 3.800773e-03
147 1.335229e-01 3.777642e-03
148 1.332237e-01 3.754782e-03
149 1.329259e-01 3.732188e-03
150 1.326297e-01 3.709856e-03
151 1.323350e-01 3.687781e-03
152 1.320417e-01 3.665958e-03
153 1.317499e-01 3.644383e-03
154 1.314596e-01 3.623051e-03
155 1.311706e-01 3.601958e-03
156 1.308831e-01 3.581100e-03
157 1.305970e-01 3.560473e-03
158 1.303123e-01 3.540072e-03
159 1.300289e-01 3.519894e-03
160 1.297469e-01 3.499936e-03
161 1.294663e-01 3.480193e-03
162 1.291869e-01 3.460661e-03
163 1.289089e-01 3.441338e-03
164 1.286322e-01 3.422220e-03
165 1.283568e-01 3.403303e-03
166 1.280827e-01 3.384584e-03
167 1.278098e-01 3.366060e-03
168 1.275382e-01 3.347727e-03
169 1.272679e-01 3.329584e-03
170 1.269987e-01 3.311626e-03
171 1.267308e-01 3.293850e-03
172 1.264641e-01 3.276255e-03
173 1.261986e-01 3.258836e-03
174 1.259343e-01 3.241591e-03
175 1.256712e-01 3.224518e-03
176 1.254092e-01 3.207614e-03
177 1.251484e-01 3.190876e-03
178 1.248887e-01 3.174302e-03
179 1.246302e-01 3.157889e-03
180 1.243728e-01 3.141635e-03
181 1.241165e-01 3.125537e-03
182 1.238613e-01 3.109593e-03
183 1.236071e-01 3.093801e-03
184 1.233541e-01 3.078159e-03
185 1.231022e-01 3.062664e-03
186 1.228513e-01 3.047315e-03
187 1.226014e-01 3.032108e-03
188 1.223527e-01 3.017043e-03
189 1.221049e-01 3.002116e-03
190 1.218582e-01 2.987327e-03
191 1.216125e-01 2.972673e-03
192 1.213678e-01 2.958152e-03
193 1.211241e-01 2.943763e-03
194 1.208814e-01 2.929503e-03
195 1.206397e-01 2.915371e-03
196 1.203990e-01 2.901365e-03
197 1.201592e-01 2.887484e-03
198 1.199204e-01 2.873725e-03
199 1.196825e-01 2.860087e-03
200 1.194456e-01 2.846568e-03
201 1.192097e-01 2.833167e-03
202 1.189746e-01 2.819882e-03
203 1.187405e-01 2.806712e-03
204 1.185073e-01 2.793655e-03
205 1.182750e-01 2.780709e-03
206 1.180436e-01 2.767874e-03
207 1.178131e-01 2.755148e-03
208 1.175835e-01 2.742529e-03
209 1.173547e-01 2.730016e-03
210 1.171269e-01 2.717607e-03
211 1.168999e-01 2.705302e-03
212 1.166737e-01 2.693099e-03
213 1.164484e-01 2.680997e-03
214 1.162240e-01 2.668994e-03
215 1.160003e-01 2.657090e-03
216 1.157776e-01 2.645282e-03
217 1.155556e-01 2.633570e-03
218 1.153345e-01 2.621954e-03
219 1.151141e-01 2.610430e-03
220 1.148946e-01 2.598999e-03
221 1.146759e-01 2.587659e-03
222 1.144580e-01 2.576410e-03
223 1.142408e-01 2.565250e-03
224 1.140245e-01 2.554177e-03
225 1.138089e-01 2.543192e-03
226 1.135941e-01 2.532293e-03
227 1.133800e-01 2.521479e-03
228 1.131667e-01 2.510749e-03
229 1.129542e-01 2.500102e-03
230 1.127424e-01 2.489537e-03
231 1.125314e-01 2.479053e-03
232 1.123210e-01 2.468649e-03
233 1.121115e-01 2.458325e-03
234 1.119026e-01 2.448080e-03
235 1.116945e-01 2.437911e-03
236 1.114871e-01 2.427820e-03
237 1.112804e-01 2.417805e-03
238 1.110744e-01 2.407864e-03
239 1.108691e-01 2.397998e-03
240 1.106645e-01 2.388205e-03
241 1.104606e-01 2.378485e-03
242 1.102574e-01 2.368836e-03
243 1.100548e-01 2.359259e-03
244 1.098529e-01 2.349751e-03
245 1.096518e-01 2.340314e-03
246 1.094512e-01 2.330945e-03
247 1.092514e-01 2.321644e-03
248 1.090522e-01 2.312411e-03
249 1.088536e-01 2.303244e-03
250 1.086557e-01 2.294143e-03
251 1.084584e-01 2.285107e-03
252 1.082618e-01 2.276136e-03
253 1.080658e-01 2.267229e-03
254 1.078705e-01 2.258385e-03
255 1.076757e-01 2.249604e-03
256 1.074816e-01 2.240885e-03
257 1.072882e-01 2.232227e-03
258 1.070953e-01 2.223630e-03
259 1.069030e-01 2.215093e-03
260 1.067114e-01 2.206616e-03
261 1.065203e-01 2.198197e-03
262 1.063299e-01 2.189837e-03
263 1.061400e-01 2.181535e-03
264 1.059507e-01 2.173290e-03
265 1.057621e-01 2.165101e-03
266 1.055740e-01 2.156969e-03
267 1.053864e-01 2.148892e-03
268 1.051995e-01 2.140871e-03
269 1.050131e-01 2.132903e-03
270 1.048273e-01 2.124990e-03
271 1.046421e-01 2.117131e-03
272 1.044574e-01 2.109324e-03
273 1.042733e-01 2.101570e-03
274 1.040897e-01 2.093867e-03
275 1.039067e-01 2.086216e-03
276 1.037242e-01 2.078617e-03
277 1.035423e-01 2.071067e-03
278 1.033609e-01 2.063568e-03
279 1.031800e-01 2.056119e-03
280 1.029997e-01 2.048718e-03
281 1.028199e-01 2.041366e-03
282 1.026406e-01 2.034063e-03
283 1.024619e-01 2.026807e-03
284 1.022837e-01 2.019599e-03
285 1.021060e-01 2.012438e-03
286 1.019288e-01 2.005323e-03
287 1.017521e-01 1.998254e-03
288 1.015759e-01 1.991231e-03
289 1.014002e-01 1.984253e-03
290 1.012251e-01 1.977321e-03
291 1.010504e-01 1.970432e-03
292 1.008762e-01 1.963588e-03
293 1.007025e-01 1.956788e-03
294 1.005293e-01 1.950030e-03
295 1.003566e-01 1.943316e-03
296 1.001844e-01 1.936645e-03
297 1.000127e-01 1.930015e-03
298 9.984140e-02 1.923428e-03
299 9.967061e-02 1.916882e-03
300 9.950029e-02 1.910377e-03
301 9.933044e-02 1.903913e-03
302 9.916105e-02 1.897489e-03
303 9.899213e-02 1.891105e-03
304 9.882367e-02 1.884761e-03
305 9.865567e-02 1.878457e-03
306 9.848813e-02 1.872192e-03
307 9.832104e-02 1.865965e-03
308 9.815440e-02 1.859777e-03
309 9.798821e-02 1.853627e-03
310 9.782246e-02 1.847514e-03
311 9.765716e-02 1.841440e-03
312 9.749229e-02 1.835402e-03
313 9.732787e-02 1.829401e-03
314 9.716388e-02 1.823437e-03
315 9.700032e-02 1.817509e-03
316 9.683720e-02 1.811617e-03
317 9.667450e-02 1.805760e-03
318 9.651223e-02 1.799939e-03
319 9.635038e-02 1.794153e-03
320 9.618895e-02 1.788402e-03
321 9.602795e-02 1.782686e-03
322 9.586736e-02 1.777003e-03
323 9.570718e-02 1.771355e-03
324 9.554742e-02 1.765740e-03
325 9.538806e-02 1.760159e-03
326 9.522911e-02 1.754611e-03
327 9.507057e-02 1.749095e-03
328 9.491243e-02 1.743613e-03
329 9.475470e-02 1.738162e-03
330 9.459736e-02 1.732744e-03
331 9.444042e-02 1.727358e-03
332 9.428387e-02 1.722003e-03
333 9.412771e-02 1.716680e-03
334 9.397195e-02 1.711387e-03
335 9.381658e-02 1.706126e-03
336 9.366159e-02 1.700895e-03
337 9.350698e-02 1.695694e-03
338 9.335276e-02 1.690524e-03
339 9.319892e-02 1.685384e-03
340 9.304545e-02 1.680273e-03
341 9.289237e-02 1.675192e-03
342 9.273965e-02 1.670140e-03
343 9.258731e-02 1.665116e-03
344 9.243534e-02 1.660122e-03
345 9.228374e-02 1.655156e-03
346 9.213251e-02 1.650219e-03
347 9.198164e-02 1.645309e-03
348 9.183113e-02 1.640428e-03
349 9.168099e-02 1.635574e-03
350 9.153120e-02 1.630748e-03
351 9.138178e-02 1.625949e-03
352 9.123270e-02 1.621176e-03
353 9.108399e-02 1.616431e-03
354 9.093562e-02 1.611713e-03
355 9.078761e-02 1.607020e-03
356 9.063994e-02 1.602355e-03
357 9.049262e-02 1.597715e-03
358 9.034565e-02 1.593101e-03
359 9.019902e-02 1.588512e-03
360 9.005273e-02 1.583949e-03
361 8.990679e-02 1.579411e-03
362 8.976118e-02 1.574899e-03
363 8.961591e-02 1.570411e-03
364 8.947097e-02 1.565948e-03
365 8.932637e-02 1.561509e-03
366 8.918210e-02 1.557095e-03
367 8.903816e-02 1.552705e-03
368 8.889455e-02 1.548339e-03
369 8.875127e-02 1.543996e-03
370 8.860831e-02 1.539678e-03
371 8.846568e-02 1.535382e-03
372 8.832337e-02 1.531110e-03
373 8.818139e-02 1.526861e-03
374 8.803972e-02 1.522635e-03
375 8.789837e-02 1.518432e-03
376 8.775734e-02 1.514251e-03
377 8.761662e-02 1.510093e-03
378 8.747622e-02 1.505957e-03
379 8.733613e-02 1.501843e-03
380 8.719635e-02 1.497751e-03
381 8.705688e-02 1.493680e-03
382 8.691772e-02 1.489631e-03
383 8.677886e-02 1.485604e-03
384 8.664032e-02 1.481598e-03
385 8.650207e-02 1.477613e-03
386 8.636413e-02 1.473649e-03
387 8.622649e-02 1.469706e-03
388 8.608915e-02 1.465784e-03
389 8.595211e-02 1.461882e-03
390 8.581536e-02 1.458000e-03
391 8.567892e-02 1.454139e-03
392 8.554276e-02 1.450298e-03
393 8.540690e-02 1.446476e-03
394 8.527134e-02 1.442675e-03
395 8.513606e-02 1.438893e-03
396 8.500107e-02 1.435130e-03
397 8.486637e-02 1.431387e-03
398 8.473196e-02 1.427663e-03
399 8.459784e-02 1.423958e-03
400 8.446399e-02 1.420273e-03
401 8.433044e-02 1.416605e-03
402 8.419716e-02 1.412957e-03
403 8.406417e-02 1.409327e-03
404 8.393145e-02 1.405716e-03
405 8.379902e-02 1.402122e-03
406 8.366686e-02 1.398547e-03
407 8.353498e-02 1.394990e-03
408 8.340337e-02 1.391451e-03
409 8.327204e-02 1.387929e-03
410 8.314098e-02 1.384425e-03
411 8.301019e-02 1.380939e-03
412 8.287967e-02 1.377470e-03
413 8.274942e-02 1.374018e-03
414 8.261944e-02 1.370583e-03
415 8.248973e-02 1.367166e-03
416 8.236028e-02 1.363765e-03
417 8.223110e-02 1.360381e-03
418 8.210219e-02 1.357013e-03
419 8.197353e-02 1.353662e-03
420 8.184514e-02 1.350328e-03
421 8.171701e-02 1.347009e-03
422 8.158914e-02 1.343707e-03
423 8.146152e-02 1.340421e-03
424 8.133417e-02 1.337151e-03
425 8.120707e-02 1.333897e-03
426 8.108023e-02 1.330658e-03
427 8.095364e-02 1.327435e-03
428 8.082731e-02 1.324228e-03
429 8.070122e-02 1.321035e-03
430 8.057539e-02 1.317858e-03
431 8.044981e-02 1.314697e-03
432 8.032449e-02 1.311550e-03
433 8.019940e-02 1.308418e-03
434 8.007457e-02 1.305301e-03
435 7.994999e-02 1.302199e-03
436 7.982565e-02 1.299111e-03
437 7.970155e-02 1.296038e-03
438 7.957770e-02 1.292980e-03
439 7.945409e-02 1.289935e-03
440 7.933073e-02 1.286905e-03
441 7.920760e-02 1.283889e-03
442 7.908472e-02 1.280887e-03
443 7.896208e-02 1.277899e-03
444 7.883967e-02 1.274925e-03
445 7.871750e-02 1.271965e-03
446 7.859557e-02 1.269018e-03
447 7.847388e-02 1.266085e-03
448 7.835242e-02 1.263165e-03
449 7.823119e-02 1.260258e-03
450 7.811020e-02 1.257365e-03
451 7.798944e-02 1.254485e-03
452 7.786891e-02 1.251618e-03
453 7.774862e-02 1.248764e-03
454 7.762855e-02 1.245922e-03
455 7.750871e-02 1.243094e-03
456 7.738911e-02 1.240278e-03
457 7.726972e-02 1.237475e-03
458 7.715057e-02 1.234685e-03
459 7.703164e-02 1.231906e-03
460 7.691294e-02 1.229141e-03
461 7.679446e-02 1.226387e-03
462 7.667620e-02 1.223646e-03
463 7.655817e-02 1.220917e-03
464 7.644036e-02 1.218199e-03
465 7.632277e-02 1.215494e-03
466 7.620540e-02 1.212801e-03
467 7.608825e-02 1.210119e-03
468 7.597132e-02 1.207449e-03
469 7.585461e-02 1.204791e-03
470 7.573812e-02 1.202144e-03
471 7.562184e-02 1.199508e-03
472 7.550578e-02 1.196884e-03
473 7.538993e-02 1.194272e-03
474 7.527430e-02 1.191670e-03
475 7.515888e-02 1.189080e-03
476 7.504368e-02 1.186500e-03
477 7.492869e-02 1.183932e-03
478 7.481391e-02 1.181374e-03
479 7.469934e-02 1.178828e-03
480 7.458498e-02 1.176292e-03
481 7.447083e-02 1.173767e-03
482 7.435689e-02 1.171252e-03
483 7.424315e-02 1.168748e-03
484 7.412963e-02 1.166254e-03
485 7.401631e-02 1.163771e-03
486 7.390320e-02 1.161298e-03
487 7.379029e-02 1.158835e-03
488 7.367759e-02 1.156383e-03
489 7.356509e-02 1.153941e-03
490 7.345280e-02 1.151508e-03
491 7.334071e-02 1.149086e-03
492 7.322882e-02 1.146673e-03
493 7.311714e-02 1.144271e-03
494 7.300565e-02 1.141878e-03
495 7.289436e-02 1.139495e-03
496 7.278328e-02 1.137121e-03
497 7.267239e-02 1.134757e-03
498 7.256170e-02 1.132403e-03
499 7.245121e-02 1.130058e-03
500 7.234092e-02 1.127722e-03
501 7.223083e-02 1.125396e-03
502 7.212093e-02 1.123079e-03
503 7.201122e-02 1.120771e-03
504 7.190171e-02 1.118472e-03
505 7.179240e-02 1.116182e-03
506 7.168327e-02 1.113902e-03
507 7.157435e-02 1.111630e-03
508 7.146561e-02 1.109367e-03
509 7.135706e-02 1.107113e-03
510 7.124871e-02 1.104868e-03
511 7.114055e-02 1.102631e-03
512 7.103258e-02 1.100403e-03
513 7.092479e-02 1.098184e-03
514 7.081720e-02 1.095973e-03
515 7.070980e-02 1.093771e-03
516 7.060258e-02 1.091577e-03
517 7.049555e-02 1.089391e-03
518 7.038871e-02 1.087214e-03
519 7.028205e-02 1.085045e-03
520 7.017558e-02 1.082884e-03
521 7.006929e-02 1.080732e-03
522 6.996319e-02 1.078587e-03
523 6.985728e-02 1.076451e-03
524 6.975154e-02 1.074322e-03
525 6.964599e-02 1.072202e-03
526 6.954063e-02 1.070089e-03
527 6.943544e-02 1.067984e-03
528 6.933044e-02 1.065887e-03
529 6.922561e-02 1.063797e-03
530 6.912097e-02 1.061716e-03
531 6.901651e-02 1.059642e-03
532 6.891223e-02 1.057575e-03
533 6.880812e-02 1.055516e-03
534 6.870420e-02 1.053464e-03
535 6.860045e-02 1.051420e-03
536 6.849688e-02 1.049384e-03
537 6.839349e-02 1.047354e-03
538 6.829027e-02 1.045332e-03
539 6.818723e-02 1.043317e-03
540 6.808437e-02 1.041309e-03
541 6.798168e-02 1.039309e-03
542 6.787916e-02 1.037315e-03
543 6.777682e-02 1.035329e-03
544 6.767466e-02 1.033349e-03
545 6.757266e-02 1.031377e-03
546 6.747084e-02 1.029411e-03
547 6.736919e-02 1.027453e-03
548 6.726772e-02 1.025501e-03
549 6.716641e-02 1.023556e-03
550 6.706528e-02 1.021617e-03
551 6.696431e-02 1.019686e-03
552 6.686352e-02 1.017761e-03
553 6.676289e-02 1.015842e-03
554 6.666244e-02 1.013930e-03
555 6.656215e-02 1.012025e-03
556 6.646203e-02 1.010126e-03
557 6.636208e-02 1.008234e-03
558 6.626230e-02 1.006348e-03
559 6.616268e-02 1.004468e-03
560 6.606323e-02 1.002595e-03
561 6.596395e-02 1.000727e-03
562 6.586483e-02 9.988667e-04
563 6.576587e-02 9.970120e-04
564 6.566708e-02 9.951635e-04
565 6.556846e-02 9.933212e-04
566 6.547000e-02 9.914849e-04
567 6.537170e-02 9.896547e-04
568 6.527357e-02 9.878305e-04
569 6.517560e-02 9.860122e-04
570 6.507779e-02 9.841999e-04
571 6.498014e-02 9.823935e-04
572 6.488266e-02 9.805929e-04
573 6.478533e-02 9.787982e-04
574 6.468817e-02 9.770092e-04
575 6.459117e-02 9.752260e-04
576 6.449432e-02 9.734485e-04
577 6.439764e-02 9.716767e-04
578 6.430111e-02 9.699105e-04
579 6.420475e-02 9.681500e-04
580 6.410854e-02 9.663950e-04
581 6.401249e-02 9.646455e-04
582 6.391660e-02 9.629016e-04
583 6.382086e-02 9.611631e-04
584 6.372528e-02 9.594301e-04
585 6.362986e-02 9.577025e-04
586 6.353460e-02 9.559803e-04
587 6.343949e-02 9.542634e-04
588 6.334453e-02 9.525518e-04
589 6.324973e-02 9.508455e-04
590 6.315508e-02 9.491444e-04
591 6.306059e-02 9.474485e-04
592 6.296626e-02 9.457579e-04
593 6.287207e-02 9.440724e-04
594 6.277804e-02 9.423920e-04
595 6.268416e-02 9.407166e-04
596 6.259044e-02 9.390464e-04
597 6.249686e-02 9.373812e-04
598 6.240344e-02 9.357210e-04
599 6.231017e-02 9.340657e-04
600 6.221705e-02 9.324154e-04
601 6.212408e-02 9.307700e-04
602 6.203126e-02 9.291295e-04
603 6.193859e-02 9.274938e-04
604 6.184607e-02 9.258630e-04
605 6.175370e-02 9.242369e-04
606 6.166148e-02 9.226156e-04
607 6.156941e-02 9.209991e-04
608 6.147748e-02 9.193873e-04
609 6.138571e-02 9.177801e-04
610 6.129408e-02 9.161777e-04
611 6.120260e-02 9.145798e-04
612 6.111126e-02 9.129866e-04
613 6.102007e-02 9.113979e-04
614 6.092903e-02 9.098138e-04
615 6.083813e-02 9.082342e-04
616 6.074738e-02 9.066591e-04
617 6.065678e-02 9.050885e-04
618 6.056632e-02 9.035223e-04
619 6.047600e-02 9.019605e-04
620 6.038583e-02 9.004032e-04
621 6.029580e-02 8.988502e-04
622 6.020592e-02 8.973016e-04
623 6.011618e-02 8.957572e-04
624 6.002658e-02 8.942172e-04
625 5.993712e-02 8.926815e-04
626 5.984781e-02 8.911500e-04
627 5.975864e-02 8.896227e-04
628 5.966961e-02 8.880997e-04
629 5.958073e-02 8.865808e-04
630 5.949198e-02 8.850660e-04
631 5.940337e-02 8.835554e-04
632 5.931491e-02 8.820489e-04
633 5.922658e-02 8.805465e-04
634 5.913840e-02 8.790482e-04
635 5.905036e-02 8.775539e-04
636 5.896245e-02 8.760636e-04
637 5.887468e-02 8.745773e-04
638 5.878706e-02 8.730950e-04
639 5.869957e-02 8.716167e-04
640 5.861222e-02 8.701422e-04
641 5.852500e-02 8.686717e-04
642 5.843793e-02 8.672051e-04
643 5.835099e-02 8.657424e-04
644 5.826419e-02 8.642834e-04
645 5.817753e-02 8.628284e-04
646 5.809100e-02 8.613771e-04
647 5.800461e-02 8.599296e-04
648 5.791835e-02 8.584859e-04
649 5.783223e-02 8.570459e-04
650 5.774625e-02 8.556096e-04
651 5.766040e-02 8.541771e-04
652 5.757468e-02 8.527482e-04
653 5.748910e-02 8.513230e-04
654 5.740365e-02 8.499015e-04
655 5.731834e-02 8.484835e-04
656 5.723316e-02 8.470692e-04
657 5.714812e-02 8.456585e-04
658 5.706321e-02 8.442514e-04
659 5.697843e-02 8.428477e-04
660 5.689378e-02 8.414477e-04
661 5.680927e-02 8.400511e-04
662 5.672488e-02 8.386581e-04
663 5.664063e-02 8.372685e-04
664 5.655652e-02 8.358824e-04
665 5.647253e-02 8.344997e-04
666 5.638867e-02 8.331205e-04
667 5.630495e-02 8.317446e-04
668 5.622135e-02 8.303722e-04
669 5.613789e-02 8.290031e-04
670 5.605455e-02 8.276374e-04
671 5.597135e-02 8.262750e-04
672 5.588827e-02 8.249160e-04
673 5.580532e-02 8.235602e-04
674 5.572250e-02 8.222078e-04
675 5.563982e-02 8.208586e-04
676 5.555725e-02 8.195127e-04
677 5.547482e-02 8.181700e-04
678 5.539252e-02 8.168305e-04
679 5.531034e-02 8.154943e-04
680 5.522829e-02 8.141612e-04
681 5.514637e-02 8.128313e-04
682 5.506457e-02 8.115046e-04
683 5.498291e-02 8.101810e-04
684 5.490136e-02 8.088606e-04
685 5.481995e-02 8.075432e-04
686 5.473866e-02 8.062290e-04
687 5.465749e-02 8.049179e-04
688 5.457645e-02 8.036098e-04
689 5.449554e-02 8.023048e-04
690 5.441475e-02 8.010028e-04
691 5.433409e-02 7.997039e-04
692 5.425355e-02 7.984079e-04
693 5.417313e-02 7.971150e-04
694 5.409284e-02 7.958250e-04
695 5.401268e-02 7.945380e-04
696 5.393263e-02 7.932540e-04
697 5.385271e-02 7.919729e-04
698 5.377291e-02 7.906947e-04
699 5.369324e-02 7.894195e-04
700 5.361369e-02 7.881471e-04
701 5.353426e-02 7.868777e-04
702 5.345495e-02 7.856111e-04
703 5.337577e-02 7.843474e-04
704 5.329670e-02 7.830865e-04
705 5.321776e-02 7.818284e-04
706 5.313894e-02 7.805732e-04
707 5.306024e-02 7.793208e-04
708 5.298166e-02 7.780711e-04
709 5.290320e-02 7.768243e-04
710 5.282487e-02 7.755802e-04
711 5.274665e-02 7.743389e-04
712 5.266855e-02 7.731003e-04
713 5.259057e-02 7.718645e-04
714 5.251271e-02 7.706314e-04
715 5.243498e-02 7.694009e-04
716 5.235735e-02 7.681732e-04
717 5.227985e-02 7.669482e-04
718 5.220247e-02 7.657258e-04
719 5.212521e-02 7.645061e-04
720 5.204806e-02 7.632891e-04
721 5.197103e-02 7.620747e-04
722 5.189412e-02 7.608629e-04
723 5.181733e-02 7.596537e-04
724 5.174065e-02 7.584471e-04
725 5.166409e-02 7.572431e-04
726 5.158765e-02 7.560417e-04
727 5.151133e-02 7.548429e-04
728 5.143512e-02 7.536466e-04
729 5.135903e-02 7.524529e-04
730 5.128305e-02 7.512617e-04
731 5.120719e-02 7.500730e-04
732 5.113144e-02 7.488868e-04
733 5.105582e-02 7.477032e-04
734 5.098030e-02 7.465220e-04
735 5.090490e-02 7.453434e-04
736 5.082962e-02 7.441671e-04
737 5.075445e-02 7.429934e-04
738 5.067939e-02 7.418221e-04
739 5.060445e-02 7.406533e-04
740 5.052962e-02 7.394868e-04
741 5.045491e-02 7.383228e-04
742 5.038031e-02 7.371613e-04
743 5.030582e-02 7.360021e-04
744 5.023145e-02 7.348453e-04
745 5.015719e-02 7.336909e-04
746 5.008304e-02 7.325388e-04
747 5.000901e-02 7.313891e-04
748 4.993509e-02 7.302418e-04
749 4.986128e-02 7.290968e-04
750 4.978758e-02 7.279542e-04
751 4.971399e-02 7.268139e-04
752 4.964052e-02 7.256759e-04
753 4.956715e-02 7.245402e-04
754 4.949390e-02 7.234068e-04
755 4.942076e-02 7.222756e-04
756 4.934773e-02 7.211468e-04
757 4.927481e-02 7.200202e-04
758 4.920200e-02 7.188959e-04
759 4.912930e-02 7.177739e-04
760 4.905671e-02 7.166541e-04
761 4.898423e-02 7.155365e-04
762 4.891186e-02 7.144211e-04
763 4.883960e-02 7.133080e-04
764 4.876745e-02 7.121971e-04
765 4.869541e-02 7.110884e-04
766 4.862348e-02 7.099818e-04
767 4.855165e-02 7.088775e-04
768 4.847994e-02 7.077753e-04
769 4.840833e-02 7.066753e-04
770 4.833683e-02 7.055775e-04
771 4.826544e-02 7.044818e-04
772 4.819416e-02 7.033882e-04
773 4.812298e-02 7.022968e-04
774 4.805191e-02 7.012075e-04
775 4.798095e-02 7.001204e-04
776 4.791010e-02 6.990353e-04
777 4.783935e-02 6.979524e-04
778 4.776871e-02 6.968715e-04
779 4.769818e-02 6.957927e-04
780 4.762775e-02 6.947160e-04
781 4.755743e-02 6.936414e-04
782 4.748721e-02 6.925689e-04
783 4.741710e-02 6.914984e-04
784 4.734710e-02 6.904300e-04
785 4.727720e-02 6.893636e-04
786 4.720741e-02 6.882992e-04
787 4.713772e-02 6.872369e-04
788 4.706814e-02 6.861765e-04
789 4.699866e-02 6.851183e-04
790 4.692929e-02 6.840620e-04
791 4.686002e-02 6.830077e-04
792 4.679085e-02 6.819554e-04
793 4.672179e-02 6.809051e-04
794 4.665283e-02 6.798567e-04
795 4.658398e-02 6.788104e-04
796 4.651523e-02 6.777660e-04
797 4.644658e-02 6.767235e-04
798 4.637804e-02 6.756831e-04
799 4.630960e-02 6.746445e-04
800 4.624126e-02 6.736079e-04
801 4.617303e-02 6.725733e-04
802 4.610489e-02 6.715405e-04
803 4.603686e-02 6.705097e-04
804 4.596893e-02 6.694808e-04
805 4.590111e-02 6.684538e-04
806 4.583338e-02 6.674287e-04
807 4.576576e-02 6.664055e-04
808 4.569824e-02 6.653841e-04
809 4.563082e-02 6.643647e-04
810 4.556350e-02 6.633471e-04
811 4.549628e-02 6.623314e-04
812 4.542917e-02 6.613176e-04
813 4.536215e-02 6.603056e-04
814 4.529523e-02 6.592955e-04
815 4.522842e-02 6.582872e-04
816 4.516170e-02 6.572807e-04
817 4.509509e-02 6.562761e-04
818 4.502857e-02 6.552733e-04
819 4.496215e-02 6.542723e-04
820 4.489584e-02 6.532732e-04
821 4.482962e-02 6.522758e-04
822 4.476350e-02 6.512803e-04
823 4.469748e-02 6.502865e-04
824 4.463156e-02 6.492946e-04
825 4.456574e-02 6.483044e-04
826 4.450002e-02 6.473160e-04
827 4.443439e-02 6.463294e-04
828 4.436887e-02 6.453445e-04
829 4.430344e-02 6.443614e-04
830 4.423811e-02 6.433801e-04
831 4.417287e-02 6.424005e-04
832 4.410774e-02 6.414227e-04
833 4.404270e-02 6.404466e-04
834 4.397776e-02 6.394723e-04
835 4.391291e-02 6.384996e-04
836 4.384817e-02 6.375287e-04
837 4.378352e-02 6.365596e-04
838 4.371896e-02 6.355921e-04
839 4.365451e-02 6.346263e-04
840 4.359015e-02 6.336623e-04
841 4.352588e-02 6.327000e-04
842 4.346171e-02 6.317393e-04
843 4.339764e-02 6.307803e-04
844 4.333366e-02 6.298231e-04
845 4.326978e-02 6.288675e-04
846 4.320600e-02 6.279135e-04
847 4.314230e-02 6.269613e-04
848 4.307871e-02 6.260107e-04
849 4.301521e-02 6.250618e-04
850 4.295180e-02 6.241145e-04
851 4.288849e-02 6.231689e-04
852 4.282527e-02 6.222249e-04
853 4.276215e-02 6.212826e-04
854 4.269912e-02 6.203419e-04
855 4.263619e-02 6.194028e-04
856 4.257334e-02 6.184653e-04
857 4.251060e-02 6.175295e-04
858 4.244794e-02 6.165953e-04
859 4.238538e-02 6.156627e-04
860 4.232292e-02 6.147317e-04
861 4.226054e-02 6.138024e-04
862 4.219826e-02 6.128746e-04
863 4.213607e-02 6.119484e-04
864 4.207398e-02 6.110238e-04
865 4.201197e-02 6.101008e-04
866 4.195006e-02 6.091794e-04
867 4.188825e-02 6.082595e-04
868 4.182652e-02 6.073412e-04
869 4.176488e-02 6.064245e-04
870 4.170334e-02 6.055094e-04
871 4.164189e-02 6.045958e-04
872 4.158053e-02 6.036838e-04
873 4.151926e-02 6.027733e-04
874 4.145809e-02 6.018644e-04
875 4.139700e-02 6.009570e-04
876 4.133601e-02 6.000511e-04
877 4.127510e-02 5.991468e-04
878 4.121429e-02 5.982440e-04
879 4.115356e-02 5.973428e-04
880 4.109293e-02 5.964430e-04
881 4.103239e-02 5.955448e-04
882 4.097194e-02 5.946481e-04
883 4.091157e-02 5.937529e-04
884 4.085130e-02 5.928592e-04
885 4.079112e-02 5.919670e-04
886 4.073102e-02 5.910763e-04
887 4.067102e-02 5.901871e-04
888 4.061111e-02 5.892994e-04
889 4.055128e-02 5.884132e-04
890 4.049154e-02 5.875285e-04
891 4.043189e-02 5.866452e-04
892 4.037233e-02 5.857634e-04
893 4.031286e-02 5.848831e-04
894 4.025348e-02 5.840043e-04
895 4.019419e-02 5.831269e-04
896 4.013498e-02 5.822510e-04
897 4.007586e-02 5.813765e-04
898 4.001683e-02 5.805035e-04
899 3.995789e-02 5.796320e-04
900 3.989903e-02 5.787619e-04
901 3.984026e-02 5.778932e-04
902 3.978158e-02 5.770259e-04
903 3.972299e-02 5.761601e-04
904 3.966448e-02 5.752958e-04
905 3.960606e-02 5.744328e-04
906 3.954773e-02 5.735713e-04
907 3.948948e-02 5.727112e-04
908 3.943132e-02 5.718525e-04
909 3.937325e-02 5.709953e-04
910 3.931526e-02 5.701394e-04
911 3.925736e-02 5.692850e-04
912 3.919955e-02 5.684319e-04
913 3.914182e-02 5.675803e-04
914 3.908417e-02 5.667300e-04
915 3.902661e-02 5.658811e-04
916 3.896914e-02 5.650337e-04
917 3.891175e-02 5.641876e-04
918 3.885445e-02 5.633429e-04
919 3.879723e-02 5.624996e-04
920 3.874010e-02 5.616576e-04
921 3.868305e-02 5.608171e-04
922 3.862609e-02 5.599778e-04
923 3.856921e-02 5.591400e-04
924 3.851242e-02 5.583035e-04
925 3.845571e-02 5.574684e-04
926 3.839908e-02 5.566347e-04
927 3.834254e-02 5.558023e-04
928 3.828608e-02 5.549712e-04
929 3.822970e-02 5.541415e-04
930 3.817341e-02 5.533131e-04
931 3.811721e-02 5.524861e-04
932 3.806108e-02 5.516604e-04
933 3.800504e-02 5.508361e-04
934 3.794908e-02 5.500131e-04
935 3.789321e-02 5.491914e-04
936 3.783741e-02 5.483710e-04
937 3.778170e-02 5.475520e-04
938 3.772608e-02 5.467343e-04
939 3.767053e-02 5.459179e-04
940 3.761507e-02 5.451028e-04
941 3.755969e-02 5.442890e-04
942 3.750439e-02 5.434765e-04
943 3.744917e-02 5.426654e-04
944 3.739404e-02 5.418555e-04
945 3.733899e-02 5.410469e-04
946 3.728401e-02 5.402397e-04
947 3.722912e-02 5.394337e-04
948 3.717432e-02 5.386290e-04
949 3.711959e-02 5.378256e-04
950 3.706494e-02 5.370235e-04
951 3.701038e-02 5.362227e-04
952 3.695589e-02 5.354231e-04
953 3.690149e-02 5.346248e-04
954 3.684716e-02 5.338278e-04
955 3.679292e-02 5.330321e-04
956 3.673876e-02 5.322376e-04
957 3.668467e-02 5.314444e-04
958 3.663067e-02 5.306525e-04
959 3.657675e-02 5.298618e-04
960 3.652290e-02 5.290724e-04
961 3.646914e-02 5.282842e-04
962 3.641546e-02 5.274973e-04
963 3.636185e-02 5.267116e-04
964 3.630833e-02 5.259272e-04
965 3.625488e-02 5.251440e-04
966 3.620152e-02 5.243621e-04
967 3.614823e-02 5.235814e-04
968 3.609502e-02 5.228019e-04
969 3.604189e-02 5.220237e-04
970 3.598884e-02 5.212467e-04
971 3.593586e-02 5.204709e-04
972 3.588297e-02 5.196964e-04
973 3.583015e-02 5.189230e-04
974 3.577741e-02 5.181509e-04
975 3.572475e-02 5.173800e-04
976 3.567217e-02 5.166104e-04
977 3.561966e-02 5.158419e-04
978 3.556724e-02 5.150746e-04
979 3.551489e-02 5.143086e-04
980 3.546262e-02 5.135437e-04
981 3.541042e-02 5.127801e-04
982 3.535830e-02 5.120177e-04
983 3.530626e-02 5.112564e-04
984 3.525430e-02 5.104964e-04
985 3.520241e-02 5.097375e-04
986 3.515060e-02 5.089798e-04
987 3.509887e-02 5.082234e-04
988 3.504721e-02 5.074681e-04
989 3.499563e-02 5.067140e-04
990 3.494412e-02 5.059610e-04
991 3.489270e-02 5.052093e-04
992 3.484134e-02 5.044587e-04
993 3.479007e-02 5.037093e-04
994 3.473887e-02 5.029610e-04
995 3.468774e-02 5.022140e-04
996 3.463669e-02 5.014681e-04
997 3.458572e-02 5.007233e-04
998 3.453482e-02 4.999798e-04
999 3.448399e-02 4.992373e-04
1000 3.443325e-02 4.984961e-04
1001 3.438257e-02 4.977560e-04
1002 3.433197e-02 4.970170e-04
1003 3.428145e-02 4.962792e-04
1004 3.423100e-02 4.955426e-04
1005 3.418063e-02 4.948071e-04
1006 3.413032e-02 4.940727e-04
1007 3.408010e-02 4.933395e-04
1008 3.402995e-02 4.926074e-04
1009 3.397987e-02 4.918764e-04
1010 3.392987e-02 4.911466e-04
1011 3.387994e-02 4.904179e-04
1012 3.383008e-02 4.896904e-04
1013 3.378030e-02 4.889639e-04
1014 3.373059e-02 4.882386e-04
1015 3.368095e-02 4.875144e-04
1016 3.363139e-02 4.867914e-04
1017 3.358190e-02 4.860694e-04
1018 3.353248e-02 4.853486e-04
1019 3.348314e-02 4.846289e-04
1020 3.343387e-02 4.839103e-04
1021 3.338467e-02 4.831928e-04
1022 3.333555e-02 4.824764e-04
1023 3.328650e-02 4.817612e-04
1024 3.323752e-02 4.810470e-04
1025 3.318861e-02 4.803339e-04
1026 3.313977e-02 4.796219e-04
1027 3.309101e-02 4.789111e-04
1028 3.304232e-02 4.782013e-04
1029 3.299370e-02 4.774926e-04
1030 3.294515e-02 4.767850e-04
1031 3.289667e-02 4.760785e-04
1032 3.284827e-02 4.753731e-04
1033 3.279994e-02 4.746688e-04
1034 3.275168e-02 4.739655e-04
1035 3.270348e-02 4.732634e-04
1036 3.265537e-02 4.725623e-04
1037 3.260732e-02 4.718623e-04
1038 3.255934e-02 4.711633e-04
1039 3.251143e-02 4.704655e-04
1040 3.246360e-02 4.697687e-04
1041 3.241583e-02 4.690730e-04
1042 3.236814e-02 4.683783e-04
1043 3.232051e-02 4.676847e-04
1044 3.227296e-02 4.669922e-04
1045 3.222547e-02 4.663007e-04
1046 3.217806e-02 4.656103e-04
1047 3.213072e-02 4.649210e-04
1048 3.208344e-02 4.642327e-04
1049 3.203624e-02 4.635454e-04
1050 3.198910e-02 4.628593e-04
1051 3.194204e-02 4.621741e-04
1052 3.189504e-02 4.614900e-04
1053 3.184812e-02 4.608070e-04
1054 3.180126e-02 4.601250e-04
1055 3.175447e-02 4.594440e-04
1056 3.170775e-02 4.587641e-04
1057 3.166110e-02 4.580852e-04
1058 3.161452e-02 4.574074e-04
1059 3.156801e-02 4.567306e-04
1060 3.152156e-02 4.560548e-04
1061 3.147519e-02 4.553800e-04
1062 3.142888e-02 4.547063e-04
1063 3.138264e-02 4.540336e-04
1064 3.133647e-02 4.533620e-04
1065 3.129037e-02 4.526913e-04
1066 3.124434e-02 4.520217e-04
1067 3.119837e-02 4.513531e-04
1068 3.115247e-02 4.506855e-04
1069 3.110664e-02 4.500190e-04
1070 3.106088e-02 4.493534e-04
1071 3.101518e-02 4.486889e-04
1072 3.096955e-02 4.480253e-04
1073 3.092399e-02 4.473628e-04
1074 3.087849e-02 4.467013e-04
1075 3.083307e-02 4.460408e-04
1076 3.078771e-02 4.453813e-04
1077 3.074241e-02 4.447228e-04
1078 3.069719e-02 4.440653e-04
1079 3.065203e-02 4.434088e-04
1080 3.060694e-02 4.427533e-04
1081 3.056191e-02 4.420987e-04
1082 3.051695e-02 4.414452e-04
1083 3.047205e-02 4.407927e-04
1084 3.042723e-02 4.401411e-04
1085 3.038246e-02 4.394906e-04
1086 3.033777e-02 4.388410e-04
1087 3.029314e-02 4.381924e-04
1088 3.024858e-02 4.375448e-04
1089 3.020408e-02 4.368982e-04
1090 3.015964e-02 4.362526e-04
1091 3.011528e-02 4.356079e-04
1092 3.007098e-02 4.349642e-04
1093 3.002674e-02 4.343215e-04
1094 2.998257e-02 4.336798e-04
1095 2.993846e-02 4.330390e-04
1096 2.989442e-02 4.323992e-04
1097 2.985044e-02 4.317604e-04
1098 2.980653e-02 4.311225e-04
1099 2.976269e-02 4.304856e-04
1100 2.971890e-02 4.298496e-04
1101 2.967519e-02 4.292147e-04
1102 2.963153e-02 4.285806e-04
1103 2.958794e-02 4.279476e-04
1104 2.954442e-02 4.273155e-04
1105 2.950096e-02 4.266843e-04
1106 2.945756e-02 4.260541e-04
1107 2.941423e-02 4.254249e-04
1108 2.937096e-02 4.247966e-04
1109 2.932776e-02 4.241692e-04
1110 2.928462e-02 4.235428e-04
1111 2.924154e-02 4.229173e-04
1112 2.919853e-02 4.222928e-04
1113 2.915557e-02 4.216692e-04
1114 2.911269e-02 4.210466e-04
1115 2.906986e-02 4.204249e-04
1116 2.902710e-02 4.198041e-04
1117 2.898440e-02 4.191843e-04
1118 2.894177e-02 4.185654e-04
1119 2.889920e-02 4.179474e-04
1120 2.885669e-02 4.173304e-04
1121 2.881424e-02 4.167143e-04
1122 2.877186e-02 4.160991e-04
1123 2.872953e-02 4.154848e-04
1124 2.868727e-02 4.148715e-04
1125 2.864508e-02 4.142591e-04
1126 2.860294e-02 4.136476e-04
1127 2.856087e-02 4.130370e-04
1128 2.851886e-02 4.124274e-04
1129 2.847691e-02 4.118187e-04
1130 2.843502e-02 4.112108e-04
1131 2.839320e-02 4.106039e-04
1132 2.835143e-02 4.099979e-04
1133 2.830973e-02 4.093929e-04
1134 2.826809e-02 4.087887e-04
1135 2.822651e-02 4.081854e-04
1136 2.818499e-02 4.075830e-04
1137 2.814353e-02 4.069816e-04
1138 2.810214e-02 4.063810e-04
1139 2.806080e-02 4.057814e-04
1140 2.801953e-02 4.051826e-04
1141 2.797831e-02 4.045848e-04
1142 2.793716e-02 4.039878e-04
1143 2.789607e-02 4.033917e-04
1144 2.785504e-02 4.027966e-04
1145 2.781407e-02 4.022023e-04
1146 2.777316e-02 4.016089e-04
1147 2.773231e-02 4.010164e-04
1148 2.769152e-02 4.004248e-04
1149 2.765078e-02 3.998341e-04
1150 2.761011e-02 3.992442e-04
1151 2.756950e-02 3.986553e-04
1152 2.752895e-02 3.980672e-04
1153 2.748846e-02 3.974800e-04
1154 2.744803e-02 3.968937e-04
1155 2.740766e-02 3.963082e-04
1156 2.736735e-02 3.957237e-04
1157 2.732709e-02 3.951400e-04
1158 2.728690e-02 3.945572e-04
1159 2.724677e-02 3.939752e-04
1160 2.720669e-02 3.933942e-04
1161 2.716668e-02 3.928140e-04
1162 2.712672e-02 3.922346e-04
1163 2.708682e-02 3.916562e-04
1164 2.704698e-02 3.910786e-04
1165 2.700720e-02 3.905018e-04
1166 2.696748e-02 3.899259e-04
1167 2.692781e-02 3.893509e-04
1168 2.688821e-02 3.887768e-04
1169 2.684866e-02 3.882035e-04
1170 2.680917e-02 3.876310e-04
1171 2.676974e-02 3.870594e-04
1172 2.673037e-02 3.864887e-04
1173 2.669105e-02 3.859188e-04
1174 2.665180e-02 3.853498e-04
1175 2.661260e-02 3.847816e-04
1176 2.657346e-02 3.842143e-04
1177 2.653437e-02 3.836478e-04
1178 2.649535e-02 3.830822e-04
1179 2.645638e-02 3.825174e-04
1180 2.641747e-02 3.819534e-04
1181 2.637861e-02 3.813903e-04
1182 2.633982e-02 3.808280e-04
1183 2.630108e-02 3.802666e-04
1184 2.626239e-02 3.797060e-04
1185 2.622377e-02 3.791463e-04
1186 2.618520e-02 3.785873e-04
1187 2.614669e-02 3.780293e-04
1188 2.610823e-02 3.774720e-04
1189 2.606983e-02 3.769156e-04
1190 2.603149e-02 3.763600e-04
1191 2.599321e-02 3.758052e-04
1192 2.595498e-02 3.752513e-04
1193 2.591680e-02 3.746981e-04
1194 2.587869e-02 3.741459e-04
1195 2.584063e-02 3.735944e-04
1196 2.580262e-02 3.730437e-04
1197 2.576467e-02 3.724939e-04
1198 2.572678e-02 3.719449e-04
1199 2.568894e-02 3.713967e-04
1200 2.565116e-02 3.708493e-04
1201 2.561344e-02 3.703028e-04
1202 2.557577e-02 3.697570e-04
1203 2.553815e-02 3.692121e-04
1204 2.550059e-02 3.686680e-04
1205 2.546309e-02 3.681247e-04
1206 2.542564e-02 3.675822e-04
1207 2.538825e-02 3.670405e-04
1208 2.535091e-02 3.664996e-04
1209 2.531362e-02 3.659595e-04
1210 2.527640e-02 3.654202e-04
1211 2.523922e-02 3.648817e-04
1212 2.520210e-02 3.643441e-04
1213 2.516504e-02 3.638072e-04
1214 2.512803e-02 3.632711e-04
1215 2.509107e-02 3.627358e-04
1216 2.505417e-02 3.622014e-04
1217 2.501733e-02 3.616677e-04
1218 2.498053e-02 3.611348e-04
1219 2.494379e-02 3.606027e-04
1220 2.490711e-02 3.600713e-04
1221 2.487048e-02 3.595408e-04
1222 2.483390e-02 3.590111e-04
1223 2.479738e-02 3.584821e-04
1224 2.476091e-02 3.579540e-04
1225 2.472450e-02 3.574266e-04
1226 2.468814e-02 3.569000e-04
1227 2.465183e-02 3.563742e-04
1228 2.461557e-02 3.558492e-04
1229 2.457937e-02 3.553249e-04
1230 2.454323e-02 3.548014e-04
1231 2.450713e-02 3.542788e-04
1232 2.447109e-02 3.537568e-04
1233 2.443510e-02 3.532357e-04
1234 2.439917e-02 3.527153e-04
1235 2.436328e-02 3.521957e-04
1236 2.432745e-02 3.516769e-04
1237 2.429168e-02 3.511589e-04
1238 2.425595e-02 3.506416e-04
1239 2.422028e-02 3.501251e-04
1240 2.418466e-02 3.496093e-04
1241 2.414909e-02 3.490943e-04
1242 2.411358e-02 3.485801e-04
1243 2.407812e-02 3.480666e-04
1244 2.404271e-02 3.475539e-04
1245 2.400735e-02 3.470420e-04
1246 2.397204e-02 3.465308e-04
1247 2.393679e-02 3.460204e-04
1248 2.390159e-02 3.455108e-04
1249 2.386644e-02 3.450019e-04
1250 2.383134e-02 3.444937e-04
1251 2.379629e-02 3.439863e-04
1252 2.376130e-02 3.434797e-04
1253 2.372636e-02 3.429738e-04
1254 2.369146e-02 3.424686e-04
1255 2.365662e-02 3.419643e-04
1256 2.362183e-02 3.414606e-04
1257 2.358709e-02 3.409577e-04
1258 2.355241e-02 3.404556e-04
1259 2.351777e-02 3.399542e-04
1260 2.348319e-02 3.394535e-04
1261 2.344865e-02 3.389536e-04
1262 2.341417e-02 3.384544e-04
1263 2.337974e-02 3.379560e-04
1264 2.334535e-02 3.374582e-04
1265 2.331102e-02 3.369613e-04
1266 2.327674e-02 3.364651e-04
1267 2.324251e-02 3.359696e-04
1268 2.320833e-02 3.354748e-04
1269 2.317420e-02 3.349808e-04
1270 2.314012e-02 3.344875e-04
1271 2.310609e-02 3.339949e-04
1272 2.307211e-02 3.335031e-04
1273 2.303818e-02 3.330120e-04
1274 2.300430e-02 3.325216e-04
1275 2.297047e-02 3.320320e-04
1276 2.293670e-02 3.315430e-04
1277 2.290297e-02 3.310548e-04
1278 2.286928e-02 3.305674e-04
1279 2.283565e-02 3.300806e-04
1280 2.280207e-02 3.295946e-04
1281 2.276854e-02 3.291093e-04
1282 2.273506e-02 3.286247e-04
1283 2.270163e-02 3.281408e-04
1284 2.266824e-02 3.276576e-04
1285 2.263491e-02 3.271752e-04
1286 2.260162e-02 3.266934e-04
1287 2.256838e-02 3.262124e-04
1288 2.253520e-02 3.257321e-04
1289 2.250206e-02 3.252525e-04
1290 2.246897e-02 3.247736e-04
1291 2.243592e-02 3.242954e-04
1292 2.240293e-02 3.238180e-04
1293 2.236999e-02 3.233412e-04
1294 2.233709e-02 3.228651e-04
1295 2.230424e-02 3.223898e-04
1296 2.227144e-02 3.219151e-04
1297 2.223869e-02 3.214412e-04
1298 2.220599e-02 3.209679e-04
1299 2.217334e-02 3.204954e-04
1300 2.214073e-02 3.200235e-04
1301 2.210817e-02 3.195524e-04
1302 2.207566e-02 3.190819e-04
1303 2.204320e-02 3.186122e-04
1304 2.201078e-02 3.181431e-04
1305 2.197841e-02 3.176747e-04
1306 2.194610e-02 3.172071e-04
1307 2.191382e-02 3.167401e-04
1308 2.188160e-02 3.162738e-04
1309 2.184942e-02 3.158082e-04
1310 2.181729e-02 3.153433e-04
1311 2.178521e-02 3.148790e-04
1312 2.175317e-02 3.144155e-04
1313 2.172118e-02 3.139526e-04
1314 2.168924e-02 3.134905e-04
1315 2.165735e-02 3.130290e-04
1316 2.162550e-02 3.125682e-04
1317 2.159370e-02 3.121080e-04
1318 2.156195e-02 3.116486e-04
1319 2.153024e-02 3.111898e-04
1320 2.149858e-02 3.107317e-04
1321 2.146697e-02 3.102743e-04
1322 2.143540e-02 3.098176e-04
1323 2.140388e-02 3.093615e-04
1324 2.137240e-02 3.089061e-04
1325 2.134098e-02 3.084514e-04
1326 2.130960e-02 3.079974e-04
1327 2.127826e-02 3.075440e-04
1328 2.124697e-02 3.070913e-04
1329 2.121573e-02 3.066393e-04
1330 2.118453e-02 3.061879e-04
1331 2.115338e-02 3.057372e-04
1332 2.112227e-02 3.052872e-04
1333 2.109121e-02 3.048378e-04
1334 2.106020e-02 3.043891e-04
1335 2.102923e-02 3.039411e-04
1336 2.099831e-02 3.034937e-04
1337 2.096743e-02 3.030470e-04
1338 2.093660e-02 3.026009e-04
1339 2.090581e-02 3.021555e-04
1340 2.087507e-02 3.017108e-04
1341 2.084437e-02 3.012667e-04
1342 2.081372e-02 3.008233e-04
1343 2.078312e-02 3.003805e-04
1344 2.075255e-02 2.999384e-04
1345 2.072204e-02 2.994969e-04
1346 2.069157e-02 2.990561e-04
1347 2.066114e-02 2.986159e-04
1348 2.063076e-02 2.981764e-04
1349 2.060042e-02 2.977375e-04
1350 2.057013e-02 2.972993e-04
1351 2.053988e-02 2.968618e-04
1352 2.050968e-02 2.964248e-04
1353 2.047952e-02 2.959886e-04
1354 2.044941e-02 2.955529e-04
1355 2.041934e-02 2.951179e-04
1356 2.038931e-02 2.946836e-04
1357 2.035933e-02 2.942499e-04
1358 2.032939e-02 2.938168e-04
1359 2.029950e-02 2.933844e-04
1360 2.026965e-02 2.929526e-04
1361 2.023985e-02 2.925214e-04
1362 2.021008e-02 2.920909e-04
1363 2.018037e-02 2.916610e-04
1364 2.015069e-02 2.912318e-04
1365 2.012106e-02 2.908032e-04
1366 2.009147e-02 2.903752e-04
1367 2.006193e-02 2.899479e-04
1368 2.003243e-02 2.895211e-04
1369 2.000298e-02 2.890950e-04
1370 1.997356e-02 2.886696e-04
1371 1.994419e-02 2.882448e-04
1372 1.991487e-02 2.878206e-04
1373 1.988558e-02 2.873970e-04
1374 1.985634e-02 2.869740e-04
1375 1.982714e-02 2.865517e-04
1376 1.979799e-02 2.861300e-04
1377 1.976888e-02 2.857089e-04
1378 1.973981e-02 2.852884e-04
1379 1.971078e-02 2.848686e-04
1380 1.968180e-02 2.844494e-04
1381 1.965286e-02 2.840308e-04
1382 1.962396e-02 2.836128e-04
1383 1.959511e-02 2.831954e-04
1384 1.956629e-02 2.827787e-04
1385 1.953752e-02 2.823625e-04
1386 1.950880e-02 2.819470e-04
1387 1.948011e-02 2.815321e-04
1388 1.945147e-02 2.811178e-04
1389 1.942286e-02 2.807041e-04
1390 1.939430e-02 2.802910e-04
1391 1.936579e-02 2.798786e-04
1392 1.933731e-02 2.794667e-04
1393 1.930888e-02 2.790554e-04
1394 1.928049e-02 2.786448e-04
1395 1.925214e-02 2.782348e-04
1396 1.922383e-02 2.778253e-04
1397 1.919556e-02 2.774165e-04
1398 1.916734e-02 2.770083e-04
1399 1.913915e-02 2.766006e-04
1400 1.911101e-02 2.761936e-04
1401 1.908291e-02 2.757872e-04
1402 1.905485e-02 2.753813e-04
1403 1.902683e-02 2.749761e-04
1404 1.899886e-02 2.745715e-04
1405 1.897092e-02 2.741675e-04
1406 1.894302e-02 2.737640e-04
1407 1.891517e-02 2.733612e-04
1408 1.888736e-02 2.729589e-04
1409 1.885959e-02 2.725573e-04
1410 1.883186e-02 2.721562e-04
1411 1.880417e-02 2.717557e-04
1412 1.877652e-02 2.713559e-04
1413 1.874891e-02 2.709566e-04
1414 1.872134e-02 2.705579e-04
1415 1.869381e-02 2.701597e-04
1416 1.866633e-02 2.697622e-04
1417 1.863888e-02 2.693653e-04
1418 1.861147e-02 2.689689e-04
1419 1.858411e-02 2.685731e-04
1420 1.855678e-02 2.681779e-04
1421 1.852950e-02 2.677833e-04
1422 1.850225e-02 2.673893e-04
1423 1.847505e-02 2.669959e-04
1424 1.844788e-02 2.666030e-04
1425 1.842076e-02 2.662107e-04
1426 1.839367e-02 2.658190e-04
1427 1.836663e-02 2.654279e-04
1428 1.833962e-02 2.650373e-04
1429 1.831265e-02 2.646473e-04
1430 1.828573e-02 2.642579e-04
1431 1.825884e-02 2.638691e-04
1432 1.823199e-02 2.634809e-04
1433 1.820519e-02 2.630932e-04
1434 1.817842e-02 2.627061e-04
1435 1.815169e-02 2.623195e-04
1436 1.812500e-02 2.619335e-04
1437 1.809835e-02 2.615481e-04
1438 1.807174e-02 2.611633e-04
1439 1.804517e-02 2.607790e-04
1440 1.801864e-02 2.603953e-04
1441 1.799214e-02 2.600122e-04
1442 1.796569e-02 2.596296e-04
1443 1.793927e-02 2.592476e-04
1444 1.791289e-02 2.588662e-04
1445 1.788656e-02 2.584853e-04
1446 1.786026e-02 2.581050e-04
1447 1.783400e-02 2.577252e-04
1448 1.780777e-02 2.573460e-04
1449 1.778159e-02 2.569674e-04
1450 1.775545e-02 2.565893e-04
1451 1.772934e-02 2.562118e-04
1452 1.770327e-02 2.558348e-04
1453 1.767724e-02 2.554584e-04
1454 1.765125e-02 2.550825e-04
1455 1.762530e-02 2.547072e-04
1456 1.759938e-02 2.543324e-04
1457 1.757351e-02 2.539582e-04
1458 1.754767e-02 2.535846e-04
1459 1.752187e-02 2.532115e-04
1460 1.749610e-02 2.528389e-04
1461 1.747038e-02 2.524669e-04
1462 1.744469e-02 2.520955e-04
1463 1.741904e-02 2.517246e-04
1464 1.739343e-02 2.513542e-04
1465 1.736786e-02 2.509844e-04
1466 1.734232e-02 2.506151e-04
1467 1.731682e-02 2.502464e-04
1468 1.729136e-02 2.498782e-04
1469 1.726594e-02 2.495106e-04
1470 1.724055e-02 2.491435e-04
1471 1.721520e-02 2.487769e-04
1472 1.718989e-02 2.484109e-04
1473 1.716461e-02 2.480454e-04
1474 1.713938e-02 2.476805e-04
1475 1.711418e-02 2.473161e-04
1476 1.708901e-02 2.469522e-04
1477 1.706389e-02 2.465889e-04
1478 1.703880e-02 2.462261e-04
1479 1.701375e-02 2.458638e-04
1480 1.698873e-02 2.455021e-04
1481 1.696375e-02 2.451409e-04
1482 1.693881e-02 2.447802e-04
1483 1.691391e-02 2.444201e-04
1484 1.688904e-02 2.440605e-04
1485 1.686421e-02 2.437014e-04
1486 1.683941e-02 2.433429e-04
1487 1.681465e-02 2.429849e-04
1488 1.678993e-02 2.426274e-04
1489 1.676524e-02 2.422704e-04
1490 1.674059e-02 2.419140e-04
1491 1.671598e-02 2.415581e-04
1492 1.669140e-02 2.412027e-04
1493 1.666686e-02 2.408479e-04
1494 1.664236e-02 2.404935e-04
1495 1.661789e-02 2.401397e-04
1496 1.659345e-02 2.397864e-04
1497 1.656906e-02 2.394336e-04
1498 1.654470e-02 2.390814e-04
1499 1.652037e-02 2.387296e-04
1500 1.649608e-02 2.383784e-04
1501 1.647183e-02 2.380277e-04
1502 1.644761e-02 2.376775e-04
1503 1.642343e-02 2.373279e-04
1504 1.639928e-02 2.369787e-04
1505 1.637517e-02 2.366301e-04
1506 1.635109e-02 2.362819e-04
1507 1.632705e-02 2.359343e-04
1508 1.630305e-02 2.355872e-04
1509 1.627908e-02 2.352406e-04
1510 1.625514e-02 2.348945e-04
1511 1.623124e-02 2.345490e-04
1512 1.620738e-02 2.342039e-04
1513 1.618355e-02 2.338593e-04
1514 1.615976e-02 2.335153e-04
1515 1.613600e-02 2.331718e-04
1516 1.611227e-02 2.328287e-04
1517 1.608858e-02 2.324862e-04
1518 1.606493e-02 2.321442e-04
1519 1.604131e-02 2.318026e-04
1520 1.601773e-02 2.314616e-04
1521 1.599418e-02 2.311211e-04
1522 1.597066e-02 2.307811e-04
1523 1.594718e-02 2.304416e-04
1524 1.592373e-02 2.301026e-04
1525 1.590032e-02 2.297640e-04
1526 1.587694e-02 2.294260e-04
1527 1.585360e-02 2.290885e-04
1528 1.583029e-02 2.287515e-04
1529 1.580702e-02 2.284150e-04
1530 1.578378e-02 2.280789e-04
1531 1.576057e-02 2.277434e-04
1532 1.573740e-02 2.274083e-04
1533 1.571426e-02 2.270738e-04
1534 1.569116e-02 2.267397e-04
1535 1.566809e-02 2.264062e-04
1536 1.564505e-02 2.260731e-04
1537 1.562205e-02 2.257405e-04
1538 1.559908e-02 2.254084e-04
1539 1.557615e-02 2.250768e-04
1540 1.555325e-02 2.247457e-04
1541 1.553038e-02 2.244151e-04
1542 1.550755e-02 2.240849e-04
1543 1.548475e-02 2.237553e-04
1544 1.546198e-02 2.234261e-04
1545 1.543925e-02 2.230974e-04
1546 1.541655e-02 2.227692e-04
1547 1.539388e-02 2.224415e-04
1548 1.537125e-02 2.221143e-04
1549 1.534865e-02 2.217875e-04
1550 1.532609e-02 2.214612e-04
1551 1.530355e-02 2.211354e-04
1552 1.528106e-02 2.208101e-04
1553 1.525859e-02 2.204853e-04
1554 1.523616e-02 2.201609e-04
1555 1.521375e-02 2.198370e-04
1556 1.519139e-02 2.195136e-04
1557 1.516905e-02 2.191907e-04
1558 1.514675e-02 2.188683e-04
1559 1.512448e-02 2.185463e-04
1560 1.510225e-02 2.182248e-04
1561 1.508004e-02 2.179038e-04
1562 1.505787e-02 2.175832e-04
1563 1.503573e-02 2.172631e-04
1564 1.501363e-02 2.169435e-04
1565 1.499156e-02 2.166244e-04
1566 1.496951e-02 2.163057e-04
1567 1.494751e-02 2.159875e-04
1568 1.492553e-02 2.156697e-04
1569 1.490359e-02 2.153525e-04
1570 1.488168e-02 2.150357e-04
1571 1.485980e-02 2.147193e-04
1572 1.483795e-02 2.144035e-04
1573 1.481614e-02 2.140881e-04
1574 1.479435e-02 2.137731e-04
1575 1.477260e-02 2.134586e-04
1576 1.475088e-02 2.131446e-04
1577 1.472920e-02 2.128311e-04
1578 1.470754e-02 2.125180e-04
1579 1.468592e-02 2.122054e-04
1580 1.466433e-02 2.118932e-04
1581 1.464277e-02 2.115815e-04
1582 1.462124e-02 2.112702e-04
1583 1.459975e-02 2.109594e-04
1584 1.457828e-02 2.106491e-04
1585 1.455685e-02 2.103392e-04
1586 1.453545e-02 2.100298e-04
1587 1.451408e-02 2.097208e-04
1588 1.449274e-02 2.094123e-04
1589 1.447143e-02 2.091042e-04
1590 1.445016e-02 2.087966e-04
1591 1.442891e-02 2.084895e-04
1592 1.440770e-02 2.081828e-04
1593 1.438652e-02 2.078765e-04
1594 1.436537e-02 2.075707e-04
1595 1.434425e-02 2.072654e-04
1596 1.432316e-02 2.069605e-04
1597 1.430210e-02 2.066560e-04
1598 1.428108e-02 2.063520e-04
1599 1.426008e-02 2.060485e-04
1600 1.423912e-02 2.057454e-04
1601 1.421818e-02 2.054427e-04
1602 1.419728e-02 2.051405e-04
1603 1.417641e-02 2.048387e-04
1604 1.415557e-02 2.045374e-04
1605 1.413476e-02 2.042365e-04
1606 1.411398e-02 2.039361e-04
1607 1.409323e-02 2.036361e-04
1608 1.407251e-02 2.033365e-04
1609 1.405182e-02 2.030374e-04
1610 1.403116e-02 2.027387e-04
1611 1.401053e-02 2.024405e-04
1612 1.398994e-02 2.021427e-04
1613 1.396937e-02 2.018453e-04
1614 1.394883e-02 2.015484e-04
1615 1.392833e-02 2.012519e-04
1616 1.390785e-02 2.009559e-04
1617 1.388740e-02 2.006603e-04
1618 1.386699e-02 2.003651e-04
1619 1.384660e-02 2.000703e-04
1620 1.382624e-02 1.997760e-04
1621 1.380592e-02 1.994821e-04
1622 1.378562e-02 1.991887e-04
1623 1.376535e-02 1.988957e-04
1624 1.374512e-02 1.986031e-04
1625 1.372491e-02 1.983110e-04
1626 1.370473e-02 1.980192e-04
1627 1.368458e-02 1.977279e-04
1628 1.366447e-02 1.974371e-04
1629 1.364438e-02 1.971466e-04
1630 1.362432e-02 1.968566e-04
1631 1.360429e-02 1.965671e-04
1632 1.358429e-02 1.962779e-04
1633 1.356432e-02 1.959892e-04
1634 1.354438e-02 1.957009e-04
1635 1.352447e-02 1.954130e-04
1636 1.350458e-02 1.951255e-04
1637 1.348473e-02 1.948385e-04
1638 1.346491e-02 1.945519e-04
1639 1.344511e-02 1.942657e-04
1640 1.342535e-02 1.939799e-04
1641 1.340561e-02 1.936946e-04
1642 1.338590e-02 1.934097e-04
1643 1.336622e-02 1.931251e-04
1644 1.334657e-02 1.928411e-04
1645 1.332695e-02 1.925574e-04
1646 1.330736e-02 1.922741e-04
1647 1.328780e-02 1.919913e-04
1648 1.326826e-02 1.917089e-04
1649 1.324876e-02 1.914269e-04
1650 1.322928e-02 1.911453e-04
1651 1.320983e-02 1.908641e-04
1652 1.319041e-02 1.905833e-04
1653 1.317102e-02 1.903030e-04
1654 1.315166e-02 1.900230e-04
1655 1.313233e-02 1.897435e-04
1656 1.311302e-02 1.894644e-04
1657 1.309374e-02 1.891857e-04
1658 1.307449e-02 1.889074e-04
1659 1.305527e-02 1.886295e-04
1660 1.303608e-02 1.883521e-04
1661 1.301692e-02 1.880750e-04
1662 1.299778e-02 1.877983e-04
1663 1.297867e-02 1.875221e-04
1664 1.295959e-02 1.872462e-04
1665 1.294054e-02 1.869708e-04
1666 1.292152e-02 1.866958e-04
1667 1.290252e-02 1.864211e-04
1668 1.288356e-02 1.861469e-04
1669 1.286462e-02 1.858731e-04
1670 1.284570e-02 1.855997e-04
1671 1.282682e-02 1.853266e-04
1672 1.280796e-02 1.850540e-04
1673 1.278913e-02 1.847818e-04
1674 1.277033e-02 1.845100e-04
1675 1.275156e-02 1.842386e-04
1676 1.273282e-02 1.839676e-04
1677 1.271410e-02 1.836970e-04
1678 1.269541e-02 1.834267e-04
1679 1.267674e-02 1.831569e-04
1680 1.265811e-02 1.828875e-04
1681 1.263950e-02 1.826185e-04
1682 1.262092e-02 1.823498e-04
1683 1.260237e-02 1.820816e-04
1684 1.258384e-02 1.818138e-04
1685 1.256534e-02 1.815463e-04
1686 1.254687e-02 1.812793e-04
1687 1.252843e-02 1.810126e-04
1688 1.251001e-02 1.807463e-04
1689 1.249162e-02 1.804805e-04
1690 1.247325e-02 1.802150e-04
1691 1.245492e-02 1.799499e-04
1692 1.243661e-02 1.796852e-04
1693 1.241833e-02 1.794209e-04
1694 1.240007e-02 1.791569e-04
1695 1.238184e-02 1.788934e-04
1696 1.236364e-02 1.786303e-04
1697 1.234547e-02 1.783675e-04
1698 1.232732e-02 1.781051e-04
1699 1.230920e-02 1.778431e-04
1700 1.229110e-02 1.775815e-04
1701 1.227303e-02 1.773203e-04
1702 1.225499e-02 1.770595e-04
1703 1.223698e-02 1.767990e-04
1704 1.221899e-02 1.765389e-04
1705 1.220103e-02 1.762793e-04
1706 1.218309e-02 1.760200e-04
1707 1.216518e-02 1.757610e-04
1708 1.214730e-02 1.755025e-04
1709 1.212944e-02 1.752443e-04
1710 1.211161e-02 1.749866e-04
1711 1.209381e-02 1.747292e-04
1712 1.207603e-02 1.744721e-04
1713 1.205828e-02 1.742155e-04
1714 1.204055e-02 1.739592e-04
1715 1.202285e-02 1.737033e-04
1716 1.200518e-02 1.734478e-04
1717 1.198753e-02 1.731927e-04
1718 1.196991e-02 1.729379e-04
1719 1.195231e-02 1.726835e-04
1720 1.193474e-02 1.724295e-04
1721 1.191720e-02 1.721759e-04
1722 1.189968e-02 1.719226e-04
1723 1.188219e-02 1.716697e-04
1724 1.186472e-02 1.714172e-04
1725 1.184728e-02 1.711650e-04
1726 1.182986e-02 1.709133e-04
1727 1.181248e-02 1.706619e-04
1728 1.179511e-02 1.704108e-04
1729 1.177777e-02 1.701601e-04
1730 1.176046e-02 1.699098e-04
1731 1.174317e-02 1.696599e-04
1732 1.172591e-02 1.694103e-04
1733 1.170867e-02 1.691612e-04
1734 1.169146e-02 1.689123e-04
1735 1.167427e-02 1.686639e-04
1736 1.165711e-02 1.684158e-04
1737 1.163998e-02 1.681680e-04
1738 1.162287e-02 1.679207e-04
1739 1.160578e-02 1.676736e-04
1740 1.158872e-02 1.674270e-04
1741 1.157169e-02 1.671807e-04
1742 1.155468e-02 1.669348e-04
1743 1.153769e-02 1.666892e-04
1744 1.152073e-02 1.664441e-04
1745 1.150380e-02 1.661992e-04
1746 1.148689e-02 1.659547e-04
1747 1.147000e-02 1.657106e-04
1748 1.145314e-02 1.654669e-04
1749 1.143631e-02 1.652235e-04
1750 1.141950e-02 1.649804e-04
1751 1.140271e-02 1.647378e-04
1752 1.138595e-02 1.644954e-04
1753 1.136921e-02 1.642535e-04
1754 1.135250e-02 1.640119e-04
1755 1.133581e-02 1.637706e-04
1756 1.131915e-02 1.635297e-04
1757 1.130251e-02 1.632892e-04
1758 1.128590e-02 1.630490e-04
1759 1.126931e-02 1.628091e-04
1760 1.125274e-02 1.625696e-04
1761 1.123620e-02 1.623305e-04
1762 1.121968e-02 1.620917e-04
1763 1.120319e-02 1.618533e-04
1764 1.118672e-02 1.616152e-04
1765 1.117028e-02 1.613775e-04
1766 1.115386e-02 1.611401e-04
1767 1.113746e-02 1.609031e-04
1768 1.112109e-02 1.606664e-04
1769 1.110475e-02 1.604301e-04
1770 1.108842e-02 1.601941e-04
1771 1.107212e-02 1.599584e-04
1772 1.105585e-02 1.597231e-04
1773 1.103960e-02 1.594882e-04
1774 1.102337e-02 1.592536e-04
1775 1.100717e-02 1.590193e-04
1776 1.099099e-02 1.587854e-04
1777 1.097483e-02 1.585519e-04
1778 1.095870e-02 1.583186e-04
1779 1.094259e-02 1.580858e-04
1780 1.092651e-02 1.578532e-04
1781 1.091045e-02 1.576210e-04
1782 1.089441e-02 1.573892e-04
1783 1.087839e-02 1.571577e-04
1784 1.086240e-02 1.569265e-04
1785 1.084644e-02 1.566957e-04
1786 1.083049e-02 1.564652e-04
1787 1.081457e-02 1.562350e-04
1788 1.079868e-02 1.560052e-04
1789 1.078281e-02 1.557757e-04
1790 1.076696e-02 1.555466e-04
1791 1.075113e-02 1.553178e-04
1792 1.073533e-02 1.550893e-04
1793 1.071955e-02 1.548612e-04
1794 1.070379e-02 1.546334e-04
1795 1.068806e-02 1.544059e-04
1796 1.067235e-02 1.541788e-04
1797 1.065666e-02 1.539520e-04
1798 1.064100e-02 1.537256e-04
1799 1.062535e-02 1.534994e-04
1800 1.060974e-02 1.532737e-04
1801 1.059414e-02 1.530482e-04
1802 1.057857e-02 1.528231e-04
1803 1.056302e-02 1.525983e-04
1804 1.054749e-02 1.523738e-04
1805 1.053199e-02 1.521497e-04
1806 1.051651e-02 1.519259e-04
1807 1.050105e-02 1.517024e-04
1808 1.048562e-02 1.514792e-04
1809 1.047020e-02 1.512564e-04
1810 1.045481e-02 1.510339e-04
1811 1.043945e-02 1.508118e-04
1812 1.042410e-02 1.505899e-04
1813 1.040878e-02 1.503684e-04
1814 1.039348e-02 1.501472e-04
1815 1.037820e-02 1.499264e-04
1816 1.036295e-02 1.497059e-04
1817 1.034772e-02 1.494856e-04
1818 1.033251e-02 1.492658e-04
1819 1.031732e-02 1.490462e-04
1820 1.030216e-02 1.488270e-04
1821 1.028701e-02 1.486080e-04
1822 1.027189e-02 1.483894e-04
1823 1.025680e-02 1.481712e-04
1824 1.024172e-02 1.479532e-04
1825 1.022667e-02 1.477356e-04
1826 1.021163e-02 1.475183e-04
1827 1.019663e-02 1.473013e-04
1828 1.018164e-02 1.470846e-04
1829 1.016667e-02 1.468683e-04
1830 1.015173e-02 1.466522e-04
1831 1.013681e-02 1.464365e-04
1832 1.012191e-02 1.462211e-04
1833 1.010703e-02 1.460060e-04
1834 1.009218e-02 1.457913e-04
1835 1.007734e-02 1.455768e-04
1836 1.006253e-02 1.453627e-04
1837 1.004774e-02 1.451488e-04
1838 1.003297e-02 1.449353e-04
1839 1.001822e-02 1.447221e-04
1840 1.000350e-02 1.445093e-04
1841 9.988797e-03 1.442967e-04
1842 9.974115e-03 1.440845e-04
1843 9.959455e-03 1.438725e-04
1844 9.944817e-03 1.436609e-04
1845 9.930200e-03 1.434496e-04
1846 9.915604e-03 1.432386e-04
1847 9.901030e-03 1.430279e-04
1848 9.886478e-03 1.428175e-04
1849 9.871947e-03 1.426074e-04
1850 9.857437e-03 1.423976e-04
1851 9.842949e-03 1.421882e-04
1852 9.828481e-03 1.419790e-04
1853 9.814036e-03 1.417702e-04
1854 9.799611e-03 1.415616e-04
1855 9.785208e-03 1.413534e-04
1856 9.770826e-03 1.411455e-04
1857 9.756465e-03 1.409379e-04
1858 9.742125e-03 1.407306e-04
1859 9.727806e-03 1.405236e-04
1860 9.713508e-03 1.403169e-04
1861 9.699231e-03 1.401105e-04
1862 9.684976e-03 1.399044e-04
1863 9.670741e-03 1.396986e-04
1864 9.656527e-03 1.394931e-04
1865 9.642334e-03 1.392879e-04
1866 9.628162e-03 1.390830e-04
1867 9.614011e-03 1.388784e-04
1868 9.599881e-03 1.386741e-04
1869 9.585771e-03 1.384702e-04
1870 9.571682e-03 1.382665e-04
1871 9.557614e-03 1.380631e-04
1872 9.543567e-03 1.378600e-04
1873 9.529540e-03 1.376572e-04
1874 9.515534e-03 1.374548e-04
1875 9.501549e-03 1.372526e-04
1876 9.487584e-03 1.370507e-04
1877 9.473639e-03 1.368491e-04
1878 9.459716e-03 1.366478e-04
1879 9.445812e-03 1.364468e-04
1880 9.431929e-03 1.362461e-04
1881 9.418067e-03 1.360457e-04
1882 9.404225e-03 1.358456e-04
1883 9.390403e-03 1.356457e-04
1884 9.376601e-03 1.354462e-04
1885 9.362820e-03 1.352470e-04
1886 9.349059e-03 1.350480e-04
1887 9.335319e-03 1.348494e-04
1888 9.321598e-03 1.346510e-04
1889 9.307898e-03 1.344530e-04
1890 9.294218e-03 1.342552e-04
1891 9.280558e-03 1.340577e-04
1892 9.266918e-03 1.338605e-04
1893 9.253299e-03 1.336636e-04
1894 9.239699e-03 1.334670e-04
1895 9.226119e-03 1.332707e-04
1896 9.212559e-03 1.330747e-04
1897 9.199020e-03 1.328789e-04
1898 9.185500e-03 1.326835e-04
1899 9.172000e-03 1.324883e-04
1900 9.158519e-03 1.322934e-04
1901 9.145059e-03 1.320988e-04
1902 9.131619e-03 1.319045e-04
1903 9.118198e-03 1.317105e-04
1904 9.104797e-03 1.315167e-04
1905 9.091415e-03 1.313233e-04
1906 9.078054e-03 1.311301e-04
1907 9.064712e-03 1.309372e-04
1908 9.051389e-03 1.307446e-04
1909 9.038087e-03 1.305523e-04
1910 9.024804e-03 1.303603e-04
1911 9.011540e-03 1.301685e-04
1912 8.998296e-03 1.299771e-04
1913 8.985071e-03 1.297859e-04
1914 8.971866e-03 1.295950e-04
1915 8.958680e-03 1.294043e-04
1916 8.945514e-03 1.292140e-04
1917 8.932367e-03 1.290239e-04
1918 8.919239e-03 1.288341e-04
1919 8.906131e-03 1.286446e-04
1920 8.893042e-03 1.284554e-04
1921 8.879972e-03 1.282665e-04
1922 8.866921e-03 1.280778e-04
1923 8.853890e-03 1.278894e-04
1924 8.840878e-03 1.277013e-04
1925 8.827884e-03 1.275134e-04
1926 8.814910e-03 1.273259e-04
1927 8.801956e-03 1.271386e-04
1928 8.789020e-03 1.269516e-04
1929 8.776103e-03 1.267648e-04
1930 8.763205e-03 1.265784e-04
1931 8.750326e-03 1.263922e-04
1932 8.737466e-03 1.262063e-04
1933 8.724625e-03 1.260206e-04
1934 8.711803e-03 1.258353e-04
1935 8.699000e-03 1.256502e-04
1936 8.686216e-03 1.254653e-04
1937 8.673450e-03 1.252808e-04
1938 8.660703e-03 1.250965e-04
1939 8.647975e-03 1.249125e-04
1940 8.635266e-03 1.247288e-04
1941 8.622575e-03 1.245453e-04
1942 8.609903e-03 1.243621e-04
1943 8.597250e-03 1.241792e-04
1944 8.584615e-03 1.239965e-04
1945 8.571999e-03 1.238141e-04
1946 8.559401e-03 1.236320e-04
1947 8.546822e-03 1.234501e-04
1948 8.534262e-03 1.232685e-04
1949 8.521720e-03 1.230872e-04
1950 8.509196e-03 1.229062e-04
1951 8.496691e-03 1.227254e-04
1952 8.484204e-03 1.225449e-04
1953 8.471735e-03 1.223646e-04
1954 8.459285e-03 1.221846e-04
1955 8.446853e-03 1.220049e-04
1956 8.434440e-03 1.218254e-04
1957 8.422045e-03 1.216462e-04
1958 8.409668e-03 1.214673e-04
1959 8.397309e-03 1.212886e-04
1960 8.384968e-03 1.211102e-04
1961 8.372646e-03 1.209321e-04
1962 8.360341e-03 1.207542e-04
1963 8.348055e-03 1.205766e-04
1964 8.335787e-03 1.203992e-04
1965 8.323537e-03 1.202221e-04
1966 8.311305e-03 1.200453e-04
1967 8.299091e-03 1.198687e-04
1968 8.286894e-03 1.196924e-04
1969 8.274716e-03 1.195163e-04
1970 8.262556e-03 1.193405e-04
1971 8.250413e-03 1.191650e-04
1972 8.238289e-03 1.189897e-04
1973 8.226182e-03 1.188147e-04
1974 8.214093e-03 1.186399e-04
1975 8.202022e-03 1.184654e-04
1976 8.189969e-03 1.182911e-04
1977 8.177933e-03 1.181171e-04
1978 8.165915e-03 1.179434e-04
1979 8.153915e-03 1.177699e-04
1980 8.141932e-03 1.175967e-04
1981 8.129967e-03 1.174237e-04
1982 8.118020e-03 1.172510e-04
1983 8.106090e-03 1.170785e-04
1984 8.094178e-03 1.169063e-04
1985 8.082283e-03 1.167343e-04
1986 8.070406e-03 1.165626e-04
1987 8.058546e-03 1.163912e-04
1988 8.046704e-03 1.162200e-04
1989 8.034879e-03 1.160490e-04
1990 8.023071e-03 1.158783e-04
1991 8.011281e-03 1.157079e-04
1992 7.999508e-03 1.155377e-04
1993 7.987753e-03 1.153677e-04
1994 7.976015e-03 1.151980e-04
1995 7.964294e-03 1.150286e-04
1996 7.952590e-03 1.148594e-04
1997 7.940904e-03 1.146904e-04
1998 7.929234e-03 1.145217e-04
1999 7.917582e-03 1.143533e-04
2000 7.905947e-03 1.141851e-04
2001 7.894329e-03 1.140171e-04
2002 7.882729e-03 1.138494e-04
2003 7.871145e-03 1.136819e-04
2004 7.859578e-03 1.135147e-04
2005 7.848029e-03 1.133477e-04
2006 7.836496e-03 1.131810e-04
2007 7.824980e-03 1.130145e-04
2008 7.813481e-03 1.128483e-04
2009 7.802000e-03 1.126823e-04
2010 7.790535e-03 1.125166e-04
2011 7.779086e-03 1.123510e-04
2012 7.767655e-03 1.121858e-04
2013 7.756241e-03 1.120208e-04
2014 7.744843e-03 1.118560e-04
2015 7.733462e-03 1.116915e-04
2016 7.722098e-03 1.115272e-04
2017 7.710751e-03 1.113631e-04
2018 7.699420e-03 1.111993e-04
2019 7.688106e-03 1.110358e-04
2020 7.676808e-03 1.108724e-04
2021 7.665528e-03 1.107093e-04
2022 7.654263e-03 1.105465e-04
2023 7.643016e-03 1.103839e-04
2024 7.631785e-03 1.102215e-04
2025 7.620570e-03 1.100594e-04
2026 7.609372e-03 1.098975e-04
2027 7.598190e-03 1.097359e-04
2028 7.587025e-03 1.095744e-04
2029 7.575876e-03 1.094133e-04
2030 7.564744e-03 1.092523e-04
2031 7.553628e-03 1.090916e-04
2032 7.542528e-03 1.089312e-04
2033 7.531445e-03 1.087709e-04
2034 7.520378e-03 1.086109e-04
2035 7.509327e-03 1.084512e-04
2036 7.498293e-03 1.082916e-04
2037 7.487275e-03 1.081324e-04
2038 7.476273e-03 1.079733e-04
2039 7.465287e-03 1.078145e-04
2040 7.454317e-03 1.076559e-04
2041 7.443364e-03 1.074975e-04
2042 7.432426e-03 1.073394e-04
2043 7.421505e-03 1.071815e-04
2044 7.410600e-03 1.070239e-04
2045 7.399710e-03 1.068664e-04
2046 7.388837e-03 1.067093e-04
2047 7.377980e-03 1.065523e-04
2048 7.367139e-03 1.063956e-04
2049 7.356313e-03 1.062391e-04
2050 7.345504e-03 1.060828e-04
2051 7.334711e-03 1.059268e-04
2052 7.323933e-03 1.057709e-04
2053 7.313171e-03 1.056154e-04
2054 7.302425e-03 1.054600e-04
2055 7.291695e-03 1.053049e-04
2056 7.280981e-03 1.051500e-04
2057 7.270282e-03 1.049953e-04
2058 7.259599e-03 1.048409e-04
2059 7.248932e-03 1.046867e-04
2060 7.238281e-03 1.045327e-04
2061 7.227645e-03 1.043789e-04
2062 7.217025e-03 1.042254e-04
2063 7.206420e-03 1.040721e-04
2064 7.195832e-03 1.039190e-04
2065 7.185258e-03 1.037661e-04
2066 7.174700e-03 1.036135e-04
2067 7.164158e-03 1.034611e-04
2068 7.153631e-03 1.033089e-04
2069 7.143120e-03 1.031569e-04
2070 7.132624e-03 1.030052e-04
2071 7.122144e-03 1.028537e-04
2072 7.111679e-03 1.027024e-04
2073 7.101230e-03 1.025513e-04
2074 7.090795e-03 1.024005e-04
2075 7.080377e-03 1.022499e-04
2076 7.069973e-03 1.020995e-04
2077 7.059585e-03 1.019493e-04
2078 7.049212e-03 1.017993e-04
2079 7.038854e-03 1.016496e-04
2080 7.028512e-03 1.015001e-04
2081 7.018185e-03 1.013508e-04
2082 7.007873e-03 1.012017e-04
2083 6.997576e-03 1.010528e-04
2084 6.987294e-03 1.009042e-04
2085 6.977028e-03 1.007558e-04
2086 6.966776e-03 1.006076e-04
2087 6.956540e-03 1.004596e-04
2088 6.946318e-03 1.003118e-04
2089 6.936112e-03 1.001643e-04
2090 6.925921e-03 1.000169e-04
2091 6.915745e-03 9.986980e-05
2092 6.905583e-03 9.972290e-05
2093 6.895437e-03 9.957621e-05
2094 6.885305e-03 9.942974e-05
2095 6.875189e-03 9.928349e-05
2096 6.865087e-03 9.913745e-05
2097 6.855000e-03 9.899163e-05
2098 6.844928e-03 9.884602e-05
2099 6.834871e-03 9.870062e-05
2100 6.824829e-03 9.855544e-05
2101 6.814801e-03 9.841047e-05
2102 6.804788e-03 9.826572e-05
2103 6.794790e-03 9.812118e-05
2104 6.784807e-03 9.797685e-05
2105 6.774838e-03 9.783273e-05
2106 6.764884e-03 9.768883e-05
2107 6.754945e-03 9.754513e-05
2108 6.745020e-03 9.740165e-05
2109 6.735110e-03 9.725838e-05
2110 6.725214e-03 9.711532e-05
2111 6.715333e-03 9.697247e-05
2112 6.705467e-03 9.682983e-05
2113 6.695615e-03 9.668740e-05
2114 6.685777e-03 9.654518e-05
2115 6.675954e-03 9.640317e-05
2116 6.666145e-03 9.626137e-05
2117 6.656351e-03 9.611977e-05
2118 6.646571e-03 9.597839e-05
2119 6.636806e-03 9.583721e-05
2120 6.627055e-03 9.569624e-05
2121 6.617318e-03 9.555548e-05
2122 6.607596e-03 9.541492e-05
2123 6.597888e-03 9.527457e-05
2124 6.588194e-03 9.513443e-05
2125 6.578515e-03 9.499450e-05
2126 6.568849e-03 9.485477e-05
2127 6.559198e-03 9.471524e-05
2128 6.549561e-03 9.457592e-05
2129 6.539939e-03 9.443681e-05
2130 6.530330e-03 9.429790e-05
2131 6.520736e-03 9.415919e-05
2132 6.511155e-03 9.402069e-05
2133 6.501589e-03 9.388239e-05
2134 6.492037e-03 9.374430e-05
2135 6.482499e-03 9.360641e-05
2136 6.472975e-03 9.346872e-05
2137 6.463465e-03 9.333124e-05
2138 6.453969e-03 9.319395e-05
2139 6.444487e-03 9.305687e-05
2140 6.435019e-03 9.291999e-05
2141 6.425565e-03 9.278331e-05
2142 6.416124e-03 9.264683e-05
2143 6.406698e-03 9.251056e-05
2144 6.397285e-03 9.237448e-05
2145 6.387887e-03 9.223860e-05
2146 6.378502e-03 9.210293e-05
2147 6.369131e-03 9.196745e-05
2148 6.359773e-03 9.183217e-05
2149 6.350430e-03 9.169710e-05
2150 6.341100e-03 9.156222e-05
2151 6.331784e-03 9.142753e-05
2152 6.322482e-03 9.129305e-05
2153 6.313193e-03 9.115877e-05
2154 6.303918e-03 9.102468e-05
2155 6.294657e-03 9.089079e-05
2156 6.285409e-03 9.075709e-05
2157 6.276175e-03 9.062360e-05
2158 6.266954e-03 9.049030e-05
2159 6.257747e-03 9.035719e-05
2160 6.248554e-03 9.022428e-05
2161 6.239374e-03 9.009157e-05
2162 6.230207e-03 8.995905e-05
2163 6.221055e-03 8.982673e-05
2164 6.211915e-03 8.969460e-05
2165 6.202789e-03 8.956266e-05
2166 6.193676e-03 8.943092e-05
2167 6.184577e-03 8.929938e-05
2168 6.175491e-03 8.916802e-05
2169 6.166419e-03 8.903687e-05
2170 6.157360e-03 8.890590e-05
2171 6.148314e-03 8.877512e-05
2172 6.139282e-03 8.864454e-05
2173 6.130262e-03 8.851415e-05
2174 6.121257e-03 8.838396e-05
2175 6.112264e-03 8.825395e-05
2176 6.103284e-03 8.812413e-05
2177 6.094318e-03 8.799451e-05
2178 6.085365e-03 8.786508e-05
2179 6.076425e-03 8.773583e-05
2180 6.067499e-03 8.760678e-05
2181 6.058585e-03 8.747792e-05
2182 6.049684e-03 8.734924e-05
2183 6.040797e-03 8.722076e-05
2184 6.031923e-03 8.709246e-05
2185 6.023062e-03 8.696436e-05
2186 6.014213e-03 8.683644e-05
2187 6.005378e-03 8.670871e-05
2188 5.996556e-03 8.658117e-05
2189 5.987747e-03 8.645381e-05
2190 5.978950e-03 8.632664e-05
2191 5.970167e-03 8.619966e-05
2192 5.961397e-03 8.607287e-05
2193 5.952639e-03 8.594626e-05
2194 5.943894e-03 8.581984e-05
2195 5.935163e-03 8.569361e-05
2196 5.926444e-03 8.556756e-05
2197 5.917738e-03 8.544170e-05
2198 5.909044e-03 8.531602e-05
2199 5.900364e-03 8.519052e-05
2200 5.891696e-03 8.506521e-05
2201 5.883041e-03 8.494009e-05
2202 5.874399e-03 8.481515e-05
2203 5.865769e-03 8.469039e-05
2204 5.857152e-03 8.456582e-05
2205 5.848548e-03 8.444143e-05
2206 5.839957e-03 8.431722e-05
2207 5.831378e-03 8.419320e-05
2208 5.822811e-03 8.406935e-05
2209 5.814258e-03 8.394569e-05
2210 5.805717e-03 8.382222e-05
2211 5.797188e-03 8.369892e-05
2212 5.788672e-03 8.357581e-05
2213 5.780169e-03 8.345287e-05
2214 5.771678e-03 8.333012e-05
2215 5.763199e-03 8.320755e-05
2216 5.754733e-03 8.308515e-05
2217 5.746280e-03 8.296294e-05
2218 5.737839e-03 8.284091e-05
2219 5.729410e-03 8.271906e-05
2220 5.720994e-03 8.259738e-05
2221 5.712590e-03 8.247589e-05
2222 5.704198e-03 8.235457e-05
2223 5.695819e-03 8.223343e-05
2224 5.687452e-03 8.211247e-05
2225 5.679098e-03 8.199169e-05
2226 5.670755e-03 8.187109e-05
2227 5.662425e-03 8.175066e-05
2228 5.654108e-03 8.163041e-05
2229 5.645802e-03 8.151034e-05
2230 5.637509e-03 8.139045e-05
2231 5.629228e-03 8.127073e-05
2232 5.620959e-03 8.115118e-05
2233 5.612702e-03 8.103182e-05
2234 5.604457e-03 8.091262e-05
2235 5.596225e-03 8.079361e-05
2236 5.588005e-03 8.067477e-05
2237 5.579796e-03 8.055610e-05
2238 5.571600e-03 8.043761e-05
2239 5.563416e-03 8.031929e-05
2240 5.555244e-03 8.020115e-05
2241 5.547084e-03 8.008318e-05
2242 5.538936e-03 7.996538e-05
2243 5.530800e-03 7.984776e-05
2244 5.522675e-03 7.973031e-05
2245 5.514563e-03 7.961303e-05
2246 5.506463e-03 7.949592e-05
2247 5.498375e-03 7.937899e-05
2248 5.490298e-03 7.926223e-05
2249 5.482234e-03 7.914564e-05
2250 5.474181e-03 7.902922e-05
2251 5.466140e-03 7.891298e-05
2252 5.458111e-03 7.879690e-05
2253 5.450094e-03 7.868100e-05
2254 5.442089e-03 7.856526e-05
2255 5.434095e-03 7.844970e-05
2256 5.426113e-03 7.833431e-05
2257 5.418143e-03 7.821908e-05
2258 5.410184e-03 7.810403e-05
2259 5.402238e-03 7.798914e-05
2260 5.394303e-03 7.787443e-05
2261 5.386379e-03 7.775988e-05
2262 5.378468e-03 7.764550e-05
2263 5.370568e-03 7.753129e-05
2264 5.362679e-03 7.741725e-05
2265 5.354802e-03 7.730337e-05
2266 5.346937e-03 7.718966e-05
2267 5.339083e-03 7.707612e-05
2268 5.331241e-03 7.696275e-05
2269 5.323411e-03 7.684954e-05
2270 5.315592e-03 7.673650e-05
2271 5.307784e-03 7.662363e-05
2272 5.299988e-03 7.651092e-05
2273 5.292203e-03 7.639838e-05
2274 5.284430e-03 7.628600e-05
2275 5.276668e-03 7.617379e-05
2276 5.268918e-03 7.606175e-05
2277 5.261179e-03 7.594986e-05
2278 5.253452e-03 7.583815e-05
2279 5.245736e-03 7.572660e-05
2280 5.238031e-03 7.561521e-05
2281 5.230337e-03 7.550398e-05
2282 5.222655e-03 7.539292e-05
2283 5.214984e-03 7.528202e-05
2284 5.207325e-03 7.517129e-05
2285 5.199676e-03 7.506072e-05
2286 5.192039e-03 7.495031e-05
2287 5.184413e-03 7.484006e-05
2288 5.176799e-03 7.472998e-05
2289 5.169195e-03 7.462006e-05
2290 5.161603e-03 7.451030e-05
2291 5.154022e-03 7.440070e-05
2292 5.146452e-03 7.429126e-05
2293 5.138893e-03 7.418198e-05
2294 5.131346e-03 7.407287e-05
2295 5.123809e-03 7.396391e-05
2296 5.116284e-03 7.385512e-05
2297 5.108769e-03 7.374648e-05
2298 5.101266e-03 7.363800e-05
2299 5.093774e-03 7.352969e-05
2300 5.086292e-03 7.342153e-05
2301 5.078822e-03 7.331353e-05
2302 5.071363e-03 7.320569e-05
2303 5.063915e-03 7.309801e-05
2304 5.056477e-03 7.299049e-05
2305 5.049051e-03 7.288313e-05
2306 5.041635e-03 7.277592e-05
2307 5.034231e-03 7.266888e-05
2308 5.026837e-03 7.256198e-05
2309 5.019454e-03 7.245525e-05
2310 5.012082e-03 7.234867e-05
2311 5.004721e-03 7.224226e-05
2312 4.997371e-03 7.213599e-05
2313 4.990031e-03 7.202989e-05
2314 4.982703e-03 7.192393e-05
2315 4.975385e-03 7.181814e-05
2316 4.968078e-03 7.171250e-05
2317 4.960781e-03 7.160702e-05
2318 4.953496e-03 7.150169e-05
2319 4.946221e-03 7.139651e-05
2320 4.938956e-03 7.129150e-05
2321 4.931703e-03 7.118663e-05
2322 4.924460e-03 7.108192e-05
2323 4.917228e-03 7.097736e-05
2324 4.910006e-03 7.087296e-05
2325 4.902795e-03 7.076871e-05
2326 4.895595e-03 7.066462e-05
2327 4.888405e-03 7.056068e-05
2328 4.881226e-03 7.045689e-05
2329 4.874057e-03 7.035325e-05
2330 4.866899e-03 7.024976e-05
2331 4.859752e-03 7.014643e-05
2332 4.852615e-03 7.004325e-05
2333 4.845488e-03 6.994022e-05
2334 4.838372e-03 6.983735e-05
2335 4.831266e-03 6.973462e-05
2336 4.824171e-03 6.963205e-05
2337 4.817087e-03 6.952962e-05
2338 4.810012e-03 6.942735e-05
2339 4.802948e-03 6.932523e-05
2340 4.795895e-03 6.922326e-05
2341 4.788852e-03 6.912143e-05
2342 4.781819e-03 6.901976e-05
2343 4.774797e-03 6.891824e-05
2344 4.767785e-03 6.881686e-05
2345 4.760783e-03 6.871564e-05
2346 4.753791e-03 6.861456e-05
2347 4.746810e-03 6.851364e-05
2348 4.739839e-03 6.841286e-05
2349 4.732879e-03 6.831223e-05
2350 4.725928e-03 6.821175e-05
2351 4.718988e-03 6.811141e-05
2352 4.712058e-03 6.801122e-05
2353 4.705138e-03 6.791118e-05
2354 4.698229e-03 6.781129e-05
2355 4.691329e-03 6.771155e-05
2356 4.684440e-03 6.761195e-05
2357 4.677561e-03 6.751250e-05
2358 4.670692e-03 6.741319e-05
2359 4.663833e-03 6.731403e-05
2360 4.656984e-03 6.721502e-05
2361 4.650145e-03 6.711615e-05
2362 4.643316e-03 6.701743e-05
2363 4.636498e-03 6.691885e-05
2364 4.629689e-03 6.682041e-05
2365 4.622890e-03 6.672213e-05
2366 4.616102e-03 6.662398e-05
2367 4.609323e-03 6.652598e-05
2368 4.602555e-03 6.642813e-05
2369 4.595796e-03 6.633042e-05
2370 4.589047e-03 6.623285e-05
2371 4.582308e-03 6.613543e-05
2372 4.575579e-03 6.603815e-05
2373 4.568860e-03 6.594101e-05
2374 4.562151e-03 6.584402e-05
2375 4.555452e-03 6.574716e-05
2376 4.548762e-03 6.565046e-05
2377 4.542083e-03 6.555389e-05
2378 4.535413e-03 6.545746e-05
2379 4.528753e-03 6.536118e-05
2380 4.522103e-03 6.526504e-05
2381 4.515463e-03 6.516904e-05
2382 4.508832e-03 6.507318e-05
2383 4.502211e-03 6.497746e-05
2384 4.495600e-03 6.488188e-05
2385 4.488999e-03 6.478645e-05
2386 4.482407e-03 6.469115e-05
2387 4.475825e-03 6.459600e-05
2388 4.469253e-03 6.450098e-05
2389 4.462690e-03 6.440610e-05
2390 4.456137e-03 6.431137e-05
2391 4.449594e-03 6.421677e-05
2392 4.443060e-03 6.412231e-05
2393 4.436536e-03 6.402799e-05
2394 4.430021e-03 6.393381e-05
2395 4.423516e-03 6.383977e-05
2396 4.417021e-03 6.374587e-05
2397 4.410535e-03 6.365210e-05
2398 4.404059e-03 6.355847e-05
2399 4.397592e-03 6.346498e-05
2400 4.391135e-03 6.337163e-05
2401 4.384687e-03 6.327842e-05
2402 4.378249e-03 6.318534e-05
2403 4.371820e-03 6.309240e-05
2404 4.365401e-03 6.299959e-05
2405 4.358991e-03 6.290693e-05
2406 4.352591e-03 6.281439e-05
2407 4.346200e-03 6.272200e-05
2408 4.339818e-03 6.262974e-05
2409 4.333446e-03 6.253762e-05
2410 4.327083e-03 6.244563e-05
2411 4.320730e-03 6.235378e-05
2412 4.314385e-03 6.226206e-05
2413 4.308051e-03 6.217047e-05
2414 4.301725e-03 6.207903e-05
2415 4.295409e-03 6.198771e-05
2416 4.289102e-03 6.189653e-05
2417 4.282804e-03 6.180549e-05
2418 4.276516e-03 6.171458e-05
2419 4.270237e-03 6.162380e-05
2420 4.263967e-03 6.153316e-05
2421 4.257706e-03 6.144264e-05
2422 4.251455e-03 6.135227e-05
2423 4.245213e-03 6.126202e-05
2424 4.238980e-03 6.117191e-05
2425 4.232756e-03 6.108193e-05
2426 4.226541e-03 6.099208e-05
2427 4.220335e-03 6.090237e-05
2428 4.214139e-03 6.081279e-05
2429 4.207952e-03 6.072334e-05
2430 4.201773e-03 6.063402e-05
2431 4.195604e-03 6.054483e-05
2432 4.189444e-03 6.045577e-05
2433 4.183293e-03 6.036684e-05
2434 4.177151e-03 6.027805e-05
2435 4.171018e-03 6.018938e-05
2436 4.164894e-03 6.010085e-05
2437 4.158779e-03 6.001245e-05
2438 4.152673e-03 5.992417e-05
2439 4.146576e-03 5.983603e-05
2440 4.140488e-03 5.974801e-05
2441 4.134409e-03 5.966013e-05
2442 4.128339e-03 5.957237e-05
2443 4.122278e-03 5.948475e-05
2444 4.116226e-03 5.939725e-05
2445 4.110183e-03 5.930988e-05
2446 4.104148e-03 5.922264e-05
2447 4.098123e-03 5.913553e-05
2448 4.092106e-03 5.904854e-05
2449 4.086098e-03 5.896169e-05
2450 4.080099e-03 5.887496e-05
2451 4.074109e-03 5.878836e-05
2452 4.068127e-03 5.870189e-05
2453 4.062155e-03 5.861554e-05
2454 4.056191e-03 5.852932e-05
2455 4.050236e-03 5.844323e-05
2456 4.044290e-03 5.835726e-05
2457 4.038352e-03 5.827142e-05
2458 4.032423e-03 5.818571e-05
2459 4.026503e-03 5.810012e-05
2460 4.020592e-03 5.801466e-05
2461 4.014689e-03 5.792933e-05
2462 4.008795e-03 5.784412e-05
2463 4.002910e-03 5.775903e-05
2464 3.997033e-03 5.767407e-05
2465 3.991165e-03 5.758924e-05
2466 3.985306e-03 5.750453e-05
2467 3.979455e-03 5.741995e-05
2468 3.973613e-03 5.733548e-05
2469 3.967780e-03 5.725115e-05
2470 3.961955e-03 5.716694e-05
2471 3.956138e-03 5.708285e-05
2472 3.950330e-03 5.699888e-05
2473 3.944531e-03 5.691504e-05
2474 3.938740e-03 5.683132e-05
2475 3.932958e-03 5.674773e-05
2476 3.927184e-03 5.666426e-05
2477 3.921419e-03 5.658091e-05
2478 3.915662e-03 5.649768e-05
2479 3.909914e-03 5.641458e-05
2480 3.904174e-03 5.633160e-05
2481 3.898443e-03 5.624874e-05
2482 3.892720e-03 5.616600e-05
2483 3.887005e-03 5.608338e-05
2484 3.881299e-03 5.600089e-05
2485 3.875601e-03 5.591852e-05
2486 3.869912e-03 5.583626e-05
2487 3.864231e-03 5.575413e-05
2488 3.858558e-03 5.567212e-05
2489 3.852894e-03 5.559023e-05
2490 3.847238e-03 5.550846e-05
2491 3.841590e-03 5.542682e-05
2492 3.835951e-03 5.534529e-05
2493 3.830320e-03 5.526388e-05
2494 3.824697e-03 5.518259e-05
2495 3.819083e-03 5.510142e-05
2496 3.813477e-03 5.502037e-05
2497 3.807879e-03 5.493944e-05
2498 3.802289e-03 5.485863e-05
2499 3.796707e-03 5.477793e-05
2500 3.791134e-03 5.469736e-05
2501 3.785569e-03 5.461690e-05
2502 3.780012e-03 5.453657e-05
2503 3.774463e-03 5.445635e-05
2504 3.768923e-03 5.437625e-05
2505 3.763390e-03 5.429626e-05
2506 3.757866e-03 5.421640e-05
2507 3.752350e-03 5.413665e-05
2508 3.746841e-03 5.405702e-05
2509 3.741342e-03 5.397750e-05
2510 3.735850e-03 5.389811e-05
2511 3.730366e-03 5.381883e-05
2512 3.724890e-03 5.373966e-05
2513 3.719422e-03 5.366062e-05
2514 3.713963e-03 5.358168e-05
2515 3.708511e-03 5.350287e-05
2516 3.703068e-03 5.342417e-05
2517 3.697632e-03 5.334559e-05
2518 3.692204e-03 5.326712e-05
2519 3.686785e-03 5.318877e-05
2520 3.681373e-03 5.311053e-05
2521 3.675970e-03 5.303241e-05
2522 3.670574e-03 5.295440e-05
2523 3.665186e-03 5.287651e-05
2524 3.659806e-03 5.279873e-05
2525 3.654434e-03 5.272107e-05
2526 3.649070e-03 5.264352e-05
2527 3.643714e-03 5.256609e-05
2528 3.638366e-03 5.248877e-05
2529 3.633025e-03 5.241156e-05
2530 3.627693e-03 5.233447e-05
2531 3.622368e-03 5.225749e-05
2532 3.617051e-03 5.218062e-05
2533 3.611742e-03 5.210387e-05
2534 3.606441e-03 5.202722e-05
2535 3.601148e-03 5.195070e-05
2536 3.595862e-03 5.187428e-05
2537 3.590584e-03 5.179798e-05
2538 3.585314e-03 5.172179e-05
2539 3.580052e-03 5.164571e-05
2540 3.574797e-03 5.156974e-05
2541 3.569550e-03 5.149388e-05
2542 3.564311e-03 5.141814e-05
2543 3.559079e-03 5.134251e-05
2544 3.553856e-03 5.126699e-05
2545 3.548640e-03 5.119158e-05
2546 3.543431e-03 5.111628e-05
2547 3.538230e-03 5.104109e-05
2548 3.533037e-03 5.096601e-05
2549 3.527852e-03 5.089105e-05
2550 3.522674e-03 5.081619e-05
2551 3.517504e-03 5.074144e-05
2552 3.512341e-03 5.066681e-05
2553 3.507186e-03 5.059228e-05
2554 3.502039e-03 5.051786e-05
2555 3.496899e-03 5.044355e-05
2556 3.491767e-03 5.036935e-05
2557 3.486642e-03 5.029526e-05
2558 3.481525e-03 5.022128e-05
2559 3.476415e-03 5.014741e-05
2560 3.471313e-03 5.007365e-05
2561 3.466218e-03 4.999999e-05
2562 3.461131e-03 4.992645e-05
2563 3.456051e-03 4.985301e-05
2564 3.450979e-03 4.977968e-05
2565 3.445914e-03 4.970646e-05
2566 3.440857e-03 4.963334e-05
2567 3.435807e-03 4.956034e-05
2568 3.430765e-03 4.948744e-05
2569 3.425730e-03 4.941464e-05
2570 3.420702e-03 4.934196e-05
2571 3.415682e-03 4.926938e-05
2572 3.410669e-03 4.919691e-05
2573 3.405664e-03 4.912454e-05
2574 3.400666e-03 4.905228e-05
2575 3.395675e-03 4.898013e-05
2576 3.390691e-03 4.890809e-05
2577 3.385715e-03 4.883615e-05
2578 3.380747e-03 4.876431e-05
2579 3.375785e-03 4.869258e-05
2580 3.370831e-03 4.862096e-05
2581 3.365884e-03 4.854944e-05
2582 3.360945e-03 4.847803e-05
2583 3.356012e-03 4.840672e-05
2584 3.351087e-03 4.833552e-05
2585 3.346169e-03 4.826442e-05
2586 3.341259e-03 4.819343e-05
2587 3.336355e-03 4.812254e-05
2588 3.331459e-03 4.805175e-05
2589 3.326570e-03 4.798107e-05
2590 3.321689e-03 4.791050e-05
2591 3.316814e-03 4.784002e-05
2592 3.311947e-03 4.776966e-05
2593 3.307086e-03 4.769939e-05
2594 3.302233e-03 4.762923e-05
2595 3.297387e-03 4.755917e-05
2596 3.292549e-03 4.748921e-05
2597 3.287717e-03 4.741936e-05
2598 3.282892e-03 4.734961e-05
2599 3.278075e-03 4.727996e-05
2600 3.273264e-03 4.721042e-05
2601 3.268461e-03 4.714097e-05
2602 3.263665e-03 4.707163e-05
2603 3.258876e-03 4.700239e-05
2604 3.254093e-03 4.693326e-05
2605 3.249318e-03 4.686422e-05
2606 3.244550e-03 4.679529e-05
2607 3.239789e-03 4.672645e-05
2608 3.235035e-03 4.665772e-05
2609 3.230288e-03 4.658909e-05
2610 3.225548e-03 4.652056e-05
2611 3.220815e-03 4.645214e-05
2612 3.216089e-03 4.638381e-05
2613 3.211369e-03 4.631558e-05
2614 3.206657e-03 4.624745e-05
2615 3.201952e-03 4.617943e-05
2616 3.197253e-03 4.611150e-05
2617 3.192562e-03 4.604367e-05
2618 3.187877e-03 4.597595e-05
2619 3.183199e-03 4.590832e-05
2620 3.178529e-03 4.584079e-05
2621 3.173865e-03 4.577336e-05
2622 3.169207e-03 4.570603e-05
2623 3.164557e-03 4.563880e-05
2624 3.159914e-03 4.557167e-05
2625 3.155277e-03 4.550464e-05
2626 3.150647e-03 4.543771e-05
2627 3.146024e-03 4.537087e-05
2628 3.141408e-03 4.530413e-05
2629 3.136799e-03 4.523750e-05
2630 3.132196e-03 4.517095e-05
2631 3.127601e-03 4.510451e-05
2632 3.123012e-03 4.503817e-05
2633 3.118429e-03 4.497192e-05
2634 3.113854e-03 4.490577e-05
2635 3.109285e-03 4.483971e-05
2636 3.104723e-03 4.477376e-05
2637 3.100167e-03 4.470790e-05
2638 3.095619e-03 4.464214e-05
2639 3.091077e-03 4.457647e-05
2640 3.086541e-03 4.451090e-05
2641 3.082013e-03 4.444543e-05
2642 3.077491e-03 4.438006e-05
2643 3.072975e-03 4.431478e-05
2644 3.068467e-03 4.424959e-05
2645 3.063965e-03 4.418450e-05
2646 3.059469e-03 4.411951e-05
2647 3.054980e-03 4.405462e-05
2648 3.050498e-03 4.398981e-05
2649 3.046022e-03 4.392511e-05
2650 3.041553e-03 4.386050e-05
2651 3.037091e-03 4.379598e-05
2652 3.032635e-03 4.373156e-05
2653 3.028186e-03 4.366724e-05
2654 3.023743e-03 4.360300e-05
2655 3.019306e-03 4.353887e-05
2656 3.014877e-03 4.347483e-05
2657 3.010454e-03 4.341088e-05
2658 3.006037e-03 4.334702e-05
2659 3.001627e-03 4.328326e-05
2660 2.997223e-03 4.321960e-05
2661 2.992826e-03 4.315602e-05
2662 2.988435e-03 4.309254e-05
2663 2.984050e-03 4.302916e-05
2664 2.979673e-03 4.296587e-05
2665 2.975301e-03 4.290267e-05
2666 2.970936e-03 4.283956e-05
2667 2.966577e-03 4.277655e-05
2668 2.962225e-03 4.271362e-05
2669 2.957880e-03 4.265080e-05
2670 2.953540e-03 4.258806e-05
2671 2.949207e-03 4.252542e-05
2672 2.944880e-03 4.246286e-05
2673 2.940560e-03 4.240040e-05
2674 2.936246e-03 4.233804e-05
2675 2.931939e-03 4.227576e-05
2676 2.927638e-03 4.221358e-05
2677 2.923343e-03 4.215148e-05
2678 2.919054e-03 4.208948e-05
2679 2.914772e-03 4.202757e-05
2680 2.910496e-03 4.196575e-05
2681 2.906226e-03 4.190402e-05
2682 2.901963e-03 4.184238e-05
2683 2.897706e-03 4.178084e-05
2684 2.893455e-03 4.171938e-05
2685 2.889210e-03 4.165802e-05
2686 2.884972e-03 4.159674e-05
2687 2.880740e-03 4.153555e-05
2688 2.876514e-03 4.147446e-05
2689 2.872294e-03 4.141345e-05
2690 2.868080e-03 4.135254e-05
2691 2.863873e-03 4.129171e-05
2692 2.859672e-03 4.123097e-05
2693 2.855477e-03 4.117032e-05
2694 2.851288e-03 4.110977e-05
2695 2.847106e-03 4.104930e-05
2696 2.842929e-03 4.098892e-05
2697 2.838759e-03 4.092862e-05
2698 2.834595e-03 4.086842e-05
2699 2.830437e-03 4.080831e-05
2700 2.826285e-03 4.074828e-05
2701 2.822139e-03 4.068834e-05
2702 2.818000e-03 4.062849e-05
2703 2.813866e-03 4.056873e-05
2704 2.809738e-03 4.050906e-05
2705 2.805617e-03 4.044947e-05
2706 2.801502e-03 4.038997e-05
2707 2.797392e-03 4.033056e-05
2708 2.793289e-03 4.027124e-05
2709 2.789192e-03 4.021200e-05
2710 2.785100e-03 4.015286e-05
2711 2.781015e-03 4.009379e-05
2712 2.776936e-03 4.003482e-05
2713 2.772863e-03 3.997593e-05
2714 2.768795e-03 3.991713e-05
2715 2.764734e-03 3.985841e-05
2716 2.760679e-03 3.979979e-05
2717 2.756630e-03 3.974124e-05
2718 2.752586e-03 3.968279e-05
2719 2.748549e-03 3.962442e-05
2720 2.744518e-03 3.956613e-05
2721 2.740492e-03 3.950793e-05
2722 2.736472e-03 3.944982e-05
2723 2.732459e-03 3.939179e-05
2724 2.728451e-03 3.933385e-05
2725 2.724449e-03 3.927599e-05
2726 2.720453e-03 3.921822e-05
2727 2.716463e-03 3.916053e-05
2728 2.712479e-03 3.910293e-05
2729 2.708500e-03 3.904541e-05
2730 2.704528e-03 3.898798e-05
2731 2.700561e-03 3.893063e-05
2732 2.696600e-03 3.887337e-05
2733 2.692645e-03 3.881619e-05
2734 2.688696e-03 3.875909e-05
2735 2.684753e-03 3.870208e-05
2736 2.680815e-03 3.864515e-05
2737 2.676883e-03 3.858831e-05
2738 2.672957e-03 3.853155e-05
2739 2.669037e-03 3.847487e-05
2740 2.665122e-03 3.841828e-05
2741 2.661214e-03 3.836177e-05
2742 2.657311e-03 3.830534e-05
2743 2.653413e-03 3.824899e-05
2744 2.649522e-03 3.819273e-05
2745 2.645636e-03 3.813655e-05
2746 2.641756e-03 3.808046e-05
2747 2.637882e-03 3.802445e-05
2748 2.634013e-03 3.796851e-05
2749 2.630150e-03 3.791267e-05
2750 2.626293e-03 3.785690e-05
2751 2.622441e-03 3.780121e-05
2752 2.618595e-03 3.774561e-05
2753 2.614755e-03 3.769009e-05
2754 2.610920e-03 3.763465e-05
2755 2.607091e-03 3.757929e-05
2756 2.603268e-03 3.752402e-05
2757 2.599450e-03 3.746882e-05
2758 2.595638e-03 3.741371e-05
2759 2.591832e-03 3.735867e-05
2760 2.588031e-03 3.730372e-05
2761 2.584236e-03 3.724885e-05
2762 2.580446e-03 3.719406e-05
2763 2.576662e-03 3.713935e-05
2764 2.572883e-03 3.708472e-05
2765 2.569110e-03 3.703017e-05
2766 2.565343e-03 3.697571e-05
2767 2.561581e-03 3.692132e-05
2768 2.557824e-03 3.686701e-05
2769 2.554073e-03 3.681278e-05
2770 2.550328e-03 3.675863e-05
2771 2.546588e-03 3.670456e-05
2772 2.542854e-03 3.665057e-05
2773 2.539125e-03 3.659666e-05
2774 2.535402e-03 3.654283e-05
2775 2.531684e-03 3.648908e-05
2776 2.527971e-03 3.643541e-05
2777 2.524264e-03 3.638181e-05
2778 2.520563e-03 3.632830e-05
2779 2.516867e-03 3.627486e-05
2780 2.513176e-03 3.622150e-05
2781 2.509491e-03 3.616822e-05
2782 2.505811e-03 3.611502e-05
2783 2.502137e-03 3.606190e-05
2784 2.498468e-03 3.600886e-05
2785 2.494804e-03 3.595589e-05
2786 2.491146e-03 3.590300e-05
2787 2.487493e-03 3.585019e-05
2788 2.483846e-03 3.579746e-05
2789 2.480204e-03 3.574480e-05
2790 2.476567e-03 3.569222e-05
2791 2.472936e-03 3.563972e-05
2792 2.469310e-03 3.558730e-05
2793 2.465689e-03 3.553495e-05
2794 2.462074e-03 3.548269e-05
2795 2.458464e-03 3.543049e-05
2796 2.454859e-03 3.537838e-05
2797 2.451260e-03 3.532634e-05
2798 2.447665e-03 3.527438e-05
2799 2.444077e-03 3.522249e-05
2800 2.440493e-03 3.517068e-05
2801 2.436915e-03 3.511895e-05
2802 2.433342e-03 3.506729e-05
2803 2.429774e-03 3.501571e-05
2804 2.426212e-03 3.496420e-05
2805 2.422654e-03 3.491277e-05
2806 2.419102e-03 3.486142e-05
2807 2.415555e-03 3.481014e-05
2808 2.412014e-03 3.475894e-05
2809 2.408477e-03 3.470781e-05
2810 2.404946e-03 3.465676e-05
2811 2.401420e-03 3.460578e-05
2812 2.397899e-03 3.455488e-05
2813 2.394384e-03 3.450405e-05
2814 2.390873e-03 3.445330e-05
2815 2.387368e-03 3.440262e-05
2816 2.383868e-03 3.435201e-05
2817 2.380373e-03 3.430148e-05
2818 2.376883e-03 3.425103e-05
2819 2.373399e-03 3.420065e-05
2820 2.369919e-03 3.415034e-05
2821 2.366445e-03 3.410011e-05
2822 2.362975e-03 3.404995e-05
2823 2.359511e-03 3.399987e-05
2824 2.356052e-03 3.394985e-05
2825 2.352598e-03 3.389992e-05
2826 2.349149e-03 3.385005e-05
2827 2.345705e-03 3.380026e-05
2828 2.342266e-03 3.375054e-05
2829 2.338832e-03 3.370090e-05
2830 2.335404e-03 3.365133e-05
2831 2.331980e-03 3.360183e-05
2832 2.328561e-03 3.355240e-05
2833 2.325148e-03 3.350305e-05
2834 2.321739e-03 3.345377e-05
2835 2.318335e-03 3.340456e-05
2836 2.314937e-03 3.335543e-05
2837 2.311543e-03 3.330636e-05
2838 2.308155e-03 3.325737e-05
2839 2.304771e-03 3.320845e-05
2840 2.301393e-03 3.315961e-05
2841 2.298019e-03 3.311083e-05
2842 2.294650e-03 3.306213e-05
2843 2.291287e-03 3.301349e-05
2844 2.287928e-03 3.296493e-05
2845 2.284574e-03 3.291645e-05
2846 2.281225e-03 3.286803e-05
2847 2.277881e-03 3.281968e-05
2848 2.274542e-03 3.277141e-05
2849 2.271208e-03 3.272320e-05
2850 2.267879e-03 3.267507e-05
2851 2.264554e-03 3.262701e-05
2852 2.261235e-03 3.257901e-05
2853 2.257920e-03 3.253109e-05
2854 2.254611e-03 3.248324e-05
2855 2.251306e-03 3.243546e-05
2856 2.248006e-03 3.238775e-05
2857 2.244711e-03 3.234011e-05
2858 2.241420e-03 3.229254e-05
2859 2.238135e-03 3.224504e-05
2860 2.234854e-03 3.219761e-05
2861 2.231579e-03 3.215025e-05
2862 2.228308e-03 3.210296e-05
2863 2.225042e-03 3.205574e-05
2864 2.221780e-03 3.200859e-05
2865 2.218524e-03 3.196150e-05
2866 2.215272e-03 3.191449e-05
2867 2.212025e-03 3.186755e-05
2868 2.208783e-03 3.182067e-05
2869 2.205546e-03 3.177387e-05
2870 2.202313e-03 3.172713e-05
2871 2.199085e-03 3.168046e-05
2872 2.195862e-03 3.163386e-05
2873 2.192643e-03 3.158733e-05
2874 2.189430e-03 3.154087e-05
2875 2.186221e-03 3.149447e-05
2876 2.183017e-03 3.144815e-05
2877 2.179817e-03 3.140189e-05
2878 2.176622e-03 3.135570e-05
2879 2.173432e-03 3.130958e-05
2880 2.170247e-03 3.126352e-05
2881 2.167066e-03 3.121754e-05
2882 2.163890e-03 3.117162e-05
2883 2.160719e-03 3.112577e-05
2884 2.157552e-03 3.107998e-05
2885 2.154390e-03 3.103427e-05
2886 2.151233e-03 3.098862e-05
2887 2.148080e-03 3.094304e-05
2888 2.144932e-03 3.089752e-05
2889 2.141788e-03 3.085207e-05
2890 2.138650e-03 3.080669e-05
2891 2.135515e-03 3.076138e-05
2892 2.132386e-03 3.071613e-05
2893 2.129261e-03 3.067095e-05
2894 2.126140e-03 3.062584e-05
2895 2.123024e-03 3.058079e-05
2896 2.119913e-03 3.053581e-05
2897 2.116807e-03 3.049089e-05
2898 2.113705e-03 3.044604e-05
2899 2.110607e-03 3.040126e-05
2900 2.107514e-03 3.035654e-05
2901 2.104426e-03 3.031189e-05
2902 2.101342e-03 3.026730e-05
2903 2.098262e-03 3.022278e-05
2904 2.095188e-03 3.017832e-05
2905 2.092117e-03 3.013393e-05
2906 2.089052e-03 3.008961e-05
2907 2.085990e-03 3.004535e-05
2908 2.082934e-03 3.000115e-05
2909 2.079881e-03 2.995702e-05
2910 2.076833e-03 2.991296e-05
2911 2.073790e-03 2.986896e-05
2912 2.070751e-03 2.982502e-05
2913 2.067717e-03 2.978115e-05
2914 2.064687e-03 2.973735e-05
2915 2.061662e-03 2.969361e-05
2916 2.058641e-03 2.964993e-05
2917 2.055624e-03 2.960632e-05
2918 2.052612e-03 2.956277e-05
2919 2.049605e-03 2.951928e-05
2920 2.046601e-03 2.947586e-05
2921 2.043603e-03 2.943251e-05
2922 2.040608e-03 2.938921e-05
2923 2.037618e-03 2.934598e-05
2924 2.034633e-03 2.930282e-05
2925 2.031651e-03 2.925972e-05
2926 2.028675e-03 2.921668e-05
2927 2.025702e-03 2.917370e-05
2928 2.022734e-03 2.913079e-05
2929 2.019770e-03 2.908794e-05
2930 2.016811e-03 2.904515e-05
2931 2.013856e-03 2.900243e-05
2932 2.010905e-03 2.895977e-05
2933 2.007959e-03 2.891717e-05
2934 2.005017e-03 2.887464e-05
2935 2.002080e-03 2.883216e-05
2936 1.999146e-03 2.878975e-05
2937 1.996217e-03 2.874741e-05
2938 1.993293e-03 2.870512e-05
2939 1.990372e-03 2.866290e-05
2940 1.987456e-03 2.862074e-05
2941 1.984544e-03 2.857864e-05
2942 1.981637e-03 2.853660e-05
2943 1.978734e-03 2.849463e-05
2944 1.975835e-03 2.845271e-05
2945 1.972940e-03 2.841086e-05
2946 1.970049e-03 2.836907e-05
2947 1.967163e-03 2.832734e-05
2948 1.964281e-03 2.828567e-05
2949 1.961404e-03 2.824407e-05
2950 1.958530e-03 2.820252e-05
2951 1.955661e-03 2.816104e-05
2952 1.952796e-03 2.811962e-05
2953 1.949935e-03 2.807826e-05
2954 1.947079e-03 2.803695e-05
2955 1.944226e-03 2.799571e-05
2956 1.941378e-03 2.795453e-05
2957 1.938534e-03 2.791342e-05
2958 1.935694e-03 2.787236e-05
2959 1.932859e-03 2.783136e-05
2960 1.930027e-03 2.779042e-05
2961 1.927200e-03 2.774954e-05
2962 1.924377e-03 2.770873e-05
2963 1.921558e-03 2.766797e-05
2964 1.918743e-03 2.762727e-05
2965 1.915932e-03 2.758663e-05
2966 1.913126e-03 2.754605e-05
2967 1.910323e-03 2.750554e-05
2968 1.907525e-03 2.746508e-05
2969 1.904731e-03 2.742468e-05
2970 1.901940e-03 2.738434e-05
2971 1.899154e-03 2.734406e-05
2972 1.896373e-03 2.730384e-05
2973 1.893595e-03 2.726368e-05
2974 1.890821e-03 2.722357e-05
2975 1.888052e-03 2.718353e-05
2976 1.885286e-03 2.714354e-05
2977 1.882524e-03 2.710362e-05
2978 1.879767e-03 2.706375e-05
2979 1.877014e-03 2.702394e-05
2980 1.874264e-03 2.698419e-05
2981 1.871519e-03 2.694450e-05
2982 1.868778e-03 2.690487e-05
2983 1.866041e-03 2.686529e-05
2984 1.863308e-03 2.682577e-05
2985 1.860578e-03 2.678632e-05
2986 1.857853e-03 2.674692e-05
2987 1.855132e-03 2.670757e-05
2988 1.852415e-03 2.666829e-05
2989 1.849702e-03 2.662906e-05
2990 1.846993e-03 2.658989e-05
2991 1.844288e-03 2.655078e-05
2992 1.841586e-03 2.651173e-05
2993 1.838889e-03 2.647273e-05
2994 1.836196e-03 2.643379e-05
2995 1.833507e-03 2.639491e-05
2996 1.830822e-03 2.635608e-05
2997 1.828140e-03 2.631731e-05
2998 1.825463e-03 2.627860e-05
2999 1.822789e-03 2.623995e-05
3000 1.820120e-03 2.620135e-05
3001 1.817454e-03 2.616281e-05
3002 1.814792e-03 2.612433e-05
3003 1.812135e-03 2.608590e-05
3004 1.809481e-03 2.604753e-05
3005 1.806831e-03 2.600922e-05
3006 1.804185e-03 2.597096e-05
3007 1.801543e-03 2.593276e-05
3008 1.798904e-03 2.589461e-05
3009 1.796270e-03 2.585652e-05
3010 1.793640e-03 2.581849e-05
3011 1.791013e-03 2.578051e-05
3012 1.788390e-03 2.574259e-05
3013 1.785771e-03 2.570473e-05
3014 1.783156e-03 2.566692e-05
3015 1.780545e-03 2.562916e-05
3016 1.777938e-03 2.559146e-05
3017 1.775334e-03 2.555382e-05
3018 1.772734e-03 2.551623e-05
3019 1.770138e-03 2.547870e-05
3020 1.767546e-03 2.544122e-05
3021 1.764958e-03 2.540380e-05
3022 1.762374e-03 2.536643e-05
3023 1.759793e-03 2.532912e-05
3024 1.757216e-03 2.529187e-05
3025 1.754643e-03 2.525466e-05
3026 1.752074e-03 2.521752e-05
3027 1.749508e-03 2.518042e-05
3028 1.746947e-03 2.514338e-05
3029 1.744389e-03 2.510640e-05
3030 1.741834e-03 2.506947e-05
3031 1.739284e-03 2.503259e-05
3032 1.736737e-03 2.499577e-05
3033 1.734194e-03 2.495901e-05
3034 1.731655e-03 2.492229e-05
3035 1.729120e-03 2.488563e-05
3036 1.726588e-03 2.484903e-05
3037 1.724060e-03 2.481248e-05
3038 1.721536e-03 2.477598e-05
3039 1.719015e-03 2.473954e-05
3040 1.716498e-03 2.470315e-05
3041 1.713985e-03 2.466681e-05
3042 1.711476e-03 2.463053e-05
3043 1.708970e-03 2.459430e-05
3044 1.706468e-03 2.455812e-05
3045 1.703970e-03 2.452200e-05
3046 1.701475e-03 2.448593e-05
3047 1.698984e-03 2.444991e-05
3048 1.696496e-03 2.441395e-05
3049 1.694013e-03 2.437804e-05
3050 1.691533e-03 2.434218e-05
3051 1.689056e-03 2.430637e-05
3052 1.686583e-03 2.427062e-05
3053 1.684114e-03 2.423492e-05
3054 1.681649e-03 2.419927e-05
3055 1.679187e-03 2.416368e-05
3056 1.676729e-03 2.412813e-05
3057 1.674274e-03 2.409264e-05
3058 1.671823e-03 2.405720e-05
3059 1.669376e-03 2.402182e-05
3060 1.666932e-03 2.398648e-05
3061 1.664492e-03 2.395120e-05
3062 1.662055e-03 2.391597e-05
3063 1.659622e-03 2.388079e-05
3064 1.657192e-03 2.384567e-05
3065 1.654766e-03 2.381059e-05
3066 1.652344e-03 2.377557e-05
3067 1.649925e-03 2.374059e-05
3068 1.647510e-03 2.370567e-05
3069 1.645099e-03 2.367080e-05
3070 1.642690e-03 2.363599e-05
3071 1.640286e-03 2.360122e-05
3072 1.637885e-03 2.356650e-05
3073 1.635487e-03 2.353184e-05
3074 1.633093e-03 2.349723e-05
3075 1.630703e-03 2.346266e-05
3076 1.628316e-03 2.342815e-05
3077 1.625933e-03 2.339369e-05
3078 1.623553e-03 2.335928e-05
3079 1.621176e-03 2.332492e-05
3080 1.618803e-03 2.329061e-05
3081 1.616434e-03 2.325635e-05
3082 1.614068e-03 2.322214e-05
3083 1.611706e-03 2.318799e-05
3084 1.609347e-03 2.315388e-05
3085 1.606991e-03 2.311982e-05
3086 1.604639e-03 2.308581e-05
3087 1.602291e-03 2.305186e-05
3088 1.599946e-03 2.301795e-05
3089 1.597604e-03 2.298409e-05
3090 1.595266e-03 2.295028e-05
3091 1.592931e-03 2.291652e-05
3092 1.590600e-03 2.288282e-05
3093 1.588272e-03 2.284916e-05
3094 1.585947e-03 2.281555e-05
3095 1.583626e-03 2.278199e-05
3096 1.581308e-03 2.274848e-05
3097 1.578994e-03 2.271502e-05
3098 1.576683e-03 2.268160e-05
3099 1.574376e-03 2.264824e-05
3100 1.572072e-03 2.261493e-05
3101 1.569771e-03 2.258166e-05
3102 1.567474e-03 2.254845e-05
3103 1.565180e-03 2.251528e-05
3104 1.562890e-03 2.248216e-05
3105 1.560602e-03 2.244909e-05
3106 1.558319e-03 2.241607e-05
3107 1.556038e-03 2.238310e-05
3108 1.553761e-03 2.235017e-05
3109 1.551487e-03 2.231730e-05
3110 1.549217e-03 2.228447e-05
3111 1.546950e-03 2.225169e-05
3112 1.544686e-03 2.221896e-05
3113 1.542426e-03 2.218628e-05
3114 1.540169e-03 2.215364e-05
3115 1.537915e-03 2.212106e-05
3116 1.535665e-03 2.208852e-05
3117 1.533418e-03 2.205603e-05
3118 1.531174e-03 2.202359e-05
3119 1.528933e-03 2.199119e-05
3120 1.526696e-03 2.195884e-05
3121 1.524462e-03 2.192654e-05
3122 1.522232e-03 2.189429e-05
3123 1.520004e-03 2.186209e-05
3124 1.517780e-03 2.182993e-05
3125 1.515560e-03 2.179782e-05
3126 1.513342e-03 2.176576e-05
3127 1.511128e-03 2.173374e-05
3128 1.508917e-03 2.170177e-05
3129 1.506709e-03 2.166985e-05
3130 1.504505e-03 2.163798e-05
3131 1.502304e-03 2.160615e-05
3132 1.500106e-03 2.157437e-05
3133 1.497911e-03 2.154263e-05
3134 1.495719e-03 2.151094e-05
3135 1.493531e-03 2.147930e-05
3136 1.491346e-03 2.144771e-05
3137 1.489164e-03 2.141616e-05
3138 1.486985e-03 2.138466e-05
3139 1.484810e-03 2.135320e-05
3140 1.482638e-03 2.132180e-05
3141 1.480468e-03 2.129043e-05
3142 1.478303e-03 2.125912e-05
3143 1.476140e-03 2.122785e-05
3144 1.473980e-03 2.119662e-05
3145 1.471824e-03 2.116544e-05
3146 1.469671e-03 2.113431e-05
3147 1.467521e-03 2.110322e-05
3148 1.465374e-03 2.107218e-05
3149 1.463231e-03 2.104119e-05
3150 1.461090e-03 2.101024e-05
3151 1.458953e-03 2.097933e-05
3152 1.456818e-03 2.094847e-05
3153 1.454687e-03 2.091766e-05
3154 1.452559e-03 2.088689e-05
3155 1.450435e-03 2.085617e-05
3156 1.448313e-03 2.082549e-05
3157 1.446194e-03 2.079486e-05
3158 1.444079e-03 2.076427e-05
3159 1.441967e-03 2.073373e-05
3160 1.439857e-03 2.070323e-05
3161 1.437751e-03 2.067277e-05
3162 1.435648e-03 2.064237e-05
3163 1.433548e-03 2.061200e-05
3164 1.431452e-03 2.058168e-05
3165 1.429358e-03 2.055141e-05
3166 1.427267e-03 2.052118e-05
3167 1.425180e-03 2.049100e-05
3168 1.423095e-03 2.046086e-05
3169 1.421014e-03 2.043076e-05
3170 1.418935e-03 2.040071e-05
3171 1.416860e-03 2.037070e-05
3172 1.414788e-03 2.034073e-05
3173 1.412718e-03 2.031082e-05
3174 1.410652e-03 2.028094e-05
3175 1.408589e-03 2.025111e-05
3176 1.406529e-03 2.022132e-05
3177 1.404472e-03 2.019158e-05
3178 1.402418e-03 2.016188e-05
3179 1.400367e-03 2.013222e-05
3180 1.398319e-03 2.010261e-05
3181 1.396274e-03 2.007304e-05
3182 1.394232e-03 2.004351e-05
3183 1.392193e-03 2.001403e-05
3184 1.390157e-03 1.998459e-05
3185 1.388124e-03 1.995519e-05
3186 1.386094e-03 1.992584e-05
3187 1.384067e-03 1.989653e-05
3188 1.382043e-03 1.986726e-05
3189 1.380022e-03 1.983804e-05
3190 1.378004e-03 1.980886e-05
3191 1.375989e-03 1.977972e-05
3192 1.373977e-03 1.975063e-05
3193 1.371967e-03 1.972158e-05
3194 1.369961e-03 1.969257e-05
3195 1.367958e-03 1.966360e-05
3196 1.365958e-03 1.963468e-05
3197 1.363960e-03 1.960580e-05
3198 1.361966e-03 1.957696e-05
3199 1.359974e-03 1.954816e-05
3200 1.357986e-03 1.951941e-05
3201 1.356000e-03 1.949070e-05
3202 1.354017e-03 1.946203e-05
3203 1.352038e-03 1.943340e-05
3204 1.350061e-03 1.940482e-05
3205 1.348087e-03 1.937627e-05
3206 1.346116e-03 1.934777e-05
3207 1.344147e-03 1.931931e-05
3208 1.342182e-03 1.929089e-05
3209 1.340220e-03 1.926252e-05
3210 1.338260e-03 1.923419e-05
3211 1.336304e-03 1.920589e-05
3212 1.334350e-03 1.917764e-05
3213 1.332399e-03 1.914943e-05
3214 1.330451e-03 1.912127e-05
3215 1.328506e-03 1.909314e-05
3216 1.326564e-03 1.906506e-05
3217 1.324624e-03 1.903701e-05
3218 1.322688e-03 1.900901e-05
3219 1.320754e-03 1.898105e-05
3220 1.318823e-03 1.895313e-05
3221 1.316895e-03 1.892525e-05
3222 1.314970e-03 1.889741e-05
3223 1.313048e-03 1.886962e-05
3224 1.311128e-03 1.884186e-05
3225 1.309211e-03 1.881415e-05
3226 1.307298e-03 1.878647e-05
3227 1.305386e-03 1.875884e-05
3228 1.303478e-03 1.873125e-05
3229 1.301573e-03 1.870369e-05
3230 1.299670e-03 1.867618e-05
3231 1.297770e-03 1.864871e-05
3232 1.295873e-03 1.862128e-05
3233 1.293979e-03 1.859389e-05
3234 1.292088e-03 1.856654e-05
3235 1.290199e-03 1.853923e-05
3236 1.288313e-03 1.851196e-05
3237 1.286430e-03 1.848473e-05
3238 1.284550e-03 1.845754e-05
3239 1.282672e-03 1.843039e-05
3240 1.280797e-03 1.840328e-05
3241 1.278925e-03 1.837621e-05
3242 1.277056e-03 1.834918e-05
3243 1.275189e-03 1.832219e-05
3244 1.273325e-03 1.829524e-05
3245 1.271464e-03 1.826833e-05
3246 1.269606e-03 1.824146e-05
3247 1.267750e-03 1.821463e-05
3248 1.265898e-03 1.818783e-05
3249 1.264047e-03 1.816108e-05
3250 1.262200e-03 1.813437e-05
3251 1.260355e-03 1.810769e-05
3252 1.258513e-03 1.808106e-05
3253 1.256674e-03 1.805446e-05
3254 1.254838e-03 1.802790e-05
3255 1.253004e-03 1.800139e-05
3256 1.251173e-03 1.797491e-05
3257 1.249344e-03 1.794847e-05
3258 1.247518e-03 1.792207e-05
3259 1.245695e-03 1.789571e-05
3260 1.243875e-03 1.786938e-05
3261 1.242057e-03 1.784310e-05
3262 1.240242e-03 1.781685e-05
3263 1.238430e-03 1.779064e-05
3264 1.236620e-03 1.776448e-05
3265 1.234813e-03 1.773835e-05
3266 1.233009e-03 1.771225e-05
3267 1.231207e-03 1.768620e-05
3268 1.229408e-03 1.766019e-05
3269 1.227611e-03 1.763421e-05
3270 1.225818e-03 1.760827e-05
3271 1.224026e-03 1.758237e-05
3272 1.222238e-03 1.755651e-05
3273 1.220452e-03 1.753068e-05
3274 1.218669e-03 1.750490e-05
3275 1.216888e-03 1.747915e-05
3276 1.215110e-03 1.745344e-05
3277 1.213335e-03 1.742776e-05
3278 1.211562e-03 1.740213e-05
3279 1.209792e-03 1.737653e-05
3280 1.208024e-03 1.735097e-05
3281 1.206259e-03 1.732545e-05
3282 1.204497e-03 1.729997e-05
3283 1.202737e-03 1.727452e-05
3284 1.200980e-03 1.724911e-05
3285 1.199225e-03 1.722374e-05
3286 1.197473e-03 1.719840e-05
3287 1.195724e-03 1.717311e-05
3288 1.193977e-03 1.714784e-05
3289 1.192233e-03 1.712262e-05
3290 1.190491e-03 1.709744e-05
3291 1.188752e-03 1.707229e-05
3292 1.187015e-03 1.704717e-05
3293 1.185281e-03 1.702210e-05
3294 1.183550e-03 1.699706e-05
3295 1.181821e-03 1.697206e-05
3296 1.180094e-03 1.694709e-05
3297 1.178370e-03 1.692217e-05
3298 1.176649e-03 1.689728e-05
3299 1.174930e-03 1.687242e-05
3300 1.173214e-03 1.684760e-05
3301 1.171500e-03 1.682282e-05
3302 1.169789e-03 1.679808e-05
3303 1.168080e-03 1.677337e-05
3304 1.166374e-03 1.674870e-05
3305 1.164671e-03 1.672406e-05
3306 1.162969e-03 1.669946e-05
3307 1.161271e-03 1.667490e-05
3308 1.159575e-03 1.665037e-05
3309 1.157881e-03 1.662588e-05
3310 1.156190e-03 1.660142e-05
3311 1.154501e-03 1.657700e-05
3312 1.152815e-03 1.655262e-05
3313 1.151131e-03 1.652827e-05
3314 1.149450e-03 1.650396e-05
3315 1.147771e-03 1.647968e-05
3316 1.146095e-03 1.645544e-05
3317 1.144421e-03 1.643124e-05
3318 1.142750e-03 1.640707e-05
3319 1.141081e-03 1.638293e-05
3320 1.139414e-03 1.635884e-05
3321 1.137750e-03 1.633477e-05
3322 1.136089e-03 1.631075e-05
3323 1.134430e-03 1.628675e-05
3324 1.132773e-03 1.626280e-05
3325 1.131119e-03 1.623888e-05
3326 1.129467e-03 1.621499e-05
3327 1.127818e-03 1.619114e-05
3328 1.126171e-03 1.616732e-05
3329 1.124526e-03 1.614354e-05
3330 1.122884e-03 1.611980e-05
3331 1.121245e-03 1.609609e-05
3332 1.119607e-03 1.607241e-05
3333 1.117972e-03 1.604877e-05
3334 1.116340e-03 1.602516e-05
3335 1.114710e-03 1.600159e-05
3336 1.113082e-03 1.597805e-05
3337 1.111457e-03 1.595455e-05
3338 1.109834e-03 1.593108e-05
3339 1.108214e-03 1.590765e-05
3340 1.106596e-03 1.588425e-05
3341 1.104980e-03 1.586089e-05
3342 1.103367e-03 1.583756e-05
3343 1.101756e-03 1.581426e-05
3344 1.100147e-03 1.579100e-05
3345 1.098541e-03 1.576777e-05
3346 1.096937e-03 1.574458e-05
3347 1.095336e-03 1.572142e-05
3348 1.093737e-03 1.569829e-05
3349 1.092140e-03 1.567520e-05
3350 1.090545e-03 1.565214e-05
3351 1.088953e-03 1.562912e-05
3352 1.087364e-03 1.560613e-05
3353 1.085776e-03 1.558318e-05
3354 1.084191e-03 1.556026e-05
3355 1.082608e-03 1.553737e-05
3356 1.081028e-03 1.551451e-05
3357 1.079450e-03 1.549169e-05
3358 1.077874e-03 1.546891e-05
3359 1.076301e-03 1.544615e-05
3360 1.074730e-03 1.542343e-05
3361 1.073161e-03 1.540074e-05
3362 1.071595e-03 1.537809e-05
3363 1.070030e-03 1.535547e-05
3364 1.068468e-03 1.533288e-05
3365 1.066909e-03 1.531033e-05
3366 1.065352e-03 1.528781e-05
3367 1.063797e-03 1.526532e-05
3368 1.062244e-03 1.524287e-05
3369 1.060694e-03 1.522045e-05
3370 1.059145e-03 1.519806e-05
3371 1.057600e-03 1.517570e-05
3372 1.056056e-03 1.515338e-05
3373 1.054515e-03 1.513109e-05
3374 1.052976e-03 1.510884e-05
3375 1.051439e-03 1.508661e-05
3376 1.049904e-03 1.506442e-05
3377 1.048372e-03 1.504226e-05
3378 1.046842e-03 1.502014e-05
3379 1.045314e-03 1.499804e-05
3380 1.043789e-03 1.497598e-05
3381 1.042266e-03 1.495395e-05
3382 1.040745e-03 1.493196e-05
3383 1.039226e-03 1.490999e-05
3384 1.037709e-03 1.488806e-05
3385 1.036195e-03 1.486616e-05
3386 1.034683e-03 1.484430e-05
3387 1.033173e-03 1.482246e-05
3388 1.031665e-03 1.480066e-05
3389 1.030160e-03 1.477889e-05
3390 1.028657e-03 1.475715e-05
3391 1.027156e-03 1.473544e-05
3392 1.025657e-03 1.471377e-05
3393 1.024161e-03 1.469212e-05
3394 1.022666e-03 1.467051e-05
3395 1.021174e-03 1.464893e-05
3396 1.019684e-03 1.462739e-05
3397 1.018196e-03 1.460587e-05
3398 1.016711e-03 1.458439e-05
3399 1.015227e-03 1.456293e-05
3400 1.013746e-03 1.454151e-05
3401 1.012267e-03 1.452012e-05
3402 1.010790e-03 1.449877e-05
3403 1.009316e-03 1.447744e-05
3404 1.007843e-03 1.445614e-05
3405 1.006373e-03 1.443488e-05
3406 1.004905e-03 1.441365e-05
3407 1.003439e-03 1.439245e-05
3408 1.001975e-03 1.437128e-05
3409 1.000513e-03 1.435014e-05
3410 9.990534e-04 1.432903e-05
3411 9.975960e-04 1.430795e-05
3412 9.961408e-04 1.428691e-05
3413 9.946876e-04 1.426589e-05
3414 9.932367e-04 1.424491e-05
3415 9.917878e-04 1.422395e-05
3416 9.903411e-04 1.420303e-05
3417 9.888965e-04 1.418214e-05
3418 9.874541e-04 1.416128e-05
3419 9.860138e-04 1.414045e-05
3420 9.845756e-04 1.411965e-05
3421 9.831395e-04 1.409888e-05
3422 9.817055e-04 1.407814e-05
3423 9.802736e-04 1.405743e-05
3424 9.788439e-04 1.403676e-05
3425 9.774162e-04 1.401611e-05
3426 9.759907e-04 1.399549e-05
3427 9.745672e-04 1.397491e-05
3428 9.731458e-04 1.395435e-05
3429 9.717266e-04 1.393382e-05
3430 9.703094e-04 1.391333e-05
3431 9.688943e-04 1.389286e-05
3432 9.674813e-04 1.387243e-05
3433 9.660704e-04 1.385202e-05
3434 9.646615e-04 1.383165e-05
3435 9.632548e-04 1.381130e-05
3436 9.618500e-04 1.379099e-05
3437 9.604474e-04 1.377070e-05
3438 9.590468e-04 1.375044e-05
3439 9.576483e-04 1.373022e-05
3440 9.562519e-04 1.371002e-05
3441 9.548575e-04 1.368986e-05
3442 9.534651e-04 1.366972e-05
3443 9.520748e-04 1.364961e-05
3444 9.506866e-04 1.362954e-05
3445 9.493004e-04 1.360949e-05
3446 9.479162e-04 1.358947e-05
3447 9.465341e-04 1.356948e-05
3448 9.451540e-04 1.354952e-05
3449 9.437759e-04 1.352959e-05
3450 9.423999e-04 1.350969e-05
3451 9.410259e-04 1.348982e-05
3452 9.396539e-04 1.346997e-05
3453 9.382840e-04 1.345016e-05
3454 9.369160e-04 1.343038e-05
3455 9.355501e-04 1.341062e-05
3456 9.341862e-04 1.339090e-05
3457 9.328242e-04 1.337120e-05
3458 9.314643e-04 1.335153e-05
3459 9.301064e-04 1.333189e-05
3460 9.287505e-04 1.331228e-05
3461 9.273966e-04 1.329270e-05
3462 9.260447e-04 1.327315e-05
3463 9.246948e-04 1.325362e-05
3464 9.233468e-04 1.323413e-05
3465 9.220009e-04 1.321466e-05
3466 9.206569e-04 1.319522e-05
3467 9.193149e-04 1.317581e-05
3468 9.179749e-04 1.315643e-05
3469 9.166368e-04 1.313708e-05
3470 9.153007e-04 1.311776e-05
3471 9.139666e-04 1.309846e-05
3472 9.126345e-04 1.307920e-05
3473 9.113043e-04 1.305996e-05
3474 9.099761e-04 1.304075e-05
3475 9.086498e-04 1.302157e-05
3476 9.073255e-04 1.300241e-05
3477 9.060031e-04 1.298329e-05
3478 9.046827e-04 1.296419e-05
3479 9.033642e-04 1.294512e-05
3480 9.020477e-04 1.292608e-05
3481 9.007331e-04 1.290706e-05
3482 8.994204e-04 1.288808e-05
3483 8.981097e-04 1.286912e-05
3484 8.968009e-04 1.285019e-05
3485 8.954940e-04 1.283129e-05
3486 8.941890e-04 1.281242e-05
3487 8.928860e-04 1.279357e-05
3488 8.915849e-04 1.277475e-05
3489 8.902857e-04 1.275596e-05
3490 8.889884e-04 1.273720e-05
3491 8.876930e-04 1.271846e-05
3492 8.863996e-04 1.269976e-05
3493 8.851080e-04 1.268107e-05
3494 8.838183e-04 1.266242e-05
3495 8.825306e-04 1.264380e-05
3496 8.812447e-04 1.262520e-05
3497 8.799607e-04 1.260663e-05
3498 8.786786e-04 1.258808e-05
3499 8.773985e-04 1.256957e-05
3500 8.761201e-04 1.255108e-05
3501 8.748437e-04 1.253262e-05
3502 8.735692e-04 1.251418e-05
3503 8.722965e-04 1.249578e-05
3504 8.710257e-04 1.247739e-05
3505 8.697568e-04 1.245904e-05
3506 8.684897e-04 1.244072e-05
3507 8.672245e-04 1.242242e-05
3508 8.659612e-04 1.240414e-05
3509 8.646997e-04 1.238590e-05
3510 8.634401e-04 1.236768e-05
3511 8.621823e-04 1.234949e-05
3512 8.609264e-04 1.233132e-05
3513 8.596724e-04 1.231318e-05
3514 8.584201e-04 1.229507e-05
3515 8.571698e-04 1.227699e-05
3516 8.559213e-04 1.225893e-05
3517 8.546746e-04 1.224090e-05
3518 8.534297e-04 1.222289e-05
3519 8.521867e-04 1.220491e-05
3520 8.509455e-04 1.218696e-05
3521 8.497061e-04 1.216903e-05
3522 8.484686e-04 1.215113e-05
3523 8.472329e-04 1.213326e-05
3524 8.459990e-04 1.211541e-05
3525 8.447669e-04 1.209759e-05
3526 8.435366e-04 1.207980e-05
3527 8.423082e-04 1.206203e-05
3528 8.410815e-04 1.204429e-05
3529 8.398567e-04 1.202657e-05
3530 8.386337e-04 1.200888e-05
3531 8.374124e-04 1.199122e-05
3532 8.361930e-04 1.197358e-05
3533 8.349753e-04 1.195597e-05
3534 8.337595e-04 1.193838e-05
3535 8.325454e-04 1.192082e-05
3536 8.313332e-04 1.190328e-05
3537 8.301227e-04 1.188578e-05
3538 8.289140e-04 1.186829e-05
3539 8.277070e-04 1.185083e-05
3540 8.265019e-04 1.183340e-05
3541 8.252985e-04 1.181600e-05
3542 8.240969e-04 1.179862e-05
3543 8.228971e-04 1.178126e-05
3544 8.216990e-04 1.176393e-05
3545 8.205027e-04 1.174663e-05
3546 8.193082e-04 1.172935e-05
3547 8.181154e-04 1.171210e-05
3548 8.169244e-04 1.169487e-05
3549 8.157351e-04 1.167767e-05
3550 8.145476e-04 1.166049e-05
3551 8.133618e-04 1.164334e-05
3552 8.121778e-04 1.162621e-05
3553 8.109955e-04 1.160911e-05
3554 8.098150e-04 1.159203e-05
3555 8.086362e-04 1.157498e-05
3556 8.074591e-04 1.155796e-05
3557 8.062838e-04 1.154096e-05
3558 8.051102e-04 1.152398e-05
3559 8.039383e-04 1.150703e-05
3560 8.027682e-04 1.149010e-05
3561 8.015997e-04 1.147320e-05
3562 8.004330e-04 1.145633e-05
3563 7.992681e-04 1.143947e-05
3564 7.981048e-04 1.142265e-05
3565 7.969432e-04 1.140585e-05
3566 7.957834e-04 1.138907e-05
3567 7.946252e-04 1.137232e-05
3568 7.934688e-04 1.135559e-05
3569 7.923141e-04 1.133889e-05
3570 7.911610e-04 1.132221e-05
3571 7.900097e-04 1.130555e-05
3572 7.888601e-04 1.128892e-05
3573 7.877121e-04 1.127232e-05
3574 7.865659e-04 1.125574e-05
3575 7.854213e-04 1.123918e-05
3576 7.842784e-04 1.122265e-05
3577 7.831372e-04 1.120614e-05
3578 7.819977e-04 1.118966e-05
3579 7.808599e-04 1.117320e-05
3580 7.797237e-04 1.115676e-05
3581 7.785892e-04 1.114035e-05
3582 7.774564e-04 1.112397e-05
3583 7.763253e-04 1.110760e-05
3584 7.751958e-04 1.109127e-05
3585 7.740680e-04 1.107495e-05
3586 7.729418e-04 1.105866e-05
3587 7.718173e-04 1.104239e-05
3588 7.706944e-04 1.102615e-05
3589 7.695733e-04 1.100993e-05
3590 7.684537e-04 1.099374e-05
3591 7.673358e-04 1.097757e-05
3592 7.662196e-04 1.096142e-05
3593 7.651050e-04 1.094530e-05
3594 7.639920e-04 1.092920e-05
3595 7.628807e-04 1.091312e-05
3596 7.617710e-04 1.089707e-05
3597 7.606630e-04 1.088104e-05
3598 7.595565e-04 1.086503e-05
3599 7.584518e-04 1.084905e-05
3600 7.573486e-04 1.083309e-05
3601 7.562471e-04 1.081716e-05
3602 7.551471e-04 1.080125e-05
3603 7.540488e-04 1.078536e-05
3604 7.529522e-04 1.076950e-05
3605 7.518571e-04 1.075366e-05
3606 7.507637e-04 1.073784e-05
3607 7.496718e-04 1.072204e-05
3608 7.485816e-04 1.070627e-05
3609 7.474930e-04 1.069052e-05
3610 7.464059e-04 1.067480e-05
3611 7.453205e-04 1.065910e-05
3612 7.442367e-04 1.064342e-05
3613 7.431545e-04 1.062776e-05
3614 7.420738e-04 1.061213e-05
3615 7.409948e-04 1.059652e-05
3616 7.399173e-04 1.058093e-05
3617 7.388415e-04 1.056537e-05
3618 7.377672e-04 1.054983e-05
3619 7.366945e-04 1.053431e-05
3620 7.356234e-04 1.051882e-05
3621 7.345538e-04 1.050334e-05
3622 7.334859e-04 1.048789e-05
3623 7.324195e-04 1.047247e-05
3624 7.313547e-04 1.045706e-05
3625 7.302914e-04 1.044168e-05
3626 7.292297e-04 1.042632e-05
3627 7.281696e-04 1.041099e-05
3628 7.271110e-04 1.039567e-05
3629 7.260540e-04 1.038038e-05
3630 7.249986e-04 1.036511e-05
3631 7.239447e-04 1.034987e-05
3632 7.228924e-04 1.033464e-05
3633 7.218416e-04 1.031944e-05
3634 7.207923e-04 1.030426e-05
3635 7.197446e-04 1.028910e-05
3636 7.186985e-04 1.027397e-05
3637 7.176539e-04 1.025886e-05
3638 7.166108e-04 1.024377e-05
3639 7.155693e-04 1.022870e-05
3640 7.145292e-04 1.021365e-05
3641 7.134908e-04 1.019863e-05
3642 7.124538e-04 1.018363e-05
3643 7.114184e-04 1.016865e-05
3644 7.103845e-04 1.015369e-05
3645 7.093522e-04 1.013876e-05
3646 7.083213e-04 1.012384e-05
3647 7.072920e-04 1.010895e-05
3648 7.062642e-04 1.009408e-05
3649 7.052379e-04 1.007923e-05
3650 7.042131e-04 1.006441e-05
3651 7.031898e-04 1.004960e-05
3652 7.021681e-04 1.003482e-05
3653 7.011478e-04 1.002006e-05
3654 7.001290e-04 1.000532e-05
3655 6.991118e-04 9.990606e-06
3656 6.980960e-04 9.975911e-06
3657 6.970818e-04 9.961237e-06
3658 6.960690e-04 9.946585e-06
3659 6.950577e-04 9.931954e-06
3660 6.940479e-04 9.917345e-06
3661 6.930396e-04 9.902757e-06
3662 6.920328e-04 9.888191e-06
3663 6.910275e-04 9.873646e-06
3664 6.900236e-04 9.859123e-06
3665 6.890213e-04 9.844621e-06
3666 6.880204e-04 9.830140e-06
3667 6.870209e-04 9.815681e-06
3668 6.860230e-04 9.801243e-06
3669 6.850265e-04 9.786826e-06
3670 6.840315e-04 9.772430e-06
3671 6.830379e-04 9.758055e-06
3672 6.820459e-04 9.743702e-06
3673 6.810552e-04 9.729370e-06
3674 6.800661e-04 9.715059e-06
3675 6.790784e-04 9.700768e-06
3676 6.780921e-04 9.686499e-06
3677 6.771073e-04 9.672251e-06
3678 6.761240e-04 9.658024e-06
3679 6.751421e-04 9.643818e-06
3680 6.741616e-04 9.629632e-06
3681 6.731826e-04 9.615468e-06
3682 6.722051e-04 9.601324e-06
3683 6.712290e-04 9.587202e-06
3684 6.702543e-04 9.573099e-06
3685 6.692810e-04 9.559018e-06
3686 6.683092e-04 9.544958e-06
3687 6.673388e-04 9.530918e-06
3688 6.663699e-04 9.516898e-06
3689 6.654023e-04 9.502900e-06
3690 6.644362e-04 9.488922e-06
3691 6.634716e-04 9.474964e-06
3692 6.625083e-04 9.461027e-06
3693 6.615465e-04 9.447111e-06
3694 6.605861e-04 9.433215e-06
3695 6.596270e-04 9.419339e-06
3696 6.586695e-04 9.405484e-06
3697 6.577133e-04 9.391649e-06
3698 6.567585e-04 9.377835e-06
3699 6.558051e-04 9.364041e-06
3700 6.548532e-04 9.350267e-06
3701 6.539026e-04 9.336513e-06
3702 6.529535e-04 9.322780e-06
3703 6.520057e-04 9.309067e-06
3704 6.510593e-04 9.295374e-06
3705 6.501144e-04 9.281701e-06
3706 6.491708e-04 9.268048e-06
3707 6.482286e-04 9.254416e-06
3708 6.472878e-04 9.240803e-06
3709 6.463484e-04 9.227211e-06
3710 6.454104e-04 9.213638e-06
3711 6.444737e-04 9.200086e-06
3712 6.435385e-04 9.186553e-06
3713 6.426046e-04 9.173040e-06
3714 6.416721e-04 9.159547e-06
3715 6.407409e-04 9.146074e-06
3716 6.398112e-04 9.132621e-06
3717 6.388828e-04 9.119188e-06
3718 6.379557e-04 9.105774e-06
3719 6.370301e-04 9.092380e-06
3720 6.361058e-04 9.079006e-06
3721 6.351828e-04 9.065651e-06
3722 6.342613e-04 9.052316e-06
3723 6.333411e-04 9.039001e-06
3724 6.324222e-04 9.025706e-06
3725 6.315047e-04 9.012429e-06
3726 6.305885e-04 8.999173e-06
3727 6.296737e-04 8.985936e-06
3728 6.287603e-04 8.972718e-06
3729 6.278482e-04 8.959520e-06
3730 6.269374e-04 8.946341e-06
3731 6.260280e-04 8.933182e-06
3732 6.251199e-04 8.920042e-06
3733 6.242131e-04 8.906921e-06
3734 6.233077e-04 8.893819e-06
3735 6.224036e-04 8.880737e-06
3736 6.215009e-04 8.867674e-06
3737 6.205995e-04 8.854631e-06
3738 6.196994e-04 8.841606e-06
3739 6.188006e-04 8.828601e-06
3740 6.179032e-04 8.815615e-06
3741 6.170071e-04 8.802647e-06
3742 6.161123e-04 8.789699e-06
3743 6.152188e-04 8.776770e-06
3744 6.143267e-04 8.763860e-06
3745 6.134358e-04 8.750969e-06
3746 6.125463e-04 8.738097e-06
3747 6.116581e-04 8.725244e-06
3748 6.107712e-04 8.712410e-06
3749 6.098856e-04 8.699595e-06
3750 6.090013e-04 8.686798e-06
3751 6.081183e-04 8.674021e-06
3752 6.072366e-04 8.661262e-06
3753 6.063562e-04 8.648522e-06
3754 6.054771e-04 8.635800e-06
3755 6.045993e-04 8.623098e-06
3756 6.037228e-04 8.610414e-06
3757 6.028476e-04 8.597749e-06
3758 6.019737e-04 8.585102e-06
3759 6.011010e-04 8.572474e-06
3760 6.002297e-04 8.559864e-06
3761 5.993596e-04 8.547274e-06
3762 5.984908e-04 8.534701e-06
3763 5.976233e-04 8.522147e-06
3764 5.967571e-04 8.509612e-06
3765 5.958921e-04 8.497095e-06
3766 5.950285e-04 8.484596e-06
3767 5.941661e-04 8.472116e-06
3768 5.933049e-04 8.459654e-06
3769 5.924451e-04 8.447211e-06
3770 5.915865e-04 8.434785e-06
3771 5.907292e-04 8.422378e-06
3772 5.898731e-04 8.409990e-06
3773 5.890183e-04 8.397619e-06
3774 5.881648e-04 8.385267e-06
3775 5.873125e-04 8.372933e-06
3776 5.864614e-04 8.360617e-06
3777 5.856117e-04 8.348319e-06
3778 5.847631e-04 8.336039e-06
3779 5.839159e-04 8.323778e-06
3780 5.830699e-04 8.311534e-06
3781 5.822251e-04 8.299308e-06
3782 5.813816e-04 8.287101e-06
3783 5.805393e-04 8.274911e-06
3784 5.796982e-04 8.262739e-06
3785 5.788584e-04 8.250585e-06
3786 5.780199e-04 8.238449e-06
3787 5.771825e-04 8.226331e-06
3788 5.763464e-04 8.214231e-06
3789 5.755116e-04 8.202148e-06
3790 5.746779e-04 8.190084e-06
3791 5.738455e-04 8.178037e-06
3792 5.730143e-04 8.166007e-06
3793 5.721844e-04 8.153996e-06
3794 5.713557e-04 8.142002e-06
3795 5.705282e-04 8.130025e-06
3796 5.697019e-04 8.118067e-06
3797 5.688768e-04 8.106126e-06
3798 5.680530e-04 8.094202e-06
3799 5.672303e-04 8.082296e-06
3800 5.664089e-04 8.070408e-06
3801 5.655887e-04 8.058537e-06
3802 5.647697e-04 8.046683e-06
3803 5.639519e-04 8.034847e-06
3804 5.631353e-04 8.023029e-06
3805 5.623199e-04 8.011227e-06
3806 5.615057e-04 7.999443e-06
3807 5.606927e-04 7.987677e-06
3808 5.598809e-04 7.975927e-06
3809 5.590703e-04 7.964195e-06
3810 5.582609e-04 7.952481e-06
3811 5.574527e-04 7.940783e-06
3812 5.566457e-04 7.929103e-06
3813 5.558399e-04 7.917440e-06
3814 5.550353e-04 7.905794e-06
3815 5.542318e-04 7.894165e-06
3816 5.534296e-04 7.882553e-06
3817 5.526285e-04 7.870959e-06
3818 5.518286e-04 7.859381e-06
3819 5.510299e-04 7.847820e-06
3820 5.502323e-04 7.836277e-06
3821 5.494360e-04 7.824750e-06
3822 5.486408e-04 7.813241e-06
3823 5.478468e-04 7.801748e-06
3824 5.470539e-04 7.790272e-06
3825 5.462622e-04 7.778813e-06
3826 5.454717e-04 7.767371e-06
3827 5.446824e-04 7.755946e-06
3828 5.438942e-04 7.744538e-06
3829 5.431072e-04 7.733146e-06
3830 5.423213e-04 7.721771e-06
3831 5.415366e-04 7.710413e-06
3832 5.407531e-04 7.699071e-06
3833 5.399707e-04 7.687747e-06
3834 5.391894e-04 7.676439e-06
3835 5.384093e-04 7.665147e-06
3836 5.376304e-04 7.653872e-06
3837 5.368526e-04 7.642614e-06
3838 5.360760e-04 7.631372e-06
3839 5.353005e-04 7.620147e-06
3840 5.345261e-04 7.608938e-06
3841 5.337529e-04 7.597746e-06
3842 5.329809e-04 7.586570e-06
3843 5.322099e-04 7.575411e-06
3844 5.314401e-04 7.564268e-06
3845 5.306715e-04 7.553142e-06
3846 5.299040e-04 7.542032e-06
3847 5.291376e-04 7.530938e-06
3848 5.283723e-04 7.519860e-06
3849 5.276082e-04 7.508799e-06
3850 5.268452e-04 7.497754e-06
3851 5.260833e-04 7.486726e-06
3852 5.253225e-04 7.475713e-06
3853 5.245629e-04 7.464717e-06
3854 5.238044e-04 7.453737e-06
3855 5.230470e-04 7.442773e-06
3856 5.222907e-04 7.431825e-06
3857 5.215355e-04 7.420894e-06
3858 5.207815e-04 7.409978e-06
3859 5.200286e-04 7.399079e-06
3860 5.192767e-04 7.388195e-06
3861 5.185260e-04 7.377328e-06
3862 5.177764e-04 7.366476e-06
3863 5.170279e-04 7.355641e-06
3864 5.162805e-04 7.344821e-06
3865 5.155342e-04 7.334017e-06
3866 5.147890e-04 7.323230e-06
3867 5.140449e-04 7.312458e-06
3868 5.133019e-04 7.301702e-06
3869 5.125600e-04 7.290961e-06
3870 5.118192e-04 7.280237e-06
3871 5.110794e-04 7.269528e-06
3872 5.103408e-04 7.258835e-06
3873 5.096033e-04 7.248158e-06
3874 5.088668e-04 7.237496e-06
3875 5.081314e-04 7.226851e-06
3876 5.073972e-04 7.216221e-06
3877 5.066640e-04 7.205606e-06
3878 5.059319e-04 7.195007e-06
3879 5.052008e-04 7.184424e-06
3880 5.044709e-04 7.173856e-06
3881 5.037420e-04 7.163304e-06
3882 5.030142e-04 7.152767e-06
3883 5.022874e-04 7.142246e-06
3884 5.015618e-04 7.131740e-06
3885 5.008372e-04 7.121250e-06
3886 5.001137e-04 7.110775e-06
3887 4.993912e-04 7.100316e-06
3888 4.986698e-04 7.089872e-06
3889 4.979495e-04 7.079443e-06
3890 4.972302e-04 7.069030e-06
3891 4.965120e-04 7.058632e-06
3892 4.957949e-04 7.048249e-06
3893 4.950788e-04 7.037881e-06
3894 4.943638e-04 7.027529e-06
3895 4.936498e-04 7.017192e-06
3896 4.929369e-04 7.006870e-06
3897 4.922250e-04 6.996564e-06
3898 4.915142e-04 6.986272e-06
3899 4.908044e-04 6.975996e-06
3900 4.900957e-04 6.965735e-06
3901 4.893880e-04 6.955489e-06
3902 4.886814e-04 6.945258e-06
3903 4.879758e-04 6.935042e-06
3904 4.872712e-04 6.924841e-06
3905 4.865677e-04 6.914655e-06
3906 4.858653e-04 6.904484e-06
3907 4.851638e-04 6.894328e-06
3908 4.844634e-04 6.884187e-06
3909 4.837641e-04 6.874061e-06
3910 4.830657e-04 6.863950e-06
3911 4.823684e-04 6.853853e-06
3912 4.816721e-04 6.843772e-06
3913 4.809769e-04 6.833705e-06
3914 4.802827e-04 6.823653e-06
3915 4.795895e-04 6.813616e-06
3916 4.788973e-04 6.803594e-06
3917 4.782061e-04 6.793586e-06
3918 4.775160e-04 6.783593e-06
3919 4.768269e-04 6.773615e-06
3920 4.761388e-04 6.763652e-06
3921 4.754517e-04 6.753703e-06
3922 4.747656e-04 6.743769e-06
3923 4.740806e-04 6.733849e-06
3924 4.733965e-04 6.723944e-06
3925 4.727135e-04 6.714054e-06
3926 4.720314e-04 6.704178e-06
3927 4.713504e-04 6.694317e-06
3928 4.706704e-04 6.684470e-06
3929 4.699914e-04 6.674637e-06
3930 4.693134e-04 6.664819e-06
3931 4.686364e-04 6.655016e-06
3932 4.679603e-04 6.645227e-06
3933 4.672853e-04 6.635452e-06
3934 4.666113e-04 6.625692e-06
3935 4.659383e-04 6.615946e-06
3936 4.652662e-04 6.606215e-06
3937 4.645952e-04 6.596497e-06
3938 4.639251e-04 6.586794e-06
3939 4.632561e-04 6.577106e-06
3940 4.625880e-04 6.567431e-06
3941 4.619209e-04 6.557771e-06
3942 4.612548e-04 6.548125e-06
3943 4.605897e-04 6.538493e-06
3944 4.599256e-04 6.528876e-06
3945 4.592624e-04 6.519272e-06
3946 4.586002e-04 6.509683e-06
3947 4.579390e-04 6.500108e-06
3948 4.572788e-04 6.490546e-06
3949 4.566195e-04 6.480999e-06
3950 4.559612e-04 6.471466e-06
3951 4.553039e-04 6.461947e-06
3952 4.546476e-04 6.452442e-06
3953 4.539922e-04 6.442951e-06
3954 4.533378e-04 6.433474e-06
3955 4.526844e-04 6.424011e-06
3956 4.520319e-04 6.414561e-06
3957 4.513804e-04 6.405126e-06
3958 4.507299e-04 6.395705e-06
3959 4.500803e-04 6.386297e-06
3960 4.494316e-04 6.376903e-06
3961 4.487840e-04 6.367523e-06
3962 4.481373e-04 6.358157e-06
3963 4.474915e-04 6.348805e-06
3964 4.468467e-04 6.339466e-06
3965 4.462028e-04 6.330141e-06
3966 4.455599e-04 6.320830e-06
3967 4.449180e-04 6.311533e-06
3968 4.442770e-04 6.302249e-06
3969 4.436369e-04 6.292979e-06
3970 4.429978e-04 6.283722e-06
3971 4.423596e-04 6.274479e-06
3972 4.417224e-04 6.265250e-06
3973 4.410861e-04 6.256034e-06
3974 4.404507e-04 6.246832e-06
3975 4.398163e-04 6.237644e-06
3976 4.391828e-04 6.228468e-06
3977 4.385503e-04 6.219307e-06
3978 4.379187e-04 6.210159e-06
3979 4.372880e-04 6.201024e-06
3980 4.366583e-04 6.191903e-06
3981 4.360294e-04 6.182795e-06
3982 4.354016e-04 6.173700e-06
3983 4.347746e-04 6.164619e-06
3984 4.341486e-04 6.155552e-06
3985 4.335235e-04 6.146497e-06
3986 4.328993e-04 6.137456e-06
3987 4.322760e-04 6.128429e-06
3988 4.316537e-04 6.119414e-06
3989 4.310322e-04 6.110413e-06
3990 4.304117e-04 6.101425e-06
3991 4.297921e-04 6.092450e-06
3992 4.291735e-04 6.083489e-06
3993 4.285557e-04 6.074540e-06
3994 4.279388e-04 6.065605e-06
3995 4.273229e-04 6.056683e-06
3996 4.267079e-04 6.047774e-06
3997 4.260937e-04 6.038878e-06
3998 4.254805e-04 6.029996e-06
3999 4.248682e-04 6.021126e-06
4000 4.242568e-04 6.012269e-06
4001 4.236463e-04 6.003426e-06
4002 4.230367e-04 5.994595e-06
4003 4.224280e-04 5.985777e-06
4004 4.218202e-04 5.976973e-06
4005 4.212133e-04 5.968181e-06
4006 4.206073e-04 5.959402e-06
4007 4.200022e-04 5.950637e-06
4008 4.193979e-04 5.941884e-06
4009 4.187946e-04 5.933143e-06
4010 4.181922e-04 5.924416e-06
4011 4.175906e-04 5.915702e-06
4012 4.169900e-04 5.907000e-06
4013 4.163902e-04 5.898312e-06
4014 4.157913e-04 5.889636e-06
4015 4.151933e-04 5.880972e-06
4016 4.145962e-04 5.872322e-06
4017 4.140000e-04 5.863684e-06
4018 4.134046e-04 5.855059e-06
4019 4.128101e-04 5.846447e-06
4020 4.122165e-04 5.837847e-06
4021 4.116238e-04 5.829260e-06
4022 4.110320e-04 5.820686e-06
4023 4.104410e-04 5.812124e-06
4024 4.098509e-04 5.803575e-06
4025 4.092617e-04 5.795038e-06
4026 4.086733e-04 5.786514e-06
4027 4.080858e-04 5.778002e-06
4028 4.074992e-04 5.769503e-06
4029 4.069134e-04 5.761017e-06
4030 4.063285e-04 5.752543e-06
4031 4.057445e-04 5.744081e-06
4032 4.051614e-04 5.735632e-06
4033 4.045791e-04 5.727195e-06
4034 4.039976e-04 5.718771e-06
4035 4.034170e-04 5.710359e-06
4036 4.028373e-04 5.701960e-06
4037 4.022584e-04 5.693573e-06
4038 4.016804e-04 5.685198e-06
4039 4.011033e-04 5.676835e-06
4040 4.005270e-04 5.668485e-06
4041 3.999515e-04 5.660147e-06
4042 3.993769e-04 5.651822e-06
4043 3.988032e-04 5.643508e-06
4044 3.982302e-04 5.635207e-06
4045 3.976582e-04 5.626918e-06
4046 3.970870e-04 5.618641e-06
4047 3.965166e-04 5.610377e-06
4048 3.959471e-04 5.602124e-06
4049 3.953784e-04 5.593884e-06
4050 3.948105e-04 5.585656e-06
4051 3.942435e-04 5.577440e-06
4052 3.936774e-04 5.569236e-06
4053 3.931120e-04 5.561044e-06
4054 3.925475e-04 5.552864e-06
4055 3.919839e-04 5.544696e-06
4056 3.914210e-04 5.536540e-06
4057 3.908590e-04 5.528396e-06
4058 3.902979e-04 5.520264e-06
4059 3.897375e-04 5.512144e-06
4060 3.891780e-04 5.504036e-06
4061 3.886193e-04 5.495940e-06
4062 3.880615e-04 5.487856e-06
4063 3.875044e-04 5.479784e-06
4064 3.869482e-04 5.471724e-06
4065 3.863928e-04 5.463675e-06
4066 3.858382e-04 5.455639e-06
4067 3.852845e-04 5.447614e-06
4068 3.847316e-04 5.439601e-06
4069 3.841795e-04 5.431599e-06
4070 3.836282e-04 5.423610e-06
4071 3.830777e-04 5.415632e-06
4072 3.825280e-04 5.407666e-06
4073 3.819791e-04 5.399712e-06
4074 3.814311e-04 5.391769e-06
4075 3.808839e-04 5.383838e-06
4076 3.803374e-04 5.375919e-06
4077 3.797918e-04 5.368012e-06
4078 3.792470e-04 5.360116e-06
4079 3.787030e-04 5.352231e-06
4080 3.781598e-04 5.344359e-06
4081 3.776174e-04 5.336498e-06
4082 3.770758e-04 5.328648e-06
4083 3.765350e-04 5.320810e-06
4084 3.759950e-04 5.312983e-06
4085 3.754558e-04 5.305168e-06
4086 3.749174e-04 5.297365e-06
4087 3.743798e-04 5.289573e-06
4088 3.738430e-04 5.281792e-06
4089 3.733069e-04 5.274023e-06
4090 3.727717e-04 5.266265e-06
4091 3.722373e-04 5.258519e-06
4092 3.717036e-04 5.250784e-06
4093 3.711708e-04 5.243061e-06
4094 3.706387e-04 5.235349e-06
4095 3.701074e-04 5.227648e-06
4096 3.695769e-04 5.219958e-06
4097 3.690472e-04 5.212280e-06
4098 3.685183e-04 5.204613e-06
4099 3.679901e-04 5.196958e-06
4100 3.674628e-04 5.189313e-06
4101 3.669362e-04 5.181680e-06
4102 3.664104e-04 5.174058e-06
4103 3.658853e-04 5.166448e-06
4104 3.653611e-04 5.158848e-06
4105 3.648376e-04 5.151260e-06
4106 3.643149e-04 5.143683e-06
4107 3.637930e-04 5.136117e-06
4108 3.632718e-04 5.128562e-06
4109 3.627514e-04 5.121018e-06
4110 3.622318e-04 5.113486e-06
4111 3.617130e-04 5.105964e-06
4112 3.611949e-04 5.098454e-06
4113 3.606776e-04 5.090954e-06
4114 3.601610e-04 5.083466e-06
4115 3.596452e-04 5.075988e-06
4116 3.591302e-04 5.068522e-06
4117 3.586159e-04 5.061066e-06
4118 3.581024e-04 5.053622e-06
4119 3.575897e-04 5.046189e-06
4120 3.570777e-04 5.038766e-06
4121 3.565665e-04 5.031354e-06
4122 3.560560e-04 5.023954e-06
4123 3.555463e-04 5.016564e-06
4124 3.550373e-04 5.009185e-06
4125 3.545291e-04 5.001817e-06
4126 3.540216e-04 4.994459e-06
4127 3.535149e-04 4.987113e-06
4128 3.530090e-04 4.979777e-06
4129 3.525038e-04 4.972452e-06
4130 3.519993e-04 4.965138e-06
4131 3.514956e-04 4.957835e-06
4132 3.509926e-04 4.950542e-06
4133 3.504904e-04 4.943260e-06
4134 3.499889e-04 4.935989e-06
4135 3.494881e-04 4.928729e-06
4136 3.489881e-04 4.921479e-06
4137 3.484889e-04 4.914240e-06
4138 3.479903e-04 4.907011e-06
4139 3.474926e-04 4.899793e-06
4140 3.469955e-04 4.892586e-06
4141 3.464992e-04 4.885389e-06
4142 3.460036e-04 4.878203e-06
4143 3.455088e-04 4.871028e-06
4144 3.450147e-04 4.863863e-06
4145 3.445213e-04 4.856709e-06
4146 3.440286e-04 4.849565e-06
4147 3.435367e-04 4.842431e-06
4148 3.430455e-04 4.835309e-06
4149 3.425550e-04 4.828196e-06
4150 3.420653e-04 4.821094e-06
4151 3.415763e-04 4.814003e-06
4152 3.410880e-04 4.806922e-06
4153 3.406004e-04 4.799851e-06
4154 3.401135e-04 4.792791e-06
4155 3.396274e-04 4.785741e-06
4156 3.391420e-04 4.778702e-06
4157 3.386573e-04 4.771673e-06
4158 3.381733e-04 4.764654e-06
4159 3.376901e-04 4.757645e-06
4160 3.372075e-04 4.750647e-06
4161 3.367257e-04 4.743659e-06
4162 3.362446e-04 4.736682e-06
4163 3.357642e-04 4.729714e-06
4164 3.352845e-04 4.722757e-06
4165 3.348055e-04 4.715811e-06
4166 3.343272e-04 4.708874e-06
4167 3.338496e-04 4.701948e-06
4168 3.333728e-04 4.695031e-06
4169 3.328966e-04 4.688125e-06
4170 3.324212e-04 4.681229e-06
4171 3.319464e-04 4.674344e-06
4172 3.314724e-04 4.667468e-06
4173 3.309990e-04 4.660603e-06
4174 3.305264e-04 4.653747e-06
4175 3.300545e-04 4.646902e-06
4176 3.295832e-04 4.640067e-06
4177 3.291127e-04 4.633241e-06
4178 3.286428e-04 4.626426e-06
4179 3.281737e-04 4.619621e-06
4180 3.277052e-04 4.612826e-06
4181 3.272374e-04 4.606041e-06
4182 3.267704e-04 4.599266e-06
4183 3.263040e-04 4.592501e-06
4184 3.258383e-04 4.585745e-06
4185 3.253733e-04 4.579000e-06
4186 3.249090e-04 4.572265e-06
4187 3.244454e-04 4.565539e-06
4188 3.239824e-04 4.558824e-06
4189 3.235202e-04 4.552118e-06
4190 3.230586e-04 4.545422e-06
4191 3.225977e-04 4.538736e-06
4192 3.221375e-04 4.532060e-06
4193 3.216780e-04 4.525394e-06
4194 3.212191e-04 4.518737e-06
4195 3.207610e-04 4.512090e-06
4196 3.203035e-04 4.505453e-06
4197 3.198467e-04 4.498826e-06
4198 3.193906e-04 4.492209e-06
4199 3.189351e-04 4.485601e-06
4200 3.184803e-04 4.479003e-06
4201 3.180262e-04 4.472415e-06
4202 3.175728e-04 4.465836e-06
4203 3.171200e-04 4.459267e-06
4204 3.166680e-04 4.452708e-06
4205 3.162165e-04 4.446158e-06
4206 3.157658e-04 4.439618e-06
4207 3.153157e-04 4.433088e-06
4208 3.148663e-04 4.426567e-06
4209 3.144175e-04 4.420056e-06
4210 3.139694e-04 4.413555e-06
4211 3.135220e-04 4.407063e-06
4212 3.130753e-04 4.400580e-06
4213 3.126292e-04 4.394107e-06
4214 3.121837e-04 4.387644e-06
4215 3.117389e-04 4.381190e-06
4216 3.112948e-04 4.374746e-06
4217 3.108514e-04 4.368311e-06
4218 3.104086e-04 4.361885e-06
4219 3.099664e-04 4.355469e-06
4220 3.095249e-04 4.349063e-06
4221 3.090841e-04 4.342665e-06
4222 3.086439e-04 4.336278e-06
4223 3.082044e-04 4.329899e-06
4224 3.077655e-04 4.323530e-06
4225 3.073273e-04 4.317171e-06
4226 3.068897e-04 4.310821e-06
4227 3.064527e-04 4.304480e-06
4228 3.060165e-04 4.298148e-06
4229 3.055808e-04 4.291826e-06
4230 3.051458e-04 4.285513e-06
4231 3.047115e-04 4.279209e-06
4232 3.042778e-04 4.272915e-06
4233 3.038447e-04 4.266630e-06
4234 3.034123e-04 4.260354e-06
4235 3.029805e-04 4.254087e-06
4236 3.025494e-04 4.247830e-06
4237 3.021189e-04 4.241581e-06
4238 3.016890e-04 4.235342e-06
4239 3.012598e-04 4.229112e-06
4240 3.008312e-04 4.222892e-06
4241 3.004032e-04 4.216680e-06
4242 2.999759e-04 4.210478e-06
4243 2.995492e-04 4.204284e-06
4244 2.991232e-04 4.198100e-06
4245 2.986977e-04 4.191925e-06
4246 2.982729e-04 4.185759e-06
4247 2.978488e-04 4.179602e-06
4248 2.974253e-04 4.173454e-06
4249 2.970023e-04 4.167316e-06
4250 2.965801e-04 4.161186e-06
4251 2.961584e-04 4.155065e-06
4252 2.957374e-04 4.148953e-06
4253 2.953170e-04 4.142850e-06
4254 2.948972e-04 4.136756e-06
4255 2.944781e-04 4.130672e-06
4256 2.940595e-04 4.124596e-06
4257 2.936416e-04 4.118529e-06
4258 2.932243e-04 4.112471e-06
4259 2.928076e-04 4.106422e-06
4260 2.923916e-04 4.100381e-06
4261 2.919761e-04 4.094350e-06
4262 2.915613e-04 4.088327e-06
4263 2.911471e-04 4.082314e-06
4264 2.907335e-04 4.076309e-06
4265 2.903205e-04 4.070313e-06
4266 2.899081e-04 4.064326e-06
4267 2.894964e-04 4.058348e-06
4268 2.890852e-04 4.052378e-06
4269 2.886747e-04 4.046417e-06
4270 2.882648e-04 4.040465e-06
4271 2.878555e-04 4.034522e-06
4272 2.874467e-04 4.028588e-06
4273 2.870386e-04 4.022662e-06
4274 2.866311e-04 4.016745e-06
4275 2.862242e-04 4.010837e-06
4276 2.858179e-04 4.004937e-06
4277 2.854122e-04 3.999046e-06
4278 2.850072e-04 3.993164e-06
4279 2.846027e-04 3.987290e-06
4280 2.841988e-04 3.981425e-06
4281 2.837955e-04 3.975569e-06
4282 2.833928e-04 3.969721e-06
4283 2.829907e-04 3.963882e-06
4284 2.825892e-04 3.958051e-06
4285 2.821883e-04 3.952229e-06
4286 2.817880e-04 3.946416e-06
4287 2.813883e-04 3.940611e-06
4288 2.809892e-04 3.934814e-06
4289 2.805906e-04 3.929027e-06
4290 2.801927e-04 3.923247e-06
4291 2.797954e-04 3.917477e-06
4292 2.793986e-04 3.911714e-06
4293 2.790024e-04 3.905960e-06
4294 2.786069e-04 3.900215e-06
4295 2.782119e-04 3.894478e-06
4296 2.778175e-04 3.888750e-06
4297 2.774236e-04 3.883029e-06
4298 2.770304e-04 3.877318e-06
4299 2.766378e-04 3.871615e-06
4300 2.762457e-04 3.865920e-06
4301 2.758542e-04 3.860233e-06
4302 2.754633e-04 3.854555e-06
4303 2.750730e-04 3.848885e-06
4304 2.746832e-04 3.843224e-06
4305 2.742941e-04 3.837571e-06
4306 2.739055e-04 3.831926e-06
4307 2.735175e-04 3.826290e-06
4308 2.731300e-04 3.820661e-06
4309 2.727432e-04 3.815041e-06
4310 2.723569e-04 3.809430e-06
4311 2.719712e-04 3.803826e-06
4312 2.715860e-04 3.798231e-06
4313 2.712015e-04 3.792644e-06
4314 2.708175e-04 3.787066e-06
4315 2.704340e-04 3.781495e-06
4316 2.700512e-04 3.775933e-06
4317 2.696689e-04 3.770379e-06
4318 2.692872e-04 3.764833e-06
4319 2.689060e-04 3.759295e-06
4320 2.685254e-04 3.753765e-06
4321 2.681454e-04 3.748244e-06
4322 2.677659e-04 3.742731e-06
4323 2.673870e-04 3.737225e-06
4324 2.670087e-04 3.731728e-06
4325 2.666309e-04 3.726239e-06
4326 2.662537e-04 3.720758e-06
4327 2.658771e-04 3.715285e-06
4328 2.655010e-04 3.709820e-06
4329 2.651255e-04 3.704363e-06
4330 2.647505e-04 3.698914e-06
4331 2.643761e-04 3.693474e-06
4332 2.640022e-04 3.688041e-06
4333 2.636289e-04 3.682616e-06
4334 2.632561e-04 3.677199e-06
4335 2.628839e-04 3.671790e-06
4336 2.625123e-04 3.666389e-06
4337 2.621412e-04 3.660996e-06
4338 2.617707e-04 3.655611e-06
4339 2.614007e-04 3.650234e-06
4340 2.610312e-04 3.644865e-06
4341 2.606624e-04 3.639503e-06
4342 2.602940e-04 3.634150e-06
4343 2.599262e-04 3.628804e-06
4344 2.595590e-04 3.623467e-06
4345 2.591923e-04 3.618137e-06
4346 2.588261e-04 3.612815e-06
4347 2.584605e-04 3.607501e-06
4348 2.580954e-04 3.602194e-06
4349 2.577309e-04 3.596896e-06
4350 2.573669e-04 3.591605e-06
4351 2.570035e-04 3.586322e-06
4352 2.566406e-04 3.581047e-06
4353 2.562782e-04 3.575779e-06
4354 2.559164e-04 3.570520e-06
4355 2.555551e-04 3.565268e-06
4356 2.551943e-04 3.560023e-06
4357 2.548341e-04 3.554787e-06
4358 2.544744e-04 3.549558e-06
4359 2.541153e-04 3.544337e-06
4360 2.537567e-04 3.539123e-06
4361 2.533986e-04 3.533918e-06
4362 2.530411e-04 3.528720e-06
4363 2.526840e-04 3.523529e-06
4364 2.523276e-04 3.518346e-06
4365 2.519716e-04 3.513171e-06
4366 2.516162e-04 3.508003e-06
4367 2.512613e-04 3.502843e-06
4368 2.509069e-04 3.497691e-06
4369 2.505531e-04 3.492546e-06
4370 2.501998e-04 3.487409e-06
4371 2.498470e-04 3.482279e-06
4372 2.494947e-04 3.477157e-06
4373 2.491430e-04 3.472042e-06
4374 2.487918e-04 3.466935e-06
4375 2.484411e-04 3.461836e-06
4376 2.480909e-04 3.456743e-06
4377 2.477412e-04 3.451659e-06
4378 2.473921e-04 3.446582e-06
4379 2.470435e-04 3.441512e-06
4380 2.466954e-04 3.436450e-06
4381 2.463478e-04 3.431395e-06
4382 2.460008e-04 3.426348e-06
4383 2.456542e-04 3.421308e-06
4384 2.453082e-04 3.416275e-06
4385 2.449627e-04 3.411250e-06
4386 2.446177e-04 3.406233e-06
4387 2.442732e-04 3.401222e-06
4388 2.439292e-04 3.396219e-06
4389 2.435858e-04 3.391224e-06
4390 2.432428e-04 3.386235e-06
4391 2.429004e-04 3.381255e-06
4392 2.425585e-04 3.376281e-06
4393 2.422170e-04 3.371315e-06
4394 2.418761e-04 3.366356e-06
4395 2.415357e-04 3.361404e-06
4396 2.411958e-04 3.356460e-06
4397 2.408564e-04 3.351523e-06
4398 2.405176e-04 3.346593e-06
4399 2.401792e-04 3.341670e-06
4400 2.398413e-04 3.336755e-06
4401 2.395039e-04 3.331847e-06
4402 2.391670e-04 3.326946e-06
4403 2.388307e-04 3.322052e-06
4404 2.384948e-04 3.317166e-06
4405 2.381594e-04 3.312286e-06
4406 2.378246e-04 3.307414e-06
4407 2.374902e-04 3.302549e-06
4408 2.371563e-04 3.297691e-06
4409 2.368229e-04 3.292841e-06
4410 2.364901e-04 3.287997e-06
4411 2.361577e-04 3.283161e-06
4412 2.358258e-04 3.278332e-06
4413 2.354944e-04 3.273509e-06
4414 2.351635e-04 3.268694e-06
4415 2.348331e-04 3.263886e-06
4416 2.345032e-04 3.259085e-06
4417 2.341737e-04 3.254292e-06
4418 2.338448e-04 3.249505e-06
4419 2.335164e-04 3.244725e-06
4420 2.331884e-04 3.239952e-06
4421 2.328609e-04 3.235186e-06
4422 2.325339e-04 3.230428e-06
4423 2.322075e-04 3.225676e-06
4424 2.318814e-04 3.220931e-06
4425 2.315559e-04 3.216194e-06
4426 2.312309e-04 3.211463e-06
4427 2.309063e-04 3.206739e-06
4428 2.305823e-04 3.202022e-06
4429 2.302587e-04 3.197312e-06
4430 2.299356e-04 3.192609e-06
4431 2.296130e-04 3.187913e-06
4432 2.292908e-04 3.183224e-06
4433 2.289692e-04 3.178542e-06
4434 2.286480e-04 3.173866e-06
4435 2.283273e-04 3.169198e-06
4436 2.280071e-04 3.164536e-06
4437 2.276873e-04 3.159881e-06
4438 2.273680e-04 3.155233e-06
4439 2.270493e-04 3.150592e-06
4440 2.267309e-04 3.145958e-06
4441 2.264131e-04 3.141330e-06
4442 2.260957e-04 3.136710e-06
4443 2.257788e-04 3.132096e-06
4444 2.254624e-04 3.127489e-06
4445 2.251464e-04 3.122888e-06
4446 2.248310e-04 3.118295e-06
4447 2.245159e-04 3.113708e-06
4448 2.242014e-04 3.109128e-06
4449 2.238873e-04 3.104555e-06
4450 2.235737e-04 3.099988e-06
4451 2.232606e-04 3.095428e-06
4452 2.229479e-04 3.090875e-06
4453 2.226357e-04 3.086329e-06
4454 2.223240e-04 3.081789e-06
4455 2.220127e-04 3.077256e-06
4456 2.217019e-04 3.072729e-06
4457 2.213916e-04 3.068210e-06
4458 2.210817e-04 3.063697e-06
4459 2.207723e-04 3.059190e-06
4460 2.204633e-04 3.054690e-06
4461 2.201548e-04 3.050197e-06
4462 2.198468e-04 3.045710e-06
4463 2.195392e-04 3.041230e-06
4464 2.192321e-04 3.036757e-06
4465 2.189254e-04 3.032290e-06
4466 2.186192e-04 3.027830e-06
4467 2.183135e-04 3.023376e-06
4468 2.180082e-04 3.018929e-06
4469 2.177033e-04 3.014488e-06
4470 2.173990e-04 3.010054e-06
4471 2.170950e-04 3.005627e-06
4472 2.167916e-04 3.001206e-06
4473 2.164885e-04 2.996791e-06
4474 2.161860e-04 2.992383e-06
4475 2.158839e-04 2.987982e-06
4476 2.155822e-04 2.983586e-06
4477 2.152810e-04 2.979198e-06
4478 2.149802e-04 2.974816e-06
4479 2.146799e-04 2.970440e-06
4480 2.143800e-04 2.966071e-06
4481 2.140806e-04 2.961708e-06
4482 2.137817e-04 2.957351e-06
4483 2.134831e-04 2.953001e-06
4484 2.131851e-04 2.948658e-06
4485 2.128874e-04 2.944320e-06
4486 2.125902e-04 2.939989e-06
4487 2.122935e-04 2.935665e-06
4488 2.119972e-04 2.931347e-06
4489 2.117013e-04 2.927035e-06
4490 2.114059e-04 2.922730e-06
4491 2.111109e-04 2.918430e-06
4492 2.108164e-04 2.914138e-06
4493 2.105223e-04 2.909851e-06
4494 2.102286e-04 2.905571e-06
4495 2.099354e-04 2.901297e-06
4496 2.096426e-04 2.897030e-06
4497 2.093503e-04 2.892768e-06
4498 2.090584e-04 2.888513e-06
4499 2.087669e-04 2.884264e-06
4500 2.084759e-04 2.880022e-06
4501 2.081853e-04 2.875786e-06
4502 2.078951e-04 2.871555e-06
4503 2.076054e-04 2.867332e-06
4504 2.073161e-04 2.863114e-06
4505 2.070272e-04 2.858903e-06
4506 2.067388e-04 2.854697e-06
4507 2.064508e-04 2.850498e-06
4508 2.061632e-04 2.846305e-06
4509 2.058761e-04 2.842119e-06
4510 2.055894e-04 2.837938e-06
4511 2.053031e-04 2.833764e-06
4512 2.050172e-04 2.829595e-06
4513 2.047318e-04 2.825433e-06
4514 2.044468e-04 2.821277e-06
4515 2.041622e-04 2.817127e-06
4516 2.038781e-04 2.812984e-06
4517 2.035944e-04 2.808846e-06
4518 2.033111e-04 2.804714e-06
4519 2.030282e-04 2.800589e-06
4520 2.027457e-04 2.796469e-06
4521 2.024637e-04 2.792356e-06
4522 2.021821e-04 2.788249e-06
4523 2.019009e-04 2.784147e-06
4524 2.016201e-04 2.780052e-06
4525 2.013398e-04 2.775963e-06
4526 2.010598e-04 2.771880e-06
4527 2.007803e-04 2.767802e-06
4528 2.005012e-04 2.763731e-06
4529 2.002226e-04 2.759666e-06
4530 1.999443e-04 2.755607e-06
4531 1.996665e-04 2.751553e-06
4532 1.993890e-04 2.747506e-06
4533 1.991120e-04 2.743465e-06
4534 1.988354e-04 2.739429e-06
4535 1.985593e-04 2.735400e-06
4536 1.982835e-04 2.731376e-06
4537 1.980081e-04 2.727358e-06
4538 1.977332e-04 2.723347e-06
4539 1.974587e-04 2.719341e-06
4540 1.971845e-04 2.715341e-06
4541 1.969108e-04 2.711347e-06
4542 1.966375e-04 2.707359e-06
4543 1.963646e-04 2.703376e-06
4544 1.960921e-04 2.699400e-06
4545 1.958201e-04 2.695429e-06
4546 1.955484e-04 2.691464e-06
4547 1.952771e-04 2.687506e-06
4548 1.950063e-04 2.683552e-06
4549 1.947358e-04 2.679605e-06
4550 1.944658e-04 2.675664e-06
4551 1.941962e-04 2.671728e-06
4552 1.939269e-04 2.667798e-06
4553 1.936581e-04 2.663874e-06
4554 1.933897e-04 2.659955e-06
4555 1.931216e-04 2.656043e-06
4556 1.928540e-04 2.652136e-06
4557 1.925868e-04 2.648235e-06
4558 1.923200e-04 2.644340e-06
4559 1.920535e-04 2.640450e-06
4560 1.917875e-04 2.636566e-06
4561 1.915219e-04 2.632688e-06
4562 1.912566e-04 2.628815e-06
4563 1.909918e-04 2.624949e-06
4564 1.907274e-04 2.621087e-06
4565 1.904633e-04 2.617232e-06
4566 1.901997e-04 2.613382e-06
4567 1.899364e-04 2.609538e-06
4568 1.896736e-04 2.605700e-06
4569 1.894111e-04 2.601867e-06
4570 1.891491e-04 2.598040e-06
4571 1.888874e-04 2.594218e-06
4572 1.886261e-04 2.590402e-06
4573 1.883652e-04 2.586592e-06
4574 1.881047e-04 2.582787e-06
4575 1.878446e-04 2.578988e-06
4576 1.875849e-04 2.575195e-06
4577 1.873256e-04 2.571407e-06
4578 1.870666e-04 2.567625e-06
4579 1.868081e-04 2.563848e-06
4580 1.865499e-04 2.560077e-06
4581 1.862922e-04 2.556311e-06
4582 1.860348e-04 2.552551e-06
4583 1.857778e-04 2.548796e-06
4584 1.855212e-04 2.545047e-06
4585 1.852649e-04 2.541303e-06
4586 1.850091e-04 2.537565e-06
4587 1.847536e-04 2.533833e-06
4588 1.844985e-04 2.530106e-06
4589 1.842438e-04 2.526384e-06
4590 1.839895e-04 2.522668e-06
4591 1.837356e-04 2.518957e-06
4592 1.834820e-04 2.515252e-06
4593 1.832289e-04 2.511552e-06
4594 1.829761e-04 2.507858e-06
4595 1.827237e-04 2.504169e-06
4596 1.824716e-04 2.500486e-06
4597 1.822200e-04 2.496808e-06
4598 1.819687e-04 2.493135e-06
4599 1.817178e-04 2.489468e-06
4600 1.814673e-04 2.485806e-06
4601 1.812171e-04 2.482150e-06
4602 1.809674e-04 2.478499e-06
4603 1.807180e-04 2.474853e-06
4604 1.804689e-04 2.471213e-06
4605 1.802203e-04 2.467578e-06
4606 1.799720e-04 2.463948e-06
4607 1.797241e-04 2.460324e-06
4608 1.794766e-04 2.456705e-06
4609 1.792294e-04 2.453091e-06
4610 1.789826e-04 2.449483e-06
4611 1.787362e-04 2.445880e-06
4612 1.784902e-04 2.442282e-06
4613 1.782445e-04 2.438690e-06
4614 1.779992e-04 2.435103e-06
4615 1.777543e-04 2.431521e-06
4616 1.775097e-04 2.427944e-06
4617 1.772655e-04 2.424373e-06
4618 1.770217e-04 2.420807e-06
4619 1.767782e-04 2.417246e-06
4620 1.765351e-04 2.413690e-06
4621 1.762924e-04 2.410140e-06
4622 1.760500e-04 2.406595e-06
4623 1.758080e-04 2.403055e-06
4624 1.755663e-04 2.399520e-06
4625 1.753251e-04 2.395991e-06
4626 1.750842e-04 2.392466e-06
4627 1.748436e-04 2.388947e-06
4628 1.746034e-04 2.385433e-06
4629 1.743636e-04 2.381924e-06
4630 1.741241e-04 2.378421e-06
4631 1.738850e-04 2.374922e-06
4632 1.736462e-04 2.371429e-06
4633 1.734079e-04 2.367941e-06
4634 1.731698e-04 2.364458e-06
4635 1.729321e-04 2.360980e-06
4636 1.726948e-04 2.357507e-06
4637 1.724579e-04 2.354039e-06
4638 1.722213e-04 2.350577e-06
4639 1.719850e-04 2.347119e-06
4640 1.717491e-04 2.343667e-06
4641 1.715136e-04 2.340219e-06
4642 1.712784e-04 2.336777e-06
4643 1.710436e-04 2.333340e-06
4644 1.708091e-04 2.329908e-06
4645 1.705750e-04 2.326480e-06
4646 1.703412e-04 2.323058e-06
4647 1.701078e-04 2.319641e-06
4648 1.698747e-04 2.316229e-06
4649 1.696420e-04 2.312822e-06
4650 1.694097e-04 2.309420e-06
4651 1.691776e-04 2.306023e-06
4652 1.689460e-04 2.302631e-06
4653 1.687147e-04 2.299244e-06
4654 1.684837e-04 2.295862e-06
4655 1.682531e-04 2.292485e-06
4656 1.680228e-04 2.289113e-06
4657 1.677929e-04 2.285746e-06
4658 1.675633e-04 2.282384e-06
4659 1.673341e-04 2.279027e-06
4660 1.671052e-04 2.275674e-06
4661 1.668766e-04 2.272327e-06
4662 1.666484e-04 2.268985e-06
4663 1.664206e-04 2.265647e-06
4664 1.661931e-04 2.262315e-06
4665 1.659659e-04 2.258987e-06
4666 1.657391e-04 2.255664e-06
4667 1.655126e-04 2.252346e-06
4668 1.652865e-04 2.249033e-06
4669 1.650606e-04 2.245725e-06
4670 1.648352e-04 2.242422e-06
4671 1.646101e-04 2.239123e-06
4672 1.643853e-04 2.235830e-06
4673 1.641608e-04 2.232541e-06
4674 1.639367e-04 2.229257e-06
4675 1.637130e-04 2.225978e-06
4676 1.634895e-04 2.222704e-06
4677 1.632665e-04 2.219434e-06
4678 1.630437e-04 2.216170e-06
4679 1.628213e-04 2.212910e-06
4680 1.625992e-04 2.209655e-06
4681 1.623775e-04 2.206405e-06
4682 1.621560e-04 2.203159e-06
4683 1.619350e-04 2.199918e-06
4684 1.617142e-04 2.196682e-06
4685 1.614938e-04 2.193451e-06
4686 1.612737e-04 2.190225e-06
4687 1.610540e-04 2.187003e-06
4688 1.608346e-04 2.183786e-06
4689 1.606155e-04 2.180574e-06
4690 1.603967e-04 2.177367e-06
4691 1.601783e-04 2.174164e-06
4692 1.599602e-04 2.170966e-06
4693 1.597425e-04 2.167773e-06
4694 1.595250e-04 2.164584e-06
4695 1.593079e-04 2.161400e-06
4696 1.590911e-04 2.158221e-06
4697 1.588747e-04 2.155046e-06
4698 1.586586e-04 2.151876e-06
4699 1.584428e-04 2.148711e-06
4700 1.582273e-04 2.145550e-06
4701 1.580121e-04 2.142394e-06
4702 1.577973e-04 2.139243e-06
4703 1.575828e-04 2.136096e-06
4704 1.573687e-04 2.132954e-06
4705 1.571548e-04 2.129817e-06
4706 1.569413e-04 2.126684e-06
4707 1.567281e-04 2.123556e-06
4708 1.565152e-04 2.120432e-06
4709 1.563026e-04 2.117313e-06
4710 1.560904e-04 2.114199e-06
4711 1.558785e-04 2.111089e-06
4712 1.556669e-04 2.107984e-06
4713 1.554556e-04 2.104883e-06
4714 1.552447e-04 2.101787e-06
4715 1.550340e-04 2.098696e-06
4716 1.548237e-04 2.095609e-06
4717 1.546137e-04 2.092526e-06
4718 1.544040e-04 2.089448e-06
4719 1.541947e-04 2.086375e-06
4720 1.539856e-04 2.083306e-06
4721 1.537769e-04 2.080241e-06
4722 1.535685e-04 2.077181e-06
4723 1.533604e-04 2.074126e-06
4724 1.531526e-04 2.071075e-06
4725 1.529451e-04 2.068029e-06
4726 1.527380e-04 2.064987e-06
4727 1.525311e-04 2.061949e-06
4728 1.523246e-04 2.058916e-06
4729 1.521184e-04 2.055888e-06
4730 1.519125e-04 2.052864e-06
4731 1.517069e-04 2.049844e-06
4732 1.515016e-04 2.046829e-06
4733 1.512966e-04 2.043818e-06
4734 1.510920e-04 2.040812e-06
4735 1.508876e-04 2.037810e-06
4736 1.506836e-04 2.034813e-06
4737 1.504798e-04 2.031820e-06
4738 1.502764e-04 2.028831e-06
4739 1.500733e-04 2.025847e-06
4740 1.498705e-04 2.022867e-06
4741 1.496680e-04 2.019891e-06
4742 1.494658e-04 2.016920e-06
4743 1.492639e-04 2.013954e-06
4744 1.490623e-04 2.010991e-06
4745 1.488611e-04 2.008033e-06
4746 1.486601e-04 2.005079e-06
4747 1.484594e-04 2.002130e-06
4748 1.482591e-04 1.999185e-06
4749 1.480590e-04 1.996245e-06
4750 1.478592e-04 1.993308e-06
4751 1.476598e-04 1.990376e-06
4752 1.474606e-04 1.987449e-06
4753 1.472618e-04 1.984525e-06
4754 1.470633e-04 1.981606e-06
4755 1.468650e-04 1.978691e-06
4756 1.466671e-04 1.975781e-06
4757 1.464694e-04 1.972874e-06
4758 1.462721e-04 1.969973e-06
4759 1.460750e-04 1.967075e-06
4760 1.458783e-04 1.964181e-06
4761 1.456819e-04 1.961292e-06
4762 1.454857e-04 1.958407e-06
4763 1.452899e-04 1.955527e-06
4764 1.450943e-04 1.952650e-06
4765 1.448991e-04 1.949778e-06
4766 1.447041e-04 1.946910e-06
4767 1.445094e-04 1.944046e-06
4768 1.443151e-04 1.941187e-06
4769 1.441210e-04 1.938331e-06
4770 1.439272e-04 1.935480e-06
4771 1.437337e-04 1.932633e-06
4772 1.435406e-04 1.929791e-06
4773 1.433477e-04 1.926952e-06
4774 1.431551e-04 1.924118e-06
4775 1.429628e-04 1.921287e-06
4776 1.427707e-04 1.918461e-06
4777 1.425790e-04 1.915639e-06
4778 1.423876e-04 1.912822e-06
4779 1.421964e-04 1.910008e-06
4780 1.420056e-04 1.907198e-06
4781 1.418150e-04 1.904393e-06
4782 1.416248e-04 1.901592e-06
4783 1.414348e-04 1.898795e-06
4784 1.412451e-04 1.896002e-06
4785 1.410557e-04 1.893213e-06
4786 1.408666e-04 1.890428e-06
4787 1.406777e-04 1.887648e-06
4788 1.404892e-04 1.884871e-06
4789 1.403009e-04 1.882098e-06
4790 1.401130e-04 1.879330e-06
4791 1.399253e-04 1.876566e-06
4792 1.397379e-04 1.873805e-06
4793 1.395508e-04 1.871049e-06
4794 1.393639e-04 1.868297e-06
4795 1.391774e-04 1.865549e-06
4796 1.389911e-04 1.862805e-06
4797 1.388052e-04 1.860065e-06
4798 1.386195e-04 1.857329e-06
4799 1.384341e-04 1.854597e-06
4800 1.382489e-04 1.851869e-06
4801 1.380641e-04 1.849145e-06
4802 1.378795e-04 1.846425e-06
4803 1.376953e-04 1.843709e-06
4804 1.375113e-04 1.840997e-06
4805 1.373275e-04 1.838289e-06
4806 1.371441e-04 1.835585e-06
4807 1.369609e-04 1.832885e-06
4808 1.367781e-04 1.830189e-06
4809 1.365954e-04 1.827497e-06
4810 1.364131e-04 1.824809e-06
4811 1.362311e-04 1.822125e-06
4812 1.360493e-04 1.819444e-06
4813 1.358678e-04 1.816768e-06
4814 1.356866e-04 1.814096e-06
4815 1.355057e-04 1.811427e-06
4816 1.353250e-04 1.808763e-06
4817 1.351446e-04 1.806102e-06
4818 1.349645e-04 1.803446e-06
4819 1.347847e-04 1.800793e-06
4820 1.346051e-04 1.798144e-06
4821 1.344258e-04 1.795499e-06
4822 1.342468e-04 1.792858e-06
4823 1.340680e-04 1.790221e-06
4824 1.338896e-04 1.787588e-06
4825 1.337114e-04 1.784958e-06
4826 1.335335e-04 1.782333e-06
4827 1.333558e-04 1.779711e-06
4828 1.331784e-04 1.777093e-06
4829 1.330013e-04 1.774479e-06
4830 1.328245e-04 1.771869e-06
4831 1.326479e-04 1.769263e-06
4832 1.324716e-04 1.766660e-06
4833 1.322956e-04 1.764062e-06
4834 1.321198e-04 1.761467e-06
4835 1.319443e-04 1.758876e-06
4836 1.317691e-04 1.756289e-06
4837 1.315941e-04 1.753705e-06
4838 1.314194e-04 1.751126e-06
4839 1.312450e-04 1.748550e-06
4840 1.310708e-04 1.745978e-06
4841 1.308970e-04 1.743410e-06
4842 1.307233e-04 1.740845e-06
4843 1.305500e-04 1.738285e-06
4844 1.303769e-04 1.735728e-06
4845 1.302040e-04 1.733175e-06
4846 1.300315e-04 1.730625e-06
4847 1.298592e-04 1.728080e-06
4848 1.296871e-04 1.725538e-06
4849 1.295154e-04 1.723000e-06
4850 1.293439e-04 1.720465e-06
4851 1.291726e-04 1.717935e-06
4852 1.290016e-04 1.715408e-06
4853 1.288309e-04 1.712884e-06
4854 1.286604e-04 1.710365e-06
4855 1.284902e-04 1.707849e-06
4856 1.283203e-04 1.705337e-06
4857 1.281506e-04 1.702829e-06
4858 1.279812e-04 1.700324e-06
4859 1.278120e-04 1.697823e-06
4860 1.276431e-04 1.695325e-06
4861 1.274745e-04 1.692832e-06
4862 1.273061e-04 1.690342e-06
4863 1.271379e-04 1.687855e-06
4864 1.269701e-04 1.685373e-06
4865 1.268025e-04 1.682894e-06
4866 1.266351e-04 1.680418e-06
4867 1.264680e-04 1.677946e-06
4868 1.263011e-04 1.675478e-06
4869 1.261346e-04 1.673014e-06
4870 1.259682e-04 1.670553e-06
4871 1.258021e-04 1.668096e-06
4872 1.256363e-04 1.665642e-06
4873 1.254708e-04 1.663192e-06
4874 1.253054e-04 1.660745e-06
4875 1.251404e-04 1.658303e-06
4876 1.249756e-04 1.655863e-06
4877 1.248110e-04 1.653428e-06
4878 1.246467e-04 1.650996e-06
4879 1.244827e-04 1.648567e-06
4880 1.243189e-04 1.646142e-06
4881 1.241553e-04 1.643721e-06
4882 1.239920e-04 1.641303e-06
4883 1.238290e-04 1.638889e-06
4884 1.236662e-04 1.636478e-06
4885 1.235036e-04 1.634071e-06
4886 1.233413e-04 1.631667e-06
4887 1.231793e-04 1.629267e-06
4888 1.230175e-04 1.626871e-06
4889 1.228559e-04 1.624478e-06
4890 1.226946e-04 1.622088e-06
4891 1.225336e-04 1.619702e-06
4892 1.223728e-04 1.617320e-06
4893 1.222122e-04 1.614941e-06
4894 1.220519e-04 1.612566e-06
4895 1.218918e-04 1.610194e-06
4896 1.217320e-04 1.607825e-06
4897 1.215724e-04 1.605460e-06
4898 1.214131e-04 1.603099e-06
4899 1.212540e-04 1.600741e-06
4900 1.210952e-04 1.598386e-06
4901 1.209366e-04 1.596035e-06
4902 1.207782e-04 1.593687e-06
4903 1.206201e-04 1.591343e-06
4904 1.204623e-04 1.589002e-06
4905 1.203046e-04 1.586665e-06
4906 1.201473e-04 1.584331e-06
4907 1.199901e-04 1.582001e-06
4908 1.198332e-04 1.579674e-06
4909 1.196766e-04 1.577350e-06
4910 1.195202e-04 1.575030e-06
4911 1.193640e-04 1.572713e-06
4912 1.192081e-04 1.570400e-06
4913 1.190524e-04 1.568090e-06
4914 1.188969e-04 1.565783e-06
4915 1.187417e-04 1.563480e-06
4916 1.185867e-04 1.561180e-06
4917 1.184320e-04 1.558884e-06
4918 1.182775e-04 1.556591e-06
4919 1.181233e-04 1.554301e-06
4920 1.179692e-04 1.552015e-06
4921 1.178155e-04 1.549732e-06
4922 1.176619e-04 1.547453e-06
4923 1.175086e-04 1.545177e-06
4924 1.173555e-04 1.542904e-06
4925 1.172027e-04 1.540634e-06
4926 1.170501e-04 1.538368e-06
4927 1.168978e-04 1.536105e-06
4928 1.167456e-04 1.533846e-06
4929 1.165937e-04 1.531590e-06
4930 1.164421e-04 1.529337e-06
4931 1.162906e-04 1.527087e-06
4932 1.161395e-04 1.524841e-06
4933 1.159885e-04 1.522598e-06
4934 1.158378e-04 1.520358e-06
4935 1.156873e-04 1.518122e-06
4936 1.155370e-04 1.515889e-06
4937 1.153870e-04 1.513659e-06
4938 1.152372e-04 1.511433e-06
4939 1.150876e-04 1.509210e-06
4940 1.149383e-04 1.506990e-06
4941 1.147892e-04 1.504773e-06
4942 1.146403e-04 1.502560e-06
4943 1.144917e-04 1.500349e-06
4944 1.143433e-04 1.498142e-06
4945 1.141951e-04 1.495939e-06
4946 1.140471e-04 1.493738e-06
4947 1.138994e-04 1.491541e-06
4948 1.137519e-04 1.489347e-06
4949 1.136047e-04 1.487157e-06
4950 1.134576e-04 1.484969e-06
4951 1.133108e-04 1.482785e-06
4952 1.131642e-04 1.480604e-06
4953 1.130179e-04 1.478426e-06
4954 1.128717e-04 1.476251e-06
4955 1.127258e-04 1.474080e-06
4956 1.125802e-04 1.471911e-06
4957 1.124347e-04 1.469746e-06
4958 1.122895e-04 1.467584e-06
4959 1.121445e-04 1.465426e-06
4960 1.119997e-04 1.463270e-06
4961 1.118551e-04 1.461118e-06
4962 1.117108e-04 1.458969e-06
4963 1.115667e-04 1.456823e-06
4964 1.114228e-04 1.454680e-06
4965 1.112792e-04 1.452540e-06
4966 1.111357e-04 1.450403e-06
4967 1.109925e-04 1.448270e-06
4968 1.108495e-04 1.446140e-06
4969 1.107067e-04 1.444013e-06
4970 1.105642e-04 1.441889e-06
4971 1.104219e-04 1.439768e-06
4972 1.102797e-04 1.437650e-06
4973 1.101379e-04 1.435535e-06
4974 1.099962e-04 1.433424e-06
4975 1.098547e-04 1.431315e-06
4976 1.097135e-04 1.429210e-06
4977 1.095725e-04 1.427108e-06
4978 1.094317e-04 1.425008e-06
4979 1.092911e-04 1.422912e-06
4980 1.091508e-04 1.420819e-06
4981 1.090107e-04 1.418729e-06
4982 1.088707e-04 1.416643e-06
4983 1.087310e-04 1.414559e-06
4984 1.085916e-04 1.412478e-06
4985 1.084523e-04 1.410400e-06
4986 1.083132e-04 1.408326e-06
4987 1.081744e-04 1.406254e-06
4988 1.080358e-04 1.404186e-06
4989 1.078974e-04 1.402120e-06
4990 1.077592e-04 1.400058e-06
4991 1.076212e-04 1.397998e-06
4992 1.074835e-04 1.395942e-06
4993 1.073459e-04 1.393889e-06
4994 1.072086e-04 1.391838e-06
4995 1.070715e-04 1.389791e-06
4996 1.069346e-04 1.387747e-06
4997 1.067979e-04 1.385706e-06
4998 1.066614e-04 1.383667e-06
4999 1.065251e-04 1.381632e-06
5000 1.063891e-04 1.379600e-06
5001 1.062533e-04 1.377571e-06
5002 1.061176e-04 1.375544e-06
5003 1.059822e-04 1.373521e-06
5004 1.058470e-04 1.371501e-06
5005 1.057120e-04 1.369483e-06
5006 1.055772e-04 1.367469e-06
5007 1.054426e-04 1.365457e-06
5008 1.053083e-04 1.363449e-06
5009 1.051741e-04 1.361443e-06
5010 1.050402e-04 1.359441e-06
5011 1.049064e-04 1.357441e-06
5012 1.047729e-04 1.355444e-06
5013 1.046396e-04 1.353451e-06
5014 1.045065e-04 1.351460e-06
5015 1.043736e-04 1.349472e-06
5016 1.042409e-04 1.347487e-06
5017 1.041084e-04 1.345505e-06
5018 1.039761e-04 1.343526e-06
5019 1.038440e-04 1.341550e-06
5020 1.037122e-04 1.339576e-06
5021 1.035805e-04 1.337606e-06
5022 1.034490e-04 1.335638e-06
5023 1.033178e-04 1.333674e-06
5024 1.031867e-04 1.331712e-06
5025 1.030559e-04 1.329753e-06
5026 1.029252e-04 1.327797e-06
5027 1.027948e-04 1.325844e-06
5028 1.026646e-04 1.323894e-06
5029 1.025345e-04 1.321946e-06
5030 1.024047e-04 1.320002e-06
5031 1.022751e-04 1.318060e-06
5032 1.021457e-04 1.316122e-06
5033 1.020165e-04 1.314186e-06
5034 1.018874e-04 1.312253e-06
5035 1.017586e-04 1.310322e-06
5036 1.016300e-04 1.308395e-06
5037 1.015016e-04 1.306470e-06
5038 1.013734e-04 1.304549e-06
5039 1.012454e-04 1.302630e-06
5040 1.011176e-04 1.300714e-06
5041 1.009900e-04 1.298800e-06
5042 1.008626e-04 1.296890e-06
5043 1.007354e-04 1.294982e-06
5044 1.006084e-04 1.293078e-06
5045 1.004815e-04 1.291176e-06
5046 1.003549e-04 1.289276e-06
5047 1.002285e-04 1.287380e-06
5048 1.001023e-04 1.285486e-06
5049 9.997630e-05 1.283595e-06
5050 9.985048e-05 1.281707e-06
5051 9.972486e-05 1.279822e-06
5052 9.959943e-05 1.277940e-06
5053 9.947420e-05 1.276060e-06
5054 9.934917e-05 1.274183e-06
5055 9.922434e-05 1.272309e-06
5056 9.909970e-05 1.270437e-06
5057 9.897526e-05 1.268568e-06
5058 9.885101e-05 1.266702e-06
5059 9.872696e-05 1.264839e-06
5060 9.860310e-05 1.262979e-06
5061 9.847944e-05 1.261121e-06
5062 9.835597e-05 1.259266e-06
5063 9.823269e-05 1.257414e-06
5064 9.810961e-05 1.255564e-06
5065 9.798672e-05 1.253717e-06
5066 9.786403e-05 1.251873e-06
5067 9.774153e-05 1.250032e-06
5068 9.761922e-05 1.248193e-06
5069 9.749710e-05 1.246357e-06
5070 9.737518e-05 1.244524e-06
5071 9.725344e-05 1.242693e-06
5072 9.713190e-05 1.240865e-06
5073 9.701055e-05 1.239040e-06
5074 9.688940e-05 1.237217e-06
5075 9.676843e-05 1.235398e-06
5076 9.664765e-05 1.233580e-06
5077 9.652706e-05 1.231766e-06
5078 9.640666e-05 1.229954e-06
5079 9.628646e-05 1.228145e-06
5080 9.616644e-05 1.226338e-06
5081 9.604661e-05 1.224534e-06
5082 9.592697e-05 1.222733e-06
5083 9.580752e-05 1.220935e-06
5084 9.568825e-05 1.219139e-06
5085 9.556918e-05 1.217346e-06
5086 9.545029e-05 1.215555e-06
5087 9.533159e-05 1.213767e-06
5088 9.521307e-05 1.211982e-06
5089 9.509475e-05 1.210199e-06
5090 9.497661e-05 1.208419e-06
5091 9.485866e-05 1.206641e-06
5092 9.474089e-05 1.204866e-06
5093 9.462331e-05 1.203094e-06
5094 9.450591e-05 1.201324e-06
5095 9.438870e-05 1.199557e-06
5096 9.427168e-05 1.197793e-06
5097 9.415484e-05 1.196031e-06
5098 9.403818e-05 1.194272e-06
5099 9.392171e-05 1.192515e-06
5100 9.380543e-05 1.190761e-06
5101 9.368932e-05 1.189009e-06
5102 9.357340e-05 1.187261e-06
5103 9.345767e-05 1.185514e-06
5104 9.334211e-05 1.183770e-06
5105 9.322674e-05 1.182029e-06
5106 9.311156e-05 1.180290e-06
5107 9.299655e-05 1.178554e-06
5108 9.288173e-05 1.176821e-06
5109 9.276709e-05 1.175090e-06
5110 9.265262e-05 1.173361e-06
5111 9.253835e-05 1.171635e-06
5112 9.242425e-05 1.169912e-06
5113 9.231033e-05 1.168191e-06
5114 9.219659e-05 1.166473e-06
5115 9.208304e-05 1.164757e-06
5116 9.196966e-05 1.163044e-06
5117 9.185646e-05 1.161333e-06
5118 9.174345e-05 1.159625e-06
5119 9.163061e-05 1.157919e-06
5120 9.151795e-05 1.156216e-06
5121 9.140547e-05 1.154515e-06
5122 9.129316e-05 1.152817e-06
5123 9.118104e-05 1.151121e-06
5124 9.106909e-05 1.149428e-06
5125 9.095733e-05 1.147737e-06
5126 9.084573e-05 1.146049e-06
5127 9.073432e-05 1.144363e-06
5128 9.062308e-05 1.142680e-06
5129 9.051202e-05 1.140999e-06
5130 9.040114e-05 1.139321e-06
5131 9.029043e-05 1.137645e-06
5132 9.017990e-05 1.135972e-06
5133 9.006954e-05 1.134301e-06
5134 8.995936e-05 1.132632e-06
5135 8.984936e-05 1.130966e-06
5136 8.973953e-05 1.129303e-06
5137 8.962987e-05 1.127641e-06
5138 8.952039e-05 1.125983e-06
5139 8.941108e-05 1.124327e-06
5140 8.930195e-05 1.122673e-06
5141 8.919299e-05 1.121021e-06
5142 8.908420e-05 1.119372e-06
5143 8.897559e-05 1.117726e-06
5144 8.886715e-05 1.116082e-06
5145 8.875888e-05 1.114440e-06
5146 8.865079e-05 1.112801e-06
5147 8.854286e-05 1.111164e-06
5148 8.843511e-05 1.109530e-06
5149 8.832753e-05 1.107898e-06
5150 8.822012e-05 1.106268e-06
5151 8.811289e-05 1.104641e-06
5152 8.800582e-05 1.103016e-06
5153 8.789893e-05 1.101393e-06
5154 8.779220e-05 1.099773e-06
5155 8.768565e-05 1.098156e-06
5156 8.757927e-05 1.096540e-06
5157 8.747305e-05 1.094927e-06
5158 8.736701e-05 1.093317e-06
5159 8.726113e-05 1.091709e-06
5160 8.715543e-05 1.090103e-06
5161 8.704989e-05 1.088499e-06
5162 8.694452e-05 1.086898e-06
5163 8.683932e-05 1.085300e-06
5164 8.673429e-05 1.083703e-06
5165 8.662942e-05 1.082109e-06
5166 8.652473e-05 1.080517e-06
5167 8.642020e-05 1.078928e-06
5168 8.631584e-05 1.077341e-06
5169 8.621164e-05 1.075756e-06
5170 8.610761e-05 1.074174e-06
5171 8.600375e-05 1.072594e-06
5172 8.590005e-05 1.071016e-06
5173 8.579652e-05 1.069441e-06
5174 8.569316e-05 1.067868e-06
5175 8.558996e-05 1.066297e-06
5176 8.548693e-05 1.064729e-06
5177 8.538406e-05 1.063162e-06
5178 8.528136e-05 1.061599e-06
5179 8.517882e-05 1.060037e-06
5180 8.507644e-05 1.058478e-06
5181 8.497423e-05 1.056921e-06
5182 8.487219e-05 1.055366e-06
5183 8.477030e-05 1.053814e-06
5184 8.466858e-05 1.052264e-06
5185 8.456703e-05 1.050716e-06
5186 8.446564e-05 1.049170e-06
5187 8.436440e-05 1.047627e-06
5188 8.426334e-05 1.046086e-06
5189 8.416243e-05 1.044548e-06
5190 8.406169e-05 1.043011e-06
5191 8.396110e-05 1.041477e-06
5192 8.386068e-05 1.039945e-06
5193 8.376043e-05 1.038415e-06
5194 8.366033e-05 1.036888e-06
5195 8.356039e-05 1.035363e-06
5196 8.346061e-05 1.033840e-06
5197 8.336100e-05 1.032319e-06
5198 8.326154e-05 1.030801e-06
5199 8.316225e-05 1.029284e-06
5200 8.306311e-05 1.027770e-06
5201 8.296413e-05 1.026259e-06
5202 8.286532e-05 1.024749e-06
5203 8.276666e-05 1.023242e-06
5204 8.266816e-05 1.021737e-06
5205 8.256982e-05 1.020234e-06
5206 8.247164e-05 1.018733e-06
5207 8.237361e-05 1.017234e-06
5208 8.227575e-05 1.015738e-06
5209 8.217804e-05 1.014244e-06
5210 8.208049e-05 1.012752e-06
5211 8.198309e-05 1.011263e-06
5212 8.188586e-05 1.009775e-06
5213 8.178878e-05 1.008290e-06
5214 8.169185e-05 1.006807e-06
5215 8.159509e-05 1.005326e-06
5216 8.149848e-05 1.003847e-06
5217 8.140202e-05 1.002370e-06
5218 8.130572e-05 1.000896e-06
5219 8.120958e-05 9.994237e-07
5220 8.111359e-05 9.979536e-07
5221 8.101776e-05 9.964857e-07
5222 8.092208e-05 9.950200e-07
5223 8.082656e-05 9.935564e-07
5224 8.073119e-05 9.920949e-07
5225 8.063597e-05 9.906356e-07
5226 8.054091e-05 9.891785e-07
5227 8.044601e-05 9.877235e-07
5228 8.035125e-05 9.862706e-07
5229 8.025665e-05 9.848199e-07
5230 8.016221e-05 9.833713e-07
5231 8.006791e-05 9.819248e-07
5232 7.997377e-05 9.804805e-07
5233 7.987978e-05 9.790383e-07
5234 7.978594e-05 9.775982e-07
5235 7.969226e-05 9.761602e-07
5236 7.959872e-05 9.747243e-07
5237 7.950534e-05 9.732906e-07
5238 7.941211e-05 9.718589e-07
5239 7.931903e-05 9.704294e-07
5240 7.922611e-05 9.690020e-07
5241 7.913333e-05 9.675766e-07
5242 7.904070e-05 9.661534e-07
5243 7.894823e-05 9.647323e-07
5244 7.885590e-05 9.633132e-07
5245 7.876372e-05 9.618963e-07
5246 7.867170e-05 9.604814e-07
5247 7.857982e-05 9.590686e-07
5248 7.848809e-05 9.576579e-07
5249 7.839651e-05 9.562492e-07
5250 7.830508e-05 9.548427e-07
5251 7.821380e-05 9.534382e-07
5252 7.812267e-05 9.520357e-07
5253 7.803168e-05 9.506353e-07
5254 7.794084e-05 9.492370e-07
5255 7.785015e-05 9.478408e-07
5256 7.775961e-05 9.464466e-07
5257 7.766922e-05 9.450544e-07
5258 7.757897e-05 9.436643e-07
5259 7.748887e-05 9.422762e-07
5260 7.739892e-05 9.408902e-07
5261 7.730911e-05 9.395062e-07
5262 7.721945e-05 9.381243e-07
5263 7.712993e-05 9.367444e-07
5264 7.704056e-05 9.353665e-07
5265 7.695134e-05 9.339907e-07
5266 7.686226e-05 9.326168e-07
5267 7.677333e-05 9.312450e-07
5268 7.668454e-05 9.298752e-07
5269 7.659590e-05 9.285074e-07
5270 7.650740e-05 9.271417e-07
5271 7.641905e-05 9.257779e-07
5272 7.633084e-05 9.244162e-07
5273 7.624277e-05 9.230564e-07
5274 7.615485e-05 9.216987e-07
5275 7.606707e-05 9.203429e-07
5276 7.597944e-05 9.189892e-07
5277 7.589195e-05 9.176374e-07
5278 7.580460e-05 9.162876e-07
5279 7.571740e-05 9.149398e-07
5280 7.563033e-05 9.135940e-07
5281 7.554341e-05 9.122502e-07
5282 7.545664e-05 9.109083e-07
5283 7.537000e-05 9.095685e-07
5284 7.528350e-05 9.082306e-07
5285 7.519715e-05 9.068946e-07
5286 7.511094e-05 9.055606e-07
5287 7.502487e-05 9.042286e-07
5288 7.493894e-05 9.028986e-07
5289 7.485315e-05 9.015705e-07
5290 7.476751e-05 9.002443e-07
5291 7.468200e-05 8.989201e-07
5292 7.459663e-05 8.975979e-07
5293 7.451140e-05 8.962776e-07
5294 7.442632e-05 8.949592e-07
5295 7.434137e-05 8.936428e-07
5296 7.425656e-05 8.923283e-07
5297 7.417189e-05 8.910158e-07
5298 7.408736e-05 8.897052e-07
5299 7.400297e-05 8.883965e-07
5300 7.391872e-05 8.870897e-07
5301 7.383460e-05 8.857849e-07
5302 7.375063e-05 8.844820e-07
5303 7.366679e-05 8.831809e-07
5304 7.358309e-05 8.818819e-07
5305 7.349953e-05 8.805847e-07
5306 7.341610e-05 8.792894e-07
5307 7.333282e-05 8.779960e-07
5308 7.324966e-05 8.767046e-07
5309 7.316665e-05 8.754150e-07
5310 7.308377e-05 8.741273e-07
5311 7.300103e-05 8.728415e-07
5312 7.291843e-05 8.715577e-07
5313 7.283596e-05 8.702757e-07
5314 7.275363e-05 8.689956e-07
5315 7.267143e-05 8.677173e-07
5316 7.258937e-05 8.664410e-07
5317 7.250744e-05 8.651665e-07
5318 7.242565e-05 8.638939e-07
5319 7.234400e-05 8.626232e-07
5320 7.226247e-05 8.613543e-07
5321 7.218109e-05 8.600873e-07
5322 7.209984e-05 8.588222e-07
5323 7.201872e-05 8.575590e-07
5324 7.193773e-05 8.562975e-07
5325 7.185688e-05 8.550380e-07
5326 7.177617e-05 8.537803e-07
5327 7.169558e-05 8.525245e-07
5328 7.161513e-05 8.512705e-07
5329 7.153481e-05 8.500183e-07
5330 7.145463e-05 8.487680e-07
5331 7.137458e-05 8.475195e-07
5332 7.129466e-05 8.462729e-07
5333 7.121487e-05 8.450281e-07
5334 7.113522e-05 8.437851e-07
5335 7.105569e-05 8.425439e-07
5336 7.097630e-05 8.413046e-07
5337 7.089704e-05 8.400671e-07
5338 7.081791e-05 8.388315e-07
5339 7.073891e-05 8.375976e-07
5340 7.066005e-05 8.363655e-07
5341 7.058131e-05 8.351353e-07
5342 7.050271e-05 8.339069e-07
5343 7.042423e-05 8.326803e-07
5344 7.034589e-05 8.314555e-07
5345 7.026767e-05 8.302325e-07
5346 7.018959e-05 8.290112e-07
5347 7.011163e-05 8.277918e-07
5348 7.003380e-05 8.265742e-07
5349 6.995611e-05 8.253584e-07
5350 6.987854e-05 8.241443e-07
5351 6.980110e-05 8.229321e-07
5352 6.972379e-05 8.217216e-07
5353 6.964661e-05 8.205129e-07
5354 6.956956e-05 8.193060e-07
5355 6.949263e-05 8.181009e-07
5356 6.941583e-05 8.168975e-07
5357 6.933917e-05 8.156959e-07
5358 6.926262e-05 8.144961e-07
5359 6.918621e-05 8.132980e-07
5360 6.910992e-05 8.121017e-07
5361 6.903376e-05 8.109072e-07
5362 6.895773e-05 8.097144e-07
5363 6.888182e-05 8.085234e-07
5364 6.880604e-05 8.073341e-07
5365 6.873039e-05 8.061466e-07
5366 6.865486e-05 8.049608e-07
5367 6.857946e-05 8.037767e-07
5368 6.850419e-05 8.025944e-07
5369 6.842904e-05 8.014139e-07
5370 6.835401e-05 8.002351e-07
5371 6.827911e-05 7.990580e-07
5372 6.820434e-05 7.978826e-07
5373 6.812969e-05 7.967090e-07
5374 6.805517e-05 7.955371e-07
5375 6.798077e-05 7.943669e-07
5376 6.790649e-05 7.931985e-07
5377 6.783234e-05 7.920317e-07
5378 6.775831e-05 7.908667e-07
5379 6.768441e-05 7.897034e-07
5380 6.761063e-05 7.885418e-07
5381 6.753697e-05 7.873819e-07
5382 6.746344e-05 7.862237e-07
5383 6.739003e-05 7.850673e-07
5384 6.731674e-05 7.839125e-07
5385 6.724358e-05 7.827594e-07
5386 6.717054e-05 7.816080e-07
5387 6.709762e-05 7.804583e-07
5388 6.702482e-05 7.793103e-07
5389 6.695215e-05 7.781640e-07
5390 6.687959e-05 7.770194e-07
5391 6.680716e-05 7.758765e-07
5392 6.673485e-05 7.747352e-07
5393 6.666267e-05 7.735956e-07
5394 6.659060e-05 7.724577e-07
5395 6.651865e-05 7.713215e-07
5396 6.644683e-05 7.701870e-07
5397 6.637512e-05 7.690541e-07
5398 6.630354e-05 7.679228e-07
5399 6.623208e-05 7.667933e-07
5400 6.616073e-05 7.656654e-07
5401 6.608951e-05 7.645392e-07
5402 6.601841e-05 7.634146e-07
5403 6.594742e-05 7.622917e-07
5404 6.587656e-05 7.611704e-07
5405 6.580581e-05 7.600508e-07
5406 6.573519e-05 7.589328e-07
5407 6.566468e-05 7.578164e-07
5408 6.559429e-05 7.567017e-07
5409 6.552402e-05 7.555887e-07
5410 6.545387e-05 7.544773e-07
5411 6.538384e-05 7.533675e-07
5412 6.531392e-05 7.522594e-07
5413 6.524413e-05 7.511528e-07
5414 6.517445e-05 7.500479e-07
5415 6.510489e-05 7.489447e-07
5416 6.503544e-05 7.478430e-07
5417 6.496611e-05 7.467430e-07
5418 6.489691e-05 7.456446e-07
5419 6.482781e-05 7.445478e-07
5420 6.475884e-05 7.434526e-07
5421 6.468998e-05 7.423591e-07
5422 6.462123e-05 7.412671e-07
5423 6.455261e-05 7.401768e-07
5424 6.448410e-05 7.390880e-07
5425 6.441570e-05 7.380009e-07
5426 6.434742e-05 7.369153e-07
5427 6.427926e-05 7.358314e-07
5428 6.421121e-05 7.347490e-07
5429 6.414328e-05 7.336683e-07
5430 6.407546e-05 7.325891e-07
5431 6.400776e-05 7.315115e-07
5432 6.394017e-05 7.304355e-07
5433 6.387270e-05 7.293611e-07
5434 6.380534e-05 7.282883e-07
5435 6.373809e-05 7.272170e-07
5436 6.367096e-05 7.261473e-07
5437 6.360395e-05 7.250792e-07
5438 6.353705e-05 7.240127e-07
5439 6.347026e-05 7.229477e-07
5440 6.340358e-05 7.218843e-07
5441 6.333702e-05 7.208225e-07
5442 6.327057e-05 7.197622e-07
5443 6.320423e-05 7.187035e-07
5444 6.313801e-05 7.176463e-07
5445 6.307190e-05 7.165907e-07
5446 6.300590e-05 7.155367e-07
5447 6.294001e-05 7.144842e-07
5448 6.287424e-05 7.134332e-07
5449 6.280858e-05 7.123838e-07
5450 6.274303e-05 7.113359e-07
5451 6.267759e-05 7.102896e-07
5452 6.261226e-05 7.092448e-07
5453 6.254704e-05 7.082016e-07
5454 6.248194e-05 7.071599e-07
5455 6.241695e-05 7.061197e-07
5456 6.235206e-05 7.050810e-07
5457 6.228729e-05 7.040439e-07
5458 6.222263e-05 7.030083e-07
5459 6.215808e-05 7.019743e-07
5460 6.209364e-05 7.009417e-07
5461 6.202931e-05 6.999107e-07
5462 6.196509e-05 6.988812e-07
5463 6.190097e-05 6.978532e-07
5464 6.183697e-05 6.968267e-07
5465 6.177308e-05 6.958017e-07
5466 6.170930e-05 6.947782e-07
5467 6.164562e-05 6.937562e-07
5468 6.158206e-05 6.927358e-07
5469 6.151860e-05 6.917168e-07
5470 6.145525e-05 6.906994e-07
5471 6.139201e-05 6.896834e-07
5472 6.132888e-05 6.886689e-07
5473 6.126586e-05 6.876559e-07
5474 6.120295e-05 6.866444e-07
5475 6.114014e-05 6.856344e-07
5476 6.107744e-05 6.846259e-07
5477 6.101485e-05 6.836189e-07
5478 6.095236e-05 6.826133e-07
5479 6.088999e-05 6.816093e-07
5480 6.082772e-05 6.806067e-07
5481 6.076555e-05 6.796055e-07
5482 6.070350e-05 6.786059e-07
5483 6.064155e-05 6.776077e-07
5484 6.057970e-05 6.766110e-07
5485 6.051797e-05 6.756158e-07
5486 6.045634e-05 6.746220e-07
5487 6.039481e-05 6.736297e-07
5488 6.033339e-05 6.726388e-07
5489 6.027208e-05 6.716494e-07
5490 6.021087e-05 6.706614e-07
5491 6.014977e-05 6.696750e-07
5492 6.008877e-05 6.686899e-07
5493 6.002788e-05 6.677063e-07
5494 5.996709e-05 6.667242e-07
5495 5.990641e-05 6.657435e-07
5496 5.984583e-05 6.647642e-07
5497 5.978535e-05 6.637864e-07
5498 5.972499e-05 6.628100e-07
5499 5.966472e-05 6.618351e-07
5500 5.960456e-05 6.608616e-07
5501 5.954450e-05 6.598895e-07
5502 5.948455e-05 6.589188e-07
5503 5.942470e-05 6.579496e-07
5504 5.936495e-05 6.569818e-07
5505 5.930531e-05 6.560154e-07
5506 5.924577e-05 6.550505e-07
5507 5.918633e-05 6.540870e-07
5508 5.912699e-05 6.531248e-07
5509 5.906776e-05 6.521642e-07
5510 5.900863e-05 6.512049e-07
5511 5.894960e-05 6.502470e-07
5512 5.889068e-05 6.492905e-07
5513 5.883185e-05 6.483355e-07
5514 5.877313e-05 6.473818e-07
5515 5.871451e-05 6.464296e-07
5516 5.865599e-05 6.454787e-07
5517 5.859758e-05 6.445293e-07
5518 5.853926e-05 6.435812e-07
5519 5.848105e-05 6.426345e-07
5520 5.842293e-05 6.416893e-07
5521 5.836492e-05 6.407454e-07
5522 5.830701e-05 6.398029e-07
5523 5.824920e-05 6.388618e-07
5524 5.819149e-05 6.379221e-07
5525 5.813388e-05 6.369838e-07
5526 5.807637e-05 6.360468e-07
5527 5.801896e-05 6.351112e-07
5528 5.796164e-05 6.341770e-07
5529 5.790443e-05 6.332442e-07
5530 5.784732e-05 6.323127e-07
5531 5.779031e-05 6.313827e-07
5532 5.773340e-05 6.304539e-07
5533 5.767658e-05 6.295266e-07
5534 5.761987e-05 6.286006e-07
5535 5.756325e-05 6.276760e-07
5536 5.750673e-05 6.267527e-07
5537 5.745031e-05 6.258308e-07
5538 5.739399e-05 6.249103e-07
5539 5.733777e-05 6.239911e-07
5540 5.728165e-05 6.230732e-07
5541 5.722562e-05 6.221567e-07
5542 5.716969e-05 6.212416e-07
5543 5.711386e-05 6.203278e-07
5544 5.705813e-05 6.194153e-07
5545 5.700249e-05 6.185042e-07
5546 5.694695e-05 6.175944e-07
5547 5.689151e-05 6.166860e-07
5548 5.683616e-05 6.157789e-07
5549 5.678091e-05 6.148731e-07
5550 5.672576e-05 6.139687e-07
5551 5.667071e-05 6.130656e-07
5552 5.661575e-05 6.121638e-07
5553 5.656088e-05 6.112634e-07
5554 5.650612e-05 6.103642e-07
5555 5.645145e-05 6.094664e-07
5556 5.639687e-05 6.085700e-07
5557 5.634239e-05 6.076748e-07
5558 5.628801e-05 6.067810e-07
5559 5.623372e-05 6.058884e-07
5560 5.617953e-05 6.049972e-07
5561 5.612543e-05 6.041073e-07
5562 5.607142e-05 6.032187e-07
5563 5.601752e-05 6.023314e-07
5564 5.596370e-05 6.014454e-07
5565 5.590998e-05 6.005608e-07
5566 5.585636e-05 5.996774e-07
5567 5.580283e-05 5.987953e-07
5568 5.574939e-05 5.979145e-07
5569 5.569605e-05 5.970350e-07
5570 5.564280e-05 5.961568e-07
5571 5.558964e-05 5.952799e-07
5572 5.553658e-05 5.944043e-07
5573 5.548361e-05 5.935300e-07
5574 5.543074e-05 5.926569e-07
5575 5.537795e-05 5.917852e-07
5576 5.532526e-05 5.909147e-07
5577 5.527267e-05 5.900455e-07
5578 5.522016e-05 5.891776e-07
5579 5.516775e-05 5.883110e-07
5580 5.511543e-05 5.874456e-07
5581 5.506321e-05 5.865815e-07
5582 5.501107e-05 5.857187e-07
5583 5.495903e-05 5.848572e-07
5584 5.490708e-05 5.839969e-07
5585 5.485522e-05 5.831379e-07
5586 5.480345e-05 5.822801e-07
5587 5.475178e-05 5.814236e-07
5588 5.470019e-05 5.805684e-07
5589 5.464870e-05 5.797144e-07
5590 5.459730e-05 5.788617e-07
5591 5.454599e-05 5.780102e-07
5592 5.449477e-05 5.771600e-07
5593 5.444364e-05 5.763111e-07
5594 5.439260e-05 5.754634e-07
5595 5.434165e-05 5.746169e-07
5596 5.429079e-05 5.737717e-07
5597 5.424002e-05 5.729277e-07
5598 5.418935e-05 5.720850e-07
5599 5.413876e-05 5.712435e-07
5600 5.408826e-05 5.704032e-07
5601 5.403785e-05 5.695642e-07
5602 5.398753e-05 5.687264e-07
5603 5.393730e-05 5.678898e-07
5604 5.388716e-05 5.670545e-07
5605 5.383710e-05 5.662204e-07
5606 5.378714e-05 5.653876e-07
5607 5.373727e-05 5.645559e-07
5608 5.368748e-05 5.637255e-07
5609 5.363778e-05 5.628963e-07
5610 5.358817e-05 5.620683e-07
5611 5.353865e-05 5.612416e-07
5612 5.348922e-05 5.604160e-07
5613 5.343987e-05 5.595917e-07
5614 5.339062e-05 5.587686e-07
5615 5.334145e-05 5.579467e-07
5616 5.329237e-05 5.571260e-07
5617 5.324337e-05 5.563065e-07
5618 5.319446e-05 5.554882e-07
5619 5.314564e-05 5.546711e-07
5620 5.309691e-05 5.538552e-07
5621 5.304826e-05 5.530405e-07
5622 5.299971e-05 5.522271e-07
5623 5.295123e-05 5.514148e-07
5624 5.290285e-05 5.506037e-07
5625 5.285455e-05 5.497938e-07
5626 5.280633e-05 5.489851e-07
5627 5.275821e-05 5.481776e-07
5628 5.271017e-05 5.473712e-07
5629 5.266221e-05 5.465661e-07
5630 5.261434e-05 5.457621e-07
5631 5.256656e-05 5.449594e-07
5632 5.251886e-05 5.441578e-07
5633 5.247125e-05 5.433574e-07
5634 5.242372e-05 5.425581e-07
5635 5.237628e-05 5.417600e-07
5636 5.232892e-05 5.409632e-07
5637 5.228165e-05 5.401674e-07
5638 5.223446e-05 5.393729e-07
5639 5.218735e-05 5.385795e-07
5640 5.214033e-05 5.377873e-07
5641 5.209340e-05 5.369963e-07
5642 5.204655e-05 5.362064e-07
5643 5.199978e-05 5.354177e-07
5644 5.195310e-05 5.346301e-07
5645 5.190650e-05 5.338437e-07
5646 5.185999e-05 5.330585e-07
5647 5.181355e-05 5.322744e-07
5648 5.176721e-05 5.314914e-07
5649 5.172094e-05 5.307096e-07
5650 5.167476e-05 5.299290e-07
5651 5.162866e-05 5.291495e-07
5652 5.158265e-05 5.283712e-07
5653 5.153671e-05 5.275940e-07
5654 5.149086e-05 5.268179e-07
5655 5.144510e-05 5.260430e-07
5656 5.139941e-05 5.252693e-07
5657 5.135381e-05 5.244966e-07
5658 5.130829e-05 5.237251e-07
5659 5.126285e-05 5.229548e-07
5660 5.121749e-05 5.221855e-07
5661 5.117222e-05 5.214174e-07
5662 5.112703e-05 5.206505e-07
5663 5.108191e-05 5.198846e-07
5664 5.103688e-05 5.191199e-07
5665 5.099194e-05 5.183563e-07
5666 5.094707e-05 5.175939e-07
5667 5.090228e-05 5.168325e-07
5668 5.085758e-05 5.160723e-07
5669 5.081295e-05 5.153132e-07
5670 5.076841e-05 5.145552e-07
5671 5.072394e-05 5.137984e-07
5672 5.067956e-05 5.130426e-07
5673 5.063526e-05 5.122879e-07
5674 5.059103e-05 5.115344e-07
5675 5.054689e-05 5.107820e-07
5676 5.050283e-05 5.100307e-07
5677 5.045885e-05 5.092804e-07
5678 5.041494e-05 5.085313e-07
5679 5.037112e-05 5.077833e-07
5680 5.032738e-05 5.070364e-07
5681 5.028371e-05 5.062906e-07
5682 5.024013e-05 5.055459e-07
5683 5.019662e-05 5.048023e-07
5684 5.015319e-05 5.040597e-07
5685 5.010984e-05 5.033183e-07
5686 5.006658e-05 5.025779e-07
5687 5.002338e-05 5.018387e-07
5688 4.998027e-05 5.011005e-07
5689 4.993724e-05 5.003634e-07
5690 4.989428e-05 4.996274e-07
5691 4.985140e-05 4.988925e-07
5692 4.980860e-05 4.981587e-07
5693 4.976588e-05 4.974259e-07
5694 4.972324e-05 4.966943e-07
5695 4.968067e-05 4.959637e-07
5696 4.963818e-05 4.952341e-07
5697 4.959577e-05 4.945057e-07
5698 4.955344e-05 4.937783e-07
5699 4.951118e-05 4.930520e-07
5700 4.946900e-05 4.923267e-07
5701 4.942690e-05 4.916026e-07
5702 4.938487e-05 4.908795e-07
5703 4.934292e-05 4.901574e-07
5704 4.930105e-05 4.894364e-07
5705 4.925925e-05 4.887165e-07
5706 4.921753e-05 4.879976e-07
5707 4.917589e-05 4.872798e-07
5708 4.913432e-05 4.865631e-07
5709 4.909283e-05 4.858474e-07
5710 4.905141e-05 4.851327e-07
5711 4.901007e-05 4.844191e-07
5712 4.896880e-05 4.837066e-07
5713 4.892762e-05 4.829951e-07
5714 4.888650e-05 4.822846e-07
5715 4.884546e-05 4.815752e-07
5716 4.880450e-05 4.808669e-07
5717 4.876361e-05 4.801596e-07
5718 4.872280e-05 4.794533e-07
5719 4.868206e-05 4.787480e-07
5720 4.864140e-05 4.780438e-07
5721 4.860081e-05 4.773407e-07
5722 4.856029e-05 4.766385e-07
5723 4.851985e-05 4.759374e-07
5724 4.847948e-05 4.752374e-07
5725 4.843919e-05 4.745383e-07
5726 4.839897e-05 4.738403e-07
5727 4.835883e-05 4.731433e-07
5728 4.831876e-05 4.724474e-07
5729 4.827876e-05 4.717524e-07
5730 4.823884e-05 4.710585e-07
5731 4.819899e-05 4.703656e-07
5732 4.815921e-05 4.696738e-07
5733 4.811951e-05 4.689829e-07
5734 4.807988e-05 4.682931e-07
5735 4.804032e-05 4.676042e-07
5736 4.800084e-05 4.669164e-07
5737 4.796142e-05 4.662296e-07
5738 4.792209e-05 4.655438e-07
5739 4.788282e-05 4.648591e-07
5740 4.784362e-05 4.641753e-07
5741 4.780450e-05 4.634925e-07
5742 4.776545e-05 4.628108e-07
5743 4.772648e-05 4.621300e-07
5744 4.768757e-05 4.614502e-07
5745 4.764874e-05 4.607715e-07
5746 4.760997e-05 4.600937e-07
5747 4.757128e-05 4.594170e-07
5748 4.753266e-05 4.587412e-07
5749 4.749412e-05 4.580664e-07
5750 4.745564e-05 4.573926e-07
5751 4.741723e-05 4.567198e-07
5752 4.737890e-05 4.560480e-07
5753 4.734064e-05 4.553772e-07
5754 4.730244e-05 4.547074e-07
5755 4.726432e-05 4.540386e-07
5756 4.722627e-05 4.533707e-07
5757 4.718829e-05 4.527038e-07
5758 4.715038e-05 4.520379e-07
5759 4.711254e-05 4.513730e-07
5760 4.707477e-05 4.507091e-07
5761 4.703707e-05 4.500461e-07
5762 4.699944e-05 4.493841e-07
5763 4.696188e-05 4.487231e-07
5764 4.692439e-05 4.480631e-07
5765 4.688697e-05 4.474040e-07
5766 4.684962e-05 4.467459e-07
5767 4.681233e-05 4.460888e-07
5768 4.677512e-05 4.454326e-07
5769 4.673798e-05 4.447774e-07
5770 4.670090e-05 4.441232e-07
5771 4.666390e-05 4.434699e-07
5772 4.662696e-05 4.428176e-07
5773 4.659009e-05 4.421663e-07
5774 4.655329e-05 4.415159e-07
5775 4.651656e-05 4.408664e-07
5776 4.647990e-05 4.402180e-07
5777 4.644330e-05 4.395704e-07
5778 4.640678e-05 4.389239e-07
5779 4.637032e-05 4.382782e-07
5780 4.633393e-05 4.376336e-07
5781 4.629761e-05 4.369898e-07
5782 4.626135e-05 4.363470e-07
5783 4.622517e-05 4.357052e-07
5784 4.618905e-05 4.350643e-07
5785 4.615299e-05 4.344244e-07
5786 4.611701e-05 4.337854e-07
5787 4.608109e-05 4.331473e-07
5788 4.604524e-05 4.325102e-07
5789 4.600946e-05 4.318740e-07
5790 4.597374e-05 4.312387e-07
5791 4.593809e-05 4.306044e-07
5792 4.590251e-05 4.299710e-07
5793 4.586699e-05 4.293386e-07
5794 4.583154e-05 4.287070e-07
5795 4.579616e-05 4.280764e-07
5796 4.576084e-05 4.274468e-07
5797 4.572559e-05 4.268180e-07
5798 4.569040e-05 4.261902e-07
5799 4.565528e-05 4.255633e-07
5800 4.562023e-05 4.249373e-07
5801 4.558524e-05 4.243123e-07
5802 4.555032e-05 4.236882e-07
5803 4.551546e-05 4.230650e-07
5804 4.548067e-05 4.224427e-07
5805 4.544594e-05 4.218213e-07
5806 4.541128e-05 4.212008e-07
5807 4.537669e-05 4.205812e-07
5808 4.534216e-05 4.199626e-07
5809 4.530769e-05 4.193449e-07
5810 4.527329e-05 4.187280e-07
5811 4.523895e-05 4.181121e-07
5812 4.520468e-05 4.174971e-07
5813 4.517047e-05 4.168830e-07
5814 4.513633e-05 4.162698e-07
5815 4.510225e-05 4.156575e-07
5816 4.506823e-05 4.150461e-07
5817 4.503428e-05 4.144356e-07
5818 4.500039e-05 4.138260e-07
5819 4.496657e-05 4.132173e-07
5820 4.493281e-05 4.126095e-07
5821 4.489912e-05 4.120026e-07
5822 4.486548e-05 4.113965e-07
5823 4.483191e-05 4.107914e-07
5824 4.479841e-05 4.101872e-07
5825 4.476497e-05 4.095838e-07
5826 4.473159e-05 4.089813e-07
5827 4.469827e-05 4.083798e-07
5828 4.466502e-05 4.077791e-07
5829 4.463183e-05 4.071792e-07
5830 4.459870e-05 4.065803e-07
5831 4.456563e-05 4.059823e-07
5832 4.453263e-05 4.053851e-07
5833 4.449969e-05 4.047888e-07
5834 4.446681e-05 4.041934e-07
5835 4.443399e-05 4.035988e-07
5836 4.440124e-05 4.030052e-07
5837 4.436855e-05 4.024124e-07
5838 4.433592e-05 4.018205e-07
5839 4.430335e-05 4.012294e-07
5840 4.427084e-05 4.006392e-07
5841 4.423840e-05 4.000499e-07
5842 4.420601e-05 3.994615e-07
5843 4.417369e-05 3.988739e-07
5844 4.414143e-05 3.982872e-07
5845 4.410923e-05 3.977014e-07
5846 4.407709e-05 3.971164e-07
5847 4.404501e-05 3.965322e-07
5848 4.401299e-05 3.959490e-07
5849 4.398104e-05 3.953666e-07
5850 4.394914e-05 3.947850e-07
5851 4.391731e-05 3.942043e-07
5852 4.388553e-05 3.936245e-07
5853 4.385382e-05 3.930455e-07
5854 4.382216e-05 3.924673e-07
5855 4.379057e-05 3.918900e-07
5856 4.375904e-05 3.913136e-07
5857 4.372756e-05 3.907380e-07
5858 4.369615e-05 3.901632e-07
5859 4.366480e-05 3.895893e-07
5860 4.363350e-05 3.890163e-07
5861 4.360227e-05 3.884441e-07
5862 4.357109e-05 3.878727e-07
5863 4.353997e-05 3.873022e-07
5864 4.350892e-05 3.867325e-07
5865 4.347792e-05 3.861636e-07
5866 4.344698e-05 3.855956e-07
5867 4.341610e-05 3.850284e-07
5868 4.338528e-05 3.844621e-07
5869 4.335452e-05 3.838966e-07
5870 4.332382e-05 3.833319e-07
5871 4.329317e-05 3.827680e-07
5872 4.326259e-05 3.822050e-07
5873 4.323206e-05 3.816428e-07
5874 4.320159e-05 3.810814e-07
5875 4.317118e-05 3.805209e-07
5876 4.314083e-05 3.799612e-07
5877 4.311053e-05 3.794023e-07
5878 4.308029e-05 3.788442e-07
5879 4.305011e-05 3.782870e-07
5880 4.301999e-05 3.777305e-07
5881 4.298993e-05 3.771749e-07
5882 4.295992e-05 3.766201e-07
5883 4.292997e-05 3.760661e-07
5884 4.290008e-05 3.755130e-07
5885 4.287025e-05 3.749606e-07
5886 4.284047e-05 3.744091e-07
5887 4.281075e-05 3.738583e-07
5888 4.278109e-05 3.733084e-07
5889 4.275148e-05 3.727593e-07
5890 4.272193e-05 3.722110e-07
5891 4.269244e-05 3.716635e-07
5892 4.266300e-05 3.711168e-07
5893 4.263362e-05 3.705710e-07
5894 4.260430e-05 3.700259e-07
5895 4.257503e-05 3.694816e-07
5896 4.254582e-05 3.689381e-07
5897 4.251667e-05 3.683954e-07
5898 4.248757e-05 3.678535e-07
5899 4.245853e-05 3.673125e-07
5900 4.242954e-05 3.667722e-07
5901 4.240061e-05 3.662327e-07
5902 4.237173e-05 3.656940e-07
5903 4.234291e-05 3.651561e-07
5904 4.231415e-05 3.646189e-07
5905 4.228544e-05 3.640826e-07
5906 4.225678e-05 3.635471e-07
5907 4.222819e-05 3.630123e-07
5908 4.219964e-05 3.624784e-07
5909 4.217115e-05 3.619452e-07
5910 4.214272e-05 3.614128e-07
5911 4.211434e-05 3.608812e-07
5912 4.208602e-05 3.603504e-07
5913 4.205775e-05 3.598203e-07
5914 4.202953e-05 3.592910e-07
5915 4.200137e-05 3.587625e-07
5916 4.197326e-05 3.582348e-07
5917 4.194521e-05 3.577079e-07
5918 4.191721e-05 3.571817e-07
5919 4.188927e-05 3.566563e-07
5920 4.186138e-05 3.561317e-07
5921 4.183354e-05 3.556079e-07
5922 4.180576e-05 3.550848e-07
5923 4.177803e-05 3.545625e-07
5924 4.175036e-05 3.540410e-07
5925 4.172274e-05 3.535202e-07
5926 4.169517e-05 3.530002e-07
5927 4.166765e-05 3.524810e-07
5928 4.164019e-05 3.519625e-07
5929 4.161278e-05 3.514448e-07
5930 4.158543e-05 3.509278e-07
5931 4.155813e-05 3.504116e-07
5932 4.153088e-05 3.498962e-07
5933 4.150368e-05 3.493815e-07
5934 4.147654e-05 3.488676e-07
5935 4.144945e-05 3.483545e-07
5936 4.142241e-05 3.478421e-07
5937 4.139542e-05 3.473304e-07
5938 4.136849e-05 3.468195e-07
5939 4.134160e-05 3.463094e-07
5940 4.131477e-05 3.458000e-07
5941 4.128800e-05 3.452913e-07
5942 4.126127e-05 3.447834e-07
5943 4.123460e-05 3.442763e-07
5944 4.120798e-05 3.437699e-07
5945 4.118141e-05 3.432642e-07
5946 4.115489e-05 3.427593e-07
5947 4.112842e-05 3.422551e-07
5948 4.110200e-05 3.417517e-07
5949 4.107564e-05 3.412490e-07
5950 4.104933e-05 3.407471e-07
5951 4.102307e-05 3.402458e-07
5952 4.099686e-05 3.397454e-07
5953 4.097070e-05 3.392456e-07
5954 4.094459e-05 3.387466e-07
5955 4.091853e-05 3.382483e-07
5956 4.089252e-05 3.377508e-07
5957 4.086657e-05 3.372540e-07
5958 4.084066e-05 3.367579e-07
5959 4.081480e-05 3.362626e-07
5960 4.078900e-05 3.357680e-07
5961 4.076325e-05 3.352741e-07
5962 4.073754e-05 3.347809e-07
5963 4.071189e-05 3.342885e-07
5964 4.068628e-05 3.337968e-07
5965 4.066073e-05 3.333058e-07
5966 4.063522e-05 3.328155e-07
5967 4.060977e-05 3.323260e-07
5968 4.058436e-05 3.318371e-07
5969 4.055901e-05 3.313490e-07
5970 4.053370e-05 3.308616e-07
5971 4.050845e-05 3.303750e-07
5972 4.048324e-05 3.298890e-07
5973 4.045808e-05 3.294038e-07
5974 4.043297e-05 3.289192e-07
5975 4.040791e-05 3.284354e-07
5976 4.038290e-05 3.279523e-07
5977 4.035794e-05 3.274699e-07
5978 4.033303e-05 3.269882e-07
5979 4.030817e-05 3.265073e-07
5980 4.028335e-05 3.260270e-07
5981 4.025858e-05 3.255474e-07
5982 4.023387e-05 3.250686e-07
5983 4.020920e-05 3.245904e-07
5984 4.018458e-05 3.241130e-07
5985 4.016000e-05 3.236362e-07
5986 4.013548e-05 3.231602e-07
5987 4.011100e-05 3.226848e-07
5988 4.008657e-05 3.222102e-07
5989 4.006219e-05 3.217362e-07
5990 4.003786e-05 3.212630e-07
5991 4.001357e-05 3.207904e-07
5992 3.998933e-05 3.203186e-07
5993 3.996514e-05 3.198474e-07
5994 3.994100e-05 3.193769e-07
5995 3.991691e-05 3.189072e-07
5996 3.989286e-05 3.184381e-07
5997 3.986886e-05 3.179697e-07
5998 3.984491e-05 3.175020e-07
5999 3.982100e-05 3.170349e-07
6000 3.979714e-05 3.165686e-07
6001 3.977333e-05 3.161030e-07
6002 3.974956e-05 3.156380e-07
6003 3.972584e-05 3.151737e-07
6004 3.970217e-05 3.147101e-07
6005 3.967855e-05 3.142472e-07
6006 3.965497e-05 3.137850e-07
6007 3.963143e-05 3.133234e-07
6008 3.960795e-05 3.128625e-07
6009 3.958451e-05 3.124023e-07
6010 3.956111e-05 3.119428e-07
6011 3.953777e-05 3.114840e-07
6012 3.951446e-05 3.110258e-07
6013 3.949121e-05 3.105683e-07
6014 3.946800e-05 3.101115e-07
6015 3.944483e-05 3.096553e-07
6016 3.942172e-05 3.091999e-07
6017 3.939864e-05 3.087450e-07
6018 3.937562e-05 3.082909e-07
6019 3.935263e-05 3.078374e-07
6020 3.932970e-05 3.073846e-07
6021 3.930681e-05 3.069325e-07
6022 3.928396e-05 3.064810e-07
6023 3.926116e-05 3.060302e-07
6024 3.923840e-05 3.055801e-07
6025 3.921569e-05 3.051306e-07
6026 3.919303e-05 3.046817e-07
6027 3.917041e-05 3.042336e-07
6028 3.914783e-05 3.037861e-07
6029 3.912530e-05 3.033392e-07
6030 3.910281e-05 3.028930e-07
6031 3.908037e-05 3.024475e-07
6032 3.905797e-05 3.020026e-07
6033 3.903561e-05 3.015584e-07
6034 3.901331e-05 3.011148e-07
6035 3.899104e-05 3.006719e-07
6036 3.896882e-05 3.002296e-07
6037 3.894664e-05 2.997880e-07
6038 3.892451e-05 2.993471e-07
6039 3.890242e-05 2.989067e-07
6040 3.888037e-05 2.984671e-07
6041 3.885837e-05 2.980281e-07
6042 3.883641e-05 2.975897e-07
6043 3.881450e-05 2.971519e-07
6044 3.879262e-05 2.967149e-07
6045 3.877080e-05 2.962784e-07
6046 3.874901e-05 2.958426e-07
6047 3.872727e-05 2.954074e-07
6048 3.870557e-05 2.949729e-07
6049 3.868391e-05 2.945390e-07
6050 3.866230e-05 2.941058e-07
6051 3.864073e-05 2.936732e-07
6052 3.861921e-05 2.932412e-07
6053 3.859772e-05 2.928099e-07
6054 3.857628e-05 2.923792e-07
6055 3.855488e-05 2.919491e-07
6056 3.853353e-05 2.915197e-07
6057 3.851221e-05 2.910909e-07
6058 3.849094e-05 2.906627e-07
6059 3.846971e-05 2.902352e-07
6060 3.844853e-05 2.898082e-07
6061 3.842738e-05 2.893820e-07
6062 3.840628e-05 2.889563e-07
6063 3.838522e-05 2.885313e-07
6064 3.836420e-05 2.881069e-07
6065 3.834322e-05 2.876831e-07
6066 3.832229e-05 2.872599e-07
6067 3.830139e-05 2.868374e-07
6068 3.828054e-05 2.864155e-07
6069 3.825973e-05 2.859942e-07
6070 3.823896e-05 2.855735e-07
6071 3.821824e-05 2.851534e-07
6072 3.819755e-05 2.847340e-07
6073 3.817691e-05 2.843152e-07
6074 3.815630e-05 2.838970e-07
6075 3.813574e-05 2.834794e-07
6076 3.811522e-05 2.830624e-07
6077 3.809474e-05 2.826460e-07
6078 3.807430e-05 2.822303e-07
6079 3.805390e-05 2.818151e-07
6080 3.803354e-05 2.814006e-07
6081 3.801322e-05 2.809867e-07
6082 3.799295e-05 2.805734e-07
6083 3.797271e-05 2.801607e-07
6084 3.795252e-05 2.797486e-07
6085 3.793236e-05 2.793371e-07
6086 3.791224e-05 2.789262e-07
6087 3.789217e-05 2.785159e-07
6088 3.787213e-05 2.781062e-07
6089 3.785214e-05 2.776972e-07
6090 3.783219e-05 2.772887e-07
6091 3.781227e-05 2.768808e-07
6092 3.779240e-05 2.764736e-07
6093 3.777256e-05 2.760669e-07
6094 3.775276e-05 2.756608e-07
6095 3.773301e-05 2.752553e-07
6096 3.771329e-05 2.748505e-07
6097 3.769361e-05 2.744462e-07
6098 3.767398e-05 2.740425e-07
6099 3.765438e-05 2.736394e-07
6100 3.763482e-05 2.732369e-07
6101 3.761530e-05 2.728350e-07
6102 3.759582e-05 2.724336e-07
6103 3.757638e-05 2.720329e-07
6104 3.755697e-05 2.716328e-07
6105 3.753761e-05 2.712332e-07
6106 3.751829e-05 2.708343e-07
6107 3.749900e-05 2.704359e-07
6108 3.747975e-05 2.700381e-07
6109 3.746054e-05 2.696409e-07
6110 3.744137e-05 2.692443e-07
6111 3.742224e-05 2.688482e-07
6112 3.740315e-05 2.684528e-07
6113 3.738409e-05 2.680579e-07
6114 3.736507e-05 2.676636e-07
6115 3.734610e-05 2.672699e-07
6116 3.732715e-05 2.668768e-07
6117 3.730825e-05 2.664842e-07
6118 3.728939e-05 2.660922e-07
6119 3.727056e-05 2.657008e-07
6120 3.725177e-05 2.653100e-07
6121 3.723302e-05 2.649197e-07
6122 3.721431e-05 2.645301e-07
6123 3.719563e-05 2.641410e-07
6124 3.717699e-05 2.637524e-07
6125 3.715839e-05 2.633645e-07
6126 3.713983e-05 2.629771e-07
6127 3.712130e-05 2.625903e-07
6128 3.710281e-05 2.622040e-07
6129 3.708436e-05 2.618183e-07
6130 3.706595e-05 2.614332e-07
6131 3.704757e-05 2.610487e-07
6132 3.702923e-05 2.606647e-07
6133 3.701093e-05 2.602813e-07
6134 3.699266e-05 2.598984e-07
6135 3.697443e-05 2.595161e-07
6136 3.695624e-05 2.591344e-07
6137 3.693808e-05 2.587532e-07
6138 3.691996e-05 2.583726e-07
6139 3.690188e-05 2.579926e-07
6140 3.688383e-05 2.576131e-07
6141 3.686582e-05 2.572341e-07
6142 3.684784e-05 2.568558e-07
6143 3.682991e-05 2.564780e-07
6144 3.681200e-05 2.561007e-07
6145 3.679414e-05 2.557240e-07
6146 3.677631e-05 2.553478e-07
6147 3.675852e-05 2.549722e-07
6148 3.674076e-05 2.545972e-07
6149 3.672304e-05 2.542227e-07
6150 3.670535e-05 2.538488e-07
6151 3.668770e-05 2.534754e-07
6152 3.667008e-05 2.531025e-07
6153 3.665251e-05 2.527302e-07
6154 3.663496e-05 2.523585e-07
6155 3.661745e-05 2.519873e-07
6156 3.659998e-05 2.516166e-07
6157 3.658254e-05 2.512465e-07
6158 3.656514e-05 2.508770e-07
6159 3.654777e-05 2.505079e-07
6160 3.653044e-05 2.501395e-07
6161 3.651314e-05 2.497715e-07
6162 3.649588e-05 2.494041e-07
6163 3.647865e-05 2.490373e-07
6164 3.646146e-05 2.486710e-07
6165 3.644430e-05 2.483052e-07
6166 3.642718e-05 2.479399e-07
6167 3.641009e-05 2.475752e-07
6168 3.639304e-05 2.472111e-07
6169 3.637602e-05 2.468474e-07
6170 3.635904e-05 2.464843e-07
6171 3.634209e-05 2.461218e-07
6172 3.632517e-05 2.457598e-07
6173 3.630829e-05 2.453983e-07
6174 3.629144e-05 2.450373e-07
6175 3.627463e-05 2.446769e-07
6176 3.625785e-05 2.443170e-07
6177 3.624110e-05 2.439576e-07
6178 3.622439e-05 2.435988e-07
6179 3.620771e-05 2.432404e-07
6180 3.619107e-05 2.428827e-07
6181 3.617446e-05 2.425254e-07
6182 3.615788e-05 2.421687e-07
6183 3.614134e-05 2.418124e-07
6184 3.612483e-05 2.414568e-07
6185 3.610836e-05 2.411016e-07
6186 3.609191e-05 2.407469e-07
6187 3.607550e-05 2.403928e-07
6188 3.605913e-05 2.400392e-07
6189 3.604279e-05 2.396861e-07
6190 3.602648e-05 2.393336e-07
6191 3.601020e-05 2.389815e-07
6192 3.599396e-05 2.386300e-07
6193 3.597775e-05 2.382790e-07
6194 3.596157e-05 2.379285e-07
6195 3.594543e-05 2.375785e-07
6196 3.592931e-05 2.372291e-07
6197 3.591323e-05 2.368801e-07
6198 3.589719e-05 2.365317e-07
6199 3.588117e-05 2.361838e-07
6200 3.586519e-05 2.358364e-07
6201 3.584924e-05 2.354895e-07
6202 3.583333e-05 2.351431e-07
6203 3.581744e-05 2.347972e-07
6204 3.580159e-05 2.344518e-07
6205 3.578577e-05 2.341070e-07
6206 3.576999e-05 2.337626e-07
6207 3.575423e-05 2.334188e-07
6208 3.573851e-05 2.330754e-07
6209 3.572282e-05 2.327326e-07
6210 3.570716e-05 2.323903e-07
6211 3.569153e-05 2.320484e-07
6212 3.567593e-05 2.317071e-07
6213 3.566037e-05 2.313663e-07
6214 3.564484e-05 2.310260e-07
6215 3.562934e-05 2.306861e-07
6216 3.561387e-05 2.303468e-07
6217 3.559843e-05 2.300080e-07
6218 3.558303e-05 2.296697e-07
6219 3.556765e-05 2.293318e-07
6220 3.555231e-05 2.289945e-07
6221 3.553699e-05 2.286577e-07
6222 3.552171e-05 2.283213e-07
6223 3.550646e-05 2.279855e-07
6224 3.549125e-05 2.276502e-07
6225 3.547606e-05 2.273153e-07
6226 3.546090e-05 2.269809e-07
6227 3.544577e-05 2.266471e-07
6228 3.543068e-05 2.263137e-07
6229 3.541561e-05 2.259808e-07
6230 3.540058e-05 2.256484e-07
6231 3.538558e-05 2.253165e-07
6232 3.537061e-05 2.249850e-07
6233 3.535566e-05 2.246541e-07
6234 3.534075e-05 2.243237e-07
6235 3.532587e-05 2.239937e-07
6236 3.531102e-05 2.236642e-07
6237 3.529620e-05 2.233352e-07
6238 3.528141e-05 2.230067e-07
6239 3.526665e-05 2.226787e-07
6240 3.525192e-05 2.223511e-07
6241 3.523722e-05 2.220241e-07
6242 3.522255e-05 2.216975e-07
6243 3.520791e-05 2.213714e-07
6244 3.519330e-05 2.210458e-07
6245 3.517872e-05 2.207206e-07
6246 3.516417e-05 2.203960e-07
6247 3.514965e-05 2.200718e-07
6248 3.513516e-05 2.197481e-07
6249 3.512070e-05 2.194249e-07
6250 3.510627e-05 2.191021e-07
6251 3.509186e-05 2.187798e-07
6252 3.507749e-05 2.184580e-07
6253 3.506315e-05 2.181367e-07
6254 3.504883e-05 2.178158e-07
6255 3.503455e-05 2.174954e-07
6256 3.502029e-05 2.171755e-07
6257 3.500606e-05 2.168560e-07
6258 3.499187e-05 2.165371e-07
6259 3.497770e-05 2.162186e-07
6260 3.496356e-05 2.159005e-07
6261 3.494945e-05 2.155829e-07
6262 3.493537e-05 2.152658e-07
6263 3.492131e-05 2.149492e-07
6264 3.490729e-05 2.146330e-07
6265 3.489329e-05 2.143173e-07
6266 3.487933e-05 2.140021e-07
6267 3.486539e-05 2.136873e-07
6268 3.485148e-05 2.133730e-07
6269 3.483760e-05 2.130591e-07
6270 3.482374e-05 2.127457e-07
6271 3.480992e-05 2.124328e-07
6272 3.479612e-05 2.121203e-07
6273 3.478235e-05 2.118083e-07
6274 3.476861e-05 2.114967e-07
6275 3.475490e-05 2.111856e-07
6276 3.474122e-05 2.108750e-07
6277 3.472756e-05 2.105648e-07
6278 3.471393e-05 2.102551e-07
6279 3.470033e-05 2.099458e-07
6280 3.468676e-05 2.096370e-07
6281 3.467322e-05 2.093287e-07
6282 3.465970e-05 2.090207e-07
6283 3.464621e-05 2.087133e-07
6284 3.463275e-05 2.084063e-07
6285 3.461932e-05 2.080997e-07
6286 3.460591e-05 2.077936e-07
6287 3.459253e-05 2.074880e-07
6288 3.457918e-05 2.071828e-07
6289 3.456586e-05 2.068780e-07
6290 3.455256e-05 2.065737e-07
6291 3.453929e-05 2.062699e-07
6292 3.452605e-05 2.059665e-07
6293 3.451283e-05 2.056635e-07
6294 3.449964e-05 2.053610e-07
6295 3.448648e-05 2.050589e-07
6296 3.447335e-05 2.047573e-07
6297 3.446024e-05 2.044561e-07
6298 3.444716e-05 2.041554e-07
6299 3.443411e-05 2.038551e-07
6300 3.442108e-05 2.035552e-07
6301 3.440808e-05 2.032558e-07
6302 3.439511e-05 2.029568e-07
6303 3.438216e-05 2.026583e-07
6304 3.436924e-05 2.023602e-07
6305 3.435635e-05 2.020626e-07
6306 3.434348e-05 2.017653e-07
6307 3.433064e-05 2.014686e-07
6308 3.431783e-05 2.011722e-07
6309 3.430504e-05 2.008763e-07
6310 3.429228e-05 2.005808e-07
6311 3.427954e-05 2.002858e-07
6312 3.426683e-05 1.999912e-07
6313 3.425415e-05 1.996970e-07
6314 3.424149e-05 1.994033e-07
6315 3.422886e-05 1.991100e-07
6316 3.421625e-05 1.988171e-07
6317 3.420367e-05 1.985246e-07
6318 3.419112e-05 1.982326e-07
6319 3.417859e-05 1.979410e-07
6320 3.416609e-05 1.976499e-07
6321 3.415361e-05 1.973592e-07
6322 3.414116e-05 1.970689e-07
6323 3.412874e-05 1.967790e-07
6324 3.411634e-05 1.964895e-07
6325 3.410396e-05 1.962005e-07
6326 3.409161e-05 1.959119e-07
6327 3.407929e-05 1.956237e-07
6328 3.406699e-05 1.953360e-07
6329 3.405472e-05 1.950487e-07
6330 3.404247e-05 1.947618e-07
6331 3.403025e-05 1.944753e-07
6332 3.401805e-05 1.941892e-07
6333 3.400588e-05 1.939036e-07
6334 3.399373e-05 1.936184e-07
6335 3.398161e-05 1.933336e-07
6336 3.396951e-05 1.930492e-07
6337 3.395744e-05 1.927652e-07
6338 3.394539e-05 1.924817e-07
6339 3.393337e-05 1.921986e-07
6340 3.392137e-05 1.919159e-07
6341 3.390940e-05 1.916336e-07
6342 3.389745e-05 1.913517e-07
6343 3.388552e-05 1.910702e-07
6344 3.387362e-05 1.907892e-07
6345 3.386175e-05 1.905085e-07
6346 3.384990e-05 1.902283e-07
6347 3.383807e-05 1.899485e-07
6348 3.382627e-05 1.896691e-07
6349 3.381449e-05 1.893901e-07
6350 3.380273e-05 1.891115e-07
6351 3.379100e-05 1.888334e-07
6352 3.377930e-05 1.885556e-07
6353 3.376762e-05 1.882782e-07
6354 3.375596e-05 1.880013e-07
6355 3.374433e-05 1.877248e-07
6356 3.373272e-05 1.874486e-07
6357 3.372113e-05 1.871729e-07
6358 3.370957e-05 1.868976e-07
6359 3.369803e-05 1.866227e-07
6360 3.368652e-05 1.863482e-07
6361 3.367503e-05 1.860741e-07
6362 3.366356e-05 1.858004e-07
6363 3.365212e-05 1.855271e-07
6364 3.364070e-05 1.852542e-07
6365 3.362930e-05 1.849817e-07
6366 3.361793e-05 1.847096e-07
6367 3.360658e-05 1.844379e-07
6368 3.359525e-05 1.841666e-07
6369 3.358395e-05 1.838957e-07
6370 3.357267e-05 1.836252e-07
6371 3.356141e-05 1.833551e-07
6372 3.355018e-05 1.830854e-07
6373 3.353897e-05 1.828161e-07
6374 3.352778e-05 1.825472e-07
6375 3.351662e-05 1.822787e-07
6376 3.350548e-05 1.820106e-07
6377 3.349436e-05 1.817428e-07
6378 3.348326e-05 1.814755e-07
6379 3.347219e-05 1.812086e-07
6380 3.346114e-05 1.809420e-07
6381 3.345011e-05 1.806759e-07
6382 3.343911e-05 1.804101e-07
6383 3.342813e-05 1.801447e-07
6384 3.341717e-05 1.798798e-07
6385 3.340623e-05 1.796152e-07
6386 3.339532e-05 1.793510e-07
6387 3.338443e-05 1.790872e-07
6388 3.337356e-05 1.788237e-07
6389 3.336271e-05 1.785607e-07
6390 3.335189e-05 1.782980e-07
6391 3.334109e-05 1.780358e-07
6392 3.333031e-05 1.777739e-07
6393 3.331955e-05 1.775124e-07
6394 3.330881e-05 1.772513e-07
6395 3.329810e-05 1.769906e-07
6396 3.328741e-05 1.767302e-07
6397 3.327674e-05 1.764703e-07
6398 3.326609e-05 1.762107e-07
6399 3.325547e-05 1.759515e-07
6400 3.324487e-05 1.756927e-07
6401 3.323428e-05 1.754343e-07
6402 3.322373e-05 1.751762e-07
6403 3.321319e-05 1.749186e-07
6404 3.320267e-05 1.746613e-07
6405 3.319218e-05 1.744043e-07
6406 3.318170e-05 1.741478e-07
6407 3.317125e-05 1.738917e-07
6408 3.316082e-05 1.736359e-07
6409 3.315041e-05 1.733805e-07
6410 3.314003e-05 1.731254e-07
6411 3.312966e-05 1.728708e-07
6412 3.311932e-05 1.726165e-07
6413 3.310900e-05 1.723626e-07
6414 3.309869e-05 1.721091e-07
6415 3.308841e-05 1.718559e-07
6416 3.307816e-05 1.716031e-07
6417 3.306792e-05 1.713507e-07
6418 3.305770e-05 1.710987e-07
6419 3.304751e-05 1.708470e-07
6420 3.303733e-05 1.705957e-07
6421 3.302718e-05 1.703447e-07
6422 3.301704e-05 1.700942e-07
6423 3.300693e-05 1.698440e-07
6424 3.299684e-05 1.695942e-07
6425 3.298677e-05 1.693447e-07
6426 3.297672e-05 1.690956e-07
6427 3.296669e-05 1.688469e-07
6428 3.295668e-05 1.685985e-07
6429 3.294670e-05 1.683505e-07
6430 3.293673e-05 1.681029e-07
6431 3.292678e-05 1.678556e-07
6432 3.291686e-05 1.676087e-07
6433 3.290695e-05 1.673622e-07
6434 3.289707e-05 1.671160e-07
6435 3.288720e-05 1.668702e-07
6436 3.287736e-05 1.666247e-07
6437 3.286753e-05 1.663796e-07
6438 3.285773e-05 1.661349e-07
6439 3.284795e-05 1.658905e-07
6440 3.283818e-05 1.656465e-07
6441 3.282844e-05 1.654029e-07
6442 3.281872e-05 1.651596e-07
6443 3.280901e-05 1.649166e-07
6444 3.279933e-05 1.646741e-07
6445 3.278967e-05 1.644318e-07
6446 3.278002e-05 1.641900e-07
6447 3.277040e-05 1.639485e-07
6448 3.276080e-05 1.637073e-07
6449 3.275121e-05 1.634665e-07
6450 3.274165e-05 1.632260e-07
6451 3.273210e-05 1.629860e-07
6452 3.272258e-05 1.627462e-07
6453 3.271307e-05 1.625068e-07
6454 3.270359e-05 1.622678e-07
6455 3.269412e-05 1.620291e-07
6456 3.268468e-05 1.617908e-07
6457 3.267525e-05 1.615528e-07
6458 3.266584e-05 1.613152e-07
6459 3.265645e-05 1.610779e-07
6460 3.264709e-05 1.608409e-07
6461 3.263774e-05 1.606044e-07
6462 3.262841e-05 1.603681e-07
6463 3.261909e-05 1.601322e-07
6464 3.260980e-05 1.598967e-07
6465 3.260053e-05 1.596615e-07
6466 3.259128e-05 1.594266e-07
6467 3.258204e-05 1.591921e-07
6468 3.257283e-05 1.589580e-07
6469 3.256363e-05 1.587242e-07
6470 3.255445e-05 1.584907e-07
6471 3.254529e-05 1.582576e-07
6472 3.253615e-05 1.580248e-07
6473 3.252703e-05 1.577923e-07
6474 3.251793e-05 1.575602e-07
6475 3.250885e-05 1.573285e-07
6476 3.249978e-05 1.570971e-07
6477 3.249074e-05 1.568660e-07
6478 3.248171e-05 1.566352e-07
6479 3.247270e-05 1.564048e-07
6480 3.246371e-05 1.561748e-07
6481 3.245474e-05 1.559451e-07
6482 3.244579e-05 1.557157e-07
6483 3.243685e-05 1.554866e-07
6484 3.242794e-05 1.552579e-07
6485 3.241904e-05 1.550295e-07
6486 3.241016e-05 1.548015e-07
6487 3.240130e-05 1.545738e-07
6488 3.239246e-05 1.543464e-07
6489 3.238363e-05 1.541194e-07
6490 3.237482e-05 1.538927e-07
6491 3.236604e-05 1.536663e-07
6492 3.235727e-05 1.534403e-07
6493 3.234851e-05 1.532146e-07
6494 3.233978e-05 1.529892e-07
6495 3.233106e-05 1.527642e-07
6496 3.232236e-05 1.525395e-07
6497 3.231368e-05 1.523151e-07
6498 3.230502e-05 1.520911e-07
6499 3.229638e-05 1.518674e-07
6500 3.228775e-05 1.516440e-07
6501 3.227914e-05 1.514209e-07
6502 3.227055e-05 1.511982e-07
6503 3.226198e-05 1.509758e-07
6504 3.225342e-05 1.507537e-07
6505 3.224488e-05 1.505320e-07
6506 3.223636e-05 1.503106e-07
6507 3.222786e-05 1.500895e-07
6508 3.221937e-05 1.498687e-07
6509 3.221090e-05 1.496482e-07
6510 3.220245e-05 1.494281e-07
6511 3.219402e-05 1.492083e-07
6512 3.218560e-05 1.489889e-07
6513 3.217721e-05 1.487697e-07
6514 3.216882e-05 1.485509e-07
6515 3.216046e-05 1.483324e-07
6516 3.215211e-05 1.481142e-07
6517 3.214378e-05 1.478963e-07
6518 3.213547e-05 1.476788e-07
6519 3.212718e-05 1.474615e-07
6520 3.211890e-05 1.472446e-07
6521 3.211064e-05 1.470281e-07
6522 3.210239e-05 1.468118e-07
6523 3.209416e-05 1.465958e-07
6524 3.208595e-05 1.463802e-07
6525 3.207776e-05 1.461649e-07
6526 3.206958e-05 1.459499e-07
6527 3.206142e-05 1.457352e-07
6528 3.205328e-05 1.455208e-07
6529 3.204515e-05 1.453068e-07
6530 3.203704e-05 1.450931e-07
6531 3.202895e-05 1.448796e-07
6532 3.202088e-05 1.446665e-07
6533 3.201282e-05 1.444537e-07
6534 3.200477e-05 1.442413e-07
6535 3.199675e-05 1.440291e-07
6536 3.198874e-05 1.438172e-07
6537 3.198074e-05 1.436057e-07
6538 3.197277e-05 1.433945e-07
6539 3.196481e-05 1.431835e-07
6540 3.195686e-05 1.429729e-07
6541 3.194893e-05 1.427626e-07
6542 3.194102e-05 1.425526e-07
6543 3.193313e-05 1.423429e-07
6544 3.192525e-05 1.421336e-07
6545 3.191738e-05 1.419245e-07
6546 3.190954e-05 1.417157e-07
6547 3.190171e-05 1.415073e-07
6548 3.189389e-05 1.412991e-07
6549 3.188609e-05 1.410913e-07
6550 3.187831e-05 1.408838e-07
6551 3.187055e-05 1.406765e-07
6552 3.186280e-05 1.404696e-07
6553 3.185506e-05 1.402630e-07
6554 3.184734e-05 1.400567e-07
6555 3.183964e-05 1.398507e-07
6556 3.183195e-05 1.396449e-07
6557 3.182428e-05 1.394395e-07
6558 3.181663e-05 1.392344e-07
6559 3.180899e-05 1.390296e-07
6560 3.180136e-05 1.388251e-07
6561 3.179376e-05 1.386209e-07
6562 3.178616e-05 1.384170e-07
6563 3.177859e-05 1.382134e-07
6564 3.177102e-05 1.380101e-07
6565 3.176348e-05 1.378071e-07
6566 3.175595e-05 1.376044e-07
6567 3.174843e-05 1.374020e-07
6568 3.174093e-05 1.371999e-07
6569 3.173345e-05 1.369981e-07
6570 3.172598e-05 1.367966e-07
6571 3.171853e-05 1.365954e-07
6572 3.171109e-05 1.363944e-07
6573 3.170367e-05 1.361938e-07
6574 3.169626e-05 1.359935e-07
6575 3.168887e-05 1.357934e-07
6576 3.168149e-05 1.355937e-07
6577 3.167413e-05 1.353943e-07
6578 3.166678e-05 1.351951e-07
6579 3.165945e-05 1.349962e-07
6580 3.165214e-05 1.347977e-07
6581 3.164483e-05 1.345994e-07
6582 3.163755e-05 1.344014e-07
6583 3.163028e-05 1.342037e-07
6584 3.162302e-05 1.340063e-07
6585 3.161578e-05 1.338092e-07
6586 3.160855e-05 1.336124e-07
6587 3.160134e-05 1.334158e-07
6588 3.159414e-05 1.332196e-07
6589 3.158696e-05 1.330236e-07
6590 3.157979e-05 1.328280e-07
6591 3.157264e-05 1.326326e-07
6592 3.156550e-05 1.324375e-07
6593 3.155837e-05 1.322427e-07
6594 3.155127e-05 1.320482e-07
6595 3.154417e-05 1.318539e-07
6596 3.153709e-05 1.316600e-07
6597 3.153003e-05 1.314663e-07
6598 3.152297e-05 1.312730e-07
6599 3.151594e-05 1.310799e-07
6600 3.150892e-05 1.308870e-07
6601 3.150191e-05 1.306945e-07
6602 3.149492e-05 1.305023e-07
6603 3.148794e-05 1.303103e-07
6604 3.148097e-05 1.301186e-07
6605 3.147402e-05 1.299273e-07
6606 3.146709e-05 1.297361e-07
6607 3.146016e-05 1.295453e-07
6608 3.145326e-05 1.293548e-07
6609 3.144636e-05 1.291645e-07
6610 3.143948e-05 1.289745e-07
6611 3.143262e-05 1.287848e-07
6612 3.142577e-05 1.285953e-07
6613 3.141893e-05 1.284062e-07
6614 3.141211e-05 1.282173e-07
6615 3.140530e-05 1.280287e-07
6616 3.139850e-05 1.278404e-07
6617 3.139172e-05 1.276524e-07
6618 3.138495e-05 1.274646e-07
6619 3.137820e-05 1.272771e-07
6620 3.137146e-05 1.270899e-07
6621 3.136473e-05 1.269029e-07
6622 3.135802e-05 1.267163e-07
6623 3.135132e-05 1.265299e-07
6624 3.134464e-05 1.263438e-07
6625 3.133797e-05 1.261579e-07
6626 3.133131e-05 1.259724e-07
6627 3.132467e-05 1.257871e-07
6628 3.131804e-05 1.256020e-07
6629 3.131142e-05 1.254173e-07
6630 3.130482e-05 1.252328e-07
6631 3.129823e-05 1.250486e-07
6632 3.129165e-05 1.248647e-07
6633 3.128509e-05 1.246810e-07
6634 3.127854e-05 1.244976e-07
6635 3.127200e-05 1.243145e-07
6636 3.126548e-05 1.241316e-07
6637 3.125897e-05 1.239490e-07
6638 3.125248e-05 1.237667e-07
6639 3.124599e-05 1.235847e-07
6640 3.123952e-05 1.234029e-07
6641 3.123307e-05 1.232214e-07
6642 3.122662e-05 1.230401e-07
6643 3.122020e-05 1.228591e-07
6644 3.121378e-05 1.226784e-07
6645 3.120738e-05 1.224980e-07
6646 3.120099e-05 1.223178e-07
6647 3.119461e-05 1.221378e-07
6648 3.118824e-05 1.219582e-07
6649 3.118189e-05 1.217788e-07
6650 3.117555e-05 1.215997e-07
6651 3.116923e-05 1.214208e-07
6652 3.116292e-05 1.212422e-07
6653 3.115662e-05 1.210639e-07
6654 3.115033e-05 1.208858e-07
6655 3.114406e-05 1.207080e-07
6656 3.113780e-05 1.205304e-07
6657 3.113155e-05 1.203531e-07
6658 3.112531e-05 1.201761e-07
6659 3.111909e-05 1.199993e-07
6660 3.111288e-05 1.198228e-07
6661 3.110668e-05 1.196466e-07
6662 3.110050e-05 1.194706e-07
6663 3.109433e-05 1.192949e-07
6664 3.108817e-05 1.191194e-07
6665 3.108202e-05 1.189442e-07
6666 3.107589e-05 1.187692e-07
6667 3.106977e-05 1.185945e-07
6668 3.106366e-05 1.184201e-07
6669 3.105756e-05 1.182459e-07
6670 3.105148e-05 1.180719e-07
6671 3.104540e-05 1.178983e-07
6672 3.103934e-05 1.177248e-07
6673 3.103330e-05 1.175517e-07
6674 3.102726e-05 1.173788e-07
6675 3.102124e-05 1.172061e-07
6676 3.101523e-05 1.170337e-07
6677 3.100923e-05 1.168616e-07
6678 3.100325e-05 1.166897e-07
6679 3.099727e-05 1.165180e-07
6680 3.099131e-05 1.163466e-07
6681 3.098536e-05 1.161755e-07
6682 3.097942e-05 1.160046e-07
6683 3.097350e-05 1.158340e-07
6684 3.096759e-05 1.156636e-07
6685 3.096169e-05 1.154935e-07
6686 3.095580e-05 1.153236e-07
6687 3.094992e-05 1.151540e-07
6688 3.094406e-05 1.149846e-07
6689 3.093820e-05 1.148154e-07
6690 3.093236e-05 1.146466e-07
6691 3.092653e-05 1.144779e-07
6692 3.092072e-05 1.143095e-07
6693 3.091491e-05 1.141414e-07
6694 3.090912e-05 1.139735e-07
6695 3.090333e-05 1.138058e-07
6696 3.089756e-05 1.136384e-07
6697 3.089181e-05 1.134713e-07
6698 3.088606e-05 1.133044e-07
6699 3.088032e-05 1.131377e-07
6700 3.087460e-05 1.129713e-07
6701 3.086889e-05 1.128051e-07
6702 3.086319e-05 1.126392e-07
6703 3.085750e-05 1.124735e-07
6704 3.085183e-05 1.123081e-07
6705 3.084616e-05 1.121429e-07
6706 3.084051e-05 1.119779e-07
6707 3.083486e-05 1.118132e-07
6708 3.082923e-05 1.116487e-07
6709 3.082361e-05 1.114845e-07
6710 3.081801e-05 1.113205e-07
6711 3.081241e-05 1.111568e-07
6712 3.080682e-05 1.109933e-07
6713 3.080125e-05 1.108300e-07
6714 3.079569e-05 1.106670e-07
6715 3.079014e-05 1.105042e-07
6716 3.078460e-05 1.103417e-07
6717 3.077907e-05 1.101794e-07
6718 3.077355e-05 1.100173e-07
6719 3.076805e-05 1.098555e-07
6720 3.076255e-05 1.096939e-07
6721 3.075707e-05 1.095325e-07
6722 3.075159e-05 1.093714e-07
6723 3.074613e-05 1.092105e-07
6724 3.074068e-05 1.090499e-07
6725 3.073524e-05 1.088895e-07
6726 3.072981e-05 1.087293e-07
6727 3.072440e-05 1.085694e-07
6728 3.071899e-05 1.084097e-07
6729 3.071359e-05 1.082502e-07
6730 3.070821e-05 1.080910e-07
6731 3.070284e-05 1.079320e-07
6732 3.069747e-05 1.077733e-07
6733 3.069212e-05 1.076147e-07
6734 3.068678e-05 1.074564e-07
6735 3.068145e-05 1.072984e-07
6736 3.067613e-05 1.071406e-07
6737 3.067082e-05 1.069830e-07
6738 3.066553e-05 1.068256e-07
6739 3.066024e-05 1.066685e-07
6740 3.065496e-05 1.065116e-07
6741 3.064970e-05 1.063549e-07
6742 3.064444e-05 1.061984e-07
6743 3.063920e-05 1.060422e-07
6744 3.063396e-05 1.058863e-07
6745 3.062874e-05 1.057305e-07
6746 3.062353e-05 1.055750e-07
6747 3.061833e-05 1.054197e-07
6748 3.061313e-05 1.052646e-07
6749 3.060795e-05 1.051098e-07
6750 3.060278e-05 1.049552e-07
6751 3.059762e-05 1.048008e-07
6752 3.059247e-05 1.046466e-07
6753 3.058733e-05 1.044927e-07
6754 3.058221e-05 1.043390e-07
6755 3.057709e-05 1.041855e-07
6756 3.057198e-05 1.040323e-07
6757 3.056688e-05 1.038793e-07
6758 3.056179e-05 1.037265e-07
6759 3.055672e-05 1.035739e-07
6760 3.055165e-05 1.034215e-07
6761 3.054659e-05 1.032694e-07
6762 3.054155e-05 1.031175e-07
6763 3.053651e-05 1.029658e-07
6764 3.053148e-05 1.028144e-07
6765 3.052647e-05 1.026632e-07
6766 3.052146e-05 1.025121e-07
6767 3.051647e-05 1.023614e-07
6768 3.051148e-05 1.022108e-07
6769 3.050651e-05 1.020604e-07
6770 3.050154e-05 1.019103e-07
6771 3.049659e-05 1.017604e-07
6772 3.049164e-05 1.016107e-07
6773 3.048671e-05 1.014613e-07
6774 3.048178e-05 1.013120e-07
6775 3.047686e-05 1.011630e-07
6776 3.047196e-05 1.010142e-07
6777 3.046706e-05 1.008656e-07
6778 3.046218e-05 1.007173e-07
6779 3.045730e-05 1.005691e-07
6780 3.045244e-05 1.004212e-07
6781 3.044758e-05 1.002735e-07
6782 3.044273e-05 1.001260e-07
6783 3.043790e-05 9.997870e-08
6784 3.043307e-05 9.983163e-08
6785 3.042825e-05 9.968479e-08
6786 3.042344e-05 9.953816e-08
6787 3.041865e-05 9.939175e-08
6788 3.041386e-05 9.924555e-08
6789 3.040908e-05 9.909957e-08
6790 3.040431e-05 9.895380e-08
6791 3.039955e-05 9.880824e-08
6792 3.039480e-05 9.866291e-08
6793 3.039006e-05 9.851778e-08
6794 3.038533e-05 9.837287e-08
6795 3.038061e-05 9.822817e-08
6796 3.037590e-05 9.808368e-08
6797 3.037120e-05 9.793941e-08
6798 3.036650e-05 9.779535e-08
6799 3.036182e-05 9.765150e-08
6800 3.035715e-05 9.750786e-08
6801 3.035248e-05 9.736443e-08
6802 3.034783e-05 9.722122e-08
6803 3.034318e-05 9.707821e-08
6804 3.033855e-05 9.693542e-08
6805 3.033392e-05 9.679283e-08
6806 3.032930e-05 9.665046e-08
6807 3.032469e-05 9.650829e-08
6808 3.032009e-05 9.636633e-08
6809 3.031550e-05 9.622459e-08
6810 3.031092e-05 9.608305e-08
6811 3.030635e-05 9.594172e-08
6812 3.030179e-05 9.580059e-08
6813 3.029724e-05 9.565968e-08
6814 3.029269e-05 9.551897e-08
6815 3.028816e-05 9.537847e-08
6816 3.028363e-05 9.523817e-08
6817 3.027911e-05 9.509808e-08
6818 3.027461e-05 9.495820e-08
6819 3.027011e-05 9.481853e-08
6820 3.026562e-05 9.467905e-08
6821 3.026114e-05 9.453979e-08
6822 3.025667e-05 9.440073e-08
6823 3.025220e-05 9.426187e-08
6824 3.024775e-05 9.412322e-08
6825 3.024331e-05 9.398477e-08
6826 3.023887e-05 9.384653e-08
6827 3.023444e-05 9.370848e-08
6828 3.023003e-05 9.357065e-08
6829 3.022562e-05 9.343301e-08
6830 3.022122e-05 9.329558e-08
6831 3.021682e-05 9.315835e-08
6832 3.021244e-05 9.302132e-08
6833 3.020807e-05 9.288449e-08
6834 3.020370e-05 9.274786e-08
6835 3.019935e-05 9.261144e-08
6836 3.019500e-05 9.247521e-08
6837 3.019066e-05 9.233919e-08
6838 3.018633e-05 9.220337e-08
6839 3.018201e-05 9.206774e-08
6840 3.017770e-05 9.193232e-08
6841 3.017339e-05 9.179709e-08
6842 3.016910e-05 9.166206e-08
6843 3.016481e-05 9.152724e-08
6844 3.016053e-05 9.139261e-08
6845 3.015626e-05 9.125817e-08
6846 3.015200e-05 9.112394e-08
6847 3.014775e-05 9.098990e-08
6848 3.014350e-05 9.085606e-08
6849 3.013926e-05 9.072242e-08
6850 3.013504e-05 9.058898e-08
6851 3.013082e-05 9.045573e-08
6852 3.012661e-05 9.032267e-08
6853 3.012241e-05 9.018982e-08
6854 3.011821e-05 9.005715e-08
6855 3.011403e-05 8.992469e-08
6856 3.010985e-05 8.979241e-08
6857 3.010568e-05 8.966033e-08
6858 3.010152e-05 8.952845e-08
6859 3.009737e-05 8.939676e-08
6860 3.009322e-05 8.926527e-08
6861 3.008909e-05 8.913396e-08
6862 3.008496e-05 8.900285e-08
6863 3.008084e-05 8.887194e-08
6864 3.007673e-05 8.874121e-08
6865 3.007263e-05 8.861068e-08
6866 3.006853e-05 8.848034e-08
6867 3.006445e-05 8.835019e-08
6868 3.006037e-05 8.822024e-08
6869 3.005630e-05 8.809047e-08
6870 3.005224e-05 8.796090e-08
6871 3.004818e-05 8.783151e-08
6872 3.004414e-05 8.770232e-08
6873 3.004010e-05 8.757332e-08
6874 3.003607e-05 8.744450e-08
6875 3.003205e-05 8.731588e-08
6876 3.002804e-05 8.718744e-08
6877 3.002403e-05 8.705920e-08
6878 3.002003e-05 8.693114e-08
6879 3.001604e-05 8.680327e-08
6880 3.001206e-05 8.667559e-08
6881 3.000809e-05 8.654809e-08
6882 3.000412e-05 8.642079e-08
6883 3.000016e-05 8.629367e-08
6884 2.999621e-05 8.616674e-08
6885 2.999227e-05 8.603999e-08
6886 2.998834e-05 8.591343e-08
6887 2.998441e-05 8.578706e-08
6888 2.998049e-05 8.566088e-08
6889 2.997658e-05 8.553488e-08
6890 2.997268e-05 8.540906e-08
6891 2.996878e-05 8.528343e-08
6892 2.996489e-05 8.515798e-08
6893 2.996101e-05 8.503272e-08
6894 2.995714e-05 8.490765e-08
6895 2.995328e-05 8.478275e-08
6896 2.994942e-05 8.465804e-08
6897 2.994557e-05 8.453352e-08
6898 2.994173e-05 8.440918e-08
6899 2.993790e-05 8.428502e-08
6900 2.993407e-05 8.416104e-08
6901 2.993025e-05 8.403724e-08
6902 2.992644e-05 8.391363e-08
6903 2.992263e-05 8.379020e-08
6904 2.991884e-05 8.366695e-08
6905 2.991505e-05 8.354388e-08
6906 2.991127e-05 8.342100e-08
6907 2.990750e-05 8.329829e-08
6908 2.990373e-05 8.317577e-08
6909 2.989997e-05 8.305342e-08
6910 2.989622e-05 8.293125e-08
6911 2.989248e-05 8.280927e-08
6912 2.988874e-05 8.268746e-08
6913 2.988501e-05 8.256584e-08
6914 2.988129e-05 8.244439e-08
6915 2.987757e-05 8.232312e-08
6916 2.987387e-05 8.220203e-08
6917 2.987017e-05 8.208111e-08
6918 2.986648e-05 8.196038e-08
6919 2.986279e-05 8.183982e-08
6920 2.985911e-05 8.171944e-08
6921 2.985544e-05 8.159924e-08
6922 2.985178e-05 8.147921e-08
6923 2.984812e-05 8.135936e-08
6924 2.984448e-05 8.123969e-08
6925 2.984083e-05 8.112019e-08
6926 2.983720e-05 8.100087e-08
6927 2.983357e-05 8.088172e-08
6928 2.982995e-05 8.076275e-08
6929 2.982634e-05 8.064395e-08
6930 2.982273e-05 8.052533e-08
6931 2.981914e-05 8.040689e-08
6932 2.981554e-05 8.028861e-08
6933 2.981196e-05 8.017052e-08
6934 2.980838e-05 8.005259e-08
6935 2.980481e-05 7.993484e-08
6936 2.980125e-05 7.981726e-08
6937 2.979769e-05 7.969986e-08
6938 2.979415e-05 7.958262e-08
6939 2.979060e-05 7.946556e-08
6940 2.978707e-05 7.934867e-08
6941 2.978354e-05 7.923196e-08
6942 2.978002e-05 7.911541e-08
6943 2.977650e-05 7.899904e-08
6944 2.977300e-05 7.888284e-08
6945 2.976950e-05 7.876681e-08
6946 2.976600e-05 7.865095e-08
6947 2.976252e-05 7.853526e-08
6948 2.975904e-05 7.841974e-08
6949 2.975556e-05 7.830439e-08
6950 2.975210e-05 7.818921e-08
6951 2.974864e-05 7.807420e-08
6952 2.974519e-05 7.795936e-08
6953 2.974174e-05 7.784469e-08
6954 2.973830e-05 7.773018e-08
6955 2.973487e-05 7.761585e-08
6956 2.973145e-05 7.750168e-08
6957 2.972803e-05 7.738768e-08
6958 2.972462e-05 7.727385e-08
6959 2.972121e-05 7.716018e-08
6960 2.971781e-05 7.704669e-08
6961 2.971442e-05 7.693336e-08
6962 2.971104e-05 7.682019e-08
6963 2.970766e-05 7.670720e-08
6964 2.970428e-05 7.659437e-08
6965 2.970092e-05 7.648170e-08
6966 2.969756e-05 7.636920e-08
6967 2.969421e-05 7.625687e-08
6968 2.969086e-05 7.614470e-08
6969 2.968753e-05 7.603270e-08
6970 2.968419e-05 7.592086e-08
6971 2.968087e-05 7.580919e-08
6972 2.967755e-05 7.569768e-08
6973 2.967424e-05 7.558633e-08
6974 2.967093e-05 7.547515e-08
6975 2.966763e-05 7.536413e-08
6976 2.966434e-05 7.525328e-08
6977 2.966105e-05 7.514258e-08
6978 2.965777e-05 7.503205e-08
6979 2.965450e-05 7.492169e-08
6980 2.965123e-05 7.481148e-08
6981 2.964797e-05 7.470144e-08
6982 2.964471e-05 7.459156e-08
6983 2.964146e-05 7.448184e-08
6984 2.963822e-05 7.437228e-08
6985 2.963499e-05 7.426289e-08
6986 2.963176e-05 7.415365e-08
6987 2.962853e-05 7.404458e-08
6988 2.962532e-05 7.393566e-08
6989 2.962211e-05 7.382691e-08
6990 2.961890e-05 7.371832e-08
6991 2.961571e-05 7.360988e-08
6992 2.961251e-05 7.350161e-08
6993 2.960933e-05 7.339349e-08
6994 2.960615e-05 7.328554e-08
6995 2.960298e-05 7.317774e-08
6996 2.959981e-05 7.307010e-08
6997 2.959665e-05 7.296262e-08
6998 2.959350e-05 7.285530e-08
6999 2.959035e-05 7.274813e-08
7000 2.958721e-05 7.264112e-08
7001 2.958407e-05 7.253428e-08
7002 2.958094e-05 7.242758e-08
7003 2.957782e-05 7.232105e-08
7004 2.957470e-05 7.221467e-08
7005 2.957159e-05 7.210845e-08
7006 2.956848e-05 7.200238e-08
7007 2.956538e-05 7.189647e-08
7008 2.956229e-05 7.179071e-08
7009 2.955920e-05 7.168512e-08
7010 2.955612e-05 7.157967e-08
7011 2.955305e-05 7.147438e-08
7012 2.954998e-05 7.136925e-08
7013 2.954691e-05 7.126427e-08
7014 2.954386e-05 7.115945e-08
7015 2.954081e-05 7.105478e-08
7016 2.953776e-05 7.095026e-08
7017 2.953472e-05 7.084590e-08
7018 2.953169e-05 7.074169e-08
7019 2.952866e-05 7.063763e-08
7020 2.952564e-05 7.053373e-08
7021 2.952262e-05 7.042998e-08
7022 2.951961e-05 7.032638e-08
7023 2.951661e-05 7.022294e-08
7024 2.951361e-05 7.011965e-08
7025 2.951062e-05 7.001650e-08
7026 2.950763e-05 6.991352e-08
7027 2.950465e-05 6.981068e-08
7028 2.950168e-05 6.970799e-08
7029 2.949871e-05 6.960546e-08
7030 2.949574e-05 6.950307e-08
7031 2.949279e-05 6.940084e-08
7032 2.948983e-05 6.929875e-08
7033 2.948689e-05 6.919682e-08
7034 2.948395e-05 6.909504e-08
7035 2.948101e-05 6.899340e-08
7036 2.947808e-05 6.889192e-08
7037 2.947516e-05 6.879059e-08
7038 2.947224e-05 6.868940e-08
7039 2.946933e-05 6.858836e-08
7040 2.946642e-05 6.848747e-08
7041 2.946352e-05 6.838673e-08
7042 2.946063e-05 6.828614e-08
7043 2.945774e-05 6.818570e-08
7044 2.945486e-05 6.808540e-08
7045 2.945198e-05 6.798525e-08
7046 2.944910e-05 6.788525e-08
7047 2.944624e-05 6.778540e-08
7048 2.944338e-05 6.768569e-08
7049 2.944052e-05 6.758613e-08
7050 2.943767e-05 6.748672e-08
7051 2.943482e-05 6.738745e-08
7052 2.943198e-05 6.728833e-08
7053 2.942915e-05 6.718935e-08
7054 2.942632e-05 6.709052e-08
7055 2.942350e-05 6.699183e-08
7056 2.942068e-05 6.689329e-08
7057 2.941787e-05 6.679490e-08
7058 2.941506e-05 6.669665e-08
7059 2.941226e-05 6.659854e-08
7060 2.940947e-05 6.650058e-08
7061 2.940668e-05 6.640276e-08
7062 2.940389e-05 6.630509e-08
7063 2.940111e-05 6.620756e-08
7064 2.939834e-05 6.611017e-08
7065 2.939557e-05 6.601293e-08
7066 2.939280e-05 6.591583e-08
7067 2.939005e-05 6.581887e-08
7068 2.938729e-05 6.572206e-08
7069 2.938455e-05 6.562539e-08
7070 2.938180e-05 6.552886e-08
7071 2.937907e-05 6.543247e-08
7072 2.937633e-05 6.533622e-08
7073 2.937361e-05 6.524012e-08
7074 2.937089e-05 6.514415e-08
7075 2.936817e-05 6.504833e-08
7076 2.936546e-05 6.495265e-08
7077 2.936276e-05 6.485711e-08
7078 2.936005e-05 6.476171e-08
7079 2.935736e-05 6.466645e-08
7080 2.935467e-05 6.457133e-08
7081 2.935199e-05 6.447635e-08
7082 2.934931e-05 6.438151e-08
7083 2.934663e-05 6.428681e-08
7084 2.934396e-05 6.419225e-08
7085 2.934130e-05 6.409783e-08
7086 2.933864e-05 6.400354e-08
7087 2.933599e-05 6.390940e-08
7088 2.933334e-05 6.381539e-08
7089 2.933069e-05 6.372153e-08
7090 2.932805e-05 6.362780e-08
7091 2.932542e-05 6.353420e-08
7092 2.932279e-05 6.344075e-08
7093 2.932017e-05 6.334743e-08
7094 2.931755e-05 6.325425e-08
7095 2.931494e-05 6.316121e-08
7096 2.931233e-05 6.306831e-08
7097 2.930973e-05 6.297554e-08
7098 2.930713e-05 6.288291e-08
7099 2.930454e-05 6.279041e-08
7100 2.930195e-05 6.269805e-08
7101 2.929936e-05 6.260583e-08
7102 2.929679e-05 6.251374e-08
7103 2.929421e-05 6.242178e-08
7104 2.929164e-05 6.232997e-08
7105 2.928908e-05 6.223828e-08
7106 2.928652e-05 6.214674e-08
7107 2.928397e-05 6.205532e-08
7108 2.928142e-05 6.196404e-08
7109 2.927888e-05 6.187290e-08
7110 2.927634e-05 6.178189e-08
7111 2.927380e-05 6.169101e-08
7112 2.927127e-05 6.160027e-08
7113 2.926875e-05 6.150966e-08
7114 2.926623e-05 6.141918e-08
7115 2.926371e-05 6.132884e-08
7116 2.926120e-05 6.123863e-08
7117 2.925870e-05 6.114855e-08
7118 2.925620e-05 6.105861e-08
7119 2.925370e-05 6.096879e-08
7120 2.925121e-05 6.087911e-08
7121 2.924873e-05 6.078957e-08
7122 2.924624e-05 6.070015e-08
7123 2.924377e-05 6.061086e-08
7124 2.924130e-05 6.052171e-08
7125 2.923883e-05 6.043269e-08
7126 2.923637e-05 6.034379e-08
7127 2.923391e-05 6.025503e-08
7128 2.923146e-05 6.016640e-08
7129 2.922901e-05 6.007790e-08
7130 2.922656e-05 5.998953e-08
7131 2.922413e-05 5.990129e-08
7132 2.922169e-05 5.981318e-08
7133 2.921926e-05 5.972520e-08
7134 2.921684e-05 5.963735e-08
7135 2.921442e-05 5.954963e-08
7136 2.921200e-05 5.946203e-08
7137 2.920959e-05 5.937457e-08
7138 2.920718e-05 5.928723e-08
7139 2.920478e-05 5.920003e-08
7140 2.920238e-05 5.911295e-08
7141 2.919999e-05 5.902600e-08
7142 2.919760e-05 5.893917e-08
7143 2.919522e-05 5.885248e-08
7144 2.919284e-05 5.876591e-08
7145 2.919047e-05 5.867947e-08
7146 2.918809e-05 5.859316e-08
7147 2.918573e-05 5.850697e-08
7148 2.918337e-05 5.842091e-08
7149 2.918101e-05 5.833498e-08
7150 2.917866e-05 5.824917e-08
7151 2.917631e-05 5.816349e-08
7152 2.917397e-05 5.807794e-08
7153 2.917163e-05 5.799251e-08
7154 2.916930e-05 5.790721e-08
7155 2.916697e-05 5.782203e-08
7156 2.916464e-05 5.773698e-08
7157 2.916232e-05 5.765205e-08
7158 2.916000e-05 5.756725e-08
7159 2.915769e-05 5.748257e-08
7160 2.915538e-05 5.739802e-08
7161 2.915308e-05 5.731359e-08
7162 2.915078e-05 5.722929e-08
7163 2.914849e-05 5.714511e-08
7164 2.914620e-05 5.706105e-08
7165 2.914391e-05 5.697712e-08
7166 2.914163e-05 5.689331e-08
7167 2.913935e-05 5.680962e-08
7168 2.913708e-05 5.672606e-08
7169 2.913481e-05 5.664262e-08
7170 2.913254e-05 5.655930e-08
7171 2.913028e-05 5.647611e-08
7172 2.912803e-05 5.639304e-08
7173 2.912578e-05 5.631009e-08
7174 2.912353e-05 5.622726e-08
7175 2.912129e-05 5.614455e-08
7176 2.911905e-05 5.606197e-08
7177 2.911681e-05 5.597951e-08
7178 2.911458e-05 5.589716e-08
7179 2.911236e-05 5.581494e-08
7180 2.911014e-05 5.573284e-08
7181 2.910792e-05 5.565087e-08
7182 2.910570e-05 5.556901e-08
7183 2.910350e-05 5.548727e-08
7184 2.910129e-05 5.540565e-08
7185 2.909909e-05 5.532415e-08
7186 2.909689e-05 5.524278e-08
7187 2.909470e-05 5.516152e-08
7188 2.909251e-05 5.508038e-08
7189 2.909033e-05 5.499936e-08
7190 2.908815e-05 5.491846e-08
7191 2.908597e-05 5.483768e-08
7192 2.908380e-05 5.475702e-08
7193 2.908163e-05 5.467647e-08
7194 2.907947e-05 5.459605e-08
7195 2.907731e-05 5.451574e-08
7196 2.907515e-05 5.443555e-08
7197 2.907300e-05 5.435548e-08
7198 2.907085e-05 5.427553e-08
7199 2.906871e-05 5.419569e-08
7200 2.906657e-05 5.411598e-08
7201 2.906444e-05 5.403638e-08
7202 2.906230e-05 5.395689e-08
7203 2.906018e-05 5.387753e-08
7204 2.905805e-05 5.379828e-08
7205 2.905593e-05 5.371914e-08
7206 2.905382e-05 5.364013e-08
7207 2.905171e-05 5.356123e-08
7208 2.904960e-05 5.348244e-08
7209 2.904750e-05 5.340377e-08
7210 2.904540e-05 5.332522e-08
7211 2.904330e-05 5.324678e-08
7212 2.904121e-05 5.316846e-08
7213 2.903912e-05 5.309025e-08
7214 2.903704e-05 5.301216e-08
7215 2.903496e-05 5.293418e-08
7216 2.903288e-05 5.285632e-08
7217 2.903081e-05 5.277857e-08
7218 2.902874e-05 5.270094e-08
7219 2.902668e-05 5.262342e-08
7220 2.902462e-05 5.254602e-08
7221 2.902256e-05 5.246873e-08
7222 2.902051e-05 5.239155e-08
7223 2.901846e-05 5.231448e-08
7224 2.901642e-05 5.223753e-08
7225 2.901438e-05 5.216070e-08
7226 2.901234e-05 5.208397e-08
7227 2.901031e-05 5.200736e-08
7228 2.900828e-05 5.193086e-08
7229 2.900625e-05 5.185447e-08
7230 2.900423e-05 5.177820e-08
7231 2.900221e-05 5.170204e-08
7232 2.900020e-05 5.162599e-08
7233 2.899819e-05 5.155005e-08
7234 2.899618e-05 5.147422e-08
7235 2.899418e-05 5.139851e-08
7236 2.899218e-05 5.132291e-08
7237 2.899018e-05 5.124741e-08
7238 2.898819e-05 5.117203e-08
7239 2.898620e-05 5.109676e-08
7240 2.898422e-05 5.102160e-08
7241 2.898224e-05 5.094655e-08
7242 2.898026e-05 5.087161e-08
7243 2.897829e-05 5.079679e-08
7244 2.897632e-05 5.072207e-08
7245 2.897435e-05 5.064746e-08
7246 2.897239e-05 5.057296e-08
7247 2.897043e-05 5.049857e-08
7248 2.896847e-05 5.042429e-08
7249 2.896652e-05 5.035012e-08
7250 2.896458e-05 5.027606e-08
7251 2.896263e-05 5.020211e-08
7252 2.896069e-05 5.012826e-08
7253 2.895876e-05 5.005453e-08
7254 2.895682e-05 4.998090e-08
7255 2.895489e-05 4.990738e-08
7256 2.895297e-05 4.983397e-08
7257 2.895104e-05 4.976067e-08
7258 2.894913e-05 4.968748e-08
7259 2.894721e-05 4.961439e-08
7260 2.894530e-05 4.954141e-08
7261 2.894339e-05 4.946854e-08
7262 2.894149e-05 4.939578e-08
7263 2.893959e-05 4.932312e-08
7264 2.893769e-05 4.925057e-08
7265 2.893580e-05 4.917812e-08
7266 2.893390e-05 4.910579e-08
7267 2.893202e-05 4.903356e-08
7268 2.893014e-05 4.896143e-08
7269 2.892826e-05 4.888941e-08
7270 2.892638e-05 4.881750e-08
7271 2.892451e-05 4.874569e-08
7272 2.892264e-05 4.867399e-08
7273 2.892077e-05 4.860240e-08
7274 2.891891e-05 4.853091e-08
7275 2.891705e-05 4.845952e-08
7276 2.891520e-05 4.838824e-08
7277 2.891334e-05 4.831706e-08
7278 2.891149e-05 4.824599e-08
7279 2.890965e-05 4.817503e-08
7280 2.890781e-05 4.810416e-08
7281 2.890597e-05 4.803341e-08
7282 2.890414e-05 4.796275e-08
7283 2.890230e-05 4.789220e-08
7284 2.890048e-05 4.782176e-08
7285 2.889865e-05 4.775142e-08
7286 2.889683e-05 4.768118e-08
7287 2.889501e-05 4.761104e-08
7288 2.889320e-05 4.754101e-08
7289 2.889139e-05 4.747108e-08
7290 2.888958e-05 4.740125e-08
7291 2.888777e-05 4.733153e-08
7292 2.888597e-05 4.726191e-08
7293 2.888418e-05 4.719239e-08
7294 2.888238e-05 4.712297e-08
7295 2.888059e-05 4.705366e-08
7296 2.887880e-05 4.698445e-08
7297 2.887702e-05 4.691534e-08
7298 2.887524e-05 4.684633e-08
7299 2.887346e-05 4.677742e-08
7300 2.887169e-05 4.670861e-08
7301 2.886991e-05 4.663991e-08
7302 2.886815e-05 4.657130e-08
7303 2.886638e-05 4.650280e-08
7304 2.886462e-05 4.643440e-08
7305 2.886286e-05 4.636610e-08
7306 2.886111e-05 4.629790e-08
7307 2.885936e-05 4.622980e-08
7308 2.885761e-05 4.616180e-08
7309 2.885586e-05 4.609389e-08
7310 2.885412e-05 4.602609e-08
7311 2.885238e-05 4.595839e-08
7312 2.885065e-05 4.589079e-08
7313 2.884891e-05 4.582329e-08
7314 2.884718e-05 4.575589e-08
7315 2.884546e-05 4.568858e-08
7316 2.884374e-05 4.562138e-08
7317 2.884202e-05 4.555427e-08
7318 2.884030e-05 4.548727e-08
7319 2.883859e-05 4.542036e-08
7320 2.883688e-05 4.535355e-08
7321 2.883517e-05 4.528684e-08
7322 2.883347e-05 4.522022e-08
7323 2.883177e-05 4.515371e-08
7324 2.883007e-05 4.508729e-08
7325 2.882837e-05 4.502097e-08
7326 2.882668e-05 4.495475e-08
7327 2.882499e-05 4.488862e-08
7328 2.882331e-05 4.482259e-08
7329 2.882163e-05 4.475666e-08
7330 2.881995e-05 4.469083e-08
7331 2.881827e-05 4.462509e-08
7332 2.881660e-05 4.455945e-08
7333 2.881493e-05 4.449391e-08
7334 2.881326e-05 4.442846e-08
7335 2.881160e-05 4.436311e-08
7336 2.880994e-05 4.429786e-08
7337 2.880828e-05 4.423270e-08
7338 2.880663e-05 4.416763e-08
7339 2.880498e-05 4.410267e-08
7340 2.880333e-05 4.403779e-08
7341 2.880168e-05 4.397302e-08
7342 2.880004e-05 4.390834e-08
7343 2.879840e-05 4.384375e-08
7344 2.879677e-05 4.377926e-08
7345 2.879513e-05 4.371486e-08
7346 2.879350e-05 4.365056e-08
7347 2.879188e-05 4.358636e-08
7348 2.879025e-05 4.352224e-08
7349 2.878863e-05 4.345823e-08
7350 2.878701e-05 4.339430e-08
7351 2.878540e-05 4.333047e-08
7352 2.878379e-05 4.326674e-08
7353 2.878218e-05 4.320309e-08
7354 2.878057e-05 4.313955e-08
7355 2.877897e-05 4.307609e-08
7356 2.877737e-05 4.301273e-08
7357 2.877577e-05 4.294946e-08
7358 2.877417e-05 4.288628e-08
7359 2.877258e-05 4.282320e-08
7360 2.877099e-05 4.276021e-08
7361 2.876941e-05 4.269732e-08
7362 2.876782e-05 4.263451e-08
7363 2.876624e-05 4.257180e-08
7364 2.876467e-05 4.250918e-08
7365 2.876309e-05 4.244665e-08
7366 2.876152e-05 4.238422e-08
7367 2.875995e-05 4.232187e-08
7368 2.875839e-05 4.225962e-08
7369 2.875682e-05 4.219746e-08
7370 2.875526e-05 4.213539e-08
7371 2.875371e-05 4.207341e-08
7372 2.875215e-05 4.201152e-08
7373 2.875060e-05 4.194973e-08
7374 2.874905e-05 4.188802e-08
7375 2.874751e-05 4.182641e-08
7376 2.874596e-05 4.176489e-08
7377 2.874442e-05 4.170345e-08
7378 2.874289e-05 4.164211e-08
7379 2.874135e-05 4.158086e-08
7380 2.873982e-05 4.151969e-08
7381 2.873829e-05 4.145862e-08
7382 2.873677e-05 4.139764e-08
7383 2.873524e-05 4.133675e-08
7384 2.873372e-05 4.127594e-08
7385 2.873220e-05 4.121523e-08
7386 2.873069e-05 4.115461e-08
7387 2.872918e-05 4.109407e-08
7388 2.872767e-05 4.103362e-08
7389 2.872616e-05 4.097327e-08
7390 2.872466e-05 4.091300e-08
7391 2.872315e-05 4.085282e-08
7392 2.872166e-05 4.079273e-08
7393 2.872016e-05 4.073272e-08
7394 2.871867e-05 4.067281e-08
7395 2.871718e-05 4.061298e-08
7396 2.871569e-05 4.055324e-08
7397 2.871420e-05 4.049359e-08
7398 2.871272e-05 4.043403e-08
7399 2.871124e-05 4.037455e-08
7400 2.870977e-05 4.031517e-08
7401 2.870829e-05 4.025586e-08
7402 2.870682e-05 4.019665e-08
7403 2.870535e-05 4.013753e-08
7404 2.870388e-05 4.007849e-08
7405 2.870242e-05 4.001953e-08
7406 2.870096e-05 3.996067e-08
7407 2.869950e-05 3.990189e-08
7408 2.869805e-05 3.984320e-08
7409 2.869659e-05 3.978459e-08
7410 2.869514e-05 3.972607e-08
7411 2.869369e-05 3.966763e-08
7412 2.869225e-05 3.960929e-08
7413 2.869081e-05 3.955102e-08
7414 2.868937e-05 3.949285e-08
7415 2.868793e-05 3.943476e-08
7416 2.868650e-05 3.937675e-08
7417 2.868506e-05 3.931883e-08
7418 2.868363e-05 3.926100e-08
7419 2.868221e-05 3.920325e-08
7420 2.868078e-05 3.914558e-08
7421 2.867936e-05 3.908800e-08
7422 2.867794e-05 3.903050e-08
7423 2.867653e-05 3.897309e-08
7424 2.867511e-05 3.891577e-08
7425 2.867370e-05 3.885853e-08
7426 2.867229e-05 3.880137e-08
7427 2.867089e-05 3.874429e-08
7428 2.866948e-05 3.868730e-08
7429 2.866808e-05 3.863040e-08
7430 2.866668e-05 3.857357e-08
7431 2.866529e-05 3.851684e-08
7432 2.866389e-05 3.846018e-08
7433 2.866250e-05 3.840361e-08
7434 2.866111e-05 3.834712e-08
7435 2.865973e-05 3.829071e-08
7436 2.865834e-05 3.823439e-08
7437 2.865696e-05 3.817815e-08
7438 2.865558e-05 3.812199e-08
7439 2.865421e-05 3.806592e-08
7440 2.865283e-05 3.800993e-08
7441 2.865146e-05 3.795402e-08
7442 2.865009e-05 3.789819e-08
7443 2.864873e-05 3.784244e-08
7444 2.864736e-05 3.778678e-08
7445 2.864600e-05 3.773120e-08
7446 2.864464e-05 3.767570e-08
7447 2.864329e-05 3.762028e-08
7448 2.864193e-05 3.756494e-08
7449 2.864058e-05 3.750969e-08
7450 2.863923e-05 3.745452e-08
7451 2.863788e-05 3.739942e-08
7452 2.863654e-05 3.734441e-08
7453 2.863520e-05 3.728948e-08
7454 2.863386e-05 3.723463e-08
7455 2.863252e-05 3.717986e-08
7456 2.863119e-05 3.712517e-08
7457 2.862986e-05 3.707056e-08
7458 2.862853e-05 3.701604e-08
7459 2.862720e-05 3.696159e-08
7460 2.862587e-05 3.690722e-08
7461 2.862455e-05 3.685293e-08
7462 2.862323e-05 3.679872e-08
7463 2.862191e-05 3.674460e-08
7464 2.862060e-05 3.669055e-08
7465 2.861928e-05 3.663658e-08
7466 2.861797e-05 3.658269e-08
7467 2.861666e-05 3.652888e-08
7468 2.861536e-05 3.647515e-08
7469 2.861405e-05 3.642149e-08
7470 2.861275e-05 3.636792e-08
7471 2.861145e-05 3.631443e-08
7472 2.861016e-05 3.626101e-08
7473 2.860886e-05 3.620767e-08
7474 2.860757e-05 3.615441e-08
7475 2.860628e-05 3.610123e-08
7476 2.860499e-05 3.604813e-08
7477 2.860371e-05 3.599511e-08
7478 2.860242e-05 3.594216e-08
7479 2.860114e-05 3.588929e-08
7480 2.859987e-05 3.583650e-08
7481 2.859859e-05 3.578379e-08
7482 2.859732e-05 3.573115e-08
7483 2.859604e-05 3.567860e-08
7484 2.859478e-05 3.562612e-08
7485 2.859351e-05 3.557371e-08
7486 2.859224e-05 3.552139e-08
7487 2.859098e-05 3.546914e-08
7488 2.858972e-05 3.541696e-08
7489 2.858846e-05 3.536487e-08
7490 2.858721e-05 3.531285e-08
7491 2.858595e-05 3.526091e-08
7492 2.858470e-05 3.520904e-08
7493 2.858345e-05 3.515725e-08
7494 2.858221e-05 3.510554e-08
7495 2.858096e-05 3.505390e-08
7496 2.857972e-05 3.500234e-08
7497 2.857848e-05 3.495085e-08
7498 2.857724e-05 3.489944e-08
7499 2.857601e-05 3.484811e-08
7500 2.857477e-05 3.479685e-08
7501 2.857354e-05 3.474567e-08
7502 2.857231e-05 3.469456e-08
7503 2.857109e-05 3.464352e-08
7504 2.856986e-05 3.459257e-08
7505 2.856864e-05 3.454168e-08
7506 2.856742e-05 3.449087e-08
7507 2.856620e-05 3.444014e-08
7508 2.856499e-05 3.438948e-08
7509 2.856377e-05 3.433890e-08
7510 2.856256e-05 3.428839e-08
7511 2.856135e-05 3.423795e-08
7512 2.856014e-05 3.418759e-08
7513 2.855894e-05 3.413730e-08
7514 2.855774e-05 3.408709e-08
7515 2.855654e-05 3.403695e-08
7516 2.855534e-05 3.398688e-08
7517 2.855414e-05 3.393689e-08
7518 2.855295e-05 3.388697e-08
7519 2.855175e-05 3.383713e-08
7520 2.855056e-05 3.378736e-08
7521 2.854937e-05 3.373766e-08
7522 2.854819e-05 3.368803e-08
7523 2.854701e-05 3.363848e-08
7524 2.854582e-05 3.358900e-08
7525 2.854464e-05 3.353959e-08
7526 2.854347e-05 3.349026e-08
7527 2.854229e-05 3.344100e-08
7528 2.854112e-05 3.339181e-08
7529 2.853995e-05 3.334269e-08
7530 2.853878e-05 3.329365e-08
7531 2.853761e-05 3.324467e-08
7532 2.853644e-05 3.319577e-08
7533 2.853528e-05 3.314694e-08
7534 2.853412e-05 3.309819e-08
7535 2.853296e-05 3.304950e-08
7536 2.853180e-05 3.300089e-08
7537 2.853065e-05 3.295235e-08
7538 2.852950e-05 3.290388e-08
7539 2.852835e-05 3.285548e-08
7540 2.852720e-05 3.280715e-08
7541 2.852605e-05 3.275889e-08
7542 2.852491e-05 3.271071e-08
7543 2.852376e-05 3.266259e-08
7544 2.852262e-05 3.261455e-08
7545 2.852148e-05 3.256657e-08
7546 2.852035e-05 3.251867e-08
7547 2.851921e-05 3.247084e-08
7548 2.851808e-05 3.242308e-08
7549 2.851695e-05 3.237538e-08
7550 2.851582e-05 3.232776e-08
7551 2.851470e-05 3.228021e-08
7552 2.851357e-05 3.223273e-08
7553 2.851245e-05 3.218532e-08
7554 2.851133e-05 3.213798e-08
7555 2.851021e-05 3.209070e-08
7556 2.850909e-05 3.204350e-08
7557 2.850798e-05 3.199637e-08
7558 2.850687e-05 3.194930e-08
7559 2.850576e-05 3.190231e-08
7560 2.850465e-05 3.185538e-08
7561 2.850354e-05 3.180852e-08
7562 2.850244e-05 3.176174e-08
7563 2.850133e-05 3.171502e-08
7564 2.850023e-05 3.166837e-08
7565 2.849913e-05 3.162178e-08
7566 2.849804e-05 3.157527e-08
7567 2.849694e-05 3.152883e-08
7568 2.849585e-05 3.148245e-08
7569 2.849476e-05 3.143614e-08
7570 2.849367e-05 3.138990e-08
7571 2.849258e-05 3.134373e-08
7572 2.849149e-05 3.129762e-08
7573 2.849041e-05 3.125159e-08
7574 2.848933e-05 3.120562e-08
7575 2.848825e-05 3.115972e-08
7576 2.848717e-05 3.111388e-08
7577 2.848609e-05 3.106812e-08
7578 2.848502e-05 3.102242e-08
7579 2.848395e-05 3.097679e-08
7580 2.848288e-05 3.093122e-08
7581 2.848181e-05 3.088573e-08
7582 2.848074e-05 3.084029e-08
7583 2.847968e-05 3.079493e-08
7584 2.847862e-05 3.074963e-08
7585 2.847755e-05 3.070440e-08
7586 2.847650e-05 3.065924e-08
7587 2.847544e-05 3.061414e-08
7588 2.847438e-05 3.056911e-08
7589 2.847333e-05 3.052415e-08
7590 2.847228e-05 3.047925e-08
7591 2.847123e-05 3.043441e-08
7592 2.847018e-05 3.038965e-08
7593 2.846913e-05 3.034495e-08
7594 2.846809e-05 3.030031e-08
7595 2.846705e-05 3.025574e-08
7596 2.846601e-05 3.021124e-08
7597 2.846497e-05 3.016680e-08
7598 2.846393e-05 3.012243e-08
7599 2.846290e-05 3.007812e-08
7600 2.846186e-05 3.003388e-08
7601 2.846083e-05 2.998970e-08
7602 2.845980e-05 2.994559e-08
7603 2.845877e-05 2.990154e-08
7604 2.845775e-05 2.985756e-08
7605 2.845672e-05 2.981364e-08
7606 2.845570e-05 2.976978e-08
7607 2.845468e-05 2.972599e-08
7608 2.845366e-05 2.968227e-08
7609 2.845264e-05 2.963861e-08
7610 2.845163e-05 2.959501e-08
7611 2.845061e-05 2.955148e-08
7612 2.844960e-05 2.950801e-08
7613 2.844859e-05 2.946461e-08
7614 2.844758e-05 2.942127e-08
7615 2.844658e-05 2.937799e-08
7616 2.844557e-05 2.933478e-08
7617 2.844457e-05 2.929163e-08
7618 2.844357e-05 2.924854e-08
7619 2.844257e-05 2.920552e-08
7620 2.844157e-05 2.916256e-08
7621 2.844058e-05 2.911967e-08
7622 2.843958e-05 2.907683e-08
7623 2.843859e-05 2.903406e-08
7624 2.843760e-05 2.899136e-08
7625 2.843661e-05 2.894871e-08
7626 2.843562e-05 2.890613e-08
7627 2.843464e-05 2.886361e-08
7628 2.843365e-05 2.882116e-08
7629 2.843267e-05 2.877876e-08
7630 2.843169e-05 2.873643e-08
7631 2.843071e-05 2.869416e-08
7632 2.842973e-05 2.865195e-08
7633 2.842876e-05 2.860981e-08
7634 2.842778e-05 2.856773e-08
7635 2.842681e-05 2.852571e-08
7636 2.842584e-05 2.848375e-08
7637 2.842487e-05 2.844185e-08
7638 2.842391e-05 2.840001e-08
7639 2.842294e-05 2.835824e-08
7640 2.842198e-05 2.831653e-08
7641 2.842102e-05 2.827487e-08
7642 2.842006e-05 2.823328e-08
7643 2.841910e-05 2.819176e-08
7644 2.841814e-05 2.815029e-08
7645 2.841718e-05 2.810888e-08
7646 2.841623e-05 2.806753e-08
7647 2.841528e-05 2.802625e-08
7648 2.841433e-05 2.798502e-08
7649 2.841338e-05 2.794386e-08
7650 2.841243e-05 2.790276e-08
7651 2.841149e-05 2.786171e-08
7652 2.841054e-05 2.782073e-08
7653 2.840960e-05 2.777981e-08
7654 2.840866e-05 2.773895e-08
7655 2.840772e-05 2.769815e-08
7656 2.840679e-05 2.765740e-08
7657 2.840585e-05 2.761672e-08
7658 2.840492e-05 2.757610e-08
7659 2.840399e-05 2.753554e-08
7660 2.840305e-05 2.749503e-08
7661 2.840213e-05 2.745459e-08
7662 2.840120e-05 2.741421e-08
7663 2.840027e-05 2.737388e-08
7664 2.839935e-05 2.733362e-08
7665 2.839843e-05 2.729341e-08
7666 2.839750e-05 2.725327e-08
7667 2.839659e-05 2.721318e-08
7668 2.839567e-05 2.717315e-08
7669 2.839475e-05 2.713318e-08
7670 2.839384e-05 2.709327e-08
7671 2.839292e-05 2.705342e-08
7672 2.839201e-05 2.701362e-08
7673 2.839110e-05 2.697389e-08
7674 2.839019e-05 2.693421e-08
7675 2.838929e-05 2.689459e-08
7676 2.838838e-05 2.685503e-08
7677 2.838748e-05 2.681553e-08
7678 2.838658e-05 2.677609e-08
7679 2.838568e-05 2.673670e-08
7680 2.838478e-05 2.669738e-08
7681 2.838388e-05 2.665811e-08
7682 2.838298e-05 2.661889e-08
7683 2.838209e-05 2.657974e-08
7684 2.838120e-05 2.654064e-08
7685 2.838031e-05 2.650160e-08
7686 2.837942e-05 2.646262e-08
7687 2.837853e-05 2.642370e-08
7688 2.837764e-05 2.638483e-08
7689 2.837676e-05 2.634602e-08
7690 2.837587e-05 2.630727e-08
7691 2.837499e-05 2.626857e-08
7692 2.837411e-05 2.622993e-08
7693 2.837323e-05 2.619135e-08
7694 2.837235e-05 2.615282e-08
7695 2.837148e-05 2.611435e-08
7696 2.837060e-05 2.607594e-08
7697 2.836973e-05 2.603759e-08
7698 2.836886e-05 2.599929e-08
7699 2.836799e-05 2.596104e-08
7700 2.836712e-05 2.592286e-08
7701 2.836625e-05 2.588473e-08
7702 2.836539e-05 2.584665e-08
7703 2.836453e-05 2.580863e-08
7704 2.836366e-05 2.577067e-08
7705 2.836280e-05 2.573276e-08
7706 2.836194e-05 2.569491e-08
7707 2.836108e-05 2.565712e-08
7708 2.836023e-05 2.561938e-08
7709 2.835937e-05 2.558169e-08
7710 2.835852e-05 2.554406e-08
7711 2.835767e-05 2.550649e-08
7712 2.835682e-05 2.546897e-08
7713 2.835597e-05 2.543151e-08
7714 2.835512e-05 2.539410e-08
7715 2.835427e-05 2.535675e-08
7716 2.835343e-05 2.531945e-08
7717 2.835259e-05 2.528221e-08
7718 2.835174e-05 2.524502e-08
7719 2.835090e-05 2.520789e-08
7720 2.835006e-05 2.517081e-08
7721 2.834923e-05 2.513378e-08
7722 2.834839e-05 2.509681e-08
7723 2.834756e-05 2.505990e-08
7724 2.834672e-05 2.502304e-08
7725 2.834589e-05 2.498623e-08
7726 2.834506e-05 2.494948e-08
7727 2.834423e-05 2.491278e-08
7728 2.834340e-05 2.487613e-08
7729 2.834258e-05 2.483954e-08
7730 2.834175e-05 2.480300e-08
7731 2.834093e-05 2.476652e-08
7732 2.834011e-05 2.473009e-08
7733 2.833929e-05 2.469372e-08
7734 2.833847e-05 2.465739e-08
7735 2.833765e-05 2.462112e-08
7736 2.833683e-05 2.458491e-08
7737 2.833602e-05 2.454875e-08
7738 2.833521e-05 2.451264e-08
7739 2.833439e-05 2.447658e-08
7740 2.833358e-05 2.444058e-08
7741 2.833277e-05 2.440463e-08
7742 2.833197e-05 2.436873e-08
7743 2.833116e-05 2.433288e-08
7744 2.833036e-05 2.429709e-08
7745 2.832955e-05 2.426135e-08
7746 2.832875e-05 2.422567e-08
7747 2.832795e-05 2.419003e-08
7748 2.832715e-05 2.415445e-08
7749 2.832635e-05 2.411892e-08
7750 2.832555e-05 2.408344e-08
7751 2.832476e-05 2.404802e-08
7752 2.832396e-05 2.401265e-08
7753 2.832317e-05 2.397733e-08
7754 2.832238e-05 2.394206e-08
7755 2.832159e-05 2.390684e-08
7756 2.832080e-05 2.387167e-08
7757 2.832001e-05 2.383656e-08
7758 2.831923e-05 2.380150e-08
7759 2.831844e-05 2.376649e-08
7760 2.831766e-05 2.373153e-08
7761 2.831688e-05 2.369662e-08
7762 2.831610e-05 2.366177e-08
7763 2.831532e-05 2.362696e-08
7764 2.831454e-05 2.359221e-08
7765 2.831376e-05 2.355751e-08
7766 2.831299e-05 2.352285e-08
7767 2.831221e-05 2.348825e-08
7768 2.831144e-05 2.345371e-08
7769 2.831067e-05 2.341921e-08
7770 2.830990e-05 2.338476e-08
7771 2.830913e-05 2.335036e-08
7772 2.830836e-05 2.331601e-08
7773 2.830759e-05 2.328172e-08
7774 2.830683e-05 2.324747e-08
7775 2.830607e-05 2.321328e-08
7776 2.830530e-05 2.317913e-08
7777 2.830454e-05 2.314504e-08
7778 2.830378e-05 2.311099e-08
7779 2.830302e-05 2.307700e-08
7780 2.830227e-05 2.304305e-08
7781 2.830151e-05 2.300916e-08
7782 2.830076e-05 2.297531e-08
7783 2.830000e-05 2.294152e-08
7784 2.829925e-05 2.290777e-08
7785 2.829850e-05 2.287408e-08
7786 2.829775e-05 2.284043e-08
7787 2.829700e-05 2.280684e-08
7788 2.829626e-05 2.277329e-08
7789 2.829551e-05 2.273979e-08
7790 2.829477e-05 2.270634e-08
7791 2.829402e-05 2.267294e-08
7792 2.829328e-05 2.263959e-08
7793 2.829254e-05 2.260629e-08
7794 2.829180e-05 2.257304e-08
7795 2.829106e-05 2.253984e-08
7796 2.829033e-05 2.250668e-08
7797 2.828959e-05 2.247358e-08
7798 2.828886e-05 2.244052e-08
7799 2.828812e-05 2.240751e-08
7800 2.828739e-05 2.237455e-08
7801 2.828666e-05 2.234164e-08
7802 2.828593e-05 2.230878e-08
7803 2.828520e-05 2.227596e-08
7804 2.828448e-05 2.224320e-08
7805 2.828375e-05 2.221048e-08
7806 2.828303e-05 2.217781e-08
7807 2.828230e-05 2.214519e-08
7808 2.828158e-05 2.211261e-08
7809 2.828086e-05 2.208009e-08
7810 2.828014e-05 2.204761e-08
7811 2.827942e-05 2.201518e-08
7812 2.827871e-05 2.198279e-08
7813 2.827799e-05 2.195046e-08
7814 2.827728e-05 2.191817e-08
7815 2.827656e-05 2.188593e-08
7816 2.827585e-05 2.185374e-08
7817 2.827514e-05 2.182159e-08
7818 2.827443e-05 2.178950e-08
7819 2.827372e-05 2.175745e-08
7820 2.827301e-05 2.172544e-08
7821 2.827231e-05 2.169349e-08
7822 2.827160e-05 2.166158e-08
7823 2.827090e-05 2.162971e-08
7824 2.827020e-05 2.159790e-08
7825 2.826949e-05 2.156613e-08
7826 2.826879e-05 2.153441e-08
7827 2.826809e-05 2.150273e-08
7828 2.826740e-05 2.147110e-08
7829 2.826670e-05 2.143952e-08
7830 2.826600e-05 2.140798e-08
7831 2.826531e-05 2.137649e-08
7832 2.826462e-05 2.134505e-08
7833 2.826392e-05 2.131365e-08
7834 2.826323e-05 2.128230e-08
7835 2.826254e-05 2.125100e-08
7836 2.826186e-05 2.121974e-08
7837 2.826117e-05 2.118853e-08
7838 2.826048e-05 2.115736e-08
7839 2.825980e-05 2.112624e-08
7840 2.825911e-05 2.109516e-08
7841 2.825843e-05 2.106414e-08
7842 2.825775e-05 2.103315e-08
7843 2.825707e-05 2.100221e-08
7844 2.825639e-05 2.097132e-08
7845 2.825571e-05 2.094047e-08
7846 2.825503e-05 2.090967e-08
7847 2.825436e-05 2.087891e-08
7848 2.825368e-05 2.084820e-08
7849 2.825301e-05 2.081754e-08
7850 2.825234e-05 2.078692e-08
7851 2.825166e-05 2.075634e-08
7852 2.825099e-05 2.072581e-08
7853 2.825033e-05 2.069532e-08
7854 2.824966e-05 2.066488e-08
7855 2.824899e-05 2.063449e-08
7856 2.824832e-05 2.060413e-08
7857 2.824766e-05 2.057383e-08
7858 2.824700e-05 2.054356e-08
7859 2.824633e-05 2.051335e-08
7860 2.824567e-05 2.048317e-08
7861 2.824501e-05 2.045304e-08
7862 2.824435e-05 2.042296e-08
7863 2.824370e-05 2.039292e-08
7864 2.824304e-05 2.036292e-08
7865 2.824238e-05 2.033297e-08
7866 2.824173e-05 2.030306e-08
7867 2.824107e-05 2.027320e-08
7868 2.824042e-05 2.024338e-08
7869 2.823977e-05 2.021360e-08
7870 2.823912e-05 2.018387e-08
7871 2.823847e-05 2.015418e-08
7872 2.823782e-05 2.012453e-08
7873 2.823718e-05 2.009493e-08
7874 2.823653e-05 2.006537e-08
7875 2.823589e-05 2.003586e-08
7876 2.823524e-05 2.000639e-08
7877 2.823460e-05 1.997696e-08
7878 2.823396e-05 1.994757e-08
7879 2.823332e-05 1.991823e-08
7880 2.823268e-05 1.988893e-08
7881 2.823204e-05 1.985968e-08
7882 2.823140e-05 1.983047e-08
7883 2.823077e-05 1.980130e-08
7884 2.823013e-05 1.977217e-08
7885 2.822950e-05 1.974309e-08
7886 2.822886e-05 1.971405e-08
7887 2.822823e-05 1.968505e-08
7888 2.822760e-05 1.965609e-08
7889 2.822697e-05 1.962718e-08
7890 2.822634e-05 1.959831e-08
7891 2.822571e-05 1.956948e-08
7892 2.822509e-05 1.954070e-08
7893 2.822446e-05 1.951196e-08
7894 2.822384e-05 1.948325e-08
7895 2.822321e-05 1.945460e-08
7896 2.822259e-05 1.942598e-08
7897 2.822197e-05 1.939741e-08
7898 2.822135e-05 1.936887e-08
7899 2.822073e-05 1.934038e-08
7900 2.822011e-05 1.931194e-08
7901 2.821949e-05 1.928353e-08
7902 2.821888e-05 1.925516e-08
7903 2.821826e-05 1.922684e-08
7904 2.821765e-05 1.919856e-08
7905 2.821703e-05 1.917032e-08
7906 2.821642e-05 1.914212e-08
7907 2.821581e-05 1.911397e-08
7908 2.821520e-05 1.908585e-08
7909 2.821459e-05 1.905778e-08
7910 2.821398e-05 1.902974e-08
7911 2.821338e-05 1.900175e-08
7912 2.821277e-05 1.897380e-08
7913 2.821217e-05 1.894589e-08
7914 2.821156e-05 1.891803e-08
7915 2.821096e-05 1.889020e-08
7916 2.821036e-05 1.886241e-08
7917 2.820976e-05 1.883467e-08
7918 2.820916e-05 1.880696e-08
7919 2.820856e-05 1.877930e-08
7920 2.820796e-05 1.875168e-08
7921 2.820736e-05 1.872409e-08
7922 2.820676e-05 1.869655e-08
7923 2.820617e-05 1.866905e-08
7924 2.820558e-05 1.864159e-08
7925 2.820498e-05 1.861417e-08
7926 2.820439e-05 1.858679e-08
7927 2.820380e-05 1.855945e-08
7928 2.820321e-05 1.853215e-08
7929 2.820262e-05 1.850489e-08
7930 2.820203e-05 1.847767e-08
7931 2.820144e-05 1.845049e-08
7932 2.820086e-05 1.842335e-08
7933 2.820027e-05 1.839625e-08
7934 2.819969e-05 1.836919e-08
7935 2.819911e-05 1.834217e-08
7936 2.819852e-05 1.831519e-08
7937 2.819794e-05 1.828825e-08
7938 2.819736e-05 1.826135e-08
7939 2.819678e-05 1.823449e-08
7940 2.819620e-05 1.820767e-08
7941 2.819563e-05 1.818089e-08
7942 2.819505e-05 1.815415e-08
7943 2.819447e-05 1.812744e-08
7944 2.819390e-05 1.810078e-08
7945 2.819333e-05 1.807415e-08
7946 2.819275e-05 1.804757e-08
7947 2.819218e-05 1.802102e-08
7948 2.819161e-05 1.799451e-08
7949 2.819104e-05 1.796804e-08
7950 2.819047e-05 1.794162e-08
7951 2.818990e-05 1.791522e-08
7952 2.818934e-05 1.788887e-08
7953 2.818877e-05 1.786256e-08
7954 2.818820e-05 1.783628e-08
7955 2.818764e-05 1.781005e-08
7956 2.818708e-05 1.778385e-08
7957 2.818651e-05 1.775769e-08
7958 2.818595e-05 1.773157e-08
7959 2.818539e-05 1.770549e-08
7960 2.818483e-05 1.767945e-08
7961 2.818427e-05 1.765344e-08
7962 2.818372e-05 1.762748e-08
7963 2.818316e-05 1.760155e-08
7964 2.818260e-05 1.757566e-08
7965 2.818205e-05 1.754980e-08
7966 2.818149e-05 1.752399e-08
7967 2.818094e-05 1.749821e-08
7968 2.818039e-05 1.747247e-08
7969 2.817984e-05 1.744677e-08
7970 2.817929e-05 1.742111e-08
7971 2.817874e-05 1.739549e-08
7972 2.817819e-05 1.736990e-08
7973 2.817764e-05 1.734435e-08
7974 2.817710e-05 1.731884e-08
7975 2.817655e-05 1.729336e-08
7976 2.817600e-05 1.726792e-08
7977 2.817546e-05 1.724252e-08
7978 2.817492e-05 1.721716e-08
7979 2.817438e-05 1.719184e-08
7980 2.817383e-05 1.716655e-08
7981 2.817329e-05 1.714130e-08
7982 2.817275e-05 1.711608e-08
7983 2.817221e-05 1.709091e-08
7984 2.817168e-05 1.706577e-08
7985 2.817114e-05 1.704067e-08
7986 2.817060e-05 1.701560e-08
7987 2.817007e-05 1.699057e-08
7988 2.816953e-05 1.696558e-08
7989 2.816900e-05 1.694062e-08
7990 2.816847e-05 1.691571e-08
7991 2.816794e-05 1.689082e-08
7992 2.816741e-05 1.686598e-08
7993 2.816688e-05 1.684117e-08
7994 2.816635e-05 1.681640e-08
7995 2.816582e-05 1.679166e-08
7996 2.816529e-05 1.676696e-08
7997 2.816477e-05 1.674230e-08
7998 2.816424e-05 1.671767e-08
7999 2.816372e-05 1.669308e-08
8000 2.816319e-05 1.666853e-08
8001 2.816267e-05 1.664401e-08
8002 2.816215e-05 1.661953e-08
8003 2.816163e-05 1.659508e-08
8004 2.816111e-05 1.657067e-08
8005 2.816059e-05 1.654630e-08
8006 2.816007e-05 1.652196e-08
8007 2.815955e-05 1.649766e-08
8008 2.815903e-05 1.647339e-08
8009 2.815852e-05 1.644916e-08
8010 2.815800e-05 1.642496e-08
8011 2.815749e-05 1.640080e-08
8012 2.815697e-05 1.637668e-08
8013 2.815646e-05 1.635259e-08
8014 2.815595e-05 1.632854e-08
8015 2.815544e-05 1.630452e-08
8016 2.815493e-05 1.628054e-08
8017 2.815442e-05 1.625659e-08
8018 2.815391e-05 1.623268e-08
8019 2.815340e-05 1.620880e-08
8020 2.815290e-05 1.618496e-08
8021 2.815239e-05 1.616115e-08
8022 2.815188e-05 1.613738e-08
8023 2.815138e-05 1.611364e-08
8024 2.815088e-05 1.608994e-08
8025 2.815037e-05 1.606627e-08
8026 2.814987e-05 1.604264e-08
8027 2.814937e-05 1.601904e-08
8028 2.814887e-05 1.599548e-08
8029 2.814837e-05 1.597195e-08
8030 2.814787e-05 1.594846e-08
8031 2.814738e-05 1.592500e-08
8032 2.814688e-05 1.590158e-08
8033 2.814638e-05 1.587819e-08
8034 2.814589e-05 1.585483e-08
8035 2.814539e-05 1.583151e-08
8036 2.814490e-05 1.580822e-08
8037 2.814441e-05 1.578497e-08
8038 2.814391e-05 1.576175e-08
8039 2.814342e-05 1.573857e-08
8040 2.814293e-05 1.571542e-08
8041 2.814244e-05 1.569230e-08
8042 2.814195e-05 1.566922e-08
8043 2.814147e-05 1.564617e-08
8044 2.814098e-05 1.562315e-08
8045 2.814049e-05 1.560017e-08
8046 2.814001e-05 1.557723e-08
8047 2.813952e-05 1.555431e-08
8048 2.813904e-05 1.553143e-08
8049 2.813855e-05 1.550859e-08
8050 2.813807e-05 1.548578e-08
8051 2.813759e-05 1.546300e-08
8052 2.813711e-05 1.544025e-08
8053 2.813663e-05 1.541754e-08
8054 2.813615e-05 1.539486e-08
8055 2.813567e-05 1.537222e-08
8056 2.813519e-05 1.534961e-08
8057 2.813472e-05 1.532703e-08
8058 2.813424e-05 1.530449e-08
8059 2.813376e-05 1.528197e-08
8060 2.813329e-05 1.525949e-08
8061 2.813282e-05 1.523705e-08
8062 2.813234e-05 1.521464e-08
8063 2.813187e-05 1.519226e-08
8064 2.813140e-05 1.516991e-08
8065 2.813093e-05 1.514760e-08
8066 2.813046e-05 1.512532e-08
8067 2.812999e-05 1.510307e-08
8068 2.812952e-05 1.508085e-08
8069 2.812905e-05 1.505867e-08
8070 2.812859e-05 1.503652e-08
8071 2.812812e-05 1.501440e-08
8072 2.812765e-05 1.499232e-08
8073 2.812719e-05 1.497026e-08
8074 2.812673e-05 1.494824e-08
8075 2.812626e-05 1.492626e-08
8076 2.812580e-05 1.490430e-08
8077 2.812534e-05 1.488238e-08
8078 2.812488e-05 1.486049e-08
8079 2.812442e-05 1.483863e-08
8080 2.812396e-05 1.481680e-08
8081 2.812350e-05 1.479501e-08
8082 2.812304e-05 1.477324e-08
8083 2.812259e-05 1.475151e-08
8084 2.812213e-05 1.472982e-08
8085 2.812167e-05 1.470815e-08
8086 2.812122e-05 1.468651e-08
8087 2.812076e-05 1.466491e-08
8088 2.812031e-05 1.464334e-08
8089 2.811986e-05 1.462180e-08
8090 2.811941e-05 1.460029e-08
8091 2.811896e-05 1.457882e-08
8092 2.811850e-05 1.455737e-08
8093 2.811805e-05 1.453596e-08
8094 2.811761e-05 1.451458e-08
8095 2.811716e-05 1.449323e-08
8096 2.811671e-05 1.447191e-08
8097 2.811626e-05 1.445062e-08
8098 2.811582e-05 1.442937e-08
8099 2.811537e-05 1.440814e-08
8100 2.811493e-05 1.438695e-08
8101 2.811448e-05 1.436579e-08
8102 2.811404e-05 1.434466e-08
8103 2.811360e-05 1.432356e-08
8104 2.811316e-05 1.430249e-08
8105 2.811271e-05 1.428145e-08
8106 2.811227e-05 1.426044e-08
8107 2.811183e-05 1.423947e-08
8108 2.811140e-05 1.421852e-08
8109 2.811096e-05 1.419761e-08
8110 2.811052e-05 1.417672e-08
8111 2.811008e-05 1.415587e-08
8112 2.810965e-05 1.413505e-08
8113 2.810921e-05 1.411426e-08
8114 2.810878e-05 1.409350e-08
8115 2.810834e-05 1.407277e-08
8116 2.810791e-05 1.405207e-08
8117 2.810748e-05 1.403140e-08
8118 2.810705e-05 1.401076e-08
8119 2.810662e-05 1.399015e-08
8120 2.810618e-05 1.396957e-08
8121 2.810576e-05 1.394902e-08
8122 2.810533e-05 1.392850e-08
8123 2.810490e-05 1.390802e-08
8124 2.810447e-05 1.388756e-08
8125 2.810404e-05 1.386713e-08
8126 2.810362e-05 1.384673e-08
8127 2.810319e-05 1.382637e-08
8128 2.810277e-05 1.380603e-08
8129 2.810234e-05 1.378572e-08
8130 2.810192e-05 1.376544e-08
8131 2.810150e-05 1.374519e-08
8132 2.810107e-05 1.372498e-08
8133 2.810065e-05 1.370479e-08
8134 2.810023e-05 1.368463e-08
8135 2.809981e-05 1.366450e-08
8136 2.809939e-05 1.364440e-08
8137 2.809897e-05 1.362433e-08
8138 2.809856e-05 1.360429e-08
8139 2.809814e-05 1.358428e-08
8140 2.809772e-05 1.356430e-08
8141 2.809731e-05 1.354435e-08
8142 2.809689e-05 1.352442e-08
8143 2.809648e-05 1.350453e-08
8144 2.809606e-05 1.348467e-08
8145 2.809565e-05 1.346483e-08
8146 2.809524e-05 1.344503e-08
8147 2.809482e-05 1.342525e-08
8148 2.809441e-05 1.340550e-08
8149 2.809400e-05 1.338578e-08
8150 2.809359e-05 1.336609e-08
8151 2.809318e-05 1.334643e-08
8152 2.809277e-05 1.332680e-08
8153 2.809237e-05 1.330720e-08
8154 2.809196e-05 1.328762e-08
8155 2.809155e-05 1.326808e-08
8156 2.809115e-05 1.324856e-08
8157 2.809074e-05 1.322908e-08
8158 2.809034e-05 1.320962e-08
8159 2.808993e-05 1.319019e-08
8160 2.808953e-05 1.317078e-08
8161 2.808913e-05 1.315141e-08
8162 2.808872e-05 1.313207e-08
8163 2.808832e-05 1.311275e-08
8164 2.808792e-05 1.309346e-08
8165 2.808752e-05 1.307420e-08
8166 2.808712e-05 1.305497e-08
8167 2.808672e-05 1.303577e-08
8168 2.808632e-05 1.301659e-08
8169 2.808593e-05 1.299745e-08
8170 2.808553e-05 1.297833e-08
8171 2.808513e-05 1.295924e-08
8172 2.808474e-05 1.294018e-08
8173 2.808434e-05 1.292114e-08
8174 2.808395e-05 1.290214e-08
8175 2.808356e-05 1.288316e-08
8176 2.808316e-05 1.286421e-08
8177 2.808277e-05 1.284529e-08
8178 2.808238e-05 1.282639e-08
8179 2.808199e-05 1.280752e-08
8180 2.808160e-05 1.278869e-08
8181 2.808121e-05 1.276987e-08
8182 2.808082e-05 1.275109e-08
8183 2.808043e-05 1.273234e-08
8184 2.808004e-05 1.271361e-08
8185 2.807965e-05 1.269491e-08
8186 2.807927e-05 1.267623e-08
8187 2.807888e-05 1.265759e-08
8188 2.807849e-05 1.263897e-08
8189 2.807811e-05 1.262038e-08
8190 2.807772e-05 1.260181e-08
8191 2.807734e-05 1.258328e-08
8192 2.807696e-05 1.256477e-08
8193 2.807658e-05 1.254629e-08
8194 2.807619e-05 1.252783e-08
8195 2.807581e-05 1.250940e-08
8196 2.807543e-05 1.249100e-08
8197 2.807505e-05 1.247263e-08
8198 2.807467e-05 1.245428e-08
8199 2.807429e-05 1.243597e-08
8200 2.807392e-05 1.241767e-08
8201 2.807354e-05 1.239941e-08
8202 2.807316e-05 1.238117e-08
8203 2.807278e-05 1.236296e-08
8204 2.807241e-05 1.234477e-08
8205 2.807203e-05 1.232661e-08
8206 2.807166e-05 1.230848e-08
8207 2.807129e-05 1.229038e-08
8208 2.807091e-05 1.227230e-08
8209 2.807054e-05 1.225425e-08
8210 2.807017e-05 1.223622e-08
8211 2.806980e-05 1.221822e-08
8212 2.806942e-05 1.220025e-08
8213 2.806905e-05 1.218231e-08
8214 2.806868e-05 1.216439e-08
8215 2.806832e-05 1.214649e-08
8216 2.806795e-05 1.212863e-08
8217 2.806758e-05 1.211079e-08
8218 2.806721e-05 1.209297e-08
8219 2.806684e-05 1.207519e-08
8220 2.806648e-05 1.205742e-08
8221 2.806611e-05 1.203969e-08
8222 2.806575e-05 1.202198e-08
8223 2.806538e-05 1.200429e-08
8224 2.806502e-05 1.198664e-08
8225 2.806466e-05 1.196901e-08
8226 2.806429e-05 1.195140e-08
8227 2.806393e-05 1.193382e-08
8228 2.806357e-05 1.191627e-08
8229 2.806321e-05 1.189874e-08
8230 2.806285e-05 1.188124e-08
8231 2.806249e-05 1.186376e-08
8232 2.806213e-05 1.184631e-08
8233 2.806177e-05 1.182888e-08
8234 2.806141e-05 1.181149e-08
8235 2.806105e-05 1.179411e-08
8236 2.806070e-05 1.177676e-08
8237 2.806034e-05 1.175944e-08
8238 2.805999e-05 1.174214e-08
8239 2.805963e-05 1.172487e-08
8240 2.805928e-05 1.170763e-08
8241 2.805892e-05 1.169040e-08
8242 2.805857e-05 1.167321e-08
8243 2.805822e-05 1.165604e-08
8244 2.805786e-05 1.163889e-08
8245 2.805751e-05 1.162177e-08
8246 2.805716e-05 1.160468e-08
8247 2.805681e-05 1.158761e-08
8248 2.805646e-05 1.157056e-08
8249 2.805611e-05 1.155354e-08
8250 2.805576e-05 1.153655e-08
8251 2.805541e-05 1.151958e-08
8252 2.805506e-05 1.150264e-08
8253 2.805472e-05 1.148572e-08
8254 2.805437e-05 1.146882e-08
8255 2.805402e-05 1.145195e-08
8256 2.805368e-05 1.143511e-08
8257 2.805333e-05 1.141829e-08
8258 2.805299e-05 1.140149e-08
8259 2.805264e-05 1.138472e-08
8260 2.805230e-05 1.136797e-08
8261 2.805196e-05 1.135125e-08
8262 2.805162e-05 1.133456e-08
8263 2.805127e-05 1.131788e-08
8264 2.805093e-05 1.130124e-08
8265 2.805059e-05 1.128461e-08
8266 2.805025e-05 1.126801e-08
8267 2.804991e-05 1.125144e-08
8268 2.804957e-05 1.123489e-08
8269 2.804923e-05 1.121836e-08
8270 2.804890e-05 1.120186e-08
8271 2.804856e-05 1.118539e-08
8272 2.804822e-05 1.116893e-08
8273 2.804788e-05 1.115250e-08
8274 2.804755e-05 1.113610e-08
8275 2.804721e-05 1.111972e-08
8276 2.804688e-05 1.110336e-08
8277 2.804654e-05 1.108703e-08
8278 2.804621e-05 1.107072e-08
8279 2.804588e-05 1.105444e-08
8280 2.804554e-05 1.103818e-08
8281 2.804521e-05 1.102194e-08
8282 2.804488e-05 1.100573e-08
8283 2.804455e-05 1.098954e-08
8284 2.804422e-05 1.097338e-08
8285 2.804389e-05 1.095723e-08
8286 2.804356e-05 1.094112e-08
8287 2.804323e-05 1.092502e-08
8288 2.804290e-05 1.090895e-08
8289 2.804257e-05 1.089291e-08
8290 2.804225e-05 1.087689e-08
8291 2.804192e-05 1.086089e-08
8292 2.804159e-05 1.084491e-08
8293 2.804127e-05 1.082896e-08
8294 2.804094e-05 1.081303e-08
8295 2.804062e-05 1.079712e-08
8296 2.804029e-05 1.078124e-08
8297 2.803997e-05 1.076538e-08
8298 2.803965e-05 1.074955e-08
8299 2.803932e-05 1.073374e-08
8300 2.803900e-05 1.071795e-08
8301 2.803868e-05 1.070218e-08
8302 2.803836e-05 1.068644e-08
8303 2.803804e-05 1.067072e-08
8304 2.803772e-05 1.065503e-08
8305 2.803740e-05 1.063935e-08
8306 2.803708e-05 1.062370e-08
8307 2.803676e-05 1.060808e-08
8308 2.803644e-05 1.059247e-08
8309 2.803612e-05 1.057689e-08
8310 2.803581e-05 1.056134e-08
8311 2.803549e-05 1.054580e-08
8312 2.803517e-05 1.053029e-08
8313 2.803486e-05 1.051480e-08
8314 2.803454e-05 1.049933e-08
8315 2.803423e-05 1.048389e-08
8316 2.803391e-05 1.046847e-08
8317 2.803360e-05 1.045307e-08
8318 2.803329e-05 1.043769e-08
8319 2.803298e-05 1.042234e-08
8320 2.803266e-05 1.040701e-08
8321 2.803235e-05 1.039170e-08
8322 2.803204e-05 1.037642e-08
8323 2.803173e-05 1.036115e-08
8324 2.803142e-05 1.034591e-08
8325 2.803111e-05 1.033070e-08
8326 2.803080e-05 1.031550e-08
8327 2.803049e-05 1.030033e-08
8328 2.803018e-05 1.028518e-08
8329 2.802988e-05 1.027005e-08
8330 2.802957e-05 1.025494e-08
8331 2.802926e-05 1.023986e-08
8332 2.802896e-05 1.022479e-08
8333 2.802865e-05 1.020975e-08
8334 2.802834e-05 1.019474e-08
8335 2.802804e-05 1.017974e-08
8336 2.802774e-05 1.016477e-08
8337 2.802743e-05 1.014982e-08
8338 2.802713e-05 1.013489e-08
8339 2.802683e-05 1.011998e-08
8340 2.802652e-05 1.010509e-08
8341 2.802622e-05 1.009023e-08
8342 2.802592e-05 1.007539e-08
8343 2.802562e-05 1.006057e-08
8344 2.802532e-05 1.004577e-08
8345 2.802502e-05 1.003099e-08
8346 2.802472e-05 1.001624e-08
8347 2.802442e-05 1.000150e-08
8348 2.802412e-05 9.986792e-09
