# step err_l2 res_l2
0 2.463645e-01 1.000000e+00
1 2.323526e-01 4.081906e-01
2 2.283041e-01 2.015213e-01
3 2.242734e-01 1.124507e-01
4 2.213026e-01 6.848675e-02
5 2.185891e-01 5.378809e-02
6 2.161795e-01 4.474101e-02
7 2.139620e-01 3.928582e-02
8 2.119103e-01 3.507052e-02
9 2.099909e-01 3.183041e-02
10 2.081842e-01 2.919382e-02
11 2.064736e-01 2.701779e-02
12 2.048467e-01 2.518087e-02
13 2.032934e-01 2.360819e-02
14 2.018055e-01 2.224350e-02
15 2.003762e-01 2.104655e-02
16 1.990000e-01 1.998681e-02
17 1.976719e-01 1.904101e-02
18 1.963878e-01 1.819092e-02
19 1.951442e-01 1.742212e-02
20 1.939379e-01 1.672299e-02
21 1.927663e-01 1.608407e-02
22 1.916269e-01 1.549757e-02
23 1.905175e-01 1.495701e-02
24 1.894362e-01 1.445698e-02
25 1.883814e-01 1.399288e-02
26 1.873514e-01 1.356080e-02
27 1.863448e-01 1.315739e-02
28 1.853604e-01 1.277976e-02
29 1.843970e-01 1.242541e-02
30 1.834536e-01 1.209215e-02
31 1.825291e-01 1.177807e-02
32 1.816226e-01 1.148148e-02
33 1.807333e-01 1.120090e-02
34 1.798605e-01 1.093500e-02
35 1.790034e-01 1.068261e-02
36 1.781613e-01 1.044267e-02
37 1.773337e-01 1.021425e-02
38 1.765199e-01 9.996492e-03
39 1.757194e-01 9.788633e-03
40 1.749318e-01 9.589981e-03
41 1.741564e-01 9.399910e-03
42 1.733929e-01 9.217848e-03
43 1.726409e-01 9.043275e-03
44 1.719000e-01 8.875718e-03
45 1.711697e-01 8.714740e-03
46 1.704497e-01 8.559944e-03
47 1.697398e-01 8.410962e-03
48 1.690395e-01 8.267457e-03
49 1.683486e-01 8.129118e-03
50 1.676668e-01 7.995658e-03
51 1.669938e-01 7.866810e-03
52 1.663293e-01 7.742327e-03
53 1.656732e-01 7.621981e-03
54 1.650251e-01 7.505559e-03
55 1.643849e-01 7.392861e-03
56 1.637523e-01 7.283705e-03
57 1.631272e-01 7.177916e-03
58 1.625093e-01 7.075335e-03
59 1.618984e-01 6.975809e-03
60 1.612944e-01 6.879198e-03
61 1.606971e-01 6.785369e-03
62 1.601063e-01 6.694198e-03
63 1.595219e-01 6.605567e-03
64 1.589437e-01 6.519368e-03
65 1.583716e-01 6.435495e-03
66 1.578054e-01 6.353852e-03
67 1.572450e-01 6.274346e-03
68 1.566903e-01 6.196891e-03
69 1.561411e-01 6.121403e-03
70 1.555973e-01 6.047805e-03
71 1.550588e-01 5.976025e-03
72 1.545255e-01 5.905990e-03
73 1.539973e-01 5.837637e-03
74 1.534740e-01 5.770901e-03
75 1.529557e-01 5.705723e-03
76 1.524420e-01 5.642046e-03
77 1.519331e-01 5.579817e-03
78 1.514288e-01 5.518985e-03
79 1.509289e-01 5.459500e-03
80 1.504334e-01 5.401315e-03
81 1.499423e-01 5.344388e-03
82 1.494554e-01 5.288674e-03
83 1.489726e-01 5.234135e-03
84 1.484940e-01 5.180730e-03
85 1.480193e-01 5.128424e-03
86 1.475486e-01 5.077182e-03
87 1.470818e-01 5.026968e-03
88 1.466188e-01 4.977752e-03
89 1.461595e-01 4.929503e-03
90 1.457038e-01 4.882190e-03
91 1.452518e-01 4.835785e-03
92 1.448033e-01 4.790262e-03
93 1.443583e-01 4.745593e-03
94 1.439167e-01 4.701755e-03
95 1.434785e-01 4.658722e-03
96 1.430436e-01 4.616472e-03
97 1.426120e-01 4.574983e-03
98 1.421836e-01 4.534233e-03
99 1.417584e-01 4.494201e-03
100 1.413362e-01 4.454869e-03
101 1.409172e-01 4.416216e-03
102 1.405011e-01 4.378224e-03
103 1.400880e-01 4.340876e-03
104 1.396779e-01 4.304155e-03
105 1.392706e-01 4.268045e-03
106 1.388662e-01 4.232528e-03
107 1.384646e-01 4.197591e-03
108 1.380657e-01 4.163219e-03
109 1.376695e-01 4.129396e-03
110 1.372760e-01 4.096111e-03
111 1.368852e-01 4.063348e-03
112 1.364970e-01 4.031096e-03
113 1.361113e-01 3.999341e-03
114 1.357282e-01 3.968073e-03
115 1.353475e-01 3.937279e-03
116 1.349694e-01 3.906948e-03
117 1.345936e-01 3.877070e-03
118 1.342203e-01 3.847633e-03
119 1.338493e-01 3.818627e-03
120 1.334807e-01 3.790044e-03
121 1.331143e-01 3.761872e-03
122 1.327503e-01 3.734104e-03
123 1.323884e-01 3.706729e-03
124 1.320288e-01 3.679739e-03
125 1.316714e-01 3.653126e-03
126 1.313162e-01 3.626882e-03
127 1.309630e-01 3.600998e-03
128 1.306120e-01 3.575467e-03
129 1.302631e-01 3.550282e-03
130 1.299162e-01 3.525434e-03
131 1.295713e-01 3.500918e-03
132 1.292285e-01 3.476726e-03
133 1.288876e-01 3.452851e-03
134 1.285487e-01 3.429288e-03
135 1.282117e-01 3.406029e-03
136 1.278767e-01 3.383069e-03
137 1.275435e-01 3.360401e-03
138 1.272122e-01 3.338020e-03
139 1.268827e-01 3.315921e-03
140 1.265550e-01 3.294097e-03
141 1.262292e-01 3.272544e-03
142 1.259051e-01 3.251256e-03
143 1.255828e-01 3.230228e-03
144 1.252623e-01 3.209455e-03
145 1.249435e-01 3.188933e-03
146 1.246263e-01 3.168657e-03
147 1.243109e-01 3.148621e-03
148 1.239971e-01 3.128823e-03
149 1.236850e-01 3.109257e-03
150 1.233745e-01 3.089919e-03
151 1.230656e-01 3.070806e-03
152 1.227583e-01 3.051912e-03
153 1.224526e-01 3.033235e-03
154 1.221484e-01 3.014771e-03
155 1.218458e-01 2.996515e-03
156 1.215448e-01 2.978464e-03
157 1.212452e-01 2.960614e-03
158 1.209471e-01 2.942963e-03
159 1.206506e-01 2.925507e-03
160 1.203554e-01 2.908242e-03
161 1.200618e-01 2.891165e-03
162 1.197695e-01 2.874273e-03
163 1.194787e-01 2.857563e-03
164 1.191893e-01 2.841033e-03
165 1.189013e-01 2.824678e-03
166 1.186147e-01 2.808497e-03
167 1.183295e-01 2.792486e-03
168 1.180456e-01 2.776643e-03
169 1.177630e-01 2.760965e-03
170 1.174818e-01 2.745449e-03
171 1.172018e-01 2.730094e-03
172 1.169232e-01 2.714895e-03
173 1.166459e-01 2.699852e-03
174 1.163698e-01 2.684961e-03
175 1.160950e-01 2.670221e-03
176 1.158215e-01 2.655628e-03
177 1.155492e-01 2.641182e-03
178 1.152781e-01 2.626878e-03
179 1.150083e-01 2.612717e-03
180 1.147396e-01 2.598694e-03
181 1.144722e-01 2.584809e-03
182 1.142059e-01 2.571059e-03
183 1.139408e-01 2.557442e-03
184 1.136769e-01 2.543957e-03
185 1.134141e-01 2.530601e-03
186 1.131524e-01 2.517373e-03
187 1.128919e-01 2.504270e-03
188 1.126325e-01 2.491292e-03
189 1.123743e-01 2.478436e-03
190 1.121171e-01 2.465701e-03
191 1.118610e-01 2.453084e-03
192 1.116060e-01 2.440585e-03
193 1.113521e-01 2.428201e-03
194 1.110992e-01 2.415932e-03
195 1.108474e-01 2.403775e-03
196 1.105966e-01 2.391729e-03
197 1.103468e-01 2.379793e-03
198 1.100981e-01 2.367965e-03
199 1.098504e-01 2.356244e-03
200 1.096037e-01 2.344628e-03
201 1.093581e-01 2.333116e-03
202 1.091134e-01 2.321706e-03
203 1.088696e-01 2.310398e-03
204 1.086269e-01 2.299189e-03
205 1.083851e-01 2.288080e-03
206 1.081443e-01 2.277068e-03
207 1.079045e-01 2.266151e-03
208 1.076655e-01 2.255330e-03
209 1.074276e-01 2.244603e-03
210 1.071905e-01 2.233969e-03
211 1.069544e-01 2.223425e-03
212 1.067192e-01 2.212973e-03
213 1.064848e-01 2.202609e-03
214 1.062514e-01 2.192334e-03
215 1.060189e-01 2.182146e-03
216 1.057872e-01 2.172044e-03
217 1.055565e-01 2.162027e-03
218 1.053266e-01 2.152094e-03
219 1.050975e-01 2.142243e-03
220 1.048694e-01 2.132475e-03
221 1.046420e-01 2.122789e-03
222 1.044155e-01 2.113182e-03
223 1.041899e-01 2.103654e-03
224 1.039651e-01 2.094205e-03
225 1.037410e-01 2.084833e-03
226 1.035179e-01 2.075538e-03
227 1.032955e-01 2.066318e-03
228 1.030739e-01 2.057173e-03
229 1.028531e-01 2.048102e-03
230 1.026332e-01 2.039104e-03
231 1.024140e-01 2.030179e-03
232 1.021956e-01 2.021324e-03
233 1.019779e-01 2.012541e-03
234 1.017610e-01 2.003827e-03
235 1.015449e-01 1.995183e-03
236 1.013296e-01 1.986607e-03
237 1.011150e-01 1.978098e-03
238 1.009011e-01 1.969657e-03
239 1.006880e-01 1.961281e-03
240 1.004756e-01 1.952972e-03
241 1.002640e-01 1.944726e-03
242 1.000531e-01 1.936545e-03
243 9.984286e-02 1.928428e-03
244 9.963337e-02 1.920373e-03
245 9.942459e-02 1.912380e-03
246 9.921651e-02 1.904448e-03
247 9.900913e-02 1.896577e-03
248 9.880245e-02 1.888767e-03
249 9.859645e-02 1.881016e-03
250 9.839114e-02 1.873323e-03
251 9.818650e-02 1.865689e-03
252 9.798255e-02 1.858113e-03
253 9.777926e-02 1.850594e-03
254 9.757663e-02 1.843131e-03
255 9.737467e-02 1.835724e-03
256 9.717336e-02 1.828373e-03
257 9.697271e-02 1.821076e-03
258 9.677270e-02 1.813834e-03
259 9.657333e-02 1.806645e-03
260 9.637461e-02 1.799509e-03
261 9.617651e-02 1.792426e-03
262 9.597905e-02 1.785395e-03
263 9.578221e-02 1.778416e-03
264 9.558600e-02 1.771488e-03
265 9.539040e-02 1.764610e-03
266 9.519541e-02 1.757783e-03
267 9.500103e-02 1.751005e-03
268 9.480726e-02 1.744276e-03
269 9.461409e-02 1.737595e-03
270 9.442152e-02 1.730963e-03
271 9.422954e-02 1.724379e-03
272 9.403814e-02 1.717841e-03
273 9.384734e-02 1.711351e-03
274 9.365711e-02 1.704907e-03
275 9.346747e-02 1.698508e-03
276 9.327840e-02 1.692155e-03
277 9.308990e-02 1.685847e-03
278 9.290196e-02 1.679584e-03
279 9.271459e-02 1.673365e-03
280 9.252779e-02 1.667189e-03
281 9.234153e-02 1.661057e-03
282 9.215583e-02 1.654968e-03
283 9.197068e-02 1.648921e-03
284 9.178608e-02 1.642916e-03
285 9.160202e-02 1.636953e-03
286 9.141849e-02 1.631031e-03
287 9.123551e-02 1.625150e-03
288 9.105305e-02 1.619310e-03
289 9.087113e-02 1.613509e-03
290 9.068973e-02 1.607749e-03
291 9.050886e-02 1.602028e-03
292 9.032850e-02 1.596346e-03
293 9.014867e-02 1.590702e-03
294 8.996934e-02 1.585097e-03
295 8.979053e-02 1.579530e-03
296 8.961223e-02 1.574001e-03
297 8.943443e-02 1.568508e-03
298 8.925713e-02 1.563053e-03
299 8.908033e-02 1.557635e-03
300 8.890403e-02 1.552252e-03
301 8.872822e-02 1.546906e-03
302 8.855290e-02 1.541595e-03
303 8.837807e-02 1.536319e-03
304 8.820372e-02 1.531078e-03
305 8.802985e-02 1.525872e-03
306 8.785647e-02 1.520701e-03
307 8.768356e-02 1.515563e-03
308 8.751112e-02 1.510459e-03
309 8.733915e-02 1.505388e-03
310 8.716766e-02 1.500351e-03
311 8.699663e-02 1.495346e-03
312 8.682606e-02 1.490374e-03
313 8.665595e-02 1.485434e-03
314 8.648630e-02 1.480526e-03
315 8.631711e-02 1.475649e-03
316 8.614836e-02 1.470804e-03
317 8.598007e-02 1.465990e-03
318 8.581223e-02 1.461207e-03
319 8.564483e-02 1.456454e-03
320 8.547788e-02 1.451731e-03
321 8.531137e-02 1.447039e-03
322 8.514529e-02 1.442376e-03
323 8.497965e-02 1.437743e-03
324 8.481445e-02 1.433139e-03
325 8.464968e-02 1.428563e-03
326 8.448533e-02 1.424017e-03
327 8.432142e-02 1.419499e-03
328 8.415793e-02 1.415009e-03
329 8.399486e-02 1.410547e-03
330 8.383221e-02 1.406112e-03
331 8.366998e-02 1.401705e-03
332 8.350816e-02 1.397325e-03
333 8.334676e-02 1.392972e-03
334 8.318577e-02 1.388646e-03
335 8.302519e-02 1.384347e-03
336 8.286502e-02 1.380073e-03
337 8.270526e-02 1.375826e-03
338 8.254589e-02 1.371604e-03
339 8.238693e-02 1.367408e-03
340 8.222837e-02 1.363237e-03
341 8.207021e-02 1.359092e-03
342 8.191244e-02 1.354971e-03
343 8.175506e-02 1.350875e-03
344 8.159808e-02 1.346803e-03
345 8.144149e-02 1.342756e-03
346 8.128528e-02 1.338733e-03
347 8.112946e-02 1.334733e-03
348 8.097403e-02 1.330757e-03
349 8.081897e-02 1.326805e-03
350 8.066430e-02 1.322876e-03
351 8.051001e-02 1.318969e-03
352 8.035609e-02 1.315086e-03
353 8.020255e-02 1.311225e-03
354 8.004938e-02 1.307387e-03
355 7.989658e-02 1.303571e-03
356 7.974416e-02 1.299776e-03
357 7.959210e-02 1.296004e-03
358 7.944040e-02 1.292254e-03
359 7.928907e-02 1.288524e-03
360 7.913811e-02 1.284817e-03
361 7.898750e-02 1.281130e-03
362 7.883726e-02 1.277464e-03
363 7.868737e-02 1.273819e-03
364 7.853784e-02 1.270194e-03
365 7.838867e-02 1.266590e-03
366 7.823985e-02 1.263006e-03
367 7.809138e-02 1.259442e-03
368 7.794326e-02 1.255898e-03
369 7.779548e-02 1.252374e-03
370 7.764806e-02 1.248869e-03
371 7.750098e-02 1.245384e-03
372 7.735424e-02 1.241917e-03
373 7.720785e-02 1.238470e-03
374 7.706180e-02 1.235042e-03
375 7.691609e-02 1.231632e-03
376 7.677071e-02 1.228241e-03
377 7.662567e-02 1.224868e-03
378 7.648097e-02 1.221514e-03
379 7.633660e-02 1.218177e-03
380 7.619256e-02 1.214859e-03
381 7.604886e-02 1.211558e-03
382 7.590548e-02 1.208275e-03
383 7.576243e-02 1.205009e-03
384 7.561971e-02 1.201761e-03
385 7.547731e-02 1.198530e-03
386 7.533524e-02 1.195316e-03
387 7.519349e-02 1.192119e-03
388 7.505206e-02 1.188939e-03
389 7.491095e-02 1.185775e-03
390 7.477016e-02 1.182627e-03
391 7.462969e-02 1.179496e-03
392 7.448953e-02 1.176382e-03
393 7.434969e-02 1.173283e-03
394 7.421016e-02 1.170200e-03
395 7.407095e-02 1.167133e-03
396 7.393204e-02 1.164082e-03
397 7.379345e-02 1.161046e-03
398 7.365516e-02 1.158025e-03
399 7.351718e-02 1.155020e-03
400 7.337951e-02 1.152030e-03
401 7.324214e-02 1.149055e-03
402 7.310508e-02 1.146095e-03
403 7.296832e-02 1.143150e-03
404 7.283186e-02 1.140219e-03
405 7.269570e-02 1.137303e-03
406 7.255984e-02 1.134401e-03
407 7.242428e-02 1.131514e-03
408 7.228901e-02 1.128640e-03
409 7.215404e-02 1.125781e-03
410 7.201937e-02 1.122936e-03
411 7.188498e-02 1.120104e-03
412 7.175090e-02 1.117287e-03
413 7.161710e-02 1.114482e-03
414 7.148359e-02 1.111692e-03
415 7.135037e-02 1.108914e-03
416 7.121744e-02 1.106150e-03
417 7.108480e-02 1.103399e-03
418 7.095244e-02 1.100661e-03
419 7.082037e-02 1.097936e-03
420 7.068858e-02 1.095224e-03
421 7.055708e-02 1.092525e-03
422 7.042585e-02 1.089838e-03
423 7.029491e-02 1.087164e-03
424 7.016425e-02 1.084502e-03
425 7.003387e-02 1.081852e-03
426 6.990376e-02 1.079215e-03
427 6.977393e-02 1.076590e-03
428 6.964438e-02 1.073977e-03
429 6.951510e-02 1.071375e-03
430 6.938610e-02 1.068786e-03
431 6.925737e-02 1.066208e-03
432 6.912891e-02 1.063642e-03
433 6.900072e-02 1.061088e-03
434 6.887280e-02 1.058545e-03
435 6.874516e-02 1.056013e-03
436 6.861778e-02 1.053493e-03
437 6.849067e-02 1.050983e-03
438 6.836382e-02 1.048485e-03
439 6.823724e-02 1.045998e-03
440 6.811093e-02 1.043522e-03
441 6.798487e-02 1.041057e-03
442 6.785909e-02 1.038602e-03
443 6.773356e-02 1.036158e-03
444 6.760830e-02 1.033725e-03
445 6.748329e-02 1.031302e-03
446 6.735855e-02 1.028889e-03
447 6.723406e-02 1.026487e-03
448 6.710983e-02 1.024095e-03
449 6.698586e-02 1.021713e-03
450 6.686215e-02 1.019342e-03
451 6.673869e-02 1.016980e-03
452 6.661548e-02 1.014628e-03
453 6.649253e-02 1.012286e-03
454 6.636983e-02 1.009954e-03
455 6.624739e-02 1.007632e-03
456 6.612519e-02 1.005319e-03
457 6.600325e-02 1.003016e-03
458 6.588155e-02 1.000722e-03
459 6.576011e-02 9.984374e-04
460 6.563891e-02 9.961624e-04
461 6.551796e-02 9.938966e-04
462 6.539725e-02 9.916400e-04
463 6.527680e-02 9.893925e-04
464 6.515658e-02 9.871540e-04
465 6.503661e-02 9.849246e-04
466 6.491689e-02 9.827040e-04
467 6.479741e-02 9.804923e-04
468 6.467817e-02 9.782893e-04
469 6.455917e-02 9.760951e-04
470 6.444041e-02 9.739095e-04
471 6.432189e-02 9.717325e-04
472 6.420361e-02 9.695640e-04
473 6.408557e-02 9.674039e-04
474 6.396777e-02 9.652523e-04
475 6.385020e-02 9.631089e-04
476 6.373287e-02 9.609738e-04
477 6.361578e-02 9.588469e-04
478 6.349892e-02 9.567282e-04
479 6.338229e-02 9.546175e-04
480 6.326590e-02 9.525148e-04
481 6.314974e-02 9.504201e-04
482 6.303382e-02 9.483333e-04
483 6.291812e-02 9.462543e-04
484 6.280266e-02 9.441832e-04
485 6.268742e-02 9.421197e-04
486 6.257242e-02 9.400639e-04
487 6.245764e-02 9.380157e-04
488 6.234309e-02 9.359751e-04
489 6.222877e-02 9.339420e-04
490 6.211468e-02 9.319163e-04
491 6.200081e-02 9.298981e-04
492 6.188717e-02 9.278872e-04
493 6.177376e-02 9.258835e-04
494 6.166057e-02 9.238871e-04
495 6.154760e-02 9.218979e-04
496 6.143485e-02 9.199158e-04
497 6.132233e-02 9.179408e-04
498 6.121003e-02 9.159728e-04
499 6.109795e-02 9.140118e-04
500 6.098609e-02 9.120578e-04
501 6.087445e-02 9.101106e-04
502 6.076303e-02 9.081703e-04
503 6.065183e-02 9.062367e-04
504 6.054085e-02 9.043099e-04
505 6.043008e-02 9.023898e-04
506 6.031954e-02 9.004763e-04
507 6.020920e-02 8.985694e-04
508 6.009909e-02 8.966691e-04
509 5.998919e-02 8.947753e-04
510 5.987950e-02 8.928879e-04
511 5.977003e-02 8.910070e-04
512 5.966077e-02 8.891324e-04
513 5.955173e-02 8.872642e-04
514 5.944290e-02 8.854022e-04
515 5.933428e-02 8.835465e-04
516 5.922587e-02 8.816970e-04
517 5.911767e-02 8.798537e-04
518 5.900968e-02 8.780164e-04
519 5.890190e-02 8.761853e-04
520 5.879433e-02 8.743602e-04
521 5.868697e-02 8.725410e-04
522 5.857982e-02 8.707279e-04
523 5.847287e-02 8.689206e-04
524 5.836614e-02 8.671193e-04
525 5.825960e-02 8.653237e-04
526 5.815328e-02 8.635340e-04
527 5.804716e-02 8.617500e-04
528 5.794124e-02 8.599717e-04
529 5.783553e-02 8.581992e-04
530 5.773002e-02 8.564323e-04
531 5.762472e-02 8.546709e-04
532 5.751962e-02 8.529152e-04
533 5.741472e-02 8.511650e-04
534 5.731002e-02 8.494203e-04
535 5.720552e-02 8.476811e-04
536 5.710123e-02 8.459473e-04
537 5.699713e-02 8.442189e-04
538 5.689324e-02 8.424958e-04
539 5.678954e-02 8.407781e-04
540 5.668604e-02 8.390657e-04
541 5.658274e-02 8.373585e-04
542 5.647964e-02 8.356566e-04
543 5.637674e-02 8.339598e-04
544 5.627403e-02 8.322683e-04
545 5.617152e-02 8.305818e-04
546 5.606921e-02 8.289005e-04
547 5.596709e-02 8.272242e-04
548 5.586516e-02 8.255529e-04
549 5.576343e-02 8.238867e-04
550 5.566189e-02 8.222254e-04
551 5.556055e-02 8.205691e-04
552 5.545940e-02 8.189177e-04
553 5.535844e-02 8.172711e-04
554 5.525768e-02 8.156294e-04
555 5.515710e-02 8.139926e-04
556 5.505672e-02 8.123605e-04
557 5.495653e-02 8.107332e-04
558 5.485653e-02 8.091106e-04
559 5.475672e-02 8.074928e-04
560 5.465709e-02 8.058796e-04
561 5.455766e-02 8.042711e-04
562 5.445842e-02 8.026672e-04
563 5.435936e-02 8.010679e-04
564 5.426049e-02 7.994731e-04
565 5.416181e-02 7.978830e-04
566 5.406331e-02 7.962973e-04
567 5.396500e-02 7.947161e-04
568 5.386688e-02 7.931394e-04
569 5.376894e-02 7.915671e-04
570 5.367119e-02 7.899992e-04
571 5.357362e-02 7.884358e-04
572 5.347624e-02 7.868767e-04
573 5.337903e-02 7.853219e-04
574 5.328202e-02 7.837714e-04
575 5.318518e-02 7.822252e-04
576 5.308853e-02 7.806833e-04
577 5.299206e-02 7.791457e-04
578 5.289577e-02 7.776122e-04
579 5.279967e-02 7.760830e-04
580 5.270374e-02 7.745579e-04
581 5.260799e-02 7.730369e-04
582 5.251243e-02 7.715201e-04
583 5.241704e-02 7.700074e-04
584 5.232183e-02 7.684988e-04
585 5.222680e-02 7.669942e-04
586 5.213195e-02 7.654937e-04
587 5.203728e-02 7.639971e-04
588 5.194279e-02 7.625046e-04
589 5.184847e-02 7.610160e-04
590 5.175433e-02 7.595314e-04
591 5.166036e-02 7.580507e-04
592 5.156658e-02 7.565739e-04
593 5.147296e-02 7.551010e-04
594 5.137953e-02 7.536320e-04
595 5.128626e-02 7.521668e-04
596 5.119317e-02 7.507054e-04
597 5.110026e-02 7.492478e-04
598 5.100752e-02 7.477941e-04
599 5.091495e-02 7.463441e-04
600 5.082256e-02 7.448978e-04
601 5.073033e-02 7.434552e-04
602 5.063829e-02 7.420164e-04
603 5.054641e-02 7.405813e-04
604 5.045470e-02 7.391498e-04
605 5.036316e-02 7.377220e-04
606 5.027180e-02 7.362978e-04
607 5.018060e-02 7.348772e-04
608 5.008958e-02 7.334602e-04
609 4.999872e-02 7.320468e-04
610 4.990804e-02 7.306369e-04
611 4.981752e-02 7.292306e-04
612 4.972717e-02 7.278279e-04
613 4.963699e-02 7.264286e-04
614 4.954698e-02 7.250328e-04
615 4.945713e-02 7.236405e-04
616 4.936745e-02 7.222517e-04
617 4.927794e-02 7.208663e-04
618 4.918859e-02 7.194843e-04
619 4.909941e-02 7.181057e-04
620 4.901040e-02 7.167305e-04
621 4.892155e-02 7.153587e-04
622 4.883286e-02 7.139902e-04
623 4.874434e-02 7.126251e-04
624 4.865599e-02 7.112633e-04
625 4.856780e-02 7.099048e-04
626 4.847977e-02 7.085497e-04
627 4.839190e-02 7.071978e-04
628 4.830420e-02 7.058491e-04
629 4.821666e-02 7.045037e-04
630 4.812928e-02 7.031616e-04
631 4.804206e-02 7.018226e-04
632 4.795501e-02 7.004869e-04
633 4.786812e-02 6.991544e-04
634 4.778138e-02 6.978250e-04
635 4.769481e-02 6.964988e-04
636 4.760840e-02 6.951758e-04
637 4.752215e-02 6.938558e-04
638 4.743605e-02 6.925390e-04
639 4.735012e-02 6.912254e-04
640 4.726434e-02 6.899148e-04
641 4.717872e-02 6.886072e-04
642 4.709327e-02 6.873028e-04
643 4.700796e-02 6.860014e-04
644 4.692282e-02 6.847030e-04
645 4.683783e-02 6.834076e-04
646 4.675300e-02 6.821153e-04
647 4.666833e-02 6.808260e-04
648 4.658381e-02 6.795396e-04
649 4.649945e-02 6.782563e-04
650 4.641525e-02 6.769758e-04
651 4.633120e-02 6.756984e-04
652 4.624730e-02 6.744238e-04
653 4.616356e-02 6.731522e-04
654 4.607997e-02 6.718835e-04
655 4.599654e-02 6.706177e-04
656 4.591326e-02 6.693548e-04
657 4.583013e-02 6.680948e-04
658 4.574716e-02 6.668376e-04
659 4.566434e-02 6.655833e-04
660 4.558167e-02 6.643318e-04
661 4.549916e-02 6.630831e-04
662 4.541679e-02 6.618373e-04
663 4.533458e-02 6.605942e-04
664 4.525252e-02 6.593540e-04
665 4.517061e-02 6.581165e-04
666 4.508885e-02 6.568818e-04
667 4.500724e-02 6.556499e-04
668 4.492578e-02 6.544207e-04
669 4.484446e-02 6.531943e-04
670 4.476330e-02 6.519706e-04
671 4.468229e-02 6.507496e-04
672 4.460143e-02 6.495313e-04
673 4.452071e-02 6.483157e-04
674 4.444015e-02 6.471028e-04
675 4.435973e-02 6.458925e-04
676 4.427946e-02 6.446849e-04
677 4.419933e-02 6.434800e-04
678 4.411935e-02 6.422778e-04
679 4.403952e-02 6.410781e-04
680 4.395984e-02 6.398811e-04
681 4.388030e-02 6.386867e-04
682 4.380091e-02 6.374949e-04
683 4.372166e-02 6.363057e-04
684 4.364256e-02 6.351191e-04
685 4.356360e-02 6.339350e-04
686 4.348479e-02 6.327535e-04
687 4.340612e-02 6.315746e-04
688 4.332760e-02 6.303983e-04
689 4.324922e-02 6.292244e-04
690 4.317098e-02 6.280531e-04
691 4.309289e-02 6.268843e-04
692 4.301494e-02 6.257180e-04
693 4.293713e-02 6.245543e-04
694 4.285947e-02 6.233930e-04
695 4.278195e-02 6.222342e-04
696 4.270456e-02 6.210778e-04
697 4.262732e-02 6.199240e-04
698 4.255023e-02 6.187726e-04
699 4.247327e-02 6.176236e-04
700 4.239645e-02 6.164771e-04
701 4.231978e-02 6.153330e-04
702 4.224324e-02 6.141913e-04
703 4.216684e-02 6.130521e-04
704 4.209059e-02 6.119153e-04
705 4.201447e-02 6.107808e-04
706 4.193849e-02 6.096488e-04
707 4.186265e-02 6.085191e-04
708 4.178695e-02 6.073918e-04
709 4.171139e-02 6.062668e-04
710 4.163596e-02 6.051443e-04
711 4.156068e-02 6.040240e-04
712 4.148553e-02 6.029061e-04
713 4.141051e-02 6.017906e-04
714 4.133564e-02 6.006773e-04
715 4.126090e-02 5.995664e-04
716 4.118630e-02 5.984578e-04
717 4.111183e-02 5.973515e-04
718 4.103750e-02 5.962475e-04
719 4.096331e-02 5.951458e-04
720 4.088925e-02 5.940464e-04
721 4.081532e-02 5.929492e-04
722 4.074153e-02 5.918543e-04
723 4.066788e-02 5.907616e-04
724 4.059436e-02 5.896712e-04
725 4.052097e-02 5.885831e-04
726 4.044772e-02 5.874972e-04
727 4.037460e-02 5.864135e-04
728 4.030161e-02 5.853320e-04
729 4.022876e-02 5.842528e-04
730 4.015604e-02 5.831758e-04
731 4.008345e-02 5.821009e-04
732 4.001100e-02 5.810283e-04
733 3.993867e-02 5.799578e-04
734 3.986648e-02 5.788895e-04
735 3.979442e-02 5.778234e-04
736 3.972249e-02 5.767595e-04
737 3.965069e-02 5.756977e-04
738 3.957902e-02 5.746381e-04
739 3.950749e-02 5.735806e-04
740 3.943608e-02 5.725253e-04
741 3.936480e-02 5.714721e-04
742 3.929366e-02 5.704210e-04
743 3.922264e-02 5.693721e-04
744 3.915175e-02 5.683253e-04
745 3.908099e-02 5.672805e-04
746 3.901036e-02 5.662379e-04
747 3.893986e-02 5.651974e-04
748 3.886949e-02 5.641590e-04
749 3.879924e-02 5.631226e-04
750 3.872912e-02 5.620883e-04
751 3.865913e-02 5.610561e-04
752 3.858927e-02 5.600260e-04
753 3.851953e-02 5.589979e-04
754 3.844993e-02 5.579719e-04
755 3.838044e-02 5.569479e-04
756 3.831109e-02 5.559260e-04
757 3.824186e-02 5.549061e-04
758 3.817275e-02 5.538882e-04
759 3.810377e-02 5.528724e-04
760 3.803492e-02 5.518585e-04
761 3.796619e-02 5.508467e-04
762 3.789759e-02 5.498369e-04
763 3.782911e-02 5.488291e-04
764 3.776076e-02 5.478233e-04
765 3.769253e-02 5.468195e-04
766 3.762442e-02 5.458176e-04
767 3.755644e-02 5.448178e-04
768 3.748858e-02 5.438199e-04
769 3.742084e-02 5.428240e-04
770 3.735323e-02 5.418300e-04
771 3.728574e-02 5.408380e-04
772 3.721837e-02 5.398480e-04
773 3.715113e-02 5.388599e-04
774 3.708401e-02 5.378737e-04
775 3.701701e-02 5.368895e-04
776 3.695013e-02 5.359072e-04
777 3.688337e-02 5.349268e-04
778 3.681673e-02 5.339484e-04
779 3.675022e-02 5.329719e-04
780 3.668382e-02 5.319972e-04
781 3.661755e-02 5.310245e-04
782 3.655140e-02 5.300537e-04
783 3.648536e-02 5.290848e-04
784 3.641945e-02 5.281177e-04
785 3.635365e-02 5.271526e-04
786 3.628798e-02 5.261893e-04
787 3.622242e-02 5.252279e-04
788 3.615699e-02 5.242684e-04
789 3.609167e-02 5.233107e-04
790 3.602647e-02 5.223549e-04
791 3.596139e-02 5.214010e-04
792 3.589642e-02 5.204489e-04
793 3.583158e-02 5.194986e-04
794 3.576685e-02 5.185502e-04
795 3.570224e-02 5.176036e-04
796 3.563775e-02 5.166589e-04
797 3.557337e-02 5.157159e-04
798 3.550911e-02 5.147748e-04
799 3.544497e-02 5.138356e-04
800 3.538094e-02 5.128981e-04
801 3.531703e-02 5.119624e-04
802 3.525324e-02 5.110286e-04
803 3.518956e-02 5.100965e-04
804 3.512599e-02 5.091662e-04
805 3.506254e-02 5.082377e-04
806 3.499921e-02 5.073110e-04
807 3.493599e-02 5.063861e-04
808 3.487289e-02 5.054630e-04
809 3.480990e-02 5.045416e-04
810 3.474702e-02 5.036220e-04
811 3.468426e-02 5.027042e-04
812 3.462161e-02 5.017881e-04
813 3.455908e-02 5.008738e-04
814 3.449666e-02 4.999612e-04
815 3.443435e-02 4.990504e-04
816 3.437216e-02 4.981413e-04
817 3.431008e-02 4.972340e-04
818 3.424811e-02 4.963283e-04
819 3.418625e-02 4.954244e-04
820 3.412450e-02 4.945223e-04
821 3.406287e-02 4.936218e-04
822 3.400135e-02 4.927231e-04
823 3.393994e-02 4.918261e-04
824 3.387864e-02 4.909308e-04
825 3.381745e-02 4.900372e-04
826 3.375637e-02 4.891453e-04
827 3.369541e-02 4.882551e-04
828 3.363455e-02 4.873665e-04
829 3.357380e-02 4.864797e-04
830 3.351317e-02 4.855946e-04
831 3.345264e-02 4.847111e-04
832 3.339223e-02 4.838293e-04
833 3.333192e-02 4.829492e-04
834 3.327172e-02 4.820707e-04
835 3.321163e-02 4.811939e-04
836 3.315165e-02 4.803188e-04
837 3.309178e-02 4.794453e-04
838 3.303202e-02 4.785735e-04
839 3.297236e-02 4.777033e-04
840 3.291281e-02 4.768348e-04
841 3.285338e-02 4.759679e-04
842 3.279404e-02 4.751027e-04
843 3.273482e-02 4.742391e-04
844 3.267570e-02 4.733771e-04
845 3.261669e-02 4.725167e-04
846 3.255779e-02 4.716580e-04
847 3.249899e-02 4.708008e-04
848 3.244030e-02 4.699453e-04
849 3.238172e-02 4.690914e-04
850 3.232324e-02 4.682391e-04
851 3.226487e-02 4.673884e-04
852 3.220660e-02 4.665394e-04
853 3.214844e-02 4.656919e-04
854 3.209039e-02 4.648460e-04
855 3.203244e-02 4.640016e-04
856 3.197459e-02 4.631589e-04
857 3.191685e-02 4.623178e-04
858 3.185921e-02 4.614782e-04
859 3.180168e-02 4.606402e-04
860 3.174425e-02 4.598038e-04
861 3.168693e-02 4.589689e-04
862 3.162971e-02 4.581356e-04
863 3.157259e-02 4.573039e-04
864 3.151558e-02 4.564737e-04
865 3.145866e-02 4.556451e-04
866 3.140186e-02 4.548181e-04
867 3.134515e-02 4.539925e-04
868 3.128855e-02 4.531686e-04
869 3.123205e-02 4.523461e-04
870 3.117565e-02 4.515252e-04
871 3.111936e-02 4.507058e-04
872 3.106316e-02 4.498880e-04
873 3.100707e-02 4.490717e-04
874 3.095108e-02 4.482569e-04
875 3.089519e-02 4.474436e-04
876 3.083940e-02 4.466319e-04
877 3.078371e-02 4.458216e-04
878 3.072813e-02 4.450129e-04
879 3.067264e-02 4.442057e-04
880 3.061725e-02 4.434000e-04
881 3.056197e-02 4.425957e-04
882 3.050678e-02 4.417930e-04
883 3.045170e-02 4.409918e-04
884 3.039671e-02 4.401921e-04
885 3.034182e-02 4.393938e-04
886 3.028703e-02 4.385970e-04
887 3.023235e-02 4.378018e-04
888 3.017776e-02 4.370079e-04
889 3.012327e-02 4.362156e-04
890 3.006887e-02 4.354247e-04
891 3.001458e-02 4.346354e-04
892 2.996038e-02 4.338474e-04
893 2.990628e-02 4.330610e-04
894 2.985228e-02 4.322759e-04
895 2.979838e-02 4.314924e-04
896 2.974458e-02 4.307103e-04
897 2.969087e-02 4.299296e-04
898 2.963726e-02 4.291504e-04
899 2.958374e-02 4.283727e-04
900 2.953033e-02 4.275964e-04
901 2.947700e-02 4.268215e-04
902 2.942378e-02 4.260480e-04
903 2.937065e-02 4.252760e-04
904 2.931762e-02 4.245054e-04
905 2.926468e-02 4.237363e-04
906 2.921184e-02 4.229685e-04
907 2.915910e-02 4.222022e-04
908 2.910645e-02 4.214373e-04
909 2.905389e-02 4.206738e-04
910 2.900143e-02 4.199117e-04
911 2.894907e-02 4.191511e-04
912 2.889680e-02 4.183918e-04
913 2.884462e-02 4.176339e-04
914 2.879254e-02 4.168775e-04
915 2.874056e-02 4.161224e-04
916 2.868866e-02 4.153687e-04
917 2.863686e-02 4.146165e-04
918 2.858516e-02 4.138656e-04
919 2.853354e-02 4.131160e-04
920 2.848203e-02 4.123679e-04
921 2.843060e-02 4.116212e-04
922 2.837927e-02 4.108758e-04
923 2.832803e-02 4.101318e-04
924 2.827688e-02 4.093892e-04
925 2.822582e-02 4.086479e-04
926 2.817486e-02 4.079080e-04
927 2.812399e-02 4.071695e-04
928 2.807321e-02 4.064323e-04
929 2.802252e-02 4.056965e-04
930 2.797193e-02 4.049620e-04
931 2.792142e-02 4.042289e-04
932 2.787101e-02 4.034971e-04
933 2.782069e-02 4.027667e-04
934 2.777046e-02 4.020376e-04
935 2.772032e-02 4.013099e-04
936 2.767027e-02 4.005835e-04
937 2.762031e-02 3.998584e-04
938 2.757044e-02 3.991347e-04
939 2.752066e-02 3.984123e-04
940 2.747097e-02 3.976912e-04
941 2.742137e-02 3.969715e-04
942 2.737186e-02 3.962530e-04
943 2.732244e-02 3.955359e-04
944 2.727311e-02 3.948201e-04
945 2.722387e-02 3.941057e-04
946 2.717472e-02 3.933925e-04
947 2.712565e-02 3.926806e-04
948 2.707668e-02 3.919701e-04
949 2.702779e-02 3.912608e-04
950 2.697899e-02 3.905529e-04
951 2.693028e-02 3.898462e-04
952 2.688166e-02 3.891409e-04
953 2.683312e-02 3.884368e-04
954 2.678468e-02 3.877340e-04
955 2.673632e-02 3.870325e-04
956 2.668804e-02 3.863323e-04
957 2.663986e-02 3.856334e-04
958 2.659176e-02 3.849358e-04
959 2.654375e-02 3.842394e-04
960 2.649583e-02 3.835443e-04
961 2.644799e-02 3.828505e-04
962 2.640024e-02 3.821580e-04
963 2.635257e-02 3.814667e-04
964 2.630499e-02 3.807767e-04
965 2.625750e-02 3.800879e-04
966 2.621009e-02 3.794004e-04
967 2.616277e-02 3.787142e-04
968 2.611554e-02 3.780292e-04
969 2.606839e-02 3.773455e-04
970 2.602132e-02 3.766630e-04
971 2.597434e-02 3.759818e-04
972 2.592744e-02 3.753018e-04
973 2.588063e-02 3.746231e-04
974 2.583391e-02 3.739456e-04
975 2.578726e-02 3.732693e-04
976 2.574071e-02 3.725943e-04
977 2.569423e-02 3.719205e-04
978 2.564784e-02 3.712479e-04
979 2.560154e-02 3.705766e-04
980 2.555531e-02 3.699065e-04
981 2.550917e-02 3.692376e-04
982 2.546312e-02 3.685700e-04
983 2.541715e-02 3.679035e-04
984 2.537126e-02 3.672383e-04
985 2.532545e-02 3.665743e-04
986 2.527973e-02 3.659115e-04
987 2.523408e-02 3.652499e-04
988 2.518853e-02 3.645895e-04
989 2.514305e-02 3.639303e-04
990 2.509765e-02 3.632723e-04
991 2.505234e-02 3.626156e-04
992 2.500711e-02 3.619600e-04
993 2.496196e-02 3.613056e-04
994 2.491689e-02 3.606524e-04
995 2.487191e-02 3.600004e-04
996 2.482700e-02 3.593496e-04
997 2.478218e-02 3.587000e-04
998 2.473744e-02 3.580515e-04
999 2.469277e-02 3.574043e-04
1000 2.464819e-02 3.567582e-04
1001 2.460369e-02 3.561133e-04
1002 2.455927e-02 3.554696e-04
1003 2.451493e-02 3.548270e-04
1004 2.447067e-02 3.541856e-04
1005 2.442649e-02 3.535454e-04
1006 2.438239e-02 3.529064e-04
1007 2.433837e-02 3.522685e-04
1008 2.429443e-02 3.516318e-04
1009 2.425057e-02 3.509962e-04
1010 2.420678e-02 3.503618e-04
1011 2.416308e-02 3.497285e-04
1012 2.411945e-02 3.490964e-04
1013 2.407591e-02 3.484655e-04
1014 2.403244e-02 3.478357e-04
1015 2.398905e-02 3.472070e-04
1016 2.394574e-02 3.465795e-04
1017 2.390251e-02 3.459532e-04
1018 2.385935e-02 3.453279e-04
1019 2.381628e-02 3.447038e-04
1020 2.377328e-02 3.440809e-04
1021 2.373036e-02 3.434590e-04
1022 2.368751e-02 3.428384e-04
1023 2.364475e-02 3.422188e-04
1024 2.360206e-02 3.416004e-04
1025 2.355945e-02 3.409830e-04
1026 2.351691e-02 3.403668e-04
1027 2.347445e-02 3.397518e-04
1028 2.343207e-02 3.391378e-04
1029 2.338977e-02 3.385250e-04
1030 2.334754e-02 3.379133e-04
1031 2.330538e-02 3.373026e-04
1032 2.326331e-02 3.366931e-04
1033 2.322131e-02 3.360848e-04
1034 2.317938e-02 3.354775e-04
1035 2.313753e-02 3.348713e-04
1036 2.309576e-02 3.342662e-04
1037 2.305406e-02 3.336622e-04
1038 2.301244e-02 3.330593e-04
1039 2.297089e-02 3.324575e-04
1040 2.292942e-02 3.318568e-04
1041 2.288802e-02 3.312572e-04
1042 2.284670e-02 3.306587e-04
1043 2.280545e-02 3.300613e-04
1044 2.276428e-02 3.294649e-04
1045 2.272318e-02 3.288697e-04
1046 2.268215e-02 3.282755e-04
1047 2.264120e-02 3.276824e-04
1048 2.260032e-02 3.270903e-04
1049 2.255952e-02 3.264994e-04
1050 2.251879e-02 3.259095e-04
1051 2.247814e-02 3.253207e-04
1052 2.243755e-02 3.247330e-04
1053 2.239704e-02 3.241463e-04
1054 2.235661e-02 3.235607e-04
1055 2.231624e-02 3.229761e-04
1056 2.227595e-02 3.223926e-04
1057 2.223573e-02 3.218102e-04
1058 2.219559e-02 3.212288e-04
1059 2.215552e-02 3.206485e-04
1060 2.211552e-02 3.200692e-04
1061 2.207559e-02 3.194910e-04
1062 2.203573e-02 3.189139e-04
1063 2.199595e-02 3.183377e-04
1064 2.195624e-02 3.177627e-04
1065 2.191659e-02 3.171886e-04
1066 2.187703e-02 3.166157e-04
1067 2.183753e-02 3.160437e-04
1068 2.179810e-02 3.154728e-04
1069 2.175875e-02 3.149029e-04
1070 2.171946e-02 3.143341e-04
1071 2.168025e-02 3.137663e-04
1072 2.164111e-02 3.131995e-04
1073 2.160204e-02 3.126337e-04
1074 2.156303e-02 3.120690e-04
1075 2.152410e-02 3.115053e-04
1076 2.148524e-02 3.109426e-04
1077 2.144645e-02 3.103809e-04
1078 2.140773e-02 3.098203e-04
1079 2.136908e-02 3.092606e-04
1080 2.133050e-02 3.087020e-04
1081 2.129199e-02 3.081444e-04
1082 2.125355e-02 3.075878e-04
1083 2.121518e-02 3.070322e-04
1084 2.117687e-02 3.064777e-04
1085 2.113864e-02 3.059241e-04
1086 2.110047e-02 3.053715e-04
1087 2.106238e-02 3.048200e-04
1088 2.102435e-02 3.042694e-04
1089 2.098639e-02 3.037198e-04
1090 2.094850e-02 3.031712e-04
1091 2.091068e-02 3.026236e-04
1092 2.087293e-02 3.020771e-04
1093 2.083524e-02 3.015314e-04
1094 2.079763e-02 3.009868e-04
1095 2.076008e-02 3.004432e-04
1096 2.072260e-02 2.999006e-04
1097 2.068518e-02 2.993589e-04
1098 2.064784e-02 2.988182e-04
1099 2.061056e-02 2.982785e-04
1100 2.057335e-02 2.977398e-04
1101 2.053620e-02 2.972021e-04
1102 2.049913e-02 2.966653e-04
1103 2.046212e-02 2.961295e-04
1104 2.042517e-02 2.955946e-04
1105 2.038830e-02 2.950608e-04
1106 2.035149e-02 2.945279e-04
1107 2.031474e-02 2.939959e-04
1108 2.027806e-02 2.934650e-04
1109 2.024145e-02 2.929350e-04
1110 2.020491e-02 2.924059e-04
1111 2.016843e-02 2.918778e-04
1112 2.013202e-02 2.913507e-04
1113 2.009567e-02 2.908245e-04
1114 2.005939e-02 2.902993e-04
1115 2.002317e-02 2.897750e-04
1116 1.998702e-02 2.892517e-04
1117 1.995093e-02 2.887293e-04
1118 1.991491e-02 2.882079e-04
1119 1.987896e-02 2.876874e-04
1120 1.984307e-02 2.871678e-04
1121 1.980724e-02 2.866492e-04
1122 1.977148e-02 2.861315e-04
1123 1.973578e-02 2.856148e-04
1124 1.970015e-02 2.850990e-04
1125 1.966458e-02 2.845841e-04
1126 1.962908e-02 2.840702e-04
1127 1.959364e-02 2.835572e-04
1128 1.955826e-02 2.830451e-04
1129 1.952295e-02 2.825339e-04
1130 1.948770e-02 2.820237e-04
1131 1.945252e-02 2.815144e-04
1132 1.941740e-02 2.810060e-04
1133 1.938234e-02 2.804986e-04
1134 1.934735e-02 2.799920e-04
1135 1.931242e-02 2.794864e-04
1136 1.927755e-02 2.789817e-04
1137 1.924274e-02 2.784779e-04
1138 1.920800e-02 2.779750e-04
1139 1.917332e-02 2.774730e-04
1140 1.913870e-02 2.769719e-04
1141 1.910415e-02 2.764717e-04
1142 1.906966e-02 2.759725e-04
1143 1.903523e-02 2.754741e-04
1144 1.900086e-02 2.749767e-04
1145 1.896655e-02 2.744801e-04
1146 1.893231e-02 2.739844e-04
1147 1.889813e-02 2.734897e-04
1148 1.886401e-02 2.729958e-04
1149 1.882995e-02 2.725028e-04
1150 1.879595e-02 2.720107e-04
1151 1.876202e-02 2.715195e-04
1152 1.872814e-02 2.710292e-04
1153 1.869433e-02 2.705398e-04
1154 1.866058e-02 2.700513e-04
1155 1.862689e-02 2.695636e-04
1156 1.859326e-02 2.690768e-04
1157 1.855969e-02 2.685909e-04
1158 1.852618e-02 2.681059e-04
1159 1.849273e-02 2.676218e-04
1160 1.845934e-02 2.671385e-04
1161 1.842601e-02 2.666561e-04
1162 1.839274e-02 2.661746e-04
1163 1.835954e-02 2.656940e-04
1164 1.832639e-02 2.652142e-04
1165 1.829330e-02 2.647353e-04
1166 1.826027e-02 2.642573e-04
1167 1.822730e-02 2.637801e-04
1168 1.819439e-02 2.633038e-04
1169 1.816154e-02 2.628283e-04
1170 1.812875e-02 2.623537e-04
1171 1.809602e-02 2.618800e-04
1172 1.806335e-02 2.614071e-04
1173 1.803074e-02 2.609350e-04
1174 1.799818e-02 2.604639e-04
1175 1.796569e-02 2.599935e-04
1176 1.793325e-02 2.595241e-04
1177 1.790087e-02 2.590554e-04
1178 1.786855e-02 2.585877e-04
1179 1.783629e-02 2.581207e-04
1180 1.780409e-02 2.576546e-04
1181 1.777194e-02 2.571894e-04
1182 1.773985e-02 2.567250e-04
1183 1.770782e-02 2.562614e-04
1184 1.767585e-02 2.557987e-04
1185 1.764394e-02 2.553368e-04
1186 1.761208e-02 2.548757e-04
1187 1.758028e-02 2.544155e-04
1188 1.754854e-02 2.539561e-04
1189 1.751686e-02 2.534975e-04
1190 1.748523e-02 2.530398e-04
1191 1.745366e-02 2.525829e-04
1192 1.742215e-02 2.521268e-04
1193 1.739069e-02 2.516715e-04
1194 1.735930e-02 2.512171e-04
1195 1.732795e-02 2.507635e-04
1196 1.729667e-02 2.503107e-04
1197 1.726544e-02 2.498587e-04
1198 1.723427e-02 2.494076e-04
1199 1.720315e-02 2.489572e-04
1200 1.717209e-02 2.485077e-04
1201 1.714108e-02 2.480589e-04
1202 1.711014e-02 2.476110e-04
1203 1.707924e-02 2.471639e-04
1204 1.704841e-02 2.467176e-04
1205 1.701763e-02 2.462722e-04
1206 1.698690e-02 2.458275e-04
1207 1.695623e-02 2.453836e-04
1208 1.692562e-02 2.449405e-04
1209 1.689506e-02 2.444982e-04
1210 1.686455e-02 2.440567e-04
1211 1.683410e-02 2.436161e-04
1212 1.680371e-02 2.431762e-04
1213 1.677337e-02 2.427371e-04
1214 1.674308e-02 2.422988e-04
1215 1.671285e-02 2.418613e-04
1216 1.668268e-02 2.414246e-04
1217 1.665256e-02 2.409886e-04
1218 1.662249e-02 2.405535e-04
1219 1.659248e-02 2.401191e-04
1220 1.656252e-02 2.396856e-04
1221 1.653262e-02 2.392528e-04
1222 1.650277e-02 2.388208e-04
1223 1.647297e-02 2.383896e-04
1224 1.644323e-02 2.379591e-04
1225 1.641354e-02 2.375294e-04
1226 1.638391e-02 2.371005e-04
1227 1.635432e-02 2.366724e-04
1228 1.632480e-02 2.362451e-04
1229 1.629532e-02 2.358185e-04
1230 1.626590e-02 2.353927e-04
1231 1.623653e-02 2.349677e-04
1232 1.620722e-02 2.345434e-04
1233 1.617795e-02 2.341199e-04
1234 1.614874e-02 2.336972e-04
1235 1.611959e-02 2.332752e-04
1236 1.609048e-02 2.328540e-04
1237 1.606143e-02 2.324335e-04
1238 1.603243e-02 2.320138e-04
1239 1.600348e-02 2.315949e-04
1240 1.597459e-02 2.311767e-04
1241 1.594575e-02 2.307593e-04
1242 1.591696e-02 2.303426e-04
1243 1.588822e-02 2.299267e-04
1244 1.585953e-02 2.295116e-04
1245 1.583090e-02 2.290971e-04
1246 1.580231e-02 2.286835e-04
1247 1.577378e-02 2.282706e-04
1248 1.574530e-02 2.278584e-04
1249 1.571687e-02 2.274470e-04
1250 1.568850e-02 2.270363e-04
1251 1.566017e-02 2.266263e-04
1252 1.563189e-02 2.262171e-04
1253 1.560367e-02 2.258087e-04
1254 1.557550e-02 2.254009e-04
1255 1.554738e-02 2.249939e-04
1256 1.551930e-02 2.245877e-04
1257 1.549128e-02 2.241821e-04
1258 1.546331e-02 2.237774e-04
1259 1.543539e-02 2.233733e-04
1260 1.540752e-02 2.229700e-04
1261 1.537971e-02 2.225674e-04
1262 1.535194e-02 2.221655e-04
1263 1.532422e-02 2.217643e-04
1264 1.529655e-02 2.213639e-04
1265 1.526893e-02 2.209642e-04
1266 1.524136e-02 2.205652e-04
1267 1.521384e-02 2.201670e-04
1268 1.518637e-02 2.197694e-04
1269 1.515896e-02 2.193726e-04
1270 1.513159e-02 2.189765e-04
1271 1.510426e-02 2.185811e-04
1272 1.507699e-02 2.181864e-04
1273 1.504977e-02 2.177924e-04
1274 1.502260e-02 2.173992e-04
1275 1.499547e-02 2.170066e-04
1276 1.496840e-02 2.166148e-04
1277 1.494137e-02 2.162237e-04
1278 1.491440e-02 2.158332e-04
1279 1.488747e-02 2.154435e-04
1280 1.486059e-02 2.150545e-04
1281 1.483376e-02 2.146662e-04
1282 1.480697e-02 2.142786e-04
1283 1.478024e-02 2.138917e-04
1284 1.475355e-02 2.135054e-04
1285 1.472691e-02 2.131199e-04
1286 1.470032e-02 2.127351e-04
1287 1.467378e-02 2.123510e-04
1288 1.464729e-02 2.119675e-04
1289 1.462084e-02 2.115848e-04
1290 1.459444e-02 2.112028e-04
1291 1.456809e-02 2.108214e-04
1292 1.454179e-02 2.104407e-04
1293 1.451553e-02 2.100607e-04
1294 1.448932e-02 2.096814e-04
1295 1.446316e-02 2.093028e-04
1296 1.443705e-02 2.089249e-04
1297 1.441098e-02 2.085476e-04
1298 1.438496e-02 2.081711e-04
1299 1.435899e-02 2.077952e-04
1300 1.433306e-02 2.074200e-04
1301 1.430718e-02 2.070454e-04
1302 1.428135e-02 2.066716e-04
1303 1.425557e-02 2.062984e-04
1304 1.422983e-02 2.059259e-04
1305 1.420413e-02 2.055541e-04
1306 1.417849e-02 2.051829e-04
1307 1.415289e-02 2.048124e-04
1308 1.412733e-02 2.044426e-04
1309 1.410183e-02 2.040734e-04
1310 1.407636e-02 2.037049e-04
1311 1.405095e-02 2.033371e-04
1312 1.402558e-02 2.029699e-04
1313 1.400026e-02 2.026034e-04
1314 1.397498e-02 2.022376e-04
1315 1.394974e-02 2.018724e-04
1316 1.392456e-02 2.015079e-04
1317 1.389942e-02 2.011440e-04
1318 1.387432e-02 2.007808e-04
1319 1.384927e-02 2.004183e-04
1320 1.382426e-02 2.000564e-04
1321 1.379930e-02 1.996951e-04
1322 1.377439e-02 1.993345e-04
1323 1.374952e-02 1.989746e-04
1324 1.372469e-02 1.986153e-04
1325 1.369991e-02 1.982567e-04
1326 1.367518e-02 1.978987e-04
1327 1.365048e-02 1.975413e-04
1328 1.362584e-02 1.971846e-04
1329 1.360124e-02 1.968286e-04
1330 1.357668e-02 1.964732e-04
1331 1.355216e-02 1.961184e-04
1332 1.352769e-02 1.957642e-04
1333 1.350327e-02 1.954108e-04
1334 1.347889e-02 1.950579e-04
1335 1.345455e-02 1.947057e-04
1336 1.343026e-02 1.943541e-04
1337 1.340601e-02 1.940031e-04
1338 1.338180e-02 1.936528e-04
1339 1.335764e-02 1.933031e-04
1340 1.333352e-02 1.929541e-04
1341 1.330945e-02 1.926057e-04
1342 1.328542e-02 1.922579e-04
1343 1.326143e-02 1.919107e-04
1344 1.323749e-02 1.915642e-04
1345 1.321359e-02 1.912183e-04
1346 1.318973e-02 1.908730e-04
1347 1.316591e-02 1.905283e-04
1348 1.314214e-02 1.901842e-04
1349 1.311841e-02 1.898408e-04
1350 1.309473e-02 1.894980e-04
1351 1.307108e-02 1.891558e-04
1352 1.304748e-02 1.888143e-04
1353 1.302393e-02 1.884733e-04
1354 1.300041e-02 1.881330e-04
1355 1.297694e-02 1.877933e-04
1356 1.295351e-02 1.874541e-04
1357 1.293012e-02 1.871156e-04
1358 1.290677e-02 1.867778e-04
1359 1.288347e-02 1.864405e-04
1360 1.286021e-02 1.861038e-04
1361 1.283699e-02 1.857678e-04
1362 1.281381e-02 1.854323e-04
1363 1.279067e-02 1.850975e-04
1364 1.276758e-02 1.847632e-04
1365 1.274453e-02 1.844296e-04
1366 1.272151e-02 1.840965e-04
1367 1.269855e-02 1.837641e-04
1368 1.267562e-02 1.834323e-04
1369 1.265273e-02 1.831010e-04
1370 1.262989e-02 1.827704e-04
1371 1.260708e-02 1.824403e-04
1372 1.258432e-02 1.821109e-04
1373 1.256160e-02 1.817820e-04
1374 1.253892e-02 1.814538e-04
1375 1.251628e-02 1.811261e-04
1376 1.249368e-02 1.807990e-04
1377 1.247112e-02 1.804725e-04
1378 1.244860e-02 1.801466e-04
1379 1.242613e-02 1.798213e-04
1380 1.240369e-02 1.794966e-04
1381 1.238129e-02 1.791725e-04
1382 1.235894e-02 1.788489e-04
1383 1.233662e-02 1.785260e-04
1384 1.231435e-02 1.782036e-04
1385 1.229212e-02 1.778818e-04
1386 1.226992e-02 1.775606e-04
1387 1.224777e-02 1.772399e-04
1388 1.222565e-02 1.769199e-04
1389 1.220358e-02 1.766004e-04
1390 1.218155e-02 1.762815e-04
1391 1.215955e-02 1.759631e-04
1392 1.213760e-02 1.756454e-04
1393 1.211568e-02 1.753282e-04
1394 1.209381e-02 1.750116e-04
1395 1.207197e-02 1.746955e-04
1396 1.205017e-02 1.743801e-04
1397 1.202842e-02 1.740652e-04
1398 1.200670e-02 1.737508e-04
1399 1.198502e-02 1.734371e-04
1400 1.196338e-02 1.731239e-04
1401 1.194178e-02 1.728112e-04
1402 1.192022e-02 1.724991e-04
1403 1.189870e-02 1.721876e-04
1404 1.187721e-02 1.718767e-04
1405 1.185577e-02 1.715663e-04
1406 1.183436e-02 1.712565e-04
1407 1.181299e-02 1.709472e-04
1408 1.179166e-02 1.706385e-04
1409 1.177037e-02 1.703304e-04
1410 1.174912e-02 1.700228e-04
1411 1.172791e-02 1.697157e-04
1412 1.170673e-02 1.694093e-04
1413 1.168560e-02 1.691033e-04
1414 1.166450e-02 1.687979e-04
1415 1.164344e-02 1.684931e-04
1416 1.162241e-02 1.681888e-04
1417 1.160143e-02 1.678851e-04
1418 1.158048e-02 1.675819e-04
1419 1.155957e-02 1.672793e-04
1420 1.153870e-02 1.669772e-04
1421 1.151787e-02 1.666757e-04
1422 1.149707e-02 1.663747e-04
1423 1.147631e-02 1.660742e-04
1424 1.145559e-02 1.657743e-04
1425 1.143491e-02 1.654749e-04
1426 1.141426e-02 1.651761e-04
1427 1.139365e-02 1.648778e-04
1428 1.137308e-02 1.645801e-04
1429 1.135255e-02 1.642828e-04
1430 1.133205e-02 1.639862e-04
1431 1.131159e-02 1.636900e-04
1432 1.129117e-02 1.633944e-04
1433 1.127078e-02 1.630993e-04
1434 1.125043e-02 1.628048e-04
1435 1.123012e-02 1.625108e-04
1436 1.120984e-02 1.622173e-04
1437 1.118960e-02 1.619243e-04
1438 1.116940e-02 1.616319e-04
1439 1.114923e-02 1.613400e-04
1440 1.112910e-02 1.610487e-04
1441 1.110901e-02 1.607578e-04
1442 1.108895e-02 1.604675e-04
1443 1.106893e-02 1.601777e-04
1444 1.104894e-02 1.598884e-04
1445 1.102899e-02 1.595997e-04
1446 1.100908e-02 1.593114e-04
1447 1.098920e-02 1.590237e-04
1448 1.096936e-02 1.587366e-04
1449 1.094955e-02 1.584499e-04
1450 1.092978e-02 1.581637e-04
1451 1.091005e-02 1.578781e-04
1452 1.089035e-02 1.575930e-04
1453 1.087069e-02 1.573084e-04
1454 1.085106e-02 1.570243e-04
1455 1.083147e-02 1.567407e-04
1456 1.081191e-02 1.564576e-04
1457 1.079239e-02 1.561751e-04
1458 1.077291e-02 1.558930e-04
1459 1.075345e-02 1.556115e-04
1460 1.073404e-02 1.553305e-04
1461 1.071466e-02 1.550499e-04
1462 1.069531e-02 1.547699e-04
1463 1.067600e-02 1.544904e-04
1464 1.065673e-02 1.542114e-04
1465 1.063749e-02 1.539329e-04
1466 1.061828e-02 1.536549e-04
1467 1.059911e-02 1.533774e-04
1468 1.057997e-02 1.531004e-04
1469 1.056087e-02 1.528239e-04
1470 1.054180e-02 1.525479e-04
1471 1.052277e-02 1.522724e-04
1472 1.050377e-02 1.519974e-04
1473 1.048480e-02 1.517229e-04
1474 1.046587e-02 1.514489e-04
1475 1.044698e-02 1.511754e-04
1476 1.042811e-02 1.509023e-04
1477 1.040929e-02 1.506298e-04
1478 1.039049e-02 1.503578e-04
1479 1.037173e-02 1.500862e-04
1480 1.035301e-02 1.498151e-04
1481 1.033431e-02 1.495446e-04
1482 1.031565e-02 1.492745e-04
1483 1.029703e-02 1.490049e-04
1484 1.027844e-02 1.487358e-04
1485 1.025988e-02 1.484672e-04
1486 1.024136e-02 1.481990e-04
1487 1.022287e-02 1.479314e-04
1488 1.020441e-02 1.476642e-04
1489 1.018598e-02 1.473975e-04
1490 1.016759e-02 1.471313e-04
1491 1.014924e-02 1.468656e-04
1492 1.013091e-02 1.466004e-04
1493 1.011262e-02 1.463356e-04
1494 1.009436e-02 1.460713e-04
1495 1.007614e-02 1.458075e-04
1496 1.005794e-02 1.455441e-04
1497 1.003978e-02 1.452813e-04
1498 1.002166e-02 1.450189e-04
1499 1.000356e-02 1.447570e-04
1500 9.985501e-03 1.444955e-04
1501 9.967472e-03 1.442346e-04
1502 9.949476e-03 1.439741e-04
1503 9.931512e-03 1.437140e-04
1504 9.913581e-03 1.434545e-04
1505 9.895682e-03 1.431954e-04
1506 9.877816e-03 1.429368e-04
1507 9.859981e-03 1.426786e-04
1508 9.842179e-03 1.424209e-04
1509 9.824409e-03 1.421637e-04
1510 9.806671e-03 1.419069e-04
1511 9.788966e-03 1.416507e-04
1512 9.771292e-03 1.413948e-04
1513 9.753650e-03 1.411394e-04
1514 9.736040e-03 1.408845e-04
1515 9.718462e-03 1.406301e-04
1516 9.700915e-03 1.403761e-04
1517 9.683400e-03 1.401226e-04
1518 9.665917e-03 1.398695e-04
1519 9.648465e-03 1.396169e-04
1520 9.631045e-03 1.393647e-04
1521 9.613657e-03 1.391130e-04
1522 9.596299e-03 1.388617e-04
1523 9.578974e-03 1.386109e-04
1524 9.561679e-03 1.383606e-04
1525 9.544416e-03 1.381107e-04
1526 9.527183e-03 1.378612e-04
1527 9.509982e-03 1.376122e-04
1528 9.492812e-03 1.373637e-04
1529 9.475673e-03 1.371156e-04
1530 9.458565e-03 1.368680e-04
1531 9.441488e-03 1.366208e-04
1532 9.424442e-03 1.363740e-04
1533 9.407426e-03 1.361277e-04
1534 9.390442e-03 1.358818e-04
1535 9.373488e-03 1.356364e-04
1536 9.356564e-03 1.353914e-04
1537 9.339671e-03 1.351469e-04
1538 9.322809e-03 1.349028e-04
1539 9.305977e-03 1.346591e-04
1540 9.289175e-03 1.344159e-04
1541 9.272404e-03 1.341731e-04
1542 9.255663e-03 1.339308e-04
1543 9.238952e-03 1.336889e-04
1544 9.222272e-03 1.334474e-04
1545 9.205622e-03 1.332064e-04
1546 9.189001e-03 1.329658e-04
1547 9.172411e-03 1.327256e-04
1548 9.155851e-03 1.324859e-04
1549 9.139320e-03 1.322466e-04
1550 9.122820e-03 1.320078e-04
1551 9.106349e-03 1.317693e-04
1552 9.089908e-03 1.315313e-04
1553 9.073497e-03 1.312938e-04
1554 9.057115e-03 1.310566e-04
1555 9.040763e-03 1.308199e-04
1556 9.024440e-03 1.305836e-04
1557 9.008147e-03 1.303478e-04
1558 8.991884e-03 1.301123e-04
1559 8.975649e-03 1.298773e-04
1560 8.959444e-03 1.296427e-04
1561 8.943269e-03 1.294086e-04
1562 8.927122e-03 1.291748e-04
1563 8.911005e-03 1.289415e-04
1564 8.894917e-03 1.287086e-04
1565 8.878858e-03 1.284761e-04
1566 8.862828e-03 1.282441e-04
1567 8.846826e-03 1.280125e-04
1568 8.830854e-03 1.277812e-04
1569 8.814911e-03 1.275504e-04
1570 8.798996e-03 1.273200e-04
1571 8.783110e-03 1.270901e-04
1572 8.767253e-03 1.268605e-04
1573 8.751425e-03 1.266314e-04
1574 8.735625e-03 1.264027e-04
1575 8.719853e-03 1.261743e-04
1576 8.704110e-03 1.259464e-04
1577 8.688396e-03 1.257190e-04
1578 8.672710e-03 1.254919e-04
1579 8.657052e-03 1.252652e-04
1580 8.641422e-03 1.250389e-04
1581 8.625821e-03 1.248131e-04
1582 8.610248e-03 1.245876e-04
1583 8.594703e-03 1.243626e-04
1584 8.579186e-03 1.241380e-04
1585 8.563697e-03 1.239138e-04
1586 8.548236e-03 1.236899e-04
1587 8.532803e-03 1.234665e-04
1588 8.517398e-03 1.232435e-04
1589 8.502021e-03 1.230209e-04
1590 8.486672e-03 1.227987e-04
1591 8.471350e-03 1.225769e-04
1592 8.456056e-03 1.223555e-04
1593 8.440789e-03 1.221345e-04
1594 8.425550e-03 1.219138e-04
1595 8.410339e-03 1.216936e-04
1596 8.395155e-03 1.214738e-04
1597 8.379999e-03 1.212544e-04
1598 8.364870e-03 1.210354e-04
1599 8.349768e-03 1.208168e-04
1600 8.334693e-03 1.205985e-04
1601 8.319646e-03 1.203807e-04
1602 8.304626e-03 1.201632e-04
1603 8.289633e-03 1.199462e-04
1604 8.274667e-03 1.197295e-04
1605 8.259728e-03 1.195133e-04
1606 8.244817e-03 1.192974e-04
1607 8.229932e-03 1.190819e-04
1608 8.215074e-03 1.188668e-04
1609 8.200242e-03 1.186521e-04
1610 8.185438e-03 1.184378e-04
1611 8.170660e-03 1.182238e-04
1612 8.155909e-03 1.180103e-04
1613 8.141185e-03 1.177971e-04
1614 8.126487e-03 1.175843e-04
1615 8.111816e-03 1.173719e-04
1616 8.097171e-03 1.171599e-04
1617 8.082553e-03 1.169483e-04
1618 8.067961e-03 1.167371e-04
1619 8.053396e-03 1.165262e-04
1620 8.038857e-03 1.163157e-04
1621 8.024344e-03 1.161056e-04
1622 8.009857e-03 1.158959e-04
1623 7.995397e-03 1.156865e-04
1624 7.980962e-03 1.154775e-04
1625 7.966554e-03 1.152690e-04
1626 7.952172e-03 1.150607e-04
1627 7.937815e-03 1.148529e-04
1628 7.923485e-03 1.146454e-04
1629 7.909181e-03 1.144383e-04
1630 7.894902e-03 1.142316e-04
1631 7.880649e-03 1.140253e-04
1632 7.866422e-03 1.138193e-04
1633 7.852220e-03 1.136137e-04
1634 7.838045e-03 1.134085e-04
1635 7.823895e-03 1.132036e-04
1636 7.809770e-03 1.129991e-04
1637 7.795671e-03 1.127950e-04
1638 7.781597e-03 1.125913e-04
1639 7.767549e-03 1.123879e-04
1640 7.753526e-03 1.121849e-04
1641 7.739529e-03 1.119822e-04
1642 7.725556e-03 1.117799e-04
1643 7.711610e-03 1.115780e-04
1644 7.697688e-03 1.113765e-04
1645 7.683791e-03 1.111753e-04
1646 7.669920e-03 1.109744e-04
1647 7.656073e-03 1.107740e-04
1648 7.642252e-03 1.105739e-04
1649 7.628455e-03 1.103741e-04
1650 7.614684e-03 1.101748e-04
1651 7.600937e-03 1.099757e-04
1652 7.587215e-03 1.097771e-04
1653 7.573518e-03 1.095788e-04
1654 7.559846e-03 1.093808e-04
1655 7.546198e-03 1.091832e-04
1656 7.532575e-03 1.089860e-04
1657 7.518977e-03 1.087891e-04
1658 7.505403e-03 1.085926e-04
1659 7.491854e-03 1.083964e-04
1660 7.478329e-03 1.082006e-04
1661 7.464828e-03 1.080052e-04
1662 7.451352e-03 1.078101e-04
1663 7.437901e-03 1.076153e-04
1664 7.424473e-03 1.074209e-04
1665 7.411070e-03 1.072269e-04
1666 7.397691e-03 1.070332e-04
1667 7.384337e-03 1.068398e-04
1668 7.371006e-03 1.066468e-04
1669 7.357700e-03 1.064542e-04
1670 7.344417e-03 1.062619e-04
1671 7.331159e-03 1.060699e-04
1672 7.317924e-03 1.058783e-04
1673 7.304713e-03 1.056870e-04
1674 7.291527e-03 1.054961e-04
1675 7.278364e-03 1.053055e-04
1676 7.265225e-03 1.051153e-04
1677 7.252109e-03 1.049254e-04
1678 7.239017e-03 1.047359e-04
1679 7.225949e-03 1.045467e-04
1680 7.212905e-03 1.043578e-04
1681 7.199884e-03 1.041693e-04
1682 7.186886e-03 1.039811e-04
1683 7.173913e-03 1.037933e-04
1684 7.160962e-03 1.036058e-04
1685 7.148035e-03 1.034186e-04
1686 7.135131e-03 1.032318e-04
1687 7.122251e-03 1.030453e-04
1688 7.109394e-03 1.028592e-04
1689 7.096560e-03 1.026733e-04
1690 7.083749e-03 1.024879e-04
1691 7.070961e-03 1.023027e-04
1692 7.058197e-03 1.021179e-04
1693 7.045455e-03 1.019334e-04
1694 7.032737e-03 1.017493e-04
1695 7.020042e-03 1.015655e-04
1696 7.007369e-03 1.013820e-04
1697 6.994719e-03 1.011989e-04
1698 6.982093e-03 1.010160e-04
1699 6.969489e-03 1.008335e-04
1700 6.956908e-03 1.006514e-04
1701 6.944349e-03 1.004696e-04
1702 6.931813e-03 1.002881e-04
1703 6.919300e-03 1.001069e-04
1704 6.906810e-03 9.992604e-05
1705 6.894342e-03 9.974552e-05
1706 6.881896e-03 9.956533e-05
1707 6.869473e-03 9.938546e-05
1708 6.857073e-03 9.920592e-05
1709 6.844695e-03 9.902670e-05
1710 6.832339e-03 9.884781e-05
1711 6.820005e-03 9.866923e-05
1712 6.807694e-03 9.849098e-05
1713 6.795405e-03 9.831306e-05
1714 6.783139e-03 9.813545e-05
1715 6.770894e-03 9.795816e-05
1716 6.758672e-03 9.778120e-05
1717 6.746471e-03 9.760455e-05
1718 6.734293e-03 9.742822e-05
1719 6.722137e-03 9.725221e-05
1720 6.710002e-03 9.707652e-05
1721 6.697890e-03 9.690115e-05
1722 6.685799e-03 9.672609e-05
1723 6.673731e-03 9.655135e-05
1724 6.661684e-03 9.637692e-05
1725 6.649659e-03 9.620281e-05
1726 6.637655e-03 9.602901e-05
1727 6.625673e-03 9.585553e-05
1728 6.613713e-03 9.568236e-05
1729 6.601775e-03 9.550950e-05
1730 6.589858e-03 9.533696e-05
1731 6.577963e-03 9.516472e-05
1732 6.566089e-03 9.499280e-05
1733 6.554236e-03 9.482119e-05
1734 6.542405e-03 9.464989e-05
1735 6.530596e-03 9.447889e-05
1736 6.518807e-03 9.430821e-05
1737 6.507040e-03 9.413783e-05
1738 6.495295e-03 9.396776e-05
1739 6.483570e-03 9.379800e-05
1740 6.471867e-03 9.362855e-05
1741 6.460184e-03 9.345940e-05
1742 6.448523e-03 9.329055e-05
1743 6.436883e-03 9.312202e-05
1744 6.425264e-03 9.295378e-05
1745 6.413666e-03 9.278585e-05
1746 6.402089e-03 9.261822e-05
1747 6.390533e-03 9.245090e-05
1748 6.378998e-03 9.228387e-05
1749 6.367483e-03 9.211715e-05
1750 6.355990e-03 9.195073e-05
1751 6.344517e-03 9.178461e-05
1752 6.333065e-03 9.161879e-05
1753 6.321633e-03 9.145327e-05
1754 6.310222e-03 9.128805e-05
1755 6.298832e-03 9.112313e-05
1756 6.287462e-03 9.095850e-05
1757 6.276113e-03 9.079417e-05
1758 6.264785e-03 9.063014e-05
1759 6.253477e-03 9.046641e-05
1760 6.242189e-03 9.030297e-05
1761 6.230922e-03 9.013982e-05
1762 6.219675e-03 8.997697e-05
1763 6.208448e-03 8.981441e-05
1764 6.197242e-03 8.965215e-05
1765 6.186056e-03 8.949018e-05
1766 6.174890e-03 8.932850e-05
1767 6.163744e-03 8.916712e-05
1768 6.152619e-03 8.900603e-05
1769 6.141513e-03 8.884522e-05
1770 6.130428e-03 8.868471e-05
1771 6.119362e-03 8.852449e-05
1772 6.108317e-03 8.836455e-05
1773 6.097292e-03 8.820491e-05
1774 6.086286e-03 8.804555e-05
1775 6.075301e-03 8.788648e-05
1776 6.064335e-03 8.772770e-05
1777 6.053389e-03 8.756921e-05
1778 6.042463e-03 8.741100e-05
1779 6.031556e-03 8.725307e-05
1780 6.020669e-03 8.709544e-05
1781 6.009802e-03 8.693808e-05
1782 5.998955e-03 8.678101e-05
1783 5.988127e-03 8.662423e-05
1784 5.977319e-03 8.646773e-05
1785 5.966530e-03 8.631151e-05
1786 5.955761e-03 8.615557e-05
1787 5.945011e-03 8.599991e-05
1788 5.934281e-03 8.584454e-05
1789 5.923570e-03 8.568944e-05
1790 5.912878e-03 8.553463e-05
1791 5.902206e-03 8.538009e-05
1792 5.891553e-03 8.522584e-05
1793 5.880919e-03 8.507186e-05
1794 5.870304e-03 8.491816e-05
1795 5.859709e-03 8.476474e-05
1796 5.849133e-03 8.461159e-05
1797 5.838575e-03 8.445872e-05
1798 5.828037e-03 8.430613e-05
1799 5.817518e-03 8.415381e-05
1800 5.807018e-03 8.400177e-05
1801 5.796537e-03 8.385001e-05
1802 5.786075e-03 8.369851e-05
1803 5.775632e-03 8.354729e-05
1804 5.765207e-03 8.339635e-05
1805 5.754802e-03 8.324567e-05
1806 5.744415e-03 8.309527e-05
1807 5.734047e-03 8.294514e-05
1808 5.723698e-03 8.279528e-05
1809 5.713367e-03 8.264569e-05
1810 5.703056e-03 8.249637e-05
1811 5.692762e-03 8.234732e-05
1812 5.682488e-03 8.219854e-05
1813 5.672232e-03 8.205003e-05
1814 5.661994e-03 8.190179e-05
1815 5.651775e-03 8.175381e-05
1816 5.641574e-03 8.160611e-05
1817 5.631392e-03 8.145866e-05
1818 5.621229e-03 8.131149e-05
1819 5.611083e-03 8.116458e-05
1820 5.600956e-03 8.101794e-05
1821 5.590847e-03 8.087156e-05
1822 5.580757e-03 8.072544e-05
1823 5.570685e-03 8.057959e-05
1824 5.560630e-03 8.043400e-05
1825 5.550595e-03 8.028868e-05
1826 5.540577e-03 8.014361e-05
1827 5.530577e-03 7.999881e-05
1828 5.520595e-03 7.985428e-05
1829 5.510632e-03 7.971000e-05
1830 5.500686e-03 7.956598e-05
1831 5.490759e-03 7.942222e-05
1832 5.480849e-03 7.927872e-05
1833 5.470957e-03 7.913549e-05
1834 5.461083e-03 7.899251e-05
1835 5.451227e-03 7.884978e-05
1836 5.441389e-03 7.870732e-05
1837 5.431569e-03 7.856511e-05
1838 5.421766e-03 7.842316e-05
1839 5.411981e-03 7.828147e-05
1840 5.402214e-03 7.814003e-05
1841 5.392464e-03 7.799885e-05
1842 5.382732e-03 7.785792e-05
1843 5.373017e-03 7.771725e-05
1844 5.363320e-03 7.757683e-05
1845 5.353641e-03 7.743666e-05
1846 5.343979e-03 7.729675e-05
1847 5.334335e-03 7.715709e-05
1848 5.324708e-03 7.701768e-05
1849 5.315098e-03 7.687853e-05
1850 5.305506e-03 7.673962e-05
1851 5.295931e-03 7.660097e-05
1852 5.286373e-03 7.646257e-05
1853 5.276833e-03 7.632441e-05
1854 5.267310e-03 7.618651e-05
1855 5.257804e-03 7.604885e-05
1856 5.248315e-03 7.591145e-05
1857 5.238843e-03 7.577429e-05
1858 5.229389e-03 7.563738e-05
1859 5.219951e-03 7.550072e-05
1860 5.210531e-03 7.536430e-05
1861 5.201128e-03 7.522813e-05
1862 5.191741e-03 7.509221e-05
1863 5.182372e-03 7.495653e-05
1864 5.173019e-03 7.482109e-05
1865 5.163684e-03 7.468590e-05
1866 5.154365e-03 7.455096e-05
1867 5.145063e-03 7.441626e-05
1868 5.135778e-03 7.428180e-05
1869 5.126510e-03 7.414759e-05
1870 5.117258e-03 7.401361e-05
1871 5.108024e-03 7.387988e-05
1872 5.098805e-03 7.374639e-05
1873 5.089604e-03 7.361314e-05
1874 5.080419e-03 7.348014e-05
1875 5.071251e-03 7.334737e-05
1876 5.062099e-03 7.321484e-05
1877 5.052964e-03 7.308255e-05
1878 5.043845e-03 7.295050e-05
1879 5.034743e-03 7.281869e-05
1880 5.025657e-03 7.268712e-05
1881 5.016588e-03 7.255578e-05
1882 5.007535e-03 7.242469e-05
1883 4.998499e-03 7.229383e-05
1884 4.989478e-03 7.216320e-05
1885 4.980474e-03 7.203281e-05
1886 4.971487e-03 7.190266e-05
1887 4.962515e-03 7.177274e-05
1888 4.953560e-03 7.164305e-05
1889 4.944621e-03 7.151360e-05
1890 4.935698e-03 7.138439e-05
1891 4.926791e-03 7.125541e-05
1892 4.917901e-03 7.112666e-05
1893 4.909026e-03 7.099814e-05
1894 4.900168e-03 7.086985e-05
1895 4.891325e-03 7.074180e-05
1896 4.882499e-03 7.061398e-05
1897 4.873688e-03 7.048639e-05
1898 4.864893e-03 7.035903e-05
1899 4.856114e-03 7.023190e-05
1900 4.847351e-03 7.010499e-05
1901 4.838604e-03 6.997832e-05
1902 4.829873e-03 6.985188e-05
1903 4.821157e-03 6.972566e-05
1904 4.812458e-03 6.959968e-05
1905 4.803774e-03 6.947392e-05
1906 4.795105e-03 6.934838e-05
1907 4.786452e-03 6.922308e-05
1908 4.777815e-03 6.909800e-05
1909 4.769194e-03 6.897315e-05
1910 4.760588e-03 6.884852e-05
1911 4.751998e-03 6.872411e-05
1912 4.743423e-03 6.859994e-05
1913 4.734863e-03 6.847598e-05
1914 4.726320e-03 6.835225e-05
1915 4.717791e-03 6.822875e-05
1916 4.709278e-03 6.810546e-05
1917 4.700781e-03 6.798240e-05
1918 4.692298e-03 6.785956e-05
1919 4.683831e-03 6.773695e-05
1920 4.675380e-03 6.761455e-05
1921 4.666943e-03 6.749238e-05
1922 4.658522e-03 6.737042e-05
1923 4.650116e-03 6.724869e-05
1924 4.641725e-03 6.712718e-05
1925 4.633350e-03 6.700588e-05
1926 4.624989e-03 6.688481e-05
1927 4.616644e-03 6.676395e-05
1928 4.608314e-03 6.664331e-05
1929 4.599999e-03 6.652289e-05
1930 4.591699e-03 6.640269e-05
1931 4.583413e-03 6.628270e-05
1932 4.575143e-03 6.616293e-05
1933 4.566888e-03 6.604338e-05
1934 4.558648e-03 6.592404e-05
1935 4.550422e-03 6.580492e-05
1936 4.542212e-03 6.568602e-05
1937 4.534016e-03 6.556733e-05
1938 4.525835e-03 6.544885e-05
1939 4.517669e-03 6.533059e-05
1940 4.509517e-03 6.521254e-05
1941 4.501381e-03 6.509470e-05
1942 4.493259e-03 6.497708e-05
1943 4.485151e-03 6.485967e-05
1944 4.477059e-03 6.474247e-05
1945 4.468981e-03 6.462548e-05
1946 4.460917e-03 6.450870e-05
1947 4.452868e-03 6.439214e-05
1948 4.444834e-03 6.427578e-05
1949 4.436814e-03 6.415964e-05
1950 4.428809e-03 6.404371e-05
1951 4.420818e-03 6.392798e-05
1952 4.412842e-03 6.381246e-05
1953 4.404880e-03 6.369716e-05
1954 4.396932e-03 6.358206e-05
1955 4.388999e-03 6.346717e-05
1956 4.381080e-03 6.335248e-05
1957 4.373176e-03 6.323801e-05
1958 4.365285e-03 6.312374e-05
1959 4.357409e-03 6.300967e-05
1960 4.349547e-03 6.289581e-05
1961 4.341700e-03 6.278216e-05
1962 4.333866e-03 6.266872e-05
1963 4.326047e-03 6.255547e-05
1964 4.318242e-03 6.244244e-05
1965 4.310451e-03 6.232960e-05
1966 4.302674e-03 6.221697e-05
1967 4.294911e-03 6.210455e-05
1968 4.287162e-03 6.199233e-05
1969 4.279427e-03 6.188031e-05
1970 4.271706e-03 6.176849e-05
1971 4.263999e-03 6.165687e-05
1972 4.256306e-03 6.154546e-05
1973 4.248627e-03 6.143425e-05
1974 4.240962e-03 6.132323e-05
1975 4.233311e-03 6.121242e-05
1976 4.225673e-03 6.110181e-05
1977 4.218049e-03 6.099140e-05
1978 4.210439e-03 6.088119e-05
1979 4.202843e-03 6.077117e-05
1980 4.195261e-03 6.066136e-05
1981 4.187692e-03 6.055174e-05
1982 4.180137e-03 6.044232e-05
1983 4.172595e-03 6.033310e-05
1984 4.165067e-03 6.022408e-05
1985 4.157553e-03 6.011525e-05
1986 4.150053e-03 6.000662e-05
1987 4.142565e-03 5.989819e-05
1988 4.135092e-03 5.978995e-05
1989 4.127632e-03 5.968191e-05
1990 4.120185e-03 5.957406e-05
1991 4.112752e-03 5.946641e-05
1992 4.105332e-03 5.935895e-05
1993 4.097926e-03 5.925169e-05
1994 4.090533e-03 5.914462e-05
1995 4.083154e-03 5.903774e-05
1996 4.075787e-03 5.893106e-05
1997 4.068435e-03 5.882457e-05
1998 4.061095e-03 5.871827e-05
1999 4.053769e-03 5.861216e-05
2000 4.046455e-03 5.850625e-05
2001 4.039156e-03 5.840053e-05
2002 4.031869e-03 5.829499e-05
2003 4.024595e-03 5.818965e-05
2004 4.017335e-03 5.808450e-05
2005 4.010088e-03 5.797954e-05
2006 4.002854e-03 5.787477e-05
2007 3.995632e-03 5.777018e-05
2008 3.988424e-03 5.766579e-05
2009 3.981229e-03 5.756158e-05
2010 3.974047e-03 5.745757e-05
2011 3.966878e-03 5.735374e-05
2012 3.959722e-03 5.725010e-05
2013 3.952579e-03 5.714664e-05
2014 3.945449e-03 5.704337e-05
2015 3.938331e-03 5.694029e-05
2016 3.931227e-03 5.683740e-05
2017 3.924135e-03 5.673469e-05
2018 3.917056e-03 5.663217e-05
2019 3.909990e-03 5.652983e-05
2020 3.902937e-03 5.642767e-05
2021 3.895897e-03 5.632570e-05
2022 3.888869e-03 5.622392e-05
2023 3.881854e-03 5.612232e-05
2024 3.874851e-03 5.602090e-05
2025 3.867861e-03 5.591967e-05
2026 3.860884e-03 5.581862e-05
2027 3.853920e-03 5.571775e-05
2028 3.846968e-03 5.561706e-05
2029 3.840028e-03 5.551655e-05
2030 3.833101e-03 5.541623e-05
2031 3.826187e-03 5.531609e-05
2032 3.819285e-03 5.521613e-05
2033 3.812396e-03 5.511635e-05
2034 3.805519e-03 5.501675e-05
2035 3.798655e-03 5.491733e-05
2036 3.791802e-03 5.481809e-05
2037 3.784963e-03 5.471902e-05
2038 3.778135e-03 5.462014e-05
2039 3.771320e-03 5.452144e-05
2040 3.764518e-03 5.442291e-05
2041 3.757727e-03 5.432456e-05
2042 3.750949e-03 5.422639e-05
2043 3.744183e-03 5.412840e-05
2044 3.737430e-03 5.403059e-05
2045 3.730688e-03 5.393295e-05
2046 3.723959e-03 5.383548e-05
2047 3.717242e-03 5.373820e-05
2048 3.710537e-03 5.364109e-05
2049 3.703844e-03 5.354415e-05
2050 3.697163e-03 5.344739e-05
2051 3.690495e-03 5.335081e-05
2052 3.683838e-03 5.325439e-05
2053 3.677194e-03 5.315816e-05
2054 3.670561e-03 5.306209e-05
2055 3.663940e-03 5.296620e-05
2056 3.657332e-03 5.287049e-05
2057 3.650735e-03 5.277494e-05
2058 3.644150e-03 5.267957e-05
2059 3.637577e-03 5.258437e-05
2060 3.631016e-03 5.248935e-05
2061 3.624467e-03 5.239449e-05
2062 3.617930e-03 5.229981e-05
2063 3.611405e-03 5.220530e-05
2064 3.604891e-03 5.211095e-05
2065 3.598389e-03 5.201678e-05
2066 3.591899e-03 5.192278e-05
2067 3.585420e-03 5.182895e-05
2068 3.578954e-03 5.173529e-05
2069 3.572499e-03 5.164180e-05
2070 3.566055e-03 5.154847e-05
2071 3.559623e-03 5.145532e-05
2072 3.553203e-03 5.136233e-05
2073 3.546795e-03 5.126951e-05
2074 3.540398e-03 5.117686e-05
2075 3.534013e-03 5.108437e-05
2076 3.527639e-03 5.099206e-05
2077 3.521276e-03 5.089991e-05
2078 3.514926e-03 5.080792e-05
2079 3.508586e-03 5.071611e-05
2080 3.502258e-03 5.062445e-05
2081 3.495942e-03 5.053297e-05
2082 3.489637e-03 5.044165e-05
2083 3.483343e-03 5.035049e-05
2084 3.477061e-03 5.025950e-05
2085 3.470790e-03 5.016867e-05
2086 3.464531e-03 5.007801e-05
2087 3.458282e-03 4.998751e-05
2088 3.452045e-03 4.989717e-05
2089 3.445820e-03 4.980700e-05
2090 3.439605e-03 4.971699e-05
2091 3.433402e-03 4.962715e-05
2092 3.427210e-03 4.953746e-05
2093 3.421029e-03 4.944794e-05
2094 3.414860e-03 4.935858e-05
2095 3.408701e-03 4.926938e-05
2096 3.402554e-03 4.918034e-05
2097 3.396418e-03 4.909146e-05
2098 3.390292e-03 4.900275e-05
2099 3.384178e-03 4.891419e-05
2100 3.378075e-03 4.882579e-05
2101 3.371983e-03 4.873755e-05
2102 3.365902e-03 4.864948e-05
2103 3.359832e-03 4.856156e-05
2104 3.353773e-03 4.847380e-05
2105 3.347725e-03 4.838620e-05
2106 3.341688e-03 4.829876e-05
2107 3.335662e-03 4.821147e-05
2108 3.329647e-03 4.812434e-05
2109 3.323642e-03 4.803737e-05
2110 3.317648e-03 4.795056e-05
2111 3.311666e-03 4.786390e-05
2112 3.305694e-03 4.777741e-05
2113 3.299732e-03 4.769106e-05
2114 3.293782e-03 4.760488e-05
2115 3.287842e-03 4.751884e-05
2116 3.281913e-03 4.743297e-05
2117 3.275995e-03 4.734725e-05
2118 3.270088e-03 4.726168e-05
2119 3.264191e-03 4.717627e-05
2120 3.258305e-03 4.709101e-05
2121 3.252429e-03 4.700591e-05
2122 3.246564e-03 4.692096e-05
2123 3.240710e-03 4.683616e-05
2124 3.234866e-03 4.675152e-05
2125 3.229033e-03 4.666703e-05
2126 3.223210e-03 4.658269e-05
2127 3.217398e-03 4.649851e-05
2128 3.211597e-03 4.641448e-05
2129 3.205806e-03 4.633060e-05
2130 3.200025e-03 4.624687e-05
2131 3.194255e-03 4.616329e-05
2132 3.188495e-03 4.607986e-05
2133 3.182746e-03 4.599659e-05
2134 3.177007e-03 4.591346e-05
2135 3.171278e-03 4.583048e-05
2136 3.165560e-03 4.574766e-05
2137 3.159852e-03 4.566498e-05
2138 3.154154e-03 4.558245e-05
2139 3.148467e-03 4.550008e-05
2140 3.142790e-03 4.541785e-05
2141 3.137123e-03 4.533577e-05
2142 3.131467e-03 4.525384e-05
2143 3.125820e-03 4.517205e-05
2144 3.120184e-03 4.509041e-05
2145 3.114558e-03 4.500893e-05
2146 3.108942e-03 4.492758e-05
2147 3.103337e-03 4.484639e-05
2148 3.097741e-03 4.476534e-05
2149 3.092156e-03 4.468444e-05
2150 3.086581e-03 4.460368e-05
2151 3.081016e-03 4.452307e-05
2152 3.075461e-03 4.444261e-05
2153 3.069915e-03 4.436229e-05
2154 3.064380e-03 4.428212e-05
2155 3.058855e-03 4.420209e-05
2156 3.053340e-03 4.412221e-05
2157 3.047835e-03 4.404247e-05
2158 3.042340e-03 4.396287e-05
2159 3.036855e-03 4.388342e-05
2160 3.031380e-03 4.380411e-05
2161 3.025914e-03 4.372495e-05
2162 3.020459e-03 4.364592e-05
2163 3.015013e-03 4.356704e-05
2164 3.009577e-03 4.348831e-05
2165 3.004151e-03 4.340971e-05
2166 2.998735e-03 4.333126e-05
2167 2.993328e-03 4.325295e-05
2168 2.987932e-03 4.317478e-05
2169 2.982545e-03 4.309675e-05
2170 2.977168e-03 4.301887e-05
2171 2.971800e-03 4.294112e-05
2172 2.966443e-03 4.286351e-05
2173 2.961095e-03 4.278605e-05
2174 2.955756e-03 4.270872e-05
2175 2.950428e-03 4.263154e-05
2176 2.945108e-03 4.255449e-05
2177 2.939799e-03 4.247758e-05
2178 2.934499e-03 4.240081e-05
2179 2.929209e-03 4.232418e-05
2180 2.923928e-03 4.224769e-05
2181 2.918657e-03 4.217134e-05
2182 2.913395e-03 4.209512e-05
2183 2.908143e-03 4.201905e-05
2184 2.902900e-03 4.194311e-05
2185 2.897667e-03 4.186730e-05
2186 2.892443e-03 4.179164e-05
2187 2.887229e-03 4.171611e-05
2188 2.882024e-03 4.164072e-05
2189 2.876829e-03 4.156546e-05
2190 2.871643e-03 4.149034e-05
2191 2.866466e-03 4.141535e-05
2192 2.861299e-03 4.134050e-05
2193 2.856141e-03 4.126579e-05
2194 2.850992e-03 4.119121e-05
2195 2.845853e-03 4.111677e-05
2196 2.840723e-03 4.104246e-05
2197 2.835602e-03 4.096828e-05
2198 2.830490e-03 4.089424e-05
2199 2.825388e-03 4.082033e-05
2200 2.820295e-03 4.074656e-05
2201 2.815211e-03 4.067292e-05
2202 2.810136e-03 4.059941e-05
2203 2.805071e-03 4.052603e-05
2204 2.800014e-03 4.045279e-05
2205 2.794967e-03 4.037968e-05
2206 2.789929e-03 4.030670e-05
2207 2.784900e-03 4.023386e-05
2208 2.779880e-03 4.016114e-05
2209 2.774869e-03 4.008856e-05
2210 2.769867e-03 4.001610e-05
2211 2.764875e-03 3.994378e-05
2212 2.759891e-03 3.987159e-05
2213 2.754916e-03 3.979953e-05
2214 2.749950e-03 3.972760e-05
2215 2.744994e-03 3.965580e-05
2216 2.740046e-03 3.958413e-05
2217 2.735107e-03 3.951259e-05
2218 2.730177e-03 3.944118e-05
2219 2.725256e-03 3.936990e-05
2220 2.720344e-03 3.929874e-05
2221 2.715441e-03 3.922772e-05
2222 2.710546e-03 3.915682e-05
2223 2.705661e-03 3.908605e-05
2224 2.700784e-03 3.901541e-05
2225 2.695916e-03 3.894490e-05
2226 2.691057e-03 3.887451e-05
2227 2.686207e-03 3.880425e-05
2228 2.681365e-03 3.873412e-05
2229 2.676533e-03 3.866412e-05
2230 2.671709e-03 3.859424e-05
2231 2.666893e-03 3.852449e-05
2232 2.662087e-03 3.845486e-05
2233 2.657289e-03 3.838536e-05
2234 2.652500e-03 3.831598e-05
2235 2.647719e-03 3.824673e-05
2236 2.642947e-03 3.817761e-05
2237 2.638184e-03 3.810861e-05
2238 2.633429e-03 3.803973e-05
2239 2.628683e-03 3.797098e-05
2240 2.623945e-03 3.790236e-05
2241 2.619216e-03 3.783386e-05
2242 2.614496e-03 3.776548e-05
2243 2.609784e-03 3.769722e-05
2244 2.605080e-03 3.762909e-05
2245 2.600386e-03 3.756108e-05
2246 2.595699e-03 3.749320e-05
2247 2.591021e-03 3.742543e-05
2248 2.586352e-03 3.735779e-05
2249 2.581691e-03 3.729027e-05
2250 2.577038e-03 3.722288e-05
2251 2.572394e-03 3.715560e-05
2252 2.567758e-03 3.708845e-05
2253 2.563131e-03 3.702142e-05
2254 2.558512e-03 3.695451e-05
2255 2.553901e-03 3.688772e-05
2256 2.549298e-03 3.682105e-05
2257 2.544704e-03 3.675450e-05
2258 2.540119e-03 3.668807e-05
2259 2.535541e-03 3.662176e-05
2260 2.530972e-03 3.655557e-05
2261 2.526411e-03 3.648951e-05
2262 2.521858e-03 3.642356e-05
2263 2.517314e-03 3.635773e-05
2264 2.512778e-03 3.629201e-05
2265 2.508250e-03 3.622642e-05
2266 2.503730e-03 3.616095e-05
2267 2.499218e-03 3.609559e-05
2268 2.494714e-03 3.603035e-05
2269 2.490219e-03 3.596523e-05
2270 2.485732e-03 3.590023e-05
2271 2.481253e-03 3.583535e-05
2272 2.476782e-03 3.577058e-05
2273 2.472319e-03 3.570593e-05
2274 2.467864e-03 3.564139e-05
2275 2.463417e-03 3.557698e-05
2276 2.458978e-03 3.551268e-05
2277 2.454547e-03 3.544849e-05
2278 2.450124e-03 3.538442e-05
2279 2.445710e-03 3.532047e-05
2280 2.441303e-03 3.525663e-05
2281 2.436904e-03 3.519291e-05
2282 2.432513e-03 3.512930e-05
2283 2.428130e-03 3.506581e-05
2284 2.423755e-03 3.500244e-05
2285 2.419388e-03 3.493917e-05
2286 2.415029e-03 3.487602e-05
2287 2.410677e-03 3.481299e-05
2288 2.406334e-03 3.475007e-05
2289 2.401998e-03 3.468726e-05
2290 2.397670e-03 3.462457e-05
2291 2.393350e-03 3.456199e-05
2292 2.389038e-03 3.449952e-05
2293 2.384734e-03 3.443717e-05
2294 2.380437e-03 3.437493e-05
2295 2.376148e-03 3.431280e-05
2296 2.371867e-03 3.425078e-05
2297 2.367594e-03 3.418888e-05
2298 2.363328e-03 3.412709e-05
2299 2.359070e-03 3.406540e-05
2300 2.354820e-03 3.400383e-05
2301 2.350578e-03 3.394238e-05
2302 2.346343e-03 3.388103e-05
2303 2.342116e-03 3.381979e-05
2304 2.337896e-03 3.375867e-05
2305 2.333684e-03 3.369765e-05
2306 2.329480e-03 3.363675e-05
2307 2.325283e-03 3.357595e-05
2308 2.321094e-03 3.351527e-05
2309 2.316912e-03 3.345469e-05
2310 2.312738e-03 3.339422e-05
2311 2.308572e-03 3.333387e-05
2312 2.304413e-03 3.327362e-05
2313 2.300262e-03 3.321348e-05
2314 2.296118e-03 3.315345e-05
2315 2.291981e-03 3.309353e-05
2316 2.287852e-03 3.303372e-05
2317 2.283731e-03 3.297401e-05
2318 2.279617e-03 3.291441e-05
2319 2.275510e-03 3.285492e-05
2320 2.271411e-03 3.279554e-05
2321 2.267319e-03 3.273627e-05
2322 2.263235e-03 3.267710e-05
2323 2.259158e-03 3.261804e-05
2324 2.255088e-03 3.255908e-05
2325 2.251026e-03 3.250023e-05
2326 2.246971e-03 3.244149e-05
2327 2.242924e-03 3.238286e-05
2328 2.238883e-03 3.232433e-05
2329 2.234850e-03 3.226591e-05
2330 2.230825e-03 3.220759e-05
2331 2.226806e-03 3.214937e-05
2332 2.222795e-03 3.209127e-05
2333 2.218791e-03 3.203326e-05
2334 2.214795e-03 3.197537e-05
2335 2.210805e-03 3.191757e-05
2336 2.206823e-03 3.185989e-05
2337 2.202848e-03 3.180230e-05
2338 2.198880e-03 3.174482e-05
2339 2.194920e-03 3.168744e-05
2340 2.190966e-03 3.163017e-05
2341 2.187020e-03 3.157300e-05
2342 2.183081e-03 3.151594e-05
2343 2.179148e-03 3.145897e-05
2344 2.175224e-03 3.140211e-05
2345 2.171306e-03 3.134536e-05
2346 2.167395e-03 3.128870e-05
2347 2.163491e-03 3.123215e-05
2348 2.159594e-03 3.117570e-05
2349 2.155705e-03 3.111935e-05
2350 2.151822e-03 3.106311e-05
2351 2.147947e-03 3.100696e-05
2352 2.144078e-03 3.095092e-05
2353 2.140217e-03 3.089498e-05
2354 2.136362e-03 3.083913e-05
2355 2.132514e-03 3.078339e-05
2356 2.128674e-03 3.072776e-05
2357 2.124840e-03 3.067222e-05
2358 2.121013e-03 3.061678e-05
2359 2.117193e-03 3.056144e-05
2360 2.113380e-03 3.050620e-05
2361 2.109574e-03 3.045106e-05
2362 2.105775e-03 3.039603e-05
2363 2.101983e-03 3.034109e-05
2364 2.098197e-03 3.028625e-05
2365 2.094418e-03 3.023151e-05
2366 2.090647e-03 3.017686e-05
2367 2.086882e-03 3.012232e-05
2368 2.083124e-03 3.006788e-05
2369 2.079372e-03 3.001353e-05
2370 2.075628e-03 2.995928e-05
2371 2.071890e-03 2.990513e-05
2372 2.068159e-03 2.985108e-05
2373 2.064434e-03 2.979712e-05
2374 2.060717e-03 2.974327e-05
2375 2.057006e-03 2.968951e-05
2376 2.053302e-03 2.963585e-05
2377 2.049604e-03 2.958228e-05
2378 2.045913e-03 2.952881e-05
2379 2.042229e-03 2.947544e-05
2380 2.038552e-03 2.942216e-05
2381 2.034881e-03 2.936898e-05
2382 2.031217e-03 2.931590e-05
2383 2.027559e-03 2.926291e-05
2384 2.023908e-03 2.921002e-05
2385 2.020264e-03 2.915723e-05
2386 2.016626e-03 2.910452e-05
2387 2.012995e-03 2.905192e-05
2388 2.009370e-03 2.899941e-05
2389 2.005752e-03 2.894699e-05
2390 2.002141e-03 2.889467e-05
2391 1.998536e-03 2.884245e-05
2392 1.994937e-03 2.879031e-05
2393 1.991345e-03 2.873828e-05
2394 1.987760e-03 2.868633e-05
2395 1.984181e-03 2.863448e-05
2396 1.980608e-03 2.858273e-05
2397 1.977042e-03 2.853107e-05
2398 1.973483e-03 2.847950e-05
2399 1.969930e-03 2.842802e-05
2400 1.966383e-03 2.837664e-05
2401 1.962842e-03 2.832535e-05
2402 1.959308e-03 2.827415e-05
2403 1.955781e-03 2.822304e-05
2404 1.952260e-03 2.817203e-05
2405 1.948745e-03 2.812111e-05
2406 1.945236e-03 2.807028e-05
2407 1.941734e-03 2.801955e-05
2408 1.938239e-03 2.796890e-05
2409 1.934749e-03 2.791835e-05
2410 1.931266e-03 2.786789e-05
2411 1.927789e-03 2.781752e-05
2412 1.924319e-03 2.776724e-05
2413 1.920854e-03 2.771705e-05
2414 1.917396e-03 2.766695e-05
2415 1.913944e-03 2.761694e-05
2416 1.910499e-03 2.756702e-05
2417 1.907060e-03 2.751720e-05
2418 1.903626e-03 2.746746e-05
2419 1.900200e-03 2.741781e-05
2420 1.896779e-03 2.736826e-05
2421 1.893364e-03 2.731879e-05
2422 1.889956e-03 2.726941e-05
2423 1.886554e-03 2.722012e-05
2424 1.883158e-03 2.717092e-05
2425 1.879768e-03 2.712181e-05
2426 1.876384e-03 2.707279e-05
2427 1.873006e-03 2.702385e-05
2428 1.869635e-03 2.697501e-05
2429 1.866269e-03 2.692625e-05
2430 1.862910e-03 2.687758e-05
2431 1.859557e-03 2.682900e-05
2432 1.856210e-03 2.678050e-05
2433 1.852868e-03 2.673210e-05
2434 1.849533e-03 2.668378e-05
2435 1.846204e-03 2.663555e-05
2436 1.842881e-03 2.658741e-05
2437 1.839564e-03 2.653935e-05
2438 1.836253e-03 2.649138e-05
2439 1.832948e-03 2.644350e-05
2440 1.829649e-03 2.639570e-05
2441 1.826356e-03 2.634799e-05
2442 1.823068e-03 2.630036e-05
2443 1.819787e-03 2.625283e-05
2444 1.816512e-03 2.620537e-05
2445 1.813242e-03 2.615801e-05
2446 1.809979e-03 2.611073e-05
2447 1.806721e-03 2.606353e-05
2448 1.803470e-03 2.601642e-05
2449 1.800224e-03 2.596940e-05
2450 1.796984e-03 2.592246e-05
2451 1.793750e-03 2.587560e-05
2452 1.790522e-03 2.582883e-05
2453 1.787299e-03 2.578214e-05
2454 1.784083e-03 2.573554e-05
2455 1.780872e-03 2.568902e-05
2456 1.777667e-03 2.564259e-05
2457 1.774468e-03 2.559624e-05
2458 1.771274e-03 2.554998e-05
2459 1.768087e-03 2.550379e-05
2460 1.764905e-03 2.545770e-05
2461 1.761729e-03 2.541168e-05
2462 1.758558e-03 2.536575e-05
2463 1.755394e-03 2.531990e-05
2464 1.752235e-03 2.527413e-05
2465 1.749082e-03 2.522845e-05
2466 1.745934e-03 2.518285e-05
2467 1.742792e-03 2.513733e-05
2468 1.739656e-03 2.509189e-05
2469 1.736526e-03 2.504654e-05
2470 1.733401e-03 2.500127e-05
2471 1.730282e-03 2.495608e-05
2472 1.727168e-03 2.491097e-05
2473 1.724060e-03 2.486594e-05
2474 1.720958e-03 2.482099e-05
2475 1.717861e-03 2.477613e-05
2476 1.714770e-03 2.473135e-05
2477 1.711685e-03 2.468664e-05
2478 1.708605e-03 2.464202e-05
2479 1.705531e-03 2.459748e-05
2480 1.702462e-03 2.455302e-05
2481 1.699399e-03 2.450864e-05
2482 1.696341e-03 2.446434e-05
2483 1.693289e-03 2.442012e-05
2484 1.690242e-03 2.437598e-05
2485 1.687201e-03 2.433192e-05
2486 1.684166e-03 2.428794e-05
2487 1.681136e-03 2.424404e-05
2488 1.678111e-03 2.420021e-05
2489 1.675092e-03 2.415647e-05
2490 1.672078e-03 2.411281e-05
2491 1.669070e-03 2.406922e-05
2492 1.666067e-03 2.402572e-05
2493 1.663069e-03 2.398229e-05
2494 1.660077e-03 2.393894e-05
2495 1.657091e-03 2.389567e-05
2496 1.654110e-03 2.385248e-05
2497 1.651134e-03 2.380936e-05
2498 1.648164e-03 2.376632e-05
2499 1.645198e-03 2.372337e-05
2500 1.642239e-03 2.368048e-05
2501 1.639284e-03 2.363768e-05
2502 1.636336e-03 2.359495e-05
2503 1.633392e-03 2.355231e-05
2504 1.630454e-03 2.350973e-05
2505 1.627521e-03 2.346724e-05
2506 1.624593e-03 2.342482e-05
2507 1.621670e-03 2.338248e-05
2508 1.618753e-03 2.334021e-05
2509 1.615841e-03 2.329803e-05
2510 1.612935e-03 2.325591e-05
2511 1.610033e-03 2.321388e-05
2512 1.607137e-03 2.317192e-05
2513 1.604246e-03 2.313003e-05
2514 1.601361e-03 2.308822e-05
2515 1.598480e-03 2.304649e-05
2516 1.595605e-03 2.300483e-05
2517 1.592735e-03 2.296325e-05
2518 1.589870e-03 2.292174e-05
2519 1.587011e-03 2.288031e-05
2520 1.584156e-03 2.283895e-05
2521 1.581307e-03 2.279767e-05
2522 1.578463e-03 2.275646e-05
2523 1.575624e-03 2.271533e-05
2524 1.572790e-03 2.267427e-05
2525 1.569961e-03 2.263328e-05
2526 1.567138e-03 2.259237e-05
2527 1.564319e-03 2.255153e-05
2528 1.561506e-03 2.251077e-05
2529 1.558697e-03 2.247008e-05
2530 1.555894e-03 2.242946e-05
2531 1.553096e-03 2.238892e-05
2532 1.550303e-03 2.234845e-05
2533 1.547515e-03 2.230806e-05
2534 1.544731e-03 2.226773e-05
2535 1.541953e-03 2.222748e-05
2536 1.539180e-03 2.218730e-05
2537 1.536412e-03 2.214720e-05
2538 1.533649e-03 2.210717e-05
2539 1.530891e-03 2.206721e-05
2540 1.528138e-03 2.202732e-05
2541 1.525390e-03 2.198750e-05
2542 1.522647e-03 2.194776e-05
2543 1.519909e-03 2.190809e-05
2544 1.517176e-03 2.186849e-05
2545 1.514448e-03 2.182896e-05
2546 1.511725e-03 2.178950e-05
2547 1.509006e-03 2.175011e-05
2548 1.506293e-03 2.171080e-05
2549 1.503584e-03 2.167155e-05
2550 1.500881e-03 2.163238e-05
2551 1.498182e-03 2.159328e-05
2552 1.495488e-03 2.155425e-05
2553 1.492799e-03 2.151529e-05
2554 1.490115e-03 2.147640e-05
2555 1.487436e-03 2.143758e-05
2556 1.484761e-03 2.139883e-05
2557 1.482092e-03 2.136014e-05
2558 1.479427e-03 2.132153e-05
2559 1.476767e-03 2.128299e-05
2560 1.474112e-03 2.124452e-05
2561 1.471462e-03 2.120612e-05
2562 1.468816e-03 2.116779e-05
2563 1.466175e-03 2.112953e-05
2564 1.463539e-03 2.109133e-05
2565 1.460908e-03 2.105321e-05
2566 1.458282e-03 2.101515e-05
2567 1.455660e-03 2.097717e-05
2568 1.453043e-03 2.093925e-05
2569 1.450431e-03 2.090140e-05
2570 1.447823e-03 2.086362e-05
2571 1.445220e-03 2.082591e-05
2572 1.442622e-03 2.078826e-05
2573 1.440029e-03 2.075068e-05
2574 1.437440e-03 2.071318e-05
2575 1.434856e-03 2.067573e-05
2576 1.432277e-03 2.063836e-05
2577 1.429702e-03 2.060106e-05
2578 1.427132e-03 2.056382e-05
2579 1.424567e-03 2.052665e-05
2580 1.422006e-03 2.048954e-05
2581 1.419450e-03 2.045251e-05
2582 1.416898e-03 2.041554e-05
2583 1.414352e-03 2.037863e-05
2584 1.411809e-03 2.034180e-05
2585 1.409272e-03 2.030503e-05
2586 1.406738e-03 2.026832e-05
2587 1.404210e-03 2.023169e-05
2588 1.401686e-03 2.019511e-05
2589 1.399167e-03 2.015861e-05
2590 1.396652e-03 2.012217e-05
2591 1.394142e-03 2.008580e-05
2592 1.391636e-03 2.004949e-05
2593 1.389135e-03 2.001325e-05
2594 1.386638e-03 1.997707e-05
2595 1.384146e-03 1.994096e-05
2596 1.381658e-03 1.990492e-05
2597 1.379175e-03 1.986894e-05
2598 1.376696e-03 1.983302e-05
2599 1.374222e-03 1.979717e-05
2600 1.371752e-03 1.976139e-05
2601 1.369287e-03 1.972567e-05
2602 1.366826e-03 1.969001e-05
2603 1.364370e-03 1.965442e-05
2604 1.361918e-03 1.961889e-05
2605 1.359471e-03 1.958343e-05
2606 1.357028e-03 1.954803e-05
2607 1.354589e-03 1.951269e-05
2608 1.352155e-03 1.947742e-05
2609 1.349725e-03 1.944221e-05
2610 1.347300e-03 1.940707e-05
2611 1.344879e-03 1.937199e-05
2612 1.342462e-03 1.933697e-05
2613 1.340050e-03 1.930202e-05
2614 1.337642e-03 1.926713e-05
2615 1.335238e-03 1.923230e-05
2616 1.332839e-03 1.919754e-05
2617 1.330444e-03 1.916283e-05
2618 1.328054e-03 1.912819e-05
2619 1.325667e-03 1.909362e-05
2620 1.323285e-03 1.905910e-05
2621 1.320908e-03 1.902465e-05
2622 1.318535e-03 1.899026e-05
2623 1.316166e-03 1.895594e-05
2624 1.313801e-03 1.892167e-05
2625 1.311440e-03 1.888747e-05
2626 1.309084e-03 1.885333e-05
2627 1.306732e-03 1.881925e-05
2628 1.304385e-03 1.878523e-05
2629 1.302041e-03 1.875127e-05
2630 1.299702e-03 1.871738e-05
2631 1.297367e-03 1.868354e-05
2632 1.295036e-03 1.864977e-05
2633 1.292710e-03 1.861606e-05
2634 1.290388e-03 1.858241e-05
2635 1.288069e-03 1.854882e-05
2636 1.285755e-03 1.851529e-05
2637 1.283446e-03 1.848182e-05
2638 1.281140e-03 1.844841e-05
2639 1.278839e-03 1.841506e-05
2640 1.276542e-03 1.838177e-05
2641 1.274249e-03 1.834855e-05
2642 1.271960e-03 1.831538e-05
2643 1.269675e-03 1.828227e-05
2644 1.267394e-03 1.824923e-05
2645 1.265118e-03 1.821624e-05
2646 1.262845e-03 1.818331e-05
2647 1.260577e-03 1.815044e-05
2648 1.258313e-03 1.811763e-05
2649 1.256053e-03 1.808488e-05
2650 1.253797e-03 1.805219e-05
2651 1.251545e-03 1.801956e-05
2652 1.249297e-03 1.798699e-05
2653 1.247053e-03 1.795447e-05
2654 1.244813e-03 1.792202e-05
2655 1.242578e-03 1.788962e-05
2656 1.240346e-03 1.785728e-05
2657 1.238118e-03 1.782500e-05
2658 1.235895e-03 1.779278e-05
2659 1.233675e-03 1.776062e-05
2660 1.231460e-03 1.772851e-05
2661 1.229248e-03 1.769647e-05
2662 1.227041e-03 1.766448e-05
2663 1.224837e-03 1.763255e-05
2664 1.222637e-03 1.760067e-05
2665 1.220442e-03 1.756886e-05
2666 1.218250e-03 1.753710e-05
2667 1.216063e-03 1.750540e-05
2668 1.213879e-03 1.747376e-05
2669 1.211699e-03 1.744217e-05
2670 1.209523e-03 1.741064e-05
2671 1.207352e-03 1.737917e-05
2672 1.205184e-03 1.734775e-05
2673 1.203020e-03 1.731639e-05
2674 1.200859e-03 1.728509e-05
2675 1.198703e-03 1.725385e-05
2676 1.196551e-03 1.722266e-05
2677 1.194403e-03 1.719153e-05
2678 1.192258e-03 1.716045e-05
2679 1.190117e-03 1.712943e-05
2680 1.187981e-03 1.709846e-05
2681 1.185848e-03 1.706756e-05
2682 1.183719e-03 1.703670e-05
2683 1.181593e-03 1.700591e-05
2684 1.179472e-03 1.697517e-05
2685 1.177355e-03 1.694448e-05
2686 1.175241e-03 1.691385e-05
2687 1.173131e-03 1.688328e-05
2688 1.171025e-03 1.685276e-05
2689 1.168923e-03 1.682230e-05
2690 1.166824e-03 1.679189e-05
2691 1.164730e-03 1.676153e-05
2692 1.162639e-03 1.673123e-05
2693 1.160552e-03 1.670099e-05
2694 1.158468e-03 1.667080e-05
2695 1.156389e-03 1.664066e-05
2696 1.154313e-03 1.661058e-05
2697 1.152241e-03 1.658056e-05
2698 1.150173e-03 1.655059e-05
2699 1.148108e-03 1.652067e-05
2700 1.146047e-03 1.649080e-05
2701 1.143990e-03 1.646099e-05
2702 1.141937e-03 1.643124e-05
2703 1.139887e-03 1.640154e-05
2704 1.137842e-03 1.637189e-05
2705 1.135799e-03 1.634229e-05
2706 1.133761e-03 1.631275e-05
2707 1.131726e-03 1.628326e-05
2708 1.129695e-03 1.625383e-05
2709 1.127667e-03 1.622445e-05
2710 1.125643e-03 1.619512e-05
2711 1.123623e-03 1.616584e-05
2712 1.121607e-03 1.613662e-05
2713 1.119594e-03 1.610745e-05
2714 1.117585e-03 1.607834e-05
2715 1.115579e-03 1.604927e-05
2716 1.113577e-03 1.602026e-05
2717 1.111579e-03 1.599130e-05
2718 1.109584e-03 1.596239e-05
2719 1.107593e-03 1.593354e-05
2720 1.105605e-03 1.590474e-05
2721 1.103622e-03 1.587599e-05
2722 1.101641e-03 1.584729e-05
2723 1.099664e-03 1.581864e-05
2724 1.097691e-03 1.579005e-05
2725 1.095722e-03 1.576150e-05
2726 1.093756e-03 1.573301e-05
2727 1.091793e-03 1.570457e-05
2728 1.089834e-03 1.567618e-05
2729 1.087879e-03 1.564784e-05
2730 1.085927e-03 1.561956e-05
2731 1.083979e-03 1.559132e-05
2732 1.082034e-03 1.556314e-05
2733 1.080093e-03 1.553501e-05
2734 1.078155e-03 1.550692e-05
2735 1.076220e-03 1.547889e-05
2736 1.074290e-03 1.545091e-05
2737 1.072362e-03 1.542298e-05
2738 1.070439e-03 1.539510e-05
2739 1.068518e-03 1.536727e-05
2740 1.066602e-03 1.533949e-05
2741 1.064688e-03 1.531176e-05
2742 1.062778e-03 1.528409e-05
2743 1.060872e-03 1.525646e-05
2744 1.058969e-03 1.522888e-05
2745 1.057069e-03 1.520135e-05
2746 1.055173e-03 1.517387e-05
2747 1.053280e-03 1.514644e-05
2748 1.051391e-03 1.511906e-05
2749 1.049505e-03 1.509173e-05
2750 1.047623e-03 1.506445e-05
2751 1.045744e-03 1.503722e-05
2752 1.043868e-03 1.501004e-05
2753 1.041996e-03 1.498290e-05
2754 1.040127e-03 1.495582e-05
2755 1.038262e-03 1.492878e-05
2756 1.036399e-03 1.490180e-05
2757 1.034541e-03 1.487486e-05
2758 1.032685e-03 1.484797e-05
2759 1.030833e-03 1.482113e-05
2760 1.028985e-03 1.479434e-05
2761 1.027139e-03 1.476759e-05
2762 1.025297e-03 1.474090e-05
2763 1.023459e-03 1.471425e-05
2764 1.021623e-03 1.468765e-05
2765 1.019791e-03 1.466110e-05
2766 1.017963e-03 1.463460e-05
2767 1.016137e-03 1.460814e-05
2768 1.014315e-03 1.458174e-05
2769 1.012496e-03 1.455538e-05
2770 1.010681e-03 1.452907e-05
2771 1.008869e-03 1.450280e-05
2772 1.007060e-03 1.447659e-05
2773 1.005254e-03 1.445042e-05
2774 1.003452e-03 1.442429e-05
2775 1.001652e-03 1.439822e-05
2776 9.998566e-04 1.437219e-05
2777 9.980639e-04 1.434621e-05
2778 9.962745e-04 1.432028e-05
2779 9.944884e-04 1.429439e-05
2780 9.927054e-04 1.426855e-05
2781 9.909257e-04 1.424276e-05
2782 9.891493e-04 1.421701e-05
2783 9.873760e-04 1.419131e-05
2784 9.856059e-04 1.416566e-05
2785 9.838391e-04 1.414005e-05
2786 9.820754e-04 1.411449e-05
2787 9.803149e-04 1.408898e-05
2788 9.785577e-04 1.406351e-05
2789 9.768035e-04 1.403808e-05
2790 9.750526e-04 1.401271e-05
2791 9.733048e-04 1.398738e-05
2792 9.715602e-04 1.396209e-05
2793 9.698188e-04 1.393685e-05
2794 9.680805e-04 1.391166e-05
2795 9.663453e-04 1.388651e-05
2796 9.646133e-04 1.386141e-05
2797 9.628845e-04 1.383635e-05
2798 9.611587e-04 1.381134e-05
2799 9.594361e-04 1.378637e-05
2800 9.577166e-04 1.376145e-05
2801 9.560001e-04 1.373657e-05
2802 9.542869e-04 1.371174e-05
2803 9.525767e-04 1.368696e-05
2804 9.508695e-04 1.366221e-05
2805 9.491655e-04 1.363752e-05
2806 9.474646e-04 1.361286e-05
2807 9.457667e-04 1.358826e-05
2808 9.440720e-04 1.356369e-05
2809 9.423802e-04 1.353917e-05
2810 9.406916e-04 1.351470e-05
2811 9.390060e-04 1.349027e-05
2812 9.373234e-04 1.346588e-05
2813 9.356439e-04 1.344154e-05
2814 9.339674e-04 1.341724e-05
2815 9.322940e-04 1.339299e-05
2816 9.306236e-04 1.336878e-05
2817 9.289562e-04 1.334461e-05
2818 9.272918e-04 1.332049e-05
2819 9.256305e-04 1.329641e-05
2820 9.239721e-04 1.327237e-05
2821 9.223168e-04 1.324838e-05
2822 9.206644e-04 1.322443e-05
2823 9.190150e-04 1.320052e-05
2824 9.173686e-04 1.317666e-05
2825 9.157252e-04 1.315284e-05
2826 9.140848e-04 1.312906e-05
2827 9.124473e-04 1.310533e-05
2828 9.108128e-04 1.308164e-05
2829 9.091813e-04 1.305799e-05
2830 9.075527e-04 1.303439e-05
2831 9.059270e-04 1.301082e-05
2832 9.043043e-04 1.298730e-05
2833 9.026846e-04 1.296383e-05
2834 9.010677e-04 1.294039e-05
2835 8.994538e-04 1.291700e-05
2836 8.978428e-04 1.289365e-05
2837 8.962347e-04 1.287034e-05
2838 8.946296e-04 1.284708e-05
2839 8.930273e-04 1.282385e-05
2840 8.914279e-04 1.280067e-05
2841 8.898315e-04 1.277753e-05
2842 8.882379e-04 1.275443e-05
2843 8.866472e-04 1.273138e-05
2844 8.850594e-04 1.270836e-05
2845 8.834744e-04 1.268539e-05
2846 8.818923e-04 1.266246e-05
2847 8.803131e-04 1.263957e-05
2848 8.787367e-04 1.261672e-05
2849 8.771632e-04 1.259391e-05
2850 8.755926e-04 1.257114e-05
2851 8.740247e-04 1.254842e-05
2852 8.724598e-04 1.252573e-05
2853 8.708976e-04 1.250309e-05
2854 8.693383e-04 1.248049e-05
2855 8.677818e-04 1.245793e-05
2856 8.662281e-04 1.243541e-05
2857 8.646772e-04 1.241293e-05
2858 8.631291e-04 1.239049e-05
2859 8.615839e-04 1.236809e-05
2860 8.600414e-04 1.234573e-05
2861 8.585017e-04 1.232341e-05
2862 8.569648e-04 1.230114e-05
2863 8.554307e-04 1.227890e-05
2864 8.538994e-04 1.225670e-05
2865 8.523708e-04 1.223455e-05
2866 8.508450e-04 1.221243e-05
2867 8.493219e-04 1.219035e-05
2868 8.478017e-04 1.216832e-05
2869 8.462841e-04 1.214632e-05
2870 8.447693e-04 1.212436e-05
2871 8.432573e-04 1.210244e-05
2872 8.417480e-04 1.208057e-05
2873 8.402414e-04 1.205873e-05
2874 8.387375e-04 1.203693e-05
2875 8.372364e-04 1.201517e-05
2876 8.357380e-04 1.199345e-05
2877 8.342423e-04 1.197177e-05
2878 8.327493e-04 1.195013e-05
2879 8.312590e-04 1.192852e-05
2880 8.297714e-04 1.190696e-05
2881 8.282865e-04 1.188544e-05
2882 8.268043e-04 1.186395e-05
2883 8.253247e-04 1.184250e-05
2884 8.238479e-04 1.182110e-05
2885 8.223737e-04 1.179973e-05
2886 8.209022e-04 1.177840e-05
2887 8.194333e-04 1.175710e-05
2888 8.179671e-04 1.173585e-05
2889 8.165035e-04 1.171463e-05
2890 8.150427e-04 1.169346e-05
2891 8.135844e-04 1.167232e-05
2892 8.121288e-04 1.165122e-05
2893 8.106758e-04 1.163016e-05
2894 8.092254e-04 1.160913e-05
2895 8.077777e-04 1.158815e-05
2896 8.063326e-04 1.156720e-05
2897 8.048901e-04 1.154629e-05
2898 8.034502e-04 1.152541e-05
2899 8.020130e-04 1.150458e-05
2900 8.005783e-04 1.148378e-05
2901 7.991462e-04 1.146302e-05
2902 7.977167e-04 1.144230e-05
2903 7.962898e-04 1.142162e-05
2904 7.948655e-04 1.140097e-05
2905 7.934438e-04 1.138036e-05
2906 7.920246e-04 1.135979e-05
2907 7.906080e-04 1.133925e-05
2908 7.891940e-04 1.131875e-05
2909 7.877825e-04 1.129829e-05
2910 7.863736e-04 1.127787e-05
2911 7.849672e-04 1.125748e-05
2912 7.835634e-04 1.123713e-05
2913 7.821621e-04 1.121681e-05
2914 7.807633e-04 1.119654e-05
2915 7.793671e-04 1.117630e-05
2916 7.779734e-04 1.115609e-05
2917 7.765823e-04 1.113593e-05
2918 7.751936e-04 1.111579e-05
2919 7.738075e-04 1.109570e-05
2920 7.724239e-04 1.107564e-05
2921 7.710427e-04 1.105562e-05
2922 7.696641e-04 1.103563e-05
2923 7.682880e-04 1.101568e-05
2924 7.669143e-04 1.099577e-05
2925 7.655432e-04 1.097589e-05
2926 7.641745e-04 1.095605e-05
2927 7.628083e-04 1.093625e-05
2928 7.614446e-04 1.091648e-05
2929 7.600834e-04 1.089674e-05
2930 7.587246e-04 1.087704e-05
2931 7.573682e-04 1.085738e-05
2932 7.560144e-04 1.083775e-05
2933 7.546629e-04 1.081816e-05
2934 7.533140e-04 1.079860e-05
2935 7.519674e-04 1.077908e-05
2936 7.506233e-04 1.075960e-05
2937 7.492817e-04 1.074015e-05
2938 7.479424e-04 1.072073e-05
2939 7.466056e-04 1.070135e-05
2940 7.452712e-04 1.068201e-05
2941 7.439392e-04 1.066270e-05
2942 7.426097e-04 1.064342e-05
2943 7.412825e-04 1.062418e-05
2944 7.399578e-04 1.060497e-05
2945 7.386354e-04 1.058580e-05
2946 7.373154e-04 1.056667e-05
2947 7.359979e-04 1.054756e-05
2948 7.346827e-04 1.052850e-05
2949 7.333698e-04 1.050946e-05
2950 7.320594e-04 1.049046e-05
2951 7.307513e-04 1.047150e-05
2952 7.294457e-04 1.045257e-05
2953 7.281423e-04 1.043368e-05
2954 7.268413e-04 1.041481e-05
2955 7.255427e-04 1.039599e-05
2956 7.242465e-04 1.037719e-05
2957 7.229525e-04 1.035843e-05
2958 7.216610e-04 1.033971e-05
2959 7.203717e-04 1.032102e-05
2960 7.190848e-04 1.030236e-05
2961 7.178002e-04 1.028373e-05
2962 7.165180e-04 1.026514e-05
2963 7.152381e-04 1.024659e-05
2964 7.139604e-04 1.022806e-05
2965 7.126851e-04 1.020957e-05
2966 7.114122e-04 1.019112e-05
2967 7.101415e-04 1.017269e-05
2968 7.088731e-04 1.015430e-05
2969 7.076070e-04 1.013595e-05
2970 7.063432e-04 1.011762e-05
2971 7.050817e-04 1.009933e-05
2972 7.038225e-04 1.008108e-05
2973 7.025655e-04 1.006285e-05
2974 7.013108e-04 1.004466e-05
2975 7.000584e-04 1.002650e-05
2976 6.988083e-04 1.000838e-05
2977 6.975604e-04 9.990285e-06
2978 6.963148e-04 9.972225e-06
2979 6.950715e-04 9.954198e-06
2980 6.938304e-04 9.936203e-06
2981 6.925915e-04 9.918241e-06
2982 6.913549e-04 9.900311e-06
2983 6.901205e-04 9.882414e-06
2984 6.888884e-04 9.864548e-06
2985 6.876585e-04 9.846716e-06
2986 6.864308e-04 9.828915e-06
2987 6.852053e-04 9.811147e-06
2988 6.839821e-04 9.793411e-06
2989 6.827610e-04 9.775706e-06
2990 6.815422e-04 9.758034e-06
2991 6.803256e-04 9.740394e-06
2992 6.791112e-04 9.722786e-06
2993 6.778990e-04 9.705209e-06
2994 6.766890e-04 9.687664e-06
2995 6.754812e-04 9.670151e-06
2996 6.742755e-04 9.652670e-06
2997 6.730721e-04 9.635220e-06
2998 6.718708e-04 9.617802e-06
2999 6.706717e-04 9.600415e-06
3000 6.694748e-04 9.583060e-06
3001 6.682800e-04 9.565736e-06
3002 6.670874e-04 9.548444e-06
3003 6.658970e-04 9.531182e-06
3004 6.647087e-04 9.513952e-06
3005 6.635226e-04 9.496753e-06
3006 6.623386e-04 9.479585e-06
3007 6.611567e-04 9.462448e-06
3008 6.599770e-04 9.445342e-06
3009 6.587995e-04 9.428267e-06
3010 6.576240e-04 9.411223e-06
3011 6.564507e-04 9.394210e-06
3012 6.552796e-04 9.377227e-06
3013 6.541105e-04 9.360275e-06
3014 6.529436e-04 9.343354e-06
3015 6.517787e-04 9.326463e-06
3016 6.506160e-04 9.309603e-06
3017 6.494554e-04 9.292774e-06
3018 6.482969e-04 9.275975e-06
3019 6.471405e-04 9.259206e-06
3020 6.459862e-04 9.242467e-06
3021 6.448339e-04 9.225759e-06
3022 6.436838e-04 9.209081e-06
3023 6.425357e-04 9.192433e-06
3024 6.413897e-04 9.175815e-06
3025 6.402458e-04 9.159227e-06
3026 6.391040e-04 9.142669e-06
3027 6.379642e-04 9.126142e-06
3028 6.368265e-04 9.109644e-06
3029 6.356909e-04 9.093175e-06
3030 6.345573e-04 9.076737e-06
3031 6.334258e-04 9.060328e-06
3032 6.322963e-04 9.043949e-06
3033 6.311688e-04 9.027600e-06
3034 6.300435e-04 9.011280e-06
3035 6.289201e-04 8.994990e-06
3036 6.277988e-04 8.978729e-06
3037 6.266795e-04 8.962497e-06
3038 6.255622e-04 8.946295e-06
3039 6.244470e-04 8.930122e-06
3040 6.233337e-04 8.913978e-06
3041 6.222225e-04 8.897864e-06
3042 6.211133e-04 8.881778e-06
3043 6.200062e-04 8.865722e-06
3044 6.189010e-04 8.849695e-06
3045 6.177978e-04 8.833697e-06
3046 6.166966e-04 8.817727e-06
3047 6.155974e-04 8.801787e-06
3048 6.145002e-04 8.785875e-06
3049 6.134050e-04 8.769992e-06
3050 6.123118e-04 8.754138e-06
3051 6.112206e-04 8.738312e-06
3052 6.101313e-04 8.722515e-06
3053 6.090440e-04 8.706747e-06
3054 6.079587e-04 8.691007e-06
3055 6.068753e-04 8.675296e-06
3056 6.057939e-04 8.659613e-06
3057 6.047145e-04 8.643958e-06
3058 6.036370e-04 8.628332e-06
3059 6.025615e-04 8.612733e-06
3060 6.014879e-04 8.597164e-06
3061 6.004162e-04 8.581622e-06
3062 5.993465e-04 8.566108e-06
3063 5.982788e-04 8.550622e-06
3064 5.972129e-04 8.535165e-06
3065 5.961491e-04 8.519735e-06
3066 5.950871e-04 8.504333e-06
3067 5.940270e-04 8.488959e-06
3068 5.929689e-04 8.473613e-06
3069 5.919127e-04 8.458294e-06
3070 5.908584e-04 8.443004e-06
3071 5.898060e-04 8.427741e-06
3072 5.887555e-04 8.412505e-06
3073 5.877070e-04 8.397297e-06
3074 5.866603e-04 8.382116e-06
3075 5.856155e-04 8.366963e-06
3076 5.845726e-04 8.351838e-06
3077 5.835316e-04 8.336739e-06
3078 5.824925e-04 8.321668e-06
3079 5.814553e-04 8.306625e-06
3080 5.804199e-04 8.291608e-06
3081 5.793865e-04 8.276618e-06
3082 5.783548e-04 8.261656e-06
3083 5.773251e-04 8.246721e-06
3084 5.762972e-04 8.231812e-06
3085 5.752712e-04 8.216931e-06
3086 5.742471e-04 8.202077e-06
3087 5.732248e-04 8.187249e-06
3088 5.722044e-04 8.172448e-06
3089 5.711858e-04 8.157674e-06
3090 5.701690e-04 8.142927e-06
3091 5.691541e-04 8.128206e-06
3092 5.681410e-04 8.113512e-06
3093 5.671298e-04 8.098844e-06
3094 5.661204e-04 8.084203e-06
3095 5.651128e-04 8.069589e-06
3096 5.641071e-04 8.055001e-06
3097 5.631032e-04 8.040439e-06
3098 5.621011e-04 8.025904e-06
3099 5.611008e-04 8.011394e-06
3100 5.601023e-04 7.996911e-06
3101 5.591056e-04 7.982455e-06
3102 5.581108e-04 7.968024e-06
3103 5.571177e-04 7.953620e-06
3104 5.561265e-04 7.939241e-06
3105 5.551370e-04 7.924889e-06
3106 5.541493e-04 7.910562e-06
3107 5.531635e-04 7.896261e-06
3108 5.521794e-04 7.881987e-06
3109 5.511971e-04 7.867738e-06
3110 5.502165e-04 7.853514e-06
3111 5.492378e-04 7.839317e-06
3112 5.482608e-04 7.825145e-06
3113 5.472856e-04 7.810999e-06
3114 5.463121e-04 7.796878e-06
3115 5.453405e-04 7.782783e-06
3116 5.443705e-04 7.768713e-06
3117 5.434024e-04 7.754669e-06
3118 5.424360e-04 7.740650e-06
3119 5.414713e-04 7.726656e-06
3120 5.405084e-04 7.712688e-06
3121 5.395473e-04 7.698745e-06
3122 5.385878e-04 7.684828e-06
3123 5.376302e-04 7.670935e-06
3124 5.366742e-04 7.657067e-06
3125 5.357200e-04 7.643225e-06
3126 5.347675e-04 7.629408e-06
3127 5.338168e-04 7.615615e-06
3128 5.328677e-04 7.601848e-06
3129 5.319204e-04 7.588105e-06
3130 5.309748e-04 7.574387e-06
3131 5.300309e-04 7.560694e-06
3132 5.290888e-04 7.547026e-06
3133 5.281483e-04 7.533383e-06
3134 5.272095e-04 7.519764e-06
3135 5.262725e-04 7.506170e-06
3136 5.253371e-04 7.492600e-06
3137 5.244034e-04 7.479055e-06
3138 5.234715e-04 7.465534e-06
3139 5.225412e-04 7.452038e-06
3140 5.216126e-04 7.438566e-06
3141 5.206857e-04 7.425119e-06
3142 5.197604e-04 7.411696e-06
3143 5.188369e-04 7.398297e-06
3144 5.179150e-04 7.384922e-06
3145 5.169948e-04 7.371572e-06
3146 5.160762e-04 7.358245e-06
3147 5.151594e-04 7.344943e-06
3148 5.142441e-04 7.331665e-06
3149 5.133306e-04 7.318411e-06
3150 5.124187e-04 7.305180e-06
3151 5.115084e-04 7.291974e-06
3152 5.105998e-04 7.278792e-06
3153 5.096929e-04 7.265633e-06
3154 5.087876e-04 7.252498e-06
3155 5.078839e-04 7.239387e-06
3156 5.069819e-04 7.226300e-06
3157 5.060815e-04 7.213236e-06
3158 5.051827e-04 7.200196e-06
3159 5.042856e-04 7.187179e-06
3160 5.033901e-04 7.174186e-06
3161 5.024962e-04 7.161217e-06
3162 5.016039e-04 7.148271e-06
3163 5.007133e-04 7.135348e-06
3164 4.998242e-04 7.122449e-06
3165 4.989368e-04 7.109573e-06
3166 4.980510e-04 7.096720e-06
3167 4.971668e-04 7.083890e-06
3168 4.962842e-04 7.071084e-06
3169 4.954032e-04 7.058301e-06
3170 4.945238e-04 7.045541e-06
3171 4.936460e-04 7.032804e-06
3172 4.927698e-04 7.020090e-06
3173 4.918951e-04 7.007399e-06
3174 4.910221e-04 6.994731e-06
3175 4.901506e-04 6.982086e-06
3176 4.892807e-04 6.969463e-06
3177 4.884124e-04 6.956864e-06
3178 4.875457e-04 6.944287e-06
3179 4.866806e-04 6.931733e-06
3180 4.858170e-04 6.919202e-06
3181 4.849549e-04 6.906694e-06
3182 4.840945e-04 6.894208e-06
3183 4.832356e-04 6.881744e-06
3184 4.823782e-04 6.869303e-06
3185 4.815225e-04 6.856885e-06
3186 4.806682e-04 6.844489e-06
3187 4.798155e-04 6.832115e-06
3188 4.789644e-04 6.819764e-06
3189 4.781148e-04 6.807435e-06
3190 4.772667e-04 6.795129e-06
3191 4.764202e-04 6.782845e-06
3192 4.755752e-04 6.770582e-06
3193 4.747318e-04 6.758342e-06
3194 4.738899e-04 6.746125e-06
3195 4.730495e-04 6.733929e-06
3196 4.722106e-04 6.721755e-06
3197 4.713732e-04 6.709604e-06
3198 4.705374e-04 6.697474e-06
3199 4.697031e-04 6.685366e-06
3200 4.688703e-04 6.673280e-06
3201 4.680390e-04 6.661216e-06
3202 4.672092e-04 6.649174e-06
3203 4.663809e-04 6.637153e-06
3204 4.655542e-04 6.625155e-06
3205 4.647289e-04 6.613178e-06
3206 4.639051e-04 6.601222e-06
3207 4.630828e-04 6.589289e-06
3208 4.622620e-04 6.577376e-06
3209 4.614427e-04 6.565486e-06
3210 4.606249e-04 6.553616e-06
3211 4.598086e-04 6.541769e-06
3212 4.589937e-04 6.529942e-06
3213 4.581803e-04 6.518137e-06
3214 4.573684e-04 6.506354e-06
3215 4.565580e-04 6.494592e-06
3216 4.557490e-04 6.482851e-06
3217 4.549415e-04 6.471131e-06
3218 4.541355e-04 6.459432e-06
3219 4.533309e-04 6.447755e-06
3220 4.525278e-04 6.436098e-06
3221 4.517262e-04 6.424463e-06
3222 4.509260e-04 6.412849e-06
3223 4.501272e-04 6.401256e-06
3224 4.493300e-04 6.389683e-06
3225 4.485341e-04 6.378132e-06
3226 4.477397e-04 6.366601e-06
3227 4.469467e-04 6.355092e-06
3228 4.461552e-04 6.343603e-06
3229 4.453651e-04 6.332135e-06
3230 4.445765e-04 6.320687e-06
3231 4.437892e-04 6.309261e-06
3232 4.430034e-04 6.297855e-06
3233 4.422191e-04 6.286469e-06
3234 4.414361e-04 6.275105e-06
3235 4.406546e-04 6.263760e-06
3236 4.398745e-04 6.252437e-06
3237 4.390958e-04 6.241133e-06
3238 4.383185e-04 6.229850e-06
3239 4.375427e-04 6.218588e-06
3240 4.367682e-04 6.207346e-06
3241 4.359951e-04 6.196124e-06
3242 4.352235e-04 6.184923e-06
3243 4.344532e-04 6.173741e-06
3244 4.336844e-04 6.162580e-06
3245 4.329169e-04 6.151440e-06
3246 4.321508e-04 6.140319e-06
3247 4.313862e-04 6.129218e-06
3248 4.306229e-04 6.118138e-06
3249 4.298610e-04 6.107077e-06
3250 4.291004e-04 6.096037e-06
3251 4.283413e-04 6.085016e-06
3252 4.275835e-04 6.074016e-06
3253 4.268271e-04 6.063035e-06
3254 4.260721e-04 6.052074e-06
3255 4.253185e-04 6.041133e-06
3256 4.245662e-04 6.030212e-06
3257 4.238153e-04 6.019310e-06
3258 4.230657e-04 6.008428e-06
3259 4.223175e-04 5.997566e-06
3260 4.215707e-04 5.986723e-06
3261 4.208252e-04 5.975900e-06
3262 4.200811e-04 5.965097e-06
3263 4.193383e-04 5.954313e-06
3264 4.185969e-04 5.943549e-06
3265 4.178568e-04 5.932804e-06
3266 4.171181e-04 5.922079e-06
3267 4.163807e-04 5.911372e-06
3268 4.156446e-04 5.900686e-06
3269 4.149099e-04 5.890018e-06
3270 4.141765e-04 5.879370e-06
3271 4.134445e-04 5.868741e-06
3272 4.127137e-04 5.858132e-06
3273 4.119843e-04 5.847541e-06
3274 4.112563e-04 5.836970e-06
3275 4.105295e-04 5.826418e-06
3276 4.098041e-04 5.815884e-06
3277 4.090800e-04 5.805370e-06
3278 4.083572e-04 5.794875e-06
3279 4.076357e-04 5.784399e-06
3280 4.069155e-04 5.773942e-06
3281 4.061966e-04 5.763504e-06
3282 4.054790e-04 5.753084e-06
3283 4.047628e-04 5.742684e-06
3284 4.040478e-04 5.732302e-06
3285 4.033341e-04 5.721939e-06
3286 4.026218e-04 5.711595e-06
3287 4.019107e-04 5.701269e-06
3288 4.012009e-04 5.690962e-06
3289 4.004924e-04 5.680674e-06
3290 3.997852e-04 5.670404e-06
3291 3.990793e-04 5.660153e-06
3292 3.983746e-04 5.649920e-06
3293 3.976713e-04 5.639706e-06
3294 3.969692e-04 5.629511e-06
3295 3.962683e-04 5.619333e-06
3296 3.955688e-04 5.609175e-06
3297 3.948705e-04 5.599034e-06
3298 3.941735e-04 5.588912e-06
3299 3.934778e-04 5.578808e-06
3300 3.927833e-04 5.568723e-06
3301 3.920901e-04 5.558655e-06
3302 3.913982e-04 5.548606e-06
3303 3.907075e-04 5.538575e-06
3304 3.900180e-04 5.528563e-06
3305 3.893298e-04 5.518568e-06
3306 3.886429e-04 5.508591e-06
3307 3.879572e-04 5.498633e-06
3308 3.872727e-04 5.488692e-06
3309 3.865895e-04 5.478769e-06
3310 3.859076e-04 5.468865e-06
3311 3.852268e-04 5.458978e-06
3312 3.845474e-04 5.449109e-06
3313 3.838691e-04 5.439258e-06
3314 3.831921e-04 5.429425e-06
3315 3.825163e-04 5.419609e-06
3316 3.818417e-04 5.409811e-06
3317 3.811684e-04 5.400031e-06
3318 3.804963e-04 5.390269e-06
3319 3.798254e-04 5.380524e-06
3320 3.791557e-04 5.370797e-06
3321 3.784872e-04 5.361088e-06
3322 3.778200e-04 5.351396e-06
3323 3.771540e-04 5.341721e-06
3324 3.764891e-04 5.332064e-06
3325 3.758255e-04 5.322425e-06
3326 3.751631e-04 5.312803e-06
3327 3.745019e-04 5.303198e-06
3328 3.738419e-04 5.293611e-06
3329 3.731831e-04 5.284041e-06
3330 3.725255e-04 5.274488e-06
3331 3.718691e-04 5.264953e-06
3332 3.712138e-04 5.255435e-06
3333 3.705598e-04 5.245934e-06
3334 3.699070e-04 5.236450e-06
3335 3.692553e-04 5.226983e-06
3336 3.686048e-04 5.217534e-06
3337 3.679556e-04 5.208101e-06
3338 3.673074e-04 5.198686e-06
3339 3.666605e-04 5.189287e-06
3340 3.660148e-04 5.179906e-06
3341 3.653702e-04 5.170542e-06
3342 3.647268e-04 5.161194e-06
3343 3.640845e-04 5.151864e-06
3344 3.634434e-04 5.142550e-06
3345 3.628035e-04 5.133253e-06
3346 3.621648e-04 5.123973e-06
3347 3.615272e-04 5.114710e-06
3348 3.608908e-04 5.105463e-06
3349 3.602555e-04 5.096233e-06
3350 3.596214e-04 5.087020e-06
3351 3.589884e-04 5.077823e-06
3352 3.583566e-04 5.068644e-06
3353 3.577259e-04 5.059480e-06
3354 3.570964e-04 5.050334e-06
3355 3.564681e-04 5.041203e-06
3356 3.558408e-04 5.032090e-06
3357 3.552147e-04 5.022992e-06
3358 3.545898e-04 5.013912e-06
3359 3.539660e-04 5.004847e-06
3360 3.533433e-04 4.995799e-06
3361 3.527217e-04 4.986768e-06
3362 3.521013e-04 4.977753e-06
3363 3.514820e-04 4.968754e-06
3364 3.508638e-04 4.959771e-06
3365 3.502468e-04 4.950804e-06
3366 3.496309e-04 4.941854e-06
3367 3.490161e-04 4.932920e-06
3368 3.484024e-04 4.924002e-06
3369 3.477898e-04 4.915100e-06
3370 3.471784e-04 4.906215e-06
3371 3.465680e-04 4.897345e-06
3372 3.459588e-04 4.888491e-06
3373 3.453507e-04 4.879654e-06
3374 3.447437e-04 4.870832e-06
3375 3.441378e-04 4.862026e-06
3376 3.435329e-04 4.853237e-06
3377 3.429292e-04 4.844463e-06
3378 3.423266e-04 4.835705e-06
3379 3.417251e-04 4.826962e-06
3380 3.411247e-04 4.818236e-06
3381 3.405253e-04 4.809525e-06
3382 3.399271e-04 4.800831e-06
3383 3.393299e-04 4.792151e-06
3384 3.387339e-04 4.783488e-06
3385 3.381389e-04 4.774840e-06
3386 3.375450e-04 4.766208e-06
3387 3.369522e-04 4.757591e-06
3388 3.363604e-04 4.748990e-06
3389 3.357698e-04 4.740405e-06
3390 3.351802e-04 4.731835e-06
3391 3.345916e-04 4.723281e-06
3392 3.340042e-04 4.714742e-06
3393 3.334178e-04 4.706218e-06
3394 3.328325e-04 4.697710e-06
3395 3.322483e-04 4.689217e-06
3396 3.316651e-04 4.680740e-06
3397 3.310829e-04 4.672278e-06
3398 3.305019e-04 4.663831e-06
3399 3.299219e-04 4.655400e-06
3400 3.293429e-04 4.646983e-06
3401 3.287650e-04 4.638582e-06
3402 3.281882e-04 4.630197e-06
3403 3.276124e-04 4.621826e-06
3404 3.270376e-04 4.613470e-06
3405 3.264639e-04 4.605130e-06
3406 3.258913e-04 4.596805e-06
3407 3.253196e-04 4.588494e-06
3408 3.247491e-04 4.580199e-06
3409 3.241795e-04 4.571919e-06
3410 3.236110e-04 4.563653e-06
3411 3.230435e-04 4.555403e-06
3412 3.224771e-04 4.547168e-06
3413 3.219117e-04 4.538947e-06
3414 3.213473e-04 4.530741e-06
3415 3.207840e-04 4.522550e-06
3416 3.202217e-04 4.514374e-06
3417 3.196604e-04 4.506213e-06
3418 3.191001e-04 4.498066e-06
3419 3.185408e-04 4.489935e-06
3420 3.179826e-04 4.481817e-06
3421 3.174254e-04 4.473715e-06
3422 3.168691e-04 4.465627e-06
3423 3.163139e-04 4.457554e-06
3424 3.157598e-04 4.449495e-06
3425 3.152066e-04 4.441451e-06
3426 3.146544e-04 4.433422e-06
3427 3.141032e-04 4.425407e-06
3428 3.135531e-04 4.417407e-06
3429 3.130039e-04 4.409421e-06
3430 3.124558e-04 4.401449e-06
3431 3.119086e-04 4.393492e-06
3432 3.113624e-04 4.385549e-06
3433 3.108173e-04 4.377621e-06
3434 3.102731e-04 4.369707e-06
3435 3.097299e-04 4.361807e-06
3436 3.091877e-04 4.353921e-06
3437 3.086465e-04 4.346050e-06
3438 3.081063e-04 4.338193e-06
3439 3.075670e-04 4.330350e-06
3440 3.070288e-04 4.322522e-06
3441 3.064915e-04 4.314707e-06
3442 3.059552e-04 4.306907e-06
3443 3.054199e-04 4.299121e-06
3444 3.048855e-04 4.291348e-06
3445 3.043521e-04 4.283590e-06
3446 3.038197e-04 4.275846e-06
3447 3.032883e-04 4.268116e-06
3448 3.027578e-04 4.260400e-06
3449 3.022283e-04 4.252698e-06
3450 3.016998e-04 4.245010e-06
3451 3.011722e-04 4.237335e-06
3452 3.006456e-04 4.229675e-06
3453 3.001200e-04 4.222028e-06
3454 2.995953e-04 4.214395e-06
3455 2.990715e-04 4.206776e-06
3456 2.985487e-04 4.199171e-06
3457 2.980269e-04 4.191580e-06
3458 2.975060e-04 4.184002e-06
3459 2.969861e-04 4.176438e-06
3460 2.964671e-04 4.168887e-06
3461 2.959491e-04 4.161351e-06
3462 2.954320e-04 4.153828e-06
3463 2.949158e-04 4.146318e-06
3464 2.944006e-04 4.138822e-06
3465 2.938863e-04 4.131340e-06
3466 2.933730e-04 4.123871e-06
3467 2.928606e-04 4.116415e-06
3468 2.923491e-04 4.108974e-06
3469 2.918386e-04 4.101545e-06
3470 2.913290e-04 4.094130e-06
3471 2.908203e-04 4.086729e-06
3472 2.903126e-04 4.079340e-06
3473 2.898058e-04 4.071966e-06
3474 2.892999e-04 4.064604e-06
3475 2.887949e-04 4.057256e-06
3476 2.882908e-04 4.049921e-06
3477 2.877877e-04 4.042599e-06
3478 2.872855e-04 4.035291e-06
3479 2.867842e-04 4.027996e-06
3480 2.862838e-04 4.020714e-06
3481 2.857843e-04 4.013445e-06
3482 2.852857e-04 4.006189e-06
3483 2.847881e-04 3.998946e-06
3484 2.842913e-04 3.991717e-06
3485 2.837955e-04 3.984500e-06
3486 2.833006e-04 3.977297e-06
3487 2.828065e-04 3.970107e-06
3488 2.823134e-04 3.962929e-06
3489 2.818211e-04 3.955765e-06
3490 2.813298e-04 3.948613e-06
3491 2.808394e-04 3.941475e-06
3492 2.803498e-04 3.934349e-06
3493 2.798612e-04 3.927236e-06
3494 2.793734e-04 3.920137e-06
3495 2.788865e-04 3.913049e-06
3496 2.784005e-04 3.905975e-06
3497 2.779154e-04 3.898914e-06
3498 2.774312e-04 3.891865e-06
3499 2.769479e-04 3.884829e-06
3500 2.764654e-04 3.877806e-06
3501 2.759839e-04 3.870795e-06
3502 2.755032e-04 3.863798e-06
3503 2.750234e-04 3.856812e-06
3504 2.745444e-04 3.849840e-06
3505 2.740664e-04 3.842880e-06
3506 2.735892e-04 3.835932e-06
3507 2.731128e-04 3.828998e-06
3508 2.726374e-04 3.822075e-06
3509 2.721628e-04 3.815166e-06
3510 2.716891e-04 3.808268e-06
3511 2.712162e-04 3.801384e-06
3512 2.707442e-04 3.794511e-06
3513 2.702731e-04 3.787651e-06
3514 2.698028e-04 3.780804e-06
3515 2.693334e-04 3.773969e-06
3516 2.688649e-04 3.767146e-06
3517 2.683972e-04 3.760335e-06
3518 2.679303e-04 3.753537e-06
3519 2.674643e-04 3.746751e-06
3520 2.669992e-04 3.739978e-06
3521 2.665349e-04 3.733216e-06
3522 2.660714e-04 3.726467e-06
3523 2.656088e-04 3.719730e-06
3524 2.651471e-04 3.713005e-06
3525 2.646862e-04 3.706293e-06
3526 2.642261e-04 3.699592e-06
3527 2.637669e-04 3.692904e-06
3528 2.633085e-04 3.686228e-06
3529 2.628509e-04 3.679564e-06
3530 2.623942e-04 3.672911e-06
3531 2.619383e-04 3.666271e-06
3532 2.614833e-04 3.659643e-06
3533 2.610290e-04 3.653027e-06
3534 2.605756e-04 3.646423e-06
3535 2.601231e-04 3.639831e-06
3536 2.596713e-04 3.633250e-06
3537 2.592204e-04 3.626682e-06
3538 2.587703e-04 3.620125e-06
3539 2.583211e-04 3.613581e-06
3540 2.578726e-04 3.607048e-06
3541 2.574250e-04 3.600527e-06
3542 2.569782e-04 3.594018e-06
3543 2.565322e-04 3.587520e-06
3544 2.560870e-04 3.581034e-06
3545 2.556427e-04 3.574560e-06
3546 2.551991e-04 3.568098e-06
3547 2.547564e-04 3.561647e-06
3548 2.543144e-04 3.555208e-06
3549 2.538733e-04 3.548781e-06
3550 2.534330e-04 3.542365e-06
3551 2.529935e-04 3.535961e-06
3552 2.525547e-04 3.529569e-06
3553 2.521168e-04 3.523188e-06
3554 2.516797e-04 3.516818e-06
3555 2.512434e-04 3.510460e-06
3556 2.508079e-04 3.504114e-06
3557 2.503732e-04 3.497779e-06
3558 2.499393e-04 3.491456e-06
3559 2.495061e-04 3.485143e-06
3560 2.490738e-04 3.478843e-06
3561 2.486422e-04 3.472554e-06
3562 2.482115e-04 3.466276e-06
3563 2.477815e-04 3.460009e-06
3564 2.473523e-04 3.453754e-06
3565 2.469239e-04 3.447510e-06
3566 2.464963e-04 3.441277e-06
3567 2.460695e-04 3.435056e-06
3568 2.456434e-04 3.428846e-06
3569 2.452181e-04 3.422647e-06
3570 2.447936e-04 3.416459e-06
3571 2.443699e-04 3.410283e-06
3572 2.439470e-04 3.404117e-06
3573 2.435248e-04 3.397963e-06
3574 2.431034e-04 3.391820e-06
3575 2.426828e-04 3.385688e-06
3576 2.422629e-04 3.379567e-06
3577 2.418438e-04 3.373458e-06
3578 2.414255e-04 3.367359e-06
3579 2.410079e-04 3.361271e-06
3580 2.405911e-04 3.355194e-06
3581 2.401751e-04 3.349129e-06
3582 2.397598e-04 3.343074e-06
3583 2.393453e-04 3.337030e-06
3584 2.389316e-04 3.330997e-06
3585 2.385186e-04 3.324975e-06
3586 2.381063e-04 3.318964e-06
3587 2.376948e-04 3.312964e-06
3588 2.372841e-04 3.306974e-06
3589 2.368741e-04 3.300996e-06
3590 2.364649e-04 3.295028e-06
3591 2.360564e-04 3.289071e-06
3592 2.356487e-04 3.283125e-06
3593 2.352417e-04 3.277189e-06
3594 2.348354e-04 3.271265e-06
3595 2.344299e-04 3.265351e-06
3596 2.340252e-04 3.259447e-06
3597 2.336212e-04 3.253555e-06
3598 2.332179e-04 3.247673e-06
3599 2.328153e-04 3.241801e-06
3600 2.324135e-04 3.235941e-06
3601 2.320125e-04 3.230090e-06
3602 2.316121e-04 3.224251e-06
3603 2.312125e-04 3.218422e-06
3604 2.308137e-04 3.212603e-06
3605 2.304155e-04 3.206795e-06
3606 2.300181e-04 3.200998e-06
3607 2.296214e-04 3.195211e-06
3608 2.292255e-04 3.189434e-06
3609 2.288303e-04 3.183668e-06
3610 2.284358e-04 3.177913e-06
3611 2.280420e-04 3.172167e-06
3612 2.276489e-04 3.166433e-06
3613 2.272566e-04 3.160708e-06
3614 2.268650e-04 3.154994e-06
3615 2.264741e-04 3.149290e-06
3616 2.260839e-04 3.143597e-06
3617 2.256944e-04 3.137913e-06
3618 2.253056e-04 3.132240e-06
3619 2.249176e-04 3.126578e-06
3620 2.245303e-04 3.120925e-06
3621 2.241436e-04 3.115283e-06
3622 2.237577e-04 3.109651e-06
3623 2.233725e-04 3.104029e-06
3624 2.229880e-04 3.098417e-06
3625 2.226042e-04 3.092816e-06
3626 2.222211e-04 3.087225e-06
3627 2.218387e-04 3.081643e-06
3628 2.214570e-04 3.076072e-06
3629 2.210760e-04 3.070511e-06
3630 2.206957e-04 3.064960e-06
3631 2.203162e-04 3.059419e-06
3632 2.199373e-04 3.053888e-06
3633 2.195590e-04 3.048367e-06
3634 2.191815e-04 3.042856e-06
3635 2.188047e-04 3.037355e-06
3636 2.184286e-04 3.031863e-06
3637 2.180532e-04 3.026382e-06
3638 2.176784e-04 3.020911e-06
3639 2.173043e-04 3.015449e-06
3640 2.169310e-04 3.009998e-06
3641 2.165583e-04 3.004556e-06
3642 2.161863e-04 2.999124e-06
3643 2.158149e-04 2.993702e-06
3644 2.154443e-04 2.988290e-06
3645 2.150743e-04 2.982888e-06
3646 2.147051e-04 2.977495e-06
3647 2.143364e-04 2.972112e-06
3648 2.139685e-04 2.966739e-06
3649 2.136013e-04 2.961375e-06
3650 2.132347e-04 2.956022e-06
3651 2.128688e-04 2.950677e-06
3652 2.125035e-04 2.945343e-06
3653 2.121390e-04 2.940018e-06
3654 2.117751e-04 2.934703e-06
3655 2.114118e-04 2.929397e-06
3656 2.110493e-04 2.924101e-06
3657 2.106874e-04 2.918815e-06
3658 2.103262e-04 2.913538e-06
3659 2.099656e-04 2.908271e-06
3660 2.096057e-04 2.903013e-06
3661 2.092464e-04 2.897765e-06
3662 2.088878e-04 2.892526e-06
3663 2.085299e-04 2.887297e-06
3664 2.081727e-04 2.882077e-06
3665 2.078160e-04 2.876866e-06
3666 2.074601e-04 2.871665e-06
3667 2.071048e-04 2.866474e-06
3668 2.067501e-04 2.861292e-06
3669 2.063961e-04 2.856119e-06
3670 2.060428e-04 2.850955e-06
3671 2.056901e-04 2.845801e-06
3672 2.053380e-04 2.840656e-06
3673 2.049866e-04 2.835521e-06
3674 2.046358e-04 2.830394e-06
3675 2.042857e-04 2.825277e-06
3676 2.039363e-04 2.820170e-06
3677 2.035874e-04 2.815071e-06
3678 2.032392e-04 2.809982e-06
3679 2.028917e-04 2.804902e-06
3680 2.025448e-04 2.799831e-06
3681 2.021985e-04 2.794769e-06
3682 2.018529e-04 2.789717e-06
3683 2.015079e-04 2.784673e-06
3684 2.011635e-04 2.779639e-06
3685 2.008198e-04 2.774613e-06
3686 2.004767e-04 2.769597e-06
3687 2.001342e-04 2.764590e-06
3688 1.997924e-04 2.759592e-06
3689 1.994512e-04 2.754603e-06
3690 1.991106e-04 2.749623e-06
3691 1.987706e-04 2.744652e-06
3692 1.984313e-04 2.739690e-06
3693 1.980926e-04 2.734737e-06
3694 1.977545e-04 2.729793e-06
3695 1.974170e-04 2.724858e-06
3696 1.970802e-04 2.719932e-06
3697 1.967440e-04 2.715015e-06
3698 1.964084e-04 2.710106e-06
3699 1.960734e-04 2.705207e-06
3700 1.957390e-04 2.700316e-06
3701 1.954052e-04 2.695434e-06
3702 1.950721e-04 2.690561e-06
3703 1.947396e-04 2.685697e-06
3704 1.944077e-04 2.680841e-06
3705 1.940764e-04 2.675995e-06
3706 1.937457e-04 2.671157e-06
3707 1.934156e-04 2.666328e-06
3708 1.930861e-04 2.661507e-06
3709 1.927572e-04 2.656696e-06
3710 1.924290e-04 2.651893e-06
3711 1.921013e-04 2.647098e-06
3712 1.917743e-04 2.642313e-06
3713 1.914478e-04 2.637536e-06
3714 1.911219e-04 2.632768e-06
3715 1.907967e-04 2.628008e-06
3716 1.904720e-04 2.623257e-06
3717 1.901480e-04 2.618514e-06
3718 1.898245e-04 2.613780e-06
3719 1.895017e-04 2.609055e-06
3720 1.891794e-04 2.604338e-06
3721 1.888577e-04 2.599630e-06
3722 1.885366e-04 2.594930e-06
3723 1.882161e-04 2.590238e-06
3724 1.878962e-04 2.585556e-06
3725 1.875769e-04 2.580881e-06
3726 1.872582e-04 2.576215e-06
3727 1.869401e-04 2.571558e-06
3728 1.866225e-04 2.566909e-06
3729 1.863056e-04 2.562268e-06
3730 1.859892e-04 2.557636e-06
3731 1.856734e-04 2.553012e-06
3732 1.853582e-04 2.548396e-06
3733 1.850436e-04 2.543789e-06
3734 1.847295e-04 2.539190e-06
3735 1.844160e-04 2.534600e-06
3736 1.841032e-04 2.530018e-06
3737 1.837908e-04 2.525444e-06
3738 1.834791e-04 2.520878e-06
3739 1.831679e-04 2.516320e-06
3740 1.828573e-04 2.511771e-06
3741 1.825473e-04 2.507230e-06
3742 1.822379e-04 2.502698e-06
3743 1.819290e-04 2.498173e-06
3744 1.816207e-04 2.493657e-06
3745 1.813130e-04 2.489148e-06
3746 1.810058e-04 2.484648e-06
3747 1.806992e-04 2.480156e-06
3748 1.803932e-04 2.475672e-06
3749 1.800877e-04 2.471197e-06
3750 1.797828e-04 2.466729e-06
3751 1.794785e-04 2.462270e-06
3752 1.791747e-04 2.457818e-06
3753 1.788715e-04 2.453375e-06
3754 1.785688e-04 2.448939e-06
3755 1.782667e-04 2.444512e-06
3756 1.779651e-04 2.440092e-06
3757 1.776642e-04 2.435681e-06
3758 1.773637e-04 2.431278e-06
3759 1.770639e-04 2.426882e-06
3760 1.767645e-04 2.422495e-06
3761 1.764658e-04 2.418115e-06
3762 1.761676e-04 2.413743e-06
3763 1.758699e-04 2.409380e-06
3764 1.755728e-04 2.405024e-06
3765 1.752762e-04 2.400676e-06
3766 1.749802e-04 2.396336e-06
3767 1.746847e-04 2.392003e-06
3768 1.743898e-04 2.387679e-06
3769 1.740954e-04 2.383362e-06
3770 1.738016e-04 2.379053e-06
3771 1.735083e-04 2.374752e-06
3772 1.732155e-04 2.370459e-06
3773 1.729233e-04 2.366174e-06
3774 1.726317e-04 2.361896e-06
3775 1.723405e-04 2.357626e-06
3776 1.720500e-04 2.353364e-06
3777 1.717599e-04 2.349109e-06
3778 1.714704e-04 2.344862e-06
3779 1.711814e-04 2.340623e-06
3780 1.708930e-04 2.336391e-06
3781 1.706051e-04 2.332167e-06
3782 1.703177e-04 2.327951e-06
3783 1.700308e-04 2.323742e-06
3784 1.697445e-04 2.319541e-06
3785 1.694587e-04 2.315348e-06
3786 1.691735e-04 2.311162e-06
3787 1.688887e-04 2.306984e-06
3788 1.686045e-04 2.302813e-06
3789 1.683209e-04 2.298650e-06
3790 1.680377e-04 2.294494e-06
3791 1.677551e-04 2.290346e-06
3792 1.674730e-04 2.286205e-06
3793 1.671914e-04 2.282072e-06
3794 1.669103e-04 2.277946e-06
3795 1.666298e-04 2.273828e-06
3796 1.663498e-04 2.269717e-06
3797 1.660703e-04 2.265614e-06
3798 1.657913e-04 2.261518e-06
3799 1.655128e-04 2.257429e-06
3800 1.652349e-04 2.253348e-06
3801 1.649575e-04 2.249274e-06
3802 1.646805e-04 2.245208e-06
3803 1.644041e-04 2.241149e-06
3804 1.641282e-04 2.237097e-06
3805 1.638529e-04 2.233053e-06
3806 1.635780e-04 2.229015e-06
3807 1.633036e-04 2.224986e-06
3808 1.630298e-04 2.220963e-06
3809 1.627564e-04 2.216948e-06
3810 1.624836e-04 2.212940e-06
3811 1.622113e-04 2.208939e-06
3812 1.619394e-04 2.204946e-06
3813 1.616681e-04 2.200959e-06
3814 1.613973e-04 2.196980e-06
3815 1.611270e-04 2.193008e-06
3816 1.608572e-04 2.189044e-06
3817 1.605878e-04 2.185086e-06
3818 1.603190e-04 2.181136e-06
3819 1.600507e-04 2.177193e-06
3820 1.597829e-04 2.173256e-06
3821 1.595156e-04 2.169327e-06
3822 1.592487e-04 2.165406e-06
3823 1.589824e-04 2.161491e-06
3824 1.587166e-04 2.157583e-06
3825 1.584512e-04 2.153682e-06
3826 1.581864e-04 2.149789e-06
3827 1.579220e-04 2.145902e-06
3828 1.576582e-04 2.142023e-06
3829 1.573948e-04 2.138150e-06
3830 1.571319e-04 2.134285e-06
3831 1.568695e-04 2.130426e-06
3832 1.566076e-04 2.126574e-06
3833 1.563462e-04 2.122730e-06
3834 1.560852e-04 2.118892e-06
3835 1.558248e-04 2.115062e-06
3836 1.555648e-04 2.111238e-06
3837 1.553053e-04 2.107421e-06
3838 1.550463e-04 2.103611e-06
3839 1.547878e-04 2.099808e-06
3840 1.545298e-04 2.096012e-06
3841 1.542722e-04 2.092222e-06
3842 1.540151e-04 2.088440e-06
3843 1.537585e-04 2.084664e-06
3844 1.535024e-04 2.080895e-06
3845 1.532467e-04 2.077133e-06
3846 1.529916e-04 2.073378e-06
3847 1.527369e-04 2.069630e-06
3848 1.524826e-04 2.065888e-06
3849 1.522289e-04 2.062153e-06
3850 1.519756e-04 2.058425e-06
3851 1.517228e-04 2.054703e-06
3852 1.514704e-04 2.050989e-06
3853 1.512186e-04 2.047281e-06
3854 1.509672e-04 2.043580e-06
3855 1.507162e-04 2.039885e-06
3856 1.504658e-04 2.036197e-06
3857 1.502158e-04 2.032516e-06
3858 1.499662e-04 2.028841e-06
3859 1.497172e-04 2.025173e-06
3860 1.494686e-04 2.021512e-06
3861 1.492204e-04 2.017857e-06
3862 1.489727e-04 2.014209e-06
3863 1.487255e-04 2.010568e-06
3864 1.484788e-04 2.006933e-06
3865 1.482325e-04 2.003305e-06
3866 1.479866e-04 1.999683e-06
3867 1.477413e-04 1.996068e-06
3868 1.474963e-04 1.992459e-06
3869 1.472519e-04 1.988857e-06
3870 1.470079e-04 1.985261e-06
3871 1.467643e-04 1.981672e-06
3872 1.465212e-04 1.978090e-06
3873 1.462786e-04 1.974513e-06
3874 1.460364e-04 1.970944e-06
3875 1.457946e-04 1.967380e-06
3876 1.455533e-04 1.963824e-06
3877 1.453125e-04 1.960273e-06
3878 1.450721e-04 1.956729e-06
3879 1.448322e-04 1.953192e-06
3880 1.445927e-04 1.949661e-06
3881 1.443536e-04 1.946136e-06
3882 1.441150e-04 1.942617e-06
3883 1.438769e-04 1.939105e-06
3884 1.436391e-04 1.935600e-06
3885 1.434019e-04 1.932100e-06
3886 1.431650e-04 1.928607e-06
3887 1.429287e-04 1.925121e-06
3888 1.426927e-04 1.921640e-06
3889 1.424572e-04 1.918166e-06
3890 1.422222e-04 1.914698e-06
3891 1.419875e-04 1.911237e-06
3892 1.417534e-04 1.907781e-06
3893 1.415196e-04 1.904332e-06
3894 1.412863e-04 1.900890e-06
3895 1.410534e-04 1.897453e-06
3896 1.408210e-04 1.894023e-06
3897 1.405890e-04 1.890598e-06
3898 1.403574e-04 1.887180e-06
3899 1.401263e-04 1.883769e-06
3900 1.398956e-04 1.880363e-06
3901 1.396653e-04 1.876963e-06
3902 1.394355e-04 1.873570e-06
3903 1.392061e-04 1.870183e-06
3904 1.389771e-04 1.866802e-06
3905 1.387485e-04 1.863427e-06
3906 1.385204e-04 1.860058e-06
3907 1.382927e-04 1.856695e-06
3908 1.380654e-04 1.853339e-06
3909 1.378386e-04 1.849988e-06
3910 1.376122e-04 1.846643e-06
3911 1.373862e-04 1.843305e-06
3912 1.371606e-04 1.839972e-06
3913 1.369354e-04 1.836646e-06
3914 1.367107e-04 1.833325e-06
3915 1.364864e-04 1.830011e-06
3916 1.362625e-04 1.826702e-06
3917 1.360390e-04 1.823400e-06
3918 1.358160e-04 1.820103e-06
3919 1.355934e-04 1.816813e-06
3920 1.353711e-04 1.813528e-06
3921 1.351493e-04 1.810250e-06
3922 1.349280e-04 1.806977e-06
3923 1.347070e-04 1.803710e-06
3924 1.344864e-04 1.800449e-06
3925 1.342663e-04 1.797194e-06
3926 1.340466e-04 1.793945e-06
3927 1.338273e-04 1.790702e-06
3928 1.336084e-04 1.787464e-06
3929 1.333899e-04 1.784233e-06
3930 1.331718e-04 1.781007e-06
3931 1.329541e-04 1.777787e-06
3932 1.327368e-04 1.774573e-06
3933 1.325200e-04 1.771365e-06
3934 1.323035e-04 1.768163e-06
3935 1.320875e-04 1.764966e-06
3936 1.318719e-04 1.761775e-06
3937 1.316566e-04 1.758590e-06
3938 1.314418e-04 1.755411e-06
3939 1.312274e-04 1.752237e-06
3940 1.310133e-04 1.749069e-06
3941 1.307997e-04 1.745907e-06
3942 1.305865e-04 1.742751e-06
3943 1.303737e-04 1.739600e-06
3944 1.301613e-04 1.736455e-06
3945 1.299493e-04 1.733316e-06
3946 1.297376e-04 1.730182e-06
3947 1.295264e-04 1.727054e-06
3948 1.293156e-04 1.723932e-06
3949 1.291052e-04 1.720815e-06
3950 1.288951e-04 1.717704e-06
3951 1.286855e-04 1.714598e-06
3952 1.284762e-04 1.711499e-06
3953 1.282674e-04 1.708404e-06
3954 1.280589e-04 1.705316e-06
3955 1.278509e-04 1.702233e-06
3956 1.276432e-04 1.699155e-06
3957 1.274359e-04 1.696083e-06
3958 1.272290e-04 1.693017e-06
3959 1.270225e-04 1.689956e-06
3960 1.268164e-04 1.686901e-06
3961 1.266107e-04 1.683851e-06
3962 1.264054e-04 1.680807e-06
3963 1.262004e-04 1.677768e-06
3964 1.259959e-04 1.674735e-06
3965 1.257917e-04 1.671707e-06
3966 1.255879e-04 1.668685e-06
3967 1.253845e-04 1.665668e-06
3968 1.251814e-04 1.662657e-06
3969 1.249788e-04 1.659651e-06
3970 1.247765e-04 1.656651e-06
3971 1.245747e-04 1.653656e-06
3972 1.243732e-04 1.650666e-06
3973 1.241720e-04 1.647682e-06
3974 1.239713e-04 1.644703e-06
3975 1.237710e-04 1.641729e-06
3976 1.235710e-04 1.638761e-06
3977 1.233714e-04 1.635799e-06
3978 1.231721e-04 1.632841e-06
3979 1.229733e-04 1.629889e-06
3980 1.227748e-04 1.626943e-06
3981 1.225767e-04 1.624001e-06
3982 1.223790e-04 1.621065e-06
3983 1.221816e-04 1.618135e-06
3984 1.219847e-04 1.615209e-06
3985 1.217880e-04 1.612289e-06
3986 1.215918e-04 1.609374e-06
3987 1.213959e-04 1.606465e-06
3988 1.212004e-04 1.603560e-06
3989 1.210053e-04 1.600661e-06
3990 1.208106e-04 1.597767e-06
3991 1.206162e-04 1.594879e-06
3992 1.204222e-04 1.591995e-06
3993 1.202285e-04 1.589117e-06
3994 1.200352e-04 1.586244e-06
3995 1.198423e-04 1.583377e-06
3996 1.196497e-04 1.580514e-06
3997 1.194575e-04 1.577657e-06
3998 1.192657e-04 1.574804e-06
3999 1.190742e-04 1.571957e-06
4000 1.188831e-04 1.569115e-06
4001 1.186924e-04 1.566279e-06
4002 1.185020e-04 1.563447e-06
4003 1.183120e-04 1.560620e-06
4004 1.181223e-04 1.557799e-06
4005 1.179330e-04 1.554983e-06
4006 1.177441e-04 1.552171e-06
4007 1.175555e-04 1.549365e-06
4008 1.173673e-04 1.546564e-06
4009 1.171794e-04 1.543768e-06
4010 1.169919e-04 1.540977e-06
4011 1.168048e-04 1.538191e-06
4012 1.166180e-04 1.535410e-06
4013 1.164315e-04 1.532634e-06
4014 1.162454e-04 1.529864e-06
4015 1.160597e-04 1.527098e-06
4016 1.158743e-04 1.524337e-06
4017 1.156892e-04 1.521581e-06
4018 1.155046e-04 1.518830e-06
4019 1.153202e-04 1.516084e-06
4020 1.151362e-04 1.513343e-06
4021 1.149526e-04 1.510607e-06
4022 1.147693e-04 1.507876e-06
4023 1.145864e-04 1.505150e-06
4024 1.144038e-04 1.502429e-06
4025 1.142215e-04 1.499713e-06
4026 1.140397e-04 1.497002e-06
4027 1.138581e-04 1.494295e-06
4028 1.136769e-04 1.491594e-06
4029 1.134960e-04 1.488897e-06
4030 1.133155e-04 1.486205e-06
4031 1.131353e-04 1.483518e-06
4032 1.129555e-04 1.480836e-06
4033 1.127760e-04 1.478159e-06
4034 1.125969e-04 1.475487e-06
4035 1.124181e-04 1.472819e-06
4036 1.122396e-04 1.470156e-06
4037 1.120615e-04 1.467499e-06
4038 1.118837e-04 1.464845e-06
4039 1.117062e-04 1.462197e-06
4040 1.115291e-04 1.459554e-06
4041 1.113523e-04 1.456915e-06
4042 1.111759e-04 1.454281e-06
4043 1.109998e-04 1.451652e-06
4044 1.108240e-04 1.449027e-06
4045 1.106486e-04 1.446408e-06
4046 1.104735e-04 1.443793e-06
4047 1.102988e-04 1.441183e-06
4048 1.101243e-04 1.438577e-06
4049 1.099502e-04 1.435976e-06
4050 1.097765e-04 1.433380e-06
4051 1.096030e-04 1.430789e-06
4052 1.094299e-04 1.428202e-06
4053 1.092572e-04 1.425620e-06
4054 1.090847e-04 1.423043e-06
4055 1.089126e-04 1.420470e-06
4056 1.087408e-04 1.417902e-06
4057 1.085694e-04 1.415338e-06
4058 1.083982e-04 1.412780e-06
4059 1.082274e-04 1.410225e-06
4060 1.080570e-04 1.407676e-06
4061 1.078868e-04 1.405131e-06
4062 1.077170e-04 1.402591e-06
4063 1.075475e-04 1.400055e-06
4064 1.073783e-04 1.397524e-06
4065 1.072095e-04 1.394997e-06
4066 1.070409e-04 1.392475e-06
4067 1.068727e-04 1.389958e-06
4068 1.067048e-04 1.387445e-06
4069 1.065373e-04 1.384936e-06
4070 1.063700e-04 1.382433e-06
4071 1.062031e-04 1.379933e-06
4072 1.060365e-04 1.377439e-06
4073 1.058702e-04 1.374948e-06
4074 1.057043e-04 1.372463e-06
4075 1.055386e-04 1.369981e-06
4076 1.053733e-04 1.367504e-06
4077 1.052083e-04 1.365032e-06
4078 1.050436e-04 1.362564e-06
4079 1.048792e-04 1.360101e-06
4080 1.047151e-04 1.357642e-06
4081 1.045514e-04 1.355188e-06
4082 1.043879e-04 1.352737e-06
4083 1.042248e-04 1.350292e-06
4084 1.040620e-04 1.347851e-06
4085 1.038995e-04 1.345414e-06
4086 1.037373e-04 1.342982e-06
4087 1.035754e-04 1.340554e-06
4088 1.034139e-04 1.338130e-06
4089 1.032526e-04 1.335711e-06
4090 1.030917e-04 1.333296e-06
4091 1.029310e-04 1.330885e-06
4092 1.027707e-04 1.328479e-06
4093 1.026107e-04 1.326078e-06
4094 1.024510e-04 1.323680e-06
4095 1.022916e-04 1.321287e-06
4096 1.021325e-04 1.318898e-06
4097 1.019737e-04 1.316514e-06
4098 1.018152e-04 1.314134e-06
4099 1.016570e-04 1.311758e-06
4100 1.014991e-04 1.309386e-06
4101 1.013416e-04 1.307019e-06
4102 1.011843e-04 1.304656e-06
4103 1.010273e-04 1.302298e-06
4104 1.008706e-04 1.299943e-06
4105 1.007143e-04 1.297593e-06
4106 1.005582e-04 1.295247e-06
4107 1.004025e-04 1.292905e-06
4108 1.002470e-04 1.290568e-06
4109 1.000918e-04 1.288235e-06
4110 9.993696e-05 1.285906e-06
4111 9.978240e-05 1.283581e-06
4112 9.962813e-05 1.281260e-06
4113 9.947416e-05 1.278944e-06
4114 9.932048e-05 1.276632e-06
4115 9.916711e-05 1.274324e-06
4116 9.901403e-05 1.272020e-06
4117 9.886124e-05 1.269720e-06
4118 9.870875e-05 1.267425e-06
4119 9.855655e-05 1.265133e-06
4120 9.840465e-05 1.262846e-06
4121 9.825304e-05 1.260563e-06
4122 9.810172e-05 1.258284e-06
4123 9.795070e-05 1.256009e-06
4124 9.779997e-05 1.253738e-06
4125 9.764953e-05 1.251472e-06
4126 9.749937e-05 1.249209e-06
4127 9.734951e-05 1.246951e-06
4128 9.719994e-05 1.244696e-06
4129 9.705066e-05 1.242446e-06
4130 9.690167e-05 1.240200e-06
4131 9.675297e-05 1.237958e-06
4132 9.660455e-05 1.235720e-06
4133 9.645642e-05 1.233486e-06
4134 9.630858e-05 1.231256e-06
4135 9.616102e-05 1.229030e-06
4136 9.601375e-05 1.226808e-06
4137 9.586677e-05 1.224590e-06
4138 9.572007e-05 1.222376e-06
4139 9.557365e-05 1.220166e-06
4140 9.542752e-05 1.217960e-06
4141 9.528167e-05 1.215758e-06
4142 9.513611e-05 1.213560e-06
4143 9.499082e-05 1.211366e-06
4144 9.484582e-05 1.209176e-06
4145 9.470110e-05 1.206990e-06
4146 9.455666e-05 1.204808e-06
4147 9.441250e-05 1.202630e-06
4148 9.426862e-05 1.200455e-06
4149 9.412502e-05 1.198285e-06
4150 9.398170e-05 1.196119e-06
4151 9.383866e-05 1.193956e-06
4152 9.369589e-05 1.191798e-06
4153 9.355340e-05 1.189643e-06
4154 9.341119e-05 1.187492e-06
4155 9.326926e-05 1.185345e-06
4156 9.312760e-05 1.183202e-06
4157 9.298622e-05 1.181063e-06
4158 9.284511e-05 1.178928e-06
4159 9.270428e-05 1.176797e-06
4160 9.256372e-05 1.174669e-06
4161 9.242343e-05 1.172545e-06
4162 9.228342e-05 1.170426e-06
4163 9.214368e-05 1.168310e-06
4164 9.200421e-05 1.166197e-06
4165 9.186502e-05 1.164089e-06
4166 9.172609e-05 1.161984e-06
4167 9.158744e-05 1.159884e-06
4168 9.144905e-05 1.157787e-06
4169 9.131094e-05 1.155694e-06
4170 9.117309e-05 1.153604e-06
4171 9.103552e-05 1.151519e-06
4172 9.089821e-05 1.149437e-06
4173 9.076117e-05 1.147359e-06
4174 9.062440e-05 1.145284e-06
4175 9.048789e-05 1.143214e-06
4176 9.035166e-05 1.141147e-06
4177 9.021568e-05 1.139084e-06
4178 9.007998e-05 1.137025e-06
4179 8.994453e-05 1.134969e-06
4180 8.980936e-05 1.132917e-06
4181 8.967444e-05 1.130869e-06
4182 8.953979e-05 1.128824e-06
4183 8.940541e-05 1.126784e-06
4184 8.927129e-05 1.124746e-06
4185 8.913742e-05 1.122713e-06
4186 8.900383e-05 1.120683e-06
4187 8.887049e-05 1.118657e-06
4188 8.873741e-05 1.116635e-06
4189 8.860460e-05 1.114616e-06
4190 8.847204e-05 1.112601e-06
4191 8.833974e-05 1.110589e-06
4192 8.820771e-05 1.108582e-06
4193 8.807593e-05 1.106577e-06
4194 8.794441e-05 1.104577e-06
4195 8.781315e-05 1.102580e-06
4196 8.768214e-05 1.100586e-06
4197 8.755139e-05 1.098597e-06
4198 8.742090e-05 1.096611e-06
4199 8.729067e-05 1.094628e-06
4200 8.716069e-05 1.092649e-06
4201 8.703096e-05 1.090674e-06
4202 8.690149e-05 1.088702e-06
4203 8.677228e-05 1.086733e-06
4204 8.664332e-05 1.084769e-06
4205 8.651461e-05 1.082808e-06
4206 8.638615e-05 1.080850e-06
4207 8.625795e-05 1.078896e-06
4208 8.613000e-05 1.076945e-06
4209 8.600230e-05 1.074998e-06
4210 8.587485e-05 1.073055e-06
4211 8.574766e-05 1.071115e-06
4212 8.562071e-05 1.069178e-06
4213 8.549401e-05 1.067245e-06
4214 8.536756e-05 1.065316e-06
4215 8.524137e-05 1.063390e-06
4216 8.511542e-05 1.061467e-06
4217 8.498971e-05 1.059548e-06
4218 8.486426e-05 1.057633e-06
4219 8.473905e-05 1.055721e-06
4220 8.461409e-05 1.053812e-06
4221 8.448938e-05 1.051907e-06
4222 8.436491e-05 1.050005e-06
4223 8.424069e-05 1.048107e-06
4224 8.411671e-05 1.046212e-06
4225 8.399298e-05 1.044321e-06
4226 8.386949e-05 1.042433e-06
4227 8.374625e-05 1.040548e-06
4228 8.362325e-05 1.038667e-06
4229 8.350049e-05 1.036789e-06
4230 8.337798e-05 1.034914e-06
4231 8.325570e-05 1.033043e-06
4232 8.313367e-05 1.031176e-06
4233 8.301188e-05 1.029312e-06
4234 8.289033e-05 1.027451e-06
4235 8.276902e-05 1.025593e-06
4236 8.264796e-05 1.023739e-06
4237 8.252713e-05 1.021888e-06
4238 8.240654e-05 1.020041e-06
4239 8.228619e-05 1.018197e-06
4240 8.216607e-05 1.016356e-06
4241 8.204620e-05 1.014518e-06
4242 8.192656e-05 1.012684e-06
4243 8.180716e-05 1.010853e-06
4244 8.168800e-05 1.009026e-06
4245 8.156907e-05 1.007202e-06
4246 8.145038e-05 1.005381e-06
4247 8.133193e-05 1.003563e-06
4248 8.121371e-05 1.001749e-06
4249 8.109572e-05 9.999376e-07
4250 8.097797e-05 9.981298e-07
4251 8.086046e-05 9.963252e-07
4252 8.074317e-05 9.945240e-07
4253 8.062612e-05 9.927260e-07
4254 8.050930e-05 9.909312e-07
4255 8.039272e-05 9.891397e-07
4256 8.027636e-05 9.873514e-07
4257 8.016024e-05 9.855664e-07
4258 8.004435e-05 9.837846e-07
4259 7.992869e-05 9.820060e-07
4260 7.981326e-05 9.802306e-07
4261 7.969806e-05 9.784585e-07
4262 7.958309e-05 9.766895e-07
4263 7.946834e-05 9.749238e-07
4264 7.935383e-05 9.731612e-07
4265 7.923954e-05 9.714018e-07
4266 7.912549e-05 9.696456e-07
4267 7.901166e-05 9.678926e-07
4268 7.889805e-05 9.661427e-07
4269 7.878468e-05 9.643960e-07
4270 7.867153e-05 9.626525e-07
4271 7.855860e-05 9.609121e-07
4272 7.844590e-05 9.591749e-07
4273 7.833343e-05 9.574408e-07
4274 7.822118e-05 9.557098e-07
4275 7.810915e-05 9.539820e-07
4276 7.799735e-05 9.522573e-07
4277 7.788578e-05 9.505357e-07
4278 7.777442e-05 9.488172e-07
4279 7.766329e-05 9.471018e-07
4280 7.755238e-05 9.453896e-07
4281 7.744169e-05 9.436804e-07
4282 7.733123e-05 9.419743e-07
4283 7.722098e-05 9.402713e-07
4284 7.711096e-05 9.385714e-07
4285 7.700115e-05 9.368745e-07
4286 7.689157e-05 9.351808e-07
4287 7.678221e-05 9.334900e-07
4288 7.667306e-05 9.318024e-07
4289 7.656414e-05 9.301178e-07
4290 7.645543e-05 9.284362e-07
4291 7.634694e-05 9.267577e-07
4292 7.623867e-05 9.250822e-07
4293 7.613061e-05 9.234097e-07
4294 7.602278e-05 9.217403e-07
4295 7.591516e-05 9.200739e-07
4296 7.580775e-05 9.184105e-07
4297 7.570056e-05 9.167501e-07
4298 7.559359e-05 9.150927e-07
4299 7.548683e-05 9.134383e-07
4300 7.538029e-05 9.117869e-07
4301 7.527396e-05 9.101384e-07
4302 7.516784e-05 9.084930e-07
4303 7.506194e-05 9.068505e-07
4304 7.495625e-05 9.052110e-07
4305 7.485078e-05 9.035745e-07
4306 7.474552e-05 9.019409e-07
4307 7.464047e-05 9.003103e-07
4308 7.453563e-05 8.986826e-07
4309 7.443100e-05 8.970579e-07
4310 7.432658e-05 8.954361e-07
4311 7.422238e-05 8.938172e-07
4312 7.411838e-05 8.922013e-07
4313 7.401459e-05 8.905883e-07
4314 7.391102e-05 8.889782e-07
4315 7.380765e-05 8.873710e-07
4316 7.370449e-05 8.857667e-07
4317 7.360154e-05 8.841653e-07
4318 7.349880e-05 8.825668e-07
4319 7.339626e-05 8.809712e-07
4320 7.329394e-05 8.793785e-07
4321 7.319182e-05 8.777887e-07
4322 7.308990e-05 8.762017e-07
4323 7.298820e-05 8.746176e-07
4324 7.288669e-05 8.730364e-07
4325 7.278540e-05 8.714580e-07
4326 7.268431e-05 8.698825e-07
4327 7.258342e-05 8.683098e-07
4328 7.248274e-05 8.667400e-07
4329 7.238226e-05 8.651730e-07
4330 7.228199e-05 8.636089e-07
4331 7.218192e-05 8.620476e-07
4332 7.208205e-05 8.604891e-07
4333 7.198239e-05 8.589334e-07
4334 7.188292e-05 8.573805e-07
4335 7.178366e-05 8.558304e-07
4336 7.168461e-05 8.542832e-07
4337 7.158575e-05 8.527387e-07
4338 7.148709e-05 8.511971e-07
4339 7.138864e-05 8.496582e-07
4340 7.129038e-05 8.481221e-07
4341 7.119232e-05 8.465887e-07
4342 7.109447e-05 8.450582e-07
4343 7.099681e-05 8.435304e-07
4344 7.089935e-05 8.420054e-07
4345 7.080209e-05 8.404831e-07
4346 7.070503e-05 8.389636e-07
4347 7.060816e-05 8.374468e-07
4348 7.051150e-05 8.359328e-07
4349 7.041503e-05 8.344215e-07
4350 7.031875e-05 8.329130e-07
4351 7.022268e-05 8.314071e-07
4352 7.012680e-05 8.299040e-07
4353 7.003111e-05 8.284036e-07
4354 6.993562e-05 8.269060e-07
4355 6.984033e-05 8.254110e-07
4356 6.974523e-05 8.239187e-07
4357 6.965032e-05 8.224292e-07
4358 6.955561e-05 8.209423e-07
4359 6.946109e-05 8.194581e-07
4360 6.936677e-05 8.179766e-07
4361 6.927263e-05 8.164978e-07
4362 6.917869e-05 8.150216e-07
4363 6.908495e-05 8.135481e-07
4364 6.899139e-05 8.120773e-07
4365 6.889803e-05 8.106091e-07
4366 6.880486e-05 8.091436e-07
4367 6.871188e-05 8.076808e-07
4368 6.861908e-05 8.062206e-07
4369 6.852648e-05 8.047630e-07
4370 6.843407e-05 8.033081e-07
4371 6.834185e-05 8.018558e-07
4372 6.824982e-05 8.004061e-07
4373 6.815798e-05 7.989590e-07
4374 6.806632e-05 7.975146e-07
4375 6.797486e-05 7.960727e-07
4376 6.788358e-05 7.946335e-07
4377 6.779249e-05 7.931969e-07
4378 6.770159e-05 7.917629e-07
4379 6.761087e-05 7.903314e-07
4380 6.752034e-05 7.889026e-07
4381 6.743000e-05 7.874763e-07
4382 6.733984e-05 7.860526e-07
4383 6.724987e-05 7.846315e-07
4384 6.716008e-05 7.832130e-07
4385 6.707048e-05 7.817970e-07
4386 6.698106e-05 7.803836e-07
4387 6.689183e-05 7.789727e-07
4388 6.680278e-05 7.775644e-07
4389 6.671392e-05 7.761587e-07
4390 6.662524e-05 7.747554e-07
4391 6.653674e-05 7.733547e-07
4392 6.644842e-05 7.719566e-07
4393 6.636029e-05 7.705610e-07
4394 6.627234e-05 7.691679e-07
4395 6.618457e-05 7.677773e-07
4396 6.609698e-05 7.663892e-07
4397 6.600957e-05 7.650036e-07
4398 6.592235e-05 7.636206e-07
4399 6.583530e-05 7.622400e-07
4400 6.574844e-05 7.608620e-07
4401 6.566175e-05 7.594864e-07
4402 6.557524e-05 7.581133e-07
4403 6.548892e-05 7.567427e-07
4404 6.540277e-05 7.553746e-07
4405 6.531680e-05 7.540090e-07
4406 6.523101e-05 7.526458e-07
4407 6.514539e-05 7.512851e-07
4408 6.505996e-05 7.499268e-07
4409 6.497470e-05 7.485710e-07
4410 6.488962e-05 7.472177e-07
4411 6.480471e-05 7.458668e-07
4412 6.471998e-05 7.445183e-07
4413 6.463543e-05 7.431723e-07
4414 6.455106e-05 7.418287e-07
4415 6.446685e-05 7.404875e-07
4416 6.438283e-05 7.391488e-07
4417 6.429898e-05 7.378125e-07
4418 6.421530e-05 7.364786e-07
4419 6.413180e-05 7.351471e-07
4420 6.404847e-05 7.338180e-07
4421 6.396531e-05 7.324914e-07
4422 6.388233e-05 7.311671e-07
4423 6.379952e-05 7.298452e-07
4424 6.371689e-05 7.285257e-07
4425 6.363442e-05 7.272086e-07
4426 6.355213e-05 7.258939e-07
4427 6.347001e-05 7.245815e-07
4428 6.338806e-05 7.232715e-07
4429 6.330628e-05 7.219639e-07
4430 6.322468e-05 7.206587e-07
4431 6.314324e-05 7.193558e-07
4432 6.306197e-05 7.180553e-07
4433 6.298088e-05 7.167571e-07
4434 6.289995e-05 7.154613e-07
4435 6.281919e-05 7.141678e-07
4436 6.273860e-05 7.128766e-07
4437 6.265818e-05 7.115878e-07
4438 6.257793e-05 7.103013e-07
4439 6.249785e-05 7.090172e-07
4440 6.241794e-05 7.077353e-07
4441 6.233819e-05 7.064558e-07
4442 6.225861e-05 7.051786e-07
4443 6.217919e-05 7.039037e-07
4444 6.209995e-05 7.026311e-07
4445 6.202087e-05 7.013608e-07
4446 6.194195e-05 7.000928e-07
4447 6.186320e-05 6.988271e-07
4448 6.178462e-05 6.975637e-07
4449 6.170620e-05 6.963026e-07
4450 6.162795e-05 6.950437e-07
4451 6.154986e-05 6.937871e-07
4452 6.147193e-05 6.925328e-07
4453 6.139417e-05 6.912808e-07
4454 6.131658e-05 6.900310e-07
4455 6.123914e-05 6.887835e-07
4456 6.116187e-05 6.875383e-07
4457 6.108477e-05 6.862953e-07
4458 6.100782e-05 6.850545e-07
4459 6.093104e-05 6.838160e-07
4460 6.085442e-05 6.825797e-07
4461 6.077796e-05 6.813457e-07
4462 6.070166e-05 6.801138e-07
4463 6.062552e-05 6.788843e-07
4464 6.054955e-05 6.776569e-07
4465 6.047373e-05 6.764318e-07
4466 6.039808e-05 6.752088e-07
4467 6.032258e-05 6.739881e-07
4468 6.024724e-05 6.727696e-07
4469 6.017207e-05 6.715533e-07
4470 6.009705e-05 6.703392e-07
4471 6.002219e-05 6.691273e-07
4472 5.994749e-05 6.679176e-07
4473 5.987295e-05 6.667100e-07
4474 5.979857e-05 6.655047e-07
4475 5.972434e-05 6.643015e-07
4476 5.965027e-05 6.631005e-07
4477 5.957636e-05 6.619017e-07
4478 5.950260e-05 6.607050e-07
4479 5.942900e-05 6.595105e-07
4480 5.935556e-05 6.583182e-07
4481 5.928228e-05 6.571280e-07
4482 5.920914e-05 6.559400e-07
4483 5.913617e-05 6.547541e-07
4484 5.906335e-05 6.535704e-07
4485 5.899068e-05 6.523888e-07
4486 5.891817e-05 6.512093e-07
4487 5.884582e-05 6.500320e-07
4488 5.877361e-05 6.488568e-07
4489 5.870157e-05 6.476837e-07
4490 5.862967e-05 6.465128e-07
4491 5.855793e-05 6.453439e-07
4492 5.848634e-05 6.441772e-07
4493 5.841490e-05 6.430126e-07
4494 5.834362e-05 6.418501e-07
4495 5.827249e-05 6.406897e-07
4496 5.820150e-05 6.395314e-07
4497 5.813068e-05 6.383751e-07
4498 5.806000e-05 6.372210e-07
4499 5.798947e-05 6.360690e-07
4500 5.791910e-05 6.349190e-07
4501 5.784887e-05 6.337711e-07
4502 5.777879e-05 6.326253e-07
4503 5.770887e-05 6.314816e-07
4504 5.763909e-05 6.303400e-07
4505 5.756947e-05 6.292004e-07
4506 5.749999e-05 6.280628e-07
4507 5.743066e-05 6.269273e-07
4508 5.736148e-05 6.257939e-07
4509 5.729245e-05 6.246625e-07
4510 5.722357e-05 6.235332e-07
4511 5.715483e-05 6.224059e-07
4512 5.708624e-05 6.212807e-07
4513 5.701780e-05 6.201574e-07
4514 5.694951e-05 6.190362e-07
4515 5.688136e-05 6.179171e-07
4516 5.681336e-05 6.167999e-07
4517 5.674550e-05 6.156848e-07
4518 5.667779e-05 6.145717e-07
4519 5.661023e-05 6.134606e-07
4520 5.654281e-05 6.123516e-07
4521 5.647554e-05 6.112445e-07
4522 5.640841e-05 6.101394e-07
4523 5.634143e-05 6.090363e-07
4524 5.627459e-05 6.079352e-07
4525 5.620789e-05 6.068361e-07
4526 5.614134e-05 6.057390e-07
4527 5.607493e-05 6.046439e-07
4528 5.600867e-05 6.035508e-07
4529 5.594254e-05 6.024596e-07
4530 5.587656e-05 6.013704e-07
4531 5.581073e-05 6.002832e-07
4532 5.574503e-05 5.991979e-07
4533 5.567948e-05 5.981146e-07
4534 5.561407e-05 5.970333e-07
4535 5.554880e-05 5.959539e-07
4536 5.548367e-05 5.948765e-07
4537 5.541868e-05 5.938010e-07
4538 5.535384e-05 5.927275e-07
4539 5.528913e-05 5.916559e-07
4540 5.522457e-05 5.905862e-07
4541 5.516014e-05 5.895185e-07
4542 5.509585e-05 5.884527e-07
4543 5.503171e-05 5.873888e-07
4544 5.496770e-05 5.863269e-07
4545 5.490383e-05 5.852668e-07
4546 5.484010e-05 5.842087e-07
4547 5.477651e-05 5.831525e-07
4548 5.471305e-05 5.820982e-07
4549 5.464973e-05 5.810459e-07
4550 5.458656e-05 5.799954e-07
4551 5.452351e-05 5.789468e-07
4552 5.446061e-05 5.779001e-07
4553 5.439784e-05 5.768553e-07
4554 5.433521e-05 5.758124e-07
4555 5.427272e-05 5.747714e-07
4556 5.421036e-05 5.737323e-07
4557 5.414814e-05 5.726950e-07
4558 5.408605e-05 5.716596e-07
4559 5.402410e-05 5.706261e-07
4560 5.396228e-05 5.695945e-07
4561 5.390060e-05 5.685647e-07
4562 5.383905e-05 5.675368e-07
4563 5.377764e-05 5.665107e-07
4564 5.371636e-05 5.654865e-07
4565 5.365522e-05 5.644642e-07
4566 5.359421e-05 5.634437e-07
4567 5.353333e-05 5.624250e-07
4568 5.347258e-05 5.614082e-07
4569 5.341197e-05 5.603932e-07
4570 5.335149e-05 5.593801e-07
4571 5.329115e-05 5.583688e-07
4572 5.323093e-05 5.573593e-07
4573 5.317085e-05 5.563517e-07
4574 5.311090e-05 5.553458e-07
4575 5.305108e-05 5.543418e-07
4576 5.299139e-05 5.533396e-07
4577 5.293183e-05 5.523392e-07
4578 5.287241e-05 5.513406e-07
4579 5.281311e-05 5.503439e-07
4580 5.275394e-05 5.493489e-07
4581 5.269491e-05 5.483557e-07
4582 5.263600e-05 5.473643e-07
4583 5.257722e-05 5.463747e-07
4584 5.251858e-05 5.453870e-07
4585 5.246006e-05 5.444009e-07
4586 5.240167e-05 5.434167e-07
4587 5.234341e-05 5.424343e-07
4588 5.228527e-05 5.414536e-07
4589 5.222727e-05 5.404747e-07
4590 5.216939e-05 5.394976e-07
4591 5.211164e-05 5.385222e-07
4592 5.205402e-05 5.375486e-07
4593 5.199652e-05 5.365768e-07
4594 5.193915e-05 5.356067e-07
4595 5.188191e-05 5.346383e-07
4596 5.182480e-05 5.336718e-07
4597 5.176781e-05 5.327069e-07
4598 5.171094e-05 5.317438e-07
4599 5.165421e-05 5.307825e-07
4600 5.159759e-05 5.298229e-07
4601 5.154111e-05 5.288650e-07
4602 5.148474e-05 5.279089e-07
4603 5.142851e-05 5.269545e-07
4604 5.137239e-05 5.260018e-07
4605 5.131641e-05 5.250508e-07
4606 5.126054e-05 5.241016e-07
4607 5.120480e-05 5.231540e-07
4608 5.114918e-05 5.222082e-07
4609 5.109369e-05 5.212641e-07
4610 5.103832e-05 5.203217e-07
4611 5.098307e-05 5.193810e-07
4612 5.092795e-05 5.184420e-07
4613 5.087294e-05 5.175047e-07
4614 5.081806e-05 5.165691e-07
4615 5.076330e-05 5.156352e-07
4616 5.070867e-05 5.147030e-07
4617 5.065415e-05 5.137725e-07
4618 5.059976e-05 5.128436e-07
4619 5.054548e-05 5.119164e-07
4620 5.049133e-05 5.109909e-07
4621 5.043730e-05 5.100671e-07
4622 5.038339e-05 5.091449e-07
4623 5.032960e-05 5.082245e-07
4624 5.027593e-05 5.073056e-07
4625 5.022237e-05 5.063885e-07
4626 5.016894e-05 5.054730e-07
4627 5.011563e-05 5.045591e-07
4628 5.006243e-05 5.036469e-07
4629 5.000936e-05 5.027364e-07
4630 4.995640e-05 5.018275e-07
4631 4.990356e-05 5.009202e-07
4632 4.985084e-05 5.000146e-07
4633 4.979824e-05 4.991106e-07
4634 4.974576e-05 4.982082e-07
4635 4.969339e-05 4.973075e-07
4636 4.964114e-05 4.964084e-07
4637 4.958901e-05 4.955110e-07
4638 4.953699e-05 4.946151e-07
4639 4.948509e-05 4.937209e-07
4640 4.943331e-05 4.928283e-07
4641 4.938164e-05 4.919373e-07
4642 4.933009e-05 4.910479e-07
4643 4.927865e-05 4.901602e-07
4644 4.922733e-05 4.892740e-07
4645 4.917613e-05 4.883894e-07
4646 4.912504e-05 4.875065e-07
4647 4.907406e-05 4.866251e-07
4648 4.902320e-05 4.857453e-07
4649 4.897246e-05 4.848671e-07
4650 4.892182e-05 4.839905e-07
4651 4.887131e-05 4.831155e-07
4652 4.882090e-05 4.822421e-07
4653 4.877061e-05 4.813703e-07
4654 4.872043e-05 4.805000e-07
4655 4.867037e-05 4.796313e-07
4656 4.862042e-05 4.787641e-07
4657 4.857058e-05 4.778986e-07
4658 4.852085e-05 4.770346e-07
4659 4.847124e-05 4.761721e-07
4660 4.842173e-05 4.753113e-07
4661 4.837234e-05 4.744519e-07
4662 4.832306e-05 4.735942e-07
4663 4.827389e-05 4.727380e-07
4664 4.822484e-05 4.718833e-07
4665 4.817589e-05 4.710302e-07
4666 4.812706e-05 4.701786e-07
4667 4.807833e-05 4.693285e-07
4668 4.802972e-05 4.684800e-07
4669 4.798121e-05 4.676331e-07
4670 4.793282e-05 4.667876e-07
4671 4.788453e-05 4.659437e-07
4672 4.783636e-05 4.651013e-07
4673 4.778829e-05 4.642605e-07
4674 4.774033e-05 4.634211e-07
4675 4.769248e-05 4.625833e-07
4676 4.764474e-05 4.617470e-07
4677 4.759711e-05 4.609122e-07
4678 4.754959e-05 4.600789e-07
4679 4.750217e-05 4.592471e-07
4680 4.745486e-05 4.584168e-07
4681 4.740766e-05 4.575881e-07
4682 4.736057e-05 4.567608e-07
4683 4.731358e-05 4.559350e-07
4684 4.726670e-05 4.551107e-07
4685 4.721993e-05 4.542879e-07
4686 4.717327e-05 4.534666e-07
4687 4.712671e-05 4.526468e-07
4688 4.708025e-05 4.518284e-07
4689 4.703390e-05 4.510116e-07
4690 4.698766e-05 4.501962e-07
4691 4.694152e-05 4.493823e-07
4692 4.689549e-05 4.485698e-07
4693 4.684957e-05 4.477588e-07
4694 4.680375e-05 4.469493e-07
4695 4.675803e-05 4.461413e-07
4696 4.671242e-05 4.453347e-07
4697 4.666691e-05 4.445296e-07
4698 4.662150e-05 4.437259e-07
4699 4.657620e-05 4.429237e-07
4700 4.653101e-05 4.421229e-07
4701 4.648591e-05 4.413236e-07
4702 4.644092e-05 4.405257e-07
4703 4.639604e-05 4.397293e-07
4704 4.635125e-05 4.389343e-07
4705 4.630657e-05 4.381407e-07
4706 4.626199e-05 4.373486e-07
4707 4.621751e-05 4.365579e-07
4708 4.617314e-05 4.357687e-07
4709 4.612886e-05 4.349808e-07
4710 4.608469e-05 4.341944e-07
4711 4.604062e-05 4.334095e-07
4712 4.599665e-05 4.326259e-07
4713 4.595278e-05 4.318437e-07
4714 4.590902e-05 4.310630e-07
4715 4.586535e-05 4.302837e-07
4716 4.582178e-05 4.295058e-07
4717 4.577832e-05 4.287293e-07
4718 4.573495e-05 4.279541e-07
4719 4.569168e-05 4.271804e-07
4720 4.564852e-05 4.264081e-07
4721 4.560545e-05 4.256372e-07
4722 4.556248e-05 4.248677e-07
4723 4.551961e-05 4.240996e-07
4724 4.547684e-05 4.233329e-07
4725 4.543417e-05 4.225675e-07
4726 4.539160e-05 4.218035e-07
4727 4.534912e-05 4.210410e-07
4728 4.530675e-05 4.202798e-07
4729 4.526447e-05 4.195199e-07
4730 4.522229e-05 4.187615e-07
4731 4.518020e-05 4.180044e-07
4732 4.513822e-05 4.172487e-07
4733 4.509633e-05 4.164943e-07
4734 4.505453e-05 4.157413e-07
4735 4.501284e-05 4.149897e-07
4736 4.497124e-05 4.142394e-07
4737 4.492974e-05 4.134905e-07
4738 4.488833e-05 4.127430e-07
4739 4.484702e-05 4.119968e-07
4740 4.480580e-05 4.112519e-07
4741 4.476468e-05 4.105084e-07
4742 4.472366e-05 4.097662e-07
4743 4.468273e-05 4.090254e-07
4744 4.464189e-05 4.082859e-07
4745 4.460115e-05 4.075478e-07
4746 4.456051e-05 4.068110e-07
4747 4.451996e-05 4.060755e-07
4748 4.447950e-05 4.053414e-07
4749 4.443914e-05 4.046085e-07
4750 4.439887e-05 4.038770e-07
4751 4.435870e-05 4.031469e-07
4752 4.431862e-05 4.024180e-07
4753 4.427863e-05 4.016905e-07
4754 4.423873e-05 4.009643e-07
4755 4.419893e-05 4.002393e-07
4756 4.415922e-05 3.995157e-07
4757 4.411960e-05 3.987935e-07
4758 4.408008e-05 3.980725e-07
4759 4.404065e-05 3.973528e-07
4760 4.400131e-05 3.966344e-07
4761 4.396206e-05 3.959173e-07
4762 4.392290e-05 3.952015e-07
4763 4.388384e-05 3.944871e-07
4764 4.384486e-05 3.937739e-07
4765 4.380598e-05 3.930619e-07
4766 4.376719e-05 3.923513e-07
4767 4.372848e-05 3.916420e-07
4768 4.368987e-05 3.909339e-07
4769 4.365135e-05 3.902272e-07
4770 4.361292e-05 3.895217e-07
4771 4.357458e-05 3.888174e-07
4772 4.353633e-05 3.881145e-07
4773 4.349817e-05 3.874128e-07
4774 4.346009e-05 3.867124e-07
4775 4.342211e-05 3.860133e-07
4776 4.338422e-05 3.853154e-07
4777 4.334641e-05 3.846188e-07
4778 4.330870e-05 3.839234e-07
4779 4.327107e-05 3.832293e-07
4780 4.323353e-05 3.825365e-07
4781 4.319608e-05 3.818449e-07
4782 4.315871e-05 3.811545e-07
4783 4.312144e-05 3.804654e-07
4784 4.308425e-05 3.797776e-07
4785 4.304715e-05 3.790910e-07
4786 4.301013e-05 3.784056e-07
4787 4.297321e-05 3.777215e-07
4788 4.293637e-05 3.770386e-07
4789 4.289961e-05 3.763569e-07
4790 4.286295e-05 3.756765e-07
4791 4.282637e-05 3.749973e-07
4792 4.278987e-05 3.743194e-07
4793 4.275346e-05 3.736426e-07
4794 4.271714e-05 3.729671e-07
4795 4.268091e-05 3.722928e-07
4796 4.264475e-05 3.716198e-07
4797 4.260869e-05 3.709479e-07
4798 4.257271e-05 3.702773e-07
4799 4.253681e-05 3.696078e-07
4800 4.250100e-05 3.689396e-07
4801 4.246527e-05 3.682726e-07
4802 4.242963e-05 3.676068e-07
4803 4.239407e-05 3.669422e-07
4804 4.235860e-05 3.662788e-07
4805 4.232321e-05 3.656166e-07
4806 4.228790e-05 3.649556e-07
4807 4.225268e-05 3.642958e-07
4808 4.221754e-05 3.636372e-07
4809 4.218248e-05 3.629797e-07
4810 4.214751e-05 3.623235e-07
4811 4.211262e-05 3.616685e-07
4812 4.207781e-05 3.610146e-07
4813 4.204309e-05 3.603619e-07
4814 4.200844e-05 3.597104e-07
4815 4.197388e-05 3.590601e-07
4816 4.193940e-05 3.584109e-07
4817 4.190501e-05 3.577629e-07
4818 4.187069e-05 3.571161e-07
4819 4.183646e-05 3.564705e-07
4820 4.180231e-05 3.558260e-07
4821 4.176823e-05 3.551827e-07
4822 4.173424e-05 3.545406e-07
4823 4.170033e-05 3.538996e-07
4824 4.166650e-05 3.532598e-07
4825 4.163276e-05 3.526211e-07
4826 4.159909e-05 3.519836e-07
4827 4.156550e-05 3.513473e-07
4828 4.153199e-05 3.507121e-07
4829 4.149856e-05 3.500780e-07
4830 4.146521e-05 3.494451e-07
4831 4.143194e-05 3.488133e-07
4832 4.139875e-05 3.481827e-07
4833 4.136564e-05 3.475532e-07
4834 4.133261e-05 3.469249e-07
4835 4.129966e-05 3.462977e-07
4836 4.126678e-05 3.456716e-07
4837 4.123399e-05 3.450466e-07
4838 4.120127e-05 3.444228e-07
4839 4.116863e-05 3.438001e-07
4840 4.113607e-05 3.431786e-07
4841 4.110358e-05 3.425581e-07
4842 4.107118e-05 3.419388e-07
4843 4.103885e-05 3.413206e-07
4844 4.100660e-05 3.407036e-07
4845 4.097442e-05 3.400876e-07
4846 4.094232e-05 3.394727e-07
4847 4.091030e-05 3.388590e-07
4848 4.087836e-05 3.382464e-07
4849 4.084649e-05 3.376349e-07
4850 4.081470e-05 3.370244e-07
4851 4.078298e-05 3.364151e-07
4852 4.075135e-05 3.358069e-07
4853 4.071978e-05 3.351998e-07
4854 4.068829e-05 3.345938e-07
4855 4.065688e-05 3.339889e-07
4856 4.062555e-05 3.333851e-07
4857 4.059428e-05 3.327823e-07
4858 4.056310e-05 3.321807e-07
4859 4.053199e-05 3.315801e-07
4860 4.050095e-05 3.309807e-07
4861 4.046999e-05 3.303823e-07
4862 4.043910e-05 3.297850e-07
4863 4.040828e-05 3.291887e-07
4864 4.037754e-05 3.285936e-07
4865 4.034688e-05 3.279995e-07
4866 4.031629e-05 3.274065e-07
4867 4.028577e-05 3.268146e-07
4868 4.025532e-05 3.262238e-07
4869 4.022495e-05 3.256340e-07
4870 4.019465e-05 3.250453e-07
4871 4.016443e-05 3.244576e-07
4872 4.013427e-05 3.238710e-07
4873 4.010419e-05 3.232855e-07
4874 4.007419e-05 3.227010e-07
4875 4.004425e-05 3.221176e-07
4876 4.001439e-05 3.215352e-07
4877 3.998460e-05 3.209539e-07
4878 3.995488e-05 3.203737e-07
4879 3.992523e-05 3.197945e-07
4880 3.989566e-05 3.192163e-07
4881 3.986615e-05 3.186392e-07
4882 3.983672e-05 3.180631e-07
4883 3.980736e-05 3.174881e-07
4884 3.977806e-05 3.169141e-07
4885 3.974884e-05 3.163411e-07
4886 3.971969e-05 3.157692e-07
4887 3.969062e-05 3.151983e-07
4888 3.966161e-05 3.146285e-07
4889 3.963267e-05 3.140597e-07
4890 3.960380e-05 3.134919e-07
4891 3.957500e-05 3.129251e-07
4892 3.954627e-05 3.123594e-07
4893 3.951761e-05 3.117946e-07
4894 3.948902e-05 3.112309e-07
4895 3.946050e-05 3.106683e-07
4896 3.943205e-05 3.101066e-07
4897 3.940367e-05 3.095460e-07
4898 3.937535e-05 3.089863e-07
4899 3.934711e-05 3.084277e-07
4900 3.931893e-05 3.078701e-07
4901 3.929083e-05 3.073135e-07
4902 3.926279e-05 3.067579e-07
4903 3.923481e-05 3.062033e-07
4904 3.920691e-05 3.056497e-07
4905 3.917907e-05 3.050971e-07
4906 3.915131e-05 3.045455e-07
4907 3.912360e-05 3.039949e-07
4908 3.909597e-05 3.034453e-07
4909 3.906840e-05 3.028967e-07
4910 3.904090e-05 3.023491e-07
4911 3.901347e-05 3.018025e-07
4912 3.898611e-05 3.012569e-07
4913 3.895881e-05 3.007122e-07
4914 3.893157e-05 3.001686e-07
4915 3.890441e-05 2.996259e-07
4916 3.887731e-05 2.990842e-07
4917 3.885027e-05 2.985435e-07
4918 3.882331e-05 2.980037e-07
4919 3.879640e-05 2.974650e-07
4920 3.876957e-05 2.969272e-07
4921 3.874279e-05 2.963903e-07
4922 3.871609e-05 2.958545e-07
4923 3.868945e-05 2.953196e-07
4924 3.866287e-05 2.947857e-07
4925 3.863636e-05 2.942528e-07
4926 3.860991e-05 2.937208e-07
4927 3.858353e-05 2.931897e-07
4928 3.855721e-05 2.926597e-07
4929 3.853096e-05 2.921306e-07
4930 3.850477e-05 2.916024e-07
4931 3.847865e-05 2.910752e-07
4932 3.845259e-05 2.905490e-07
4933 3.842659e-05 2.900237e-07
4934 3.840065e-05 2.894994e-07
4935 3.837478e-05 2.889760e-07
4936 3.834898e-05 2.884535e-07
4937 3.832323e-05 2.879320e-07
4938 3.829755e-05 2.874115e-07
4939 3.827193e-05 2.868919e-07
4940 3.824638e-05 2.863732e-07
4941 3.822089e-05 2.858555e-07
4942 3.819546e-05 2.853387e-07
4943 3.817009e-05 2.848228e-07
4944 3.814478e-05 2.843078e-07
4945 3.811954e-05 2.837938e-07
4946 3.809436e-05 2.832808e-07
4947 3.806924e-05 2.827686e-07
4948 3.804418e-05 2.822574e-07
4949 3.801918e-05 2.817471e-07
4950 3.799425e-05 2.812377e-07
4951 3.796937e-05 2.807293e-07
4952 3.794456e-05 2.802217e-07
4953 3.791981e-05 2.797151e-07
4954 3.789511e-05 2.792094e-07
4955 3.787048e-05 2.787046e-07
4956 3.784591e-05 2.782008e-07
4957 3.782140e-05 2.776978e-07
4958 3.779695e-05 2.771957e-07
4959 3.777256e-05 2.766946e-07
4960 3.774823e-05 2.761944e-07
4961 3.772396e-05 2.756950e-07
4962 3.769975e-05 2.751966e-07
4963 3.767560e-05 2.746991e-07
4964 3.765151e-05 2.742024e-07
4965 3.762748e-05 2.737067e-07
4966 3.760351e-05 2.732118e-07
4967 3.757959e-05 2.727179e-07
4968 3.755574e-05 2.722249e-07
4969 3.753194e-05 2.717327e-07
4970 3.750821e-05 2.712414e-07
4971 3.748453e-05 2.707510e-07
4972 3.746091e-05 2.702615e-07
4973 3.743735e-05 2.697729e-07
4974 3.741384e-05 2.692852e-07
4975 3.739040e-05 2.687984e-07
4976 3.736701e-05 2.683124e-07
4977 3.734368e-05 2.678273e-07
4978 3.732040e-05 2.673431e-07
4979 3.729719e-05 2.668598e-07
4980 3.727403e-05 2.663773e-07
4981 3.725093e-05 2.658957e-07
4982 3.722789e-05 2.654150e-07
4983 3.720490e-05 2.649352e-07
4984 3.718197e-05 2.644562e-07
4985 3.715910e-05 2.639781e-07
4986 3.713628e-05 2.635008e-07
4987 3.711352e-05 2.630244e-07
4988 3.709081e-05 2.625489e-07
4989 3.706817e-05 2.620742e-07
4990 3.704557e-05 2.616004e-07
4991 3.702304e-05 2.611275e-07
4992 3.700056e-05 2.606554e-07
4993 3.697813e-05 2.601841e-07
4994 3.695576e-05 2.597137e-07
4995 3.693345e-05 2.592442e-07
4996 3.691119e-05 2.587755e-07
4997 3.688899e-05 2.583077e-07
4998 3.686684e-05 2.578407e-07
4999 3.684475e-05 2.573745e-07
5000 3.682271e-05 2.569092e-07
5001 3.680072e-05 2.564447e-07
5002 3.677879e-05 2.559811e-07
5003 3.675692e-05 2.555183e-07
5004 3.673510e-05 2.550564e-07
5005 3.671333e-05 2.545952e-07
5006 3.669162e-05 2.541349e-07
5007 3.666996e-05 2.536755e-07
5008 3.664835e-05 2.532169e-07
5009 3.662680e-05 2.527591e-07
5010 3.660530e-05 2.523021e-07
5011 3.658386e-05 2.518460e-07
5012 3.656247e-05 2.513906e-07
5013 3.654113e-05 2.509362e-07
5014 3.651984e-05 2.504825e-07
5015 3.649861e-05 2.500296e-07
5016 3.647743e-05 2.495776e-07
5017 3.645631e-05 2.491264e-07
5018 3.643523e-05 2.486760e-07
5019 3.641421e-05 2.482264e-07
5020 3.639324e-05 2.477776e-07
5021 3.637232e-05 2.473297e-07
5022 3.635146e-05 2.468825e-07
5023 3.633064e-05 2.464362e-07
5024 3.630988e-05 2.459906e-07
5025 3.628917e-05 2.455459e-07
5026 3.626851e-05 2.451020e-07
5027 3.624790e-05 2.446589e-07
5028 3.622735e-05 2.442165e-07
5029 3.620684e-05 2.437750e-07
5030 3.618639e-05 2.433343e-07
5031 3.616599e-05 2.428944e-07
5032 3.614564e-05 2.424552e-07
5033 3.612533e-05 2.420169e-07
5034 3.610508e-05 2.415793e-07
5035 3.608488e-05 2.411426e-07
5036 3.606473e-05 2.407066e-07
5037 3.604463e-05 2.402714e-07
5038 3.602459e-05 2.398371e-07
5039 3.600459e-05 2.394034e-07
5040 3.598464e-05 2.389706e-07
5041 3.596474e-05 2.385386e-07
5042 3.594489e-05 2.381073e-07
5043 3.592509e-05 2.376768e-07
5044 3.590534e-05 2.372471e-07
5045 3.588563e-05 2.368182e-07
5046 3.586598e-05 2.363901e-07
5047 3.584638e-05 2.359627e-07
5048 3.582682e-05 2.355361e-07
5049 3.580732e-05 2.351103e-07
5050 3.578786e-05 2.346852e-07
5051 3.576845e-05 2.342609e-07
5052 3.574909e-05 2.338374e-07
5053 3.572978e-05 2.334146e-07
5054 3.571052e-05 2.329926e-07
5055 3.569130e-05 2.325714e-07
5056 3.567214e-05 2.321509e-07
5057 3.565302e-05 2.317312e-07
5058 3.563395e-05 2.313123e-07
5059 3.561492e-05 2.308941e-07
5060 3.559595e-05 2.304767e-07
5061 3.557702e-05 2.300600e-07
5062 3.555814e-05 2.296440e-07
5063 3.553930e-05 2.292289e-07
5064 3.552052e-05 2.288144e-07
5065 3.550178e-05 2.284008e-07
5066 3.548308e-05 2.279878e-07
5067 3.546444e-05 2.275757e-07
5068 3.544584e-05 2.271642e-07
5069 3.542729e-05 2.267535e-07
5070 3.540878e-05 2.263436e-07
5071 3.539032e-05 2.259344e-07
5072 3.537191e-05 2.255259e-07
5073 3.535354e-05 2.251182e-07
5074 3.533522e-05 2.247112e-07
5075 3.531694e-05 2.243049e-07
5076 3.529871e-05 2.238994e-07
5077 3.528053e-05 2.234946e-07
5078 3.526239e-05 2.230905e-07
5079 3.524430e-05 2.226872e-07
5080 3.522625e-05 2.222846e-07
5081 3.520825e-05 2.218827e-07
5082 3.519029e-05 2.214816e-07
5083 3.517238e-05 2.210812e-07
5084 3.515451e-05 2.206815e-07
5085 3.513669e-05 2.202825e-07
5086 3.511891e-05 2.198842e-07
5087 3.510118e-05 2.194867e-07
5088 3.508349e-05 2.190899e-07
5089 3.506585e-05 2.186938e-07
5090 3.504825e-05 2.182984e-07
5091 3.503069e-05 2.179038e-07
5092 3.501318e-05 2.175098e-07
5093 3.499572e-05 2.171166e-07
5094 3.497829e-05 2.167240e-07
5095 3.496091e-05 2.163322e-07
5096 3.494358e-05 2.159411e-07
5097 3.492628e-05 2.155507e-07
5098 3.490904e-05 2.151610e-07
5099 3.489183e-05 2.147720e-07
5100 3.487467e-05 2.143837e-07
5101 3.485755e-05 2.139961e-07
5102 3.484047e-05 2.136092e-07
5103 3.482344e-05 2.132231e-07
5104 3.480645e-05 2.128376e-07
5105 3.478950e-05 2.124528e-07
5106 3.477260e-05 2.120687e-07
5107 3.475573e-05 2.116853e-07
5108 3.473891e-05 2.113026e-07
5109 3.472214e-05 2.109205e-07
5110 3.470540e-05 2.105392e-07
5111 3.468871e-05 2.101586e-07
5112 3.467206e-05 2.097786e-07
5113 3.465545e-05 2.093994e-07
5114 3.463888e-05 2.090208e-07
5115 3.462235e-05 2.086429e-07
5116 3.460587e-05 2.082657e-07
5117 3.458943e-05 2.078892e-07
5118 3.457302e-05 2.075133e-07
5119 3.455666e-05 2.071382e-07
5120 3.454035e-05 2.067637e-07
5121 3.452407e-05 2.063899e-07
5122 3.450783e-05 2.060167e-07
5123 3.449164e-05 2.056443e-07
5124 3.447548e-05 2.052725e-07
5125 3.445937e-05 2.049014e-07
5126 3.444329e-05 2.045309e-07
5127 3.442726e-05 2.041611e-07
5128 3.441127e-05 2.037920e-07
5129 3.439531e-05 2.034236e-07
5130 3.437940e-05 2.030558e-07
5131 3.436353e-05 2.026887e-07
5132 3.434770e-05 2.023223e-07
5133 3.433190e-05 2.019565e-07
5134 3.431615e-05 2.015914e-07
5135 3.430044e-05 2.012269e-07
5136 3.428477e-05 2.008631e-07
5137 3.426913e-05 2.005000e-07
5138 3.425354e-05 2.001375e-07
5139 3.423798e-05 1.997756e-07
5140 3.422247e-05 1.994145e-07
5141 3.420699e-05 1.990539e-07
5142 3.419155e-05 1.986941e-07
5143 3.417616e-05 1.983348e-07
5144 3.416080e-05 1.979763e-07
5145 3.414548e-05 1.976183e-07
5146 3.413019e-05 1.972611e-07
5147 3.411495e-05 1.969044e-07
5148 3.409975e-05 1.965484e-07
5149 3.408458e-05 1.961931e-07
5150 3.406945e-05 1.958384e-07
5151 3.405436e-05 1.954843e-07
5152 3.403931e-05 1.951309e-07
5153 3.402429e-05 1.947781e-07
5154 3.400932e-05 1.944260e-07
5155 3.399438e-05 1.940745e-07
5156 3.397948e-05 1.937236e-07
5157 3.396462e-05 1.933734e-07
5158 3.394979e-05 1.930238e-07
5159 3.393500e-05 1.926748e-07
5160 3.392025e-05 1.923265e-07
5161 3.390554e-05 1.919788e-07
5162 3.389086e-05 1.916317e-07
5163 3.387622e-05 1.912852e-07
5164 3.386162e-05 1.909394e-07
5165 3.384706e-05 1.905942e-07
5166 3.383253e-05 1.902496e-07
5167 3.381804e-05 1.899057e-07
5168 3.380358e-05 1.895623e-07
5169 3.378916e-05 1.892196e-07
5170 3.377478e-05 1.888775e-07
5171 3.376044e-05 1.885360e-07
5172 3.374613e-05 1.881952e-07
5173 3.373185e-05 1.878549e-07
5174 3.371762e-05 1.875153e-07
5175 3.370342e-05 1.871763e-07
5176 3.368925e-05 1.868379e-07
5177 3.367512e-05 1.865001e-07
5178 3.366103e-05 1.861629e-07
5179 3.364697e-05 1.858264e-07
5180 3.363295e-05 1.854904e-07
5181 3.361896e-05 1.851551e-07
5182 3.360501e-05 1.848203e-07
5183 3.359109e-05 1.844862e-07
5184 3.357721e-05 1.841526e-07
5185 3.356337e-05 1.838197e-07
5186 3.354955e-05 1.834874e-07
5187 3.353578e-05 1.831557e-07
5188 3.352204e-05 1.828245e-07
5189 3.350833e-05 1.824940e-07
5190 3.349466e-05 1.821641e-07
5191 3.348102e-05 1.818347e-07
5192 3.346742e-05 1.815060e-07
5193 3.345385e-05 1.811778e-07
5194 3.344032e-05 1.808503e-07
5195 3.342682e-05 1.805233e-07
5196 3.341335e-05 1.801969e-07
5197 3.339992e-05 1.798712e-07
5198 3.338652e-05 1.795460e-07
5199 3.337316e-05 1.792214e-07
5200 3.335983e-05 1.788973e-07
5201 3.334654e-05 1.785739e-07
5202 3.333327e-05 1.782511e-07
5203 3.332004e-05 1.779288e-07
5204 3.330685e-05 1.776071e-07
5205 3.329369e-05 1.772860e-07
5206 3.328056e-05 1.769655e-07
5207 3.326746e-05 1.766456e-07
5208 3.325440e-05 1.763262e-07
5209 3.324137e-05 1.760074e-07
5210 3.322838e-05 1.756892e-07
5211 3.321541e-05 1.753716e-07
5212 3.320248e-05 1.750545e-07
5213 3.318959e-05 1.747380e-07
5214 3.317672e-05 1.744221e-07
5215 3.316389e-05 1.741068e-07
5216 3.315109e-05 1.737920e-07
5217 3.313832e-05 1.734778e-07
5218 3.312559e-05 1.731642e-07
5219 3.311288e-05 1.728511e-07
5220 3.310021e-05 1.725386e-07
5221 3.308757e-05 1.722267e-07
5222 3.307497e-05 1.719153e-07
5223 3.306239e-05 1.716045e-07
5224 3.304985e-05 1.712943e-07
5225 3.303734e-05 1.709846e-07
5226 3.302486e-05 1.706754e-07
5227 3.301241e-05 1.703669e-07
5228 3.300000e-05 1.700589e-07
5229 3.298761e-05 1.697514e-07
5230 3.297526e-05 1.694445e-07
5231 3.296294e-05 1.691382e-07
5232 3.295065e-05 1.688324e-07
5233 3.293839e-05 1.685272e-07
5234 3.292616e-05 1.682225e-07
5235 3.291396e-05 1.679183e-07
5236 3.290179e-05 1.676148e-07
5237 3.288966e-05 1.673117e-07
5238 3.287755e-05 1.670092e-07
5239 3.286548e-05 1.667073e-07
5240 3.285343e-05 1.664059e-07
5241 3.284142e-05 1.661051e-07
5242 3.282944e-05 1.658048e-07
5243 3.281748e-05 1.655050e-07
5244 3.280556e-05 1.652058e-07
5245 3.279367e-05 1.649071e-07
5246 3.278181e-05 1.646090e-07
5247 3.276998e-05 1.643114e-07
5248 3.275817e-05 1.640143e-07
5249 3.274640e-05 1.637178e-07
5250 3.273466e-05 1.634218e-07
5251 3.272295e-05 1.631263e-07
5252 3.271126e-05 1.628314e-07
5253 3.269961e-05 1.625370e-07
5254 3.268799e-05 1.622432e-07
5255 3.267639e-05 1.619499e-07
5256 3.266483e-05 1.616571e-07
5257 3.265329e-05 1.613648e-07
5258 3.264178e-05 1.610731e-07
5259 3.263031e-05 1.607819e-07
5260 3.261886e-05 1.604912e-07
5261 3.260744e-05 1.602010e-07
5262 3.259605e-05 1.599114e-07
5263 3.258469e-05 1.596223e-07
5264 3.257336e-05 1.593337e-07
5265 3.256205e-05 1.590456e-07
5266 3.255078e-05 1.587581e-07
5267 3.253953e-05 1.584711e-07
5268 3.252831e-05 1.581846e-07
5269 3.251712e-05 1.578986e-07
5270 3.250596e-05 1.576131e-07
5271 3.249483e-05 1.573282e-07
5272 3.248372e-05 1.570437e-07
5273 3.247264e-05 1.567598e-07
5274 3.246159e-05 1.564764e-07
5275 3.245057e-05 1.561935e-07
5276 3.243958e-05 1.559111e-07
5277 3.242862e-05 1.556292e-07
5278 3.241768e-05 1.553479e-07
5279 3.240677e-05 1.550670e-07
5280 3.239589e-05 1.547867e-07
5281 3.238503e-05 1.545068e-07
5282 3.237420e-05 1.542275e-07
5283 3.236341e-05 1.539487e-07
5284 3.235263e-05 1.536703e-07
5285 3.234189e-05 1.533925e-07
5286 3.233117e-05 1.531152e-07
5287 3.232048e-05 1.528384e-07
5288 3.230982e-05 1.525621e-07
5289 3.229918e-05 1.522862e-07
5290 3.228857e-05 1.520109e-07
5291 3.227799e-05 1.517361e-07
5292 3.226743e-05 1.514618e-07
5293 3.225690e-05 1.511879e-07
5294 3.224640e-05 1.509146e-07
5295 3.223592e-05 1.506418e-07
5296 3.222547e-05 1.503694e-07
5297 3.221505e-05 1.500976e-07
5298 3.220465e-05 1.498262e-07
5299 3.219428e-05 1.495553e-07
5300 3.218394e-05 1.492849e-07
5301 3.217362e-05 1.490150e-07
5302 3.216333e-05 1.487456e-07
5303 3.215306e-05 1.484767e-07
5304 3.214282e-05 1.482083e-07
5305 3.213261e-05 1.479403e-07
5306 3.212242e-05 1.476729e-07
5307 3.211226e-05 1.474059e-07
5308 3.210212e-05 1.471394e-07
5309 3.209201e-05 1.468734e-07
5310 3.208192e-05 1.466078e-07
5311 3.207186e-05 1.463428e-07
5312 3.206183e-05 1.460782e-07
5313 3.205182e-05 1.458141e-07
5314 3.204184e-05 1.455505e-07
5315 3.203188e-05 1.452873e-07
5316 3.202195e-05 1.450247e-07
5317 3.201204e-05 1.447625e-07
5318 3.200215e-05 1.445008e-07
5319 3.199230e-05 1.442395e-07
5320 3.198246e-05 1.439788e-07
5321 3.197265e-05 1.437185e-07
5322 3.196287e-05 1.434586e-07
5323 3.195311e-05 1.431993e-07
5324 3.194338e-05 1.429404e-07
5325 3.193367e-05 1.426819e-07
5326 3.192398e-05 1.424240e-07
5327 3.191432e-05 1.421665e-07
5328 3.190469e-05 1.419095e-07
5329 3.189508e-05 1.416529e-07
5330 3.188549e-05 1.413968e-07
5331 3.187592e-05 1.411412e-07
5332 3.186639e-05 1.408860e-07
5333 3.185687e-05 1.406313e-07
5334 3.184738e-05 1.403770e-07
5335 3.183791e-05 1.401233e-07
5336 3.182847e-05 1.398699e-07
5337 3.181905e-05 1.396171e-07
5338 3.180966e-05 1.393646e-07
5339 3.180028e-05 1.391127e-07
5340 3.179094e-05 1.388612e-07
5341 3.178161e-05 1.386101e-07
5342 3.177231e-05 1.383595e-07
5343 3.176303e-05 1.381094e-07
5344 3.175378e-05 1.378597e-07
5345 3.174455e-05 1.376105e-07
5346 3.173534e-05 1.373617e-07
5347 3.172616e-05 1.371133e-07
5348 3.171700e-05 1.368654e-07
5349 3.170786e-05 1.366180e-07
5350 3.169875e-05 1.363710e-07
5351 3.168965e-05 1.361245e-07
5352 3.168059e-05 1.358784e-07
5353 3.167154e-05 1.356327e-07
5354 3.166252e-05 1.353875e-07
5355 3.165352e-05 1.351427e-07
5356 3.164454e-05 1.348984e-07
5357 3.163559e-05 1.346545e-07
5358 3.162665e-05 1.344111e-07
5359 3.161774e-05 1.341681e-07
5360 3.160886e-05 1.339255e-07
5361 3.159999e-05 1.336834e-07
5362 3.159115e-05 1.334417e-07
5363 3.158233e-05 1.332004e-07
5364 3.157353e-05 1.329596e-07
5365 3.156476e-05 1.327192e-07
5366 3.155600e-05 1.324793e-07
5367 3.154727e-05 1.322398e-07
5368 3.153856e-05 1.320007e-07
5369 3.152987e-05 1.317620e-07
5370 3.152121e-05 1.315238e-07
5371 3.151257e-05 1.312860e-07
5372 3.150394e-05 1.310487e-07
5373 3.149534e-05 1.308118e-07
5374 3.148677e-05 1.305753e-07
5375 3.147821e-05 1.303392e-07
5376 3.146967e-05 1.301036e-07
5377 3.146116e-05 1.298683e-07
5378 3.145267e-05 1.296335e-07
5379 3.144420e-05 1.293992e-07
5380 3.143575e-05 1.291652e-07
5381 3.142732e-05 1.289317e-07
5382 3.141891e-05 1.286986e-07
5383 3.141053e-05 1.284659e-07
5384 3.140216e-05 1.282337e-07
5385 3.139382e-05 1.280019e-07
5386 3.138549e-05 1.277704e-07
5387 3.137719e-05 1.275394e-07
5388 3.136891e-05 1.273089e-07
5389 3.136065e-05 1.270787e-07
5390 3.135241e-05 1.268489e-07
5391 3.134419e-05 1.266196e-07
5392 3.133600e-05 1.263907e-07
5393 3.132782e-05 1.261622e-07
5394 3.131966e-05 1.259341e-07
5395 3.131153e-05 1.257064e-07
5396 3.130341e-05 1.254792e-07
5397 3.129531e-05 1.252523e-07
5398 3.128724e-05 1.250259e-07
5399 3.127919e-05 1.247998e-07
5400 3.127115e-05 1.245742e-07
5401 3.126314e-05 1.243490e-07
5402 3.125514e-05 1.241242e-07
5403 3.124717e-05 1.238997e-07
5404 3.123922e-05 1.236757e-07
5405 3.123128e-05 1.234522e-07
5406 3.122337e-05 1.232290e-07
5407 3.121547e-05 1.230062e-07
5408 3.120760e-05 1.227838e-07
5409 3.119975e-05 1.225618e-07
5410 3.119191e-05 1.223402e-07
5411 3.118410e-05 1.221190e-07
5412 3.117630e-05 1.218983e-07
5413 3.116852e-05 1.216779e-07
5414 3.116077e-05 1.214579e-07
5415 3.115303e-05 1.212383e-07
5416 3.114531e-05 1.210191e-07
5417 3.113762e-05 1.208003e-07
5418 3.112994e-05 1.205819e-07
5419 3.112228e-05 1.203639e-07
5420 3.111464e-05 1.201463e-07
5421 3.110702e-05 1.199291e-07
5422 3.109942e-05 1.197123e-07
5423 3.109183e-05 1.194959e-07
5424 3.108427e-05 1.192798e-07
5425 3.107672e-05 1.190642e-07
5426 3.106920e-05 1.188489e-07
5427 3.106169e-05 1.186340e-07
5428 3.105420e-05 1.184196e-07
5429 3.104673e-05 1.182055e-07
5430 3.103928e-05 1.179918e-07
5431 3.103185e-05 1.177784e-07
5432 3.102444e-05 1.175655e-07
5433 3.101704e-05 1.173530e-07
5434 3.100967e-05 1.171408e-07
5435 3.100231e-05 1.169290e-07
5436 3.099497e-05 1.167176e-07
5437 3.098765e-05 1.165066e-07
5438 3.098035e-05 1.162960e-07
5439 3.097306e-05 1.160857e-07
5440 3.096580e-05 1.158758e-07
5441 3.095855e-05 1.156663e-07
5442 3.095132e-05 1.154572e-07
5443 3.094411e-05 1.152485e-07
5444 3.093691e-05 1.150401e-07
5445 3.092974e-05 1.148321e-07
5446 3.092258e-05 1.146245e-07
5447 3.091544e-05 1.144173e-07
5448 3.090832e-05 1.142105e-07
5449 3.090121e-05 1.140040e-07
5450 3.089413e-05 1.137979e-07
5451 3.088706e-05 1.135921e-07
5452 3.088001e-05 1.133868e-07
5453 3.087298e-05 1.131818e-07
5454 3.086596e-05 1.129771e-07
5455 3.085896e-05 1.127729e-07
5456 3.085198e-05 1.125690e-07
5457 3.084502e-05 1.123655e-07
5458 3.083807e-05 1.121623e-07
5459 3.083114e-05 1.119596e-07
5460 3.082423e-05 1.117571e-07
5461 3.081734e-05 1.115551e-07
5462 3.081046e-05 1.113534e-07
5463 3.080360e-05 1.111521e-07
5464 3.079676e-05 1.109511e-07
5465 3.078994e-05 1.107506e-07
5466 3.078313e-05 1.105503e-07
5467 3.077634e-05 1.103505e-07
5468 3.076956e-05 1.101510e-07
5469 3.076280e-05 1.099518e-07
5470 3.075606e-05 1.097530e-07
5471 3.074934e-05 1.095546e-07
5472 3.074263e-05 1.093565e-07
5473 3.073594e-05 1.091588e-07
5474 3.072927e-05 1.089615e-07
5475 3.072261e-05 1.087645e-07
5476 3.071597e-05 1.085678e-07
5477 3.070935e-05 1.083716e-07
5478 3.070274e-05 1.081756e-07
5479 3.069615e-05 1.079801e-07
5480 3.068958e-05 1.077848e-07
5481 3.068302e-05 1.075900e-07
5482 3.067648e-05 1.073955e-07
5483 3.066995e-05 1.072013e-07
5484 3.066344e-05 1.070075e-07
5485 3.065695e-05 1.068140e-07
5486 3.065047e-05 1.066209e-07
5487 3.064401e-05 1.064282e-07
5488 3.063757e-05 1.062357e-07
5489 3.063114e-05 1.060437e-07
5490 3.062473e-05 1.058520e-07
5491 3.061833e-05 1.056606e-07
5492 3.061195e-05 1.054696e-07
5493 3.060559e-05 1.052789e-07
5494 3.059924e-05 1.050885e-07
5495 3.059290e-05 1.048986e-07
5496 3.058659e-05 1.047089e-07
5497 3.058029e-05 1.045196e-07
5498 3.057400e-05 1.043306e-07
5499 3.056773e-05 1.041420e-07
5500 3.056148e-05 1.039537e-07
5501 3.055524e-05 1.037658e-07
5502 3.054901e-05 1.035782e-07
5503 3.054280e-05 1.033909e-07
5504 3.053661e-05 1.032040e-07
5505 3.053043e-05 1.030174e-07
5506 3.052427e-05 1.028312e-07
5507 3.051813e-05 1.026453e-07
5508 3.051199e-05 1.024597e-07
5509 3.050588e-05 1.022745e-07
5510 3.049978e-05 1.020896e-07
5511 3.049369e-05 1.019050e-07
5512 3.048762e-05 1.017208e-07
5513 3.048156e-05 1.015368e-07
5514 3.047552e-05 1.013533e-07
5515 3.046950e-05 1.011700e-07
5516 3.046349e-05 1.009871e-07
5517 3.045749e-05 1.008046e-07
5518 3.045151e-05 1.006223e-07
5519 3.044554e-05 1.004404e-07
5520 3.043959e-05 1.002588e-07
5521 3.043366e-05 1.000775e-07
5522 3.042773e-05 9.989661e-08
5523 3.042183e-05 9.971601e-08
5524 3.041593e-05 9.953573e-08
5525 3.041005e-05 9.935578e-08
5526 3.040419e-05 9.917615e-08
5527 3.039834e-05 9.899685e-08
5528 3.039251e-05 9.881787e-08
5529 3.038669e-05 9.863921e-08
5530 3.038088e-05 9.846088e-08
5531 3.037509e-05 9.828287e-08
5532 3.036931e-05 9.810519e-08
5533 3.036355e-05 9.792782e-08
5534 3.035780e-05 9.775077e-08
5535 3.035207e-05 9.757405e-08
5536 3.034635e-05 9.739764e-08
5537 3.034064e-05 9.722156e-08
5538 3.033495e-05 9.704579e-08
5539 3.032927e-05 9.687034e-08
5540 3.032361e-05 9.669520e-08
5541 3.031796e-05 9.652039e-08
5542 3.031232e-05 9.634588e-08
5543 3.030670e-05 9.617170e-08
5544 3.030109e-05 9.599783e-08
5545 3.029550e-05 9.582427e-08
5546 3.028992e-05 9.565103e-08
5547 3.028435e-05 9.547810e-08
5548 3.027880e-05 9.530548e-08
5549 3.027326e-05 9.513318e-08
5550 3.026773e-05 9.496119e-08
5551 3.026222e-05 9.478950e-08
5552 3.025672e-05 9.461813e-08
5553 3.025124e-05 9.444707e-08
5554 3.024577e-05 9.427632e-08
5555 3.024031e-05 9.410587e-08
5556 3.023486e-05 9.393574e-08
5557 3.022943e-05 9.376591e-08
5558 3.022402e-05 9.359639e-08
5559 3.021861e-05 9.342717e-08
5560 3.021322e-05 9.325827e-08
5561 3.020784e-05 9.308966e-08
5562 3.020248e-05 9.292136e-08
5563 3.019713e-05 9.275337e-08
5564 3.019179e-05 9.258568e-08
5565 3.018647e-05 9.241829e-08
5566 3.018115e-05 9.225121e-08
5567 3.017586e-05 9.208442e-08
5568 3.017057e-05 9.191794e-08
5569 3.016530e-05 9.175176e-08
5570 3.016004e-05 9.158588e-08
5571 3.015479e-05 9.142030e-08
5572 3.014956e-05 9.125502e-08
5573 3.014434e-05 9.109004e-08
5574 3.013913e-05 9.092536e-08
5575 3.013393e-05 9.076097e-08
5576 3.012875e-05 9.059688e-08
5577 3.012358e-05 9.043309e-08
5578 3.011842e-05 9.026960e-08
5579 3.011328e-05 9.010640e-08
5580 3.010815e-05 8.994349e-08
5581 3.010303e-05 8.978088e-08
5582 3.009792e-05 8.961856e-08
5583 3.009283e-05 8.945654e-08
5584 3.008774e-05 8.929481e-08
5585 3.008267e-05 8.913337e-08
5586 3.007762e-05 8.897223e-08
5587 3.007257e-05 8.881137e-08
5588 3.006754e-05 8.865081e-08
5589 3.006252e-05 8.849054e-08
5590 3.005751e-05 8.833055e-08
5591 3.005252e-05 8.817086e-08
5592 3.004754e-05 8.801145e-08
5593 3.004256e-05 8.785233e-08
5594 3.003761e-05 8.769350e-08
5595 3.003266e-05 8.753496e-08
5596 3.002773e-05 8.737671e-08
5597 3.002280e-05 8.721874e-08
5598 3.001789e-05 8.706105e-08
5599 3.001299e-05 8.690365e-08
5600 3.000811e-05 8.674654e-08
5601 3.000323e-05 8.658971e-08
5602 2.999837e-05 8.643316e-08
5603 2.999352e-05 8.627690e-08
5604 2.998868e-05 8.612091e-08
5605 2.998386e-05 8.596521e-08
5606 2.997904e-05 8.580980e-08
5607 2.997424e-05 8.565466e-08
5608 2.996945e-05 8.549980e-08
5609 2.996467e-05 8.534523e-08
5610 2.995990e-05 8.519093e-08
5611 2.995514e-05 8.503691e-08
5612 2.995040e-05 8.488317e-08
5613 2.994566e-05 8.472971e-08
5614 2.994094e-05 8.457652e-08
5615 2.993623e-05 8.442362e-08
5616 2.993153e-05 8.427099e-08
5617 2.992684e-05 8.411863e-08
5618 2.992217e-05 8.396655e-08
5619 2.991750e-05 8.381475e-08
5620 2.991285e-05 8.366322e-08
5621 2.990821e-05 8.351196e-08
5622 2.990358e-05 8.336098e-08
5623 2.989896e-05 8.321027e-08
5624 2.989435e-05 8.305983e-08
5625 2.988975e-05 8.290966e-08
5626 2.988517e-05 8.275977e-08
5627 2.988059e-05 8.261015e-08
5628 2.987603e-05 8.246079e-08
5629 2.987148e-05 8.231171e-08
5630 2.986694e-05 8.216290e-08
5631 2.986241e-05 8.201436e-08
5632 2.985789e-05 8.186608e-08
5633 2.985338e-05 8.171807e-08
5634 2.984888e-05 8.157033e-08
5635 2.984440e-05 8.142286e-08
5636 2.983992e-05 8.127566e-08
5637 2.983546e-05 8.112872e-08
5638 2.983100e-05 8.098204e-08
5639 2.982656e-05 8.083563e-08
5640 2.982213e-05 8.068949e-08
5641 2.981771e-05 8.054361e-08
5642 2.981330e-05 8.039799e-08
5643 2.980890e-05 8.025264e-08
5644 2.980451e-05 8.010755e-08
5645 2.980013e-05 7.996272e-08
5646 2.979576e-05 7.981815e-08
5647 2.979141e-05 7.967385e-08
5648 2.978706e-05 7.952981e-08
5649 2.978272e-05 7.938602e-08
5650 2.977840e-05 7.924250e-08
5651 2.977408e-05 7.909923e-08
5652 2.976978e-05 7.895623e-08
5653 2.976548e-05 7.881348e-08
5654 2.976120e-05 7.867100e-08
5655 2.975693e-05 7.852876e-08
5656 2.975266e-05 7.838679e-08
5657 2.974841e-05 7.824507e-08
5658 2.974417e-05 7.810361e-08
5659 2.973994e-05 7.796241e-08
5660 2.973571e-05 7.782146e-08
5661 2.973150e-05 7.768076e-08
5662 2.972730e-05 7.754032e-08
5663 2.972311e-05 7.740014e-08
5664 2.971893e-05 7.726020e-08
5665 2.971476e-05 7.712052e-08
5666 2.971059e-05 7.698110e-08
5667 2.970644e-05 7.684192e-08
5668 2.970230e-05 7.670300e-08
5669 2.969817e-05 7.656432e-08
5670 2.969405e-05 7.642590e-08
5671 2.968994e-05 7.628773e-08
5672 2.968584e-05 7.614981e-08
5673 2.968175e-05 7.601213e-08
5674 2.967766e-05 7.587471e-08
5675 2.967359e-05 7.573754e-08
5676 2.966953e-05 7.560061e-08
5677 2.966548e-05 7.546393e-08
5678 2.966144e-05 7.532750e-08
5679 2.965740e-05 7.519131e-08
5680 2.965338e-05 7.505537e-08
5681 2.964937e-05 7.491968e-08
5682 2.964537e-05 7.478423e-08
5683 2.964137e-05 7.464902e-08
5684 2.963739e-05 7.451406e-08
5685 2.963341e-05 7.437935e-08
5686 2.962945e-05 7.424488e-08
5687 2.962549e-05 7.411065e-08
5688 2.962155e-05 7.397666e-08
5689 2.961761e-05 7.384292e-08
5690 2.961368e-05 7.370942e-08
5691 2.960976e-05 7.357616e-08
5692 2.960586e-05 7.344314e-08
5693 2.960196e-05 7.331036e-08
5694 2.959807e-05 7.317782e-08
5695 2.959419e-05 7.304552e-08
5696 2.959032e-05 7.291346e-08
5697 2.958646e-05 7.278164e-08
5698 2.958260e-05 7.265005e-08
5699 2.957876e-05 7.251871e-08
5700 2.957493e-05 7.238760e-08
5701 2.957110e-05 7.225673e-08
5702 2.956729e-05 7.212609e-08
5703 2.956348e-05 7.199570e-08
5704 2.955968e-05 7.186553e-08
5705 2.955589e-05 7.173561e-08
5706 2.955212e-05 7.160591e-08
5707 2.954835e-05 7.147646e-08
5708 2.954459e-05 7.134723e-08
5709 2.954083e-05 7.121824e-08
5710 2.953709e-05 7.108949e-08
5711 2.953336e-05 7.096096e-08
5712 2.952963e-05 7.083267e-08
5713 2.952592e-05 7.070461e-08
5714 2.952221e-05 7.057678e-08
5715 2.951851e-05 7.044919e-08
5716 2.951482e-05 7.032182e-08
5717 2.951114e-05 7.019468e-08
5718 2.950747e-05 7.006778e-08
5719 2.950380e-05 6.994110e-08
5720 2.950015e-05 6.981465e-08
5721 2.949651e-05 6.968843e-08
5722 2.949287e-05 6.956244e-08
5723 2.948924e-05 6.943668e-08
5724 2.948562e-05 6.931114e-08
5725 2.948201e-05 6.918583e-08
5726 2.947841e-05 6.906075e-08
5727 2.947481e-05 6.893590e-08
5728 2.947123e-05 6.881126e-08
5729 2.946765e-05 6.868686e-08
5730 2.946408e-05 6.856268e-08
5731 2.946052e-05 6.843872e-08
5732 2.945697e-05 6.831499e-08
5733 2.945343e-05 6.819148e-08
5734 2.944990e-05 6.806820e-08
5735 2.944637e-05 6.794514e-08
5736 2.944285e-05 6.782230e-08
5737 2.943934e-05 6.769968e-08
5738 2.943584e-05 6.757729e-08
5739 2.943235e-05 6.745511e-08
5740 2.942887e-05 6.733316e-08
5741 2.942539e-05 6.721142e-08
5742 2.942192e-05 6.708991e-08
5743 2.941847e-05 6.696862e-08
5744 2.941501e-05 6.684755e-08
5745 2.941157e-05 6.672669e-08
5746 2.940814e-05 6.660605e-08
5747 2.940471e-05 6.648564e-08
5748 2.940129e-05 6.636543e-08
5749 2.939788e-05 6.624545e-08
5750 2.939448e-05 6.612569e-08
5751 2.939109e-05 6.600614e-08
5752 2.938770e-05 6.588680e-08
5753 2.938432e-05 6.576768e-08
5754 2.938095e-05 6.564878e-08
5755 2.937759e-05 6.553009e-08
5756 2.937424e-05 6.541162e-08
5757 2.937089e-05 6.529336e-08
5758 2.936755e-05 6.517532e-08
5759 2.936422e-05 6.505748e-08
5760 2.936090e-05 6.493987e-08
5761 2.935759e-05 6.482246e-08
5762 2.935428e-05 6.470527e-08
5763 2.935098e-05 6.458828e-08
5764 2.934769e-05 6.447151e-08
5765 2.934441e-05 6.435495e-08
5766 2.934113e-05 6.423861e-08
5767 2.933786e-05 6.412247e-08
5768 2.933461e-05 6.400654e-08
5769 2.933135e-05 6.389082e-08
5770 2.932811e-05 6.377531e-08
5771 2.932487e-05 6.366001e-08
5772 2.932164e-05 6.354492e-08
5773 2.931842e-05 6.343003e-08
5774 2.931521e-05 6.331536e-08
5775 2.931200e-05 6.320089e-08
5776 2.930880e-05 6.308663e-08
5777 2.930561e-05 6.297257e-08
5778 2.930243e-05 6.285872e-08
5779 2.929925e-05 6.274508e-08
5780 2.929608e-05 6.263164e-08
5781 2.929292e-05 6.251841e-08
5782 2.928977e-05 6.240538e-08
5783 2.928662e-05 6.229256e-08
5784 2.928348e-05 6.217994e-08
5785 2.928035e-05 6.206752e-08
5786 2.927723e-05 6.195531e-08
5787 2.927411e-05 6.184330e-08
5788 2.927100e-05 6.173149e-08
5789 2.926790e-05 6.161988e-08
5790 2.926480e-05 6.150848e-08
5791 2.926172e-05 6.139728e-08
5792 2.925864e-05 6.128628e-08
5793 2.925556e-05 6.117548e-08
5794 2.925250e-05 6.106487e-08
5795 2.924944e-05 6.095447e-08
5796 2.924639e-05 6.084427e-08
5797 2.924334e-05 6.073427e-08
5798 2.924031e-05 6.062447e-08
5799 2.923728e-05 6.051487e-08
5800 2.923425e-05 6.040546e-08
5801 2.923124e-05 6.029625e-08
5802 2.922823e-05 6.018724e-08
5803 2.922523e-05 6.007843e-08
5804 2.922223e-05 5.996981e-08
5805 2.921925e-05 5.986139e-08
5806 2.921627e-05 5.975316e-08
5807 2.921329e-05 5.964514e-08
5808 2.921033e-05 5.953730e-08
5809 2.920737e-05 5.942966e-08
5810 2.920441e-05 5.932222e-08
5811 2.920147e-05 5.921497e-08
5812 2.919853e-05 5.910791e-08
5813 2.919560e-05 5.900105e-08
5814 2.919267e-05 5.889438e-08
5815 2.918976e-05 5.878791e-08
5816 2.918684e-05 5.868162e-08
5817 2.918394e-05 5.857553e-08
5818 2.918104e-05 5.846963e-08
5819 2.917815e-05 5.836392e-08
5820 2.917527e-05 5.825841e-08
5821 2.917239e-05 5.815308e-08
5822 2.916952e-05 5.804794e-08
5823 2.916665e-05 5.794300e-08
5824 2.916380e-05 5.783824e-08
5825 2.916095e-05 5.773367e-08
5826 2.915810e-05 5.762930e-08
5827 2.915527e-05 5.752511e-08
5828 2.915243e-05 5.742111e-08
5829 2.914961e-05 5.731729e-08
5830 2.914679e-05 5.721367e-08
5831 2.914398e-05 5.711023e-08
5832 2.914118e-05 5.700698e-08
5833 2.913838e-05 5.690392e-08
5834 2.913559e-05 5.680104e-08
5835 2.913280e-05 5.669835e-08
5836 2.913003e-05 5.659584e-08
5837 2.912725e-05 5.649352e-08
5838 2.912449e-05 5.639138e-08
5839 2.912173e-05 5.628943e-08
5840 2.911898e-05 5.618767e-08
5841 2.911623e-05 5.608608e-08
5842 2.911349e-05 5.598468e-08
5843 2.911076e-05 5.588347e-08
5844 2.910803e-05 5.578244e-08
5845 2.910531e-05 5.568159e-08
5846 2.910260e-05 5.558092e-08
5847 2.909989e-05 5.548043e-08
5848 2.909719e-05 5.538013e-08
5849 2.909449e-05 5.528001e-08
5850 2.909180e-05 5.518006e-08
5851 2.908912e-05 5.508030e-08
5852 2.908644e-05 5.498072e-08
5853 2.908377e-05 5.488132e-08
5854 2.908111e-05 5.478210e-08
5855 2.907845e-05 5.468306e-08
5856 2.907580e-05 5.458420e-08
5857 2.907315e-05 5.448551e-08
5858 2.907051e-05 5.438701e-08
5859 2.906788e-05 5.428868e-08
5860 2.906525e-05 5.419053e-08
5861 2.906263e-05 5.409256e-08
5862 2.906001e-05 5.399476e-08
5863 2.905740e-05 5.389714e-08
5864 2.905480e-05 5.379970e-08
5865 2.905220e-05 5.370244e-08
5866 2.904961e-05 5.360535e-08
5867 2.904703e-05 5.350843e-08
5868 2.904445e-05 5.341170e-08
5869 2.904187e-05 5.331513e-08
5870 2.903931e-05 5.321874e-08
5871 2.903675e-05 5.312253e-08
5872 2.903419e-05 5.302649e-08
5873 2.903164e-05 5.293062e-08
5874 2.902910e-05 5.283492e-08
5875 2.902656e-05 5.273940e-08
5876 2.902403e-05 5.264405e-08
5877 2.902150e-05 5.254888e-08
5878 2.901898e-05 5.245387e-08
5879 2.901647e-05 5.235904e-08
5880 2.901396e-05 5.226438e-08
5881 2.901146e-05 5.216989e-08
5882 2.900896e-05 5.207557e-08
5883 2.900647e-05 5.198142e-08
5884 2.900398e-05 5.188744e-08
5885 2.900150e-05 5.179364e-08
5886 2.899903e-05 5.170000e-08
5887 2.899656e-05 5.160653e-08
5888 2.899410e-05 5.151323e-08
5889 2.899164e-05 5.142010e-08
5890 2.898919e-05 5.132713e-08
5891 2.898674e-05 5.123434e-08
5892 2.898430e-05 5.114171e-08
5893 2.898187e-05 5.104925e-08
5894 2.897944e-05 5.095696e-08
5895 2.897702e-05 5.086483e-08
5896 2.897460e-05 5.077287e-08
5897 2.897219e-05 5.068108e-08
5898 2.896978e-05 5.058945e-08
5899 2.896738e-05 5.049799e-08
5900 2.896498e-05 5.040669e-08
5901 2.896259e-05 5.031556e-08
5902 2.896021e-05 5.022459e-08
5903 2.895783e-05 5.013379e-08
5904 2.895545e-05 5.004316e-08
5905 2.895309e-05 4.995268e-08
5906 2.895072e-05 4.986237e-08
5907 2.894837e-05 4.977222e-08
5908 2.894601e-05 4.968224e-08
5909 2.894367e-05 4.959242e-08
5910 2.894133e-05 4.950276e-08
5911 2.893899e-05 4.941326e-08
5912 2.893666e-05 4.932393e-08
5913 2.893433e-05 4.923475e-08
5914 2.893201e-05 4.914574e-08
5915 2.892970e-05 4.905689e-08
5916 2.892739e-05 4.896820e-08
5917 2.892509e-05 4.887967e-08
5918 2.892279e-05 4.879130e-08
5919 2.892049e-05 4.870309e-08
5920 2.891821e-05 4.861504e-08
5921 2.891592e-05 4.852714e-08
5922 2.891365e-05 4.843941e-08
5923 2.891137e-05 4.835184e-08
5924 2.890911e-05 4.826442e-08
5925 2.890684e-05 4.817716e-08
5926 2.890459e-05 4.809006e-08
5927 2.890233e-05 4.800312e-08
5928 2.890009e-05 4.791633e-08
5929 2.889785e-05 4.782970e-08
5930 2.889561e-05 4.774323e-08
5931 2.889338e-05 4.765691e-08
5932 2.889115e-05 4.757076e-08
5933 2.888893e-05 4.748475e-08
5934 2.888671e-05 4.739890e-08
5935 2.888450e-05 4.731321e-08
5936 2.888230e-05 4.722767e-08
5937 2.888010e-05 4.714229e-08
5938 2.887790e-05 4.705706e-08
5939 2.887571e-05 4.697198e-08
5940 2.887352e-05 4.688706e-08
5941 2.887134e-05 4.680229e-08
5942 2.886917e-05 4.671768e-08
5943 2.886699e-05 4.663322e-08
5944 2.886483e-05 4.654891e-08
5945 2.886267e-05 4.646475e-08
5946 2.886051e-05 4.638075e-08
5947 2.885836e-05 4.629689e-08
5948 2.885621e-05 4.621319e-08
5949 2.885407e-05 4.612964e-08
5950 2.885193e-05 4.604624e-08
5951 2.884980e-05 4.596300e-08
5952 2.884767e-05 4.587990e-08
5953 2.884555e-05 4.579695e-08
5954 2.884343e-05 4.571415e-08
5955 2.884132e-05 4.563151e-08
5956 2.883921e-05 4.554901e-08
5957 2.883711e-05 4.546666e-08
5958 2.883501e-05 4.538446e-08
5959 2.883292e-05 4.530241e-08
5960 2.883083e-05 4.522050e-08
5961 2.882875e-05 4.513875e-08
5962 2.882667e-05 4.505714e-08
5963 2.882459e-05 4.497568e-08
5964 2.882252e-05 4.489437e-08
5965 2.882046e-05 4.481321e-08
5966 2.881840e-05 4.473219e-08
5967 2.881634e-05 4.465131e-08
5968 2.881429e-05 4.457059e-08
5969 2.881224e-05 4.449001e-08
5970 2.881020e-05 4.440957e-08
5971 2.880816e-05 4.432929e-08
5972 2.880613e-05 4.424914e-08
5973 2.880410e-05 4.416914e-08
5974 2.880208e-05 4.408929e-08
5975 2.880006e-05 4.400958e-08
5976 2.879804e-05 4.393001e-08
5977 2.879603e-05 4.385059e-08
5978 2.879403e-05 4.377131e-08
5979 2.879203e-05 4.369218e-08
5980 2.879003e-05 4.361319e-08
5981 2.878804e-05 4.353434e-08
5982 2.878605e-05 4.345563e-08
5983 2.878407e-05 4.337707e-08
5984 2.878209e-05 4.329864e-08
5985 2.878011e-05 4.322036e-08
5986 2.877814e-05 4.314222e-08
5987 2.877618e-05 4.306423e-08
5988 2.877422e-05 4.298637e-08
5989 2.877226e-05 4.290865e-08
5990 2.877031e-05 4.283108e-08
5991 2.876836e-05 4.275364e-08
5992 2.876642e-05 4.267635e-08
5993 2.876448e-05 4.259919e-08
5994 2.876255e-05 4.252218e-08
5995 2.876062e-05 4.244530e-08
5996 2.875869e-05 4.236856e-08
5997 2.875677e-05 4.229196e-08
5998 2.875485e-05 4.221550e-08
5999 2.875294e-05 4.213918e-08
6000 2.875103e-05 4.206300e-08
6001 2.874913e-05 4.198695e-08
6002 2.874723e-05 4.191104e-08
6003 2.874533e-05 4.183527e-08
6004 2.874344e-05 4.175963e-08
6005 2.874155e-05 4.168414e-08
6006 2.873967e-05 4.160877e-08
6007 2.873779e-05 4.153355e-08
6008 2.873591e-05 4.145846e-08
6009 2.873404e-05 4.138351e-08
6010 2.873218e-05 4.130869e-08
6011 2.873032e-05 4.123401e-08
6012 2.872846e-05 4.115946e-08
6013 2.872660e-05 4.108505e-08
6014 2.872475e-05 4.101077e-08
6015 2.872291e-05 4.093662e-08
6016 2.872107e-05 4.086261e-08
6017 2.871923e-05 4.078874e-08
6018 2.871740e-05 4.071499e-08
6019 2.871557e-05 4.064138e-08
6020 2.871374e-05 4.056791e-08
6021 2.871192e-05 4.049456e-08
6022 2.871011e-05 4.042135e-08
6023 2.870829e-05 4.034827e-08
6024 2.870649e-05 4.027533e-08
6025 2.870468e-05 4.020251e-08
6026 2.870288e-05 4.012983e-08
6027 2.870108e-05 4.005728e-08
6028 2.869929e-05 3.998486e-08
6029 2.869750e-05 3.991257e-08
6030 2.869572e-05 3.984041e-08
6031 2.869394e-05 3.976838e-08
6032 2.869216e-05 3.969648e-08
6033 2.869039e-05 3.962472e-08
6034 2.868862e-05 3.955308e-08
6035 2.868685e-05 3.948157e-08
6036 2.868509e-05 3.941019e-08
6037 2.868334e-05 3.933894e-08
6038 2.868158e-05 3.926782e-08
6039 2.867983e-05 3.919682e-08
6040 2.867809e-05 3.912596e-08
6041 2.867635e-05 3.905522e-08
6042 2.867461e-05 3.898461e-08
6043 2.867288e-05 3.891413e-08
6044 2.867115e-05 3.884378e-08
6045 2.866942e-05 3.877355e-08
6046 2.866770e-05 3.870345e-08
6047 2.866598e-05 3.863348e-08
6048 2.866427e-05 3.856364e-08
6049 2.866256e-05 3.849392e-08
6050 2.866085e-05 3.842432e-08
6051 2.865915e-05 3.835485e-08
6052 2.865745e-05 3.828551e-08
6053 2.865575e-05 3.821629e-08
6054 2.865406e-05 3.814720e-08
6055 2.865237e-05 3.807823e-08
6056 2.865069e-05 3.800939e-08
6057 2.864901e-05 3.794067e-08
6058 2.864733e-05 3.787208e-08
6059 2.864566e-05 3.780361e-08
6060 2.864399e-05 3.773527e-08
6061 2.864232e-05 3.766704e-08
6062 2.864066e-05 3.759894e-08
6063 2.863900e-05 3.753097e-08
6064 2.863735e-05 3.746312e-08
6065 2.863570e-05 3.739538e-08
6066 2.863405e-05 3.732778e-08
6067 2.863240e-05 3.726029e-08
6068 2.863076e-05 3.719293e-08
6069 2.862913e-05 3.712569e-08
6070 2.862750e-05 3.705857e-08
6071 2.862587e-05 3.699157e-08
6072 2.862424e-05 3.692469e-08
6073 2.862262e-05 3.685793e-08
6074 2.862100e-05 3.679130e-08
6075 2.861938e-05 3.672478e-08
6076 2.861777e-05 3.665838e-08
6077 2.861617e-05 3.659211e-08
6078 2.861456e-05 3.652595e-08
6079 2.861296e-05 3.645992e-08
6080 2.861136e-05 3.639400e-08
6081 2.860977e-05 3.632820e-08
6082 2.860818e-05 3.626253e-08
6083 2.860659e-05 3.619697e-08
6084 2.860501e-05 3.613152e-08
6085 2.860343e-05 3.606620e-08
6086 2.860185e-05 3.600100e-08
6087 2.860028e-05 3.593591e-08
6088 2.859871e-05 3.587094e-08
6089 2.859715e-05 3.580609e-08
6090 2.859558e-05 3.574135e-08
6091 2.859403e-05 3.567674e-08
6092 2.859247e-05 3.561224e-08
6093 2.859092e-05 3.554785e-08
6094 2.858937e-05 3.548358e-08
6095 2.858782e-05 3.541943e-08
6096 2.858628e-05 3.535540e-08
6097 2.858474e-05 3.529148e-08
6098 2.858321e-05 3.522767e-08
6099 2.858168e-05 3.516398e-08
6100 2.858015e-05 3.510041e-08
6101 2.857862e-05 3.503695e-08
6102 2.857710e-05 3.497361e-08
6103 2.857558e-05 3.491038e-08
6104 2.857407e-05 3.484726e-08
6105 2.857256e-05 3.478426e-08
6106 2.857105e-05 3.472138e-08
6107 2.856954e-05 3.465860e-08
6108 2.856804e-05 3.459594e-08
6109 2.856654e-05 3.453340e-08
6110 2.856505e-05 3.447096e-08
6111 2.856356e-05 3.440864e-08
6112 2.856207e-05 3.434643e-08
6113 2.856058e-05 3.428434e-08
6114 2.855910e-05 3.422235e-08
6115 2.855762e-05 3.416048e-08
6116 2.855615e-05 3.409872e-08
6117 2.855467e-05 3.403708e-08
6118 2.855320e-05 3.397554e-08
6119 2.855174e-05 3.391411e-08
6120 2.855028e-05 3.385280e-08
6121 2.854882e-05 3.379160e-08
6122 2.854736e-05 3.373051e-08
6123 2.854591e-05 3.366952e-08
6124 2.854446e-05 3.360865e-08
6125 2.854301e-05 3.354789e-08
6126 2.854157e-05 3.348724e-08
6127 2.854012e-05 3.342670e-08
6128 2.853869e-05 3.336626e-08
6129 2.853725e-05 3.330594e-08
6130 2.853582e-05 3.324572e-08
6131 2.853439e-05 3.318562e-08
6132 2.853297e-05 3.312562e-08
6133 2.853155e-05 3.306573e-08
6134 2.853013e-05 3.300595e-08
6135 2.852871e-05 3.294628e-08
6136 2.852730e-05 3.288672e-08
6137 2.852589e-05 3.282726e-08
6138 2.852448e-05 3.276791e-08
6139 2.852308e-05 3.270867e-08
6140 2.852168e-05 3.264954e-08
6141 2.852028e-05 3.259051e-08
6142 2.851889e-05 3.253159e-08
6143 2.851750e-05 3.247277e-08
6144 2.851611e-05 3.241406e-08
6145 2.851472e-05 3.235546e-08
6146 2.851334e-05 3.229697e-08
6147 2.851196e-05 3.223858e-08
6148 2.851059e-05 3.218029e-08
6149 2.850921e-05 3.212211e-08
6150 2.850784e-05 3.206404e-08
6151 2.850648e-05 3.200607e-08
6152 2.850511e-05 3.194820e-08
6153 2.850375e-05 3.189044e-08
6154 2.850239e-05 3.183279e-08
6155 2.850104e-05 3.177524e-08
6156 2.849968e-05 3.171779e-08
6157 2.849833e-05 3.166045e-08
6158 2.849699e-05 3.160321e-08
6159 2.849564e-05 3.154607e-08
6160 2.849430e-05 3.148904e-08
6161 2.849297e-05 3.143211e-08
6162 2.849163e-05 3.137528e-08
6163 2.849030e-05 3.131856e-08
6164 2.848897e-05 3.126194e-08
6165 2.848764e-05 3.120542e-08
6166 2.848632e-05 3.114900e-08
6167 2.848500e-05 3.109269e-08
6168 2.848368e-05 3.103647e-08
6169 2.848237e-05 3.098036e-08
6170 2.848105e-05 3.092435e-08
6171 2.847975e-05 3.086844e-08
6172 2.847844e-05 3.081264e-08
6173 2.847714e-05 3.075693e-08
6174 2.847583e-05 3.070132e-08
6175 2.847454e-05 3.064582e-08
6176 2.847324e-05 3.059041e-08
6177 2.847195e-05 3.053511e-08
6178 2.847066e-05 3.047990e-08
6179 2.846937e-05 3.042480e-08
6180 2.846809e-05 3.036979e-08
6181 2.846681e-05 3.031488e-08
6182 2.846553e-05 3.026008e-08
6183 2.846425e-05 3.020537e-08
6184 2.846298e-05 3.015076e-08
6185 2.846171e-05 3.009625e-08
6186 2.846044e-05 3.004184e-08
6187 2.845918e-05 2.998753e-08
6188 2.845792e-05 2.993331e-08
6189 2.845666e-05 2.987919e-08
6190 2.845540e-05 2.982518e-08
6191 2.845415e-05 2.977125e-08
6192 2.845289e-05 2.971743e-08
6193 2.845165e-05 2.966370e-08
6194 2.845040e-05 2.961007e-08
6195 2.844916e-05 2.955654e-08
6196 2.844792e-05 2.950310e-08
6197 2.844668e-05 2.944977e-08
6198 2.844544e-05 2.939652e-08
6199 2.844421e-05 2.934338e-08
6200 2.844298e-05 2.929033e-08
6201 2.844175e-05 2.923737e-08
6202 2.844053e-05 2.918451e-08
6203 2.843931e-05 2.913175e-08
6204 2.843809e-05 2.907908e-08
6205 2.843687e-05 2.902651e-08
6206 2.843566e-05 2.897403e-08
6207 2.843445e-05 2.892165e-08
6208 2.843324e-05 2.886936e-08
6209 2.843203e-05 2.881717e-08
6210 2.843083e-05 2.876507e-08
6211 2.842963e-05 2.871306e-08
6212 2.842843e-05 2.866115e-08
6213 2.842723e-05 2.860933e-08
6214 2.842604e-05 2.855761e-08
6215 2.842485e-05 2.850598e-08
6216 2.842366e-05 2.845444e-08
6217 2.842247e-05 2.840300e-08
6218 2.842129e-05 2.835165e-08
6219 2.842011e-05 2.830039e-08
6220 2.841893e-05 2.824923e-08
6221 2.841775e-05 2.819816e-08
6222 2.841658e-05 2.814718e-08
6223 2.841541e-05 2.809629e-08
6224 2.841424e-05 2.804549e-08
6225 2.841308e-05 2.799479e-08
6226 2.841191e-05 2.794418e-08
6227 2.841075e-05 2.789366e-08
6228 2.840959e-05 2.784323e-08
6229 2.840844e-05 2.779289e-08
6230 2.840729e-05 2.774264e-08
6231 2.840614e-05 2.769248e-08
6232 2.840499e-05 2.764242e-08
6233 2.840384e-05 2.759244e-08
6234 2.840270e-05 2.754256e-08
6235 2.840156e-05 2.749276e-08
6236 2.840042e-05 2.744306e-08
6237 2.839928e-05 2.739344e-08
6238 2.839815e-05 2.734392e-08
6239 2.839702e-05 2.729448e-08
6240 2.839589e-05 2.724514e-08
6241 2.839476e-05 2.719588e-08
6242 2.839364e-05 2.714671e-08
6243 2.839251e-05 2.709763e-08
6244 2.839140e-05 2.704864e-08
6245 2.839028e-05 2.699974e-08
6246 2.838916e-05 2.695093e-08
6247 2.838805e-05 2.690220e-08
6248 2.838694e-05 2.685357e-08
6249 2.838583e-05 2.680502e-08
6250 2.838473e-05 2.675655e-08
6251 2.838363e-05 2.670818e-08
6252 2.838253e-05 2.665990e-08
6253 2.838143e-05 2.661170e-08
6254 2.838033e-05 2.656358e-08
6255 2.837924e-05 2.651556e-08
6256 2.837815e-05 2.646762e-08
6257 2.837706e-05 2.641977e-08
6258 2.837597e-05 2.637201e-08
6259 2.837489e-05 2.632433e-08
6260 2.837381e-05 2.627673e-08
6261 2.837273e-05 2.622923e-08
6262 2.837165e-05 2.618181e-08
6263 2.837057e-05 2.613447e-08
6264 2.836950e-05 2.608722e-08
6265 2.836843e-05 2.604006e-08
6266 2.836736e-05 2.599298e-08
6267 2.836630e-05 2.594599e-08
6268 2.836523e-05 2.589908e-08
6269 2.836417e-05 2.585226e-08
6270 2.836311e-05 2.580552e-08
6271 2.836206e-05 2.575886e-08
6272 2.836100e-05 2.571229e-08
6273 2.835995e-05 2.566581e-08
6274 2.835890e-05 2.561941e-08
6275 2.835785e-05 2.557309e-08
6276 2.835680e-05 2.552686e-08
6277 2.835576e-05 2.548070e-08
6278 2.835472e-05 2.543464e-08
6279 2.835368e-05 2.538865e-08
6280 2.835264e-05 2.534275e-08
6281 2.835161e-05 2.529694e-08
6282 2.835057e-05 2.525120e-08
6283 2.834954e-05 2.520555e-08
6284 2.834852e-05 2.515998e-08
6285 2.834749e-05 2.511449e-08
6286 2.834647e-05 2.506909e-08
6287 2.834544e-05 2.502376e-08
6288 2.834442e-05 2.497852e-08
6289 2.834341e-05 2.493336e-08
6290 2.834239e-05 2.488829e-08
6291 2.834138e-05 2.484329e-08
6292 2.834037e-05 2.479838e-08
6293 2.833936e-05 2.475354e-08
6294 2.833835e-05 2.470879e-08
6295 2.833735e-05 2.466412e-08
6296 2.833634e-05 2.461953e-08
6297 2.833534e-05 2.457502e-08
6298 2.833435e-05 2.453059e-08
6299 2.833335e-05 2.448624e-08
6300 2.833235e-05 2.444197e-08
6301 2.833136e-05 2.439778e-08
6302 2.833037e-05 2.435367e-08
6303 2.832938e-05 2.430964e-08
6304 2.832840e-05 2.426569e-08
6305 2.832742e-05 2.422182e-08
6306 2.832643e-05 2.417803e-08
6307 2.832545e-05 2.413432e-08
6308 2.832448e-05 2.409069e-08
6309 2.832350e-05 2.404713e-08
6310 2.832253e-05 2.400366e-08
6311 2.832156e-05 2.396026e-08
6312 2.832059e-05 2.391694e-08
6313 2.831962e-05 2.387370e-08
6314 2.831865e-05 2.383054e-08
6315 2.831769e-05 2.378746e-08
6316 2.831673e-05 2.374445e-08
6317 2.831577e-05 2.370152e-08
6318 2.831481e-05 2.365867e-08
6319 2.831386e-05 2.361590e-08
6320 2.831290e-05 2.357320e-08
6321 2.831195e-05 2.353058e-08
6322 2.831100e-05 2.348804e-08
6323 2.831006e-05 2.344558e-08
6324 2.830911e-05 2.340319e-08
6325 2.830817e-05 2.336088e-08
6326 2.830723e-05 2.331864e-08
6327 2.830629e-05 2.327649e-08
6328 2.830535e-05 2.323440e-08
6329 2.830441e-05 2.319240e-08
6330 2.830348e-05 2.315047e-08
6331 2.830255e-05 2.310861e-08
6332 2.830162e-05 2.306684e-08
6333 2.830069e-05 2.302513e-08
6334 2.829977e-05 2.298351e-08
6335 2.829884e-05 2.294195e-08
6336 2.829792e-05 2.290048e-08
6337 2.829700e-05 2.285907e-08
6338 2.829608e-05 2.281775e-08
6339 2.829517e-05 2.277649e-08
6340 2.829425e-05 2.273532e-08
6341 2.829334e-05 2.269421e-08
6342 2.829243e-05 2.265318e-08
6343 2.829152e-05 2.261223e-08
6344 2.829061e-05 2.257135e-08
6345 2.828971e-05 2.253054e-08
6346 2.828881e-05 2.248981e-08
6347 2.828791e-05 2.244915e-08
6348 2.828701e-05 2.240856e-08
6349 2.828611e-05 2.236805e-08
6350 2.828521e-05 2.232761e-08
6351 2.828432e-05 2.228724e-08
6352 2.828343e-05 2.224695e-08
6353 2.828254e-05 2.220673e-08
6354 2.828165e-05 2.216658e-08
6355 2.828077e-05 2.212650e-08
6356 2.827988e-05 2.208650e-08
6357 2.827900e-05 2.204657e-08
6358 2.827812e-05 2.200671e-08
6359 2.827724e-05 2.196692e-08
6360 2.827636e-05 2.192721e-08
6361 2.827549e-05 2.188757e-08
6362 2.827462e-05 2.184800e-08
6363 2.827374e-05 2.180850e-08
6364 2.827287e-05 2.176907e-08
6365 2.827201e-05 2.172971e-08
6366 2.827114e-05 2.169043e-08
6367 2.827028e-05 2.165121e-08
6368 2.826941e-05 2.161207e-08
6369 2.826855e-05 2.157300e-08
6370 2.826770e-05 2.153399e-08
6371 2.826684e-05 2.149506e-08
6372 2.826598e-05 2.145620e-08
6373 2.826513e-05 2.141741e-08
6374 2.826428e-05 2.137869e-08
6375 2.826343e-05 2.134004e-08
6376 2.826258e-05 2.130146e-08
6377 2.826173e-05 2.126295e-08
6378 2.826089e-05 2.122450e-08
6379 2.826005e-05 2.118613e-08
6380 2.825920e-05 2.114783e-08
6381 2.825837e-05 2.110959e-08
6382 2.825753e-05 2.107143e-08
6383 2.825669e-05 2.103334e-08
6384 2.825586e-05 2.099531e-08
6385 2.825503e-05 2.095735e-08
6386 2.825419e-05 2.091946e-08
6387 2.825337e-05 2.088164e-08
6388 2.825254e-05 2.084389e-08
6389 2.825171e-05 2.080620e-08
6390 2.825089e-05 2.076859e-08
6391 2.825007e-05 2.073104e-08
6392 2.824925e-05 2.069356e-08
6393 2.824843e-05 2.065615e-08
6394 2.824761e-05 2.061880e-08
6395 2.824679e-05 2.058153e-08
6396 2.824598e-05 2.054432e-08
6397 2.824517e-05 2.050717e-08
6398 2.824436e-05 2.047010e-08
6399 2.824355e-05 2.043309e-08
6400 2.824274e-05 2.039615e-08
6401 2.824194e-05 2.035927e-08
6402 2.824113e-05 2.032247e-08
6403 2.824033e-05 2.028573e-08
6404 2.823953e-05 2.024905e-08
6405 2.823873e-05 2.021244e-08
6406 2.823794e-05 2.017590e-08
6407 2.823714e-05 2.013942e-08
6408 2.823635e-05 2.010301e-08
6409 2.823555e-05 2.006667e-08
6410 2.823476e-05 2.003039e-08
6411 2.823397e-05 1.999418e-08
6412 2.823319e-05 1.995803e-08
6413 2.823240e-05 1.992194e-08
6414 2.823162e-05 1.988593e-08
6415 2.823084e-05 1.984998e-08
6416 2.823005e-05 1.981409e-08
6417 2.822928e-05 1.977827e-08
6418 2.822850e-05 1.974251e-08
6419 2.822772e-05 1.970682e-08
6420 2.822695e-05 1.967119e-08
6421 2.822617e-05 1.963562e-08
6422 2.822540e-05 1.960012e-08
6423 2.822463e-05 1.956469e-08
6424 2.822387e-05 1.952932e-08
6425 2.822310e-05 1.949401e-08
6426 2.822233e-05 1.945877e-08
6427 2.822157e-05 1.942359e-08
6428 2.822081e-05 1.938847e-08
6429 2.822005e-05 1.935342e-08
6430 2.821929e-05 1.931843e-08
6431 2.821853e-05 1.928350e-08
6432 2.821778e-05 1.924864e-08
6433 2.821702e-05 1.921384e-08
6434 2.821627e-05 1.917910e-08
6435 2.821552e-05 1.914443e-08
6436 2.821477e-05 1.910982e-08
6437 2.821402e-05 1.907527e-08
6438 2.821328e-05 1.904078e-08
6439 2.821253e-05 1.900636e-08
6440 2.821179e-05 1.897199e-08
6441 2.821105e-05 1.893769e-08
6442 2.821031e-05 1.890346e-08
6443 2.820957e-05 1.886928e-08
6444 2.820883e-05 1.883517e-08
6445 2.820810e-05 1.880111e-08
6446 2.820736e-05 1.876712e-08
6447 2.820663e-05 1.873319e-08
6448 2.820590e-05 1.869933e-08
6449 2.820517e-05 1.866552e-08
6450 2.820444e-05 1.863177e-08
6451 2.820371e-05 1.859809e-08
6452 2.820299e-05 1.856446e-08
6453 2.820226e-05 1.853090e-08
6454 2.820154e-05 1.849740e-08
6455 2.820082e-05 1.846396e-08
6456 2.820010e-05 1.843058e-08
6457 2.819938e-05 1.839725e-08
6458 2.819867e-05 1.836399e-08
6459 2.819795e-05 1.833079e-08
6460 2.819724e-05 1.829765e-08
6461 2.819653e-05 1.826457e-08
6462 2.819582e-05 1.823155e-08
6463 2.819511e-05 1.819859e-08
6464 2.819440e-05 1.816569e-08
6465 2.819369e-05 1.813285e-08
6466 2.819299e-05 1.810006e-08
6467 2.819229e-05 1.806734e-08
6468 2.819158e-05 1.803468e-08
6469 2.819088e-05 1.800207e-08
6470 2.819019e-05 1.796952e-08
6471 2.818949e-05 1.793704e-08
6472 2.818879e-05 1.790461e-08
6473 2.818810e-05 1.787224e-08
6474 2.818740e-05 1.783993e-08
6475 2.818671e-05 1.780767e-08
6476 2.818602e-05 1.777548e-08
6477 2.818533e-05 1.774334e-08
6478 2.818464e-05 1.771126e-08
6479 2.818396e-05 1.767924e-08
6480 2.818327e-05 1.764728e-08
6481 2.818259e-05 1.761537e-08
6482 2.818191e-05 1.758353e-08
6483 2.818123e-05 1.755174e-08
6484 2.818055e-05 1.752001e-08
6485 2.817987e-05 1.748833e-08
6486 2.817919e-05 1.745671e-08
6487 2.817852e-05 1.742515e-08
6488 2.817784e-05 1.739365e-08
6489 2.817717e-05 1.736220e-08
6490 2.817650e-05 1.733081e-08
6491 2.817583e-05 1.729948e-08
6492 2.817516e-05 1.726821e-08
6493 2.817450e-05 1.723699e-08
6494 2.817383e-05 1.720582e-08
6495 2.817317e-05 1.717472e-08
6496 2.817250e-05 1.714367e-08
6497 2.817184e-05 1.711267e-08
6498 2.817118e-05 1.708173e-08
6499 2.817052e-05 1.705085e-08
6500 2.816986e-05 1.702002e-08
6501 2.816921e-05 1.698925e-08
6502 2.816855e-05 1.695854e-08
6503 2.816790e-05 1.692788e-08
6504 2.816725e-05 1.689727e-08
6505 2.816660e-05 1.686672e-08
6506 2.816595e-05 1.683623e-08
6507 2.816530e-05 1.680579e-08
6508 2.816465e-05 1.677541e-08
6509 2.816401e-05 1.674508e-08
6510 2.816336e-05 1.671481e-08
6511 2.816272e-05 1.668459e-08
6512 2.816208e-05 1.665442e-08
6513 2.816144e-05 1.662431e-08
6514 2.816080e-05 1.659426e-08
6515 2.816016e-05 1.656426e-08
6516 2.815952e-05 1.653431e-08
6517 2.815889e-05 1.650442e-08
6518 2.815825e-05 1.647458e-08
6519 2.815762e-05 1.644479e-08
6520 2.815699e-05 1.641506e-08
6521 2.815636e-05 1.638539e-08
6522 2.815573e-05 1.635576e-08
6523 2.815510e-05 1.632619e-08
6524 2.815448e-05 1.629668e-08
6525 2.815385e-05 1.626721e-08
6526 2.815323e-05 1.623780e-08
6527 2.815260e-05 1.620845e-08
6528 2.815198e-05 1.617914e-08
6529 2.815136e-05 1.614989e-08
6530 2.815074e-05 1.612069e-08
6531 2.815013e-05 1.609155e-08
6532 2.814951e-05 1.606246e-08
6533 2.814890e-05 1.603342e-08
6534 2.814828e-05 1.600443e-08
6535 2.814767e-05 1.597550e-08
6536 2.814706e-05 1.594661e-08
6537 2.814645e-05 1.591778e-08
6538 2.814584e-05 1.588901e-08
6539 2.814523e-05 1.586028e-08
6540 2.814462e-05 1.583161e-08
6541 2.814402e-05 1.580298e-08
6542 2.814342e-05 1.577441e-08
6543 2.814281e-05 1.574589e-08
6544 2.814221e-05 1.571743e-08
6545 2.814161e-05 1.568901e-08
6546 2.814101e-05 1.566065e-08
6547 2.814041e-05 1.563233e-08
6548 2.813982e-05 1.560407e-08
6549 2.813922e-05 1.557586e-08
6550 2.813863e-05 1.554770e-08
6551 2.813803e-05 1.551959e-08
6552 2.813744e-05 1.549153e-08
6553 2.813685e-05 1.546353e-08
6554 2.813626e-05 1.543557e-08
6555 2.813567e-05 1.540766e-08
6556 2.813509e-05 1.537981e-08
6557 2.813450e-05 1.535200e-08
6558 2.813392e-05 1.532425e-08
6559 2.813333e-05 1.529654e-08
6560 2.813275e-05 1.526889e-08
6561 2.813217e-05 1.524128e-08
6562 2.813159e-05 1.521373e-08
6563 2.813101e-05 1.518622e-08
6564 2.813043e-05 1.515877e-08
6565 2.812985e-05 1.513136e-08
6566 2.812928e-05 1.510400e-08
6567 2.812870e-05 1.507670e-08
6568 2.812813e-05 1.504944e-08
6569 2.812756e-05 1.502223e-08
6570 2.812699e-05 1.499507e-08
6571 2.812642e-05 1.496796e-08
6572 2.812585e-05 1.494090e-08
6573 2.812528e-05 1.491389e-08
6574 2.812472e-05 1.488693e-08
6575 2.812415e-05 1.486001e-08
6576 2.812359e-05 1.483315e-08
6577 2.812302e-05 1.480633e-08
6578 2.812246e-05 1.477956e-08
6579 2.812190e-05 1.475284e-08
6580 2.812134e-05 1.472617e-08
6581 2.812078e-05 1.469954e-08
6582 2.812023e-05 1.467297e-08
6583 2.811967e-05 1.464644e-08
6584 2.811912e-05 1.461996e-08
6585 2.811856e-05 1.459353e-08
6586 2.811801e-05 1.456715e-08
6587 2.811746e-05 1.454081e-08
6588 2.811691e-05 1.451452e-08
6589 2.811636e-05 1.448828e-08
6590 2.811581e-05 1.446209e-08
6591 2.811526e-05 1.443594e-08
6592 2.811471e-05 1.440984e-08
6593 2.811417e-05 1.438379e-08
6594 2.811362e-05 1.435778e-08
6595 2.811308e-05 1.433183e-08
6596 2.811254e-05 1.430592e-08
6597 2.811200e-05 1.428005e-08
6598 2.811146e-05 1.425423e-08
6599 2.811092e-05 1.422846e-08
6600 2.811038e-05 1.420274e-08
6601 2.810985e-05 1.417706e-08
6602 2.810931e-05 1.415143e-08
6603 2.810878e-05 1.412585e-08
6604 2.810824e-05 1.410031e-08
6605 2.810771e-05 1.407482e-08
6606 2.810718e-05 1.404937e-08
6607 2.810665e-05 1.402397e-08
6608 2.810612e-05 1.399862e-08
6609 2.810559e-05 1.397331e-08
6610 2.810507e-05 1.394805e-08
6611 2.810454e-05 1.392283e-08
6612 2.810402e-05 1.389766e-08
6613 2.810349e-05 1.387253e-08
6614 2.810297e-05 1.384745e-08
6615 2.810245e-05 1.382242e-08
6616 2.810193e-05 1.379743e-08
6617 2.810141e-05 1.377248e-08
6618 2.810089e-05 1.374758e-08
6619 2.810037e-05 1.372273e-08
6620 2.809985e-05 1.369792e-08
6621 2.809934e-05 1.367315e-08
6622 2.809882e-05 1.364843e-08
6623 2.809831e-05 1.362376e-08
6624 2.809780e-05 1.359913e-08
6625 2.809729e-05 1.357454e-08
6626 2.809678e-05 1.355000e-08
6627 2.809627e-05 1.352550e-08
6628 2.809576e-05 1.350105e-08
6629 2.809525e-05 1.347664e-08
6630 2.809474e-05 1.345228e-08
6631 2.809424e-05 1.342795e-08
6632 2.809373e-05 1.340368e-08
6633 2.809323e-05 1.337945e-08
6634 2.809273e-05 1.335526e-08
6635 2.809223e-05 1.333111e-08
6636 2.809173e-05 1.330701e-08
6637 2.809123e-05 1.328295e-08
6638 2.809073e-05 1.325894e-08
6639 2.809023e-05 1.323497e-08
6640 2.808974e-05 1.321104e-08
6641 2.808924e-05 1.318715e-08
6642 2.808875e-05 1.316331e-08
6643 2.808825e-05 1.313951e-08
6644 2.808776e-05 1.311576e-08
6645 2.808727e-05 1.309205e-08
6646 2.808678e-05 1.306838e-08
6647 2.808629e-05 1.304475e-08
6648 2.808580e-05 1.302117e-08
6649 2.808531e-05 1.299763e-08
6650 2.808483e-05 1.297413e-08
6651 2.808434e-05 1.295067e-08
6652 2.808386e-05 1.292726e-08
6653 2.808337e-05 1.290389e-08
6654 2.808289e-05 1.288056e-08
6655 2.808241e-05 1.285727e-08
6656 2.808193e-05 1.283402e-08
6657 2.808145e-05 1.281082e-08
6658 2.808097e-05 1.278766e-08
6659 2.808049e-05 1.276454e-08
6660 2.808001e-05 1.274146e-08
6661 2.807954e-05 1.271843e-08
6662 2.807906e-05 1.269543e-08
6663 2.807859e-05 1.267248e-08
6664 2.807811e-05 1.264957e-08
6665 2.807764e-05 1.262670e-08
6666 2.807717e-05 1.260387e-08
6667 2.807670e-05 1.258109e-08
6668 2.807623e-05 1.255834e-08
6669 2.807576e-05 1.253564e-08
6670 2.807529e-05 1.251297e-08
6671 2.807483e-05 1.249035e-08
6672 2.807436e-05 1.246777e-08
6673 2.807389e-05 1.244523e-08
6674 2.807343e-05 1.242273e-08
6675 2.807297e-05 1.240027e-08
6676 2.807251e-05 1.237785e-08
6677 2.807204e-05 1.235547e-08
6678 2.807158e-05 1.233314e-08
6679 2.807112e-05 1.231084e-08
6680 2.807067e-05 1.228858e-08
6681 2.807021e-05 1.226636e-08
6682 2.806975e-05 1.224419e-08
6683 2.806930e-05 1.222205e-08
6684 2.806884e-05 1.219995e-08
6685 2.806839e-05 1.217790e-08
6686 2.806793e-05 1.215588e-08
6687 2.806748e-05 1.213390e-08
6688 2.806703e-05 1.211197e-08
6689 2.806658e-05 1.209007e-08
6690 2.806613e-05 1.206821e-08
6691 2.806568e-05 1.204639e-08
6692 2.806523e-05 1.202461e-08
6693 2.806479e-05 1.200288e-08
6694 2.806434e-05 1.198117e-08
6695 2.806390e-05 1.195951e-08
6696 2.806345e-05 1.193789e-08
6697 2.806301e-05 1.191631e-08
6698 2.806256e-05 1.189477e-08
6699 2.806212e-05 1.187326e-08
6700 2.806168e-05 1.185179e-08
6701 2.806124e-05 1.183037e-08
6702 2.806080e-05 1.180898e-08
6703 2.806036e-05 1.178763e-08
6704 2.805993e-05 1.176632e-08
6705 2.805949e-05 1.174505e-08
6706 2.805906e-05 1.172381e-08
6707 2.805862e-05 1.170262e-08
6708 2.805819e-05 1.168146e-08
6709 2.805775e-05 1.166034e-08
6710 2.805732e-05 1.163926e-08
6711 2.805689e-05 1.161822e-08
6712 2.805646e-05 1.159721e-08
6713 2.805603e-05 1.157624e-08
6714 2.805560e-05 1.155532e-08
6715 2.805517e-05 1.153442e-08
6716 2.805475e-05 1.151357e-08
6717 2.805432e-05 1.149276e-08
6718 2.805389e-05 1.147198e-08
6719 2.805347e-05 1.145124e-08
6720 2.805305e-05 1.143053e-08
6721 2.805262e-05 1.140987e-08
6722 2.805220e-05 1.138924e-08
6723 2.805178e-05 1.136865e-08
6724 2.805136e-05 1.134810e-08
6725 2.805094e-05 1.132758e-08
6726 2.805052e-05 1.130710e-08
6727 2.805010e-05 1.128666e-08
6728 2.804969e-05 1.126625e-08
6729 2.804927e-05 1.124588e-08
6730 2.804885e-05 1.122555e-08
6731 2.804844e-05 1.120526e-08
6732 2.804802e-05 1.118500e-08
6733 2.804761e-05 1.116478e-08
6734 2.804720e-05 1.114459e-08
6735 2.804679e-05 1.112444e-08
6736 2.804638e-05 1.110433e-08
6737 2.804597e-05 1.108426e-08
6738 2.804556e-05 1.106422e-08
6739 2.804515e-05 1.104421e-08
6740 2.804474e-05 1.102425e-08
6741 2.804434e-05 1.100432e-08
6742 2.804393e-05 1.098442e-08
6743 2.804352e-05 1.096456e-08
6744 2.804312e-05 1.094474e-08
6745 2.804272e-05 1.092495e-08
6746 2.804231e-05 1.090520e-08
6747 2.804191e-05 1.088548e-08
6748 2.804151e-05 1.086580e-08
6749 2.804111e-05 1.084616e-08
6750 2.804071e-05 1.082655e-08
6751 2.804031e-05 1.080698e-08
6752 2.803991e-05 1.078744e-08
6753 2.803952e-05 1.076794e-08
6754 2.803912e-05 1.074847e-08
6755 2.803873e-05 1.072904e-08
6756 2.803833e-05 1.070964e-08
6757 2.803794e-05 1.069028e-08
6758 2.803754e-05 1.067095e-08
6759 2.803715e-05 1.065166e-08
6760 2.803676e-05 1.063240e-08
6761 2.803637e-05 1.061318e-08
6762 2.803598e-05 1.059399e-08
6763 2.803559e-05 1.057484e-08
6764 2.803520e-05 1.055572e-08
6765 2.803481e-05 1.053663e-08
6766 2.803442e-05 1.051759e-08
6767 2.803404e-05 1.049857e-08
6768 2.803365e-05 1.047959e-08
6769 2.803327e-05 1.046064e-08
6770 2.803288e-05 1.044173e-08
6771 2.803250e-05 1.042285e-08
6772 2.803212e-05 1.040401e-08
6773 2.803173e-05 1.038520e-08
6774 2.803135e-05 1.036642e-08
6775 2.803097e-05 1.034768e-08
6776 2.803059e-05 1.032898e-08
6777 2.803021e-05 1.031030e-08
6778 2.802984e-05 1.029166e-08
6779 2.802946e-05 1.027305e-08
6780 2.802908e-05 1.025448e-08
6781 2.802870e-05 1.023594e-08
6782 2.802833e-05 1.021744e-08
6783 2.802795e-05 1.019896e-08
6784 2.802758e-05 1.018053e-08
6785 2.802721e-05 1.016212e-08
6786 2.802684e-05 1.014375e-08
6787 2.802646e-05 1.012541e-08
6788 2.802609e-05 1.010710e-08
6789 2.802572e-05 1.008883e-08
6790 2.802535e-05 1.007059e-08
6791 2.802498e-05 1.005238e-08
6792 2.802462e-05 1.003421e-08
6793 2.802425e-05 1.001607e-08
6794 2.802388e-05 9.997960e-09
