# step err_l2 res_l2
0 2.463645e-01 1.000000e+00
1 2.334745e-01 1.710987e-01
2 2.285715e-01 9.880994e-02
3 2.248251e-01 7.163109e-02
4 2.216884e-01 5.713547e-02
5 2.189445e-01 4.800007e-02
6 2.164808e-01 4.165616e-02
7 2.142301e-01 3.696273e-02
8 2.121484e-01 3.333211e-02
9 2.102051e-01 3.042919e-02
10 2.083778e-01 2.804812e-02
11 2.066495e-01 2.605505e-02
12 2.050072e-01 2.435896e-02
13 2.034403e-01 2.289568e-02
14 2.019404e-01 2.161857e-02
15 2.005003e-01 2.049286e-02
16 1.991143e-01 1.949210e-02
17 1.977774e-01 1.859574e-02
18 1.964852e-01 1.778759e-02
19 1.952342e-01 1.705472e-02
20 1.940211e-01 1.638664e-02
21 1.928432e-01 1.577475e-02
22 1.916979e-01 1.521196e-02
23 1.905831e-01 1.469233e-02
24 1.894968e-01 1.421086e-02
25 1.884372e-01 1.376331e-02
26 1.874028e-01 1.334606e-02
27 1.863921e-01 1.295600e-02
28 1.854038e-01 1.259044e-02
29 1.844367e-01 1.224703e-02
30 1.834897e-01 1.192373e-02
31 1.825619e-01 1.161874e-02
32 1.816523e-01 1.133048e-02
33 1.807601e-01 1.105754e-02
34 1.798844e-01 1.079869e-02
35 1.790246e-01 1.055279e-02
36 1.781800e-01 1.031887e-02
37 1.773499e-01 1.009603e-02
38 1.765338e-01 9.883448e-03
39 1.757311e-01 9.680413e-03
40 1.749413e-01 9.486261e-03
41 1.741640e-01 9.300394e-03
42 1.733985e-01 9.122268e-03
43 1.726447e-01 8.951385e-03
44 1.719019e-01 8.787291e-03
45 1.711699e-01 8.629571e-03
46 1.704483e-01 8.477841e-03
47 1.697368e-01 8.331751e-03
48 1.690350e-01 8.190976e-03
49 1.683426e-01 8.055218e-03
50 1.676594e-01 7.924199e-03
51 1.669850e-01 7.797664e-03
52 1.663193e-01 7.675375e-03
53 1.656619e-01 7.557112e-03
54 1.650126e-01 7.442668e-03
55 1.643712e-01 7.331854e-03
56 1.637375e-01 7.224489e-03
57 1.631113e-01 7.120409e-03
58 1.624923e-01 7.019456e-03
59 1.618804e-01 6.921486e-03
60 1.612754e-01 6.826360e-03
61 1.606772e-01 6.733951e-03
62 1.600855e-01 6.644139e-03
63 1.595002e-01 6.556810e-03
64 1.589211e-01 6.471857e-03
65 1.583482e-01 6.389179e-03
66 1.577812e-01 6.308683e-03
67 1.572200e-01 6.230278e-03
68 1.566645e-01 6.153880e-03
69 1.561146e-01 6.079409e-03
70 1.555701e-01 6.006789e-03
71 1.550310e-01 5.935949e-03
72 1.544970e-01 5.866820e-03
73 1.539681e-01 5.799339e-03
74 1.534443e-01 5.733444e-03
75 1.529253e-01 5.669078e-03
76 1.524111e-01 5.606184e-03
77 1.519016e-01 5.544710e-03
78 1.513967e-01 5.484607e-03
79 1.508963e-01 5.425827e-03
80 1.504003e-01 5.368324e-03
81 1.499086e-01 5.312055e-03
82 1.494213e-01 5.256978e-03
83 1.489381e-01 5.203056e-03
84 1.484589e-01 5.150249e-03
85 1.479839e-01 5.098521e-03
86 1.475127e-01 5.047839e-03
87 1.470455e-01 4.998169e-03
88 1.465820e-01 4.949480e-03
89 1.461223e-01 4.901741e-03
90 1.456663e-01 4.854924e-03
91 1.452139e-01 4.809001e-03
92 1.447651e-01 4.763945e-03
93 1.443197e-01 4.719731e-03
94 1.438778e-01 4.676333e-03
95 1.434393e-01 4.633729e-03
96 1.430041e-01 4.591896e-03
97 1.425722e-01 4.550812e-03
98 1.421435e-01 4.510456e-03
99 1.417179e-01 4.470809e-03
100 1.412955e-01 4.431849e-03
101 1.408762e-01 4.393560e-03
102 1.404599e-01 4.355923e-03
103 1.400465e-01 4.318920e-03
104 1.396362e-01 4.282535e-03
105 1.392286e-01 4.246752e-03
106 1.388240e-01 4.211556e-03
107 1.384221e-01 4.176930e-03
108 1.380230e-01 4.142861e-03
109 1.376267e-01 4.109335e-03
110 1.372330e-01 4.076339e-03
111 1.368420e-01 4.043858e-03
112 1.364536e-01 4.011882e-03
113 1.360677e-01 3.980397e-03
114 1.356844e-01 3.949391e-03
115 1.353036e-01 3.918854e-03
116 1.349253e-01 3.888774e-03
117 1.345494e-01 3.859140e-03
118 1.341759e-01 3.829943e-03
119 1.338048e-01 3.801172e-03
120 1.334360e-01 3.772817e-03
121 1.330695e-01 3.744870e-03
122 1.327053e-01 3.717320e-03
123 1.323434e-01 3.690160e-03
124 1.319837e-01 3.663380e-03
125 1.316261e-01 3.636972e-03
126 1.312708e-01 3.610929e-03
127 1.309175e-01 3.585242e-03
128 1.305664e-01 3.559904e-03
129 1.302174e-01 3.534907e-03
130 1.298704e-01 3.510244e-03
131 1.295255e-01 3.485909e-03
132 1.291826e-01 3.461894e-03
133 1.288416e-01 3.438193e-03
134 1.285026e-01 3.414800e-03
135 1.281656e-01 3.391708e-03
136 1.278304e-01 3.368911e-03
137 1.274972e-01 3.346404e-03
138 1.271658e-01 3.324181e-03
139 1.268363e-01 3.302236e-03
140 1.265086e-01 3.280563e-03
141 1.261827e-01 3.259159e-03
142 1.258586e-01 3.238016e-03
143 1.255363e-01 3.217131e-03
144 1.252157e-01 3.196499e-03
145 1.248968e-01 3.176114e-03
146 1.245797e-01 3.155973e-03
147 1.242642e-01 3.136070e-03
148 1.239504e-01 3.116402e-03
149 1.236383e-01 3.096964e-03
150 1.233277e-01 3.077752e-03
151 1.230188e-01 3.058762e-03
152 1.227115e-01 3.039990e-03
153 1.224058e-01 3.021432e-03
154 1.221017e-01 3.003084e-03
155 1.217991e-01 2.984943e-03
156 1.214980e-01 2.967005e-03
157 1.211984e-01 2.949266e-03
158 1.209004e-01 2.931724e-03
159 1.206038e-01 2.914375e-03
160 1.203087e-01 2.897215e-03
161 1.200150e-01 2.880242e-03
162 1.197228e-01 2.863452e-03
163 1.194320e-01 2.846843e-03
164 1.191426e-01 2.830411e-03
165 1.188547e-01 2.814153e-03
166 1.185681e-01 2.798067e-03
167 1.182828e-01 2.782150e-03
168 1.179990e-01 2.766399e-03
169 1.177164e-01 2.750812e-03
170 1.174352e-01 2.735386e-03
171 1.171553e-01 2.720118e-03
172 1.168767e-01 2.705006e-03
173 1.165994e-01 2.690048e-03
174 1.163234e-01 2.675241e-03
175 1.160487e-01 2.660583e-03
176 1.157752e-01 2.646072e-03
177 1.155029e-01 2.631705e-03
178 1.152319e-01 2.617481e-03
179 1.149621e-01 2.603397e-03
180 1.146935e-01 2.589451e-03
181 1.144261e-01 2.575641e-03
182 1.141599e-01 2.561965e-03
183 1.138948e-01 2.548421e-03
184 1.136309e-01 2.535008e-03
185 1.133682e-01 2.521723e-03
186 1.131066e-01 2.508565e-03
187 1.128462e-01 2.495531e-03
188 1.125868e-01 2.482621e-03
189 1.123286e-01 2.469832e-03
190 1.120715e-01 2.457163e-03
191 1.118155e-01 2.444611e-03
192 1.115605e-01 2.432176e-03
193 1.113067e-01 2.419856e-03
194 1.110539e-01 2.407649e-03
195 1.108021e-01 2.395554e-03
196 1.105514e-01 2.383569e-03
197 1.103017e-01 2.371693e-03
198 1.100531e-01 2.359924e-03
199 1.098055e-01 2.348261e-03
200 1.095588e-01 2.336703e-03
201 1.093132e-01 2.325248e-03
202 1.090686e-01 2.313894e-03
203 1.088250e-01 2.302641e-03
204 1.085823e-01 2.291488e-03
205 1.083406e-01 2.280432e-03
206 1.080999e-01 2.269473e-03
207 1.078601e-01 2.258610e-03
208 1.076213e-01 2.247841e-03
209 1.073834e-01 2.237165e-03
210 1.071464e-01 2.226581e-03
211 1.069103e-01 2.216088e-03
212 1.066752e-01 2.205685e-03
213 1.064410e-01 2.195371e-03
214 1.062076e-01 2.185144e-03
215 1.059752e-01 2.175003e-03
216 1.057436e-01 2.164949e-03
217 1.055129e-01 2.154978e-03
218 1.052831e-01 2.145091e-03
219 1.050542e-01 2.135287e-03
220 1.048261e-01 2.125564e-03
221 1.045988e-01 2.115922e-03
222 1.043724e-01 2.106360e-03
223 1.041469e-01 2.096876e-03
224 1.039221e-01 2.087470e-03
225 1.036982e-01 2.078141e-03
226 1.034751e-01 2.068888e-03
227 1.032529e-01 2.059710e-03
228 1.030314e-01 2.050606e-03
229 1.028107e-01 2.041576e-03
230 1.025908e-01 2.032619e-03
231 1.023717e-01 2.023734e-03
232 1.021534e-01 2.014919e-03
233 1.019359e-01 2.006175e-03
234 1.017191e-01 1.997501e-03
235 1.015031e-01 1.988895e-03
236 1.012878e-01 1.980357e-03
237 1.010733e-01 1.971887e-03
238 1.008595e-01 1.963483e-03
239 1.006465e-01 1.955144e-03
240 1.004342e-01 1.946871e-03
241 1.002227e-01 1.938663e-03
242 1.000119e-01 1.930518e-03
243 9.980176e-02 1.922436e-03
244 9.959236e-02 1.914417e-03
245 9.938368e-02 1.906459e-03
246 9.917570e-02 1.898562e-03
247 9.896842e-02 1.890726e-03
248 9.876183e-02 1.882950e-03
249 9.855593e-02 1.875233e-03
250 9.835072e-02 1.867574e-03
251 9.814618e-02 1.859974e-03
252 9.794232e-02 1.852431e-03
253 9.773913e-02 1.844944e-03
254 9.753661e-02 1.837514e-03
255 9.733474e-02 1.830140e-03
256 9.713353e-02 1.822820e-03
257 9.693298e-02 1.815556e-03
258 9.673307e-02 1.808345e-03
259 9.653380e-02 1.801187e-03
260 9.633518e-02 1.794083e-03
261 9.613718e-02 1.787031e-03
262 9.593982e-02 1.780031e-03
263 9.574308e-02 1.773082e-03
264 9.554696e-02 1.766184e-03
265 9.535146e-02 1.759336e-03
266 9.515657e-02 1.752538e-03
267 9.496230e-02 1.745790e-03
268 9.476862e-02 1.739091e-03
269 9.457555e-02 1.732439e-03
270 9.438308e-02 1.725836e-03
271 9.419120e-02 1.719280e-03
272 9.399990e-02 1.712772e-03
273 9.380920e-02 1.706310e-03
274 9.361907e-02 1.699893e-03
275 9.342953e-02 1.693523e-03
276 9.324055e-02 1.687198e-03
277 9.305215e-02 1.680918e-03
278 9.286432e-02 1.674682e-03
279 9.267705e-02 1.668490e-03
280 9.249034e-02 1.662341e-03
281 9.230418e-02 1.656236e-03
282 9.211858e-02 1.650173e-03
283 9.193353e-02 1.644153e-03
284 9.174902e-02 1.638174e-03
285 9.156505e-02 1.632237e-03
286 9.138163e-02 1.626341e-03
287 9.119874e-02 1.620486e-03
288 9.101638e-02 1.614672e-03
289 9.083456e-02 1.608897e-03
290 9.065326e-02 1.603162e-03
291 9.047248e-02 1.597466e-03
292 9.029222e-02 1.591809e-03
293 9.011248e-02 1.586191e-03
294 8.993325e-02 1.580610e-03
295 8.975454e-02 1.575068e-03
296 8.957633e-02 1.569563e-03
297 8.939863e-02 1.564095e-03
298 8.922142e-02 1.558664e-03
299 8.904472e-02 1.553269e-03
300 8.886851e-02 1.547911e-03
301 8.869279e-02 1.542588e-03
302 8.851757e-02 1.537301e-03
303 8.834283e-02 1.532049e-03
304 8.816858e-02 1.526832e-03
305 8.799481e-02 1.521649e-03
306 8.782151e-02 1.516500e-03
307 8.764869e-02 1.511385e-03
308 8.747635e-02 1.506304e-03
309 8.730448e-02 1.501256e-03
310 8.713307e-02 1.496241e-03
311 8.696213e-02 1.491259e-03
312 8.679166e-02 1.486309e-03
313 8.662164e-02 1.481391e-03
314 8.645208e-02 1.476505e-03
315 8.628298e-02 1.471651e-03
316 8.611433e-02 1.466827e-03
317 8.594613e-02 1.462035e-03
318 8.577838e-02 1.457273e-03
319 8.561107e-02 1.452542e-03
320 8.544420e-02 1.447841e-03
321 8.527778e-02 1.443170e-03
322 8.511180e-02 1.438528e-03
323 8.494625e-02 1.433916e-03
324 8.478113e-02 1.429332e-03
325 8.461645e-02 1.424778e-03
326 8.445219e-02 1.420252e-03
327 8.428836e-02 1.415754e-03
328 8.412496e-02 1.411285e-03
329 8.396197e-02 1.406843e-03
330 8.379941e-02 1.402429e-03
331 8.363727e-02 1.398042e-03
332 8.347554e-02 1.393682e-03
333 8.331423e-02 1.389349e-03
334 8.315332e-02 1.385043e-03
335 8.299283e-02 1.380763e-03
336 8.283274e-02 1.376509e-03
337 8.267306e-02 1.372281e-03
338 8.251378e-02 1.368078e-03
339 8.235491e-02 1.363901e-03
340 8.219643e-02 1.359750e-03
341 8.203835e-02 1.355623e-03
342 8.188066e-02 1.351521e-03
343 8.172337e-02 1.347444e-03
344 8.156647e-02 1.343391e-03
345 8.140996e-02 1.339362e-03
346 8.125384e-02 1.335357e-03
347 8.109810e-02 1.331376e-03
348 8.094275e-02 1.327419e-03
349 8.078777e-02 1.323484e-03
350 8.063318e-02 1.319573e-03
351 8.047897e-02 1.315685e-03
352 8.032513e-02 1.311819e-03
353 8.017167e-02 1.307976e-03
354 8.001858e-02 1.304156e-03
355 7.986586e-02 1.300357e-03
356 7.971351e-02 1.296580e-03
357 7.956153e-02 1.292825e-03
358 7.940992e-02 1.289092e-03
359 7.925867e-02 1.285380e-03
360 7.910778e-02 1.281689e-03
361 7.895725e-02 1.278019e-03
362 7.880709e-02 1.274370e-03
363 7.865728e-02 1.270742e-03
364 7.850782e-02 1.267134e-03
365 7.835873e-02 1.263546e-03
366 7.820998e-02 1.259979e-03
367 7.806159e-02 1.256431e-03
368 7.791354e-02 1.252904e-03
369 7.776584e-02 1.249395e-03
370 7.761849e-02 1.245907e-03
371 7.747149e-02 1.242437e-03
372 7.732483e-02 1.238987e-03
373 7.717851e-02 1.235555e-03
374 7.703253e-02 1.232143e-03
375 7.688689e-02 1.228749e-03
376 7.674159e-02 1.225373e-03
377 7.659663e-02 1.222016e-03
378 7.645200e-02 1.218677e-03
379 7.630770e-02 1.215355e-03
380 7.616373e-02 1.212052e-03
381 7.602010e-02 1.208766e-03
382 7.587679e-02 1.205498e-03
383 7.573382e-02 1.202248e-03
384 7.559116e-02 1.199014e-03
385 7.544884e-02 1.195798e-03
386 7.530684e-02 1.192598e-03
387 7.516516e-02 1.189416e-03
388 7.502380e-02 1.186250e-03
389 7.488276e-02 1.183100e-03
390 7.474204e-02 1.179967e-03
391 7.460163e-02 1.176850e-03
392 7.446155e-02 1.173750e-03
393 7.432177e-02 1.170665e-03
394 7.418231e-02 1.167596e-03
395 7.404317e-02 1.164543e-03
396 7.390433e-02 1.161505e-03
397 7.376580e-02 1.158483e-03
398 7.362758e-02 1.155476e-03
399 7.348967e-02 1.152484e-03
400 7.335206e-02 1.149508e-03
401 7.321476e-02 1.146546e-03
402 7.307777e-02 1.143599e-03
403 7.294107e-02 1.140667e-03
404 7.280468e-02 1.137749e-03
405 7.266858e-02 1.134846e-03
406 7.253279e-02 1.131957e-03
407 7.239729e-02 1.129082e-03
408 7.226209e-02 1.126222e-03
409 7.212718e-02 1.123375e-03
410 7.199257e-02 1.120542e-03
411 7.185826e-02 1.117723e-03
412 7.172423e-02 1.114918e-03
413 7.159050e-02 1.112126e-03
414 7.145705e-02 1.109347e-03
415 7.132390e-02 1.106582e-03
416 7.119103e-02 1.103830e-03
417 7.105845e-02 1.101091e-03
418 7.092616e-02 1.098365e-03
419 7.079415e-02 1.095652e-03
420 7.066242e-02 1.092952e-03
421 7.053098e-02 1.090264e-03
422 7.039982e-02 1.087589e-03
423 7.026894e-02 1.084926e-03
424 7.013833e-02 1.082275e-03
425 7.000801e-02 1.079637e-03
426 6.987797e-02 1.077011e-03
427 6.974820e-02 1.074397e-03
428 6.961871e-02 1.071795e-03
429 6.948949e-02 1.069205e-03
430 6.936054e-02 1.066627e-03
431 6.923187e-02 1.064060e-03
432 6.910347e-02 1.061505e-03
433 6.897535e-02 1.058961e-03
434 6.884749e-02 1.056429e-03
435 6.871990e-02 1.053907e-03
436 6.859258e-02 1.051398e-03
437 6.846553e-02 1.048899e-03
438 6.833874e-02 1.046411e-03
439 6.821222e-02 1.043934e-03
440 6.808596e-02 1.041468e-03
441 6.795997e-02 1.039013e-03
442 6.783424e-02 1.036569e-03
443 6.770877e-02 1.034135e-03
444 6.758356e-02 1.031711e-03
445 6.745861e-02 1.029298e-03
446 6.733392e-02 1.026896e-03
447 6.720949e-02 1.024503e-03
448 6.708532e-02 1.022121e-03
449 6.696141e-02 1.019749e-03
450 6.683775e-02 1.017387e-03
451 6.671435e-02 1.015034e-03
452 6.659120e-02 1.012692e-03
453 6.646830e-02 1.010360e-03
454 6.634566e-02 1.008037e-03
455 6.622327e-02 1.005724e-03
456 6.610113e-02 1.003420e-03
457 6.597924e-02 1.001126e-03
458 6.585760e-02 9.988410e-04
459 6.573620e-02 9.965656e-04
460 6.561506e-02 9.942995e-04
461 6.549416e-02 9.920425e-04
462 6.537351e-02 9.897947e-04
463 6.525311e-02 9.875560e-04
464 6.513295e-02 9.853262e-04
465 6.501304e-02 9.831053e-04
466 6.489336e-02 9.808933e-04
467 6.477393e-02 9.786900e-04
468 6.465475e-02 9.764955e-04
469 6.453580e-02 9.743096e-04
470 6.441710e-02 9.721323e-04
471 6.429863e-02 9.699636e-04
472 6.418040e-02 9.678032e-04
473 6.406241e-02 9.656513e-04
474 6.394466e-02 9.635077e-04
475 6.382715e-02 9.613723e-04
476 6.370987e-02 9.592452e-04
477 6.359283e-02 9.571262e-04
478 6.347602e-02 9.550153e-04
479 6.335945e-02 9.529124e-04
480 6.324311e-02 9.508174e-04
481 6.312700e-02 9.487304e-04
482 6.301112e-02 9.466512e-04
483 6.289548e-02 9.445798e-04
484 6.278007e-02 9.425161e-04
485 6.266488e-02 9.404601e-04
486 6.254993e-02 9.384117e-04
487 6.243520e-02 9.363709e-04
488 6.232071e-02 9.343375e-04
489 6.220644e-02 9.323117e-04
490 6.209239e-02 9.302932e-04
491 6.197858e-02 9.282820e-04
492 6.186498e-02 9.262782e-04
493 6.175162e-02 9.242816e-04
494 6.163847e-02 9.222922e-04
495 6.152556e-02 9.203099e-04
496 6.141286e-02 9.183346e-04
497 6.130039e-02 9.163665e-04
498 6.118814e-02 9.144053e-04
499 6.107610e-02 9.124510e-04
500 6.096429e-02 9.105036e-04
501 6.085270e-02 9.085631e-04
502 6.074133e-02 9.066293e-04
503 6.063018e-02 9.047023e-04
504 6.051925e-02 9.027819e-04
505 6.040853e-02 9.008683e-04
506 6.029803e-02 8.989612e-04
507 6.018775e-02 8.970606e-04
508 6.007768e-02 8.951666e-04
509 5.996783e-02 8.932790e-04
510 5.985819e-02 8.913979e-04
511 5.974877e-02 8.895231e-04
512 5.963956e-02 8.876547e-04
513 5.953056e-02 8.857925e-04
514 5.942177e-02 8.839366e-04
515 5.931320e-02 8.820868e-04
516 5.920484e-02 8.802433e-04
517 5.909669e-02 8.784058e-04
518 5.898875e-02 8.765745e-04
519 5.888102e-02 8.747491e-04
520 5.877349e-02 8.729298e-04
521 5.866618e-02 8.711164e-04
522 5.855907e-02 8.693089e-04
523 5.845217e-02 8.675073e-04
524 5.834548e-02 8.657115e-04
525 5.823900e-02 8.639216e-04
526 5.813272e-02 8.621373e-04
527 5.802664e-02 8.603588e-04
528 5.792077e-02 8.585860e-04
529 5.781511e-02 8.568189e-04
530 5.770965e-02 8.550573e-04
531 5.760439e-02 8.533013e-04
532 5.749933e-02 8.515509e-04
533 5.739448e-02 8.498059e-04
534 5.728983e-02 8.480664e-04
535 5.718538e-02 8.463323e-04
536 5.708113e-02 8.446037e-04
537 5.697708e-02 8.428804e-04
538 5.687323e-02 8.411624e-04
539 5.676958e-02 8.394497e-04
540 5.666612e-02 8.377423e-04
541 5.656287e-02 8.360401e-04
542 5.645981e-02 8.343430e-04
543 5.635696e-02 8.326512e-04
544 5.625429e-02 8.309644e-04
545 5.615183e-02 8.292828e-04
546 5.604956e-02 8.276062e-04
547 5.594748e-02 8.259347e-04
548 5.584560e-02 8.242682e-04
549 5.574392e-02 8.226066e-04
550 5.564242e-02 8.209500e-04
551 5.554113e-02 8.192982e-04
552 5.544002e-02 8.176514e-04
553 5.533911e-02 8.160094e-04
554 5.523839e-02 8.143722e-04
555 5.513786e-02 8.127398e-04
556 5.503752e-02 8.111122e-04
557 5.493737e-02 8.094893e-04
558 5.483741e-02 8.078712e-04
559 5.473765e-02 8.062577e-04
560 5.463807e-02 8.046488e-04
561 5.453868e-02 8.030446e-04
562 5.443948e-02 8.014449e-04
563 5.434046e-02 7.998499e-04
564 5.424164e-02 7.982593e-04
565 5.414300e-02 7.966733e-04
566 5.404455e-02 7.950918e-04
567 5.394628e-02 7.935147e-04
568 5.384820e-02 7.919421e-04
569 5.375031e-02 7.903739e-04
570 5.365260e-02 7.888100e-04
571 5.355507e-02 7.872506e-04
572 5.345773e-02 7.856954e-04
573 5.336058e-02 7.841446e-04
574 5.326360e-02 7.825980e-04
575 5.316681e-02 7.810558e-04
576 5.307020e-02 7.795177e-04
577 5.297378e-02 7.779839e-04
578 5.287753e-02 7.764543e-04
579 5.278147e-02 7.749288e-04
580 5.268558e-02 7.734075e-04
581 5.258988e-02 7.718903e-04
582 5.249436e-02 7.703772e-04
583 5.239901e-02 7.688681e-04
584 5.230385e-02 7.673632e-04
585 5.220886e-02 7.658622e-04
586 5.211406e-02 7.643653e-04
587 5.201943e-02 7.628723e-04
588 5.192498e-02 7.613834e-04
589 5.183070e-02 7.598983e-04
590 5.173660e-02 7.584172e-04
591 5.164268e-02 7.569400e-04
592 5.154894e-02 7.554667e-04
593 5.145537e-02 7.539972e-04
594 5.136197e-02 7.525316e-04
595 5.126875e-02 7.510698e-04
596 5.117570e-02 7.496118e-04
597 5.108283e-02 7.481576e-04
598 5.099013e-02 7.467072e-04
599 5.089761e-02 7.452605e-04
600 5.080526e-02 7.438175e-04
601 5.071308e-02 7.423782e-04
602 5.062107e-02 7.409426e-04
603 5.052923e-02 7.395107e-04
604 5.043757e-02 7.380824e-04
605 5.034607e-02 7.366578e-04
606 5.025475e-02 7.352367e-04
607 5.016360e-02 7.338193e-04
608 5.007261e-02 7.324054e-04
609 4.998180e-02 7.309951e-04
610 4.989116e-02 7.295884e-04
611 4.980068e-02 7.281851e-04
612 4.971037e-02 7.267854e-04
613 4.962024e-02 7.253891e-04
614 4.953026e-02 7.239964e-04
615 4.944046e-02 7.226070e-04
616 4.935082e-02 7.212212e-04
617 4.926135e-02 7.198387e-04
618 4.917205e-02 7.184596e-04
619 4.908291e-02 7.170840e-04
620 4.899394e-02 7.157117e-04
621 4.890513e-02 7.143427e-04
622 4.881649e-02 7.129771e-04
623 4.872801e-02 7.116148e-04
624 4.863969e-02 7.102559e-04
625 4.855154e-02 7.089002e-04
626 4.846356e-02 7.075478e-04
627 4.837573e-02 7.061987e-04
628 4.828807e-02 7.048528e-04
629 4.820057e-02 7.035101e-04
630 4.811324e-02 7.021707e-04
631 4.802606e-02 7.008345e-04
632 4.793905e-02 6.995014e-04
633 4.785219e-02 6.981716e-04
634 4.776550e-02 6.968448e-04
635 4.767897e-02 6.955213e-04
636 4.759260e-02 6.942009e-04
637 4.750639e-02 6.928835e-04
638 4.742034e-02 6.915693e-04
639 4.733444e-02 6.902582e-04
640 4.724871e-02 6.889502e-04
641 4.716313e-02 6.876452e-04
642 4.707772e-02 6.863433e-04
643 4.699246e-02 6.850444e-04
644 4.690735e-02 6.837485e-04
645 4.682241e-02 6.824557e-04
646 4.673762e-02 6.811658e-04
647 4.665299e-02 6.798789e-04
648 4.656851e-02 6.785950e-04
649 4.648419e-02 6.773141e-04
650 4.640002e-02 6.760361e-04
651 4.631602e-02 6.747610e-04
652 4.623216e-02 6.734889e-04
653 4.614846e-02 6.722196e-04
654 4.606491e-02 6.709533e-04
655 4.598152e-02 6.696898e-04
656 4.589828e-02 6.684293e-04
657 4.581520e-02 6.671716e-04
658 4.573227e-02 6.659167e-04
659 4.564949e-02 6.646647e-04
660 4.556686e-02 6.634155e-04
661 4.548438e-02 6.621691e-04
662 4.540206e-02 6.609255e-04
663 4.531989e-02 6.596847e-04
664 4.523787e-02 6.584467e-04
665 4.515600e-02 6.572115e-04
666 4.507428e-02 6.559790e-04
667 4.499271e-02 6.547492e-04
668 4.491129e-02 6.535223e-04
669 4.483002e-02 6.522980e-04
670 4.474890e-02 6.510764e-04
671 4.466793e-02 6.498576e-04
672 4.458710e-02 6.486414e-04
673 4.450643e-02 6.474280e-04
674 4.442590e-02 6.462172e-04
675 4.434552e-02 6.450091e-04
676 4.426529e-02 6.438036e-04
677 4.418521e-02 6.426008e-04
678 4.410527e-02 6.414006e-04
679 4.402548e-02 6.402030e-04
680 4.394584e-02 6.390080e-04
681 4.386634e-02 6.378157e-04
682 4.378699e-02 6.366259e-04
683 4.370778e-02 6.354387e-04
684 4.362872e-02 6.342541e-04
685 4.354981e-02 6.330721e-04
686 4.347103e-02 6.318926e-04
687 4.339241e-02 6.307157e-04
688 4.331392e-02 6.295413e-04
689 4.323558e-02 6.283694e-04
690 4.315739e-02 6.272001e-04
691 4.307933e-02 6.260332e-04
692 4.300142e-02 6.248689e-04
693 4.292366e-02 6.237070e-04
694 4.284603e-02 6.225477e-04
695 4.276855e-02 6.213908e-04
696 4.269121e-02 6.202364e-04
697 4.261401e-02 6.190844e-04
698 4.253695e-02 6.179349e-04
699 4.246003e-02 6.167878e-04
700 4.238326e-02 6.156431e-04
701 4.230662e-02 6.145009e-04
702 4.223012e-02 6.133611e-04
703 4.215377e-02 6.122237e-04
704 4.207755e-02 6.110887e-04
705 4.200147e-02 6.099561e-04
706 4.192554e-02 6.088258e-04
707 4.184974e-02 6.076980e-04
708 4.177408e-02 6.065725e-04
709 4.169855e-02 6.054493e-04
710 4.162317e-02 6.043285e-04
711 4.154792e-02 6.032101e-04
712 4.147281e-02 6.020939e-04
713 4.139784e-02 6.009801e-04
714 4.132300e-02 5.998687e-04
715 4.124830e-02 5.987595e-04
716 4.117374e-02 5.976526e-04
717 4.109932e-02 5.965481e-04
718 4.102502e-02 5.954458e-04
719 4.095087e-02 5.943458e-04
720 4.087685e-02 5.932480e-04
721 4.080297e-02 5.921526e-04
722 4.072922e-02 5.910594e-04
723 4.065560e-02 5.899684e-04
724 4.058212e-02 5.888797e-04
725 4.050877e-02 5.877932e-04
726 4.043556e-02 5.867090e-04
727 4.036248e-02 5.856270e-04
728 4.028953e-02 5.845472e-04
729 4.021672e-02 5.834696e-04
730 4.014404e-02 5.823942e-04
731 4.007149e-02 5.813210e-04
732 3.999907e-02 5.802500e-04
733 3.992679e-02 5.791811e-04
734 3.985464e-02 5.781145e-04
735 3.978262e-02 5.770500e-04
736 3.971073e-02 5.759876e-04
737 3.963897e-02 5.749275e-04
738 3.956734e-02 5.738694e-04
739 3.949584e-02 5.728135e-04
740 3.942448e-02 5.717598e-04
741 3.935324e-02 5.707082e-04
742 3.928213e-02 5.696587e-04
743 3.921115e-02 5.686113e-04
744 3.914031e-02 5.675660e-04
745 3.906959e-02 5.665228e-04
746 3.899899e-02 5.654817e-04
747 3.892853e-02 5.644428e-04
748 3.885820e-02 5.634059e-04
749 3.878799e-02 5.623710e-04
750 3.871791e-02 5.613383e-04
751 3.864796e-02 5.603076e-04
752 3.857814e-02 5.592790e-04
753 3.850844e-02 5.582524e-04
754 3.843887e-02 5.572279e-04
755 3.836943e-02 5.562054e-04
756 3.830011e-02 5.551849e-04
757 3.823092e-02 5.541665e-04
758 3.816185e-02 5.531501e-04
759 3.809291e-02 5.521358e-04
760 3.802410e-02 5.511234e-04
761 3.795541e-02 5.501131e-04
762 3.788685e-02 5.491047e-04
763 3.781841e-02 5.480983e-04
764 3.775009e-02 5.470940e-04
765 3.768190e-02 5.460916e-04
766 3.761383e-02 5.450912e-04
767 3.754589e-02 5.440928e-04
768 3.747807e-02 5.430963e-04
769 3.741037e-02 5.421018e-04
770 3.734280e-02 5.411093e-04
771 3.727535e-02 5.401187e-04
772 3.720802e-02 5.391301e-04
773 3.714082e-02 5.381434e-04
774 3.707373e-02 5.371586e-04
775 3.700677e-02 5.361758e-04
776 3.693993e-02 5.351949e-04
777 3.687321e-02 5.342159e-04
778 3.680661e-02 5.332389e-04
779 3.674014e-02 5.322637e-04
780 3.667378e-02 5.312905e-04
781 3.660755e-02 5.303191e-04
782 3.654143e-02 5.293497e-04
783 3.647544e-02 5.283821e-04
784 3.640956e-02 5.274164e-04
785 3.634380e-02 5.264526e-04
786 3.627817e-02 5.254907e-04
787 3.621265e-02 5.245307e-04
788 3.614725e-02 5.235725e-04
789 3.608197e-02 5.226162e-04
790 3.601681e-02 5.216617e-04
791 3.595177e-02 5.207091e-04
792 3.588684e-02 5.197583e-04
793 3.582204e-02 5.188094e-04
794 3.575735e-02 5.178623e-04
795 3.569278e-02 5.169170e-04
796 3.562832e-02 5.159736e-04
797 3.556398e-02 5.150320e-04
798 3.549976e-02 5.140922e-04
799 3.543566e-02 5.131542e-04
800 3.537167e-02 5.122180e-04
801 3.530780e-02 5.112836e-04
802 3.524404e-02 5.103511e-04
803 3.518040e-02 5.094203e-04
804 3.511687e-02 5.084913e-04
805 3.505346e-02 5.075641e-04
806 3.499017e-02 5.066387e-04
807 3.492699e-02 5.057151e-04
808 3.486392e-02 5.047932e-04
809 3.480097e-02 5.038731e-04
810 3.473813e-02 5.029548e-04
811 3.467541e-02 5.020382e-04
812 3.461280e-02 5.011234e-04
813 3.455030e-02 5.002103e-04
814 3.448792e-02 4.992990e-04
815 3.442565e-02 4.983894e-04
816 3.436349e-02 4.974815e-04
817 3.430145e-02 4.965754e-04
818 3.423952e-02 4.956711e-04
819 3.417770e-02 4.947684e-04
820 3.411599e-02 4.938675e-04
821 3.405439e-02 4.929682e-04
822 3.399291e-02 4.920707e-04
823 3.393154e-02 4.911750e-04
824 3.387028e-02 4.902809e-04
825 3.380913e-02 4.893885e-04
826 3.374809e-02 4.884978e-04
827 3.368716e-02 4.876088e-04
828 3.362634e-02 4.867215e-04
829 3.356563e-02 4.858358e-04
830 3.350503e-02 4.849519e-04
831 3.344454e-02 4.840696e-04
832 3.338416e-02 4.831890e-04
833 3.332389e-02 4.823101e-04
834 3.326373e-02 4.814328e-04
835 3.320368e-02 4.805572e-04
836 3.314374e-02 4.796833e-04
837 3.308391e-02 4.788110e-04
838 3.302418e-02 4.779404e-04
839 3.296456e-02 4.770714e-04
840 3.290505e-02 4.762040e-04
841 3.284565e-02 4.753383e-04
842 3.278636e-02 4.744742e-04
843 3.272717e-02 4.736118e-04
844 3.266809e-02 4.727509e-04
845 3.260912e-02 4.718917e-04
846 3.255025e-02 4.710342e-04
847 3.249149e-02 4.701782e-04
848 3.243284e-02 4.693238e-04
849 3.237429e-02 4.684711e-04
850 3.231585e-02 4.676199e-04
851 3.225751e-02 4.667704e-04
852 3.219929e-02 4.659225e-04
853 3.214116e-02 4.650761e-04
854 3.208314e-02 4.642313e-04
855 3.202523e-02 4.633882e-04
856 3.196742e-02 4.625466e-04
857 3.190972e-02 4.617066e-04
858 3.185212e-02 4.608681e-04
859 3.179462e-02 4.600313e-04
860 3.173723e-02 4.591960e-04
861 3.167994e-02 4.583622e-04
862 3.162276e-02 4.575301e-04
863 3.156568e-02 4.566994e-04
864 3.150870e-02 4.558704e-04
865 3.145182e-02 4.550429e-04
866 3.139505e-02 4.542169e-04
867 3.133839e-02 4.533925e-04
868 3.128182e-02 4.525696e-04
869 3.122536e-02 4.517483e-04
870 3.116899e-02 4.509285e-04
871 3.111274e-02 4.501102e-04
872 3.105658e-02 4.492935e-04
873 3.100052e-02 4.484783e-04
874 3.094457e-02 4.476646e-04
875 3.088871e-02 4.468524e-04
876 3.083296e-02 4.460418e-04
877 3.077731e-02 4.452326e-04
878 3.072176e-02 4.444250e-04
879 3.066631e-02 4.436188e-04
880 3.061096e-02 4.428142e-04
881 3.055571e-02 4.420110e-04
882 3.050056e-02 4.412094e-04
883 3.044551e-02 4.404093e-04
884 3.039056e-02 4.396106e-04
885 3.033571e-02 4.388134e-04
886 3.028096e-02 4.380177e-04
887 3.022630e-02 4.372235e-04
888 3.017175e-02 4.364308e-04
889 3.011729e-02 4.356395e-04
890 3.006294e-02 4.348497e-04
891 3.000868e-02 4.340614e-04
892 2.995452e-02 4.332745e-04
893 2.990046e-02 4.324891e-04
894 2.984649e-02 4.317051e-04
895 2.979262e-02 4.309226e-04
896 2.973885e-02 4.301416e-04
897 2.968518e-02 4.293620e-04
898 2.963161e-02 4.285838e-04
899 2.957813e-02 4.278071e-04
900 2.952475e-02 4.270318e-04
901 2.947146e-02 4.262580e-04
902 2.941827e-02 4.254856e-04
903 2.936518e-02 4.247146e-04
904 2.931218e-02 4.239451e-04
905 2.925928e-02 4.231769e-04
906 2.920648e-02 4.224102e-04
907 2.915377e-02 4.216449e-04
908 2.910115e-02 4.208811e-04
909 2.904863e-02 4.201186e-04
910 2.899621e-02 4.193576e-04
911 2.894388e-02 4.185979e-04
912 2.889164e-02 4.178397e-04
913 2.883950e-02 4.170828e-04
914 2.878746e-02 4.163274e-04
915 2.873550e-02 4.155733e-04
916 2.868365e-02 4.148207e-04
917 2.863188e-02 4.140694e-04
918 2.858021e-02 4.133195e-04
919 2.852863e-02 4.125710e-04
920 2.847715e-02 4.118239e-04
921 2.842576e-02 4.110782e-04
922 2.837446e-02 4.103338e-04
923 2.832325e-02 4.095908e-04
924 2.827214e-02 4.088492e-04
925 2.822112e-02 4.081089e-04
926 2.817019e-02 4.073700e-04
927 2.811935e-02 4.066325e-04
928 2.806861e-02 4.058963e-04
929 2.801796e-02 4.051615e-04
930 2.796739e-02 4.044280e-04
931 2.791692e-02 4.036959e-04
932 2.786655e-02 4.029651e-04
933 2.781626e-02 4.022357e-04
934 2.776606e-02 4.015076e-04
935 2.771596e-02 4.007809e-04
936 2.766594e-02 4.000554e-04
937 2.761601e-02 3.993314e-04
938 2.756618e-02 3.986086e-04
939 2.751644e-02 3.978872e-04
940 2.746678e-02 3.971671e-04
941 2.741721e-02 3.964483e-04
942 2.736774e-02 3.957309e-04
943 2.731835e-02 3.950147e-04
944 2.726906e-02 3.942999e-04
945 2.721985e-02 3.935864e-04
946 2.717073e-02 3.928742e-04
947 2.712170e-02 3.921633e-04
948 2.707276e-02 3.914537e-04
949 2.702390e-02 3.907454e-04
950 2.697514e-02 3.900385e-04
951 2.692646e-02 3.893328e-04
952 2.687787e-02 3.886284e-04
953 2.682937e-02 3.879253e-04
954 2.678096e-02 3.872235e-04
955 2.673263e-02 3.865229e-04
956 2.668439e-02 3.858237e-04
957 2.663624e-02 3.851257e-04
958 2.658818e-02 3.844290e-04
959 2.654020e-02 3.837336e-04
960 2.649231e-02 3.830395e-04
961 2.644450e-02 3.823466e-04
962 2.639679e-02 3.816550e-04
963 2.634915e-02 3.809647e-04
964 2.630161e-02 3.802756e-04
965 2.625415e-02 3.795878e-04
966 2.620677e-02 3.789013e-04
967 2.615949e-02 3.782160e-04
968 2.611228e-02 3.775320e-04
969 2.606516e-02 3.768492e-04
970 2.601813e-02 3.761676e-04
971 2.597118e-02 3.754873e-04
972 2.592432e-02 3.748083e-04
973 2.587754e-02 3.741305e-04
974 2.583085e-02 3.734539e-04
975 2.578424e-02 3.727786e-04
976 2.573771e-02 3.721045e-04
977 2.569127e-02 3.714316e-04
978 2.564492e-02 3.707600e-04
979 2.559864e-02 3.700896e-04
980 2.555245e-02 3.694204e-04
981 2.550634e-02 3.687525e-04
982 2.546032e-02 3.680857e-04
983 2.541438e-02 3.674202e-04
984 2.536852e-02 3.667559e-04
985 2.532275e-02 3.660928e-04
986 2.527706e-02 3.654309e-04
987 2.523145e-02 3.647703e-04
988 2.518592e-02 3.641108e-04
989 2.514048e-02 3.634525e-04
990 2.509511e-02 3.627955e-04
991 2.504983e-02 3.621396e-04
992 2.500464e-02 3.614849e-04
993 2.495952e-02 3.608315e-04
994 2.491448e-02 3.601792e-04
995 2.486953e-02 3.595281e-04
996 2.482466e-02 3.588782e-04
997 2.477986e-02 3.582295e-04
998 2.473515e-02 3.575819e-04
999 2.469052e-02 3.569356e-04
1000 2.464597e-02 3.562904e-04
1001 2.460150e-02 3.556464e-04
1002 2.455711e-02 3.550036e-04
1003 2.451280e-02 3.543619e-04
1004 2.446858e-02 3.537214e-04
1005 2.442443e-02 3.530821e-04
1006 2.438036e-02 3.524440e-04
1007 2.433637e-02 3.518070e-04
1008 2.429246e-02 3.511711e-04
1009 2.424863e-02 3.505365e-04
1010 2.420487e-02 3.499029e-04
1011 2.416120e-02 3.492706e-04
1012 2.411761e-02 3.486394e-04
1013 2.407409e-02 3.480093e-04
1014 2.403066e-02 3.473804e-04
1015 2.398730e-02 3.467526e-04
1016 2.394402e-02 3.461260e-04
1017 2.390082e-02 3.455005e-04
1018 2.385769e-02 3.448762e-04
1019 2.381465e-02 3.442529e-04
1020 2.377168e-02 3.436309e-04
1021 2.372879e-02 3.430099e-04
1022 2.368598e-02 3.423901e-04
1023 2.364324e-02 3.417714e-04
1024 2.360058e-02 3.411538e-04
1025 2.355800e-02 3.405374e-04
1026 2.351550e-02 3.399221e-04
1027 2.347307e-02 3.393079e-04
1028 2.343072e-02 3.386948e-04
1029 2.338844e-02 3.380828e-04
1030 2.334624e-02 3.374720e-04
1031 2.330412e-02 3.368622e-04
1032 2.326207e-02 3.362536e-04
1033 2.322010e-02 3.356461e-04
1034 2.317821e-02 3.350396e-04
1035 2.313639e-02 3.344343e-04
1036 2.309465e-02 3.338301e-04
1037 2.305298e-02 3.332270e-04
1038 2.301139e-02 3.326249e-04
1039 2.296987e-02 3.320240e-04
1040 2.292843e-02 3.314242e-04
1041 2.288706e-02 3.308254e-04
1042 2.284577e-02 3.302278e-04
1043 2.280455e-02 3.296312e-04
1044 2.276340e-02 3.290357e-04
1045 2.272233e-02 3.284413e-04
1046 2.268134e-02 3.278479e-04
1047 2.264042e-02 3.272557e-04
1048 2.259957e-02 3.266645e-04
1049 2.255879e-02 3.260744e-04
1050 2.251809e-02 3.254854e-04
1051 2.247747e-02 3.248974e-04
1052 2.243691e-02 3.243105e-04
1053 2.239643e-02 3.237247e-04
1054 2.235603e-02 3.231399e-04
1055 2.231569e-02 3.225562e-04
1056 2.227543e-02 3.219735e-04
1057 2.223524e-02 3.213920e-04
1058 2.219512e-02 3.208114e-04
1059 2.215508e-02 3.202319e-04
1060 2.211511e-02 3.196535e-04
1061 2.207521e-02 3.190761e-04
1062 2.203538e-02 3.184998e-04
1063 2.199563e-02 3.179245e-04
1064 2.195594e-02 3.173503e-04
1065 2.191633e-02 3.167771e-04
1066 2.187679e-02 3.162049e-04
1067 2.183732e-02 3.156338e-04
1068 2.179792e-02 3.150637e-04
1069 2.175860e-02 3.144947e-04
1070 2.171934e-02 3.139266e-04
1071 2.168016e-02 3.133597e-04
1072 2.164104e-02 3.127937e-04
1073 2.160200e-02 3.122288e-04
1074 2.156303e-02 3.116649e-04
1075 2.152412e-02 3.111020e-04
1076 2.148529e-02 3.105401e-04
1077 2.144653e-02 3.099793e-04
1078 2.140784e-02 3.094194e-04
1079 2.136921e-02 3.088606e-04
1080 2.133066e-02 3.083028e-04
1081 2.129218e-02 3.077460e-04
1082 2.125376e-02 3.071902e-04
1083 2.121542e-02 3.066355e-04
1084 2.117715e-02 3.060817e-04
1085 2.113894e-02 3.055289e-04
1086 2.110080e-02 3.049772e-04
1087 2.106273e-02 3.044264e-04
1088 2.102473e-02 3.038767e-04
1089 2.098680e-02 3.033279e-04
1090 2.094894e-02 3.027801e-04
1091 2.091115e-02 3.022333e-04
1092 2.087342e-02 3.016876e-04
1093 2.083576e-02 3.011428e-04
1094 2.079817e-02 3.005990e-04
1095 2.076065e-02 3.000561e-04
1096 2.072320e-02 2.995143e-04
1097 2.068581e-02 2.989734e-04
1098 2.064849e-02 2.984335e-04
1099 2.061124e-02 2.978946e-04
1100 2.057406e-02 2.973567e-04
1101 2.053694e-02 2.968198e-04
1102 2.049989e-02 2.962838e-04
1103 2.046291e-02 2.957488e-04
1104 2.042599e-02 2.952147e-04
1105 2.038914e-02 2.946817e-04
1106 2.035236e-02 2.941496e-04
1107 2.031564e-02 2.936184e-04
1108 2.027899e-02 2.930882e-04
1109 2.024240e-02 2.925590e-04
1110 2.020588e-02 2.920308e-04
1111 2.016943e-02 2.915034e-04
1112 2.013304e-02 2.909771e-04
1113 2.009672e-02 2.904517e-04
1114 2.006047e-02 2.899273e-04
1115 2.002428e-02 2.894038e-04
1116 1.998815e-02 2.888812e-04
1117 1.995209e-02 2.883596e-04
1118 1.991610e-02 2.878390e-04
1119 1.988017e-02 2.873192e-04
1120 1.984430e-02 2.868005e-04
1121 1.980850e-02 2.862826e-04
1122 1.977277e-02 2.857657e-04
1123 1.973710e-02 2.852498e-04
1124 1.970149e-02 2.847347e-04
1125 1.966595e-02 2.842206e-04
1126 1.963047e-02 2.837075e-04
1127 1.959506e-02 2.831952e-04
1128 1.955971e-02 2.826839e-04
1129 1.952442e-02 2.821736e-04
1130 1.948920e-02 2.816641e-04
1131 1.945404e-02 2.811556e-04
1132 1.941894e-02 2.806479e-04
1133 1.938391e-02 2.801412e-04
1134 1.934894e-02 2.796355e-04
1135 1.931404e-02 2.791306e-04
1136 1.927920e-02 2.786266e-04
1137 1.924442e-02 2.781236e-04
1138 1.920970e-02 2.776215e-04
1139 1.917504e-02 2.771202e-04
1140 1.914045e-02 2.766199e-04
1141 1.910592e-02 2.761205e-04
1142 1.907146e-02 2.756220e-04
1143 1.903705e-02 2.751244e-04
1144 1.900271e-02 2.746277e-04
1145 1.896843e-02 2.741319e-04
1146 1.893421e-02 2.736370e-04
1147 1.890005e-02 2.731430e-04
1148 1.886595e-02 2.726499e-04
1149 1.883192e-02 2.721576e-04
1150 1.879795e-02 2.716663e-04
1151 1.876404e-02 2.711758e-04
1152 1.873019e-02 2.706863e-04
1153 1.869640e-02 2.701976e-04
1154 1.866267e-02 2.697098e-04
1155 1.862900e-02 2.692229e-04
1156 1.859540e-02 2.687369e-04
1157 1.856185e-02 2.682517e-04
1158 1.852837e-02 2.677675e-04
1159 1.849494e-02 2.672841e-04
1160 1.846158e-02 2.668015e-04
1161 1.842827e-02 2.663199e-04
1162 1.839503e-02 2.658391e-04
1163 1.836185e-02 2.653592e-04
1164 1.832872e-02 2.648802e-04
1165 1.829566e-02 2.644020e-04
1166 1.826265e-02 2.639247e-04
1167 1.822971e-02 2.634482e-04
1168 1.819682e-02 2.629727e-04
1169 1.816400e-02 2.624979e-04
1170 1.813123e-02 2.620241e-04
1171 1.809852e-02 2.615511e-04
1172 1.806587e-02 2.610789e-04
1173 1.803328e-02 2.606076e-04
1174 1.800075e-02 2.601372e-04
1175 1.796828e-02 2.596676e-04
1176 1.793586e-02 2.591988e-04
1177 1.790351e-02 2.587309e-04
1178 1.787121e-02 2.582639e-04
1179 1.783897e-02 2.577976e-04
1180 1.780679e-02 2.573323e-04
1181 1.777467e-02 2.568677e-04
1182 1.774261e-02 2.564041e-04
1183 1.771060e-02 2.559412e-04
1184 1.767865e-02 2.554792e-04
1185 1.764676e-02 2.550180e-04
1186 1.761493e-02 2.545577e-04
1187 1.758315e-02 2.540982e-04
1188 1.755143e-02 2.536395e-04
1189 1.751977e-02 2.531816e-04
1190 1.748817e-02 2.527246e-04
1191 1.745662e-02 2.522684e-04
1192 1.742513e-02 2.518130e-04
1193 1.739370e-02 2.513585e-04
1194 1.736232e-02 2.509048e-04
1195 1.733100e-02 2.504519e-04
1196 1.729974e-02 2.499998e-04
1197 1.726853e-02 2.495485e-04
1198 1.723738e-02 2.490980e-04
1199 1.720628e-02 2.486484e-04
1200 1.717525e-02 2.481996e-04
1201 1.714426e-02 2.477516e-04
1202 1.711334e-02 2.473043e-04
1203 1.708247e-02 2.468579e-04
1204 1.705165e-02 2.464124e-04
1205 1.702089e-02 2.459676e-04
1206 1.699019e-02 2.455236e-04
1207 1.695954e-02 2.450804e-04
1208 1.692895e-02 2.446380e-04
1209 1.689841e-02 2.441964e-04
1210 1.686793e-02 2.437557e-04
1211 1.683750e-02 2.433157e-04
1212 1.680713e-02 2.428765e-04
1213 1.677681e-02 2.424381e-04
1214 1.674655e-02 2.420005e-04
1215 1.671634e-02 2.415636e-04
1216 1.668618e-02 2.411276e-04
1217 1.665608e-02 2.406924e-04
1218 1.662604e-02 2.402579e-04
1219 1.659605e-02 2.398243e-04
1220 1.656611e-02 2.393914e-04
1221 1.653623e-02 2.389593e-04
1222 1.650640e-02 2.385280e-04
1223 1.647662e-02 2.380974e-04
1224 1.644690e-02 2.376677e-04
1225 1.641723e-02 2.372387e-04
1226 1.638762e-02 2.368105e-04
1227 1.635806e-02 2.363830e-04
1228 1.632855e-02 2.359564e-04
1229 1.629910e-02 2.355305e-04
1230 1.626970e-02 2.351053e-04
1231 1.624035e-02 2.346810e-04
1232 1.621105e-02 2.342574e-04
1233 1.618181e-02 2.338346e-04
1234 1.615262e-02 2.334125e-04
1235 1.612348e-02 2.329912e-04
1236 1.609440e-02 2.325707e-04
1237 1.606537e-02 2.321509e-04
1238 1.603639e-02 2.317319e-04
1239 1.600746e-02 2.313136e-04
1240 1.597859e-02 2.308961e-04
1241 1.594976e-02 2.304793e-04
1242 1.592099e-02 2.300633e-04
1243 1.589228e-02 2.296481e-04
1244 1.586361e-02 2.292336e-04
1245 1.583499e-02 2.288198e-04
1246 1.580643e-02 2.284068e-04
1247 1.577792e-02 2.279946e-04
1248 1.574946e-02 2.275831e-04
1249 1.572105e-02 2.271723e-04
1250 1.569269e-02 2.267623e-04
1251 1.566438e-02 2.263530e-04
1252 1.563613e-02 2.259444e-04
1253 1.560792e-02 2.255366e-04
1254 1.557977e-02 2.251296e-04
1255 1.555167e-02 2.247232e-04
1256 1.552362e-02 2.243176e-04
1257 1.549561e-02 2.239127e-04
1258 1.546766e-02 2.235086e-04
1259 1.543976e-02 2.231052e-04
1260 1.541191e-02 2.227025e-04
1261 1.538411e-02 2.223006e-04
1262 1.535636e-02 2.218993e-04
1263 1.532866e-02 2.214988e-04
1264 1.530101e-02 2.210990e-04
1265 1.527341e-02 2.207000e-04
1266 1.524586e-02 2.203017e-04
1267 1.521836e-02 2.199040e-04
1268 1.519091e-02 2.195071e-04
1269 1.516351e-02 2.191110e-04
1270 1.513616e-02 2.187155e-04
1271 1.510886e-02 2.183207e-04
1272 1.508161e-02 2.179267e-04
1273 1.505440e-02 2.175334e-04
1274 1.502725e-02 2.171407e-04
1275 1.500014e-02 2.167488e-04
1276 1.497309e-02 2.163576e-04
1277 1.494608e-02 2.159671e-04
1278 1.491912e-02 2.155774e-04
1279 1.489221e-02 2.151883e-04
1280 1.486535e-02 2.147999e-04
1281 1.483853e-02 2.144122e-04
1282 1.481177e-02 2.140252e-04
1283 1.478505e-02 2.136389e-04
1284 1.475838e-02 2.132534e-04
1285 1.473176e-02 2.128685e-04
1286 1.470519e-02 2.124843e-04
1287 1.467867e-02 2.121008e-04
1288 1.465219e-02 2.117180e-04
1289 1.462576e-02 2.113359e-04
1290 1.459938e-02 2.109544e-04
1291 1.457305e-02 2.105737e-04
1292 1.454676e-02 2.101936e-04
1293 1.452052e-02 2.098143e-04
1294 1.449433e-02 2.094356e-04
1295 1.446819e-02 2.090576e-04
1296 1.444209e-02 2.086803e-04
1297 1.441604e-02 2.083037e-04
1298 1.439004e-02 2.079277e-04
1299 1.436408e-02 2.075524e-04
1300 1.433817e-02 2.071778e-04
1301 1.431231e-02 2.068039e-04
1302 1.428650e-02 2.064307e-04
1303 1.426073e-02 2.060581e-04
1304 1.423501e-02 2.056862e-04
1305 1.420933e-02 2.053150e-04
1306 1.418370e-02 2.049444e-04
1307 1.415812e-02 2.045746e-04
1308 1.413258e-02 2.042053e-04
1309 1.410709e-02 2.038368e-04
1310 1.408164e-02 2.034689e-04
1311 1.405624e-02 2.031017e-04
1312 1.403089e-02 2.027351e-04
1313 1.400558e-02 2.023692e-04
1314 1.398032e-02 2.020040e-04
1315 1.395511e-02 2.016394e-04
1316 1.392994e-02 2.012755e-04
1317 1.390481e-02 2.009122e-04
1318 1.387973e-02 2.005496e-04
1319 1.385470e-02 2.001877e-04
1320 1.382971e-02 1.998264e-04
1321 1.380476e-02 1.994658e-04
1322 1.377986e-02 1.991058e-04
1323 1.375501e-02 1.987464e-04
1324 1.373020e-02 1.983877e-04
1325 1.370543e-02 1.980297e-04
1326 1.368071e-02 1.976723e-04
1327 1.365604e-02 1.973155e-04
1328 1.363141e-02 1.969594e-04
1329 1.360682e-02 1.966039e-04
1330 1.358228e-02 1.962491e-04
1331 1.355778e-02 1.958949e-04
1332 1.353333e-02 1.955414e-04
1333 1.350892e-02 1.951885e-04
1334 1.348455e-02 1.948362e-04
1335 1.346023e-02 1.944846e-04
1336 1.343595e-02 1.941336e-04
1337 1.341172e-02 1.937832e-04
1338 1.338753e-02 1.934335e-04
1339 1.336338e-02 1.930844e-04
1340 1.333928e-02 1.927359e-04
1341 1.331522e-02 1.923881e-04
1342 1.329121e-02 1.920408e-04
1343 1.326723e-02 1.916943e-04
1344 1.324330e-02 1.913483e-04
1345 1.321942e-02 1.910030e-04
1346 1.319557e-02 1.906582e-04
1347 1.317177e-02 1.903141e-04
1348 1.314802e-02 1.899707e-04
1349 1.312430e-02 1.896278e-04
1350 1.310063e-02 1.892856e-04
1351 1.307700e-02 1.889440e-04
1352 1.305342e-02 1.886030e-04
1353 1.302987e-02 1.882626e-04
1354 1.300637e-02 1.879228e-04
1355 1.298292e-02 1.875837e-04
1356 1.295950e-02 1.872451e-04
1357 1.293613e-02 1.869072e-04
1358 1.291279e-02 1.865699e-04
1359 1.288950e-02 1.862332e-04
1360 1.286626e-02 1.858971e-04
1361 1.284305e-02 1.855616e-04
1362 1.281989e-02 1.852267e-04
1363 1.279677e-02 1.848924e-04
1364 1.277368e-02 1.845587e-04
1365 1.275065e-02 1.842256e-04
1366 1.272765e-02 1.838932e-04
1367 1.270469e-02 1.835613e-04
1368 1.268178e-02 1.832300e-04
1369 1.265891e-02 1.828993e-04
1370 1.263608e-02 1.825692e-04
1371 1.261329e-02 1.822397e-04
1372 1.259054e-02 1.819108e-04
1373 1.256783e-02 1.815825e-04
1374 1.254516e-02 1.812548e-04
1375 1.252254e-02 1.809277e-04
1376 1.249995e-02 1.806012e-04
1377 1.247741e-02 1.802753e-04
1378 1.245490e-02 1.799499e-04
1379 1.243244e-02 1.796251e-04
1380 1.241002e-02 1.793010e-04
1381 1.238763e-02 1.789774e-04
1382 1.236529e-02 1.786544e-04
1383 1.234299e-02 1.783320e-04
1384 1.232073e-02 1.780101e-04
1385 1.229851e-02 1.776889e-04
1386 1.227633e-02 1.773682e-04
1387 1.225419e-02 1.770481e-04
1388 1.223209e-02 1.767286e-04
1389 1.221002e-02 1.764096e-04
1390 1.218800e-02 1.760912e-04
1391 1.216602e-02 1.757734e-04
1392 1.214408e-02 1.754562e-04
1393 1.212218e-02 1.751396e-04
1394 1.210031e-02 1.748235e-04
1395 1.207849e-02 1.745080e-04
1396 1.205671e-02 1.741930e-04
1397 1.203496e-02 1.738787e-04
1398 1.201326e-02 1.735649e-04
1399 1.199159e-02 1.732516e-04
1400 1.196996e-02 1.729390e-04
1401 1.194838e-02 1.726269e-04
1402 1.192683e-02 1.723153e-04
1403 1.190532e-02 1.720043e-04
1404 1.188385e-02 1.716939e-04
1405 1.186241e-02 1.713841e-04
1406 1.184102e-02 1.710748e-04
1407 1.181966e-02 1.707660e-04
1408 1.179835e-02 1.704578e-04
1409 1.177707e-02 1.701502e-04
1410 1.175583e-02 1.698431e-04
1411 1.173463e-02 1.695366e-04
1412 1.171346e-02 1.692307e-04
1413 1.169234e-02 1.689252e-04
1414 1.167125e-02 1.686204e-04
1415 1.165020e-02 1.683161e-04
1416 1.162919e-02 1.680123e-04
1417 1.160822e-02 1.677091e-04
1418 1.158728e-02 1.674064e-04
1419 1.156639e-02 1.671043e-04
1420 1.154553e-02 1.668027e-04
1421 1.152470e-02 1.665017e-04
1422 1.150392e-02 1.662012e-04
1423 1.148317e-02 1.659013e-04
1424 1.146246e-02 1.656019e-04
1425 1.144179e-02 1.653030e-04
1426 1.142116e-02 1.650047e-04
1427 1.140056e-02 1.647069e-04
1428 1.138000e-02 1.644097e-04
1429 1.135947e-02 1.641130e-04
1430 1.133899e-02 1.638168e-04
1431 1.131854e-02 1.635211e-04
1432 1.129813e-02 1.632260e-04
1433 1.127775e-02 1.629315e-04
1434 1.125741e-02 1.626374e-04
1435 1.123711e-02 1.623439e-04
1436 1.121684e-02 1.620509e-04
1437 1.119662e-02 1.617585e-04
1438 1.117642e-02 1.614665e-04
1439 1.115627e-02 1.611751e-04
1440 1.113615e-02 1.608843e-04
1441 1.111606e-02 1.605939e-04
1442 1.109602e-02 1.603041e-04
1443 1.107601e-02 1.600148e-04
1444 1.105603e-02 1.597260e-04
1445 1.103609e-02 1.594378e-04
1446 1.101619e-02 1.591500e-04
1447 1.099632e-02 1.588628e-04
1448 1.097649e-02 1.585761e-04
1449 1.095670e-02 1.582899e-04
1450 1.093694e-02 1.580043e-04
1451 1.091721e-02 1.577191e-04
1452 1.089753e-02 1.574345e-04
1453 1.087787e-02 1.571504e-04
1454 1.085826e-02 1.568668e-04
1455 1.083867e-02 1.565837e-04
1456 1.081913e-02 1.563011e-04
1457 1.079962e-02 1.560190e-04
1458 1.078014e-02 1.557374e-04
1459 1.076070e-02 1.554564e-04
1460 1.074129e-02 1.551758e-04
1461 1.072192e-02 1.548958e-04
1462 1.070259e-02 1.546162e-04
1463 1.068329e-02 1.543372e-04
1464 1.066402e-02 1.540587e-04
1465 1.064479e-02 1.537807e-04
1466 1.062559e-02 1.535031e-04
1467 1.060643e-02 1.532261e-04
1468 1.058730e-02 1.529496e-04
1469 1.056821e-02 1.526736e-04
1470 1.054915e-02 1.523980e-04
1471 1.053013e-02 1.521230e-04
1472 1.051114e-02 1.518485e-04
1473 1.049218e-02 1.515744e-04
1474 1.047326e-02 1.513009e-04
1475 1.045438e-02 1.510278e-04
1476 1.043552e-02 1.507553e-04
1477 1.041671e-02 1.504832e-04
1478 1.039792e-02 1.502116e-04
1479 1.037917e-02 1.499405e-04
1480 1.036045e-02 1.496700e-04
1481 1.034177e-02 1.493998e-04
1482 1.032312e-02 1.491302e-04
1483 1.030450e-02 1.488611e-04
1484 1.028592e-02 1.485924e-04
1485 1.026737e-02 1.483243e-04
1486 1.024886e-02 1.480566e-04
1487 1.023037e-02 1.477894e-04
1488 1.021193e-02 1.475227e-04
1489 1.019351e-02 1.472565e-04
1490 1.017513e-02 1.469907e-04
1491 1.015678e-02 1.467254e-04
1492 1.013846e-02 1.464607e-04
1493 1.012018e-02 1.461963e-04
1494 1.010193e-02 1.459325e-04
1495 1.008371e-02 1.456691e-04
1496 1.006553e-02 1.454063e-04
1497 1.004738e-02 1.451438e-04
1498 1.002926e-02 1.448819e-04
1499 1.001118e-02 1.446204e-04
1500 9.993122e-03 1.443594e-04
1501 9.975102e-03 1.440989e-04
1502 9.957114e-03 1.438389e-04
1503 9.939158e-03 1.435793e-04
1504 9.921235e-03 1.433202e-04
1505 9.903345e-03 1.430615e-04
1506 9.885486e-03 1.428033e-04
1507 9.867660e-03 1.425456e-04
1508 9.849866e-03 1.422884e-04
1509 9.832104e-03 1.420316e-04
1510 9.814374e-03 1.417753e-04
1511 9.796676e-03 1.415194e-04
1512 9.779010e-03 1.412640e-04
1513 9.761376e-03 1.410091e-04
1514 9.743774e-03 1.407546e-04
1515 9.726204e-03 1.405006e-04
1516 9.708665e-03 1.402470e-04
1517 9.691158e-03 1.399939e-04
1518 9.673682e-03 1.397413e-04
1519 9.656238e-03 1.394891e-04
1520 9.638826e-03 1.392374e-04
1521 9.621445e-03 1.389861e-04
1522 9.604095e-03 1.387353e-04
1523 9.586777e-03 1.384849e-04
1524 9.569490e-03 1.382350e-04
1525 9.552234e-03 1.379855e-04
1526 9.535009e-03 1.377365e-04
1527 9.517815e-03 1.374879e-04
1528 9.500652e-03 1.372398e-04
1529 9.483521e-03 1.369921e-04
1530 9.466420e-03 1.367449e-04
1531 9.449350e-03 1.364981e-04
1532 9.432311e-03 1.362518e-04
1533 9.415303e-03 1.360059e-04
1534 9.398325e-03 1.357605e-04
1535 9.381378e-03 1.355155e-04
1536 9.364461e-03 1.352709e-04
1537 9.347575e-03 1.350268e-04
1538 9.330720e-03 1.347831e-04
1539 9.313895e-03 1.345399e-04
1540 9.297100e-03 1.342971e-04
1541 9.280336e-03 1.340547e-04
1542 9.263602e-03 1.338128e-04
1543 9.246898e-03 1.335713e-04
1544 9.230224e-03 1.333302e-04
1545 9.213581e-03 1.330896e-04
1546 9.196967e-03 1.328494e-04
1547 9.180383e-03 1.326097e-04
1548 9.163830e-03 1.323704e-04
1549 9.147306e-03 1.321315e-04
1550 9.130812e-03 1.318930e-04
1551 9.114347e-03 1.316550e-04
1552 9.097913e-03 1.314174e-04
1553 9.081508e-03 1.311802e-04
1554 9.065133e-03 1.309435e-04
1555 9.048787e-03 1.307072e-04
1556 9.032471e-03 1.304713e-04
1557 9.016184e-03 1.302359e-04
1558 8.999927e-03 1.300008e-04
1559 8.983699e-03 1.297662e-04
1560 8.967500e-03 1.295320e-04
1561 8.951330e-03 1.292983e-04
1562 8.935190e-03 1.290649e-04
1563 8.919079e-03 1.288320e-04
1564 8.902997e-03 1.285995e-04
1565 8.886943e-03 1.283674e-04
1566 8.870919e-03 1.281358e-04
1567 8.854924e-03 1.279045e-04
1568 8.838958e-03 1.276737e-04
1569 8.823020e-03 1.274433e-04
1570 8.807111e-03 1.272133e-04
1571 8.791231e-03 1.269837e-04
1572 8.775380e-03 1.267546e-04
1573 8.759557e-03 1.265258e-04
1574 8.743763e-03 1.262975e-04
1575 8.727997e-03 1.260695e-04
1576 8.712260e-03 1.258420e-04
1577 8.696551e-03 1.256149e-04
1578 8.680870e-03 1.253882e-04
1579 8.665218e-03 1.251620e-04
1580 8.649594e-03 1.249361e-04
1581 8.633998e-03 1.247106e-04
1582 8.618431e-03 1.244856e-04
1583 8.602891e-03 1.242609e-04
1584 8.587379e-03 1.240366e-04
1585 8.571896e-03 1.238128e-04
1586 8.556440e-03 1.235894e-04
1587 8.541013e-03 1.233663e-04
1588 8.525613e-03 1.231437e-04
1589 8.510241e-03 1.229215e-04
1590 8.494896e-03 1.226996e-04
1591 8.479580e-03 1.224782e-04
1592 8.464291e-03 1.222572e-04
1593 8.449029e-03 1.220365e-04
1594 8.433795e-03 1.218163e-04
1595 8.418589e-03 1.215965e-04
1596 8.403410e-03 1.213770e-04
1597 8.388259e-03 1.211580e-04
1598 8.373134e-03 1.209393e-04
1599 8.358038e-03 1.207211e-04
1600 8.342968e-03 1.205032e-04
1601 8.327926e-03 1.202857e-04
1602 8.312910e-03 1.200687e-04
1603 8.297922e-03 1.198520e-04
1604 8.282961e-03 1.196357e-04
1605 8.268027e-03 1.194198e-04
1606 8.253119e-03 1.192043e-04
1607 8.238239e-03 1.189891e-04
1608 8.223386e-03 1.187744e-04
1609 8.208559e-03 1.185601e-04
1610 8.193759e-03 1.183461e-04
1611 8.178986e-03 1.181325e-04
1612 8.164240e-03 1.179193e-04
1613 8.149520e-03 1.177065e-04
1614 8.134826e-03 1.174941e-04
1615 8.120159e-03 1.172821e-04
1616 8.105519e-03 1.170704e-04
1617 8.090905e-03 1.168592e-04
1618 8.076318e-03 1.166483e-04
1619 8.061756e-03 1.164377e-04
1620 8.047221e-03 1.162276e-04
1621 8.032713e-03 1.160179e-04
1622 8.018230e-03 1.158085e-04
1623 8.003774e-03 1.155995e-04
1624 7.989343e-03 1.153909e-04
1625 7.974939e-03 1.151826e-04
1626 7.960561e-03 1.149748e-04
1627 7.946209e-03 1.147673e-04
1628 7.931882e-03 1.145602e-04
1629 7.917582e-03 1.143534e-04
1630 7.903307e-03 1.141471e-04
1631 7.889058e-03 1.139411e-04
1632 7.874835e-03 1.137354e-04
1633 7.860637e-03 1.135302e-04
1634 7.846465e-03 1.133253e-04
1635 7.832319e-03 1.131208e-04
1636 7.818198e-03 1.129166e-04
1637 7.804102e-03 1.127129e-04
1638 7.790032e-03 1.125095e-04
1639 7.775988e-03 1.123064e-04
1640 7.761968e-03 1.121037e-04
1641 7.747975e-03 1.119014e-04
1642 7.734006e-03 1.116995e-04
1643 7.720062e-03 1.114979e-04
1644 7.706144e-03 1.112967e-04
1645 7.692251e-03 1.110958e-04
1646 7.678383e-03 1.108953e-04
1647 7.664540e-03 1.106952e-04
1648 7.650722e-03 1.104954e-04
1649 7.636928e-03 1.102960e-04
1650 7.623160e-03 1.100970e-04
1651 7.609417e-03 1.098983e-04
1652 7.595698e-03 1.097000e-04
1653 7.582004e-03 1.095020e-04
1654 7.568335e-03 1.093044e-04
1655 7.554691e-03 1.091071e-04
1656 7.541071e-03 1.089102e-04
1657 7.527476e-03 1.087137e-04
1658 7.513905e-03 1.085175e-04
1659 7.500359e-03 1.083217e-04
1660 7.486837e-03 1.081262e-04
1661 7.473339e-03 1.079310e-04
1662 7.459866e-03 1.077363e-04
1663 7.446418e-03 1.075418e-04
1664 7.432993e-03 1.073478e-04
1665 7.419593e-03 1.071540e-04
1666 7.406217e-03 1.069607e-04
1667 7.392865e-03 1.067676e-04
1668 7.379537e-03 1.065750e-04
1669 7.366233e-03 1.063826e-04
1670 7.352954e-03 1.061906e-04
1671 7.339698e-03 1.059990e-04
1672 7.326466e-03 1.058077e-04
1673 7.313258e-03 1.056168e-04
1674 7.300074e-03 1.054262e-04
1675 7.286913e-03 1.052359e-04
1676 7.273777e-03 1.050460e-04
1677 7.260664e-03 1.048564e-04
1678 7.247575e-03 1.046672e-04
1679 7.234509e-03 1.044783e-04
1680 7.221467e-03 1.042897e-04
1681 7.208449e-03 1.041015e-04
1682 7.195454e-03 1.039137e-04
1683 7.182482e-03 1.037261e-04
1684 7.169534e-03 1.035390e-04
1685 7.156609e-03 1.033521e-04
1686 7.143708e-03 1.031656e-04
1687 7.130830e-03 1.029794e-04
1688 7.117975e-03 1.027936e-04
1689 7.105143e-03 1.026081e-04
1690 7.092334e-03 1.024229e-04
1691 7.079549e-03 1.022380e-04
1692 7.066786e-03 1.020535e-04
1693 7.054047e-03 1.018694e-04
1694 7.041331e-03 1.016855e-04
1695 7.028637e-03 1.015020e-04
1696 7.015967e-03 1.013188e-04
1697 7.003319e-03 1.011360e-04
1698 6.990694e-03 1.009535e-04
1699 6.978092e-03 1.007713e-04
1700 6.965513e-03 1.005894e-04
1701 6.952957e-03 1.004079e-04
1702 6.940423e-03 1.002267e-04
1703 6.927911e-03 1.000458e-04
1704 6.915423e-03 9.986529e-05
1705 6.902956e-03 9.968506e-05
1706 6.890513e-03 9.950517e-05
1707 6.878092e-03 9.932559e-05
1708 6.865693e-03 9.914635e-05
1709 6.853316e-03 9.896742e-05
1710 6.840962e-03 9.878882e-05
1711 6.828630e-03 9.861054e-05
1712 6.816321e-03 9.843258e-05
1713 6.804034e-03 9.825494e-05
1714 6.791768e-03 9.807763e-05
1715 6.779525e-03 9.790063e-05
1716 6.767304e-03 9.772395e-05
1717 6.755106e-03 9.754759e-05
1718 6.742929e-03 9.737155e-05
1719 6.730774e-03 9.719583e-05
1720 6.718641e-03 9.702043e-05
1721 6.706530e-03 9.684534e-05
1722 6.694441e-03 9.667057e-05
1723 6.682373e-03 9.649611e-05
1724 6.670328e-03 9.632197e-05
1725 6.658304e-03 9.614814e-05
1726 6.646302e-03 9.597462e-05
1727 6.634321e-03 9.580142e-05
1728 6.622362e-03 9.562853e-05
1729 6.610425e-03 9.545596e-05
1730 6.598509e-03 9.528369e-05
1731 6.586615e-03 9.511174e-05
1732 6.574742e-03 9.494009e-05
1733 6.562891e-03 9.476876e-05
1734 6.551061e-03 9.459773e-05
1735 6.539252e-03 9.442702e-05
1736 6.527465e-03 9.425661e-05
1737 6.515699e-03 9.408651e-05
1738 6.503954e-03 9.391671e-05
1739 6.492230e-03 9.374723e-05
1740 6.480528e-03 9.357805e-05
1741 6.468847e-03 9.340917e-05
1742 6.457186e-03 9.324060e-05
1743 6.445547e-03 9.307233e-05
1744 6.433929e-03 9.290437e-05
1745 6.422332e-03 9.273671e-05
1746 6.410755e-03 9.256935e-05
1747 6.399200e-03 9.240229e-05
1748 6.387665e-03 9.223554e-05
1749 6.376152e-03 9.206908e-05
1750 6.364659e-03 9.190293e-05
1751 6.353187e-03 9.173708e-05
1752 6.341735e-03 9.157152e-05
1753 6.330304e-03 9.140627e-05
1754 6.318894e-03 9.124131e-05
1755 6.307504e-03 9.107665e-05
1756 6.296135e-03 9.091229e-05
1757 6.284787e-03 9.074823e-05
1758 6.273459e-03 9.058446e-05
1759 6.262151e-03 9.042098e-05
1760 6.250864e-03 9.025780e-05
1761 6.239597e-03 9.009492e-05
1762 6.228350e-03 8.993233e-05
1763 6.217124e-03 8.977003e-05
1764 6.205918e-03 8.960803e-05
1765 6.194732e-03 8.944632e-05
1766 6.183567e-03 8.928490e-05
1767 6.172421e-03 8.912377e-05
1768 6.161296e-03 8.896293e-05
1769 6.150191e-03 8.880238e-05
1770 6.139106e-03 8.864213e-05
1771 6.128041e-03 8.848216e-05
1772 6.116995e-03 8.832248e-05
1773 6.105970e-03 8.816309e-05
1774 6.094965e-03 8.800398e-05
1775 6.083979e-03 8.784516e-05
1776 6.073014e-03 8.768663e-05
1777 6.062068e-03 8.752839e-05
1778 6.051142e-03 8.737043e-05
1779 6.040235e-03 8.721276e-05
1780 6.029348e-03 8.705537e-05
1781 6.018481e-03 8.689826e-05
1782 6.007634e-03 8.674144e-05
1783 5.996806e-03 8.658490e-05
1784 5.985998e-03 8.642865e-05
1785 5.975209e-03 8.627267e-05
1786 5.964439e-03 8.611698e-05
1787 5.953689e-03 8.596157e-05
1788 5.942959e-03 8.580644e-05
1789 5.932248e-03 8.565159e-05
1790 5.921556e-03 8.549702e-05
1791 5.910883e-03 8.534272e-05
1792 5.900230e-03 8.518871e-05
1793 5.889596e-03 8.503497e-05
1794 5.878981e-03 8.488151e-05
1795 5.868385e-03 8.472833e-05
1796 5.857809e-03 8.457543e-05
1797 5.847251e-03 8.442280e-05
1798 5.836713e-03 8.427044e-05
1799 5.826193e-03 8.411836e-05
1800 5.815693e-03 8.396656e-05
1801 5.805211e-03 8.381503e-05
1802 5.794749e-03 8.366377e-05
1803 5.784305e-03 8.351279e-05
1804 5.773880e-03 8.336208e-05
1805 5.763474e-03 8.321164e-05
1806 5.753087e-03 8.306147e-05
1807 5.742718e-03 8.291157e-05
1808 5.732368e-03 8.276194e-05
1809 5.722037e-03 8.261259e-05
1810 5.711725e-03 8.246350e-05
1811 5.701431e-03 8.231468e-05
1812 5.691156e-03 8.216613e-05
1813 5.680899e-03 8.201785e-05
1814 5.670661e-03 8.186984e-05
1815 5.660441e-03 8.172209e-05
1816 5.650240e-03 8.157461e-05
1817 5.640057e-03 8.142739e-05
1818 5.629892e-03 8.128045e-05
1819 5.619746e-03 8.113376e-05
1820 5.609618e-03 8.098734e-05
1821 5.599508e-03 8.084119e-05
1822 5.589417e-03 8.069530e-05
1823 5.579344e-03 8.054967e-05
1824 5.569289e-03 8.040431e-05
1825 5.559252e-03 8.025921e-05
1826 5.549233e-03 8.011437e-05
1827 5.539233e-03 7.996979e-05
1828 5.529250e-03 7.982547e-05
1829 5.519286e-03 7.968141e-05
1830 5.509339e-03 7.953761e-05
1831 5.499410e-03 7.939408e-05
1832 5.489500e-03 7.925080e-05
1833 5.479607e-03 7.910778e-05
1834 5.469732e-03 7.896501e-05
1835 5.459875e-03 7.882251e-05
1836 5.450035e-03 7.868026e-05
1837 5.440214e-03 7.853827e-05
1838 5.430410e-03 7.839654e-05
1839 5.420624e-03 7.825506e-05
1840 5.410855e-03 7.811383e-05
1841 5.401104e-03 7.797287e-05
1842 5.391371e-03 7.783215e-05
1843 5.381655e-03 7.769169e-05
1844 5.371957e-03 7.755149e-05
1845 5.362276e-03 7.741153e-05
1846 5.352613e-03 7.727183e-05
1847 5.342967e-03 7.713238e-05
1848 5.333339e-03 7.699318e-05
1849 5.323728e-03 7.685424e-05
1850 5.314134e-03 7.671554e-05
1851 5.304558e-03 7.657710e-05
1852 5.294999e-03 7.643890e-05
1853 5.285457e-03 7.630096e-05
1854 5.275932e-03 7.616326e-05
1855 5.266425e-03 7.602581e-05
1856 5.256935e-03 7.588861e-05
1857 5.247462e-03 7.575166e-05
1858 5.238006e-03 7.561495e-05
1859 5.228567e-03 7.547849e-05
1860 5.219145e-03 7.534228e-05
1861 5.209740e-03 7.520631e-05
1862 5.200352e-03 7.507059e-05
1863 5.190981e-03 7.493512e-05
1864 5.181627e-03 7.479988e-05
1865 5.172290e-03 7.466490e-05
1866 5.162969e-03 7.453015e-05
1867 5.153666e-03 7.439565e-05
1868 5.144379e-03 7.426139e-05
1869 5.135109e-03 7.412738e-05
1870 5.125856e-03 7.399360e-05
1871 5.116619e-03 7.386007e-05
1872 5.107399e-03 7.372678e-05
1873 5.098196e-03 7.359373e-05
1874 5.089009e-03 7.346091e-05
1875 5.079839e-03 7.332834e-05
1876 5.070686e-03 7.319601e-05
1877 5.061549e-03 7.306392e-05
1878 5.052428e-03 7.293206e-05
1879 5.043324e-03 7.280044e-05
1880 5.034237e-03 7.266906e-05
1881 5.025165e-03 7.253792e-05
1882 5.016111e-03 7.240702e-05
1883 5.007072e-03 7.227635e-05
1884 4.998050e-03 7.214591e-05
1885 4.989044e-03 7.201571e-05
1886 4.980054e-03 7.188575e-05
1887 4.971081e-03 7.175602e-05
1888 4.962124e-03 7.162653e-05
1889 4.953183e-03 7.149727e-05
1890 4.944258e-03 7.136824e-05
1891 4.935349e-03 7.123944e-05
1892 4.926456e-03 7.111088e-05
1893 4.917579e-03 7.098255e-05
1894 4.908719e-03 7.085445e-05
1895 4.899874e-03 7.072658e-05
1896 4.891045e-03 7.059895e-05
1897 4.882233e-03 7.047154e-05
1898 4.873436e-03 7.034436e-05
1899 4.864655e-03 7.021741e-05
1900 4.855890e-03 7.009070e-05
1901 4.847140e-03 6.996421e-05
1902 4.838407e-03 6.983795e-05
1903 4.829689e-03 6.971191e-05
1904 4.820987e-03 6.958611e-05
1905 4.812300e-03 6.946053e-05
1906 4.803630e-03 6.933518e-05
1907 4.794975e-03 6.921005e-05
1908 4.786335e-03 6.908515e-05
1909 4.777711e-03 6.896047e-05
1910 4.769103e-03 6.883602e-05
1911 4.760510e-03 6.871180e-05
1912 4.751933e-03 6.858780e-05
1913 4.743371e-03 6.846402e-05
1914 4.734825e-03 6.834047e-05
1915 4.726294e-03 6.821714e-05
1916 4.717779e-03 6.809403e-05
1917 4.709279e-03 6.797114e-05
1918 4.700794e-03 6.784848e-05
1919 4.692325e-03 6.772603e-05
1920 4.683870e-03 6.760381e-05
1921 4.675432e-03 6.748181e-05
1922 4.667008e-03 6.736003e-05
1923 4.658599e-03 6.723847e-05
1924 4.650206e-03 6.711712e-05
1925 4.641828e-03 6.699600e-05
1926 4.633465e-03 6.687510e-05
1927 4.625117e-03 6.675441e-05
1928 4.616784e-03 6.663394e-05
1929 4.608466e-03 6.651369e-05
1930 4.600163e-03 6.639366e-05
1931 4.591876e-03 6.627384e-05
1932 4.583603e-03 6.615424e-05
1933 4.575345e-03 6.603485e-05
1934 4.567102e-03 6.591568e-05
1935 4.558874e-03 6.579673e-05
1936 4.550660e-03 6.567799e-05
1937 4.542462e-03 6.555946e-05
1938 4.534278e-03 6.544115e-05
1939 4.526109e-03 6.532305e-05
1940 4.517955e-03 6.520516e-05
1941 4.509815e-03 6.508749e-05
1942 4.501691e-03 6.497003e-05
1943 4.493581e-03 6.485278e-05
1944 4.485485e-03 6.473575e-05
1945 4.477404e-03 6.461892e-05
1946 4.469338e-03 6.450230e-05
1947 4.461286e-03 6.438590e-05
1948 4.453249e-03 6.426971e-05
1949 4.445226e-03 6.415372e-05
1950 4.437218e-03 6.403795e-05
1951 4.429224e-03 6.392238e-05
1952 4.421245e-03 6.380702e-05
1953 4.413280e-03 6.369187e-05
1954 4.405329e-03 6.357693e-05
1955 4.397393e-03 6.346220e-05
1956 4.389471e-03 6.334767e-05
1957 4.381564e-03 6.323335e-05
1958 4.373670e-03 6.311923e-05
1959 4.365791e-03 6.300533e-05
1960 4.357927e-03 6.289162e-05
1961 4.350076e-03 6.277812e-05
1962 4.342239e-03 6.266483e-05
1963 4.334417e-03 6.255174e-05
1964 4.326609e-03 6.243886e-05
1965 4.318815e-03 6.232618e-05
1966 4.311035e-03 6.221370e-05
1967 4.303269e-03 6.210143e-05
1968 4.295516e-03 6.198936e-05
1969 4.287778e-03 6.187749e-05
1970 4.280054e-03 6.176582e-05
1971 4.272344e-03 6.165435e-05
1972 4.264648e-03 6.154309e-05
1973 4.256966e-03 6.143202e-05
1974 4.249297e-03 6.132116e-05
1975 4.241643e-03 6.121050e-05
1976 4.234002e-03 6.110003e-05
1977 4.226375e-03 6.098977e-05
1978 4.218762e-03 6.087970e-05
1979 4.211162e-03 6.076984e-05
1980 4.203576e-03 6.066017e-05
1981 4.196004e-03 6.055070e-05
1982 4.188446e-03 6.044142e-05
1983 4.180901e-03 6.033235e-05
1984 4.173370e-03 6.022347e-05
1985 4.165852e-03 6.011479e-05
1986 4.158348e-03 6.000630e-05
1987 4.150858e-03 5.989801e-05
1988 4.143381e-03 5.978991e-05
1989 4.135917e-03 5.968201e-05
1990 4.128467e-03 5.957431e-05
1991 4.121031e-03 5.946680e-05
1992 4.113608e-03 5.935948e-05
1993 4.106198e-03 5.925236e-05
1994 4.098801e-03 5.914543e-05
1995 4.091418e-03 5.903869e-05
1996 4.084049e-03 5.893215e-05
1997 4.076692e-03 5.882579e-05
1998 4.069349e-03 5.871963e-05
1999 4.062019e-03 5.861366e-05
2000 4.054703e-03 5.850789e-05
2001 4.047399e-03 5.840230e-05
2002 4.040109e-03 5.829690e-05
2003 4.032832e-03 5.819170e-05
2004 4.025568e-03 5.808668e-05
2005 4.018317e-03 5.798186e-05
2006 4.011079e-03 5.787722e-05
2007 4.003855e-03 5.777277e-05
2008 3.996643e-03 5.766851e-05
2009 3.989444e-03 5.756444e-05
2010 3.982259e-03 5.746056e-05
2011 3.975086e-03 5.735686e-05
2012 3.967926e-03 5.725335e-05
2013 3.960779e-03 5.715003e-05
2014 3.953646e-03 5.704689e-05
2015 3.946525e-03 5.694394e-05
2016 3.939416e-03 5.684118e-05
2017 3.932321e-03 5.673860e-05
2018 3.925238e-03 5.663620e-05
2019 3.918169e-03 5.653400e-05
2020 3.911112e-03 5.643197e-05
2021 3.904067e-03 5.633013e-05
2022 3.897036e-03 5.622848e-05
2023 3.890017e-03 5.612700e-05
2024 3.883011e-03 5.602571e-05
2025 3.876017e-03 5.592461e-05
2026 3.869036e-03 5.582368e-05
2027 3.862068e-03 5.572294e-05
2028 3.855112e-03 5.562238e-05
2029 3.848169e-03 5.552200e-05
2030 3.841238e-03 5.542180e-05
2031 3.834320e-03 5.532178e-05
2032 3.827414e-03 5.522195e-05
2033 3.820521e-03 5.512229e-05
2034 3.813640e-03 5.502281e-05
2035 3.806772e-03 5.492352e-05
2036 3.799916e-03 5.482440e-05
2037 3.793072e-03 5.472546e-05
2038 3.786241e-03 5.462670e-05
2039 3.779422e-03 5.452812e-05
2040 3.772615e-03 5.442971e-05
2041 3.765821e-03 5.433148e-05
2042 3.759039e-03 5.423344e-05
2043 3.752269e-03 5.413556e-05
2044 3.745512e-03 5.403787e-05
2045 3.738766e-03 5.394035e-05
2046 3.732033e-03 5.384300e-05
2047 3.725312e-03 5.374584e-05
2048 3.718603e-03 5.364884e-05
2049 3.711906e-03 5.355203e-05
2050 3.705221e-03 5.345538e-05
2051 3.698549e-03 5.335891e-05
2052 3.691888e-03 5.326262e-05
2053 3.685239e-03 5.316650e-05
2054 3.678603e-03 5.307055e-05
2055 3.671978e-03 5.297478e-05
2056 3.665365e-03 5.287918e-05
2057 3.658764e-03 5.278375e-05
2058 3.652176e-03 5.268849e-05
2059 3.645599e-03 5.259341e-05
2060 3.639034e-03 5.249849e-05
2061 3.632480e-03 5.240375e-05
2062 3.625939e-03 5.230918e-05
2063 3.619409e-03 5.221478e-05
2064 3.612891e-03 5.212055e-05
2065 3.606385e-03 5.202649e-05
2066 3.599891e-03 5.193260e-05
2067 3.593408e-03 5.183888e-05
2068 3.586937e-03 5.174533e-05
2069 3.580478e-03 5.165195e-05
2070 3.574031e-03 5.155873e-05
2071 3.567595e-03 5.146569e-05
2072 3.561170e-03 5.137281e-05
2073 3.554758e-03 5.128010e-05
2074 3.548357e-03 5.118756e-05
2075 3.541967e-03 5.109518e-05
2076 3.535589e-03 5.100297e-05
2077 3.529222e-03 5.091093e-05
2078 3.522867e-03 5.081905e-05
2079 3.516524e-03 5.072734e-05
2080 3.510191e-03 5.063580e-05
2081 3.503871e-03 5.054442e-05
2082 3.497561e-03 5.045320e-05
2083 3.491264e-03 5.036215e-05
2084 3.484977e-03 5.027127e-05
2085 3.478702e-03 5.018054e-05
2086 3.472438e-03 5.008998e-05
2087 3.466185e-03 4.999959e-05
2088 3.459944e-03 4.990936e-05
2089 3.453714e-03 4.981929e-05
2090 3.447495e-03 4.972938e-05
2091 3.441288e-03 4.963964e-05
2092 3.435091e-03 4.955006e-05
2093 3.428906e-03 4.946063e-05
2094 3.422732e-03 4.937137e-05
2095 3.416569e-03 4.928228e-05
2096 3.410417e-03 4.919334e-05
2097 3.404277e-03 4.910456e-05
2098 3.398147e-03 4.901595e-05
2099 3.392029e-03 4.892749e-05
2100 3.385921e-03 4.883919e-05
2101 3.379825e-03 4.875105e-05
2102 3.373739e-03 4.866307e-05
2103 3.367665e-03 4.857525e-05
2104 3.361601e-03 4.848759e-05
2105 3.355549e-03 4.840009e-05
2106 3.349507e-03 4.831274e-05
2107 3.343476e-03 4.822556e-05
2108 3.337457e-03 4.813853e-05
2109 3.331448e-03 4.805165e-05
2110 3.325449e-03 4.796494e-05
2111 3.319462e-03 4.787838e-05
2112 3.313486e-03 4.779197e-05
2113 3.307520e-03 4.770572e-05
2114 3.301565e-03 4.761963e-05
2115 3.295621e-03 4.753369e-05
2116 3.289687e-03 4.744791e-05
2117 3.283765e-03 4.736229e-05
2118 3.277852e-03 4.727681e-05
2119 3.271951e-03 4.719149e-05
2120 3.266060e-03 4.710633e-05
2121 3.260180e-03 4.702132e-05
2122 3.254311e-03 4.693646e-05
2123 3.248452e-03 4.685176e-05
2124 3.242603e-03 4.676721e-05
2125 3.236766e-03 4.668281e-05
2126 3.230938e-03 4.659856e-05
2127 3.225122e-03 4.651447e-05
2128 3.219315e-03 4.643053e-05
2129 3.213520e-03 4.634673e-05
2130 3.207734e-03 4.626309e-05
2131 3.201959e-03 4.617961e-05
2132 3.196195e-03 4.609627e-05
2133 3.190441e-03 4.601308e-05
2134 3.184697e-03 4.593004e-05
2135 3.178964e-03 4.584715e-05
2136 3.173241e-03 4.576442e-05
2137 3.167529e-03 4.568183e-05
2138 3.161826e-03 4.559939e-05
2139 3.156134e-03 4.551710e-05
2140 3.150453e-03 4.543495e-05
2141 3.144781e-03 4.535296e-05
2142 3.139120e-03 4.527111e-05
2143 3.133469e-03 4.518941e-05
2144 3.127828e-03 4.510786e-05
2145 3.122197e-03 4.502646e-05
2146 3.116577e-03 4.494520e-05
2147 3.110966e-03 4.486409e-05
2148 3.105366e-03 4.478313e-05
2149 3.099776e-03 4.470231e-05
2150 3.094196e-03 4.462164e-05
2151 3.088626e-03 4.454111e-05
2152 3.083066e-03 4.446073e-05
2153 3.077516e-03 4.438049e-05
2154 3.071977e-03 4.430040e-05
2155 3.066447e-03 4.422045e-05
2156 3.060927e-03 4.414065e-05
2157 3.055417e-03 4.406099e-05
2158 3.049917e-03 4.398148e-05
2159 3.044427e-03 4.390211e-05
2160 3.038947e-03 4.382288e-05
2161 3.033477e-03 4.374379e-05
2162 3.028016e-03 4.366485e-05
2163 3.022566e-03 4.358605e-05
2164 3.017125e-03 4.350739e-05
2165 3.011694e-03 4.342888e-05
2166 3.006273e-03 4.335050e-05
2167 3.000862e-03 4.327227e-05
2168 2.995460e-03 4.319418e-05
2169 2.990069e-03 4.311623e-05
2170 2.984687e-03 4.303842e-05
2171 2.979314e-03 4.296075e-05
2172 2.973952e-03 4.288322e-05
2173 2.968599e-03 4.280583e-05
2174 2.963256e-03 4.272858e-05
2175 2.957922e-03 4.265147e-05
2176 2.952598e-03 4.257450e-05
2177 2.947284e-03 4.249767e-05
2178 2.941979e-03 4.242097e-05
2179 2.936684e-03 4.234442e-05
2180 2.931398e-03 4.226800e-05
2181 2.926122e-03 4.219172e-05
2182 2.920855e-03 4.211558e-05
2183 2.915598e-03 4.203958e-05
2184 2.910350e-03 4.196371e-05
2185 2.905112e-03 4.188798e-05
2186 2.899884e-03 4.181239e-05
2187 2.894664e-03 4.173693e-05
2188 2.889455e-03 4.166161e-05
2189 2.884254e-03 4.158642e-05
2190 2.879063e-03 4.151137e-05
2191 2.873881e-03 4.143646e-05
2192 2.868709e-03 4.136168e-05
2193 2.863546e-03 4.128704e-05
2194 2.858392e-03 4.121253e-05
2195 2.853248e-03 4.113816e-05
2196 2.848113e-03 4.106392e-05
2197 2.842987e-03 4.098981e-05
2198 2.837871e-03 4.091584e-05
2199 2.832763e-03 4.084200e-05
2200 2.827665e-03 4.076829e-05
2201 2.822576e-03 4.069472e-05
2202 2.817497e-03 4.062128e-05
2203 2.812426e-03 4.054797e-05
2204 2.807365e-03 4.047480e-05
2205 2.802312e-03 4.040175e-05
2206 2.797269e-03 4.032884e-05
2207 2.792235e-03 4.025606e-05
2208 2.787210e-03 4.018342e-05
2209 2.782194e-03 4.011090e-05
2210 2.777187e-03 4.003851e-05
2211 2.772190e-03 3.996626e-05
2212 2.767201e-03 3.989413e-05
2213 2.762221e-03 3.982214e-05
2214 2.757250e-03 3.975027e-05
2215 2.752288e-03 3.967853e-05
2216 2.747336e-03 3.960693e-05
2217 2.742392e-03 3.953545e-05
2218 2.737457e-03 3.946410e-05
2219 2.732530e-03 3.939289e-05
2220 2.727613e-03 3.932179e-05
2221 2.722705e-03 3.925083e-05
2222 2.717805e-03 3.918000e-05
2223 2.712915e-03 3.910929e-05
2224 2.708033e-03 3.903871e-05
2225 2.703160e-03 3.896826e-05
2226 2.698296e-03 3.889794e-05
2227 2.693440e-03 3.882774e-05
2228 2.688594e-03 3.875767e-05
2229 2.683756e-03 3.868773e-05
2230 2.678927e-03 3.861791e-05
2231 2.674106e-03 3.854822e-05
2232 2.669294e-03 3.847865e-05
2233 2.664491e-03 3.840921e-05
2234 2.659697e-03 3.833989e-05
2235 2.654911e-03 3.827070e-05
2236 2.650134e-03 3.820164e-05
2237 2.645366e-03 3.813270e-05
2238 2.640606e-03 3.806388e-05
2239 2.635854e-03 3.799519e-05
2240 2.631112e-03 3.792662e-05
2241 2.626378e-03 3.785818e-05
2242 2.621652e-03 3.778985e-05
2243 2.616935e-03 3.772166e-05
2244 2.612226e-03 3.765358e-05
2245 2.607526e-03 3.758563e-05
2246 2.602835e-03 3.751780e-05
2247 2.598151e-03 3.745010e-05
2248 2.593477e-03 3.738251e-05
2249 2.588811e-03 3.731505e-05
2250 2.584153e-03 3.724771e-05
2251 2.579503e-03 3.718049e-05
2252 2.574862e-03 3.711339e-05
2253 2.570230e-03 3.704641e-05
2254 2.565605e-03 3.697956e-05
2255 2.560989e-03 3.691282e-05
2256 2.556382e-03 3.684621e-05
2257 2.551783e-03 3.677971e-05
2258 2.547192e-03 3.671334e-05
2259 2.542609e-03 3.664708e-05
2260 2.538034e-03 3.658095e-05
2261 2.533468e-03 3.651493e-05
2262 2.528910e-03 3.644903e-05
2263 2.524361e-03 3.638326e-05
2264 2.519819e-03 3.631760e-05
2265 2.515286e-03 3.625206e-05
2266 2.510761e-03 3.618663e-05
2267 2.506244e-03 3.612133e-05
2268 2.501735e-03 3.605614e-05
2269 2.497234e-03 3.599107e-05
2270 2.492742e-03 3.592612e-05
2271 2.488257e-03 3.586129e-05
2272 2.483781e-03 3.579657e-05
2273 2.479313e-03 3.573197e-05
2274 2.474853e-03 3.566749e-05
2275 2.470400e-03 3.560312e-05
2276 2.465956e-03 3.553887e-05
2277 2.461520e-03 3.547473e-05
2278 2.457092e-03 3.541071e-05
2279 2.452672e-03 3.534681e-05
2280 2.448260e-03 3.528302e-05
2281 2.443856e-03 3.521935e-05
2282 2.439460e-03 3.515579e-05
2283 2.435071e-03 3.509234e-05
2284 2.430691e-03 3.502901e-05
2285 2.426319e-03 3.496580e-05
2286 2.421954e-03 3.490270e-05
2287 2.417597e-03 3.483971e-05
2288 2.413249e-03 3.477684e-05
2289 2.408908e-03 3.471408e-05
2290 2.404574e-03 3.465143e-05
2291 2.400249e-03 3.458890e-05
2292 2.395932e-03 3.452648e-05
2293 2.391622e-03 3.446417e-05
2294 2.387320e-03 3.440197e-05
2295 2.383026e-03 3.433989e-05
2296 2.378740e-03 3.427792e-05
2297 2.374461e-03 3.421606e-05
2298 2.370190e-03 3.415431e-05
2299 2.365927e-03 3.409267e-05
2300 2.361671e-03 3.403115e-05
2301 2.357423e-03 3.396973e-05
2302 2.353183e-03 3.390843e-05
2303 2.348951e-03 3.384723e-05
2304 2.344726e-03 3.378615e-05
2305 2.340508e-03 3.372518e-05
2306 2.336299e-03 3.366432e-05
2307 2.332097e-03 3.360357e-05
2308 2.327902e-03 3.354292e-05
2309 2.323715e-03 3.348239e-05
2310 2.319536e-03 3.342196e-05
2311 2.315364e-03 3.336165e-05
2312 2.311200e-03 3.330144e-05
2313 2.307043e-03 3.324135e-05
2314 2.302894e-03 3.318136e-05
2315 2.298752e-03 3.312148e-05
2316 2.294618e-03 3.306170e-05
2317 2.290491e-03 3.300204e-05
2318 2.286371e-03 3.294248e-05
2319 2.282260e-03 3.288303e-05
2320 2.278155e-03 3.282369e-05
2321 2.274058e-03 3.276445e-05
2322 2.269968e-03 3.270532e-05
2323 2.265886e-03 3.264630e-05
2324 2.261811e-03 3.258739e-05
2325 2.257743e-03 3.252858e-05
2326 2.253683e-03 3.246988e-05
2327 2.249630e-03 3.241128e-05
2328 2.245584e-03 3.235279e-05
2329 2.241546e-03 3.229440e-05
2330 2.237515e-03 3.223612e-05
2331 2.233491e-03 3.217795e-05
2332 2.229475e-03 3.211988e-05
2333 2.225465e-03 3.206191e-05
2334 2.221463e-03 3.200405e-05
2335 2.217469e-03 3.194629e-05
2336 2.213481e-03 3.188864e-05
2337 2.209501e-03 3.183109e-05
2338 2.205527e-03 3.177365e-05
2339 2.201561e-03 3.171631e-05
2340 2.197602e-03 3.165907e-05
2341 2.193651e-03 3.160194e-05
2342 2.189706e-03 3.154491e-05
2343 2.185769e-03 3.148798e-05
2344 2.181838e-03 3.143116e-05
2345 2.177915e-03 3.137443e-05
2346 2.173999e-03 3.131781e-05
2347 2.170090e-03 3.126130e-05
2348 2.166188e-03 3.120488e-05
2349 2.162293e-03 3.114857e-05
2350 2.158405e-03 3.109235e-05
2351 2.154524e-03 3.103624e-05
2352 2.150650e-03 3.098023e-05
2353 2.146783e-03 3.092432e-05
2354 2.142923e-03 3.086852e-05
2355 2.139070e-03 3.081281e-05
2356 2.135223e-03 3.075720e-05
2357 2.131384e-03 3.070170e-05
2358 2.127552e-03 3.064629e-05
2359 2.123727e-03 3.059099e-05
2360 2.119908e-03 3.053578e-05
2361 2.116097e-03 3.048067e-05
2362 2.112292e-03 3.042567e-05
2363 2.108495e-03 3.037076e-05
2364 2.104704e-03 3.031595e-05
2365 2.100920e-03 3.026124e-05
2366 2.097142e-03 3.020663e-05
2367 2.093372e-03 3.015212e-05
2368 2.089608e-03 3.009770e-05
2369 2.085852e-03 3.004339e-05
2370 2.082102e-03 2.998917e-05
2371 2.078358e-03 2.993505e-05
2372 2.074622e-03 2.988103e-05
2373 2.070892e-03 2.982710e-05
2374 2.067169e-03 2.977327e-05
2375 2.063453e-03 2.971954e-05
2376 2.059743e-03 2.966591e-05
2377 2.056040e-03 2.961237e-05
2378 2.052344e-03 2.955893e-05
2379 2.048654e-03 2.950559e-05
2380 2.044972e-03 2.945234e-05
2381 2.041295e-03 2.939919e-05
2382 2.037626e-03 2.934613e-05
2383 2.033963e-03 2.929317e-05
2384 2.030306e-03 2.924031e-05
2385 2.026657e-03 2.918754e-05
2386 2.023013e-03 2.913487e-05
2387 2.019377e-03 2.908229e-05
2388 2.015747e-03 2.902981e-05
2389 2.012123e-03 2.897742e-05
2390 2.008506e-03 2.892512e-05
2391 2.004896e-03 2.887292e-05
2392 2.001292e-03 2.882082e-05
2393 1.997695e-03 2.876881e-05
2394 1.994104e-03 2.871689e-05
2395 1.990519e-03 2.866506e-05
2396 1.986941e-03 2.861333e-05
2397 1.983370e-03 2.856170e-05
2398 1.979805e-03 2.851015e-05
2399 1.976246e-03 2.845870e-05
2400 1.972694e-03 2.840734e-05
2401 1.969148e-03 2.835608e-05
2402 1.965609e-03 2.830491e-05
2403 1.962076e-03 2.825382e-05
2404 1.958549e-03 2.820284e-05
2405 1.955029e-03 2.815194e-05
2406 1.951515e-03 2.810114e-05
2407 1.948007e-03 2.805042e-05
2408 1.944506e-03 2.799980e-05
2409 1.941011e-03 2.794927e-05
2410 1.937523e-03 2.789883e-05
2411 1.934040e-03 2.784849e-05
2412 1.930564e-03 2.779823e-05
2413 1.927095e-03 2.774806e-05
2414 1.923631e-03 2.769799e-05
2415 1.920174e-03 2.764800e-05
2416 1.916723e-03 2.759811e-05
2417 1.913278e-03 2.754830e-05
2418 1.909840e-03 2.749859e-05
2419 1.906407e-03 2.744896e-05
2420 1.902981e-03 2.739942e-05
2421 1.899561e-03 2.734998e-05
2422 1.896147e-03 2.730062e-05
2423 1.892740e-03 2.725135e-05
2424 1.889338e-03 2.720217e-05
2425 1.885943e-03 2.715308e-05
2426 1.882554e-03 2.710408e-05
2427 1.879171e-03 2.705517e-05
2428 1.875794e-03 2.700634e-05
2429 1.872423e-03 2.695760e-05
2430 1.869058e-03 2.690896e-05
2431 1.865699e-03 2.686039e-05
2432 1.862347e-03 2.681192e-05
2433 1.859000e-03 2.676353e-05
2434 1.855660e-03 2.671524e-05
2435 1.852325e-03 2.666702e-05
2436 1.848996e-03 2.661890e-05
2437 1.845674e-03 2.657086e-05
2438 1.842357e-03 2.652291e-05
2439 1.839047e-03 2.647505e-05
2440 1.835742e-03 2.642727e-05
2441 1.832444e-03 2.637957e-05
2442 1.829151e-03 2.633197e-05
2443 1.825864e-03 2.628445e-05
2444 1.822584e-03 2.623701e-05
2445 1.819309e-03 2.618967e-05
2446 1.816040e-03 2.614240e-05
2447 1.812777e-03 2.609522e-05
2448 1.809520e-03 2.604813e-05
2449 1.806269e-03 2.600112e-05
2450 1.803023e-03 2.595420e-05
2451 1.799784e-03 2.590736e-05
2452 1.796550e-03 2.586061e-05
2453 1.793322e-03 2.581394e-05
2454 1.790100e-03 2.576735e-05
2455 1.786884e-03 2.572085e-05
2456 1.783674e-03 2.567444e-05
2457 1.780469e-03 2.562810e-05
2458 1.777270e-03 2.558185e-05
2459 1.774077e-03 2.553569e-05
2460 1.770890e-03 2.548960e-05
2461 1.767708e-03 2.544360e-05
2462 1.764533e-03 2.539769e-05
2463 1.761362e-03 2.535185e-05
2464 1.758198e-03 2.530610e-05
2465 1.755040e-03 2.526043e-05
2466 1.751887e-03 2.521485e-05
2467 1.748739e-03 2.516934e-05
2468 1.745598e-03 2.512392e-05
2469 1.742462e-03 2.507858e-05
2470 1.739332e-03 2.503332e-05
2471 1.736207e-03 2.498814e-05
2472 1.733088e-03 2.494305e-05
2473 1.729975e-03 2.489804e-05
2474 1.726867e-03 2.485310e-05
2475 1.723765e-03 2.480825e-05
2476 1.720669e-03 2.476348e-05
2477 1.717578e-03 2.471879e-05
2478 1.714493e-03 2.467418e-05
2479 1.711413e-03 2.462966e-05
2480 1.708339e-03 2.458521e-05
2481 1.705270e-03 2.454084e-05
2482 1.702207e-03 2.449655e-05
2483 1.699150e-03 2.445234e-05
2484 1.696098e-03 2.440822e-05
2485 1.693051e-03 2.436417e-05
2486 1.690010e-03 2.432020e-05
2487 1.686974e-03 2.427631e-05
2488 1.683944e-03 2.423250e-05
2489 1.680920e-03 2.418877e-05
2490 1.677901e-03 2.414511e-05
2491 1.674887e-03 2.410154e-05
2492 1.671879e-03 2.405805e-05
2493 1.668876e-03 2.401463e-05
2494 1.665879e-03 2.397129e-05
2495 1.662887e-03 2.392803e-05
2496 1.659900e-03 2.388485e-05
2497 1.656919e-03 2.384175e-05
2498 1.653943e-03 2.379872e-05
2499 1.650973e-03 2.375577e-05
2500 1.648008e-03 2.371290e-05
2501 1.645048e-03 2.367011e-05
2502 1.642094e-03 2.362739e-05
2503 1.639145e-03 2.358475e-05
2504 1.636201e-03 2.354219e-05
2505 1.633262e-03 2.349970e-05
2506 1.630329e-03 2.345729e-05
2507 1.627402e-03 2.341496e-05
2508 1.624479e-03 2.337271e-05
2509 1.621562e-03 2.333053e-05
2510 1.618650e-03 2.328842e-05
2511 1.615743e-03 2.324640e-05
2512 1.612842e-03 2.320444e-05
2513 1.609945e-03 2.316257e-05
2514 1.607054e-03 2.312077e-05
2515 1.604169e-03 2.307904e-05
2516 1.601288e-03 2.303739e-05
2517 1.598413e-03 2.299582e-05
2518 1.595543e-03 2.295432e-05
2519 1.592678e-03 2.291289e-05
2520 1.589818e-03 2.287154e-05
2521 1.586963e-03 2.283027e-05
2522 1.584114e-03 2.278907e-05
2523 1.581269e-03 2.274794e-05
2524 1.578430e-03 2.270689e-05
2525 1.575596e-03 2.266591e-05
2526 1.572767e-03 2.262501e-05
2527 1.569943e-03 2.258418e-05
2528 1.567124e-03 2.254342e-05
2529 1.564310e-03 2.250274e-05
2530 1.561502e-03 2.246213e-05
2531 1.558698e-03 2.242159e-05
2532 1.555900e-03 2.238113e-05
2533 1.553106e-03 2.234074e-05
2534 1.550318e-03 2.230042e-05
2535 1.547535e-03 2.226018e-05
2536 1.544756e-03 2.222000e-05
2537 1.541983e-03 2.217991e-05
2538 1.539215e-03 2.213988e-05
2539 1.536451e-03 2.209992e-05
2540 1.533693e-03 2.206004e-05
2541 1.530940e-03 2.202023e-05
2542 1.528191e-03 2.198049e-05
2543 1.525448e-03 2.194082e-05
2544 1.522709e-03 2.190123e-05
2545 1.519976e-03 2.186170e-05
2546 1.517247e-03 2.182225e-05
2547 1.514524e-03 2.178287e-05
2548 1.511805e-03 2.174356e-05
2549 1.509091e-03 2.170432e-05
2550 1.506382e-03 2.166515e-05
2551 1.503678e-03 2.162605e-05
2552 1.500979e-03 2.158702e-05
2553 1.498285e-03 2.154807e-05
2554 1.495595e-03 2.150918e-05
2555 1.492911e-03 2.147036e-05
2556 1.490231e-03 2.143162e-05
2557 1.487556e-03 2.139294e-05
2558 1.484886e-03 2.135433e-05
2559 1.482221e-03 2.131580e-05
2560 1.479560e-03 2.127733e-05
2561 1.476905e-03 2.123893e-05
2562 1.474254e-03 2.120060e-05
2563 1.471608e-03 2.116234e-05
2564 1.468966e-03 2.112415e-05
2565 1.466330e-03 2.108603e-05
2566 1.463698e-03 2.104798e-05
2567 1.461071e-03 2.100999e-05
2568 1.458449e-03 2.097208e-05
2569 1.455831e-03 2.093423e-05
2570 1.453219e-03 2.089645e-05
2571 1.450611e-03 2.085874e-05
2572 1.448007e-03 2.082110e-05
2573 1.445408e-03 2.078352e-05
2574 1.442815e-03 2.074601e-05
2575 1.440225e-03 2.070858e-05
2576 1.437641e-03 2.067120e-05
2577 1.435061e-03 2.063390e-05
2578 1.432485e-03 2.059666e-05
2579 1.429915e-03 2.055949e-05
2580 1.427349e-03 2.052239e-05
2581 1.424787e-03 2.048535e-05
2582 1.422231e-03 2.044838e-05
2583 1.419678e-03 2.041148e-05
2584 1.417131e-03 2.037465e-05
2585 1.414588e-03 2.033788e-05
2586 1.412050e-03 2.030117e-05
2587 1.409516e-03 2.026454e-05
2588 1.406987e-03 2.022797e-05
2589 1.404462e-03 2.019146e-05
2590 1.401942e-03 2.015502e-05
2591 1.399427e-03 2.011865e-05
2592 1.396916e-03 2.008234e-05
2593 1.394409e-03 2.004610e-05
2594 1.391907e-03 2.000993e-05
2595 1.389410e-03 1.997382e-05
2596 1.386917e-03 1.993777e-05
2597 1.384429e-03 1.990179e-05
2598 1.381945e-03 1.986587e-05
2599 1.379465e-03 1.983002e-05
2600 1.376990e-03 1.979424e-05
2601 1.374520e-03 1.975851e-05
2602 1.372054e-03 1.972286e-05
2603 1.369592e-03 1.968726e-05
2604 1.367135e-03 1.965174e-05
2605 1.364683e-03 1.961627e-05
2606 1.362234e-03 1.958087e-05
2607 1.359790e-03 1.954553e-05
2608 1.357351e-03 1.951026e-05
2609 1.354916e-03 1.947505e-05
2610 1.352485e-03 1.943991e-05
2611 1.350059e-03 1.940482e-05
2612 1.347637e-03 1.936980e-05
2613 1.345220e-03 1.933485e-05
2614 1.342807e-03 1.929996e-05
2615 1.340398e-03 1.926513e-05
2616 1.337994e-03 1.923036e-05
2617 1.335594e-03 1.919565e-05
2618 1.333198e-03 1.916101e-05
2619 1.330807e-03 1.912643e-05
2620 1.328419e-03 1.909192e-05
2621 1.326037e-03 1.905746e-05
2622 1.323658e-03 1.902307e-05
2623 1.321284e-03 1.898874e-05
2624 1.318914e-03 1.895447e-05
2625 1.316548e-03 1.892027e-05
2626 1.314187e-03 1.888612e-05
2627 1.311830e-03 1.885204e-05
2628 1.309477e-03 1.881802e-05
2629 1.307129e-03 1.878406e-05
2630 1.304784e-03 1.875016e-05
2631 1.302444e-03 1.871632e-05
2632 1.300108e-03 1.868254e-05
2633 1.297777e-03 1.864883e-05
2634 1.295449e-03 1.861517e-05
2635 1.293126e-03 1.858158e-05
2636 1.290807e-03 1.854805e-05
2637 1.288492e-03 1.851457e-05
2638 1.286181e-03 1.848116e-05
2639 1.283875e-03 1.844781e-05
2640 1.281573e-03 1.841452e-05
2641 1.279274e-03 1.838129e-05
2642 1.276980e-03 1.834811e-05
2643 1.274690e-03 1.831500e-05
2644 1.272405e-03 1.828195e-05
2645 1.270123e-03 1.824896e-05
2646 1.267845e-03 1.821602e-05
2647 1.265572e-03 1.818315e-05
2648 1.263303e-03 1.815034e-05
2649 1.261038e-03 1.811758e-05
2650 1.258776e-03 1.808489e-05
2651 1.256519e-03 1.805225e-05
2652 1.254266e-03 1.801967e-05
2653 1.252017e-03 1.798715e-05
2654 1.249773e-03 1.795469e-05
2655 1.247532e-03 1.792229e-05
2656 1.245295e-03 1.788995e-05
2657 1.243062e-03 1.785766e-05
2658 1.240834e-03 1.782543e-05
2659 1.238609e-03 1.779326e-05
2660 1.236389e-03 1.776115e-05
2661 1.234172e-03 1.772910e-05
2662 1.231959e-03 1.769711e-05
2663 1.229751e-03 1.766517e-05
2664 1.227546e-03 1.763329e-05
2665 1.225345e-03 1.760147e-05
2666 1.223149e-03 1.756970e-05
2667 1.220956e-03 1.753800e-05
2668 1.218767e-03 1.750635e-05
2669 1.216582e-03 1.747475e-05
2670 1.214402e-03 1.744322e-05
2671 1.212225e-03 1.741174e-05
2672 1.210052e-03 1.738032e-05
2673 1.207883e-03 1.734895e-05
2674 1.205717e-03 1.731764e-05
2675 1.203556e-03 1.728639e-05
2676 1.201399e-03 1.725519e-05
2677 1.199245e-03 1.722405e-05
2678 1.197096e-03 1.719297e-05
2679 1.194950e-03 1.716194e-05
2680 1.192808e-03 1.713097e-05
2681 1.190670e-03 1.710006e-05
2682 1.188536e-03 1.706920e-05
2683 1.186406e-03 1.703839e-05
2684 1.184280e-03 1.700764e-05
2685 1.182157e-03 1.697695e-05
2686 1.180039e-03 1.694631e-05
2687 1.177924e-03 1.691573e-05
2688 1.175813e-03 1.688520e-05
2689 1.173705e-03 1.685473e-05
2690 1.171602e-03 1.682431e-05
2691 1.169502e-03 1.679395e-05
2692 1.167406e-03 1.676365e-05
2693 1.165314e-03 1.673339e-05
2694 1.163226e-03 1.670319e-05
2695 1.161142e-03 1.667305e-05
2696 1.159061e-03 1.664296e-05
2697 1.156984e-03 1.661293e-05
2698 1.154911e-03 1.658295e-05
2699 1.152841e-03 1.655302e-05
2700 1.150775e-03 1.652315e-05
2701 1.148713e-03 1.649333e-05
2702 1.146655e-03 1.646356e-05
2703 1.144600e-03 1.643385e-05
2704 1.142549e-03 1.640420e-05
2705 1.140502e-03 1.637459e-05
2706 1.138459e-03 1.634504e-05
2707 1.136419e-03 1.631554e-05
2708 1.134383e-03 1.628610e-05
2709 1.132350e-03 1.625671e-05
2710 1.130322e-03 1.622737e-05
2711 1.128297e-03 1.619809e-05
2712 1.126275e-03 1.616886e-05
2713 1.124257e-03 1.613968e-05
2714 1.122243e-03 1.611055e-05
2715 1.120233e-03 1.608148e-05
2716 1.118226e-03 1.605245e-05
2717 1.116223e-03 1.602349e-05
2718 1.114223e-03 1.599457e-05
2719 1.112227e-03 1.596570e-05
2720 1.110234e-03 1.593689e-05
2721 1.108246e-03 1.590813e-05
2722 1.106260e-03 1.587942e-05
2723 1.104279e-03 1.585076e-05
2724 1.102301e-03 1.582216e-05
2725 1.100326e-03 1.579361e-05
2726 1.098355e-03 1.576510e-05
2727 1.096388e-03 1.573665e-05
2728 1.094424e-03 1.570825e-05
2729 1.092464e-03 1.567991e-05
2730 1.090507e-03 1.565161e-05
2731 1.088554e-03 1.562336e-05
2732 1.086604e-03 1.559517e-05
2733 1.084658e-03 1.556703e-05
2734 1.082715e-03 1.553893e-05
2735 1.080776e-03 1.551089e-05
2736 1.078840e-03 1.548290e-05
2737 1.076908e-03 1.545496e-05
2738 1.074980e-03 1.542707e-05
2739 1.073054e-03 1.539923e-05
2740 1.071133e-03 1.537144e-05
2741 1.069215e-03 1.534369e-05
2742 1.067300e-03 1.531600e-05
2743 1.065388e-03 1.528836e-05
2744 1.063481e-03 1.526077e-05
2745 1.061576e-03 1.523323e-05
2746 1.059675e-03 1.520574e-05
2747 1.057778e-03 1.517830e-05
2748 1.055884e-03 1.515091e-05
2749 1.053993e-03 1.512357e-05
2750 1.052106e-03 1.509628e-05
2751 1.050222e-03 1.506903e-05
2752 1.048341e-03 1.504184e-05
2753 1.046464e-03 1.501469e-05
2754 1.044591e-03 1.498760e-05
2755 1.042720e-03 1.496055e-05
2756 1.040853e-03 1.493355e-05
2757 1.038990e-03 1.490660e-05
2758 1.037130e-03 1.487970e-05
2759 1.035273e-03 1.485285e-05
2760 1.033419e-03 1.482604e-05
2761 1.031569e-03 1.479929e-05
2762 1.029722e-03 1.477258e-05
2763 1.027879e-03 1.474592e-05
2764 1.026039e-03 1.471931e-05
2765 1.024202e-03 1.469274e-05
2766 1.022369e-03 1.466623e-05
2767 1.020538e-03 1.463976e-05
2768 1.018711e-03 1.461334e-05
2769 1.016888e-03 1.458697e-05
2770 1.015068e-03 1.456065e-05
2771 1.013251e-03 1.453437e-05
2772 1.011437e-03 1.450814e-05
2773 1.009627e-03 1.448196e-05
2774 1.007819e-03 1.445582e-05
2775 1.006016e-03 1.442973e-05
2776 1.004215e-03 1.440369e-05
2777 1.002417e-03 1.437770e-05
2778 1.000623e-03 1.435175e-05
2779 9.988325e-04 1.432585e-05
2780 9.970448e-04 1.430000e-05
2781 9.952604e-04 1.427419e-05
2782 9.934791e-04 1.424843e-05
2783 9.917012e-04 1.422272e-05
2784 9.899264e-04 1.419705e-05
2785 9.881548e-04 1.417143e-05
2786 9.863864e-04 1.414586e-05
2787 9.846212e-04 1.412033e-05
2788 9.828592e-04 1.409485e-05
2789 9.811004e-04 1.406941e-05
2790 9.793448e-04 1.404402e-05
2791 9.775923e-04 1.401868e-05
2792 9.758430e-04 1.399338e-05
2793 9.740969e-04 1.396812e-05
2794 9.723539e-04 1.394292e-05
2795 9.706140e-04 1.391775e-05
2796 9.688773e-04 1.389264e-05
2797 9.671438e-04 1.386757e-05
2798 9.654133e-04 1.384254e-05
2799 9.636860e-04 1.381756e-05
2800 9.619618e-04 1.379262e-05
2801 9.602408e-04 1.376773e-05
2802 9.585228e-04 1.374289e-05
2803 9.568079e-04 1.371808e-05
2804 9.550962e-04 1.369333e-05
2805 9.533875e-04 1.366862e-05
2806 9.516819e-04 1.364395e-05
2807 9.499794e-04 1.361933e-05
2808 9.482799e-04 1.359475e-05
2809 9.465836e-04 1.357021e-05
2810 9.448903e-04 1.354572e-05
2811 9.432000e-04 1.352128e-05
2812 9.415129e-04 1.349688e-05
2813 9.398287e-04 1.347252e-05
2814 9.381476e-04 1.344821e-05
2815 9.364695e-04 1.342394e-05
2816 9.347945e-04 1.339971e-05
2817 9.331225e-04 1.337553e-05
2818 9.314535e-04 1.335139e-05
2819 9.297875e-04 1.332730e-05
2820 9.281246e-04 1.330325e-05
2821 9.264646e-04 1.327924e-05
2822 9.248077e-04 1.325527e-05
2823 9.231537e-04 1.323135e-05
2824 9.215027e-04 1.320748e-05
2825 9.198547e-04 1.318364e-05
2826 9.182097e-04 1.315985e-05
2827 9.165676e-04 1.313610e-05
2828 9.149285e-04 1.311239e-05
2829 9.132924e-04 1.308873e-05
2830 9.116592e-04 1.306511e-05
2831 9.100290e-04 1.304153e-05
2832 9.084017e-04 1.301800e-05
2833 9.067774e-04 1.299450e-05
2834 9.051560e-04 1.297105e-05
2835 9.035375e-04 1.294764e-05
2836 9.019220e-04 1.292428e-05
2837 9.003093e-04 1.290095e-05
2838 8.986996e-04 1.287767e-05
2839 8.970928e-04 1.285443e-05
2840 8.954889e-04 1.283124e-05
2841 8.938879e-04 1.280808e-05
2842 8.922897e-04 1.278497e-05
2843 8.906945e-04 1.276189e-05
2844 8.891022e-04 1.273886e-05
2845 8.875127e-04 1.271587e-05
2846 8.859261e-04 1.269293e-05
2847 8.843423e-04 1.267002e-05
2848 8.827614e-04 1.264715e-05
2849 8.811834e-04 1.262433e-05
2850 8.796082e-04 1.260155e-05
2851 8.780359e-04 1.257881e-05
2852 8.764664e-04 1.255611e-05
2853 8.748998e-04 1.253345e-05
2854 8.733359e-04 1.251083e-05
2855 8.717749e-04 1.248825e-05
2856 8.702168e-04 1.246571e-05
2857 8.686614e-04 1.244322e-05
2858 8.671088e-04 1.242076e-05
2859 8.655591e-04 1.239835e-05
2860 8.640121e-04 1.237597e-05
2861 8.624680e-04 1.235364e-05
2862 8.609266e-04 1.233134e-05
2863 8.593880e-04 1.230909e-05
2864 8.578522e-04 1.228688e-05
2865 8.563192e-04 1.226470e-05
2866 8.547889e-04 1.224257e-05
2867 8.532614e-04 1.222047e-05
2868 8.517367e-04 1.219842e-05
2869 8.502147e-04 1.217641e-05
2870 8.486955e-04 1.215443e-05
2871 8.471790e-04 1.213250e-05
2872 8.456652e-04 1.211060e-05
2873 8.441542e-04 1.208875e-05
2874 8.426459e-04 1.206693e-05
2875 8.411404e-04 1.204515e-05
2876 8.396375e-04 1.202342e-05
2877 8.381374e-04 1.200172e-05
2878 8.366400e-04 1.198006e-05
2879 8.351453e-04 1.195844e-05
2880 8.336533e-04 1.193686e-05
2881 8.321640e-04 1.191532e-05
2882 8.306773e-04 1.189381e-05
2883 8.291934e-04 1.187235e-05
2884 8.277121e-04 1.185093e-05
2885 8.262335e-04 1.182954e-05
2886 8.247576e-04 1.180819e-05
2887 8.232844e-04 1.178688e-05
2888 8.218138e-04 1.176561e-05
2889 8.203459e-04 1.174438e-05
2890 8.188806e-04 1.172318e-05
2891 8.174180e-04 1.170203e-05
2892 8.159580e-04 1.168091e-05
2893 8.145006e-04 1.165983e-05
2894 8.130459e-04 1.163879e-05
2895 8.115938e-04 1.161778e-05
2896 8.101444e-04 1.159682e-05
2897 8.086975e-04 1.157589e-05
2898 8.072533e-04 1.155500e-05
2899 8.058117e-04 1.153414e-05
2900 8.043726e-04 1.151333e-05
2901 8.029362e-04 1.149255e-05
2902 8.015024e-04 1.147181e-05
2903 8.000712e-04 1.145111e-05
2904 7.986425e-04 1.143044e-05
2905 7.972165e-04 1.140982e-05
2906 7.957930e-04 1.138922e-05
2907 7.943720e-04 1.136867e-05
2908 7.929537e-04 1.134815e-05
2909 7.915379e-04 1.132767e-05
2910 7.901247e-04 1.130723e-05
2911 7.887140e-04 1.128683e-05
2912 7.873059e-04 1.126646e-05
2913 7.859003e-04 1.124613e-05
2914 7.844972e-04 1.122583e-05
2915 7.830967e-04 1.120557e-05
2916 7.816988e-04 1.118535e-05
2917 7.803033e-04 1.116516e-05
2918 7.789104e-04 1.114501e-05
2919 7.775199e-04 1.112490e-05
2920 7.761320e-04 1.110482e-05
2921 7.747466e-04 1.108478e-05
2922 7.733638e-04 1.106478e-05
2923 7.719834e-04 1.104481e-05
2924 7.706055e-04 1.102488e-05
2925 7.692300e-04 1.100498e-05
2926 7.678571e-04 1.098512e-05
2927 7.664867e-04 1.096530e-05
2928 7.651187e-04 1.094551e-05
2929 7.637532e-04 1.092576e-05
2930 7.623902e-04 1.090604e-05
2931 7.610296e-04 1.088636e-05
2932 7.596715e-04 1.086671e-05
2933 7.583159e-04 1.084710e-05
2934 7.569626e-04 1.082753e-05
2935 7.556119e-04 1.080799e-05
2936 7.542636e-04 1.078848e-05
2937 7.529177e-04 1.076901e-05
2938 7.515742e-04 1.074958e-05
2939 7.502332e-04 1.073018e-05
2940 7.488946e-04 1.071082e-05
2941 7.475584e-04 1.069149e-05
2942 7.462247e-04 1.067219e-05
2943 7.448933e-04 1.065293e-05
2944 7.435644e-04 1.063371e-05
2945 7.422378e-04 1.061452e-05
2946 7.409136e-04 1.059536e-05
2947 7.395919e-04 1.057624e-05
2948 7.382725e-04 1.055715e-05
2949 7.369555e-04 1.053810e-05
2950 7.356409e-04 1.051908e-05
2951 7.343287e-04 1.050010e-05
2952 7.330188e-04 1.048115e-05
2953 7.317113e-04 1.046224e-05
2954 7.304062e-04 1.044336e-05
2955 7.291034e-04 1.042451e-05
2956 7.278030e-04 1.040570e-05
2957 7.265049e-04 1.038692e-05
2958 7.252092e-04 1.036817e-05
2959 7.239158e-04 1.034946e-05
2960 7.226248e-04 1.033079e-05
2961 7.213361e-04 1.031214e-05
2962 7.200497e-04 1.029353e-05
2963 7.187656e-04 1.027496e-05
2964 7.174839e-04 1.025641e-05
2965 7.162045e-04 1.023790e-05
2966 7.149274e-04 1.021943e-05
2967 7.136526e-04 1.020099e-05
2968 7.123801e-04 1.018258e-05
2969 7.111099e-04 1.016420e-05
2970 7.098420e-04 1.014586e-05
2971 7.085764e-04 1.012755e-05
2972 7.073130e-04 1.010927e-05
2973 7.060520e-04 1.009103e-05
2974 7.047932e-04 1.007282e-05
2975 7.035367e-04 1.005464e-05
2976 7.022825e-04 1.003649e-05
2977 7.010306e-04 1.001838e-05
2978 6.997809e-04 1.000030e-05
2979 6.985335e-04 9.982254e-06
2980 6.972883e-04 9.964239e-06
2981 6.960454e-04 9.946257e-06
2982 6.948047e-04 9.928308e-06
2983 6.935663e-04 9.910391e-06
2984 6.923301e-04 9.892506e-06
2985 6.910961e-04 9.874653e-06
2986 6.898644e-04 9.856833e-06
2987 6.886349e-04 9.839045e-06
2988 6.874076e-04 9.821289e-06
2989 6.861825e-04 9.803565e-06
2990 6.849597e-04 9.785873e-06
2991 6.837390e-04 9.768212e-06
2992 6.825206e-04 9.750584e-06
2993 6.813043e-04 9.732988e-06
2994 6.800903e-04 9.715423e-06
2995 6.788785e-04 9.697890e-06
2996 6.776688e-04 9.680389e-06
2997 6.764614e-04 9.662919e-06
2998 6.752561e-04 9.645481e-06
2999 6.740530e-04 9.628074e-06
3000 6.728520e-04 9.610699e-06
3001 6.716533e-04 9.593355e-06
3002 6.704567e-04 9.576042e-06
3003 6.692623e-04 9.558761e-06
3004 6.680700e-04 9.541510e-06
3005 6.668799e-04 9.524291e-06
3006 6.656919e-04 9.507103e-06
3007 6.645061e-04 9.489946e-06
3008 6.633224e-04 9.472820e-06
3009 6.621409e-04 9.455725e-06
3010 6.609615e-04 9.438660e-06
3011 6.597842e-04 9.421627e-06
3012 6.586091e-04 9.404624e-06
3013 6.574361e-04 9.387652e-06
3014 6.562652e-04 9.370711e-06
3015 6.550964e-04 9.353800e-06
3016 6.539298e-04 9.336919e-06
3017 6.527652e-04 9.320069e-06
3018 6.516027e-04 9.303250e-06
3019 6.504424e-04 9.286461e-06
3020 6.492841e-04 9.269702e-06
3021 6.481280e-04 9.252973e-06
3022 6.469739e-04 9.236275e-06
3023 6.458219e-04 9.219607e-06
3024 6.446720e-04 9.202968e-06
3025 6.435242e-04 9.186360e-06
3026 6.423785e-04 9.169782e-06
3027 6.412348e-04 9.153234e-06
3028 6.400932e-04 9.136715e-06
3029 6.389537e-04 9.120227e-06
3030 6.378162e-04 9.103768e-06
3031 6.366808e-04 9.087339e-06
3032 6.355474e-04 9.070939e-06
3033 6.344161e-04 9.054569e-06
3034 6.332868e-04 9.038229e-06
3035 6.321595e-04 9.021918e-06
3036 6.310343e-04 9.005637e-06
3037 6.299112e-04 8.989385e-06
3038 6.287900e-04 8.973162e-06
3039 6.276709e-04 8.956968e-06
3040 6.265539e-04 8.940804e-06
3041 6.254388e-04 8.924669e-06
3042 6.243257e-04 8.908563e-06
3043 6.232147e-04 8.892486e-06
3044 6.221057e-04 8.876438e-06
3045 6.209986e-04 8.860420e-06
3046 6.198936e-04 8.844430e-06
3047 6.187906e-04 8.828468e-06
3048 6.176896e-04 8.812536e-06
3049 6.165905e-04 8.796632e-06
3050 6.154935e-04 8.780758e-06
3051 6.143984e-04 8.764911e-06
3052 6.133053e-04 8.749094e-06
3053 6.122142e-04 8.733305e-06
3054 6.111251e-04 8.717544e-06
3055 6.100379e-04 8.701812e-06
3056 6.089527e-04 8.686108e-06
3057 6.078695e-04 8.670433e-06
3058 6.067882e-04 8.654786e-06
3059 6.057089e-04 8.639167e-06
3060 6.046315e-04 8.623576e-06
3061 6.035560e-04 8.608013e-06
3062 6.024826e-04 8.592479e-06
3063 6.014110e-04 8.576972e-06
3064 6.003414e-04 8.561494e-06
3065 5.992737e-04 8.546043e-06
3066 5.982080e-04 8.530621e-06
3067 5.971442e-04 8.515226e-06
3068 5.960823e-04 8.499859e-06
3069 5.950223e-04 8.484520e-06
3070 5.939643e-04 8.469208e-06
3071 5.929081e-04 8.453924e-06
3072 5.918539e-04 8.438668e-06
3073 5.908016e-04 8.423439e-06
3074 5.897512e-04 8.408237e-06
3075 5.887026e-04 8.393063e-06
3076 5.876560e-04 8.377917e-06
3077 5.866113e-04 8.362798e-06
3078 5.855684e-04 8.347706e-06
3079 5.845275e-04 8.332641e-06
3080 5.834884e-04 8.317603e-06
3081 5.824512e-04 8.302593e-06
3082 5.814159e-04 8.287610e-06
3083 5.803824e-04 8.272653e-06
3084 5.793509e-04 8.257724e-06
3085 5.783212e-04 8.242822e-06
3086 5.772933e-04 8.227946e-06
3087 5.762673e-04 8.213098e-06
3088 5.752432e-04 8.198276e-06
3089 5.742209e-04 8.183481e-06
3090 5.732005e-04 8.168712e-06
3091 5.721819e-04 8.153971e-06
3092 5.711651e-04 8.139256e-06
3093 5.701502e-04 8.124567e-06
3094 5.691371e-04 8.109905e-06
3095 5.681259e-04 8.095270e-06
3096 5.671165e-04 8.080660e-06
3097 5.661089e-04 8.066078e-06
3098 5.651031e-04 8.051521e-06
3099 5.640992e-04 8.036991e-06
3100 5.630971e-04 8.022487e-06
3101 5.620967e-04 8.008009e-06
3102 5.610982e-04 7.993557e-06
3103 5.601015e-04 7.979132e-06
3104 5.591066e-04 7.964732e-06
3105 5.581135e-04 7.950359e-06
3106 5.571222e-04 7.936011e-06
3107 5.561327e-04 7.921689e-06
3108 5.551450e-04 7.907393e-06
3109 5.541591e-04 7.893123e-06
3110 5.531749e-04 7.878879e-06
3111 5.521925e-04 7.864660e-06
3112 5.512119e-04 7.850467e-06
3113 5.502331e-04 7.836300e-06
3114 5.492561e-04 7.822158e-06
3115 5.482808e-04 7.808042e-06
3116 5.473073e-04 7.793951e-06
3117 5.463355e-04 7.779885e-06
3118 5.453655e-04 7.765845e-06
3119 5.443973e-04 7.751831e-06
3120 5.434308e-04 7.737841e-06
3121 5.424660e-04 7.723877e-06
3122 5.415030e-04 7.709938e-06
3123 5.405418e-04 7.696025e-06
3124 5.395823e-04 7.682136e-06
3125 5.386245e-04 7.668272e-06
3126 5.376684e-04 7.654434e-06
3127 5.367141e-04 7.640620e-06
3128 5.357615e-04 7.626831e-06
3129 5.348107e-04 7.613068e-06
3130 5.338615e-04 7.599329e-06
3131 5.329141e-04 7.585615e-06
3132 5.319684e-04 7.571925e-06
3133 5.310243e-04 7.558260e-06
3134 5.300820e-04 7.544620e-06
3135 5.291415e-04 7.531005e-06
3136 5.282026e-04 7.517414e-06
3137 5.272654e-04 7.503848e-06
3138 5.263299e-04 7.490306e-06
3139 5.253961e-04 7.476789e-06
3140 5.244639e-04 7.463295e-06
3141 5.235335e-04 7.449827e-06
3142 5.226048e-04 7.436382e-06
3143 5.216777e-04 7.422962e-06
3144 5.207523e-04 7.409566e-06
3145 5.198286e-04 7.396195e-06
3146 5.189066e-04 7.382847e-06
3147 5.179862e-04 7.369524e-06
3148 5.170675e-04 7.356224e-06
3149 5.161504e-04 7.342949e-06
3150 5.152350e-04 7.329697e-06
3151 5.143213e-04 7.316470e-06
3152 5.134092e-04 7.303266e-06
3153 5.124988e-04 7.290086e-06
3154 5.115900e-04 7.276930e-06
3155 5.106829e-04 7.263798e-06
3156 5.097774e-04 7.250689e-06
3157 5.088735e-04 7.237604e-06
3158 5.079713e-04 7.224543e-06
3159 5.070707e-04 7.211505e-06
3160 5.061718e-04 7.198491e-06
3161 5.052744e-04 7.185500e-06
3162 5.043787e-04 7.172533e-06
3163 5.034846e-04 7.159589e-06
3164 5.025922e-04 7.146668e-06
3165 5.017013e-04 7.133771e-06
3166 5.008121e-04 7.120897e-06
3167 4.999244e-04 7.108046e-06
3168 4.990384e-04 7.095218e-06
3169 4.981540e-04 7.082414e-06
3170 4.972712e-04 7.069633e-06
3171 4.963899e-04 7.056874e-06
3172 4.955103e-04 7.044139e-06
3173 4.946323e-04 7.031427e-06
3174 4.937558e-04 7.018738e-06
3175 4.928810e-04 7.006071e-06
3176 4.920077e-04 6.993428e-06
3177 4.911360e-04 6.980807e-06
3178 4.902659e-04 6.968209e-06
3179 4.893973e-04 6.955634e-06
3180 4.885304e-04 6.943081e-06
3181 4.876650e-04 6.930552e-06
3182 4.868011e-04 6.918044e-06
3183 4.859388e-04 6.905560e-06
3184 4.850781e-04 6.893097e-06
3185 4.842190e-04 6.880658e-06
3186 4.833614e-04 6.868241e-06
3187 4.825053e-04 6.855846e-06
3188 4.816508e-04 6.843473e-06
3189 4.807979e-04 6.831123e-06
3190 4.799465e-04 6.818795e-06
3191 4.790966e-04 6.806490e-06
3192 4.782483e-04 6.794207e-06
3193 4.774015e-04 6.781945e-06
3194 4.765562e-04 6.769706e-06
3195 4.757125e-04 6.757489e-06
3196 4.748703e-04 6.745294e-06
3197 4.740296e-04 6.733121e-06
3198 4.731905e-04 6.720970e-06
3199 4.723528e-04 6.708841e-06
3200 4.715167e-04 6.696734e-06
3201 4.706821e-04 6.684649e-06
3202 4.698490e-04 6.672586e-06
3203 4.690174e-04 6.660544e-06
3204 4.681873e-04 6.648524e-06
3205 4.673588e-04 6.636526e-06
3206 4.665317e-04 6.624549e-06
3207 4.657061e-04 6.612594e-06
3208 4.648820e-04 6.600660e-06
3209 4.640594e-04 6.588749e-06
3210 4.632383e-04 6.576858e-06
3211 4.624187e-04 6.564989e-06
3212 4.616006e-04 6.553142e-06
3213 4.607839e-04 6.541316e-06
3214 4.599687e-04 6.529511e-06
3215 4.591550e-04 6.517727e-06
3216 4.583428e-04 6.505965e-06
3217 4.575321e-04 6.494224e-06
3218 4.567228e-04 6.482504e-06
3219 4.559150e-04 6.470805e-06
3220 4.551086e-04 6.459128e-06
3221 4.543037e-04 6.447471e-06
3222 4.535003e-04 6.435836e-06
3223 4.526983e-04 6.424221e-06
3224 4.518978e-04 6.412628e-06
3225 4.510987e-04 6.401055e-06
3226 4.503010e-04 6.389504e-06
3227 4.495048e-04 6.377973e-06
3228 4.487101e-04 6.366463e-06
3229 4.479168e-04 6.354974e-06
3230 4.471249e-04 6.343505e-06
3231 4.463345e-04 6.332057e-06
3232 4.455455e-04 6.320630e-06
3233 4.447579e-04 6.309223e-06
3234 4.439717e-04 6.297837e-06
3235 4.431870e-04 6.286472e-06
3236 4.424037e-04 6.275127e-06
3237 4.416218e-04 6.263803e-06
3238 4.408413e-04 6.252499e-06
3239 4.400623e-04 6.241215e-06
3240 4.392846e-04 6.229952e-06
3241 4.385084e-04 6.218709e-06
3242 4.377336e-04 6.207486e-06
3243 4.369601e-04 6.196284e-06
3244 4.361881e-04 6.185102e-06
3245 4.354175e-04 6.173940e-06
3246 4.346482e-04 6.162798e-06
3247 4.338804e-04 6.151676e-06
3248 4.331139e-04 6.140575e-06
3249 4.323489e-04 6.129493e-06
3250 4.315852e-04 6.118431e-06
3251 4.308229e-04 6.107390e-06
3252 4.300620e-04 6.096368e-06
3253 4.293025e-04 6.085366e-06
3254 4.285443e-04 6.074384e-06
3255 4.277875e-04 6.063422e-06
3256 4.270321e-04 6.052480e-06
3257 4.262781e-04 6.041557e-06
3258 4.255254e-04 6.030654e-06
3259 4.247741e-04 6.019771e-06
3260 4.240241e-04 6.008907e-06
3261 4.232755e-04 5.998063e-06
3262 4.225283e-04 5.987239e-06
3263 4.217824e-04 5.976434e-06
3264 4.210379e-04 5.965649e-06
3265 4.202947e-04 5.954883e-06
3266 4.195528e-04 5.944136e-06
3267 4.188123e-04 5.933409e-06
3268 4.180732e-04 5.922701e-06
3269 4.173354e-04 5.912013e-06
3270 4.165989e-04 5.901344e-06
3271 4.158638e-04 5.890694e-06
3272 4.151300e-04 5.880063e-06
3273 4.143975e-04 5.869452e-06
3274 4.136663e-04 5.858859e-06
3275 4.129365e-04 5.848286e-06
3276 4.122080e-04 5.837732e-06
3277 4.114808e-04 5.827197e-06
3278 4.107549e-04 5.816681e-06
3279 4.100304e-04 5.806184e-06
3280 4.093071e-04 5.795706e-06
3281 4.085852e-04 5.785246e-06
3282 4.078646e-04 5.774806e-06
3283 4.071453e-04 5.764384e-06
3284 4.064273e-04 5.753982e-06
3285 4.057106e-04 5.743598e-06
3286 4.049952e-04 5.733233e-06
3287 4.042810e-04 5.722886e-06
3288 4.035682e-04 5.712558e-06
3289 4.028567e-04 5.702249e-06
3290 4.021465e-04 5.691958e-06
3291 4.014375e-04 5.681686e-06
3292 4.007298e-04 5.671433e-06
3293 4.000235e-04 5.661198e-06
3294 3.993184e-04 5.650981e-06
3295 3.986145e-04 5.640783e-06
3296 3.979120e-04 5.630604e-06
3297 3.972107e-04 5.620442e-06
3298 3.965107e-04 5.610299e-06
3299 3.958120e-04 5.600175e-06
3300 3.951145e-04 5.590068e-06
3301 3.944183e-04 5.579980e-06
3302 3.937234e-04 5.569910e-06
3303 3.930297e-04 5.559859e-06
3304 3.923373e-04 5.549825e-06
3305 3.916461e-04 5.539809e-06
3306 3.909562e-04 5.529812e-06
3307 3.902675e-04 5.519833e-06
3308 3.895801e-04 5.509871e-06
3309 3.888939e-04 5.499928e-06
3310 3.882090e-04 5.490002e-06
3311 3.875253e-04 5.480095e-06
3312 3.868429e-04 5.470205e-06
3313 3.861617e-04 5.460333e-06
3314 3.854817e-04 5.450479e-06
3315 3.848029e-04 5.440643e-06
3316 3.841254e-04 5.430825e-06
3317 3.834492e-04 5.421024e-06
3318 3.827741e-04 5.411241e-06
3319 3.821003e-04 5.401475e-06
3320 3.814277e-04 5.391728e-06
3321 3.807563e-04 5.381997e-06
3322 3.800861e-04 5.372285e-06
3323 3.794171e-04 5.362590e-06
3324 3.787494e-04 5.352912e-06
3325 3.780829e-04 5.343252e-06
3326 3.774176e-04 5.333609e-06
3327 3.767534e-04 5.323984e-06
3328 3.760905e-04 5.314376e-06
3329 3.754288e-04 5.304785e-06
3330 3.747683e-04 5.295212e-06
3331 3.741090e-04 5.285656e-06
3332 3.734509e-04 5.276117e-06
3333 3.727940e-04 5.266595e-06
3334 3.721382e-04 5.257091e-06
3335 3.714837e-04 5.247604e-06
3336 3.708303e-04 5.238134e-06
3337 3.701782e-04 5.228681e-06
3338 3.695272e-04 5.219245e-06
3339 3.688774e-04 5.209826e-06
3340 3.682287e-04 5.200424e-06
3341 3.675813e-04 5.191039e-06
3342 3.669350e-04 5.181671e-06
3343 3.662899e-04 5.172320e-06
3344 3.656460e-04 5.162986e-06
3345 3.650032e-04 5.153668e-06
3346 3.643616e-04 5.144368e-06
3347 3.637212e-04 5.135084e-06
3348 3.630819e-04 5.125817e-06
3349 3.624438e-04 5.116566e-06
3350 3.618069e-04 5.107333e-06
3351 3.611711e-04 5.098116e-06
3352 3.605364e-04 5.088915e-06
3353 3.599029e-04 5.079732e-06
3354 3.592706e-04 5.070565e-06
3355 3.586394e-04 5.061414e-06
3356 3.580093e-04 5.052280e-06
3357 3.573804e-04 5.043162e-06
3358 3.567526e-04 5.034061e-06
3359 3.561260e-04 5.024976e-06
3360 3.555005e-04 5.015908e-06
3361 3.548762e-04 5.006856e-06
3362 3.542529e-04 4.997820e-06
3363 3.536309e-04 4.988801e-06
3364 3.530099e-04 4.979798e-06
3365 3.523901e-04 4.970811e-06
3366 3.517713e-04 4.961841e-06
3367 3.511538e-04 4.952886e-06
3368 3.505373e-04 4.943948e-06
3369 3.499219e-04 4.935026e-06
3370 3.493077e-04 4.926120e-06
3371 3.486946e-04 4.917230e-06
3372 3.480826e-04 4.908356e-06
3373 3.474717e-04 4.899498e-06
3374 3.468619e-04 4.890656e-06
3375 3.462532e-04 4.881830e-06
3376 3.456457e-04 4.873020e-06
3377 3.450392e-04 4.864226e-06
3378 3.444338e-04 4.855448e-06
3379 3.438296e-04 4.846685e-06
3380 3.432264e-04 4.837939e-06
3381 3.426243e-04 4.829208e-06
3382 3.420233e-04 4.820493e-06
3383 3.414234e-04 4.811794e-06
3384 3.408246e-04 4.803110e-06
3385 3.402269e-04 4.794442e-06
3386 3.396303e-04 4.785790e-06
3387 3.390347e-04 4.777153e-06
3388 3.384403e-04 4.768532e-06
3389 3.378469e-04 4.759926e-06
3390 3.372546e-04 4.751336e-06
3391 3.366633e-04 4.742762e-06
3392 3.360732e-04 4.734203e-06
3393 3.354841e-04 4.725659e-06
3394 3.348960e-04 4.717131e-06
3395 3.343091e-04 4.708618e-06
3396 3.337232e-04 4.700121e-06
3397 3.331384e-04 4.691639e-06
3398 3.325546e-04 4.683172e-06
3399 3.319719e-04 4.674720e-06
3400 3.313903e-04 4.666284e-06
3401 3.308097e-04 4.657863e-06
3402 3.302302e-04 4.649457e-06
3403 3.296517e-04 4.641067e-06
3404 3.290743e-04 4.632691e-06
3405 3.284979e-04 4.624331e-06
3406 3.279225e-04 4.615985e-06
3407 3.273483e-04 4.607655e-06
3408 3.267750e-04 4.599340e-06
3409 3.262028e-04 4.591040e-06
3410 3.256317e-04 4.582754e-06
3411 3.250615e-04 4.574484e-06
3412 3.244924e-04 4.566229e-06
3413 3.239244e-04 4.557988e-06
3414 3.233574e-04 4.549763e-06
3415 3.227914e-04 4.541552e-06
3416 3.222264e-04 4.533356e-06
3417 3.216625e-04 4.525175e-06
3418 3.210995e-04 4.517009e-06
3419 3.205376e-04 4.508857e-06
3420 3.199768e-04 4.500720e-06
3421 3.194169e-04 4.492598e-06
3422 3.188581e-04 4.484490e-06
3423 3.183003e-04 4.476397e-06
3424 3.177435e-04 4.468319e-06
3425 3.171877e-04 4.460255e-06
3426 3.166329e-04 4.452206e-06
3427 3.160791e-04 4.444171e-06
3428 3.155263e-04 4.436151e-06
3429 3.149746e-04 4.428145e-06
3430 3.144238e-04 4.420154e-06
3431 3.138741e-04 4.412177e-06
3432 3.133253e-04 4.404215e-06
3433 3.127775e-04 4.396267e-06
3434 3.122308e-04 4.388333e-06
3435 3.116850e-04 4.380413e-06
3436 3.111402e-04 4.372508e-06
3437 3.105964e-04 4.364617e-06
3438 3.100536e-04 4.356741e-06
3439 3.095118e-04 4.348878e-06
3440 3.089710e-04 4.341030e-06
3441 3.084311e-04 4.333196e-06
3442 3.078922e-04 4.325376e-06
3443 3.073543e-04 4.317570e-06
3444 3.068174e-04 4.309779e-06
3445 3.062815e-04 4.302001e-06
3446 3.057465e-04 4.294237e-06
3447 3.052126e-04 4.286488e-06
3448 3.046795e-04 4.278752e-06
3449 3.041475e-04 4.271030e-06
3450 3.036164e-04 4.263323e-06
3451 3.030863e-04 4.255629e-06
3452 3.025571e-04 4.247949e-06
3453 3.020290e-04 4.240283e-06
3454 3.015017e-04 4.232631e-06
3455 3.009755e-04 4.224992e-06
3456 3.004501e-04 4.217368e-06
3457 2.999258e-04 4.209757e-06
3458 2.994024e-04 4.202159e-06
3459 2.988799e-04 4.194576e-06
3460 2.983584e-04 4.187006e-06
3461 2.978379e-04 4.179450e-06
3462 2.973183e-04 4.171908e-06
3463 2.967996e-04 4.164379e-06
3464 2.962819e-04 4.156864e-06
3465 2.957651e-04 4.149362e-06
3466 2.952493e-04 4.141874e-06
3467 2.947344e-04 4.134399e-06
3468 2.942204e-04 4.126938e-06
3469 2.937074e-04 4.119490e-06
3470 2.931953e-04 4.112056e-06
3471 2.926842e-04 4.104635e-06
3472 2.921739e-04 4.097228e-06
3473 2.916646e-04 4.089834e-06
3474 2.911563e-04 4.082453e-06
3475 2.906488e-04 4.075085e-06
3476 2.901423e-04 4.067731e-06
3477 2.896367e-04 4.060391e-06
3478 2.891320e-04 4.053063e-06
3479 2.886282e-04 4.045749e-06
3480 2.881254e-04 4.038447e-06
3481 2.876234e-04 4.031159e-06
3482 2.871224e-04 4.023884e-06
3483 2.866223e-04 4.016623e-06
3484 2.861231e-04 4.009374e-06
3485 2.856248e-04 4.002139e-06
3486 2.851274e-04 3.994916e-06
3487 2.846310e-04 3.987707e-06
3488 2.841354e-04 3.980510e-06
3489 2.836407e-04 3.973327e-06
3490 2.831469e-04 3.966156e-06
3491 2.826541e-04 3.958999e-06
3492 2.821621e-04 3.951854e-06
3493 2.816710e-04 3.944722e-06
3494 2.811808e-04 3.937604e-06
3495 2.806915e-04 3.930498e-06
3496 2.802031e-04 3.923404e-06
3497 2.797156e-04 3.916324e-06
3498 2.792290e-04 3.909256e-06
3499 2.787432e-04 3.902202e-06
3500 2.782584e-04 3.895159e-06
3501 2.777744e-04 3.888130e-06
3502 2.772913e-04 3.881113e-06
3503 2.768091e-04 3.874109e-06
3504 2.763278e-04 3.867118e-06
3505 2.758473e-04 3.860139e-06
3506 2.753677e-04 3.853173e-06
3507 2.748890e-04 3.846219e-06
3508 2.744112e-04 3.839278e-06
3509 2.739342e-04 3.832349e-06
3510 2.734581e-04 3.825433e-06
3511 2.729829e-04 3.818530e-06
3512 2.725085e-04 3.811639e-06
3513 2.720350e-04 3.804760e-06
3514 2.715624e-04 3.797894e-06
3515 2.710906e-04 3.791040e-06
3516 2.706197e-04 3.784198e-06
3517 2.701496e-04 3.777369e-06
3518 2.696804e-04 3.770552e-06
3519 2.692121e-04 3.763748e-06
3520 2.687446e-04 3.756955e-06
3521 2.682779e-04 3.750175e-06
3522 2.678122e-04 3.743408e-06
3523 2.673472e-04 3.736652e-06
3524 2.668831e-04 3.729909e-06
3525 2.664199e-04 3.723178e-06
3526 2.659575e-04 3.716459e-06
3527 2.654959e-04 3.709752e-06
3528 2.650352e-04 3.703057e-06
3529 2.645753e-04 3.696374e-06
3530 2.641162e-04 3.689703e-06
3531 2.636580e-04 3.683045e-06
3532 2.632007e-04 3.676398e-06
3533 2.627441e-04 3.669763e-06
3534 2.622884e-04 3.663141e-06
3535 2.618335e-04 3.656530e-06
3536 2.613795e-04 3.649931e-06
3537 2.609263e-04 3.643344e-06
3538 2.604739e-04 3.636770e-06
3539 2.600223e-04 3.630206e-06
3540 2.595716e-04 3.623655e-06
3541 2.591216e-04 3.617116e-06
3542 2.586725e-04 3.610588e-06
3543 2.582242e-04 3.604072e-06
3544 2.577768e-04 3.597568e-06
3545 2.573301e-04 3.591076e-06
3546 2.568843e-04 3.584595e-06
3547 2.564393e-04 3.578126e-06
3548 2.559951e-04 3.571669e-06
3549 2.555517e-04 3.565223e-06
3550 2.551091e-04 3.558789e-06
3551 2.546673e-04 3.552367e-06
3552 2.542263e-04 3.545956e-06
3553 2.537861e-04 3.539557e-06
3554 2.533467e-04 3.533169e-06
3555 2.529082e-04 3.526793e-06
3556 2.524704e-04 3.520428e-06
3557 2.520334e-04 3.514075e-06
3558 2.515973e-04 3.507733e-06
3559 2.511619e-04 3.501403e-06
3560 2.507273e-04 3.495084e-06
3561 2.502935e-04 3.488777e-06
3562 2.498605e-04 3.482481e-06
3563 2.494283e-04 3.476196e-06
3564 2.489969e-04 3.469923e-06
3565 2.485662e-04 3.463661e-06
3566 2.481364e-04 3.457410e-06
3567 2.477073e-04 3.451171e-06
3568 2.472790e-04 3.444943e-06
3569 2.468515e-04 3.438726e-06
3570 2.464248e-04 3.432520e-06
3571 2.459989e-04 3.426325e-06
3572 2.455737e-04 3.420142e-06
3573 2.451493e-04 3.413970e-06
3574 2.447257e-04 3.407809e-06
3575 2.443029e-04 3.401659e-06
3576 2.438808e-04 3.395520e-06
3577 2.434595e-04 3.389392e-06
3578 2.430390e-04 3.383276e-06
3579 2.426192e-04 3.377170e-06
3580 2.422002e-04 3.371076e-06
3581 2.417820e-04 3.364992e-06
3582 2.413646e-04 3.358919e-06
3583 2.409479e-04 3.352858e-06
3584 2.405319e-04 3.346807e-06
3585 2.401167e-04 3.340767e-06
3586 2.397023e-04 3.334738e-06
3587 2.392887e-04 3.328720e-06
3588 2.388757e-04 3.322713e-06
3589 2.384636e-04 3.316716e-06
3590 2.380522e-04 3.310731e-06
3591 2.376415e-04 3.304756e-06
3592 2.372316e-04 3.298792e-06
3593 2.368225e-04 3.292839e-06
3594 2.364141e-04 3.286897e-06
3595 2.360064e-04 3.280965e-06
3596 2.355995e-04 3.275044e-06
3597 2.351933e-04 3.269134e-06
3598 2.347879e-04 3.263234e-06
3599 2.343832e-04 3.257345e-06
3600 2.339793e-04 3.251467e-06
3601 2.335761e-04 3.245599e-06
3602 2.331736e-04 3.239742e-06
3603 2.327719e-04 3.233895e-06
3604 2.323709e-04 3.228059e-06
3605 2.319706e-04 3.222233e-06
3606 2.315710e-04 3.216418e-06
3607 2.311722e-04 3.210614e-06
3608 2.307742e-04 3.204820e-06
3609 2.303768e-04 3.199036e-06
3610 2.299802e-04 3.193263e-06
3611 2.295843e-04 3.187500e-06
3612 2.291891e-04 3.181748e-06
3613 2.287947e-04 3.176006e-06
3614 2.284009e-04 3.170274e-06
3615 2.280079e-04 3.164553e-06
3616 2.276156e-04 3.158842e-06
3617 2.272241e-04 3.153142e-06
3618 2.268332e-04 3.147451e-06
3619 2.264430e-04 3.141771e-06
3620 2.260536e-04 3.136101e-06
3621 2.256649e-04 3.130442e-06
3622 2.252769e-04 3.124792e-06
3623 2.248896e-04 3.119153e-06
3624 2.245030e-04 3.113524e-06
3625 2.241171e-04 3.107905e-06
3626 2.237319e-04 3.102297e-06
3627 2.233475e-04 3.096698e-06
3628 2.229637e-04 3.091110e-06
3629 2.225806e-04 3.085531e-06
3630 2.221983e-04 3.079963e-06
3631 2.218166e-04 3.074405e-06
3632 2.214357e-04 3.068857e-06
3633 2.210554e-04 3.063318e-06
3634 2.206758e-04 3.057790e-06
3635 2.202969e-04 3.052272e-06
3636 2.199187e-04 3.046764e-06
3637 2.195413e-04 3.041265e-06
3638 2.191645e-04 3.035777e-06
3639 2.187883e-04 3.030298e-06
3640 2.184129e-04 3.024830e-06
3641 2.180382e-04 3.019371e-06
3642 2.176641e-04 3.013922e-06
3643 2.172908e-04 3.008483e-06
3644 2.169181e-04 3.003054e-06
3645 2.165461e-04 2.997634e-06
3646 2.161748e-04 2.992224e-06
3647 2.158041e-04 2.986824e-06
3648 2.154342e-04 2.981434e-06
3649 2.150649e-04 2.976054e-06
3650 2.146963e-04 2.970683e-06
3651 2.143284e-04 2.965322e-06
3652 2.139611e-04 2.959971e-06
3653 2.135945e-04 2.954629e-06
3654 2.132286e-04 2.949297e-06
3655 2.128634e-04 2.943974e-06
3656 2.124988e-04 2.938661e-06
3657 2.121349e-04 2.933358e-06
3658 2.117717e-04 2.928065e-06
3659 2.114091e-04 2.922780e-06
3660 2.110472e-04 2.917506e-06
3661 2.106859e-04 2.912241e-06
3662 2.103254e-04 2.906985e-06
3663 2.099654e-04 2.901739e-06
3664 2.096062e-04 2.896502e-06
3665 2.092476e-04 2.891275e-06
3666 2.088896e-04 2.886057e-06
3667 2.085323e-04 2.880849e-06
3668 2.081757e-04 2.875650e-06
3669 2.078197e-04 2.870461e-06
3670 2.074644e-04 2.865280e-06
3671 2.071097e-04 2.860110e-06
3672 2.067557e-04 2.854948e-06
3673 2.064023e-04 2.849796e-06
3674 2.060496e-04 2.844653e-06
3675 2.056975e-04 2.839519e-06
3676 2.053461e-04 2.834395e-06
3677 2.049953e-04 2.829280e-06
3678 2.046452e-04 2.824174e-06
3679 2.042956e-04 2.819077e-06
3680 2.039468e-04 2.813990e-06
3681 2.035986e-04 2.808912e-06
3682 2.032510e-04 2.803843e-06
3683 2.029040e-04 2.798783e-06
3684 2.025577e-04 2.793732e-06
3685 2.022120e-04 2.788690e-06
3686 2.018670e-04 2.783657e-06
3687 2.015226e-04 2.778634e-06
3688 2.011788e-04 2.773619e-06
3689 2.008357e-04 2.768614e-06
3690 2.004932e-04 2.763618e-06
3691 2.001513e-04 2.758630e-06
3692 1.998100e-04 2.753652e-06
3693 1.994694e-04 2.748682e-06
3694 1.991294e-04 2.743722e-06
3695 1.987900e-04 2.738771e-06
3696 1.984512e-04 2.733828e-06
3697 1.981131e-04 2.728894e-06
3698 1.977756e-04 2.723970e-06
3699 1.974387e-04 2.719054e-06
3700 1.971024e-04 2.714147e-06
3701 1.967668e-04 2.709249e-06
3702 1.964317e-04 2.704360e-06
3703 1.960973e-04 2.699479e-06
3704 1.957635e-04 2.694607e-06
3705 1.954303e-04 2.689745e-06
3706 1.950977e-04 2.684891e-06
3707 1.947657e-04 2.680045e-06
3708 1.944343e-04 2.675209e-06
3709 1.941036e-04 2.670381e-06
3710 1.937734e-04 2.665562e-06
3711 1.934439e-04 2.660751e-06
3712 1.931150e-04 2.655950e-06
3713 1.927866e-04 2.651157e-06
3714 1.924589e-04 2.646372e-06
3715 1.921318e-04 2.641596e-06
3716 1.918052e-04 2.636829e-06
3717 1.914793e-04 2.632071e-06
3718 1.911540e-04 2.627321e-06
3719 1.908293e-04 2.622579e-06
3720 1.905051e-04 2.617846e-06
3721 1.901816e-04 2.613122e-06
3722 1.898587e-04 2.608406e-06
3723 1.895363e-04 2.603699e-06
3724 1.892146e-04 2.599000e-06
3725 1.888934e-04 2.594310e-06
3726 1.885728e-04 2.589628e-06
3727 1.882529e-04 2.584955e-06
3728 1.879335e-04 2.580290e-06
3729 1.876147e-04 2.575633e-06
3730 1.872964e-04 2.570985e-06
3731 1.869788e-04 2.566345e-06
3732 1.866618e-04 2.561714e-06
3733 1.863453e-04 2.557091e-06
3734 1.860294e-04 2.552476e-06
3735 1.857141e-04 2.547870e-06
3736 1.853994e-04 2.543272e-06
3737 1.850853e-04 2.538682e-06
3738 1.847717e-04 2.534101e-06
3739 1.844587e-04 2.529528e-06
3740 1.841463e-04 2.524963e-06
3741 1.838345e-04 2.520406e-06
3742 1.835232e-04 2.515858e-06
3743 1.832125e-04 2.511317e-06
3744 1.829024e-04 2.506785e-06
3745 1.825929e-04 2.502261e-06
3746 1.822839e-04 2.497746e-06
3747 1.819755e-04 2.493238e-06
3748 1.816676e-04 2.488739e-06
3749 1.813604e-04 2.484247e-06
3750 1.810537e-04 2.479764e-06
3751 1.807475e-04 2.475289e-06
3752 1.804420e-04 2.470822e-06
3753 1.801370e-04 2.466363e-06
3754 1.798325e-04 2.461912e-06
3755 1.795286e-04 2.457469e-06
3756 1.792253e-04 2.453034e-06
3757 1.789225e-04 2.448607e-06
3758 1.786203e-04 2.444189e-06
3759 1.783187e-04 2.439778e-06
3760 1.780176e-04 2.435375e-06
3761 1.777170e-04 2.430980e-06
3762 1.774170e-04 2.426593e-06
3763 1.771176e-04 2.422213e-06
3764 1.768187e-04 2.417842e-06
3765 1.765204e-04 2.413479e-06
3766 1.762226e-04 2.409123e-06
3767 1.759254e-04 2.404776e-06
3768 1.756287e-04 2.400436e-06
3769 1.753326e-04 2.396104e-06
3770 1.750370e-04 2.391780e-06
3771 1.747419e-04 2.387463e-06
3772 1.744474e-04 2.383155e-06
3773 1.741535e-04 2.378854e-06
3774 1.738601e-04 2.374561e-06
3775 1.735672e-04 2.370276e-06
3776 1.732749e-04 2.365998e-06
3777 1.729831e-04 2.361728e-06
3778 1.726918e-04 2.357466e-06
3779 1.724011e-04 2.353212e-06
3780 1.721109e-04 2.348965e-06
3781 1.718213e-04 2.344726e-06
3782 1.715322e-04 2.340495e-06
3783 1.712436e-04 2.336271e-06
3784 1.709556e-04 2.332055e-06
3785 1.706680e-04 2.327846e-06
3786 1.703811e-04 2.323645e-06
3787 1.700946e-04 2.319452e-06
3788 1.698087e-04 2.315266e-06
3789 1.695233e-04 2.311088e-06
3790 1.692384e-04 2.306917e-06
3791 1.689541e-04 2.302754e-06
3792 1.686703e-04 2.298598e-06
3793 1.683870e-04 2.294450e-06
3794 1.681042e-04 2.290309e-06
3795 1.678220e-04 2.286176e-06
3796 1.675403e-04 2.282050e-06
3797 1.672591e-04 2.277932e-06
3798 1.669784e-04 2.273821e-06
3799 1.666982e-04 2.269718e-06
3800 1.664186e-04 2.265622e-06
3801 1.661395e-04 2.261533e-06
3802 1.658609e-04 2.257452e-06
3803 1.655828e-04 2.253378e-06
3804 1.653052e-04 2.249311e-06
3805 1.650281e-04 2.245252e-06
3806 1.647516e-04 2.241200e-06
3807 1.644755e-04 2.237156e-06
3808 1.642000e-04 2.233118e-06
3809 1.639250e-04 2.229088e-06
3810 1.636505e-04 2.225066e-06
3811 1.633765e-04 2.221050e-06
3812 1.631030e-04 2.217042e-06
3813 1.628300e-04 2.213041e-06
3814 1.625575e-04 2.209047e-06
3815 1.622855e-04 2.205061e-06
3816 1.620141e-04 2.201081e-06
3817 1.617431e-04 2.197109e-06
3818 1.614726e-04 2.193144e-06
3819 1.612026e-04 2.189186e-06
3820 1.609332e-04 2.185235e-06
3821 1.606642e-04 2.181292e-06
3822 1.603957e-04 2.177355e-06
3823 1.601277e-04 2.173426e-06
3824 1.598603e-04 2.169504e-06
3825 1.595933e-04 2.165588e-06
3826 1.593268e-04 2.161680e-06
3827 1.590608e-04 2.157779e-06
3828 1.587953e-04 2.153885e-06
3829 1.585303e-04 2.149998e-06
3830 1.582658e-04 2.146118e-06
3831 1.580017e-04 2.142245e-06
3832 1.577382e-04 2.138379e-06
3833 1.574751e-04 2.134520e-06
3834 1.572126e-04 2.130668e-06
3835 1.569505e-04 2.126823e-06
3836 1.566889e-04 2.122985e-06
3837 1.564278e-04 2.119153e-06
3838 1.561672e-04 2.115329e-06
3839 1.559071e-04 2.111512e-06
3840 1.556474e-04 2.107701e-06
3841 1.553882e-04 2.103897e-06
3842 1.551295e-04 2.100101e-06
3843 1.548713e-04 2.096311e-06
3844 1.546136e-04 2.092528e-06
3845 1.543563e-04 2.088751e-06
3846 1.540996e-04 2.084982e-06
3847 1.538433e-04 2.081219e-06
3848 1.535874e-04 2.077463e-06
3849 1.533321e-04 2.073714e-06
3850 1.530772e-04 2.069972e-06
3851 1.528228e-04 2.066236e-06
3852 1.525689e-04 2.062507e-06
3853 1.523154e-04 2.058785e-06
3854 1.520624e-04 2.055070e-06
3855 1.518099e-04 2.051361e-06
3856 1.515579e-04 2.047659e-06
3857 1.513063e-04 2.043964e-06
3858 1.510552e-04 2.040275e-06
3859 1.508045e-04 2.036593e-06
3860 1.505544e-04 2.032918e-06
3861 1.503047e-04 2.029249e-06
3862 1.500554e-04 2.025587e-06
3863 1.498066e-04 2.021932e-06
3864 1.495583e-04 2.018283e-06
3865 1.493104e-04 2.014640e-06
3866 1.490630e-04 2.011005e-06
3867 1.488161e-04 2.007375e-06
3868 1.485696e-04 2.003753e-06
3869 1.483236e-04 2.000137e-06
3870 1.480780e-04 1.996527e-06
3871 1.478329e-04 1.992924e-06
3872 1.475883e-04 1.989328e-06
3873 1.473441e-04 1.985738e-06
3874 1.471003e-04 1.982154e-06
3875 1.468570e-04 1.978577e-06
3876 1.466142e-04 1.975006e-06
3877 1.463718e-04 1.971442e-06
3878 1.461299e-04 1.967884e-06
3879 1.458884e-04 1.964333e-06
3880 1.456474e-04 1.960788e-06
3881 1.454068e-04 1.957249e-06
3882 1.451666e-04 1.953717e-06
3883 1.449270e-04 1.950192e-06
3884 1.446877e-04 1.946672e-06
3885 1.444489e-04 1.943159e-06
3886 1.442106e-04 1.939652e-06
3887 1.439727e-04 1.936152e-06
3888 1.437352e-04 1.932658e-06
3889 1.434982e-04 1.929170e-06
3890 1.432616e-04 1.925689e-06
3891 1.430255e-04 1.922213e-06
3892 1.427898e-04 1.918744e-06
3893 1.425545e-04 1.915282e-06
3894 1.423197e-04 1.911825e-06
3895 1.420853e-04 1.908375e-06
3896 1.418514e-04 1.904931e-06
3897 1.416179e-04 1.901493e-06
3898 1.413848e-04 1.898062e-06
3899 1.411522e-04 1.894637e-06
3900 1.409200e-04 1.891217e-06
3901 1.406882e-04 1.887804e-06
3902 1.404568e-04 1.884398e-06
3903 1.402259e-04 1.880997e-06
3904 1.399955e-04 1.877602e-06
3905 1.397654e-04 1.874214e-06
3906 1.395358e-04 1.870832e-06
3907 1.393066e-04 1.867455e-06
3908 1.390779e-04 1.864085e-06
3909 1.388495e-04 1.860721e-06
3910 1.386216e-04 1.857363e-06
3911 1.383942e-04 1.854011e-06
3912 1.381671e-04 1.850666e-06
3913 1.379405e-04 1.847326e-06
3914 1.377143e-04 1.843992e-06
3915 1.374885e-04 1.840664e-06
3916 1.372631e-04 1.837342e-06
3917 1.370382e-04 1.834027e-06
3918 1.368137e-04 1.830717e-06
3919 1.365896e-04 1.827413e-06
3920 1.363659e-04 1.824115e-06
3921 1.361426e-04 1.820823e-06
3922 1.359198e-04 1.817537e-06
3923 1.356974e-04 1.814257e-06
3924 1.354754e-04 1.810983e-06
3925 1.352538e-04 1.807715e-06
3926 1.350326e-04 1.804453e-06
3927 1.348118e-04 1.801196e-06
3928 1.345915e-04 1.797946e-06
3929 1.343715e-04 1.794701e-06
3930 1.341520e-04 1.791462e-06
3931 1.339329e-04 1.788229e-06
3932 1.337142e-04 1.785002e-06
3933 1.334959e-04 1.781781e-06
3934 1.332780e-04 1.778565e-06
3935 1.330605e-04 1.775356e-06
3936 1.328434e-04 1.772152e-06
3937 1.326268e-04 1.768954e-06
3938 1.324105e-04 1.765761e-06
3939 1.321946e-04 1.762575e-06
3940 1.319792e-04 1.759394e-06
3941 1.317642e-04 1.756219e-06
3942 1.315495e-04 1.753049e-06
3943 1.313353e-04 1.749886e-06
3944 1.311214e-04 1.746728e-06
3945 1.309080e-04 1.743576e-06
3946 1.306950e-04 1.740429e-06
3947 1.304823e-04 1.737288e-06
3948 1.302701e-04 1.734153e-06
3949 1.300582e-04 1.731023e-06
3950 1.298468e-04 1.727900e-06
3951 1.296357e-04 1.724781e-06
3952 1.294251e-04 1.721669e-06
3953 1.292148e-04 1.718562e-06
3954 1.290050e-04 1.715460e-06
3955 1.287955e-04 1.712364e-06
3956 1.285864e-04 1.709274e-06
3957 1.283778e-04 1.706190e-06
3958 1.281695e-04 1.703110e-06
3959 1.279616e-04 1.700037e-06
3960 1.277541e-04 1.696969e-06
3961 1.275470e-04 1.693906e-06
3962 1.273402e-04 1.690850e-06
3963 1.271339e-04 1.687798e-06
3964 1.269279e-04 1.684752e-06
3965 1.267224e-04 1.681712e-06
3966 1.265172e-04 1.678677e-06
3967 1.263124e-04 1.675648e-06
3968 1.261080e-04 1.672624e-06
3969 1.259040e-04 1.669605e-06
3970 1.257003e-04 1.666592e-06
3971 1.254971e-04 1.663584e-06
3972 1.252942e-04 1.660582e-06
3973 1.250917e-04 1.657585e-06
3974 1.248896e-04 1.654594e-06
3975 1.246879e-04 1.651608e-06
3976 1.244865e-04 1.648627e-06
3977 1.242856e-04 1.645652e-06
3978 1.240850e-04 1.642682e-06
3979 1.238848e-04 1.639718e-06
3980 1.236849e-04 1.636759e-06
3981 1.234855e-04 1.633805e-06
3982 1.232864e-04 1.630857e-06
3983 1.230877e-04 1.627913e-06
3984 1.228894e-04 1.624976e-06
3985 1.226914e-04 1.622043e-06
3986 1.224938e-04 1.619116e-06
3987 1.222966e-04 1.616194e-06
3988 1.220998e-04 1.613277e-06
3989 1.219033e-04 1.610366e-06
3990 1.217072e-04 1.607460e-06
3991 1.215115e-04 1.604559e-06
3992 1.213161e-04 1.601663e-06
3993 1.211211e-04 1.598773e-06
3994 1.209265e-04 1.595887e-06
3995 1.207322e-04 1.593007e-06
3996 1.205383e-04 1.590133e-06
3997 1.203448e-04 1.587263e-06
3998 1.201516e-04 1.584399e-06
3999 1.199588e-04 1.581539e-06
4000 1.197664e-04 1.578685e-06
4001 1.195743e-04 1.575836e-06
4002 1.193826e-04 1.572992e-06
4003 1.191913e-04 1.570154e-06
4004 1.190003e-04 1.567320e-06
4005 1.188097e-04 1.564492e-06
4006 1.186194e-04 1.561668e-06
4007 1.184295e-04 1.558850e-06
4008 1.182400e-04 1.556037e-06
4009 1.180508e-04 1.553229e-06
4010 1.178620e-04 1.550426e-06
4011 1.176735e-04 1.547628e-06
4012 1.174854e-04 1.544835e-06
4013 1.172977e-04 1.542047e-06
4014 1.171103e-04 1.539264e-06
4015 1.169232e-04 1.536486e-06
4016 1.167365e-04 1.533713e-06
4017 1.165502e-04 1.530945e-06
4018 1.163642e-04 1.528183e-06
4019 1.161786e-04 1.525425e-06
4020 1.159933e-04 1.522672e-06
4021 1.158084e-04 1.519924e-06
4022 1.156238e-04 1.517181e-06
4023 1.154396e-04 1.514443e-06
4024 1.152557e-04 1.511710e-06
4025 1.150722e-04 1.508982e-06
4026 1.148890e-04 1.506259e-06
4027 1.147061e-04 1.503540e-06
4028 1.145237e-04 1.500827e-06
4029 1.143415e-04 1.498119e-06
4030 1.141597e-04 1.495415e-06
4031 1.139783e-04 1.492716e-06
4032 1.137972e-04 1.490022e-06
4033 1.136164e-04 1.487333e-06
4034 1.134360e-04 1.484649e-06
4035 1.132559e-04 1.481970e-06
4036 1.130762e-04 1.479296e-06
4037 1.128968e-04 1.476626e-06
4038 1.127177e-04 1.473961e-06
4039 1.125390e-04 1.471301e-06
4040 1.123606e-04 1.468646e-06
4041 1.121826e-04 1.465996e-06
4042 1.120049e-04 1.463350e-06
4043 1.118275e-04 1.460709e-06
4044 1.116505e-04 1.458073e-06
4045 1.114738e-04 1.455442e-06
4046 1.112975e-04 1.452815e-06
4047 1.111215e-04 1.450193e-06
4048 1.109458e-04 1.447576e-06
4049 1.107704e-04 1.444964e-06
4050 1.105954e-04 1.442356e-06
4051 1.104207e-04 1.439753e-06
4052 1.102464e-04 1.437155e-06
4053 1.100724e-04 1.434561e-06
4054 1.098987e-04 1.431973e-06
4055 1.097253e-04 1.429388e-06
4056 1.095523e-04 1.426809e-06
4057 1.093796e-04 1.424234e-06
4058 1.092073e-04 1.421664e-06
4059 1.090352e-04 1.419098e-06
4060 1.088635e-04 1.416537e-06
4061 1.086921e-04 1.413981e-06
4062 1.085211e-04 1.411429e-06
4063 1.083504e-04 1.408882e-06
4064 1.081800e-04 1.406339e-06
4065 1.080099e-04 1.403801e-06
4066 1.078401e-04 1.401268e-06
4067 1.076707e-04 1.398739e-06
4068 1.075016e-04 1.396215e-06
4069 1.073328e-04 1.393695e-06
4070 1.071643e-04 1.391180e-06
4071 1.069962e-04 1.388669e-06
4072 1.068284e-04 1.386163e-06
4073 1.066609e-04 1.383662e-06
4074 1.064937e-04 1.381165e-06
4075 1.063269e-04 1.378672e-06
4076 1.061603e-04 1.376184e-06
4077 1.059941e-04 1.373701e-06
4078 1.058282e-04 1.371222e-06
4079 1.056626e-04 1.368747e-06
4080 1.054973e-04 1.366277e-06
4081 1.053324e-04 1.363811e-06
4082 1.051677e-04 1.361350e-06
4083 1.050034e-04 1.358893e-06
4084 1.048394e-04 1.356441e-06
4085 1.046757e-04 1.353993e-06
4086 1.045123e-04 1.351550e-06
4087 1.043493e-04 1.349111e-06
4088 1.041865e-04 1.346676e-06
4089 1.040241e-04 1.344246e-06
4090 1.038619e-04 1.341820e-06
4091 1.037001e-04 1.339398e-06
4092 1.035386e-04 1.336981e-06
4093 1.033774e-04 1.334568e-06
4094 1.032165e-04 1.332160e-06
4095 1.030559e-04 1.329756e-06
4096 1.028956e-04 1.327356e-06
4097 1.027357e-04 1.324961e-06
4098 1.025760e-04 1.322569e-06
4099 1.024166e-04 1.320183e-06
4100 1.022576e-04 1.317800e-06
4101 1.020988e-04 1.315422e-06
4102 1.019404e-04 1.313048e-06
4103 1.017823e-04 1.310679e-06
4104 1.016244e-04 1.308313e-06
4105 1.014669e-04 1.305952e-06
4106 1.013097e-04 1.303595e-06
4107 1.011527e-04 1.301243e-06
4108 1.009961e-04 1.298895e-06
4109 1.008398e-04 1.296550e-06
4110 1.006838e-04 1.294211e-06
4111 1.005280e-04 1.291875e-06
4112 1.003726e-04 1.289544e-06
4113 1.002175e-04 1.287216e-06
4114 1.000627e-04 1.284894e-06
4115 9.990814e-05 1.282575e-06
4116 9.975391e-05 1.280260e-06
4117 9.959997e-05 1.277950e-06
4118 9.944633e-05 1.275643e-06
4119 9.929299e-05 1.273341e-06
4120 9.913994e-05 1.271043e-06
4121 9.898719e-05 1.268750e-06
4122 9.883473e-05 1.266460e-06
4123 9.868257e-05 1.264174e-06
4124 9.853069e-05 1.261893e-06
4125 9.837912e-05 1.259616e-06
4126 9.822783e-05 1.257343e-06
4127 9.807683e-05 1.255074e-06
4128 9.792613e-05 1.252809e-06
4129 9.777572e-05 1.250548e-06
4130 9.762559e-05 1.248291e-06
4131 9.747576e-05 1.246038e-06
4132 9.732622e-05 1.243789e-06
4133 9.717696e-05 1.241545e-06
4134 9.702799e-05 1.239304e-06
4135 9.687931e-05 1.237068e-06
4136 9.673092e-05 1.234835e-06
4137 9.658281e-05 1.232607e-06
4138 9.643499e-05 1.230382e-06
4139 9.628746e-05 1.228162e-06
4140 9.614021e-05 1.225946e-06
4141 9.599325e-05 1.223733e-06
4142 9.584657e-05 1.221525e-06
4143 9.570017e-05 1.219320e-06
4144 9.555406e-05 1.217120e-06
4145 9.540823e-05 1.214923e-06
4146 9.526268e-05 1.212731e-06
4147 9.511741e-05 1.210542e-06
4148 9.497243e-05 1.208358e-06
4149 9.482772e-05 1.206177e-06
4150 9.468330e-05 1.204000e-06
4151 9.453915e-05 1.201827e-06
4152 9.439529e-05 1.199659e-06
4153 9.425170e-05 1.197494e-06
4154 9.410839e-05 1.195333e-06
4155 9.396536e-05 1.193175e-06
4156 9.382261e-05 1.191022e-06
4157 9.368013e-05 1.188873e-06
4158 9.353793e-05 1.186727e-06
4159 9.339601e-05 1.184586e-06
4160 9.325436e-05 1.182448e-06
4161 9.311298e-05 1.180314e-06
4162 9.297189e-05 1.178184e-06
4163 9.283106e-05 1.176058e-06
4164 9.269051e-05 1.173935e-06
4165 9.255023e-05 1.171817e-06
4166 9.241022e-05 1.169702e-06
4167 9.227049e-05 1.167591e-06
4168 9.213103e-05 1.165484e-06
4169 9.199183e-05 1.163381e-06
4170 9.185291e-05 1.161281e-06
4171 9.171426e-05 1.159186e-06
4172 9.157588e-05 1.157094e-06
4173 9.143777e-05 1.155005e-06
4174 9.129993e-05 1.152921e-06
4175 9.116235e-05 1.150840e-06
4176 9.102505e-05 1.148764e-06
4177 9.088801e-05 1.146690e-06
4178 9.075123e-05 1.144621e-06
4179 9.061473e-05 1.142555e-06
4180 9.047849e-05 1.140493e-06
4181 9.034251e-05 1.138435e-06
4182 9.020680e-05 1.136381e-06
4183 9.007136e-05 1.134330e-06
4184 8.993618e-05 1.132283e-06
4185 8.980126e-05 1.130240e-06
4186 8.966661e-05 1.128200e-06
4187 8.953222e-05 1.126164e-06
4188 8.939809e-05 1.124132e-06
4189 8.926422e-05 1.122103e-06
4190 8.913062e-05 1.120078e-06
4191 8.899727e-05 1.118057e-06
4192 8.886419e-05 1.116039e-06
4193 8.873136e-05 1.114025e-06
4194 8.859880e-05 1.112014e-06
4195 8.846649e-05 1.110008e-06
4196 8.833445e-05 1.108004e-06
4197 8.820266e-05 1.106005e-06
4198 8.807113e-05 1.104009e-06
4199 8.793985e-05 1.102016e-06
4200 8.780884e-05 1.100028e-06
4201 8.767808e-05 1.098043e-06
4202 8.754757e-05 1.096061e-06
4203 8.741733e-05 1.094083e-06
4204 8.728733e-05 1.092108e-06
4205 8.715759e-05 1.090138e-06
4206 8.702811e-05 1.088170e-06
4207 8.689888e-05 1.086207e-06
4208 8.676990e-05 1.084246e-06
4209 8.664118e-05 1.082290e-06
4210 8.651271e-05 1.080336e-06
4211 8.638449e-05 1.078387e-06
4212 8.625652e-05 1.076441e-06
4213 8.612880e-05 1.074498e-06
4214 8.600133e-05 1.072559e-06
4215 8.587412e-05 1.070623e-06
4216 8.574715e-05 1.068691e-06
4217 8.562044e-05 1.066763e-06
4218 8.549397e-05 1.064838e-06
4219 8.536775e-05 1.062916e-06
4220 8.524178e-05 1.060998e-06
4221 8.511605e-05 1.059083e-06
4222 8.499058e-05 1.057172e-06
4223 8.486535e-05 1.055264e-06
4224 8.474037e-05 1.053359e-06
4225 8.461563e-05 1.051459e-06
4226 8.449114e-05 1.049561e-06
4227 8.436689e-05 1.047667e-06
4228 8.424289e-05 1.045776e-06
4229 8.411913e-05 1.043889e-06
4230 8.399562e-05 1.042005e-06
4231 8.387235e-05 1.040125e-06
4232 8.374932e-05 1.038248e-06
4233 8.362654e-05 1.036374e-06
4234 8.350399e-05 1.034504e-06
4235 8.338169e-05 1.032637e-06
4236 8.325963e-05 1.030773e-06
4237 8.313781e-05 1.028913e-06
4238 8.301624e-05 1.027056e-06
4239 8.289490e-05 1.025203e-06
4240 8.277380e-05 1.023352e-06
4241 8.265294e-05 1.021506e-06
4242 8.253232e-05 1.019662e-06
4243 8.241194e-05 1.017822e-06
4244 8.229179e-05 1.015985e-06
4245 8.217189e-05 1.014152e-06
4246 8.205222e-05 1.012322e-06
4247 8.193278e-05 1.010495e-06
4248 8.181359e-05 1.008671e-06
4249 8.169463e-05 1.006851e-06
4250 8.157590e-05 1.005034e-06
4251 8.145741e-05 1.003220e-06
4252 8.133916e-05 1.001410e-06
4253 8.122114e-05 9.996024e-07
4254 8.110335e-05 9.977984e-07
4255 8.098580e-05 9.959977e-07
4256 8.086847e-05 9.942003e-07
4257 8.075139e-05 9.924061e-07
4258 8.063453e-05 9.906152e-07
4259 8.051791e-05 9.888275e-07
4260 8.040151e-05 9.870430e-07
4261 8.028535e-05 9.852617e-07
4262 8.016942e-05 9.834836e-07
4263 8.005372e-05 9.817088e-07
4264 7.993825e-05 9.799371e-07
4265 7.982301e-05 9.781687e-07
4266 7.970800e-05 9.764034e-07
4267 7.959321e-05 9.746414e-07
4268 7.947866e-05 9.728825e-07
4269 7.936433e-05 9.711268e-07
4270 7.925023e-05 9.693742e-07
4271 7.913636e-05 9.676248e-07
4272 7.902271e-05 9.658786e-07
4273 7.890929e-05 9.641355e-07
4274 7.879610e-05 9.623956e-07
4275 7.868313e-05 9.606588e-07
4276 7.857038e-05 9.589251e-07
4277 7.845787e-05 9.571946e-07
4278 7.834557e-05 9.554672e-07
4279 7.823350e-05 9.537429e-07
4280 7.812165e-05 9.520217e-07
4281 7.801003e-05 9.503037e-07
4282 7.789863e-05 9.485887e-07
4283 7.778745e-05 9.468768e-07
4284 7.767649e-05 9.451680e-07
4285 7.756576e-05 9.434623e-07
4286 7.745524e-05 9.417597e-07
4287 7.734495e-05 9.400602e-07
4288 7.723487e-05 9.383637e-07
4289 7.712502e-05 9.366703e-07
4290 7.701539e-05 9.349799e-07
4291 7.690597e-05 9.332926e-07
4292 7.679678e-05 9.316083e-07
4293 7.668780e-05 9.299271e-07
4294 7.657904e-05 9.282489e-07
4295 7.647050e-05 9.265737e-07
4296 7.636218e-05 9.249016e-07
4297 7.625407e-05 9.232324e-07
4298 7.614618e-05 9.215663e-07
4299 7.603851e-05 9.199032e-07
4300 7.593105e-05 9.182431e-07
4301 7.582381e-05 9.165860e-07
4302 7.571678e-05 9.149319e-07
4303 7.560997e-05 9.132807e-07
4304 7.550337e-05 9.116326e-07
4305 7.539699e-05 9.099874e-07
4306 7.529082e-05 9.083452e-07
4307 7.518486e-05 9.067059e-07
4308 7.507911e-05 9.050697e-07
4309 7.497358e-05 9.034363e-07
4310 7.486826e-05 9.018059e-07
4311 7.476315e-05 9.001785e-07
4312 7.465826e-05 8.985540e-07
4313 7.455357e-05 8.969324e-07
4314 7.444910e-05 8.953137e-07
4315 7.434483e-05 8.936980e-07
4316 7.424078e-05 8.920852e-07
4317 7.413693e-05 8.904753e-07
4318 7.403330e-05 8.888683e-07
4319 7.392987e-05 8.872642e-07
4320 7.382665e-05 8.856630e-07
4321 7.372364e-05 8.840647e-07
4322 7.362084e-05 8.824692e-07
4323 7.351824e-05 8.808767e-07
4324 7.341585e-05 8.792870e-07
4325 7.331367e-05 8.777002e-07
4326 7.321169e-05 8.761162e-07
4327 7.310993e-05 8.745352e-07
4328 7.300836e-05 8.729569e-07
4329 7.290700e-05 8.713815e-07
4330 7.280585e-05 8.698090e-07
4331 7.270490e-05 8.682393e-07
4332 7.260415e-05 8.666724e-07
4333 7.250361e-05 8.651084e-07
4334 7.240327e-05 8.635472e-07
4335 7.230314e-05 8.619887e-07
4336 7.220321e-05 8.604332e-07
4337 7.210348e-05 8.588804e-07
4338 7.200395e-05 8.573304e-07
4339 7.190462e-05 8.557832e-07
4340 7.180550e-05 8.542388e-07
4341 7.170657e-05 8.526972e-07
4342 7.160785e-05 8.511584e-07
4343 7.150933e-05 8.496223e-07
4344 7.141100e-05 8.480891e-07
4345 7.131288e-05 8.465586e-07
4346 7.121495e-05 8.450308e-07
4347 7.111723e-05 8.435058e-07
4348 7.101970e-05 8.419836e-07
4349 7.092237e-05 8.404641e-07
4350 7.082524e-05 8.389473e-07
4351 7.072831e-05 8.374333e-07
4352 7.063157e-05 8.359221e-07
4353 7.053503e-05 8.344135e-07
4354 7.043869e-05 8.329077e-07
4355 7.034254e-05 8.314046e-07
4356 7.024659e-05 8.299042e-07
4357 7.015083e-05 8.284065e-07
4358 7.005527e-05 8.269115e-07
4359 6.995990e-05 8.254192e-07
4360 6.986473e-05 8.239296e-07
4361 6.976975e-05 8.224427e-07
4362 6.967497e-05 8.209585e-07
4363 6.958038e-05 8.194769e-07
4364 6.948598e-05 8.179981e-07
4365 6.939177e-05 8.165219e-07
4366 6.929776e-05 8.150483e-07
4367 6.920394e-05 8.135774e-07
4368 6.911031e-05 8.121092e-07
4369 6.901687e-05 8.106436e-07
4370 6.892363e-05 8.091807e-07
4371 6.883057e-05 8.077204e-07
4372 6.873770e-05 8.062628e-07
4373 6.864503e-05 8.048077e-07
4374 6.855254e-05 8.033553e-07
4375 6.846024e-05 8.019056e-07
4376 6.836814e-05 8.004584e-07
4377 6.827622e-05 7.990138e-07
4378 6.818449e-05 7.975719e-07
4379 6.809294e-05 7.961326e-07
4380 6.800159e-05 7.946958e-07
4381 6.791042e-05 7.932617e-07
4382 6.781944e-05 7.918301e-07
4383 6.772864e-05 7.904011e-07
4384 6.763804e-05 7.889747e-07
4385 6.754762e-05 7.875509e-07
4386 6.745738e-05 7.861296e-07
4387 6.736733e-05 7.847109e-07
4388 6.727746e-05 7.832948e-07
4389 6.718778e-05 7.818812e-07
4390 6.709829e-05 7.804702e-07
4391 6.700897e-05 7.790617e-07
4392 6.691984e-05 7.776558e-07
4393 6.683090e-05 7.762524e-07
4394 6.674214e-05 7.748515e-07
4395 6.665356e-05 7.734532e-07
4396 6.656516e-05 7.720574e-07
4397 6.647695e-05 7.706641e-07
4398 6.638891e-05 7.692733e-07
4399 6.630106e-05 7.678850e-07
4400 6.621339e-05 7.664992e-07
4401 6.612590e-05 7.651160e-07
4402 6.603859e-05 7.637352e-07
4403 6.595146e-05 7.623569e-07
4404 6.586452e-05 7.609811e-07
4405 6.577775e-05 7.596078e-07
4406 6.569116e-05 7.582370e-07
4407 6.560475e-05 7.568687e-07
4408 6.551851e-05 7.555028e-07
4409 6.543246e-05 7.541393e-07
4410 6.534658e-05 7.527784e-07
4411 6.526089e-05 7.514199e-07
4412 6.517537e-05 7.500638e-07
4413 6.509002e-05 7.487102e-07
4414 6.500486e-05 7.473591e-07
4415 6.491987e-05 7.460103e-07
4416 6.483505e-05 7.446640e-07
4417 6.475041e-05 7.433202e-07
4418 6.466595e-05 7.419787e-07
4419 6.458166e-05 7.406397e-07
4420 6.449755e-05 7.393031e-07
4421 6.441361e-05 7.379689e-07
4422 6.432985e-05 7.366372e-07
4423 6.424626e-05 7.353078e-07
4424 6.416284e-05 7.339808e-07
4425 6.407960e-05 7.326562e-07
4426 6.399653e-05 7.313340e-07
4427 6.391363e-05 7.300142e-07
4428 6.383091e-05 7.286968e-07
4429 6.374836e-05 7.273818e-07
4430 6.366597e-05 7.260691e-07
4431 6.358377e-05 7.247588e-07
4432 6.350173e-05 7.234508e-07
4433 6.341986e-05 7.221453e-07
4434 6.333816e-05 7.208420e-07
4435 6.325664e-05 7.195412e-07
4436 6.317528e-05 7.182427e-07
4437 6.309410e-05 7.169465e-07
4438 6.301308e-05 7.156526e-07
4439 6.293223e-05 7.143611e-07
4440 6.285155e-05 7.130720e-07
4441 6.277104e-05 7.117851e-07
4442 6.269070e-05 7.105006e-07
4443 6.261053e-05 7.092184e-07
4444 6.253052e-05 7.079385e-07
4445 6.245068e-05 7.066609e-07
4446 6.237101e-05 7.053856e-07
4447 6.229150e-05 7.041126e-07
4448 6.221217e-05 7.028420e-07
4449 6.213299e-05 7.015736e-07
4450 6.205399e-05 7.003075e-07
4451 6.197514e-05 6.990437e-07
4452 6.189647e-05 6.977821e-07
4453 6.181796e-05 6.965229e-07
4454 6.173961e-05 6.952659e-07
4455 6.166143e-05 6.940112e-07
4456 6.158341e-05 6.927587e-07
4457 6.150556e-05 6.915085e-07
4458 6.142787e-05 6.902606e-07
4459 6.135034e-05 6.890149e-07
4460 6.127297e-05 6.877715e-07
4461 6.119577e-05 6.865303e-07
4462 6.111873e-05 6.852913e-07
4463 6.104185e-05 6.840546e-07
4464 6.096514e-05 6.828202e-07
4465 6.088858e-05 6.815879e-07
4466 6.081219e-05 6.803579e-07
4467 6.073596e-05 6.791301e-07
4468 6.065989e-05 6.779045e-07
4469 6.058398e-05 6.766811e-07
4470 6.050823e-05 6.754599e-07
4471 6.043263e-05 6.742409e-07
4472 6.035720e-05 6.730242e-07
4473 6.028193e-05 6.718096e-07
4474 6.020682e-05 6.705972e-07
4475 6.013186e-05 6.693870e-07
4476 6.005706e-05 6.681790e-07
4477 5.998242e-05 6.669732e-07
4478 5.990794e-05 6.657695e-07
4479 5.983362e-05 6.645680e-07
4480 5.975945e-05 6.633687e-07
4481 5.968544e-05 6.621716e-07
4482 5.961159e-05 6.609766e-07
4483 5.953790e-05 6.597837e-07
4484 5.946435e-05 6.585930e-07
4485 5.939097e-05 6.574045e-07
4486 5.931774e-05 6.562181e-07
4487 5.924467e-05 6.550339e-07
4488 5.917175e-05 6.538518e-07
4489 5.909898e-05 6.526718e-07
4490 5.902638e-05 6.514939e-07
4491 5.895392e-05 6.503182e-07
4492 5.888162e-05 6.491446e-07
4493 5.880947e-05 6.479731e-07
4494 5.873748e-05 6.468038e-07
4495 5.866563e-05 6.456365e-07
4496 5.859394e-05 6.444714e-07
4497 5.852241e-05 6.433083e-07
4498 5.845102e-05 6.421474e-07
4499 5.837979e-05 6.409885e-07
4500 5.830871e-05 6.398318e-07
4501 5.823778e-05 6.386771e-07
4502 5.816700e-05 6.375245e-07
4503 5.809638e-05 6.363740e-07
4504 5.802590e-05 6.352255e-07
4505 5.795557e-05 6.340792e-07
4506 5.788540e-05 6.329349e-07
4507 5.781537e-05 6.317927e-07
4508 5.774549e-05 6.306525e-07
4509 5.767576e-05 6.295144e-07
4510 5.760619e-05 6.283783e-07
4511 5.753676e-05 6.272443e-07
4512 5.746747e-05 6.261124e-07
4513 5.739834e-05 6.249824e-07
4514 5.732935e-05 6.238546e-07
4515 5.726052e-05 6.227287e-07
4516 5.719183e-05 6.216049e-07
4517 5.712328e-05 6.204831e-07
4518 5.705488e-05 6.193634e-07
4519 5.698663e-05 6.182456e-07
4520 5.691853e-05 6.171299e-07
4521 5.685057e-05 6.160162e-07
4522 5.678276e-05 6.149045e-07
4523 5.671509e-05 6.137948e-07
4524 5.664757e-05 6.126871e-07
4525 5.658020e-05 6.115814e-07
4526 5.651296e-05 6.104778e-07
4527 5.644588e-05 6.093761e-07
4528 5.637893e-05 6.082763e-07
4529 5.631213e-05 6.071786e-07
4530 5.624548e-05 6.060829e-07
4531 5.617897e-05 6.049891e-07
4532 5.611260e-05 6.038973e-07
4533 5.604637e-05 6.028075e-07
4534 5.598029e-05 6.017196e-07
4535 5.591435e-05 6.006337e-07
4536 5.584855e-05 5.995498e-07
4537 5.578289e-05 5.984678e-07
4538 5.571737e-05 5.973878e-07
4539 5.565200e-05 5.963097e-07
4540 5.558677e-05 5.952336e-07
4541 5.552167e-05 5.941594e-07
4542 5.545672e-05 5.930871e-07
4543 5.539191e-05 5.920168e-07
4544 5.532724e-05 5.909484e-07
4545 5.526271e-05 5.898820e-07
4546 5.519831e-05 5.888174e-07
4547 5.513406e-05 5.877548e-07
4548 5.506995e-05 5.866941e-07
4549 5.500597e-05 5.856353e-07
4550 5.494214e-05 5.845785e-07
4551 5.487844e-05 5.835235e-07
4552 5.481488e-05 5.824704e-07
4553 5.475145e-05 5.814193e-07
4554 5.468817e-05 5.803700e-07
4555 5.462502e-05 5.793227e-07
4556 5.456201e-05 5.782772e-07
4557 5.449914e-05 5.772336e-07
4558 5.443640e-05 5.761919e-07
4559 5.437380e-05 5.751521e-07
4560 5.431133e-05 5.741141e-07
4561 5.424900e-05 5.730780e-07
4562 5.418681e-05 5.720438e-07
4563 5.412475e-05 5.710115e-07
4564 5.406283e-05 5.699810e-07
4565 5.400104e-05 5.689524e-07
4566 5.393938e-05 5.679256e-07
4567 5.387786e-05 5.669007e-07
4568 5.381648e-05 5.658777e-07
4569 5.375522e-05 5.648564e-07
4570 5.369411e-05 5.638371e-07
4571 5.363312e-05 5.628195e-07
4572 5.357227e-05 5.618038e-07
4573 5.351155e-05 5.607900e-07
4574 5.345096e-05 5.597780e-07
4575 5.339051e-05 5.587677e-07
4576 5.333018e-05 5.577594e-07
4577 5.326999e-05 5.567528e-07
4578 5.320993e-05 5.557481e-07
4579 5.315000e-05 5.547451e-07
4580 5.309021e-05 5.537440e-07
4581 5.303054e-05 5.527447e-07
4582 5.297101e-05 5.517472e-07
4583 5.291160e-05 5.507515e-07
4584 5.285233e-05 5.497575e-07
4585 5.279318e-05 5.487654e-07
4586 5.273417e-05 5.477751e-07
4587 5.267528e-05 5.467865e-07
4588 5.261652e-05 5.457998e-07
4589 5.255789e-05 5.448148e-07
4590 5.249940e-05 5.438316e-07
4591 5.244102e-05 5.428502e-07
4592 5.238278e-05 5.418705e-07
4593 5.232467e-05 5.408926e-07
4594 5.226668e-05 5.399165e-07
4595 5.220882e-05 5.389421e-07
4596 5.215109e-05 5.379695e-07
4597 5.209348e-05 5.369987e-07
4598 5.203601e-05 5.360296e-07
4599 5.197865e-05 5.350622e-07
4600 5.192143e-05 5.340966e-07
4601 5.186433e-05 5.331328e-07
4602 5.180736e-05 5.321707e-07
4603 5.175051e-05 5.312103e-07
4604 5.169379e-05 5.302516e-07
4605 5.163719e-05 5.292947e-07
4606 5.158072e-05 5.283395e-07
4607 5.152437e-05 5.273860e-07
4608 5.146814e-05 5.264343e-07
4609 5.141205e-05 5.254843e-07
4610 5.135607e-05 5.245359e-07
4611 5.130022e-05 5.235893e-07
4612 5.124449e-05 5.226444e-07
4613 5.118889e-05 5.217012e-07
4614 5.113341e-05 5.207598e-07
4615 5.107805e-05 5.198200e-07
4616 5.102281e-05 5.188819e-07
4617 5.096770e-05 5.179455e-07
4618 5.091271e-05 5.170108e-07
4619 5.085784e-05 5.160777e-07
4620 5.080309e-05 5.151464e-07
4621 5.074846e-05 5.142167e-07
4622 5.069396e-05 5.132887e-07
4623 5.063957e-05 5.123624e-07
4624 5.058531e-05 5.114378e-07
4625 5.053117e-05 5.105148e-07
4626 5.047714e-05 5.095935e-07
4627 5.042324e-05 5.086739e-07
4628 5.036946e-05 5.077559e-07
4629 5.031580e-05 5.068396e-07
4630 5.026225e-05 5.059249e-07
4631 5.020883e-05 5.050119e-07
4632 5.015552e-05 5.041005e-07
4633 5.010234e-05 5.031908e-07
4634 5.004927e-05 5.022827e-07
4635 4.999632e-05 5.013763e-07
4636 4.994349e-05 5.004714e-07
4637 4.989077e-05 4.995683e-07
4638 4.983818e-05 4.986667e-07
4639 4.978570e-05 4.977668e-07
4640 4.973334e-05 4.968685e-07
4641 4.968109e-05 4.959718e-07
4642 4.962896e-05 4.950768e-07
4643 4.957695e-05 4.941833e-07
4644 4.952506e-05 4.932915e-07
4645 4.947328e-05 4.924013e-07
4646 4.942161e-05 4.915127e-07
4647 4.937007e-05 4.906257e-07
4648 4.931864e-05 4.897402e-07
4649 4.926732e-05 4.888564e-07
4650 4.921612e-05 4.879742e-07
4651 4.916503e-05 4.870936e-07
4652 4.911406e-05 4.862146e-07
4653 4.906320e-05 4.853371e-07
4654 4.901245e-05 4.844612e-07
4655 4.896182e-05 4.835870e-07
4656 4.891131e-05 4.827142e-07
4657 4.886090e-05 4.818431e-07
4658 4.881061e-05 4.809736e-07
4659 4.876044e-05 4.801056e-07
4660 4.871037e-05 4.792391e-07
4661 4.866042e-05 4.783743e-07
4662 4.861058e-05 4.775110e-07
4663 4.856086e-05 4.766492e-07
4664 4.851124e-05 4.757890e-07
4665 4.846174e-05 4.749304e-07
4666 4.841235e-05 4.740733e-07
4667 4.836306e-05 4.732178e-07
4668 4.831390e-05 4.723638e-07
4669 4.826484e-05 4.715113e-07
4670 4.821589e-05 4.706604e-07
4671 4.816705e-05 4.698110e-07
4672 4.811832e-05 4.689632e-07
4673 4.806971e-05 4.681169e-07
4674 4.802120e-05 4.672721e-07
4675 4.797280e-05 4.664288e-07
4676 4.792451e-05 4.655871e-07
4677 4.787634e-05 4.647469e-07
4678 4.782827e-05 4.639082e-07
4679 4.778030e-05 4.630710e-07
4680 4.773245e-05 4.622353e-07
4681 4.768471e-05 4.614011e-07
4682 4.763707e-05 4.605684e-07
4683 4.758954e-05 4.597373e-07
4684 4.754212e-05 4.589076e-07
4685 4.749481e-05 4.580794e-07
4686 4.744760e-05 4.572528e-07
4687 4.740050e-05 4.564276e-07
4688 4.735351e-05 4.556039e-07
4689 4.730663e-05 4.547817e-07
4690 4.725985e-05 4.539609e-07
4691 4.721318e-05 4.531417e-07
4692 4.716661e-05 4.523239e-07
4693 4.712015e-05 4.515077e-07
4694 4.707380e-05 4.506928e-07
4695 4.702755e-05 4.498795e-07
4696 4.698140e-05 4.490676e-07
4697 4.693536e-05 4.482572e-07
4698 4.688943e-05 4.474483e-07
4699 4.684360e-05 4.466408e-07
4700 4.679787e-05 4.458347e-07
4701 4.675225e-05 4.450302e-07
4702 4.670674e-05 4.442270e-07
4703 4.666132e-05 4.434254e-07
4704 4.661601e-05 4.426251e-07
4705 4.657081e-05 4.418263e-07
4706 4.652571e-05 4.410290e-07
4707 4.648071e-05 4.402331e-07
4708 4.643581e-05 4.394386e-07
4709 4.639101e-05 4.386456e-07
4710 4.634632e-05 4.378540e-07
4711 4.630173e-05 4.370638e-07
4712 4.625725e-05 4.362751e-07
4713 4.621286e-05 4.354877e-07
4714 4.616858e-05 4.347018e-07
4715 4.612439e-05 4.339173e-07
4716 4.608031e-05 4.331343e-07
4717 4.603633e-05 4.323526e-07
4718 4.599245e-05 4.315724e-07
4719 4.594867e-05 4.307935e-07
4720 4.590499e-05 4.300161e-07
4721 4.586141e-05 4.292401e-07
4722 4.581794e-05 4.284654e-07
4723 4.577456e-05 4.276922e-07
4724 4.573128e-05 4.269204e-07
4725 4.568810e-05 4.261499e-07
4726 4.564502e-05 4.253809e-07
4727 4.560204e-05 4.246132e-07
4728 4.555915e-05 4.238469e-07
4729 4.551637e-05 4.230820e-07
4730 4.547368e-05 4.223185e-07
4731 4.543110e-05 4.215564e-07
4732 4.538861e-05 4.207956e-07
4733 4.534622e-05 4.200362e-07
4734 4.530392e-05 4.192782e-07
4735 4.526173e-05 4.185215e-07
4736 4.521963e-05 4.177663e-07
4737 4.517763e-05 4.170123e-07
4738 4.513572e-05 4.162598e-07
4739 4.509392e-05 4.155086e-07
4740 4.505220e-05 4.147587e-07
4741 4.501059e-05 4.140102e-07
4742 4.496907e-05 4.132631e-07
4743 4.492765e-05 4.125173e-07
4744 4.488632e-05 4.117728e-07
4745 4.484509e-05 4.110297e-07
4746 4.480395e-05 4.102880e-07
4747 4.476291e-05 4.095475e-07
4748 4.472196e-05 4.088084e-07
4749 4.468111e-05 4.080707e-07
4750 4.464036e-05 4.073342e-07
4751 4.459969e-05 4.065992e-07
4752 4.455913e-05 4.058654e-07
4753 4.451865e-05 4.051329e-07
4754 4.447827e-05 4.044018e-07
4755 4.443799e-05 4.036720e-07
4756 4.439779e-05 4.029435e-07
4757 4.435769e-05 4.022163e-07
4758 4.431769e-05 4.014905e-07
4759 4.427777e-05 4.007659e-07
4760 4.423795e-05 4.000427e-07
4761 4.419822e-05 3.993207e-07
4762 4.415859e-05 3.986001e-07
4763 4.411905e-05 3.978808e-07
4764 4.407959e-05 3.971627e-07
4765 4.404023e-05 3.964460e-07
4766 4.400097e-05 3.957305e-07
4767 4.396179e-05 3.950164e-07
4768 4.392270e-05 3.943035e-07
4769 4.388371e-05 3.935919e-07
4770 4.384481e-05 3.928816e-07
4771 4.380599e-05 3.921726e-07
4772 4.376727e-05 3.914649e-07
4773 4.372864e-05 3.907584e-07
4774 4.369010e-05 3.900532e-07
4775 4.365164e-05 3.893493e-07
4776 4.361328e-05 3.886467e-07
4777 4.357501e-05 3.879453e-07
4778 4.353683e-05 3.872452e-07
4779 4.349873e-05 3.865464e-07
4780 4.346073e-05 3.858488e-07
4781 4.342281e-05 3.851525e-07
4782 4.338499e-05 3.844574e-07
4783 4.334725e-05 3.837636e-07
4784 4.330960e-05 3.830710e-07
4785 4.327203e-05 3.823797e-07
4786 4.323456e-05 3.816897e-07
4787 4.319717e-05 3.810008e-07
4788 4.315988e-05 3.803133e-07
4789 4.312266e-05 3.796269e-07
4790 4.308554e-05 3.789418e-07
4791 4.304850e-05 3.782580e-07
4792 4.301155e-05 3.775753e-07
4793 4.297469e-05 3.768940e-07
4794 4.293791e-05 3.762138e-07
4795 4.290122e-05 3.755349e-07
4796 4.286462e-05 3.748571e-07
4797 4.282810e-05 3.741807e-07
4798 4.279167e-05 3.735054e-07
4799 4.275532e-05 3.728313e-07
4800 4.271906e-05 3.721585e-07
4801 4.268289e-05 3.714869e-07
4802 4.264680e-05 3.708165e-07
4803 4.261079e-05 3.701473e-07
4804 4.257487e-05 3.694793e-07
4805 4.253903e-05 3.688125e-07
4806 4.250328e-05 3.681469e-07
4807 4.246762e-05 3.674826e-07
4808 4.243203e-05 3.668194e-07
4809 4.239653e-05 3.661574e-07
4810 4.236112e-05 3.654966e-07
4811 4.232579e-05 3.648370e-07
4812 4.229054e-05 3.641786e-07
4813 4.225537e-05 3.635214e-07
4814 4.222029e-05 3.628654e-07
4815 4.218529e-05 3.622105e-07
4816 4.215037e-05 3.615569e-07
4817 4.211554e-05 3.609044e-07
4818 4.208079e-05 3.602531e-07
4819 4.204612e-05 3.596029e-07
4820 4.201153e-05 3.589540e-07
4821 4.197702e-05 3.583062e-07
4822 4.194260e-05 3.576596e-07
4823 4.190826e-05 3.570141e-07
4824 4.187400e-05 3.563698e-07
4825 4.183982e-05 3.557267e-07
4826 4.180572e-05 3.550847e-07
4827 4.177170e-05 3.544439e-07
4828 4.173776e-05 3.538043e-07
4829 4.170391e-05 3.531658e-07
4830 4.167013e-05 3.525284e-07
4831 4.163644e-05 3.518923e-07
4832 4.160282e-05 3.512572e-07
4833 4.156928e-05 3.506233e-07
4834 4.153583e-05 3.499906e-07
4835 4.150245e-05 3.493590e-07
4836 4.146915e-05 3.487285e-07
4837 4.143593e-05 3.480991e-07
4838 4.140279e-05 3.474709e-07
4839 4.136973e-05 3.468439e-07
4840 4.133675e-05 3.462179e-07
4841 4.130385e-05 3.455931e-07
4842 4.127102e-05 3.449695e-07
4843 4.123827e-05 3.443469e-07
4844 4.120561e-05 3.437255e-07
4845 4.117301e-05 3.431052e-07
4846 4.114050e-05 3.424860e-07
4847 4.110807e-05 3.418679e-07
4848 4.107571e-05 3.412510e-07
4849 4.104343e-05 3.406351e-07
4850 4.101122e-05 3.400204e-07
4851 4.097909e-05 3.394068e-07
4852 4.094704e-05 3.387943e-07
4853 4.091507e-05 3.381829e-07
4854 4.088317e-05 3.375726e-07
4855 4.085135e-05 3.369634e-07
4856 4.081961e-05 3.363553e-07
4857 4.078794e-05 3.357483e-07
4858 4.075634e-05 3.351423e-07
4859 4.072482e-05 3.345375e-07
4860 4.069338e-05 3.339338e-07
4861 4.066201e-05 3.333312e-07
4862 4.063072e-05 3.327296e-07
4863 4.059950e-05 3.321292e-07
4864 4.056836e-05 3.315298e-07
4865 4.053729e-05 3.309315e-07
4866 4.050630e-05 3.303343e-07
4867 4.047538e-05 3.297381e-07
4868 4.044454e-05 3.291431e-07
4869 4.041377e-05 3.285491e-07
4870 4.038307e-05 3.279562e-07
4871 4.035244e-05 3.273643e-07
4872 4.032189e-05 3.267735e-07
4873 4.029142e-05 3.261838e-07
4874 4.026101e-05 3.255952e-07
4875 4.023068e-05 3.250076e-07
4876 4.020043e-05 3.244211e-07
4877 4.017024e-05 3.238356e-07
4878 4.014013e-05 3.232512e-07
4879 4.011009e-05 3.226678e-07
4880 4.008012e-05 3.220855e-07
4881 4.005023e-05 3.215043e-07
4882 4.002040e-05 3.209241e-07
4883 3.999065e-05 3.203449e-07
4884 3.996097e-05 3.197668e-07
4885 3.993136e-05 3.191897e-07
4886 3.990183e-05 3.186137e-07
4887 3.987236e-05 3.180387e-07
4888 3.984297e-05 3.174648e-07
4889 3.981364e-05 3.168918e-07
4890 3.978439e-05 3.163200e-07
4891 3.975521e-05 3.157491e-07
4892 3.972609e-05 3.151793e-07
4893 3.969705e-05 3.146105e-07
4894 3.966808e-05 3.140427e-07
4895 3.963918e-05 3.134760e-07
4896 3.961035e-05 3.129103e-07
4897 3.958158e-05 3.123456e-07
4898 3.955289e-05 3.117819e-07
4899 3.952427e-05 3.112193e-07
4900 3.949571e-05 3.106576e-07
4901 3.946723e-05 3.100970e-07
4902 3.943881e-05 3.095374e-07
4903 3.941047e-05 3.089788e-07
4904 3.938219e-05 3.084212e-07
4905 3.935398e-05 3.078646e-07
4906 3.932583e-05 3.073090e-07
4907 3.929776e-05 3.067544e-07
4908 3.926975e-05 3.062008e-07
4909 3.924182e-05 3.056482e-07
4910 3.921395e-05 3.050966e-07
4911 3.918614e-05 3.045460e-07
4912 3.915841e-05 3.039964e-07
4913 3.913074e-05 3.034478e-07
4914 3.910314e-05 3.029002e-07
4915 3.907561e-05 3.023536e-07
4916 3.904814e-05 3.018079e-07
4917 3.902074e-05 3.012633e-07
4918 3.899340e-05 3.007196e-07
4919 3.896614e-05 3.001769e-07
4920 3.893894e-05 2.996352e-07
4921 3.891180e-05 2.990945e-07
4922 3.888473e-05 2.985547e-07
4923 3.885773e-05 2.980159e-07
4924 3.883079e-05 2.974781e-07
4925 3.880392e-05 2.969412e-07
4926 3.877711e-05 2.964054e-07
4927 3.875037e-05 2.958705e-07
4928 3.872369e-05 2.953365e-07
4929 3.869708e-05 2.948035e-07
4930 3.867054e-05 2.942715e-07
4931 3.864406e-05 2.937405e-07
4932 3.861764e-05 2.932104e-07
4933 3.859128e-05 2.926812e-07
4934 3.856500e-05 2.921530e-07
4935 3.853877e-05 2.916258e-07
4936 3.851261e-05 2.910995e-07
4937 3.848651e-05 2.905742e-07
4938 3.846048e-05 2.900498e-07
4939 3.843451e-05 2.895263e-07
4940 3.840861e-05 2.890039e-07
4941 3.838276e-05 2.884823e-07
4942 3.835698e-05 2.879617e-07
4943 3.833127e-05 2.874420e-07
4944 3.830561e-05 2.869233e-07
4945 3.828002e-05 2.864055e-07
4946 3.825449e-05 2.858886e-07
4947 3.822903e-05 2.853727e-07
4948 3.820362e-05 2.848577e-07
4949 3.817828e-05 2.843436e-07
4950 3.815300e-05 2.838305e-07
4951 3.812778e-05 2.833183e-07
4952 3.810262e-05 2.828070e-07
4953 3.807753e-05 2.822966e-07
4954 3.805250e-05 2.817872e-07
4955 3.802752e-05 2.812786e-07
4956 3.800261e-05 2.807710e-07
4957 3.797776e-05 2.802643e-07
4958 3.795297e-05 2.797585e-07
4959 3.792825e-05 2.792537e-07
4960 3.790358e-05 2.787497e-07
4961 3.787897e-05 2.782467e-07
4962 3.785443e-05 2.777445e-07
4963 3.782994e-05 2.772433e-07
4964 3.780551e-05 2.767430e-07
4965 3.778115e-05 2.762435e-07
4966 3.775684e-05 2.757450e-07
4967 3.773259e-05 2.752474e-07
4968 3.770840e-05 2.747507e-07
4969 3.768428e-05 2.742548e-07
4970 3.766021e-05 2.737599e-07
4971 3.763620e-05 2.732659e-07
4972 3.761225e-05 2.727727e-07
4973 3.758836e-05 2.722805e-07
4974 3.756452e-05 2.717891e-07
4975 3.754075e-05 2.712986e-07
4976 3.751703e-05 2.708090e-07
4977 3.749338e-05 2.703203e-07
4978 3.746978e-05 2.698324e-07
4979 3.744624e-05 2.693455e-07
4980 3.742275e-05 2.688594e-07
4981 3.739933e-05 2.683742e-07
4982 3.737596e-05 2.678899e-07
4983 3.735265e-05 2.674064e-07
4984 3.732940e-05 2.669239e-07
4985 3.730620e-05 2.664422e-07
4986 3.728306e-05 2.659613e-07
4987 3.725998e-05 2.654814e-07
4988 3.723696e-05 2.650023e-07
4989 3.721399e-05 2.645240e-07
4990 3.719108e-05 2.640466e-07
4991 3.716822e-05 2.635701e-07
4992 3.714543e-05 2.630945e-07
4993 3.712268e-05 2.626197e-07
4994 3.710000e-05 2.621458e-07
4995 3.707737e-05 2.616727e-07
4996 3.705479e-05 2.612004e-07
4997 3.703228e-05 2.607291e-07
4998 3.700981e-05 2.602585e-07
4999 3.698741e-05 2.597889e-07
5000 3.696506e-05 2.593200e-07
5001 3.694276e-05 2.588520e-07
5002 3.692052e-05 2.583849e-07
5003 3.689833e-05 2.579186e-07
5004 3.687620e-05 2.574532e-07
5005 3.685412e-05 2.569885e-07
5006 3.683210e-05 2.565248e-07
5007 3.681013e-05 2.560618e-07
5008 3.678822e-05 2.555997e-07
5009 3.676636e-05 2.551385e-07
5010 3.674456e-05 2.546780e-07
5011 3.672281e-05 2.542184e-07
5012 3.670111e-05 2.537596e-07
5013 3.667947e-05 2.533017e-07
5014 3.665788e-05 2.528446e-07
5015 3.663634e-05 2.523883e-07
5016 3.661486e-05 2.519328e-07
5017 3.659343e-05 2.514781e-07
5018 3.657205e-05 2.510243e-07
5019 3.655073e-05 2.505713e-07
5020 3.652946e-05 2.501191e-07
5021 3.650824e-05 2.496677e-07
5022 3.648708e-05 2.492172e-07
5023 3.646596e-05 2.487674e-07
5024 3.644490e-05 2.483185e-07
5025 3.642389e-05 2.478703e-07
5026 3.640294e-05 2.474230e-07
5027 3.638204e-05 2.469765e-07
5028 3.636118e-05 2.465308e-07
5029 3.634038e-05 2.460859e-07
5030 3.631963e-05 2.456418e-07
5031 3.629894e-05 2.451985e-07
5032 3.627829e-05 2.447560e-07
5033 3.625770e-05 2.443143e-07
5034 3.623716e-05 2.438734e-07
5035 3.621666e-05 2.434333e-07
5036 3.619622e-05 2.429940e-07
5037 3.617583e-05 2.425555e-07
5038 3.615549e-05 2.421177e-07
5039 3.613520e-05 2.416808e-07
5040 3.611497e-05 2.412446e-07
5041 3.609478e-05 2.408093e-07
5042 3.607464e-05 2.403747e-07
5043 3.605455e-05 2.399409e-07
5044 3.603451e-05 2.395079e-07
5045 3.601453e-05 2.390757e-07
5046 3.599459e-05 2.386442e-07
5047 3.597470e-05 2.382136e-07
5048 3.595486e-05 2.377837e-07
5049 3.593507e-05 2.373545e-07
5050 3.591533e-05 2.369262e-07
5051 3.589564e-05 2.364986e-07
5052 3.587600e-05 2.360718e-07
5053 3.585641e-05 2.356458e-07
5054 3.583686e-05 2.352205e-07
5055 3.581737e-05 2.347961e-07
5056 3.579792e-05 2.343723e-07
5057 3.577852e-05 2.339494e-07
5058 3.575917e-05 2.335272e-07
5059 3.573987e-05 2.331057e-07
5060 3.572062e-05 2.326851e-07
5061 3.570141e-05 2.322651e-07
5062 3.568225e-05 2.318460e-07
5063 3.566315e-05 2.314276e-07
5064 3.564408e-05 2.310099e-07
5065 3.562507e-05 2.305930e-07
5066 3.560610e-05 2.301769e-07
5067 3.558718e-05 2.297615e-07
5068 3.556831e-05 2.293469e-07
5069 3.554949e-05 2.289330e-07
5070 3.553071e-05 2.285198e-07
5071 3.551198e-05 2.281074e-07
5072 3.549329e-05 2.276958e-07
5073 3.547465e-05 2.272849e-07
5074 3.545606e-05 2.268747e-07
5075 3.543752e-05 2.264653e-07
5076 3.541902e-05 2.260566e-07
5077 3.540057e-05 2.256486e-07
5078 3.538216e-05 2.252414e-07
5079 3.536380e-05 2.248349e-07
5080 3.534549e-05 2.244292e-07
5081 3.532722e-05 2.240242e-07
5082 3.530900e-05 2.236199e-07
5083 3.529082e-05 2.232163e-07
5084 3.527269e-05 2.228135e-07
5085 3.525461e-05 2.224114e-07
5086 3.523657e-05 2.220100e-07
5087 3.521857e-05 2.216094e-07
5088 3.520062e-05 2.212094e-07
5089 3.518271e-05 2.208102e-07
5090 3.516485e-05 2.204117e-07
5091 3.514704e-05 2.200140e-07
5092 3.512927e-05 2.196169e-07
5093 3.511154e-05 2.192206e-07
5094 3.509386e-05 2.188250e-07
5095 3.507622e-05 2.184301e-07
5096 3.505863e-05 2.180359e-07
5097 3.504108e-05 2.176424e-07
5098 3.502357e-05 2.172496e-07
5099 3.500611e-05 2.168576e-07
5100 3.498869e-05 2.164662e-07
5101 3.497132e-05 2.160756e-07
5102 3.495399e-05 2.156856e-07
5103 3.493670e-05 2.152964e-07
5104 3.491946e-05 2.149079e-07
5105 3.490226e-05 2.145200e-07
5106 3.488510e-05 2.141329e-07
5107 3.486798e-05 2.137464e-07
5108 3.485091e-05 2.133607e-07
5109 3.483388e-05 2.129757e-07
5110 3.481690e-05 2.125913e-07
5111 3.479996e-05 2.122077e-07
5112 3.478306e-05 2.118247e-07
5113 3.476620e-05 2.114424e-07
5114 3.474938e-05 2.110609e-07
5115 3.473261e-05 2.106800e-07
5116 3.471588e-05 2.102998e-07
5117 3.469919e-05 2.099202e-07
5118 3.468254e-05 2.095414e-07
5119 3.466593e-05 2.091633e-07
5120 3.464937e-05 2.087858e-07
5121 3.463285e-05 2.084090e-07
5122 3.461637e-05 2.080329e-07
5123 3.459993e-05 2.076575e-07
5124 3.458353e-05 2.072827e-07
5125 3.456717e-05 2.069086e-07
5126 3.455086e-05 2.065352e-07
5127 3.453458e-05 2.061625e-07
5128 3.451835e-05 2.057905e-07
5129 3.450215e-05 2.054191e-07
5130 3.448600e-05 2.050484e-07
5131 3.446989e-05 2.046783e-07
5132 3.445382e-05 2.043090e-07
5133 3.443779e-05 2.039403e-07
5134 3.442180e-05 2.035722e-07
5135 3.440585e-05 2.032048e-07
5136 3.438994e-05 2.028381e-07
5137 3.437407e-05 2.024721e-07
5138 3.435824e-05 2.021067e-07
5139 3.434245e-05 2.017419e-07
5140 3.432670e-05 2.013779e-07
5141 3.431099e-05 2.010145e-07
5142 3.429532e-05 2.006517e-07
5143 3.427968e-05 2.002896e-07
5144 3.426409e-05 1.999281e-07
5145 3.424854e-05 1.995673e-07
5146 3.423303e-05 1.992072e-07
5147 3.421755e-05 1.988477e-07
5148 3.420211e-05 1.984888e-07
5149 3.418672e-05 1.981306e-07
5150 3.417136e-05 1.977731e-07
5151 3.415604e-05 1.974162e-07
5152 3.414076e-05 1.970599e-07
5153 3.412552e-05 1.967043e-07
5154 3.411031e-05 1.963493e-07
5155 3.409515e-05 1.959949e-07
5156 3.408002e-05 1.956412e-07
5157 3.406493e-05 1.952882e-07
5158 3.404988e-05 1.949357e-07
5159 3.403487e-05 1.945839e-07
5160 3.401989e-05 1.942328e-07
5161 3.400495e-05 1.938823e-07
5162 3.399005e-05 1.935324e-07
5163 3.397519e-05 1.931831e-07
5164 3.396036e-05 1.928345e-07
5165 3.394558e-05 1.924865e-07
5166 3.393083e-05 1.921391e-07
5167 3.391611e-05 1.917924e-07
5168 3.390144e-05 1.914463e-07
5169 3.388680e-05 1.911008e-07
5170 3.387219e-05 1.907559e-07
5171 3.385763e-05 1.904116e-07
5172 3.384310e-05 1.900680e-07
5173 3.382861e-05 1.897250e-07
5174 3.381415e-05 1.893826e-07
5175 3.379973e-05 1.890409e-07
5176 3.378535e-05 1.886997e-07
5177 3.377101e-05 1.883592e-07
5178 3.375670e-05 1.880192e-07
5179 3.374242e-05 1.876799e-07
5180 3.372818e-05 1.873412e-07
5181 3.371398e-05 1.870031e-07
5182 3.369982e-05 1.866657e-07
5183 3.368569e-05 1.863288e-07
5184 3.367159e-05 1.859925e-07
5185 3.365753e-05 1.856569e-07
5186 3.364351e-05 1.853218e-07
5187 3.362952e-05 1.849874e-07
5188 3.361557e-05 1.846536e-07
5189 3.360165e-05 1.843203e-07
5190 3.358777e-05 1.839877e-07
5191 3.357392e-05 1.836557e-07
5192 3.356011e-05 1.833242e-07
5193 3.354633e-05 1.829934e-07
5194 3.353259e-05 1.826631e-07
5195 3.351888e-05 1.823335e-07
5196 3.350520e-05 1.820045e-07
5197 3.349156e-05 1.816760e-07
5198 3.347796e-05 1.813481e-07
5199 3.346439e-05 1.810209e-07
5200 3.345085e-05 1.806942e-07
5201 3.343735e-05 1.803681e-07
5202 3.342388e-05 1.800426e-07
5203 3.341045e-05 1.797177e-07
5204 3.339705e-05 1.793933e-07
5205 3.338369e-05 1.790696e-07
5206 3.337035e-05 1.787464e-07
5207 3.335706e-05 1.784239e-07
5208 3.334379e-05 1.781019e-07
5209 3.333056e-05 1.777805e-07
5210 3.331736e-05 1.774596e-07
5211 3.330420e-05 1.771394e-07
5212 3.329107e-05 1.768197e-07
5213 3.327797e-05 1.765006e-07
5214 3.326490e-05 1.761821e-07
5215 3.325187e-05 1.758641e-07
5216 3.323887e-05 1.755468e-07
5217 3.322591e-05 1.752300e-07
5218 3.321297e-05 1.749137e-07
5219 3.320007e-05 1.745981e-07
5220 3.318720e-05 1.742830e-07
5221 3.317437e-05 1.739685e-07
5222 3.316157e-05 1.736545e-07
5223 3.314880e-05 1.733411e-07
5224 3.313606e-05 1.730283e-07
5225 3.312335e-05 1.727160e-07
5226 3.311068e-05 1.724044e-07
5227 3.309803e-05 1.720932e-07
5228 3.308542e-05 1.717827e-07
5229 3.307285e-05 1.714726e-07
5230 3.306030e-05 1.711632e-07
5231 3.304778e-05 1.708543e-07
5232 3.303530e-05 1.705460e-07
5233 3.302285e-05 1.702382e-07
5234 3.301043e-05 1.699310e-07
5235 3.299804e-05 1.696243e-07
5236 3.298568e-05 1.693182e-07
5237 3.297336e-05 1.690126e-07
5238 3.296106e-05 1.687076e-07
5239 3.294880e-05 1.684032e-07
5240 3.293657e-05 1.680993e-07
5241 3.292436e-05 1.677959e-07
5242 3.291219e-05 1.674931e-07
5243 3.290005e-05 1.671908e-07
5244 3.288794e-05 1.668891e-07
5245 3.287587e-05 1.665879e-07
5246 3.286382e-05 1.662873e-07
5247 3.285180e-05 1.659872e-07
5248 3.283981e-05 1.656876e-07
5249 3.282785e-05 1.653886e-07
5250 3.281593e-05 1.650902e-07
5251 3.280403e-05 1.647922e-07
5252 3.279216e-05 1.644948e-07
5253 3.278033e-05 1.641980e-07
5254 3.276852e-05 1.639017e-07
5255 3.275674e-05 1.636059e-07
5256 3.274500e-05 1.633106e-07
5257 3.273328e-05 1.630159e-07
5258 3.272159e-05 1.627217e-07
5259 3.270993e-05 1.624281e-07
5260 3.269830e-05 1.621349e-07
5261 3.268670e-05 1.618423e-07
5262 3.267513e-05 1.615503e-07
5263 3.266359e-05 1.612587e-07
5264 3.265208e-05 1.609677e-07
5265 3.264060e-05 1.606772e-07
5266 3.262915e-05 1.603873e-07
5267 3.261772e-05 1.600978e-07
5268 3.260632e-05 1.598089e-07
5269 3.259496e-05 1.595205e-07
5270 3.258362e-05 1.592326e-07
5271 3.257231e-05 1.589453e-07
5272 3.256103e-05 1.586584e-07
5273 3.254978e-05 1.583721e-07
5274 3.253855e-05 1.580863e-07
5275 3.252736e-05 1.578010e-07
5276 3.251619e-05 1.575162e-07
5277 3.250505e-05 1.572319e-07
5278 3.249394e-05 1.569482e-07
5279 3.248286e-05 1.566650e-07
5280 3.247180e-05 1.563822e-07
5281 3.246078e-05 1.561000e-07
5282 3.244978e-05 1.558183e-07
5283 3.243881e-05 1.555371e-07
5284 3.242786e-05 1.552564e-07
5285 3.241695e-05 1.549762e-07
5286 3.240606e-05 1.546966e-07
5287 3.239520e-05 1.544174e-07
5288 3.238437e-05 1.541387e-07
5289 3.237356e-05 1.538606e-07
5290 3.236278e-05 1.535829e-07
5291 3.235203e-05 1.533057e-07
5292 3.234131e-05 1.530291e-07
5293 3.233061e-05 1.527529e-07
5294 3.231994e-05 1.524772e-07
5295 3.230930e-05 1.522021e-07
5296 3.229868e-05 1.519274e-07
5297 3.228809e-05 1.516532e-07
5298 3.227753e-05 1.513795e-07
5299 3.226699e-05 1.511063e-07
5300 3.225648e-05 1.508336e-07
5301 3.224600e-05 1.505614e-07
5302 3.223555e-05 1.502897e-07
5303 3.222512e-05 1.500185e-07
5304 3.221471e-05 1.497478e-07
5305 3.220434e-05 1.494775e-07
5306 3.219398e-05 1.492078e-07
5307 3.218366e-05 1.489385e-07
5308 3.217336e-05 1.486697e-07
5309 3.216309e-05 1.484014e-07
5310 3.215284e-05 1.481336e-07
5311 3.214262e-05 1.478663e-07
5312 3.213243e-05 1.475994e-07
5313 3.212226e-05 1.473331e-07
5314 3.211211e-05 1.470672e-07
5315 3.210200e-05 1.468018e-07
5316 3.209190e-05 1.465369e-07
5317 3.208184e-05 1.462724e-07
5318 3.207180e-05 1.460084e-07
5319 3.206178e-05 1.457449e-07
5320 3.205179e-05 1.454819e-07
5321 3.204182e-05 1.452194e-07
5322 3.203188e-05 1.449573e-07
5323 3.202197e-05 1.446957e-07
5324 3.201208e-05 1.444346e-07
5325 3.200221e-05 1.441739e-07
5326 3.199237e-05 1.439137e-07
5327 3.198256e-05 1.436540e-07
5328 3.197276e-05 1.433948e-07
5329 3.196300e-05 1.431360e-07
5330 3.195326e-05 1.428777e-07
5331 3.194354e-05 1.426199e-07
5332 3.193385e-05 1.423625e-07
5333 3.192418e-05 1.421056e-07
5334 3.191454e-05 1.418491e-07
5335 3.190492e-05 1.415931e-07
5336 3.189532e-05 1.413376e-07
5337 3.188575e-05 1.410825e-07
5338 3.187621e-05 1.408279e-07
5339 3.186668e-05 1.405738e-07
5340 3.185718e-05 1.403201e-07
5341 3.184771e-05 1.400669e-07
5342 3.183826e-05 1.398141e-07
5343 3.182883e-05 1.395618e-07
5344 3.181943e-05 1.393099e-07
5345 3.181005e-05 1.390585e-07
5346 3.180070e-05 1.388076e-07
5347 3.179136e-05 1.385571e-07
5348 3.178205e-05 1.383070e-07
5349 3.177277e-05 1.380574e-07
5350 3.176351e-05 1.378083e-07
5351 3.175427e-05 1.375596e-07
5352 3.174506e-05 1.373113e-07
5353 3.173586e-05 1.370635e-07
5354 3.172669e-05 1.368162e-07
5355 3.171755e-05 1.365693e-07
5356 3.170843e-05 1.363228e-07
5357 3.169933e-05 1.360768e-07
5358 3.169025e-05 1.358312e-07
5359 3.168120e-05 1.355861e-07
5360 3.167217e-05 1.353414e-07
5361 3.166316e-05 1.350972e-07
5362 3.165417e-05 1.348534e-07
5363 3.164521e-05 1.346100e-07
5364 3.163627e-05 1.343671e-07
5365 3.162735e-05 1.341246e-07
5366 3.161846e-05 1.338825e-07
5367 3.160958e-05 1.336409e-07
5368 3.160073e-05 1.333997e-07
5369 3.159191e-05 1.331590e-07
5370 3.158310e-05 1.329187e-07
5371 3.157432e-05 1.326788e-07
5372 3.156556e-05 1.324394e-07
5373 3.155682e-05 1.322004e-07
5374 3.154810e-05 1.319618e-07
5375 3.153940e-05 1.317237e-07
5376 3.153073e-05 1.314859e-07
5377 3.152208e-05 1.312487e-07
5378 3.151345e-05 1.310118e-07
5379 3.150484e-05 1.307754e-07
5380 3.149625e-05 1.305394e-07
5381 3.148769e-05 1.303038e-07
5382 3.147914e-05 1.300686e-07
5383 3.147062e-05 1.298339e-07
5384 3.146212e-05 1.295996e-07
5385 3.145364e-05 1.293657e-07
5386 3.144518e-05 1.291323e-07
5387 3.143675e-05 1.288992e-07
5388 3.142833e-05 1.286666e-07
5389 3.141994e-05 1.284344e-07
5390 3.141156e-05 1.282026e-07
5391 3.140321e-05 1.279713e-07
5392 3.139488e-05 1.277403e-07
5393 3.138657e-05 1.275098e-07
5394 3.137828e-05 1.272797e-07
5395 3.137001e-05 1.270500e-07
5396 3.136176e-05 1.268207e-07
5397 3.135354e-05 1.265918e-07
5398 3.134533e-05 1.263634e-07
5399 3.133714e-05 1.261353e-07
5400 3.132898e-05 1.259077e-07
5401 3.132083e-05 1.256805e-07
5402 3.131271e-05 1.254537e-07
5403 3.130461e-05 1.252273e-07
5404 3.129652e-05 1.250013e-07
5405 3.128846e-05 1.247757e-07
5406 3.128042e-05 1.245505e-07
5407 3.127239e-05 1.243257e-07
5408 3.126439e-05 1.241014e-07
5409 3.125641e-05 1.238774e-07
5410 3.124845e-05 1.236539e-07
5411 3.124050e-05 1.234307e-07
5412 3.123258e-05 1.232080e-07
5413 3.122468e-05 1.229856e-07
5414 3.121679e-05 1.227637e-07
5415 3.120893e-05 1.225421e-07
5416 3.120109e-05 1.223210e-07
5417 3.119326e-05 1.221002e-07
5418 3.118546e-05 1.218799e-07
5419 3.117767e-05 1.216599e-07
5420 3.116991e-05 1.214404e-07
5421 3.116216e-05 1.212212e-07
5422 3.115444e-05 1.210025e-07
5423 3.114673e-05 1.207841e-07
5424 3.113904e-05 1.205661e-07
5425 3.113138e-05 1.203485e-07
5426 3.112373e-05 1.201313e-07
5427 3.111610e-05 1.199145e-07
5428 3.110849e-05 1.196981e-07
5429 3.110089e-05 1.194821e-07
5430 3.109332e-05 1.192665e-07
5431 3.108577e-05 1.190513e-07
5432 3.107823e-05 1.188364e-07
5433 3.107072e-05 1.186220e-07
5434 3.106322e-05 1.184079e-07
5435 3.105574e-05 1.181942e-07
5436 3.104828e-05 1.179809e-07
5437 3.104084e-05 1.177680e-07
5438 3.103342e-05 1.175555e-07
5439 3.102601e-05 1.173433e-07
5440 3.101863e-05 1.171316e-07
5441 3.101126e-05 1.169202e-07
5442 3.100391e-05 1.167092e-07
5443 3.099658e-05 1.164986e-07
5444 3.098927e-05 1.162883e-07
5445 3.098198e-05 1.160785e-07
5446 3.097470e-05 1.158690e-07
5447 3.096745e-05 1.156599e-07
5448 3.096021e-05 1.154511e-07
5449 3.095299e-05 1.152428e-07
5450 3.094578e-05 1.150348e-07
5451 3.093860e-05 1.148272e-07
5452 3.093143e-05 1.146200e-07
5453 3.092428e-05 1.144131e-07
5454 3.091715e-05 1.142067e-07
5455 3.091004e-05 1.140006e-07
5456 3.090294e-05 1.137948e-07
5457 3.089587e-05 1.135895e-07
5458 3.088881e-05 1.133845e-07
5459 3.088176e-05 1.131799e-07
5460 3.087474e-05 1.129756e-07
5461 3.086773e-05 1.127717e-07
5462 3.086074e-05 1.125682e-07
5463 3.085377e-05 1.123651e-07
5464 3.084681e-05 1.121623e-07
5465 3.083988e-05 1.119599e-07
5466 3.083296e-05 1.117578e-07
5467 3.082605e-05 1.115561e-07
5468 3.081917e-05 1.113548e-07
5469 3.081230e-05 1.111539e-07
5470 3.080545e-05 1.109533e-07
5471 3.079861e-05 1.107530e-07
5472 3.079180e-05 1.105532e-07
5473 3.078500e-05 1.103537e-07
5474 3.077821e-05 1.101545e-07
5475 3.077145e-05 1.099557e-07
5476 3.076470e-05 1.097573e-07
5477 3.075796e-05 1.095592e-07
5478 3.075125e-05 1.093615e-07
5479 3.074455e-05 1.091641e-07
5480 3.073786e-05 1.089671e-07
5481 3.073120e-05 1.087705e-07
5482 3.072455e-05 1.085742e-07
5483 3.071792e-05 1.083783e-07
5484 3.071130e-05 1.081827e-07
5485 3.070470e-05 1.079874e-07
5486 3.069812e-05 1.077926e-07
5487 3.069155e-05 1.075980e-07
5488 3.068500e-05 1.074039e-07
5489 3.067846e-05 1.072100e-07
5490 3.067194e-05 1.070165e-07
5491 3.066544e-05 1.068234e-07
5492 3.065896e-05 1.066306e-07
5493 3.065249e-05 1.064382e-07
5494 3.064603e-05 1.062461e-07
5495 3.063959e-05 1.060544e-07
5496 3.063317e-05 1.058630e-07
5497 3.062677e-05 1.056719e-07
5498 3.062038e-05 1.054812e-07
5499 3.061400e-05 1.052909e-07
5500 3.060765e-05 1.051009e-07
5501 3.060130e-05 1.049112e-07
5502 3.059498e-05 1.047219e-07
5503 3.058867e-05 1.045329e-07
5504 3.058237e-05 1.043442e-07
5505 3.057609e-05 1.041559e-07
5506 3.056983e-05 1.039680e-07
5507 3.056358e-05 1.037803e-07
5508 3.055734e-05 1.035931e-07
5509 3.055113e-05 1.034061e-07
5510 3.054492e-05 1.032195e-07
5511 3.053874e-05 1.030332e-07
5512 3.053257e-05 1.028473e-07
5513 3.052641e-05 1.026617e-07
5514 3.052027e-05 1.024764e-07
5515 3.051414e-05 1.022915e-07
5516 3.050803e-05 1.021069e-07
5517 3.050194e-05 1.019226e-07
5518 3.049586e-05 1.017387e-07
5519 3.048979e-05 1.015551e-07
5520 3.048374e-05 1.013718e-07
5521 3.047771e-05 1.011889e-07
5522 3.047169e-05 1.010062e-07
5523 3.046568e-05 1.008240e-07
5524 3.045969e-05 1.006420e-07
5525 3.045372e-05 1.004604e-07
5526 3.044775e-05 1.002791e-07
5527 3.044181e-05 1.000981e-07
5528 3.043588e-05 9.991748e-08
5529 3.042996e-05 9.973716e-08
5530 3.042406e-05 9.955717e-08
5531 3.041817e-05 9.937751e-08
5532 3.041230e-05 9.919817e-08
5533 3.040644e-05 9.901915e-08
5534 3.040059e-05 9.884045e-08
5535 3.039477e-05 9.866208e-08
5536 3.038895e-05 9.848403e-08
5537 3.038315e-05 9.830630e-08
5538 3.037736e-05 9.812889e-08
5539 3.037159e-05 9.795180e-08
5540 3.036583e-05 9.777503e-08
5541 3.036009e-05 9.759858e-08
5542 3.035436e-05 9.742245e-08
5543 3.034864e-05 9.724664e-08
5544 3.034294e-05 9.707114e-08
5545 3.033726e-05 9.689596e-08
5546 3.033158e-05 9.672110e-08
5547 3.032592e-05 9.654655e-08
5548 3.032028e-05 9.637231e-08
5549 3.031465e-05 9.619840e-08
5550 3.030903e-05 9.602479e-08
5551 3.030343e-05 9.585150e-08
5552 3.029784e-05 9.567852e-08
5553 3.029226e-05 9.550585e-08
5554 3.028670e-05 9.533350e-08
5555 3.028115e-05 9.516145e-08
5556 3.027561e-05 9.498972e-08
5557 3.027009e-05 9.481830e-08
5558 3.026458e-05 9.464718e-08
5559 3.025909e-05 9.447638e-08
5560 3.025361e-05 9.430588e-08
5561 3.024814e-05 9.413569e-08
5562 3.024269e-05 9.396581e-08
5563 3.023725e-05 9.379623e-08
5564 3.023182e-05 9.362696e-08
5565 3.022641e-05 9.345800e-08
5566 3.022101e-05 9.328934e-08
5567 3.021562e-05 9.312098e-08
5568 3.021025e-05 9.295293e-08
5569 3.020489e-05 9.278519e-08
5570 3.019954e-05 9.261774e-08
5571 3.019421e-05 9.245060e-08
5572 3.018888e-05 9.228376e-08
5573 3.018358e-05 9.211722e-08
5574 3.017828e-05 9.195098e-08
5575 3.017300e-05 9.178504e-08
5576 3.016773e-05 9.161940e-08
5577 3.016247e-05 9.145405e-08
5578 3.015723e-05 9.128901e-08
5579 3.015200e-05 9.112427e-08
5580 3.014678e-05 9.095982e-08
5581 3.014158e-05 9.079567e-08
5582 3.013639e-05 9.063181e-08
5583 3.013121e-05 9.046825e-08
5584 3.012604e-05 9.030499e-08
5585 3.012089e-05 9.014202e-08
5586 3.011574e-05 8.997935e-08
5587 3.011062e-05 8.981696e-08
5588 3.010550e-05 8.965488e-08
5589 3.010040e-05 8.949308e-08
5590 3.009531e-05 8.933158e-08
5591 3.009023e-05 8.917036e-08
5592 3.008516e-05 8.900944e-08
5593 3.008011e-05 8.884881e-08
5594 3.007507e-05 8.868847e-08
5595 3.007004e-05 8.852842e-08
5596 3.006502e-05 8.836865e-08
5597 3.006002e-05 8.820918e-08
5598 3.005502e-05 8.804999e-08
5599 3.005004e-05 8.789109e-08
5600 3.004508e-05 8.773248e-08
5601 3.004012e-05 8.757415e-08
5602 3.003518e-05 8.741611e-08
5603 3.003024e-05 8.725835e-08
5604 3.002532e-05 8.710088e-08
5605 3.002042e-05 8.694370e-08
5606 3.001552e-05 8.678679e-08
5607 3.001064e-05 8.663017e-08
5608 3.000577e-05 8.647384e-08
5609 3.000091e-05 8.631778e-08
5610 2.999606e-05 8.616201e-08
5611 2.999122e-05 8.600651e-08
5612 2.998640e-05 8.585130e-08
5613 2.998159e-05 8.569637e-08
5614 2.997679e-05 8.554172e-08
5615 2.997200e-05 8.538734e-08
5616 2.996722e-05 8.523325e-08
5617 2.996245e-05 8.507943e-08
5618 2.995770e-05 8.492589e-08
5619 2.995296e-05 8.477263e-08
5620 2.994823e-05 8.461965e-08
5621 2.994351e-05 8.446694e-08
5622 2.993880e-05 8.431450e-08
5623 2.993410e-05 8.416235e-08
5624 2.992942e-05 8.401046e-08
5625 2.992474e-05 8.385885e-08
5626 2.992008e-05 8.370752e-08
5627 2.991543e-05 8.355645e-08
5628 2.991079e-05 8.340566e-08
5629 2.990616e-05 8.325514e-08
5630 2.990154e-05 8.310490e-08
5631 2.989694e-05 8.295492e-08
5632 2.989234e-05 8.280522e-08
5633 2.988776e-05 8.265578e-08
5634 2.988319e-05 8.250662e-08
5635 2.987863e-05 8.235772e-08
5636 2.987408e-05 8.220909e-08
5637 2.986954e-05 8.206073e-08
5638 2.986501e-05 8.191264e-08
5639 2.986049e-05 8.176482e-08
5640 2.985599e-05 8.161726e-08
5641 2.985149e-05 8.146997e-08
5642 2.984701e-05 8.132295e-08
5643 2.984253e-05 8.117619e-08
5644 2.983807e-05 8.102969e-08
5645 2.983362e-05 8.088346e-08
5646 2.982918e-05 8.073749e-08
5647 2.982475e-05 8.059179e-08
5648 2.982033e-05 8.044635e-08
5649 2.981592e-05 8.030117e-08
5650 2.981152e-05 8.015626e-08
5651 2.980713e-05 8.001160e-08
5652 2.980276e-05 7.986721e-08
5653 2.979839e-05 7.972308e-08
5654 2.979403e-05 7.957920e-08
5655 2.978969e-05 7.943559e-08
5656 2.978535e-05 7.929224e-08
5657 2.978103e-05 7.914914e-08
5658 2.977672e-05 7.900630e-08
5659 2.977241e-05 7.886373e-08
5660 2.976812e-05 7.872140e-08
5661 2.976384e-05 7.857934e-08
5662 2.975957e-05 7.843753e-08
5663 2.975530e-05 7.829598e-08
5664 2.975105e-05 7.815468e-08
5665 2.974681e-05 7.801364e-08
5666 2.974258e-05 7.787285e-08
5667 2.973836e-05 7.773232e-08
5668 2.973415e-05 7.759204e-08
5669 2.972995e-05 7.745201e-08
5670 2.972576e-05 7.731224e-08
5671 2.972158e-05 7.717271e-08
5672 2.971741e-05 7.703344e-08
5673 2.971325e-05 7.689443e-08
5674 2.970910e-05 7.675566e-08
5675 2.970496e-05 7.661714e-08
5676 2.970083e-05 7.647887e-08
5677 2.969671e-05 7.634085e-08
5678 2.969260e-05 7.620309e-08
5679 2.968850e-05 7.606557e-08
5680 2.968441e-05 7.592829e-08
5681 2.968033e-05 7.579127e-08
5682 2.967626e-05 7.565449e-08
5683 2.967220e-05 7.551796e-08
5684 2.966814e-05 7.538168e-08
5685 2.966410e-05 7.524564e-08
5686 2.966007e-05 7.510985e-08
5687 2.965605e-05 7.497430e-08
5688 2.965204e-05 7.483900e-08
5689 2.964803e-05 7.470394e-08
5690 2.964404e-05 7.456912e-08
5691 2.964006e-05 7.443455e-08
5692 2.963608e-05 7.430022e-08
5693 2.963212e-05 7.416614e-08
5694 2.962817e-05 7.403229e-08
5695 2.962422e-05 7.389869e-08
5696 2.962028e-05 7.376533e-08
5697 2.961636e-05 7.363221e-08
5698 2.961244e-05 7.349933e-08
5699 2.960853e-05 7.336669e-08
5700 2.960463e-05 7.323429e-08
5701 2.960075e-05 7.310212e-08
5702 2.959687e-05 7.297020e-08
5703 2.959300e-05 7.283851e-08
5704 2.958914e-05 7.270707e-08
5705 2.958528e-05 7.257585e-08
5706 2.958144e-05 7.244488e-08
5707 2.957761e-05 7.231414e-08
5708 2.957378e-05 7.218364e-08
5709 2.956997e-05 7.205337e-08
5710 2.956616e-05 7.192334e-08
5711 2.956237e-05 7.179354e-08
5712 2.955858e-05 7.166398e-08
5713 2.955480e-05 7.153465e-08
5714 2.955103e-05 7.140556e-08
5715 2.954727e-05 7.127670e-08
5716 2.954352e-05 7.114807e-08
5717 2.953978e-05 7.101967e-08
5718 2.953604e-05 7.089150e-08
5719 2.953232e-05 7.076357e-08
5720 2.952860e-05 7.063586e-08
5721 2.952490e-05 7.050839e-08
5722 2.952120e-05 7.038115e-08
5723 2.951751e-05 7.025413e-08
5724 2.951383e-05 7.012735e-08
5725 2.951016e-05 7.000079e-08
5726 2.950649e-05 6.987447e-08
5727 2.950284e-05 6.974837e-08
5728 2.949919e-05 6.962250e-08
5729 2.949556e-05 6.949685e-08
5730 2.949193e-05 6.937143e-08
5731 2.948831e-05 6.924624e-08
5732 2.948470e-05 6.912128e-08
5733 2.948110e-05 6.899654e-08
5734 2.947750e-05 6.887202e-08
5735 2.947392e-05 6.874773e-08
5736 2.947034e-05 6.862367e-08
5737 2.946677e-05 6.849982e-08
5738 2.946321e-05 6.837620e-08
5739 2.945966e-05 6.825281e-08
5740 2.945612e-05 6.812964e-08
5741 2.945259e-05 6.800669e-08
5742 2.944906e-05 6.788396e-08
5743 2.944554e-05 6.776145e-08
5744 2.944204e-05 6.763916e-08
5745 2.943853e-05 6.751710e-08
5746 2.943504e-05 6.739525e-08
5747 2.943156e-05 6.727363e-08
5748 2.942808e-05 6.715222e-08
5749 2.942461e-05 6.703104e-08
5750 2.942116e-05 6.691007e-08
5751 2.941770e-05 6.678932e-08
5752 2.941426e-05 6.666879e-08
5753 2.941083e-05 6.654847e-08
5754 2.940740e-05 6.642838e-08
5755 2.940398e-05 6.630850e-08
5756 2.940057e-05 6.618883e-08
5757 2.939717e-05 6.606938e-08
5758 2.939378e-05 6.595015e-08
5759 2.939039e-05 6.583114e-08
5760 2.938701e-05 6.571233e-08
5761 2.938364e-05 6.559374e-08
5762 2.938028e-05 6.547537e-08
5763 2.937692e-05 6.535721e-08
5764 2.937358e-05 6.523926e-08
5765 2.937024e-05 6.512153e-08
5766 2.936691e-05 6.500401e-08
5767 2.936359e-05 6.488670e-08
5768 2.936027e-05 6.476960e-08
5769 2.935697e-05 6.465271e-08
5770 2.935367e-05 6.453604e-08
5771 2.935038e-05 6.441957e-08
5772 2.934709e-05 6.430332e-08
5773 2.934382e-05 6.418727e-08
5774 2.934055e-05 6.407144e-08
5775 2.933729e-05 6.395581e-08
5776 2.933404e-05 6.384039e-08
5777 2.933079e-05 6.372518e-08
5778 2.932755e-05 6.361018e-08
5779 2.932432e-05 6.349538e-08
5780 2.932110e-05 6.338080e-08
5781 2.931789e-05 6.326642e-08
5782 2.931468e-05 6.315224e-08
5783 2.931148e-05 6.303827e-08
5784 2.930829e-05 6.292451e-08
5785 2.930511e-05 6.281096e-08
5786 2.930193e-05 6.269760e-08
5787 2.929876e-05 6.258446e-08
5788 2.929560e-05 6.247151e-08
5789 2.929244e-05 6.235877e-08
5790 2.928930e-05 6.224624e-08
5791 2.928616e-05 6.213390e-08
5792 2.928303e-05 6.202177e-08
5793 2.927990e-05 6.190985e-08
5794 2.927678e-05 6.179812e-08
5795 2.927367e-05 6.168660e-08
5796 2.927057e-05 6.157527e-08
5797 2.926748e-05 6.146415e-08
5798 2.926439e-05 6.135323e-08
5799 2.926131e-05 6.124251e-08
5800 2.925823e-05 6.113199e-08
5801 2.925517e-05 6.102166e-08
5802 2.925211e-05 6.091154e-08
5803 2.924906e-05 6.080162e-08
5804 2.924601e-05 6.069189e-08
5805 2.924297e-05 6.058236e-08
5806 2.923994e-05 6.047303e-08
5807 2.923692e-05 6.036390e-08
5808 2.923390e-05 6.025496e-08
5809 2.923089e-05 6.014622e-08
5810 2.922789e-05 6.003768e-08
5811 2.922490e-05 5.992933e-08
5812 2.922191e-05 5.982118e-08
5813 2.921893e-05 5.971323e-08
5814 2.921595e-05 5.960546e-08
5815 2.921298e-05 5.949790e-08
5816 2.921002e-05 5.939052e-08
5817 2.920707e-05 5.928334e-08
5818 2.920412e-05 5.917636e-08
5819 2.920118e-05 5.906957e-08
5820 2.919825e-05 5.896297e-08
5821 2.919533e-05 5.885656e-08
5822 2.919241e-05 5.875034e-08
5823 2.918949e-05 5.864432e-08
5824 2.918659e-05 5.853849e-08
5825 2.918369e-05 5.843284e-08
5826 2.918080e-05 5.832739e-08
5827 2.917791e-05 5.822213e-08
5828 2.917504e-05 5.811706e-08
5829 2.917216e-05 5.801218e-08
5830 2.916930e-05 5.790749e-08
5831 2.916644e-05 5.780298e-08
5832 2.916359e-05 5.769867e-08
5833 2.916074e-05 5.759454e-08
5834 2.915791e-05 5.749061e-08
5835 2.915507e-05 5.738686e-08
5836 2.915225e-05 5.728329e-08
5837 2.914943e-05 5.717992e-08
5838 2.914662e-05 5.707673e-08
5839 2.914381e-05 5.697372e-08
5840 2.914101e-05 5.687090e-08
5841 2.913822e-05 5.676827e-08
5842 2.913544e-05 5.666582e-08
5843 2.913266e-05 5.656356e-08
5844 2.912988e-05 5.646148e-08
5845 2.912712e-05 5.635959e-08
5846 2.912436e-05 5.625788e-08
5847 2.912160e-05 5.615636e-08
5848 2.911886e-05 5.605501e-08
5849 2.911611e-05 5.595385e-08
5850 2.911338e-05 5.585288e-08
5851 2.911065e-05 5.575208e-08
5852 2.910793e-05 5.565147e-08
5853 2.910521e-05 5.555104e-08
5854 2.910251e-05 5.545078e-08
5855 2.909980e-05 5.535072e-08
5856 2.909711e-05 5.525083e-08
5857 2.909442e-05 5.515112e-08
5858 2.909173e-05 5.505159e-08
5859 2.908905e-05 5.495224e-08
5860 2.908638e-05 5.485307e-08
5861 2.908372e-05 5.475408e-08
5862 2.908106e-05 5.465527e-08
5863 2.907840e-05 5.455663e-08
5864 2.907576e-05 5.445818e-08
5865 2.907312e-05 5.435990e-08
5866 2.907048e-05 5.426180e-08
5867 2.906785e-05 5.416387e-08
5868 2.906523e-05 5.406613e-08
5869 2.906261e-05 5.396856e-08
5870 2.906000e-05 5.387116e-08
5871 2.905740e-05 5.377394e-08
5872 2.905480e-05 5.367690e-08
5873 2.905221e-05 5.358003e-08
5874 2.904962e-05 5.348334e-08
5875 2.904704e-05 5.338682e-08
5876 2.904446e-05 5.329047e-08
5877 2.904190e-05 5.319430e-08
5878 2.903933e-05 5.309831e-08
5879 2.903678e-05 5.300248e-08
5880 2.903423e-05 5.290683e-08
5881 2.903168e-05 5.281135e-08
5882 2.902914e-05 5.271605e-08
5883 2.902661e-05 5.262091e-08
5884 2.902408e-05 5.252595e-08
5885 2.902156e-05 5.243116e-08
5886 2.901904e-05 5.233654e-08
5887 2.901653e-05 5.224209e-08
5888 2.901403e-05 5.214781e-08
5889 2.901153e-05 5.205370e-08
5890 2.900904e-05 5.195976e-08
5891 2.900655e-05 5.186599e-08
5892 2.900407e-05 5.177239e-08
5893 2.900159e-05 5.167896e-08
5894 2.899912e-05 5.158570e-08
5895 2.899666e-05 5.149260e-08
5896 2.899420e-05 5.139968e-08
5897 2.899175e-05 5.130692e-08
5898 2.898930e-05 5.121433e-08
5899 2.898686e-05 5.112190e-08
5900 2.898442e-05 5.102965e-08
5901 2.898199e-05 5.093756e-08
5902 2.897957e-05 5.084563e-08
5903 2.897715e-05 5.075387e-08
5904 2.897474e-05 5.066228e-08
5905 2.897233e-05 5.057085e-08
5906 2.896993e-05 5.047959e-08
5907 2.896753e-05 5.038849e-08
5908 2.896514e-05 5.029756e-08
5909 2.896275e-05 5.020679e-08
5910 2.896037e-05 5.011618e-08
5911 2.895800e-05 5.002574e-08
5912 2.895563e-05 4.993546e-08
5913 2.895326e-05 4.984534e-08
5914 2.895090e-05 4.975539e-08
5915 2.894855e-05 4.966560e-08
5916 2.894620e-05 4.957597e-08
5917 2.894386e-05 4.948650e-08
5918 2.894152e-05 4.939720e-08
5919 2.893919e-05 4.930805e-08
5920 2.893686e-05 4.921907e-08
5921 2.893454e-05 4.913024e-08
5922 2.893222e-05 4.904158e-08
5923 2.892991e-05 4.895308e-08
5924 2.892761e-05 4.886473e-08
5925 2.892531e-05 4.877655e-08
5926 2.892301e-05 4.868852e-08
5927 2.892072e-05 4.860066e-08
5928 2.891844e-05 4.851295e-08
5929 2.891616e-05 4.842540e-08
5930 2.891388e-05 4.833801e-08
5931 2.891162e-05 4.825078e-08
5932 2.890935e-05 4.816370e-08
5933 2.890709e-05 4.807678e-08
5934 2.890484e-05 4.799002e-08
5935 2.890259e-05 4.790342e-08
5936 2.890035e-05 4.781697e-08
5937 2.889811e-05 4.773067e-08
5938 2.889588e-05 4.764454e-08
5939 2.889365e-05 4.755855e-08
5940 2.889143e-05 4.747273e-08
5941 2.888921e-05 4.738706e-08
5942 2.888699e-05 4.730154e-08
5943 2.888479e-05 4.721618e-08
5944 2.888258e-05 4.713097e-08
5945 2.888039e-05 4.704591e-08
5946 2.887819e-05 4.696101e-08
5947 2.887601e-05 4.687626e-08
5948 2.887382e-05 4.679167e-08
5949 2.887165e-05 4.670722e-08
5950 2.886947e-05 4.662293e-08
5951 2.886730e-05 4.653879e-08
5952 2.886514e-05 4.645481e-08
5953 2.886298e-05 4.637097e-08
5954 2.886083e-05 4.628729e-08
5955 2.885868e-05 4.620376e-08
5956 2.885654e-05 4.612038e-08
5957 2.885440e-05 4.603714e-08
5958 2.885227e-05 4.595406e-08
5959 2.885014e-05 4.587113e-08
5960 2.884801e-05 4.578835e-08
5961 2.884589e-05 4.570572e-08
5962 2.884378e-05 4.562324e-08
5963 2.884167e-05 4.554090e-08
5964 2.883956e-05 4.545872e-08
5965 2.883746e-05 4.537668e-08
5966 2.883537e-05 4.529479e-08
5967 2.883328e-05 4.521305e-08
5968 2.883119e-05 4.513145e-08
5969 2.882911e-05 4.505001e-08
5970 2.882703e-05 4.496871e-08
5971 2.882496e-05 4.488755e-08
5972 2.882290e-05 4.480655e-08
5973 2.882083e-05 4.472569e-08
5974 2.881878e-05 4.464497e-08
5975 2.881672e-05 4.456440e-08
5976 2.881467e-05 4.448398e-08
5977 2.881263e-05 4.440370e-08
5978 2.881059e-05 4.432357e-08
5979 2.880856e-05 4.424358e-08
5980 2.880653e-05 4.416374e-08
5981 2.880450e-05 4.408404e-08
5982 2.880248e-05 4.400448e-08
5983 2.880046e-05 4.392507e-08
5984 2.879845e-05 4.384580e-08
5985 2.879644e-05 4.376667e-08
5986 2.879444e-05 4.368769e-08
5987 2.879244e-05 4.360885e-08
5988 2.879045e-05 4.353015e-08
5989 2.878846e-05 4.345159e-08
5990 2.878647e-05 4.337317e-08
5991 2.878449e-05 4.329490e-08
5992 2.878252e-05 4.321677e-08
5993 2.878055e-05 4.313878e-08
5994 2.877858e-05 4.306093e-08
5995 2.877662e-05 4.298322e-08
5996 2.877466e-05 4.290565e-08
5997 2.877270e-05 4.282822e-08
5998 2.877076e-05 4.275093e-08
5999 2.876881e-05 4.267378e-08
6000 2.876687e-05 4.259676e-08
6001 2.876493e-05 4.251989e-08
6002 2.876300e-05 4.244316e-08
6003 2.876107e-05 4.236656e-08
6004 2.875915e-05 4.229011e-08
6005 2.875723e-05 4.221379e-08
6006 2.875532e-05 4.213761e-08
6007 2.875341e-05 4.206156e-08
6008 2.875150e-05 4.198566e-08
6009 2.874960e-05 4.190989e-08
6010 2.874770e-05 4.183425e-08
6011 2.874581e-05 4.175876e-08
6012 2.874392e-05 4.168340e-08
6013 2.874203e-05 4.160817e-08
6014 2.874015e-05 4.153308e-08
6015 2.873828e-05 4.145813e-08
6016 2.873640e-05 4.138331e-08
6017 2.873454e-05 4.130863e-08
6018 2.873267e-05 4.123408e-08
6019 2.873081e-05 4.115967e-08
6020 2.872896e-05 4.108539e-08
6021 2.872710e-05 4.101125e-08
6022 2.872526e-05 4.093724e-08
6023 2.872341e-05 4.086336e-08
6024 2.872157e-05 4.078961e-08
6025 2.871974e-05 4.071600e-08
6026 2.871791e-05 4.064252e-08
6027 2.871608e-05 4.056918e-08
6028 2.871426e-05 4.049597e-08
6029 2.871244e-05 4.042288e-08
6030 2.871063e-05 4.034993e-08
6031 2.870882e-05 4.027712e-08
6032 2.870701e-05 4.020443e-08
6033 2.870521e-05 4.013188e-08
6034 2.870341e-05 4.005945e-08
6035 2.870161e-05 3.998716e-08
6036 2.869982e-05 3.991499e-08
6037 2.869804e-05 3.984296e-08
6038 2.869625e-05 3.977106e-08
6039 2.869448e-05 3.969929e-08
6040 2.869270e-05 3.962764e-08
6041 2.869093e-05 3.955613e-08
6042 2.868916e-05 3.948474e-08
6043 2.868740e-05 3.941349e-08
6044 2.868564e-05 3.934236e-08
6045 2.868389e-05 3.927136e-08
6046 2.868214e-05 3.920049e-08
6047 2.868039e-05 3.912975e-08
6048 2.867865e-05 3.905913e-08
6049 2.867691e-05 3.898864e-08
6050 2.867517e-05 3.891828e-08
6051 2.867344e-05 3.884805e-08
6052 2.867171e-05 3.877794e-08
6053 2.866999e-05 3.870796e-08
6054 2.866827e-05 3.863810e-08
6055 2.866655e-05 3.856838e-08
6056 2.866484e-05 3.849877e-08
6057 2.866313e-05 3.842930e-08
6058 2.866142e-05 3.835994e-08
6059 2.865972e-05 3.829072e-08
6060 2.865803e-05 3.822162e-08
6061 2.865633e-05 3.815264e-08
6062 2.865464e-05 3.808379e-08
6063 2.865296e-05 3.801506e-08
6064 2.865127e-05 3.794646e-08
6065 2.864959e-05 3.787798e-08
6066 2.864792e-05 3.780962e-08
6067 2.864625e-05 3.774139e-08
6068 2.864458e-05 3.767327e-08
6069 2.864292e-05 3.760529e-08
6070 2.864126e-05 3.753742e-08
6071 2.863960e-05 3.746968e-08
6072 2.863795e-05 3.740206e-08
6073 2.863630e-05 3.733456e-08
6074 2.863465e-05 3.726719e-08
6075 2.863301e-05 3.719993e-08
6076 2.863137e-05 3.713280e-08
6077 2.862974e-05 3.706579e-08
6078 2.862810e-05 3.699890e-08
6079 2.862648e-05 3.693213e-08
6080 2.862485e-05 3.686548e-08
6081 2.862323e-05 3.679895e-08
6082 2.862162e-05 3.673254e-08
6083 2.862000e-05 3.666625e-08
6084 2.861839e-05 3.660008e-08
6085 2.861679e-05 3.653403e-08
6086 2.861518e-05 3.646810e-08
6087 2.861358e-05 3.640229e-08
6088 2.861199e-05 3.633659e-08
6089 2.861040e-05 3.627102e-08
6090 2.860881e-05 3.620556e-08
6091 2.860722e-05 3.614022e-08
6092 2.860564e-05 3.607500e-08
6093 2.860406e-05 3.600990e-08
6094 2.860249e-05 3.594491e-08
6095 2.860092e-05 3.588004e-08
6096 2.859935e-05 3.581529e-08
6097 2.859779e-05 3.575066e-08
6098 2.859622e-05 3.568614e-08
6099 2.859467e-05 3.562174e-08
6100 2.859311e-05 3.555746e-08
6101 2.859156e-05 3.549329e-08
6102 2.859001e-05 3.542923e-08
6103 2.858847e-05 3.536530e-08
6104 2.858693e-05 3.530147e-08
6105 2.858539e-05 3.523777e-08
6106 2.858386e-05 3.517417e-08
6107 2.858233e-05 3.511070e-08
6108 2.858080e-05 3.504733e-08
6109 2.857928e-05 3.498409e-08
6110 2.857776e-05 3.492095e-08
6111 2.857624e-05 3.485793e-08
6112 2.857473e-05 3.479503e-08
6113 2.857322e-05 3.473223e-08
6114 2.857171e-05 3.466955e-08
6115 2.857021e-05 3.460699e-08
6116 2.856871e-05 3.454453e-08
6117 2.856721e-05 3.448219e-08
6118 2.856571e-05 3.441996e-08
6119 2.856422e-05 3.435785e-08
6120 2.856274e-05 3.429584e-08
6121 2.856125e-05 3.423395e-08
6122 2.855977e-05 3.417217e-08
6123 2.855829e-05 3.411050e-08
6124 2.855682e-05 3.404894e-08
6125 2.855535e-05 3.398750e-08
6126 2.855388e-05 3.392616e-08
6127 2.855242e-05 3.386494e-08
6128 2.855095e-05 3.380382e-08
6129 2.854950e-05 3.374282e-08
6130 2.854804e-05 3.368192e-08
6131 2.854659e-05 3.362114e-08
6132 2.854514e-05 3.356047e-08
6133 2.854369e-05 3.349990e-08
6134 2.854225e-05 3.343944e-08
6135 2.854081e-05 3.337910e-08
6136 2.853937e-05 3.331886e-08
6137 2.853794e-05 3.325873e-08
6138 2.853651e-05 3.319871e-08
6139 2.853508e-05 3.313880e-08
6140 2.853366e-05 3.307899e-08
6141 2.853224e-05 3.301930e-08
6142 2.853082e-05 3.295971e-08
6143 2.852941e-05 3.290023e-08
6144 2.852800e-05 3.284086e-08
6145 2.852659e-05 3.278159e-08
6146 2.852518e-05 3.272243e-08
6147 2.852378e-05 3.266338e-08
6148 2.852238e-05 3.260443e-08
6149 2.852098e-05 3.254559e-08
6150 2.851959e-05 3.248686e-08
6151 2.851820e-05 3.242823e-08
6152 2.851681e-05 3.236971e-08
6153 2.851543e-05 3.231129e-08
6154 2.851405e-05 3.225298e-08
6155 2.851267e-05 3.219478e-08
6156 2.851129e-05 3.213668e-08
6157 2.850992e-05 3.207868e-08
6158 2.850855e-05 3.202079e-08
6159 2.850719e-05 3.196300e-08
6160 2.850582e-05 3.190532e-08
6161 2.850446e-05 3.184774e-08
6162 2.850311e-05 3.179027e-08
6163 2.850175e-05 3.173290e-08
6164 2.850040e-05 3.167563e-08
6165 2.849905e-05 3.161847e-08
6166 2.849771e-05 3.156141e-08
6167 2.849636e-05 3.150445e-08
6168 2.849502e-05 3.144759e-08
6169 2.849369e-05 3.139084e-08
6170 2.849235e-05 3.133419e-08
6171 2.849102e-05 3.127765e-08
6172 2.848969e-05 3.122120e-08
6173 2.848837e-05 3.116486e-08
6174 2.848704e-05 3.110861e-08
6175 2.848572e-05 3.105247e-08
6176 2.848441e-05 3.099644e-08
6177 2.848309e-05 3.094050e-08
6178 2.848178e-05 3.088466e-08
6179 2.848047e-05 3.082892e-08
6180 2.847917e-05 3.077329e-08
6181 2.847787e-05 3.071775e-08
6182 2.847657e-05 3.066232e-08
6183 2.847527e-05 3.060698e-08
6184 2.847397e-05 3.055175e-08
6185 2.847268e-05 3.049661e-08
6186 2.847139e-05 3.044158e-08
6187 2.847011e-05 3.038664e-08
6188 2.846882e-05 3.033180e-08
6189 2.846754e-05 3.027707e-08
6190 2.846627e-05 3.022243e-08
6191 2.846499e-05 3.016788e-08
6192 2.846372e-05 3.011344e-08
6193 2.846245e-05 3.005910e-08
6194 2.846118e-05 3.000485e-08
6195 2.845992e-05 2.995070e-08
6196 2.845866e-05 2.989665e-08
6197 2.845740e-05 2.984270e-08
6198 2.845614e-05 2.978884e-08
6199 2.845489e-05 2.973509e-08
6200 2.845364e-05 2.968142e-08
6201 2.845239e-05 2.962786e-08
6202 2.845115e-05 2.957439e-08
6203 2.844990e-05 2.952102e-08
6204 2.844866e-05 2.946774e-08
6205 2.844743e-05 2.941457e-08
6206 2.844619e-05 2.936148e-08
6207 2.844496e-05 2.930849e-08
6208 2.844373e-05 2.925560e-08
6209 2.844250e-05 2.920281e-08
6210 2.844128e-05 2.915011e-08
6211 2.844006e-05 2.909750e-08
6212 2.843884e-05 2.904499e-08
6213 2.843762e-05 2.899257e-08
6214 2.843641e-05 2.894025e-08
6215 2.843520e-05 2.888802e-08
6216 2.843399e-05 2.883589e-08
6217 2.843279e-05 2.878385e-08
6218 2.843158e-05 2.873191e-08
6219 2.843038e-05 2.868006e-08
6220 2.842918e-05 2.862830e-08
6221 2.842799e-05 2.857663e-08
6222 2.842680e-05 2.852506e-08
6223 2.842560e-05 2.847359e-08
6224 2.842442e-05 2.842220e-08
6225 2.842323e-05 2.837091e-08
6226 2.842205e-05 2.831971e-08
6227 2.842087e-05 2.826860e-08
6228 2.841969e-05 2.821759e-08
6229 2.841852e-05 2.816666e-08
6230 2.841734e-05 2.811583e-08
6231 2.841617e-05 2.806509e-08
6232 2.841501e-05 2.801445e-08
6233 2.841384e-05 2.796389e-08
6234 2.841268e-05 2.791342e-08
6235 2.841152e-05 2.786305e-08
6236 2.841036e-05 2.781277e-08
6237 2.840920e-05 2.776257e-08
6238 2.840805e-05 2.771247e-08
6239 2.840690e-05 2.766246e-08
6240 2.840575e-05 2.761254e-08
6241 2.840461e-05 2.756271e-08
6242 2.840346e-05 2.751297e-08
6243 2.840232e-05 2.746332e-08
6244 2.840119e-05 2.741375e-08
6245 2.840005e-05 2.736428e-08
6246 2.839892e-05 2.731490e-08
6247 2.839779e-05 2.726560e-08
6248 2.839666e-05 2.721640e-08
6249 2.839553e-05 2.716728e-08
6250 2.839441e-05 2.711826e-08
6251 2.839329e-05 2.706932e-08
6252 2.839217e-05 2.702047e-08
6253 2.839105e-05 2.697170e-08
6254 2.838994e-05 2.692303e-08
6255 2.838882e-05 2.687444e-08
6256 2.838771e-05 2.682594e-08
6257 2.838661e-05 2.677753e-08
6258 2.838550e-05 2.672921e-08
6259 2.838440e-05 2.668097e-08
6260 2.838330e-05 2.663282e-08
6261 2.838220e-05 2.658476e-08
6262 2.838111e-05 2.653678e-08
6263 2.838001e-05 2.648889e-08
6264 2.837892e-05 2.644109e-08
6265 2.837783e-05 2.639337e-08
6266 2.837675e-05 2.634574e-08
6267 2.837566e-05 2.629820e-08
6268 2.837458e-05 2.625074e-08
6269 2.837350e-05 2.620336e-08
6270 2.837243e-05 2.615607e-08
6271 2.837135e-05 2.610887e-08
6272 2.837028e-05 2.606175e-08
6273 2.836921e-05 2.601472e-08
6274 2.836814e-05 2.596777e-08
6275 2.836708e-05 2.592091e-08
6276 2.836601e-05 2.587413e-08
6277 2.836495e-05 2.582744e-08
6278 2.836389e-05 2.578083e-08
6279 2.836284e-05 2.573430e-08
6280 2.836178e-05 2.568786e-08
6281 2.836073e-05 2.564151e-08
6282 2.835968e-05 2.559523e-08
6283 2.835863e-05 2.554904e-08
6284 2.835758e-05 2.550293e-08
6285 2.835654e-05 2.545691e-08
6286 2.835550e-05 2.541097e-08
6287 2.835446e-05 2.536511e-08
6288 2.835342e-05 2.531934e-08
6289 2.835239e-05 2.527364e-08
6290 2.835136e-05 2.522803e-08
6291 2.835033e-05 2.518250e-08
6292 2.834930e-05 2.513706e-08
6293 2.834827e-05 2.509169e-08
6294 2.834725e-05 2.504641e-08
6295 2.834623e-05 2.500121e-08
6296 2.834521e-05 2.495609e-08
6297 2.834419e-05 2.491106e-08
6298 2.834318e-05 2.486610e-08
6299 2.834216e-05 2.482123e-08
6300 2.834115e-05 2.477643e-08
6301 2.834014e-05 2.473172e-08
6302 2.833914e-05 2.468709e-08
6303 2.833813e-05 2.464254e-08
6304 2.833713e-05 2.459807e-08
6305 2.833613e-05 2.455367e-08
6306 2.833513e-05 2.450936e-08
6307 2.833413e-05 2.446513e-08
6308 2.833314e-05 2.442098e-08
6309 2.833215e-05 2.437691e-08
6310 2.833116e-05 2.433292e-08
6311 2.833017e-05 2.428901e-08
6312 2.832919e-05 2.424517e-08
6313 2.832820e-05 2.420142e-08
6314 2.832722e-05 2.415774e-08
6315 2.832624e-05 2.411415e-08
6316 2.832526e-05 2.407063e-08
6317 2.832429e-05 2.402719e-08
6318 2.832331e-05 2.398383e-08
6319 2.832234e-05 2.394055e-08
6320 2.832137e-05 2.389734e-08
6321 2.832041e-05 2.385422e-08
6322 2.831944e-05 2.381117e-08
6323 2.831848e-05 2.376820e-08
6324 2.831752e-05 2.372530e-08
6325 2.831656e-05 2.368249e-08
6326 2.831560e-05 2.363975e-08
6327 2.831465e-05 2.359709e-08
6328 2.831369e-05 2.355450e-08
6329 2.831274e-05 2.351199e-08
6330 2.831179e-05 2.346956e-08
6331 2.831084e-05 2.342721e-08
6332 2.830990e-05 2.338493e-08
6333 2.830896e-05 2.334273e-08
6334 2.830801e-05 2.330060e-08
6335 2.830708e-05 2.325855e-08
6336 2.830614e-05 2.321658e-08
6337 2.830520e-05 2.317468e-08
6338 2.830427e-05 2.313286e-08
6339 2.830334e-05 2.309111e-08
6340 2.830241e-05 2.304944e-08
6341 2.830148e-05 2.300785e-08
6342 2.830055e-05 2.296632e-08
6343 2.829963e-05 2.292488e-08
6344 2.829871e-05 2.288351e-08
6345 2.829779e-05 2.284221e-08
6346 2.829687e-05 2.280099e-08
6347 2.829596e-05 2.275984e-08
6348 2.829504e-05 2.271877e-08
6349 2.829413e-05 2.267777e-08
6350 2.829322e-05 2.263684e-08
6351 2.829231e-05 2.259599e-08
6352 2.829140e-05 2.255521e-08
6353 2.829050e-05 2.251451e-08
6354 2.828960e-05 2.247388e-08
6355 2.828870e-05 2.243332e-08
6356 2.828780e-05 2.239283e-08
6357 2.828690e-05 2.235242e-08
6358 2.828600e-05 2.231208e-08
6359 2.828511e-05 2.227182e-08
6360 2.828422e-05 2.223163e-08
6361 2.828333e-05 2.219151e-08
6362 2.828244e-05 2.215146e-08
6363 2.828156e-05 2.211148e-08
6364 2.828067e-05 2.207158e-08
6365 2.827979e-05 2.203175e-08
6366 2.827891e-05 2.199199e-08
6367 2.827803e-05 2.195230e-08
6368 2.827715e-05 2.191268e-08
6369 2.827628e-05 2.187314e-08
6370 2.827540e-05 2.183366e-08
6371 2.827453e-05 2.179426e-08
6372 2.827366e-05 2.175493e-08
6373 2.827280e-05 2.171567e-08
6374 2.827193e-05 2.167648e-08
6375 2.827107e-05 2.163736e-08
6376 2.827020e-05 2.159831e-08
6377 2.826934e-05 2.155934e-08
6378 2.826848e-05 2.152043e-08
6379 2.826763e-05 2.148159e-08
6380 2.826677e-05 2.144283e-08
6381 2.826592e-05 2.140413e-08
6382 2.826507e-05 2.136550e-08
6383 2.826422e-05 2.132695e-08
6384 2.826337e-05 2.128846e-08
6385 2.826252e-05 2.125004e-08
6386 2.826168e-05 2.121169e-08
6387 2.826083e-05 2.117341e-08
6388 2.825999e-05 2.113520e-08
6389 2.825915e-05 2.109706e-08
6390 2.825831e-05 2.105898e-08
6391 2.825748e-05 2.102098e-08
6392 2.825664e-05 2.098305e-08
6393 2.825581e-05 2.094518e-08
6394 2.825498e-05 2.090738e-08
6395 2.825415e-05 2.086965e-08
6396 2.825332e-05 2.083199e-08
6397 2.825250e-05 2.079439e-08
6398 2.825167e-05 2.075686e-08
6399 2.825085e-05 2.071941e-08
6400 2.825003e-05 2.068201e-08
6401 2.824921e-05 2.064469e-08
6402 2.824840e-05 2.060743e-08
6403 2.824758e-05 2.057024e-08
6404 2.824677e-05 2.053312e-08
6405 2.824595e-05 2.049607e-08
6406 2.824514e-05 2.045908e-08
6407 2.824433e-05 2.042216e-08
6408 2.824353e-05 2.038530e-08
6409 2.824272e-05 2.034851e-08
6410 2.824192e-05 2.031179e-08
6411 2.824112e-05 2.027514e-08
6412 2.824032e-05 2.023855e-08
6413 2.823952e-05 2.020202e-08
6414 2.823872e-05 2.016557e-08
6415 2.823792e-05 2.012917e-08
6416 2.823713e-05 2.009285e-08
6417 2.823634e-05 2.005659e-08
6418 2.823555e-05 2.002039e-08
6419 2.823476e-05 1.998426e-08
6420 2.823397e-05 1.994820e-08
6421 2.823318e-05 1.991220e-08
6422 2.823240e-05 1.987626e-08
6423 2.823162e-05 1.984039e-08
6424 2.823084e-05 1.980459e-08
6425 2.823006e-05 1.976885e-08
6426 2.822928e-05 1.973317e-08
6427 2.822850e-05 1.969756e-08
6428 2.822773e-05 1.966201e-08
6429 2.822696e-05 1.962653e-08
6430 2.822618e-05 1.959111e-08
6431 2.822541e-05 1.955576e-08
6432 2.822465e-05 1.952046e-08
6433 2.822388e-05 1.948524e-08
6434 2.822311e-05 1.945007e-08
6435 2.822235e-05 1.941497e-08
6436 2.822159e-05 1.937993e-08
6437 2.822083e-05 1.934496e-08
6438 2.822007e-05 1.931005e-08
6439 2.821931e-05 1.927520e-08
6440 2.821856e-05 1.924042e-08
6441 2.821780e-05 1.920569e-08
6442 2.821705e-05 1.917103e-08
6443 2.821630e-05 1.913644e-08
6444 2.821555e-05 1.910190e-08
6445 2.821480e-05 1.906743e-08
6446 2.821405e-05 1.903302e-08
6447 2.821331e-05 1.899867e-08
6448 2.821257e-05 1.896439e-08
6449 2.821182e-05 1.893016e-08
6450 2.821108e-05 1.889600e-08
6451 2.821034e-05 1.886190e-08
6452 2.820961e-05 1.882786e-08
6453 2.820887e-05 1.879388e-08
6454 2.820814e-05 1.875997e-08
6455 2.820740e-05 1.872611e-08
6456 2.820667e-05 1.869232e-08
6457 2.820594e-05 1.865858e-08
6458 2.820521e-05 1.862491e-08
6459 2.820449e-05 1.859130e-08
6460 2.820376e-05 1.855775e-08
6461 2.820304e-05 1.852426e-08
6462 2.820231e-05 1.849083e-08
6463 2.820159e-05 1.845746e-08
6464 2.820087e-05 1.842415e-08
6465 2.820016e-05 1.839090e-08
6466 2.819944e-05 1.835771e-08
6467 2.819872e-05 1.832458e-08
6468 2.819801e-05 1.829151e-08
6469 2.819730e-05 1.825850e-08
6470 2.819659e-05 1.822555e-08
6471 2.819588e-05 1.819266e-08
6472 2.819517e-05 1.815983e-08
6473 2.819446e-05 1.812706e-08
6474 2.819376e-05 1.809434e-08
6475 2.819306e-05 1.806169e-08
6476 2.819235e-05 1.802909e-08
6477 2.819165e-05 1.799656e-08
6478 2.819095e-05 1.796408e-08
6479 2.819026e-05 1.793166e-08
6480 2.818956e-05 1.789930e-08
6481 2.818886e-05 1.786700e-08
6482 2.818817e-05 1.783476e-08
6483 2.818748e-05 1.780257e-08
6484 2.818679e-05 1.777044e-08
6485 2.818610e-05 1.773837e-08
6486 2.818541e-05 1.770636e-08
6487 2.818472e-05 1.767441e-08
6488 2.818404e-05 1.764251e-08
6489 2.818335e-05 1.761067e-08
6490 2.818267e-05 1.757889e-08
6491 2.818199e-05 1.754717e-08
6492 2.818131e-05 1.751550e-08
6493 2.818063e-05 1.748389e-08
6494 2.817996e-05 1.745234e-08
6495 2.817928e-05 1.742084e-08
6496 2.817861e-05 1.738941e-08
6497 2.817793e-05 1.735802e-08
6498 2.817726e-05 1.732670e-08
6499 2.817659e-05 1.729543e-08
6500 2.817592e-05 1.726422e-08
6501 2.817526e-05 1.723306e-08
6502 2.817459e-05 1.720196e-08
6503 2.817393e-05 1.717092e-08
6504 2.817326e-05 1.713993e-08
6505 2.817260e-05 1.710900e-08
6506 2.817194e-05 1.707812e-08
6507 2.817128e-05 1.704730e-08
6508 2.817062e-05 1.701654e-08
6509 2.816997e-05 1.698583e-08
6510 2.816931e-05 1.695518e-08
6511 2.816866e-05 1.692458e-08
6512 2.816800e-05 1.689403e-08
6513 2.816735e-05 1.686355e-08
6514 2.816670e-05 1.683311e-08
6515 2.816605e-05 1.680274e-08
6516 2.816541e-05 1.677241e-08
6517 2.816476e-05 1.674214e-08
6518 2.816412e-05 1.671193e-08
6519 2.816347e-05 1.668177e-08
6520 2.816283e-05 1.665167e-08
6521 2.816219e-05 1.662162e-08
6522 2.816155e-05 1.659162e-08
6523 2.816091e-05 1.656168e-08
6524 2.816028e-05 1.653179e-08
6525 2.815964e-05 1.650196e-08
6526 2.815901e-05 1.647218e-08
6527 2.815837e-05 1.644245e-08
6528 2.815774e-05 1.641278e-08
6529 2.815711e-05 1.638316e-08
6530 2.815648e-05 1.635359e-08
6531 2.815585e-05 1.632408e-08
6532 2.815523e-05 1.629462e-08
6533 2.815460e-05 1.626521e-08
6534 2.815398e-05 1.623586e-08
6535 2.815335e-05 1.620656e-08
6536 2.815273e-05 1.617731e-08
6537 2.815211e-05 1.614812e-08
6538 2.815149e-05 1.611898e-08
6539 2.815087e-05 1.608989e-08
6540 2.815026e-05 1.606085e-08
6541 2.814964e-05 1.603187e-08
6542 2.814903e-05 1.600293e-08
6543 2.814841e-05 1.597405e-08
6544 2.814780e-05 1.594523e-08
6545 2.814719e-05 1.591645e-08
6546 2.814658e-05 1.588773e-08
6547 2.814598e-05 1.585905e-08
6548 2.814537e-05 1.583043e-08
6549 2.814476e-05 1.580187e-08
6550 2.814416e-05 1.577335e-08
6551 2.814356e-05 1.574488e-08
6552 2.814295e-05 1.571647e-08
6553 2.814235e-05 1.568811e-08
6554 2.814175e-05 1.565980e-08
6555 2.814115e-05 1.563153e-08
6556 2.814056e-05 1.560333e-08
6557 2.813996e-05 1.557517e-08
6558 2.813937e-05 1.554706e-08
6559 2.813877e-05 1.551900e-08
6560 2.813818e-05 1.549100e-08
6561 2.813759e-05 1.546304e-08
6562 2.813700e-05 1.543513e-08
6563 2.813641e-05 1.540728e-08
6564 2.813582e-05 1.537947e-08
6565 2.813524e-05 1.535172e-08
6566 2.813465e-05 1.532402e-08
6567 2.813407e-05 1.529636e-08
6568 2.813348e-05 1.526876e-08
6569 2.813290e-05 1.524120e-08
6570 2.813232e-05 1.521370e-08
6571 2.813174e-05 1.518624e-08
6572 2.813116e-05 1.515883e-08
6573 2.813059e-05 1.513148e-08
6574 2.813001e-05 1.510417e-08
6575 2.812944e-05 1.507691e-08
6576 2.812886e-05 1.504970e-08
6577 2.812829e-05 1.502255e-08
6578 2.812772e-05 1.499543e-08
6579 2.812715e-05 1.496837e-08
6580 2.812658e-05 1.494136e-08
6581 2.812601e-05 1.491440e-08
6582 2.812545e-05 1.488748e-08
6583 2.812488e-05 1.486061e-08
6584 2.812432e-05 1.483380e-08
6585 2.812375e-05 1.480703e-08
6586 2.812319e-05 1.478030e-08
6587 2.812263e-05 1.475363e-08
6588 2.812207e-05 1.472701e-08
6589 2.812151e-05 1.470043e-08
6590 2.812095e-05 1.467390e-08
6591 2.812040e-05 1.464742e-08
6592 2.811984e-05 1.462098e-08
6593 2.811929e-05 1.459460e-08
6594 2.811873e-05 1.456826e-08
6595 2.811818e-05 1.454197e-08
6596 2.811763e-05 1.451573e-08
6597 2.811708e-05 1.448953e-08
6598 2.811653e-05 1.446338e-08
6599 2.811598e-05 1.443728e-08
6600 2.811544e-05 1.441123e-08
6601 2.811489e-05 1.438522e-08
6602 2.811435e-05 1.435926e-08
6603 2.811380e-05 1.433335e-08
6604 2.811326e-05 1.430748e-08
6605 2.811272e-05 1.428166e-08
6606 2.811218e-05 1.425589e-08
6607 2.811164e-05 1.423016e-08
6608 2.811110e-05 1.420448e-08
6609 2.811056e-05 1.417884e-08
6610 2.811003e-05 1.415326e-08
6611 2.810949e-05 1.412771e-08
6612 2.810896e-05 1.410222e-08
6613 2.810843e-05 1.407677e-08
6614 2.810789e-05 1.405137e-08
6615 2.810736e-05 1.402601e-08
6616 2.810683e-05 1.400070e-08
6617 2.810631e-05 1.397543e-08
6618 2.810578e-05 1.395021e-08
6619 2.810525e-05 1.392503e-08
6620 2.810473e-05 1.389990e-08
6621 2.810420e-05 1.387482e-08
6622 2.810368e-05 1.384978e-08
6623 2.810316e-05 1.382478e-08
6624 2.810264e-05 1.379984e-08
6625 2.810212e-05 1.377493e-08
6626 2.810160e-05 1.375007e-08
6627 2.810108e-05 1.372526e-08
6628 2.810056e-05 1.370049e-08
6629 2.810005e-05 1.367576e-08
6630 2.809953e-05 1.365108e-08
6631 2.809902e-05 1.362645e-08
6632 2.809850e-05 1.360186e-08
6633 2.809799e-05 1.357731e-08
6634 2.809748e-05 1.355281e-08
6635 2.809697e-05 1.352835e-08
6636 2.809646e-05 1.350394e-08
6637 2.809595e-05 1.347957e-08
6638 2.809545e-05 1.345524e-08
6639 2.809494e-05 1.343096e-08
6640 2.809444e-05 1.340672e-08
6641 2.809393e-05 1.338253e-08
6642 2.809343e-05 1.335838e-08
6643 2.809293e-05 1.333427e-08
6644 2.809243e-05 1.331020e-08
6645 2.809193e-05 1.328618e-08
6646 2.809143e-05 1.326221e-08
6647 2.809093e-05 1.323827e-08
6648 2.809043e-05 1.321438e-08
6649 2.808994e-05 1.319054e-08
6650 2.808944e-05 1.316673e-08
6651 2.808895e-05 1.314297e-08
6652 2.808846e-05 1.311925e-08
6653 2.808796e-05 1.309558e-08
6654 2.808747e-05 1.307194e-08
6655 2.808698e-05 1.304835e-08
6656 2.808649e-05 1.302480e-08
6657 2.808601e-05 1.300130e-08
6658 2.808552e-05 1.297784e-08
6659 2.808503e-05 1.295442e-08
6660 2.808455e-05 1.293104e-08
6661 2.808406e-05 1.290770e-08
6662 2.808358e-05 1.288441e-08
6663 2.808310e-05 1.286116e-08
6664 2.808262e-05 1.283795e-08
6665 2.808214e-05 1.281478e-08
6666 2.808166e-05 1.279165e-08
6667 2.808118e-05 1.276857e-08
6668 2.808070e-05 1.274552e-08
6669 2.808022e-05 1.272252e-08
6670 2.807975e-05 1.269956e-08
6671 2.807927e-05 1.267665e-08
6672 2.807880e-05 1.265377e-08
6673 2.807833e-05 1.263093e-08
6674 2.807785e-05 1.260814e-08
6675 2.807738e-05 1.258538e-08
6676 2.807691e-05 1.256267e-08
6677 2.807644e-05 1.254000e-08
6678 2.807598e-05 1.251737e-08
6679 2.807551e-05 1.249478e-08
6680 2.807504e-05 1.247223e-08
6681 2.807458e-05 1.244972e-08
6682 2.807411e-05 1.242726e-08
6683 2.807365e-05 1.240483e-08
6684 2.807319e-05 1.238244e-08
6685 2.807272e-05 1.236010e-08
6686 2.807226e-05 1.233779e-08
6687 2.807180e-05 1.231553e-08
6688 2.807134e-05 1.229330e-08
6689 2.807089e-05 1.227112e-08
6690 2.807043e-05 1.224897e-08
6691 2.806997e-05 1.222687e-08
6692 2.806952e-05 1.220480e-08
6693 2.806906e-05 1.218277e-08
6694 2.806861e-05 1.216079e-08
6695 2.806816e-05 1.213884e-08
6696 2.806770e-05 1.211694e-08
6697 2.806725e-05 1.209507e-08
6698 2.806680e-05 1.207324e-08
6699 2.806635e-05 1.205145e-08
6700 2.806591e-05 1.202971e-08
6701 2.806546e-05 1.200800e-08
6702 2.806501e-05 1.198633e-08
6703 2.806457e-05 1.196469e-08
6704 2.806412e-05 1.194310e-08
6705 2.806368e-05 1.192155e-08
6706 2.806323e-05 1.190004e-08
6707 2.806279e-05 1.187856e-08
6708 2.806235e-05 1.185712e-08
6709 2.806191e-05 1.183573e-08
6710 2.806147e-05 1.181437e-08
6711 2.806103e-05 1.179304e-08
6712 2.806059e-05 1.177176e-08
6713 2.806016e-05 1.175052e-08
6714 2.805972e-05 1.172931e-08
6715 2.805929e-05 1.170815e-08
6716 2.805885e-05 1.168702e-08
6717 2.805842e-05 1.166593e-08
6718 2.805798e-05 1.164487e-08
6719 2.805755e-05 1.162386e-08
6720 2.805712e-05 1.160288e-08
6721 2.805669e-05 1.158194e-08
6722 2.805626e-05 1.156104e-08
6723 2.805583e-05 1.154018e-08
6724 2.805541e-05 1.151935e-08
6725 2.805498e-05 1.149856e-08
6726 2.805455e-05 1.147781e-08
6727 2.805413e-05 1.145710e-08
6728 2.805370e-05 1.143642e-08
6729 2.805328e-05 1.141578e-08
6730 2.805286e-05 1.139518e-08
6731 2.805244e-05 1.137462e-08
6732 2.805201e-05 1.135409e-08
6733 2.805159e-05 1.133360e-08
6734 2.805118e-05 1.131315e-08
6735 2.805076e-05 1.129273e-08
6736 2.805034e-05 1.127235e-08
6737 2.804992e-05 1.125201e-08
6738 2.804951e-05 1.123170e-08
6739 2.804909e-05 1.121143e-08
6740 2.804868e-05 1.119120e-08
6741 2.804826e-05 1.117100e-08
6742 2.804785e-05 1.115084e-08
6743 2.804744e-05 1.113072e-08
6744 2.804703e-05 1.111063e-08
6745 2.804662e-05 1.109058e-08
6746 2.804621e-05 1.107057e-08
6747 2.804580e-05 1.105059e-08
6748 2.804539e-05 1.103065e-08
6749 2.804498e-05 1.101074e-08
6750 2.804458e-05 1.099087e-08
6751 2.804417e-05 1.097103e-08
6752 2.804377e-05 1.095124e-08
6753 2.804336e-05 1.093147e-08
6754 2.804296e-05 1.091174e-08
6755 2.804256e-05 1.089205e-08
6756 2.804215e-05 1.087240e-08
6757 2.804175e-05 1.085278e-08
6758 2.804135e-05 1.083319e-08
6759 2.804095e-05 1.081364e-08
6760 2.804056e-05 1.079412e-08
6761 2.804016e-05 1.077465e-08
6762 2.803976e-05 1.075520e-08
6763 2.803936e-05 1.073579e-08
6764 2.803897e-05 1.071642e-08
6765 2.803857e-05 1.069708e-08
6766 2.803818e-05 1.067777e-08
6767 2.803779e-05 1.065850e-08
6768 2.803740e-05 1.063927e-08
6769 2.803700e-05 1.062007e-08
6770 2.803661e-05 1.060090e-08
6771 2.803622e-05 1.058177e-08
6772 2.803583e-05 1.056268e-08
6773 2.803544e-05 1.054361e-08
6774 2.803506e-05 1.052459e-08
6775 2.803467e-05 1.050559e-08
6776 2.803428e-05 1.048663e-08
6777 2.803390e-05 1.046771e-08
6778 2.803351e-05 1.044882e-08
6779 2.803313e-05 1.042996e-08
6780 2.803275e-05 1.041114e-08
6781 2.803236e-05 1.039235e-08
6782 2.803198e-05 1.037360e-08
6783 2.803160e-05 1.035488e-08
6784 2.803122e-05 1.033619e-08
6785 2.803084e-05 1.031754e-08
6786 2.803046e-05 1.029892e-08
6787 2.803008e-05 1.028033e-08
6788 2.802971e-05 1.026178e-08
6789 2.802933e-05 1.024326e-08
6790 2.802895e-05 1.022477e-08
6791 2.802858e-05 1.020632e-08
6792 2.802820e-05 1.018790e-08
6793 2.802783e-05 1.016952e-08
6794 2.802746e-05 1.015116e-08
6795 2.802709e-05 1.013284e-08
6796 2.802671e-05 1.011456e-08
6797 2.802634e-05 1.009630e-08
6798 2.802597e-05 1.007808e-08
6799 2.802560e-05 1.005990e-08
6800 2.802524e-05 1.004174e-08
6801 2.802487e-05 1.002362e-08
6802 2.802450e-05 1.000553e-08
6803 2.802413e-05 9.987474e-09
