# step err_l2 res_l2
0 2.462974e-01 1.000000e+00
1 2.280735e-01 4.706340e-01
2 2.213011e-01 1.712284e-01
3 2.161718e-01 1.231735e-01
4 2.118928e-01 9.772639e-02
5 2.081618e-01 8.175168e-02
6 2.048223e-01 7.070154e-02
7 2.017804e-01 6.255121e-02
8 1.989751e-01 5.626150e-02
9 1.963635e-01 5.124209e-02
10 1.939144e-01 4.713143e-02
11 1.916043e-01 4.369507e-02
12 1.894146e-01 4.077392e-02
13 1.873307e-01 3.825603e-02
14 1.853408e-01 3.606017e-02
15 1.834349e-01 3.412591e-02
16 1.816048e-01 3.240730e-02
17 1.798436e-01 3.086873e-02
18 1.781453e-01 2.948216e-02
19 1.765047e-01 2.822520e-02
20 1.749174e-01 2.707971e-02
21 1.733793e-01 2.603086e-02
22 1.718871e-01 2.506639e-02
23 1.704376e-01 2.417607e-02
24 1.690280e-01 2.335127e-02
25 1.676559e-01 2.258471e-02
26 1.663191e-01 2.187014e-02
27 1.650155e-01 2.120221e-02
28 1.637433e-01 2.057629e-02
29 1.625008e-01 1.998836e-02
30 1.612864e-01 1.943489e-02
31 1.600988e-01 1.891281e-02
32 1.589367e-01 1.841939e-02
33 1.577989e-01 1.795223e-02
34 1.566842e-01 1.750918e-02
35 1.555917e-01 1.708834e-02
36 1.545203e-01 1.668800e-02
37 1.534692e-01 1.630663e-02
38 1.524376e-01 1.594284e-02
39 1.514247e-01 1.559538e-02
40 1.504297e-01 1.526314e-02
41 1.494521e-01 1.494508e-02
42 1.484910e-01 1.464027e-02
43 1.475460e-01 1.434787e-02
44 1.466164e-01 1.406708e-02
45 1.457018e-01 1.379721e-02
46 1.448015e-01 1.353759e-02
47 1.439153e-01 1.328763e-02
48 1.430425e-01 1.304676e-02
49 1.421827e-01 1.281449e-02
50 1.413356e-01 1.259033e-02
51 1.405007e-01 1.237384e-02
52 1.396777e-01 1.216463e-02
53 1.388662e-01 1.196231e-02
54 1.380660e-01 1.176653e-02
55 1.372766e-01 1.157696e-02
56 1.364977e-01 1.139331e-02
57 1.357291e-01 1.121527e-02
58 1.349705e-01 1.104260e-02
59 1.342216e-01 1.087503e-02
60 1.334822e-01 1.071234e-02
61 1.327520e-01 1.055431e-02
62 1.320307e-01 1.040072e-02
63 1.313182e-01 1.025139e-02
64 1.306142e-01 1.010613e-02
65 1.299186e-01 9.964780e-03
66 1.292310e-01 9.827165e-03
67 1.285514e-01 9.693137e-03
68 1.278795e-01 9.562552e-03
69 1.272151e-01 9.435274e-03
70 1.265582e-01 9.311173e-03
71 1.259084e-01 9.190128e-03
72 1.252657e-01 9.072022e-03
73 1.246298e-01 8.956746e-03
74 1.240007e-01 8.844196e-03
75 1.233782e-01 8.734272e-03
76 1.227622e-01 8.626882e-03
77 1.221524e-01 8.521935e-03
78 1.215489e-01 8.419347e-03
79 1.209513e-01 8.319036e-03
80 1.203597e-01 8.220926e-03
81 1.197740e-01 8.124943e-03
82 1.191938e-01 8.031017e-03
83 1.186193e-01 7.939082e-03
84 1.180503e-01 7.849073e-03
85 1.174865e-01 7.760929e-03
86 1.169281e-01 7.674592e-03
87 1.163748e-01 7.590007e-03
88 1.158265e-01 7.507120e-03
89 1.152832e-01 7.425880e-03
90 1.147448e-01 7.346238e-03
91 1.142112e-01 7.268148e-03
92 1.136822e-01 7.191564e-03
93 1.131579e-01 7.116443e-03
94 1.126380e-01 7.042745e-03
95 1.121226e-01 6.970428e-03
96 1.116116e-01 6.899457e-03
97 1.111048e-01 6.829792e-03
98 1.106023e-01 6.761400e-03
99 1.101039e-01 6.694247e-03
100 1.096096e-01 6.628300e-03
101 1.091193e-01 6.563527e-03
102 1.086329e-01 6.499899e-03
103 1.081503e-01 6.437386e-03
104 1.076716e-01 6.375960e-03
105 1.071966e-01 6.315595e-03
106 1.067253e-01 6.256264e-03
107 1.062576e-01 6.197941e-03
108 1.057935e-01 6.140603e-03
109 1.053329e-01 6.084227e-03
110 1.048757e-01 6.028788e-03
111 1.044219e-01 5.974266e-03
112 1.039715e-01 5.920640e-03
113 1.035243e-01 5.867888e-03
114 1.030804e-01 5.815991e-03
115 1.026397e-01 5.764929e-03
116 1.022021e-01 5.714685e-03
117 1.017677e-01 5.665239e-03
118 1.013362e-01 5.616575e-03
119 1.009078e-01 5.568675e-03
120 1.004824e-01 5.521522e-03
121 1.000598e-01 5.475102e-03
122 9.964017e-02 5.429398e-03
123 9.922334e-02 5.384395e-03
124 9.880931e-02 5.340079e-03
125 9.839803e-02 5.296436e-03
126 9.798947e-02 5.253450e-03
127 9.758359e-02 5.211110e-03
128 9.718035e-02 5.169402e-03
129 9.677971e-02 5.128313e-03
130 9.638165e-02 5.087831e-03
131 9.598612e-02 5.047943e-03
132 9.559310e-02 5.008639e-03
133 9.520254e-02 4.969906e-03
134 9.481442e-02 4.931733e-03
135 9.442870e-02 4.894109e-03
136 9.404535e-02 4.857024e-03
137 9.366435e-02 4.820468e-03
138 9.328566e-02 4.784429e-03
139 9.290925e-02 4.748899e-03
140 9.253510e-02 4.713868e-03
141 9.216317e-02 4.679326e-03
142 9.179344e-02 4.645264e-03
143 9.142588e-02 4.611673e-03
144 9.106047e-02 4.578544e-03
145 9.069717e-02 4.545869e-03
146 9.033597e-02 4.513639e-03
147 8.997684e-02 4.481846e-03
148 8.961974e-02 4.450482e-03
149 8.926467e-02 4.419539e-03
150 8.891160e-02 4.389010e-03
151 8.856049e-02 4.358886e-03
152 8.821134e-02 4.329161e-03
153 8.786411e-02 4.299828e-03
154 8.751879e-02 4.270879e-03
155 8.717535e-02 4.242307e-03
156 8.683377e-02 4.214106e-03
157 8.649404e-02 4.186268e-03
158 8.615613e-02 4.158788e-03
159 8.582002e-02 4.131660e-03
160 8.548570e-02 4.104876e-03
161 8.515314e-02 4.078430e-03
162 8.482232e-02 4.052318e-03
163 8.449323e-02 4.026532e-03
164 8.416585e-02 4.001068e-03
165 8.384015e-02 3.975919e-03
166 8.351613e-02 3.951080e-03
167 8.319377e-02 3.926545e-03
168 8.287305e-02 3.902309e-03
169 8.255395e-02 3.878368e-03
170 8.223645e-02 3.854715e-03
171 8.192054e-02 3.831346e-03
172 8.160621e-02 3.808256e-03
173 8.129344e-02 3.785440e-03
174 8.098222e-02 3.762893e-03
175 8.067252e-02 3.740611e-03
176 8.036434e-02 3.718588e-03
177 8.005765e-02 3.696822e-03
178 7.975246e-02 3.675306e-03
179 7.944873e-02 3.654038e-03
180 7.914647e-02 3.633012e-03
181 7.884565e-02 3.612224e-03
182 7.854626e-02 3.591671e-03
183 7.824829e-02 3.571348e-03
184 7.795173e-02 3.551252e-03
185 7.765656e-02 3.531378e-03
186 7.736278e-02 3.511723e-03
187 7.707036e-02 3.492284e-03
188 7.677931e-02 3.473055e-03
189 7.648960e-02 3.454035e-03
190 7.620122e-02 3.435219e-03
191 7.591417e-02 3.416604e-03
192 7.562843e-02 3.398186e-03
193 7.534399e-02 3.379963e-03
194 7.506084e-02 3.361930e-03
195 7.477898e-02 3.344086e-03
196 7.449838e-02 3.326425e-03
197 7.421904e-02 3.308947e-03
198 7.394096e-02 3.291647e-03
199 7.366411e-02 3.274522e-03
200 7.338849e-02 3.257570e-03
201 7.311409e-02 3.240788e-03
202 7.284090e-02 3.224173e-03
203 7.256892e-02 3.207722e-03
204 7.229812e-02 3.191433e-03
205 7.202851e-02 3.175302e-03
206 7.176008e-02 3.159327e-03
207 7.149281e-02 3.143507e-03
208 7.122669e-02 3.127837e-03
209 7.096173e-02 3.112316e-03
210 7.069790e-02 3.096941e-03
211 7.043521e-02 3.081710e-03
212 7.017364e-02 3.066621e-03
213 6.991319e-02 3.051671e-03
214 6.965384e-02 3.036858e-03
215 6.939560e-02 3.022180e-03
216 6.913845e-02 3.007635e-03
217 6.888238e-02 2.993220e-03
218 6.862739e-02 2.978934e-03
219 6.837347e-02 2.964774e-03
220 6.812061e-02 2.950738e-03
221 6.786881e-02 2.936825e-03
222 6.761806e-02 2.923032e-03
223 6.736834e-02 2.909359e-03
224 6.711967e-02 2.895801e-03
225 6.687202e-02 2.882359e-03
226 6.662539e-02 2.869030e-03
227 6.637978e-02 2.855812e-03
228 6.613518e-02 2.842704e-03
229 6.589158e-02 2.829704e-03
230 6.564897e-02 2.816811e-03
231 6.540736e-02 2.804022e-03
232 6.516672e-02 2.791336e-03
233 6.492707e-02 2.778752e-03
234 6.468839e-02 2.766267e-03
235 6.445067e-02 2.753881e-03
236 6.421391e-02 2.741593e-03
237 6.397811e-02 2.729399e-03
238 6.374325e-02 2.717300e-03
239 6.350934e-02 2.705294e-03
240 6.327636e-02 2.693378e-03
241 6.304431e-02 2.681553e-03
242 6.281319e-02 2.669817e-03
243 6.258300e-02 2.658168e-03
244 6.235371e-02 2.646605e-03
245 6.212534e-02 2.635127e-03
246 6.189787e-02 2.623733e-03
247 6.167130e-02 2.612421e-03
248 6.144563e-02 2.601190e-03
249 6.122085e-02 2.590039e-03
250 6.099695e-02 2.578968e-03
251 6.077393e-02 2.567974e-03
252 6.055179e-02 2.557057e-03
253 6.033052e-02 2.546216e-03
254 6.011011e-02 2.535449e-03
255 5.989057e-02 2.524756e-03
256 5.967188e-02 2.514136e-03
257 5.945405e-02 2.503587e-03
258 5.923706e-02 2.493109e-03
259 5.902091e-02 2.482700e-03
260 5.880561e-02 2.472361e-03
261 5.859113e-02 2.462089e-03
262 5.837749e-02 2.451884e-03
263 5.816468e-02 2.441745e-03
264 5.795268e-02 2.431671e-03
265 5.774150e-02 2.421662e-03
266 5.753114e-02 2.411716e-03
267 5.732159e-02 2.401832e-03
268 5.711284e-02 2.392011e-03
269 5.690489e-02 2.382250e-03
270 5.669773e-02 2.372550e-03
271 5.649138e-02 2.362910e-03
272 5.628581e-02 2.353328e-03
273 5.608102e-02 2.343804e-03
274 5.587702e-02 2.334337e-03
275 5.567379e-02 2.324928e-03
276 5.547134e-02 2.315574e-03
277 5.526966e-02 2.306275e-03
278 5.506875e-02 2.297031e-03
279 5.486860e-02 2.287841e-03
280 5.466920e-02 2.278704e-03
281 5.447057e-02 2.269619e-03
282 5.427268e-02 2.260587e-03
283 5.407555e-02 2.251606e-03
284 5.387916e-02 2.242676e-03
285 5.368351e-02 2.233796e-03
286 5.348860e-02 2.224966e-03
287 5.329442e-02 2.216185e-03
288 5.310098e-02 2.207452e-03
289 5.290826e-02 2.198768e-03
290 5.271627e-02 2.190130e-03
291 5.252500e-02 2.181540e-03
292 5.233445e-02 2.172996e-03
293 5.214461e-02 2.164499e-03
294 5.195549e-02 2.156046e-03
295 5.176707e-02 2.147638e-03
296 5.157936e-02 2.139275e-03
297 5.139235e-02 2.130956e-03
298 5.120604e-02 2.122680e-03
299 5.102043e-02 2.114448e-03
300 5.083551e-02 2.106258e-03
301 5.065127e-02 2.098110e-03
302 5.046773e-02 2.090004e-03
303 5.028487e-02 2.081939e-03
304 5.010269e-02 2.073915e-03
305 4.992119e-02 2.065932e-03
306 4.974037e-02 2.057988e-03
307 4.956021e-02 2.050085e-03
308 4.938073e-02 2.042220e-03
309 4.920191e-02 2.034395e-03
310 4.902376e-02 2.026608e-03
311 4.884627e-02 2.018859e-03
312 4.866943e-02 2.011148e-03
313 4.849325e-02 2.003475e-03
314 4.831772e-02 1.995838e-03
315 4.814285e-02 1.988239e-03
316 4.796862e-02 1.980676e-03
317 4.779503e-02 1.973149e-03
318 4.762209e-02 1.965658e-03
319 4.744978e-02 1.958202e-03
320 4.727811e-02 1.950781e-03
321 4.710708e-02 1.943395e-03
322 4.693667e-02 1.936044e-03
323 4.676690e-02 1.928727e-03
324 4.659774e-02 1.921444e-03
325 4.642922e-02 1.914194e-03
326 4.626131e-02 1.906978e-03
327 4.609402e-02 1.899795e-03
328 4.592735e-02 1.892645e-03
329 4.576129e-02 1.885527e-03
330 4.559584e-02 1.878442e-03
331 4.543100e-02 1.871388e-03
332 4.526677e-02 1.864367e-03
333 4.510314e-02 1.857376e-03
334 4.494010e-02 1.850417e-03
335 4.477767e-02 1.843489e-03
336 4.461584e-02 1.836592e-03
337 4.445459e-02 1.829725e-03
338 4.429394e-02 1.822888e-03
339 4.413388e-02 1.816082e-03
340 4.397440e-02 1.809305e-03
341 4.381551e-02 1.802558e-03
342 4.365720e-02 1.795840e-03
343 4.349947e-02 1.789152e-03
344 4.334232e-02 1.782492e-03
345 4.318574e-02 1.775861e-03
346 4.302974e-02 1.769258e-03
347 4.287430e-02 1.762684e-03
348 4.271944e-02 1.756138e-03
349 4.256514e-02 1.749620e-03
350 4.241140e-02 1.743129e-03
351 4.225823e-02 1.736666e-03
352 4.210561e-02 1.730231e-03
353 4.195355e-02 1.723822e-03
354 4.180205e-02 1.717440e-03
355 4.165110e-02 1.711085e-03
356 4.150070e-02 1.704757e-03
357 4.135085e-02 1.698455e-03
358 4.120155e-02 1.692180e-03
359 4.105279e-02 1.685930e-03
360 4.090457e-02 1.679706e-03
361 4.075689e-02 1.673508e-03
362 4.060975e-02 1.667336e-03
363 4.046315e-02 1.661188e-03
364 4.031708e-02 1.655067e-03
365 4.017155e-02 1.648970e-03
366 4.002654e-02 1.642898e-03
367 3.988206e-02 1.636851e-03
368 3.973811e-02 1.630828e-03
369 3.959468e-02 1.624830e-03
370 3.945177e-02 1.618856e-03
371 3.930938e-02 1.612906e-03
372 3.916751e-02 1.606980e-03
373 3.902616e-02 1.601079e-03
374 3.888532e-02 1.595200e-03
375 3.874499e-02 1.589346e-03
376 3.860517e-02 1.583515e-03
377 3.846586e-02 1.577707e-03
378 3.832706e-02 1.571922e-03
379 3.818876e-02 1.566160e-03
380 3.805096e-02 1.560422e-03
381 3.791367e-02 1.554706e-03
382 3.777687e-02 1.549012e-03
383 3.764057e-02 1.543341e-03
384 3.750476e-02 1.537693e-03
385 3.736945e-02 1.532067e-03
386 3.723462e-02 1.526463e-03
387 3.710029e-02 1.520881e-03
388 3.696644e-02 1.515321e-03
389 3.683308e-02 1.509782e-03
390 3.670021e-02 1.504265e-03
391 3.656781e-02 1.498770e-03
392 3.643590e-02 1.493296e-03
393 3.630446e-02 1.487844e-03
394 3.617350e-02 1.482413e-03
395 3.604302e-02 1.477003e-03
396 3.591301e-02 1.471613e-03
397 3.578347e-02 1.466245e-03
398 3.565440e-02 1.460898e-03
399 3.552579e-02 1.455571e-03
400 3.539766e-02 1.450264e-03
401 3.526998e-02 1.444979e-03
402 3.514277e-02 1.439713e-03
403 3.501603e-02 1.434468e-03
404 3.488974e-02 1.429243e-03
405 3.476390e-02 1.424037e-03
406 3.463853e-02 1.418852e-03
407 3.451360e-02 1.413687e-03
408 3.438913e-02 1.408541e-03
409 3.426511e-02 1.403415e-03
410 3.414154e-02 1.398309e-03
411 3.401842e-02 1.393222e-03
412 3.389574e-02 1.388154e-03
413 3.377350e-02 1.383106e-03
414 3.365171e-02 1.378077e-03
415 3.353036e-02 1.373067e-03
416 3.340945e-02 1.368076e-03
417 3.328898e-02 1.363104e-03
418 3.316894e-02 1.358150e-03
419 3.304933e-02 1.353216e-03
420 3.293016e-02 1.348300e-03
421 3.281142e-02 1.343403e-03
422 3.269311e-02 1.338524e-03
423 3.257523e-02 1.333663e-03
424 3.245777e-02 1.328821e-03
425 3.234074e-02 1.323997e-03
426 3.222413e-02 1.319191e-03
427 3.210794e-02 1.314403e-03
428 3.199218e-02 1.309633e-03
429 3.187683e-02 1.304881e-03
430 3.176190e-02 1.300147e-03
431 3.164738e-02 1.295431e-03
432 3.153328e-02 1.290732e-03
433 3.141959e-02 1.286051e-03
434 3.130631e-02 1.281387e-03
435 3.119344e-02 1.276741e-03
436 3.108098e-02 1.272112e-03
437 3.096893e-02 1.267500e-03
438 3.085728e-02 1.262905e-03
439 3.074603e-02 1.258328e-03
440 3.063519e-02 1.253768e-03
441 3.052474e-02 1.249224e-03
442 3.041470e-02 1.244698e-03
443 3.030505e-02 1.240188e-03
444 3.019580e-02 1.235695e-03
445 3.008695e-02 1.231219e-03
446 2.997848e-02 1.226759e-03
447 2.987041e-02 1.222316e-03
448 2.976273e-02 1.217889e-03
449 2.965544e-02 1.213479e-03
450 2.954854e-02 1.209085e-03
451 2.944202e-02 1.204708e-03
452 2.933588e-02 1.200346e-03
453 2.923013e-02 1.196001e-03
454 2.912477e-02 1.191671e-03
455 2.901978e-02 1.187358e-03
456 2.891517e-02 1.183061e-03
457 2.881094e-02 1.178779e-03
458 2.870709e-02 1.174513e-03
459 2.860361e-02 1.170263e-03
460 2.850050e-02 1.166029e-03
461 2.839777e-02 1.161810e-03
462 2.829541e-02 1.157607e-03
463 2.819341e-02 1.153419e-03
464 2.809179e-02 1.149247e-03
465 2.799053e-02 1.145090e-03
466 2.788964e-02 1.140948e-03
467 2.778911e-02 1.136822e-03
468 2.768895e-02 1.132710e-03
469 2.758914e-02 1.128614e-03
470 2.748970e-02 1.124533e-03
471 2.739062e-02 1.120467e-03
472 2.729189e-02 1.116415e-03
473 2.719352e-02 1.112379e-03
474 2.709551e-02 1.108357e-03
475 2.699785e-02 1.104350e-03
476 2.690054e-02 1.100358e-03
477 2.680358e-02 1.096380e-03
478 2.670697e-02 1.092417e-03
479 2.661071e-02 1.088469e-03
480 2.651480e-02 1.084535e-03
481 2.641924e-02 1.080615e-03
482 2.632402e-02 1.076709e-03
483 2.622914e-02 1.072818e-03
484 2.613461e-02 1.068941e-03
485 2.604042e-02 1.065079e-03
486 2.594656e-02 1.061230e-03
487 2.585305e-02 1.057396e-03
488 2.575987e-02 1.053575e-03
489 2.566703e-02 1.049768e-03
490 2.557453e-02 1.045976e-03
491 2.548235e-02 1.042197e-03
492 2.539051e-02 1.038432e-03
493 2.529901e-02 1.034680e-03
494 2.520783e-02 1.030943e-03
495 2.511698e-02 1.027218e-03
496 2.502646e-02 1.023508e-03
497 2.493627e-02 1.019811e-03
498 2.484640e-02 1.016127e-03
499 2.475685e-02 1.012457e-03
500 2.466763e-02 1.008801e-03
501 2.457873e-02 1.005157e-03
502 2.449015e-02 1.001527e-03
503 2.440189e-02 9.979101e-04
504 2.431395e-02 9.943063e-04
505 2.422633e-02 9.907156e-04
506 2.413902e-02 9.871380e-04
507 2.405203e-02 9.835734e-04
508 2.396535e-02 9.800217e-04
509 2.387899e-02 9.764830e-04
510 2.379293e-02 9.729571e-04
511 2.370719e-02 9.694440e-04
512 2.362175e-02 9.659437e-04
513 2.353663e-02 9.624562e-04
514 2.345181e-02 9.589812e-04
515 2.336730e-02 9.555189e-04
516 2.328309e-02 9.520692e-04
517 2.319918e-02 9.486320e-04
518 2.311558e-02 9.452073e-04
519 2.303228e-02 9.417950e-04
520 2.294928e-02 9.383951e-04
521 2.286658e-02 9.350076e-04
522 2.278418e-02 9.316323e-04
523 2.270208e-02 9.282693e-04
524 2.262027e-02 9.249184e-04
525 2.253875e-02 9.215798e-04
526 2.245753e-02 9.182532e-04
527 2.237661e-02 9.149387e-04
528 2.229597e-02 9.116362e-04
529 2.221563e-02 9.083457e-04
530 2.213558e-02 9.050671e-04
531 2.205581e-02 9.018004e-04
532 2.197633e-02 8.985455e-04
533 2.189714e-02 8.953024e-04
534 2.181824e-02 8.920711e-04
535 2.173962e-02 8.888515e-04
536 2.166128e-02 8.856435e-04
537 2.158323e-02 8.824472e-04
538 2.150545e-02 8.792625e-04
539 2.142796e-02 8.760892e-04
540 2.135075e-02 8.729275e-04
541 2.127382e-02 8.697772e-04
542 2.119716e-02 8.666383e-04
543 2.112078e-02 8.635108e-04
544 2.104468e-02 8.603946e-04
545 2.096885e-02 8.572897e-04
546 2.089329e-02 8.541960e-04
547 2.081801e-02 8.511135e-04
548 2.074299e-02 8.480422e-04
549 2.066825e-02 8.449820e-04
550 2.059378e-02 8.419328e-04
551 2.051958e-02 8.388947e-04
552 2.044564e-02 8.358676e-04
553 2.037197e-02 8.328514e-04
554 2.029857e-02 8.298462e-04
555 2.022543e-02 8.268518e-04
556 2.015255e-02 8.238682e-04
557 2.007994e-02 8.208954e-04
558 2.000759e-02 8.179334e-04
559 1.993550e-02 8.149821e-04
560 1.986367e-02 8.120415e-04
561 1.979210e-02 8.091114e-04
562 1.972079e-02 8.061920e-04
563 1.964973e-02 8.032832e-04
564 1.957894e-02 8.003848e-04
565 1.950839e-02 7.974969e-04
566 1.943810e-02 7.946195e-04
567 1.936807e-02 7.917524e-04
568 1.929829e-02 7.888958e-04
569 1.922876e-02 7.860494e-04
570 1.915948e-02 7.832133e-04
571 1.909044e-02 7.803875e-04
572 1.902166e-02 7.775719e-04
573 1.895313e-02 7.747665e-04
574 1.888484e-02 7.719712e-04
575 1.881680e-02 7.691860e-04
576 1.874901e-02 7.664108e-04
577 1.868146e-02 7.636457e-04
578 1.861415e-02 7.608906e-04
579 1.854709e-02 7.581454e-04
580 1.848027e-02 7.554101e-04
581 1.841369e-02 7.526847e-04
582 1.834735e-02 7.499692e-04
583 1.828125e-02 7.472635e-04
584 1.821539e-02 7.445675e-04
585 1.814976e-02 7.418813e-04
586 1.808437e-02 7.392047e-04
587 1.801922e-02 7.365379e-04
588 1.795430e-02 7.338806e-04
589 1.788962e-02 7.312330e-04
590 1.782517e-02 7.285949e-04
591 1.776095e-02 7.259664e-04
592 1.769697e-02 7.233473e-04
593 1.763321e-02 7.207377e-04
594 1.756969e-02 7.181375e-04
595 1.750639e-02 7.155467e-04
596 1.744332e-02 7.129652e-04
597 1.738048e-02 7.103931e-04
598 1.731787e-02 7.078303e-04
599 1.725548e-02 7.052767e-04
600 1.719332e-02 7.027323e-04
601 1.713138e-02 7.001971e-04
602 1.706966e-02 6.976710e-04
603 1.700817e-02 6.951541e-04
604 1.694690e-02 6.926462e-04
605 1.688585e-02 6.901474e-04
606 1.682502e-02 6.876577e-04
607 1.676441e-02 6.851769e-04
608 1.670402e-02 6.827050e-04
609 1.664385e-02 6.802421e-04
610 1.658389e-02 6.777881e-04
611 1.652415e-02 6.753429e-04
612 1.646462e-02 6.729065e-04
613 1.640531e-02 6.704790e-04
614 1.634622e-02 6.680602e-04
615 1.628733e-02 6.656501e-04
616 1.622866e-02 6.632487e-04
617 1.617020e-02 6.608560e-04
618 1.611196e-02 6.584719e-04
619 1.605392e-02 6.560964e-04
620 1.599609e-02 6.537295e-04
621 1.593847e-02 6.513711e-04
622 1.588106e-02 6.490212e-04
623 1.582385e-02 6.466799e-04
624 1.576685e-02 6.443469e-04
625 1.571006e-02 6.420224e-04
626 1.565347e-02 6.397062e-04
627 1.559709e-02 6.373985e-04
628 1.554091e-02 6.350990e-04
629 1.548493e-02 6.328078e-04
630 1.542915e-02 6.305249e-04
631 1.537358e-02 6.282503e-04
632 1.531820e-02 6.259838e-04
633 1.526303e-02 6.237255e-04
634 1.520805e-02 6.214754e-04
635 1.515327e-02 6.192333e-04
636 1.509869e-02 6.169994e-04
637 1.504431e-02 6.147735e-04
638 1.499012e-02 6.125557e-04
639 1.493613e-02 6.103458e-04
640 1.488234e-02 6.081439e-04
641 1.482873e-02 6.059500e-04
642 1.477532e-02 6.037640e-04
643 1.472211e-02 6.015858e-04
644 1.466908e-02 5.994155e-04
645 1.461625e-02 5.972531e-04
646 1.456361e-02 5.950984e-04
647 1.451115e-02 5.929515e-04
648 1.445889e-02 5.908124e-04
649 1.440682e-02 5.886809e-04
650 1.435493e-02 5.865572e-04
651 1.430323e-02 5.844411e-04
652 1.425171e-02 5.823326e-04
653 1.420039e-02 5.802318e-04
654 1.414924e-02 5.781385e-04
655 1.409829e-02 5.760528e-04
656 1.404751e-02 5.739746e-04
657 1.399692e-02 5.719039e-04
658 1.394651e-02 5.698406e-04
659 1.389629e-02 5.677848e-04
660 1.384624e-02 5.657364e-04
661 1.379638e-02 5.636954e-04
662 1.374669e-02 5.616618e-04
663 1.369718e-02 5.596355e-04
664 1.364786e-02 5.576165e-04
665 1.359871e-02 5.556047e-04
666 1.354974e-02 5.536003e-04
667 1.350094e-02 5.516030e-04
668 1.345232e-02 5.496130e-04
669 1.340388e-02 5.476301e-04
670 1.335561e-02 5.456544e-04
671 1.330751e-02 5.436858e-04
672 1.325959e-02 5.417243e-04
673 1.321184e-02 5.397699e-04
674 1.316427e-02 5.378226e-04
675 1.311686e-02 5.358822e-04
676 1.306963e-02 5.339489e-04
677 1.302257e-02 5.320225e-04
678 1.297567e-02 5.301031e-04
679 1.292895e-02 5.281905e-04
680 1.288239e-02 5.262849e-04
681 1.283600e-02 5.243862e-04
682 1.278978e-02 5.224943e-04
683 1.274373e-02 5.206092e-04
684 1.269784e-02 5.187309e-04
685 1.265212e-02 5.168594e-04
686 1.260656e-02 5.149947e-04
687 1.256117e-02 5.131366e-04
688 1.251594e-02 5.112853e-04
689 1.247088e-02 5.094406e-04
690 1.242597e-02 5.076026e-04
691 1.238123e-02 5.057713e-04
692 1.233665e-02 5.039465e-04
693 1.229223e-02 5.021283e-04
694 1.224797e-02 5.003166e-04
695 1.220388e-02 4.985115e-04
696 1.215994e-02 4.967129e-04
697 1.211615e-02 4.949208e-04
698 1.207253e-02 4.931352e-04
699 1.202907e-02 4.913560e-04
700 1.198576e-02 4.895832e-04
701 1.194260e-02 4.878168e-04
702 1.189961e-02 4.860567e-04
703 1.185676e-02 4.843030e-04
704 1.181408e-02 4.825557e-04
705 1.177154e-02 4.808146e-04
706 1.172916e-02 4.790798e-04
707 1.168694e-02 4.773513e-04
708 1.164486e-02 4.756290e-04
709 1.160294e-02 4.739129e-04
710 1.156117e-02 4.722030e-04
711 1.151955e-02 4.704992e-04
712 1.147808e-02 4.688016e-04
713 1.143675e-02 4.671102e-04
714 1.139558e-02 4.654248e-04
715 1.135456e-02 4.637455e-04
716 1.131368e-02 4.620722e-04
717 1.127296e-02 4.604050e-04
718 1.123238e-02 4.587438e-04
719 1.119194e-02 4.570886e-04
720 1.115165e-02 4.554394e-04
721 1.111151e-02 4.537961e-04
722 1.107151e-02 4.521587e-04
723 1.103166e-02 4.505272e-04
724 1.099195e-02 4.489017e-04
725 1.095238e-02 4.472819e-04
726 1.091295e-02 4.456681e-04
727 1.087367e-02 4.440600e-04
728 1.083453e-02 4.424577e-04
729 1.079553e-02 4.408612e-04
730 1.075668e-02 4.392705e-04
731 1.071796e-02 4.376855e-04
732 1.067938e-02 4.361062e-04
733 1.064094e-02 4.345327e-04
734 1.060264e-02 4.329648e-04
735 1.056448e-02 4.314025e-04
736 1.052645e-02 4.298459e-04
737 1.048857e-02 4.282949e-04
738 1.045081e-02 4.267494e-04
739 1.041320e-02 4.252096e-04
740 1.037572e-02 4.236753e-04
741 1.033838e-02 4.221465e-04
742 1.030117e-02 4.206233e-04
743 1.026410e-02 4.191055e-04
744 1.022715e-02 4.175932e-04
745 1.019035e-02 4.160864e-04
746 1.015367e-02 4.145850e-04
747 1.011713e-02 4.130890e-04
748 1.008072e-02 4.115984e-04
749 1.004444e-02 4.101132e-04
750 1.000829e-02 4.086334e-04
751 9.972276e-03 4.071589e-04
752 9.936388e-03 4.056896e-04
753 9.900630e-03 4.042257e-04
754 9.865001e-03 4.027671e-04
755 9.829501e-03 4.013137e-04
756 9.794129e-03 3.998656e-04
757 9.758884e-03 3.984227e-04
758 9.723767e-03 3.969850e-04
759 9.688776e-03 3.955525e-04
760 9.653911e-03 3.941251e-04
761 9.619173e-03 3.927029e-04
762 9.584560e-03 3.912858e-04
763 9.550071e-03 3.898739e-04
764 9.515707e-03 3.884670e-04
765 9.481467e-03 3.870652e-04
766 9.447351e-03 3.856684e-04
767 9.413358e-03 3.842767e-04
768 9.379487e-03 3.828900e-04
769 9.345739e-03 3.815083e-04
770 9.312113e-03 3.801316e-04
771 9.278607e-03 3.787599e-04
772 9.245223e-03 3.773931e-04
773 9.211960e-03 3.760312e-04
774 9.178816e-03 3.746743e-04
775 9.145792e-03 3.733222e-04
776 9.112887e-03 3.719750e-04
777 9.080101e-03 3.706327e-04
778 9.047433e-03 3.692952e-04
779 9.014883e-03 3.679625e-04
780 8.982451e-03 3.666346e-04
781 8.950135e-03 3.653116e-04
782 8.917937e-03 3.639933e-04
783 8.885854e-03 3.626797e-04
784 8.853887e-03 3.613709e-04
785 8.822036e-03 3.600668e-04
786 8.790300e-03 3.587674e-04
787 8.758678e-03 3.574727e-04
788 8.727170e-03 3.561827e-04
789 8.695776e-03 3.548973e-04
790 8.664495e-03 3.536166e-04
791 8.633327e-03 3.523404e-04
792 8.602272e-03 3.510689e-04
793 8.571329e-03 3.498020e-04
794 8.540497e-03 3.485396e-04
795 8.509777e-03 3.472818e-04
796 8.479168e-03 3.460285e-04
797 8.448669e-03 3.447797e-04
798 8.418280e-03 3.435355e-04
799 8.388001e-03 3.422957e-04
800 8.357831e-03 3.410604e-04
801 8.327770e-03 3.398295e-04
802 8.297817e-03 3.386031e-04
803 8.267973e-03 3.373811e-04
804 8.238236e-03 3.361636e-04
805 8.208607e-03 3.349504e-04
806 8.179085e-03 3.337416e-04
807 8.149669e-03 3.325371e-04
808 8.120359e-03 3.313370e-04
809 8.091155e-03 3.301412e-04
810 8.062057e-03 3.289498e-04
811 8.033063e-03 3.277626e-04
812 8.004175e-03 3.265797e-04
813 7.975390e-03 3.254011e-04
814 7.946710e-03 3.242267e-04
815 7.918133e-03 3.230566e-04
816 7.889659e-03 3.218907e-04
817 7.861288e-03 3.207289e-04
818 7.833019e-03 3.195714e-04
819 7.804852e-03 3.184181e-04
820 7.776787e-03 3.172689e-04
821 7.748823e-03 3.161238e-04
822 7.720961e-03 3.149829e-04
823 7.693198e-03 3.138461e-04
824 7.665537e-03 3.127134e-04
825 7.637974e-03 3.115848e-04
826 7.610512e-03 3.104603e-04
827 7.583148e-03 3.093398e-04
828 7.555884e-03 3.082233e-04
829 7.528717e-03 3.071109e-04
830 7.501649e-03 3.060025e-04
831 7.474678e-03 3.048981e-04
832 7.447805e-03 3.037977e-04
833 7.421029e-03 3.027012e-04
834 7.394350e-03 3.016087e-04
835 7.367766e-03 3.005202e-04
836 7.341279e-03 2.994355e-04
837 7.314888e-03 2.983548e-04
838 7.288591e-03 2.972780e-04
839 7.262390e-03 2.962051e-04
840 7.236283e-03 2.951360e-04
841 7.210270e-03 2.940708e-04
842 7.184352e-03 2.930094e-04
843 7.158527e-03 2.919519e-04
844 7.132795e-03 2.908981e-04
845 7.107156e-03 2.898482e-04
846 7.081609e-03 2.888021e-04
847 7.056155e-03 2.877597e-04
848 7.030793e-03 2.867211e-04
849 7.005522e-03 2.856862e-04
850 6.980342e-03 2.846551e-04
851 6.955254e-03 2.836277e-04
852 6.930256e-03 2.826040e-04
853 6.905348e-03 2.815840e-04
854 6.880530e-03 2.805676e-04
855 6.855802e-03 2.795550e-04
856 6.831163e-03 2.785459e-04
857 6.806612e-03 2.775406e-04
858 6.782151e-03 2.765388e-04
859 6.757778e-03 2.755407e-04
860 6.733493e-03 2.745462e-04
861 6.709295e-03 2.735552e-04
862 6.685185e-03 2.725678e-04
863 6.661162e-03 2.715840e-04
864 6.637226e-03 2.706038e-04
865 6.613376e-03 2.696270e-04
866 6.589612e-03 2.686538e-04
867 6.565934e-03 2.676841e-04
868 6.542341e-03 2.667180e-04
869 6.518834e-03 2.657552e-04
870 6.495412e-03 2.647960e-04
871 6.472074e-03 2.638402e-04
872 6.448820e-03 2.628879e-04
873 6.425650e-03 2.619390e-04
874 6.402564e-03 2.609935e-04
875 6.379561e-03 2.600515e-04
876 6.356642e-03 2.591128e-04
877 6.333805e-03 2.581776e-04
878 6.311050e-03 2.572456e-04
879 6.288378e-03 2.563171e-04
880 6.265788e-03 2.553919e-04
881 6.243279e-03 2.544701e-04
882 6.220851e-03 2.535515e-04
883 6.198505e-03 2.526363e-04
884 6.176239e-03 2.517244e-04
885 6.154053e-03 2.508158e-04
886 6.131948e-03 2.499105e-04
887 6.109922e-03 2.490084e-04
888 6.087976e-03 2.481096e-04
889 6.066109e-03 2.472140e-04
890 6.044321e-03 2.463216e-04
891 6.022612e-03 2.454325e-04
892 6.000981e-03 2.445466e-04
893 5.979428e-03 2.436638e-04
894 5.957953e-03 2.427843e-04
895 5.936556e-03 2.419079e-04
896 5.915236e-03 2.410347e-04
897 5.893993e-03 2.401647e-04
898 5.872826e-03 2.392977e-04
899 5.851736e-03 2.384339e-04
900 5.830722e-03 2.375733e-04
901 5.809784e-03 2.367157e-04
902 5.788922e-03 2.358612e-04
903 5.768135e-03 2.350098e-04
904 5.747423e-03 2.341615e-04
905 5.726786e-03 2.333162e-04
906 5.706223e-03 2.324740e-04
907 5.685735e-03 2.316349e-04
908 5.665320e-03 2.307987e-04
909 5.644979e-03 2.299656e-04
910 5.624712e-03 2.291355e-04
911 5.604518e-03 2.283083e-04
912 5.584397e-03 2.274842e-04
913 5.564348e-03 2.266630e-04
914 5.544372e-03 2.258448e-04
915 5.524468e-03 2.250295e-04
916 5.504636e-03 2.242172e-04
917 5.484876e-03 2.234078e-04
918 5.465187e-03 2.226014e-04
919 5.445569e-03 2.217978e-04
920 5.426021e-03 2.209972e-04
921 5.406545e-03 2.201994e-04
922 5.387139e-03 2.194045e-04
923 5.367802e-03 2.186125e-04
924 5.348536e-03 2.178233e-04
925 5.329339e-03 2.170370e-04
926 5.310212e-03 2.162535e-04
927 5.291153e-03 2.154729e-04
928 5.272164e-03 2.146950e-04
929 5.253243e-03 2.139200e-04
930 5.234390e-03 2.131478e-04
931 5.215606e-03 2.123783e-04
932 5.196889e-03 2.116116e-04
933 5.178240e-03 2.108477e-04
934 5.159658e-03 2.100866e-04
935 5.141143e-03 2.093282e-04
936 5.122696e-03 2.085725e-04
937 5.104314e-03 2.078196e-04
938 5.086000e-03 2.070694e-04
939 5.067751e-03 2.063218e-04
940 5.049568e-03 2.055770e-04
941 5.031451e-03 2.048349e-04
942 5.013400e-03 2.040954e-04
943 4.995413e-03 2.033587e-04
944 4.977492e-03 2.026245e-04
945 4.959635e-03 2.018930e-04
946 4.941843e-03 2.011642e-04
947 4.924115e-03 2.004380e-04
948 4.906451e-03 1.997144e-04
949 4.888850e-03 1.989934e-04
950 4.871314e-03 1.982751e-04
951 4.853841e-03 1.975593e-04
952 4.836430e-03 1.968461e-04
953 4.819083e-03 1.961354e-04
954 4.801798e-03 1.954274e-04
955 4.784576e-03 1.947219e-04
956 4.767416e-03 1.940189e-04
957 4.750318e-03 1.933185e-04
958 4.733282e-03 1.926206e-04
959 4.716307e-03 1.919252e-04
960 4.699394e-03 1.912323e-04
961 4.682541e-03 1.905419e-04
962 4.665750e-03 1.898541e-04
963 4.649019e-03 1.891687e-04
964 4.632349e-03 1.884857e-04
965 4.615739e-03 1.878053e-04
966 4.599188e-03 1.871273e-04
967 4.582698e-03 1.864517e-04
968 4.566267e-03 1.857786e-04
969 4.549896e-03 1.851079e-04
970 4.533583e-03 1.844396e-04
971 4.517330e-03 1.837738e-04
972 4.501135e-03 1.831103e-04
973 4.484999e-03 1.824492e-04
974 4.468921e-03 1.817906e-04
975 4.452901e-03 1.811343e-04
976 4.436939e-03 1.804803e-04
977 4.421035e-03 1.798287e-04
978 4.405188e-03 1.791795e-04
979 4.389399e-03 1.785326e-04
980 4.373666e-03 1.778881e-04
981 4.357990e-03 1.772459e-04
982 4.342371e-03 1.766060e-04
983 4.326808e-03 1.759684e-04
984 4.311302e-03 1.753331e-04
985 4.295852e-03 1.747001e-04
986 4.280457e-03 1.740694e-04
987 4.265118e-03 1.734409e-04
988 4.249834e-03 1.728148e-04
989 4.234606e-03 1.721908e-04
990 4.219432e-03 1.715692e-04
991 4.204314e-03 1.709498e-04
992 4.189250e-03 1.703326e-04
993 4.174240e-03 1.697176e-04
994 4.159285e-03 1.691049e-04
995 4.144384e-03 1.684944e-04
996 4.129536e-03 1.678860e-04
997 4.114742e-03 1.672799e-04
998 4.100002e-03 1.666760e-04
999 4.085315e-03 1.660742e-04
1000 4.070681e-03 1.654746e-04
1001 4.056100e-03 1.648772e-04
1002 4.041571e-03 1.642819e-04
1003 4.027095e-03 1.636888e-04
1004 4.012672e-03 1.630978e-04
1005 3.998300e-03 1.625090e-04
1006 3.983980e-03 1.619223e-04
1007 3.969712e-03 1.613377e-04
1008 3.955496e-03 1.607552e-04
1009 3.941331e-03 1.601748e-04
1010 3.927217e-03 1.595965e-04
1011 3.913154e-03 1.590203e-04
1012 3.899142e-03 1.584461e-04
1013 3.885181e-03 1.578741e-04
1014 3.871270e-03 1.573041e-04
1015 3.857409e-03 1.567361e-04
1016 3.843598e-03 1.561703e-04
1017 3.829838e-03 1.556064e-04
1018 3.816127e-03 1.550446e-04
1019 3.802465e-03 1.544848e-04
1020 3.788853e-03 1.539270e-04
1021 3.775290e-03 1.533713e-04
1022 3.761776e-03 1.528176e-04
1023 3.748311e-03 1.522658e-04
1024 3.734895e-03 1.517161e-04
1025 3.721527e-03 1.511683e-04
1026 3.708207e-03 1.506225e-04
1027 3.694936e-03 1.500787e-04
1028 3.681712e-03 1.495368e-04
1029 3.668536e-03 1.489969e-04
1030 3.655408e-03 1.484589e-04
1031 3.642327e-03 1.479229e-04
1032 3.629294e-03 1.473888e-04
1033 3.616308e-03 1.468567e-04
1034 3.603368e-03 1.463265e-04
1035 3.590475e-03 1.457981e-04
1036 3.577629e-03 1.452717e-04
1037 3.564830e-03 1.447472e-04
1038 3.552076e-03 1.442246e-04
1039 3.539369e-03 1.437039e-04
1040 3.526708e-03 1.431850e-04
1041 3.514092e-03 1.426680e-04
1042 3.501522e-03 1.421529e-04
1043 3.488997e-03 1.416397e-04
1044 3.476518e-03 1.411282e-04
1045 3.464084e-03 1.406187e-04
1046 3.451694e-03 1.401110e-04
1047 3.439350e-03 1.396051e-04
1048 3.427050e-03 1.391010e-04
1049 3.414794e-03 1.385988e-04
1050 3.402583e-03 1.380984e-04
1051 3.390416e-03 1.375997e-04
1052 3.378293e-03 1.371029e-04
1053 3.366214e-03 1.366079e-04
1054 3.354178e-03 1.361146e-04
1055 3.342186e-03 1.356232e-04
1056 3.330237e-03 1.351335e-04
1057 3.318332e-03 1.346456e-04
1058 3.306469e-03 1.341594e-04
1059 3.294650e-03 1.336750e-04
1060 3.282873e-03 1.331923e-04
1061 3.271138e-03 1.327114e-04
1062 3.259446e-03 1.322322e-04
1063 3.247797e-03 1.317548e-04
1064 3.236189e-03 1.312791e-04
1065 3.224623e-03 1.308051e-04
1066 3.213099e-03 1.303328e-04
1067 3.201617e-03 1.298622e-04
1068 3.190177e-03 1.293933e-04
1069 3.178777e-03 1.289261e-04
1070 3.167419e-03 1.284606e-04
1071 3.156102e-03 1.279967e-04
1072 3.144826e-03 1.275346e-04
1073 3.133591e-03 1.270741e-04
1074 3.122396e-03 1.266152e-04
1075 3.111242e-03 1.261581e-04
1076 3.100128e-03 1.257025e-04
1077 3.089054e-03 1.252486e-04
1078 3.078020e-03 1.247964e-04
1079 3.067026e-03 1.243458e-04
1080 3.056072e-03 1.238968e-04
1081 3.045157e-03 1.234494e-04
1082 3.034282e-03 1.230037e-04
1083 3.023447e-03 1.225596e-04
1084 3.012650e-03 1.221170e-04
1085 3.001892e-03 1.216761e-04
1086 2.991174e-03 1.212367e-04
1087 2.980494e-03 1.207990e-04
1088 2.969853e-03 1.203628e-04
1089 2.959250e-03 1.199282e-04
1090 2.948685e-03 1.194951e-04
1091 2.938159e-03 1.190637e-04
1092 2.927671e-03 1.186337e-04
1093 2.917220e-03 1.182054e-04
1094 2.906808e-03 1.177786e-04
1095 2.896433e-03 1.173533e-04
1096 2.886096e-03 1.169295e-04
1097 2.875796e-03 1.165073e-04
1098 2.865533e-03 1.160866e-04
1099 2.855307e-03 1.156675e-04
1100 2.845119e-03 1.152498e-04
1101 2.834967e-03 1.148337e-04
1102 2.824852e-03 1.144190e-04
1103 2.814773e-03 1.140059e-04
1104 2.804731e-03 1.135942e-04
1105 2.794725e-03 1.131840e-04
1106 2.784755e-03 1.127753e-04
1107 2.774822e-03 1.123681e-04
1108 2.764924e-03 1.119624e-04
1109 2.755062e-03 1.115581e-04
1110 2.745236e-03 1.111552e-04
1111 2.735446e-03 1.107539e-04
1112 2.725690e-03 1.103540e-04
1113 2.715970e-03 1.099555e-04
1114 2.706286e-03 1.095584e-04
1115 2.696636e-03 1.091628e-04
1116 2.687021e-03 1.087686e-04
1117 2.677441e-03 1.083759e-04
1118 2.667895e-03 1.079846e-04
1119 2.658384e-03 1.075946e-04
1120 2.648908e-03 1.072061e-04
1121 2.639466e-03 1.068190e-04
1122 2.630057e-03 1.064333e-04
1123 2.620683e-03 1.060490e-04
1124 2.611343e-03 1.056660e-04
1125 2.602037e-03 1.052845e-04
1126 2.592764e-03 1.049043e-04
1127 2.583525e-03 1.045255e-04
1128 2.574319e-03 1.041480e-04
1129 2.565147e-03 1.037720e-04
1130 2.556007e-03 1.033972e-04
1131 2.546901e-03 1.030239e-04
1132 2.537828e-03 1.026519e-04
1133 2.528787e-03 1.022812e-04
1134 2.519779e-03 1.019118e-04
1135 2.510804e-03 1.015438e-04
1136 2.501862e-03 1.011772e-04
1137 2.492951e-03 1.008118e-04
1138 2.484073e-03 1.004478e-04
1139 2.475227e-03 1.000851e-04
1140 2.466413e-03 9.972366e-05
1141 2.457631e-03 9.936355e-05
1142 2.448880e-03 9.900475e-05
1143 2.440162e-03 9.864724e-05
1144 2.431475e-03 9.829102e-05
1145 2.422819e-03 9.793609e-05
1146 2.414194e-03 9.758244e-05
1147 2.405601e-03 9.723007e-05
1148 2.397039e-03 9.687896e-05
1149 2.388508e-03 9.652913e-05
1150 2.380008e-03 9.618056e-05
1151 2.371538e-03 9.583324e-05
1152 2.363099e-03 9.548718e-05
1153 2.354691e-03 9.514237e-05
1154 2.346313e-03 9.479881e-05
1155 2.337965e-03 9.445648e-05
1156 2.329648e-03 9.411539e-05
1157 2.321361e-03 9.377553e-05
1158 2.313103e-03 9.343690e-05
1159 2.304876e-03 9.309949e-05
1160 2.296678e-03 9.276330e-05
1161 2.288510e-03 9.242833e-05
1162 2.280372e-03 9.209456e-05
1163 2.272263e-03 9.176200e-05
1164 2.264183e-03 9.143063e-05
1165 2.256133e-03 9.110047e-05
1166 2.248111e-03 9.077150e-05
1167 2.240119e-03 9.044371e-05
1168 2.232156e-03 9.011711e-05
1169 2.224221e-03 8.979168e-05
1170 2.216316e-03 8.946743e-05
1171 2.208439e-03 8.914436e-05
1172 2.200590e-03 8.882244e-05
1173 2.192770e-03 8.850169e-05
1174 2.184978e-03 8.818210e-05
1175 2.177214e-03 8.786366e-05
1176 2.169478e-03 8.754638e-05
1177 2.161771e-03 8.723023e-05
1178 2.154091e-03 8.691523e-05
1179 2.146439e-03 8.660137e-05
1180 2.138815e-03 8.628864e-05
1181 2.131218e-03 8.597703e-05
1182 2.123649e-03 8.566656e-05
1183 2.116107e-03 8.535720e-05
1184 2.108593e-03 8.504896e-05
1185 2.101106e-03 8.474184e-05
1186 2.093646e-03 8.443582e-05
1187 2.086213e-03 8.413090e-05
1188 2.078806e-03 8.382709e-05
1189 2.071427e-03 8.352438e-05
1190 2.064074e-03 8.322275e-05
1191 2.056748e-03 8.292222e-05
1192 2.049449e-03 8.262277e-05
1193 2.042176e-03 8.232441e-05
1194 2.034929e-03 8.202712e-05
1195 2.027709e-03 8.173090e-05
1196 2.020514e-03 8.143575e-05
1197 2.013346e-03 8.114167e-05
1198 2.006204e-03 8.084865e-05
1199 1.999087e-03 8.055669e-05
1200 1.991996e-03 8.026578e-05
1201 1.984931e-03 7.997592e-05
1202 1.977892e-03 7.968711e-05
1203 1.970878e-03 7.939934e-05
1204 1.963889e-03 7.911261e-05
1205 1.956926e-03 7.882692e-05
1206 1.949988e-03 7.854226e-05
1207 1.943075e-03 7.825862e-05
1208 1.936187e-03 7.797601e-05
1209 1.929325e-03 7.769442e-05
1210 1.922487e-03 7.741385e-05
1211 1.915673e-03 7.713428e-05
1212 1.908885e-03 7.685573e-05
1213 1.902121e-03 7.657819e-05
1214 1.895381e-03 7.630164e-05
1215 1.888666e-03 7.602610e-05
1216 1.881975e-03 7.575155e-05
1217 1.875309e-03 7.547799e-05
1218 1.868666e-03 7.520542e-05
1219 1.862048e-03 7.493383e-05
1220 1.855454e-03 7.466322e-05
1221 1.848883e-03 7.439359e-05
1222 1.842337e-03 7.412494e-05
1223 1.835814e-03 7.385725e-05
1224 1.829315e-03 7.359053e-05
1225 1.822839e-03 7.332477e-05
1226 1.816387e-03 7.305997e-05
1227 1.809958e-03 7.279613e-05
1228 1.803552e-03 7.253324e-05
1229 1.797170e-03 7.227130e-05
1230 1.790811e-03 7.201031e-05
1231 1.784474e-03 7.175026e-05
1232 1.778161e-03 7.149115e-05
1233 1.771871e-03 7.123297e-05
1234 1.765603e-03 7.097572e-05
1235 1.759358e-03 7.071941e-05
1236 1.753136e-03 7.046402e-05
1237 1.746937e-03 7.020955e-05
1238 1.740759e-03 6.995600e-05
1239 1.734605e-03 6.970336e-05
1240 1.728472e-03 6.945164e-05
1241 1.722362e-03 6.920083e-05
1242 1.716274e-03 6.895092e-05
1243 1.710208e-03 6.870192e-05
1244 1.704164e-03 6.845381e-05
1245 1.698142e-03 6.820660e-05
1246 1.692141e-03 6.796028e-05
1247 1.686163e-03 6.771485e-05
1248 1.680206e-03 6.747031e-05
1249 1.674271e-03 6.722665e-05
1250 1.668357e-03 6.698387e-05
1251 1.662465e-03 6.674197e-05
1252 1.656594e-03 6.650094e-05
1253 1.650744e-03 6.626078e-05
1254 1.644916e-03 6.602149e-05
1255 1.639108e-03 6.578306e-05
1256 1.633322e-03 6.554549e-05
1257 1.627557e-03 6.530878e-05
1258 1.621812e-03 6.507293e-05
1259 1.616089e-03 6.483792e-05
1260 1.610386e-03 6.460377e-05
1261 1.604704e-03 6.437046e-05
1262 1.599043e-03 6.413799e-05
1263 1.593402e-03 6.390636e-05
1264 1.587781e-03 6.367557e-05
1265 1.582181e-03 6.344561e-05
1266 1.576601e-03 6.321649e-05
1267 1.571042e-03 6.298819e-05
1268 1.565502e-03 6.276071e-05
1269 1.559983e-03 6.253406e-05
1270 1.554484e-03 6.230822e-05
1271 1.549005e-03 6.208320e-05
1272 1.543545e-03 6.185899e-05
1273 1.538106e-03 6.163559e-05
1274 1.532686e-03 6.141300e-05
1275 1.527286e-03 6.119121e-05
1276 1.521905e-03 6.097022e-05
1277 1.516544e-03 6.075003e-05
1278 1.511202e-03 6.053064e-05
1279 1.505880e-03 6.031204e-05
1280 1.500577e-03 6.009422e-05
1281 1.495294e-03 5.987720e-05
1282 1.490029e-03 5.966095e-05
1283 1.484784e-03 5.944549e-05
1284 1.479557e-03 5.923081e-05
1285 1.474350e-03 5.901690e-05
1286 1.469162e-03 5.880376e-05
1287 1.463992e-03 5.859140e-05
1288 1.458841e-03 5.837980e-05
1289 1.453709e-03 5.816896e-05
1290 1.448595e-03 5.795888e-05
1291 1.443500e-03 5.774957e-05
1292 1.438424e-03 5.754101e-05
1293 1.433366e-03 5.733320e-05
1294 1.428326e-03 5.712614e-05
1295 1.423305e-03 5.691983e-05
1296 1.418302e-03 5.671427e-05
1297 1.413317e-03 5.650945e-05
1298 1.408350e-03 5.630537e-05
1299 1.403401e-03 5.610202e-05
1300 1.398470e-03 5.589941e-05
1301 1.393557e-03 5.569753e-05
1302 1.388662e-03 5.549638e-05
1303 1.383785e-03 5.529595e-05
1304 1.378925e-03 5.509625e-05
1305 1.374083e-03 5.489727e-05
1306 1.369259e-03 5.469901e-05
1307 1.364452e-03 5.450147e-05
1308 1.359663e-03 5.430463e-05
1309 1.354891e-03 5.410851e-05
1310 1.350136e-03 5.391310e-05
1311 1.345399e-03 5.371839e-05
1312 1.340679e-03 5.352439e-05
1313 1.335976e-03 5.333108e-05
1314 1.331290e-03 5.313848e-05
1315 1.326621e-03 5.294657e-05
1316 1.321969e-03 5.275535e-05
1317 1.317334e-03 5.256482e-05
1318 1.312716e-03 5.237499e-05
1319 1.308115e-03 5.218583e-05
1320 1.303530e-03 5.199736e-05
1321 1.298962e-03 5.180957e-05
1322 1.294411e-03 5.162246e-05
1323 1.289876e-03 5.143602e-05
1324 1.285358e-03 5.125026e-05
1325 1.280856e-03 5.106517e-05
1326 1.276370e-03 5.088075e-05
1327 1.271901e-03 5.069699e-05
1328 1.267448e-03 5.051389e-05
1329 1.263011e-03 5.033146e-05
1330 1.258591e-03 5.014969e-05
1331 1.254186e-03 4.996857e-05
1332 1.249798e-03 4.978810e-05
1333 1.245425e-03 4.960829e-05
1334 1.241069e-03 4.942913e-05
1335 1.236728e-03 4.925061e-05
1336 1.232403e-03 4.907274e-05
1337 1.228093e-03 4.889551e-05
1338 1.223800e-03 4.871892e-05
1339 1.219522e-03 4.854297e-05
1340 1.215259e-03 4.836766e-05
1341 1.211013e-03 4.819297e-05
1342 1.206781e-03 4.801892e-05
1343 1.202565e-03 4.784550e-05
1344 1.198364e-03 4.767270e-05
1345 1.194179e-03 4.750053e-05
1346 1.190009e-03 4.732898e-05
1347 1.185854e-03 4.715804e-05
1348 1.181714e-03 4.698773e-05
1349 1.177589e-03 4.681803e-05
1350 1.173479e-03 4.664894e-05
1351 1.169384e-03 4.648047e-05
1352 1.165305e-03 4.631260e-05
1353 1.161239e-03 4.614534e-05
1354 1.157189e-03 4.597868e-05
1355 1.153154e-03 4.581262e-05
1356 1.149133e-03 4.564716e-05
1357 1.145127e-03 4.548231e-05
1358 1.141135e-03 4.531804e-05
1359 1.137158e-03 4.515437e-05
1360 1.133195e-03 4.499129e-05
1361 1.129247e-03 4.482880e-05
1362 1.125314e-03 4.466690e-05
1363 1.121394e-03 4.450558e-05
1364 1.117489e-03 4.434484e-05
1365 1.113598e-03 4.418469e-05
1366 1.109721e-03 4.402511e-05
1367 1.105859e-03 4.386611e-05
1368 1.102010e-03 4.370768e-05
1369 1.098176e-03 4.354982e-05
1370 1.094355e-03 4.339254e-05
1371 1.090549e-03 4.323582e-05
1372 1.086756e-03 4.307967e-05
1373 1.082977e-03 4.292408e-05
1374 1.079212e-03 4.276906e-05
1375 1.075461e-03 4.261459e-05
1376 1.071723e-03 4.246068e-05
1377 1.067999e-03 4.230733e-05
1378 1.064288e-03 4.215453e-05
1379 1.060592e-03 4.200228e-05
1380 1.056908e-03 4.185059e-05
1381 1.053238e-03 4.169944e-05
1382 1.049581e-03 4.154884e-05
1383 1.045938e-03 4.139878e-05
1384 1.042308e-03 4.124926e-05
1385 1.038691e-03 4.110028e-05
1386 1.035088e-03 4.095184e-05
1387 1.031497e-03 4.080394e-05
1388 1.027920e-03 4.065657e-05
1389 1.024356e-03 4.050973e-05
1390 1.020804e-03 4.036342e-05
1391 1.017266e-03 4.021765e-05
1392 1.013741e-03 4.007239e-05
1393 1.010228e-03 3.992767e-05
1394 1.006729e-03 3.978346e-05
1395 1.003242e-03 3.963978e-05
1396 9.997675e-04 3.949661e-05
1397 9.963060e-04 3.935396e-05
1398 9.928571e-04 3.921183e-05
1399 9.894209e-04 3.907021e-05
1400 9.859972e-04 3.892910e-05
1401 9.825860e-04 3.878850e-05
1402 9.791873e-04 3.864841e-05
1403 9.758009e-04 3.850883e-05
1404 9.724270e-04 3.836974e-05
1405 9.690654e-04 3.823116e-05
1406 9.657160e-04 3.809309e-05
1407 9.623790e-04 3.795551e-05
1408 9.590541e-04 3.781842e-05
1409 9.557413e-04 3.768184e-05
1410 9.524407e-04 3.754574e-05
1411 9.491521e-04 3.741014e-05
1412 9.458756e-04 3.727502e-05
1413 9.426110e-04 3.714040e-05
1414 9.393584e-04 3.700626e-05
1415 9.361176e-04 3.687260e-05
1416 9.328888e-04 3.673943e-05
1417 9.296717e-04 3.660674e-05
1418 9.264664e-04 3.647453e-05
1419 9.232728e-04 3.634279e-05
1420 9.200909e-04 3.621153e-05
1421 9.169207e-04 3.608075e-05
1422 9.137620e-04 3.595044e-05
1423 9.106149e-04 3.582059e-05
1424 9.074794e-04 3.569122e-05
1425 9.043553e-04 3.556231e-05
1426 9.012426e-04 3.543387e-05
1427 8.981413e-04 3.530590e-05
1428 8.950514e-04 3.517838e-05
1429 8.919728e-04 3.505133e-05
1430 8.889055e-04 3.492473e-05
1431 8.858494e-04 3.479859e-05
1432 8.828045e-04 3.467291e-05
1433 8.797708e-04 3.454768e-05
1434 8.767481e-04 3.442291e-05
1435 8.737366e-04 3.429858e-05
1436 8.707360e-04 3.417470e-05
1437 8.677465e-04 3.405127e-05
1438 8.647679e-04 3.392829e-05
1439 8.618003e-04 3.380575e-05
1440 8.588435e-04 3.368365e-05
1441 8.558975e-04 3.356200e-05
1442 8.529624e-04 3.344078e-05
1443 8.500380e-04 3.332000e-05
1444 8.471244e-04 3.319966e-05
1445 8.442214e-04 3.307975e-05
1446 8.413291e-04 3.296028e-05
1447 8.384473e-04 3.284123e-05
1448 8.355762e-04 3.272262e-05
1449 8.327156e-04 3.260443e-05
1450 8.298655e-04 3.248667e-05
1451 8.270258e-04 3.236934e-05
1452 8.241966e-04 3.225243e-05
1453 8.213777e-04 3.213594e-05
1454 8.185692e-04 3.201988e-05
1455 8.157710e-04 3.190423e-05
1456 8.129831e-04 3.178900e-05
1457 8.102054e-04 3.167419e-05
1458 8.074379e-04 3.155979e-05
1459 8.046806e-04 3.144580e-05
1460 8.019334e-04 3.133223e-05
1461 7.991963e-04 3.121906e-05
1462 7.964692e-04 3.110631e-05
1463 7.937522e-04 3.099396e-05
1464 7.910452e-04 3.088202e-05
1465 7.883481e-04 3.077048e-05
1466 7.856609e-04 3.065934e-05
1467 7.829836e-04 3.054861e-05
1468 7.803161e-04 3.043827e-05
1469 7.776585e-04 3.032834e-05
1470 7.750106e-04 3.021880e-05
1471 7.723725e-04 3.010966e-05
1472 7.697440e-04 3.000091e-05
1473 7.671253e-04 2.989255e-05
1474 7.645161e-04 2.978459e-05
1475 7.619166e-04 2.967701e-05
1476 7.593266e-04 2.956982e-05
1477 7.567462e-04 2.946302e-05
1478 7.541753e-04 2.935661e-05
1479 7.516138e-04 2.925058e-05
1480 7.490617e-04 2.914493e-05
1481 7.465191e-04 2.903967e-05
1482 7.439858e-04 2.893478e-05
1483 7.414619e-04 2.883028e-05
1484 7.389472e-04 2.872615e-05
1485 7.364418e-04 2.862240e-05
1486 7.339457e-04 2.851902e-05
1487 7.314587e-04 2.841602e-05
1488 7.289809e-04 2.831338e-05
1489 7.265123e-04 2.821112e-05
1490 7.240527e-04 2.810923e-05
1491 7.216023e-04 2.800770e-05
1492 7.191608e-04 2.790655e-05
1493 7.167284e-04 2.780575e-05
1494 7.143049e-04 2.770532e-05
1495 7.118904e-04 2.760526e-05
1496 7.094847e-04 2.750555e-05
1497 7.070880e-04 2.740621e-05
1498 7.047001e-04 2.730722e-05
1499 7.023210e-04 2.720860e-05
1500 6.999507e-04 2.711032e-05
1501 6.975892e-04 2.701241e-05
1502 6.952363e-04 2.691484e-05
1503 6.928922e-04 2.681763e-05
1504 6.905567e-04 2.672077e-05
1505 6.882299e-04 2.662426e-05
1506 6.859116e-04 2.652810e-05
1507 6.836019e-04 2.643229e-05
1508 6.813008e-04 2.633682e-05
1509 6.790081e-04 2.624170e-05
1510 6.767240e-04 2.614692e-05
1511 6.744483e-04 2.605248e-05
1512 6.721810e-04 2.595838e-05
1513 6.699220e-04 2.586462e-05
1514 6.676715e-04 2.577121e-05
1515 6.654293e-04 2.567813e-05
1516 6.631953e-04 2.558538e-05
1517 6.609697e-04 2.549297e-05
1518 6.587522e-04 2.540089e-05
1519 6.565430e-04 2.530915e-05
1520 6.543420e-04 2.521774e-05
1521 6.521491e-04 2.512666e-05
1522 6.499643e-04 2.503590e-05
1523 6.477877e-04 2.494548e-05
1524 6.456191e-04 2.485538e-05
1525 6.434585e-04 2.476561e-05
1526 6.413060e-04 2.467616e-05
1527 6.391614e-04 2.458703e-05
1528 6.370248e-04 2.449823e-05
1529 6.348961e-04 2.440975e-05
1530 6.327753e-04 2.432158e-05
1531 6.306623e-04 2.423374e-05
1532 6.285572e-04 2.414621e-05
1533 6.264600e-04 2.405900e-05
1534 6.243705e-04 2.397210e-05
1535 6.222887e-04 2.388552e-05
1536 6.202147e-04 2.379924e-05
1537 6.181484e-04 2.371329e-05
1538 6.160898e-04 2.362764e-05
1539 6.140388e-04 2.354230e-05
1540 6.119954e-04 2.345727e-05
1541 6.099597e-04 2.337254e-05
1542 6.079315e-04 2.328813e-05
1543 6.059108e-04 2.320401e-05
1544 6.038977e-04 2.312020e-05
1545 6.018920e-04 2.303670e-05
1546 5.998938e-04 2.295349e-05
1547 5.979031e-04 2.287059e-05
1548 5.959197e-04 2.278798e-05
1549 5.939437e-04 2.270568e-05
1550 5.919751e-04 2.262367e-05
1551 5.900138e-04 2.254195e-05
1552 5.880598e-04 2.246053e-05
1553 5.861131e-04 2.237941e-05
1554 5.841737e-04 2.229858e-05
1555 5.822415e-04 2.221804e-05
1556 5.803164e-04 2.213779e-05
1557 5.783986e-04 2.205783e-05
1558 5.764879e-04 2.197816e-05
1559 5.745843e-04 2.189878e-05
1560 5.726879e-04 2.181969e-05
1561 5.707985e-04 2.174088e-05
1562 5.689161e-04 2.166235e-05
1563 5.670408e-04 2.158411e-05
1564 5.651725e-04 2.150615e-05
1565 5.633112e-04 2.142847e-05
1566 5.614568e-04 2.135108e-05
1567 5.596093e-04 2.127396e-05
1568 5.577688e-04 2.119712e-05
1569 5.559351e-04 2.112056e-05
1570 5.541083e-04 2.104428e-05
1571 5.522883e-04 2.096827e-05
1572 5.504751e-04 2.089253e-05
1573 5.486687e-04 2.081707e-05
1574 5.468690e-04 2.074188e-05
1575 5.450761e-04 2.066697e-05
1576 5.432899e-04 2.059232e-05
1577 5.415104e-04 2.051794e-05
1578 5.397376e-04 2.044384e-05
1579 5.379713e-04 2.036999e-05
1580 5.362118e-04 2.029642e-05
1581 5.344588e-04 2.022311e-05
1582 5.327123e-04 2.015007e-05
1583 5.309724e-04 2.007729e-05
1584 5.292391e-04 2.000477e-05
1585 5.275122e-04 1.993252e-05
1586 5.257918e-04 1.986052e-05
1587 5.240779e-04 1.978879e-05
1588 5.223704e-04 1.971732e-05
1589 5.206694e-04 1.964610e-05
1590 5.189747e-04 1.957514e-05
1591 5.172863e-04 1.950444e-05
1592 5.156043e-04 1.943399e-05
1593 5.139287e-04 1.936380e-05
1594 5.122593e-04 1.929386e-05
1595 5.105962e-04 1.922417e-05
1596 5.089394e-04 1.915473e-05
1597 5.072888e-04 1.908555e-05
1598 5.056444e-04 1.901661e-05
1599 5.040062e-04 1.894793e-05
1600 5.023742e-04 1.887949e-05
1601 5.007483e-04 1.881130e-05
1602 4.991285e-04 1.874335e-05
1603 4.975148e-04 1.867566e-05
1604 4.959072e-04 1.860820e-05
1605 4.943057e-04 1.854099e-05
1606 4.927102e-04 1.847402e-05
1607 4.911208e-04 1.840730e-05
1608 4.895373e-04 1.834081e-05
1609 4.879598e-04 1.827457e-05
1610 4.863882e-04 1.820856e-05
1611 4.848226e-04 1.814279e-05
1612 4.832629e-04 1.807726e-05
1613 4.817091e-04 1.801197e-05
1614 4.801612e-04 1.794691e-05
1615 4.786191e-04 1.788209e-05
1616 4.770828e-04 1.781750e-05
1617 4.755524e-04 1.775315e-05
1618 4.740277e-04 1.768902e-05
1619 4.725088e-04 1.762513e-05
1620 4.709957e-04 1.756147e-05
1621 4.694883e-04 1.749804e-05
1622 4.679866e-04 1.743484e-05
1623 4.664905e-04 1.737187e-05
1624 4.650002e-04 1.730912e-05
1625 4.635155e-04 1.724660e-05
1626 4.620364e-04 1.718431e-05
1627 4.605629e-04 1.712224e-05
1628 4.590951e-04 1.706040e-05
1629 4.576328e-04 1.699878e-05
1630 4.561760e-04 1.693738e-05
1631 4.547248e-04 1.687620e-05
1632 4.532791e-04 1.681525e-05
1633 4.518389e-04 1.675451e-05
1634 4.504041e-04 1.669400e-05
1635 4.489748e-04 1.663370e-05
1636 4.475510e-04 1.657362e-05
1637 4.461325e-04 1.651376e-05
1638 4.447195e-04 1.645411e-05
1639 4.433118e-04 1.639468e-05
1640 4.419095e-04 1.633546e-05
1641 4.405125e-04 1.627646e-05
1642 4.391209e-04 1.621767e-05
1643 4.377345e-04 1.615910e-05
1644 4.363535e-04 1.610073e-05
1645 4.349777e-04 1.604258e-05
1646 4.336071e-04 1.598463e-05
1647 4.322418e-04 1.592690e-05
1648 4.308817e-04 1.586937e-05
1649 4.295268e-04 1.581205e-05
1650 4.281771e-04 1.575494e-05
1651 4.268325e-04 1.569803e-05
1652 4.254931e-04 1.564133e-05
1653 4.241588e-04 1.558484e-05
1654 4.228295e-04 1.552855e-05
1655 4.215054e-04 1.547246e-05
1656 4.201863e-04 1.541657e-05
1657 4.188723e-04 1.536089e-05
1658 4.175633e-04 1.530541e-05
1659 4.162594e-04 1.525012e-05
1660 4.149604e-04 1.519504e-05
1661 4.136664e-04 1.514016e-05
1662 4.123774e-04 1.508547e-05
1663 4.110933e-04 1.503099e-05
1664 4.098142e-04 1.497669e-05
1665 4.085399e-04 1.492260e-05
1666 4.072706e-04 1.486870e-05
1667 4.060061e-04 1.481500e-05
1668 4.047465e-04 1.476148e-05
1669 4.034917e-04 1.470817e-05
1670 4.022418e-04 1.465504e-05
1671 4.009966e-04 1.460211e-05
1672 3.997563e-04 1.454937e-05
1673 3.985207e-04 1.449682e-05
1674 3.972899e-04 1.444445e-05
1675 3.960638e-04 1.439228e-05
1676 3.948425e-04 1.434030e-05
1677 3.936258e-04 1.428850e-05
1678 3.924139e-04 1.423689e-05
1679 3.912066e-04 1.418547e-05
1680 3.900040e-04 1.413423e-05
1681 3.888061e-04 1.408318e-05
1682 3.876127e-04 1.403231e-05
1683 3.864240e-04 1.398163e-05
1684 3.852399e-04 1.393113e-05
1685 3.840603e-04 1.388081e-05
1686 3.828853e-04 1.383067e-05
1687 3.817149e-04 1.378072e-05
1688 3.805490e-04 1.373094e-05
1689 3.793876e-04 1.368135e-05
1690 3.782307e-04 1.363193e-05
1691 3.770783e-04 1.358269e-05
1692 3.759304e-04 1.353363e-05
1693 3.747869e-04 1.348475e-05
1694 3.736479e-04 1.343604e-05
1695 3.725132e-04 1.338751e-05
1696 3.713830e-04 1.333916e-05
1697 3.702572e-04 1.329098e-05
1698 3.691358e-04 1.324297e-05
1699 3.680187e-04 1.319514e-05
1700 3.669059e-04 1.314748e-05
1701 3.657975e-04 1.309999e-05
1702 3.646934e-04 1.305267e-05
1703 3.635936e-04 1.300553e-05
1704 3.624981e-04 1.295855e-05
1705 3.614069e-04 1.291175e-05
1706 3.603199e-04 1.286511e-05
1707 3.592372e-04 1.281864e-05
1708 3.581587e-04 1.277234e-05
1709 3.570844e-04 1.272621e-05
1710 3.560143e-04 1.268024e-05
1711 3.549484e-04 1.263444e-05
1712 3.538866e-04 1.258881e-05
1713 3.528290e-04 1.254333e-05
1714 3.517755e-04 1.249803e-05
1715 3.507262e-04 1.245289e-05
1716 3.496810e-04 1.240791e-05
1717 3.486399e-04 1.236309e-05
1718 3.476028e-04 1.231844e-05
1719 3.465698e-04 1.227394e-05
1720 3.455409e-04 1.222961e-05
1721 3.445160e-04 1.218544e-05
1722 3.434952e-04 1.214142e-05
1723 3.424783e-04 1.209757e-05
1724 3.414655e-04 1.205387e-05
1725 3.404566e-04 1.201033e-05
1726 3.394517e-04 1.196695e-05
1727 3.384508e-04 1.192373e-05
1728 3.374538e-04 1.188066e-05
1729 3.364607e-04 1.183775e-05
1730 3.354715e-04 1.179499e-05
1731 3.344863e-04 1.175239e-05
1732 3.335049e-04 1.170994e-05
1733 3.325274e-04 1.166764e-05
1734 3.315538e-04 1.162550e-05
1735 3.305840e-04 1.158351e-05
1736 3.296181e-04 1.154167e-05
1737 3.286559e-04 1.149998e-05
1738 3.276976e-04 1.145844e-05
1739 3.267431e-04 1.141705e-05
1740 3.257923e-04 1.137582e-05
1741 3.248453e-04 1.133473e-05
1742 3.239021e-04 1.129379e-05
1743 3.229626e-04 1.125299e-05
1744 3.220269e-04 1.121235e-05
1745 3.210948e-04 1.117185e-05
1746 3.201665e-04 1.113150e-05
1747 3.192418e-04 1.109129e-05
1748 3.183209e-04 1.105123e-05
1749 3.174036e-04 1.101131e-05
1750 3.164899e-04 1.097154e-05
1751 3.155799e-04 1.093191e-05
1752 3.146735e-04 1.089242e-05
1753 3.137707e-04 1.085308e-05
1754 3.128715e-04 1.081388e-05
1755 3.119759e-04 1.077482e-05
1756 3.110839e-04 1.073590e-05
1757 3.101954e-04 1.069712e-05
1758 3.093105e-04 1.065849e-05
1759 3.084292e-04 1.061999e-05
1760 3.075513e-04 1.058163e-05
1761 3.066770e-04 1.054341e-05
1762 3.058062e-04 1.050533e-05
1763 3.049388e-04 1.046738e-05
1764 3.040750e-04 1.042957e-05
1765 3.032146e-04 1.039190e-05
1766 3.023577e-04 1.035437e-05
1767 3.015042e-04 1.031697e-05
1768 3.006541e-04 1.027970e-05
1769 2.998074e-04 1.024257e-05
1770 2.989642e-04 1.020558e-05
1771 2.981243e-04 1.016871e-05
1772 2.972878e-04 1.013198e-05
1773 2.964547e-04 1.009539e-05
1774 2.956250e-04 1.005892e-05
1775 2.947986e-04 1.002259e-05
1776 2.939755e-04 9.986388e-06
1777 2.931558e-04 9.950318e-06
1778 2.923393e-04 9.914377e-06
1779 2.915262e-04 9.878567e-06
1780 2.907164e-04 9.842885e-06
1781 2.899098e-04 9.807333e-06
1782 2.891065e-04 9.771909e-06
1783 2.883064e-04 9.736613e-06
1784 2.875096e-04 9.701444e-06
1785 2.867160e-04 9.666403e-06
1786 2.859257e-04 9.631488e-06
1787 2.851385e-04 9.596699e-06
1788 2.843546e-04 9.562036e-06
1789 2.835738e-04 9.527498e-06
1790 2.827962e-04 9.493084e-06
1791 2.820218e-04 9.458795e-06
1792 2.812505e-04 9.424630e-06
1793 2.804824e-04 9.390589e-06
1794 2.797174e-04 9.356670e-06
1795 2.789555e-04 9.322873e-06
1796 2.781967e-04 9.289199e-06
1797 2.774410e-04 9.255647e-06
1798 2.766884e-04 9.222215e-06
1799 2.759389e-04 9.188905e-06
1800 2.751925e-04 9.155714e-06
1801 2.744491e-04 9.122644e-06
1802 2.737087e-04 9.089693e-06
1803 2.729714e-04 9.056861e-06
1804 2.722371e-04 9.024148e-06
1805 2.715058e-04 8.991552e-06
1806 2.707776e-04 8.959075e-06
1807 2.700523e-04 8.926715e-06
1808 2.693299e-04 8.894471e-06
1809 2.686106e-04 8.862345e-06
1810 2.678942e-04 8.830334e-06
1811 2.671808e-04 8.798439e-06
1812 2.664703e-04 8.766659e-06
1813 2.657627e-04 8.734993e-06
1814 2.650581e-04 8.703443e-06
1815 2.643563e-04 8.672006e-06
1816 2.636575e-04 8.640682e-06
1817 2.629615e-04 8.609472e-06
1818 2.622685e-04 8.578375e-06
1819 2.615782e-04 8.547390e-06
1820 2.608909e-04 8.516516e-06
1821 2.602064e-04 8.485755e-06
1822 2.595247e-04 8.455104e-06
1823 2.588459e-04 8.424564e-06
1824 2.581698e-04 8.394135e-06
1825 2.574966e-04 8.363815e-06
1826 2.568262e-04 8.333605e-06
1827 2.561585e-04 8.303504e-06
1828 2.554937e-04 8.273511e-06
1829 2.548316e-04 8.243627e-06
1830 2.541722e-04 8.213851e-06
1831 2.535156e-04 8.184183e-06
1832 2.528618e-04 8.154621e-06
1833 2.522107e-04 8.125167e-06
1834 2.515623e-04 8.095819e-06
1835 2.509166e-04 8.066576e-06
1836 2.502736e-04 8.037440e-06
1837 2.496333e-04 8.008409e-06
1838 2.489956e-04 7.979482e-06
1839 2.483607e-04 7.950660e-06
1840 2.477284e-04 7.921942e-06
1841 2.470987e-04 7.893328e-06
1842 2.464717e-04 7.864817e-06
1843 2.458474e-04 7.836409e-06
1844 2.452256e-04 7.808104e-06
1845 2.446065e-04 7.779901e-06
1846 2.439899e-04 7.751800e-06
1847 2.433760e-04 7.723800e-06
1848 2.427647e-04 7.695902e-06
1849 2.421559e-04 7.668104e-06
1850 2.415497e-04 7.640407e-06
1851 2.409461e-04 7.612810e-06
1852 2.403450e-04 7.585312e-06
1853 2.397464e-04 7.557914e-06
1854 2.391504e-04 7.530614e-06
1855 2.385569e-04 7.503414e-06
1856 2.379659e-04 7.476311e-06
1857 2.373774e-04 7.449307e-06
1858 2.367914e-04 7.422400e-06
1859 2.362079e-04 7.395590e-06
1860 2.356269e-04 7.368877e-06
1861 2.350484e-04 7.342260e-06
1862 2.344723e-04 7.315740e-06
1863 2.338986e-04 7.289315e-06
1864 2.333274e-04 7.262986e-06
1865 2.327586e-04 7.236752e-06
1866 2.321923e-04 7.210613e-06
1867 2.316284e-04 7.184568e-06
1868 2.310668e-04 7.158617e-06
1869 2.305077e-04 7.132760e-06
1870 2.299510e-04 7.106996e-06
1871 2.293966e-04 7.081326e-06
1872 2.288447e-04 7.055748e-06
1873 2.282950e-04 7.030262e-06
1874 2.277478e-04 7.004869e-06
1875 2.272029e-04 6.979567e-06
1876 2.266603e-04 6.954357e-06
1877 2.261200e-04 6.929237e-06
1878 2.255821e-04 6.904209e-06
1879 2.250465e-04 6.879271e-06
1880 2.245132e-04 6.854423e-06
1881 2.239822e-04 6.829664e-06
1882 2.234535e-04 6.804995e-06
1883 2.229270e-04 6.780415e-06
1884 2.224028e-04 6.755924e-06
1885 2.218809e-04 6.731522e-06
1886 2.213613e-04 6.707207e-06
1887 2.208439e-04 6.682981e-06
1888 2.203287e-04 6.658842e-06
1889 2.198158e-04 6.634790e-06
1890 2.193050e-04 6.610825e-06
1891 2.187965e-04 6.586946e-06
1892 2.182902e-04 6.563154e-06
1893 2.177861e-04 6.539448e-06
1894 2.172842e-04 6.515827e-06
1895 2.167845e-04 6.492292e-06
1896 2.162869e-04 6.468841e-06
1897 2.157916e-04 6.445476e-06
1898 2.152983e-04 6.422194e-06
1899 2.148072e-04 6.398997e-06
1900 2.143183e-04 6.375884e-06
1901 2.138315e-04 6.352854e-06
1902 2.133468e-04 6.329907e-06
1903 2.128643e-04 6.307044e-06
1904 2.123838e-04 6.284262e-06
1905 2.119054e-04 6.261563e-06
1906 2.114292e-04 6.238946e-06
1907 2.109550e-04 6.216411e-06
1908 2.104829e-04 6.193957e-06
1909 2.100129e-04 6.171584e-06
1910 2.095450e-04 6.149292e-06
1911 2.090791e-04 6.127081e-06
1912 2.086152e-04 6.104950e-06
1913 2.081534e-04 6.082898e-06
1914 2.076937e-04 6.060927e-06
1915 2.072359e-04 6.039035e-06
1916 2.067802e-04 6.017221e-06
1917 2.063265e-04 5.995487e-06
1918 2.058748e-04 5.973831e-06
1919 2.054250e-04 5.952253e-06
1920 2.049773e-04 5.930754e-06
1921 2.045316e-04 5.909332e-06
1922 2.040878e-04 5.887987e-06
1923 2.036460e-04 5.866719e-06
1924 2.032061e-04 5.845528e-06
1925 2.027682e-04 5.824414e-06
1926 2.023323e-04 5.803376e-06
1927 2.018983e-04 5.782414e-06
1928 2.014662e-04 5.761528e-06
1929 2.010360e-04 5.740717e-06
1930 2.006078e-04 5.719981e-06
1931 2.001814e-04 5.699321e-06
1932 1.997570e-04 5.678734e-06
1933 1.993344e-04 5.658223e-06
1934 1.989138e-04 5.637785e-06
1935 1.984950e-04 5.617421e-06
1936 1.980781e-04 5.597131e-06
1937 1.976630e-04 5.576914e-06
1938 1.972499e-04 5.556769e-06
1939 1.968385e-04 5.536698e-06
1940 1.964290e-04 5.516699e-06
1941 1.960214e-04 5.496773e-06
1942 1.956156e-04 5.476918e-06
1943 1.952116e-04 5.457135e-06
1944 1.948094e-04 5.437424e-06
1945 1.944090e-04 5.417784e-06
1946 1.940104e-04 5.398215e-06
1947 1.936136e-04 5.378716e-06
1948 1.932186e-04 5.359288e-06
1949 1.928254e-04 5.339930e-06
1950 1.924340e-04 5.320642e-06
1951 1.920443e-04 5.301423e-06
1952 1.916564e-04 5.282275e-06
1953 1.912703e-04 5.263195e-06
1954 1.908859e-04 5.244184e-06
1955 1.905032e-04 5.225242e-06
1956 1.901223e-04 5.206368e-06
1957 1.897431e-04 5.187562e-06
1958 1.893656e-04 5.168824e-06
1959 1.889898e-04 5.150154e-06
1960 1.886158e-04 5.131552e-06
1961 1.882434e-04 5.113016e-06
1962 1.878727e-04 5.094548e-06
1963 1.875038e-04 5.076146e-06
1964 1.871365e-04 5.057811e-06
1965 1.867708e-04 5.039542e-06
1966 1.864069e-04 5.021339e-06
1967 1.860446e-04 5.003202e-06
1968 1.856840e-04 4.985130e-06
1969 1.853250e-04 4.967123e-06
1970 1.849676e-04 4.949182e-06
1971 1.846119e-04 4.931305e-06
1972 1.842578e-04 4.913493e-06
1973 1.839054e-04 4.895745e-06
1974 1.835545e-04 4.878062e-06
1975 1.832053e-04 4.860442e-06
1976 1.828577e-04 4.842886e-06
1977 1.825116e-04 4.825393e-06
1978 1.821672e-04 4.807963e-06
1979 1.818243e-04 4.790597e-06
1980 1.814831e-04 4.773293e-06
1981 1.811434e-04 4.756052e-06
1982 1.808052e-04 4.738872e-06
1983 1.804686e-04 4.721755e-06
1984 1.801336e-04 4.704700e-06
1985 1.798001e-04 4.687707e-06
1986 1.794682e-04 4.670774e-06
1987 1.791378e-04 4.653903e-06
1988 1.788089e-04 4.637093e-06
1989 1.784816e-04 4.620344e-06
1990 1.781557e-04 4.603655e-06
1991 1.778314e-04 4.587026e-06
1992 1.775086e-04 4.570458e-06
1993 1.771873e-04 4.553949e-06
1994 1.768675e-04 4.537500e-06
1995 1.765491e-04 4.521110e-06
1996 1.762323e-04 4.504780e-06
1997 1.759169e-04 4.488508e-06
1998 1.756030e-04 4.472295e-06
1999 1.752905e-04 4.456141e-06
2000 1.749795e-04 4.440045e-06
2001 1.746700e-04 4.424008e-06
2002 1.743619e-04 4.408028e-06
2003 1.740552e-04 4.392106e-06
2004 1.737500e-04 4.376241e-06
2005 1.734462e-04 4.360434e-06
2006 1.731438e-04 4.344684e-06
2007 1.728429e-04 4.328991e-06
2008 1.725433e-04 4.313354e-06
2009 1.722452e-04 4.297774e-06
2010 1.719484e-04 4.282250e-06
2011 1.716531e-04 4.266783e-06
2012 1.713591e-04 4.251371e-06
2013 1.710665e-04 4.236015e-06
2014 1.707753e-04 4.220714e-06
2015 1.704855e-04 4.205469e-06
2016 1.701970e-04 4.190278e-06
2017 1.699099e-04 4.175143e-06
2018 1.696242e-04 4.160062e-06
2019 1.693397e-04 4.145035e-06
2020 1.690567e-04 4.130063e-06
2021 1.687750e-04 4.115145e-06
2022 1.684946e-04 4.100281e-06
2023 1.682155e-04 4.085471e-06
2024 1.679377e-04 4.070714e-06
2025 1.676613e-04 4.056010e-06
2026 1.673862e-04 4.041360e-06
2027 1.671123e-04 4.026762e-06
2028 1.668398e-04 4.012217e-06
2029 1.665686e-04 3.997725e-06
2030 1.662986e-04 3.983285e-06
2031 1.660300e-04 3.968897e-06
2032 1.657626e-04 3.954561e-06
2033 1.654965e-04 3.940277e-06
2034 1.652316e-04 3.926044e-06
2035 1.649681e-04 3.911863e-06
2036 1.647057e-04 3.897733e-06
2037 1.644446e-04 3.883655e-06
2038 1.641848e-04 3.869627e-06
2039 1.639262e-04 3.855649e-06
2040 1.636689e-04 3.841722e-06
2041 1.634127e-04 3.827846e-06
2042 1.631578e-04 3.814019e-06
2043 1.629041e-04 3.800243e-06
2044 1.626517e-04 3.786516e-06
2045 1.624004e-04 3.772839e-06
2046 1.621503e-04 3.759211e-06
2047 1.619015e-04 3.745633e-06
2048 1.616538e-04 3.732104e-06
2049 1.614073e-04 3.718623e-06
2050 1.611620e-04 3.705191e-06
2051 1.609179e-04 3.691808e-06
2052 1.606750e-04 3.678473e-06
2053 1.604332e-04 3.665186e-06
2054 1.601926e-04 3.651947e-06
2055 1.599531e-04 3.638756e-06
2056 1.597148e-04 3.625612e-06
2057 1.594777e-04 3.612516e-06
2058 1.592417e-04 3.599468e-06
2059 1.590068e-04 3.586466e-06
2060 1.587730e-04 3.573512e-06
2061 1.585404e-04 3.560604e-06
2062 1.583090e-04 3.547743e-06
2063 1.580786e-04 3.534928e-06
2064 1.578493e-04 3.522160e-06
2065 1.576212e-04 3.509438e-06
2066 1.573941e-04 3.496761e-06
2067 1.571682e-04 3.484131e-06
2068 1.569434e-04 3.471546e-06
2069 1.567196e-04 3.459006e-06
2070 1.564969e-04 3.446512e-06
2071 1.562753e-04 3.434063e-06
2072 1.560548e-04 3.421659e-06
2073 1.558354e-04 3.409300e-06
2074 1.556170e-04 3.396985e-06
2075 1.553997e-04 3.384715e-06
2076 1.551834e-04 3.372489e-06
2077 1.549682e-04 3.360308e-06
2078 1.547541e-04 3.348170e-06
2079 1.545409e-04 3.336076e-06
2080 1.543289e-04 3.324026e-06
2081 1.541178e-04 3.312020e-06
2082 1.539078e-04 3.300056e-06
2083 1.536988e-04 3.288136e-06
2084 1.534908e-04 3.276259e-06
2085 1.532839e-04 3.264425e-06
2086 1.530780e-04 3.252634e-06
2087 1.528730e-04 3.240885e-06
2088 1.526691e-04 3.229179e-06
2089 1.524661e-04 3.217515e-06
2090 1.522642e-04 3.205893e-06
2091 1.520632e-04 3.194313e-06
2092 1.518633e-04 3.182775e-06
2093 1.516643e-04 3.171279e-06
2094 1.514663e-04 3.159824e-06
2095 1.512692e-04 3.148410e-06
2096 1.510732e-04 3.137038e-06
2097 1.508780e-04 3.125707e-06
2098 1.506839e-04 3.114417e-06
2099 1.504907e-04 3.103167e-06
2100 1.502984e-04 3.091958e-06
2101 1.501071e-04 3.080790e-06
2102 1.499168e-04 3.069662e-06
2103 1.497273e-04 3.058574e-06
2104 1.495388e-04 3.047526e-06
2105 1.493513e-04 3.036518e-06
2106 1.491646e-04 3.025550e-06
2107 1.489789e-04 3.014622e-06
2108 1.487941e-04 3.003733e-06
2109 1.486102e-04 2.992883e-06
2110 1.484272e-04 2.982073e-06
2111 1.482451e-04 2.971301e-06
2112 1.480639e-04 2.960569e-06
2113 1.478836e-04 2.949875e-06
2114 1.477042e-04 2.939220e-06
2115 1.475257e-04 2.928603e-06
2116 1.473481e-04 2.918025e-06
2117 1.471713e-04 2.907485e-06
2118 1.469955e-04 2.896983e-06
2119 1.468204e-04 2.886518e-06
2120 1.466463e-04 2.876092e-06
2121 1.464730e-04 2.865704e-06
2122 1.463006e-04 2.855352e-06
2123 1.461290e-04 2.845039e-06
2124 1.459583e-04 2.834762e-06
2125 1.457885e-04 2.824523e-06
2126 1.456194e-04 2.814320e-06
2127 1.454513e-04 2.804155e-06
2128 1.452839e-04 2.794026e-06
2129 1.451174e-04 2.783934e-06
2130 1.449517e-04 2.773878e-06
2131 1.447868e-04 2.763859e-06
2132 1.446228e-04 2.753875e-06
2133 1.444595e-04 2.743928e-06
2134 1.442971e-04 2.734017e-06
2135 1.441355e-04 2.724141e-06
2136 1.439747e-04 2.714302e-06
2137 1.438147e-04 2.704497e-06
2138 1.436555e-04 2.694729e-06
2139 1.434971e-04 2.684995e-06
2140 1.433395e-04 2.675297e-06
2141 1.431826e-04 2.665633e-06
2142 1.430266e-04 2.656005e-06
2143 1.428713e-04 2.646411e-06
2144 1.427168e-04 2.636852e-06
2145 1.425630e-04 2.627328e-06
2146 1.424101e-04 2.617838e-06
2147 1.422579e-04 2.608382e-06
2148 1.421064e-04 2.598960e-06
2149 1.419557e-04 2.589572e-06
2150 1.418058e-04 2.580219e-06
2151 1.416566e-04 2.570899e-06
2152 1.415082e-04 2.561612e-06
2153 1.413605e-04 2.552360e-06
2154 1.412135e-04 2.543140e-06
2155 1.410673e-04 2.533954e-06
2156 1.409218e-04 2.524802e-06
2157 1.407771e-04 2.515682e-06
2158 1.406330e-04 2.506595e-06
2159 1.404897e-04 2.497541e-06
2160 1.403471e-04 2.488520e-06
2161 1.402053e-04 2.479531e-06
2162 1.400641e-04 2.470575e-06
2163 1.399236e-04 2.461651e-06
2164 1.397839e-04 2.452759e-06
2165 1.396448e-04 2.443900e-06
2166 1.395065e-04 2.435072e-06
2167 1.393688e-04 2.426276e-06
2168 1.392318e-04 2.417512e-06
2169 1.390955e-04 2.408780e-06
2170 1.389599e-04 2.400080e-06
2171 1.388250e-04 2.391410e-06
2172 1.386908e-04 2.382772e-06
2173 1.385572e-04 2.374166e-06
2174 1.384243e-04 2.365590e-06
2175 1.382921e-04 2.357045e-06
2176 1.381605e-04 2.348531e-06
2177 1.380296e-04 2.340048e-06
2178 1.378994e-04 2.331596e-06
2179 1.377698e-04 2.323174e-06
2180 1.376409e-04 2.314782e-06
2181 1.375126e-04 2.306421e-06
2182 1.373849e-04 2.298090e-06
2183 1.372579e-04 2.289789e-06
2184 1.371316e-04 2.281519e-06
2185 1.370058e-04 2.273278e-06
2186 1.368808e-04 2.265066e-06
2187 1.367563e-04 2.256885e-06
2188 1.366325e-04 2.248733e-06
2189 1.365093e-04 2.240610e-06
2190 1.363867e-04 2.232517e-06
2191 1.362647e-04 2.224453e-06
2192 1.361433e-04 2.216418e-06
2193 1.360226e-04 2.208412e-06
2194 1.359025e-04 2.200435e-06
2195 1.357829e-04 2.192487e-06
2196 1.356640e-04 2.184567e-06
2197 1.355457e-04 2.176677e-06
2198 1.354280e-04 2.168814e-06
2199 1.353108e-04 2.160980e-06
2200 1.351943e-04 2.153175e-06
2201 1.350783e-04 2.145397e-06
2202 1.349629e-04 2.137648e-06
2203 1.348482e-04 2.129927e-06
2204 1.347339e-04 2.122233e-06
2205 1.346203e-04 2.114567e-06
2206 1.345073e-04 2.106930e-06
2207 1.343948e-04 2.099319e-06
2208 1.342828e-04 2.091736e-06
2209 1.341715e-04 2.084181e-06
2210 1.340607e-04 2.076652e-06
2211 1.339505e-04 2.069151e-06
2212 1.338408e-04 2.061677e-06
2213 1.337317e-04 2.054231e-06
2214 1.336231e-04 2.046811e-06
2215 1.335151e-04 2.039417e-06
2216 1.334076e-04 2.032051e-06
2217 1.333007e-04 2.024711e-06
2218 1.331943e-04 2.017397e-06
2219 1.330884e-04 2.010110e-06
2220 1.329831e-04 2.002850e-06
2221 1.328783e-04 1.995615e-06
2222 1.327741e-04 1.988407e-06
2223 1.326703e-04 1.981225e-06
2224 1.325671e-04 1.974068e-06
2225 1.324644e-04 1.966938e-06
2226 1.323623e-04 1.959833e-06
2227 1.322606e-04 1.952754e-06
2228 1.321595e-04 1.945700e-06
2229 1.320589e-04 1.938672e-06
2230 1.319587e-04 1.931670e-06
2231 1.318591e-04 1.924692e-06
2232 1.317600e-04 1.917740e-06
2233 1.316614e-04 1.910813e-06
2234 1.315633e-04 1.903911e-06
2235 1.314657e-04 1.897034e-06
2236 1.313686e-04 1.890182e-06
2237 1.312720e-04 1.883354e-06
2238 1.311759e-04 1.876552e-06
2239 1.310802e-04 1.869773e-06
2240 1.309850e-04 1.863020e-06
2241 1.308904e-04 1.856290e-06
2242 1.307962e-04 1.849585e-06
2243 1.307024e-04 1.842904e-06
2244 1.306092e-04 1.836248e-06
2245 1.305164e-04 1.829615e-06
2246 1.304241e-04 1.823006e-06
2247 1.303322e-04 1.816421e-06
2248 1.302408e-04 1.809860e-06
2249 1.301499e-04 1.803323e-06
2250 1.300595e-04 1.796809e-06
2251 1.299695e-04 1.790319e-06
2252 1.298799e-04 1.783852e-06
2253 1.297908e-04 1.777409e-06
2254 1.297022e-04 1.770989e-06
2255 1.296140e-04 1.764592e-06
2256 1.295262e-04 1.758218e-06
2257 1.294389e-04 1.751867e-06
2258 1.293521e-04 1.745539e-06
2259 1.292656e-04 1.739234e-06
2260 1.291797e-04 1.732952e-06
2261 1.290941e-04 1.726692e-06
2262 1.290090e-04 1.720455e-06
2263 1.289243e-04 1.714241e-06
2264 1.288400e-04 1.708049e-06
2265 1.287562e-04 1.701879e-06
2266 1.286728e-04 1.695732e-06
2267 1.285898e-04 1.689607e-06
2268 1.285072e-04 1.683504e-06
2269 1.284251e-04 1.677423e-06
2270 1.283433e-04 1.671364e-06
2271 1.282620e-04 1.665327e-06
2272 1.281811e-04 1.659311e-06
2273 1.281006e-04 1.653318e-06
2274 1.280205e-04 1.647346e-06
2275 1.279408e-04 1.641396e-06
2276 1.278615e-04 1.635467e-06
2277 1.277826e-04 1.629559e-06
2278 1.277041e-04 1.623673e-06
2279 1.276260e-04 1.617808e-06
2280 1.275483e-04 1.611965e-06
2281 1.274710e-04 1.606142e-06
2282 1.273941e-04 1.600341e-06
2283 1.273175e-04 1.594560e-06
2284 1.272414e-04 1.588800e-06
2285 1.271656e-04 1.583061e-06
2286 1.270903e-04 1.577343e-06
2287 1.270153e-04 1.571646e-06
2288 1.269406e-04 1.565969e-06
2289 1.268664e-04 1.560312e-06
2290 1.267925e-04 1.554676e-06
2291 1.267190e-04 1.549061e-06
2292 1.266459e-04 1.543466e-06
2293 1.265731e-04 1.537890e-06
2294 1.265007e-04 1.532335e-06
2295 1.264287e-04 1.526800e-06
2296 1.263570e-04 1.521286e-06
2297 1.262857e-04 1.515791e-06
2298 1.262148e-04 1.510315e-06
2299 1.261442e-04 1.504860e-06
2300 1.260740e-04 1.499424e-06
2301 1.260041e-04 1.494008e-06
2302 1.259346e-04 1.488612e-06
2303 1.258654e-04 1.483235e-06
2304 1.257966e-04 1.477877e-06
2305 1.257281e-04 1.472539e-06
2306 1.256599e-04 1.467220e-06
2307 1.255922e-04 1.461920e-06
2308 1.255247e-04 1.456640e-06
2309 1.254576e-04 1.451378e-06
2310 1.253908e-04 1.446136e-06
2311 1.253244e-04 1.440912e-06
2312 1.252583e-04 1.435707e-06
2313 1.251925e-04 1.430522e-06
2314 1.251270e-04 1.425354e-06
2315 1.250619e-04 1.420206e-06
2316 1.249971e-04 1.415076e-06
2317 1.249327e-04 1.409965e-06
2318 1.248685e-04 1.404872e-06
2319 1.248047e-04 1.399797e-06
2320 1.247412e-04 1.394741e-06
2321 1.246780e-04 1.389703e-06
2322 1.246152e-04 1.384683e-06
2323 1.245526e-04 1.379682e-06
2324 1.244904e-04 1.374698e-06
2325 1.244285e-04 1.369733e-06
2326 1.243669e-04 1.364785e-06
2327 1.243056e-04 1.359855e-06
2328 1.242446e-04 1.354943e-06
2329 1.241839e-04 1.350049e-06
2330 1.241235e-04 1.345173e-06
2331 1.240634e-04 1.340314e-06
2332 1.240036e-04 1.335473e-06
2333 1.239442e-04 1.330649e-06
2334 1.238850e-04 1.325842e-06
2335 1.238261e-04 1.321053e-06
2336 1.237675e-04 1.316281e-06
2337 1.237092e-04 1.311527e-06
2338 1.236512e-04 1.306790e-06
2339 1.235935e-04 1.302069e-06
2340 1.235360e-04 1.297366e-06
2341 1.234789e-04 1.292680e-06
2342 1.234220e-04 1.288011e-06
2343 1.233655e-04 1.283358e-06
2344 1.233092e-04 1.278723e-06
2345 1.232532e-04 1.274104e-06
2346 1.231974e-04 1.269502e-06
2347 1.231420e-04 1.264916e-06
2348 1.230868e-04 1.260347e-06
2349 1.230319e-04 1.255795e-06
2350 1.229773e-04 1.251259e-06
2351 1.229229e-04 1.246739e-06
2352 1.228688e-04 1.242236e-06
2353 1.228150e-04 1.237749e-06
2354 1.227615e-04 1.233278e-06
2355 1.227082e-04 1.228823e-06
2356 1.226552e-04 1.224384e-06
2357 1.226024e-04 1.219962e-06
2358 1.225499e-04 1.215555e-06
2359 1.224977e-04 1.211164e-06
2360 1.224457e-04 1.206790e-06
2361 1.223940e-04 1.202431e-06
2362 1.223426e-04 1.198087e-06
2363 1.222914e-04 1.193760e-06
2364 1.222404e-04 1.189448e-06
2365 1.221898e-04 1.185151e-06
2366 1.221393e-04 1.180870e-06
2367 1.220891e-04 1.176605e-06
2368 1.220392e-04 1.172355e-06
2369 1.219895e-04 1.168120e-06
2370 1.219401e-04 1.163901e-06
2371 1.218909e-04 1.159697e-06
2372 1.218419e-04 1.155508e-06
2373 1.217932e-04 1.151334e-06
2374 1.217447e-04 1.147175e-06
2375 1.216965e-04 1.143032e-06
2376 1.216485e-04 1.138903e-06
2377 1.216008e-04 1.134789e-06
2378 1.215532e-04 1.130690e-06
2379 1.215060e-04 1.126606e-06
2380 1.214589e-04 1.122537e-06
2381 1.214121e-04 1.118482e-06
2382 1.213655e-04 1.114442e-06
2383 1.213191e-04 1.110416e-06
2384 1.212730e-04 1.106406e-06
2385 1.212271e-04 1.102409e-06
2386 1.211815e-04 1.098427e-06
2387 1.211360e-04 1.094460e-06
2388 1.210908e-04 1.090506e-06
2389 1.210458e-04 1.086567e-06
2390 1.210010e-04 1.082642e-06
2391 1.209565e-04 1.078732e-06
2392 1.209121e-04 1.074835e-06
2393 1.208680e-04 1.070953e-06
2394 1.208241e-04 1.067085e-06
2395 1.207804e-04 1.063230e-06
2396 1.207369e-04 1.059390e-06
2397 1.206937e-04 1.055563e-06
2398 1.206506e-04 1.051750e-06
2399 1.206078e-04 1.047951e-06
2400 1.205652e-04 1.044166e-06
2401 1.205228e-04 1.040394e-06
2402 1.204806e-04 1.036636e-06
2403 1.204386e-04 1.032892e-06
2404 1.203968e-04 1.029161e-06
2405 1.203552e-04 1.025444e-06
2406 1.203138e-04 1.021740e-06
2407 1.202726e-04 1.018049e-06
2408 1.202317e-04 1.014372e-06
2409 1.201909e-04 1.010708e-06
2410 1.201503e-04 1.007057e-06
2411 1.201099e-04 1.003419e-06
2412 1.200698e-04 9.997949e-07
2413 1.200298e-04 9.961836e-07
2414 1.199900e-04 9.925853e-07
2415 1.199504e-04 9.890000e-07
2416 1.199110e-04 9.854276e-07
2417 1.198718e-04 9.818681e-07
2418 1.198328e-04 9.783215e-07
2419 1.197939e-04 9.747878e-07
2420 1.197553e-04 9.712667e-07
2421 1.197169e-04 9.677584e-07
2422 1.196786e-04 9.642628e-07
2423 1.196405e-04 9.607798e-07
2424 1.196026e-04 9.573094e-07
2425 1.195649e-04 9.538515e-07
2426 1.195274e-04 9.504061e-07
2427 1.194901e-04 9.469731e-07
2428 1.194529e-04 9.435526e-07
2429 1.194159e-04 9.401444e-07
2430 1.193791e-04 9.367485e-07
2431 1.193425e-04 9.333649e-07
2432 1.193061e-04 9.299935e-07
2433 1.192698e-04 9.266342e-07
2434 1.192337e-04 9.232871e-07
2435 1.191978e-04 9.199522e-07
2436 1.191621e-04 9.166292e-07
2437 1.191265e-04 9.133183e-07
2438 1.190912e-04 9.100193e-07
2439 1.190559e-04 9.067322e-07
2440 1.190209e-04 9.034570e-07
2441 1.189860e-04 9.001936e-07
2442 1.189513e-04 8.969420e-07
2443 1.189168e-04 8.937022e-07
2444 1.188824e-04 8.904741e-07
2445 1.188482e-04 8.872576e-07
2446 1.188141e-04 8.840527e-07
2447 1.187803e-04 8.808594e-07
2448 1.187465e-04 8.776777e-07
2449 1.187130e-04 8.745074e-07
2450 1.186796e-04 8.713486e-07
2451 1.186464e-04 8.682013e-07
2452 1.186133e-04 8.650652e-07
2453 1.185804e-04 8.619405e-07
2454 1.185476e-04 8.588271e-07
2455 1.185150e-04 8.557250e-07
2456 1.184826e-04 8.526340e-07
2457 1.184503e-04 8.495542e-07
2458 1.184182e-04 8.464855e-07
2459 1.183862e-04 8.434280e-07
2460 1.183544e-04 8.403814e-07
2461 1.183228e-04 8.373459e-07
2462 1.182912e-04 8.343213e-07
2463 1.182599e-04 8.313077e-07
2464 1.182287e-04 8.283049e-07
2465 1.181976e-04 8.253130e-07
2466 1.181667e-04 8.223319e-07
2467 1.181359e-04 8.193615e-07
2468 1.181053e-04 8.164019e-07
2469 1.180749e-04 8.134530e-07
2470 1.180445e-04 8.105147e-07
2471 1.180144e-04 8.075871e-07
2472 1.179843e-04 8.046700e-07
2473 1.179544e-04 8.017635e-07
2474 1.179247e-04 7.988674e-07
2475 1.178951e-04 7.959818e-07
2476 1.178656e-04 7.931067e-07
2477 1.178363e-04 7.902419e-07
2478 1.178071e-04 7.873875e-07
2479 1.177781e-04 7.845434e-07
2480 1.177492e-04 7.817095e-07
2481 1.177204e-04 7.788859e-07
2482 1.176918e-04 7.760725e-07
2483 1.176633e-04 7.732692e-07
2484 1.176349e-04 7.704761e-07
2485 1.176067e-04 7.676931e-07
2486 1.175786e-04 7.649201e-07
2487 1.175506e-04 7.621572e-07
2488 1.175228e-04 7.594042e-07
2489 1.174951e-04 7.566611e-07
2490 1.174676e-04 7.539280e-07
2491 1.174401e-04 7.512047e-07
2492 1.174128e-04 7.484913e-07
2493 1.173857e-04 7.457877e-07
2494 1.173586e-04 7.430938e-07
2495 1.173317e-04 7.404097e-07
2496 1.173049e-04 7.377353e-07
2497 1.172783e-04 7.350705e-07
2498 1.172518e-04 7.324154e-07
2499 1.172253e-04 7.297698e-07
2500 1.171991e-04 7.271338e-07
2501 1.171729e-04 7.245073e-07
2502 1.171469e-04 7.218904e-07
2503 1.171210e-04 7.192828e-07
2504 1.170952e-04 7.166847e-07
2505 1.170695e-04 7.140960e-07
2506 1.170440e-04 7.115166e-07
2507 1.170185e-04 7.089465e-07
2508 1.169932e-04 7.063857e-07
2509 1.169680e-04 7.038342e-07
2510 1.169430e-04 7.012919e-07
2511 1.169180e-04 6.987588e-07
2512 1.168932e-04 6.962348e-07
2513 1.168685e-04 6.937199e-07
2514 1.168439e-04 6.912141e-07
2515 1.168194e-04 6.887174e-07
2516 1.167950e-04 6.862297e-07
2517 1.167708e-04 6.837510e-07
2518 1.167466e-04 6.812812e-07
2519 1.167226e-04 6.788203e-07
2520 1.166987e-04 6.763684e-07
2521 1.166749e-04 6.739253e-07
2522 1.166512e-04 6.714910e-07
2523 1.166276e-04 6.690655e-07
2524 1.166041e-04 6.666488e-07
2525 1.165808e-04 6.642408e-07
2526 1.165575e-04 6.618415e-07
2527 1.165344e-04 6.594508e-07
2528 1.165113e-04 6.570688e-07
2529 1.164884e-04 6.546954e-07
2530 1.164656e-04 6.523306e-07
2531 1.164429e-04 6.499743e-07
2532 1.164203e-04 6.476266e-07
2533 1.163978e-04 6.452873e-07
2534 1.163754e-04 6.429564e-07
2535 1.163531e-04 6.406340e-07
2536 1.163309e-04 6.383200e-07
2537 1.163088e-04 6.360143e-07
2538 1.162868e-04 6.337170e-07
2539 1.162649e-04 6.314279e-07
2540 1.162432e-04 6.291471e-07
2541 1.162215e-04 6.268746e-07
2542 1.161999e-04 6.246103e-07
2543 1.161784e-04 6.223541e-07
2544 1.161570e-04 6.201061e-07
2545 1.161358e-04 6.178662e-07
2546 1.161146e-04 6.156344e-07
2547 1.160935e-04 6.134107e-07
2548 1.160725e-04 6.111950e-07
2549 1.160516e-04 6.089873e-07
2550 1.160308e-04 6.067876e-07
2551 1.160101e-04 6.045958e-07
2552 1.159895e-04 6.024120e-07
2553 1.159690e-04 6.002360e-07
2554 1.159486e-04 5.980679e-07
2555 1.159283e-04 5.959076e-07
2556 1.159081e-04 5.937551e-07
2557 1.158880e-04 5.916104e-07
2558 1.158679e-04 5.894735e-07
2559 1.158480e-04 5.873442e-07
2560 1.158281e-04 5.852227e-07
2561 1.158084e-04 5.831088e-07
2562 1.157887e-04 5.810026e-07
2563 1.157691e-04 5.789039e-07
2564 1.157496e-04 5.768129e-07
2565 1.157302e-04 5.747294e-07
2566 1.157109e-04 5.726534e-07
2567 1.156917e-04 5.705849e-07
2568 1.156726e-04 5.685239e-07
2569 1.156535e-04 5.664703e-07
2570 1.156345e-04 5.644242e-07
2571 1.156157e-04 5.623854e-07
2572 1.155969e-04 5.603541e-07
2573 1.155782e-04 5.583300e-07
2574 1.155596e-04 5.563133e-07
2575 1.155410e-04 5.543038e-07
2576 1.155226e-04 5.523016e-07
2577 1.155042e-04 5.503066e-07
2578 1.154860e-04 5.483189e-07
2579 1.154678e-04 5.463383e-07
2580 1.154497e-04 5.443649e-07
2581 1.154316e-04 5.423986e-07
2582 1.154137e-04 5.404394e-07
2583 1.153958e-04 5.384873e-07
2584 1.153780e-04 5.365422e-07
2585 1.153603e-04 5.346041e-07
2586 1.153427e-04 5.326731e-07
2587 1.153252e-04 5.307490e-07
2588 1.153077e-04 5.288319e-07
2589 1.152903e-04 5.269217e-07
2590 1.152730e-04 5.250184e-07
2591 1.152558e-04 5.231220e-07
2592 1.152387e-04 5.212325e-07
2593 1.152216e-04 5.193497e-07
2594 1.152046e-04 5.174738e-07
2595 1.151877e-04 5.156046e-07
2596 1.151708e-04 5.137422e-07
2597 1.151541e-04 5.118865e-07
2598 1.151374e-04 5.100375e-07
2599 1.151208e-04 5.081952e-07
2600 1.151043e-04 5.063596e-07
2601 1.150878e-04 5.045305e-07
2602 1.150714e-04 5.027081e-07
2603 1.150551e-04 5.008923e-07
2604 1.150389e-04 4.990830e-07
2605 1.150227e-04 4.972803e-07
2606 1.150066e-04 4.954841e-07
2607 1.149906e-04 4.936943e-07
2608 1.149746e-04 4.919111e-07
2609 1.149588e-04 4.901342e-07
2610 1.149429e-04 4.883638e-07
2611 1.149272e-04 4.865998e-07
2612 1.149116e-04 4.848422e-07
2613 1.148960e-04 4.830909e-07
2614 1.148804e-04 4.813459e-07
2615 1.148650e-04 4.796072e-07
2616 1.148496e-04 4.778748e-07
2617 1.148343e-04 4.761487e-07
2618 1.148190e-04 4.744288e-07
2619 1.148039e-04 4.727151e-07
2620 1.147888e-04 4.710076e-07
2621 1.147737e-04 4.693063e-07
2622 1.147587e-04 4.676111e-07
2623 1.147438e-04 4.659221e-07
2624 1.147290e-04 4.642391e-07
2625 1.147142e-04 4.625622e-07
2626 1.146995e-04 4.608914e-07
2627 1.146849e-04 4.592266e-07
2628 1.146703e-04 4.575679e-07
2629 1.146558e-04 4.559151e-07
2630 1.146413e-04 4.542683e-07
2631 1.146269e-04 4.526274e-07
2632 1.146126e-04 4.509925e-07
2633 1.145984e-04 4.493634e-07
2634 1.145842e-04 4.477403e-07
2635 1.145700e-04 4.461230e-07
2636 1.145560e-04 4.445116e-07
2637 1.145420e-04 4.429060e-07
2638 1.145280e-04 4.413061e-07
2639 1.145142e-04 4.397121e-07
2640 1.145003e-04 4.381238e-07
2641 1.144866e-04 4.365413e-07
2642 1.144729e-04 4.349644e-07
2643 1.144593e-04 4.333933e-07
2644 1.144457e-04 4.318278e-07
2645 1.144322e-04 4.302680e-07
2646 1.144187e-04 4.287139e-07
2647 1.144053e-04 4.271653e-07
2648 1.143920e-04 4.256224e-07
2649 1.143787e-04 4.240850e-07
2650 1.143655e-04 4.225531e-07
2651 1.143523e-04 4.210268e-07
2652 1.143392e-04 4.195060e-07
2653 1.143262e-04 4.179907e-07
2654 1.143132e-04 4.164809e-07
2655 1.143003e-04 4.149765e-07
2656 1.142874e-04 4.134776e-07
2657 1.142746e-04 4.119841e-07
2658 1.142618e-04 4.104960e-07
2659 1.142491e-04 4.090132e-07
2660 1.142365e-04 4.075358e-07
2661 1.142239e-04 4.060638e-07
2662 1.142113e-04 4.045970e-07
2663 1.141989e-04 4.031356e-07
2664 1.141864e-04 4.016794e-07
2665 1.141741e-04 4.002285e-07
2666 1.141617e-04 3.987828e-07
2667 1.141495e-04 3.973424e-07
2668 1.141373e-04 3.959071e-07
2669 1.141251e-04 3.944771e-07
2670 1.141130e-04 3.930522e-07
2671 1.141010e-04 3.916325e-07
2672 1.140890e-04 3.902178e-07
2673 1.140770e-04 3.888083e-07
2674 1.140651e-04 3.874039e-07
2675 1.140533e-04 3.860046e-07
2676 1.140415e-04 3.846103e-07
2677 1.140298e-04 3.832210e-07
2678 1.140181e-04 3.818368e-07
2679 1.140064e-04 3.804576e-07
2680 1.139949e-04 3.790833e-07
2681 1.139833e-04 3.777140e-07
2682 1.139718e-04 3.763497e-07
2683 1.139604e-04 3.749903e-07
2684 1.139490e-04 3.736358e-07
2685 1.139377e-04 3.722862e-07
2686 1.139264e-04 3.709414e-07
2687 1.139152e-04 3.696016e-07
2688 1.139040e-04 3.682665e-07
2689 1.138928e-04 3.669363e-07
2690 1.138818e-04 3.656109e-07
2691 1.138707e-04 3.642903e-07
2692 1.138597e-04 3.629744e-07
2693 1.138488e-04 3.616633e-07
2694 1.138379e-04 3.603570e-07
2695 1.138270e-04 3.590553e-07
2696 1.138162e-04 3.577584e-07
2697 1.138055e-04 3.564661e-07
2698 1.137947e-04 3.551785e-07
2699 1.137841e-04 3.538956e-07
2700 1.137735e-04 3.526173e-07
2701 1.137629e-04 3.513436e-07
2702 1.137524e-04 3.500745e-07
2703 1.137419e-04 3.488100e-07
2704 1.137314e-04 3.475501e-07
2705 1.137210e-04 3.462947e-07
2706 1.137107e-04 3.450438e-07
2707 1.137004e-04 3.437975e-07
2708 1.136901e-04 3.425557e-07
2709 1.136799e-04 3.413183e-07
2710 1.136698e-04 3.400855e-07
2711 1.136596e-04 3.388570e-07
2712 1.136495e-04 3.376330e-07
2713 1.136395e-04 3.364135e-07
2714 1.136295e-04 3.351983e-07
2715 1.136196e-04 3.339876e-07
2716 1.136096e-04 3.327812e-07
2717 1.135998e-04 3.315791e-07
2718 1.135900e-04 3.303814e-07
2719 1.135802e-04 3.291881e-07
2720 1.135704e-04 3.279990e-07
2721 1.135607e-04 3.268142e-07
2722 1.135511e-04 3.256337e-07
2723 1.135415e-04 3.244575e-07
2724 1.135319e-04 3.232855e-07
2725 1.135223e-04 3.221178e-07
2726 1.135128e-04 3.209543e-07
2727 1.135034e-04 3.197950e-07
2728 1.134940e-04 3.186398e-07
2729 1.134846e-04 3.174889e-07
2730 1.134753e-04 3.163421e-07
2731 1.134660e-04 3.151994e-07
2732 1.134567e-04 3.140609e-07
2733 1.134475e-04 3.129265e-07
2734 1.134383e-04 3.117961e-07
2735 1.134292e-04 3.106699e-07
2736 1.134201e-04 3.095477e-07
2737 1.134110e-04 3.084296e-07
2738 1.134020e-04 3.073155e-07
2739 1.133930e-04 3.062055e-07
2740 1.133841e-04 3.050994e-07
2741 1.133752e-04 3.039974e-07
2742 1.133663e-04 3.028993e-07
2743 1.133575e-04 3.018052e-07
2744 1.133487e-04 3.007151e-07
2745 1.133400e-04 2.996289e-07
2746 1.133312e-04 2.985466e-07
2747 1.133226e-04 2.974682e-07
2748 1.133139e-04 2.963937e-07
2749 1.133053e-04 2.953231e-07
2750 1.132967e-04 2.942564e-07
2751 1.132882e-04 2.931935e-07
2752 1.132797e-04 2.921344e-07
2753 1.132712e-04 2.910792e-07
2754 1.132628e-04 2.900278e-07
2755 1.132544e-04 2.889802e-07
2756 1.132461e-04 2.879364e-07
2757 1.132377e-04 2.868963e-07
2758 1.132295e-04 2.858600e-07
2759 1.132212e-04 2.848275e-07
2760 1.132130e-04 2.837986e-07
2761 1.132048e-04 2.827735e-07
2762 1.131967e-04 2.817521e-07
2763 1.131885e-04 2.807344e-07
2764 1.131805e-04 2.797204e-07
2765 1.131724e-04 2.787100e-07
2766 1.131644e-04 2.777033e-07
2767 1.131564e-04 2.767002e-07
2768 1.131485e-04 2.757007e-07
2769 1.131406e-04 2.747048e-07
2770 1.131327e-04 2.737126e-07
2771 1.131249e-04 2.727239e-07
2772 1.131171e-04 2.717388e-07
2773 1.131093e-04 2.707573e-07
2774 1.131015e-04 2.697793e-07
2775 1.130938e-04 2.688048e-07
2776 1.130861e-04 2.678338e-07
2777 1.130785e-04 2.668664e-07
2778 1.130709e-04 2.659024e-07
2779 1.130633e-04 2.649420e-07
2780 1.130557e-04 2.639850e-07
2781 1.130482e-04 2.630314e-07
2782 1.130407e-04 2.620813e-07
2783 1.130333e-04 2.611347e-07
2784 1.130258e-04 2.601914e-07
2785 1.130184e-04 2.592516e-07
2786 1.130111e-04 2.583152e-07
2787 1.130037e-04 2.573821e-07
2788 1.129964e-04 2.564524e-07
2789 1.129892e-04 2.555261e-07
2790 1.129819e-04 2.546031e-07
2791 1.129747e-04 2.536834e-07
2792 1.129675e-04 2.527671e-07
2793 1.129604e-04 2.518541e-07
2794 1.129532e-04 2.509444e-07
2795 1.129461e-04 2.500379e-07
2796 1.129391e-04 2.491348e-07
2797 1.129320e-04 2.482349e-07
2798 1.129250e-04 2.473382e-07
2799 1.129181e-04 2.464448e-07
2800 1.129111e-04 2.455546e-07
2801 1.129042e-04 2.446677e-07
2802 1.128973e-04 2.437839e-07
2803 1.128904e-04 2.429033e-07
2804 1.128836e-04 2.420259e-07
2805 1.128768e-04 2.411517e-07
2806 1.128700e-04 2.402806e-07
2807 1.128633e-04 2.394127e-07
2808 1.128566e-04 2.385479e-07
2809 1.128499e-04 2.376863e-07
2810 1.128432e-04 2.368277e-07
2811 1.128366e-04 2.359723e-07
2812 1.128300e-04 2.351199e-07
2813 1.128234e-04 2.342707e-07
2814 1.128168e-04 2.334245e-07
2815 1.128103e-04 2.325813e-07
2816 1.128038e-04 2.317412e-07
2817 1.127973e-04 2.309041e-07
2818 1.127909e-04 2.300701e-07
2819 1.127844e-04 2.292390e-07
2820 1.127780e-04 2.284110e-07
2821 1.127717e-04 2.275860e-07
2822 1.127653e-04 2.267639e-07
2823 1.127590e-04 2.259448e-07
2824 1.127527e-04 2.251287e-07
2825 1.127465e-04 2.243155e-07
2826 1.127402e-04 2.235052e-07
2827 1.127340e-04 2.226979e-07
2828 1.127278e-04 2.218935e-07
2829 1.127217e-04 2.210920e-07
2830 1.127155e-04 2.202934e-07
2831 1.127094e-04 2.194977e-07
2832 1.127033e-04 2.187048e-07
2833 1.126973e-04 2.179148e-07
2834 1.126912e-04 2.171277e-07
2835 1.126852e-04 2.163434e-07
2836 1.126792e-04 2.155620e-07
2837 1.126733e-04 2.147833e-07
2838 1.126673e-04 2.140075e-07
2839 1.126614e-04 2.132345e-07
2840 1.126555e-04 2.124643e-07
2841 1.126496e-04 2.116968e-07
2842 1.126438e-04 2.109322e-07
2843 1.126380e-04 2.101703e-07
2844 1.126322e-04 2.094111e-07
2845 1.126264e-04 2.086547e-07
2846 1.126207e-04 2.079010e-07
2847 1.126149e-04 2.071500e-07
2848 1.126092e-04 2.064018e-07
2849 1.126036e-04 2.056563e-07
2850 1.125979e-04 2.049134e-07
2851 1.125923e-04 2.041732e-07
2852 1.125867e-04 2.034357e-07
2853 1.125811e-04 2.027009e-07
2854 1.125755e-04 2.019687e-07
2855 1.125700e-04 2.012392e-07
2856 1.125645e-04 2.005123e-07
2857 1.125590e-04 1.997880e-07
2858 1.125535e-04 1.990664e-07
2859 1.125481e-04 1.983473e-07
2860 1.125426e-04 1.976309e-07
2861 1.125372e-04 1.969170e-07
2862 1.125318e-04 1.962057e-07
2863 1.125265e-04 1.954970e-07
2864 1.125211e-04 1.947909e-07
2865 1.125158e-04 1.940873e-07
2866 1.125105e-04 1.933862e-07
2867 1.125052e-04 1.926877e-07
2868 1.125000e-04 1.919917e-07
2869 1.124947e-04 1.912982e-07
2870 1.124895e-04 1.906072e-07
2871 1.124843e-04 1.899187e-07
2872 1.124792e-04 1.892327e-07
2873 1.124740e-04 1.885492e-07
2874 1.124689e-04 1.878681e-07
2875 1.124638e-04 1.871895e-07
2876 1.124587e-04 1.865134e-07
2877 1.124536e-04 1.858396e-07
2878 1.124486e-04 1.851684e-07
2879 1.124436e-04 1.844995e-07
2880 1.124386e-04 1.838331e-07
2881 1.124336e-04 1.831691e-07
2882 1.124286e-04 1.825074e-07
2883 1.124237e-04 1.818482e-07
2884 1.124187e-04 1.811914e-07
2885 1.124138e-04 1.805369e-07
2886 1.124090e-04 1.798848e-07
2887 1.124041e-04 1.792350e-07
2888 1.123992e-04 1.785876e-07
2889 1.123944e-04 1.779425e-07
2890 1.123896e-04 1.772998e-07
2891 1.123848e-04 1.766593e-07
2892 1.123800e-04 1.760212e-07
2893 1.123753e-04 1.753854e-07
2894 1.123706e-04 1.747519e-07
2895 1.123659e-04 1.741207e-07
2896 1.123612e-04 1.734917e-07
2897 1.123565e-04 1.728651e-07
2898 1.123518e-04 1.722407e-07
2899 1.123472e-04 1.716185e-07
2900 1.123426e-04 1.709986e-07
2901 1.123380e-04 1.703810e-07
2902 1.123334e-04 1.697655e-07
2903 1.123288e-04 1.691523e-07
2904 1.123243e-04 1.685413e-07
2905 1.123198e-04 1.679325e-07
2906 1.123153e-04 1.673259e-07
2907 1.123108e-04 1.667215e-07
2908 1.123063e-04 1.661193e-07
2909 1.123018e-04 1.655193e-07
2910 1.122974e-04 1.649214e-07
2911 1.122930e-04 1.643257e-07
2912 1.122886e-04 1.637321e-07
2913 1.122842e-04 1.631407e-07
2914 1.122798e-04 1.625514e-07
2915 1.122755e-04 1.619643e-07
2916 1.122712e-04 1.613793e-07
2917 1.122669e-04 1.607963e-07
2918 1.122626e-04 1.602155e-07
2919 1.122583e-04 1.596368e-07
2920 1.122540e-04 1.590602e-07
2921 1.122498e-04 1.584856e-07
2922 1.122455e-04 1.579132e-07
2923 1.122413e-04 1.573428e-07
2924 1.122371e-04 1.567744e-07
2925 1.122330e-04 1.562082e-07
2926 1.122288e-04 1.556439e-07
2927 1.122247e-04 1.550817e-07
2928 1.122205e-04 1.545215e-07
2929 1.122164e-04 1.539634e-07
2930 1.122123e-04 1.534073e-07
2931 1.122082e-04 1.528531e-07
2932 1.122042e-04 1.523010e-07
2933 1.122001e-04 1.517509e-07
2934 1.121961e-04 1.512028e-07
2935 1.121921e-04 1.506566e-07
2936 1.121881e-04 1.501124e-07
2937 1.121841e-04 1.495702e-07
2938 1.121801e-04 1.490299e-07
2939 1.121762e-04 1.484916e-07
2940 1.121723e-04 1.479552e-07
2941 1.121683e-04 1.474208e-07
2942 1.121644e-04 1.468883e-07
2943 1.121605e-04 1.463577e-07
2944 1.121567e-04 1.458291e-07
2945 1.121528e-04 1.453023e-07
2946 1.121490e-04 1.447775e-07
2947 1.121451e-04 1.442545e-07
2948 1.121413e-04 1.437335e-07
2949 1.121375e-04 1.432143e-07
2950 1.121337e-04 1.426970e-07
2951 1.121300e-04 1.421816e-07
2952 1.121262e-04 1.416680e-07
2953 1.121225e-04 1.411563e-07
2954 1.121188e-04 1.406464e-07
2955 1.121151e-04 1.401384e-07
2956 1.121114e-04 1.396322e-07
2957 1.121077e-04 1.391278e-07
2958 1.121040e-04 1.386253e-07
2959 1.121004e-04 1.381245e-07
2960 1.120967e-04 1.376256e-07
2961 1.120931e-04 1.371285e-07
2962 1.120895e-04 1.366332e-07
2963 1.120859e-04 1.361396e-07
2964 1.120823e-04 1.356479e-07
2965 1.120788e-04 1.351579e-07
2966 1.120752e-04 1.346697e-07
2967 1.120717e-04 1.341833e-07
2968 1.120682e-04 1.336986e-07
2969 1.120646e-04 1.332157e-07
2970 1.120611e-04 1.327345e-07
2971 1.120577e-04 1.322550e-07
2972 1.120542e-04 1.317773e-07
2973 1.120507e-04 1.313013e-07
2974 1.120473e-04 1.308270e-07
2975 1.120439e-04 1.303545e-07
2976 1.120405e-04 1.298836e-07
2977 1.120371e-04 1.294145e-07
2978 1.120337e-04 1.289470e-07
2979 1.120303e-04 1.284812e-07
2980 1.120269e-04 1.280171e-07
2981 1.120236e-04 1.275547e-07
2982 1.120203e-04 1.270940e-07
2983 1.120169e-04 1.266349e-07
2984 1.120136e-04 1.261775e-07
2985 1.120103e-04 1.257217e-07
2986 1.120071e-04 1.252676e-07
2987 1.120038e-04 1.248151e-07
2988 1.120005e-04 1.243643e-07
2989 1.119973e-04 1.239151e-07
2990 1.119941e-04 1.234675e-07
2991 1.119908e-04 1.230215e-07
2992 1.119876e-04 1.225771e-07
2993 1.119844e-04 1.221344e-07
2994 1.119813e-04 1.216932e-07
2995 1.119781e-04 1.212536e-07
2996 1.119749e-04 1.208157e-07
2997 1.119718e-04 1.203793e-07
2998 1.119687e-04 1.199444e-07
2999 1.119655e-04 1.195112e-07
3000 1.119624e-04 1.190795e-07
3001 1.119593e-04 1.186494e-07
3002 1.119563e-04 1.182208e-07
3003 1.119532e-04 1.177938e-07
3004 1.119501e-04 1.173683e-07
3005 1.119471e-04 1.169444e-07
3006 1.119440e-04 1.165219e-07
3007 1.119410e-04 1.161010e-07
3008 1.119380e-04 1.156817e-07
3009 1.119350e-04 1.152638e-07
3010 1.119320e-04 1.148475e-07
3011 1.119290e-04 1.144326e-07
3012 1.119261e-04 1.140193e-07
3013 1.119231e-04 1.136075e-07
3014 1.119202e-04 1.131971e-07
3015 1.119173e-04 1.127882e-07
3016 1.119143e-04 1.123808e-07
3017 1.119114e-04 1.119749e-07
3018 1.119085e-04 1.115704e-07
3019 1.119056e-04 1.111674e-07
3020 1.119028e-04 1.107659e-07
3021 1.118999e-04 1.103658e-07
3022 1.118971e-04 1.099671e-07
3023 1.118942e-04 1.095699e-07
3024 1.118914e-04 1.091741e-07
3025 1.118886e-04 1.087798e-07
3026 1.118858e-04 1.083868e-07
3027 1.118830e-04 1.079953e-07
3028 1.118802e-04 1.076053e-07
3029 1.118774e-04 1.072166e-07
3030 1.118746e-04 1.068293e-07
3031 1.118719e-04 1.064434e-07
3032 1.118691e-04 1.060589e-07
3033 1.118664e-04 1.056758e-07
3034 1.118637e-04 1.052941e-07
3035 1.118610e-04 1.049138e-07
3036 1.118583e-04 1.045348e-07
3037 1.118556e-04 1.041572e-07
3038 1.118529e-04 1.037810e-07
3039 1.118502e-04 1.034061e-07
3040 1.118476e-04 1.030326e-07
3041 1.118449e-04 1.026605e-07
3042 1.118423e-04 1.022897e-07
3043 1.118397e-04 1.019202e-07
3044 1.118370e-04 1.015520e-07
3045 1.118344e-04 1.011852e-07
3046 1.118318e-04 1.008197e-07
3047 1.118292e-04 1.004555e-07
3048 1.118267e-04 1.000927e-07
3049 1.118241e-04 9.973115e-08
3050 1.118215e-04 9.937091e-08
3051 1.118190e-04 9.901197e-08
3052 1.118165e-04 9.865433e-08
3053 1.118139e-04 9.829798e-08
3054 1.118114e-04 9.794292e-08
3055 1.118089e-04 9.758914e-08
3056 1.118064e-04 9.723663e-08
3057 1.118039e-04 9.688541e-08
3058 1.118014e-04 9.653545e-08
3059 1.117990e-04 9.618675e-08
3060 1.117965e-04 9.583931e-08
3061 1.117940e-04 9.549313e-08
3062 1.117916e-04 9.514820e-08
3063 1.117892e-04 9.480452e-08
3064 1.117867e-04 9.446207e-08
3065 1.117843e-04 9.412087e-08
3066 1.117819e-04 9.378089e-08
3067 1.117795e-04 9.344215e-08
3068 1.117771e-04 9.310462e-08
3069 1.117748e-04 9.276832e-08
3070 1.117724e-04 9.243323e-08
3071 1.117700e-04 9.209935e-08
3072 1.117677e-04 9.176668e-08
3073 1.117654e-04 9.143521e-08
3074 1.117630e-04 9.110494e-08
3075 1.117607e-04 9.077586e-08
3076 1.117584e-04 9.044796e-08
3077 1.117561e-04 9.012126e-08
3078 1.117538e-04 8.979573e-08
3079 1.117515e-04 8.947138e-08
3080 1.117492e-04 8.914820e-08
3081 1.117469e-04 8.882619e-08
3082 1.117447e-04 8.850534e-08
3083 1.117424e-04 8.818565e-08
3084 1.117402e-04 8.786711e-08
3085 1.117379e-04 8.754973e-08
3086 1.117357e-04 8.723349e-08
3087 1.117335e-04 8.691839e-08
3088 1.117313e-04 8.660443e-08
3089 1.117291e-04 8.629161e-08
3090 1.117269e-04 8.597992e-08
3091 1.117247e-04 8.566935e-08
3092 1.117225e-04 8.535990e-08
3093 1.117204e-04 8.505157e-08
3094 1.117182e-04 8.474436e-08
3095 1.117161e-04 8.443825e-08
3096 1.117139e-04 8.413325e-08
3097 1.117118e-04 8.382936e-08
3098 1.117097e-04 8.352656e-08
3099 1.117075e-04 8.322485e-08
3100 1.117054e-04 8.292423e-08
3101 1.117033e-04 8.262470e-08
3102 1.117012e-04 8.232625e-08
3103 1.116991e-04 8.202888e-08
3104 1.116971e-04 8.173259e-08
3105 1.116950e-04 8.143736e-08
3106 1.116929e-04 8.114320e-08
3107 1.116909e-04 8.085010e-08
3108 1.116888e-04 8.055806e-08
3109 1.116868e-04 8.026708e-08
3110 1.116848e-04 7.997715e-08
3111 1.116827e-04 7.968826e-08
3112 1.116807e-04 7.940042e-08
3113 1.116787e-04 7.911362e-08
3114 1.116767e-04 7.882785e-08
3115 1.116747e-04 7.854312e-08
3116 1.116727e-04 7.825941e-08
3117 1.116708e-04 7.797673e-08
3118 1.116688e-04 7.769507e-08
3119 1.116668e-04 7.741443e-08
3120 1.116649e-04 7.713480e-08
3121 1.116629e-04 7.685618e-08
3122 1.116610e-04 7.657857e-08
3123 1.116590e-04 7.630196e-08
3124 1.116571e-04 7.602635e-08
3125 1.116552e-04 7.575173e-08
3126 1.116533e-04 7.547811e-08
3127 1.116514e-04 7.520547e-08
3128 1.116495e-04 7.493382e-08
3129 1.116476e-04 7.466316e-08
3130 1.116457e-04 7.439346e-08
3131 1.116438e-04 7.412475e-08
3132 1.116420e-04 7.385700e-08
3133 1.116401e-04 7.359022e-08
3134 1.116383e-04 7.332441e-08
3135 1.116364e-04 7.305955e-08
3136 1.116346e-04 7.279565e-08
3137 1.116327e-04 7.253271e-08
3138 1.116309e-04 7.227071e-08
3139 1.116291e-04 7.200966e-08
3140 1.116273e-04 7.174956e-08
3141 1.116255e-04 7.149039e-08
3142 1.116237e-04 7.123216e-08
3143 1.116219e-04 7.097486e-08
3144 1.116201e-04 7.071849e-08
3145 1.116183e-04 7.046305e-08
3146 1.116166e-04 7.020853e-08
3147 1.116148e-04 6.995493e-08
3148 1.116130e-04 6.970225e-08
3149 1.116113e-04 6.945048e-08
3150 1.116095e-04 6.919961e-08
3151 1.116078e-04 6.894966e-08
3152 1.116061e-04 6.870060e-08
3153 1.116043e-04 6.845245e-08
3154 1.116026e-04 6.820519e-08
3155 1.116009e-04 6.795883e-08
3156 1.115992e-04 6.771335e-08
3157 1.115975e-04 6.746877e-08
3158 1.115958e-04 6.722506e-08
3159 1.115941e-04 6.698224e-08
3160 1.115925e-04 6.674029e-08
3161 1.115908e-04 6.649922e-08
3162 1.115891e-04 6.625902e-08
3163 1.115875e-04 6.601968e-08
3164 1.115858e-04 6.578121e-08
3165 1.115841e-04 6.554361e-08
3166 1.115825e-04 6.530685e-08
3167 1.115809e-04 6.507096e-08
3168 1.115792e-04 6.483592e-08
3169 1.115776e-04 6.460172e-08
3170 1.115760e-04 6.436838e-08
3171 1.115744e-04 6.413587e-08
3172 1.115728e-04 6.390420e-08
3173 1.115712e-04 6.367338e-08
3174 1.115696e-04 6.344338e-08
3175 1.115680e-04 6.321422e-08
3176 1.115664e-04 6.298588e-08
3177 1.115649e-04 6.275837e-08
3178 1.115633e-04 6.253168e-08
3179 1.115617e-04 6.230581e-08
3180 1.115602e-04 6.208075e-08
3181 1.115586e-04 6.185651e-08
3182 1.115571e-04 6.163308e-08
3183 1.115555e-04 6.141046e-08
3184 1.115540e-04 6.118863e-08
3185 1.115525e-04 6.096762e-08
3186 1.115509e-04 6.074739e-08
3187 1.115494e-04 6.052797e-08
3188 1.115479e-04 6.030933e-08
3189 1.115464e-04 6.009149e-08
3190 1.115449e-04 5.987443e-08
3191 1.115434e-04 5.965816e-08
3192 1.115419e-04 5.944267e-08
3193 1.115404e-04 5.922796e-08
3194 1.115390e-04 5.901402e-08
3195 1.115375e-04 5.880086e-08
3196 1.115360e-04 5.858846e-08
3197 1.115346e-04 5.837683e-08
3198 1.115331e-04 5.816597e-08
3199 1.115317e-04 5.795587e-08
3200 1.115302e-04 5.774653e-08
3201 1.115288e-04 5.753794e-08
3202 1.115274e-04 5.733011e-08
3203 1.115259e-04 5.712303e-08
3204 1.115245e-04 5.691669e-08
3205 1.115231e-04 5.671110e-08
3206 1.115217e-04 5.650626e-08
3207 1.115203e-04 5.630215e-08
3208 1.115189e-04 5.609878e-08
3209 1.115175e-04 5.589615e-08
3210 1.115161e-04 5.569424e-08
3211 1.115147e-04 5.549307e-08
3212 1.115133e-04 5.529262e-08
3213 1.115119e-04 5.509290e-08
3214 1.115106e-04 5.489390e-08
3215 1.115092e-04 5.469562e-08
3216 1.115078e-04 5.449805e-08
3217 1.115065e-04 5.430120e-08
3218 1.115051e-04 5.410506e-08
3219 1.115038e-04 5.390962e-08
3220 1.115025e-04 5.371490e-08
3221 1.115011e-04 5.352087e-08
3222 1.114998e-04 5.332755e-08
3223 1.114985e-04 5.313493e-08
3224 1.114972e-04 5.294300e-08
3225 1.114958e-04 5.275176e-08
3226 1.114945e-04 5.256122e-08
3227 1.114932e-04 5.237136e-08
3228 1.114919e-04 5.218219e-08
3229 1.114906e-04 5.199370e-08
3230 1.114893e-04 5.180590e-08
3231 1.114881e-04 5.161877e-08
3232 1.114868e-04 5.143232e-08
3233 1.114855e-04 5.124654e-08
3234 1.114842e-04 5.106143e-08
3235 1.114830e-04 5.087699e-08
3236 1.114817e-04 5.069322e-08
3237 1.114804e-04 5.051011e-08
3238 1.114792e-04 5.032766e-08
3239 1.114779e-04 5.014587e-08
3240 1.114767e-04 4.996474e-08
3241 1.114755e-04 4.978426e-08
3242 1.114742e-04 4.960444e-08
3243 1.114730e-04 4.942526e-08
3244 1.114718e-04 4.924673e-08
3245 1.114706e-04 4.906885e-08
3246 1.114693e-04 4.889160e-08
3247 1.114681e-04 4.871500e-08
3248 1.114669e-04 4.853904e-08
3249 1.114657e-04 4.836371e-08
3250 1.114645e-04 4.818902e-08
3251 1.114633e-04 4.801495e-08
3252 1.114622e-04 4.784152e-08
3253 1.114610e-04 4.766871e-08
3254 1.114598e-04 4.749653e-08
3255 1.114586e-04 4.732496e-08
3256 1.114574e-04 4.715402e-08
3257 1.114563e-04 4.698370e-08
3258 1.114551e-04 4.681399e-08
3259 1.114540e-04 4.664489e-08
3260 1.114528e-04 4.647640e-08
3261 1.114517e-04 4.630853e-08
3262 1.114505e-04 4.614125e-08
3263 1.114494e-04 4.597459e-08
3264 1.114482e-04 4.580852e-08
3265 1.114471e-04 4.564306e-08
3266 1.114460e-04 4.547819e-08
3267 1.114449e-04 4.531392e-08
3268 1.114437e-04 4.515024e-08
3269 1.114426e-04 4.498715e-08
3270 1.114415e-04 4.482465e-08
3271 1.114404e-04 4.466274e-08
3272 1.114393e-04 4.450142e-08
3273 1.114382e-04 4.434067e-08
3274 1.114371e-04 4.418051e-08
3275 1.114360e-04 4.402093e-08
3276 1.114349e-04 4.386192e-08
3277 1.114339e-04 4.370348e-08
3278 1.114328e-04 4.354562e-08
3279 1.114317e-04 4.338833e-08
3280 1.114306e-04 4.323161e-08
3281 1.114296e-04 4.307545e-08
3282 1.114285e-04 4.291986e-08
3283 1.114275e-04 4.276483e-08
3284 1.114264e-04 4.261036e-08
3285 1.114253e-04 4.245644e-08
3286 1.114243e-04 4.230309e-08
3287 1.114233e-04 4.215028e-08
3288 1.114222e-04 4.199803e-08
3289 1.114212e-04 4.184633e-08
3290 1.114202e-04 4.169518e-08
3291 1.114191e-04 4.154457e-08
3292 1.114181e-04 4.139451e-08
3293 1.114171e-04 4.124499e-08
3294 1.114161e-04 4.109600e-08
3295 1.114151e-04 4.094756e-08
3296 1.114141e-04 4.079965e-08
3297 1.114130e-04 4.065228e-08
3298 1.114120e-04 4.050544e-08
3299 1.114111e-04 4.035913e-08
3300 1.114101e-04 4.021335e-08
3301 1.114091e-04 4.006810e-08
3302 1.114081e-04 3.992337e-08
3303 1.114071e-04 3.977916e-08
3304 1.114061e-04 3.963547e-08
3305 1.114052e-04 3.949231e-08
3306 1.114042e-04 3.934965e-08
3307 1.114032e-04 3.920752e-08
3308 1.114022e-04 3.906590e-08
3309 1.114013e-04 3.892479e-08
3310 1.114003e-04 3.878419e-08
3311 1.113994e-04 3.864410e-08
3312 1.113984e-04 3.850451e-08
3313 1.113975e-04 3.836543e-08
3314 1.113965e-04 3.822685e-08
3315 1.113956e-04 3.808877e-08
3316 1.113947e-04 3.795119e-08
3317 1.113937e-04 3.781410e-08
3318 1.113928e-04 3.767752e-08
3319 1.113919e-04 3.754142e-08
3320 1.113910e-04 3.740582e-08
3321 1.113900e-04 3.727070e-08
3322 1.113891e-04 3.713608e-08
3323 1.113882e-04 3.700194e-08
3324 1.113873e-04 3.686828e-08
3325 1.113864e-04 3.673511e-08
3326 1.113855e-04 3.660242e-08
3327 1.113846e-04 3.647021e-08
3328 1.113837e-04 3.633847e-08
3329 1.113828e-04 3.620722e-08
3330 1.113819e-04 3.607643e-08
3331 1.113810e-04 3.594612e-08
3332 1.113802e-04 3.581628e-08
3333 1.113793e-04 3.568691e-08
3334 1.113784e-04 3.555800e-08
3335 1.113775e-04 3.542956e-08
3336 1.113767e-04 3.530159e-08
3337 1.113758e-04 3.517408e-08
3338 1.113749e-04 3.504702e-08
3339 1.113741e-04 3.492043e-08
3340 1.113732e-04 3.479429e-08
3341 1.113724e-04 3.466861e-08
3342 1.113715e-04 3.454339e-08
3343 1.113707e-04 3.441861e-08
3344 1.113698e-04 3.429429e-08
3345 1.113690e-04 3.417041e-08
3346 1.113682e-04 3.404699e-08
3347 1.113673e-04 3.392401e-08
3348 1.113665e-04 3.380147e-08
3349 1.113657e-04 3.367937e-08
3350 1.113648e-04 3.355772e-08
3351 1.113640e-04 3.343651e-08
3352 1.113632e-04 3.331573e-08
3353 1.113624e-04 3.319539e-08
3354 1.113616e-04 3.307549e-08
3355 1.113608e-04 3.295601e-08
3356 1.113600e-04 3.283697e-08
3357 1.113592e-04 3.271836e-08
3358 1.113584e-04 3.260018e-08
3359 1.113576e-04 3.248243e-08
3360 1.113568e-04 3.236510e-08
3361 1.113560e-04 3.224819e-08
3362 1.113552e-04 3.213171e-08
3363 1.113544e-04 3.201564e-08
3364 1.113536e-04 3.190000e-08
3365 1.113528e-04 3.178477e-08
3366 1.113521e-04 3.166996e-08
3367 1.113513e-04 3.155557e-08
3368 1.113505e-04 3.144159e-08
3369 1.113497e-04 3.132802e-08
3370 1.113490e-04 3.121486e-08
3371 1.113482e-04 3.110210e-08
3372 1.113475e-04 3.098976e-08
3373 1.113467e-04 3.087782e-08
3374 1.113459e-04 3.076629e-08
3375 1.113452e-04 3.065516e-08
3376 1.113444e-04 3.054443e-08
3377 1.113437e-04 3.043410e-08
3378 1.113430e-04 3.032417e-08
3379 1.113422e-04 3.021463e-08
3380 1.113415e-04 3.010550e-08
3381 1.113407e-04 2.999675e-08
3382 1.113400e-04 2.988840e-08
3383 1.113393e-04 2.978044e-08
3384 1.113385e-04 2.967287e-08
3385 1.113378e-04 2.956569e-08
3386 1.113371e-04 2.945889e-08
3387 1.113364e-04 2.935249e-08
3388 1.113357e-04 2.924646e-08
3389 1.113350e-04 2.914082e-08
3390 1.113342e-04 2.903556e-08
3391 1.113335e-04 2.893068e-08
3392 1.113328e-04 2.882618e-08
3393 1.113321e-04 2.872206e-08
3394 1.113314e-04 2.861831e-08
3395 1.113307e-04 2.851494e-08
3396 1.113300e-04 2.841194e-08
3397 1.113293e-04 2.830931e-08
3398 1.113286e-04 2.820706e-08
3399 1.113280e-04 2.810517e-08
3400 1.113273e-04 2.800365e-08
3401 1.113266e-04 2.790250e-08
3402 1.113259e-04 2.780171e-08
3403 1.113252e-04 2.770129e-08
3404 1.113246e-04 2.760123e-08
3405 1.113239e-04 2.750153e-08
3406 1.113232e-04 2.740219e-08
3407 1.113225e-04 2.730321e-08
3408 1.113219e-04 2.720459e-08
3409 1.113212e-04 2.710633e-08
3410 1.113206e-04 2.700841e-08
3411 1.113199e-04 2.691086e-08
3412 1.113192e-04 2.681365e-08
3413 1.113186e-04 2.671680e-08
3414 1.113179e-04 2.662030e-08
3415 1.113173e-04 2.652414e-08
3416 1.113166e-04 2.642833e-08
3417 1.113160e-04 2.633287e-08
3418 1.113154e-04 2.623775e-08
3419 1.113147e-04 2.614298e-08
3420 1.113141e-04 2.604855e-08
3421 1.113135e-04 2.595446e-08
3422 1.113128e-04 2.586071e-08
3423 1.113122e-04 2.576730e-08
3424 1.113116e-04 2.567422e-08
3425 1.113109e-04 2.558148e-08
3426 1.113103e-04 2.548908e-08
3427 1.113097e-04 2.539701e-08
3428 1.113091e-04 2.530528e-08
3429 1.113085e-04 2.521387e-08
3430 1.113078e-04 2.512280e-08
3431 1.113072e-04 2.503205e-08
3432 1.113066e-04 2.494163e-08
3433 1.113060e-04 2.485154e-08
3434 1.113054e-04 2.476177e-08
3435 1.113048e-04 2.467233e-08
3436 1.113042e-04 2.458321e-08
3437 1.113036e-04 2.449442e-08
3438 1.113030e-04 2.440594e-08
3439 1.113024e-04 2.431778e-08
3440 1.113018e-04 2.422994e-08
3441 1.113012e-04 2.414242e-08
3442 1.113007e-04 2.405522e-08
3443 1.113001e-04 2.396833e-08
3444 1.112995e-04 2.388175e-08
3445 1.112989e-04 2.379549e-08
3446 1.112983e-04 2.370954e-08
3447 1.112978e-04 2.362390e-08
3448 1.112972e-04 2.353856e-08
3449 1.112966e-04 2.345354e-08
3450 1.112960e-04 2.336882e-08
3451 1.112955e-04 2.328441e-08
3452 1.112949e-04 2.320031e-08
3453 1.112943e-04 2.311651e-08
3454 1.112938e-04 2.303301e-08
3455 1.112932e-04 2.294981e-08
3456 1.112927e-04 2.286691e-08
3457 1.112921e-04 2.278431e-08
3458 1.112916e-04 2.270201e-08
3459 1.112910e-04 2.262001e-08
3460 1.112905e-04 2.253831e-08
3461 1.112899e-04 2.245690e-08
3462 1.112894e-04 2.237578e-08
3463 1.112888e-04 2.229496e-08
3464 1.112883e-04 2.221442e-08
3465 1.112877e-04 2.213418e-08
3466 1.112872e-04 2.205423e-08
3467 1.112867e-04 2.197457e-08
3468 1.112861e-04 2.189520e-08
3469 1.112856e-04 2.181611e-08
3470 1.112851e-04 2.173731e-08
3471 1.112845e-04 2.165879e-08
3472 1.112840e-04 2.158056e-08
3473 1.112835e-04 2.150260e-08
3474 1.112830e-04 2.142493e-08
3475 1.112825e-04 2.134755e-08
3476 1.112819e-04 2.127044e-08
3477 1.112814e-04 2.119360e-08
3478 1.112809e-04 2.111705e-08
3479 1.112804e-04 2.104077e-08
3480 1.112799e-04 2.096477e-08
3481 1.112794e-04 2.088905e-08
3482 1.112789e-04 2.081359e-08
3483 1.112784e-04 2.073841e-08
3484 1.112779e-04 2.066350e-08
3485 1.112774e-04 2.058886e-08
3486 1.112769e-04 2.051449e-08
3487 1.112764e-04 2.044039e-08
3488 1.112759e-04 2.036656e-08
3489 1.112754e-04 2.029300e-08
3490 1.112749e-04 2.021969e-08
3491 1.112744e-04 2.014666e-08
3492 1.112739e-04 2.007389e-08
3493 1.112734e-04 2.000138e-08
3494 1.112729e-04 1.992913e-08
3495 1.112724e-04 1.985715e-08
3496 1.112720e-04 1.978542e-08
3497 1.112715e-04 1.971395e-08
3498 1.112710e-04 1.964274e-08
3499 1.112705e-04 1.957179e-08
3500 1.112701e-04 1.950110e-08
3501 1.112696e-04 1.943066e-08
3502 1.112691e-04 1.936047e-08
3503 1.112686e-04 1.929054e-08
3504 1.112682e-04 1.922086e-08
3505 1.112677e-04 1.915143e-08
3506 1.112672e-04 1.908226e-08
3507 1.112668e-04 1.901333e-08
3508 1.112663e-04 1.894465e-08
3509 1.112659e-04 1.887622e-08
3510 1.112654e-04 1.880804e-08
3511 1.112650e-04 1.874010e-08
3512 1.112645e-04 1.867241e-08
3513 1.112640e-04 1.860496e-08
3514 1.112636e-04 1.853776e-08
3515 1.112631e-04 1.847080e-08
3516 1.112627e-04 1.840408e-08
3517 1.112623e-04 1.833760e-08
3518 1.112618e-04 1.827137e-08
3519 1.112614e-04 1.820537e-08
3520 1.112609e-04 1.813961e-08
3521 1.112605e-04 1.807409e-08
3522 1.112601e-04 1.800880e-08
3523 1.112596e-04 1.794375e-08
3524 1.112592e-04 1.787894e-08
3525 1.112588e-04 1.781436e-08
3526 1.112583e-04 1.775001e-08
3527 1.112579e-04 1.768589e-08
3528 1.112575e-04 1.762201e-08
3529 1.112570e-04 1.755836e-08
3530 1.112566e-04 1.749494e-08
3531 1.112562e-04 1.743174e-08
3532 1.112558e-04 1.736878e-08
3533 1.112553e-04 1.730604e-08
3534 1.112549e-04 1.724353e-08
3535 1.112545e-04 1.718124e-08
3536 1.112541e-04 1.711918e-08
3537 1.112537e-04 1.705735e-08
3538 1.112533e-04 1.699573e-08
3539 1.112529e-04 1.693434e-08
3540 1.112524e-04 1.687317e-08
3541 1.112520e-04 1.681223e-08
3542 1.112516e-04 1.675150e-08
3543 1.112512e-04 1.669099e-08
3544 1.112508e-04 1.663070e-08
3545 1.112504e-04 1.657063e-08
3546 1.112500e-04 1.651077e-08
3547 1.112496e-04 1.645114e-08
3548 1.112492e-04 1.639171e-08
3549 1.112488e-04 1.633250e-08
3550 1.112484e-04 1.627351e-08
3551 1.112480e-04 1.621473e-08
3552 1.112476e-04 1.615616e-08
3553 1.112473e-04 1.609780e-08
3554 1.112469e-04 1.603965e-08
3555 1.112465e-04 1.598172e-08
3556 1.112461e-04 1.592399e-08
3557 1.112457e-04 1.586647e-08
3558 1.112453e-04 1.580916e-08
3559 1.112449e-04 1.575206e-08
3560 1.112446e-04 1.569516e-08
3561 1.112442e-04 1.563846e-08
3562 1.112438e-04 1.558198e-08
3563 1.112434e-04 1.552569e-08
3564 1.112431e-04 1.546961e-08
3565 1.112427e-04 1.541373e-08
3566 1.112423e-04 1.535806e-08
3567 1.112419e-04 1.530258e-08
3568 1.112416e-04 1.524731e-08
3569 1.112412e-04 1.519223e-08
3570 1.112408e-04 1.513736e-08
3571 1.112405e-04 1.508268e-08
3572 1.112401e-04 1.502820e-08
3573 1.112397e-04 1.497392e-08
3574 1.112394e-04 1.491983e-08
3575 1.112390e-04 1.486594e-08
3576 1.112387e-04 1.481224e-08
3577 1.112383e-04 1.475874e-08
3578 1.112379e-04 1.470543e-08
3579 1.112376e-04 1.465231e-08
3580 1.112372e-04 1.459938e-08
3581 1.112369e-04 1.454665e-08
3582 1.112365e-04 1.449411e-08
3583 1.112362e-04 1.444175e-08
3584 1.112358e-04 1.438959e-08
3585 1.112355e-04 1.433761e-08
3586 1.112351e-04 1.428582e-08
3587 1.112348e-04 1.423422e-08
3588 1.112345e-04 1.418280e-08
3589 1.112341e-04 1.413157e-08
3590 1.112338e-04 1.408053e-08
3591 1.112334e-04 1.402967e-08
3592 1.112331e-04 1.397899e-08
3593 1.112328e-04 1.392850e-08
3594 1.112324e-04 1.387819e-08
3595 1.112321e-04 1.382806e-08
3596 1.112317e-04 1.377811e-08
3597 1.112314e-04 1.372834e-08
3598 1.112311e-04 1.367875e-08
3599 1.112308e-04 1.362934e-08
3600 1.112304e-04 1.358011e-08
3601 1.112301e-04 1.353106e-08
3602 1.112298e-04 1.348219e-08
3603 1.112294e-04 1.343349e-08
3604 1.112291e-04 1.338496e-08
3605 1.112288e-04 1.333662e-08
3606 1.112285e-04 1.328844e-08
3607 1.112282e-04 1.324044e-08
3608 1.112278e-04 1.319262e-08
3609 1.112275e-04 1.314496e-08
3610 1.112272e-04 1.309748e-08
3611 1.112269e-04 1.305017e-08
3612 1.112266e-04 1.300304e-08
3613 1.112263e-04 1.295607e-08
3614 1.112259e-04 1.290927e-08
3615 1.112256e-04 1.286264e-08
3616 1.112253e-04 1.281618e-08
3617 1.112250e-04 1.276988e-08
3618 1.112247e-04 1.272376e-08
3619 1.112244e-04 1.267780e-08
3620 1.112241e-04 1.263201e-08
3621 1.112238e-04 1.258638e-08
3622 1.112235e-04 1.254091e-08
3623 1.112232e-04 1.249561e-08
3624 1.112229e-04 1.245048e-08
3625 1.112226e-04 1.240551e-08
3626 1.112223e-04 1.236070e-08
3627 1.112220e-04 1.231605e-08
3628 1.112217e-04 1.227156e-08
3629 1.112214e-04 1.222724e-08
3630 1.112211e-04 1.218307e-08
3631 1.112208e-04 1.213906e-08
3632 1.112205e-04 1.209522e-08
3633 1.112202e-04 1.205153e-08
3634 1.112199e-04 1.200800e-08
3635 1.112196e-04 1.196462e-08
3636 1.112194e-04 1.192140e-08
3637 1.112191e-04 1.187834e-08
3638 1.112188e-04 1.183544e-08
3639 1.112185e-04 1.179269e-08
3640 1.112182e-04 1.175009e-08
3641 1.112179e-04 1.170765e-08
3642 1.112176e-04 1.166536e-08
3643 1.112174e-04 1.162322e-08
3644 1.112171e-04 1.158124e-08
3645 1.112168e-04 1.153940e-08
3646 1.112165e-04 1.149772e-08
3647 1.112163e-04 1.145619e-08
3648 1.112160e-04 1.141481e-08
3649 1.112157e-04 1.137358e-08
3650 1.112154e-04 1.133250e-08
3651 1.112152e-04 1.129156e-08
3652 1.112149e-04 1.125078e-08
3653 1.112146e-04 1.121014e-08
3654 1.112143e-04 1.116965e-08
3655 1.112141e-04 1.112930e-08
3656 1.112138e-04 1.108910e-08
3657 1.112135e-04 1.104904e-08
3658 1.112133e-04 1.100913e-08
3659 1.112130e-04 1.096937e-08
3660 1.112127e-04 1.092975e-08
3661 1.112125e-04 1.089027e-08
3662 1.112122e-04 1.085093e-08
3663 1.112120e-04 1.081173e-08
3664 1.112117e-04 1.077268e-08
3665 1.112114e-04 1.073377e-08
3666 1.112112e-04 1.069500e-08
3667 1.112109e-04 1.065637e-08
3668 1.112107e-04 1.061787e-08
3669 1.112104e-04 1.057952e-08
3670 1.112102e-04 1.054131e-08
3671 1.112099e-04 1.050323e-08
3672 1.112096e-04 1.046529e-08
3673 1.112094e-04 1.042749e-08
3674 1.112091e-04 1.038983e-08
3675 1.112089e-04 1.035230e-08
3676 1.112086e-04 1.031490e-08
3677 1.112084e-04 1.027764e-08
3678 1.112081e-04 1.024052e-08
3679 1.112079e-04 1.020353e-08
3680 1.112077e-04 1.016667e-08
3681 1.112074e-04 1.012995e-08
3682 1.112072e-04 1.009336e-08
3683 1.112069e-04 1.005690e-08
3684 1.112067e-04 1.002058e-08
3685 1.112064e-04 9.984381e-09
