# step err_l2 res_l2
0 2.463645e-01 1.000000e+00
1 2.338641e-01 2.406626e-01
2 2.278279e-01 1.410400e-01
3 2.234073e-01 1.023634e-01
4 2.197727e-01 8.172254e-02
5 2.166258e-01 6.870094e-02
6 2.138196e-01 5.964564e-02
7 2.112687e-01 5.293759e-02
8 2.089186e-01 4.774290e-02
9 2.067317e-01 4.358564e-02
10 2.046807e-01 4.017313e-02
11 2.027454e-01 3.731488e-02
12 2.009100e-01 3.488121e-02
13 1.991621e-01 3.278060e-02
14 1.974915e-01 3.094648e-02
15 1.958901e-01 2.932921e-02
16 1.943508e-01 2.789097e-02
17 1.928680e-01 2.660239e-02
18 1.914365e-01 2.544032e-02
19 1.900522e-01 2.438624e-02
20 1.887113e-01 2.342512e-02
21 1.874106e-01 2.254467e-02
22 1.861471e-01 2.173470e-02
23 1.849184e-01 2.098670e-02
24 1.837222e-01 2.029353e-02
25 1.825565e-01 1.964909e-02
26 1.814193e-01 1.904819e-02
27 1.803091e-01 1.848637e-02
28 1.792244e-01 1.795976e-02
29 1.781638e-01 1.746500e-02
30 1.771260e-01 1.699915e-02
31 1.761099e-01 1.655964e-02
32 1.751145e-01 1.614419e-02
33 1.741388e-01 1.575079e-02
34 1.731818e-01 1.537764e-02
35 1.722427e-01 1.502314e-02
36 1.713209e-01 1.468587e-02
37 1.704155e-01 1.436453e-02
38 1.695258e-01 1.405798e-02
39 1.686514e-01 1.376517e-02
40 1.677915e-01 1.348514e-02
41 1.669456e-01 1.321704e-02
42 1.661132e-01 1.296009e-02
43 1.652938e-01 1.271357e-02
44 1.644869e-01 1.247682e-02
45 1.636922e-01 1.224926e-02
46 1.629092e-01 1.203032e-02
47 1.621376e-01 1.181951e-02
48 1.613769e-01 1.161636e-02
49 1.606268e-01 1.142043e-02
50 1.598869e-01 1.123134e-02
51 1.591571e-01 1.104870e-02
52 1.584370e-01 1.087219e-02
53 1.577262e-01 1.070147e-02
54 1.570245e-01 1.053626e-02
55 1.563318e-01 1.037629e-02
56 1.556476e-01 1.022128e-02
57 1.549718e-01 1.007102e-02
58 1.543042e-01 9.925256e-03
59 1.536445e-01 9.783796e-03
60 1.529926e-01 9.646439e-03
61 1.523482e-01 9.513000e-03
62 1.517112e-01 9.383305e-03
63 1.510813e-01 9.257192e-03
64 1.504584e-01 9.134505e-03
65 1.498424e-01 9.015102e-03
66 1.492330e-01 8.898845e-03
67 1.486302e-01 8.785605e-03
68 1.480337e-01 8.675260e-03
69 1.474434e-01 8.567696e-03
70 1.468592e-01 8.462803e-03
71 1.462809e-01 8.360478e-03
72 1.457085e-01 8.260623e-03
73 1.451417e-01 8.163146e-03
74 1.445805e-01 8.067959e-03
75 1.440248e-01 7.974976e-03
76 1.434744e-01 7.884120e-03
77 1.429293e-01 7.795315e-03
78 1.423893e-01 7.708487e-03
79 1.418543e-01 7.623570e-03
80 1.413242e-01 7.540496e-03
81 1.407990e-01 7.459205e-03
82 1.402785e-01 7.379636e-03
83 1.397626e-01 7.301733e-03
84 1.392514e-01 7.225440e-03
85 1.387446e-01 7.150708e-03
86 1.382421e-01 7.077484e-03
87 1.377440e-01 7.005723e-03
88 1.372502e-01 6.935379e-03
89 1.367605e-01 6.866408e-03
90 1.362749e-01 6.798768e-03
91 1.357933e-01 6.732420e-03
92 1.353156e-01 6.667325e-03
93 1.348419e-01 6.603446e-03
94 1.343719e-01 6.540747e-03
95 1.339057e-01 6.479195e-03
96 1.334432e-01 6.418758e-03
97 1.329843e-01 6.359403e-03
98 1.325290e-01 6.301101e-03
99 1.320772e-01 6.243822e-03
100 1.316289e-01 6.187539e-03
101 1.311839e-01 6.132224e-03
102 1.307423e-01 6.077852e-03
103 1.303040e-01 6.024398e-03
104 1.298689e-01 5.971837e-03
105 1.294371e-01 5.920147e-03
106 1.290083e-01 5.869305e-03
107 1.285827e-01 5.819290e-03
108 1.281601e-01 5.770080e-03
109 1.277406e-01 5.721655e-03
110 1.273240e-01 5.673997e-03
111 1.269103e-01 5.627085e-03
112 1.264995e-01 5.580903e-03
113 1.260915e-01 5.535433e-03
114 1.256863e-01 5.490656e-03
115 1.252839e-01 5.446559e-03
116 1.248842e-01 5.403123e-03
117 1.244872e-01 5.360334e-03
118 1.240928e-01 5.318177e-03
119 1.237010e-01 5.276638e-03
120 1.233118e-01 5.235703e-03
121 1.229251e-01 5.195358e-03
122 1.225410e-01 5.155590e-03
123 1.221593e-01 5.116386e-03
124 1.217800e-01 5.077734e-03
125 1.214031e-01 5.039623e-03
126 1.210287e-01 5.002040e-03
127 1.206565e-01 4.964974e-03
128 1.202867e-01 4.928415e-03
129 1.199191e-01 4.892352e-03
130 1.195538e-01 4.856774e-03
131 1.191907e-01 4.821672e-03
132 1.188299e-01 4.787036e-03
133 1.184712e-01 4.752857e-03
134 1.181146e-01 4.719125e-03
135 1.177601e-01 4.685831e-03
136 1.174078e-01 4.652968e-03
137 1.170575e-01 4.620526e-03
138 1.167092e-01 4.588497e-03
139 1.163630e-01 4.556873e-03
140 1.160187e-01 4.525648e-03
141 1.156764e-01 4.494812e-03
142 1.153361e-01 4.464359e-03
143 1.149976e-01 4.434282e-03
144 1.146611e-01 4.404574e-03
145 1.143265e-01 4.375228e-03
146 1.139937e-01 4.346238e-03
147 1.136627e-01 4.317596e-03
148 1.133335e-01 4.289297e-03
149 1.130062e-01 4.261335e-03
150 1.126806e-01 4.233704e-03
151 1.123568e-01 4.206398e-03
152 1.120347e-01 4.179411e-03
153 1.117143e-01 4.152738e-03
154 1.113956e-01 4.126373e-03
155 1.110786e-01 4.100312e-03
156 1.107632e-01 4.074549e-03
157 1.104495e-01 4.049080e-03
158 1.101374e-01 4.023899e-03
159 1.098269e-01 3.999001e-03
160 1.095179e-01 3.974382e-03
161 1.092106e-01 3.950038e-03
162 1.089048e-01 3.925964e-03
163 1.086005e-01 3.902156e-03
164 1.082978e-01 3.878609e-03
165 1.079966e-01 3.855319e-03
166 1.076968e-01 3.832283e-03
167 1.073986e-01 3.809496e-03
168 1.071018e-01 3.786955e-03
169 1.068064e-01 3.764656e-03
170 1.065125e-01 3.742594e-03
171 1.062199e-01 3.720768e-03
172 1.059288e-01 3.699172e-03
173 1.056391e-01 3.677804e-03
174 1.053507e-01 3.656660e-03
175 1.050637e-01 3.635736e-03
176 1.047780e-01 3.615031e-03
177 1.044937e-01 3.594539e-03
178 1.042107e-01 3.574260e-03
179 1.039290e-01 3.554188e-03
180 1.036486e-01 3.534322e-03
181 1.033694e-01 3.514658e-03
182 1.030916e-01 3.495193e-03
183 1.028149e-01 3.475926e-03
184 1.025396e-01 3.456852e-03
185 1.022654e-01 3.437970e-03
186 1.019925e-01 3.419276e-03
187 1.017208e-01 3.400768e-03
188 1.014503e-01 3.382444e-03
189 1.011810e-01 3.364300e-03
190 1.009129e-01 3.346336e-03
191 1.006459e-01 3.328547e-03
192 1.003801e-01 3.310932e-03
193 1.001154e-01 3.293489e-03
194 9.985182e-02 3.276215e-03
195 9.958940e-02 3.259107e-03
196 9.932809e-02 3.242165e-03
197 9.906788e-02 3.225385e-03
198 9.880876e-02 3.208766e-03
199 9.855073e-02 3.192305e-03
200 9.829377e-02 3.176000e-03
201 9.803788e-02 3.159850e-03
202 9.778304e-02 3.143852e-03
203 9.752924e-02 3.128005e-03
204 9.727649e-02 3.112306e-03
205 9.702476e-02 3.096753e-03
206 9.677405e-02 3.081346e-03
207 9.652435e-02 3.066082e-03
208 9.627565e-02 3.050958e-03
209 9.602794e-02 3.035975e-03
210 9.578122e-02 3.021128e-03
211 9.553548e-02 3.006418e-03
212 9.529070e-02 2.991843e-03
213 9.504688e-02 2.977400e-03
214 9.480402e-02 2.963088e-03
215 9.456210e-02 2.948906e-03
216 9.432112e-02 2.934851e-03
217 9.408107e-02 2.920923e-03
218 9.384193e-02 2.907120e-03
219 9.360372e-02 2.893440e-03
220 9.336640e-02 2.879882e-03
221 9.312999e-02 2.866444e-03
222 9.289447e-02 2.853125e-03
223 9.265984e-02 2.839924e-03
224 9.242608e-02 2.826839e-03
225 9.219319e-02 2.813869e-03
226 9.196117e-02 2.801012e-03
227 9.173001e-02 2.788267e-03
228 9.149970e-02 2.775633e-03
229 9.127023e-02 2.763109e-03
230 9.104160e-02 2.750693e-03
231 9.081380e-02 2.738383e-03
232 9.058682e-02 2.726180e-03
233 9.036067e-02 2.714080e-03
234 9.013533e-02 2.702085e-03
235 8.991079e-02 2.690191e-03
236 8.968706e-02 2.678398e-03
237 8.946412e-02 2.666705e-03
238 8.924197e-02 2.655110e-03
239 8.902060e-02 2.643613e-03
240 8.880001e-02 2.632212e-03
241 8.858019e-02 2.620906e-03
242 8.836113e-02 2.609695e-03
243 8.814284e-02 2.598576e-03
244 8.792530e-02 2.587550e-03
245 8.770852e-02 2.576615e-03
246 8.749247e-02 2.565769e-03
247 8.727717e-02 2.555013e-03
248 8.706260e-02 2.544344e-03
249 8.684875e-02 2.533762e-03
250 8.663563e-02 2.523267e-03
251 8.642323e-02 2.512856e-03
252 8.621155e-02 2.502529e-03
253 8.600057e-02 2.492286e-03
254 8.579029e-02 2.482124e-03
255 8.558072e-02 2.472044e-03
256 8.537184e-02 2.462044e-03
257 8.516365e-02 2.452124e-03
258 8.495614e-02 2.442282e-03
259 8.474932e-02 2.432518e-03
260 8.454317e-02 2.422830e-03
261 8.433769e-02 2.413219e-03
262 8.413288e-02 2.403683e-03
263 8.392873e-02 2.394220e-03
264 8.372524e-02 2.384832e-03
265 8.352240e-02 2.375516e-03
266 8.332022e-02 2.366272e-03
267 8.311868e-02 2.357099e-03
268 8.291778e-02 2.347996e-03
269 8.271752e-02 2.338963e-03
270 8.251789e-02 2.329999e-03
271 8.231889e-02 2.321102e-03
272 8.212052e-02 2.312273e-03
273 8.192277e-02 2.303510e-03
274 8.172564e-02 2.294813e-03
275 8.152912e-02 2.286181e-03
276 8.133321e-02 2.277614e-03
277 8.113791e-02 2.269110e-03
278 8.094321e-02 2.260669e-03
279 8.074911e-02 2.252290e-03
280 8.055561e-02 2.243973e-03
281 8.036270e-02 2.235716e-03
282 8.017037e-02 2.227520e-03
283 7.997864e-02 2.219384e-03
284 7.978748e-02 2.211306e-03
285 7.959690e-02 2.203287e-03
286 7.940690e-02 2.195326e-03
287 7.921747e-02 2.187421e-03
288 7.902860e-02 2.179573e-03
289 7.884031e-02 2.171781e-03
290 7.865257e-02 2.164044e-03
291 7.846539e-02 2.156362e-03
292 7.827877e-02 2.148733e-03
293 7.809270e-02 2.141158e-03
294 7.790718e-02 2.133636e-03
295 7.772221e-02 2.126167e-03
296 7.753778e-02 2.118749e-03
297 7.735389e-02 2.111382e-03
298 7.717053e-02 2.104066e-03
299 7.698771e-02 2.096800e-03
300 7.680543e-02 2.089583e-03
301 7.662367e-02 2.082416e-03
302 7.644243e-02 2.075297e-03
303 7.626172e-02 2.068226e-03
304 7.608153e-02 2.061203e-03
305 7.590186e-02 2.054226e-03
306 7.572270e-02 2.047296e-03
307 7.554405e-02 2.040412e-03
308 7.536592e-02 2.033574e-03
309 7.518829e-02 2.026780e-03
310 7.501116e-02 2.020031e-03
311 7.483453e-02 2.013326e-03
312 7.465841e-02 2.006665e-03
313 7.448278e-02 2.000047e-03
314 7.430764e-02 1.993472e-03
315 7.413300e-02 1.986938e-03
316 7.395884e-02 1.980447e-03
317 7.378517e-02 1.973997e-03
318 7.361199e-02 1.967588e-03
319 7.343929e-02 1.961219e-03
320 7.326706e-02 1.954890e-03
321 7.309532e-02 1.948601e-03
322 7.292404e-02 1.942352e-03
323 7.275324e-02 1.936141e-03
324 7.258291e-02 1.929968e-03
325 7.241305e-02 1.923834e-03
326 7.224366e-02 1.917737e-03
327 7.207472e-02 1.911677e-03
328 7.190625e-02 1.905655e-03
329 7.173824e-02 1.899668e-03
330 7.157068e-02 1.893718e-03
331 7.140358e-02 1.887803e-03
332 7.123693e-02 1.881924e-03
333 7.107074e-02 1.876080e-03
334 7.090499e-02 1.870271e-03
335 7.073969e-02 1.864495e-03
336 7.057483e-02 1.858754e-03
337 7.041041e-02 1.853046e-03
338 7.024644e-02 1.847371e-03
339 7.008290e-02 1.841730e-03
340 6.991980e-02 1.836120e-03
341 6.975714e-02 1.830543e-03
342 6.959491e-02 1.824998e-03
343 6.943311e-02 1.819485e-03
344 6.927173e-02 1.814003e-03
345 6.911079e-02 1.808551e-03
346 6.895027e-02 1.803131e-03
347 6.879017e-02 1.797740e-03
348 6.863050e-02 1.792380e-03
349 6.847124e-02 1.787049e-03
350 6.831241e-02 1.781748e-03
351 6.815399e-02 1.776476e-03
352 6.799598e-02 1.771232e-03
353 6.783839e-02 1.766018e-03
354 6.768120e-02 1.760831e-03
355 6.752443e-02 1.755673e-03
356 6.736807e-02 1.750542e-03
357 6.721211e-02 1.745438e-03
358 6.705655e-02 1.740362e-03
359 6.690140e-02 1.735312e-03
360 6.674665e-02 1.730290e-03
361 6.659230e-02 1.725293e-03
362 6.643835e-02 1.720323e-03
363 6.628479e-02 1.715378e-03
364 6.613163e-02 1.710459e-03
365 6.597886e-02 1.705566e-03
366 6.582648e-02 1.700697e-03
367 6.567449e-02 1.695854e-03
368 6.552289e-02 1.691035e-03
369 6.537168e-02 1.686240e-03
370 6.522085e-02 1.681470e-03
371 6.507041e-02 1.676723e-03
372 6.492035e-02 1.672000e-03
373 6.477067e-02 1.667301e-03
374 6.462137e-02 1.662625e-03
375 6.447245e-02 1.657972e-03
376 6.432390e-02 1.653341e-03
377 6.417573e-02 1.648733e-03
378 6.402794e-02 1.644148e-03
379 6.388052e-02 1.639585e-03
380 6.373346e-02 1.635044e-03
381 6.358678e-02 1.630524e-03
382 6.344047e-02 1.626026e-03
383 6.329452e-02 1.621549e-03
384 6.314894e-02 1.617094e-03
385 6.300372e-02 1.612659e-03
386 6.285887e-02 1.608245e-03
387 6.271438e-02 1.603852e-03
388 6.257025e-02 1.599479e-03
389 6.242647e-02 1.595126e-03
390 6.228306e-02 1.590794e-03
391 6.214000e-02 1.586481e-03
392 6.199730e-02 1.582187e-03
393 6.185495e-02 1.577914e-03
394 6.171295e-02 1.573659e-03
395 6.157131e-02 1.569424e-03
396 6.143002e-02 1.565207e-03
397 6.128907e-02 1.561010e-03
398 6.114847e-02 1.556830e-03
399 6.100822e-02 1.552670e-03
400 6.086832e-02 1.548527e-03
401 6.072876e-02 1.544403e-03
402 6.058954e-02 1.540297e-03
403 6.045067e-02 1.536208e-03
404 6.031213e-02 1.532138e-03
405 6.017394e-02 1.528084e-03
406 6.003608e-02 1.524048e-03
407 5.989857e-02 1.520029e-03
408 5.976138e-02 1.516028e-03
409 5.962454e-02 1.512043e-03
410 5.948802e-02 1.508074e-03
411 5.935184e-02 1.504123e-03
412 5.921599e-02 1.500188e-03
413 5.908048e-02 1.496269e-03
414 5.894529e-02 1.492366e-03
415 5.881043e-02 1.488480e-03
416 5.867590e-02 1.484609e-03
417 5.854169e-02 1.480754e-03
418 5.840781e-02 1.476915e-03
419 5.827426e-02 1.473091e-03
420 5.814103e-02 1.469283e-03
421 5.800812e-02 1.465490e-03
422 5.787553e-02 1.461712e-03
423 5.774326e-02 1.457949e-03
424 5.761131e-02 1.454201e-03
425 5.747968e-02 1.450468e-03
426 5.734837e-02 1.446749e-03
427 5.721737e-02 1.443045e-03
428 5.708669e-02 1.439356e-03
429 5.695632e-02 1.435680e-03
430 5.682626e-02 1.432019e-03
431 5.669652e-02 1.428372e-03
432 5.656709e-02 1.424739e-03
433 5.643797e-02 1.421119e-03
434 5.630916e-02 1.417514e-03
435 5.618066e-02 1.413922e-03
436 5.605246e-02 1.410344e-03
437 5.592457e-02 1.406779e-03
438 5.579699e-02 1.403227e-03
439 5.566971e-02 1.399689e-03
440 5.554274e-02 1.396163e-03
441 5.541607e-02 1.392651e-03
442 5.528970e-02 1.389151e-03
443 5.516363e-02 1.385665e-03
444 5.503786e-02 1.382191e-03
445 5.491239e-02 1.378730e-03
446 5.478722e-02 1.375281e-03
447 5.466235e-02 1.371845e-03
448 5.453777e-02 1.368421e-03
449 5.441349e-02 1.365009e-03
450 5.428951e-02 1.361610e-03
451 5.416582e-02 1.358222e-03
452 5.404242e-02 1.354847e-03
453 5.391931e-02 1.351483e-03
454 5.379650e-02 1.348132e-03
455 5.367398e-02 1.344792e-03
456 5.355174e-02 1.341463e-03
457 5.342980e-02 1.338146e-03
458 5.330814e-02 1.334841e-03
459 5.318677e-02 1.331547e-03
460 5.306569e-02 1.328265e-03
461 5.294489e-02 1.324993e-03
462 5.282438e-02 1.321733e-03
463 5.270415e-02 1.318484e-03
464 5.258420e-02 1.315246e-03
465 5.246454e-02 1.312019e-03
466 5.234516e-02 1.308802e-03
467 5.222606e-02 1.305597e-03
468 5.210724e-02 1.302402e-03
469 5.198870e-02 1.299218e-03
470 5.187044e-02 1.296044e-03
471 5.175245e-02 1.292881e-03
472 5.163474e-02 1.289728e-03
473 5.151731e-02 1.286586e-03
474 5.140016e-02 1.283454e-03
475 5.128328e-02 1.280332e-03
476 5.116667e-02 1.277220e-03
477 5.105033e-02 1.274118e-03
478 5.093427e-02 1.271027e-03
479 5.081848e-02 1.267945e-03
480 5.070296e-02 1.264873e-03
481 5.058771e-02 1.261812e-03
482 5.047273e-02 1.258759e-03
483 5.035802e-02 1.255717e-03
484 5.024357e-02 1.252684e-03
485 5.012940e-02 1.249661e-03
486 5.001549e-02 1.246647e-03
487 4.990184e-02 1.243643e-03
488 4.978846e-02 1.240648e-03
489 4.967535e-02 1.237663e-03
490 4.956250e-02 1.234686e-03
491 4.944991e-02 1.231719e-03
492 4.933758e-02 1.228762e-03
493 4.922552e-02 1.225813e-03
494 4.911371e-02 1.222873e-03
495 4.900217e-02 1.219943e-03
496 4.889089e-02 1.217021e-03
497 4.877986e-02 1.214108e-03
498 4.866909e-02 1.211205e-03
499 4.855858e-02 1.208310e-03
500 4.844833e-02 1.205423e-03
501 4.833833e-02 1.202546e-03
502 4.822859e-02 1.199677e-03
503 4.811910e-02 1.196816e-03
504 4.800987e-02 1.193965e-03
505 4.790089e-02 1.191121e-03
506 4.779216e-02 1.188287e-03
507 4.768369e-02 1.185460e-03
508 4.757546e-02 1.182642e-03
509 4.746749e-02 1.179832e-03
510 4.735976e-02 1.177031e-03
511 4.725229e-02 1.174238e-03
512 4.714506e-02 1.171453e-03
513 4.703809e-02 1.168676e-03
514 4.693136e-02 1.165907e-03
515 4.682487e-02 1.163146e-03
516 4.671864e-02 1.160393e-03
517 4.661265e-02 1.157648e-03
518 4.650690e-02 1.154911e-03
519 4.640140e-02 1.152182e-03
520 4.629614e-02 1.149461e-03
521 4.619112e-02 1.146748e-03
522 4.608635e-02 1.144042e-03
523 4.598182e-02 1.141344e-03
524 4.587753e-02 1.138654e-03
525 4.577348e-02 1.135971e-03
526 4.566967e-02 1.133296e-03
527 4.556610e-02 1.130629e-03
528 4.546277e-02 1.127969e-03
529 4.535968e-02 1.125316e-03
530 4.525682e-02 1.122671e-03
531 4.515420e-02 1.120033e-03
532 4.505182e-02 1.117403e-03
533 4.494967e-02 1.114780e-03
534 4.484776e-02 1.112164e-03
535 4.474608e-02 1.109556e-03
536 4.464464e-02 1.106955e-03
537 4.454343e-02 1.104361e-03
538 4.444245e-02 1.101774e-03
539 4.434171e-02 1.099194e-03
540 4.424120e-02 1.096622e-03
541 4.414091e-02 1.094056e-03
542 4.404086e-02 1.091497e-03
543 4.394104e-02 1.088946e-03
544 4.384145e-02 1.086401e-03
545 4.374209e-02 1.083863e-03
546 4.364295e-02 1.081333e-03
547 4.354404e-02 1.078809e-03
548 4.344536e-02 1.076292e-03
549 4.334691e-02 1.073781e-03
550 4.324868e-02 1.071278e-03
551 4.315068e-02 1.068781e-03
552 4.305290e-02 1.066291e-03
553 4.295535e-02 1.063807e-03
554 4.285802e-02 1.061330e-03
555 4.276091e-02 1.058860e-03
556 4.266402e-02 1.056396e-03
557 4.256736e-02 1.053939e-03
558 4.247092e-02 1.051489e-03
559 4.237470e-02 1.049045e-03
560 4.227870e-02 1.046607e-03
561 4.218292e-02 1.044176e-03
562 4.208736e-02 1.041751e-03
563 4.199202e-02 1.039333e-03
564 4.189690e-02 1.036921e-03
565 4.180200e-02 1.034515e-03
566 4.170731e-02 1.032116e-03
567 4.161284e-02 1.029723e-03
568 4.151858e-02 1.027336e-03
569 4.142454e-02 1.024955e-03
570 4.133072e-02 1.022581e-03
571 4.123711e-02 1.020213e-03
572 4.114372e-02 1.017851e-03
573 4.105053e-02 1.015495e-03
574 4.095756e-02 1.013145e-03
575 4.086481e-02 1.010801e-03
576 4.077226e-02 1.008463e-03
577 4.067993e-02 1.006132e-03
578 4.058781e-02 1.003806e-03
579 4.049590e-02 1.001486e-03
580 4.040420e-02 9.991725e-04
581 4.031271e-02 9.968646e-04
582 4.022142e-02 9.945627e-04
583 4.013035e-02 9.922667e-04
584 4.003948e-02 9.899765e-04
585 3.994883e-02 9.876921e-04
586 3.985837e-02 9.854136e-04
587 3.976813e-02 9.831409e-04
588 3.967809e-02 9.808739e-04
589 3.958826e-02 9.786127e-04
590 3.949863e-02 9.763572e-04
591 3.940920e-02 9.741074e-04
592 3.931998e-02 9.718633e-04
593 3.923097e-02 9.696249e-04
594 3.914215e-02 9.673921e-04
595 3.905354e-02 9.651649e-04
596 3.896513e-02 9.629434e-04
597 3.887693e-02 9.607274e-04
598 3.878892e-02 9.585170e-04
599 3.870111e-02 9.563121e-04
600 3.861351e-02 9.541127e-04
601 3.852610e-02 9.519188e-04
602 3.843890e-02 9.497304e-04
603 3.835189e-02 9.475475e-04
604 3.826508e-02 9.453700e-04
605 3.817847e-02 9.431979e-04
606 3.809205e-02 9.410312e-04
607 3.800584e-02 9.388699e-04
608 3.791981e-02 9.367140e-04
609 3.783399e-02 9.345634e-04
610 3.774836e-02 9.324182e-04
611 3.766292e-02 9.302782e-04
612 3.757768e-02 9.281435e-04
613 3.749264e-02 9.260141e-04
614 3.740779e-02 9.238900e-04
615 3.732313e-02 9.217711e-04
616 3.723866e-02 9.196574e-04
617 3.715439e-02 9.175489e-04
618 3.707030e-02 9.154456e-04
619 3.698641e-02 9.133474e-04
620 3.690271e-02 9.112544e-04
621 3.681920e-02 9.091665e-04
622 3.673588e-02 9.070837e-04
623 3.665275e-02 9.050060e-04
624 3.656981e-02 9.029334e-04
625 3.648706e-02 9.008659e-04
626 3.640450e-02 8.988034e-04
627 3.632212e-02 8.967459e-04
628 3.623993e-02 8.946934e-04
629 3.615793e-02 8.926460e-04
630 3.607611e-02 8.906035e-04
631 3.599448e-02 8.885659e-04
632 3.591304e-02 8.865333e-04
633 3.583178e-02 8.845057e-04
634 3.575071e-02 8.824829e-04
635 3.566982e-02 8.804651e-04
636 3.558911e-02 8.784521e-04
637 3.550859e-02 8.764440e-04
638 3.542825e-02 8.744407e-04
639 3.534809e-02 8.724423e-04
640 3.526812e-02 8.704487e-04
641 3.518833e-02 8.684599e-04
642 3.510872e-02 8.664759e-04
643 3.502929e-02 8.644967e-04
644 3.495004e-02 8.625222e-04
645 3.487097e-02 8.605525e-04
646 3.479207e-02 8.585875e-04
647 3.471336e-02 8.566272e-04
648 3.463483e-02 8.546716e-04
649 3.455648e-02 8.527207e-04
650 3.447830e-02 8.507745e-04
651 3.440030e-02 8.488329e-04
652 3.432248e-02 8.468960e-04
653 3.424484e-02 8.449637e-04
654 3.416737e-02 8.430360e-04
655 3.409008e-02 8.411129e-04
656 3.401296e-02 8.391945e-04
657 3.393602e-02 8.372805e-04
658 3.385925e-02 8.353712e-04
659 3.378266e-02 8.334664e-04
660 3.370624e-02 8.315661e-04
661 3.362999e-02 8.296704e-04
662 3.355392e-02 8.277791e-04
663 3.347802e-02 8.258924e-04
664 3.340229e-02 8.240101e-04
665 3.332674e-02 8.221323e-04
666 3.325135e-02 8.202589e-04
667 3.317614e-02 8.183900e-04
668 3.310110e-02 8.165255e-04
669 3.302623e-02 8.146655e-04
670 3.295152e-02 8.128098e-04
671 3.287699e-02 8.109585e-04
672 3.280263e-02 8.091116e-04
673 3.272843e-02 8.072691e-04
674 3.265441e-02 8.054309e-04
675 3.258055e-02 8.035970e-04
676 3.250686e-02 8.017675e-04
677 3.243333e-02 7.999423e-04
678 3.235998e-02 7.981214e-04
679 3.228679e-02 7.963048e-04
680 3.221376e-02 7.944925e-04
681 3.214090e-02 7.926844e-04
682 3.206821e-02 7.908806e-04
683 3.199568e-02 7.890810e-04
684 3.192331e-02 7.872856e-04
685 3.185111e-02 7.854945e-04
686 3.177908e-02 7.837076e-04
687 3.170720e-02 7.819248e-04
688 3.163549e-02 7.801463e-04
689 3.156395e-02 7.783719e-04
690 3.149256e-02 7.766017e-04
691 3.142134e-02 7.748356e-04
692 3.135028e-02 7.730737e-04
693 3.127937e-02 7.713159e-04
694 3.120863e-02 7.695622e-04
695 3.113805e-02 7.678126e-04
696 3.106763e-02 7.660671e-04
697 3.099737e-02 7.643257e-04
698 3.092727e-02 7.625883e-04
699 3.085733e-02 7.608550e-04
700 3.078755e-02 7.591258e-04
701 3.071792e-02 7.574006e-04
702 3.064846e-02 7.556794e-04
703 3.057915e-02 7.539622e-04
704 3.050999e-02 7.522490e-04
705 3.044100e-02 7.505398e-04
706 3.037216e-02 7.488347e-04
707 3.030347e-02 7.471334e-04
708 3.023494e-02 7.454362e-04
709 3.016657e-02 7.437428e-04
710 3.009835e-02 7.420535e-04
711 3.003029e-02 7.403680e-04
712 2.996238e-02 7.386865e-04
713 2.989463e-02 7.370089e-04
714 2.982702e-02 7.353352e-04
715 2.975958e-02 7.336653e-04
716 2.969228e-02 7.319994e-04
717 2.962514e-02 7.303373e-04
718 2.955815e-02 7.286790e-04
719 2.949131e-02 7.270247e-04
720 2.942462e-02 7.253741e-04
721 2.935808e-02 7.237274e-04
722 2.929170e-02 7.220845e-04
723 2.922546e-02 7.204454e-04
724 2.915937e-02 7.188101e-04
725 2.909344e-02 7.171786e-04
726 2.902765e-02 7.155508e-04
727 2.896201e-02 7.139268e-04
728 2.889652e-02 7.123066e-04
729 2.883118e-02 7.106902e-04
730 2.876599e-02 7.090774e-04
731 2.870095e-02 7.074684e-04
732 2.863605e-02 7.058631e-04
733 2.857130e-02 7.042616e-04
734 2.850669e-02 7.026637e-04
735 2.844224e-02 7.010695e-04
736 2.837792e-02 6.994790e-04
737 2.831376e-02 6.978922e-04
738 2.824974e-02 6.963090e-04
739 2.818586e-02 6.947295e-04
740 2.812213e-02 6.931536e-04
741 2.805854e-02 6.915814e-04
742 2.799510e-02 6.900128e-04
743 2.793180e-02 6.884478e-04
744 2.786865e-02 6.868864e-04
745 2.780563e-02 6.853286e-04
746 2.774276e-02 6.837744e-04
747 2.768004e-02 6.822238e-04
748 2.761745e-02 6.806767e-04
749 2.755501e-02 6.791332e-04
750 2.749270e-02 6.775933e-04
751 2.743054e-02 6.760569e-04
752 2.736852e-02 6.745240e-04
753 2.730664e-02 6.729947e-04
754 2.724490e-02 6.714689e-04
755 2.718330e-02 6.699465e-04
756 2.712184e-02 6.684277e-04
757 2.706052e-02 6.669124e-04
758 2.699934e-02 6.654006e-04
759 2.693829e-02 6.638922e-04
760 2.687738e-02 6.623873e-04
761 2.681662e-02 6.608859e-04
762 2.675599e-02 6.593879e-04
763 2.669549e-02 6.578933e-04
764 2.663514e-02 6.564022e-04
765 2.657492e-02 6.549145e-04
766 2.651483e-02 6.534302e-04
767 2.645488e-02 6.519493e-04
768 2.639507e-02 6.504718e-04
769 2.633540e-02 6.489977e-04
770 2.627585e-02 6.475270e-04
771 2.621645e-02 6.460596e-04
772 2.615717e-02 6.445956e-04
773 2.609804e-02 6.431350e-04
774 2.603903e-02 6.416777e-04
775 2.598016e-02 6.402238e-04
776 2.592142e-02 6.387731e-04
777 2.586282e-02 6.373258e-04
778 2.580435e-02 6.358819e-04
779 2.574601e-02 6.344412e-04
780 2.568780e-02 6.330038e-04
781 2.562973e-02 6.315697e-04
782 2.557178e-02 6.301389e-04
783 2.551397e-02 6.287114e-04
784 2.545629e-02 6.272871e-04
785 2.539873e-02 6.258661e-04
786 2.534131e-02 6.244484e-04
787 2.528402e-02 6.230338e-04
788 2.522686e-02 6.216226e-04
789 2.516983e-02 6.202145e-04
790 2.511292e-02 6.188097e-04
791 2.505615e-02 6.174081e-04
792 2.499950e-02 6.160096e-04
793 2.494298e-02 6.146144e-04
794 2.488659e-02 6.132224e-04
795 2.483033e-02 6.118335e-04
796 2.477420e-02 6.104478e-04
797 2.471819e-02 6.090653e-04
798 2.466231e-02 6.076860e-04
799 2.460655e-02 6.063098e-04
800 2.455092e-02 6.049367e-04
801 2.449542e-02 6.035668e-04
802 2.444004e-02 6.022000e-04
803 2.438479e-02 6.008363e-04
804 2.432966e-02 5.994757e-04
805 2.427466e-02 5.981182e-04
806 2.421978e-02 5.967639e-04
807 2.416503e-02 5.954126e-04
808 2.411040e-02 5.940644e-04
809 2.405589e-02 5.927193e-04
810 2.400151e-02 5.913772e-04
811 2.394725e-02 5.900382e-04
812 2.389311e-02 5.887023e-04
813 2.383910e-02 5.873694e-04
814 2.378521e-02 5.860395e-04
815 2.373144e-02 5.847127e-04
816 2.367779e-02 5.833889e-04
817 2.362426e-02 5.820681e-04
818 2.357085e-02 5.807503e-04
819 2.351757e-02 5.794356e-04
820 2.346440e-02 5.781238e-04
821 2.341136e-02 5.768150e-04
822 2.335843e-02 5.755092e-04
823 2.330563e-02 5.742064e-04
824 2.325294e-02 5.729065e-04
825 2.320038e-02 5.716096e-04
826 2.314793e-02 5.703156e-04
827 2.309560e-02 5.690246e-04
828 2.304339e-02 5.677366e-04
829 2.299130e-02 5.664515e-04
830 2.293933e-02 5.651692e-04
831 2.288747e-02 5.638900e-04
832 2.283573e-02 5.626136e-04
833 2.278411e-02 5.613401e-04
834 2.273260e-02 5.600695e-04
835 2.268121e-02 5.588019e-04
836 2.262994e-02 5.575371e-04
837 2.257878e-02 5.562752e-04
838 2.252774e-02 5.550161e-04
839 2.247682e-02 5.537599e-04
840 2.242601e-02 5.525066e-04
841 2.237531e-02 5.512561e-04
842 2.232473e-02 5.500085e-04
843 2.227426e-02 5.487637e-04
844 2.222391e-02 5.475218e-04
845 2.217367e-02 5.462826e-04
846 2.212355e-02 5.450463e-04
847 2.207354e-02 5.438128e-04
848 2.202364e-02 5.425821e-04
849 2.197386e-02 5.413542e-04
850 2.192418e-02 5.401291e-04
851 2.187462e-02 5.389067e-04
852 2.182517e-02 5.376872e-04
853 2.177584e-02 5.364704e-04
854 2.172661e-02 5.352564e-04
855 2.167750e-02 5.340451e-04
856 2.162850e-02 5.328366e-04
857 2.157961e-02 5.316309e-04
858 2.153083e-02 5.304279e-04
859 2.148216e-02 5.292276e-04
860 2.143360e-02 5.280300e-04
861 2.138515e-02 5.268352e-04
862 2.133680e-02 5.256431e-04
863 2.128857e-02 5.244537e-04
864 2.124045e-02 5.232669e-04
865 2.119244e-02 5.220829e-04
866 2.114453e-02 5.209016e-04
867 2.109674e-02 5.197229e-04
868 2.104905e-02 5.185470e-04
869 2.100147e-02 5.173737e-04
870 2.095399e-02 5.162030e-04
871 2.090663e-02 5.150351e-04
872 2.085937e-02 5.138697e-04
873 2.081222e-02 5.127071e-04
874 2.076517e-02 5.115470e-04
875 2.071823e-02 5.103896e-04
876 2.067140e-02 5.092348e-04
877 2.062468e-02 5.080827e-04
878 2.057805e-02 5.069331e-04
879 2.053154e-02 5.057862e-04
880 2.048513e-02 5.046419e-04
881 2.043882e-02 5.035002e-04
882 2.039262e-02 5.023610e-04
883 2.034653e-02 5.012245e-04
884 2.030054e-02 5.000905e-04
885 2.025465e-02 4.989591e-04
886 2.020886e-02 4.978302e-04
887 2.016318e-02 4.967040e-04
888 2.011761e-02 4.955802e-04
889 2.007213e-02 4.944591e-04
890 2.002676e-02 4.933404e-04
891 1.998149e-02 4.922244e-04
892 1.993633e-02 4.911108e-04
893 1.989126e-02 4.899998e-04
894 1.984630e-02 4.888912e-04
895 1.980144e-02 4.877853e-04
896 1.975668e-02 4.866818e-04
897 1.971203e-02 4.855808e-04
898 1.966747e-02 4.844823e-04
899 1.962301e-02 4.833863e-04
900 1.957866e-02 4.822928e-04
901 1.953440e-02 4.812017e-04
902 1.949025e-02 4.801132e-04
903 1.944619e-02 4.790271e-04
904 1.940224e-02 4.779435e-04
905 1.935838e-02 4.768623e-04
906 1.931462e-02 4.757836e-04
907 1.927097e-02 4.747073e-04
908 1.922741e-02 4.736335e-04
909 1.918395e-02 4.725621e-04
910 1.914059e-02 4.714931e-04
911 1.909732e-02 4.704265e-04
912 1.905415e-02 4.693624e-04
913 1.901109e-02 4.683007e-04
914 1.896811e-02 4.672414e-04
915 1.892524e-02 4.661845e-04
916 1.888246e-02 4.651300e-04
917 1.883978e-02 4.640778e-04
918 1.879720e-02 4.630281e-04
919 1.875471e-02 4.619807e-04
920 1.871232e-02 4.609358e-04
921 1.867002e-02 4.598931e-04
922 1.862782e-02 4.588529e-04
923 1.858572e-02 4.578150e-04
924 1.854371e-02 4.567794e-04
925 1.850180e-02 4.557462e-04
926 1.845998e-02 4.547154e-04
927 1.841825e-02 4.536869e-04
928 1.837662e-02 4.526607e-04
929 1.833509e-02 4.516368e-04
930 1.829364e-02 4.506153e-04
931 1.825229e-02 4.495960e-04
932 1.821104e-02 4.485791e-04
933 1.816988e-02 4.475645e-04
934 1.812881e-02 4.465522e-04
935 1.808783e-02 4.455421e-04
936 1.804695e-02 4.445344e-04
937 1.800616e-02 4.435289e-04
938 1.796546e-02 4.425258e-04
939 1.792485e-02 4.415248e-04
940 1.788434e-02 4.405262e-04
941 1.784391e-02 4.395298e-04
942 1.780358e-02 4.385357e-04
943 1.776334e-02 4.375438e-04
944 1.772319e-02 4.365542e-04
945 1.768313e-02 4.355668e-04
946 1.764317e-02 4.345817e-04
947 1.760329e-02 4.335988e-04
948 1.756350e-02 4.326181e-04
949 1.752380e-02 4.316396e-04
950 1.748420e-02 4.306634e-04
951 1.744468e-02 4.296894e-04
952 1.740525e-02 4.287175e-04
953 1.736591e-02 4.277479e-04
954 1.732666e-02 4.267805e-04
955 1.728750e-02 4.258152e-04
956 1.724842e-02 4.248522e-04
957 1.720944e-02 4.238913e-04
958 1.717054e-02 4.229326e-04
959 1.713173e-02 4.219760e-04
960 1.709301e-02 4.210217e-04
961 1.705438e-02 4.200695e-04
962 1.701583e-02 4.191194e-04
963 1.697737e-02 4.181715e-04
964 1.693900e-02 4.172258e-04
965 1.690071e-02 4.162822e-04
966 1.686252e-02 4.153407e-04
967 1.682440e-02 4.144014e-04
968 1.678638e-02 4.134641e-04
969 1.674844e-02 4.125290e-04
970 1.671058e-02 4.115961e-04
971 1.667281e-02 4.106652e-04
972 1.663513e-02 4.097365e-04
973 1.659753e-02 4.088098e-04
974 1.656002e-02 4.078852e-04
975 1.652259e-02 4.069628e-04
976 1.648525e-02 4.060424e-04
977 1.644799e-02 4.051241e-04
978 1.641081e-02 4.042079e-04
979 1.637372e-02 4.032938e-04
980 1.633672e-02 4.023817e-04
981 1.629979e-02 4.014717e-04
982 1.626295e-02 4.005637e-04
983 1.622620e-02 3.996579e-04
984 1.618952e-02 3.987540e-04
985 1.615293e-02 3.978522e-04
986 1.611642e-02 3.969525e-04
987 1.608000e-02 3.960548e-04
988 1.604366e-02 3.951591e-04
989 1.600740e-02 3.942654e-04
990 1.597122e-02 3.933738e-04
991 1.593512e-02 3.924842e-04
992 1.589911e-02 3.915966e-04
993 1.586317e-02 3.907110e-04
994 1.582732e-02 3.898274e-04
995 1.579155e-02 3.889458e-04
996 1.575586e-02 3.880662e-04
997 1.572025e-02 3.871886e-04
998 1.568472e-02 3.863130e-04
999 1.564927e-02 3.854394e-04
1000 1.561390e-02 3.845677e-04
1001 1.557861e-02 3.836980e-04
1002 1.554340e-02 3.828303e-04
1003 1.550827e-02 3.819645e-04
1004 1.547322e-02 3.811008e-04
1005 1.543825e-02 3.802389e-04
1006 1.540336e-02 3.793790e-04
1007 1.536855e-02 3.785211e-04
1008 1.533382e-02 3.776651e-04
1009 1.529916e-02 3.768110e-04
1010 1.526458e-02 3.759589e-04
1011 1.523008e-02 3.751087e-04
1012 1.519566e-02 3.742604e-04
1013 1.516132e-02 3.734140e-04
1014 1.512706e-02 3.725696e-04
1015 1.509287e-02 3.717271e-04
1016 1.505876e-02 3.708864e-04
1017 1.502472e-02 3.700477e-04
1018 1.499077e-02 3.692109e-04
1019 1.495689e-02 3.683760e-04
1020 1.492308e-02 3.675429e-04
1021 1.488936e-02 3.667118e-04
1022 1.485571e-02 3.658825e-04
1023 1.482213e-02 3.650551e-04
1024 1.478863e-02 3.642295e-04
1025 1.475521e-02 3.634059e-04
1026 1.472186e-02 3.625841e-04
1027 1.468859e-02 3.617641e-04
1028 1.465540e-02 3.609461e-04
1029 1.462228e-02 3.601298e-04
1030 1.458923e-02 3.593154e-04
1031 1.455626e-02 3.585029e-04
1032 1.452336e-02 3.576922e-04
1033 1.449054e-02 3.568833e-04
1034 1.445779e-02 3.560763e-04
1035 1.442511e-02 3.552711e-04
1036 1.439251e-02 3.544677e-04
1037 1.435999e-02 3.536661e-04
1038 1.432753e-02 3.528663e-04
1039 1.429515e-02 3.520684e-04
1040 1.426285e-02 3.512722e-04
1041 1.423061e-02 3.504779e-04
1042 1.419845e-02 3.496853e-04
1043 1.416637e-02 3.488946e-04
1044 1.413435e-02 3.481056e-04
1045 1.410241e-02 3.473184e-04
1046 1.407054e-02 3.465330e-04
1047 1.403874e-02 3.457494e-04
1048 1.400701e-02 3.449675e-04
1049 1.397536e-02 3.441875e-04
1050 1.394377e-02 3.434091e-04
1051 1.391226e-02 3.426326e-04
1052 1.388082e-02 3.418578e-04
1053 1.384945e-02 3.410847e-04
1054 1.381815e-02 3.403134e-04
1055 1.378692e-02 3.395439e-04
1056 1.375576e-02 3.387761e-04
1057 1.372468e-02 3.380100e-04
1058 1.369366e-02 3.372456e-04
1059 1.366271e-02 3.364830e-04
1060 1.363184e-02 3.357221e-04
1061 1.360103e-02 3.349630e-04
1062 1.357029e-02 3.342055e-04
1063 1.353963e-02 3.334498e-04
1064 1.350903e-02 3.326957e-04
1065 1.347850e-02 3.319434e-04
1066 1.344804e-02 3.311928e-04
1067 1.341765e-02 3.304439e-04
1068 1.338733e-02 3.296966e-04
1069 1.335707e-02 3.289511e-04
1070 1.332689e-02 3.282072e-04
1071 1.329677e-02 3.274651e-04
1072 1.326672e-02 3.267246e-04
1073 1.323674e-02 3.259858e-04
1074 1.320683e-02 3.252486e-04
1075 1.317698e-02 3.245131e-04
1076 1.314720e-02 3.237793e-04
1077 1.311749e-02 3.230472e-04
1078 1.308785e-02 3.223167e-04
1079 1.305827e-02 3.215878e-04
1080 1.302876e-02 3.208606e-04
1081 1.299932e-02 3.201351e-04
1082 1.296994e-02 3.194112e-04
1083 1.294063e-02 3.186889e-04
1084 1.291139e-02 3.179683e-04
1085 1.288221e-02 3.172492e-04
1086 1.285310e-02 3.165319e-04
1087 1.282405e-02 3.158161e-04
1088 1.279507e-02 3.151020e-04
1089 1.276616e-02 3.143894e-04
1090 1.273731e-02 3.136785e-04
1091 1.270852e-02 3.129692e-04
1092 1.267980e-02 3.122615e-04
1093 1.265115e-02 3.115554e-04
1094 1.262256e-02 3.108509e-04
1095 1.259404e-02 3.101480e-04
1096 1.256558e-02 3.094467e-04
1097 1.253718e-02 3.087469e-04
1098 1.250885e-02 3.080488e-04
1099 1.248058e-02 3.073522e-04
1100 1.245238e-02 3.066572e-04
1101 1.242424e-02 3.059638e-04
1102 1.239616e-02 3.052719e-04
1103 1.236815e-02 3.045816e-04
1104 1.234020e-02 3.038929e-04
1105 1.231232e-02 3.032057e-04
1106 1.228449e-02 3.025201e-04
1107 1.225673e-02 3.018360e-04
1108 1.222903e-02 3.011535e-04
1109 1.220140e-02 3.004725e-04
1110 1.217383e-02 2.997931e-04
1111 1.214632e-02 2.991152e-04
1112 1.211887e-02 2.984388e-04
1113 1.209148e-02 2.977640e-04
1114 1.206416e-02 2.970907e-04
1115 1.203690e-02 2.964189e-04
1116 1.200970e-02 2.957486e-04
1117 1.198256e-02 2.950798e-04
1118 1.195548e-02 2.944126e-04
1119 1.192847e-02 2.937469e-04
1120 1.190151e-02 2.930826e-04
1121 1.187462e-02 2.924199e-04
1122 1.184778e-02 2.917587e-04
1123 1.182101e-02 2.910989e-04
1124 1.179430e-02 2.904407e-04
1125 1.176765e-02 2.897840e-04
1126 1.174106e-02 2.891287e-04
1127 1.171453e-02 2.884749e-04
1128 1.168805e-02 2.878226e-04
1129 1.166164e-02 2.871718e-04
1130 1.163529e-02 2.865224e-04
1131 1.160900e-02 2.858745e-04
1132 1.158277e-02 2.852281e-04
1133 1.155659e-02 2.845831e-04
1134 1.153048e-02 2.839396e-04
1135 1.150442e-02 2.832976e-04
1136 1.147843e-02 2.826570e-04
1137 1.145249e-02 2.820178e-04
1138 1.142661e-02 2.813801e-04
1139 1.140079e-02 2.807439e-04
1140 1.137503e-02 2.801091e-04
1141 1.134933e-02 2.794757e-04
1142 1.132368e-02 2.788437e-04
1143 1.129809e-02 2.782132e-04
1144 1.127256e-02 2.775841e-04
1145 1.124709e-02 2.769564e-04
1146 1.122168e-02 2.763302e-04
1147 1.119632e-02 2.757053e-04
1148 1.117102e-02 2.750819e-04
1149 1.114578e-02 2.744599e-04
1150 1.112059e-02 2.738393e-04
1151 1.109546e-02 2.732201e-04
1152 1.107039e-02 2.726023e-04
1153 1.104538e-02 2.719859e-04
1154 1.102042e-02 2.713708e-04
1155 1.099552e-02 2.707572e-04
1156 1.097067e-02 2.701450e-04
1157 1.094588e-02 2.695341e-04
1158 1.092115e-02 2.689247e-04
1159 1.089647e-02 2.683166e-04
1160 1.087185e-02 2.677098e-04
1161 1.084729e-02 2.671045e-04
1162 1.082278e-02 2.665005e-04
1163 1.079832e-02 2.658979e-04
1164 1.077392e-02 2.652967e-04
1165 1.074958e-02 2.646968e-04
1166 1.072529e-02 2.640982e-04
1167 1.070105e-02 2.635011e-04
1168 1.067687e-02 2.629052e-04
1169 1.065275e-02 2.623108e-04
1170 1.062868e-02 2.617176e-04
1171 1.060466e-02 2.611258e-04
1172 1.058070e-02 2.605354e-04
1173 1.055679e-02 2.599463e-04
1174 1.053294e-02 2.593585e-04
1175 1.050914e-02 2.587720e-04
1176 1.048539e-02 2.581869e-04
1177 1.046170e-02 2.576031e-04
1178 1.043806e-02 2.570206e-04
1179 1.041448e-02 2.564394e-04
1180 1.039095e-02 2.558595e-04
1181 1.036747e-02 2.552810e-04
1182 1.034404e-02 2.547038e-04
1183 1.032067e-02 2.541278e-04
1184 1.029735e-02 2.535532e-04
1185 1.027408e-02 2.529799e-04
1186 1.025087e-02 2.524078e-04
1187 1.022771e-02 2.518371e-04
1188 1.020460e-02 2.512676e-04
1189 1.018154e-02 2.506995e-04
1190 1.015854e-02 2.501326e-04
1191 1.013559e-02 2.495670e-04
1192 1.011268e-02 2.490027e-04
1193 1.008983e-02 2.484396e-04
1194 1.006704e-02 2.478779e-04
1195 1.004429e-02 2.473174e-04
1196 1.002160e-02 2.467582e-04
1197 9.998954e-03 2.462002e-04
1198 9.976362e-03 2.456435e-04
1199 9.953821e-03 2.450880e-04
1200 9.931331e-03 2.445339e-04
1201 9.908892e-03 2.439809e-04
1202 9.886503e-03 2.434292e-04
1203 9.864165e-03 2.428788e-04
1204 9.841878e-03 2.423296e-04
1205 9.819641e-03 2.417817e-04
1206 9.797455e-03 2.412349e-04
1207 9.775318e-03 2.406895e-04
1208 9.753232e-03 2.401452e-04
1209 9.731196e-03 2.396022e-04
1210 9.709209e-03 2.390604e-04
1211 9.687272e-03 2.385199e-04
1212 9.665385e-03 2.379805e-04
1213 9.643547e-03 2.374424e-04
1214 9.621759e-03 2.369055e-04
1215 9.600020e-03 2.363698e-04
1216 9.578330e-03 2.358354e-04
1217 9.556689e-03 2.353021e-04
1218 9.535097e-03 2.347700e-04
1219 9.513554e-03 2.342392e-04
1220 9.492059e-03 2.337095e-04
1221 9.470613e-03 2.331811e-04
1222 9.449216e-03 2.326538e-04
1223 9.427867e-03 2.321277e-04
1224 9.406566e-03 2.316028e-04
1225 9.385314e-03 2.310792e-04
1226 9.364109e-03 2.305566e-04
1227 9.342953e-03 2.300353e-04
1228 9.321844e-03 2.295152e-04
1229 9.300783e-03 2.289962e-04
1230 9.279770e-03 2.284784e-04
1231 9.258804e-03 2.279618e-04
1232 9.237885e-03 2.274463e-04
1233 9.217014e-03 2.269320e-04
1234 9.196190e-03 2.264189e-04
1235 9.175414e-03 2.259069e-04
1236 9.154684e-03 2.253961e-04
1237 9.134001e-03 2.248864e-04
1238 9.113365e-03 2.243779e-04
1239 9.092775e-03 2.238706e-04
1240 9.072232e-03 2.233644e-04
1241 9.051735e-03 2.228593e-04
1242 9.031285e-03 2.223554e-04
1243 9.010881e-03 2.218526e-04
1244 8.990524e-03 2.213509e-04
1245 8.970212e-03 2.208504e-04
1246 8.949946e-03 2.203510e-04
1247 8.929726e-03 2.198528e-04
1248 8.909552e-03 2.193557e-04
1249 8.889423e-03 2.188597e-04
1250 8.869340e-03 2.183648e-04
1251 8.849302e-03 2.178710e-04
1252 8.829309e-03 2.173784e-04
1253 8.809362e-03 2.168869e-04
1254 8.789460e-03 2.163964e-04
1255 8.769603e-03 2.159071e-04
1256 8.749791e-03 2.154189e-04
1257 8.730023e-03 2.149318e-04
1258 8.710301e-03 2.144458e-04
1259 8.690622e-03 2.139609e-04
1260 8.670989e-03 2.134771e-04
1261 8.651400e-03 2.129944e-04
1262 8.631855e-03 2.125128e-04
1263 8.612354e-03 2.120323e-04
1264 8.592897e-03 2.115528e-04
1265 8.573484e-03 2.110745e-04
1266 8.554116e-03 2.105972e-04
1267 8.534791e-03 2.101210e-04
1268 8.515509e-03 2.096459e-04
1269 8.496272e-03 2.091719e-04
1270 8.477078e-03 2.086989e-04
1271 8.457927e-03 2.082270e-04
1272 8.438819e-03 2.077561e-04
1273 8.419755e-03 2.072864e-04
1274 8.400734e-03 2.068177e-04
1275 8.381756e-03 2.063500e-04
1276 8.362820e-03 2.058834e-04
1277 8.343928e-03 2.054179e-04
1278 8.325078e-03 2.049534e-04
1279 8.306271e-03 2.044900e-04
1280 8.287507e-03 2.040276e-04
1281 8.268785e-03 2.035663e-04
1282 8.250105e-03 2.031060e-04
1283 8.231467e-03 2.026467e-04
1284 8.212872e-03 2.021885e-04
1285 8.194318e-03 2.017313e-04
1286 8.175807e-03 2.012752e-04
1287 8.157337e-03 2.008200e-04
1288 8.138910e-03 2.003660e-04
1289 8.120524e-03 1.999129e-04
1290 8.102179e-03 1.994609e-04
1291 8.083876e-03 1.990098e-04
1292 8.065614e-03 1.985598e-04
1293 8.047394e-03 1.981109e-04
1294 8.029215e-03 1.976629e-04
1295 8.011077e-03 1.972160e-04
1296 7.992980e-03 1.967700e-04
1297 7.974923e-03 1.963251e-04
1298 7.956908e-03 1.958812e-04
1299 7.938934e-03 1.954383e-04
1300 7.921000e-03 1.949963e-04
1301 7.903106e-03 1.945554e-04
1302 7.885253e-03 1.941155e-04
1303 7.867441e-03 1.936766e-04
1304 7.849668e-03 1.932386e-04
1305 7.831936e-03 1.928017e-04
1306 7.814244e-03 1.923657e-04
1307 7.796592e-03 1.919308e-04
1308 7.778980e-03 1.914968e-04
1309 7.761408e-03 1.910638e-04
1310 7.743876e-03 1.906318e-04
1311 7.726383e-03 1.902007e-04
1312 7.708929e-03 1.897706e-04
1313 7.691516e-03 1.893415e-04
1314 7.674141e-03 1.889134e-04
1315 7.656806e-03 1.884862e-04
1316 7.639510e-03 1.880600e-04
1317 7.622253e-03 1.876348e-04
1318 7.605035e-03 1.872105e-04
1319 7.587856e-03 1.867872e-04
1320 7.570716e-03 1.863649e-04
1321 7.553615e-03 1.859435e-04
1322 7.536552e-03 1.855230e-04
1323 7.519528e-03 1.851035e-04
1324 7.502542e-03 1.846850e-04
1325 7.485595e-03 1.842674e-04
1326 7.468686e-03 1.838507e-04
1327 7.451816e-03 1.834350e-04
1328 7.434983e-03 1.830202e-04
1329 7.418189e-03 1.826064e-04
1330 7.401432e-03 1.821935e-04
1331 7.384714e-03 1.817815e-04
1332 7.368033e-03 1.813705e-04
1333 7.351390e-03 1.809604e-04
1334 7.334785e-03 1.805512e-04
1335 7.318217e-03 1.801429e-04
1336 7.301687e-03 1.797356e-04
1337 7.285194e-03 1.793292e-04
1338 7.268738e-03 1.789237e-04
1339 7.252319e-03 1.785191e-04
1340 7.235938e-03 1.781155e-04
1341 7.219594e-03 1.777127e-04
1342 7.203286e-03 1.773109e-04
1343 7.187016e-03 1.769099e-04
1344 7.170782e-03 1.765099e-04
1345 7.154585e-03 1.761108e-04
1346 7.138425e-03 1.757126e-04
1347 7.122301e-03 1.753153e-04
1348 7.106214e-03 1.749189e-04
1349 7.090163e-03 1.745233e-04
1350 7.074148e-03 1.741287e-04
1351 7.058169e-03 1.737350e-04
1352 7.042227e-03 1.733421e-04
1353 7.026321e-03 1.729502e-04
1354 7.010450e-03 1.725591e-04
1355 6.994616e-03 1.721689e-04
1356 6.978817e-03 1.717796e-04
1357 6.963054e-03 1.713912e-04
1358 6.947327e-03 1.710037e-04
1359 6.931635e-03 1.706170e-04
1360 6.915979e-03 1.702312e-04
1361 6.900358e-03 1.698463e-04
1362 6.884773e-03 1.694622e-04
1363 6.869222e-03 1.690791e-04
1364 6.853707e-03 1.686967e-04
1365 6.838227e-03 1.683153e-04
1366 6.822782e-03 1.679347e-04
1367 6.807372e-03 1.675550e-04
1368 6.791997e-03 1.671761e-04
1369 6.776656e-03 1.667981e-04
1370 6.761351e-03 1.664209e-04
1371 6.746079e-03 1.660446e-04
1372 6.730843e-03 1.656692e-04
1373 6.715640e-03 1.652946e-04
1374 6.700473e-03 1.649208e-04
1375 6.685339e-03 1.645479e-04
1376 6.670240e-03 1.641759e-04
1377 6.655175e-03 1.638046e-04
1378 6.640144e-03 1.634342e-04
1379 6.625146e-03 1.630647e-04
1380 6.610183e-03 1.626960e-04
1381 6.595254e-03 1.623281e-04
1382 6.580358e-03 1.619610e-04
1383 6.565496e-03 1.615948e-04
1384 6.550668e-03 1.612294e-04
1385 6.535873e-03 1.608649e-04
1386 6.521112e-03 1.605011e-04
1387 6.506384e-03 1.601382e-04
1388 6.491689e-03 1.597761e-04
1389 6.477028e-03 1.594148e-04
1390 6.462399e-03 1.590544e-04
1391 6.447804e-03 1.586947e-04
1392 6.433242e-03 1.583359e-04
1393 6.418713e-03 1.579779e-04
1394 6.404216e-03 1.576207e-04
1395 6.389753e-03 1.572642e-04
1396 6.375322e-03 1.569086e-04
1397 6.360923e-03 1.565539e-04
1398 6.346558e-03 1.561999e-04
1399 6.332224e-03 1.558467e-04
1400 6.317924e-03 1.554943e-04
1401 6.303655e-03 1.551427e-04
1402 6.289419e-03 1.547919e-04
1403 6.275215e-03 1.544419e-04
1404 6.261043e-03 1.540927e-04
1405 6.246903e-03 1.537442e-04
1406 6.232795e-03 1.533966e-04
1407 6.218719e-03 1.530497e-04
1408 6.204675e-03 1.527037e-04
1409 6.190662e-03 1.523584e-04
1410 6.176681e-03 1.520139e-04
1411 6.162732e-03 1.516701e-04
1412 6.148815e-03 1.513272e-04
1413 6.134929e-03 1.509850e-04
1414 6.121074e-03 1.506436e-04
1415 6.107250e-03 1.503030e-04
1416 6.093458e-03 1.499631e-04
1417 6.079697e-03 1.496240e-04
1418 6.065968e-03 1.492857e-04
1419 6.052269e-03 1.489482e-04
1420 6.038601e-03 1.486114e-04
1421 6.024964e-03 1.482753e-04
1422 6.011358e-03 1.479401e-04
1423 5.997783e-03 1.476055e-04
1424 5.984238e-03 1.472718e-04
1425 5.970724e-03 1.469388e-04
1426 5.957241e-03 1.466065e-04
1427 5.943788e-03 1.462750e-04
1428 5.930365e-03 1.459443e-04
1429 5.916973e-03 1.456143e-04
1430 5.903611e-03 1.452850e-04
1431 5.890279e-03 1.449565e-04
1432 5.876978e-03 1.446287e-04
1433 5.863706e-03 1.443017e-04
1434 5.850465e-03 1.439754e-04
1435 5.837253e-03 1.436499e-04
1436 5.824072e-03 1.433251e-04
1437 5.810920e-03 1.430010e-04
1438 5.797798e-03 1.426776e-04
1439 5.784706e-03 1.423550e-04
1440 5.771643e-03 1.420331e-04
1441 5.758609e-03 1.417120e-04
1442 5.745606e-03 1.413915e-04
1443 5.732631e-03 1.410718e-04
1444 5.719686e-03 1.407528e-04
1445 5.706770e-03 1.404346e-04
1446 5.693884e-03 1.401170e-04
1447 5.681026e-03 1.398002e-04
1448 5.668198e-03 1.394841e-04
1449 5.655399e-03 1.391687e-04
1450 5.642628e-03 1.388540e-04
1451 5.629887e-03 1.385400e-04
1452 5.617174e-03 1.382268e-04
1453 5.604490e-03 1.379142e-04
1454 5.591835e-03 1.376024e-04
1455 5.579208e-03 1.372912e-04
1456 5.566610e-03 1.369808e-04
1457 5.554040e-03 1.366711e-04
1458 5.541499e-03 1.363620e-04
1459 5.528986e-03 1.360537e-04
1460 5.516502e-03 1.357461e-04
1461 5.504045e-03 1.354391e-04
1462 5.491617e-03 1.351329e-04
1463 5.479217e-03 1.348273e-04
1464 5.466845e-03 1.345225e-04
1465 5.454501e-03 1.342183e-04
1466 5.442185e-03 1.339148e-04
1467 5.429896e-03 1.336120e-04
1468 5.417636e-03 1.333099e-04
1469 5.405403e-03 1.330084e-04
1470 5.393198e-03 1.327077e-04
1471 5.381021e-03 1.324076e-04
1472 5.368871e-03 1.321082e-04
1473 5.356748e-03 1.318095e-04
1474 5.344653e-03 1.315115e-04
1475 5.332585e-03 1.312141e-04
1476 5.320545e-03 1.309174e-04
1477 5.308531e-03 1.306214e-04
1478 5.296545e-03 1.303260e-04
1479 5.284586e-03 1.300313e-04
1480 5.272655e-03 1.297373e-04
1481 5.260750e-03 1.294440e-04
1482 5.248872e-03 1.291513e-04
1483 5.237020e-03 1.288592e-04
1484 5.225196e-03 1.285679e-04
1485 5.213398e-03 1.282771e-04
1486 5.201627e-03 1.279871e-04
1487 5.189883e-03 1.276977e-04
1488 5.178165e-03 1.274089e-04
1489 5.166474e-03 1.271209e-04
1490 5.154809e-03 1.268334e-04
1491 5.143171e-03 1.265466e-04
1492 5.131558e-03 1.262605e-04
1493 5.119973e-03 1.259750e-04
1494 5.108413e-03 1.256901e-04
1495 5.096879e-03 1.254059e-04
1496 5.085372e-03 1.251224e-04
1497 5.073890e-03 1.248395e-04
1498 5.062435e-03 1.245572e-04
1499 5.051005e-03 1.242755e-04
1500 5.039602e-03 1.239945e-04
1501 5.028224e-03 1.237142e-04
1502 5.016871e-03 1.234344e-04
1503 5.005545e-03 1.231553e-04
1504 4.994244e-03 1.228768e-04
1505 4.982968e-03 1.225990e-04
1506 4.971718e-03 1.223218e-04
1507 4.960494e-03 1.220452e-04
1508 4.949295e-03 1.217692e-04
1509 4.938121e-03 1.214939e-04
1510 4.926973e-03 1.212192e-04
1511 4.915849e-03 1.209451e-04
1512 4.904751e-03 1.206716e-04
1513 4.893678e-03 1.203987e-04
1514 4.882630e-03 1.201265e-04
1515 4.871607e-03 1.198549e-04
1516 4.860609e-03 1.195839e-04
1517 4.849636e-03 1.193135e-04
1518 4.838687e-03 1.190437e-04
1519 4.827764e-03 1.187745e-04
1520 4.816865e-03 1.185059e-04
1521 4.805991e-03 1.182380e-04
1522 4.795141e-03 1.179706e-04
1523 4.784316e-03 1.177039e-04
1524 4.773515e-03 1.174377e-04
1525 4.762739e-03 1.171722e-04
1526 4.751987e-03 1.169072e-04
1527 4.741259e-03 1.166429e-04
1528 4.730556e-03 1.163791e-04
1529 4.719877e-03 1.161160e-04
1530 4.709222e-03 1.158534e-04
1531 4.698591e-03 1.155915e-04
1532 4.687984e-03 1.153301e-04
1533 4.677401e-03 1.150693e-04
1534 4.666842e-03 1.148091e-04
1535 4.656307e-03 1.145495e-04
1536 4.645796e-03 1.142905e-04
1537 4.635308e-03 1.140321e-04
1538 4.624844e-03 1.137743e-04
1539 4.614404e-03 1.135170e-04
1540 4.603988e-03 1.132603e-04
1541 4.593595e-03 1.130042e-04
1542 4.583225e-03 1.127487e-04
1543 4.572879e-03 1.124938e-04
1544 4.562557e-03 1.122394e-04
1545 4.552258e-03 1.119856e-04
1546 4.541982e-03 1.117324e-04
1547 4.531729e-03 1.114797e-04
1548 4.521499e-03 1.112277e-04
1549 4.511293e-03 1.109762e-04
1550 4.501110e-03 1.107252e-04
1551 4.490949e-03 1.104749e-04
1552 4.480812e-03 1.102251e-04
1553 4.470698e-03 1.099758e-04
1554 4.460606e-03 1.097271e-04
1555 4.450537e-03 1.094790e-04
1556 4.440491e-03 1.092315e-04
1557 4.430468e-03 1.089845e-04
1558 4.420467e-03 1.087381e-04
1559 4.410490e-03 1.084922e-04
1560 4.400534e-03 1.082469e-04
1561 4.390601e-03 1.080021e-04
1562 4.380691e-03 1.077579e-04
1563 4.370803e-03 1.075142e-04
1564 4.360937e-03 1.072711e-04
1565 4.351094e-03 1.070286e-04
1566 4.341273e-03 1.067866e-04
1567 4.331474e-03 1.065451e-04
1568 4.321697e-03 1.063042e-04
1569 4.311942e-03 1.060638e-04
1570 4.302210e-03 1.058240e-04
1571 4.292499e-03 1.055847e-04
1572 4.282811e-03 1.053460e-04
1573 4.273144e-03 1.051078e-04
1574 4.263499e-03 1.048701e-04
1575 4.253876e-03 1.046330e-04
1576 4.244275e-03 1.043964e-04
1577 4.234695e-03 1.041603e-04
1578 4.225138e-03 1.039248e-04
1579 4.215601e-03 1.036898e-04
1580 4.206087e-03 1.034554e-04
1581 4.196593e-03 1.032214e-04
1582 4.187122e-03 1.029880e-04
1583 4.177671e-03 1.027552e-04
1584 4.168242e-03 1.025228e-04
1585 4.158835e-03 1.022910e-04
1586 4.149448e-03 1.020597e-04
1587 4.140083e-03 1.018289e-04
1588 4.130739e-03 1.015987e-04
1589 4.121416e-03 1.013689e-04
1590 4.112115e-03 1.011397e-04
1591 4.102834e-03 1.009110e-04
1592 4.093574e-03 1.006829e-04
1593 4.084336e-03 1.004552e-04
1594 4.075118e-03 1.002281e-04
1595 4.065921e-03 1.000014e-04
1596 4.056744e-03 9.977532e-05
1597 4.047589e-03 9.954971e-05
1598 4.038454e-03 9.932461e-05
1599 4.029340e-03 9.910002e-05
1600 4.020246e-03 9.887594e-05
1601 4.011173e-03 9.865237e-05
1602 4.002121e-03 9.842930e-05
1603 3.993089e-03 9.820674e-05
1604 3.984078e-03 9.798468e-05
1605 3.975086e-03 9.776312e-05
1606 3.966115e-03 9.754206e-05
1607 3.957165e-03 9.732150e-05
1608 3.948235e-03 9.710145e-05
1609 3.939324e-03 9.688188e-05
1610 3.930434e-03 9.666282e-05
1611 3.921565e-03 9.644425e-05
1612 3.912715e-03 9.622617e-05
1613 3.903885e-03 9.600859e-05
1614 3.895075e-03 9.579150e-05
1615 3.886285e-03 9.557490e-05
1616 3.877515e-03 9.535879e-05
1617 3.868765e-03 9.514317e-05
1618 3.860035e-03 9.492804e-05
1619 3.851324e-03 9.471339e-05
1620 3.842633e-03 9.449923e-05
1621 3.833962e-03 9.428555e-05
1622 3.825310e-03 9.407236e-05
1623 3.816678e-03 9.385965e-05
1624 3.808065e-03 9.364742e-05
1625 3.799472e-03 9.343566e-05
1626 3.790898e-03 9.322439e-05
1627 3.782344e-03 9.301360e-05
1628 3.773809e-03 9.280328e-05
1629 3.765293e-03 9.259344e-05
1630 3.756797e-03 9.238407e-05
1631 3.748319e-03 9.217517e-05
1632 3.739861e-03 9.196675e-05
1633 3.731422e-03 9.175880e-05
1634 3.723003e-03 9.155132e-05
1635 3.714602e-03 9.134431e-05
1636 3.706220e-03 9.113777e-05
1637 3.697857e-03 9.093169e-05
1638 3.689513e-03 9.072608e-05
1639 3.681188e-03 9.052093e-05
1640 3.672882e-03 9.031625e-05
1641 3.664594e-03 9.011203e-05
1642 3.656326e-03 8.990828e-05
1643 3.648075e-03 8.970498e-05
1644 3.639844e-03 8.950214e-05
1645 3.631631e-03 8.929976e-05
1646 3.623437e-03 8.909784e-05
1647 3.615261e-03 8.889638e-05
1648 3.607104e-03 8.869537e-05
1649 3.598966e-03 8.849482e-05
1650 3.590845e-03 8.829472e-05
1651 3.582743e-03 8.809507e-05
1652 3.574660e-03 8.789587e-05
1653 3.566594e-03 8.769713e-05
1654 3.558547e-03 8.749883e-05
1655 3.550518e-03 8.730098e-05
1656 3.542507e-03 8.710358e-05
1657 3.534515e-03 8.690663e-05
1658 3.526540e-03 8.671012e-05
1659 3.518583e-03 8.651405e-05
1660 3.510645e-03 8.631843e-05
1661 3.502724e-03 8.612325e-05
1662 3.494822e-03 8.592851e-05
1663 3.486937e-03 8.573422e-05
1664 3.479070e-03 8.554036e-05
1665 3.471221e-03 8.534694e-05
1666 3.463389e-03 8.515395e-05
1667 3.455575e-03 8.496141e-05
1668 3.447779e-03 8.476930e-05
1669 3.440001e-03 8.457762e-05
1670 3.432240e-03 8.438638e-05
1671 3.424497e-03 8.419557e-05
1672 3.416771e-03 8.400519e-05
1673 3.409062e-03 8.381524e-05
1674 3.401372e-03 8.362572e-05
1675 3.393698e-03 8.343663e-05
1676 3.386042e-03 8.324797e-05
1677 3.378403e-03 8.305973e-05
1678 3.370781e-03 8.287192e-05
1679 3.363177e-03 8.268453e-05
1680 3.355590e-03 8.249757e-05
1681 3.348020e-03 8.231103e-05
1682 3.340467e-03 8.212491e-05
1683 3.332931e-03 8.193922e-05
1684 3.325412e-03 8.175394e-05
1685 3.317911e-03 8.156908e-05
1686 3.310426e-03 8.138464e-05
1687 3.302958e-03 8.120062e-05
1688 3.295507e-03 8.101701e-05
1689 3.288073e-03 8.083382e-05
1690 3.280656e-03 8.065104e-05
1691 3.273255e-03 8.046868e-05
1692 3.265871e-03 8.028673e-05
1693 3.258504e-03 8.010518e-05
1694 3.251154e-03 7.992405e-05
1695 3.243820e-03 7.974333e-05
1696 3.236503e-03 7.956302e-05
1697 3.229202e-03 7.938312e-05
1698 3.221918e-03 7.920362e-05
1699 3.214650e-03 7.902453e-05
1700 3.207399e-03 7.884584e-05
1701 3.200164e-03 7.866756e-05
1702 3.192945e-03 7.848968e-05
1703 3.185743e-03 7.831220e-05
1704 3.178557e-03 7.813513e-05
1705 3.171388e-03 7.795845e-05
1706 3.164234e-03 7.778218e-05
1707 3.157097e-03 7.760630e-05
1708 3.149976e-03 7.743082e-05
1709 3.142871e-03 7.725574e-05
1710 3.135782e-03 7.708105e-05
1711 3.128709e-03 7.690676e-05
1712 3.121652e-03 7.673286e-05
1713 3.114611e-03 7.655935e-05
1714 3.107586e-03 7.638624e-05
1715 3.100577e-03 7.621352e-05
1716 3.093583e-03 7.604119e-05
1717 3.086606e-03 7.586925e-05
1718 3.079644e-03 7.569770e-05
1719 3.072698e-03 7.552653e-05
1720 3.065768e-03 7.535576e-05
1721 3.058853e-03 7.518536e-05
1722 3.051954e-03 7.501536e-05
1723 3.045071e-03 7.484574e-05
1724 3.038203e-03 7.467650e-05
1725 3.031351e-03 7.450764e-05
1726 3.024514e-03 7.433917e-05
1727 3.017693e-03 7.417108e-05
1728 3.010887e-03 7.400337e-05
1729 3.004096e-03 7.383603e-05
1730 2.997321e-03 7.366908e-05
1731 2.990561e-03 7.350250e-05
1732 2.983817e-03 7.333630e-05
1733 2.977087e-03 7.317048e-05
1734 2.970373e-03 7.300503e-05
1735 2.963674e-03 7.283995e-05
1736 2.956991e-03 7.267525e-05
1737 2.950322e-03 7.251092e-05
1738 2.943668e-03 7.234696e-05
1739 2.937030e-03 7.218337e-05
1740 2.930406e-03 7.202016e-05
1741 2.923798e-03 7.185731e-05
1742 2.917204e-03 7.169483e-05
1743 2.910626e-03 7.153271e-05
1744 2.904062e-03 7.137097e-05
1745 2.897513e-03 7.120959e-05
1746 2.890979e-03 7.104857e-05
1747 2.884459e-03 7.088792e-05
1748 2.877955e-03 7.072763e-05
1749 2.871465e-03 7.056771e-05
1750 2.864990e-03 7.040814e-05
1751 2.858529e-03 7.024894e-05
1752 2.852083e-03 7.009009e-05
1753 2.845652e-03 6.993161e-05
1754 2.839235e-03 6.977348e-05
1755 2.832833e-03 6.961571e-05
1756 2.826445e-03 6.945830e-05
1757 2.820071e-03 6.930125e-05
1758 2.813712e-03 6.914455e-05
1759 2.807368e-03 6.898820e-05
1760 2.801037e-03 6.883221e-05
1761 2.794721e-03 6.867657e-05
1762 2.788420e-03 6.852128e-05
1763 2.782132e-03 6.836634e-05
1764 2.775859e-03 6.821175e-05
1765 2.769600e-03 6.805752e-05
1766 2.763355e-03 6.790363e-05
1767 2.757124e-03 6.775009e-05
1768 2.750908e-03 6.759689e-05
1769 2.744705e-03 6.744405e-05
1770 2.738517e-03 6.729155e-05
1771 2.732342e-03 6.713939e-05
1772 2.726181e-03 6.698758e-05
1773 2.720035e-03 6.683611e-05
1774 2.713902e-03 6.668498e-05
1775 2.707783e-03 6.653420e-05
1776 2.701678e-03 6.638375e-05
1777 2.695587e-03 6.623365e-05
1778 2.689509e-03 6.608388e-05
1779 2.683445e-03 6.593446e-05
1780 2.677395e-03 6.578537e-05
1781 2.671359e-03 6.563662e-05
1782 2.665336e-03 6.548820e-05
1783 2.659327e-03 6.534013e-05
1784 2.653332e-03 6.519238e-05
1785 2.647350e-03 6.504497e-05
1786 2.641381e-03 6.489790e-05
1787 2.635426e-03 6.475115e-05
1788 2.629485e-03 6.460474e-05
1789 2.623557e-03 6.445866e-05
1790 2.617642e-03 6.431291e-05
1791 2.611741e-03 6.416749e-05
1792 2.605853e-03 6.402239e-05
1793 2.599978e-03 6.387763e-05
1794 2.594117e-03 6.373319e-05
1795 2.588269e-03 6.358908e-05
1796 2.582434e-03 6.344530e-05
1797 2.576613e-03 6.330184e-05
1798 2.570804e-03 6.315870e-05
1799 2.565009e-03 6.301589e-05
1800 2.559227e-03 6.287340e-05
1801 2.553458e-03 6.273123e-05
1802 2.547701e-03 6.258939e-05
1803 2.541958e-03 6.244787e-05
1804 2.536228e-03 6.230666e-05
1805 2.530511e-03 6.216578e-05
1806 2.524807e-03 6.202521e-05
1807 2.519116e-03 6.188496e-05
1808 2.513437e-03 6.174503e-05
1809 2.507772e-03 6.160542e-05
1810 2.502119e-03 6.146612e-05
1811 2.496479e-03 6.132713e-05
1812 2.490852e-03 6.118846e-05
1813 2.485237e-03 6.105010e-05
1814 2.479635e-03 6.091206e-05
1815 2.474046e-03 6.077433e-05
1816 2.468470e-03 6.063691e-05
1817 2.462906e-03 6.049980e-05
1818 2.457354e-03 6.036300e-05
1819 2.451816e-03 6.022651e-05
1820 2.446289e-03 6.009033e-05
1821 2.440776e-03 5.995446e-05
1822 2.435274e-03 5.981889e-05
1823 2.429785e-03 5.968363e-05
1824 2.424309e-03 5.954868e-05
1825 2.418845e-03 5.941403e-05
1826 2.413393e-03 5.927968e-05
1827 2.407954e-03 5.914564e-05
1828 2.402527e-03 5.901191e-05
1829 2.397112e-03 5.887847e-05
1830 2.391710e-03 5.874534e-05
1831 2.386319e-03 5.861251e-05
1832 2.380941e-03 5.847997e-05
1833 2.375575e-03 5.834774e-05
1834 2.370221e-03 5.821581e-05
1835 2.364880e-03 5.808417e-05
1836 2.359550e-03 5.795284e-05
1837 2.354232e-03 5.782180e-05
1838 2.348927e-03 5.769105e-05
1839 2.343633e-03 5.756060e-05
1840 2.338352e-03 5.743045e-05
1841 2.333082e-03 5.730059e-05
1842 2.327824e-03 5.717103e-05
1843 2.322579e-03 5.704175e-05
1844 2.317345e-03 5.691277e-05
1845 2.312122e-03 5.678408e-05
1846 2.306912e-03 5.665569e-05
1847 2.301713e-03 5.652758e-05
1848 2.296527e-03 5.639976e-05
1849 2.291352e-03 5.627223e-05
1850 2.286188e-03 5.614499e-05
1851 2.281037e-03 5.601804e-05
1852 2.275897e-03 5.589138e-05
1853 2.270768e-03 5.576500e-05
1854 2.265651e-03 5.563890e-05
1855 2.260546e-03 5.551310e-05
1856 2.255452e-03 5.538757e-05
1857 2.250370e-03 5.526233e-05
1858 2.245300e-03 5.513738e-05
1859 2.240240e-03 5.501270e-05
1860 2.235193e-03 5.488831e-05
1861 2.230156e-03 5.476420e-05
1862 2.225131e-03 5.464037e-05
1863 2.220118e-03 5.451682e-05
1864 2.215115e-03 5.439355e-05
1865 2.210124e-03 5.427055e-05
1866 2.205145e-03 5.414784e-05
1867 2.200176e-03 5.402540e-05
1868 2.195219e-03 5.390324e-05
1869 2.190273e-03 5.378136e-05
1870 2.185338e-03 5.365975e-05
1871 2.180415e-03 5.353842e-05
1872 2.175502e-03 5.341736e-05
1873 2.170601e-03 5.329658e-05
1874 2.165711e-03 5.317606e-05
1875 2.160831e-03 5.305583e-05
1876 2.155963e-03 5.293586e-05
1877 2.151106e-03 5.281616e-05
1878 2.146260e-03 5.269674e-05
1879 2.141425e-03 5.257758e-05
1880 2.136600e-03 5.245869e-05
1881 2.131787e-03 5.234008e-05
1882 2.126984e-03 5.222173e-05
1883 2.122193e-03 5.210365e-05
1884 2.117412e-03 5.198583e-05
1885 2.112642e-03 5.186829e-05
1886 2.107883e-03 5.175100e-05
1887 2.103134e-03 5.163399e-05
1888 2.098397e-03 5.151723e-05
1889 2.093670e-03 5.140075e-05
1890 2.088953e-03 5.128452e-05
1891 2.084248e-03 5.116856e-05
1892 2.079553e-03 5.105286e-05
1893 2.074868e-03 5.093742e-05
1894 2.070195e-03 5.082224e-05
1895 2.065531e-03 5.070733e-05
1896 2.060879e-03 5.059267e-05
1897 2.056236e-03 5.047827e-05
1898 2.051605e-03 5.036413e-05
1899 2.046984e-03 5.025025e-05
1900 2.042373e-03 5.013663e-05
1901 2.037773e-03 5.002326e-05
1902 2.033183e-03 4.991015e-05
1903 2.028603e-03 4.979730e-05
1904 2.024034e-03 4.968470e-05
1905 2.019475e-03 4.957235e-05
1906 2.014927e-03 4.946026e-05
1907 2.010389e-03 4.934842e-05
1908 2.005861e-03 4.923684e-05
1909 2.001343e-03 4.912551e-05
1910 1.996835e-03 4.901443e-05
1911 1.992338e-03 4.890360e-05
1912 1.987851e-03 4.879302e-05
1913 1.983374e-03 4.868269e-05
1914 1.978907e-03 4.857261e-05
1915 1.974450e-03 4.846278e-05
1916 1.970004e-03 4.835320e-05
1917 1.965567e-03 4.824387e-05
1918 1.961140e-03 4.813478e-05
1919 1.956724e-03 4.802594e-05
1920 1.952317e-03 4.791734e-05
1921 1.947921e-03 4.780900e-05
1922 1.943534e-03 4.770089e-05
1923 1.939157e-03 4.759303e-05
1924 1.934790e-03 4.748542e-05
1925 1.930433e-03 4.737805e-05
1926 1.926086e-03 4.727092e-05
1927 1.921749e-03 4.716403e-05
1928 1.917421e-03 4.705739e-05
1929 1.913104e-03 4.695098e-05
1930 1.908796e-03 4.684482e-05
1931 1.904497e-03 4.673890e-05
1932 1.900209e-03 4.663321e-05
1933 1.895930e-03 4.652777e-05
1934 1.891661e-03 4.642256e-05
1935 1.887402e-03 4.631759e-05
1936 1.883152e-03 4.621286e-05
1937 1.878912e-03 4.610837e-05
1938 1.874681e-03 4.600411e-05
1939 1.870460e-03 4.590009e-05
1940 1.866248e-03 4.579630e-05
1941 1.862046e-03 4.569275e-05
1942 1.857854e-03 4.558943e-05
1943 1.853671e-03 4.548634e-05
1944 1.849498e-03 4.538349e-05
1945 1.845333e-03 4.528087e-05
1946 1.841179e-03 4.517849e-05
1947 1.837033e-03 4.507633e-05
1948 1.832898e-03 4.497441e-05
1949 1.828771e-03 4.487271e-05
1950 1.824654e-03 4.477125e-05
1951 1.820546e-03 4.467001e-05
1952 1.816447e-03 4.456901e-05
1953 1.812358e-03 4.446823e-05
1954 1.808278e-03 4.436768e-05
1955 1.804207e-03 4.426736e-05
1956 1.800145e-03 4.416726e-05
1957 1.796093e-03 4.406739e-05
1958 1.792050e-03 4.396775e-05
1959 1.788015e-03 4.386833e-05
1960 1.783990e-03 4.376914e-05
1961 1.779974e-03 4.367017e-05
1962 1.775968e-03 4.357143e-05
1963 1.771970e-03 4.347290e-05
1964 1.767981e-03 4.337461e-05
1965 1.764001e-03 4.327653e-05
1966 1.760031e-03 4.317867e-05
1967 1.756069e-03 4.308104e-05
1968 1.752116e-03 4.298363e-05
1969 1.748172e-03 4.288643e-05
1970 1.744237e-03 4.278946e-05
1971 1.740311e-03 4.269271e-05
1972 1.736394e-03 4.259617e-05
1973 1.732486e-03 4.249986e-05
1974 1.728586e-03 4.240376e-05
1975 1.724696e-03 4.230788e-05
1976 1.720814e-03 4.221221e-05
1977 1.716941e-03 4.211676e-05
1978 1.713076e-03 4.202153e-05
1979 1.709221e-03 4.192651e-05
1980 1.705374e-03 4.183171e-05
1981 1.701536e-03 4.173712e-05
1982 1.697707e-03 4.164275e-05
1983 1.693886e-03 4.154859e-05
1984 1.690074e-03 4.145464e-05
1985 1.686270e-03 4.136091e-05
1986 1.682475e-03 4.126738e-05
1987 1.678689e-03 4.117407e-05
1988 1.674911e-03 4.108097e-05
1989 1.671142e-03 4.098808e-05
1990 1.667381e-03 4.089540e-05
1991 1.663629e-03 4.080293e-05
1992 1.659885e-03 4.071067e-05
1993 1.656150e-03 4.061861e-05
1994 1.652423e-03 4.052677e-05
1995 1.648705e-03 4.043513e-05
1996 1.644995e-03 4.034370e-05
1997 1.641293e-03 4.025248e-05
1998 1.637600e-03 4.016146e-05
1999 1.633915e-03 4.007065e-05
2000 1.630239e-03 3.998004e-05
2001 1.626570e-03 3.988964e-05
2002 1.622911e-03 3.979945e-05
2003 1.619259e-03 3.970945e-05
2004 1.615616e-03 3.961967e-05
2005 1.611980e-03 3.953008e-05
2006 1.608354e-03 3.944070e-05
2007 1.604735e-03 3.935151e-05
2008 1.601124e-03 3.926253e-05
2009 1.597522e-03 3.917376e-05
2010 1.593928e-03 3.908518e-05
2011 1.590342e-03 3.899680e-05
2012 1.586764e-03 3.890862e-05
2013 1.583194e-03 3.882064e-05
2014 1.579632e-03 3.873286e-05
2015 1.576078e-03 3.864528e-05
2016 1.572533e-03 3.855790e-05
2017 1.568995e-03 3.847072e-05
2018 1.565465e-03 3.838373e-05
2019 1.561944e-03 3.829694e-05
2020 1.558430e-03 3.821034e-05
2021 1.554924e-03 3.812394e-05
2022 1.551426e-03 3.803774e-05
2023 1.547936e-03 3.795173e-05
2024 1.544454e-03 3.786591e-05
2025 1.540980e-03 3.778029e-05
2026 1.537514e-03 3.769487e-05
2027 1.534055e-03 3.760963e-05
2028 1.530605e-03 3.752459e-05
2029 1.527162e-03 3.743974e-05
2030 1.523727e-03 3.735508e-05
2031 1.520299e-03 3.727062e-05
2032 1.516880e-03 3.718634e-05
2033 1.513468e-03 3.710226e-05
2034 1.510064e-03 3.701837e-05
2035 1.506668e-03 3.693466e-05
2036 1.503279e-03 3.685115e-05
2037 1.499898e-03 3.676782e-05
2038 1.496525e-03 3.668468e-05
2039 1.493159e-03 3.660173e-05
2040 1.489801e-03 3.651897e-05
2041 1.486450e-03 3.643640e-05
2042 1.483107e-03 3.635401e-05
2043 1.479772e-03 3.627181e-05
2044 1.476444e-03 3.618979e-05
2045 1.473124e-03 3.610796e-05
2046 1.469811e-03 3.602631e-05
2047 1.466505e-03 3.594485e-05
2048 1.463207e-03 3.586358e-05
2049 1.459917e-03 3.578248e-05
2050 1.456634e-03 3.570157e-05
2051 1.453359e-03 3.562085e-05
2052 1.450090e-03 3.554030e-05
2053 1.446830e-03 3.545994e-05
2054 1.443576e-03 3.537976e-05
2055 1.440330e-03 3.529976e-05
2056 1.437092e-03 3.521994e-05
2057 1.433860e-03 3.514030e-05
2058 1.430636e-03 3.506085e-05
2059 1.427420e-03 3.498157e-05
2060 1.424210e-03 3.490247e-05
2061 1.421008e-03 3.482355e-05
2062 1.417813e-03 3.474481e-05
2063 1.414625e-03 3.466625e-05
2064 1.411445e-03 3.458786e-05
2065 1.408272e-03 3.450965e-05
2066 1.405105e-03 3.443162e-05
2067 1.401946e-03 3.435376e-05
2068 1.398795e-03 3.427609e-05
2069 1.395650e-03 3.419858e-05
2070 1.392512e-03 3.412125e-05
2071 1.389382e-03 3.404410e-05
2072 1.386258e-03 3.396712e-05
2073 1.383142e-03 3.389032e-05
2074 1.380033e-03 3.381369e-05
2075 1.376931e-03 3.373723e-05
2076 1.373835e-03 3.366094e-05
2077 1.370747e-03 3.358483e-05
2078 1.367666e-03 3.350889e-05
2079 1.364591e-03 3.343312e-05
2080 1.361524e-03 3.335752e-05
2081 1.358464e-03 3.328210e-05
2082 1.355410e-03 3.320684e-05
2083 1.352364e-03 3.313176e-05
2084 1.349324e-03 3.305684e-05
2085 1.346291e-03 3.298209e-05
2086 1.343265e-03 3.290752e-05
2087 1.340246e-03 3.283311e-05
2088 1.337234e-03 3.275887e-05
2089 1.334228e-03 3.268479e-05
2090 1.331230e-03 3.261089e-05
2091 1.328238e-03 3.253715e-05
2092 1.325253e-03 3.246358e-05
2093 1.322275e-03 3.239017e-05
2094 1.319303e-03 3.231693e-05
2095 1.316338e-03 3.224386e-05
2096 1.313380e-03 3.217095e-05
2097 1.310428e-03 3.209821e-05
2098 1.307484e-03 3.202563e-05
2099 1.304545e-03 3.195321e-05
2100 1.301614e-03 3.188096e-05
2101 1.298689e-03 3.180888e-05
2102 1.295771e-03 3.173695e-05
2103 1.292859e-03 3.166519e-05
2104 1.289954e-03 3.159359e-05
2105 1.287056e-03 3.152215e-05
2106 1.284164e-03 3.145087e-05
2107 1.281278e-03 3.137976e-05
2108 1.278399e-03 3.130880e-05
2109 1.275527e-03 3.123801e-05
2110 1.272661e-03 3.116738e-05
2111 1.269802e-03 3.109690e-05
2112 1.266949e-03 3.102659e-05
2113 1.264102e-03 3.095643e-05
2114 1.261262e-03 3.088643e-05
2115 1.258429e-03 3.081660e-05
2116 1.255602e-03 3.074691e-05
2117 1.252781e-03 3.067739e-05
2118 1.249966e-03 3.060802e-05
2119 1.247158e-03 3.053882e-05
2120 1.244357e-03 3.046976e-05
2121 1.241561e-03 3.040087e-05
2122 1.238772e-03 3.033212e-05
2123 1.235990e-03 3.026354e-05
2124 1.233213e-03 3.019511e-05
2125 1.230443e-03 3.012683e-05
2126 1.227679e-03 3.005871e-05
2127 1.224921e-03 2.999074e-05
2128 1.222170e-03 2.992293e-05
2129 1.219425e-03 2.985527e-05
2130 1.216686e-03 2.978776e-05
2131 1.213953e-03 2.972041e-05
2132 1.211227e-03 2.965321e-05
2133 1.208506e-03 2.958615e-05
2134 1.205792e-03 2.951926e-05
2135 1.203084e-03 2.945251e-05
2136 1.200382e-03 2.938591e-05
2137 1.197686e-03 2.931947e-05
2138 1.194996e-03 2.925317e-05
2139 1.192313e-03 2.918702e-05
2140 1.189635e-03 2.912103e-05
2141 1.186963e-03 2.905518e-05
2142 1.184298e-03 2.898948e-05
2143 1.181638e-03 2.892393e-05
2144 1.178985e-03 2.885853e-05
2145 1.176337e-03 2.879328e-05
2146 1.173696e-03 2.872817e-05
2147 1.171061e-03 2.866321e-05
2148 1.168431e-03 2.859840e-05
2149 1.165807e-03 2.853374e-05
2150 1.163190e-03 2.846922e-05
2151 1.160578e-03 2.840484e-05
2152 1.157972e-03 2.834062e-05
2153 1.155372e-03 2.827653e-05
2154 1.152778e-03 2.821260e-05
2155 1.150190e-03 2.814880e-05
2156 1.147608e-03 2.808515e-05
2157 1.145031e-03 2.802165e-05
2158 1.142461e-03 2.795829e-05
2159 1.139896e-03 2.789507e-05
2160 1.137337e-03 2.783199e-05
2161 1.134784e-03 2.776906e-05
2162 1.132236e-03 2.770627e-05
2163 1.129694e-03 2.764362e-05
2164 1.127158e-03 2.758112e-05
2165 1.124628e-03 2.751875e-05
2166 1.122104e-03 2.745653e-05
2167 1.119585e-03 2.739444e-05
2168 1.117072e-03 2.733250e-05
2169 1.114564e-03 2.727070e-05
2170 1.112063e-03 2.720904e-05
2171 1.109567e-03 2.714751e-05
2172 1.107076e-03 2.708613e-05
2173 1.104592e-03 2.702488e-05
2174 1.102112e-03 2.696377e-05
2175 1.099639e-03 2.690280e-05
2176 1.097171e-03 2.684197e-05
2177 1.094708e-03 2.678128e-05
2178 1.092252e-03 2.672072e-05
2179 1.089800e-03 2.666030e-05
2180 1.087355e-03 2.660002e-05
2181 1.084915e-03 2.653987e-05
2182 1.082480e-03 2.647986e-05
2183 1.080051e-03 2.641999e-05
2184 1.077627e-03 2.636025e-05
2185 1.075209e-03 2.630064e-05
2186 1.072796e-03 2.624117e-05
2187 1.070389e-03 2.618184e-05
2188 1.067987e-03 2.612264e-05
2189 1.065591e-03 2.606357e-05
2190 1.063200e-03 2.600464e-05
2191 1.060815e-03 2.594584e-05
2192 1.058435e-03 2.588717e-05
2193 1.056060e-03 2.582863e-05
2194 1.053690e-03 2.577023e-05
2195 1.051326e-03 2.571196e-05
2196 1.048968e-03 2.565382e-05
2197 1.046615e-03 2.559581e-05
2198 1.044267e-03 2.553794e-05
2199 1.041924e-03 2.548019e-05
2200 1.039587e-03 2.542258e-05
2201 1.037254e-03 2.536509e-05
2202 1.034928e-03 2.530774e-05
2203 1.032606e-03 2.525051e-05
2204 1.030290e-03 2.519342e-05
2205 1.027979e-03 2.513645e-05
2206 1.025673e-03 2.507962e-05
2207 1.023372e-03 2.502291e-05
2208 1.021077e-03 2.496633e-05
2209 1.018787e-03 2.490987e-05
2210 1.016502e-03 2.485355e-05
2211 1.014222e-03 2.479735e-05
2212 1.011947e-03 2.474128e-05
2213 1.009678e-03 2.468534e-05
2214 1.007413e-03 2.462952e-05
2215 1.005154e-03 2.457383e-05
2216 1.002900e-03 2.451826e-05
2217 1.000651e-03 2.446282e-05
2218 9.984068e-04 2.440751e-05
2219 9.961679e-04 2.435232e-05
2220 9.939341e-04 2.429726e-05
2221 9.917053e-04 2.424232e-05
2222 9.894815e-04 2.418750e-05
2223 9.872628e-04 2.413281e-05
2224 9.850492e-04 2.407824e-05
2225 9.828405e-04 2.402380e-05
2226 9.806368e-04 2.396947e-05
2227 9.784381e-04 2.391528e-05
2228 9.762444e-04 2.386120e-05
2229 9.740556e-04 2.380725e-05
2230 9.718718e-04 2.375341e-05
2231 9.696930e-04 2.369970e-05
2232 9.675191e-04 2.364612e-05
2233 9.653501e-04 2.359265e-05
2234 9.631860e-04 2.353930e-05
2235 9.610268e-04 2.348608e-05
2236 9.588724e-04 2.343297e-05
2237 9.567230e-04 2.337998e-05
2238 9.545784e-04 2.332712e-05
2239 9.524387e-04 2.327437e-05
2240 9.503038e-04 2.322175e-05
2241 9.481738e-04 2.316924e-05
2242 9.460485e-04 2.311685e-05
2243 9.439281e-04 2.306458e-05
2244 9.418125e-04 2.301242e-05
2245 9.397017e-04 2.296039e-05
2246 9.375956e-04 2.290847e-05
2247 9.354943e-04 2.285667e-05
2248 9.333978e-04 2.280499e-05
2249 9.313060e-04 2.275343e-05
2250 9.292189e-04 2.270198e-05
2251 9.271366e-04 2.265064e-05
2252 9.250590e-04 2.259943e-05
2253 9.229861e-04 2.254833e-05
2254 9.209178e-04 2.249734e-05
2255 9.188543e-04 2.244647e-05
2256 9.167954e-04 2.239572e-05
2257 9.147412e-04 2.234508e-05
2258 9.126916e-04 2.229455e-05
2259 9.106467e-04 2.224414e-05
2260 9.086064e-04 2.219384e-05
2261 9.065707e-04 2.214366e-05
2262 9.045396e-04 2.209359e-05
2263 9.025131e-04 2.204363e-05
2264 9.004912e-04 2.199379e-05
2265 8.984739e-04 2.194406e-05
2266 8.964611e-04 2.189444e-05
2267 8.944529e-04 2.184493e-05
2268 8.924493e-04 2.179554e-05
2269 8.904502e-04 2.174625e-05
2270 8.884556e-04 2.169708e-05
2271 8.864655e-04 2.164802e-05
2272 8.844799e-04 2.159907e-05
2273 8.824988e-04 2.155023e-05
2274 8.805222e-04 2.150150e-05
2275 8.785501e-04 2.145289e-05
2276 8.765824e-04 2.140438e-05
2277 8.746192e-04 2.135598e-05
2278 8.726604e-04 2.130769e-05
2279 8.707061e-04 2.125951e-05
2280 8.687562e-04 2.121144e-05
2281 8.668107e-04 2.116348e-05
2282 8.648696e-04 2.111562e-05
2283 8.629329e-04 2.106788e-05
2284 8.610006e-04 2.102024e-05
2285 8.590726e-04 2.097271e-05
2286 8.571490e-04 2.092529e-05
2287 8.552298e-04 2.087797e-05
2288 8.533149e-04 2.083076e-05
2289 8.514044e-04 2.078366e-05
2290 8.494981e-04 2.073667e-05
2291 8.475962e-04 2.068978e-05
2292 8.456986e-04 2.064299e-05
2293 8.438053e-04 2.059632e-05
2294 8.419163e-04 2.054975e-05
2295 8.400315e-04 2.050328e-05
2296 8.381511e-04 2.045692e-05
2297 8.362748e-04 2.041066e-05
2298 8.344028e-04 2.036451e-05
2299 8.325351e-04 2.031846e-05
2300 8.306716e-04 2.027252e-05
2301 8.288123e-04 2.022668e-05
2302 8.269572e-04 2.018095e-05
2303 8.251063e-04 2.013531e-05
2304 8.232596e-04 2.008978e-05
2305 8.214171e-04 2.004436e-05
2306 8.195787e-04 1.999904e-05
2307 8.177445e-04 1.995381e-05
2308 8.159145e-04 1.990870e-05
2309 8.140886e-04 1.986368e-05
2310 8.122668e-04 1.981876e-05
2311 8.104492e-04 1.977395e-05
2312 8.086357e-04 1.972924e-05
2313 8.068263e-04 1.968463e-05
2314 8.050209e-04 1.964012e-05
2315 8.032197e-04 1.959571e-05
2316 8.014225e-04 1.955140e-05
2317 7.996294e-04 1.950719e-05
2318 7.978404e-04 1.946308e-05
2319 7.960554e-04 1.941907e-05
2320 7.942745e-04 1.937516e-05
2321 7.924976e-04 1.933135e-05
2322 7.907247e-04 1.928764e-05
2323 7.889558e-04 1.924403e-05
2324 7.871909e-04 1.920052e-05
2325 7.854301e-04 1.915710e-05
2326 7.836732e-04 1.911378e-05
2327 7.819203e-04 1.907056e-05
2328 7.801713e-04 1.902744e-05
2329 7.784263e-04 1.898442e-05
2330 7.766853e-04 1.894149e-05
2331 7.749482e-04 1.889866e-05
2332 7.732150e-04 1.885593e-05
2333 7.714858e-04 1.881329e-05
2334 7.697605e-04 1.877075e-05
2335 7.680391e-04 1.872831e-05
2336 7.663215e-04 1.868596e-05
2337 7.646079e-04 1.864371e-05
2338 7.628982e-04 1.860156e-05
2339 7.611923e-04 1.855949e-05
2340 7.594903e-04 1.851753e-05
2341 7.577921e-04 1.847566e-05
2342 7.560978e-04 1.843388e-05
2343 7.544073e-04 1.839220e-05
2344 7.527206e-04 1.835061e-05
2345 7.510378e-04 1.830912e-05
2346 7.493588e-04 1.826772e-05
2347 7.476835e-04 1.822641e-05
2348 7.460121e-04 1.818520e-05
2349 7.443445e-04 1.814408e-05
2350 7.426806e-04 1.810305e-05
2351 7.410205e-04 1.806212e-05
2352 7.393641e-04 1.802128e-05
2353 7.377115e-04 1.798053e-05
2354 7.360627e-04 1.793987e-05
2355 7.344175e-04 1.789931e-05
2356 7.327761e-04 1.785883e-05
2357 7.311385e-04 1.781845e-05
2358 7.295045e-04 1.777816e-05
2359 7.278742e-04 1.773796e-05
2360 7.262476e-04 1.769786e-05
2361 7.246247e-04 1.765784e-05
2362 7.230055e-04 1.761791e-05
2363 7.213899e-04 1.757807e-05
2364 7.197780e-04 1.753833e-05
2365 7.181698e-04 1.749867e-05
2366 7.165652e-04 1.745910e-05
2367 7.149642e-04 1.741963e-05
2368 7.133668e-04 1.738024e-05
2369 7.117731e-04 1.734094e-05
2370 7.101830e-04 1.730173e-05
2371 7.085964e-04 1.726261e-05
2372 7.070135e-04 1.722357e-05
2373 7.054341e-04 1.718463e-05
2374 7.038584e-04 1.714577e-05
2375 7.022862e-04 1.710700e-05
2376 7.007175e-04 1.706832e-05
2377 6.991524e-04 1.702972e-05
2378 6.975909e-04 1.699122e-05
2379 6.960329e-04 1.695280e-05
2380 6.944784e-04 1.691447e-05
2381 6.929274e-04 1.687622e-05
2382 6.913800e-04 1.683806e-05
2383 6.898360e-04 1.679999e-05
2384 6.882956e-04 1.676200e-05
2385 6.867586e-04 1.672410e-05
2386 6.852251e-04 1.668628e-05
2387 6.836951e-04 1.664855e-05
2388 6.821686e-04 1.661091e-05
2389 6.806455e-04 1.657335e-05
2390 6.791258e-04 1.653587e-05
2391 6.776096e-04 1.649848e-05
2392 6.760969e-04 1.646118e-05
2393 6.745875e-04 1.642395e-05
2394 6.730816e-04 1.638682e-05
2395 6.715791e-04 1.634976e-05
2396 6.700800e-04 1.631280e-05
2397 6.685843e-04 1.627591e-05
2398 6.670919e-04 1.623911e-05
2399 6.656030e-04 1.620239e-05
2400 6.641174e-04 1.616575e-05
2401 6.626352e-04 1.612920e-05
2402 6.611564e-04 1.609273e-05
2403 6.596809e-04 1.605634e-05
2404 6.582087e-04 1.602003e-05
2405 6.567399e-04 1.598381e-05
2406 6.552744e-04 1.594767e-05
2407 6.538122e-04 1.591161e-05
2408 6.523533e-04 1.587563e-05
2409 6.508978e-04 1.583973e-05
2410 6.494455e-04 1.580392e-05
2411 6.479965e-04 1.576818e-05
2412 6.465508e-04 1.573253e-05
2413 6.451084e-04 1.569695e-05
2414 6.436692e-04 1.566146e-05
2415 6.422333e-04 1.562605e-05
2416 6.408007e-04 1.559071e-05
2417 6.393713e-04 1.555546e-05
2418 6.379451e-04 1.552029e-05
2419 6.365222e-04 1.548519e-05
2420 6.351025e-04 1.545018e-05
2421 6.336860e-04 1.541524e-05
2422 6.322727e-04 1.538039e-05
2423 6.308626e-04 1.534561e-05
2424 6.294558e-04 1.531091e-05
2425 6.280521e-04 1.527629e-05
2426 6.266515e-04 1.524175e-05
2427 6.252542e-04 1.520729e-05
2428 6.238600e-04 1.517290e-05
2429 6.224690e-04 1.513859e-05
2430 6.210811e-04 1.510436e-05
2431 6.196964e-04 1.507021e-05
2432 6.183148e-04 1.503613e-05
2433 6.169363e-04 1.500213e-05
2434 6.155610e-04 1.496821e-05
2435 6.141888e-04 1.493437e-05
2436 6.128196e-04 1.490060e-05
2437 6.114536e-04 1.486690e-05
2438 6.100907e-04 1.483329e-05
2439 6.087309e-04 1.479975e-05
2440 6.073741e-04 1.476628e-05
2441 6.060204e-04 1.473289e-05
2442 6.046698e-04 1.469958e-05
2443 6.033223e-04 1.466634e-05
2444 6.019778e-04 1.463318e-05
2445 6.006363e-04 1.460009e-05
2446 5.992979e-04 1.456708e-05
2447 5.979625e-04 1.453414e-05
2448 5.966302e-04 1.450128e-05
2449 5.953008e-04 1.446849e-05
2450 5.939745e-04 1.443577e-05
2451 5.926512e-04 1.440313e-05
2452 5.913309e-04 1.437056e-05
2453 5.900135e-04 1.433807e-05
2454 5.886992e-04 1.430565e-05
2455 5.873878e-04 1.427330e-05
2456 5.860794e-04 1.424103e-05
2457 5.847740e-04 1.420882e-05
2458 5.834715e-04 1.417670e-05
2459 5.821720e-04 1.414464e-05
2460 5.808754e-04 1.411266e-05
2461 5.795818e-04 1.408075e-05
2462 5.782911e-04 1.404891e-05
2463 5.770033e-04 1.401714e-05
2464 5.757184e-04 1.398545e-05
2465 5.744365e-04 1.395382e-05
2466 5.731574e-04 1.392227e-05
2467 5.718813e-04 1.389079e-05
2468 5.706080e-04 1.385938e-05
2469 5.693377e-04 1.382804e-05
2470 5.680702e-04 1.379678e-05
2471 5.668055e-04 1.376558e-05
2472 5.655438e-04 1.373445e-05
2473 5.642849e-04 1.370340e-05
2474 5.630288e-04 1.367241e-05
2475 5.617756e-04 1.364150e-05
2476 5.605253e-04 1.361065e-05
2477 5.592778e-04 1.357988e-05
2478 5.580331e-04 1.354917e-05
2479 5.567912e-04 1.351853e-05
2480 5.555521e-04 1.348797e-05
2481 5.543159e-04 1.345747e-05
2482 5.530824e-04 1.342704e-05
2483 5.518518e-04 1.339668e-05
2484 5.506239e-04 1.336638e-05
2485 5.493988e-04 1.333616e-05
2486 5.481765e-04 1.330601e-05
2487 5.469570e-04 1.327592e-05
2488 5.457402e-04 1.324590e-05
2489 5.445262e-04 1.321595e-05
2490 5.433149e-04 1.318607e-05
2491 5.421064e-04 1.315625e-05
2492 5.409006e-04 1.312650e-05
2493 5.396976e-04 1.309682e-05
2494 5.384972e-04 1.306721e-05
2495 5.372996e-04 1.303766e-05
2496 5.361048e-04 1.300818e-05
2497 5.349126e-04 1.297877e-05
2498 5.337231e-04 1.294942e-05
2499 5.325363e-04 1.292014e-05
2500 5.313522e-04 1.289092e-05
2501 5.301708e-04 1.286178e-05
2502 5.289921e-04 1.283269e-05
2503 5.278161e-04 1.280368e-05
2504 5.266427e-04 1.277473e-05
2505 5.254719e-04 1.274584e-05
2506 5.243039e-04 1.271702e-05
2507 5.231384e-04 1.268827e-05
2508 5.219757e-04 1.265957e-05
2509 5.208155e-04 1.263095e-05
2510 5.196580e-04 1.260239e-05
2511 5.185031e-04 1.257389e-05
2512 5.173508e-04 1.254546e-05
2513 5.162012e-04 1.251709e-05
2514 5.150541e-04 1.248879e-05
2515 5.139097e-04 1.246055e-05
2516 5.127678e-04 1.243238e-05
2517 5.116285e-04 1.240427e-05
2518 5.104918e-04 1.237622e-05
2519 5.093577e-04 1.234823e-05
2520 5.082262e-04 1.232031e-05
2521 5.070972e-04 1.229245e-05
2522 5.059708e-04 1.226466e-05
2523 5.048469e-04 1.223693e-05
2524 5.037256e-04 1.220926e-05
2525 5.026069e-04 1.218165e-05
2526 5.014906e-04 1.215411e-05
2527 5.003769e-04 1.212662e-05
2528 4.992657e-04 1.209920e-05
2529 4.981571e-04 1.207184e-05
2530 4.970509e-04 1.204455e-05
2531 4.959473e-04 1.201731e-05
2532 4.948462e-04 1.199014e-05
2533 4.937475e-04 1.196303e-05
2534 4.926514e-04 1.193598e-05
2535 4.915577e-04 1.190899e-05
2536 4.904666e-04 1.188206e-05
2537 4.893779e-04 1.185519e-05
2538 4.882916e-04 1.182839e-05
2539 4.872079e-04 1.180164e-05
2540 4.861265e-04 1.177496e-05
2541 4.850477e-04 1.174833e-05
2542 4.839713e-04 1.172177e-05
2543 4.828973e-04 1.169526e-05
2544 4.818258e-04 1.166882e-05
2545 4.807567e-04 1.164243e-05
2546 4.796900e-04 1.161611e-05
2547 4.786257e-04 1.158984e-05
2548 4.775639e-04 1.156364e-05
2549 4.765044e-04 1.153749e-05
2550 4.754474e-04 1.151140e-05
2551 4.743927e-04 1.148537e-05
2552 4.733405e-04 1.145940e-05
2553 4.722906e-04 1.143349e-05
2554 4.712432e-04 1.140764e-05
2555 4.701981e-04 1.138184e-05
2556 4.691553e-04 1.135611e-05
2557 4.681150e-04 1.133043e-05
2558 4.670769e-04 1.130481e-05
2559 4.660413e-04 1.127925e-05
2560 4.650080e-04 1.125374e-05
2561 4.639770e-04 1.122830e-05
2562 4.629484e-04 1.120291e-05
2563 4.619221e-04 1.117758e-05
2564 4.608982e-04 1.115230e-05
2565 4.598765e-04 1.112708e-05
2566 4.588572e-04 1.110192e-05
2567 4.578402e-04 1.107682e-05
2568 4.568255e-04 1.105177e-05
2569 4.558131e-04 1.102678e-05
2570 4.548030e-04 1.100185e-05
2571 4.537952e-04 1.097697e-05
2572 4.527897e-04 1.095215e-05
2573 4.517864e-04 1.092739e-05
2574 4.507855e-04 1.090268e-05
2575 4.497868e-04 1.087803e-05
2576 4.487904e-04 1.085343e-05
2577 4.477962e-04 1.082889e-05
2578 4.468043e-04 1.080440e-05
2579 4.458146e-04 1.077997e-05
2580 4.448272e-04 1.075560e-05
2581 4.438421e-04 1.073128e-05
2582 4.428591e-04 1.070701e-05
2583 4.418784e-04 1.068280e-05
2584 4.408999e-04 1.065865e-05
2585 4.399237e-04 1.063455e-05
2586 4.389496e-04 1.061050e-05
2587 4.379778e-04 1.058651e-05
2588 4.370082e-04 1.056257e-05
2589 4.360407e-04 1.053869e-05
2590 4.350755e-04 1.051486e-05
2591 4.341125e-04 1.049108e-05
2592 4.331516e-04 1.046736e-05
2593 4.321929e-04 1.044369e-05
2594 4.312364e-04 1.042008e-05
2595 4.302821e-04 1.039652e-05
2596 4.293300e-04 1.037301e-05
2597 4.283800e-04 1.034955e-05
2598 4.274321e-04 1.032615e-05
2599 4.264864e-04 1.030280e-05
2600 4.255429e-04 1.027951e-05
2601 4.246015e-04 1.025626e-05
2602 4.236622e-04 1.023307e-05
2603 4.227251e-04 1.020993e-05
2604 4.217901e-04 1.018685e-05
2605 4.208572e-04 1.016381e-05
2606 4.199264e-04 1.014083e-05
2607 4.189978e-04 1.011790e-05
2608 4.180712e-04 1.009502e-05
2609 4.171468e-04 1.007220e-05
2610 4.162244e-04 1.004942e-05
2611 4.153042e-04 1.002670e-05
2612 4.143860e-04 1.000403e-05
2613 4.134699e-04 9.981405e-06
2614 4.125559e-04 9.958836e-06
2615 4.116440e-04 9.936317e-06
2616 4.107342e-04 9.913850e-06
2617 4.098264e-04 9.891433e-06
2618 4.089207e-04 9.869067e-06
2619 4.080170e-04 9.846752e-06
2620 4.071154e-04 9.824487e-06
2621 4.062158e-04 9.802272e-06
2622 4.053183e-04 9.780107e-06
2623 4.044228e-04 9.757993e-06
2624 4.035294e-04 9.735929e-06
2625 4.026379e-04 9.713914e-06
2626 4.017485e-04 9.691950e-06
2627 4.008612e-04 9.670035e-06
2628 3.999758e-04 9.648169e-06
2629 3.990924e-04 9.626353e-06
2630 3.982111e-04 9.604587e-06
2631 3.973318e-04 9.582869e-06
2632 3.964544e-04 9.561201e-06
2633 3.955791e-04 9.539581e-06
2634 3.947057e-04 9.518011e-06
2635 3.938343e-04 9.496489e-06
2636 3.929649e-04 9.475016e-06
2637 3.920975e-04 9.453592e-06
2638 3.912320e-04 9.432216e-06
2639 3.903685e-04 9.410888e-06
2640 3.895070e-04 9.389609e-06
2641 3.886474e-04 9.368377e-06
2642 3.877898e-04 9.347194e-06
2643 3.869341e-04 9.326059e-06
2644 3.860804e-04 9.304971e-06
2645 3.852286e-04 9.283931e-06
2646 3.843787e-04 9.262939e-06
2647 3.835308e-04 9.241994e-06
2648 3.826848e-04 9.221096e-06
2649 3.818407e-04 9.200246e-06
2650 3.809986e-04 9.179443e-06
2651 3.801583e-04 9.158686e-06
2652 3.793200e-04 9.137977e-06
2653 3.784836e-04 9.117315e-06
2654 3.776490e-04 9.096699e-06
2655 3.768164e-04 9.076130e-06
2656 3.759857e-04 9.055608e-06
2657 3.751568e-04 9.035132e-06
2658 3.743298e-04 9.014702e-06
2659 3.735048e-04 8.994318e-06
2660 3.726815e-04 8.973981e-06
2661 3.718602e-04 8.953689e-06
2662 3.710407e-04 8.933443e-06
2663 3.702231e-04 8.913243e-06
2664 3.694073e-04 8.893089e-06
2665 3.685934e-04 8.872981e-06
2666 3.677814e-04 8.852917e-06
2667 3.669712e-04 8.832900e-06
2668 3.661628e-04 8.812927e-06
2669 3.653563e-04 8.793000e-06
2670 3.645516e-04 8.773117e-06
2671 3.637487e-04 8.753280e-06
2672 3.629477e-04 8.733488e-06
2673 3.621485e-04 8.713740e-06
2674 3.613511e-04 8.694037e-06
2675 3.605555e-04 8.674378e-06
2676 3.597617e-04 8.654764e-06
2677 3.589697e-04 8.635194e-06
2678 3.581795e-04 8.615669e-06
2679 3.573911e-04 8.596187e-06
2680 3.566046e-04 8.576750e-06
2681 3.558198e-04 8.557357e-06
2682 3.550367e-04 8.538007e-06
2683 3.542555e-04 8.518702e-06
2684 3.534760e-04 8.499439e-06
2685 3.526984e-04 8.480221e-06
2686 3.519224e-04 8.461046e-06
2687 3.511483e-04 8.441914e-06
2688 3.503759e-04 8.422826e-06
2689 3.496053e-04 8.403780e-06
2690 3.488364e-04 8.384778e-06
2691 3.480692e-04 8.365819e-06
2692 3.473038e-04 8.346902e-06
2693 3.465402e-04 8.328029e-06
2694 3.457783e-04 8.309198e-06
2695 3.450181e-04 8.290409e-06
2696 3.442597e-04 8.271664e-06
2697 3.435029e-04 8.252960e-06
2698 3.427479e-04 8.234299e-06
2699 3.419946e-04 8.215680e-06
2700 3.412431e-04 8.197103e-06
2701 3.404932e-04 8.178568e-06
2702 3.397450e-04 8.160075e-06
2703 3.389986e-04 8.141624e-06
2704 3.382538e-04 8.123214e-06
2705 3.375108e-04 8.104847e-06
2706 3.367694e-04 8.086520e-06
2707 3.360297e-04 8.068235e-06
2708 3.352917e-04 8.049992e-06
2709 3.345554e-04 8.031790e-06
2710 3.338207e-04 8.013629e-06
2711 3.330877e-04 7.995508e-06
2712 3.323564e-04 7.977429e-06
2713 3.316268e-04 7.959391e-06
2714 3.308988e-04 7.941394e-06
2715 3.301725e-04 7.923437e-06
2716 3.294478e-04 7.905521e-06
2717 3.287248e-04 7.887645e-06
2718 3.280034e-04 7.869810e-06
2719 3.272836e-04 7.852015e-06
2720 3.265655e-04 7.834261e-06
2721 3.258491e-04 7.816546e-06
2722 3.251342e-04 7.798872e-06
2723 3.244210e-04 7.781237e-06
2724 3.237094e-04 7.763643e-06
2725 3.229995e-04 7.746088e-06
2726 3.222911e-04 7.728573e-06
2727 3.215844e-04 7.711097e-06
2728 3.208793e-04 7.693661e-06
2729 3.201757e-04 7.676265e-06
2730 3.194738e-04 7.658908e-06
2731 3.187735e-04 7.641590e-06
2732 3.180748e-04 7.624311e-06
2733 3.173776e-04 7.607071e-06
2734 3.166821e-04 7.589870e-06
2735 3.159881e-04 7.572709e-06
2736 3.152957e-04 7.555586e-06
2737 3.146049e-04 7.538501e-06
2738 3.139157e-04 7.521455e-06
2739 3.132280e-04 7.504448e-06
2740 3.125419e-04 7.487480e-06
2741 3.118574e-04 7.470549e-06
2742 3.111744e-04 7.453657e-06
2743 3.104930e-04 7.436803e-06
2744 3.098131e-04 7.419988e-06
2745 3.091348e-04 7.403210e-06
2746 3.084580e-04 7.386470e-06
2747 3.077827e-04 7.369768e-06
2748 3.071090e-04 7.353104e-06
2749 3.064369e-04 7.336477e-06
2750 3.057662e-04 7.319889e-06
2751 3.050971e-04 7.303337e-06
2752 3.044295e-04 7.286823e-06
2753 3.037635e-04 7.270347e-06
2754 3.030989e-04 7.253907e-06
2755 3.024359e-04 7.237505e-06
2756 3.017744e-04 7.221140e-06
2757 3.011144e-04 7.204812e-06
2758 3.004559e-04 7.188521e-06
2759 2.997989e-04 7.172266e-06
2760 2.991434e-04 7.156049e-06
2761 2.984893e-04 7.139868e-06
2762 2.978368e-04 7.123723e-06
2763 2.971858e-04 7.107616e-06
2764 2.965362e-04 7.091544e-06
2765 2.958881e-04 7.075509e-06
2766 2.952415e-04 7.059510e-06
2767 2.945964e-04 7.043548e-06
2768 2.939528e-04 7.027621e-06
2769 2.933106e-04 7.011731e-06
2770 2.926699e-04 6.995876e-06
2771 2.920306e-04 6.980057e-06
2772 2.913928e-04 6.964274e-06
2773 2.907564e-04 6.948527e-06
2774 2.901215e-04 6.932815e-06
2775 2.894881e-04 6.917139e-06
2776 2.888561e-04 6.901498e-06
2777 2.882255e-04 6.885893e-06
2778 2.875964e-04 6.870323e-06
2779 2.869687e-04 6.854788e-06
2780 2.863424e-04 6.839288e-06
2781 2.857176e-04 6.823824e-06
2782 2.850942e-04 6.808394e-06
2783 2.844722e-04 6.792999e-06
2784 2.838516e-04 6.777639e-06
2785 2.832325e-04 6.762314e-06
2786 2.826147e-04 6.747023e-06
2787 2.819984e-04 6.731767e-06
2788 2.813835e-04 6.716546e-06
2789 2.807699e-04 6.701358e-06
2790 2.801578e-04 6.686206e-06
2791 2.795471e-04 6.671087e-06
2792 2.789378e-04 6.656003e-06
2793 2.783298e-04 6.640953e-06
2794 2.777232e-04 6.625936e-06
2795 2.771181e-04 6.610954e-06
2796 2.765143e-04 6.596006e-06
2797 2.759119e-04 6.581091e-06
2798 2.753108e-04 6.566210e-06
2799 2.747112e-04 6.551363e-06
2800 2.741128e-04 6.536549e-06
2801 2.735159e-04 6.521769e-06
2802 2.729203e-04 6.507023e-06
2803 2.723261e-04 6.492309e-06
2804 2.717333e-04 6.477629e-06
2805 2.711418e-04 6.462982e-06
2806 2.705516e-04 6.448368e-06
2807 2.699628e-04 6.433788e-06
2808 2.693753e-04 6.419240e-06
2809 2.687892e-04 6.404725e-06
2810 2.682044e-04 6.390243e-06
2811 2.676210e-04 6.375794e-06
2812 2.670389e-04 6.361377e-06
2813 2.664581e-04 6.346993e-06
2814 2.658786e-04 6.332641e-06
2815 2.653005e-04 6.318322e-06
2816 2.647237e-04 6.304036e-06
2817 2.641482e-04 6.289781e-06
2818 2.635740e-04 6.275559e-06
2819 2.630011e-04 6.261369e-06
2820 2.624295e-04 6.247211e-06
2821 2.618593e-04 6.233085e-06
2822 2.612903e-04 6.218991e-06
2823 2.607226e-04 6.204929e-06
2824 2.601563e-04 6.190899e-06
2825 2.595912e-04 6.176900e-06
2826 2.590274e-04 6.162933e-06
2827 2.584649e-04 6.148998e-06
2828 2.579037e-04 6.135094e-06
2829 2.573438e-04 6.121222e-06
2830 2.567852e-04 6.107381e-06
2831 2.562278e-04 6.093571e-06
2832 2.556717e-04 6.079793e-06
2833 2.551169e-04 6.066045e-06
2834 2.545633e-04 6.052329e-06
2835 2.540110e-04 6.038644e-06
2836 2.534600e-04 6.024989e-06
2837 2.529103e-04 6.011366e-06
2838 2.523617e-04 5.997773e-06
2839 2.518145e-04 5.984211e-06
2840 2.512685e-04 5.970680e-06
2841 2.507237e-04 5.957180e-06
2842 2.501802e-04 5.943710e-06
2843 2.496379e-04 5.930270e-06
2844 2.490969e-04 5.916861e-06
2845 2.485571e-04 5.903482e-06
2846 2.480186e-04 5.890133e-06
2847 2.474812e-04 5.876815e-06
2848 2.469451e-04 5.863526e-06
2849 2.464103e-04 5.850268e-06
2850 2.458766e-04 5.837039e-06
2851 2.453442e-04 5.823841e-06
2852 2.448130e-04 5.810672e-06
2853 2.442830e-04 5.797534e-06
2854 2.437542e-04 5.784424e-06
2855 2.432266e-04 5.771345e-06
2856 2.427002e-04 5.758295e-06
2857 2.421751e-04 5.745275e-06
2858 2.416511e-04 5.732284e-06
2859 2.411284e-04 5.719322e-06
2860 2.406068e-04 5.706390e-06
2861 2.400864e-04 5.693487e-06
2862 2.395672e-04 5.680613e-06
2863 2.390492e-04 5.667768e-06
2864 2.385324e-04 5.654953e-06
2865 2.380168e-04 5.642166e-06
2866 2.375024e-04 5.629408e-06
2867 2.369891e-04 5.616679e-06
2868 2.364770e-04 5.603979e-06
2869 2.359661e-04 5.591308e-06
2870 2.354563e-04 5.578665e-06
2871 2.349478e-04 5.566051e-06
2872 2.344403e-04 5.553465e-06
2873 2.339341e-04 5.540908e-06
2874 2.334290e-04 5.528379e-06
2875 2.329250e-04 5.515878e-06
2876 2.324223e-04 5.503406e-06
2877 2.319206e-04 5.490962e-06
2878 2.314201e-04 5.478546e-06
2879 2.309208e-04 5.466158e-06
2880 2.304226e-04 5.453798e-06
2881 2.299255e-04 5.441466e-06
2882 2.294296e-04 5.429162e-06
2883 2.289348e-04 5.416886e-06
2884 2.284412e-04 5.404638e-06
2885 2.279487e-04 5.392417e-06
2886 2.274573e-04 5.380224e-06
2887 2.269670e-04 5.368059e-06
2888 2.264779e-04 5.355921e-06
2889 2.259899e-04 5.343810e-06
2890 2.255030e-04 5.331727e-06
2891 2.250172e-04 5.319671e-06
2892 2.245325e-04 5.307642e-06
2893 2.240490e-04 5.295641e-06
2894 2.235665e-04 5.283667e-06
2895 2.230852e-04 5.271720e-06
2896 2.226049e-04 5.259799e-06
2897 2.221258e-04 5.247906e-06
2898 2.216477e-04 5.236040e-06
2899 2.211708e-04 5.224200e-06
2900 2.206949e-04 5.212388e-06
2901 2.202202e-04 5.200602e-06
2902 2.197465e-04 5.188842e-06
2903 2.192739e-04 5.177110e-06
2904 2.188024e-04 5.165403e-06
2905 2.183320e-04 5.153724e-06
2906 2.178627e-04 5.142070e-06
2907 2.173944e-04 5.130443e-06
2908 2.169272e-04 5.118842e-06
2909 2.164611e-04 5.107268e-06
2910 2.159961e-04 5.095720e-06
2911 2.155321e-04 5.084197e-06
2912 2.150692e-04 5.072701e-06
2913 2.146073e-04 5.061231e-06
2914 2.141465e-04 5.049787e-06
2915 2.136868e-04 5.038369e-06
2916 2.132281e-04 5.026976e-06
2917 2.127705e-04 5.015609e-06
2918 2.123139e-04 5.004268e-06
2919 2.118584e-04 4.992953e-06
2920 2.114039e-04 4.981663e-06
2921 2.109504e-04 4.970399e-06
2922 2.104980e-04 4.959160e-06
2923 2.100467e-04 4.947946e-06
2924 2.095964e-04 4.936758e-06
2925 2.091471e-04 4.925596e-06
2926 2.086988e-04 4.914458e-06
2927 2.082516e-04 4.903346e-06
2928 2.078054e-04 4.892258e-06
2929 2.073602e-04 4.881196e-06
2930 2.069161e-04 4.870159e-06
2931 2.064729e-04 4.859147e-06
2932 2.060308e-04 4.848160e-06
2933 2.055897e-04 4.837197e-06
2934 2.051496e-04 4.826260e-06
2935 2.047106e-04 4.815347e-06
2936 2.042725e-04 4.804458e-06
2937 2.038355e-04 4.793595e-06
2938 2.033994e-04 4.782756e-06
2939 2.029644e-04 4.771941e-06
2940 2.025303e-04 4.761151e-06
2941 2.020973e-04 4.750385e-06
2942 2.016652e-04 4.739644e-06
2943 2.012341e-04 4.728927e-06
2944 2.008041e-04 4.718234e-06
2945 2.003750e-04 4.707566e-06
2946 1.999469e-04 4.696921e-06
2947 1.995198e-04 4.686301e-06
2948 1.990937e-04 4.675704e-06
2949 1.986685e-04 4.665132e-06
2950 1.982443e-04 4.654583e-06
2951 1.978212e-04 4.644058e-06
2952 1.973989e-04 4.633557e-06
2953 1.969777e-04 4.623080e-06
2954 1.965574e-04 4.612627e-06
2955 1.961381e-04 4.602197e-06
2956 1.957198e-04 4.591791e-06
2957 1.953024e-04 4.581408e-06
2958 1.948859e-04 4.571049e-06
2959 1.944705e-04 4.560713e-06
2960 1.940560e-04 4.550400e-06
2961 1.936424e-04 4.540111e-06
2962 1.932298e-04 4.529845e-06
2963 1.928182e-04 4.519603e-06
2964 1.924075e-04 4.509383e-06
2965 1.919977e-04 4.499187e-06
2966 1.915889e-04 4.489013e-06
2967 1.911810e-04 4.478863e-06
2968 1.907741e-04 4.468736e-06
2969 1.903681e-04 4.458631e-06
2970 1.899631e-04 4.448549e-06
2971 1.895589e-04 4.438491e-06
2972 1.891557e-04 4.428454e-06
2973 1.887535e-04 4.418441e-06
2974 1.883521e-04 4.408450e-06
2975 1.879517e-04 4.398482e-06
2976 1.875522e-04 4.388536e-06
2977 1.871537e-04 4.378613e-06
2978 1.867560e-04 4.368713e-06
2979 1.863593e-04 4.358834e-06
2980 1.859635e-04 4.348978e-06
2981 1.855686e-04 4.339145e-06
2982 1.851746e-04 4.329333e-06
2983 1.847815e-04 4.319544e-06
2984 1.843893e-04 4.309777e-06
2985 1.839981e-04 4.300032e-06
2986 1.836077e-04 4.290309e-06
2987 1.832182e-04 4.280607e-06
2988 1.828296e-04 4.270928e-06
2989 1.824420e-04 4.261271e-06
2990 1.820552e-04 4.251636e-06
2991 1.816693e-04 4.242022e-06
2992 1.812843e-04 4.232430e-06
2993 1.809002e-04 4.222860e-06
2994 1.805170e-04 4.213312e-06
2995 1.801346e-04 4.203785e-06
2996 1.797532e-04 4.194279e-06
2997 1.793726e-04 4.184795e-06
2998 1.789929e-04 4.175333e-06
2999 1.786141e-04 4.165892e-06
3000 1.782362e-04 4.156472e-06
3001 1.778591e-04 4.147074e-06
3002 1.774829e-04 4.137696e-06
3003 1.771076e-04 4.128341e-06
3004 1.767331e-04 4.119006e-06
3005 1.763595e-04 4.109692e-06
3006 1.759868e-04 4.100399e-06
3007 1.756149e-04 4.091128e-06
3008 1.752439e-04 4.081877e-06
3009 1.748738e-04 4.072647e-06
3010 1.745045e-04 4.063438e-06
3011 1.741360e-04 4.054250e-06
3012 1.737684e-04 4.045083e-06
3013 1.734017e-04 4.035937e-06
3014 1.730358e-04 4.026811e-06
3015 1.726707e-04 4.017705e-06
3016 1.723065e-04 4.008621e-06
3017 1.719432e-04 3.999557e-06
3018 1.715807e-04 3.990513e-06
3019 1.712190e-04 3.981490e-06
3020 1.708581e-04 3.972487e-06
3021 1.704981e-04 3.963505e-06
3022 1.701389e-04 3.954543e-06
3023 1.697806e-04 3.945601e-06
3024 1.694231e-04 3.936679e-06
3025 1.690664e-04 3.927778e-06
3026 1.687105e-04 3.918896e-06
3027 1.683555e-04 3.910035e-06
3028 1.680013e-04 3.901194e-06
3029 1.676479e-04 3.892373e-06
3030 1.672953e-04 3.883572e-06
3031 1.669436e-04 3.874790e-06
3032 1.665926e-04 3.866029e-06
3033 1.662425e-04 3.857287e-06
3034 1.658932e-04 3.848565e-06
3035 1.655446e-04 3.839863e-06
3036 1.651969e-04 3.831180e-06
3037 1.648500e-04 3.822518e-06
3038 1.645040e-04 3.813874e-06
3039 1.641587e-04 3.805250e-06
3040 1.638142e-04 3.796646e-06
3041 1.634705e-04 3.788061e-06
3042 1.631276e-04 3.779496e-06
3043 1.627855e-04 3.770950e-06
3044 1.624442e-04 3.762423e-06
3045 1.621037e-04 3.753916e-06
3046 1.617639e-04 3.745428e-06
3047 1.614250e-04 3.736959e-06
3048 1.610869e-04 3.728509e-06
3049 1.607495e-04 3.720078e-06
3050 1.604129e-04 3.711667e-06
3051 1.600771e-04 3.703274e-06
3052 1.597421e-04 3.694900e-06
3053 1.594078e-04 3.686545e-06
3054 1.590744e-04 3.678210e-06
3055 1.587417e-04 3.669893e-06
3056 1.584098e-04 3.661594e-06
3057 1.580786e-04 3.653315e-06
3058 1.577482e-04 3.645054e-06
3059 1.574186e-04 3.636812e-06
3060 1.570898e-04 3.628589e-06
3061 1.567617e-04 3.620384e-06
3062 1.564344e-04 3.612198e-06
3063 1.561078e-04 3.604030e-06
3064 1.557820e-04 3.595881e-06
3065 1.554570e-04 3.587750e-06
3066 1.551327e-04 3.579638e-06
3067 1.548092e-04 3.571543e-06
3068 1.544864e-04 3.563468e-06
3069 1.541644e-04 3.555410e-06
3070 1.538431e-04 3.547371e-06
3071 1.535225e-04 3.539350e-06
3072 1.532027e-04 3.531347e-06
3073 1.528837e-04 3.523362e-06
3074 1.525654e-04 3.515395e-06
3075 1.522478e-04 3.507446e-06
3076 1.519310e-04 3.499515e-06
3077 1.516149e-04 3.491602e-06
3078 1.512996e-04 3.483707e-06
3079 1.509850e-04 3.475830e-06
3080 1.506711e-04 3.467971e-06
3081 1.503579e-04 3.460129e-06
3082 1.500455e-04 3.452305e-06
3083 1.497338e-04 3.444499e-06
3084 1.494229e-04 3.436710e-06
3085 1.491126e-04 3.428939e-06
3086 1.488031e-04 3.421186e-06
3087 1.484943e-04 3.413450e-06
3088 1.481862e-04 3.405732e-06
3089 1.478789e-04 3.398031e-06
3090 1.475722e-04 3.390347e-06
3091 1.472663e-04 3.382681e-06
3092 1.469611e-04 3.375033e-06
3093 1.466566e-04 3.367401e-06
3094 1.463528e-04 3.359787e-06
3095 1.460497e-04 3.352190e-06
3096 1.457473e-04 3.344610e-06
3097 1.454457e-04 3.337047e-06
3098 1.451447e-04 3.329502e-06
3099 1.448444e-04 3.321973e-06
3100 1.445449e-04 3.314462e-06
3101 1.442460e-04 3.306967e-06
3102 1.439478e-04 3.299490e-06
3103 1.436504e-04 3.292029e-06
3104 1.433536e-04 3.284585e-06
3105 1.430575e-04 3.277158e-06
3106 1.427621e-04 3.269748e-06
3107 1.424674e-04 3.262355e-06
3108 1.421734e-04 3.254978e-06
3109 1.418801e-04 3.247618e-06
3110 1.415874e-04 3.240275e-06
3111 1.412955e-04 3.232948e-06
3112 1.410042e-04 3.225638e-06
3113 1.407136e-04 3.218344e-06
3114 1.404237e-04 3.211067e-06
3115 1.401345e-04 3.203806e-06
3116 1.398459e-04 3.196562e-06
3117 1.395580e-04 3.189334e-06
3118 1.392708e-04 3.182123e-06
3119 1.389843e-04 3.174927e-06
3120 1.386984e-04 3.167748e-06
3121 1.384132e-04 3.160585e-06
3122 1.381287e-04 3.153439e-06
3123 1.378448e-04 3.146309e-06
3124 1.375616e-04 3.139194e-06
3125 1.372791e-04 3.132096e-06
3126 1.369972e-04 3.125014e-06
3127 1.367160e-04 3.117948e-06
3128 1.364355e-04 3.110898e-06
3129 1.361556e-04 3.103863e-06
3130 1.358763e-04 3.096845e-06
3131 1.355977e-04 3.089843e-06
3132 1.353198e-04 3.082856e-06
3133 1.350425e-04 3.075885e-06
3134 1.347659e-04 3.068930e-06
3135 1.344899e-04 3.061991e-06
3136 1.342146e-04 3.055067e-06
3137 1.339399e-04 3.048159e-06
3138 1.336658e-04 3.041267e-06
3139 1.333924e-04 3.034390e-06
3140 1.331197e-04 3.027529e-06
3141 1.328476e-04 3.020683e-06
3142 1.325761e-04 3.013853e-06
3143 1.323052e-04 3.007038e-06
3144 1.320350e-04 3.000239e-06
3145 1.317655e-04 2.993455e-06
3146 1.314965e-04 2.986686e-06
3147 1.312282e-04 2.979933e-06
3148 1.309605e-04 2.973195e-06
3149 1.306935e-04 2.966472e-06
3150 1.304271e-04 2.959764e-06
3151 1.301613e-04 2.953072e-06
3152 1.298961e-04 2.946394e-06
3153 1.296316e-04 2.939732e-06
3154 1.293676e-04 2.933085e-06
3155 1.291043e-04 2.926453e-06
3156 1.288417e-04 2.919836e-06
3157 1.285796e-04 2.913233e-06
3158 1.283181e-04 2.906646e-06
3159 1.280573e-04 2.900074e-06
3160 1.277971e-04 2.893516e-06
3161 1.275375e-04 2.886974e-06
3162 1.272785e-04 2.880446e-06
3163 1.270201e-04 2.873933e-06
3164 1.267623e-04 2.867434e-06
3165 1.265052e-04 2.860950e-06
3166 1.262486e-04 2.854481e-06
3167 1.259926e-04 2.848027e-06
3168 1.257373e-04 2.841587e-06
3169 1.254825e-04 2.835162e-06
3170 1.252284e-04 2.828751e-06
3171 1.249748e-04 2.822355e-06
3172 1.247219e-04 2.815973e-06
3173 1.244695e-04 2.809606e-06
3174 1.242177e-04 2.803253e-06
3175 1.239666e-04 2.796914e-06
3176 1.237160e-04 2.790590e-06
3177 1.234660e-04 2.784280e-06
3178 1.232166e-04 2.777984e-06
3179 1.229678e-04 2.771703e-06
3180 1.227196e-04 2.765436e-06
3181 1.224720e-04 2.759183e-06
3182 1.222249e-04 2.752944e-06
3183 1.219785e-04 2.746719e-06
3184 1.217326e-04 2.740508e-06
3185 1.214873e-04 2.734311e-06
3186 1.212426e-04 2.728129e-06
3187 1.209984e-04 2.721960e-06
3188 1.207549e-04 2.715805e-06
3189 1.205119e-04 2.709664e-06
3190 1.202695e-04 2.703537e-06
3191 1.200276e-04 2.697424e-06
3192 1.197864e-04 2.691325e-06
3193 1.195457e-04 2.685239e-06
3194 1.193055e-04 2.679168e-06
3195 1.190660e-04 2.673110e-06
3196 1.188270e-04 2.667065e-06
3197 1.185886e-04 2.661035e-06
3198 1.183507e-04 2.655018e-06
3199 1.181134e-04 2.649014e-06
3200 1.178767e-04 2.643024e-06
3201 1.176405e-04 2.637048e-06
3202 1.174049e-04 2.631085e-06
3203 1.171698e-04 2.625136e-06
3204 1.169353e-04 2.619200e-06
3205 1.167014e-04 2.613278e-06
3206 1.164680e-04 2.607369e-06
3207 1.162352e-04 2.601473e-06
3208 1.160029e-04 2.595591e-06
3209 1.157712e-04 2.589722e-06
3210 1.155400e-04 2.583866e-06
3211 1.153094e-04 2.578024e-06
3212 1.150793e-04 2.572194e-06
3213 1.148498e-04 2.566378e-06
3214 1.146208e-04 2.560575e-06
3215 1.143923e-04 2.554785e-06
3216 1.141644e-04 2.549009e-06
3217 1.139371e-04 2.543245e-06
3218 1.137102e-04 2.537494e-06
3219 1.134840e-04 2.531757e-06
3220 1.132582e-04 2.526032e-06
3221 1.130330e-04 2.520320e-06
3222 1.128083e-04 2.514621e-06
3223 1.125842e-04 2.508935e-06
3224 1.123606e-04 2.503262e-06
3225 1.121375e-04 2.497602e-06
3226 1.119150e-04 2.491955e-06
3227 1.116930e-04 2.486320e-06
3228 1.114715e-04 2.480698e-06
3229 1.112506e-04 2.475089e-06
3230 1.110301e-04 2.469492e-06
3231 1.108102e-04 2.463908e-06
3232 1.105909e-04 2.458337e-06
3233 1.103720e-04 2.452778e-06
3234 1.101537e-04 2.447232e-06
3235 1.099359e-04 2.441699e-06
3236 1.097186e-04 2.436177e-06
3237 1.095018e-04 2.430669e-06
3238 1.092856e-04 2.425173e-06
3239 1.090698e-04 2.419689e-06
3240 1.088546e-04 2.414218e-06
3241 1.086399e-04 2.408759e-06
3242 1.084257e-04 2.403312e-06
3243 1.082120e-04 2.397878e-06
3244 1.079988e-04 2.392456e-06
3245 1.077862e-04 2.387046e-06
3246 1.075740e-04 2.381649e-06
3247 1.073624e-04 2.376264e-06
3248 1.071512e-04 2.370891e-06
3249 1.069406e-04 2.365530e-06
3250 1.067305e-04 2.360181e-06
3251 1.065208e-04 2.354844e-06
3252 1.063117e-04 2.349519e-06
3253 1.061031e-04 2.344207e-06
3254 1.058950e-04 2.338906e-06
3255 1.056873e-04 2.333618e-06
3256 1.054802e-04 2.328341e-06
3257 1.052736e-04 2.323076e-06
3258 1.050674e-04 2.317823e-06
3259 1.048618e-04 2.312582e-06
3260 1.046566e-04 2.307353e-06
3261 1.044520e-04 2.302136e-06
3262 1.042478e-04 2.296930e-06
3263 1.040441e-04 2.291737e-06
3264 1.038409e-04 2.286555e-06
3265 1.036382e-04 2.281385e-06
3266 1.034360e-04 2.276226e-06
3267 1.032343e-04 2.271079e-06
3268 1.030330e-04 2.265944e-06
3269 1.028323e-04 2.260820e-06
3270 1.026320e-04 2.255708e-06
3271 1.024322e-04 2.250608e-06
3272 1.022329e-04 2.245519e-06
3273 1.020340e-04 2.240441e-06
3274 1.018357e-04 2.235375e-06
3275 1.016378e-04 2.230321e-06
3276 1.014404e-04 2.225278e-06
3277 1.012434e-04 2.220246e-06
3278 1.010470e-04 2.215226e-06
3279 1.008510e-04 2.210217e-06
3280 1.006555e-04 2.205219e-06
3281 1.004604e-04 2.200233e-06
3282 1.002659e-04 2.195258e-06
3283 1.000717e-04 2.190294e-06
3284 9.987811e-05 2.185341e-06
3285 9.968494e-05 2.180400e-06
3286 9.949223e-05 2.175470e-06
3287 9.929999e-05 2.170550e-06
3288 9.910822e-05 2.165643e-06
3289 9.891690e-05 2.160746e-06
3290 9.872605e-05 2.155860e-06
3291 9.853566e-05 2.150985e-06
3292 9.834573e-05 2.146121e-06
3293 9.815626e-05 2.141269e-06
3294 9.796725e-05 2.136427e-06
3295 9.777869e-05 2.131596e-06
3296 9.759059e-05 2.126776e-06
3297 9.740294e-05 2.121967e-06
3298 9.721575e-05 2.117169e-06
3299 9.702901e-05 2.112382e-06
3300 9.684272e-05 2.107606e-06
3301 9.665688e-05 2.102840e-06
3302 9.647149e-05 2.098085e-06
3303 9.628655e-05 2.093341e-06
3304 9.610206e-05 2.088608e-06
3305 9.591802e-05 2.083885e-06
3306 9.573442e-05 2.079173e-06
3307 9.555127e-05 2.074472e-06
3308 9.536856e-05 2.069781e-06
3309 9.518629e-05 2.065101e-06
3310 9.500447e-05 2.060431e-06
3311 9.482308e-05 2.055772e-06
3312 9.464214e-05 2.051124e-06
3313 9.446164e-05 2.046486e-06
3314 9.428157e-05 2.041859e-06
3315 9.410194e-05 2.037242e-06
3316 9.392275e-05 2.032635e-06
3317 9.374399e-05 2.028039e-06
3318 9.356567e-05 2.023453e-06
3319 9.338778e-05 2.018878e-06
3320 9.321032e-05 2.014313e-06
3321 9.303330e-05 2.009758e-06
3322 9.285671e-05 2.005214e-06
3323 9.268054e-05 2.000680e-06
3324 9.250480e-05 1.996156e-06
3325 9.232950e-05 1.991643e-06
3326 9.215462e-05 1.987139e-06
3327 9.198016e-05 1.982646e-06
3328 9.180613e-05 1.978163e-06
3329 9.163252e-05 1.973690e-06
3330 9.145934e-05 1.969227e-06
3331 9.128658e-05 1.964774e-06
3332 9.111424e-05 1.960332e-06
3333 9.094232e-05 1.955899e-06
3334 9.077082e-05 1.951476e-06
3335 9.059974e-05 1.947064e-06
3336 9.042908e-05 1.942661e-06
3337 9.025883e-05 1.938269e-06
3338 9.008900e-05 1.933886e-06
3339 8.991959e-05 1.929513e-06
3340 8.975059e-05 1.925150e-06
3341 8.958200e-05 1.920797e-06
3342 8.941382e-05 1.916454e-06
3343 8.924606e-05 1.912120e-06
3344 8.907870e-05 1.907797e-06
3345 8.891176e-05 1.903483e-06
3346 8.874522e-05 1.899179e-06
3347 8.857910e-05 1.894885e-06
3348 8.841337e-05 1.890600e-06
3349 8.824806e-05 1.886325e-06
3350 8.808315e-05 1.882060e-06
3351 8.791864e-05 1.877804e-06
3352 8.775454e-05 1.873558e-06
3353 8.759084e-05 1.869322e-06
3354 8.742754e-05 1.865095e-06
3355 8.726465e-05 1.860878e-06
3356 8.710215e-05 1.856670e-06
3357 8.694005e-05 1.852472e-06
3358 8.677835e-05 1.848283e-06
3359 8.661705e-05 1.844104e-06
3360 8.645614e-05 1.839934e-06
3361 8.629563e-05 1.835774e-06
3362 8.613551e-05 1.831623e-06
3363 8.597579e-05 1.827481e-06
3364 8.581646e-05 1.823349e-06
3365 8.565752e-05 1.819226e-06
3366 8.549897e-05 1.815112e-06
3367 8.534082e-05 1.811008e-06
3368 8.518305e-05 1.806913e-06
3369 8.502567e-05 1.802828e-06
3370 8.486868e-05 1.798751e-06
3371 8.471208e-05 1.794684e-06
3372 8.455586e-05 1.790626e-06
3373 8.440003e-05 1.786577e-06
3374 8.424458e-05 1.782537e-06
3375 8.408952e-05 1.778507e-06
3376 8.393484e-05 1.774485e-06
3377 8.378054e-05 1.770473e-06
3378 8.362662e-05 1.766469e-06
3379 8.347309e-05 1.762475e-06
3380 8.331993e-05 1.758490e-06
3381 8.316715e-05 1.754514e-06
3382 8.301475e-05 1.750546e-06
3383 8.286272e-05 1.746588e-06
3384 8.271108e-05 1.742639e-06
3385 8.255980e-05 1.738699e-06
3386 8.240890e-05 1.734767e-06
3387 8.225838e-05 1.730844e-06
3388 8.210823e-05 1.726931e-06
3389 8.195845e-05 1.723026e-06
3390 8.180904e-05 1.719130e-06
3391 8.166000e-05 1.715243e-06
3392 8.151134e-05 1.711364e-06
3393 8.136304e-05 1.707495e-06
3394 8.121511e-05 1.703634e-06
3395 8.106754e-05 1.699782e-06
3396 8.092034e-05 1.695938e-06
3397 8.077351e-05 1.692103e-06
3398 8.062705e-05 1.688277e-06
3399 8.048094e-05 1.684460e-06
3400 8.033520e-05 1.680651e-06
3401 8.018983e-05 1.676851e-06
3402 8.004481e-05 1.673059e-06
3403 7.990016e-05 1.669276e-06
3404 7.975587e-05 1.665502e-06
3405 7.961193e-05 1.661736e-06
3406 7.946835e-05 1.657978e-06
3407 7.932514e-05 1.654229e-06
3408 7.918228e-05 1.650489e-06
3409 7.903977e-05 1.646757e-06
3410 7.889762e-05 1.643033e-06
3411 7.875583e-05 1.639318e-06
3412 7.861438e-05 1.635611e-06
3413 7.847330e-05 1.631913e-06
3414 7.833256e-05 1.628223e-06
3415 7.819218e-05 1.624541e-06
3416 7.805214e-05 1.620868e-06
3417 7.791246e-05 1.617203e-06
3418 7.777313e-05 1.613546e-06
3419 7.763414e-05 1.609898e-06
3420 7.749551e-05 1.606257e-06
3421 7.735722e-05 1.602625e-06
3422 7.721927e-05 1.599002e-06
3423 7.708167e-05 1.595386e-06
3424 7.694442e-05 1.591779e-06
3425 7.680751e-05 1.588179e-06
3426 7.667094e-05 1.584588e-06
3427 7.653472e-05 1.581005e-06
3428 7.639884e-05 1.577430e-06
3429 7.626330e-05 1.573864e-06
3430 7.612809e-05 1.570305e-06
3431 7.599323e-05 1.566754e-06
3432 7.585871e-05 1.563211e-06
3433 7.572453e-05 1.559677e-06
3434 7.559068e-05 1.556150e-06
3435 7.545717e-05 1.552631e-06
3436 7.532399e-05 1.549121e-06
3437 7.519115e-05 1.545618e-06
3438 7.505865e-05 1.542123e-06
3439 7.492648e-05 1.538636e-06
3440 7.479464e-05 1.535157e-06
3441 7.466313e-05 1.531686e-06
3442 7.453195e-05 1.528222e-06
3443 7.440111e-05 1.524767e-06
3444 7.427060e-05 1.521319e-06
3445 7.414041e-05 1.517879e-06
3446 7.401055e-05 1.514447e-06
3447 7.388103e-05 1.511023e-06
3448 7.375182e-05 1.507606e-06
3449 7.362295e-05 1.504197e-06
3450 7.349440e-05 1.500796e-06
3451 7.336617e-05 1.497402e-06
3452 7.323827e-05 1.494016e-06
3453 7.311070e-05 1.490638e-06
3454 7.298344e-05 1.487268e-06
3455 7.285651e-05 1.483905e-06
3456 7.272990e-05 1.480549e-06
3457 7.260361e-05 1.477202e-06
3458 7.247764e-05 1.473861e-06
3459 7.235199e-05 1.470529e-06
3460 7.222666e-05 1.467204e-06
3461 7.210165e-05 1.463886e-06
3462 7.197695e-05 1.460576e-06
3463 7.185257e-05 1.457273e-06
3464 7.172851e-05 1.453978e-06
3465 7.160476e-05 1.450691e-06
3466 7.148133e-05 1.447410e-06
3467 7.135821e-05 1.444138e-06
3468 7.123540e-05 1.440872e-06
3469 7.111291e-05 1.437614e-06
3470 7.099072e-05 1.434363e-06
3471 7.086885e-05 1.431120e-06
3472 7.074729e-05 1.427884e-06
3473 7.062604e-05 1.424656e-06
3474 7.050510e-05 1.421434e-06
3475 7.038446e-05 1.418220e-06
3476 7.026414e-05 1.415013e-06
3477 7.014412e-05 1.411814e-06
3478 7.002440e-05 1.408621e-06
3479 6.990500e-05 1.405436e-06
3480 6.978589e-05 1.402258e-06
3481 6.966710e-05 1.399088e-06
3482 6.954860e-05 1.395924e-06
3483 6.943041e-05 1.392768e-06
3484 6.931252e-05 1.389618e-06
3485 6.919493e-05 1.386476e-06
3486 6.907765e-05 1.383341e-06
3487 6.896066e-05 1.380213e-06
3488 6.884397e-05 1.377092e-06
3489 6.872758e-05 1.373979e-06
3490 6.861150e-05 1.370872e-06
3491 6.849570e-05 1.367772e-06
3492 6.838021e-05 1.364679e-06
3493 6.826501e-05 1.361594e-06
3494 6.815011e-05 1.358515e-06
3495 6.803550e-05 1.355443e-06
3496 6.792119e-05 1.352378e-06
3497 6.780717e-05 1.349320e-06
3498 6.769344e-05 1.346269e-06
3499 6.758001e-05 1.343225e-06
3500 6.746687e-05 1.340188e-06
3501 6.735402e-05 1.337157e-06
3502 6.724146e-05 1.334134e-06
3503 6.712919e-05 1.331117e-06
3504 6.701721e-05 1.328107e-06
3505 6.690552e-05 1.325104e-06
3506 6.679411e-05 1.322108e-06
3507 6.668300e-05 1.319119e-06
3508 6.657217e-05 1.316136e-06
3509 6.646162e-05 1.313160e-06
3510 6.635136e-05 1.310191e-06
3511 6.624139e-05 1.307228e-06
3512 6.613170e-05 1.304272e-06
3513 6.602230e-05 1.301323e-06
3514 6.591317e-05 1.298381e-06
3515 6.580433e-05 1.295445e-06
3516 6.569578e-05 1.292516e-06
3517 6.558750e-05 1.289593e-06
3518 6.547950e-05 1.286677e-06
3519 6.537179e-05 1.283768e-06
3520 6.526435e-05 1.280865e-06
3521 6.515719e-05 1.277969e-06
3522 6.505031e-05 1.275079e-06
3523 6.494371e-05 1.272196e-06
3524 6.483738e-05 1.269319e-06
3525 6.473133e-05 1.266449e-06
3526 6.462555e-05 1.263585e-06
3527 6.452005e-05 1.260728e-06
3528 6.441483e-05 1.257878e-06
3529 6.430988e-05 1.255033e-06
3530 6.420520e-05 1.252195e-06
3531 6.410079e-05 1.249364e-06
3532 6.399666e-05 1.246539e-06
3533 6.389279e-05 1.243720e-06
3534 6.378920e-05 1.240908e-06
3535 6.368588e-05 1.238102e-06
3536 6.358283e-05 1.235303e-06
3537 6.348004e-05 1.232510e-06
3538 6.337753e-05 1.229723e-06
3539 6.327528e-05 1.226942e-06
3540 6.317330e-05 1.224168e-06
3541 6.307159e-05 1.221400e-06
3542 6.297014e-05 1.218638e-06
3543 6.286896e-05 1.215882e-06
3544 6.276804e-05 1.213133e-06
3545 6.266739e-05 1.210390e-06
3546 6.256700e-05 1.207653e-06
3547 6.246687e-05 1.204922e-06
3548 6.236701e-05 1.202198e-06
3549 6.226740e-05 1.199480e-06
3550 6.216806e-05 1.196767e-06
3551 6.206898e-05 1.194061e-06
3552 6.197016e-05 1.191361e-06
3553 6.187160e-05 1.188668e-06
3554 6.177330e-05 1.185980e-06
3555 6.167525e-05 1.183298e-06
3556 6.157747e-05 1.180622e-06
3557 6.147994e-05 1.177953e-06
3558 6.138267e-05 1.175289e-06
3559 6.128565e-05 1.172632e-06
3560 6.118889e-05 1.169980e-06
3561 6.109239e-05 1.167335e-06
3562 6.099614e-05 1.164695e-06
3563 6.090014e-05 1.162062e-06
3564 6.080440e-05 1.159434e-06
3565 6.070890e-05 1.156812e-06
3566 6.061367e-05 1.154197e-06
3567 6.051868e-05 1.151587e-06
3568 6.042394e-05 1.148983e-06
3569 6.032945e-05 1.146385e-06
3570 6.023522e-05 1.143793e-06
3571 6.014123e-05 1.141207e-06
3572 6.004749e-05 1.138626e-06
3573 5.995400e-05 1.136052e-06
3574 5.986076e-05 1.133483e-06
3575 5.976777e-05 1.130920e-06
3576 5.967502e-05 1.128363e-06
3577 5.958251e-05 1.125811e-06
3578 5.949026e-05 1.123266e-06
3579 5.939824e-05 1.120726e-06
3580 5.930648e-05 1.118192e-06
3581 5.921495e-05 1.115663e-06
3582 5.912367e-05 1.113140e-06
3583 5.903263e-05 1.110623e-06
3584 5.894184e-05 1.108112e-06
3585 5.885128e-05 1.105607e-06
3586 5.876097e-05 1.103107e-06
3587 5.867089e-05 1.100612e-06
3588 5.858106e-05 1.098124e-06
3589 5.849147e-05 1.095641e-06
3590 5.840211e-05 1.093163e-06
3591 5.831299e-05 1.090691e-06
3592 5.822412e-05 1.088225e-06
3593 5.813547e-05 1.085765e-06
3594 5.804707e-05 1.083309e-06
3595 5.795890e-05 1.080860e-06
3596 5.787097e-05 1.078416e-06
3597 5.778327e-05 1.075977e-06
3598 5.769581e-05 1.073545e-06
3599 5.760858e-05 1.071117e-06
3600 5.752158e-05 1.068695e-06
3601 5.743482e-05 1.066279e-06
3602 5.734829e-05 1.063868e-06
3603 5.726199e-05 1.061462e-06
3604 5.717592e-05 1.059062e-06
3605 5.709009e-05 1.056667e-06
3606 5.700448e-05 1.054278e-06
3607 5.691911e-05 1.051894e-06
3608 5.683396e-05 1.049516e-06
3609 5.674904e-05 1.047142e-06
3610 5.666435e-05 1.044775e-06
3611 5.657989e-05 1.042412e-06
3612 5.649566e-05 1.040055e-06
3613 5.641165e-05 1.037704e-06
3614 5.632787e-05 1.035357e-06
3615 5.624432e-05 1.033016e-06
3616 5.616099e-05 1.030680e-06
3617 5.607788e-05 1.028350e-06
3618 5.599500e-05 1.026024e-06
3619 5.591234e-05 1.023704e-06
3620 5.582991e-05 1.021390e-06
3621 5.574770e-05 1.019080e-06
3622 5.566571e-05 1.016776e-06
3623 5.558394e-05 1.014477e-06
3624 5.550239e-05 1.012183e-06
3625 5.542107e-05 1.009894e-06
3626 5.533996e-05 1.007611e-06
3627 5.525907e-05 1.005332e-06
3628 5.517841e-05 1.003059e-06
3629 5.509796e-05 1.000791e-06
3630 5.501773e-05 9.985281e-07
3631 5.493772e-05 9.962702e-07
3632 5.485792e-05 9.940175e-07
3633 5.477834e-05 9.917699e-07
3634 5.469898e-05 9.895273e-07
3635 5.461983e-05 9.872899e-07
3636 5.454090e-05 9.850575e-07
3637 5.446218e-05 9.828301e-07
3638 5.438368e-05 9.806078e-07
3639 5.430539e-05 9.783905e-07
3640 5.422731e-05 9.761782e-07
3641 5.414945e-05 9.739709e-07
3642 5.407180e-05 9.717686e-07
3643 5.399436e-05 9.695713e-07
3644 5.391713e-05 9.673789e-07
3645 5.384011e-05 9.651915e-07
3646 5.376331e-05 9.630091e-07
3647 5.368671e-05 9.608316e-07
3648 5.361032e-05 9.586590e-07
3649 5.353414e-05 9.564913e-07
3650 5.345817e-05 9.543285e-07
3651 5.338241e-05 9.521706e-07
3652 5.330685e-05 9.500176e-07
3653 5.323150e-05 9.478695e-07
3654 5.315636e-05 9.457262e-07
3655 5.308142e-05 9.435878e-07
3656 5.300669e-05 9.414542e-07
3657 5.293217e-05 9.393254e-07
3658 5.285784e-05 9.372015e-07
3659 5.278373e-05 9.350823e-07
3660 5.270981e-05 9.329679e-07
3661 5.263610e-05 9.308584e-07
3662 5.256259e-05 9.287535e-07
3663 5.248929e-05 9.266535e-07
3664 5.241618e-05 9.245582e-07
3665 5.234328e-05 9.224676e-07
3666 5.227058e-05 9.203818e-07
3667 5.219807e-05 9.183007e-07
3668 5.212577e-05 9.162242e-07
3669 5.205367e-05 9.141525e-07
3670 5.198176e-05 9.120855e-07
3671 5.191006e-05 9.100231e-07
3672 5.183855e-05 9.079654e-07
3673 5.176724e-05 9.059124e-07
3674 5.169613e-05 9.038639e-07
3675 5.162521e-05 9.018202e-07
3676 5.155449e-05 8.997810e-07
3677 5.148397e-05 8.977465e-07
3678 5.141364e-05 8.957165e-07
3679 5.134350e-05 8.936912e-07
3680 5.127356e-05 8.916704e-07
3681 5.120381e-05 8.896542e-07
3682 5.113426e-05 8.876426e-07
3683 5.106490e-05 8.856355e-07
3684 5.099573e-05 8.836329e-07
3685 5.092676e-05 8.816349e-07
3686 5.085797e-05 8.796414e-07
3687 5.078938e-05 8.776524e-07
3688 5.072097e-05 8.756679e-07
3689 5.065276e-05 8.736878e-07
3690 5.058474e-05 8.717123e-07
3691 5.051691e-05 8.697412e-07
3692 5.044926e-05 8.677746e-07
3693 5.038181e-05 8.658124e-07
3694 5.031454e-05 8.638547e-07
3695 5.024746e-05 8.619014e-07
3696 5.018056e-05 8.599525e-07
3697 5.011386e-05 8.580080e-07
3698 5.004734e-05 8.560679e-07
3699 4.998100e-05 8.541322e-07
3700 4.991485e-05 8.522009e-07
3701 4.984889e-05 8.502739e-07
3702 4.978311e-05 8.483513e-07
3703 4.971751e-05 8.464331e-07
3704 4.965210e-05 8.445192e-07
3705 4.958687e-05 8.426096e-07
3706 4.952182e-05 8.407043e-07
3707 4.945696e-05 8.388033e-07
3708 4.939228e-05 8.369067e-07
3709 4.932778e-05 8.350143e-07
3710 4.926346e-05 8.331262e-07
3711 4.919932e-05 8.312424e-07
3712 4.913536e-05 8.293628e-07
3713 4.907158e-05 8.274875e-07
3714 4.900798e-05 8.256164e-07
3715 4.894456e-05 8.237496e-07
3716 4.888132e-05 8.218870e-07
3717 4.881825e-05 8.200285e-07
3718 4.875536e-05 8.181743e-07
3719 4.869265e-05 8.163243e-07
3720 4.863012e-05 8.144785e-07
3721 4.856776e-05 8.126368e-07
3722 4.850558e-05 8.107993e-07
3723 4.844358e-05 8.089660e-07
3724 4.838174e-05 8.071368e-07
3725 4.832009e-05 8.053117e-07
3726 4.825861e-05 8.034908e-07
3727 4.819730e-05 8.016740e-07
3728 4.813616e-05 7.998613e-07
3729 4.807520e-05 7.980527e-07
3730 4.801441e-05 7.962481e-07
3731 4.795379e-05 7.944477e-07
3732 4.789335e-05 7.926513e-07
3733 4.783307e-05 7.908590e-07
3734 4.777297e-05 7.890708e-07
3735 4.771304e-05 7.872866e-07
3736 4.765328e-05 7.855064e-07
3737 4.759368e-05 7.837302e-07
3738 4.753426e-05 7.819581e-07
3739 4.747500e-05 7.801900e-07
3740 4.741592e-05 7.784258e-07
3741 4.735700e-05 7.766657e-07
3742 4.729825e-05 7.749095e-07
3743 4.723966e-05 7.731574e-07
3744 4.718124e-05 7.714091e-07
3745 4.712299e-05 7.696649e-07
3746 4.706491e-05 7.679245e-07
3747 4.700699e-05 7.661881e-07
3748 4.694923e-05 7.644557e-07
3749 4.689164e-05 7.627271e-07
3750 4.683422e-05 7.610025e-07
3751 4.677696e-05 7.592817e-07
3752 4.671986e-05 7.575649e-07
3753 4.666293e-05 7.558519e-07
3754 4.660615e-05 7.541428e-07
3755 4.654955e-05 7.524376e-07
3756 4.649310e-05 7.507362e-07
3757 4.643681e-05 7.490387e-07
3758 4.638069e-05 7.473450e-07
3759 4.632472e-05 7.456551e-07
3760 4.626892e-05 7.439691e-07
3761 4.621328e-05 7.422868e-07
3762 4.615779e-05 7.406084e-07
3763 4.610247e-05 7.389338e-07
3764 4.604730e-05 7.372629e-07
3765 4.599229e-05 7.355959e-07
3766 4.593745e-05 7.339326e-07
3767 4.588275e-05 7.322731e-07
3768 4.582822e-05 7.306173e-07
3769 4.577384e-05 7.289652e-07
3770 4.571962e-05 7.273169e-07
3771 4.566556e-05 7.256724e-07
3772 4.561165e-05 7.240315e-07
3773 4.555789e-05 7.223944e-07
3774 4.550429e-05 7.207609e-07
3775 4.545085e-05 7.191312e-07
3776 4.539756e-05 7.175051e-07
3777 4.534442e-05 7.158827e-07
3778 4.529144e-05 7.142640e-07
3779 4.523861e-05 7.126489e-07
3780 4.518593e-05 7.110375e-07
3781 4.513341e-05 7.094297e-07
3782 4.508103e-05 7.078256e-07
3783 4.502881e-05 7.062251e-07
3784 4.497674e-05 7.046282e-07
3785 4.492482e-05 7.030350e-07
3786 4.487305e-05 7.014453e-07
3787 4.482143e-05 6.998592e-07
3788 4.476996e-05 6.982767e-07
3789 4.471864e-05 6.966978e-07
3790 4.466747e-05 6.951225e-07
3791 4.461644e-05 6.935507e-07
3792 4.456557e-05 6.919825e-07
3793 4.451484e-05 6.904178e-07
3794 4.446426e-05 6.888566e-07
3795 4.441383e-05 6.872990e-07
3796 4.436354e-05 6.857449e-07
3797 4.431340e-05 6.841944e-07
3798 4.426341e-05 6.826473e-07
3799 4.421356e-05 6.811037e-07
3800 4.416386e-05 6.795637e-07
3801 4.411430e-05 6.780271e-07
3802 4.406488e-05 6.764939e-07
3803 4.401561e-05 6.749643e-07
3804 4.396649e-05 6.734381e-07
3805 4.391751e-05 6.719153e-07
3806 4.386867e-05 6.703960e-07
3807 4.381997e-05 6.688802e-07
3808 4.377141e-05 6.673677e-07
3809 4.372300e-05 6.658587e-07
3810 4.367473e-05 6.643531e-07
3811 4.362660e-05 6.628509e-07
3812 4.357861e-05 6.613521e-07
3813 4.353076e-05 6.598567e-07
3814 4.348305e-05 6.583646e-07
3815 4.343548e-05 6.568760e-07
3816 4.338805e-05 6.553907e-07
3817 4.334076e-05 6.539087e-07
3818 4.329361e-05 6.524301e-07
3819 4.324660e-05 6.509549e-07
3820 4.319972e-05 6.494830e-07
3821 4.315299e-05 6.480144e-07
3822 4.310638e-05 6.465491e-07
3823 4.305992e-05 6.450872e-07
3824 4.301359e-05 6.436286e-07
3825 4.296740e-05 6.421732e-07
3826 4.292135e-05 6.407212e-07
3827 4.287543e-05 6.392724e-07
3828 4.282965e-05 6.378269e-07
3829 4.278400e-05 6.363847e-07
3830 4.273848e-05 6.349457e-07
3831 4.269310e-05 6.335100e-07
3832 4.264785e-05 6.320775e-07
3833 4.260274e-05 6.306483e-07
3834 4.255776e-05 6.292223e-07
3835 4.251291e-05 6.277996e-07
3836 4.246820e-05 6.263800e-07
3837 4.242362e-05 6.249637e-07
3838 4.237917e-05 6.235505e-07
3839 4.233485e-05 6.221406e-07
3840 4.229066e-05 6.207338e-07
3841 4.224660e-05 6.193302e-07
3842 4.220267e-05 6.179298e-07
3843 4.215888e-05 6.165326e-07
3844 4.211521e-05 6.151385e-07
3845 4.207167e-05 6.137476e-07
3846 4.202826e-05 6.123598e-07
3847 4.198498e-05 6.109752e-07
3848 4.194183e-05 6.095937e-07
3849 4.189880e-05 6.082153e-07
3850 4.185591e-05 6.068400e-07
3851 4.181314e-05 6.054679e-07
3852 4.177050e-05 6.040988e-07
3853 4.172798e-05 6.027329e-07
3854 4.168559e-05 6.013700e-07
3855 4.164333e-05 6.000102e-07
3856 4.160119e-05 5.986535e-07
3857 4.155918e-05 5.972998e-07
3858 4.151730e-05 5.959492e-07
3859 4.147553e-05 5.946017e-07
3860 4.143390e-05 5.932572e-07
3861 4.139238e-05 5.919158e-07
3862 4.135099e-05 5.905774e-07
3863 4.130973e-05 5.892420e-07
3864 4.126859e-05 5.879096e-07
3865 4.122757e-05 5.865803e-07
3866 4.118667e-05 5.852539e-07
3867 4.114589e-05 5.839306e-07
3868 4.110524e-05 5.826102e-07
3869 4.106471e-05 5.812928e-07
3870 4.102430e-05 5.799784e-07
3871 4.098401e-05 5.786670e-07
3872 4.094384e-05 5.773586e-07
3873 4.090379e-05 5.760531e-07
3874 4.086386e-05 5.747505e-07
3875 4.082405e-05 5.734509e-07
3876 4.078436e-05 5.721543e-07
3877 4.074478e-05 5.708605e-07
3878 4.070533e-05 5.695697e-07
3879 4.066600e-05 5.682819e-07
3880 4.062678e-05 5.669969e-07
3881 4.058768e-05 5.657148e-07
3882 4.054870e-05 5.644356e-07
3883 4.050983e-05 5.631594e-07
3884 4.047109e-05 5.618860e-07
3885 4.043245e-05 5.606155e-07
3886 4.039394e-05 5.593478e-07
3887 4.035554e-05 5.580831e-07
3888 4.031726e-05 5.568212e-07
3889 4.027909e-05 5.555621e-07
3890 4.024103e-05 5.543059e-07
3891 4.020309e-05 5.530525e-07
3892 4.016527e-05 5.518020e-07
3893 4.012756e-05 5.505543e-07
3894 4.008996e-05 5.493094e-07
3895 4.005247e-05 5.480673e-07
3896 4.001510e-05 5.468280e-07
3897 3.997784e-05 5.455916e-07
3898 3.994070e-05 5.443579e-07
3899 3.990367e-05 5.431270e-07
3900 3.986674e-05 5.418989e-07
3901 3.982993e-05 5.406736e-07
3902 3.979323e-05 5.394511e-07
3903 3.975664e-05 5.382313e-07
3904 3.972017e-05 5.370143e-07
3905 3.968380e-05 5.358000e-07
3906 3.964754e-05 5.345885e-07
3907 3.961139e-05 5.333797e-07
3908 3.957536e-05 5.321736e-07
3909 3.953943e-05 5.309703e-07
3910 3.950361e-05 5.297697e-07
3911 3.946790e-05 5.285718e-07
3912 3.943229e-05 5.273766e-07
3913 3.939680e-05 5.261842e-07
3914 3.936141e-05 5.249944e-07
3915 3.932613e-05 5.238073e-07
3916 3.929095e-05 5.226229e-07
3917 3.925589e-05 5.214411e-07
3918 3.922093e-05 5.202621e-07
3919 3.918607e-05 5.190857e-07
3920 3.915133e-05 5.179120e-07
3921 3.911668e-05 5.167409e-07
3922 3.908215e-05 5.155724e-07
3923 3.904771e-05 5.144067e-07
3924 3.901339e-05 5.132435e-07
3925 3.897916e-05 5.120830e-07
3926 3.894505e-05 5.109251e-07
3927 3.891103e-05 5.097698e-07
3928 3.887712e-05 5.086171e-07
3929 3.884331e-05 5.074671e-07
3930 3.880961e-05 5.063196e-07
3931 3.877600e-05 5.051747e-07
3932 3.874250e-05 5.040325e-07
3933 3.870911e-05 5.028928e-07
3934 3.867581e-05 5.017557e-07
3935 3.864262e-05 5.006211e-07
3936 3.860953e-05 4.994891e-07
3937 3.857653e-05 4.983597e-07
3938 3.854364e-05 4.972328e-07
3939 3.851085e-05 4.961085e-07
3940 3.847816e-05 4.949867e-07
3941 3.844557e-05 4.938675e-07
3942 3.841308e-05 4.927508e-07
3943 3.838069e-05 4.916366e-07
3944 3.834840e-05 4.905249e-07
3945 3.831621e-05 4.894158e-07
3946 3.828411e-05 4.883091e-07
3947 3.825211e-05 4.872050e-07
3948 3.822022e-05 4.861034e-07
3949 3.818842e-05 4.850042e-07
3950 3.815671e-05 4.839075e-07
3951 3.812511e-05 4.828133e-07
3952 3.809360e-05 4.817216e-07
3953 3.806219e-05 4.806324e-07
3954 3.803087e-05 4.795456e-07
3955 3.799965e-05 4.784613e-07
3956 3.796853e-05 4.773794e-07
3957 3.793750e-05 4.763000e-07
3958 3.790656e-05 4.752230e-07
3959 3.787573e-05 4.741484e-07
3960 3.784498e-05 4.730763e-07
3961 3.781433e-05 4.720066e-07
3962 3.778378e-05 4.709393e-07
3963 3.775332e-05 4.698745e-07
3964 3.772295e-05 4.688120e-07
3965 3.769268e-05 4.677520e-07
3966 3.766250e-05 4.666943e-07
3967 3.763241e-05 4.656390e-07
3968 3.760242e-05 4.645861e-07
3969 3.757251e-05 4.635356e-07
3970 3.754270e-05 4.624875e-07
3971 3.751298e-05 4.614418e-07
3972 3.748336e-05 4.603984e-07
3973 3.745382e-05 4.593573e-07
3974 3.742438e-05 4.583187e-07
3975 3.739502e-05 4.572823e-07
3976 3.736576e-05 4.562483e-07
3977 3.733659e-05 4.552167e-07
3978 3.730751e-05 4.541874e-07
3979 3.727851e-05 4.531604e-07
3980 3.724961e-05 4.521357e-07
3981 3.722080e-05 4.511134e-07
3982 3.719207e-05 4.500933e-07
3983 3.716343e-05 4.490756e-07
3984 3.713489e-05 4.480602e-07
3985 3.710643e-05 4.470471e-07
3986 3.707806e-05 4.460362e-07
3987 3.704977e-05 4.450277e-07
3988 3.702158e-05 4.440214e-07
3989 3.699347e-05 4.430174e-07
3990 3.696545e-05 4.420157e-07
3991 3.693751e-05 4.410162e-07
3992 3.690966e-05 4.400190e-07
3993 3.688190e-05 4.390240e-07
3994 3.685422e-05 4.380313e-07
3995 3.682663e-05 4.370409e-07
3996 3.679913e-05 4.360527e-07
3997 3.677171e-05 4.350667e-07
3998 3.674437e-05 4.340829e-07
3999 3.671712e-05 4.331014e-07
4000 3.668996e-05 4.321221e-07
4001 3.666288e-05 4.311450e-07
4002 3.663588e-05 4.301701e-07
4003 3.660897e-05 4.291974e-07
4004 3.658214e-05 4.282269e-07
4005 3.655539e-05 4.272587e-07
4006 3.652873e-05 4.262926e-07
4007 3.650215e-05 4.253286e-07
4008 3.647565e-05 4.243669e-07
4009 3.644924e-05 4.234074e-07
4010 3.642290e-05 4.224500e-07
4011 3.639665e-05 4.214947e-07
4012 3.637048e-05 4.205417e-07
4013 3.634439e-05 4.195908e-07
4014 3.631839e-05 4.186420e-07
4015 3.629246e-05 4.176954e-07
4016 3.626661e-05 4.167509e-07
4017 3.624085e-05 4.158086e-07
4018 3.621516e-05 4.148684e-07
4019 3.618956e-05 4.139303e-07
4020 3.616404e-05 4.129943e-07
4021 3.613859e-05 4.120605e-07
4022 3.611322e-05 4.111288e-07
4023 3.608794e-05 4.101991e-07
4024 3.606273e-05 4.092716e-07
4025 3.603760e-05 4.083462e-07
4026 3.601255e-05 4.074229e-07
4027 3.598757e-05 4.065016e-07
4028 3.596268e-05 4.055824e-07
4029 3.593786e-05 4.046654e-07
4030 3.591312e-05 4.037503e-07
4031 3.588846e-05 4.028374e-07
4032 3.586387e-05 4.019265e-07
4033 3.583936e-05 4.010177e-07
4034 3.581493e-05 4.001110e-07
4035 3.579058e-05 3.992062e-07
4036 3.576630e-05 3.983036e-07
4037 3.574209e-05 3.974029e-07
4038 3.571796e-05 3.965044e-07
4039 3.569391e-05 3.956078e-07
4040 3.566993e-05 3.947133e-07
4041 3.564603e-05 3.938208e-07
4042 3.562220e-05 3.929303e-07
4043 3.559845e-05 3.920418e-07
4044 3.557477e-05 3.911553e-07
4045 3.555116e-05 3.902709e-07
4046 3.552763e-05 3.893884e-07
4047 3.550418e-05 3.885079e-07
4048 3.548079e-05 3.876295e-07
4049 3.545748e-05 3.867530e-07
4050 3.543424e-05 3.858785e-07
4051 3.541108e-05 3.850059e-07
4052 3.538799e-05 3.841354e-07
4053 3.536497e-05 3.832668e-07
4054 3.534202e-05 3.824002e-07
4055 3.531914e-05 3.815355e-07
4056 3.529634e-05 3.806728e-07
4057 3.527361e-05 3.798120e-07
4058 3.525094e-05 3.789532e-07
4059 3.522835e-05 3.780963e-07
4060 3.520583e-05 3.772414e-07
4061 3.518338e-05 3.763884e-07
4062 3.516101e-05 3.755373e-07
4063 3.513870e-05 3.746882e-07
4064 3.511646e-05 3.738410e-07
4065 3.509429e-05 3.729957e-07
4066 3.507219e-05 3.721522e-07
4067 3.505016e-05 3.713108e-07
4068 3.502820e-05 3.704712e-07
4069 3.500631e-05 3.696335e-07
4070 3.498449e-05 3.687977e-07
4071 3.496274e-05 3.679638e-07
4072 3.494105e-05 3.671317e-07
4073 3.491943e-05 3.663016e-07
4074 3.489788e-05 3.654733e-07
4075 3.487640e-05 3.646469e-07
4076 3.485499e-05 3.638224e-07
4077 3.483364e-05 3.629998e-07
4078 3.481236e-05 3.621790e-07
4079 3.479115e-05 3.613600e-07
4080 3.477000e-05 3.605429e-07
4081 3.474892e-05 3.597277e-07
4082 3.472791e-05 3.589143e-07
4083 3.470696e-05 3.581027e-07
4084 3.468608e-05 3.572930e-07
4085 3.466527e-05 3.564851e-07
4086 3.464452e-05 3.556790e-07
4087 3.462383e-05 3.548748e-07
4088 3.460321e-05 3.540724e-07
4089 3.458266e-05 3.532718e-07
4090 3.456217e-05 3.524730e-07
4091 3.454174e-05 3.516760e-07
4092 3.452138e-05 3.508808e-07
4093 3.450109e-05 3.500874e-07
4094 3.448085e-05 3.492958e-07
4095 3.446068e-05 3.485060e-07
4096 3.444058e-05 3.477179e-07
4097 3.442054e-05 3.469317e-07
4098 3.440056e-05 3.461472e-07
4099 3.438064e-05 3.453645e-07
4100 3.436079e-05 3.445836e-07
4101 3.434100e-05 3.438045e-07
4102 3.432127e-05 3.430271e-07
4103 3.430160e-05 3.422514e-07
4104 3.428200e-05 3.414775e-07
4105 3.426246e-05 3.407054e-07
4106 3.424298e-05 3.399350e-07
4107 3.422356e-05 3.391664e-07
4108 3.420420e-05 3.383995e-07
4109 3.418490e-05 3.376343e-07
4110 3.416567e-05 3.368709e-07
4111 3.414649e-05 3.361091e-07
4112 3.412738e-05 3.353491e-07
4113 3.410832e-05 3.345909e-07
4114 3.408933e-05 3.338343e-07
4115 3.407040e-05 3.330795e-07
4116 3.405152e-05 3.323263e-07
4117 3.403271e-05 3.315749e-07
4118 3.401395e-05 3.308251e-07
4119 3.399526e-05 3.300771e-07
4120 3.397662e-05 3.293307e-07
4121 3.395804e-05 3.285861e-07
4122 3.393952e-05 3.278431e-07
4123 3.392106e-05 3.271018e-07
4124 3.390266e-05 3.263621e-07
4125 3.388431e-05 3.256242e-07
4126 3.386603e-05 3.248879e-07
4127 3.384780e-05 3.241533e-07
4128 3.382963e-05 3.234203e-07
4129 3.381152e-05 3.226890e-07
4130 3.379346e-05 3.219594e-07
4131 3.377546e-05 3.212314e-07
4132 3.375752e-05 3.205050e-07
4133 3.373963e-05 3.197803e-07
4134 3.372180e-05 3.190572e-07
4135 3.370403e-05 3.183358e-07
4136 3.368631e-05 3.176160e-07
4137 3.366865e-05 3.168978e-07
4138 3.365105e-05 3.161813e-07
4139 3.363350e-05 3.154663e-07
4140 3.361601e-05 3.147530e-07
4141 3.359857e-05 3.140413e-07
4142 3.358119e-05 3.133312e-07
4143 3.356386e-05 3.126227e-07
4144 3.354659e-05 3.119158e-07
4145 3.352937e-05 3.112105e-07
4146 3.351220e-05 3.105068e-07
4147 3.349509e-05 3.098047e-07
4148 3.347804e-05 3.091042e-07
4149 3.346104e-05 3.084053e-07
4150 3.344409e-05 3.077079e-07
4151 3.342719e-05 3.070122e-07
4152 3.341035e-05 3.063180e-07
4153 3.339357e-05 3.056253e-07
4154 3.337683e-05 3.049343e-07
4155 3.336015e-05 3.042448e-07
4156 3.334352e-05 3.035568e-07
4157 3.332695e-05 3.028704e-07
4158 3.331042e-05 3.021856e-07
4159 3.329395e-05 3.015023e-07
4160 3.327753e-05 3.008206e-07
4161 3.326117e-05 3.001404e-07
4162 3.324485e-05 2.994617e-07
4163 3.322859e-05 2.987846e-07
4164 3.321238e-05 2.981090e-07
4165 3.319622e-05 2.974349e-07
4166 3.318011e-05 2.967624e-07
4167 3.316405e-05 2.960913e-07
4168 3.314804e-05 2.954218e-07
4169 3.313208e-05 2.947538e-07
4170 3.311618e-05 2.940873e-07
4171 3.310032e-05 2.934224e-07
4172 3.308452e-05 2.927589e-07
4173 3.306876e-05 2.920969e-07
4174 3.305306e-05 2.914364e-07
4175 3.303740e-05 2.907775e-07
4176 3.302179e-05 2.901200e-07
4177 3.300624e-05 2.894640e-07
4178 3.299073e-05 2.888094e-07
4179 3.297527e-05 2.881564e-07
4180 3.295986e-05 2.875048e-07
4181 3.294450e-05 2.868547e-07
4182 3.292919e-05 2.862061e-07
4183 3.291392e-05 2.855590e-07
4184 3.289871e-05 2.849133e-07
4185 3.288354e-05 2.842690e-07
4186 3.286842e-05 2.836263e-07
4187 3.285335e-05 2.829849e-07
4188 3.283833e-05 2.823451e-07
4189 3.282335e-05 2.817066e-07
4190 3.280842e-05 2.810697e-07
4191 3.279354e-05 2.804341e-07
4192 3.277871e-05 2.798000e-07
4193 3.276392e-05 2.791673e-07
4194 3.274918e-05 2.785361e-07
4195 3.273449e-05 2.779063e-07
4196 3.271984e-05 2.772779e-07
4197 3.270524e-05 2.766509e-07
4198 3.269069e-05 2.760254e-07
4199 3.267618e-05 2.754012e-07
4200 3.266172e-05 2.747785e-07
4201 3.264730e-05 2.741572e-07
4202 3.263293e-05 2.735373e-07
4203 3.261861e-05 2.729188e-07
4204 3.260433e-05 2.723017e-07
4205 3.259009e-05 2.716860e-07
4206 3.257590e-05 2.710716e-07
4207 3.256176e-05 2.704587e-07
4208 3.254766e-05 2.698471e-07
4209 3.253360e-05 2.692370e-07
4210 3.251959e-05 2.686282e-07
4211 3.250563e-05 2.680208e-07
4212 3.249170e-05 2.674148e-07
4213 3.247783e-05 2.668101e-07
4214 3.246399e-05 2.662068e-07
4215 3.245020e-05 2.656049e-07
4216 3.243646e-05 2.650043e-07
4217 3.242275e-05 2.644051e-07
4218 3.240909e-05 2.638072e-07
4219 3.239548e-05 2.632107e-07
4220 3.238190e-05 2.626155e-07
4221 3.236837e-05 2.620217e-07
4222 3.235489e-05 2.614293e-07
4223 3.234144e-05 2.608381e-07
4224 3.232804e-05 2.602483e-07
4225 3.231468e-05 2.596599e-07
4226 3.230136e-05 2.590727e-07
4227 3.228809e-05 2.584869e-07
4228 3.227486e-05 2.579024e-07
4229 3.226167e-05 2.573193e-07
4230 3.224852e-05 2.567375e-07
4231 3.223541e-05 2.561569e-07
4232 3.222234e-05 2.555777e-07
4233 3.220932e-05 2.549998e-07
4234 3.219633e-05 2.544232e-07
4235 3.218339e-05 2.538479e-07
4236 3.217049e-05 2.532739e-07
4237 3.215763e-05 2.527013e-07
4238 3.214481e-05 2.521299e-07
4239 3.213203e-05 2.515598e-07
4240 3.211929e-05 2.509909e-07
4241 3.210659e-05 2.504234e-07
4242 3.209393e-05 2.498572e-07
4243 3.208131e-05 2.492922e-07
4244 3.206874e-05 2.487285e-07
4245 3.205620e-05 2.481661e-07
4246 3.204370e-05 2.476050e-07
4247 3.203124e-05 2.470451e-07
4248 3.201882e-05 2.464865e-07
4249 3.200644e-05 2.459291e-07
4250 3.199409e-05 2.453731e-07
4251 3.198179e-05 2.448182e-07
4252 3.196953e-05 2.442647e-07
4253 3.195730e-05 2.437123e-07
4254 3.194512e-05 2.431613e-07
4255 3.193297e-05 2.426114e-07
4256 3.192086e-05 2.420629e-07
4257 3.190879e-05 2.415155e-07
4258 3.189675e-05 2.409694e-07
4259 3.188476e-05 2.404245e-07
4260 3.187280e-05 2.398809e-07
4261 3.186088e-05 2.393385e-07
4262 3.184900e-05 2.387973e-07
4263 3.183716e-05 2.382574e-07
4264 3.182535e-05 2.377186e-07
4265 3.181358e-05 2.371811e-07
4266 3.180185e-05 2.366448e-07
4267 3.179015e-05 2.361097e-07
4268 3.177850e-05 2.355758e-07
4269 3.176687e-05 2.350432e-07
4270 3.175529e-05 2.345117e-07
4271 3.174374e-05 2.339814e-07
4272 3.173223e-05 2.334524e-07
4273 3.172076e-05 2.329245e-07
4274 3.170932e-05 2.323978e-07
4275 3.169791e-05 2.318723e-07
4276 3.168655e-05 2.313480e-07
4277 3.167522e-05 2.308249e-07
4278 3.166392e-05 2.303030e-07
4279 3.165266e-05 2.297822e-07
4280 3.164144e-05 2.292627e-07
4281 3.163025e-05 2.287443e-07
4282 3.161909e-05 2.282270e-07
4283 3.160798e-05 2.277110e-07
4284 3.159689e-05 2.271961e-07
4285 3.158585e-05 2.266824e-07
4286 3.157483e-05 2.261698e-07
4287 3.156385e-05 2.256584e-07
4288 3.155291e-05 2.251481e-07
4289 3.154200e-05 2.246390e-07
4290 3.153113e-05 2.241311e-07
4291 3.152028e-05 2.236243e-07
4292 3.150948e-05 2.231187e-07
4293 3.149871e-05 2.226142e-07
4294 3.148797e-05 2.221108e-07
4295 3.147726e-05 2.216086e-07
4296 3.146659e-05 2.211075e-07
4297 3.145595e-05 2.206075e-07
4298 3.144535e-05 2.201087e-07
4299 3.143478e-05 2.196110e-07
4300 3.142424e-05 2.191144e-07
4301 3.141374e-05 2.186190e-07
4302 3.140327e-05 2.181246e-07
4303 3.139283e-05 2.176314e-07
4304 3.138242e-05 2.171393e-07
4305 3.137205e-05 2.166483e-07
4306 3.136171e-05 2.161585e-07
4307 3.135141e-05 2.156697e-07
4308 3.134113e-05 2.151820e-07
4309 3.133089e-05 2.146955e-07
4310 3.132068e-05 2.142100e-07
4311 3.131050e-05 2.137256e-07
4312 3.130036e-05 2.132424e-07
4313 3.129024e-05 2.127602e-07
4314 3.128016e-05 2.122791e-07
4315 3.127011e-05 2.117991e-07
4316 3.126009e-05 2.113202e-07
4317 3.125010e-05 2.108424e-07
4318 3.124015e-05 2.103656e-07
4319 3.123022e-05 2.098900e-07
4320 3.122033e-05 2.094154e-07
4321 3.121047e-05 2.089419e-07
4322 3.120063e-05 2.084694e-07
4323 3.119083e-05 2.079980e-07
4324 3.118106e-05 2.075277e-07
4325 3.117132e-05 2.070585e-07
4326 3.116162e-05 2.065903e-07
4327 3.115194e-05 2.061231e-07
4328 3.114229e-05 2.056571e-07
4329 3.113267e-05 2.051920e-07
4330 3.112309e-05 2.047281e-07
4331 3.111353e-05 2.042651e-07
4332 3.110400e-05 2.038033e-07
4333 3.109451e-05 2.033424e-07
4334 3.108504e-05 2.028827e-07
4335 3.107560e-05 2.024239e-07
4336 3.106619e-05 2.019662e-07
4337 3.105681e-05 2.015095e-07
4338 3.104746e-05 2.010539e-07
4339 3.103814e-05 2.005993e-07
4340 3.102885e-05 2.001457e-07
4341 3.101959e-05 1.996931e-07
4342 3.101036e-05 1.992416e-07
4343 3.100116e-05 1.987911e-07
4344 3.099198e-05 1.983416e-07
4345 3.098284e-05 1.978931e-07
4346 3.097372e-05 1.974456e-07
4347 3.096463e-05 1.969992e-07
4348 3.095557e-05 1.965537e-07
4349 3.094654e-05 1.961093e-07
4350 3.093753e-05 1.956658e-07
4351 3.092856e-05 1.952234e-07
4352 3.091961e-05 1.947820e-07
4353 3.091069e-05 1.943416e-07
4354 3.090180e-05 1.939021e-07
4355 3.089294e-05 1.934637e-07
4356 3.088410e-05 1.930262e-07
4357 3.087529e-05 1.925898e-07
4358 3.086651e-05 1.921543e-07
4359 3.085776e-05 1.917198e-07
4360 3.084903e-05 1.912863e-07
4361 3.084033e-05 1.908538e-07
4362 3.083166e-05 1.904222e-07
4363 3.082302e-05 1.899916e-07
4364 3.081440e-05 1.895620e-07
4365 3.080581e-05 1.891334e-07
4366 3.079725e-05 1.887057e-07
4367 3.078871e-05 1.882791e-07
4368 3.078020e-05 1.878533e-07
4369 3.077171e-05 1.874286e-07
4370 3.076326e-05 1.870048e-07
4371 3.075483e-05 1.865819e-07
4372 3.074642e-05 1.861600e-07
4373 3.073804e-05 1.857391e-07
4374 3.072969e-05 1.853191e-07
4375 3.072137e-05 1.849001e-07
4376 3.071307e-05 1.844820e-07
4377 3.070479e-05 1.840648e-07
4378 3.069654e-05 1.836486e-07
4379 3.068832e-05 1.832334e-07
4380 3.068012e-05 1.828191e-07
4381 3.067195e-05 1.824057e-07
4382 3.066380e-05 1.819932e-07
4383 3.065568e-05 1.815817e-07
4384 3.064759e-05 1.811711e-07
4385 3.063952e-05 1.807615e-07
4386 3.063147e-05 1.803527e-07
4387 3.062345e-05 1.799449e-07
4388 3.061546e-05 1.795381e-07
4389 3.060749e-05 1.791321e-07
4390 3.059954e-05 1.787270e-07
4391 3.059162e-05 1.783229e-07
4392 3.058372e-05 1.779197e-07
4393 3.057585e-05 1.775174e-07
4394 3.056801e-05 1.771160e-07
4395 3.056018e-05 1.767155e-07
4396 3.055238e-05 1.763159e-07
4397 3.054461e-05 1.759173e-07
4398 3.053686e-05 1.755195e-07
4399 3.052913e-05 1.751226e-07
4400 3.052143e-05 1.747266e-07
4401 3.051375e-05 1.743315e-07
4402 3.050610e-05 1.739374e-07
4403 3.049847e-05 1.735441e-07
4404 3.049086e-05 1.731516e-07
4405 3.048328e-05 1.727601e-07
4406 3.047572e-05 1.723695e-07
4407 3.046818e-05 1.719797e-07
4408 3.046067e-05 1.715909e-07
4409 3.045318e-05 1.712029e-07
4410 3.044571e-05 1.708158e-07
4411 3.043827e-05 1.704295e-07
4412 3.043085e-05 1.700441e-07
4413 3.042345e-05 1.696596e-07
4414 3.041608e-05 1.692760e-07
4415 3.040873e-05 1.688933e-07
4416 3.040140e-05 1.685114e-07
4417 3.039409e-05 1.681303e-07
4418 3.038681e-05 1.677502e-07
4419 3.037955e-05 1.673709e-07
4420 3.037231e-05 1.669924e-07
4421 3.036509e-05 1.666148e-07
4422 3.035790e-05 1.662381e-07
4423 3.035073e-05 1.658622e-07
4424 3.034358e-05 1.654871e-07
4425 3.033645e-05 1.651130e-07
4426 3.032935e-05 1.647396e-07
4427 3.032226e-05 1.643671e-07
4428 3.031520e-05 1.639954e-07
4429 3.030816e-05 1.636246e-07
4430 3.030115e-05 1.632546e-07
4431 3.029415e-05 1.628855e-07
4432 3.028717e-05 1.625172e-07
4433 3.028022e-05 1.621497e-07
4434 3.027329e-05 1.617831e-07
4435 3.026638e-05 1.614173e-07
4436 3.025949e-05 1.610523e-07
4437 3.025262e-05 1.606881e-07
4438 3.024578e-05 1.603248e-07
4439 3.023895e-05 1.599622e-07
4440 3.023215e-05 1.596005e-07
4441 3.022536e-05 1.592397e-07
4442 3.021860e-05 1.588796e-07
4443 3.021186e-05 1.585203e-07
4444 3.020514e-05 1.581619e-07
4445 3.019844e-05 1.578043e-07
4446 3.019176e-05 1.574475e-07
4447 3.018510e-05 1.570914e-07
4448 3.017846e-05 1.567362e-07
4449 3.017184e-05 1.563818e-07
4450 3.016525e-05 1.560282e-07
4451 3.015867e-05 1.556754e-07
4452 3.015211e-05 1.553234e-07
4453 3.014557e-05 1.549722e-07
4454 3.013906e-05 1.546218e-07
4455 3.013256e-05 1.542722e-07
4456 3.012608e-05 1.539233e-07
4457 3.011962e-05 1.535753e-07
4458 3.011319e-05 1.532280e-07
4459 3.010677e-05 1.528816e-07
4460 3.010037e-05 1.525359e-07
4461 3.009399e-05 1.521910e-07
4462 3.008764e-05 1.518468e-07
4463 3.008130e-05 1.515035e-07
4464 3.007498e-05 1.511609e-07
4465 3.006868e-05 1.508191e-07
4466 3.006239e-05 1.504781e-07
4467 3.005613e-05 1.501378e-07
4468 3.004989e-05 1.497984e-07
4469 3.004367e-05 1.494596e-07
4470 3.003746e-05 1.491217e-07
4471 3.003128e-05 1.487845e-07
4472 3.002511e-05 1.484481e-07
4473 3.001896e-05 1.481124e-07
4474 3.001283e-05 1.477775e-07
4475 3.000672e-05 1.474434e-07
4476 3.000063e-05 1.471100e-07
4477 2.999456e-05 1.467773e-07
4478 2.998850e-05 1.464454e-07
4479 2.998247e-05 1.461143e-07
4480 2.997645e-05 1.457839e-07
4481 2.997045e-05 1.454543e-07
4482 2.996447e-05 1.451254e-07
4483 2.995851e-05 1.447972e-07
4484 2.995257e-05 1.444698e-07
4485 2.994664e-05 1.441432e-07
4486 2.994073e-05 1.438172e-07
4487 2.993484e-05 1.434920e-07
4488 2.992897e-05 1.431676e-07
4489 2.992312e-05 1.428439e-07
4490 2.991728e-05 1.425209e-07
4491 2.991146e-05 1.421986e-07
4492 2.990566e-05 1.418771e-07
4493 2.989988e-05 1.415563e-07
4494 2.989411e-05 1.412362e-07
4495 2.988836e-05 1.409168e-07
4496 2.988263e-05 1.405982e-07
4497 2.987692e-05 1.402803e-07
4498 2.987123e-05 1.399631e-07
4499 2.986555e-05 1.396466e-07
4500 2.985989e-05 1.393308e-07
4501 2.985424e-05 1.390158e-07
4502 2.984862e-05 1.387015e-07
4503 2.984301e-05 1.383878e-07
4504 2.983741e-05 1.380749e-07
4505 2.983184e-05 1.377627e-07
4506 2.982628e-05 1.374512e-07
4507 2.982074e-05 1.371404e-07
4508 2.981521e-05 1.368303e-07
4509 2.980971e-05 1.365209e-07
4510 2.980421e-05 1.362122e-07
4511 2.979874e-05 1.359042e-07
4512 2.979328e-05 1.355969e-07
4513 2.978784e-05 1.352903e-07
4514 2.978241e-05 1.349844e-07
4515 2.977701e-05 1.346792e-07
4516 2.977161e-05 1.343747e-07
4517 2.976624e-05 1.340708e-07
4518 2.976088e-05 1.337677e-07
4519 2.975553e-05 1.334652e-07
4520 2.975021e-05 1.331634e-07
4521 2.974490e-05 1.328623e-07
4522 2.973960e-05 1.325619e-07
4523 2.973432e-05 1.322621e-07
4524 2.972906e-05 1.319631e-07
4525 2.972381e-05 1.316647e-07
4526 2.971858e-05 1.313670e-07
4527 2.971337e-05 1.310699e-07
4528 2.970817e-05 1.307736e-07
4529 2.970298e-05 1.304779e-07
4530 2.969781e-05 1.301828e-07
4531 2.969266e-05 1.298885e-07
4532 2.968752e-05 1.295948e-07
4533 2.968240e-05 1.293017e-07
4534 2.967730e-05 1.290094e-07
4535 2.967220e-05 1.287177e-07
4536 2.966713e-05 1.284266e-07
4537 2.966207e-05 1.281362e-07
4538 2.965702e-05 1.278465e-07
4539 2.965199e-05 1.275574e-07
4540 2.964698e-05 1.272690e-07
4541 2.964198e-05 1.269812e-07
4542 2.963700e-05 1.266941e-07
4543 2.963203e-05 1.264076e-07
4544 2.962707e-05 1.261218e-07
4545 2.962213e-05 1.258366e-07
4546 2.961721e-05 1.255521e-07
4547 2.961230e-05 1.252682e-07
4548 2.960740e-05 1.249849e-07
4549 2.960252e-05 1.247023e-07
4550 2.959766e-05 1.244203e-07
4551 2.959280e-05 1.241390e-07
4552 2.958797e-05 1.238583e-07
4553 2.958315e-05 1.235782e-07
4554 2.957834e-05 1.232988e-07
4555 2.957355e-05 1.230200e-07
4556 2.956877e-05 1.227418e-07
4557 2.956400e-05 1.224643e-07
4558 2.955925e-05 1.221874e-07
4559 2.955452e-05 1.219111e-07
4560 2.954979e-05 1.216354e-07
4561 2.954509e-05 1.213604e-07
4562 2.954039e-05 1.210860e-07
4563 2.953571e-05 1.208122e-07
4564 2.953105e-05 1.205390e-07
4565 2.952640e-05 1.202665e-07
4566 2.952176e-05 1.199945e-07
4567 2.951714e-05 1.197232e-07
4568 2.951253e-05 1.194525e-07
4569 2.950793e-05 1.191824e-07
4570 2.950335e-05 1.189129e-07
4571 2.949878e-05 1.186440e-07
4572 2.949422e-05 1.183757e-07
4573 2.948968e-05 1.181081e-07
4574 2.948515e-05 1.178410e-07
4575 2.948064e-05 1.175746e-07
4576 2.947614e-05 1.173087e-07
4577 2.947165e-05 1.170435e-07
4578 2.946718e-05 1.167788e-07
4579 2.946272e-05 1.165147e-07
4580 2.945827e-05 1.162513e-07
4581 2.945383e-05 1.159884e-07
4582 2.944941e-05 1.157262e-07
4583 2.944501e-05 1.154645e-07
4584 2.944061e-05 1.152034e-07
4585 2.943623e-05 1.149429e-07
4586 2.943186e-05 1.146830e-07
4587 2.942751e-05 1.144237e-07
4588 2.942316e-05 1.141650e-07
4589 2.941883e-05 1.139068e-07
4590 2.941452e-05 1.136493e-07
4591 2.941021e-05 1.133923e-07
4592 2.940592e-05 1.131359e-07
4593 2.940164e-05 1.128801e-07
4594 2.939738e-05 1.126248e-07
4595 2.939312e-05 1.123702e-07
4596 2.938888e-05 1.121161e-07
4597 2.938466e-05 1.118626e-07
4598 2.938044e-05 1.116096e-07
4599 2.937624e-05 1.113573e-07
4600 2.937205e-05 1.111055e-07
4601 2.936787e-05 1.108542e-07
4602 2.936370e-05 1.106036e-07
4603 2.935955e-05 1.103535e-07
4604 2.935541e-05 1.101040e-07
4605 2.935128e-05 1.098550e-07
4606 2.934717e-05 1.096066e-07
4607 2.934306e-05 1.093588e-07
4608 2.933897e-05 1.091115e-07
4609 2.933489e-05 1.088648e-07
4610 2.933082e-05 1.086186e-07
4611 2.932677e-05 1.083730e-07
4612 2.932272e-05 1.081280e-07
4613 2.931869e-05 1.078835e-07
4614 2.931467e-05 1.076395e-07
4615 2.931066e-05 1.073961e-07
4616 2.930666e-05 1.071533e-07
4617 2.930268e-05 1.069110e-07
4618 2.929871e-05 1.066693e-07
4619 2.929475e-05 1.064281e-07
4620 2.929080e-05 1.061874e-07
4621 2.928686e-05 1.059473e-07
4622 2.928293e-05 1.057077e-07
4623 2.927902e-05 1.054687e-07
4624 2.927512e-05 1.052302e-07
4625 2.927122e-05 1.049923e-07
4626 2.926734e-05 1.047549e-07
4627 2.926348e-05 1.045180e-07
4628 2.925962e-05 1.042817e-07
4629 2.925577e-05 1.040459e-07
4630 2.925194e-05 1.038106e-07
4631 2.924811e-05 1.035759e-07
4632 2.924430e-05 1.033417e-07
4633 2.924050e-05 1.031080e-07
4634 2.923671e-05 1.028749e-07
4635 2.923293e-05 1.026423e-07
4636 2.922917e-05 1.024102e-07
4637 2.922541e-05 1.021786e-07
4638 2.922166e-05 1.019476e-07
4639 2.921793e-05 1.017171e-07
4640 2.921421e-05 1.014871e-07
4641 2.921049e-05 1.012576e-07
4642 2.920679e-05 1.010286e-07
4643 2.920310e-05 1.008002e-07
4644 2.919942e-05 1.005723e-07
4645 2.919575e-05 1.003449e-07
4646 2.919209e-05 1.001180e-07
4647 2.918845e-05 9.989157e-08
4648 2.918481e-05 9.966570e-08
4649 2.918118e-05 9.944034e-08
4650 2.917757e-05 9.921549e-08
4651 2.917396e-05 9.899115e-08
4652 2.917037e-05 9.876732e-08
4653 2.916678e-05 9.854399e-08
4654 2.916321e-05 9.832117e-08
4655 2.915965e-05 9.809885e-08
4656 2.915609e-05 9.787703e-08
4657 2.915255e-05 9.765572e-08
4658 2.914902e-05 9.743490e-08
4659 2.914550e-05 9.721459e-08
4660 2.914199e-05 9.699477e-08
4661 2.913848e-05 9.677545e-08
4662 2.913499e-05 9.655663e-08
4663 2.913151e-05 9.633830e-08
4664 2.912804e-05 9.612046e-08
4665 2.912458e-05 9.590312e-08
4666 2.912113e-05 9.568627e-08
4667 2.911769e-05 9.546990e-08
4668 2.911426e-05 9.525403e-08
4669 2.911084e-05 9.503865e-08
4670 2.910743e-05 9.482375e-08
4671 2.910403e-05 9.460934e-08
4672 2.910064e-05 9.439541e-08
4673 2.909725e-05 9.418197e-08
4674 2.909388e-05 9.396901e-08
4675 2.909052e-05 9.375653e-08
4676 2.908717e-05 9.354454e-08
4677 2.908383e-05 9.333302e-08
4678 2.908050e-05 9.312198e-08
4679 2.907717e-05 9.291141e-08
4680 2.907386e-05 9.270133e-08
4681 2.907056e-05 9.249171e-08
4682 2.906726e-05 9.228258e-08
4683 2.906398e-05 9.207391e-08
4684 2.906071e-05 9.186572e-08
4685 2.905744e-05 9.165800e-08
4686 2.905418e-05 9.145074e-08
4687 2.905094e-05 9.124396e-08
4688 2.904770e-05 9.103764e-08
4689 2.904447e-05 9.083179e-08
4690 2.904126e-05 9.062641e-08
4691 2.903805e-05 9.042149e-08
4692 2.903485e-05 9.021703e-08
4693 2.903166e-05 9.001304e-08
4694 2.902848e-05 8.980950e-08
4695 2.902530e-05 8.960643e-08
4696 2.902214e-05 8.940382e-08
4697 2.901899e-05 8.920166e-08
4698 2.901584e-05 8.899996e-08
4699 2.901271e-05 8.879872e-08
4700 2.900958e-05 8.859793e-08
4701 2.900646e-05 8.839760e-08
4702 2.900336e-05 8.819772e-08
4703 2.900026e-05 8.799829e-08
4704 2.899717e-05 8.779931e-08
4705 2.899408e-05 8.760078e-08
4706 2.899101e-05 8.740270e-08
4707 2.898795e-05 8.720507e-08
4708 2.898489e-05 8.700789e-08
4709 2.898185e-05 8.681115e-08
4710 2.897881e-05 8.661486e-08
4711 2.897578e-05 8.641901e-08
4712 2.897276e-05 8.622360e-08
4713 2.896975e-05 8.602864e-08
4714 2.896674e-05 8.583411e-08
4715 2.896375e-05 8.564003e-08
4716 2.896077e-05 8.544638e-08
4717 2.895779e-05 8.525318e-08
4718 2.895482e-05 8.506041e-08
4719 2.895186e-05 8.486807e-08
4720 2.894891e-05 8.467617e-08
4721 2.894597e-05 8.448471e-08
4722 2.894303e-05 8.429367e-08
4723 2.894010e-05 8.410307e-08
4724 2.893719e-05 8.391290e-08
4725 2.893428e-05 8.372316e-08
4726 2.893138e-05 8.353385e-08
4727 2.892848e-05 8.334497e-08
4728 2.892560e-05 8.315651e-08
4729 2.892272e-05 8.296848e-08
4730 2.891985e-05 8.278088e-08
4731 2.891700e-05 8.259370e-08
4732 2.891414e-05 8.240694e-08
4733 2.891130e-05 8.222061e-08
4734 2.890846e-05 8.203469e-08
4735 2.890564e-05 8.184920e-08
4736 2.890282e-05 8.166413e-08
4737 2.890001e-05 8.147947e-08
4738 2.889720e-05 8.129523e-08
4739 2.889441e-05 8.111141e-08
4740 2.889162e-05 8.092801e-08
4741 2.888884e-05 8.074502e-08
4742 2.888607e-05 8.056244e-08
4743 2.888331e-05 8.038028e-08
4744 2.888055e-05 8.019852e-08
4745 2.887780e-05 8.001718e-08
4746 2.887506e-05 7.983625e-08
4747 2.887233e-05 7.965573e-08
4748 2.886961e-05 7.947561e-08
4749 2.886689e-05 7.929591e-08
4750 2.886418e-05 7.911661e-08
4751 2.886148e-05 7.893771e-08
4752 2.885879e-05 7.875922e-08
4753 2.885610e-05 7.858114e-08
4754 2.885342e-05 7.840345e-08
4755 2.885075e-05 7.822617e-08
4756 2.884809e-05 7.804929e-08
4757 2.884544e-05 7.787281e-08
4758 2.884279e-05 7.769672e-08
4759 2.884015e-05 7.752104e-08
4760 2.883751e-05 7.734575e-08
4761 2.883489e-05 7.717086e-08
4762 2.883227e-05 7.699637e-08
4763 2.882966e-05 7.682227e-08
4764 2.882706e-05 7.664856e-08
4765 2.882446e-05 7.647525e-08
4766 2.882187e-05 7.630232e-08
4767 2.881929e-05 7.612979e-08
4768 2.881672e-05 7.595765e-08
4769 2.881415e-05 7.578590e-08
4770 2.881159e-05 7.561454e-08
4771 2.880904e-05 7.544356e-08
4772 2.880649e-05 7.527297e-08
4773 2.880396e-05 7.510277e-08
4774 2.880143e-05 7.493295e-08
4775 2.879890e-05 7.476351e-08
4776 2.879639e-05 7.459446e-08
4777 2.879388e-05 7.442579e-08
4778 2.879138e-05 7.425750e-08
4779 2.878888e-05 7.408960e-08
4780 2.878639e-05 7.392207e-08
4781 2.878391e-05 7.375492e-08
4782 2.878144e-05 7.358815e-08
4783 2.877897e-05 7.342175e-08
4784 2.877651e-05 7.325574e-08
4785 2.877406e-05 7.309009e-08
4786 2.877161e-05 7.292483e-08
4787 2.876917e-05 7.275993e-08
4788 2.876674e-05 7.259541e-08
4789 2.876431e-05 7.243126e-08
4790 2.876189e-05 7.226748e-08
4791 2.875948e-05 7.210407e-08
4792 2.875708e-05 7.194104e-08
4793 2.875468e-05 7.177837e-08
4794 2.875229e-05 7.161606e-08
4795 2.874990e-05 7.145413e-08
4796 2.874752e-05 7.129256e-08
4797 2.874515e-05 7.113136e-08
4798 2.874279e-05 7.097052e-08
4799 2.874043e-05 7.081004e-08
4800 2.873808e-05 7.064993e-08
4801 2.873573e-05 7.049018e-08
4802 2.873339e-05 7.033079e-08
4803 2.873106e-05 7.017176e-08
4804 2.872874e-05 7.001309e-08
4805 2.872642e-05 6.985478e-08
4806 2.872410e-05 6.969683e-08
4807 2.872180e-05 6.953924e-08
4808 2.871950e-05 6.938200e-08
4809 2.871720e-05 6.922511e-08
4810 2.871492e-05 6.906858e-08
4811 2.871264e-05 6.891241e-08
4812 2.871036e-05 6.875659e-08
4813 2.870810e-05 6.860112e-08
4814 2.870583e-05 6.844600e-08
4815 2.870358e-05 6.829123e-08
4816 2.870133e-05 6.813682e-08
4817 2.869909e-05 6.798275e-08
4818 2.869685e-05 6.782903e-08
4819 2.869462e-05 6.767566e-08
4820 2.869240e-05 6.752263e-08
4821 2.869018e-05 6.736995e-08
4822 2.868797e-05 6.721762e-08
4823 2.868576e-05 6.706563e-08
4824 2.868356e-05 6.691399e-08
4825 2.868137e-05 6.676268e-08
4826 2.867918e-05 6.661172e-08
4827 2.867700e-05 6.646110e-08
4828 2.867483e-05 6.631082e-08
4829 2.867266e-05 6.616088e-08
4830 2.867050e-05 6.601129e-08
4831 2.866834e-05 6.586202e-08
4832 2.866619e-05 6.571310e-08
4833 2.866405e-05 6.556451e-08
4834 2.866191e-05 6.541626e-08
4835 2.865977e-05 6.526834e-08
4836 2.865765e-05 6.512076e-08
4837 2.865553e-05 6.497351e-08
4838 2.865341e-05 6.482660e-08
4839 2.865130e-05 6.468002e-08
4840 2.864920e-05 6.453377e-08
4841 2.864710e-05 6.438784e-08
4842 2.864501e-05 6.424225e-08
4843 2.864292e-05 6.409699e-08
4844 2.864084e-05 6.395206e-08
4845 2.863877e-05 6.380745e-08
4846 2.863670e-05 6.366317e-08
4847 2.863464e-05 6.351922e-08
4848 2.863258e-05 6.337560e-08
4849 2.863053e-05 6.323229e-08
4850 2.862848e-05 6.308932e-08
4851 2.862644e-05 6.294666e-08
4852 2.862441e-05 6.280433e-08
4853 2.862238e-05 6.266232e-08
4854 2.862036e-05 6.252063e-08
4855 2.861834e-05 6.237926e-08
4856 2.861633e-05 6.223821e-08
4857 2.861432e-05 6.209748e-08
4858 2.861232e-05 6.195707e-08
4859 2.861032e-05 6.181698e-08
4860 2.860833e-05 6.167720e-08
4861 2.860635e-05 6.153774e-08
4862 2.860437e-05 6.139859e-08
4863 2.860239e-05 6.125976e-08
4864 2.860043e-05 6.112124e-08
4865 2.859846e-05 6.098304e-08
4866 2.859651e-05 6.084514e-08
4867 2.859455e-05 6.070756e-08
4868 2.859261e-05 6.057029e-08
4869 2.859066e-05 6.043334e-08
4870 2.858873e-05 6.029669e-08
4871 2.858680e-05 6.016035e-08
4872 2.858487e-05 6.002432e-08
4873 2.858295e-05 5.988859e-08
4874 2.858104e-05 5.975317e-08
4875 2.857913e-05 5.961806e-08
4876 2.857722e-05 5.948326e-08
4877 2.857532e-05 5.934876e-08
4878 2.857343e-05 5.921456e-08
4879 2.857154e-05 5.908067e-08
4880 2.856966e-05 5.894708e-08
4881 2.856778e-05 5.881379e-08
4882 2.856591e-05 5.868080e-08
4883 2.856404e-05 5.854811e-08
4884 2.856217e-05 5.841573e-08
4885 2.856032e-05 5.828364e-08
4886 2.855846e-05 5.815185e-08
4887 2.855662e-05 5.802036e-08
4888 2.855477e-05 5.788917e-08
4889 2.855294e-05 5.775827e-08
4890 2.855110e-05 5.762767e-08
4891 2.854928e-05 5.749737e-08
4892 2.854745e-05 5.736736e-08
4893 2.854564e-05 5.723764e-08
4894 2.854382e-05 5.710822e-08
4895 2.854201e-05 5.697909e-08
4896 2.854021e-05 5.685025e-08
4897 2.853841e-05 5.672170e-08
4898 2.853662e-05 5.659345e-08
4899 2.853483e-05 5.646548e-08
4900 2.853305e-05 5.633780e-08
4901 2.853127e-05 5.621041e-08
4902 2.852950e-05 5.608331e-08
4903 2.852773e-05 5.595650e-08
4904 2.852596e-05 5.582997e-08
4905 2.852421e-05 5.570373e-08
4906 2.852245e-05 5.557778e-08
4907 2.852070e-05 5.545211e-08
4908 2.851896e-05 5.532672e-08
4909 2.851722e-05 5.520162e-08
4910 2.851548e-05 5.507680e-08
4911 2.851375e-05 5.495226e-08
4912 2.851202e-05 5.482801e-08
4913 2.851030e-05 5.470403e-08
4914 2.850859e-05 5.458034e-08
4915 2.850688e-05 5.445693e-08
4916 2.850517e-05 5.433379e-08
4917 2.850347e-05 5.421093e-08
4918 2.850177e-05 5.408835e-08
4919 2.850007e-05 5.396605e-08
4920 2.849839e-05 5.384403e-08
4921 2.849670e-05 5.372228e-08
4922 2.849502e-05 5.360080e-08
4923 2.849335e-05 5.347960e-08
4924 2.849168e-05 5.335868e-08
4925 2.849001e-05 5.323803e-08
4926 2.848835e-05 5.311765e-08
4927 2.848669e-05 5.299754e-08
4928 2.848504e-05 5.287770e-08
4929 2.848339e-05 5.275814e-08
4930 2.848175e-05 5.263884e-08
4931 2.848011e-05 5.251982e-08
4932 2.847847e-05 5.240106e-08
4933 2.847684e-05 5.228258e-08
4934 2.847522e-05 5.216436e-08
4935 2.847359e-05 5.204641e-08
4936 2.847198e-05 5.192872e-08
4937 2.847036e-05 5.181130e-08
4938 2.846876e-05 5.169415e-08
4939 2.846715e-05 5.157726e-08
4940 2.846555e-05 5.146064e-08
4941 2.846396e-05 5.134428e-08
4942 2.846237e-05 5.122818e-08
4943 2.846078e-05 5.111235e-08
4944 2.845920e-05 5.099677e-08
4945 2.845762e-05 5.088146e-08
4946 2.845604e-05 5.076641e-08
4947 2.845447e-05 5.065162e-08
4948 2.845291e-05 5.053709e-08
4949 2.845135e-05 5.042282e-08
4950 2.844979e-05 5.030880e-08
4951 2.844824e-05 5.019505e-08
4952 2.844669e-05 5.008155e-08
4953 2.844514e-05 4.996831e-08
4954 2.844360e-05 4.985532e-08
4955 2.844207e-05 4.974259e-08
4956 2.844053e-05 4.963011e-08
4957 2.843900e-05 4.951789e-08
4958 2.843748e-05 4.940592e-08
4959 2.843596e-05 4.929421e-08
4960 2.843444e-05 4.918275e-08
4961 2.843293e-05 4.907154e-08
4962 2.843142e-05 4.896058e-08
4963 2.842992e-05 4.884987e-08
4964 2.842842e-05 4.873942e-08
4965 2.842693e-05 4.862921e-08
4966 2.842543e-05 4.851925e-08
4967 2.842395e-05 4.840954e-08
4968 2.842246e-05 4.830008e-08
4969 2.842098e-05 4.819087e-08
4970 2.841951e-05 4.808190e-08
4971 2.841803e-05 4.797318e-08
4972 2.841657e-05 4.786470e-08
4973 2.841510e-05 4.775647e-08
4974 2.841364e-05 4.764849e-08
4975 2.841219e-05 4.754075e-08
4976 2.841073e-05 4.743325e-08
4977 2.840929e-05 4.732600e-08
4978 2.840784e-05 4.721899e-08
4979 2.840640e-05 4.711222e-08
4980 2.840496e-05 4.700569e-08
4981 2.840353e-05 4.689940e-08
4982 2.840210e-05 4.679336e-08
4983 2.840068e-05 4.668755e-08
4984 2.839925e-05 4.658198e-08
4985 2.839784e-05 4.647665e-08
4986 2.839642e-05 4.637156e-08
4987 2.839501e-05 4.626671e-08
4988 2.839360e-05 4.616209e-08
4989 2.839220e-05 4.605771e-08
4990 2.839080e-05 4.595357e-08
4991 2.838941e-05 4.584966e-08
4992 2.838802e-05 4.574599e-08
4993 2.838663e-05 4.564255e-08
4994 2.838524e-05 4.553934e-08
4995 2.838386e-05 4.543637e-08
4996 2.838249e-05 4.533363e-08
4997 2.838111e-05 4.523113e-08
4998 2.837974e-05 4.512885e-08
4999 2.837838e-05 4.502681e-08
5000 2.837702e-05 4.492500e-08
5001 2.837566e-05 4.482341e-08
5002 2.837430e-05 4.472206e-08
5003 2.837295e-05 4.462094e-08
5004 2.837160e-05 4.452004e-08
5005 2.837026e-05 4.441938e-08
5006 2.836892e-05 4.431894e-08
5007 2.836758e-05 4.421873e-08
5008 2.836625e-05 4.411874e-08
5009 2.836492e-05 4.401898e-08
5010 2.836359e-05 4.391945e-08
5011 2.836227e-05 4.382014e-08
5012 2.836095e-05 4.372106e-08
5013 2.835963e-05 4.362220e-08
5014 2.835832e-05 4.352356e-08
5015 2.835701e-05 4.342515e-08
5016 2.835570e-05 4.332695e-08
5017 2.835440e-05 4.322899e-08
5018 2.835310e-05 4.313124e-08
5019 2.835181e-05 4.303371e-08
5020 2.835051e-05 4.293641e-08
5021 2.834922e-05 4.283932e-08
5022 2.834794e-05 4.274245e-08
5023 2.834666e-05 4.264581e-08
5024 2.834538e-05 4.254938e-08
5025 2.834410e-05 4.245317e-08
5026 2.834283e-05 4.235717e-08
5027 2.834156e-05 4.226140e-08
5028 2.834030e-05 4.216584e-08
5029 2.833904e-05 4.207050e-08
5030 2.833778e-05 4.197537e-08
5031 2.833652e-05 4.188045e-08
5032 2.833527e-05 4.178576e-08
5033 2.833402e-05 4.169127e-08
5034 2.833278e-05 4.159700e-08
5035 2.833154e-05 4.150294e-08
5036 2.833030e-05 4.140910e-08
5037 2.832906e-05 4.131547e-08
5038 2.832783e-05 4.122205e-08
5039 2.832660e-05 4.112884e-08
5040 2.832538e-05 4.103584e-08
5041 2.832415e-05 4.094305e-08
5042 2.832294e-05 4.085047e-08
5043 2.832172e-05 4.075810e-08
5044 2.832051e-05 4.066594e-08
5045 2.831930e-05 4.057399e-08
5046 2.831809e-05 4.048225e-08
5047 2.831689e-05 4.039071e-08
5048 2.831569e-05 4.029938e-08
5049 2.831449e-05 4.020826e-08
5050 2.831330e-05 4.011734e-08
5051 2.831211e-05 4.002663e-08
5052 2.831092e-05 3.993612e-08
5053 2.830973e-05 3.984582e-08
5054 2.830855e-05 3.975572e-08
5055 2.830737e-05 3.966583e-08
5056 2.830620e-05 3.957614e-08
5057 2.830503e-05 3.948665e-08
5058 2.830386e-05 3.939737e-08
5059 2.830269e-05 3.930828e-08
5060 2.830153e-05 3.921940e-08
5061 2.830037e-05 3.913072e-08
5062 2.829921e-05 3.904224e-08
5063 2.829806e-05 3.895396e-08
5064 2.829691e-05 3.886588e-08
5065 2.829576e-05 3.877800e-08
5066 2.829461e-05 3.869031e-08
5067 2.829347e-05 3.860283e-08
5068 2.829233e-05 3.851554e-08
5069 2.829120e-05 3.842845e-08
5070 2.829006e-05 3.834156e-08
5071 2.828893e-05 3.825486e-08
5072 2.828781e-05 3.816836e-08
5073 2.828668e-05 3.808206e-08
5074 2.828556e-05 3.799595e-08
5075 2.828444e-05 3.791003e-08
5076 2.828333e-05 3.782431e-08
5077 2.828222e-05 3.773879e-08
5078 2.828111e-05 3.765345e-08
5079 2.828000e-05 3.756831e-08
5080 2.827890e-05 3.748337e-08
5081 2.827780e-05 3.739861e-08
5082 2.827670e-05 3.731405e-08
5083 2.827560e-05 3.722967e-08
5084 2.827451e-05 3.714549e-08
5085 2.827342e-05 3.706150e-08
5086 2.827233e-05 3.697770e-08
5087 2.827125e-05 3.689409e-08
5088 2.827017e-05 3.681066e-08
5089 2.826909e-05 3.672743e-08
5090 2.826802e-05 3.664438e-08
5091 2.826694e-05 3.656152e-08
5092 2.826587e-05 3.647885e-08
5093 2.826481e-05 3.639637e-08
5094 2.826374e-05 3.631407e-08
5095 2.826268e-05 3.623196e-08
5096 2.826162e-05 3.615003e-08
5097 2.826057e-05 3.606829e-08
5098 2.825951e-05 3.598674e-08
5099 2.825846e-05 3.590536e-08
5100 2.825741e-05 3.582418e-08
5101 2.825637e-05 3.574317e-08
5102 2.825533e-05 3.566235e-08
5103 2.825429e-05 3.558171e-08
5104 2.825325e-05 3.550126e-08
5105 2.825221e-05 3.542098e-08
5106 2.825118e-05 3.534089e-08
5107 2.825015e-05 3.526098e-08
5108 2.824913e-05 3.518125e-08
5109 2.824810e-05 3.510170e-08
5110 2.824708e-05 3.502233e-08
5111 2.824606e-05 3.494314e-08
5112 2.824505e-05 3.486413e-08
5113 2.824404e-05 3.478529e-08
5114 2.824302e-05 3.470664e-08
5115 2.824202e-05 3.462816e-08
5116 2.824101e-05 3.454986e-08
5117 2.824001e-05 3.447174e-08
5118 2.823901e-05 3.439379e-08
5119 2.823801e-05 3.431602e-08
5120 2.823702e-05 3.423843e-08
5121 2.823602e-05 3.416101e-08
5122 2.823503e-05 3.408377e-08
5123 2.823405e-05 3.400670e-08
5124 2.823306e-05 3.392981e-08
5125 2.823208e-05 3.385309e-08
5126 2.823110e-05 3.377654e-08
5127 2.823012e-05 3.370016e-08
5128 2.822915e-05 3.362396e-08
5129 2.822818e-05 3.354793e-08
5130 2.822721e-05 3.347208e-08
5131 2.822624e-05 3.339639e-08
5132 2.822527e-05 3.332088e-08
5133 2.822431e-05 3.324553e-08
5134 2.822335e-05 3.317036e-08
5135 2.822239e-05 3.309536e-08
5136 2.822144e-05 3.302052e-08
5137 2.822049e-05 3.294586e-08
5138 2.821954e-05 3.287136e-08
5139 2.821859e-05 3.279704e-08
5140 2.821764e-05 3.272288e-08
5141 2.821670e-05 3.264889e-08
5142 2.821576e-05 3.257506e-08
5143 2.821482e-05 3.250140e-08
5144 2.821389e-05 3.242791e-08
5145 2.821296e-05 3.235459e-08
5146 2.821203e-05 3.228143e-08
5147 2.821110e-05 3.220844e-08
5148 2.821017e-05 3.213561e-08
5149 2.820925e-05 3.206295e-08
5150 2.820833e-05 3.199045e-08
5151 2.820741e-05 3.191811e-08
5152 2.820649e-05 3.184594e-08
5153 2.820558e-05 3.177393e-08
5154 2.820467e-05 3.170208e-08
5155 2.820376e-05 3.163040e-08
5156 2.820285e-05 3.155888e-08
5157 2.820194e-05 3.148752e-08
5158 2.820104e-05 3.141632e-08
5159 2.820014e-05 3.134529e-08
5160 2.819924e-05 3.127441e-08
5161 2.819835e-05 3.120369e-08
5162 2.819746e-05 3.113314e-08
5163 2.819656e-05 3.106274e-08
5164 2.819568e-05 3.099250e-08
5165 2.819479e-05 3.092242e-08
5166 2.819391e-05 3.085250e-08
5167 2.819302e-05 3.078274e-08
5168 2.819214e-05 3.071314e-08
5169 2.819127e-05 3.064369e-08
5170 2.819039e-05 3.057440e-08
5171 2.818952e-05 3.050527e-08
5172 2.818865e-05 3.043629e-08
5173 2.818778e-05 3.036747e-08
5174 2.818691e-05 3.029880e-08
5175 2.818605e-05 3.023029e-08
5176 2.818519e-05 3.016194e-08
5177 2.818433e-05 3.009374e-08
5178 2.818347e-05 3.002569e-08
5179 2.818261e-05 2.995780e-08
5180 2.818176e-05 2.989006e-08
5181 2.818091e-05 2.982247e-08
5182 2.818006e-05 2.975504e-08
5183 2.817922e-05 2.968776e-08
5184 2.817837e-05 2.962063e-08
5185 2.817753e-05 2.955365e-08
5186 2.817669e-05 2.948683e-08
5187 2.817585e-05 2.942015e-08
5188 2.817501e-05 2.935363e-08
5189 2.817418e-05 2.928726e-08
5190 2.817335e-05 2.922103e-08
5191 2.817252e-05 2.915496e-08
5192 2.817169e-05 2.908904e-08
5193 2.817087e-05 2.902326e-08
5194 2.817004e-05 2.895763e-08
5195 2.816922e-05 2.889216e-08
5196 2.816840e-05 2.882683e-08
5197 2.816759e-05 2.876165e-08
5198 2.816677e-05 2.869661e-08
5199 2.816596e-05 2.863172e-08
5200 2.816515e-05 2.856698e-08
5201 2.816434e-05 2.850239e-08
5202 2.816353e-05 2.843794e-08
5203 2.816273e-05 2.837364e-08
5204 2.816192e-05 2.830948e-08
5205 2.816112e-05 2.824547e-08
5206 2.816033e-05 2.818160e-08
5207 2.815953e-05 2.811788e-08
5208 2.815873e-05 2.805430e-08
5209 2.815794e-05 2.799086e-08
5210 2.815715e-05 2.792757e-08
5211 2.815636e-05 2.786442e-08
5212 2.815558e-05 2.780142e-08
5213 2.815479e-05 2.773856e-08
5214 2.815401e-05 2.767583e-08
5215 2.815323e-05 2.761325e-08
5216 2.815245e-05 2.755082e-08
5217 2.815167e-05 2.748852e-08
5218 2.815090e-05 2.742636e-08
5219 2.815013e-05 2.736435e-08
5220 2.814935e-05 2.730247e-08
5221 2.814859e-05 2.724074e-08
5222 2.814782e-05 2.717914e-08
5223 2.814705e-05 2.711769e-08
5224 2.814629e-05 2.705637e-08
5225 2.814553e-05 2.699519e-08
5226 2.814477e-05 2.693415e-08
5227 2.814401e-05 2.687325e-08
5228 2.814326e-05 2.681248e-08
5229 2.814250e-05 2.675186e-08
5230 2.814175e-05 2.669137e-08
5231 2.814100e-05 2.663101e-08
5232 2.814026e-05 2.657080e-08
5233 2.813951e-05 2.651072e-08
5234 2.813877e-05 2.645077e-08
5235 2.813802e-05 2.639096e-08
5236 2.813728e-05 2.633129e-08
5237 2.813654e-05 2.627175e-08
5238 2.813581e-05 2.621235e-08
5239 2.813507e-05 2.615308e-08
5240 2.813434e-05 2.609394e-08
5241 2.813361e-05 2.603494e-08
5242 2.813288e-05 2.597607e-08
5243 2.813215e-05 2.591733e-08
5244 2.813143e-05 2.585873e-08
5245 2.813070e-05 2.580026e-08
5246 2.812998e-05 2.574192e-08
5247 2.812926e-05 2.568371e-08
5248 2.812854e-05 2.562564e-08
5249 2.812783e-05 2.556769e-08
5250 2.812711e-05 2.550988e-08
5251 2.812640e-05 2.545220e-08
5252 2.812569e-05 2.539465e-08
5253 2.812498e-05 2.533723e-08
5254 2.812427e-05 2.527994e-08
5255 2.812357e-05 2.522277e-08
5256 2.812286e-05 2.516574e-08
5257 2.812216e-05 2.510884e-08
5258 2.812146e-05 2.505206e-08
5259 2.812076e-05 2.499542e-08
5260 2.812006e-05 2.493890e-08
5261 2.811937e-05 2.488251e-08
5262 2.811868e-05 2.482624e-08
5263 2.811798e-05 2.477011e-08
5264 2.811729e-05 2.471410e-08
5265 2.811661e-05 2.465822e-08
5266 2.811592e-05 2.460246e-08
5267 2.811523e-05 2.454683e-08
5268 2.811455e-05 2.449133e-08
5269 2.811387e-05 2.443595e-08
5270 2.811319e-05 2.438070e-08
5271 2.811251e-05 2.432557e-08
5272 2.811184e-05 2.427056e-08
5273 2.811116e-05 2.421568e-08
5274 2.811049e-05 2.416093e-08
5275 2.810982e-05 2.410630e-08
5276 2.810915e-05 2.405179e-08
5277 2.810848e-05 2.399740e-08
5278 2.810781e-05 2.394314e-08
5279 2.810715e-05 2.388900e-08
5280 2.810648e-05 2.383499e-08
5281 2.810582e-05 2.378109e-08
5282 2.810516e-05 2.372732e-08
5283 2.810451e-05 2.367367e-08
5284 2.810385e-05 2.362014e-08
5285 2.810320e-05 2.356673e-08
5286 2.810254e-05 2.351344e-08
5287 2.810189e-05 2.346027e-08
5288 2.810124e-05 2.340723e-08
5289 2.810059e-05 2.335430e-08
5290 2.809995e-05 2.330149e-08
5291 2.809930e-05 2.324880e-08
5292 2.809866e-05 2.319623e-08
5293 2.809802e-05 2.314378e-08
5294 2.809738e-05 2.309145e-08
5295 2.809674e-05 2.303924e-08
5296 2.809610e-05 2.298714e-08
5297 2.809546e-05 2.293517e-08
5298 2.809483e-05 2.288331e-08
5299 2.809420e-05 2.283156e-08
5300 2.809357e-05 2.277994e-08
5301 2.809294e-05 2.272843e-08
5302 2.809231e-05 2.267704e-08
5303 2.809169e-05 2.262576e-08
5304 2.809106e-05 2.257460e-08
5305 2.809044e-05 2.252356e-08
5306 2.808982e-05 2.247263e-08
5307 2.808920e-05 2.242181e-08
5308 2.808858e-05 2.237111e-08
5309 2.808796e-05 2.232053e-08
5310 2.808735e-05 2.227006e-08
5311 2.808673e-05 2.221970e-08
5312 2.808612e-05 2.216946e-08
5313 2.808551e-05 2.211933e-08
5314 2.808490e-05 2.206932e-08
5315 2.808429e-05 2.201941e-08
5316 2.808369e-05 2.196962e-08
5317 2.808308e-05 2.191995e-08
5318 2.808248e-05 2.187038e-08
5319 2.808188e-05 2.182093e-08
5320 2.808128e-05 2.177159e-08
5321 2.808068e-05 2.172236e-08
5322 2.808008e-05 2.167324e-08
5323 2.807949e-05 2.162424e-08
5324 2.807889e-05 2.157534e-08
5325 2.807830e-05 2.152656e-08
5326 2.807771e-05 2.147788e-08
5327 2.807712e-05 2.142932e-08
5328 2.807653e-05 2.138086e-08
5329 2.807594e-05 2.133252e-08
5330 2.807536e-05 2.128428e-08
5331 2.807477e-05 2.123615e-08
5332 2.807419e-05 2.118814e-08
5333 2.807361e-05 2.114023e-08
5334 2.807303e-05 2.109242e-08
5335 2.807245e-05 2.104473e-08
5336 2.807188e-05 2.099715e-08
5337 2.807130e-05 2.094967e-08
5338 2.807073e-05 2.090230e-08
5339 2.807015e-05 2.085503e-08
5340 2.806958e-05 2.080788e-08
5341 2.806901e-05 2.076083e-08
5342 2.806844e-05 2.071389e-08
5343 2.806788e-05 2.066705e-08
5344 2.806731e-05 2.062032e-08
5345 2.806675e-05 2.057369e-08
5346 2.806619e-05 2.052717e-08
5347 2.806562e-05 2.048076e-08
5348 2.806506e-05 2.043445e-08
5349 2.806451e-05 2.038824e-08
5350 2.806395e-05 2.034214e-08
5351 2.806339e-05 2.029614e-08
5352 2.806284e-05 2.025025e-08
5353 2.806229e-05 2.020446e-08
5354 2.806173e-05 2.015878e-08
5355 2.806118e-05 2.011319e-08
5356 2.806063e-05 2.006771e-08
5357 2.806009e-05 2.002234e-08
5358 2.805954e-05 1.997706e-08
5359 2.805900e-05 1.993189e-08
5360 2.805845e-05 1.988682e-08
5361 2.805791e-05 1.984186e-08
5362 2.805737e-05 1.979699e-08
5363 2.805683e-05 1.975223e-08
5364 2.805629e-05 1.970756e-08
5365 2.805575e-05 1.966300e-08
5366 2.805522e-05 1.961854e-08
5367 2.805468e-05 1.957418e-08
5368 2.805415e-05 1.952992e-08
5369 2.805362e-05 1.948576e-08
5370 2.805309e-05 1.944170e-08
5371 2.805256e-05 1.939774e-08
5372 2.805203e-05 1.935388e-08
5373 2.805151e-05 1.931012e-08
5374 2.805098e-05 1.926645e-08
5375 2.805046e-05 1.922289e-08
5376 2.804993e-05 1.917942e-08
5377 2.804941e-05 1.913606e-08
5378 2.804889e-05 1.909279e-08
5379 2.804837e-05 1.904961e-08
5380 2.804786e-05 1.900654e-08
5381 2.804734e-05 1.896356e-08
5382 2.804682e-05 1.892068e-08
5383 2.804631e-05 1.887790e-08
5384 2.804580e-05 1.883522e-08
5385 2.804529e-05 1.879263e-08
5386 2.804478e-05 1.875013e-08
5387 2.804427e-05 1.870774e-08
5388 2.804376e-05 1.866544e-08
5389 2.804325e-05 1.862323e-08
5390 2.804275e-05 1.858112e-08
5391 2.804225e-05 1.853910e-08
5392 2.804174e-05 1.849719e-08
5393 2.804124e-05 1.845536e-08
5394 2.804074e-05 1.841363e-08
5395 2.804024e-05 1.837199e-08
5396 2.803975e-05 1.833045e-08
5397 2.803925e-05 1.828900e-08
5398 2.803875e-05 1.824765e-08
5399 2.803826e-05 1.820639e-08
5400 2.803777e-05 1.816522e-08
5401 2.803728e-05 1.812415e-08
5402 2.803679e-05 1.808317e-08
5403 2.803630e-05 1.804228e-08
5404 2.803581e-05 1.800148e-08
5405 2.803532e-05 1.796078e-08
5406 2.803484e-05 1.792016e-08
5407 2.803435e-05 1.787964e-08
5408 2.803387e-05 1.783922e-08
5409 2.803339e-05 1.779888e-08
5410 2.803291e-05 1.775863e-08
5411 2.803243e-05 1.771848e-08
5412 2.803195e-05 1.767841e-08
5413 2.803147e-05 1.763844e-08
5414 2.803099e-05 1.759856e-08
5415 2.803052e-05 1.755876e-08
5416 2.803005e-05 1.751906e-08
5417 2.802957e-05 1.747945e-08
5418 2.802910e-05 1.743992e-08
5419 2.802863e-05 1.740049e-08
5420 2.802816e-05 1.736114e-08
5421 2.802769e-05 1.732189e-08
5422 2.802723e-05 1.728272e-08
5423 2.802676e-05 1.724364e-08
5424 2.802630e-05 1.720465e-08
5425 2.802583e-05 1.716575e-08
5426 2.802537e-05 1.712693e-08
5427 2.802491e-05 1.708821e-08
5428 2.802445e-05 1.704957e-08
5429 2.802399e-05 1.701102e-08
5430 2.802353e-05 1.697255e-08
5431 2.802307e-05 1.693417e-08
5432 2.802262e-05 1.689588e-08
5433 2.802216e-05 1.685768e-08
5434 2.802171e-05 1.681956e-08
5435 2.802126e-05 1.678153e-08
5436 2.802081e-05 1.674358e-08
5437 2.802036e-05 1.670572e-08
5438 2.801991e-05 1.666795e-08
5439 2.801946e-05 1.663026e-08
5440 2.801901e-05 1.659266e-08
5441 2.801857e-05 1.655514e-08
5442 2.801812e-05 1.651771e-08
5443 2.801768e-05 1.648036e-08
5444 2.801724e-05 1.644309e-08
5445 2.801679e-05 1.640591e-08
5446 2.801635e-05 1.636882e-08
5447 2.801592e-05 1.633180e-08
5448 2.801548e-05 1.629487e-08
5449 2.801504e-05 1.625803e-08
5450 2.801460e-05 1.622127e-08
5451 2.801417e-05 1.618459e-08
5452 2.801373e-05 1.614799e-08
5453 2.801330e-05 1.611148e-08
5454 2.801287e-05 1.607505e-08
5455 2.801244e-05 1.603870e-08
5456 2.801201e-05 1.600243e-08
5457 2.801158e-05 1.596625e-08
5458 2.801115e-05 1.593015e-08
5459 2.801073e-05 1.589413e-08
5460 2.801030e-05 1.585819e-08
5461 2.800987e-05 1.582233e-08
5462 2.800945e-05 1.578655e-08
5463 2.800903e-05 1.575086e-08
5464 2.800861e-05 1.571524e-08
5465 2.800819e-05 1.567971e-08
5466 2.800777e-05 1.564425e-08
5467 2.800735e-05 1.560888e-08
5468 2.800693e-05 1.557359e-08
5469 2.800651e-05 1.553837e-08
5470 2.800610e-05 1.550324e-08
5471 2.800568e-05 1.546818e-08
5472 2.800527e-05 1.543321e-08
5473 2.800486e-05 1.539831e-08
5474 2.800445e-05 1.536349e-08
5475 2.800404e-05 1.532875e-08
5476 2.800363e-05 1.529409e-08
5477 2.800322e-05 1.525951e-08
5478 2.800281e-05 1.522501e-08
5479 2.800240e-05 1.519058e-08
5480 2.800200e-05 1.515623e-08
5481 2.800159e-05 1.512196e-08
5482 2.800119e-05 1.508777e-08
5483 2.800079e-05 1.505365e-08
5484 2.800039e-05 1.501961e-08
5485 2.799999e-05 1.498565e-08
5486 2.799959e-05 1.495177e-08
5487 2.799919e-05 1.491796e-08
5488 2.799879e-05 1.488423e-08
5489 2.799839e-05 1.485057e-08
5490 2.799800e-05 1.481699e-08
5491 2.799760e-05 1.478349e-08
5492 2.799721e-05 1.475006e-08
5493 2.799681e-05 1.471671e-08
5494 2.799642e-05 1.468343e-08
5495 2.799603e-05 1.465023e-08
5496 2.799564e-05 1.461710e-08
5497 2.799525e-05 1.458405e-08
5498 2.799486e-05 1.455108e-08
5499 2.799448e-05 1.451817e-08
5500 2.799409e-05 1.448535e-08
5501 2.799370e-05 1.445259e-08
5502 2.799332e-05 1.441991e-08
5503 2.799294e-05 1.438731e-08
5504 2.799255e-05 1.435477e-08
5505 2.799217e-05 1.432232e-08
5506 2.799179e-05 1.428993e-08
5507 2.799141e-05 1.425762e-08
5508 2.799103e-05 1.422538e-08
5509 2.799065e-05 1.419322e-08
5510 2.799028e-05 1.416112e-08
5511 2.798990e-05 1.412910e-08
5512 2.798952e-05 1.409715e-08
5513 2.798915e-05 1.406528e-08
5514 2.798878e-05 1.403347e-08
5515 2.798840e-05 1.400174e-08
5516 2.798803e-05 1.397008e-08
5517 2.798766e-05 1.393849e-08
5518 2.798729e-05 1.390698e-08
5519 2.798692e-05 1.387553e-08
5520 2.798655e-05 1.384416e-08
5521 2.798619e-05 1.381285e-08
5522 2.798582e-05 1.378162e-08
5523 2.798545e-05 1.375046e-08
5524 2.798509e-05 1.371937e-08
5525 2.798473e-05 1.368834e-08
5526 2.798436e-05 1.365739e-08
5527 2.798400e-05 1.362651e-08
5528 2.798364e-05 1.359570e-08
5529 2.798328e-05 1.356496e-08
5530 2.798292e-05 1.353428e-08
5531 2.798256e-05 1.350368e-08
5532 2.798220e-05 1.347315e-08
5533 2.798185e-05 1.344268e-08
5534 2.798149e-05 1.341229e-08
5535 2.798114e-05 1.338196e-08
5536 2.798078e-05 1.335170e-08
5537 2.798043e-05 1.332151e-08
5538 2.798007e-05 1.329139e-08
5539 2.797972e-05 1.326133e-08
5540 2.797937e-05 1.323135e-08
5541 2.797902e-05 1.320143e-08
5542 2.797867e-05 1.317158e-08
5543 2.797832e-05 1.314180e-08
5544 2.797798e-05 1.311208e-08
5545 2.797763e-05 1.308243e-08
5546 2.797728e-05 1.305285e-08
5547 2.797694e-05 1.302334e-08
5548 2.797659e-05 1.299389e-08
5549 2.797625e-05 1.296451e-08
5550 2.797591e-05 1.293519e-08
5551 2.797557e-05 1.290595e-08
5552 2.797523e-05 1.287676e-08
5553 2.797489e-05 1.284765e-08
5554 2.797455e-05 1.281860e-08
5555 2.797421e-05 1.278961e-08
5556 2.797387e-05 1.276069e-08
5557 2.797353e-05 1.273184e-08
5558 2.797320e-05 1.270305e-08
5559 2.797286e-05 1.267433e-08
5560 2.797253e-05 1.264567e-08
5561 2.797219e-05 1.261707e-08
5562 2.797186e-05 1.258854e-08
5563 2.797153e-05 1.256008e-08
5564 2.797120e-05 1.253168e-08
5565 2.797087e-05 1.250334e-08
5566 2.797054e-05 1.247507e-08
5567 2.797021e-05 1.244686e-08
5568 2.796988e-05 1.241872e-08
5569 2.796955e-05 1.239064e-08
5570 2.796923e-05 1.236262e-08
5571 2.796890e-05 1.233467e-08
5572 2.796857e-05 1.230678e-08
5573 2.796825e-05 1.227895e-08
5574 2.796793e-05 1.225118e-08
5575 2.796760e-05 1.222348e-08
5576 2.796728e-05 1.219584e-08
5577 2.796696e-05 1.216827e-08
5578 2.796664e-05 1.214075e-08
5579 2.796632e-05 1.211330e-08
5580 2.796600e-05 1.208591e-08
5581 2.796568e-05 1.205858e-08
5582 2.796537e-05 1.203132e-08
5583 2.796505e-05 1.200411e-08
5584 2.796473e-05 1.197697e-08
5585 2.796442e-05 1.194989e-08
5586 2.796411e-05 1.192287e-08
5587 2.796379e-05 1.189591e-08
5588 2.796348e-05 1.186901e-08
5589 2.796317e-05 1.184217e-08
5590 2.796286e-05 1.181539e-08
5591 2.796254e-05 1.178868e-08
5592 2.796223e-05 1.176202e-08
5593 2.796193e-05 1.173543e-08
5594 2.796162e-05 1.170889e-08
5595 2.796131e-05 1.168241e-08
5596 2.796100e-05 1.165600e-08
5597 2.796070e-05 1.162964e-08
5598 2.796039e-05 1.160335e-08
5599 2.796009e-05 1.157711e-08
5600 2.795978e-05 1.155093e-08
5601 2.795948e-05 1.152481e-08
5602 2.795918e-05 1.149875e-08
5603 2.795887e-05 1.147275e-08
5604 2.795857e-05 1.144681e-08
5605 2.795827e-05 1.142093e-08
5606 2.795797e-05 1.139510e-08
5607 2.795767e-05 1.136934e-08
5608 2.795738e-05 1.134363e-08
5609 2.795708e-05 1.131798e-08
5610 2.795678e-05 1.129239e-08
5611 2.795649e-05 1.126686e-08
5612 2.795619e-05 1.124138e-08
5613 2.795590e-05 1.121596e-08
5614 2.795560e-05 1.119060e-08
5615 2.795531e-05 1.116530e-08
5616 2.795502e-05 1.114005e-08
5617 2.795472e-05 1.111486e-08
5618 2.795443e-05 1.108973e-08
5619 2.795414e-05 1.106465e-08
5620 2.795385e-05 1.103963e-08
5621 2.795356e-05 1.101467e-08
5622 2.795327e-05 1.098977e-08
5623 2.795299e-05 1.096492e-08
5624 2.795270e-05 1.094012e-08
5625 2.795241e-05 1.091538e-08
5626 2.795213e-05 1.089070e-08
5627 2.795184e-05 1.086608e-08
5628 2.795156e-05 1.084151e-08
5629 2.795127e-05 1.081699e-08
5630 2.795099e-05 1.079253e-08
5631 2.795071e-05 1.076813e-08
5632 2.795043e-05 1.074378e-08
5633 2.795015e-05 1.071949e-08
5634 2.794987e-05 1.069525e-08
5635 2.794959e-05 1.067107e-08
5636 2.794931e-05 1.064694e-08
5637 2.794903e-05 1.062286e-08
5638 2.794875e-05 1.059884e-08
5639 2.794847e-05 1.057488e-08
5640 2.794820e-05 1.055097e-08
5641 2.794792e-05 1.052711e-08
5642 2.794765e-05 1.050331e-08
5643 2.794737e-05 1.047956e-08
5644 2.794710e-05 1.045586e-08
5645 2.794683e-05 1.043222e-08
5646 2.794655e-05 1.040863e-08
5647 2.794628e-05 1.038509e-08
5648 2.794601e-05 1.036161e-08
5649 2.794574e-05 1.033818e-08
5650 2.794547e-05 1.031481e-08
5651 2.794520e-05 1.029148e-08
5652 2.794493e-05 1.026821e-08
5653 2.794466e-05 1.024499e-08
5654 2.794440e-05 1.022183e-08
5655 2.794413e-05 1.019872e-08
5656 2.794386e-05 1.017566e-08
5657 2.794360e-05 1.015265e-08
5658 2.794333e-05 1.012969e-08
5659 2.794307e-05 1.010679e-08
5660 2.794281e-05 1.008393e-08
5661 2.794254e-05 1.006113e-08
5662 2.794228e-05 1.003838e-08
5663 2.794202e-05 1.001568e-08
5664 2.794176e-05 9.993036e-09
