# step err_l2 res_l2
0 2.463645e-01 1.000000e+00
1 2.386260e-01 1.284875e+00
2 2.318803e-01 8.523141e-01
3 2.268939e-01 4.681099e-01
4 2.233686e-01 3.644410e-01
5 2.202899e-01 2.448321e-01
6 2.176143e-01 1.658040e-01
7 2.152657e-01 1.391281e-01
8 2.130819e-01 1.155802e-01
9 2.110593e-01 9.988301e-02
10 2.091762e-01 9.119128e-02
11 2.073950e-01 8.396001e-02
12 2.057074e-01 7.789710e-02
13 2.041027e-01 7.311053e-02
14 2.025684e-01 6.896772e-02
15 2.010976e-01 6.527130e-02
16 1.996843e-01 6.204605e-02
17 1.983225e-01 5.916888e-02
18 1.970076e-01 5.656304e-02
19 1.957359e-01 5.421133e-02
20 1.945038e-01 5.207166e-02
21 1.933082e-01 5.011041e-02
22 1.921465e-01 4.830943e-02
23 1.910165e-01 4.664828e-02
24 1.899159e-01 4.510942e-02
25 1.888430e-01 4.368007e-02
26 1.877961e-01 4.234833e-02
27 1.867735e-01 4.110382e-02
28 1.857741e-01 3.993802e-02
29 1.847965e-01 3.884333e-02
30 1.838396e-01 3.781309e-02
31 1.829023e-01 3.684153e-02
32 1.819838e-01 3.592356e-02
33 1.810830e-01 3.505462e-02
34 1.801992e-01 3.423073e-02
35 1.793316e-01 3.344829e-02
36 1.784795e-01 3.270411e-02
37 1.776423e-01 3.199532e-02
38 1.768194e-01 3.131933e-02
39 1.760101e-01 3.067380e-02
40 1.752140e-01 3.005662e-02
41 1.744306e-01 2.946588e-02
42 1.736594e-01 2.889983e-02
43 1.728999e-01 2.835688e-02
44 1.721518e-01 2.783557e-02
45 1.714146e-01 2.733457e-02
46 1.706879e-01 2.685267e-02
47 1.699716e-01 2.638873e-02
48 1.692651e-01 2.594172e-02
49 1.685682e-01 2.551068e-02
50 1.678805e-01 2.509474e-02
51 1.672019e-01 2.469307e-02
52 1.665320e-01 2.430492e-02
53 1.658707e-01 2.392958e-02
54 1.652175e-01 2.356639e-02
55 1.645723e-01 2.321474e-02
56 1.639350e-01 2.287408e-02
57 1.633052e-01 2.254385e-02
58 1.626828e-01 2.222358e-02
59 1.620675e-01 2.191278e-02
60 1.614593e-01 2.161103e-02
61 1.608578e-01 2.131792e-02
62 1.602631e-01 2.103306e-02
63 1.596747e-01 2.075610e-02
64 1.590928e-01 2.048668e-02
65 1.585169e-01 2.022450e-02
66 1.579472e-01 1.996925e-02
67 1.573833e-01 1.972064e-02
68 1.568251e-01 1.947840e-02
69 1.562726e-01 1.924229e-02
70 1.557256e-01 1.901206e-02
71 1.551839e-01 1.878748e-02
72 1.546476e-01 1.856834e-02
73 1.541163e-01 1.835443e-02
74 1.535902e-01 1.814555e-02
75 1.530689e-01 1.794153e-02
76 1.525525e-01 1.774218e-02
77 1.520409e-01 1.754735e-02
78 1.515338e-01 1.735686e-02
79 1.510314e-01 1.717057e-02
80 1.505334e-01 1.698834e-02
81 1.500397e-01 1.681002e-02
82 1.495504e-01 1.663549e-02
83 1.490653e-01 1.646462e-02
84 1.485843e-01 1.629729e-02
85 1.481074e-01 1.613339e-02
86 1.476345e-01 1.597280e-02
87 1.471655e-01 1.581542e-02
88 1.467003e-01 1.566116e-02
89 1.462389e-01 1.550991e-02
90 1.457813e-01 1.536159e-02
91 1.453273e-01 1.521610e-02
92 1.448768e-01 1.507336e-02
93 1.444299e-01 1.493330e-02
94 1.439865e-01 1.479582e-02
95 1.435464e-01 1.466086e-02
96 1.431098e-01 1.452835e-02
97 1.426764e-01 1.439821e-02
98 1.422463e-01 1.427038e-02
99 1.418193e-01 1.414479e-02
100 1.413955e-01 1.402139e-02
101 1.409749e-01 1.390012e-02
102 1.405572e-01 1.378091e-02
103 1.401426e-01 1.366371e-02
104 1.397309e-01 1.354848e-02
105 1.393221e-01 1.343515e-02
106 1.389162e-01 1.332368e-02
107 1.385132e-01 1.321402e-02
108 1.381129e-01 1.310612e-02
109 1.377153e-01 1.299995e-02
110 1.373205e-01 1.289546e-02
111 1.369283e-01 1.279260e-02
112 1.365388e-01 1.269134e-02
113 1.361518e-01 1.259163e-02
114 1.357675e-01 1.249345e-02
115 1.353856e-01 1.239675e-02
116 1.350062e-01 1.230150e-02
117 1.346293e-01 1.220767e-02
118 1.342548e-01 1.211522e-02
119 1.338826e-01 1.202411e-02
120 1.335129e-01 1.193433e-02
121 1.331454e-01 1.184584e-02
122 1.327803e-01 1.175861e-02
123 1.324174e-01 1.167262e-02
124 1.320567e-01 1.158782e-02
125 1.316983e-01 1.150421e-02
126 1.313420e-01 1.142176e-02
127 1.309879e-01 1.134043e-02
128 1.306359e-01 1.126020e-02
129 1.302860e-01 1.118106e-02
130 1.299382e-01 1.110298e-02
131 1.295924e-01 1.102594e-02
132 1.292486e-01 1.094991e-02
133 1.289069e-01 1.087487e-02
134 1.285671e-01 1.080081e-02
135 1.282293e-01 1.072770e-02
136 1.278934e-01 1.065553e-02
137 1.275593e-01 1.058428e-02
138 1.272272e-01 1.051392e-02
139 1.268969e-01 1.044445e-02
140 1.265685e-01 1.037584e-02
141 1.262419e-01 1.030808e-02
142 1.259171e-01 1.024115e-02
143 1.255940e-01 1.017503e-02
144 1.252728e-01 1.010972e-02
145 1.249532e-01 1.004519e-02
146 1.246354e-01 9.981425e-03
147 1.243192e-01 9.918421e-03
148 1.240048e-01 9.856159e-03
149 1.236920e-01 9.794625e-03
150 1.233808e-01 9.733807e-03
151 1.230713e-01 9.673692e-03
152 1.227633e-01 9.614268e-03
153 1.224570e-01 9.555521e-03
154 1.221522e-01 9.497440e-03
155 1.218490e-01 9.440013e-03
156 1.215474e-01 9.383230e-03
157 1.212472e-01 9.327079e-03
158 1.209486e-01 9.271548e-03
159 1.206514e-01 9.216629e-03
160 1.203558e-01 9.162310e-03
161 1.200615e-01 9.108581e-03
162 1.197688e-01 9.055433e-03
163 1.194775e-01 9.002855e-03
164 1.191875e-01 8.950840e-03
165 1.188990e-01 8.899376e-03
166 1.186119e-01 8.848456e-03
167 1.183262e-01 8.798071e-03
168 1.180418e-01 8.748212e-03
169 1.177587e-01 8.698871e-03
170 1.174770e-01 8.650039e-03
171 1.171966e-01 8.601709e-03
172 1.169176e-01 8.553874e-03
173 1.166398e-01 8.506524e-03
174 1.163633e-01 8.459653e-03
175 1.160881e-01 8.413254e-03
176 1.158141e-01 8.367319e-03
177 1.155414e-01 8.321841e-03
178 1.152699e-01 8.276814e-03
179 1.149997e-01 8.232231e-03
180 1.147306e-01 8.188085e-03
181 1.144628e-01 8.144370e-03
182 1.141962e-01 8.101079e-03
183 1.139307e-01 8.058207e-03
184 1.136664e-01 8.015748e-03
185 1.134032e-01 7.973695e-03
186 1.131412e-01 7.932042e-03
187 1.128804e-01 7.890785e-03
188 1.126206e-01 7.849917e-03
189 1.123620e-01 7.809434e-03
190 1.121045e-01 7.769329e-03
191 1.118481e-01 7.729598e-03
192 1.115928e-01 7.690235e-03
193 1.113385e-01 7.651236e-03
194 1.110854e-01 7.612595e-03
195 1.108332e-01 7.574308e-03
196 1.105822e-01 7.536370e-03
197 1.103321e-01 7.498776e-03
198 1.100831e-01 7.461522e-03
199 1.098351e-01 7.424603e-03
200 1.095882e-01 7.388015e-03
201 1.093422e-01 7.351754e-03
202 1.090973e-01 7.315815e-03
203 1.088533e-01 7.280195e-03
204 1.086103e-01 7.244889e-03
205 1.083682e-01 7.209893e-03
206 1.081272e-01 7.175203e-03
207 1.078871e-01 7.140816e-03
208 1.076479e-01 7.106728e-03
209 1.074097e-01 7.072934e-03
210 1.071724e-01 7.039432e-03
211 1.069360e-01 7.006218e-03
212 1.067006e-01 6.973288e-03
213 1.064660e-01 6.940639e-03
214 1.062324e-01 6.908267e-03
215 1.059997e-01 6.876169e-03
216 1.057678e-01 6.844342e-03
217 1.055368e-01 6.812783e-03
218 1.053067e-01 6.781488e-03
219 1.050775e-01 6.750455e-03
220 1.048491e-01 6.719679e-03
221 1.046216e-01 6.689159e-03
222 1.043949e-01 6.658892e-03
223 1.041691e-01 6.628873e-03
224 1.039440e-01 6.599101e-03
225 1.037199e-01 6.569573e-03
226 1.034965e-01 6.540286e-03
227 1.032739e-01 6.511237e-03
228 1.030522e-01 6.482423e-03
229 1.028313e-01 6.453843e-03
230 1.026111e-01 6.425492e-03
231 1.023917e-01 6.397370e-03
232 1.021732e-01 6.369472e-03
233 1.019554e-01 6.341797e-03
234 1.017383e-01 6.314343e-03
235 1.015221e-01 6.287106e-03
236 1.013066e-01 6.260085e-03
237 1.010918e-01 6.233277e-03
238 1.008778e-01 6.206680e-03
239 1.006646e-01 6.180291e-03
240 1.004520e-01 6.154109e-03
241 1.002402e-01 6.128131e-03
242 1.000292e-01 6.102355e-03
243 9.981884e-02 6.076778e-03
244 9.960921e-02 6.051400e-03
245 9.940029e-02 6.026217e-03
246 9.919208e-02 6.001228e-03
247 9.898457e-02 5.976430e-03
248 9.877776e-02 5.951822e-03
249 9.857164e-02 5.927402e-03
250 9.836620e-02 5.903167e-03
251 9.816144e-02 5.879117e-03
252 9.795736e-02 5.855248e-03
253 9.775396e-02 5.831559e-03
254 9.755121e-02 5.808049e-03
255 9.734913e-02 5.784715e-03
256 9.714771e-02 5.761555e-03
257 9.694694e-02 5.738569e-03
258 9.674682e-02 5.715753e-03
259 9.654735e-02 5.693108e-03
260 9.634851e-02 5.670630e-03
261 9.615031e-02 5.648318e-03
262 9.595274e-02 5.626170e-03
263 9.575580e-02 5.604185e-03
264 9.555948e-02 5.582362e-03
265 9.536378e-02 5.560698e-03
266 9.516869e-02 5.539192e-03
267 9.497421e-02 5.517843e-03
268 9.478034e-02 5.496649e-03
269 9.458707e-02 5.475608e-03
270 9.439440e-02 5.454719e-03
271 9.420232e-02 5.433981e-03
272 9.401084e-02 5.413392e-03
273 9.381994e-02 5.392951e-03
274 9.362962e-02 5.372655e-03
275 9.343989e-02 5.352505e-03
276 9.325072e-02 5.332498e-03
277 9.306213e-02 5.312633e-03
278 9.287411e-02 5.292909e-03
279 9.268665e-02 5.273324e-03
280 9.249976e-02 5.253877e-03
281 9.231342e-02 5.234567e-03
282 9.212763e-02 5.215393e-03
283 9.194239e-02 5.196352e-03
284 9.175770e-02 5.177445e-03
285 9.157356e-02 5.158669e-03
286 9.138995e-02 5.140024e-03
287 9.120688e-02 5.121507e-03
288 9.102435e-02 5.103119e-03
289 9.084234e-02 5.084858e-03
290 9.066087e-02 5.066722e-03
291 9.047991e-02 5.048711e-03
292 9.029948e-02 5.030823e-03
293 9.011956e-02 5.013057e-03
294 8.994016e-02 4.995413e-03
295 8.976127e-02 4.977888e-03
296 8.958289e-02 4.960482e-03
297 8.940501e-02 4.943194e-03
298 8.922764e-02 4.926022e-03
299 8.905076e-02 4.908966e-03
300 8.887438e-02 4.892025e-03
301 8.869850e-02 4.875197e-03
302 8.852310e-02 4.858482e-03
303 8.834820e-02 4.841877e-03
304 8.817378e-02 4.825384e-03
305 8.799984e-02 4.808999e-03
306 8.782637e-02 4.792724e-03
307 8.765339e-02 4.776555e-03
308 8.748088e-02 4.760493e-03
309 8.730884e-02 4.744537e-03
310 8.713727e-02 4.728685e-03
311 8.696617e-02 4.712936e-03
312 8.679553e-02 4.697290e-03
313 8.662535e-02 4.681746e-03
314 8.645563e-02 4.666303e-03
315 8.628636e-02 4.650960e-03
316 8.611755e-02 4.635715e-03
317 8.594919e-02 4.620569e-03
318 8.578127e-02 4.605520e-03
319 8.561381e-02 4.590568e-03
320 8.544678e-02 4.575711e-03
321 8.528020e-02 4.560948e-03
322 8.511405e-02 4.546279e-03
323 8.494835e-02 4.531704e-03
324 8.478307e-02 4.517220e-03
325 8.461823e-02 4.502828e-03
326 8.445381e-02 4.488526e-03
327 8.428983e-02 4.474314e-03
328 8.412627e-02 4.460191e-03
329 8.396313e-02 4.446156e-03
330 8.380041e-02 4.432209e-03
331 8.363811e-02 4.418348e-03
332 8.347623e-02 4.404572e-03
333 8.331476e-02 4.390882e-03
334 8.315370e-02 4.377276e-03
335 8.299305e-02 4.363754e-03
336 8.283281e-02 4.350314e-03
337 8.267297e-02 4.336957e-03
338 8.251354e-02 4.323681e-03
339 8.235451e-02 4.310485e-03
340 8.219588e-02 4.297370e-03
341 8.203765e-02 4.284333e-03
342 8.187981e-02 4.271375e-03
343 8.172237e-02 4.258495e-03
344 8.156531e-02 4.245693e-03
345 8.140865e-02 4.232966e-03
346 8.125238e-02 4.220316e-03
347 8.109649e-02 4.207740e-03
348 8.094098e-02 4.195239e-03
349 8.078586e-02 4.182812e-03
350 8.063112e-02 4.170459e-03
351 8.047675e-02 4.158177e-03
352 8.032277e-02 4.145968e-03
353 8.016916e-02 4.133830e-03
354 8.001592e-02 4.121762e-03
355 7.986305e-02 4.109765e-03
356 7.971055e-02 4.097837e-03
357 7.955842e-02 4.085978e-03
358 7.940666e-02 4.074187e-03
359 7.925526e-02 4.062464e-03
360 7.910423e-02 4.050808e-03
361 7.895355e-02 4.039219e-03
362 7.880324e-02 4.027695e-03
363 7.865328e-02 4.016237e-03
364 7.850368e-02 4.004843e-03
365 7.835443e-02 3.993514e-03
366 7.820554e-02 3.982248e-03
367 7.805700e-02 3.971046e-03
368 7.790881e-02 3.959906e-03
369 7.776097e-02 3.948828e-03
370 7.761347e-02 3.937811e-03
371 7.746632e-02 3.926856e-03
372 7.731951e-02 3.915961e-03
373 7.717305e-02 3.905126e-03
374 7.702693e-02 3.894350e-03
375 7.688114e-02 3.883633e-03
376 7.673570e-02 3.872975e-03
377 7.659059e-02 3.862374e-03
378 7.644581e-02 3.851831e-03
379 7.630137e-02 3.841345e-03
380 7.615726e-02 3.830915e-03
381 7.601348e-02 3.820541e-03
382 7.587003e-02 3.810223e-03
383 7.572691e-02 3.799959e-03
384 7.558412e-02 3.789750e-03
385 7.544165e-02 3.779595e-03
386 7.529950e-02 3.769494e-03
387 7.515768e-02 3.759446e-03
388 7.501618e-02 3.749451e-03
389 7.487500e-02 3.739507e-03
390 7.473413e-02 3.729616e-03
391 7.459359e-02 3.719776e-03
392 7.445336e-02 3.709987e-03
393 7.431345e-02 3.700248e-03
394 7.417384e-02 3.690560e-03
395 7.403455e-02 3.680921e-03
396 7.389558e-02 3.671331e-03
397 7.375691e-02 3.661790e-03
398 7.361855e-02 3.652297e-03
399 7.348050e-02 3.642853e-03
400 7.334275e-02 3.633456e-03
401 7.320531e-02 3.624106e-03
402 7.306817e-02 3.614803e-03
403 7.293134e-02 3.605547e-03
404 7.279480e-02 3.596336e-03
405 7.265857e-02 3.587171e-03
406 7.252263e-02 3.578052e-03
407 7.238700e-02 3.568977e-03
408 7.225166e-02 3.559946e-03
409 7.211661e-02 3.550960e-03
410 7.198187e-02 3.542018e-03
411 7.184741e-02 3.533119e-03
412 7.171325e-02 3.524263e-03
413 7.157937e-02 3.515449e-03
414 7.144579e-02 3.506678e-03
415 7.131250e-02 3.497949e-03
416 7.117949e-02 3.489262e-03
417 7.104678e-02 3.480616e-03
418 7.091435e-02 3.472010e-03
419 7.078220e-02 3.463446e-03
420 7.065034e-02 3.454922e-03
421 7.051876e-02 3.446437e-03
422 7.038746e-02 3.437992e-03
423 7.025644e-02 3.429587e-03
424 7.012570e-02 3.421220e-03
425 6.999525e-02 3.412892e-03
426 6.986506e-02 3.404603e-03
427 6.973516e-02 3.396351e-03
428 6.960553e-02 3.388137e-03
429 6.947618e-02 3.379961e-03
430 6.934710e-02 3.371821e-03
431 6.921830e-02 3.363719e-03
432 6.908976e-02 3.355653e-03
433 6.896150e-02 3.347623e-03
434 6.883351e-02 3.339629e-03
435 6.870578e-02 3.331670e-03
436 6.857833e-02 3.323747e-03
437 6.845114e-02 3.315859e-03
438 6.832422e-02 3.308006e-03
439 6.819757e-02 3.300187e-03
440 6.807118e-02 3.292403e-03
441 6.794505e-02 3.284652e-03
442 6.781919e-02 3.276935e-03
443 6.769359e-02 3.269252e-03
444 6.756825e-02 3.261601e-03
445 6.744317e-02 3.253984e-03
446 6.731835e-02 3.246399e-03
447 6.719379e-02 3.238846e-03
448 6.706948e-02 3.231326e-03
449 6.694544e-02 3.223837e-03
450 6.682165e-02 3.216380e-03
451 6.669811e-02 3.208955e-03
452 6.657483e-02 3.201560e-03
453 6.645181e-02 3.194196e-03
454 6.632903e-02 3.186863e-03
455 6.620651e-02 3.179560e-03
456 6.608424e-02 3.172288e-03
457 6.596222e-02 3.165045e-03
458 6.584045e-02 3.157832e-03
459 6.571893e-02 3.150648e-03
460 6.559766e-02 3.143494e-03
461 6.547664e-02 3.136368e-03
462 6.535586e-02 3.129271e-03
463 6.523533e-02 3.122203e-03
464 6.511504e-02 3.115163e-03
465 6.499499e-02 3.108152e-03
466 6.487520e-02 3.101168e-03
467 6.475564e-02 3.094211e-03
468 6.463632e-02 3.087283e-03
469 6.451725e-02 3.080381e-03
470 6.439842e-02 3.073507e-03
471 6.427983e-02 3.066659e-03
472 6.416147e-02 3.059838e-03
473 6.404336e-02 3.053044e-03
474 6.392548e-02 3.046275e-03
475 6.380784e-02 3.039533e-03
476 6.369044e-02 3.032816e-03
477 6.357327e-02 3.026126e-03
478 6.345634e-02 3.019460e-03
479 6.333964e-02 3.012820e-03
480 6.322318e-02 3.006205e-03
481 6.310695e-02 2.999615e-03
482 6.299095e-02 2.993050e-03
483 6.287518e-02 2.986509e-03
484 6.275964e-02 2.979992e-03
485 6.264434e-02 2.973500e-03
486 6.252926e-02 2.967031e-03
487 6.241441e-02 2.960587e-03
488 6.229979e-02 2.954166e-03
489 6.218540e-02 2.947768e-03
490 6.207123e-02 2.941394e-03
491 6.195730e-02 2.935043e-03
492 6.184358e-02 2.928715e-03
493 6.173010e-02 2.922409e-03
494 6.161683e-02 2.916127e-03
495 6.150379e-02 2.909867e-03
496 6.139098e-02 2.903629e-03
497 6.127838e-02 2.897413e-03
498 6.116601e-02 2.891219e-03
499 6.105386e-02 2.885047e-03
500 6.094193e-02 2.878897e-03
501 6.083022e-02 2.872768e-03
502 6.071873e-02 2.866660e-03
503 6.060746e-02 2.860574e-03
504 6.049641e-02 2.854509e-03
505 6.038558e-02 2.848465e-03
506 6.027496e-02 2.842441e-03
507 6.016456e-02 2.836438e-03
508 6.005437e-02 2.830456e-03
509 5.994440e-02 2.824494e-03
510 5.983465e-02 2.818552e-03
511 5.972511e-02 2.812630e-03
512 5.961578e-02 2.806728e-03
513 5.950667e-02 2.800846e-03
514 5.939777e-02 2.794984e-03
515 5.928908e-02 2.789141e-03
516 5.918061e-02 2.783318e-03
517 5.907234e-02 2.777513e-03
518 5.896428e-02 2.771728e-03
519 5.885644e-02 2.765962e-03
520 5.874880e-02 2.760215e-03
521 5.864137e-02 2.754486e-03
522 5.853416e-02 2.748776e-03
523 5.842714e-02 2.743085e-03
524 5.832034e-02 2.737412e-03
525 5.821374e-02 2.731757e-03
526 5.810735e-02 2.726120e-03
527 5.800116e-02 2.720502e-03
528 5.789518e-02 2.714901e-03
529 5.778941e-02 2.709318e-03
530 5.768383e-02 2.703752e-03
531 5.757846e-02 2.698204e-03
532 5.747330e-02 2.692674e-03
533 5.736833e-02 2.687161e-03
534 5.726357e-02 2.681665e-03
535 5.715901e-02 2.676186e-03
536 5.705465e-02 2.670724e-03
537 5.695049e-02 2.665279e-03
538 5.684653e-02 2.659851e-03
539 5.674278e-02 2.654439e-03
540 5.663921e-02 2.649044e-03
541 5.653585e-02 2.643665e-03
542 5.643269e-02 2.638303e-03
543 5.632972e-02 2.632957e-03
544 5.622695e-02 2.627627e-03
545 5.612438e-02 2.622313e-03
546 5.602200e-02 2.617015e-03
547 5.591982e-02 2.611733e-03
548 5.581784e-02 2.606467e-03
549 5.571605e-02 2.601216e-03
550 5.561445e-02 2.595981e-03
551 5.551305e-02 2.590761e-03
552 5.541183e-02 2.585557e-03
553 5.531082e-02 2.580368e-03
554 5.520999e-02 2.575194e-03
555 5.510936e-02 2.570035e-03
556 5.500892e-02 2.564891e-03
557 5.490867e-02 2.559762e-03
558 5.480861e-02 2.554648e-03
559 5.470874e-02 2.549548e-03
560 5.460906e-02 2.544464e-03
561 5.450956e-02 2.539393e-03
562 5.441026e-02 2.534337e-03
563 5.431115e-02 2.529296e-03
564 5.421222e-02 2.524269e-03
565 5.411348e-02 2.519256e-03
566 5.401493e-02 2.514257e-03
567 5.391656e-02 2.509272e-03
568 5.381838e-02 2.504301e-03
569 5.372039e-02 2.499345e-03
570 5.362258e-02 2.494401e-03
571 5.352496e-02 2.489472e-03
572 5.342752e-02 2.484556e-03
573 5.333026e-02 2.479654e-03
574 5.323319e-02 2.474765e-03
575 5.313630e-02 2.469890e-03
576 5.303960e-02 2.465028e-03
577 5.294307e-02 2.460179e-03
578 5.284673e-02 2.455344e-03
579 5.275057e-02 2.450521e-03
580 5.265459e-02 2.445712e-03
581 5.255879e-02 2.440916e-03
582 5.246317e-02 2.436132e-03
583 5.236773e-02 2.431362e-03
584 5.227248e-02 2.426604e-03
585 5.217740e-02 2.421859e-03
586 5.208249e-02 2.417126e-03
587 5.198777e-02 2.412406e-03
588 5.189322e-02 2.407698e-03
589 5.179886e-02 2.403003e-03
590 5.170467e-02 2.398321e-03
591 5.161065e-02 2.393650e-03
592 5.151681e-02 2.388992e-03
593 5.142315e-02 2.384346e-03
594 5.132966e-02 2.379712e-03
595 5.123635e-02 2.375090e-03
596 5.114321e-02 2.370480e-03
597 5.105025e-02 2.365882e-03
598 5.095746e-02 2.361296e-03
599 5.086485e-02 2.356721e-03
600 5.077240e-02 2.352159e-03
601 5.068014e-02 2.347607e-03
602 5.058804e-02 2.343068e-03
603 5.049611e-02 2.338540e-03
604 5.040436e-02 2.334024e-03
605 5.031278e-02 2.329519e-03
606 5.022137e-02 2.325025e-03
607 5.013013e-02 2.320543e-03
608 5.003906e-02 2.316072e-03
609 4.994816e-02 2.311612e-03
610 4.985742e-02 2.307163e-03
611 4.976686e-02 2.302726e-03
612 4.967647e-02 2.298299e-03
613 4.958624e-02 2.293884e-03
614 4.949619e-02 2.289479e-03
615 4.940630e-02 2.285085e-03
616 4.931658e-02 2.280703e-03
617 4.922702e-02 2.276330e-03
618 4.913763e-02 2.271969e-03
619 4.904841e-02 2.267618e-03
620 4.895935e-02 2.263278e-03
621 4.887046e-02 2.258949e-03
622 4.878174e-02 2.254630e-03
623 4.869317e-02 2.250321e-03
624 4.860478e-02 2.246023e-03
625 4.851655e-02 2.241735e-03
626 4.842848e-02 2.237458e-03
627 4.834057e-02 2.233191e-03
628 4.825283e-02 2.228934e-03
629 4.816525e-02 2.224687e-03
630 4.807783e-02 2.220450e-03
631 4.799058e-02 2.216224e-03
632 4.790348e-02 2.212008e-03
633 4.781655e-02 2.207801e-03
634 4.772978e-02 2.203605e-03
635 4.764317e-02 2.199418e-03
636 4.755672e-02 2.195241e-03
637 4.747043e-02 2.191075e-03
638 4.738430e-02 2.186917e-03
639 4.729833e-02 2.182770e-03
640 4.721252e-02 2.178632e-03
641 4.712687e-02 2.174504e-03
642 4.704137e-02 2.170386e-03
643 4.695603e-02 2.166277e-03
644 4.687086e-02 2.162178e-03
645 4.678583e-02 2.158088e-03
646 4.670097e-02 2.154008e-03
647 4.661626e-02 2.149937e-03
648 4.653171e-02 2.145875e-03
649 4.644732e-02 2.141823e-03
650 4.636308e-02 2.137780e-03
651 4.627899e-02 2.133746e-03
652 4.619506e-02 2.129722e-03
653 4.611129e-02 2.125706e-03
654 4.602767e-02 2.121700e-03
655 4.594421e-02 2.117703e-03
656 4.586090e-02 2.113715e-03
657 4.577774e-02 2.109736e-03
658 4.569473e-02 2.105766e-03
659 4.561188e-02 2.101805e-03
660 4.552919e-02 2.097853e-03
661 4.544664e-02 2.093909e-03
662 4.536424e-02 2.089975e-03
663 4.528200e-02 2.086049e-03
664 4.519991e-02 2.082132e-03
665 4.511797e-02 2.078224e-03
666 4.503618e-02 2.074325e-03
667 4.495454e-02 2.070434e-03
668 4.487306e-02 2.066552e-03
669 4.479172e-02 2.062678e-03
670 4.471053e-02 2.058813e-03
671 4.462949e-02 2.054957e-03
672 4.454860e-02 2.051109e-03
673 4.446786e-02 2.047269e-03
674 4.438726e-02 2.043438e-03
675 4.430682e-02 2.039616e-03
676 4.422652e-02 2.035801e-03
677 4.414637e-02 2.031995e-03
678 4.406637e-02 2.028198e-03
679 4.398651e-02 2.024408e-03
680 4.390681e-02 2.020627e-03
681 4.382724e-02 2.016854e-03
682 4.374783e-02 2.013090e-03
683 4.366856e-02 2.009333e-03
684 4.358943e-02 2.005585e-03
685 4.351045e-02 2.001844e-03
686 4.343162e-02 1.998112e-03
687 4.335293e-02 1.994388e-03
688 4.327438e-02 1.990672e-03
689 4.319598e-02 1.986963e-03
690 4.311772e-02 1.983263e-03
691 4.303961e-02 1.979571e-03
692 4.296163e-02 1.975886e-03
693 4.288381e-02 1.972209e-03
694 4.280612e-02 1.968541e-03
695 4.272858e-02 1.964880e-03
696 4.265117e-02 1.961226e-03
697 4.257392e-02 1.957581e-03
698 4.249680e-02 1.953943e-03
699 4.241982e-02 1.950313e-03
700 4.234298e-02 1.946691e-03
701 4.226629e-02 1.943076e-03
702 4.218973e-02 1.939469e-03
703 4.211332e-02 1.935870e-03
704 4.203705e-02 1.932278e-03
705 4.196091e-02 1.928693e-03
706 4.188492e-02 1.925116e-03
707 4.180906e-02 1.921547e-03
708 4.173334e-02 1.917985e-03
709 4.165776e-02 1.914431e-03
710 4.158232e-02 1.910883e-03
711 4.150702e-02 1.907344e-03
712 4.143185e-02 1.903812e-03
713 4.135682e-02 1.900287e-03
714 4.128193e-02 1.896769e-03
715 4.120718e-02 1.893259e-03
716 4.113256e-02 1.889756e-03
717 4.105808e-02 1.886260e-03
718 4.098374e-02 1.882771e-03
719 4.090953e-02 1.879290e-03
720 4.083546e-02 1.875815e-03
721 4.076152e-02 1.872348e-03
722 4.068772e-02 1.868888e-03
723 4.061405e-02 1.865436e-03
724 4.054052e-02 1.861990e-03
725 4.046712e-02 1.858551e-03
726 4.039385e-02 1.855120e-03
727 4.032072e-02 1.851695e-03
728 4.024772e-02 1.848277e-03
729 4.017486e-02 1.844867e-03
730 4.010213e-02 1.841463e-03
731 4.002953e-02 1.838066e-03
732 3.995706e-02 1.834676e-03
733 3.988473e-02 1.831293e-03
734 3.981253e-02 1.827917e-03
735 3.974046e-02 1.824548e-03
736 3.966852e-02 1.821186e-03
737 3.959671e-02 1.817830e-03
738 3.952504e-02 1.814481e-03
739 3.945349e-02 1.811139e-03
740 3.938208e-02 1.807804e-03
741 3.931079e-02 1.804475e-03
742 3.923964e-02 1.801154e-03
743 3.916861e-02 1.797838e-03
744 3.909772e-02 1.794530e-03
745 3.902695e-02 1.791228e-03
746 3.895631e-02 1.787933e-03
747 3.888580e-02 1.784644e-03
748 3.881542e-02 1.781362e-03
749 3.874517e-02 1.778086e-03
750 3.867505e-02 1.774817e-03
751 3.860505e-02 1.771555e-03
752 3.853518e-02 1.768299e-03
753 3.846544e-02 1.765050e-03
754 3.839583e-02 1.761807e-03
755 3.832634e-02 1.758570e-03
756 3.825698e-02 1.755340e-03
757 3.818775e-02 1.752117e-03
758 3.811864e-02 1.748899e-03
759 3.804966e-02 1.745689e-03
760 3.798080e-02 1.742484e-03
761 3.791207e-02 1.739286e-03
762 3.784346e-02 1.736094e-03
763 3.777498e-02 1.732909e-03
764 3.770663e-02 1.729729e-03
765 3.763839e-02 1.726556e-03
766 3.757029e-02 1.723390e-03
767 3.750230e-02 1.720229e-03
768 3.743444e-02 1.717075e-03
769 3.736671e-02 1.713927e-03
770 3.729909e-02 1.710785e-03
771 3.723160e-02 1.707650e-03
772 3.716424e-02 1.704520e-03
773 3.709699e-02 1.701397e-03
774 3.702987e-02 1.698280e-03
775 3.696287e-02 1.695168e-03
776 3.689599e-02 1.692063e-03
777 3.682923e-02 1.688964e-03
778 3.676260e-02 1.685872e-03
779 3.669608e-02 1.682785e-03
780 3.662969e-02 1.679704e-03
781 3.656342e-02 1.676629e-03
782 3.649727e-02 1.673560e-03
783 3.643123e-02 1.670497e-03
784 3.636532e-02 1.667441e-03
785 3.629953e-02 1.664390e-03
786 3.623386e-02 1.661345e-03
787 3.616831e-02 1.658305e-03
788 3.610287e-02 1.655272e-03
789 3.603756e-02 1.652245e-03
790 3.597236e-02 1.649224e-03
791 3.590729e-02 1.646208e-03
792 3.584233e-02 1.643198e-03
793 3.577749e-02 1.640194e-03
794 3.571276e-02 1.637196e-03
795 3.564816e-02 1.634204e-03
796 3.558367e-02 1.631217e-03
797 3.551930e-02 1.628237e-03
798 3.545504e-02 1.625261e-03
799 3.539091e-02 1.622292e-03
800 3.532689e-02 1.619329e-03
801 3.526298e-02 1.616371e-03
802 3.519919e-02 1.613419e-03
803 3.513552e-02 1.610472e-03
804 3.507197e-02 1.607531e-03
805 3.500852e-02 1.604596e-03
806 3.494520e-02 1.601667e-03
807 3.488199e-02 1.598743e-03
808 3.481889e-02 1.595824e-03
809 3.475591e-02 1.592912e-03
810 3.469304e-02 1.590005e-03
811 3.463029e-02 1.587103e-03
812 3.456765e-02 1.584207e-03
813 3.450512e-02 1.581317e-03
814 3.444271e-02 1.578432e-03
815 3.438041e-02 1.575552e-03
816 3.431823e-02 1.572678e-03
817 3.425616e-02 1.569810e-03
818 3.419420e-02 1.566947e-03
819 3.413235e-02 1.564089e-03
820 3.407061e-02 1.561237e-03
821 3.400899e-02 1.558391e-03
822 3.394748e-02 1.555549e-03
823 3.388608e-02 1.552714e-03
824 3.382479e-02 1.549883e-03
825 3.376362e-02 1.547058e-03
826 3.370255e-02 1.544239e-03
827 3.364160e-02 1.541424e-03
828 3.358075e-02 1.538615e-03
829 3.352002e-02 1.535812e-03
830 3.345939e-02 1.533013e-03
831 3.339888e-02 1.530220e-03
832 3.333848e-02 1.527433e-03
833 3.327818e-02 1.524650e-03
834 3.321800e-02 1.521873e-03
835 3.315792e-02 1.519101e-03
836 3.309796e-02 1.516335e-03
837 3.303810e-02 1.513573e-03
838 3.297835e-02 1.510817e-03
839 3.291871e-02 1.508066e-03
840 3.285918e-02 1.505320e-03
841 3.279975e-02 1.502580e-03
842 3.274043e-02 1.499844e-03
843 3.268122e-02 1.497114e-03
844 3.262212e-02 1.494389e-03
845 3.256313e-02 1.491669e-03
846 3.250424e-02 1.488954e-03
847 3.244546e-02 1.486244e-03
848 3.238678e-02 1.483540e-03
849 3.232822e-02 1.480840e-03
850 3.226976e-02 1.478146e-03
851 3.221140e-02 1.475456e-03
852 3.215315e-02 1.472772e-03
853 3.209501e-02 1.470093e-03
854 3.203697e-02 1.467418e-03
855 3.197903e-02 1.464749e-03
856 3.192120e-02 1.462085e-03
857 3.186348e-02 1.459426e-03
858 3.180586e-02 1.456771e-03
859 3.174835e-02 1.454122e-03
860 3.169094e-02 1.451478e-03
861 3.163363e-02 1.448839e-03
862 3.157643e-02 1.446204e-03
863 3.151933e-02 1.443575e-03
864 3.146234e-02 1.440950e-03
865 3.140544e-02 1.438331e-03
866 3.134865e-02 1.435716e-03
867 3.129197e-02 1.433106e-03
868 3.123539e-02 1.430501e-03
869 3.117891e-02 1.427901e-03
870 3.112253e-02 1.425306e-03
871 3.106625e-02 1.422715e-03
872 3.101008e-02 1.420130e-03
873 3.095401e-02 1.417549e-03
874 3.089804e-02 1.414973e-03
875 3.084217e-02 1.412402e-03
876 3.078640e-02 1.409836e-03
877 3.073073e-02 1.407274e-03
878 3.067517e-02 1.404718e-03
879 3.061970e-02 1.402166e-03
880 3.056434e-02 1.399619e-03
881 3.050907e-02 1.397076e-03
882 3.045391e-02 1.394538e-03
883 3.039884e-02 1.392005e-03
884 3.034388e-02 1.389477e-03
885 3.028902e-02 1.386953e-03
886 3.023425e-02 1.384435e-03
887 3.017958e-02 1.381920e-03
888 3.012502e-02 1.379411e-03
889 3.007055e-02 1.376906e-03
890 3.001618e-02 1.374406e-03
891 2.996191e-02 1.371910e-03
892 2.990773e-02 1.369419e-03
893 2.985366e-02 1.366933e-03
894 2.979968e-02 1.364451e-03
895 2.974580e-02 1.361974e-03
896 2.969202e-02 1.359502e-03
897 2.963834e-02 1.357034e-03
898 2.958475e-02 1.354570e-03
899 2.953126e-02 1.352112e-03
900 2.947787e-02 1.349658e-03
901 2.942457e-02 1.347208e-03
902 2.937138e-02 1.344763e-03
903 2.931827e-02 1.342322e-03
904 2.926527e-02 1.339886e-03
905 2.921235e-02 1.337455e-03
906 2.915954e-02 1.335027e-03
907 2.910682e-02 1.332605e-03
908 2.905420e-02 1.330187e-03
909 2.900167e-02 1.327773e-03
910 2.894923e-02 1.325364e-03
911 2.889690e-02 1.322959e-03
912 2.884465e-02 1.320559e-03
913 2.879250e-02 1.318163e-03
914 2.874045e-02 1.315772e-03
915 2.868849e-02 1.313385e-03
916 2.863662e-02 1.311002e-03
917 2.858485e-02 1.308624e-03
918 2.853317e-02 1.306250e-03
919 2.848159e-02 1.303881e-03
920 2.843009e-02 1.301516e-03
921 2.837869e-02 1.299155e-03
922 2.832739e-02 1.296799e-03
923 2.827618e-02 1.294447e-03
924 2.822506e-02 1.292100e-03
925 2.817403e-02 1.289756e-03
926 2.812310e-02 1.287417e-03
927 2.807225e-02 1.285083e-03
928 2.802150e-02 1.282752e-03
929 2.797084e-02 1.280426e-03
930 2.792028e-02 1.278104e-03
931 2.786980e-02 1.275787e-03
932 2.781942e-02 1.273474e-03
933 2.776912e-02 1.271165e-03
934 2.771892e-02 1.268860e-03
935 2.766881e-02 1.266560e-03
936 2.761879e-02 1.264263e-03
937 2.756886e-02 1.261971e-03
938 2.751902e-02 1.259683e-03
939 2.746927e-02 1.257400e-03
940 2.741962e-02 1.255120e-03
941 2.737005e-02 1.252845e-03
942 2.732057e-02 1.250574e-03
943 2.727118e-02 1.248307e-03
944 2.722188e-02 1.246045e-03
945 2.717267e-02 1.243786e-03
946 2.712354e-02 1.241532e-03
947 2.707451e-02 1.239282e-03
948 2.702557e-02 1.237035e-03
949 2.697671e-02 1.234793e-03
950 2.692794e-02 1.232556e-03
951 2.687926e-02 1.230322e-03
952 2.683067e-02 1.228092e-03
953 2.678217e-02 1.225867e-03
954 2.673376e-02 1.223645e-03
955 2.668543e-02 1.221428e-03
956 2.663719e-02 1.219214e-03
957 2.658904e-02 1.217005e-03
958 2.654097e-02 1.214800e-03
959 2.649299e-02 1.212599e-03
960 2.644510e-02 1.210402e-03
961 2.639729e-02 1.208208e-03
962 2.634958e-02 1.206019e-03
963 2.630194e-02 1.203834e-03
964 2.625440e-02 1.201653e-03
965 2.620694e-02 1.199476e-03
966 2.615956e-02 1.197303e-03
967 2.611228e-02 1.195134e-03
968 2.606507e-02 1.192969e-03
969 2.601796e-02 1.190808e-03
970 2.597092e-02 1.188650e-03
971 2.592398e-02 1.186497e-03
972 2.587711e-02 1.184348e-03
973 2.583034e-02 1.182202e-03
974 2.578364e-02 1.180061e-03
975 2.573704e-02 1.177923e-03
976 2.569051e-02 1.175790e-03
977 2.564407e-02 1.173660e-03
978 2.559772e-02 1.171534e-03
979 2.555145e-02 1.169412e-03
980 2.550526e-02 1.167294e-03
981 2.545915e-02 1.165180e-03
982 2.541313e-02 1.163070e-03
983 2.536720e-02 1.160963e-03
984 2.532134e-02 1.158861e-03
985 2.527557e-02 1.156762e-03
986 2.522988e-02 1.154667e-03
987 2.518427e-02 1.152576e-03
988 2.513875e-02 1.150488e-03
989 2.509331e-02 1.148405e-03
990 2.504795e-02 1.146325e-03
991 2.500267e-02 1.144249e-03
992 2.495748e-02 1.142177e-03
993 2.491237e-02 1.140109e-03
994 2.486733e-02 1.138045e-03
995 2.482238e-02 1.135984e-03
996 2.477752e-02 1.133927e-03
997 2.473273e-02 1.131874e-03
998 2.468802e-02 1.129824e-03
999 2.464340e-02 1.127778e-03
1000 2.459885e-02 1.125736e-03
1001 2.455439e-02 1.123698e-03
1002 2.451000e-02 1.121664e-03
1003 2.446570e-02 1.119633e-03
1004 2.442148e-02 1.117606e-03
1005 2.437733e-02 1.115582e-03
1006 2.433327e-02 1.113562e-03
1007 2.428929e-02 1.111546e-03
1008 2.424538e-02 1.109534e-03
1009 2.420156e-02 1.107525e-03
1010 2.415781e-02 1.105520e-03
1011 2.411414e-02 1.103519e-03
1012 2.407056e-02 1.101521e-03
1013 2.402705e-02 1.099527e-03
1014 2.398362e-02 1.097536e-03
1015 2.394027e-02 1.095550e-03
1016 2.389699e-02 1.093566e-03
1017 2.385380e-02 1.091587e-03
1018 2.381068e-02 1.089611e-03
1019 2.376765e-02 1.087638e-03
1020 2.372468e-02 1.085670e-03
1021 2.368180e-02 1.083704e-03
1022 2.363900e-02 1.081743e-03
1023 2.359627e-02 1.079785e-03
1024 2.355362e-02 1.077830e-03
1025 2.351105e-02 1.075879e-03
1026 2.346855e-02 1.073932e-03
1027 2.342613e-02 1.071988e-03
1028 2.338379e-02 1.070048e-03
1029 2.334152e-02 1.068111e-03
1030 2.329933e-02 1.066178e-03
1031 2.325722e-02 1.064248e-03
1032 2.321518e-02 1.062322e-03
1033 2.317322e-02 1.060399e-03
1034 2.313133e-02 1.058480e-03
1035 2.308952e-02 1.056564e-03
1036 2.304779e-02 1.054652e-03
1037 2.300613e-02 1.052743e-03
1038 2.296455e-02 1.050838e-03
1039 2.292304e-02 1.048936e-03
1040 2.288161e-02 1.047038e-03
1041 2.284025e-02 1.045143e-03
1042 2.279897e-02 1.043252e-03
1043 2.275776e-02 1.041364e-03
1044 2.271663e-02 1.039479e-03
1045 2.267557e-02 1.037598e-03
1046 2.263458e-02 1.035720e-03
1047 2.259367e-02 1.033846e-03
1048 2.255283e-02 1.031975e-03
1049 2.251207e-02 1.030108e-03
1050 2.247138e-02 1.028244e-03
1051 2.243076e-02 1.026383e-03
1052 2.239022e-02 1.024526e-03
1053 2.234975e-02 1.022672e-03
1054 2.230936e-02 1.020821e-03
1055 2.226904e-02 1.018974e-03
1056 2.222879e-02 1.017130e-03
1057 2.218861e-02 1.015290e-03
1058 2.214850e-02 1.013452e-03
1059 2.210847e-02 1.011619e-03
1060 2.206851e-02 1.009788e-03
1061 2.202863e-02 1.007961e-03
1062 2.198881e-02 1.006137e-03
1063 2.194907e-02 1.004317e-03
1064 2.190940e-02 1.002499e-03
1065 2.186980e-02 1.000686e-03
1066 2.183027e-02 9.988750e-04
1067 2.179081e-02 9.970677e-04
1068 2.175143e-02 9.952636e-04
1069 2.171211e-02 9.934629e-04
1070 2.167287e-02 9.916654e-04
1071 2.163370e-02 9.898712e-04
1072 2.159460e-02 9.880803e-04
1073 2.155557e-02 9.862926e-04
1074 2.151661e-02 9.845081e-04
1075 2.147772e-02 9.827269e-04
1076 2.143890e-02 9.809489e-04
1077 2.140015e-02 9.791742e-04
1078 2.136148e-02 9.774027e-04
1079 2.132287e-02 9.756344e-04
1080 2.128433e-02 9.738693e-04
1081 2.124586e-02 9.721074e-04
1082 2.120746e-02 9.703487e-04
1083 2.116913e-02 9.685932e-04
1084 2.113087e-02 9.668409e-04
1085 2.109268e-02 9.650918e-04
1086 2.105456e-02 9.633458e-04
1087 2.101650e-02 9.616030e-04
1088 2.097852e-02 9.598634e-04
1089 2.094060e-02 9.581270e-04
1090 2.090276e-02 9.563937e-04
1091 2.086498e-02 9.546635e-04
1092 2.082727e-02 9.529365e-04
1093 2.078963e-02 9.512126e-04
1094 2.075205e-02 9.494918e-04
1095 2.071454e-02 9.477742e-04
1096 2.067711e-02 9.460597e-04
1097 2.063974e-02 9.443483e-04
1098 2.060243e-02 9.426400e-04
1099 2.056520e-02 9.409348e-04
1100 2.052803e-02 9.392327e-04
1101 2.049093e-02 9.375336e-04
1102 2.045389e-02 9.358377e-04
1103 2.041693e-02 9.341449e-04
1104 2.038003e-02 9.324551e-04
1105 2.034319e-02 9.307683e-04
1106 2.030643e-02 9.290847e-04
1107 2.026973e-02 9.274041e-04
1108 2.023309e-02 9.257265e-04
1109 2.019652e-02 9.240520e-04
1110 2.016002e-02 9.223805e-04
1111 2.012359e-02 9.207121e-04
1112 2.008722e-02 9.190467e-04
1113 2.005091e-02 9.173843e-04
1114 2.001468e-02 9.157249e-04
1115 1.997850e-02 9.140685e-04
1116 1.994240e-02 9.124151e-04
1117 1.990635e-02 9.107648e-04
1118 1.987038e-02 9.091174e-04
1119 1.983446e-02 9.074730e-04
1120 1.979862e-02 9.058316e-04
1121 1.976284e-02 9.041931e-04
1122 1.972712e-02 9.025577e-04
1123 1.969147e-02 9.009252e-04
1124 1.965588e-02 8.992956e-04
1125 1.962035e-02 8.976691e-04
1126 1.958489e-02 8.960454e-04
1127 1.954950e-02 8.944247e-04
1128 1.951417e-02 8.928070e-04
1129 1.947890e-02 8.911922e-04
1130 1.944369e-02 8.895803e-04
1131 1.940855e-02 8.879713e-04
1132 1.937348e-02 8.863652e-04
1133 1.933846e-02 8.847621e-04
1134 1.930351e-02 8.831619e-04
1135 1.926863e-02 8.815645e-04
1136 1.923380e-02 8.799701e-04
1137 1.919904e-02 8.783785e-04
1138 1.916435e-02 8.767899e-04
1139 1.912971e-02 8.752041e-04
1140 1.909514e-02 8.736212e-04
1141 1.906063e-02 8.720411e-04
1142 1.902618e-02 8.704639e-04
1143 1.899180e-02 8.688896e-04
1144 1.895747e-02 8.673182e-04
1145 1.892321e-02 8.657495e-04
1146 1.888901e-02 8.641838e-04
1147 1.885488e-02 8.626208e-04
1148 1.882080e-02 8.610607e-04
1149 1.878679e-02 8.595034e-04
1150 1.875283e-02 8.579490e-04
1151 1.871894e-02 8.563973e-04
1152 1.868511e-02 8.548485e-04
1153 1.865134e-02 8.533025e-04
1154 1.861764e-02 8.517592e-04
1155 1.858399e-02 8.502188e-04
1156 1.855041e-02 8.486812e-04
1157 1.851688e-02 8.471463e-04
1158 1.848342e-02 8.456142e-04
1159 1.845001e-02 8.440849e-04
1160 1.841667e-02 8.425584e-04
1161 1.838339e-02 8.410347e-04
1162 1.835016e-02 8.395137e-04
1163 1.831700e-02 8.379954e-04
1164 1.828390e-02 8.364799e-04
1165 1.825085e-02 8.349672e-04
1166 1.821787e-02 8.334572e-04
1167 1.818495e-02 8.319499e-04
1168 1.815208e-02 8.304454e-04
1169 1.811928e-02 8.289435e-04
1170 1.808653e-02 8.274444e-04
1171 1.805385e-02 8.259481e-04
1172 1.802122e-02 8.244544e-04
1173 1.798865e-02 8.229634e-04
1174 1.795614e-02 8.214751e-04
1175 1.792369e-02 8.199896e-04
1176 1.789130e-02 8.185067e-04
1177 1.785897e-02 8.170265e-04
1178 1.782669e-02 8.155490e-04
1179 1.779448e-02 8.140741e-04
1180 1.776232e-02 8.126020e-04
1181 1.773022e-02 8.111325e-04
1182 1.769818e-02 8.096656e-04
1183 1.766619e-02 8.082014e-04
1184 1.763427e-02 8.067399e-04
1185 1.760240e-02 8.052810e-04
1186 1.757059e-02 8.038248e-04
1187 1.753883e-02 8.023712e-04
1188 1.750714e-02 8.009202e-04
1189 1.747550e-02 7.994718e-04
1190 1.744392e-02 7.980261e-04
1191 1.741239e-02 7.965830e-04
1192 1.738093e-02 7.951425e-04
1193 1.734952e-02 7.937046e-04
1194 1.731816e-02 7.922693e-04
1195 1.728687e-02 7.908367e-04
1196 1.725563e-02 7.894066e-04
1197 1.722444e-02 7.879791e-04
1198 1.719332e-02 7.865541e-04
1199 1.716224e-02 7.851318e-04
1200 1.713123e-02 7.837120e-04
1201 1.710027e-02 7.822949e-04
1202 1.706937e-02 7.808802e-04
1203 1.703852e-02 7.794682e-04
1204 1.700773e-02 7.780587e-04
1205 1.697699e-02 7.766517e-04
1206 1.694631e-02 7.752473e-04
1207 1.691569e-02 7.738454e-04
1208 1.688512e-02 7.724461e-04
1209 1.685461e-02 7.710493e-04
1210 1.682415e-02 7.696550e-04
1211 1.679374e-02 7.682633e-04
1212 1.676340e-02 7.668740e-04
1213 1.673310e-02 7.654873e-04
1214 1.670286e-02 7.641031e-04
1215 1.667268e-02 7.627214e-04
1216 1.664255e-02 7.613422e-04
1217 1.661247e-02 7.599655e-04
1218 1.658245e-02 7.585913e-04
1219 1.655249e-02 7.572196e-04
1220 1.652257e-02 7.558504e-04
1221 1.649272e-02 7.544836e-04
1222 1.646291e-02 7.531193e-04
1223 1.643316e-02 7.517575e-04
1224 1.640346e-02 7.503982e-04
1225 1.637382e-02 7.490413e-04
1226 1.634423e-02 7.476868e-04
1227 1.631470e-02 7.463349e-04
1228 1.628521e-02 7.449853e-04
1229 1.625579e-02 7.436382e-04
1230 1.622641e-02 7.422936e-04
1231 1.619709e-02 7.409513e-04
1232 1.616782e-02 7.396116e-04
1233 1.613860e-02 7.382742e-04
1234 1.610944e-02 7.369392e-04
1235 1.608032e-02 7.356067e-04
1236 1.605127e-02 7.342766e-04
1237 1.602226e-02 7.329489e-04
1238 1.599331e-02 7.316236e-04
1239 1.596440e-02 7.303006e-04
1240 1.593556e-02 7.289801e-04
1241 1.590676e-02 7.276620e-04
1242 1.587801e-02 7.263462e-04
1243 1.584932e-02 7.250329e-04
1244 1.582068e-02 7.237219e-04
1245 1.579209e-02 7.224133e-04
1246 1.576355e-02 7.211070e-04
1247 1.573507e-02 7.198032e-04
1248 1.570663e-02 7.185016e-04
1249 1.567825e-02 7.172025e-04
1250 1.564992e-02 7.159056e-04
1251 1.562164e-02 7.146112e-04
1252 1.559341e-02 7.133190e-04
1253 1.556523e-02 7.120293e-04
1254 1.553710e-02 7.107418e-04
1255 1.550903e-02 7.094567e-04
1256 1.548100e-02 7.081739e-04
1257 1.545303e-02 7.068934e-04
1258 1.542510e-02 7.056152e-04
1259 1.539723e-02 7.043394e-04
1260 1.536940e-02 7.030658e-04
1261 1.534163e-02 7.017946e-04
1262 1.531391e-02 7.005256e-04
1263 1.528623e-02 6.992590e-04
1264 1.525861e-02 6.979946e-04
1265 1.523104e-02 6.967326e-04
1266 1.520352e-02 6.954728e-04
1267 1.517604e-02 6.942153e-04
1268 1.514862e-02 6.929601e-04
1269 1.512124e-02 6.917071e-04
1270 1.509392e-02 6.904564e-04
1271 1.506664e-02 6.892080e-04
1272 1.503942e-02 6.879618e-04
1273 1.501224e-02 6.867179e-04
1274 1.498511e-02 6.854763e-04
1275 1.495804e-02 6.842368e-04
1276 1.493101e-02 6.829997e-04
1277 1.490403e-02 6.817647e-04
1278 1.487709e-02 6.805320e-04
1279 1.485021e-02 6.793016e-04
1280 1.482338e-02 6.780733e-04
1281 1.479659e-02 6.768473e-04
1282 1.476985e-02 6.756235e-04
1283 1.474316e-02 6.744019e-04
1284 1.471652e-02 6.731825e-04
1285 1.468993e-02 6.719653e-04
1286 1.466338e-02 6.707504e-04
1287 1.463689e-02 6.695376e-04
1288 1.461044e-02 6.683270e-04
1289 1.458404e-02 6.671186e-04
1290 1.455768e-02 6.659124e-04
1291 1.453138e-02 6.647084e-04
1292 1.450512e-02 6.635065e-04
1293 1.447891e-02 6.623069e-04
1294 1.445275e-02 6.611094e-04
1295 1.442663e-02 6.599140e-04
1296 1.440056e-02 6.587209e-04
1297 1.437454e-02 6.575298e-04
1298 1.434857e-02 6.563410e-04
1299 1.432264e-02 6.551543e-04
1300 1.429676e-02 6.539697e-04
1301 1.427092e-02 6.527873e-04
1302 1.424514e-02 6.516070e-04
1303 1.421940e-02 6.504289e-04
1304 1.419370e-02 6.492528e-04
1305 1.416805e-02 6.480789e-04
1306 1.414245e-02 6.469072e-04
1307 1.411690e-02 6.457375e-04
1308 1.409139e-02 6.445700e-04
1309 1.406593e-02 6.434046e-04
1310 1.404051e-02 6.422413e-04
1311 1.401514e-02 6.410801e-04
1312 1.398981e-02 6.399210e-04
1313 1.396454e-02 6.387640e-04
1314 1.393930e-02 6.376090e-04
1315 1.391412e-02 6.364562e-04
1316 1.388897e-02 6.353055e-04
1317 1.386388e-02 6.341568e-04
1318 1.383883e-02 6.330102e-04
1319 1.381382e-02 6.318657e-04
1320 1.378886e-02 6.307233e-04
1321 1.376394e-02 6.295829e-04
1322 1.373907e-02 6.284446e-04
1323 1.371425e-02 6.273083e-04
1324 1.368947e-02 6.261741e-04
1325 1.366473e-02 6.250420e-04
1326 1.364004e-02 6.239119e-04
1327 1.361539e-02 6.227838e-04
1328 1.359079e-02 6.216578e-04
1329 1.356623e-02 6.205338e-04
1330 1.354172e-02 6.194119e-04
1331 1.351725e-02 6.182920e-04
1332 1.349283e-02 6.171741e-04
1333 1.346845e-02 6.160582e-04
1334 1.344411e-02 6.149444e-04
1335 1.341982e-02 6.138325e-04
1336 1.339557e-02 6.127227e-04
1337 1.337136e-02 6.116149e-04
1338 1.334720e-02 6.105091e-04
1339 1.332309e-02 6.094053e-04
1340 1.329901e-02 6.083035e-04
1341 1.327498e-02 6.072036e-04
1342 1.325100e-02 6.061058e-04
1343 1.322705e-02 6.050099e-04
1344 1.320315e-02 6.039161e-04
1345 1.317930e-02 6.028242e-04
1346 1.315548e-02 6.017343e-04
1347 1.313171e-02 6.006463e-04
1348 1.310798e-02 5.995603e-04
1349 1.308430e-02 5.984763e-04
1350 1.306066e-02 5.973943e-04
1351 1.303706e-02 5.963142e-04
1352 1.301350e-02 5.952360e-04
1353 1.298999e-02 5.941599e-04
1354 1.296652e-02 5.930856e-04
1355 1.294309e-02 5.920133e-04
1356 1.291970e-02 5.909429e-04
1357 1.289636e-02 5.898745e-04
1358 1.287306e-02 5.888080e-04
1359 1.284980e-02 5.877435e-04
1360 1.282658e-02 5.866808e-04
1361 1.280340e-02 5.856201e-04
1362 1.278027e-02 5.845613e-04
1363 1.275718e-02 5.835044e-04
1364 1.273413e-02 5.824494e-04
1365 1.271112e-02 5.813964e-04
1366 1.268815e-02 5.803452e-04
1367 1.266523e-02 5.792959e-04
1368 1.264234e-02 5.782486e-04
1369 1.261950e-02 5.772031e-04
1370 1.259670e-02 5.761595e-04
1371 1.257394e-02 5.751178e-04
1372 1.255122e-02 5.740780e-04
1373 1.252854e-02 5.730401e-04
1374 1.250590e-02 5.720040e-04
1375 1.248331e-02 5.709698e-04
1376 1.246075e-02 5.699375e-04
1377 1.243824e-02 5.689071e-04
1378 1.241576e-02 5.678785e-04
1379 1.239333e-02 5.668518e-04
1380 1.237094e-02 5.658269e-04
1381 1.234859e-02 5.648039e-04
1382 1.232627e-02 5.637828e-04
1383 1.230400e-02 5.627635e-04
1384 1.228177e-02 5.617460e-04
1385 1.225958e-02 5.607304e-04
1386 1.223743e-02 5.597166e-04
1387 1.221532e-02 5.587046e-04
1388 1.219325e-02 5.576945e-04
1389 1.217122e-02 5.566862e-04
1390 1.214923e-02 5.556797e-04
1391 1.212728e-02 5.546750e-04
1392 1.210536e-02 5.536722e-04
1393 1.208349e-02 5.526712e-04
1394 1.206166e-02 5.516720e-04
1395 1.203987e-02 5.506745e-04
1396 1.201811e-02 5.496789e-04
1397 1.199640e-02 5.486851e-04
1398 1.197472e-02 5.476931e-04
1399 1.195309e-02 5.467029e-04
1400 1.193149e-02 5.457145e-04
1401 1.190993e-02 5.447278e-04
1402 1.188842e-02 5.437430e-04
1403 1.186694e-02 5.427599e-04
1404 1.184550e-02 5.417786e-04
1405 1.182409e-02 5.407991e-04
1406 1.180273e-02 5.398213e-04
1407 1.178141e-02 5.388454e-04
1408 1.176012e-02 5.378711e-04
1409 1.173887e-02 5.368987e-04
1410 1.171766e-02 5.359280e-04
1411 1.169649e-02 5.349590e-04
1412 1.167536e-02 5.339919e-04
1413 1.165426e-02 5.330264e-04
1414 1.163321e-02 5.320627e-04
1415 1.161219e-02 5.311008e-04
1416 1.159121e-02 5.301406e-04
1417 1.157027e-02 5.291821e-04
1418 1.154936e-02 5.282253e-04
1419 1.152850e-02 5.272703e-04
1420 1.150767e-02 5.263170e-04
1421 1.148688e-02 5.253655e-04
1422 1.146612e-02 5.244156e-04
1423 1.144541e-02 5.234675e-04
1424 1.142473e-02 5.225211e-04
1425 1.140409e-02 5.215764e-04
1426 1.138348e-02 5.206334e-04
1427 1.136291e-02 5.196921e-04
1428 1.134238e-02 5.187525e-04
1429 1.132189e-02 5.178146e-04
1430 1.130144e-02 5.168785e-04
1431 1.128102e-02 5.159440e-04
1432 1.126064e-02 5.150112e-04
1433 1.124029e-02 5.140800e-04
1434 1.121998e-02 5.131506e-04
1435 1.119971e-02 5.122228e-04
1436 1.117948e-02 5.112968e-04
1437 1.115928e-02 5.103724e-04
1438 1.113912e-02 5.094496e-04
1439 1.111899e-02 5.085286e-04
1440 1.109891e-02 5.076092e-04
1441 1.107885e-02 5.066914e-04
1442 1.105884e-02 5.057754e-04
1443 1.103886e-02 5.048609e-04
1444 1.101891e-02 5.039482e-04
1445 1.099901e-02 5.030370e-04
1446 1.097913e-02 5.021276e-04
1447 1.095930e-02 5.012198e-04
1448 1.093950e-02 5.003136e-04
1449 1.091974e-02 4.994090e-04
1450 1.090001e-02 4.985061e-04
1451 1.088031e-02 4.976048e-04
1452 1.086066e-02 4.967052e-04
1453 1.084104e-02 4.958072e-04
1454 1.082145e-02 4.949108e-04
1455 1.080190e-02 4.940160e-04
1456 1.078238e-02 4.931228e-04
1457 1.076290e-02 4.922313e-04
1458 1.074346e-02 4.913414e-04
1459 1.072405e-02 4.904531e-04
1460 1.070467e-02 4.895663e-04
1461 1.068534e-02 4.886812e-04
1462 1.066603e-02 4.877977e-04
1463 1.064676e-02 4.869158e-04
1464 1.062753e-02 4.860355e-04
1465 1.060833e-02 4.851568e-04
1466 1.058916e-02 4.842796e-04
1467 1.057003e-02 4.834041e-04
1468 1.055093e-02 4.825301e-04
1469 1.053187e-02 4.816577e-04
1470 1.051285e-02 4.807869e-04
1471 1.049385e-02 4.799176e-04
1472 1.047489e-02 4.790500e-04
1473 1.045597e-02 4.781839e-04
1474 1.043708e-02 4.773194e-04
1475 1.041822e-02 4.764564e-04
1476 1.039940e-02 4.755950e-04
1477 1.038062e-02 4.747351e-04
1478 1.036186e-02 4.738768e-04
1479 1.034314e-02 4.730201e-04
1480 1.032446e-02 4.721649e-04
1481 1.030580e-02 4.713112e-04
1482 1.028719e-02 4.704591e-04
1483 1.026860e-02 4.696086e-04
1484 1.025005e-02 4.687595e-04
1485 1.023153e-02 4.679121e-04
1486 1.021305e-02 4.670661e-04
1487 1.019460e-02 4.662217e-04
1488 1.017618e-02 4.653788e-04
1489 1.015780e-02 4.645374e-04
1490 1.013945e-02 4.636975e-04
1491 1.012113e-02 4.628592e-04
1492 1.010284e-02 4.620224e-04
1493 1.008459e-02 4.611871e-04
1494 1.006637e-02 4.603533e-04
1495 1.004819e-02 4.595210e-04
1496 1.003004e-02 4.586902e-04
1497 1.001192e-02 4.578609e-04
1498 9.993829e-03 4.570331e-04
1499 9.975774e-03 4.562068e-04
1500 9.957753e-03 4.553820e-04
1501 9.939763e-03 4.545587e-04
1502 9.921807e-03 4.537369e-04
1503 9.903883e-03 4.529166e-04
1504 9.885991e-03 4.520977e-04
1505 9.868132e-03 4.512804e-04
1506 9.850304e-03 4.504645e-04
1507 9.832510e-03 4.496501e-04
1508 9.814747e-03 4.488371e-04
1509 9.797016e-03 4.480257e-04
1510 9.779318e-03 4.472156e-04
1511 9.761651e-03 4.464071e-04
1512 9.744017e-03 4.456000e-04
1513 9.726414e-03 4.447944e-04
1514 9.708843e-03 4.439903e-04
1515 9.691304e-03 4.431875e-04
1516 9.673797e-03 4.423863e-04
1517 9.656321e-03 4.415865e-04
1518 9.638877e-03 4.407881e-04
1519 9.621464e-03 4.399912e-04
1520 9.604083e-03 4.391957e-04
1521 9.586733e-03 4.384017e-04
1522 9.569415e-03 4.376091e-04
1523 9.552128e-03 4.368179e-04
1524 9.534872e-03 4.360282e-04
1525 9.517648e-03 4.352399e-04
1526 9.500454e-03 4.344530e-04
1527 9.483292e-03 4.336675e-04
1528 9.466161e-03 4.328835e-04
1529 9.449060e-03 4.321008e-04
1530 9.431991e-03 4.313196e-04
1531 9.414952e-03 4.305398e-04
1532 9.397945e-03 4.297615e-04
1533 9.380968e-03 4.289845e-04
1534 9.364021e-03 4.282089e-04
1535 9.347106e-03 4.274347e-04
1536 9.330220e-03 4.266619e-04
1537 9.313366e-03 4.258906e-04
1538 9.296542e-03 4.251206e-04
1539 9.279748e-03 4.243520e-04
1540 9.262985e-03 4.235848e-04
1541 9.246252e-03 4.228190e-04
1542 9.229549e-03 4.220546e-04
1543 9.212876e-03 4.212915e-04
1544 9.196234e-03 4.205298e-04
1545 9.179622e-03 4.197695e-04
1546 9.163039e-03 4.190106e-04
1547 9.146487e-03 4.182531e-04
1548 9.129965e-03 4.174969e-04
1549 9.113472e-03 4.167421e-04
1550 9.097010e-03 4.159887e-04
1551 9.080577e-03 4.152366e-04
1552 9.064173e-03 4.144859e-04
1553 9.047800e-03 4.137365e-04
1554 9.031456e-03 4.129885e-04
1555 9.015141e-03 4.122418e-04
1556 8.998856e-03 4.114965e-04
1557 8.982601e-03 4.107526e-04
1558 8.966375e-03 4.100100e-04
1559 8.950178e-03 4.092687e-04
1560 8.934011e-03 4.085288e-04
1561 8.917872e-03 4.077902e-04
1562 8.901763e-03 4.070529e-04
1563 8.885683e-03 4.063170e-04
1564 8.869633e-03 4.055824e-04
1565 8.853611e-03 4.048491e-04
1566 8.837618e-03 4.041172e-04
1567 8.821654e-03 4.033866e-04
1568 8.805719e-03 4.026573e-04
1569 8.789812e-03 4.019293e-04
1570 8.773935e-03 4.012026e-04
1571 8.758086e-03 4.004773e-04
1572 8.742266e-03 3.997533e-04
1573 8.726474e-03 3.990305e-04
1574 8.710711e-03 3.983091e-04
1575 8.694977e-03 3.975890e-04
1576 8.679271e-03 3.968702e-04
1577 8.663593e-03 3.961527e-04
1578 8.647944e-03 3.954365e-04
1579 8.632323e-03 3.947215e-04
1580 8.616730e-03 3.940079e-04
1581 8.601165e-03 3.932956e-04
1582 8.585629e-03 3.925845e-04
1583 8.570120e-03 3.918748e-04
1584 8.554640e-03 3.911663e-04
1585 8.539188e-03 3.904591e-04
1586 8.523763e-03 3.897532e-04
1587 8.508367e-03 3.890485e-04
1588 8.492998e-03 3.883451e-04
1589 8.477657e-03 3.876430e-04
1590 8.462344e-03 3.869422e-04
1591 8.447058e-03 3.862426e-04
1592 8.431801e-03 3.855443e-04
1593 8.416570e-03 3.848473e-04
1594 8.401368e-03 3.841515e-04
1595 8.386192e-03 3.834570e-04
1596 8.371044e-03 3.827637e-04
1597 8.355924e-03 3.820717e-04
1598 8.340831e-03 3.813810e-04
1599 8.325765e-03 3.806915e-04
1600 8.310727e-03 3.800032e-04
1601 8.295715e-03 3.793162e-04
1602 8.280731e-03 3.786304e-04
1603 8.265774e-03 3.779459e-04
1604 8.250844e-03 3.772626e-04
1605 8.235941e-03 3.765805e-04
1606 8.221064e-03 3.758997e-04
1607 8.206215e-03 3.752201e-04
1608 8.191393e-03 3.745417e-04
1609 8.176597e-03 3.738646e-04
1610 8.161828e-03 3.731886e-04
1611 8.147086e-03 3.725139e-04
1612 8.132371e-03 3.718405e-04
1613 8.117682e-03 3.711682e-04
1614 8.103019e-03 3.704972e-04
1615 8.088383e-03 3.698273e-04
1616 8.073774e-03 3.691587e-04
1617 8.059191e-03 3.684913e-04
1618 8.044634e-03 3.678251e-04
1619 8.030104e-03 3.671601e-04
1620 8.015600e-03 3.664963e-04
1621 8.001122e-03 3.658337e-04
1622 7.986671e-03 3.651723e-04
1623 7.972245e-03 3.645121e-04
1624 7.957846e-03 3.638531e-04
1625 7.943472e-03 3.631953e-04
1626 7.929125e-03 3.625386e-04
1627 7.914803e-03 3.618832e-04
1628 7.900508e-03 3.612289e-04
1629 7.886238e-03 3.605759e-04
1630 7.871994e-03 3.599240e-04
1631 7.857776e-03 3.592732e-04
1632 7.843584e-03 3.586237e-04
1633 7.829417e-03 3.579753e-04
1634 7.815276e-03 3.573281e-04
1635 7.801160e-03 3.566821e-04
1636 7.787070e-03 3.560373e-04
1637 7.773005e-03 3.553936e-04
1638 7.758966e-03 3.547511e-04
1639 7.744952e-03 3.541097e-04
1640 7.730964e-03 3.534695e-04
1641 7.717001e-03 3.528304e-04
1642 7.703063e-03 3.521926e-04
1643 7.689150e-03 3.515558e-04
1644 7.675262e-03 3.509202e-04
1645 7.661400e-03 3.502858e-04
1646 7.647562e-03 3.496525e-04
1647 7.633750e-03 3.490204e-04
1648 7.619962e-03 3.483894e-04
1649 7.606200e-03 3.477595e-04
1650 7.592462e-03 3.471308e-04
1651 7.578750e-03 3.465032e-04
1652 7.565062e-03 3.458767e-04
1653 7.551398e-03 3.452514e-04
1654 7.537760e-03 3.446272e-04
1655 7.524146e-03 3.440042e-04
1656 7.510557e-03 3.433822e-04
1657 7.496992e-03 3.427614e-04
1658 7.483452e-03 3.421417e-04
1659 7.469936e-03 3.415232e-04
1660 7.456445e-03 3.409057e-04
1661 7.442978e-03 3.402894e-04
1662 7.429535e-03 3.396742e-04
1663 7.416117e-03 3.390601e-04
1664 7.402723e-03 3.384471e-04
1665 7.389353e-03 3.378352e-04
1666 7.376008e-03 3.372244e-04
1667 7.362686e-03 3.366147e-04
1668 7.349389e-03 3.360061e-04
1669 7.336116e-03 3.353987e-04
1670 7.322866e-03 3.347923e-04
1671 7.309641e-03 3.341870e-04
1672 7.296439e-03 3.335828e-04
1673 7.283262e-03 3.329797e-04
1674 7.270108e-03 3.323777e-04
1675 7.256978e-03 3.317768e-04
1676 7.243872e-03 3.311770e-04
1677 7.230789e-03 3.305783e-04
1678 7.217730e-03 3.299806e-04
1679 7.204695e-03 3.293840e-04
1680 7.191683e-03 3.287885e-04
1681 7.178695e-03 3.281941e-04
1682 7.165730e-03 3.276007e-04
1683 7.152789e-03 3.270085e-04
1684 7.139871e-03 3.264173e-04
1685 7.126977e-03 3.258271e-04
1686 7.114105e-03 3.252381e-04
1687 7.101258e-03 3.246500e-04
1688 7.088433e-03 3.240631e-04
1689 7.075631e-03 3.234772e-04
1690 7.062853e-03 3.228924e-04
1691 7.050098e-03 3.223086e-04
1692 7.037365e-03 3.217259e-04
1693 7.024656e-03 3.211443e-04
1694 7.011970e-03 3.205637e-04
1695 6.999307e-03 3.199841e-04
1696 6.986666e-03 3.194056e-04
1697 6.974049e-03 3.188281e-04
1698 6.961454e-03 3.182517e-04
1699 6.948882e-03 3.176764e-04
1700 6.936333e-03 3.171020e-04
1701 6.923806e-03 3.165287e-04
1702 6.911302e-03 3.159565e-04
1703 6.898821e-03 3.153852e-04
1704 6.886362e-03 3.148150e-04
1705 6.873926e-03 3.142459e-04
1706 6.861512e-03 3.136778e-04
1707 6.849121e-03 3.131106e-04
1708 6.836752e-03 3.125446e-04
1709 6.824406e-03 3.119795e-04
1710 6.812082e-03 3.114155e-04
1711 6.799780e-03 3.108525e-04
1712 6.787500e-03 3.102905e-04
1713 6.775243e-03 3.097295e-04
1714 6.763007e-03 3.091695e-04
1715 6.750794e-03 3.086106e-04
1716 6.738603e-03 3.080526e-04
1717 6.726434e-03 3.074957e-04
1718 6.714287e-03 3.069398e-04
1719 6.702162e-03 3.063848e-04
1720 6.690059e-03 3.058309e-04
1721 6.677977e-03 3.052780e-04
1722 6.665918e-03 3.047261e-04
1723 6.653880e-03 3.041752e-04
1724 6.641864e-03 3.036252e-04
1725 6.629870e-03 3.030763e-04
1726 6.617898e-03 3.025284e-04
1727 6.605947e-03 3.019814e-04
1728 6.594018e-03 3.014354e-04
1729 6.582110e-03 3.008905e-04
1730 6.570224e-03 3.003465e-04
1731 6.558359e-03 2.998035e-04
1732 6.546516e-03 2.992615e-04
1733 6.534694e-03 2.987204e-04
1734 6.522894e-03 2.981804e-04
1735 6.511115e-03 2.976413e-04
1736 6.499357e-03 2.971032e-04
1737 6.487621e-03 2.965660e-04
1738 6.475905e-03 2.960299e-04
1739 6.464211e-03 2.954947e-04
1740 6.452538e-03 2.949604e-04
1741 6.440886e-03 2.944272e-04
1742 6.429256e-03 2.938949e-04
1743 6.417646e-03 2.933635e-04
1744 6.406057e-03 2.928331e-04
1745 6.394489e-03 2.923037e-04
1746 6.382942e-03 2.917753e-04
1747 6.371416e-03 2.912478e-04
1748 6.359911e-03 2.907212e-04
1749 6.348427e-03 2.901956e-04
1750 6.336963e-03 2.896709e-04
1751 6.325520e-03 2.891472e-04
1752 6.314098e-03 2.886245e-04
1753 6.302696e-03 2.881027e-04
1754 6.291315e-03 2.875818e-04
1755 6.279955e-03 2.870619e-04
1756 6.268615e-03 2.865429e-04
1757 6.257296e-03 2.860249e-04
1758 6.245997e-03 2.855077e-04
1759 6.234718e-03 2.849916e-04
1760 6.223460e-03 2.844763e-04
1761 6.212223e-03 2.839620e-04
1762 6.201005e-03 2.834486e-04
1763 6.189808e-03 2.829362e-04
1764 6.178631e-03 2.824247e-04
1765 6.167475e-03 2.819141e-04
1766 6.156338e-03 2.814044e-04
1767 6.145222e-03 2.808956e-04
1768 6.134126e-03 2.803878e-04
1769 6.123049e-03 2.798809e-04
1770 6.111993e-03 2.793749e-04
1771 6.100957e-03 2.788698e-04
1772 6.089941e-03 2.783656e-04
1773 6.078945e-03 2.778623e-04
1774 6.067968e-03 2.773600e-04
1775 6.057012e-03 2.768585e-04
1776 6.046075e-03 2.763580e-04
1777 6.035158e-03 2.758584e-04
1778 6.024261e-03 2.753596e-04
1779 6.013383e-03 2.748618e-04
1780 6.002525e-03 2.743649e-04
1781 5.991687e-03 2.738688e-04
1782 5.980868e-03 2.733737e-04
1783 5.970069e-03 2.728795e-04
1784 5.959289e-03 2.723861e-04
1785 5.948529e-03 2.718937e-04
1786 5.937789e-03 2.714021e-04
1787 5.927068e-03 2.709114e-04
1788 5.916366e-03 2.704217e-04
1789 5.905683e-03 2.699328e-04
1790 5.895020e-03 2.694447e-04
1791 5.884376e-03 2.689576e-04
1792 5.873751e-03 2.684713e-04
1793 5.863146e-03 2.679860e-04
1794 5.852560e-03 2.675015e-04
1795 5.841993e-03 2.670179e-04
1796 5.831445e-03 2.665351e-04
1797 5.820916e-03 2.660532e-04
1798 5.810406e-03 2.655722e-04
1799 5.799915e-03 2.650921e-04
1800 5.789443e-03 2.646128e-04
1801 5.778990e-03 2.641344e-04
1802 5.768556e-03 2.636569e-04
1803 5.758140e-03 2.631802e-04
1804 5.747744e-03 2.627044e-04
1805 5.737366e-03 2.622295e-04
1806 5.727008e-03 2.617554e-04
1807 5.716667e-03 2.612821e-04
1808 5.706346e-03 2.608098e-04
1809 5.696043e-03 2.603382e-04
1810 5.685759e-03 2.598676e-04
1811 5.675493e-03 2.593977e-04
1812 5.665246e-03 2.589288e-04
1813 5.655018e-03 2.584607e-04
1814 5.644808e-03 2.579934e-04
1815 5.634617e-03 2.575269e-04
1816 5.624443e-03 2.570614e-04
1817 5.614289e-03 2.565966e-04
1818 5.604152e-03 2.561327e-04
1819 5.594034e-03 2.556696e-04
1820 5.583935e-03 2.552074e-04
1821 5.573853e-03 2.547460e-04
1822 5.563790e-03 2.542855e-04
1823 5.553745e-03 2.538257e-04
1824 5.543718e-03 2.533668e-04
1825 5.533709e-03 2.529088e-04
1826 5.523719e-03 2.524515e-04
1827 5.513746e-03 2.519951e-04
1828 5.503791e-03 2.515395e-04
1829 5.493855e-03 2.510848e-04
1830 5.483936e-03 2.506308e-04
1831 5.474036e-03 2.501777e-04
1832 5.464153e-03 2.497254e-04
1833 5.454288e-03 2.492739e-04
1834 5.444441e-03 2.488232e-04
1835 5.434612e-03 2.483734e-04
1836 5.424800e-03 2.479244e-04
1837 5.415006e-03 2.474761e-04
1838 5.405230e-03 2.470287e-04
1839 5.395472e-03 2.465821e-04
1840 5.385731e-03 2.461363e-04
1841 5.376008e-03 2.456913e-04
1842 5.366303e-03 2.452471e-04
1843 5.356615e-03 2.448037e-04
1844 5.346944e-03 2.443611e-04
1845 5.337291e-03 2.439194e-04
1846 5.327656e-03 2.434784e-04
1847 5.318037e-03 2.430382e-04
1848 5.308437e-03 2.425988e-04
1849 5.298853e-03 2.421602e-04
1850 5.289287e-03 2.417224e-04
1851 5.279739e-03 2.412854e-04
1852 5.270207e-03 2.408491e-04
1853 5.260693e-03 2.404137e-04
1854 5.251196e-03 2.399791e-04
1855 5.241716e-03 2.395452e-04
1856 5.232253e-03 2.391121e-04
1857 5.222807e-03 2.386798e-04
1858 5.213379e-03 2.382483e-04
1859 5.203967e-03 2.378176e-04
1860 5.194573e-03 2.373876e-04
1861 5.185195e-03 2.369584e-04
1862 5.175835e-03 2.365300e-04
1863 5.166491e-03 2.361024e-04
1864 5.157164e-03 2.356755e-04
1865 5.147855e-03 2.352495e-04
1866 5.138562e-03 2.348242e-04
1867 5.129285e-03 2.343996e-04
1868 5.120026e-03 2.339758e-04
1869 5.110783e-03 2.335528e-04
1870 5.101557e-03 2.331306e-04
1871 5.092348e-03 2.327091e-04
1872 5.083155e-03 2.322884e-04
1873 5.073979e-03 2.318684e-04
1874 5.064819e-03 2.314492e-04
1875 5.055677e-03 2.310308e-04
1876 5.046550e-03 2.306131e-04
1877 5.037440e-03 2.301962e-04
1878 5.028347e-03 2.297800e-04
1879 5.019270e-03 2.293646e-04
1880 5.010209e-03 2.289499e-04
1881 5.001165e-03 2.285360e-04
1882 4.992137e-03 2.281228e-04
1883 4.983126e-03 2.277104e-04
1884 4.974131e-03 2.272987e-04
1885 4.965152e-03 2.268877e-04
1886 4.956189e-03 2.264775e-04
1887 4.947242e-03 2.260681e-04
1888 4.938312e-03 2.256594e-04
1889 4.929398e-03 2.252514e-04
1890 4.920500e-03 2.248442e-04
1891 4.911618e-03 2.244377e-04
1892 4.902752e-03 2.240319e-04
1893 4.893902e-03 2.236269e-04
1894 4.885068e-03 2.232226e-04
1895 4.876250e-03 2.228190e-04
1896 4.867448e-03 2.224162e-04
1897 4.858662e-03 2.220141e-04
1898 4.849892e-03 2.216127e-04
1899 4.841137e-03 2.212120e-04
1900 4.832399e-03 2.208121e-04
1901 4.823676e-03 2.204129e-04
1902 4.814969e-03 2.200144e-04
1903 4.806278e-03 2.196166e-04
1904 4.797603e-03 2.192196e-04
1905 4.788943e-03 2.188232e-04
1906 4.780299e-03 2.184276e-04
1907 4.771670e-03 2.180327e-04
1908 4.763057e-03 2.176385e-04
1909 4.754460e-03 2.172451e-04
1910 4.745878e-03 2.168523e-04
1911 4.737312e-03 2.164602e-04
1912 4.728761e-03 2.160689e-04
1913 4.720226e-03 2.156783e-04
1914 4.711706e-03 2.152883e-04
1915 4.703201e-03 2.148991e-04
1916 4.694712e-03 2.145106e-04
1917 4.686238e-03 2.141228e-04
1918 4.677780e-03 2.137357e-04
1919 4.669337e-03 2.133492e-04
1920 4.660909e-03 2.129635e-04
1921 4.652496e-03 2.125785e-04
1922 4.644099e-03 2.121942e-04
1923 4.635717e-03 2.118105e-04
1924 4.627349e-03 2.114276e-04
1925 4.618997e-03 2.110454e-04
1926 4.610661e-03 2.106638e-04
1927 4.602339e-03 2.102829e-04
1928 4.594032e-03 2.099028e-04
1929 4.585740e-03 2.095233e-04
1930 4.577463e-03 2.091445e-04
1931 4.569202e-03 2.087664e-04
1932 4.560955e-03 2.083889e-04
1933 4.552723e-03 2.080122e-04
1934 4.544506e-03 2.076361e-04
1935 4.536304e-03 2.072607e-04
1936 4.528116e-03 2.068860e-04
1937 4.519944e-03 2.065120e-04
1938 4.511786e-03 2.061386e-04
1939 4.503643e-03 2.057659e-04
1940 4.495514e-03 2.053939e-04
1941 4.487401e-03 2.050226e-04
1942 4.479302e-03 2.046519e-04
1943 4.471218e-03 2.042819e-04
1944 4.463148e-03 2.039126e-04
1945 4.455093e-03 2.035440e-04
1946 4.447052e-03 2.031760e-04
1947 4.439026e-03 2.028086e-04
1948 4.431015e-03 2.024420e-04
1949 4.423018e-03 2.020760e-04
1950 4.415035e-03 2.017106e-04
1951 4.407067e-03 2.013460e-04
1952 4.399113e-03 2.009819e-04
1953 4.391174e-03 2.006186e-04
1954 4.383249e-03 2.002559e-04
1955 4.375338e-03 1.998938e-04
1956 4.367442e-03 1.995324e-04
1957 4.359560e-03 1.991717e-04
1958 4.351692e-03 1.988116e-04
1959 4.343838e-03 1.984522e-04
1960 4.335999e-03 1.980934e-04
1961 4.328174e-03 1.977353e-04
1962 4.320363e-03 1.973778e-04
1963 4.312566e-03 1.970209e-04
1964 4.304783e-03 1.966647e-04
1965 4.297014e-03 1.963092e-04
1966 4.289259e-03 1.959543e-04
1967 4.281519e-03 1.956000e-04
1968 4.273792e-03 1.952464e-04
1969 4.266079e-03 1.948934e-04
1970 4.258380e-03 1.945410e-04
1971 4.250696e-03 1.941893e-04
1972 4.243025e-03 1.938382e-04
1973 4.235367e-03 1.934878e-04
1974 4.227724e-03 1.931380e-04
1975 4.220095e-03 1.927888e-04
1976 4.212479e-03 1.924403e-04
1977 4.204877e-03 1.920923e-04
1978 4.197289e-03 1.917450e-04
1979 4.189714e-03 1.913984e-04
1980 4.182154e-03 1.910524e-04
1981 4.174607e-03 1.907069e-04
1982 4.167073e-03 1.903622e-04
1983 4.159553e-03 1.900180e-04
1984 4.152047e-03 1.896745e-04
1985 4.144555e-03 1.893316e-04
1986 4.137075e-03 1.889893e-04
1987 4.129610e-03 1.886476e-04
1988 4.122158e-03 1.883065e-04
1989 4.114719e-03 1.879661e-04
1990 4.107294e-03 1.876262e-04
1991 4.099882e-03 1.872870e-04
1992 4.092484e-03 1.869484e-04
1993 4.085099e-03 1.866104e-04
1994 4.077727e-03 1.862731e-04
1995 4.070369e-03 1.859363e-04
1996 4.063024e-03 1.856001e-04
1997 4.055692e-03 1.852646e-04
1998 4.048374e-03 1.849297e-04
1999 4.041069e-03 1.845953e-04
2000 4.033777e-03 1.842616e-04
2001 4.026498e-03 1.839284e-04
2002 4.019232e-03 1.835959e-04
2003 4.011980e-03 1.832640e-04
2004 4.004740e-03 1.829327e-04
2005 3.997514e-03 1.826019e-04
2006 3.990301e-03 1.822718e-04
2007 3.983101e-03 1.819423e-04
2008 3.975914e-03 1.816133e-04
2009 3.968739e-03 1.812850e-04
2010 3.961578e-03 1.809572e-04
2011 3.954430e-03 1.806301e-04
2012 3.947294e-03 1.803035e-04
2013 3.940172e-03 1.799776e-04
2014 3.933062e-03 1.796522e-04
2015 3.925966e-03 1.793274e-04
2016 3.918882e-03 1.790032e-04
2017 3.911811e-03 1.786795e-04
2018 3.904752e-03 1.783565e-04
2019 3.897707e-03 1.780340e-04
2020 3.890674e-03 1.777122e-04
2021 3.883654e-03 1.773909e-04
2022 3.876647e-03 1.770702e-04
2023 3.869652e-03 1.767500e-04
2024 3.862670e-03 1.764305e-04
2025 3.855700e-03 1.761115e-04
2026 3.848744e-03 1.757931e-04
2027 3.841799e-03 1.754753e-04
2028 3.834868e-03 1.751581e-04
2029 3.827948e-03 1.748414e-04
2030 3.821042e-03 1.745253e-04
2031 3.814148e-03 1.742098e-04
2032 3.807266e-03 1.738948e-04
2033 3.800397e-03 1.735804e-04
2034 3.793540e-03 1.732666e-04
2035 3.786695e-03 1.729533e-04
2036 3.779863e-03 1.726407e-04
2037 3.773043e-03 1.723285e-04
2038 3.766236e-03 1.720170e-04
2039 3.759441e-03 1.717060e-04
2040 3.752658e-03 1.713956e-04
2041 3.745888e-03 1.710857e-04
2042 3.739129e-03 1.707764e-04
2043 3.732383e-03 1.704676e-04
2044 3.725649e-03 1.701594e-04
2045 3.718928e-03 1.698518e-04
2046 3.712218e-03 1.695447e-04
2047 3.705521e-03 1.692382e-04
2048 3.698835e-03 1.689322e-04
2049 3.692162e-03 1.686268e-04
2050 3.685501e-03 1.683220e-04
2051 3.678852e-03 1.680176e-04
2052 3.672215e-03 1.677139e-04
2053 3.665590e-03 1.674107e-04
2054 3.658976e-03 1.671080e-04
2055 3.652375e-03 1.668059e-04
2056 3.645786e-03 1.665043e-04
2057 3.639209e-03 1.662033e-04
2058 3.632643e-03 1.659028e-04
2059 3.626090e-03 1.656029e-04
2060 3.619548e-03 1.653035e-04
2061 3.613018e-03 1.650046e-04
2062 3.606500e-03 1.647063e-04
2063 3.599994e-03 1.644085e-04
2064 3.593499e-03 1.641113e-04
2065 3.587016e-03 1.638146e-04
2066 3.580545e-03 1.635184e-04
2067 3.574086e-03 1.632228e-04
2068 3.567638e-03 1.629277e-04
2069 3.561202e-03 1.626331e-04
2070 3.554778e-03 1.623391e-04
2071 3.548365e-03 1.620456e-04
2072 3.541964e-03 1.617527e-04
2073 3.535574e-03 1.614602e-04
2074 3.529196e-03 1.611683e-04
2075 3.522830e-03 1.608769e-04
2076 3.516475e-03 1.605861e-04
2077 3.510131e-03 1.602957e-04
2078 3.503799e-03 1.600059e-04
2079 3.497479e-03 1.597167e-04
2080 3.491169e-03 1.594279e-04
2081 3.484872e-03 1.591397e-04
2082 3.478585e-03 1.588520e-04
2083 3.472310e-03 1.585648e-04
2084 3.466047e-03 1.582781e-04
2085 3.459794e-03 1.579920e-04
2086 3.453553e-03 1.577063e-04
2087 3.447323e-03 1.574212e-04
2088 3.441105e-03 1.571366e-04
2089 3.434898e-03 1.568525e-04
2090 3.428702e-03 1.565689e-04
2091 3.422517e-03 1.562859e-04
2092 3.416343e-03 1.560033e-04
2093 3.410181e-03 1.557213e-04
2094 3.404029e-03 1.554397e-04
2095 3.397889e-03 1.551587e-04
2096 3.391760e-03 1.548782e-04
2097 3.385642e-03 1.545982e-04
2098 3.379535e-03 1.543187e-04
2099 3.373439e-03 1.540397e-04
2100 3.367354e-03 1.537612e-04
2101 3.361280e-03 1.534832e-04
2102 3.355217e-03 1.532057e-04
2103 3.349165e-03 1.529287e-04
2104 3.343124e-03 1.526523e-04
2105 3.337094e-03 1.523763e-04
2106 3.331075e-03 1.521008e-04
2107 3.325067e-03 1.518258e-04
2108 3.319069e-03 1.515513e-04
2109 3.313083e-03 1.512773e-04
2110 3.307107e-03 1.510038e-04
2111 3.301142e-03 1.507308e-04
2112 3.295188e-03 1.504583e-04
2113 3.289244e-03 1.501863e-04
2114 3.283312e-03 1.499148e-04
2115 3.277390e-03 1.496437e-04
2116 3.271479e-03 1.493732e-04
2117 3.265578e-03 1.491031e-04
2118 3.259688e-03 1.488336e-04
2119 3.253809e-03 1.485645e-04
2120 3.247940e-03 1.482959e-04
2121 3.242082e-03 1.480278e-04
2122 3.236235e-03 1.477602e-04
2123 3.230398e-03 1.474930e-04
2124 3.224572e-03 1.472264e-04
2125 3.218756e-03 1.469602e-04
2126 3.212951e-03 1.466945e-04
2127 3.207156e-03 1.464293e-04
2128 3.201372e-03 1.461646e-04
2129 3.195598e-03 1.459003e-04
2130 3.189835e-03 1.456365e-04
2131 3.184082e-03 1.453732e-04
2132 3.178339e-03 1.451104e-04
2133 3.172607e-03 1.448481e-04
2134 3.166885e-03 1.445862e-04
2135 3.161174e-03 1.443248e-04
2136 3.155472e-03 1.440639e-04
2137 3.149782e-03 1.438034e-04
2138 3.144101e-03 1.435434e-04
2139 3.138431e-03 1.432839e-04
2140 3.132771e-03 1.430249e-04
2141 3.127121e-03 1.427663e-04
2142 3.121482e-03 1.425082e-04
2143 3.115852e-03 1.422505e-04
2144 3.110233e-03 1.419934e-04
2145 3.104624e-03 1.417366e-04
2146 3.099025e-03 1.414804e-04
2147 3.093436e-03 1.412246e-04
2148 3.087858e-03 1.409693e-04
2149 3.082289e-03 1.407144e-04
2150 3.076731e-03 1.404600e-04
2151 3.071182e-03 1.402061e-04
2152 3.065644e-03 1.399526e-04
2153 3.060115e-03 1.396996e-04
2154 3.054597e-03 1.394470e-04
2155 3.049089e-03 1.391949e-04
2156 3.043590e-03 1.389433e-04
2157 3.038102e-03 1.386921e-04
2158 3.032623e-03 1.384413e-04
2159 3.027154e-03 1.381910e-04
2160 3.021695e-03 1.379412e-04
2161 3.016247e-03 1.376918e-04
2162 3.010807e-03 1.374429e-04
2163 3.005378e-03 1.371944e-04
2164 2.999959e-03 1.369463e-04
2165 2.994549e-03 1.366987e-04
2166 2.989149e-03 1.364516e-04
2167 2.983759e-03 1.362049e-04
2168 2.978379e-03 1.359587e-04
2169 2.973008e-03 1.357129e-04
2170 2.967647e-03 1.354675e-04
2171 2.962296e-03 1.352226e-04
2172 2.956955e-03 1.349781e-04
2173 2.951623e-03 1.347341e-04
2174 2.946300e-03 1.344905e-04
2175 2.940988e-03 1.342474e-04
2176 2.935685e-03 1.340046e-04
2177 2.930391e-03 1.337624e-04
2178 2.925107e-03 1.335205e-04
2179 2.919833e-03 1.332791e-04
2180 2.914568e-03 1.330382e-04
2181 2.909313e-03 1.327977e-04
2182 2.904067e-03 1.325576e-04
2183 2.898831e-03 1.323179e-04
2184 2.893604e-03 1.320787e-04
2185 2.888387e-03 1.318399e-04
2186 2.883179e-03 1.316016e-04
2187 2.877981e-03 1.313636e-04
2188 2.872792e-03 1.311261e-04
2189 2.867612e-03 1.308891e-04
2190 2.862441e-03 1.306524e-04
2191 2.857280e-03 1.304162e-04
2192 2.852129e-03 1.301805e-04
2193 2.846986e-03 1.299451e-04
2194 2.841853e-03 1.297102e-04
2195 2.836730e-03 1.294757e-04
2196 2.831615e-03 1.292416e-04
2197 2.826510e-03 1.290079e-04
2198 2.821414e-03 1.287747e-04
2199 2.816327e-03 1.285419e-04
2200 2.811249e-03 1.283095e-04
2201 2.806181e-03 1.280775e-04
2202 2.801122e-03 1.278459e-04
2203 2.796072e-03 1.276148e-04
2204 2.791031e-03 1.273841e-04
2205 2.785999e-03 1.271538e-04
2206 2.780976e-03 1.269239e-04
2207 2.775962e-03 1.266944e-04
2208 2.770958e-03 1.264654e-04
2209 2.765962e-03 1.262367e-04
2210 2.760975e-03 1.260085e-04
2211 2.755998e-03 1.257807e-04
2212 2.751029e-03 1.255533e-04
2213 2.746070e-03 1.253263e-04
2214 2.741119e-03 1.250997e-04
2215 2.736178e-03 1.248736e-04
2216 2.731245e-03 1.246478e-04
2217 2.726321e-03 1.244225e-04
2218 2.721406e-03 1.241975e-04
2219 2.716500e-03 1.239730e-04
2220 2.711603e-03 1.237488e-04
2221 2.706715e-03 1.235251e-04
2222 2.701835e-03 1.233018e-04
2223 2.696965e-03 1.230789e-04
2224 2.692103e-03 1.228563e-04
2225 2.687250e-03 1.226342e-04
2226 2.682406e-03 1.224125e-04
2227 2.677570e-03 1.221912e-04
2228 2.672744e-03 1.219703e-04
2229 2.667926e-03 1.217498e-04
2230 2.663116e-03 1.215297e-04
2231 2.658316e-03 1.213100e-04
2232 2.653524e-03 1.210906e-04
2233 2.648740e-03 1.208717e-04
2234 2.643966e-03 1.206532e-04
2235 2.639200e-03 1.204351e-04
2236 2.634443e-03 1.202173e-04
2237 2.629694e-03 1.200000e-04
2238 2.624954e-03 1.197830e-04
2239 2.620222e-03 1.195665e-04
2240 2.615499e-03 1.193503e-04
2241 2.610785e-03 1.191345e-04
2242 2.606079e-03 1.189191e-04
2243 2.601381e-03 1.187041e-04
2244 2.596692e-03 1.184895e-04
2245 2.592012e-03 1.182753e-04
2246 2.587340e-03 1.180615e-04
2247 2.582676e-03 1.178480e-04
2248 2.578021e-03 1.176350e-04
2249 2.573374e-03 1.174223e-04
2250 2.568736e-03 1.172100e-04
2251 2.564106e-03 1.169981e-04
2252 2.559484e-03 1.167866e-04
2253 2.554871e-03 1.165754e-04
2254 2.550266e-03 1.163647e-04
2255 2.545670e-03 1.161543e-04
2256 2.541081e-03 1.159443e-04
2257 2.536501e-03 1.157347e-04
2258 2.531930e-03 1.155255e-04
2259 2.527366e-03 1.153166e-04
2260 2.522811e-03 1.151081e-04
2261 2.518264e-03 1.149000e-04
2262 2.513726e-03 1.146923e-04
2263 2.509195e-03 1.144849e-04
2264 2.504673e-03 1.142779e-04
2265 2.500159e-03 1.140713e-04
2266 2.495653e-03 1.138651e-04
2267 2.491155e-03 1.136592e-04
2268 2.486665e-03 1.134538e-04
2269 2.482184e-03 1.132486e-04
2270 2.477710e-03 1.130439e-04
2271 2.473245e-03 1.128395e-04
2272 2.468788e-03 1.126355e-04
2273 2.464338e-03 1.124319e-04
2274 2.459897e-03 1.122286e-04
2275 2.455464e-03 1.120257e-04
2276 2.451039e-03 1.118232e-04
2277 2.446622e-03 1.116210e-04
2278 2.442213e-03 1.114192e-04
2279 2.437811e-03 1.112178e-04
2280 2.433418e-03 1.110167e-04
2281 2.429033e-03 1.108160e-04
2282 2.424656e-03 1.106156e-04
2283 2.420286e-03 1.104157e-04
2284 2.415925e-03 1.102160e-04
2285 2.411571e-03 1.100168e-04
2286 2.407225e-03 1.098179e-04
2287 2.402887e-03 1.096193e-04
2288 2.398557e-03 1.094211e-04
2289 2.394235e-03 1.092233e-04
2290 2.389921e-03 1.090259e-04
2291 2.385614e-03 1.088287e-04
2292 2.381315e-03 1.086320e-04
2293 2.377024e-03 1.084356e-04
2294 2.372741e-03 1.082396e-04
2295 2.368465e-03 1.080439e-04
2296 2.364197e-03 1.078485e-04
2297 2.359937e-03 1.076535e-04
2298 2.355685e-03 1.074589e-04
2299 2.351440e-03 1.072646e-04
2300 2.347203e-03 1.070707e-04
2301 2.342974e-03 1.068771e-04
2302 2.338752e-03 1.066839e-04
2303 2.334538e-03 1.064910e-04
2304 2.330331e-03 1.062985e-04
2305 2.326132e-03 1.061063e-04
2306 2.321941e-03 1.059145e-04
2307 2.317757e-03 1.057230e-04
2308 2.313581e-03 1.055319e-04
2309 2.309413e-03 1.053411e-04
2310 2.305252e-03 1.051506e-04
2311 2.301098e-03 1.049605e-04
2312 2.296952e-03 1.047708e-04
2313 2.292814e-03 1.045814e-04
2314 2.288682e-03 1.043923e-04
2315 2.284559e-03 1.042035e-04
2316 2.280443e-03 1.040152e-04
2317 2.276334e-03 1.038271e-04
2318 2.272233e-03 1.036394e-04
2319 2.268139e-03 1.034520e-04
2320 2.264053e-03 1.032650e-04
2321 2.259974e-03 1.030783e-04
2322 2.255902e-03 1.028919e-04
2323 2.251838e-03 1.027059e-04
2324 2.247781e-03 1.025202e-04
2325 2.243731e-03 1.023349e-04
2326 2.239689e-03 1.021499e-04
2327 2.235654e-03 1.019652e-04
2328 2.231626e-03 1.017808e-04
2329 2.227606e-03 1.015968e-04
2330 2.223593e-03 1.014132e-04
2331 2.219587e-03 1.012298e-04
2332 2.215588e-03 1.010468e-04
2333 2.211597e-03 1.008641e-04
2334 2.207612e-03 1.006818e-04
2335 2.203635e-03 1.004997e-04
2336 2.199666e-03 1.003180e-04
2337 2.195703e-03 1.001367e-04
2338 2.191748e-03 9.995563e-05
2339 2.187799e-03 9.977492e-05
2340 2.183858e-03 9.959453e-05
2341 2.179924e-03 9.941447e-05
2342 2.175997e-03 9.923474e-05
2343 2.172077e-03 9.905533e-05
2344 2.168165e-03 9.887625e-05
2345 2.164259e-03 9.869748e-05
2346 2.160360e-03 9.851905e-05
2347 2.156469e-03 9.834093e-05
2348 2.152584e-03 9.816314e-05
2349 2.148707e-03 9.798567e-05
2350 2.144836e-03 9.780852e-05
2351 2.140973e-03 9.763169e-05
2352 2.137116e-03 9.745518e-05
2353 2.133267e-03 9.727899e-05
2354 2.129424e-03 9.710312e-05
2355 2.125589e-03 9.692756e-05
2356 2.121760e-03 9.675232e-05
2357 2.117938e-03 9.657740e-05
2358 2.114124e-03 9.640280e-05
2359 2.110316e-03 9.622851e-05
2360 2.106515e-03 9.605454e-05
2361 2.102720e-03 9.588088e-05
2362 2.098933e-03 9.570753e-05
2363 2.095153e-03 9.553450e-05
2364 2.091379e-03 9.536178e-05
2365 2.087612e-03 9.518938e-05
2366 2.083852e-03 9.501728e-05
2367 2.080099e-03 9.484550e-05
2368 2.076353e-03 9.467402e-05
2369 2.072613e-03 9.450286e-05
2370 2.068880e-03 9.433201e-05
2371 2.065154e-03 9.416146e-05
2372 2.061434e-03 9.399123e-05
2373 2.057722e-03 9.382130e-05
2374 2.054016e-03 9.365168e-05
2375 2.050317e-03 9.348236e-05
2376 2.046624e-03 9.331335e-05
2377 2.042938e-03 9.314465e-05
2378 2.039259e-03 9.297625e-05
2379 2.035586e-03 9.280816e-05
2380 2.031920e-03 9.264037e-05
2381 2.028261e-03 9.247288e-05
2382 2.024608e-03 9.230570e-05
2383 2.020962e-03 9.213882e-05
2384 2.017323e-03 9.197224e-05
2385 2.013690e-03 9.180596e-05
2386 2.010064e-03 9.163998e-05
2387 2.006444e-03 9.147430e-05
2388 2.002831e-03 9.130893e-05
2389 1.999224e-03 9.114385e-05
2390 1.995624e-03 9.097907e-05
2391 1.992030e-03 9.081458e-05
2392 1.988443e-03 9.065040e-05
2393 1.984862e-03 9.048651e-05
2394 1.981288e-03 9.032292e-05
2395 1.977720e-03 9.015962e-05
2396 1.974159e-03 8.999662e-05
2397 1.970604e-03 8.983391e-05
2398 1.967056e-03 8.967150e-05
2399 1.963514e-03 8.950938e-05
2400 1.959978e-03 8.934755e-05
2401 1.956449e-03 8.918602e-05
2402 1.952926e-03 8.902478e-05
2403 1.949410e-03 8.886383e-05
2404 1.945900e-03 8.870317e-05
2405 1.942396e-03 8.854280e-05
2406 1.938898e-03 8.838273e-05
2407 1.935407e-03 8.822294e-05
2408 1.931923e-03 8.806344e-05
2409 1.928444e-03 8.790422e-05
2410 1.924972e-03 8.774530e-05
2411 1.921506e-03 8.758666e-05
2412 1.918046e-03 8.742831e-05
2413 1.914593e-03 8.727025e-05
2414 1.911146e-03 8.711247e-05
2415 1.907705e-03 8.695498e-05
2416 1.904270e-03 8.679777e-05
2417 1.900842e-03 8.664085e-05
2418 1.897420e-03 8.648421e-05
2419 1.894003e-03 8.632785e-05
2420 1.890594e-03 8.617178e-05
2421 1.887190e-03 8.601599e-05
2422 1.883792e-03 8.586048e-05
2423 1.880401e-03 8.570525e-05
2424 1.877015e-03 8.555030e-05
2425 1.873636e-03 8.539563e-05
2426 1.870263e-03 8.524124e-05
2427 1.866896e-03 8.508714e-05
2428 1.863535e-03 8.493330e-05
2429 1.860181e-03 8.477975e-05
2430 1.856832e-03 8.462648e-05
2431 1.853489e-03 8.447348e-05
2432 1.850152e-03 8.432076e-05
2433 1.846822e-03 8.416831e-05
2434 1.843497e-03 8.401614e-05
2435 1.840179e-03 8.386425e-05
2436 1.836866e-03 8.371263e-05
2437 1.833560e-03 8.356128e-05
2438 1.830259e-03 8.341021e-05
2439 1.826964e-03 8.325941e-05
2440 1.823676e-03 8.310889e-05
2441 1.820393e-03 8.295863e-05
2442 1.817116e-03 8.280865e-05
2443 1.813845e-03 8.265894e-05
2444 1.810580e-03 8.250950e-05
2445 1.807321e-03 8.236033e-05
2446 1.804068e-03 8.221143e-05
2447 1.800821e-03 8.206279e-05
2448 1.797579e-03 8.191443e-05
2449 1.794344e-03 8.176634e-05
2450 1.791114e-03 8.161851e-05
2451 1.787890e-03 8.147095e-05
2452 1.784672e-03 8.132366e-05
2453 1.781460e-03 8.117663e-05
2454 1.778254e-03 8.102987e-05
2455 1.775053e-03 8.088337e-05
2456 1.771858e-03 8.073714e-05
2457 1.768669e-03 8.059118e-05
2458 1.765486e-03 8.044547e-05
2459 1.762308e-03 8.030003e-05
2460 1.759137e-03 8.015486e-05
2461 1.755971e-03 8.000995e-05
2462 1.752810e-03 7.986529e-05
2463 1.749656e-03 7.972090e-05
2464 1.746507e-03 7.957677e-05
2465 1.743364e-03 7.943291e-05
2466 1.740226e-03 7.928930e-05
2467 1.737094e-03 7.914595e-05
2468 1.733968e-03 7.900286e-05
2469 1.730848e-03 7.886003e-05
2470 1.727733e-03 7.871746e-05
2471 1.724624e-03 7.857514e-05
2472 1.721520e-03 7.843308e-05
2473 1.718422e-03 7.829128e-05
2474 1.715330e-03 7.814974e-05
2475 1.712243e-03 7.800845e-05
2476 1.709162e-03 7.786742e-05
2477 1.706086e-03 7.772664e-05
2478 1.703016e-03 7.758612e-05
2479 1.699951e-03 7.744585e-05
2480 1.696892e-03 7.730583e-05
2481 1.693839e-03 7.716607e-05
2482 1.690791e-03 7.702656e-05
2483 1.687748e-03 7.688730e-05
2484 1.684711e-03 7.674829e-05
2485 1.681680e-03 7.660954e-05
2486 1.678654e-03 7.647103e-05
2487 1.675634e-03 7.633278e-05
2488 1.672619e-03 7.619478e-05
2489 1.669609e-03 7.605702e-05
2490 1.666605e-03 7.591952e-05
2491 1.663606e-03 7.578226e-05
2492 1.660613e-03 7.564525e-05
2493 1.657625e-03 7.550849e-05
2494 1.654643e-03 7.537198e-05
2495 1.651666e-03 7.523571e-05
2496 1.648694e-03 7.509969e-05
2497 1.645728e-03 7.496392e-05
2498 1.642767e-03 7.482839e-05
2499 1.639811e-03 7.469311e-05
2500 1.636861e-03 7.455807e-05
2501 1.633916e-03 7.442327e-05
2502 1.630976e-03 7.428872e-05
2503 1.628042e-03 7.415441e-05
2504 1.625113e-03 7.402035e-05
2505 1.622189e-03 7.388652e-05
2506 1.619271e-03 7.375294e-05
2507 1.616358e-03 7.361960e-05
2508 1.613450e-03 7.348651e-05
2509 1.610548e-03 7.335365e-05
2510 1.607650e-03 7.322103e-05
2511 1.604758e-03 7.308865e-05
2512 1.601871e-03 7.295651e-05
2513 1.598990e-03 7.282462e-05
2514 1.596113e-03 7.269295e-05
2515 1.593242e-03 7.256153e-05
2516 1.590376e-03 7.243035e-05
2517 1.587515e-03 7.229940e-05
2518 1.584660e-03 7.216869e-05
2519 1.581809e-03 7.203821e-05
2520 1.578964e-03 7.190797e-05
2521 1.576123e-03 7.177797e-05
2522 1.573288e-03 7.164820e-05
2523 1.570458e-03 7.151866e-05
2524 1.567634e-03 7.138936e-05
2525 1.564814e-03 7.126030e-05
2526 1.561999e-03 7.113147e-05
2527 1.559190e-03 7.100287e-05
2528 1.556385e-03 7.087450e-05
2529 1.553586e-03 7.074636e-05
2530 1.550792e-03 7.061846e-05
2531 1.548002e-03 7.049079e-05
2532 1.545218e-03 7.036334e-05
2533 1.542439e-03 7.023613e-05
2534 1.539665e-03 7.010915e-05
2535 1.536896e-03 6.998240e-05
2536 1.534132e-03 6.985588e-05
2537 1.531372e-03 6.972958e-05
2538 1.528618e-03 6.960352e-05
2539 1.525869e-03 6.947768e-05
2540 1.523125e-03 6.935207e-05
2541 1.520386e-03 6.922669e-05
2542 1.517652e-03 6.910153e-05
2543 1.514922e-03 6.897660e-05
2544 1.512198e-03 6.885190e-05
2545 1.509478e-03 6.872742e-05
2546 1.506764e-03 6.860316e-05
2547 1.504054e-03 6.847914e-05
2548 1.501349e-03 6.835533e-05
2549 1.498650e-03 6.823175e-05
2550 1.495955e-03 6.810839e-05
2551 1.493265e-03 6.798526e-05
2552 1.490579e-03 6.786235e-05
2553 1.487899e-03 6.773966e-05
2554 1.485223e-03 6.761719e-05
2555 1.482553e-03 6.749494e-05
2556 1.479887e-03 6.737292e-05
2557 1.477226e-03 6.725111e-05
2558 1.474570e-03 6.712953e-05
2559 1.471918e-03 6.700816e-05
2560 1.469272e-03 6.688702e-05
2561 1.466630e-03 6.676609e-05
2562 1.463993e-03 6.664538e-05
2563 1.461361e-03 6.652489e-05
2564 1.458733e-03 6.640462e-05
2565 1.456110e-03 6.628457e-05
2566 1.453492e-03 6.616473e-05
2567 1.450879e-03 6.604511e-05
2568 1.448270e-03 6.592570e-05
2569 1.445666e-03 6.580652e-05
2570 1.443067e-03 6.568754e-05
2571 1.440473e-03 6.556879e-05
2572 1.437883e-03 6.545024e-05
2573 1.435298e-03 6.533191e-05
2574 1.432718e-03 6.521380e-05
2575 1.430142e-03 6.509590e-05
2576 1.427571e-03 6.497821e-05
2577 1.425005e-03 6.486073e-05
2578 1.422443e-03 6.474347e-05
2579 1.419886e-03 6.462642e-05
2580 1.417333e-03 6.450958e-05
2581 1.414785e-03 6.439295e-05
2582 1.412242e-03 6.427654e-05
2583 1.409703e-03 6.416033e-05
2584 1.407169e-03 6.404433e-05
2585 1.404640e-03 6.392854e-05
2586 1.402115e-03 6.381297e-05
2587 1.399594e-03 6.369760e-05
2588 1.397079e-03 6.358244e-05
2589 1.394567e-03 6.346749e-05
2590 1.392061e-03 6.335274e-05
2591 1.389558e-03 6.323821e-05
2592 1.387061e-03 6.312388e-05
2593 1.384568e-03 6.300975e-05
2594 1.382079e-03 6.289584e-05
2595 1.379595e-03 6.278213e-05
2596 1.377115e-03 6.266862e-05
2597 1.374640e-03 6.255532e-05
2598 1.372169e-03 6.244223e-05
2599 1.369703e-03 6.232934e-05
2600 1.367241e-03 6.221665e-05
2601 1.364784e-03 6.210417e-05
2602 1.362331e-03 6.199189e-05
2603 1.359883e-03 6.187981e-05
2604 1.357439e-03 6.176794e-05
2605 1.354999e-03 6.165626e-05
2606 1.352564e-03 6.154480e-05
2607 1.350133e-03 6.143353e-05
2608 1.347707e-03 6.132246e-05
2609 1.345285e-03 6.121159e-05
2610 1.342867e-03 6.110093e-05
2611 1.340454e-03 6.099046e-05
2612 1.338045e-03 6.088020e-05
2613 1.335641e-03 6.077013e-05
2614 1.333241e-03 6.066026e-05
2615 1.330845e-03 6.055059e-05
2616 1.328453e-03 6.044112e-05
2617 1.326066e-03 6.033185e-05
2618 1.323683e-03 6.022278e-05
2619 1.321305e-03 6.011390e-05
2620 1.318931e-03 6.000522e-05
2621 1.316561e-03 5.989673e-05
2622 1.314195e-03 5.978844e-05
2623 1.311834e-03 5.968035e-05
2624 1.309477e-03 5.957245e-05
2625 1.307124e-03 5.946475e-05
2626 1.304775e-03 5.935724e-05
2627 1.302431e-03 5.924993e-05
2628 1.300091e-03 5.914281e-05
2629 1.297755e-03 5.903589e-05
2630 1.295423e-03 5.892915e-05
2631 1.293096e-03 5.882261e-05
2632 1.290773e-03 5.871627e-05
2633 1.288454e-03 5.861011e-05
2634 1.286139e-03 5.850415e-05
2635 1.283828e-03 5.839838e-05
2636 1.281522e-03 5.829280e-05
2637 1.279220e-03 5.818741e-05
2638 1.276922e-03 5.808221e-05
2639 1.274628e-03 5.797721e-05
2640 1.272338e-03 5.787239e-05
2641 1.270052e-03 5.776776e-05
2642 1.267771e-03 5.766332e-05
2643 1.265493e-03 5.755907e-05
2644 1.263220e-03 5.745501e-05
2645 1.260951e-03 5.735113e-05
2646 1.258686e-03 5.724745e-05
2647 1.256425e-03 5.714395e-05
2648 1.254168e-03 5.704064e-05
2649 1.251915e-03 5.693751e-05
2650 1.249666e-03 5.683457e-05
2651 1.247422e-03 5.673182e-05
2652 1.245181e-03 5.662925e-05
2653 1.242945e-03 5.652687e-05
2654 1.240712e-03 5.642468e-05
2655 1.238484e-03 5.632267e-05
2656 1.236259e-03 5.622084e-05
2657 1.234039e-03 5.611920e-05
2658 1.231823e-03 5.601774e-05
2659 1.229610e-03 5.591646e-05
2660 1.227402e-03 5.581537e-05
2661 1.225197e-03 5.571446e-05
2662 1.222997e-03 5.561373e-05
2663 1.220801e-03 5.551319e-05
2664 1.218608e-03 5.541282e-05
2665 1.216420e-03 5.531264e-05
2666 1.214235e-03 5.521264e-05
2667 1.212055e-03 5.511282e-05
2668 1.209878e-03 5.501318e-05
2669 1.207705e-03 5.491372e-05
2670 1.205537e-03 5.481444e-05
2671 1.203372e-03 5.471534e-05
2672 1.201211e-03 5.461642e-05
2673 1.199054e-03 5.451768e-05
2674 1.196901e-03 5.441911e-05
2675 1.194752e-03 5.432073e-05
2676 1.192606e-03 5.422252e-05
2677 1.190465e-03 5.412449e-05
2678 1.188327e-03 5.402664e-05
2679 1.186194e-03 5.392896e-05
2680 1.184064e-03 5.383146e-05
2681 1.181938e-03 5.373414e-05
2682 1.179816e-03 5.363699e-05
2683 1.177697e-03 5.354002e-05
2684 1.175583e-03 5.344323e-05
2685 1.173472e-03 5.334661e-05
2686 1.171365e-03 5.325016e-05
2687 1.169262e-03 5.315389e-05
2688 1.167163e-03 5.305779e-05
2689 1.165068e-03 5.296186e-05
2690 1.162976e-03 5.286611e-05
2691 1.160888e-03 5.277054e-05
2692 1.158804e-03 5.267513e-05
2693 1.156724e-03 5.257990e-05
2694 1.154647e-03 5.248484e-05
2695 1.152575e-03 5.238995e-05
2696 1.150506e-03 5.229523e-05
2697 1.148440e-03 5.220069e-05
2698 1.146379e-03 5.210631e-05
2699 1.144321e-03 5.201211e-05
2700 1.142267e-03 5.191808e-05
2701 1.140217e-03 5.182421e-05
2702 1.138170e-03 5.173052e-05
2703 1.136127e-03 5.163699e-05
2704 1.134088e-03 5.154364e-05
2705 1.132052e-03 5.145045e-05
2706 1.130020e-03 5.135743e-05
2707 1.127992e-03 5.126458e-05
2708 1.125967e-03 5.117190e-05
2709 1.123947e-03 5.107939e-05
2710 1.121929e-03 5.098704e-05
2711 1.119916e-03 5.089486e-05
2712 1.117906e-03 5.080284e-05
2713 1.115899e-03 5.071100e-05
2714 1.113897e-03 5.061931e-05
2715 1.111898e-03 5.052780e-05
2716 1.109902e-03 5.043645e-05
2717 1.107910e-03 5.034526e-05
2718 1.105922e-03 5.025424e-05
2719 1.103938e-03 5.016339e-05
2720 1.101957e-03 5.007270e-05
2721 1.099979e-03 4.998217e-05
2722 1.098005e-03 4.989181e-05
2723 1.096035e-03 4.980160e-05
2724 1.094068e-03 4.971157e-05
2725 1.092105e-03 4.962169e-05
2726 1.090145e-03 4.953198e-05
2727 1.088189e-03 4.944243e-05
2728 1.086237e-03 4.935304e-05
2729 1.084288e-03 4.926382e-05
2730 1.082342e-03 4.917475e-05
2731 1.080400e-03 4.908585e-05
2732 1.078462e-03 4.899710e-05
2733 1.076527e-03 4.890852e-05
2734 1.074595e-03 4.882010e-05
2735 1.072667e-03 4.873184e-05
2736 1.070743e-03 4.864373e-05
2737 1.068822e-03 4.855579e-05
2738 1.066904e-03 4.846800e-05
2739 1.064990e-03 4.838038e-05
2740 1.063080e-03 4.829291e-05
2741 1.061173e-03 4.820560e-05
2742 1.059269e-03 4.811845e-05
2743 1.057369e-03 4.803145e-05
2744 1.055472e-03 4.794462e-05
2745 1.053578e-03 4.785794e-05
2746 1.051689e-03 4.777141e-05
2747 1.049802e-03 4.768505e-05
2748 1.047919e-03 4.759884e-05
2749 1.046039e-03 4.751278e-05
2750 1.044163e-03 4.742688e-05
2751 1.042290e-03 4.734114e-05
2752 1.040420e-03 4.725555e-05
2753 1.038554e-03 4.717011e-05
2754 1.036692e-03 4.708483e-05
2755 1.034832e-03 4.699971e-05
2756 1.032976e-03 4.691474e-05
2757 1.031123e-03 4.682992e-05
2758 1.029274e-03 4.674525e-05
2759 1.027428e-03 4.666074e-05
2760 1.025586e-03 4.657638e-05
2761 1.023746e-03 4.649218e-05
2762 1.021910e-03 4.640812e-05
2763 1.020078e-03 4.632422e-05
2764 1.018248e-03 4.624047e-05
2765 1.016422e-03 4.615687e-05
2766 1.014600e-03 4.607342e-05
2767 1.012780e-03 4.599013e-05
2768 1.010964e-03 4.590698e-05
2769 1.009151e-03 4.582398e-05
2770 1.007342e-03 4.574114e-05
2771 1.005535e-03 4.565844e-05
2772 1.003732e-03 4.557589e-05
2773 1.001933e-03 4.549350e-05
2774 1.000136e-03 4.541125e-05
2775 9.983428e-04 4.532915e-05
2776 9.965528e-04 4.524720e-05
2777 9.947660e-04 4.516539e-05
2778 9.929824e-04 4.508374e-05
2779 9.912021e-04 4.500223e-05
2780 9.894250e-04 4.492087e-05
2781 9.876512e-04 4.483966e-05
2782 9.858805e-04 4.475859e-05
2783 9.841130e-04 4.467767e-05
2784 9.823488e-04 4.459690e-05
2785 9.805877e-04 4.451627e-05
2786 9.788298e-04 4.443579e-05
2787 9.770751e-04 4.435545e-05
2788 9.753236e-04 4.427526e-05
2789 9.735752e-04 4.419521e-05
2790 9.718300e-04 4.411531e-05
2791 9.700879e-04 4.403556e-05
2792 9.683491e-04 4.395594e-05
2793 9.666133e-04 4.387647e-05
2794 9.648807e-04 4.379715e-05
2795 9.631512e-04 4.371797e-05
2796 9.614249e-04 4.363893e-05
2797 9.597017e-04 4.356003e-05
2798 9.579816e-04 4.348128e-05
2799 9.562646e-04 4.340267e-05
2800 9.545507e-04 4.332420e-05
2801 9.528399e-04 4.324587e-05
2802 9.511322e-04 4.316769e-05
2803 9.494276e-04 4.308965e-05
2804 9.477261e-04 4.301174e-05
2805 9.460277e-04 4.293398e-05
2806 9.443323e-04 4.285636e-05
2807 9.426401e-04 4.277888e-05
2808 9.409508e-04 4.270154e-05
2809 9.392647e-04 4.262434e-05
2810 9.375815e-04 4.254728e-05
2811 9.359015e-04 4.247035e-05
2812 9.342244e-04 4.239357e-05
2813 9.325504e-04 4.231693e-05
2814 9.308794e-04 4.224042e-05
2815 9.292115e-04 4.216405e-05
2816 9.275466e-04 4.208782e-05
2817 9.258846e-04 4.201173e-05
2818 9.242257e-04 4.193578e-05
2819 9.225698e-04 4.185996e-05
2820 9.209169e-04 4.178428e-05
2821 9.192670e-04 4.170874e-05
2822 9.176200e-04 4.163333e-05
2823 9.159761e-04 4.155806e-05
2824 9.143351e-04 4.148293e-05
2825 9.126971e-04 4.140793e-05
2826 9.110620e-04 4.133307e-05
2827 9.094299e-04 4.125834e-05
2828 9.078008e-04 4.118375e-05
2829 9.061746e-04 4.110929e-05
2830 9.045514e-04 4.103497e-05
2831 9.029311e-04 4.096078e-05
2832 9.013137e-04 4.088673e-05
2833 8.996992e-04 4.081281e-05
2834 8.980877e-04 4.073902e-05
2835 8.964791e-04 4.066537e-05
2836 8.948734e-04 4.059185e-05
2837 8.932706e-04 4.051847e-05
2838 8.916707e-04 4.044521e-05
2839 8.900737e-04 4.037209e-05
2840 8.884796e-04 4.029910e-05
2841 8.868883e-04 4.022624e-05
2842 8.853000e-04 4.015352e-05
2843 8.837145e-04 4.008092e-05
2844 8.821319e-04 4.000846e-05
2845 8.805522e-04 3.993613e-05
2846 8.789753e-04 3.986393e-05
2847 8.774013e-04 3.979185e-05
2848 8.758301e-04 3.971991e-05
2849 8.742617e-04 3.964810e-05
2850 8.726962e-04 3.957642e-05
2851 8.711336e-04 3.950487e-05
2852 8.695737e-04 3.943345e-05
2853 8.680167e-04 3.936216e-05
2854 8.664625e-04 3.929099e-05
2855 8.649111e-04 3.921996e-05
2856 8.633626e-04 3.914905e-05
2857 8.618168e-04 3.907827e-05
2858 8.602738e-04 3.900762e-05
2859 8.587336e-04 3.893710e-05
2860 8.571962e-04 3.886671e-05
2861 8.556616e-04 3.879644e-05
2862 8.541298e-04 3.872630e-05
2863 8.526007e-04 3.865628e-05
2864 8.510744e-04 3.858640e-05
2865 8.495508e-04 3.851664e-05
2866 8.480301e-04 3.844700e-05
2867 8.465120e-04 3.837749e-05
2868 8.449967e-04 3.830811e-05
2869 8.434842e-04 3.823885e-05
2870 8.419744e-04 3.816972e-05
2871 8.404673e-04 3.810071e-05
2872 8.389630e-04 3.803183e-05
2873 8.374614e-04 3.796307e-05
2874 8.359625e-04 3.789443e-05
2875 8.344663e-04 3.782592e-05
2876 8.329728e-04 3.775754e-05
2877 8.314820e-04 3.768927e-05
2878 8.299939e-04 3.762114e-05
2879 8.285085e-04 3.755312e-05
2880 8.270258e-04 3.748523e-05
2881 8.255458e-04 3.741746e-05
2882 8.240685e-04 3.734981e-05
2883 8.225938e-04 3.728228e-05
2884 8.211218e-04 3.721488e-05
2885 8.196525e-04 3.714760e-05
2886 8.181858e-04 3.708044e-05
2887 8.167218e-04 3.701340e-05
2888 8.152604e-04 3.694648e-05
2889 8.138017e-04 3.687969e-05
2890 8.123456e-04 3.681301e-05
2891 8.108922e-04 3.674646e-05
2892 8.094414e-04 3.668002e-05
2893 8.079932e-04 3.661371e-05
2894 8.065476e-04 3.654751e-05
2895 8.051046e-04 3.648144e-05
2896 8.036643e-04 3.641548e-05
2897 8.022266e-04 3.634964e-05
2898 8.007914e-04 3.628393e-05
2899 7.993589e-04 3.621833e-05
2900 7.979290e-04 3.615285e-05
2901 7.965016e-04 3.608749e-05
2902 7.950768e-04 3.602224e-05
2903 7.936546e-04 3.595712e-05
2904 7.922350e-04 3.589211e-05
2905 7.908180e-04 3.582722e-05
2906 7.894035e-04 3.576245e-05
2907 7.879916e-04 3.569779e-05
2908 7.865822e-04 3.563325e-05
2909 7.851754e-04 3.556883e-05
2910 7.837711e-04 3.550453e-05
2911 7.823694e-04 3.544034e-05
2912 7.809702e-04 3.537626e-05
2913 7.795735e-04 3.531231e-05
2914 7.781794e-04 3.524846e-05
2915 7.767878e-04 3.518474e-05
2916 7.753987e-04 3.512113e-05
2917 7.740121e-04 3.505763e-05
2918 7.726280e-04 3.499425e-05
2919 7.712465e-04 3.493098e-05
2920 7.698674e-04 3.486783e-05
2921 7.684909e-04 3.480479e-05
2922 7.671168e-04 3.474187e-05
2923 7.657452e-04 3.467906e-05
2924 7.643761e-04 3.461636e-05
2925 7.630095e-04 3.455378e-05
2926 7.616453e-04 3.449131e-05
2927 7.602836e-04 3.442895e-05
2928 7.589244e-04 3.436670e-05
2929 7.575677e-04 3.430457e-05
2930 7.562134e-04 3.424255e-05
2931 7.548615e-04 3.418064e-05
2932 7.535121e-04 3.411885e-05
2933 7.521652e-04 3.405716e-05
2934 7.508206e-04 3.399559e-05
2935 7.494786e-04 3.393413e-05
2936 7.481389e-04 3.387278e-05
2937 7.468017e-04 3.381154e-05
2938 7.454669e-04 3.375041e-05
2939 7.441345e-04 3.368939e-05
2940 7.428045e-04 3.362849e-05
2941 7.414769e-04 3.356769e-05
2942 7.401517e-04 3.350700e-05
2943 7.388290e-04 3.344642e-05
2944 7.375086e-04 3.338595e-05
2945 7.361906e-04 3.332560e-05
2946 7.348750e-04 3.326535e-05
2947 7.335618e-04 3.320520e-05
2948 7.322509e-04 3.314517e-05
2949 7.309425e-04 3.308525e-05
2950 7.296364e-04 3.302543e-05
2951 7.283326e-04 3.296573e-05
2952 7.270312e-04 3.290613e-05
2953 7.257322e-04 3.284663e-05
2954 7.244355e-04 3.278725e-05
2955 7.231412e-04 3.272797e-05
2956 7.218492e-04 3.266880e-05
2957 7.205596e-04 3.260974e-05
2958 7.192723e-04 3.255079e-05
2959 7.179873e-04 3.249194e-05
2960 7.167047e-04 3.243319e-05
2961 7.154244e-04 3.237456e-05
2962 7.141463e-04 3.231603e-05
2963 7.128707e-04 3.225760e-05
2964 7.115973e-04 3.219928e-05
2965 7.103262e-04 3.214107e-05
2966 7.090574e-04 3.208296e-05
2967 7.077909e-04 3.202496e-05
2968 7.065267e-04 3.196706e-05
2969 7.052648e-04 3.190926e-05
2970 7.040052e-04 3.185157e-05
2971 7.027479e-04 3.179399e-05
2972 7.014928e-04 3.173651e-05
2973 7.002400e-04 3.167913e-05
2974 6.989895e-04 3.162186e-05
2975 6.977413e-04 3.156469e-05
2976 6.964953e-04 3.150762e-05
2977 6.952515e-04 3.145066e-05
2978 6.940101e-04 3.139380e-05
2979 6.927708e-04 3.133704e-05
2980 6.915338e-04 3.128039e-05
2981 6.902991e-04 3.122383e-05
2982 6.890666e-04 3.116738e-05
2983 6.878363e-04 3.111104e-05
2984 6.866082e-04 3.105479e-05
2985 6.853824e-04 3.099864e-05
2986 6.841588e-04 3.094260e-05
2987 6.829374e-04 3.088666e-05
2988 6.817182e-04 3.083082e-05
2989 6.805012e-04 3.077508e-05
2990 6.792864e-04 3.071944e-05
2991 6.780738e-04 3.066390e-05
2992 6.768635e-04 3.060846e-05
2993 6.756553e-04 3.055313e-05
2994 6.744493e-04 3.049789e-05
2995 6.732454e-04 3.044275e-05
2996 6.720438e-04 3.038771e-05
2997 6.708443e-04 3.033277e-05
2998 6.696471e-04 3.027794e-05
2999 6.684519e-04 3.022320e-05
3000 6.672590e-04 3.016855e-05
3001 6.660682e-04 3.011401e-05
3002 6.648795e-04 3.005957e-05
3003 6.636930e-04 3.000522e-05
3004 6.625087e-04 2.995098e-05
3005 6.613265e-04 2.989683e-05
3006 6.601464e-04 2.984278e-05
3007 6.589685e-04 2.978882e-05
3008 6.577927e-04 2.973497e-05
3009 6.566191e-04 2.968121e-05
3010 6.554475e-04 2.962755e-05
3011 6.542781e-04 2.957398e-05
3012 6.531108e-04 2.952052e-05
3013 6.519457e-04 2.946714e-05
3014 6.507826e-04 2.941387e-05
3015 6.496216e-04 2.936069e-05
3016 6.484628e-04 2.930761e-05
3017 6.473060e-04 2.925463e-05
3018 6.461513e-04 2.920174e-05
3019 6.449988e-04 2.914894e-05
3020 6.438483e-04 2.909624e-05
3021 6.426999e-04 2.904364e-05
3022 6.415535e-04 2.899113e-05
3023 6.404093e-04 2.893872e-05
3024 6.392671e-04 2.888640e-05
3025 6.381270e-04 2.883417e-05
3026 6.369890e-04 2.878204e-05
3027 6.358530e-04 2.873001e-05
3028 6.347191e-04 2.867807e-05
3029 6.335872e-04 2.862622e-05
3030 6.324574e-04 2.857446e-05
3031 6.313296e-04 2.852280e-05
3032 6.302039e-04 2.847124e-05
3033 6.290802e-04 2.841976e-05
3034 6.279585e-04 2.836838e-05
3035 6.268389e-04 2.831709e-05
3036 6.257213e-04 2.826590e-05
3037 6.246057e-04 2.821480e-05
3038 6.234922e-04 2.816379e-05
3039 6.223806e-04 2.811287e-05
3040 6.212711e-04 2.806204e-05
3041 6.201636e-04 2.801131e-05
3042 6.190581e-04 2.796067e-05
3043 6.179546e-04 2.791012e-05
3044 6.168531e-04 2.785966e-05
3045 6.157536e-04 2.780929e-05
3046 6.146560e-04 2.775901e-05
3047 6.135605e-04 2.770883e-05
3048 6.124670e-04 2.765873e-05
3049 6.113754e-04 2.760873e-05
3050 6.102858e-04 2.755881e-05
3051 6.091982e-04 2.750899e-05
3052 6.081125e-04 2.745925e-05
3053 6.070288e-04 2.740961e-05
3054 6.059471e-04 2.736005e-05
3055 6.048674e-04 2.731059e-05
3056 6.037896e-04 2.726121e-05
3057 6.027137e-04 2.721193e-05
3058 6.016398e-04 2.716273e-05
3059 6.005679e-04 2.711362e-05
3060 5.994979e-04 2.706460e-05
3061 5.984298e-04 2.701567e-05
3062 5.973636e-04 2.696683e-05
3063 5.962994e-04 2.691808e-05
3064 5.952371e-04 2.686941e-05
3065 5.941768e-04 2.682083e-05
3066 5.931184e-04 2.677234e-05
3067 5.920618e-04 2.672394e-05
3068 5.910072e-04 2.667563e-05
3069 5.899545e-04 2.662740e-05
3070 5.889038e-04 2.657926e-05
3071 5.878549e-04 2.653121e-05
3072 5.868079e-04 2.648324e-05
3073 5.857628e-04 2.643536e-05
3074 5.847196e-04 2.638757e-05
3075 5.836783e-04 2.633986e-05
3076 5.826389e-04 2.629224e-05
3077 5.816014e-04 2.624471e-05
3078 5.805657e-04 2.619726e-05
3079 5.795319e-04 2.614990e-05
3080 5.785000e-04 2.610262e-05
3081 5.774700e-04 2.605543e-05
3082 5.764418e-04 2.600832e-05
3083 5.754155e-04 2.596130e-05
3084 5.743911e-04 2.591436e-05
3085 5.733685e-04 2.586751e-05
3086 5.723477e-04 2.582075e-05
3087 5.713288e-04 2.577406e-05
3088 5.703118e-04 2.572747e-05
3089 5.692966e-04 2.568095e-05
3090 5.682832e-04 2.563453e-05
3091 5.672717e-04 2.558818e-05
3092 5.662620e-04 2.554192e-05
3093 5.652542e-04 2.549574e-05
3094 5.642481e-04 2.544965e-05
3095 5.632439e-04 2.540364e-05
3096 5.622415e-04 2.535771e-05
3097 5.612409e-04 2.531186e-05
3098 5.602422e-04 2.526610e-05
3099 5.592452e-04 2.522042e-05
3100 5.582501e-04 2.517483e-05
3101 5.572567e-04 2.512931e-05
3102 5.562652e-04 2.508388e-05
3103 5.552754e-04 2.503853e-05
3104 5.542875e-04 2.499326e-05
3105 5.533013e-04 2.494808e-05
3106 5.523169e-04 2.490297e-05
3107 5.513344e-04 2.485795e-05
3108 5.503535e-04 2.481301e-05
3109 5.493745e-04 2.476815e-05
3110 5.483972e-04 2.472337e-05
3111 5.474218e-04 2.467867e-05
3112 5.464480e-04 2.463406e-05
3113 5.454761e-04 2.458952e-05
3114 5.445059e-04 2.454506e-05
3115 5.435374e-04 2.450069e-05
3116 5.425708e-04 2.445639e-05
3117 5.416058e-04 2.441218e-05
3118 5.406426e-04 2.436804e-05
3119 5.396812e-04 2.432399e-05
3120 5.387215e-04 2.428001e-05
3121 5.377636e-04 2.423611e-05
3122 5.368073e-04 2.419230e-05
3123 5.358528e-04 2.414856e-05
3124 5.349001e-04 2.410490e-05
3125 5.339491e-04 2.406132e-05
3126 5.329998e-04 2.401782e-05
3127 5.320522e-04 2.397440e-05
3128 5.311063e-04 2.393105e-05
3129 5.301622e-04 2.388779e-05
3130 5.292197e-04 2.384460e-05
3131 5.282790e-04 2.380149e-05
3132 5.273399e-04 2.375846e-05
3133 5.264026e-04 2.371551e-05
3134 5.254670e-04 2.367263e-05
3135 5.245331e-04 2.362983e-05
3136 5.236008e-04 2.358711e-05
3137 5.226703e-04 2.354447e-05
3138 5.217414e-04 2.350190e-05
3139 5.208142e-04 2.345941e-05
3140 5.198887e-04 2.341700e-05
3141 5.189649e-04 2.337466e-05
3142 5.180428e-04 2.333240e-05
3143 5.171223e-04 2.329022e-05
3144 5.162035e-04 2.324811e-05
3145 5.152863e-04 2.320608e-05
3146 5.143709e-04 2.316413e-05
3147 5.134570e-04 2.312225e-05
3148 5.125449e-04 2.308045e-05
3149 5.116344e-04 2.303872e-05
3150 5.107255e-04 2.299707e-05
3151 5.098183e-04 2.295549e-05
3152 5.089127e-04 2.291399e-05
3153 5.080088e-04 2.287256e-05
3154 5.071065e-04 2.283121e-05
3155 5.062059e-04 2.278993e-05
3156 5.053069e-04 2.274873e-05
3157 5.044095e-04 2.270760e-05
3158 5.035137e-04 2.266655e-05
3159 5.026196e-04 2.262557e-05
3160 5.017271e-04 2.258467e-05
3161 5.008362e-04 2.254383e-05
3162 4.999469e-04 2.250308e-05
3163 4.990592e-04 2.246239e-05
3164 4.981732e-04 2.242178e-05
3165 4.972887e-04 2.238125e-05
3166 4.964059e-04 2.234078e-05
3167 4.955246e-04 2.230039e-05
3168 4.946449e-04 2.226007e-05
3169 4.937669e-04 2.221983e-05
3170 4.928904e-04 2.217966e-05
3171 4.920156e-04 2.213956e-05
3172 4.911423e-04 2.209953e-05
3173 4.902706e-04 2.205958e-05
3174 4.894004e-04 2.201970e-05
3175 4.885319e-04 2.197989e-05
3176 4.876649e-04 2.194015e-05
3177 4.867995e-04 2.190048e-05
3178 4.859357e-04 2.186089e-05
3179 4.850734e-04 2.182137e-05
3180 4.842127e-04 2.178191e-05
3181 4.833536e-04 2.174253e-05
3182 4.824960e-04 2.170323e-05
3183 4.816400e-04 2.166399e-05
3184 4.807855e-04 2.162482e-05
3185 4.799326e-04 2.158573e-05
3186 4.790812e-04 2.154670e-05
3187 4.782314e-04 2.150775e-05
3188 4.773831e-04 2.146886e-05
3189 4.765363e-04 2.143005e-05
3190 4.756911e-04 2.139130e-05
3191 4.748474e-04 2.135263e-05
3192 4.740052e-04 2.131403e-05
3193 4.731646e-04 2.127549e-05
3194 4.723255e-04 2.123703e-05
3195 4.714879e-04 2.119863e-05
3196 4.706519e-04 2.116031e-05
3197 4.698173e-04 2.112205e-05
3198 4.689843e-04 2.108386e-05
3199 4.681528e-04 2.104575e-05
3200 4.673227e-04 2.100770e-05
3201 4.664942e-04 2.096972e-05
3202 4.656672e-04 2.093181e-05
3203 4.648417e-04 2.089396e-05
3204 4.640177e-04 2.085619e-05
3205 4.631952e-04 2.081848e-05
3206 4.623742e-04 2.078084e-05
3207 4.615546e-04 2.074327e-05
3208 4.607366e-04 2.070577e-05
3209 4.599200e-04 2.066834e-05
3210 4.591050e-04 2.063097e-05
3211 4.582913e-04 2.059367e-05
3212 4.574792e-04 2.055644e-05
3213 4.566686e-04 2.051927e-05
3214 4.558594e-04 2.048218e-05
3215 4.550517e-04 2.044515e-05
3216 4.542454e-04 2.040818e-05
3217 4.534406e-04 2.037129e-05
3218 4.526373e-04 2.033446e-05
3219 4.518354e-04 2.029769e-05
3220 4.510350e-04 2.026100e-05
3221 4.502361e-04 2.022437e-05
3222 4.494385e-04 2.018780e-05
3223 4.486425e-04 2.015131e-05
3224 4.478478e-04 2.011487e-05
3225 4.470547e-04 2.007851e-05
3226 4.462629e-04 2.004221e-05
3227 4.454726e-04 2.000597e-05
3228 4.446837e-04 1.996980e-05
3229 4.438963e-04 1.993370e-05
3230 4.431103e-04 1.989766e-05
3231 4.423257e-04 1.986169e-05
3232 4.415425e-04 1.982578e-05
3233 4.407608e-04 1.978994e-05
3234 4.399805e-04 1.975416e-05
3235 4.392016e-04 1.971844e-05
3236 4.384241e-04 1.968279e-05
3237 4.376480e-04 1.964721e-05
3238 4.368733e-04 1.961169e-05
3239 4.361001e-04 1.957623e-05
3240 4.353282e-04 1.954084e-05
3241 4.345577e-04 1.950551e-05
3242 4.337887e-04 1.947025e-05
3243 4.330210e-04 1.943505e-05
3244 4.322547e-04 1.939991e-05
3245 4.314898e-04 1.936484e-05
3246 4.307263e-04 1.932983e-05
3247 4.299642e-04 1.929488e-05
3248 4.292035e-04 1.926000e-05
3249 4.284441e-04 1.922518e-05
3250 4.276862e-04 1.919042e-05
3251 4.269296e-04 1.915572e-05
3252 4.261743e-04 1.912109e-05
3253 4.254205e-04 1.908652e-05
3254 4.246680e-04 1.905201e-05
3255 4.239169e-04 1.901757e-05
3256 4.231671e-04 1.898319e-05
3257 4.224187e-04 1.894887e-05
3258 4.216717e-04 1.891461e-05
3259 4.209260e-04 1.888041e-05
3260 4.201817e-04 1.884628e-05
3261 4.194387e-04 1.881221e-05
3262 4.186971e-04 1.877820e-05
3263 4.179568e-04 1.874425e-05
3264 4.172179e-04 1.871036e-05
3265 4.164803e-04 1.867653e-05
3266 4.157440e-04 1.864277e-05
3267 4.150091e-04 1.860906e-05
3268 4.142755e-04 1.857542e-05
3269 4.135433e-04 1.854183e-05
3270 4.128123e-04 1.850831e-05
3271 4.120827e-04 1.847485e-05
3272 4.113545e-04 1.844145e-05
3273 4.106275e-04 1.840811e-05
3274 4.099019e-04 1.837483e-05
3275 4.091776e-04 1.834161e-05
3276 4.084546e-04 1.830845e-05
3277 4.077329e-04 1.827535e-05
3278 4.070125e-04 1.824231e-05
3279 4.062934e-04 1.820933e-05
3280 4.055757e-04 1.817641e-05
3281 4.048592e-04 1.814354e-05
3282 4.041441e-04 1.811074e-05
3283 4.034302e-04 1.807800e-05
3284 4.027176e-04 1.804532e-05
3285 4.020064e-04 1.801269e-05
3286 4.012964e-04 1.798013e-05
3287 4.005877e-04 1.794762e-05
3288 3.998803e-04 1.791517e-05
3289 3.991742e-04 1.788278e-05
3290 3.984693e-04 1.785045e-05
3291 3.977658e-04 1.781818e-05
3292 3.970635e-04 1.778597e-05
3293 3.963625e-04 1.775381e-05
3294 3.956628e-04 1.772171e-05
3295 3.949643e-04 1.768967e-05
3296 3.942671e-04 1.765769e-05
3297 3.935712e-04 1.762577e-05
3298 3.928765e-04 1.759390e-05
3299 3.921831e-04 1.756209e-05
3300 3.914910e-04 1.753034e-05
3301 3.908001e-04 1.749865e-05
3302 3.901105e-04 1.746701e-05
3303 3.894221e-04 1.743543e-05
3304 3.887350e-04 1.740391e-05
3305 3.880491e-04 1.737245e-05
3306 3.873645e-04 1.734104e-05
3307 3.866811e-04 1.730969e-05
3308 3.859989e-04 1.727839e-05
3309 3.853180e-04 1.724716e-05
3310 3.846384e-04 1.721597e-05
3311 3.839599e-04 1.718485e-05
3312 3.832827e-04 1.715378e-05
3313 3.826068e-04 1.712277e-05
3314 3.819320e-04 1.709181e-05
3315 3.812585e-04 1.706091e-05
3316 3.805862e-04 1.703007e-05
3317 3.799151e-04 1.699928e-05
3318 3.792453e-04 1.696854e-05
3319 3.785766e-04 1.693787e-05
3320 3.779092e-04 1.690724e-05
3321 3.772430e-04 1.687668e-05
3322 3.765780e-04 1.684617e-05
3323 3.759142e-04 1.681571e-05
3324 3.752516e-04 1.678531e-05
3325 3.745902e-04 1.675496e-05
3326 3.739300e-04 1.672467e-05
3327 3.732711e-04 1.669443e-05
3328 3.726133e-04 1.666425e-05
3329 3.719567e-04 1.663412e-05
3330 3.713013e-04 1.660405e-05
3331 3.706471e-04 1.657403e-05
3332 3.699941e-04 1.654407e-05
3333 3.693422e-04 1.651416e-05
3334 3.686916e-04 1.648430e-05
3335 3.680421e-04 1.645450e-05
3336 3.673939e-04 1.642475e-05
3337 3.667468e-04 1.639505e-05
3338 3.661008e-04 1.636541e-05
3339 3.654561e-04 1.633583e-05
3340 3.648125e-04 1.630629e-05
3341 3.641701e-04 1.627681e-05
3342 3.635288e-04 1.624738e-05
3343 3.628888e-04 1.621801e-05
3344 3.622498e-04 1.618869e-05
3345 3.616121e-04 1.615942e-05
3346 3.609755e-04 1.613021e-05
3347 3.603400e-04 1.610104e-05
3348 3.597058e-04 1.607193e-05
3349 3.590726e-04 1.604288e-05
3350 3.584407e-04 1.601387e-05
3351 3.578098e-04 1.598492e-05
3352 3.571801e-04 1.595602e-05
3353 3.565516e-04 1.592718e-05
3354 3.559242e-04 1.589838e-05
3355 3.552980e-04 1.586964e-05
3356 3.546728e-04 1.584095e-05
3357 3.540489e-04 1.581231e-05
3358 3.534260e-04 1.578372e-05
3359 3.528043e-04 1.575518e-05
3360 3.521837e-04 1.572670e-05
3361 3.515643e-04 1.569827e-05
3362 3.509459e-04 1.566989e-05
3363 3.503287e-04 1.564156e-05
3364 3.497126e-04 1.561328e-05
3365 3.490977e-04 1.558505e-05
3366 3.484838e-04 1.555687e-05
3367 3.478711e-04 1.552875e-05
3368 3.472595e-04 1.550067e-05
3369 3.466490e-04 1.547265e-05
3370 3.460396e-04 1.544468e-05
3371 3.454313e-04 1.541675e-05
3372 3.448241e-04 1.538888e-05
3373 3.442181e-04 1.536106e-05
3374 3.436131e-04 1.533329e-05
3375 3.430092e-04 1.530557e-05
3376 3.424064e-04 1.527789e-05
3377 3.418048e-04 1.525027e-05
3378 3.412042e-04 1.522270e-05
3379 3.406047e-04 1.519518e-05
3380 3.400063e-04 1.516771e-05
3381 3.394090e-04 1.514029e-05
3382 3.388128e-04 1.511291e-05
3383 3.382176e-04 1.508559e-05
3384 3.376236e-04 1.505832e-05
3385 3.370306e-04 1.503109e-05
3386 3.364387e-04 1.500392e-05
3387 3.358479e-04 1.497679e-05
3388 3.352581e-04 1.494972e-05
3389 3.346695e-04 1.492269e-05
3390 3.340819e-04 1.489571e-05
3391 3.334953e-04 1.486878e-05
3392 3.329099e-04 1.484190e-05
3393 3.323254e-04 1.481506e-05
3394 3.317421e-04 1.478828e-05
3395 3.311598e-04 1.476154e-05
3396 3.305786e-04 1.473486e-05
3397 3.299985e-04 1.470822e-05
3398 3.294194e-04 1.468163e-05
3399 3.288413e-04 1.465508e-05
3400 3.282643e-04 1.462859e-05
3401 3.276884e-04 1.460214e-05
3402 3.271135e-04 1.457574e-05
3403 3.265396e-04 1.454939e-05
3404 3.259668e-04 1.452308e-05
3405 3.253950e-04 1.449683e-05
3406 3.248243e-04 1.447062e-05
3407 3.242546e-04 1.444446e-05
3408 3.236860e-04 1.441834e-05
3409 3.231183e-04 1.439228e-05
3410 3.225518e-04 1.436626e-05
3411 3.219862e-04 1.434028e-05
3412 3.214217e-04 1.431436e-05
3413 3.208582e-04 1.428848e-05
3414 3.202957e-04 1.426264e-05
3415 3.197343e-04 1.423686e-05
3416 3.191738e-04 1.421112e-05
3417 3.186144e-04 1.418543e-05
3418 3.180561e-04 1.415978e-05
3419 3.174987e-04 1.413418e-05
3420 3.169423e-04 1.410863e-05
3421 3.163870e-04 1.408312e-05
3422 3.158327e-04 1.405766e-05
3423 3.152793e-04 1.403224e-05
3424 3.147270e-04 1.400688e-05
3425 3.141757e-04 1.398155e-05
3426 3.136254e-04 1.395627e-05
3427 3.130761e-04 1.393104e-05
3428 3.125278e-04 1.390586e-05
3429 3.119805e-04 1.388072e-05
3430 3.114342e-04 1.385562e-05
3431 3.108889e-04 1.383057e-05
3432 3.103446e-04 1.380557e-05
3433 3.098012e-04 1.378061e-05
3434 3.092589e-04 1.375569e-05
3435 3.087176e-04 1.373082e-05
3436 3.081772e-04 1.370600e-05
3437 3.076378e-04 1.368122e-05
3438 3.070994e-04 1.365649e-05
3439 3.065620e-04 1.363180e-05
3440 3.060256e-04 1.360715e-05
3441 3.054901e-04 1.358255e-05
3442 3.049556e-04 1.355799e-05
3443 3.044221e-04 1.353348e-05
3444 3.038896e-04 1.350901e-05
3445 3.033580e-04 1.348459e-05
3446 3.028274e-04 1.346021e-05
3447 3.022977e-04 1.343588e-05
3448 3.017691e-04 1.341159e-05
3449 3.012414e-04 1.338734e-05
3450 3.007146e-04 1.336314e-05
3451 3.001888e-04 1.333898e-05
3452 2.996640e-04 1.331486e-05
3453 2.991401e-04 1.329079e-05
3454 2.986172e-04 1.326676e-05
3455 2.980952e-04 1.324277e-05
3456 2.975742e-04 1.321883e-05
3457 2.970542e-04 1.319493e-05
3458 2.965350e-04 1.317108e-05
3459 2.960169e-04 1.314727e-05
3460 2.954996e-04 1.312350e-05
3461 2.949834e-04 1.309977e-05
3462 2.944680e-04 1.307609e-05
3463 2.939536e-04 1.305245e-05
3464 2.934401e-04 1.302885e-05
3465 2.929276e-04 1.300529e-05
3466 2.924160e-04 1.298178e-05
3467 2.919054e-04 1.295831e-05
3468 2.913956e-04 1.293488e-05
3469 2.908868e-04 1.291150e-05
3470 2.903789e-04 1.288816e-05
3471 2.898720e-04 1.286485e-05
3472 2.893660e-04 1.284160e-05
3473 2.888609e-04 1.281838e-05
3474 2.883567e-04 1.279520e-05
3475 2.878534e-04 1.277207e-05
3476 2.873511e-04 1.274898e-05
3477 2.868496e-04 1.272593e-05
3478 2.863491e-04 1.270292e-05
3479 2.858495e-04 1.267996e-05
3480 2.853508e-04 1.265703e-05
3481 2.848530e-04 1.263415e-05
3482 2.843562e-04 1.261131e-05
3483 2.838602e-04 1.258851e-05
3484 2.833651e-04 1.256575e-05
3485 2.828710e-04 1.254303e-05
3486 2.823777e-04 1.252036e-05
3487 2.818853e-04 1.249772e-05
3488 2.813939e-04 1.247513e-05
3489 2.809033e-04 1.245257e-05
3490 2.804136e-04 1.243006e-05
3491 2.799248e-04 1.240759e-05
3492 2.794370e-04 1.238515e-05
3493 2.789500e-04 1.236276e-05
3494 2.784638e-04 1.234041e-05
3495 2.779786e-04 1.231810e-05
3496 2.774943e-04 1.229583e-05
3497 2.770108e-04 1.227360e-05
3498 2.765283e-04 1.225141e-05
3499 2.760466e-04 1.222926e-05
3500 2.755658e-04 1.220715e-05
3501 2.750858e-04 1.218508e-05
3502 2.746068e-04 1.216305e-05
3503 2.741286e-04 1.214106e-05
3504 2.736513e-04 1.211911e-05
3505 2.731748e-04 1.209720e-05
3506 2.726992e-04 1.207533e-05
3507 2.722245e-04 1.205350e-05
3508 2.717507e-04 1.203171e-05
3509 2.712777e-04 1.200996e-05
3510 2.708056e-04 1.198824e-05
3511 2.703344e-04 1.196657e-05
3512 2.698640e-04 1.194494e-05
3513 2.693944e-04 1.192334e-05
3514 2.689258e-04 1.190178e-05
3515 2.684579e-04 1.188027e-05
3516 2.679910e-04 1.185879e-05
3517 2.675249e-04 1.183735e-05
3518 2.670596e-04 1.181595e-05
3519 2.665952e-04 1.179458e-05
3520 2.661316e-04 1.177326e-05
3521 2.656689e-04 1.175198e-05
3522 2.652070e-04 1.173073e-05
3523 2.647460e-04 1.170952e-05
3524 2.642858e-04 1.168835e-05
3525 2.638265e-04 1.166722e-05
3526 2.633680e-04 1.164613e-05
3527 2.629103e-04 1.162507e-05
3528 2.624535e-04 1.160405e-05
3529 2.619975e-04 1.158307e-05
3530 2.615423e-04 1.156213e-05
3531 2.610880e-04 1.154123e-05
3532 2.606344e-04 1.152036e-05
3533 2.601818e-04 1.149954e-05
3534 2.597299e-04 1.147875e-05
3535 2.592789e-04 1.145799e-05
3536 2.588287e-04 1.143728e-05
3537 2.583793e-04 1.141660e-05
3538 2.579307e-04 1.139596e-05
3539 2.574830e-04 1.137536e-05
3540 2.570361e-04 1.135479e-05
3541 2.565900e-04 1.133426e-05
3542 2.561447e-04 1.131377e-05
3543 2.557002e-04 1.129332e-05
3544 2.552565e-04 1.127290e-05
3545 2.548137e-04 1.125252e-05
3546 2.543716e-04 1.123218e-05
3547 2.539304e-04 1.121187e-05
3548 2.534900e-04 1.119160e-05
3549 2.530503e-04 1.117136e-05
3550 2.526115e-04 1.115117e-05
3551 2.521735e-04 1.113101e-05
3552 2.517363e-04 1.111088e-05
3553 2.512999e-04 1.109080e-05
3554 2.508642e-04 1.107074e-05
3555 2.504294e-04 1.105073e-05
3556 2.499954e-04 1.103075e-05
3557 2.495621e-04 1.101081e-05
3558 2.491297e-04 1.099090e-05
3559 2.486980e-04 1.097103e-05
3560 2.482672e-04 1.095120e-05
3561 2.478371e-04 1.093140e-05
3562 2.474078e-04 1.091163e-05
3563 2.469793e-04 1.089191e-05
3564 2.465516e-04 1.087221e-05
3565 2.461246e-04 1.085256e-05
3566 2.456985e-04 1.083294e-05
3567 2.452731e-04 1.081335e-05
3568 2.448485e-04 1.079380e-05
3569 2.444246e-04 1.077429e-05
3570 2.440016e-04 1.075481e-05
3571 2.435793e-04 1.073537e-05
3572 2.431578e-04 1.071596e-05
3573 2.427371e-04 1.069658e-05
3574 2.423171e-04 1.067725e-05
3575 2.418979e-04 1.065794e-05
3576 2.414795e-04 1.063867e-05
3577 2.410618e-04 1.061944e-05
3578 2.406449e-04 1.060024e-05
3579 2.402288e-04 1.058108e-05
3580 2.398134e-04 1.056195e-05
3581 2.393988e-04 1.054285e-05
3582 2.389849e-04 1.052379e-05
3583 2.385718e-04 1.050476e-05
3584 2.381595e-04 1.048577e-05
3585 2.377479e-04 1.046681e-05
3586 2.373370e-04 1.044789e-05
3587 2.369270e-04 1.042900e-05
3588 2.365176e-04 1.041015e-05
3589 2.361090e-04 1.039133e-05
3590 2.357012e-04 1.037254e-05
3591 2.352941e-04 1.035379e-05
3592 2.348878e-04 1.033507e-05
3593 2.344822e-04 1.031638e-05
3594 2.340773e-04 1.029773e-05
3595 2.336732e-04 1.027912e-05
3596 2.332698e-04 1.026053e-05
3597 2.328672e-04 1.024198e-05
3598 2.324653e-04 1.022346e-05
3599 2.320641e-04 1.020498e-05
3600 2.316637e-04 1.018653e-05
3601 2.312640e-04 1.016812e-05
3602 2.308650e-04 1.014973e-05
3603 2.304668e-04 1.013138e-05
3604 2.300693e-04 1.011307e-05
3605 2.296725e-04 1.009478e-05
3606 2.292764e-04 1.007653e-05
3607 2.288811e-04 1.005831e-05
3608 2.284865e-04 1.004013e-05
3609 2.280926e-04 1.002198e-05
3610 2.276995e-04 1.000386e-05
3611 2.273070e-04 9.985772e-06
3612 2.269153e-04 9.967719e-06
3613 2.265243e-04 9.949698e-06
3614 2.261340e-04 9.931710e-06
3615 2.257445e-04 9.913754e-06
3616 2.253556e-04 9.895830e-06
3617 2.249675e-04 9.877940e-06
3618 2.245800e-04 9.860081e-06
3619 2.241933e-04 9.842255e-06
3620 2.238073e-04 9.824461e-06
3621 2.234220e-04 9.806699e-06
3622 2.230374e-04 9.788969e-06
3623 2.226535e-04 9.771272e-06
3624 2.222703e-04 9.753606e-06
3625 2.218878e-04 9.735972e-06
3626 2.215060e-04 9.718370e-06
3627 2.211250e-04 9.700800e-06
3628 2.207446e-04 9.683262e-06
3629 2.203649e-04 9.665755e-06
3630 2.199859e-04 9.648281e-06
3631 2.196076e-04 9.630837e-06
3632 2.192300e-04 9.613425e-06
3633 2.188531e-04 9.596045e-06
3634 2.184768e-04 9.578696e-06
3635 2.181013e-04 9.561379e-06
3636 2.177265e-04 9.544093e-06
3637 2.173523e-04 9.526838e-06
3638 2.169789e-04 9.509614e-06
3639 2.166061e-04 9.492421e-06
3640 2.162340e-04 9.475260e-06
3641 2.158626e-04 9.458129e-06
3642 2.154918e-04 9.441030e-06
3643 2.151218e-04 9.423961e-06
3644 2.147524e-04 9.406923e-06
3645 2.143837e-04 9.389916e-06
3646 2.140157e-04 9.372940e-06
3647 2.136483e-04 9.355995e-06
3648 2.132817e-04 9.339080e-06
3649 2.129157e-04 9.322195e-06
3650 2.125503e-04 9.305342e-06
3651 2.121857e-04 9.288518e-06
3652 2.118217e-04 9.271725e-06
3653 2.114584e-04 9.254963e-06
3654 2.110957e-04 9.238231e-06
3655 2.107337e-04 9.221529e-06
3656 2.103724e-04 9.204857e-06
3657 2.100117e-04 9.188215e-06
3658 2.096518e-04 9.171604e-06
3659 2.092924e-04 9.155022e-06
3660 2.089337e-04 9.138471e-06
3661 2.085757e-04 9.121949e-06
3662 2.082184e-04 9.105457e-06
3663 2.078617e-04 9.088995e-06
3664 2.075056e-04 9.072563e-06
3665 2.071502e-04 9.056161e-06
3666 2.067955e-04 9.039788e-06
3667 2.064414e-04 9.023445e-06
3668 2.060880e-04 9.007131e-06
3669 2.057352e-04 8.990847e-06
3670 2.053830e-04 8.974592e-06
3671 2.050315e-04 8.958367e-06
3672 2.046807e-04 8.942171e-06
3673 2.043305e-04 8.926004e-06
3674 2.039809e-04 8.909866e-06
3675 2.036320e-04 8.893758e-06
3676 2.032837e-04 8.877679e-06
3677 2.029361e-04 8.861629e-06
3678 2.025891e-04 8.845608e-06
3679 2.022428e-04 8.829615e-06
3680 2.018970e-04 8.813652e-06
3681 2.015519e-04 8.797718e-06
3682 2.012075e-04 8.781812e-06
3683 2.008637e-04 8.765935e-06
3684 2.005205e-04 8.750087e-06
3685 2.001779e-04 8.734268e-06
3686 1.998360e-04 8.718477e-06
3687 1.994947e-04 8.702715e-06
3688 1.991541e-04 8.686981e-06
3689 1.988140e-04 8.671276e-06
3690 1.984746e-04 8.655599e-06
3691 1.981358e-04 8.639950e-06
3692 1.977976e-04 8.624330e-06
3693 1.974601e-04 8.608738e-06
3694 1.971232e-04 8.593174e-06
3695 1.967869e-04 8.577638e-06
3696 1.964512e-04 8.562130e-06
3697 1.961161e-04 8.546651e-06
3698 1.957817e-04 8.531199e-06
3699 1.954478e-04 8.515775e-06
3700 1.951146e-04 8.500379e-06
3701 1.947820e-04 8.485011e-06
3702 1.944500e-04 8.469671e-06
3703 1.941186e-04 8.454359e-06
3704 1.937878e-04 8.439074e-06
3705 1.934577e-04 8.423817e-06
3706 1.931281e-04 8.408587e-06
3707 1.927992e-04 8.393385e-06
3708 1.924708e-04 8.378210e-06
3709 1.921431e-04 8.363063e-06
3710 1.918159e-04 8.347944e-06
3711 1.914894e-04 8.332851e-06
3712 1.911635e-04 8.317786e-06
3713 1.908381e-04 8.302748e-06
3714 1.905134e-04 8.287737e-06
3715 1.901893e-04 8.272754e-06
3716 1.898657e-04 8.257797e-06
3717 1.895428e-04 8.242868e-06
3718 1.892204e-04 8.227965e-06
3719 1.888987e-04 8.213090e-06
3720 1.885775e-04 8.198241e-06
3721 1.882570e-04 8.183420e-06
3722 1.879370e-04 8.168625e-06
3723 1.876176e-04 8.153856e-06
3724 1.872988e-04 8.139115e-06
3725 1.869806e-04 8.124400e-06
3726 1.866630e-04 8.109712e-06
3727 1.863459e-04 8.095050e-06
3728 1.860295e-04 8.080415e-06
3729 1.857136e-04 8.065806e-06
3730 1.853983e-04 8.051224e-06
3731 1.850836e-04 8.036668e-06
3732 1.847695e-04 8.022138e-06
3733 1.844559e-04 8.007635e-06
3734 1.841430e-04 7.993158e-06
3735 1.838306e-04 7.978707e-06
3736 1.835187e-04 7.964282e-06
3737 1.832075e-04 7.949883e-06
3738 1.828968e-04 7.935510e-06
3739 1.825867e-04 7.921163e-06
3740 1.822772e-04 7.906843e-06
3741 1.819683e-04 7.892548e-06
3742 1.816599e-04 7.878279e-06
3743 1.813521e-04 7.864035e-06
3744 1.810448e-04 7.849818e-06
3745 1.807382e-04 7.835626e-06
3746 1.804321e-04 7.821460e-06
3747 1.801265e-04 7.807319e-06
3748 1.798215e-04 7.793204e-06
3749 1.795171e-04 7.779115e-06
3750 1.792133e-04 7.765051e-06
3751 1.789100e-04 7.751012e-06
3752 1.786072e-04 7.736999e-06
3753 1.783051e-04 7.723011e-06
3754 1.780034e-04 7.709048e-06
3755 1.777024e-04 7.695111e-06
3756 1.774019e-04 7.681199e-06
3757 1.771019e-04 7.667312e-06
3758 1.768025e-04 7.653450e-06
3759 1.765037e-04 7.639613e-06
3760 1.762054e-04 7.625801e-06
3761 1.759077e-04 7.612015e-06
3762 1.756105e-04 7.598253e-06
3763 1.753139e-04 7.584516e-06
3764 1.750178e-04 7.570803e-06
3765 1.747222e-04 7.557116e-06
3766 1.744272e-04 7.543453e-06
3767 1.741328e-04 7.529815e-06
3768 1.738389e-04 7.516202e-06
3769 1.735455e-04 7.502613e-06
3770 1.732527e-04 7.489049e-06
3771 1.729604e-04 7.475510e-06
3772 1.726687e-04 7.461994e-06
3773 1.723775e-04 7.448504e-06
3774 1.720868e-04 7.435038e-06
3775 1.717967e-04 7.421596e-06
3776 1.715071e-04 7.408178e-06
3777 1.712181e-04 7.394785e-06
3778 1.709295e-04 7.381415e-06
3779 1.706416e-04 7.368070e-06
3780 1.703541e-04 7.354749e-06
3781 1.700672e-04 7.341453e-06
3782 1.697808e-04 7.328180e-06
3783 1.694949e-04 7.314931e-06
3784 1.692096e-04 7.301706e-06
3785 1.689248e-04 7.288505e-06
3786 1.686406e-04 7.275328e-06
3787 1.683568e-04 7.262175e-06
3788 1.680736e-04 7.249046e-06
3789 1.677909e-04 7.235940e-06
3790 1.675087e-04 7.222858e-06
3791 1.672271e-04 7.209800e-06
3792 1.669459e-04 7.196765e-06
3793 1.666653e-04 7.183754e-06
3794 1.663853e-04 7.170766e-06
3795 1.661057e-04 7.157802e-06
3796 1.658266e-04 7.144861e-06
3797 1.655481e-04 7.131944e-06
3798 1.652701e-04 7.119050e-06
3799 1.649926e-04 7.106179e-06
3800 1.647156e-04 7.093332e-06
3801 1.644391e-04 7.080508e-06
3802 1.641632e-04 7.067707e-06
3803 1.638877e-04 7.054929e-06
3804 1.636128e-04 7.042174e-06
3805 1.633384e-04 7.029442e-06
3806 1.630644e-04 7.016734e-06
3807 1.627910e-04 7.004048e-06
3808 1.625181e-04 6.991385e-06
3809 1.622457e-04 6.978745e-06
3810 1.619738e-04 6.966128e-06
3811 1.617024e-04 6.953534e-06
3812 1.614315e-04 6.940963e-06
3813 1.611612e-04 6.928414e-06
3814 1.608913e-04 6.915888e-06
3815 1.606219e-04 6.903385e-06
3816 1.603530e-04 6.890904e-06
3817 1.600846e-04 6.878446e-06
3818 1.598168e-04 6.866010e-06
3819 1.595494e-04 6.853597e-06
3820 1.592825e-04 6.841206e-06
3821 1.590161e-04 6.828838e-06
3822 1.587502e-04 6.816492e-06
3823 1.584848e-04 6.804168e-06
3824 1.582199e-04 6.791867e-06
3825 1.579554e-04 6.779587e-06
3826 1.576915e-04 6.767331e-06
3827 1.574281e-04 6.755096e-06
3828 1.571651e-04 6.742883e-06
3829 1.569027e-04 6.730692e-06
3830 1.566407e-04 6.718524e-06
3831 1.563792e-04 6.706377e-06
3832 1.561182e-04 6.694253e-06
3833 1.558577e-04 6.682150e-06
3834 1.555976e-04 6.670069e-06
3835 1.553381e-04 6.658010e-06
3836 1.550790e-04 6.645973e-06
3837 1.548204e-04 6.633958e-06
3838 1.545623e-04 6.621964e-06
3839 1.543047e-04 6.609992e-06
3840 1.540476e-04 6.598042e-06
3841 1.537909e-04 6.586113e-06
3842 1.535347e-04 6.574206e-06
3843 1.532790e-04 6.562320e-06
3844 1.530238e-04 6.550456e-06
3845 1.527690e-04 6.538613e-06
3846 1.525147e-04 6.526792e-06
3847 1.522609e-04 6.514992e-06
3848 1.520076e-04 6.503214e-06
3849 1.517547e-04 6.491456e-06
3850 1.515023e-04 6.479720e-06
3851 1.512504e-04 6.468006e-06
3852 1.509989e-04 6.456312e-06
3853 1.507479e-04 6.444639e-06
3854 1.504974e-04 6.432988e-06
3855 1.502473e-04 6.421358e-06
3856 1.499977e-04 6.409748e-06
3857 1.497486e-04 6.398160e-06
3858 1.494999e-04 6.386593e-06
3859 1.492517e-04 6.375046e-06
3860 1.490040e-04 6.363521e-06
3861 1.487567e-04 6.352016e-06
3862 1.485099e-04 6.340532e-06
3863 1.482635e-04 6.329069e-06
3864 1.480176e-04 6.317626e-06
3865 1.477722e-04 6.306205e-06
3866 1.475272e-04 6.294803e-06
3867 1.472827e-04 6.283423e-06
3868 1.470386e-04 6.272063e-06
3869 1.467950e-04 6.260724e-06
3870 1.465519e-04 6.249405e-06
3871 1.463091e-04 6.238106e-06
3872 1.460669e-04 6.226828e-06
3873 1.458251e-04 6.215571e-06
3874 1.455837e-04 6.204334e-06
3875 1.453428e-04 6.193117e-06
3876 1.451024e-04 6.181920e-06
3877 1.448624e-04 6.170744e-06
3878 1.446228e-04 6.159587e-06
3879 1.443837e-04 6.148451e-06
3880 1.441451e-04 6.137335e-06
3881 1.439069e-04 6.126240e-06
3882 1.436691e-04 6.115164e-06
3883 1.434318e-04 6.104108e-06
3884 1.431949e-04 6.093072e-06
3885 1.429584e-04 6.082057e-06
3886 1.427224e-04 6.071061e-06
3887 1.424869e-04 6.060085e-06
3888 1.422518e-04 6.049129e-06
3889 1.420171e-04 6.038192e-06
3890 1.417828e-04 6.027276e-06
3891 1.415490e-04 6.016379e-06
3892 1.413157e-04 6.005502e-06
3893 1.410828e-04 5.994644e-06
3894 1.408503e-04 5.983806e-06
3895 1.406182e-04 5.972988e-06
3896 1.403866e-04 5.962189e-06
3897 1.401554e-04 5.951410e-06
3898 1.399246e-04 5.940651e-06
3899 1.396943e-04 5.929910e-06
3900 1.394644e-04 5.919190e-06
3901 1.392349e-04 5.908488e-06
3902 1.390059e-04 5.897806e-06
3903 1.387773e-04 5.887143e-06
3904 1.385491e-04 5.876500e-06
3905 1.383214e-04 5.865876e-06
3906 1.380940e-04 5.855271e-06
3907 1.378671e-04 5.844685e-06
3908 1.376407e-04 5.834118e-06
3909 1.374146e-04 5.823570e-06
3910 1.371890e-04 5.813042e-06
3911 1.369638e-04 5.802532e-06
3912 1.367390e-04 5.792042e-06
3913 1.365146e-04 5.781570e-06
3914 1.362907e-04 5.771118e-06
3915 1.360671e-04 5.760684e-06
3916 1.358440e-04 5.750269e-06
3917 1.356214e-04 5.739873e-06
3918 1.353991e-04 5.729496e-06
3919 1.351772e-04 5.719137e-06
3920 1.349558e-04 5.708798e-06
3921 1.347348e-04 5.698477e-06
3922 1.345142e-04 5.688174e-06
3923 1.342940e-04 5.677890e-06
3924 1.340742e-04 5.667625e-06
3925 1.338548e-04 5.657379e-06
3926 1.336359e-04 5.647150e-06
3927 1.334173e-04 5.636941e-06
3928 1.331992e-04 5.626750e-06
3929 1.329815e-04 5.616577e-06
3930 1.327641e-04 5.606423e-06
3931 1.325472e-04 5.596287e-06
3932 1.323307e-04 5.586169e-06
3933 1.321146e-04 5.576070e-06
3934 1.318989e-04 5.565989e-06
3935 1.316837e-04 5.555926e-06
3936 1.314688e-04 5.545881e-06
3937 1.312543e-04 5.535855e-06
3938 1.310402e-04 5.525846e-06
3939 1.308266e-04 5.515856e-06
3940 1.306133e-04 5.505884e-06
3941 1.304004e-04 5.495930e-06
3942 1.301880e-04 5.485993e-06
3943 1.299759e-04 5.476075e-06
3944 1.297642e-04 5.466175e-06
3945 1.295529e-04 5.456292e-06
3946 1.293421e-04 5.446428e-06
3947 1.291316e-04 5.436581e-06
3948 1.289215e-04 5.426752e-06
3949 1.287118e-04 5.416941e-06
3950 1.285025e-04 5.407148e-06
3951 1.282936e-04 5.397372e-06
3952 1.280851e-04 5.387614e-06
3953 1.278770e-04 5.377874e-06
3954 1.276693e-04 5.368151e-06
3955 1.274619e-04 5.358446e-06
3956 1.272550e-04 5.348758e-06
3957 1.270485e-04 5.339088e-06
3958 1.268423e-04 5.329435e-06
3959 1.266365e-04 5.319800e-06
3960 1.264311e-04 5.310182e-06
3961 1.262261e-04 5.300582e-06
3962 1.260215e-04 5.290999e-06
3963 1.258173e-04 5.281433e-06
3964 1.256135e-04 5.271885e-06
3965 1.254100e-04 5.262354e-06
3966 1.252069e-04 5.252840e-06
3967 1.250042e-04 5.243343e-06
3968 1.248019e-04 5.233863e-06
3969 1.246000e-04 5.224401e-06
3970 1.243984e-04 5.214956e-06
3971 1.241973e-04 5.205528e-06
3972 1.239965e-04 5.196116e-06
3973 1.237961e-04 5.186722e-06
3974 1.235961e-04 5.177345e-06
3975 1.233964e-04 5.167985e-06
3976 1.231971e-04 5.158641e-06
3977 1.229982e-04 5.149315e-06
3978 1.227997e-04 5.140006e-06
3979 1.226016e-04 5.130713e-06
3980 1.224038e-04 5.121437e-06
3981 1.222064e-04 5.112178e-06
3982 1.220094e-04 5.102935e-06
3983 1.218127e-04 5.093710e-06
3984 1.216164e-04 5.084501e-06
3985 1.214205e-04 5.075308e-06
3986 1.212250e-04 5.066132e-06
3987 1.210298e-04 5.056973e-06
3988 1.208350e-04 5.047831e-06
3989 1.206405e-04 5.038705e-06
3990 1.204465e-04 5.029595e-06
3991 1.202528e-04 5.020502e-06
3992 1.200594e-04 5.011425e-06
3993 1.198665e-04 5.002365e-06
3994 1.196739e-04 4.993321e-06
3995 1.194816e-04 4.984294e-06
3996 1.192898e-04 4.975282e-06
3997 1.190982e-04 4.966288e-06
3998 1.189071e-04 4.957309e-06
3999 1.187163e-04 4.948346e-06
4000 1.185259e-04 4.939400e-06
4001 1.183358e-04 4.930470e-06
4002 1.181461e-04 4.921556e-06
4003 1.179568e-04 4.912659e-06
4004 1.177678e-04 4.903777e-06
4005 1.175791e-04 4.894911e-06
4006 1.173909e-04 4.886062e-06
4007 1.172030e-04 4.877228e-06
4008 1.170154e-04 4.868410e-06
4009 1.168282e-04 4.859609e-06
4010 1.166414e-04 4.850823e-06
4011 1.164549e-04 4.842053e-06
4012 1.162687e-04 4.833299e-06
4013 1.160829e-04 4.824561e-06
4014 1.158975e-04 4.815838e-06
4015 1.157124e-04 4.807132e-06
4016 1.155277e-04 4.798441e-06
4017 1.153433e-04 4.789766e-06
4018 1.151593e-04 4.781106e-06
4019 1.149756e-04 4.772462e-06
4020 1.147923e-04 4.763834e-06
4021 1.146093e-04 4.755221e-06
4022 1.144267e-04 4.746624e-06
4023 1.142444e-04 4.738043e-06
4024 1.140624e-04 4.729477e-06
4025 1.138808e-04 4.720926e-06
4026 1.136996e-04 4.712391e-06
4027 1.135187e-04 4.703872e-06
4028 1.133381e-04 4.695367e-06
4029 1.131579e-04 4.686878e-06
4030 1.129780e-04 4.678405e-06
4031 1.127985e-04 4.669947e-06
4032 1.126193e-04 4.661504e-06
4033 1.124404e-04 4.653076e-06
4034 1.122619e-04 4.644664e-06
4035 1.120838e-04 4.636267e-06
4036 1.119059e-04 4.627885e-06
4037 1.117284e-04 4.619518e-06
4038 1.115513e-04 4.611166e-06
4039 1.113745e-04 4.602830e-06
4040 1.111980e-04 4.594508e-06
4041 1.110218e-04 4.586201e-06
4042 1.108460e-04 4.577910e-06
4043 1.106706e-04 4.569633e-06
4044 1.104954e-04 4.561372e-06
4045 1.103206e-04 4.553125e-06
4046 1.101461e-04 4.544894e-06
4047 1.099720e-04 4.536677e-06
4048 1.097982e-04 4.528475e-06
4049 1.096247e-04 4.520288e-06
4050 1.094516e-04 4.512115e-06
4051 1.092788e-04 4.503958e-06
4052 1.091063e-04 4.495815e-06
4053 1.089341e-04 4.487687e-06
4054 1.087623e-04 4.479574e-06
4055 1.085908e-04 4.471475e-06
4056 1.084196e-04 4.463391e-06
4057 1.082488e-04 4.455321e-06
4058 1.080783e-04 4.447267e-06
4059 1.079081e-04 4.439226e-06
4060 1.077382e-04 4.431201e-06
4061 1.075687e-04 4.423189e-06
4062 1.073995e-04 4.415192e-06
4063 1.072306e-04 4.407210e-06
4064 1.070620e-04 4.399242e-06
4065 1.068938e-04 4.391289e-06
4066 1.067258e-04 4.383350e-06
4067 1.065582e-04 4.375425e-06
4068 1.063909e-04 4.367515e-06
4069 1.062240e-04 4.359618e-06
4070 1.060573e-04 4.351737e-06
4071 1.058910e-04 4.343869e-06
4072 1.057250e-04 4.336016e-06
4073 1.055593e-04 4.328176e-06
4074 1.053939e-04 4.320351e-06
4075 1.052289e-04 4.312541e-06
4076 1.050642e-04 4.304744e-06
4077 1.048997e-04 4.296961e-06
4078 1.047356e-04 4.289193e-06
4079 1.045718e-04 4.281438e-06
4080 1.044084e-04 4.273698e-06
4081 1.042452e-04 4.265971e-06
4082 1.040823e-04 4.258259e-06
4083 1.039198e-04 4.250560e-06
4084 1.037576e-04 4.242875e-06
4085 1.035957e-04 4.235205e-06
4086 1.034341e-04 4.227548e-06
4087 1.032728e-04 4.219905e-06
4088 1.031118e-04 4.212275e-06
4089 1.029511e-04 4.204660e-06
4090 1.027907e-04 4.197058e-06
4091 1.026307e-04 4.189470e-06
4092 1.024709e-04 4.181896e-06
4093 1.023115e-04 4.174336e-06
4094 1.021523e-04 4.166789e-06
4095 1.019935e-04 4.159255e-06
4096 1.018350e-04 4.151736e-06
4097 1.016768e-04 4.144230e-06
4098 1.015188e-04 4.136737e-06
4099 1.013612e-04 4.129259e-06
4100 1.012039e-04 4.121793e-06
4101 1.010469e-04 4.114341e-06
4102 1.008902e-04 4.106903e-06
4103 1.007338e-04 4.099478e-06
4104 1.005777e-04 4.092066e-06
4105 1.004219e-04 4.084668e-06
4106 1.002664e-04 4.077284e-06
4107 1.001112e-04 4.069912e-06
4108 9.995630e-05 4.062554e-06
4109 9.980170e-05 4.055209e-06
4110 9.964739e-05 4.047878e-06
4111 9.949339e-05 4.040560e-06
4112 9.933967e-05 4.033255e-06
4113 9.918626e-05 4.025963e-06
4114 9.903314e-05 4.018684e-06
4115 9.888032e-05 4.011419e-06
4116 9.872779e-05 4.004166e-06
4117 9.857556e-05 3.996927e-06
4118 9.842362e-05 3.989701e-06
4119 9.827197e-05 3.982488e-06
4120 9.812062e-05 3.975288e-06
4121 9.796955e-05 3.968101e-06
4122 9.781878e-05 3.960927e-06
4123 9.766831e-05 3.953766e-06
4124 9.751812e-05 3.946618e-06
4125 9.736822e-05 3.939483e-06
4126 9.721862e-05 3.932360e-06
4127 9.706930e-05 3.925251e-06
4128 9.692027e-05 3.918154e-06
4129 9.677153e-05 3.911071e-06
4130 9.662308e-05 3.904000e-06
4131 9.647491e-05 3.896942e-06
4132 9.632703e-05 3.889896e-06
4133 9.617944e-05 3.882864e-06
4134 9.603214e-05 3.875844e-06
4135 9.588511e-05 3.868837e-06
4136 9.573838e-05 3.861842e-06
4137 9.559193e-05 3.854860e-06
4138 9.544576e-05 3.847891e-06
4139 9.529987e-05 3.840934e-06
4140 9.515427e-05 3.833990e-06
4141 9.500895e-05 3.827058e-06
4142 9.486392e-05 3.820139e-06
4143 9.471916e-05 3.813233e-06
4144 9.457468e-05 3.806339e-06
4145 9.443049e-05 3.799457e-06
4146 9.428657e-05 3.792588e-06
4147 9.414294e-05 3.785732e-06
4148 9.399958e-05 3.778887e-06
4149 9.385651e-05 3.772055e-06
4150 9.371370e-05 3.765236e-06
4151 9.357118e-05 3.758429e-06
4152 9.342894e-05 3.751634e-06
4153 9.328697e-05 3.744851e-06
4154 9.314527e-05 3.738081e-06
4155 9.300386e-05 3.731322e-06
4156 9.286271e-05 3.724576e-06
4157 9.272185e-05 3.717843e-06
4158 9.258125e-05 3.711121e-06
4159 9.244093e-05 3.704412e-06
4160 9.230089e-05 3.697714e-06
4161 9.216111e-05 3.691029e-06
4162 9.202161e-05 3.684356e-06
4163 9.188238e-05 3.677695e-06
4164 9.174342e-05 3.671046e-06
4165 9.160473e-05 3.664409e-06
4166 9.146631e-05 3.657784e-06
4167 9.132817e-05 3.651171e-06
4168 9.119029e-05 3.644570e-06
4169 9.105268e-05 3.637981e-06
4170 9.091534e-05 3.631404e-06
4171 9.077826e-05 3.624839e-06
4172 9.064146e-05 3.618285e-06
4173 9.050492e-05 3.611744e-06
4174 9.036865e-05 3.605214e-06
4175 9.023264e-05 3.598696e-06
4176 9.009690e-05 3.592190e-06
4177 8.996143e-05 3.585696e-06
4178 8.982622e-05 3.579213e-06
4179 8.969127e-05 3.572742e-06
4180 8.955659e-05 3.566283e-06
4181 8.942217e-05 3.559835e-06
4182 8.928801e-05 3.553399e-06
4183 8.915412e-05 3.546975e-06
4184 8.902049e-05 3.540562e-06
4185 8.888712e-05 3.534161e-06
4186 8.875401e-05 3.527772e-06
4187 8.862116e-05 3.521394e-06
4188 8.848857e-05 3.515027e-06
4189 8.835624e-05 3.508673e-06
4190 8.822417e-05 3.502329e-06
4191 8.809236e-05 3.495997e-06
4192 8.796081e-05 3.489677e-06
4193 8.782951e-05 3.483368e-06
4194 8.769848e-05 3.477070e-06
4195 8.756770e-05 3.470784e-06
4196 8.743717e-05 3.464509e-06
4197 8.730691e-05 3.458245e-06
4198 8.717689e-05 3.451993e-06
4199 8.704714e-05 3.445752e-06
4200 8.691764e-05 3.439523e-06
4201 8.678839e-05 3.433304e-06
4202 8.665939e-05 3.427097e-06
4203 8.653065e-05 3.420901e-06
4204 8.640217e-05 3.414716e-06
4205 8.627393e-05 3.408543e-06
4206 8.614595e-05 3.402381e-06
4207 8.601822e-05 3.396229e-06
4208 8.589074e-05 3.390089e-06
4209 8.576351e-05 3.383960e-06
4210 8.563653e-05 3.377842e-06
4211 8.550980e-05 3.371735e-06
4212 8.538333e-05 3.365640e-06
4213 8.525710e-05 3.359555e-06
4214 8.513111e-05 3.353481e-06
4215 8.500538e-05 3.347418e-06
4216 8.487990e-05 3.341366e-06
4217 8.475466e-05 3.335325e-06
4218 8.462967e-05 3.329295e-06
4219 8.450492e-05 3.323276e-06
4220 8.438042e-05 3.317268e-06
4221 8.425617e-05 3.311271e-06
4222 8.413216e-05 3.305284e-06
4223 8.400840e-05 3.299308e-06
4224 8.388488e-05 3.293344e-06
4225 8.376161e-05 3.287389e-06
4226 8.363858e-05 3.281446e-06
4227 8.351579e-05 3.275514e-06
4228 8.339324e-05 3.269592e-06
4229 8.327094e-05 3.263680e-06
4230 8.314888e-05 3.257780e-06
4231 8.302706e-05 3.251890e-06
4232 8.290548e-05 3.246011e-06
4233 8.278414e-05 3.240143e-06
4234 8.266304e-05 3.234285e-06
4235 8.254218e-05 3.228437e-06
4236 8.242156e-05 3.222601e-06
4237 8.230118e-05 3.216774e-06
4238 8.218104e-05 3.210959e-06
4239 8.206114e-05 3.205153e-06
4240 8.194147e-05 3.199359e-06
4241 8.182204e-05 3.193575e-06
4242 8.170285e-05 3.187801e-06
4243 8.158389e-05 3.182038e-06
4244 8.146517e-05 3.176285e-06
4245 8.134669e-05 3.170542e-06
4246 8.122844e-05 3.164810e-06
4247 8.111042e-05 3.159088e-06
4248 8.099264e-05 3.153377e-06
4249 8.087510e-05 3.147676e-06
4250 8.075778e-05 3.141985e-06
4251 8.064070e-05 3.136305e-06
4252 8.052386e-05 3.130635e-06
4253 8.040724e-05 3.124975e-06
4254 8.029086e-05 3.119325e-06
4255 8.017471e-05 3.113686e-06
4256 8.005879e-05 3.108056e-06
4257 7.994310e-05 3.102437e-06
4258 7.982764e-05 3.096828e-06
4259 7.971241e-05 3.091229e-06
4260 7.959741e-05 3.085641e-06
4261 7.948264e-05 3.080062e-06
4262 7.936810e-05 3.074494e-06
4263 7.925378e-05 3.068935e-06
4264 7.913970e-05 3.063387e-06
4265 7.902584e-05 3.057848e-06
4266 7.891221e-05 3.052320e-06
4267 7.879880e-05 3.046802e-06
4268 7.868562e-05 3.041293e-06
4269 7.857267e-05 3.035795e-06
4270 7.845994e-05 3.030306e-06
4271 7.834744e-05 3.024828e-06
4272 7.823516e-05 3.019359e-06
4273 7.812311e-05 3.013900e-06
4274 7.801128e-05 3.008452e-06
4275 7.789967e-05 3.003013e-06
4276 7.778829e-05 2.997583e-06
4277 7.767713e-05 2.992164e-06
4278 7.756620e-05 2.986754e-06
4279 7.745548e-05 2.981355e-06
4280 7.734499e-05 2.975964e-06
4281 7.723471e-05 2.970584e-06
4282 7.712466e-05 2.965214e-06
4283 7.701483e-05 2.959853e-06
4284 7.690522e-05 2.954502e-06
4285 7.679583e-05 2.949160e-06
4286 7.668666e-05 2.943828e-06
4287 7.657770e-05 2.938506e-06
4288 7.646897e-05 2.933193e-06
4289 7.636045e-05 2.927890e-06
4290 7.625215e-05 2.922597e-06
4291 7.614407e-05 2.917313e-06
4292 7.603621e-05 2.912039e-06
4293 7.592856e-05 2.906774e-06
4294 7.582113e-05 2.901519e-06
4295 7.571391e-05 2.896273e-06
4296 7.560691e-05 2.891037e-06
4297 7.550013e-05 2.885810e-06
4298 7.539356e-05 2.880593e-06
4299 7.528720e-05 2.875385e-06
4300 7.518106e-05 2.870187e-06
4301 7.507513e-05 2.864998e-06
4302 7.496942e-05 2.859818e-06
4303 7.486392e-05 2.854648e-06
4304 7.475863e-05 2.849487e-06
4305 7.465355e-05 2.844335e-06
4306 7.454868e-05 2.839193e-06
4307 7.444403e-05 2.834060e-06
4308 7.433959e-05 2.828936e-06
4309 7.423535e-05 2.823821e-06
4310 7.413133e-05 2.818716e-06
4311 7.402752e-05 2.813620e-06
4312 7.392392e-05 2.808533e-06
4313 7.382052e-05 2.803456e-06
4314 7.371734e-05 2.798387e-06
4315 7.361436e-05 2.793328e-06
4316 7.351159e-05 2.788278e-06
4317 7.340903e-05 2.783237e-06
4318 7.330668e-05 2.778205e-06
4319 7.320454e-05 2.773182e-06
4320 7.310260e-05 2.768169e-06
4321 7.300086e-05 2.763164e-06
4322 7.289934e-05 2.758168e-06
4323 7.279801e-05 2.753182e-06
4324 7.269690e-05 2.748204e-06
4325 7.259599e-05 2.743236e-06
4326 7.249528e-05 2.738276e-06
4327 7.239478e-05 2.733326e-06
4328 7.229448e-05 2.728384e-06
4329 7.219438e-05 2.723451e-06
4330 7.209449e-05 2.718527e-06
4331 7.199480e-05 2.713613e-06
4332 7.189531e-05 2.708707e-06
4333 7.179603e-05 2.703809e-06
4334 7.169694e-05 2.698921e-06
4335 7.159806e-05 2.694042e-06
4336 7.149938e-05 2.689171e-06
4337 7.140090e-05 2.684309e-06
4338 7.130262e-05 2.679456e-06
4339 7.120454e-05 2.674612e-06
4340 7.110665e-05 2.669777e-06
4341 7.100897e-05 2.664950e-06
4342 7.091149e-05 2.660132e-06
4343 7.081420e-05 2.655323e-06
4344 7.071712e-05 2.650522e-06
4345 7.062023e-05 2.645730e-06
4346 7.052354e-05 2.640947e-06
4347 7.042704e-05 2.636172e-06
4348 7.033074e-05 2.631406e-06
4349 7.023464e-05 2.626649e-06
4350 7.013874e-05 2.621900e-06
4351 7.004303e-05 2.617160e-06
4352 6.994751e-05 2.612428e-06
4353 6.985220e-05 2.607705e-06
4354 6.975707e-05 2.602991e-06
4355 6.966214e-05 2.598285e-06
4356 6.956741e-05 2.593587e-06
4357 6.947286e-05 2.588898e-06
4358 6.937851e-05 2.584218e-06
4359 6.928436e-05 2.579546e-06
4360 6.919039e-05 2.574882e-06
4361 6.909662e-05 2.570227e-06
4362 6.900304e-05 2.565580e-06
4363 6.890966e-05 2.560942e-06
4364 6.881646e-05 2.556312e-06
4365 6.872346e-05 2.551690e-06
4366 6.863064e-05 2.547077e-06
4367 6.853802e-05 2.542472e-06
4368 6.844558e-05 2.537875e-06
4369 6.835334e-05 2.533287e-06
4370 6.826128e-05 2.528707e-06
4371 6.816942e-05 2.524135e-06
4372 6.807774e-05 2.519572e-06
4373 6.798625e-05 2.515017e-06
4374 6.789495e-05 2.510470e-06
4375 6.780384e-05 2.505931e-06
4376 6.771291e-05 2.501401e-06
4377 6.762217e-05 2.496878e-06
4378 6.753162e-05 2.492364e-06
4379 6.744125e-05 2.487858e-06
4380 6.735107e-05 2.483360e-06
4381 6.726107e-05 2.478870e-06
4382 6.717127e-05 2.474389e-06
4383 6.708164e-05 2.469915e-06
4384 6.699220e-05 2.465450e-06
4385 6.690295e-05 2.460993e-06
4386 6.681387e-05 2.456543e-06
4387 6.672499e-05 2.452102e-06
4388 6.663628e-05 2.447669e-06
4389 6.654776e-05 2.443244e-06
4390 6.645942e-05 2.438827e-06
4391 6.637127e-05 2.434417e-06
4392 6.628329e-05 2.430016e-06
4393 6.619550e-05 2.425623e-06
4394 6.610789e-05 2.421237e-06
4395 6.602046e-05 2.416860e-06
4396 6.593321e-05 2.412491e-06
4397 6.584614e-05 2.408129e-06
4398 6.575926e-05 2.403775e-06
4399 6.567255e-05 2.399429e-06
4400 6.558602e-05 2.395091e-06
4401 6.549967e-05 2.390761e-06
4402 6.541350e-05 2.386439e-06
4403 6.532751e-05 2.382125e-06
4404 6.524169e-05 2.377818e-06
4405 6.515606e-05 2.373519e-06
4406 6.507060e-05 2.369228e-06
4407 6.498532e-05 2.364944e-06
4408 6.490022e-05 2.360669e-06
4409 6.481529e-05 2.356401e-06
4410 6.473054e-05 2.352141e-06
4411 6.464596e-05 2.347888e-06
4412 6.456157e-05 2.343643e-06
4413 6.447734e-05 2.339406e-06
4414 6.439330e-05 2.335177e-06
4415 6.430942e-05 2.330955e-06
4416 6.422572e-05 2.326741e-06
4417 6.414220e-05 2.322534e-06
4418 6.405885e-05 2.318335e-06
4419 6.397567e-05 2.314144e-06
4420 6.389267e-05 2.309960e-06
4421 6.380984e-05 2.305784e-06
4422 6.372718e-05 2.301615e-06
4423 6.364469e-05 2.297454e-06
4424 6.356238e-05 2.293301e-06
4425 6.348024e-05 2.289154e-06
4426 6.339827e-05 2.285016e-06
4427 6.331647e-05 2.280885e-06
4428 6.323484e-05 2.276761e-06
4429 6.315339e-05 2.272645e-06
4430 6.307210e-05 2.268536e-06
4431 6.299098e-05 2.264435e-06
4432 6.291003e-05 2.260341e-06
4433 6.282925e-05 2.256254e-06
4434 6.274865e-05 2.252175e-06
4435 6.266820e-05 2.248103e-06
4436 6.258793e-05 2.244039e-06
4437 6.250783e-05 2.239982e-06
4438 6.242789e-05 2.235932e-06
4439 6.234812e-05 2.231890e-06
4440 6.226852e-05 2.227855e-06
4441 6.218909e-05 2.223827e-06
4442 6.210982e-05 2.219807e-06
4443 6.203072e-05 2.215793e-06
4444 6.195179e-05 2.211787e-06
4445 6.187302e-05 2.207789e-06
4446 6.179441e-05 2.203797e-06
4447 6.171597e-05 2.199813e-06
4448 6.163770e-05 2.195836e-06
4449 6.155959e-05 2.191866e-06
4450 6.148164e-05 2.187903e-06
4451 6.140386e-05 2.183948e-06
4452 6.132625e-05 2.179999e-06
4453 6.124879e-05 2.176058e-06
4454 6.117150e-05 2.172124e-06
4455 6.109437e-05 2.168197e-06
4456 6.101741e-05 2.164277e-06
4457 6.094061e-05 2.160364e-06
4458 6.086397e-05 2.156458e-06
4459 6.078749e-05 2.152560e-06
4460 6.071117e-05 2.148668e-06
4461 6.063501e-05 2.144783e-06
4462 6.055902e-05 2.140906e-06
4463 6.048318e-05 2.137035e-06
4464 6.040750e-05 2.133171e-06
4465 6.033199e-05 2.129315e-06
4466 6.025663e-05 2.125465e-06
4467 6.018144e-05 2.121623e-06
4468 6.010640e-05 2.117787e-06
4469 6.003152e-05 2.113958e-06
4470 5.995680e-05 2.110136e-06
4471 5.988224e-05 2.106321e-06
4472 5.980784e-05 2.102513e-06
4473 5.973359e-05 2.098712e-06
4474 5.965950e-05 2.094918e-06
4475 5.958557e-05 2.091130e-06
4476 5.951180e-05 2.087350e-06
4477 5.943818e-05 2.083576e-06
4478 5.936472e-05 2.079809e-06
4479 5.929141e-05 2.076049e-06
4480 5.921826e-05 2.072296e-06
4481 5.914527e-05 2.068549e-06
4482 5.907243e-05 2.064809e-06
4483 5.899974e-05 2.061076e-06
4484 5.892721e-05 2.057350e-06
4485 5.885484e-05 2.053630e-06
4486 5.878262e-05 2.049918e-06
4487 5.871055e-05 2.046212e-06
4488 5.863863e-05 2.042512e-06
4489 5.856687e-05 2.038819e-06
4490 5.849526e-05 2.035133e-06
4491 5.842381e-05 2.031454e-06
4492 5.835251e-05 2.027781e-06
4493 5.828135e-05 2.024115e-06
4494 5.821035e-05 2.020456e-06
4495 5.813951e-05 2.016803e-06
4496 5.806881e-05 2.013157e-06
4497 5.799827e-05 2.009517e-06
4498 5.792787e-05 2.005884e-06
4499 5.785763e-05 2.002258e-06
4500 5.778753e-05 1.998638e-06
4501 5.771759e-05 1.995024e-06
4502 5.764779e-05 1.991417e-06
4503 5.757815e-05 1.987817e-06
4504 5.750865e-05 1.984223e-06
4505 5.743931e-05 1.980636e-06
4506 5.737011e-05 1.977055e-06
4507 5.730106e-05 1.973481e-06
4508 5.723216e-05 1.969913e-06
4509 5.716340e-05 1.966352e-06
4510 5.709480e-05 1.962797e-06
4511 5.702634e-05 1.959248e-06
4512 5.695802e-05 1.955706e-06
4513 5.688986e-05 1.952170e-06
4514 5.682184e-05 1.948641e-06
4515 5.675396e-05 1.945118e-06
4516 5.668624e-05 1.941601e-06
4517 5.661866e-05 1.938091e-06
4518 5.655122e-05 1.934587e-06
4519 5.648393e-05 1.931089e-06
4520 5.641678e-05 1.927598e-06
4521 5.634978e-05 1.924113e-06
4522 5.628292e-05 1.920634e-06
4523 5.621621e-05 1.917162e-06
4524 5.614964e-05 1.913696e-06
4525 5.608321e-05 1.910236e-06
4526 5.601693e-05 1.906783e-06
4527 5.595079e-05 1.903335e-06
4528 5.588480e-05 1.899894e-06
4529 5.581894e-05 1.896459e-06
4530 5.575323e-05 1.893031e-06
4531 5.568766e-05 1.889608e-06
4532 5.562223e-05 1.886192e-06
4533 5.555694e-05 1.882782e-06
4534 5.549180e-05 1.879378e-06
4535 5.542679e-05 1.875980e-06
4536 5.536193e-05 1.872589e-06
4537 5.529720e-05 1.869203e-06
4538 5.523262e-05 1.865824e-06
4539 5.516818e-05 1.862451e-06
4540 5.510387e-05 1.859083e-06
4541 5.503971e-05 1.855722e-06
4542 5.497568e-05 1.852367e-06
4543 5.491180e-05 1.849018e-06
4544 5.484805e-05 1.845675e-06
4545 5.478444e-05 1.842339e-06
4546 5.472097e-05 1.839008e-06
4547 5.465764e-05 1.835683e-06
4548 5.459444e-05 1.832364e-06
4549 5.453138e-05 1.829052e-06
4550 5.446846e-05 1.825745e-06
4551 5.440568e-05 1.822444e-06
4552 5.434303e-05 1.819149e-06
4553 5.428052e-05 1.815860e-06
4554 5.421814e-05 1.812577e-06
4555 5.415590e-05 1.809300e-06
4556 5.409380e-05 1.806029e-06
4557 5.403183e-05 1.802764e-06
4558 5.397000e-05 1.799505e-06
4559 5.390830e-05 1.796251e-06
4560 5.384674e-05 1.793004e-06
4561 5.378531e-05 1.789762e-06
4562 5.372401e-05 1.786527e-06
4563 5.366285e-05 1.783297e-06
4564 5.360182e-05 1.780073e-06
4565 5.354093e-05 1.776854e-06
4566 5.348017e-05 1.773642e-06
4567 5.341954e-05 1.770435e-06
4568 5.335904e-05 1.767235e-06
4569 5.329868e-05 1.764040e-06
4570 5.323845e-05 1.760850e-06
4571 5.317835e-05 1.757667e-06
4572 5.311838e-05 1.754489e-06
4573 5.305855e-05 1.751317e-06
4574 5.299884e-05 1.748151e-06
4575 5.293927e-05 1.744990e-06
4576 5.287983e-05 1.741836e-06
4577 5.282051e-05 1.738687e-06
4578 5.276133e-05 1.735543e-06
4579 5.270228e-05 1.732405e-06
4580 5.264336e-05 1.729273e-06
4581 5.258456e-05 1.726147e-06
4582 5.252590e-05 1.723026e-06
4583 5.246737e-05 1.719911e-06
4584 5.240896e-05 1.716802e-06
4585 5.235068e-05 1.713698e-06
4586 5.229253e-05 1.710600e-06
4587 5.223451e-05 1.707507e-06
4588 5.217662e-05 1.704420e-06
4589 5.211885e-05 1.701339e-06
4590 5.206122e-05 1.698263e-06
4591 5.200370e-05 1.695192e-06
4592 5.194632e-05 1.692128e-06
4593 5.188906e-05 1.689068e-06
4594 5.183193e-05 1.686015e-06
4595 5.177493e-05 1.682966e-06
4596 5.171805e-05 1.679924e-06
4597 5.166129e-05 1.676887e-06
4598 5.160467e-05 1.673855e-06
4599 5.154816e-05 1.670829e-06
4600 5.149179e-05 1.667808e-06
4601 5.143553e-05 1.664793e-06
4602 5.137941e-05 1.661783e-06
4603 5.132340e-05 1.658779e-06
4604 5.126752e-05 1.655780e-06
4605 5.121176e-05 1.652786e-06
4606 5.115613e-05 1.649798e-06
4607 5.110062e-05 1.646815e-06
4608 5.104524e-05 1.643838e-06
4609 5.098997e-05 1.640866e-06
4610 5.093483e-05 1.637899e-06
4611 5.087982e-05 1.634938e-06
4612 5.082492e-05 1.631982e-06
4613 5.077015e-05 1.629032e-06
4614 5.071549e-05 1.626087e-06
4615 5.066096e-05 1.623147e-06
4616 5.060655e-05 1.620212e-06
4617 5.055227e-05 1.617283e-06
4618 5.049810e-05 1.614359e-06
4619 5.044405e-05 1.611441e-06
4620 5.039013e-05 1.608527e-06
4621 5.033632e-05 1.605619e-06
4622 5.028263e-05 1.602716e-06
4623 5.022907e-05 1.599819e-06
4624 5.017562e-05 1.596926e-06
4625 5.012229e-05 1.594039e-06
4626 5.006908e-05 1.591157e-06
4627 5.001599e-05 1.588281e-06
4628 4.996302e-05 1.585409e-06
4629 4.991017e-05 1.582543e-06
4630 4.985744e-05 1.579682e-06
4631 4.980482e-05 1.576826e-06
4632 4.975232e-05 1.573975e-06
4633 4.969994e-05 1.571130e-06
4634 4.964767e-05 1.568289e-06
4635 4.959553e-05 1.565454e-06
4636 4.954350e-05 1.562624e-06
4637 4.949158e-05 1.559798e-06
4638 4.943978e-05 1.556978e-06
4639 4.938810e-05 1.554164e-06
4640 4.933654e-05 1.551354e-06
4641 4.928509e-05 1.548549e-06
4642 4.923375e-05 1.545749e-06
4643 4.918253e-05 1.542955e-06
4644 4.913143e-05 1.540165e-06
4645 4.908044e-05 1.537381e-06
4646 4.902956e-05 1.534601e-06
4647 4.897880e-05 1.531827e-06
4648 4.892816e-05 1.529057e-06
4649 4.887763e-05 1.526293e-06
4650 4.882721e-05 1.523534e-06
4651 4.877690e-05 1.520779e-06
4652 4.872671e-05 1.518030e-06
4653 4.867663e-05 1.515285e-06
4654 4.862667e-05 1.512546e-06
4655 4.857681e-05 1.509811e-06
4656 4.852707e-05 1.507082e-06
4657 4.847744e-05 1.504357e-06
4658 4.842793e-05 1.501637e-06
4659 4.837852e-05 1.498922e-06
4660 4.832923e-05 1.496212e-06
4661 4.828005e-05 1.493507e-06
4662 4.823098e-05 1.490807e-06
4663 4.818202e-05 1.488112e-06
4664 4.813317e-05 1.485422e-06
4665 4.808443e-05 1.482736e-06
4666 4.803580e-05 1.480055e-06
4667 4.798728e-05 1.477380e-06
4668 4.793887e-05 1.474709e-06
4669 4.789057e-05 1.472042e-06
4670 4.784239e-05 1.469381e-06
4671 4.779431e-05 1.466725e-06
4672 4.774633e-05 1.464073e-06
4673 4.769847e-05 1.461426e-06
4674 4.765072e-05 1.458784e-06
4675 4.760307e-05 1.456146e-06
4676 4.755554e-05 1.453514e-06
4677 4.750811e-05 1.450886e-06
4678 4.746079e-05 1.448263e-06
4679 4.741357e-05 1.445645e-06
4680 4.736647e-05 1.443031e-06
4681 4.731947e-05 1.440422e-06
4682 4.727257e-05 1.437818e-06
4683 4.722579e-05 1.435218e-06
4684 4.717911e-05 1.432624e-06
4685 4.713254e-05 1.430034e-06
4686 4.708607e-05 1.427448e-06
4687 4.703971e-05 1.424867e-06
4688 4.699345e-05 1.422291e-06
4689 4.694730e-05 1.419720e-06
4690 4.690126e-05 1.417153e-06
4691 4.685532e-05 1.414591e-06
4692 4.680948e-05 1.412034e-06
4693 4.676375e-05 1.409481e-06
4694 4.671813e-05 1.406933e-06
4695 4.667261e-05 1.404389e-06
4696 4.662719e-05 1.401850e-06
4697 4.658188e-05 1.399316e-06
4698 4.653667e-05 1.396786e-06
4699 4.649156e-05 1.394260e-06
4700 4.644656e-05 1.391740e-06
4701 4.640166e-05 1.389224e-06
4702 4.635686e-05 1.386712e-06
4703 4.631217e-05 1.384205e-06
4704 4.626757e-05 1.381702e-06
4705 4.622308e-05 1.379204e-06
4706 4.617870e-05 1.376711e-06
4707 4.613441e-05 1.374222e-06
4708 4.609023e-05 1.371737e-06
4709 4.604614e-05 1.369257e-06
4710 4.600216e-05 1.366782e-06
4711 4.595828e-05 1.364311e-06
4712 4.591450e-05 1.361844e-06
4713 4.587082e-05 1.359382e-06
4714 4.582724e-05 1.356925e-06
4715 4.578376e-05 1.354471e-06
4716 4.574039e-05 1.352023e-06
4717 4.569711e-05 1.349578e-06
4718 4.565393e-05 1.347138e-06
4719 4.561085e-05 1.344703e-06
4720 4.556787e-05 1.342272e-06
4721 4.552499e-05 1.339845e-06
4722 4.548221e-05 1.337423e-06
4723 4.543952e-05 1.335005e-06
4724 4.539694e-05 1.332591e-06
4725 4.535445e-05 1.330182e-06
4726 4.531206e-05 1.327777e-06
4727 4.526977e-05 1.325376e-06
4728 4.522758e-05 1.322980e-06
4729 4.518548e-05 1.320588e-06
4730 4.514348e-05 1.318201e-06
4731 4.510158e-05 1.315818e-06
4732 4.505977e-05 1.313439e-06
4733 4.501807e-05 1.311064e-06
4734 4.497646e-05 1.308694e-06
4735 4.493494e-05 1.306328e-06
4736 4.489352e-05 1.303966e-06
4737 4.485220e-05 1.301609e-06
4738 4.481097e-05 1.299256e-06
4739 4.476984e-05 1.296907e-06
4740 4.472880e-05 1.294562e-06
4741 4.468786e-05 1.292221e-06
4742 4.464702e-05 1.289885e-06
4743 4.460627e-05 1.287553e-06
4744 4.456561e-05 1.285225e-06
4745 4.452505e-05 1.282902e-06
4746 4.448458e-05 1.280582e-06
4747 4.444420e-05 1.278267e-06
4748 4.440392e-05 1.275956e-06
4749 4.436374e-05 1.273649e-06
4750 4.432365e-05 1.271347e-06
4751 4.428365e-05 1.269048e-06
4752 4.424374e-05 1.266754e-06
4753 4.420393e-05 1.264464e-06
4754 4.416421e-05 1.262178e-06
4755 4.412458e-05 1.259896e-06
4756 4.408504e-05 1.257618e-06
4757 4.404560e-05 1.255344e-06
4758 4.400625e-05 1.253075e-06
4759 4.396699e-05 1.250809e-06
4760 4.392782e-05 1.248548e-06
4761 4.388874e-05 1.246291e-06
4762 4.384975e-05 1.244037e-06
4763 4.381086e-05 1.241788e-06
4764 4.377206e-05 1.239543e-06
4765 4.373334e-05 1.237302e-06
4766 4.369472e-05 1.235065e-06
4767 4.365619e-05 1.232832e-06
4768 4.361775e-05 1.230604e-06
4769 4.357939e-05 1.228379e-06
4770 4.354113e-05 1.226158e-06
4771 4.350296e-05 1.223941e-06
4772 4.346488e-05 1.221728e-06
4773 4.342688e-05 1.219520e-06
4774 4.338898e-05 1.217315e-06
4775 4.335116e-05 1.215114e-06
4776 4.331343e-05 1.212917e-06
4777 4.327579e-05 1.210724e-06
4778 4.323824e-05 1.208535e-06
4779 4.320078e-05 1.206350e-06
4780 4.316341e-05 1.204169e-06
4781 4.312612e-05 1.201992e-06
4782 4.308892e-05 1.199819e-06
4783 4.305181e-05 1.197650e-06
4784 4.301478e-05 1.195485e-06
4785 4.297785e-05 1.193324e-06
4786 4.294100e-05 1.191166e-06
4787 4.290423e-05 1.189013e-06
4788 4.286755e-05 1.186863e-06
4789 4.283096e-05 1.184717e-06
4790 4.279446e-05 1.182575e-06
4791 4.275804e-05 1.180437e-06
4792 4.272171e-05 1.178303e-06
4793 4.268546e-05 1.176173e-06
4794 4.264930e-05 1.174046e-06
4795 4.261322e-05 1.171924e-06
4796 4.257723e-05 1.169805e-06
4797 4.254132e-05 1.167690e-06
4798 4.250550e-05 1.165579e-06
4799 4.246976e-05 1.163472e-06
4800 4.243411e-05 1.161368e-06
4801 4.239854e-05 1.159269e-06
4802 4.236306e-05 1.157173e-06
4803 4.232766e-05 1.155081e-06
4804 4.229234e-05 1.152992e-06
4805 4.225711e-05 1.150908e-06
4806 4.222196e-05 1.148827e-06
4807 4.218689e-05 1.146750e-06
4808 4.215191e-05 1.144677e-06
4809 4.211701e-05 1.142608e-06
4810 4.208219e-05 1.140542e-06
4811 4.204745e-05 1.138480e-06
4812 4.201280e-05 1.136421e-06
4813 4.197823e-05 1.134367e-06
4814 4.194374e-05 1.132316e-06
4815 4.190933e-05 1.130269e-06
4816 4.187501e-05 1.128225e-06
4817 4.184076e-05 1.126186e-06
4818 4.180660e-05 1.124150e-06
4819 4.177252e-05 1.122117e-06
4820 4.173852e-05 1.120089e-06
4821 4.170460e-05 1.118064e-06
4822 4.167076e-05 1.116042e-06
4823 4.163700e-05 1.114025e-06
4824 4.160332e-05 1.112010e-06
4825 4.156973e-05 1.110000e-06
4826 4.153621e-05 1.107993e-06
4827 4.150277e-05 1.105990e-06
4828 4.146941e-05 1.103991e-06
4829 4.143613e-05 1.101995e-06
4830 4.140293e-05 1.100002e-06
4831 4.136981e-05 1.098014e-06
4832 4.133677e-05 1.096028e-06
4833 4.130381e-05 1.094047e-06
4834 4.127092e-05 1.092069e-06
4835 4.123812e-05 1.090095e-06
4836 4.120539e-05 1.088124e-06
4837 4.117274e-05 1.086157e-06
4838 4.114017e-05 1.084193e-06
4839 4.110767e-05 1.082233e-06
4840 4.107526e-05 1.080276e-06
4841 4.104292e-05 1.078323e-06
4842 4.101066e-05 1.076374e-06
4843 4.097847e-05 1.074428e-06
4844 4.094637e-05 1.072485e-06
4845 4.091434e-05 1.070546e-06
4846 4.088238e-05 1.068611e-06
4847 4.085050e-05 1.066679e-06
4848 4.081870e-05 1.064750e-06
4849 4.078698e-05 1.062825e-06
4850 4.075533e-05 1.060904e-06
4851 4.072376e-05 1.058986e-06
4852 4.069226e-05 1.057071e-06
4853 4.066084e-05 1.055160e-06
4854 4.062949e-05 1.053252e-06
4855 4.059822e-05 1.051348e-06
4856 4.056703e-05 1.049447e-06
4857 4.053591e-05 1.047550e-06
4858 4.050486e-05 1.045656e-06
4859 4.047389e-05 1.043766e-06
4860 4.044299e-05 1.041879e-06
4861 4.041217e-05 1.039995e-06
4862 4.038142e-05 1.038115e-06
4863 4.035074e-05 1.036238e-06
4864 4.032014e-05 1.034365e-06
4865 4.028962e-05 1.032495e-06
4866 4.025916e-05 1.030628e-06
4867 4.022878e-05 1.028765e-06
4868 4.019847e-05 1.026905e-06
4869 4.016824e-05 1.025048e-06
4870 4.013808e-05 1.023195e-06
4871 4.010799e-05 1.021345e-06
4872 4.007797e-05 1.019499e-06
4873 4.004803e-05 1.017655e-06
4874 4.001815e-05 1.015816e-06
4875 3.998835e-05 1.013979e-06
4876 3.995863e-05 1.012146e-06
4877 3.992897e-05 1.010316e-06
4878 3.989939e-05 1.008489e-06
4879 3.986987e-05 1.006666e-06
4880 3.984043e-05 1.004846e-06
4881 3.981106e-05 1.003029e-06
4882 3.978176e-05 1.001216e-06
4883 3.975253e-05 9.994060e-07
4884 3.972337e-05 9.975991e-07
4885 3.969428e-05 9.957955e-07
4886 3.966527e-05 9.939952e-07
4887 3.963632e-05 9.921981e-07
4888 3.960744e-05 9.904043e-07
4889 3.957864e-05 9.886138e-07
4890 3.954990e-05 9.868264e-07
4891 3.952123e-05 9.850423e-07
4892 3.949263e-05 9.832614e-07
4893 3.946410e-05 9.814838e-07
4894 3.943564e-05 9.797093e-07
4895 3.940725e-05 9.779381e-07
4896 3.937893e-05 9.761701e-07
4897 3.935068e-05 9.744052e-07
4898 3.932249e-05 9.726436e-07
4899 3.929437e-05 9.708851e-07
4900 3.926633e-05 9.691298e-07
4901 3.923835e-05 9.673777e-07
4902 3.921043e-05 9.656288e-07
4903 3.918259e-05 9.638830e-07
4904 3.915481e-05 9.621404e-07
4905 3.912710e-05 9.604009e-07
4906 3.909946e-05 9.586646e-07
4907 3.907189e-05 9.569314e-07
4908 3.904438e-05 9.552013e-07
4909 3.901694e-05 9.534744e-07
4910 3.898956e-05 9.517506e-07
4911 3.896226e-05 9.500299e-07
4912 3.893502e-05 9.483123e-07
4913 3.890784e-05 9.465979e-07
4914 3.888073e-05 9.448865e-07
4915 3.885369e-05 9.431782e-07
4916 3.882671e-05 9.414730e-07
4917 3.879980e-05 9.397709e-07
4918 3.877296e-05 9.380719e-07
4919 3.874618e-05 9.363759e-07
4920 3.871946e-05 9.346830e-07
4921 3.869281e-05 9.329932e-07
4922 3.866623e-05 9.313064e-07
4923 3.863971e-05 9.296227e-07
4924 3.861326e-05 9.279420e-07
4925 3.858687e-05 9.262644e-07
4926 3.856054e-05 9.245898e-07
4927 3.853428e-05 9.229182e-07
4928 3.850808e-05 9.212496e-07
4929 3.848195e-05 9.195841e-07
4930 3.845588e-05 9.179215e-07
4931 3.842988e-05 9.162620e-07
4932 3.840393e-05 9.146055e-07
4933 3.837806e-05 9.129519e-07
4934 3.835224e-05 9.113014e-07
4935 3.832649e-05 9.096538e-07
4936 3.830080e-05 9.080093e-07
4937 3.827517e-05 9.063677e-07
4938 3.824961e-05 9.047290e-07
4939 3.822411e-05 9.030933e-07
4940 3.819867e-05 9.014606e-07
4941 3.817330e-05 8.998308e-07
4942 3.814798e-05 8.982040e-07
4943 3.812273e-05 8.965801e-07
4944 3.809754e-05 8.949592e-07
4945 3.807242e-05 8.933412e-07
4946 3.804735e-05 8.917261e-07
4947 3.802234e-05 8.901139e-07
4948 3.799740e-05 8.885047e-07
4949 3.797252e-05 8.868983e-07
4950 3.794770e-05 8.852949e-07
4951 3.792294e-05 8.836943e-07
4952 3.789824e-05 8.820967e-07
4953 3.787360e-05 8.805019e-07
4954 3.784902e-05 8.789101e-07
4955 3.782451e-05 8.773211e-07
4956 3.780005e-05 8.757349e-07
4957 3.777565e-05 8.741517e-07
4958 3.775131e-05 8.725713e-07
4959 3.772704e-05 8.709937e-07
4960 3.770282e-05 8.694190e-07
4961 3.767866e-05 8.678472e-07
4962 3.765456e-05 8.662782e-07
4963 3.763052e-05 8.647120e-07
4964 3.760654e-05 8.631487e-07
4965 3.758262e-05 8.615882e-07
4966 3.755876e-05 8.600305e-07
4967 3.753496e-05 8.584757e-07
4968 3.751121e-05 8.569236e-07
4969 3.748753e-05 8.553744e-07
4970 3.746390e-05 8.538279e-07
4971 3.744033e-05 8.522843e-07
4972 3.741682e-05 8.507434e-07
4973 3.739337e-05 8.492053e-07
4974 3.736997e-05 8.476700e-07
4975 3.734663e-05 8.461375e-07
4976 3.732335e-05 8.446078e-07
4977 3.730013e-05 8.430808e-07
4978 3.727697e-05 8.415566e-07
4979 3.725386e-05 8.400351e-07
4980 3.723081e-05 8.385164e-07
4981 3.720781e-05 8.370004e-07
4982 3.718488e-05 8.354872e-07
4983 3.716200e-05 8.339767e-07
4984 3.713917e-05 8.324689e-07
4985 3.711640e-05 8.309639e-07
4986 3.709369e-05 8.294616e-07
4987 3.707104e-05 8.279620e-07
4988 3.704844e-05 8.264651e-07
4989 3.702590e-05 8.249709e-07
4990 3.700341e-05 8.234794e-07
4991 3.698098e-05 8.219906e-07
4992 3.695860e-05 8.205045e-07
4993 3.693628e-05 8.190211e-07
4994 3.691401e-05 8.175404e-07
4995 3.689180e-05 8.160623e-07
4996 3.686965e-05 8.145870e-07
4997 3.684755e-05 8.131143e-07
4998 3.682550e-05 8.116442e-07
4999 3.680351e-05 8.101768e-07
5000 3.678158e-05 8.087121e-07
5001 3.675969e-05 8.072500e-07
5002 3.673787e-05 8.057906e-07
5003 3.671609e-05 8.043338e-07
5004 3.669437e-05 8.028796e-07
5005 3.667271e-05 8.014280e-07
5006 3.665110e-05 7.999791e-07
5007 3.662954e-05 7.985328e-07
5008 3.660803e-05 7.970891e-07
5009 3.658658e-05 7.956481e-07
5010 3.656518e-05 7.942096e-07
5011 3.654384e-05 7.927737e-07
5012 3.652255e-05 7.913405e-07
5013 3.650131e-05 7.899098e-07
5014 3.648012e-05 7.884817e-07
5015 3.645899e-05 7.870562e-07
5016 3.643791e-05 7.856332e-07
5017 3.641688e-05 7.842129e-07
5018 3.639590e-05 7.827951e-07
5019 3.637498e-05 7.813799e-07
5020 3.635411e-05 7.799672e-07
5021 3.633329e-05 7.785571e-07
5022 3.631252e-05 7.771495e-07
5023 3.629180e-05 7.757445e-07
5024 3.627114e-05 7.743420e-07
5025 3.625052e-05 7.729420e-07
5026 3.622996e-05 7.715446e-07
5027 3.620945e-05 7.701497e-07
5028 3.618899e-05 7.687574e-07
5029 3.616858e-05 7.673675e-07
5030 3.614822e-05 7.659802e-07
5031 3.612791e-05 7.645953e-07
5032 3.610766e-05 7.632130e-07
5033 3.608745e-05 7.618332e-07
5034 3.606730e-05 7.604559e-07
5035 3.604719e-05 7.590810e-07
5036 3.602713e-05 7.577087e-07
5037 3.600713e-05 7.563388e-07
5038 3.598717e-05 7.549714e-07
5039 3.596727e-05 7.536065e-07
5040 3.594741e-05 7.522440e-07
5041 3.592760e-05 7.508840e-07
5042 3.590785e-05 7.495265e-07
5043 3.588814e-05 7.481714e-07
5044 3.586848e-05 7.468187e-07
5045 3.584887e-05 7.454686e-07
5046 3.582931e-05 7.441208e-07
5047 3.580980e-05 7.427755e-07
5048 3.579034e-05 7.414326e-07
5049 3.577092e-05 7.400922e-07
5050 3.575156e-05 7.387541e-07
5051 3.573224e-05 7.374185e-07
5052 3.571297e-05 7.360853e-07
5053 3.569375e-05 7.347545e-07
5054 3.567458e-05 7.334262e-07
5055 3.565545e-05 7.321002e-07
5056 3.563637e-05 7.307766e-07
5057 3.561734e-05 7.294554e-07
5058 3.559836e-05 7.281366e-07
5059 3.557943e-05 7.268202e-07
5060 3.556054e-05 7.255062e-07
5061 3.554170e-05 7.241945e-07
5062 3.552291e-05 7.228852e-07
5063 3.550416e-05 7.215783e-07
5064 3.548546e-05 7.202738e-07
5065 3.546681e-05 7.189716e-07
5066 3.544821e-05 7.176717e-07
5067 3.542965e-05 7.163742e-07
5068 3.541114e-05 7.150791e-07
5069 3.539267e-05 7.137863e-07
5070 3.537425e-05 7.124958e-07
5071 3.535588e-05 7.112077e-07
5072 3.533755e-05 7.099219e-07
5073 3.531927e-05 7.086384e-07
5074 3.530104e-05 7.073572e-07
5075 3.528285e-05 7.060784e-07
5076 3.526470e-05 7.048019e-07
5077 3.524660e-05 7.035276e-07
5078 3.522855e-05 7.022557e-07
5079 3.521054e-05 7.009861e-07
5080 3.519258e-05 6.997188e-07
5081 3.517466e-05 6.984537e-07
5082 3.515679e-05 6.971910e-07
5083 3.513896e-05 6.959305e-07
5084 3.512118e-05 6.946723e-07
5085 3.510344e-05 6.934164e-07
5086 3.508575e-05 6.921628e-07
5087 3.506810e-05 6.909114e-07
5088 3.505049e-05 6.896623e-07
5089 3.503293e-05 6.884154e-07
5090 3.501542e-05 6.871708e-07
5091 3.499794e-05 6.859285e-07
5092 3.498051e-05 6.846884e-07
5093 3.496313e-05 6.834505e-07
5094 3.494579e-05 6.822149e-07
5095 3.492849e-05 6.809815e-07
5096 3.491124e-05 6.797503e-07
5097 3.489403e-05 6.785214e-07
5098 3.487686e-05 6.772947e-07
5099 3.485973e-05 6.760702e-07
5100 3.484265e-05 6.748479e-07
5101 3.482561e-05 6.736278e-07
5102 3.480862e-05 6.724100e-07
5103 3.479166e-05 6.711943e-07
5104 3.477475e-05 6.699809e-07
5105 3.475789e-05 6.687696e-07
5106 3.474106e-05 6.675605e-07
5107 3.472428e-05 6.663536e-07
5108 3.470754e-05 6.651489e-07
5109 3.469084e-05 6.639464e-07
5110 3.467418e-05 6.627460e-07
5111 3.465757e-05 6.615478e-07
5112 3.464099e-05 6.603518e-07
5113 3.462446e-05 6.591579e-07
5114 3.460797e-05 6.579662e-07
5115 3.459153e-05 6.567767e-07
5116 3.457512e-05 6.555893e-07
5117 3.455875e-05 6.544040e-07
5118 3.454243e-05 6.532209e-07
5119 3.452615e-05 6.520399e-07
5120 3.450990e-05 6.508611e-07
5121 3.449370e-05 6.496844e-07
5122 3.447754e-05 6.485098e-07
5123 3.446142e-05 6.473373e-07
5124 3.444535e-05 6.461670e-07
5125 3.442931e-05 6.449988e-07
5126 3.441331e-05 6.438327e-07
5127 3.439735e-05 6.426687e-07
5128 3.438143e-05 6.415068e-07
5129 3.436556e-05 6.403470e-07
5130 3.434972e-05 6.391893e-07
5131 3.433392e-05 6.380337e-07
5132 3.431817e-05 6.368802e-07
5133 3.430245e-05 6.357288e-07
5134 3.428677e-05 6.345794e-07
5135 3.427113e-05 6.334321e-07
5136 3.425553e-05 6.322870e-07
5137 3.423997e-05 6.311438e-07
5138 3.422445e-05 6.300028e-07
5139 3.420897e-05 6.288638e-07
5140 3.419353e-05 6.277268e-07
5141 3.417813e-05 6.265920e-07
5142 3.416276e-05 6.254591e-07
5143 3.414744e-05 6.243284e-07
5144 3.413215e-05 6.231996e-07
5145 3.411690e-05 6.220729e-07
5146 3.410169e-05 6.209483e-07
5147 3.408652e-05 6.198256e-07
5148 3.407139e-05 6.187050e-07
5149 3.405629e-05 6.175865e-07
5150 3.404123e-05 6.164699e-07
5151 3.402622e-05 6.153554e-07
5152 3.401124e-05 6.142429e-07
5153 3.399629e-05 6.131324e-07
5154 3.398139e-05 6.120239e-07
5155 3.396652e-05 6.109174e-07
5156 3.395169e-05 6.098129e-07
5157 3.393690e-05 6.087104e-07
5158 3.392214e-05 6.076099e-07
5159 3.390742e-05 6.065114e-07
5160 3.389274e-05 6.054149e-07
5161 3.387810e-05 6.043203e-07
5162 3.386349e-05 6.032278e-07
5163 3.384892e-05 6.021372e-07
5164 3.383439e-05 6.010486e-07
5165 3.381989e-05 5.999619e-07
5166 3.380543e-05 5.988772e-07
5167 3.379101e-05 5.977945e-07
5168 3.377662e-05 5.967138e-07
5169 3.376227e-05 5.956349e-07
5170 3.374796e-05 5.945581e-07
5171 3.373368e-05 5.934832e-07
5172 3.371944e-05 5.924102e-07
5173 3.370524e-05 5.913392e-07
5174 3.369107e-05 5.902701e-07
5175 3.367693e-05 5.892029e-07
5176 3.366283e-05 5.881377e-07
5177 3.364877e-05 5.870744e-07
5178 3.363475e-05 5.860130e-07
5179 3.362075e-05 5.849535e-07
5180 3.360680e-05 5.838960e-07
5181 3.359288e-05 5.828403e-07
5182 3.357899e-05 5.817866e-07
5183 3.356514e-05 5.807348e-07
5184 3.355133e-05 5.796849e-07
5185 3.353755e-05 5.786368e-07
5186 3.352380e-05 5.775907e-07
5187 3.351009e-05 5.765465e-07
5188 3.349641e-05 5.755041e-07
5189 3.348277e-05 5.744637e-07
5190 3.346916e-05 5.734251e-07
5191 3.345559e-05 5.723884e-07
5192 3.344205e-05 5.713535e-07
5193 3.342855e-05 5.703206e-07
5194 3.341508e-05 5.692895e-07
5195 3.340164e-05 5.682603e-07
5196 3.338824e-05 5.672329e-07
5197 3.337488e-05 5.662074e-07
5198 3.336154e-05 5.651837e-07
5199 3.334824e-05 5.641619e-07
5200 3.333498e-05 5.631420e-07
5201 3.332174e-05 5.621238e-07
5202 3.330854e-05 5.611076e-07
5203 3.329538e-05 5.600931e-07
5204 3.328224e-05 5.590805e-07
5205 3.326915e-05 5.580697e-07
5206 3.325608e-05 5.570608e-07
5207 3.324305e-05 5.560537e-07
5208 3.323005e-05 5.550484e-07
5209 3.321708e-05 5.540449e-07
5210 3.320414e-05 5.530432e-07
5211 3.319124e-05 5.520434e-07
5212 3.317837e-05 5.510453e-07
5213 3.316554e-05 5.500491e-07
5214 3.315273e-05 5.490546e-07
5215 3.313996e-05 5.480620e-07
5216 3.312722e-05 5.470711e-07
5217 3.311452e-05 5.460821e-07
5218 3.310184e-05 5.450948e-07
5219 3.308920e-05 5.441093e-07
5220 3.307659e-05 5.431256e-07
5221 3.306401e-05 5.421437e-07
5222 3.305146e-05 5.411635e-07
5223 3.303895e-05 5.401851e-07
5224 3.302646e-05 5.392085e-07
5225 3.301401e-05 5.382337e-07
5226 3.300159e-05 5.372606e-07
5227 3.298920e-05 5.362893e-07
5228 3.297685e-05 5.353197e-07
5229 3.296452e-05 5.343519e-07
5230 3.295223e-05 5.333858e-07
5231 3.293996e-05 5.324215e-07
5232 3.292773e-05 5.314589e-07
5233 3.291553e-05 5.304981e-07
5234 3.290336e-05 5.295390e-07
5235 3.289122e-05 5.285816e-07
5236 3.287911e-05 5.276260e-07
5237 3.286703e-05 5.266721e-07
5238 3.285498e-05 5.257199e-07
5239 3.284297e-05 5.247695e-07
5240 3.283098e-05 5.238207e-07
5241 3.281902e-05 5.228737e-07
5242 3.280710e-05 5.219284e-07
5243 3.279520e-05 5.209848e-07
5244 3.278333e-05 5.200429e-07
5245 3.277150e-05 5.191027e-07
5246 3.275969e-05 5.181642e-07
5247 3.274792e-05 5.172274e-07
5248 3.273617e-05 5.162923e-07
5249 3.272445e-05 5.153589e-07
5250 3.271277e-05 5.144271e-07
5251 3.270111e-05 5.134971e-07
5252 3.268948e-05 5.125687e-07
5253 3.267789e-05 5.116420e-07
5254 3.266632e-05 5.107170e-07
5255 3.265478e-05 5.097937e-07
5256 3.264327e-05 5.088720e-07
5257 3.263179e-05 5.079520e-07
5258 3.262033e-05 5.070337e-07
5259 3.260891e-05 5.061170e-07
5260 3.259752e-05 5.052020e-07
5261 3.258615e-05 5.042886e-07
5262 3.257482e-05 5.033769e-07
5263 3.256351e-05 5.024669e-07
5264 3.255223e-05 5.015584e-07
5265 3.254098e-05 5.006517e-07
5266 3.252976e-05 4.997465e-07
5267 3.251856e-05 4.988430e-07
5268 3.250740e-05 4.979412e-07
5269 3.249626e-05 4.970409e-07
5270 3.248515e-05 4.961423e-07
5271 3.247407e-05 4.952453e-07
5272 3.246302e-05 4.943500e-07
5273 3.245200e-05 4.934562e-07
5274 3.244100e-05 4.925641e-07
5275 3.243003e-05 4.916736e-07
5276 3.241909e-05 4.907847e-07
5277 3.240818e-05 4.898974e-07
5278 3.239729e-05 4.890117e-07
5279 3.238643e-05 4.881276e-07
5280 3.237560e-05 4.872451e-07
5281 3.236480e-05 4.863642e-07
5282 3.235402e-05 4.854849e-07
5283 3.234327e-05 4.846072e-07
5284 3.233255e-05 4.837310e-07
5285 3.232186e-05 4.828565e-07
5286 3.231119e-05 4.819835e-07
5287 3.230055e-05 4.811121e-07
5288 3.228994e-05 4.802423e-07
5289 3.227935e-05 4.793741e-07
5290 3.226879e-05 4.785074e-07
5291 3.225826e-05 4.776423e-07
5292 3.224775e-05 4.767788e-07
5293 3.223727e-05 4.759168e-07
5294 3.222682e-05 4.750564e-07
5295 3.221640e-05 4.741975e-07
5296 3.220600e-05 4.733402e-07
5297 3.219562e-05 4.724844e-07
5298 3.218527e-05 4.716302e-07
5299 3.217495e-05 4.707775e-07
5300 3.216466e-05 4.699264e-07
5301 3.215439e-05 4.690768e-07
5302 3.214415e-05 4.682288e-07
5303 3.213393e-05 4.673822e-07
5304 3.212374e-05 4.665373e-07
5305 3.211357e-05 4.656938e-07
5306 3.210343e-05 4.648519e-07
5307 3.209332e-05 4.640114e-07
5308 3.208323e-05 4.631725e-07
5309 3.207317e-05 4.623352e-07
5310 3.206313e-05 4.614993e-07
5311 3.205312e-05 4.606650e-07
5312 3.204313e-05 4.598321e-07
5313 3.203317e-05 4.590008e-07
5314 3.202323e-05 4.581709e-07
5315 3.201332e-05 4.573426e-07
5316 3.200343e-05 4.565158e-07
5317 3.199357e-05 4.556904e-07
5318 3.198373e-05 4.548666e-07
5319 3.197392e-05 4.540442e-07
5320 3.196414e-05 4.532233e-07
5321 3.195437e-05 4.524039e-07
5322 3.194464e-05 4.515860e-07
5323 3.193493e-05 4.507696e-07
5324 3.192524e-05 4.499546e-07
5325 3.191557e-05 4.491412e-07
5326 3.190593e-05 4.483291e-07
5327 3.189632e-05 4.475186e-07
5328 3.188673e-05 4.467095e-07
5329 3.187716e-05 4.459019e-07
5330 3.186762e-05 4.450957e-07
5331 3.185810e-05 4.442911e-07
5332 3.184861e-05 4.434878e-07
5333 3.183914e-05 4.426860e-07
5334 3.182969e-05 4.418857e-07
5335 3.182027e-05 4.410868e-07
5336 3.181087e-05 4.402893e-07
5337 3.180150e-05 4.394933e-07
5338 3.179215e-05 4.386988e-07
5339 3.178282e-05 4.379056e-07
5340 3.177352e-05 4.371139e-07
5341 3.176424e-05 4.363237e-07
5342 3.175498e-05 4.355348e-07
5343 3.174575e-05 4.347474e-07
5344 3.173654e-05 4.339614e-07
5345 3.172735e-05 4.331769e-07
5346 3.171819e-05 4.323937e-07
5347 3.170904e-05 4.316120e-07
5348 3.169993e-05 4.308317e-07
5349 3.169083e-05 4.300527e-07
5350 3.168176e-05 4.292752e-07
5351 3.167271e-05 4.284991e-07
5352 3.166369e-05 4.277245e-07
5353 3.165468e-05 4.269512e-07
5354 3.164570e-05 4.261793e-07
5355 3.163675e-05 4.254088e-07
5356 3.162781e-05 4.246397e-07
5357 3.161890e-05 4.238720e-07
5358 3.161001e-05 4.231056e-07
5359 3.160114e-05 4.223407e-07
5360 3.159230e-05 4.215771e-07
5361 3.158347e-05 4.208149e-07
5362 3.157467e-05 4.200541e-07
5363 3.156589e-05 4.192947e-07
5364 3.155714e-05 4.185367e-07
5365 3.154840e-05 4.177800e-07
5366 3.153969e-05 4.170247e-07
5367 3.153100e-05 4.162707e-07
5368 3.152233e-05 4.155181e-07
5369 3.151369e-05 4.147669e-07
5370 3.150506e-05 4.140171e-07
5371 3.149646e-05 4.132685e-07
5372 3.148788e-05 4.125214e-07
5373 3.147932e-05 4.117756e-07
5374 3.147078e-05 4.110311e-07
5375 3.146226e-05 4.102880e-07
5376 3.145377e-05 4.095462e-07
5377 3.144530e-05 4.088058e-07
5378 3.143684e-05 4.080667e-07
5379 3.142841e-05 4.073290e-07
5380 3.142000e-05 4.065926e-07
5381 3.141161e-05 4.058575e-07
5382 3.140325e-05 4.051237e-07
5383 3.139490e-05 4.043913e-07
5384 3.138657e-05 4.036602e-07
5385 3.137827e-05 4.029304e-07
5386 3.136999e-05 4.022019e-07
5387 3.136172e-05 4.014748e-07
5388 3.135348e-05 4.007489e-07
5389 3.134526e-05 4.000244e-07
5390 3.133706e-05 3.993012e-07
5391 3.132888e-05 3.985793e-07
5392 3.132072e-05 3.978587e-07
5393 3.131258e-05 3.971394e-07
5394 3.130446e-05 3.964214e-07
5395 3.129637e-05 3.957047e-07
5396 3.128829e-05 3.949893e-07
5397 3.128023e-05 3.942752e-07
5398 3.127220e-05 3.935624e-07
5399 3.126418e-05 3.928509e-07
5400 3.125618e-05 3.921406e-07
5401 3.124821e-05 3.914317e-07
5402 3.124025e-05 3.907240e-07
5403 3.123231e-05 3.900176e-07
5404 3.122440e-05 3.893125e-07
5405 3.121650e-05 3.886086e-07
5406 3.120862e-05 3.879060e-07
5407 3.120077e-05 3.872047e-07
5408 3.119293e-05 3.865047e-07
5409 3.118511e-05 3.858059e-07
5410 3.117731e-05 3.851084e-07
5411 3.116954e-05 3.844122e-07
5412 3.116178e-05 3.837172e-07
5413 3.115404e-05 3.830235e-07
5414 3.114632e-05 3.823310e-07
5415 3.113862e-05 3.816398e-07
5416 3.113094e-05 3.809498e-07
5417 3.112328e-05 3.802611e-07
5418 3.111563e-05 3.795736e-07
5419 3.110801e-05 3.788873e-07
5420 3.110041e-05 3.782023e-07
5421 3.109282e-05 3.775186e-07
5422 3.108525e-05 3.768361e-07
5423 3.107771e-05 3.761548e-07
5424 3.107018e-05 3.754747e-07
5425 3.106267e-05 3.747959e-07
5426 3.105518e-05 3.741183e-07
5427 3.104771e-05 3.734419e-07
5428 3.104025e-05 3.727668e-07
5429 3.103282e-05 3.720928e-07
5430 3.102540e-05 3.714201e-07
5431 3.101801e-05 3.707486e-07
5432 3.101063e-05 3.700783e-07
5433 3.100327e-05 3.694093e-07
5434 3.099593e-05 3.687414e-07
5435 3.098860e-05 3.680747e-07
5436 3.098130e-05 3.674093e-07
5437 3.097401e-05 3.667450e-07
5438 3.096674e-05 3.660820e-07
5439 3.095949e-05 3.654202e-07
5440 3.095226e-05 3.647595e-07
5441 3.094505e-05 3.641000e-07
5442 3.093785e-05 3.634418e-07
5443 3.093067e-05 3.627847e-07
5444 3.092351e-05 3.621288e-07
5445 3.091637e-05 3.614741e-07
5446 3.090925e-05 3.608206e-07
5447 3.090214e-05 3.601683e-07
5448 3.089505e-05 3.595171e-07
5449 3.088798e-05 3.588671e-07
5450 3.088093e-05 3.582183e-07
5451 3.087389e-05 3.575707e-07
5452 3.086688e-05 3.569242e-07
5453 3.085988e-05 3.562790e-07
5454 3.085289e-05 3.556348e-07
5455 3.084593e-05 3.549919e-07
5456 3.083898e-05 3.543501e-07
5457 3.083205e-05 3.537094e-07
5458 3.082514e-05 3.530700e-07
5459 3.081824e-05 3.524316e-07
5460 3.081136e-05 3.517945e-07
5461 3.080450e-05 3.511585e-07
5462 3.079765e-05 3.505236e-07
5463 3.079083e-05 3.498899e-07
5464 3.078402e-05 3.492573e-07
5465 3.077722e-05 3.486259e-07
5466 3.077045e-05 3.479956e-07
5467 3.076369e-05 3.473664e-07
5468 3.075694e-05 3.467384e-07
5469 3.075022e-05 3.461115e-07
5470 3.074351e-05 3.454858e-07
5471 3.073682e-05 3.448612e-07
5472 3.073014e-05 3.442377e-07
5473 3.072348e-05 3.436154e-07
5474 3.071684e-05 3.429941e-07
5475 3.071021e-05 3.423740e-07
5476 3.070361e-05 3.417550e-07
5477 3.069701e-05 3.411372e-07
5478 3.069044e-05 3.405204e-07
5479 3.068388e-05 3.399048e-07
5480 3.067733e-05 3.392903e-07
5481 3.067081e-05 3.386769e-07
5482 3.066429e-05 3.380646e-07
5483 3.065780e-05 3.374534e-07
5484 3.065132e-05 3.368433e-07
5485 3.064486e-05 3.362343e-07
5486 3.063841e-05 3.356264e-07
5487 3.063198e-05 3.350196e-07
5488 3.062557e-05 3.344139e-07
5489 3.061917e-05 3.338093e-07
5490 3.061279e-05 3.332058e-07
5491 3.060642e-05 3.326034e-07
5492 3.060007e-05 3.320021e-07
5493 3.059373e-05 3.314019e-07
5494 3.058741e-05 3.308027e-07
5495 3.058111e-05 3.302047e-07
5496 3.057482e-05 3.296077e-07
5497 3.056855e-05 3.290118e-07
5498 3.056229e-05 3.284169e-07
5499 3.055605e-05 3.278232e-07
5500 3.054983e-05 3.272305e-07
5501 3.054362e-05 3.266389e-07
5502 3.053742e-05 3.260484e-07
5503 3.053124e-05 3.254589e-07
5504 3.052508e-05 3.248705e-07
5505 3.051893e-05 3.242832e-07
5506 3.051280e-05 3.236969e-07
5507 3.050668e-05 3.231117e-07
5508 3.050058e-05 3.225275e-07
5509 3.049449e-05 3.219444e-07
5510 3.048842e-05 3.213624e-07
5511 3.048236e-05 3.207814e-07
5512 3.047631e-05 3.202014e-07
5513 3.047029e-05 3.196225e-07
5514 3.046427e-05 3.190447e-07
5515 3.045828e-05 3.184678e-07
5516 3.045229e-05 3.178921e-07
5517 3.044633e-05 3.173174e-07
5518 3.044037e-05 3.167437e-07
5519 3.043443e-05 3.161710e-07
5520 3.042851e-05 3.155994e-07
5521 3.042260e-05 3.150288e-07
5522 3.041671e-05 3.144593e-07
5523 3.041083e-05 3.138908e-07
5524 3.040496e-05 3.133233e-07
5525 3.039911e-05 3.127568e-07
5526 3.039327e-05 3.121914e-07
5527 3.038745e-05 3.116270e-07
5528 3.038164e-05 3.110636e-07
5529 3.037585e-05 3.105012e-07
5530 3.037007e-05 3.099398e-07
5531 3.036431e-05 3.093795e-07
5532 3.035856e-05 3.088201e-07
5533 3.035282e-05 3.082618e-07
5534 3.034710e-05 3.077045e-07
5535 3.034139e-05 3.071482e-07
5536 3.033570e-05 3.065929e-07
5537 3.033002e-05 3.060386e-07
5538 3.032435e-05 3.054853e-07
5539 3.031870e-05 3.049330e-07
5540 3.031306e-05 3.043817e-07
5541 3.030744e-05 3.038314e-07
5542 3.030183e-05 3.032821e-07
5543 3.029623e-05 3.027338e-07
5544 3.029065e-05 3.021865e-07
5545 3.028508e-05 3.016402e-07
5546 3.027953e-05 3.010948e-07
5547 3.027399e-05 3.005505e-07
5548 3.026846e-05 3.000071e-07
5549 3.026295e-05 2.994647e-07
5550 3.025745e-05 2.989233e-07
5551 3.025196e-05 2.983829e-07
5552 3.024649e-05 2.978434e-07
5553 3.024103e-05 2.973050e-07
5554 3.023558e-05 2.967674e-07
5555 3.023015e-05 2.962309e-07
5556 3.022473e-05 2.956954e-07
5557 3.021932e-05 2.951608e-07
5558 3.021393e-05 2.946271e-07
5559 3.020855e-05 2.940945e-07
5560 3.020318e-05 2.935628e-07
5561 3.019783e-05 2.930320e-07
5562 3.019249e-05 2.925023e-07
5563 3.018717e-05 2.919734e-07
5564 3.018185e-05 2.914456e-07
5565 3.017655e-05 2.909187e-07
5566 3.017126e-05 2.903927e-07
5567 3.016599e-05 2.898677e-07
5568 3.016073e-05 2.893436e-07
5569 3.015548e-05 2.888205e-07
5570 3.015024e-05 2.882984e-07
5571 3.014502e-05 2.877771e-07
5572 3.013981e-05 2.872569e-07
5573 3.013462e-05 2.867375e-07
5574 3.012943e-05 2.862191e-07
5575 3.012426e-05 2.857017e-07
5576 3.011910e-05 2.851851e-07
5577 3.011395e-05 2.846696e-07
5578 3.010882e-05 2.841549e-07
5579 3.010370e-05 2.836412e-07
5580 3.009859e-05 2.831284e-07
5581 3.009350e-05 2.826165e-07
5582 3.008841e-05 2.821055e-07
5583 3.008334e-05 2.815955e-07
5584 3.007828e-05 2.810864e-07
5585 3.007324e-05 2.805782e-07
5586 3.006820e-05 2.800710e-07
5587 3.006318e-05 2.795646e-07
5588 3.005817e-05 2.790592e-07
5589 3.005318e-05 2.785547e-07
5590 3.004819e-05 2.780511e-07
5591 3.004322e-05 2.775484e-07
5592 3.003826e-05 2.770466e-07
5593 3.003331e-05 2.765457e-07
5594 3.002838e-05 2.760457e-07
5595 3.002345e-05 2.755467e-07
5596 3.001854e-05 2.750485e-07
5597 3.001364e-05 2.745512e-07
5598 3.000875e-05 2.740549e-07
5599 3.000388e-05 2.735594e-07
5600 2.999901e-05 2.730648e-07
5601 2.999416e-05 2.725712e-07
5602 2.998932e-05 2.720784e-07
5603 2.998449e-05 2.715865e-07
5604 2.997968e-05 2.710955e-07
5605 2.997487e-05 2.706053e-07
5606 2.997008e-05 2.701161e-07
5607 2.996530e-05 2.696278e-07
5608 2.996053e-05 2.691403e-07
5609 2.995577e-05 2.686537e-07
5610 2.995102e-05 2.681680e-07
5611 2.994629e-05 2.676832e-07
5612 2.994156e-05 2.671992e-07
5613 2.993685e-05 2.667162e-07
5614 2.993215e-05 2.662340e-07
5615 2.992746e-05 2.657526e-07
5616 2.992279e-05 2.652722e-07
5617 2.991812e-05 2.647926e-07
5618 2.991347e-05 2.643139e-07
5619 2.990882e-05 2.638360e-07
5620 2.990419e-05 2.633590e-07
5621 2.989957e-05 2.628829e-07
5622 2.989496e-05 2.624076e-07
5623 2.989036e-05 2.619332e-07
5624 2.988577e-05 2.614596e-07
5625 2.988120e-05 2.609869e-07
5626 2.987663e-05 2.605151e-07
5627 2.987208e-05 2.600441e-07
5628 2.986754e-05 2.595740e-07
5629 2.986301e-05 2.591047e-07
5630 2.985849e-05 2.586362e-07
5631 2.985398e-05 2.581686e-07
5632 2.984948e-05 2.577019e-07
5633 2.984499e-05 2.572360e-07
5634 2.984051e-05 2.567709e-07
5635 2.983605e-05 2.563067e-07
5636 2.983159e-05 2.558433e-07
5637 2.982715e-05 2.553808e-07
5638 2.982272e-05 2.549191e-07
5639 2.981829e-05 2.544582e-07
5640 2.981388e-05 2.539982e-07
5641 2.980948e-05 2.535389e-07
5642 2.980509e-05 2.530806e-07
5643 2.980071e-05 2.526230e-07
5644 2.979634e-05 2.521663e-07
5645 2.979198e-05 2.517104e-07
5646 2.978763e-05 2.512553e-07
5647 2.978330e-05 2.508011e-07
5648 2.977897e-05 2.503476e-07
5649 2.977465e-05 2.498950e-07
5650 2.977035e-05 2.494432e-07
5651 2.976605e-05 2.489923e-07
5652 2.976177e-05 2.485421e-07
5653 2.975749e-05 2.480928e-07
5654 2.975323e-05 2.476442e-07
5655 2.974897e-05 2.471965e-07
5656 2.974473e-05 2.467496e-07
5657 2.974050e-05 2.463035e-07
5658 2.973627e-05 2.458582e-07
5659 2.973206e-05 2.454137e-07
5660 2.972786e-05 2.449700e-07
5661 2.972366e-05 2.445271e-07
5662 2.971948e-05 2.440851e-07
5663 2.971531e-05 2.436438e-07
5664 2.971115e-05 2.432033e-07
5665 2.970699e-05 2.427636e-07
5666 2.970285e-05 2.423247e-07
5667 2.969872e-05 2.418866e-07
5668 2.969460e-05 2.414493e-07
5669 2.969048e-05 2.410128e-07
5670 2.968638e-05 2.405770e-07
5671 2.968229e-05 2.401421e-07
5672 2.967821e-05 2.397079e-07
5673 2.967413e-05 2.392746e-07
5674 2.967007e-05 2.388420e-07
5675 2.966602e-05 2.384102e-07
5676 2.966197e-05 2.379791e-07
5677 2.965794e-05 2.375489e-07
5678 2.965391e-05 2.371194e-07
5679 2.964990e-05 2.366907e-07
5680 2.964590e-05 2.362628e-07
5681 2.964190e-05 2.358357e-07
5682 2.963792e-05 2.354093e-07
5683 2.963394e-05 2.349837e-07
5684 2.962997e-05 2.345589e-07
5685 2.962602e-05 2.341348e-07
5686 2.962207e-05 2.337115e-07
5687 2.961813e-05 2.332890e-07
5688 2.961420e-05 2.328672e-07
5689 2.961028e-05 2.324462e-07
5690 2.960637e-05 2.320259e-07
5691 2.960247e-05 2.316065e-07
5692 2.959858e-05 2.311877e-07
5693 2.959470e-05 2.307698e-07
5694 2.959083e-05 2.303525e-07
5695 2.958697e-05 2.299361e-07
5696 2.958311e-05 2.295204e-07
5697 2.957927e-05 2.291054e-07
5698 2.957544e-05 2.286912e-07
5699 2.957161e-05 2.282778e-07
5700 2.956779e-05 2.278651e-07
5701 2.956399e-05 2.274531e-07
5702 2.956019e-05 2.270419e-07
5703 2.955640e-05 2.266314e-07
5704 2.955262e-05 2.262217e-07
5705 2.954885e-05 2.258127e-07
5706 2.954508e-05 2.254044e-07
5707 2.954133e-05 2.249969e-07
5708 2.953759e-05 2.245901e-07
5709 2.953385e-05 2.241841e-07
5710 2.953013e-05 2.237788e-07
5711 2.952641e-05 2.233742e-07
5712 2.952270e-05 2.229704e-07
5713 2.951900e-05 2.225673e-07
5714 2.951531e-05 2.221649e-07
5715 2.951163e-05 2.217632e-07
5716 2.950796e-05 2.213623e-07
5717 2.950429e-05 2.209621e-07
5718 2.950064e-05 2.205626e-07
5719 2.949699e-05 2.201639e-07
5720 2.949335e-05 2.197658e-07
5721 2.948972e-05 2.193685e-07
5722 2.948610e-05 2.189719e-07
5723 2.948249e-05 2.185760e-07
5724 2.947889e-05 2.181808e-07
5725 2.947529e-05 2.177864e-07
5726 2.947170e-05 2.173926e-07
5727 2.946813e-05 2.169996e-07
5728 2.946456e-05 2.166073e-07
5729 2.946100e-05 2.162157e-07
5730 2.945745e-05 2.158248e-07
5731 2.945390e-05 2.154346e-07
5732 2.945037e-05 2.150451e-07
5733 2.944684e-05 2.146563e-07
5734 2.944332e-05 2.142682e-07
5735 2.943981e-05 2.138809e-07
5736 2.943631e-05 2.134942e-07
5737 2.943282e-05 2.131082e-07
5738 2.942933e-05 2.127229e-07
5739 2.942585e-05 2.123383e-07
5740 2.942239e-05 2.119544e-07
5741 2.941893e-05 2.115712e-07
5742 2.941547e-05 2.111887e-07
5743 2.941203e-05 2.108069e-07
5744 2.940859e-05 2.104258e-07
5745 2.940517e-05 2.100454e-07
5746 2.940175e-05 2.096656e-07
5747 2.939834e-05 2.092866e-07
5748 2.939493e-05 2.089082e-07
5749 2.939154e-05 2.085305e-07
5750 2.938815e-05 2.081535e-07
5751 2.938477e-05 2.077772e-07
5752 2.938140e-05 2.074015e-07
5753 2.937804e-05 2.070266e-07
5754 2.937468e-05 2.066523e-07
5755 2.937134e-05 2.062787e-07
5756 2.936800e-05 2.059057e-07
5757 2.936467e-05 2.055335e-07
5758 2.936134e-05 2.051619e-07
5759 2.935803e-05 2.047910e-07
5760 2.935472e-05 2.044207e-07
5761 2.935142e-05 2.040511e-07
5762 2.934813e-05 2.036822e-07
5763 2.934485e-05 2.033140e-07
5764 2.934157e-05 2.029464e-07
5765 2.933830e-05 2.025795e-07
5766 2.933504e-05 2.022133e-07
5767 2.933179e-05 2.018477e-07
5768 2.932854e-05 2.014828e-07
5769 2.932530e-05 2.011185e-07
5770 2.932207e-05 2.007549e-07
5771 2.931885e-05 2.003919e-07
5772 2.931564e-05 2.000296e-07
5773 2.931243e-05 1.996680e-07
5774 2.930923e-05 1.993070e-07
5775 2.930604e-05 1.989467e-07
5776 2.930285e-05 1.985870e-07
5777 2.929968e-05 1.982280e-07
5778 2.929651e-05 1.978696e-07
5779 2.929334e-05 1.975119e-07
5780 2.929019e-05 1.971548e-07
5781 2.928704e-05 1.967983e-07
5782 2.928390e-05 1.964425e-07
5783 2.928077e-05 1.960874e-07
5784 2.927764e-05 1.957329e-07
5785 2.927453e-05 1.953790e-07
5786 2.927142e-05 1.950258e-07
5787 2.926831e-05 1.946732e-07
5788 2.926522e-05 1.943212e-07
5789 2.926213e-05 1.939699e-07
5790 2.925905e-05 1.936192e-07
5791 2.925597e-05 1.932692e-07
5792 2.925291e-05 1.929198e-07
5793 2.924985e-05 1.925710e-07
5794 2.924680e-05 1.922228e-07
5795 2.924375e-05 1.918753e-07
5796 2.924071e-05 1.915284e-07
5797 2.923768e-05 1.911822e-07
5798 2.923466e-05 1.908365e-07
5799 2.923164e-05 1.904915e-07
5800 2.922863e-05 1.901471e-07
5801 2.922563e-05 1.898033e-07
5802 2.922263e-05 1.894602e-07
5803 2.921965e-05 1.891177e-07
5804 2.921667e-05 1.887757e-07
5805 2.921369e-05 1.884345e-07
5806 2.921072e-05 1.880938e-07
5807 2.920776e-05 1.877537e-07
5808 2.920481e-05 1.874143e-07
5809 2.920186e-05 1.870754e-07
5810 2.919892e-05 1.867372e-07
5811 2.919599e-05 1.863996e-07
5812 2.919306e-05 1.860626e-07
5813 2.919015e-05 1.857262e-07
5814 2.918723e-05 1.853905e-07
5815 2.918433e-05 1.850553e-07
5816 2.918143e-05 1.847207e-07
5817 2.917854e-05 1.843868e-07
5818 2.917565e-05 1.840534e-07
5819 2.917277e-05 1.837207e-07
5820 2.916990e-05 1.833885e-07
5821 2.916704e-05 1.830570e-07
5822 2.916418e-05 1.827260e-07
5823 2.916133e-05 1.823956e-07
5824 2.915848e-05 1.820659e-07
5825 2.915564e-05 1.817367e-07
5826 2.915281e-05 1.814082e-07
5827 2.914999e-05 1.810802e-07
5828 2.914717e-05 1.807528e-07
5829 2.914436e-05 1.804260e-07
5830 2.914155e-05 1.800998e-07
5831 2.913875e-05 1.797742e-07
5832 2.913596e-05 1.794492e-07
5833 2.913318e-05 1.791248e-07
5834 2.913040e-05 1.788009e-07
5835 2.912762e-05 1.784777e-07
5836 2.912486e-05 1.781550e-07
5837 2.912210e-05 1.778329e-07
5838 2.911935e-05 1.775114e-07
5839 2.911660e-05 1.771905e-07
5840 2.911386e-05 1.768701e-07
5841 2.911112e-05 1.765504e-07
5842 2.910840e-05 1.762312e-07
5843 2.910567e-05 1.759126e-07
5844 2.910296e-05 1.755945e-07
5845 2.910025e-05 1.752771e-07
5846 2.909755e-05 1.749602e-07
5847 2.909485e-05 1.746439e-07
5848 2.909216e-05 1.743281e-07
5849 2.908948e-05 1.740130e-07
5850 2.908680e-05 1.736984e-07
5851 2.908413e-05 1.733843e-07
5852 2.908146e-05 1.730709e-07
5853 2.907880e-05 1.727580e-07
5854 2.907615e-05 1.724456e-07
5855 2.907350e-05 1.721339e-07
5856 2.907086e-05 1.718227e-07
5857 2.906823e-05 1.715120e-07
5858 2.906560e-05 1.712019e-07
5859 2.906298e-05 1.708924e-07
5860 2.906036e-05 1.705835e-07
5861 2.905775e-05 1.702751e-07
5862 2.905515e-05 1.699672e-07
5863 2.905255e-05 1.696599e-07
5864 2.904996e-05 1.693532e-07
5865 2.904737e-05 1.690470e-07
5866 2.904479e-05 1.687414e-07
5867 2.904222e-05 1.684363e-07
5868 2.903965e-05 1.681318e-07
5869 2.903709e-05 1.678278e-07
5870 2.903453e-05 1.675244e-07
5871 2.903198e-05 1.672215e-07
5872 2.902944e-05 1.669192e-07
5873 2.902690e-05 1.666174e-07
5874 2.902437e-05 1.663162e-07
5875 2.902184e-05 1.660155e-07
5876 2.901932e-05 1.657154e-07
5877 2.901680e-05 1.654158e-07
5878 2.901429e-05 1.651167e-07
5879 2.901179e-05 1.648182e-07
5880 2.900929e-05 1.645202e-07
5881 2.900680e-05 1.642228e-07
5882 2.900432e-05 1.639259e-07
5883 2.900183e-05 1.636295e-07
5884 2.899936e-05 1.633337e-07
5885 2.899689e-05 1.630384e-07
5886 2.899443e-05 1.627436e-07
5887 2.899197e-05 1.624494e-07
5888 2.898952e-05 1.621557e-07
5889 2.898707e-05 1.618625e-07
5890 2.898463e-05 1.615699e-07
5891 2.898219e-05 1.612778e-07
5892 2.897976e-05 1.609862e-07
5893 2.897734e-05 1.606952e-07
5894 2.897492e-05 1.604047e-07
5895 2.897251e-05 1.601147e-07
5896 2.897010e-05 1.598252e-07
5897 2.896770e-05 1.595362e-07
5898 2.896530e-05 1.592478e-07
5899 2.896291e-05 1.589599e-07
5900 2.896053e-05 1.586725e-07
5901 2.895815e-05 1.583856e-07
5902 2.895577e-05 1.580993e-07
5903 2.895340e-05 1.578135e-07
5904 2.895104e-05 1.575281e-07
5905 2.894868e-05 1.572433e-07
5906 2.894633e-05 1.569591e-07
5907 2.894398e-05 1.566753e-07
5908 2.894164e-05 1.563920e-07
5909 2.893930e-05 1.561093e-07
5910 2.893697e-05 1.558271e-07
5911 2.893465e-05 1.555453e-07
5912 2.893233e-05 1.552641e-07
5913 2.893001e-05 1.549834e-07
5914 2.892770e-05 1.547032e-07
5915 2.892540e-05 1.544235e-07
5916 2.892310e-05 1.541443e-07
5917 2.892080e-05 1.538657e-07
5918 2.891851e-05 1.535875e-07
5919 2.891623e-05 1.533098e-07
5920 2.891395e-05 1.530326e-07
5921 2.891168e-05 1.527560e-07
5922 2.890941e-05 1.524798e-07
5923 2.890715e-05 1.522041e-07
5924 2.890489e-05 1.519290e-07
5925 2.890264e-05 1.516543e-07
5926 2.890039e-05 1.513801e-07
5927 2.889815e-05 1.511064e-07
5928 2.889591e-05 1.508332e-07
5929 2.889368e-05 1.505605e-07
5930 2.889145e-05 1.502883e-07
5931 2.888923e-05 1.500166e-07
5932 2.888701e-05 1.497454e-07
5933 2.888480e-05 1.494747e-07
5934 2.888259e-05 1.492044e-07
5935 2.888039e-05 1.489347e-07
5936 2.887820e-05 1.486654e-07
5937 2.887600e-05 1.483967e-07
5938 2.887382e-05 1.481284e-07
5939 2.887164e-05 1.478606e-07
5940 2.886946e-05 1.475932e-07
5941 2.886729e-05 1.473264e-07
5942 2.886512e-05 1.470601e-07
5943 2.886296e-05 1.467942e-07
5944 2.886080e-05 1.465288e-07
5945 2.885865e-05 1.462639e-07
5946 2.885650e-05 1.459994e-07
5947 2.885436e-05 1.457355e-07
5948 2.885222e-05 1.454720e-07
5949 2.885009e-05 1.452090e-07
5950 2.884796e-05 1.449465e-07
5951 2.884584e-05 1.446844e-07
5952 2.884372e-05 1.444229e-07
5953 2.884161e-05 1.441617e-07
5954 2.883950e-05 1.439011e-07
5955 2.883739e-05 1.436410e-07
5956 2.883530e-05 1.433813e-07
5957 2.883320e-05 1.431220e-07
5958 2.883111e-05 1.428633e-07
5959 2.882903e-05 1.426050e-07
5960 2.882695e-05 1.423472e-07
5961 2.882487e-05 1.420898e-07
5962 2.882280e-05 1.418329e-07
5963 2.882073e-05 1.415765e-07
5964 2.881867e-05 1.413206e-07
5965 2.881662e-05 1.410651e-07
5966 2.881456e-05 1.408100e-07
5967 2.881252e-05 1.405555e-07
5968 2.881047e-05 1.403013e-07
5969 2.880844e-05 1.400477e-07
5970 2.880640e-05 1.397945e-07
5971 2.880437e-05 1.395418e-07
5972 2.880235e-05 1.392895e-07
5973 2.880033e-05 1.390377e-07
5974 2.879831e-05 1.387863e-07
5975 2.879630e-05 1.385354e-07
5976 2.879430e-05 1.382849e-07
5977 2.879230e-05 1.380349e-07
5978 2.879030e-05 1.377853e-07
5979 2.878831e-05 1.375362e-07
5980 2.878632e-05 1.372876e-07
5981 2.878433e-05 1.370394e-07
5982 2.878236e-05 1.367916e-07
5983 2.878038e-05 1.365443e-07
5984 2.877841e-05 1.362975e-07
5985 2.877644e-05 1.360510e-07
5986 2.877448e-05 1.358051e-07
5987 2.877253e-05 1.355595e-07
5988 2.877057e-05 1.353145e-07
5989 2.876863e-05 1.350698e-07
5990 2.876668e-05 1.348256e-07
5991 2.876474e-05 1.345819e-07
5992 2.876281e-05 1.343386e-07
5993 2.876088e-05 1.340957e-07
5994 2.875895e-05 1.338533e-07
5995 2.875703e-05 1.336113e-07
5996 2.875511e-05 1.333697e-07
5997 2.875320e-05 1.331286e-07
5998 2.875129e-05 1.328879e-07
5999 2.874938e-05 1.326476e-07
6000 2.874748e-05 1.324078e-07
6001 2.874559e-05 1.321684e-07
6002 2.874369e-05 1.319295e-07
6003 2.874181e-05 1.316910e-07
6004 2.873992e-05 1.314529e-07
6005 2.873804e-05 1.312152e-07
6006 2.873617e-05 1.309780e-07
6007 2.873430e-05 1.307412e-07
6008 2.873243e-05 1.305048e-07
6009 2.873057e-05 1.302689e-07
6010 2.872871e-05 1.300334e-07
6011 2.872686e-05 1.297983e-07
6012 2.872501e-05 1.295636e-07
6013 2.872316e-05 1.293294e-07
6014 2.872132e-05 1.290956e-07
6015 2.871948e-05 1.288622e-07
6016 2.871765e-05 1.286292e-07
6017 2.871582e-05 1.283967e-07
6018 2.871399e-05 1.281645e-07
6019 2.871217e-05 1.279328e-07
6020 2.871035e-05 1.277015e-07
6021 2.870854e-05 1.274706e-07
6022 2.870673e-05 1.272402e-07
6023 2.870492e-05 1.270101e-07
6024 2.870312e-05 1.267805e-07
6025 2.870133e-05 1.265513e-07
6026 2.869953e-05 1.263225e-07
6027 2.869774e-05 1.260941e-07
6028 2.869596e-05 1.258662e-07
6029 2.869418e-05 1.256386e-07
6030 2.869240e-05 1.254115e-07
6031 2.869063e-05 1.251847e-07
6032 2.868886e-05 1.249584e-07
6033 2.868709e-05 1.247325e-07
6034 2.868533e-05 1.245070e-07
6035 2.868357e-05 1.242819e-07
6036 2.868182e-05 1.240572e-07
6037 2.868007e-05 1.238329e-07
6038 2.867833e-05 1.236090e-07
6039 2.867658e-05 1.233856e-07
6040 2.867485e-05 1.231625e-07
6041 2.867311e-05 1.229398e-07
6042 2.867138e-05 1.227176e-07
6043 2.866965e-05 1.224957e-07
6044 2.866793e-05 1.222742e-07
6045 2.866621e-05 1.220532e-07
6046 2.866450e-05 1.218325e-07
6047 2.866279e-05 1.216122e-07
6048 2.866108e-05 1.213924e-07
6049 2.865938e-05 1.211729e-07
6050 2.865768e-05 1.209538e-07
6051 2.865598e-05 1.207352e-07
6052 2.865429e-05 1.205169e-07
6053 2.865260e-05 1.202990e-07
6054 2.865092e-05 1.200815e-07
6055 2.864923e-05 1.198644e-07
6056 2.864756e-05 1.196477e-07
6057 2.864588e-05 1.194314e-07
6058 2.864421e-05 1.192155e-07
6059 2.864255e-05 1.189999e-07
6060 2.864088e-05 1.187848e-07
6061 2.863923e-05 1.185700e-07
6062 2.863757e-05 1.183557e-07
6063 2.863592e-05 1.181417e-07
6064 2.863427e-05 1.179281e-07
6065 2.863263e-05 1.177149e-07
6066 2.863099e-05 1.175021e-07
6067 2.862935e-05 1.172896e-07
6068 2.862772e-05 1.170776e-07
6069 2.862609e-05 1.168659e-07
6070 2.862446e-05 1.166546e-07
6071 2.862284e-05 1.164437e-07
6072 2.862122e-05 1.162332e-07
6073 2.861960e-05 1.160231e-07
6074 2.861799e-05 1.158133e-07
6075 2.861638e-05 1.156039e-07
6076 2.861478e-05 1.153949e-07
6077 2.861318e-05 1.151863e-07
6078 2.861158e-05 1.149781e-07
6079 2.860999e-05 1.147702e-07
6080 2.860840e-05 1.145627e-07
6081 2.860681e-05 1.143556e-07
6082 2.860523e-05 1.141488e-07
6083 2.860365e-05 1.139425e-07
6084 2.860207e-05 1.137365e-07
6085 2.860050e-05 1.135308e-07
6086 2.859893e-05 1.133256e-07
6087 2.859736e-05 1.131207e-07
6088 2.859580e-05 1.129162e-07
6089 2.859424e-05 1.127120e-07
6090 2.859268e-05 1.125083e-07
6091 2.859113e-05 1.123049e-07
6092 2.858958e-05 1.121018e-07
6093 2.858803e-05 1.118992e-07
6094 2.858649e-05 1.116968e-07
6095 2.858495e-05 1.114949e-07
6096 2.858342e-05 1.112933e-07
6097 2.858189e-05 1.110921e-07
6098 2.858036e-05 1.108913e-07
6099 2.857883e-05 1.106908e-07
6100 2.857731e-05 1.104907e-07
6101 2.857579e-05 1.102909e-07
6102 2.857427e-05 1.100915e-07
6103 2.857276e-05 1.098925e-07
6104 2.857125e-05 1.096938e-07
6105 2.856975e-05 1.094955e-07
6106 2.856825e-05 1.092975e-07
6107 2.856675e-05 1.090999e-07
6108 2.856525e-05 1.089027e-07
6109 2.856376e-05 1.087058e-07
6110 2.856227e-05 1.085093e-07
6111 2.856078e-05 1.083131e-07
6112 2.855930e-05 1.081173e-07
6113 2.855782e-05 1.079218e-07
6114 2.855635e-05 1.077267e-07
6115 2.855487e-05 1.075319e-07
6116 2.855340e-05 1.073375e-07
6117 2.855194e-05 1.071435e-07
6118 2.855047e-05 1.069498e-07
6119 2.854901e-05 1.067564e-07
6120 2.854756e-05 1.065634e-07
6121 2.854610e-05 1.063707e-07
6122 2.854465e-05 1.061784e-07
6123 2.854321e-05 1.059865e-07
6124 2.854176e-05 1.057948e-07
6125 2.854032e-05 1.056036e-07
6126 2.853888e-05 1.054127e-07
6127 2.853745e-05 1.052221e-07
6128 2.853602e-05 1.050318e-07
6129 2.853459e-05 1.048420e-07
6130 2.853316e-05 1.046524e-07
6131 2.853174e-05 1.044632e-07
6132 2.853032e-05 1.042743e-07
6133 2.852891e-05 1.040858e-07
6134 2.852749e-05 1.038976e-07
6135 2.852608e-05 1.037098e-07
6136 2.852468e-05 1.035223e-07
6137 2.852327e-05 1.033351e-07
6138 2.852187e-05 1.031483e-07
6139 2.852047e-05 1.029618e-07
6140 2.851908e-05 1.027757e-07
6141 2.851769e-05 1.025899e-07
6142 2.851630e-05 1.024044e-07
6143 2.851491e-05 1.022193e-07
6144 2.851353e-05 1.020345e-07
6145 2.851215e-05 1.018500e-07
6146 2.851077e-05 1.016659e-07
6147 2.850940e-05 1.014821e-07
6148 2.850803e-05 1.012986e-07
6149 2.850666e-05 1.011154e-07
6150 2.850530e-05 1.009326e-07
6151 2.850394e-05 1.007502e-07
6152 2.850258e-05 1.005680e-07
6153 2.850122e-05 1.003862e-07
6154 2.849987e-05 1.002047e-07
6155 2.849852e-05 1.000235e-07
6156 2.849717e-05 9.984270e-08
6157 2.849583e-05 9.966220e-08
6158 2.849449e-05 9.948202e-08
6159 2.849315e-05 9.930216e-08
6160 2.849181e-05 9.912263e-08
6161 2.849048e-05 9.894342e-08
6162 2.848915e-05 9.876454e-08
6163 2.848782e-05 9.858598e-08
6164 2.848650e-05 9.840775e-08
6165 2.848518e-05 9.822983e-08
6166 2.848386e-05 9.805224e-08
6167 2.848255e-05 9.787497e-08
6168 2.848123e-05 9.769802e-08
6169 2.847992e-05 9.752139e-08
6170 2.847862e-05 9.734508e-08
6171 2.847731e-05 9.716909e-08
6172 2.847601e-05 9.699341e-08
6173 2.847471e-05 9.681806e-08
6174 2.847342e-05 9.664302e-08
6175 2.847213e-05 9.646830e-08
6176 2.847084e-05 9.629389e-08
6177 2.846955e-05 9.611980e-08
6178 2.846826e-05 9.594602e-08
6179 2.846698e-05 9.577256e-08
6180 2.846570e-05 9.559941e-08
6181 2.846443e-05 9.542657e-08
6182 2.846315e-05 9.525405e-08
6183 2.846188e-05 9.508184e-08
6184 2.846062e-05 9.490994e-08
6185 2.845935e-05 9.473835e-08
6186 2.845809e-05 9.456707e-08
6187 2.845683e-05 9.439610e-08
6188 2.845557e-05 9.422544e-08
6189 2.845432e-05 9.405509e-08
6190 2.845307e-05 9.388504e-08
6191 2.845182e-05 9.371531e-08
6192 2.845057e-05 9.354588e-08
6193 2.844933e-05 9.337675e-08
6194 2.844809e-05 9.320793e-08
6195 2.844685e-05 9.303942e-08
6196 2.844561e-05 9.287121e-08
6197 2.844438e-05 9.270331e-08
6198 2.844315e-05 9.253571e-08
6199 2.844192e-05 9.236841e-08
6200 2.844070e-05 9.220142e-08
6201 2.843947e-05 9.203473e-08
6202 2.843825e-05 9.186833e-08
6203 2.843704e-05 9.170224e-08
6204 2.843582e-05 9.153645e-08
6205 2.843461e-05 9.137096e-08
6206 2.843340e-05 9.120577e-08
6207 2.843220e-05 9.104088e-08
6208 2.843099e-05 9.087628e-08
6209 2.842979e-05 9.071199e-08
6210 2.842859e-05 9.054799e-08
6211 2.842739e-05 9.038428e-08
6212 2.842620e-05 9.022088e-08
6213 2.842501e-05 9.005776e-08
6214 2.842382e-05 8.989495e-08
6215 2.842263e-05 8.973242e-08
6216 2.842145e-05 8.957019e-08
6217 2.842027e-05 8.940826e-08
6218 2.841909e-05 8.924662e-08
6219 2.841792e-05 8.908527e-08
6220 2.841674e-05 8.892421e-08
6221 2.841557e-05 8.876344e-08
6222 2.841440e-05 8.860296e-08
6223 2.841324e-05 8.844277e-08
6224 2.841207e-05 8.828288e-08
6225 2.841091e-05 8.812327e-08
6226 2.840975e-05 8.796395e-08
6227 2.840860e-05 8.780492e-08
6228 2.840744e-05 8.764617e-08
6229 2.840629e-05 8.748771e-08
6230 2.840514e-05 8.732954e-08
6231 2.840400e-05 8.717166e-08
6232 2.840285e-05 8.701406e-08
6233 2.840171e-05 8.685675e-08
6234 2.840057e-05 8.669972e-08
6235 2.839944e-05 8.654297e-08
6236 2.839830e-05 8.638651e-08
6237 2.839717e-05 8.623033e-08
6238 2.839604e-05 8.607443e-08
6239 2.839491e-05 8.591881e-08
6240 2.839379e-05 8.576348e-08
6241 2.839267e-05 8.560843e-08
6242 2.839155e-05 8.545365e-08
6243 2.839043e-05 8.529916e-08
6244 2.838932e-05 8.514495e-08
6245 2.838820e-05 8.499101e-08
6246 2.838709e-05 8.483735e-08
6247 2.838599e-05 8.468397e-08
6248 2.838488e-05 8.453087e-08
6249 2.838378e-05 8.437805e-08
6250 2.838268e-05 8.422550e-08
6251 2.838158e-05 8.407323e-08
6252 2.838048e-05 8.392123e-08
6253 2.837939e-05 8.376950e-08
6254 2.837830e-05 8.361806e-08
6255 2.837721e-05 8.346688e-08
6256 2.837612e-05 8.331598e-08
6257 2.837504e-05 8.316535e-08
6258 2.837395e-05 8.301499e-08
6259 2.837287e-05 8.286491e-08
6260 2.837180e-05 8.271510e-08
6261 2.837072e-05 8.256555e-08
6262 2.836965e-05 8.241628e-08
6263 2.836858e-05 8.226728e-08
6264 2.836751e-05 8.211855e-08
6265 2.836644e-05 8.197008e-08
6266 2.836538e-05 8.182189e-08
6267 2.836432e-05 8.167396e-08
6268 2.836326e-05 8.152630e-08
6269 2.836220e-05 8.137891e-08
6270 2.836114e-05 8.123178e-08
6271 2.836009e-05 8.108492e-08
6272 2.835904e-05 8.093833e-08
6273 2.835799e-05 8.079200e-08
6274 2.835695e-05 8.064593e-08
6275 2.835590e-05 8.050013e-08
6276 2.835486e-05 8.035459e-08
6277 2.835382e-05 8.020932e-08
6278 2.835278e-05 8.006431e-08
6279 2.835175e-05 7.991956e-08
6280 2.835072e-05 7.977507e-08
6281 2.834969e-05 7.963084e-08
6282 2.834866e-05 7.948687e-08
6283 2.834763e-05 7.934317e-08
6284 2.834661e-05 7.919972e-08
6285 2.834558e-05 7.905654e-08
6286 2.834456e-05 7.891361e-08
6287 2.834355e-05 7.877094e-08
6288 2.834253e-05 7.862853e-08
6289 2.834152e-05 7.848637e-08
6290 2.834051e-05 7.834448e-08
6291 2.833950e-05 7.820283e-08
6292 2.833849e-05 7.806145e-08
6293 2.833748e-05 7.792032e-08
6294 2.833648e-05 7.777945e-08
6295 2.833548e-05 7.763883e-08
6296 2.833448e-05 7.749846e-08
6297 2.833349e-05 7.735835e-08
6298 2.833249e-05 7.721850e-08
6299 2.833150e-05 7.707889e-08
6300 2.833051e-05 7.693954e-08
6301 2.832952e-05 7.680044e-08
6302 2.832853e-05 7.666159e-08
6303 2.832755e-05 7.652299e-08
6304 2.832657e-05 7.638464e-08
6305 2.832559e-05 7.624655e-08
6306 2.832461e-05 7.610870e-08
6307 2.832363e-05 7.597110e-08
6308 2.832266e-05 7.583375e-08
6309 2.832169e-05 7.569665e-08
6310 2.832072e-05 7.555979e-08
6311 2.831975e-05 7.542319e-08
6312 2.831879e-05 7.528683e-08
6313 2.831782e-05 7.515072e-08
6314 2.831686e-05 7.501485e-08
6315 2.831590e-05 7.487923e-08
6316 2.831494e-05 7.474385e-08
6317 2.831399e-05 7.460872e-08
6318 2.831303e-05 7.447384e-08
6319 2.831208e-05 7.433919e-08
6320 2.831113e-05 7.420479e-08
6321 2.831019e-05 7.407064e-08
6322 2.830924e-05 7.393672e-08
6323 2.830830e-05 7.380305e-08
6324 2.830736e-05 7.366962e-08
6325 2.830642e-05 7.353643e-08
6326 2.830548e-05 7.340349e-08
6327 2.830454e-05 7.327078e-08
6328 2.830361e-05 7.313831e-08
6329 2.830268e-05 7.300608e-08
6330 2.830175e-05 7.287409e-08
6331 2.830082e-05 7.274234e-08
6332 2.829989e-05 7.261083e-08
6333 2.829897e-05 7.247956e-08
6334 2.829805e-05 7.234852e-08
6335 2.829713e-05 7.221772e-08
6336 2.829621e-05 7.208715e-08
6337 2.829529e-05 7.195683e-08
6338 2.829438e-05 7.182673e-08
6339 2.829347e-05 7.169688e-08
6340 2.829255e-05 7.156726e-08
6341 2.829165e-05 7.143787e-08
6342 2.829074e-05 7.130871e-08
6343 2.828983e-05 7.117979e-08
6344 2.828893e-05 7.105111e-08
6345 2.828803e-05 7.092265e-08
6346 2.828713e-05 7.079443e-08
6347 2.828623e-05 7.066644e-08
6348 2.828534e-05 7.053868e-08
6349 2.828444e-05 7.041115e-08
6350 2.828355e-05 7.028385e-08
6351 2.828266e-05 7.015679e-08
6352 2.828177e-05 7.002995e-08
6353 2.828089e-05 6.990334e-08
6354 2.828000e-05 6.977696e-08
6355 2.827912e-05 6.965081e-08
6356 2.827824e-05 6.952488e-08
6357 2.827736e-05 6.939919e-08
6358 2.827648e-05 6.927372e-08
6359 2.827561e-05 6.914848e-08
6360 2.827474e-05 6.902346e-08
6361 2.827386e-05 6.889868e-08
6362 2.827299e-05 6.877411e-08
6363 2.827213e-05 6.864977e-08
6364 2.827126e-05 6.852566e-08
6365 2.827040e-05 6.840177e-08
6366 2.826953e-05 6.827811e-08
6367 2.826867e-05 6.815467e-08
6368 2.826781e-05 6.803145e-08
6369 2.826696e-05 6.790845e-08
6370 2.826610e-05 6.778568e-08
6371 2.826525e-05 6.766313e-08
6372 2.826439e-05 6.754080e-08
6373 2.826354e-05 6.741869e-08
6374 2.826270e-05 6.729680e-08
6375 2.826185e-05 6.717514e-08
6376 2.826100e-05 6.705369e-08
6377 2.826016e-05 6.693246e-08
6378 2.825932e-05 6.681145e-08
6379 2.825848e-05 6.669066e-08
6380 2.825764e-05 6.657009e-08
6381 2.825681e-05 6.644974e-08
6382 2.825597e-05 6.632960e-08
6383 2.825514e-05 6.620968e-08
6384 2.825431e-05 6.608998e-08
6385 2.825348e-05 6.597050e-08
6386 2.825265e-05 6.585123e-08
6387 2.825183e-05 6.573217e-08
6388 2.825100e-05 6.561333e-08
6389 2.825018e-05 6.549471e-08
6390 2.824936e-05 6.537630e-08
6391 2.824854e-05 6.525811e-08
6392 2.824772e-05 6.514013e-08
6393 2.824691e-05 6.502236e-08
6394 2.824609e-05 6.490480e-08
6395 2.824528e-05 6.478746e-08
6396 2.824447e-05 6.467033e-08
6397 2.824366e-05 6.455341e-08
6398 2.824285e-05 6.443670e-08
6399 2.824205e-05 6.432021e-08
6400 2.824124e-05 6.420392e-08
6401 2.824044e-05 6.408784e-08
6402 2.823964e-05 6.397198e-08
6403 2.823884e-05 6.385632e-08
6404 2.823805e-05 6.374088e-08
6405 2.823725e-05 6.362564e-08
6406 2.823646e-05 6.351061e-08
6407 2.823566e-05 6.339578e-08
6408 2.823487e-05 6.328117e-08
6409 2.823408e-05 6.316676e-08
6410 2.823330e-05 6.305256e-08
6411 2.823251e-05 6.293857e-08
6412 2.823173e-05 6.282478e-08
6413 2.823094e-05 6.271120e-08
6414 2.823016e-05 6.259782e-08
6415 2.822938e-05 6.248465e-08
6416 2.822860e-05 6.237168e-08
6417 2.822783e-05 6.225892e-08
6418 2.822705e-05 6.214636e-08
6419 2.822628e-05 6.203400e-08
6420 2.822551e-05 6.192185e-08
6421 2.822474e-05 6.180990e-08
6422 2.822397e-05 6.169816e-08
6423 2.822320e-05 6.158661e-08
6424 2.822244e-05 6.147527e-08
6425 2.822168e-05 6.136412e-08
6426 2.822091e-05 6.125318e-08
6427 2.822015e-05 6.114244e-08
6428 2.821939e-05 6.103190e-08
6429 2.821864e-05 6.092156e-08
6430 2.821788e-05 6.081142e-08
6431 2.821713e-05 6.070148e-08
6432 2.821637e-05 6.059173e-08
6433 2.821562e-05 6.048219e-08
6434 2.821487e-05 6.037284e-08
6435 2.821413e-05 6.026369e-08
6436 2.821338e-05 6.015474e-08
6437 2.821263e-05 6.004599e-08
6438 2.821189e-05 5.993743e-08
6439 2.821115e-05 5.982906e-08
6440 2.821041e-05 5.972090e-08
6441 2.820967e-05 5.961293e-08
6442 2.820893e-05 5.950515e-08
6443 2.820820e-05 5.939757e-08
6444 2.820746e-05 5.929019e-08
6445 2.820673e-05 5.918299e-08
6446 2.820600e-05 5.907600e-08
6447 2.820527e-05 5.896919e-08
6448 2.820454e-05 5.886258e-08
6449 2.820381e-05 5.875616e-08
6450 2.820309e-05 5.864993e-08
6451 2.820236e-05 5.854390e-08
6452 2.820164e-05 5.843806e-08
6453 2.820092e-05 5.833241e-08
6454 2.820020e-05 5.822695e-08
6455 2.819948e-05 5.812168e-08
6456 2.819877e-05 5.801660e-08
6457 2.819805e-05 5.791171e-08
6458 2.819734e-05 5.780701e-08
6459 2.819663e-05 5.770250e-08
6460 2.819592e-05 5.759818e-08
6461 2.819521e-05 5.749404e-08
6462 2.819450e-05 5.739010e-08
6463 2.819379e-05 5.728634e-08
6464 2.819309e-05 5.718277e-08
6465 2.819238e-05 5.707939e-08
6466 2.819168e-05 5.697620e-08
6467 2.819098e-05 5.687319e-08
6468 2.819028e-05 5.677036e-08
6469 2.818958e-05 5.666773e-08
6470 2.818889e-05 5.656528e-08
6471 2.818819e-05 5.646301e-08
6472 2.818750e-05 5.636093e-08
6473 2.818681e-05 5.625904e-08
6474 2.818612e-05 5.615732e-08
6475 2.818543e-05 5.605580e-08
6476 2.818474e-05 5.595445e-08
6477 2.818405e-05 5.585329e-08
6478 2.818337e-05 5.575231e-08
6479 2.818268e-05 5.565152e-08
6480 2.818200e-05 5.555090e-08
6481 2.818132e-05 5.545047e-08
6482 2.818064e-05 5.535022e-08
6483 2.817996e-05 5.525015e-08
6484 2.817929e-05 5.515026e-08
6485 2.817861e-05 5.505056e-08
6486 2.817794e-05 5.495103e-08
6487 2.817726e-05 5.485168e-08
6488 2.817659e-05 5.475252e-08
6489 2.817592e-05 5.465353e-08
6490 2.817525e-05 5.455472e-08
6491 2.817459e-05 5.445609e-08
6492 2.817392e-05 5.435764e-08
6493 2.817326e-05 5.425936e-08
6494 2.817259e-05 5.416126e-08
6495 2.817193e-05 5.406335e-08
6496 2.817127e-05 5.396560e-08
6497 2.817061e-05 5.386804e-08
6498 2.816996e-05 5.377065e-08
6499 2.816930e-05 5.367344e-08
6500 2.816864e-05 5.357640e-08
6501 2.816799e-05 5.347954e-08
6502 2.816734e-05 5.338285e-08
6503 2.816669e-05 5.328634e-08
6504 2.816604e-05 5.319000e-08
6505 2.816539e-05 5.309384e-08
6506 2.816474e-05 5.299785e-08
6507 2.816410e-05 5.290203e-08
6508 2.816345e-05 5.280639e-08
6509 2.816281e-05 5.271092e-08
6510 2.816217e-05 5.261562e-08
6511 2.816152e-05 5.252050e-08
6512 2.816089e-05 5.242555e-08
6513 2.816025e-05 5.233076e-08
6514 2.815961e-05 5.223615e-08
6515 2.815898e-05 5.214172e-08
6516 2.815834e-05 5.204745e-08
6517 2.815771e-05 5.195335e-08
6518 2.815708e-05 5.185942e-08
6519 2.815645e-05 5.176566e-08
6520 2.815582e-05 5.167208e-08
6521 2.815519e-05 5.157866e-08
6522 2.815456e-05 5.148541e-08
6523 2.815394e-05 5.139233e-08
6524 2.815331e-05 5.129941e-08
6525 2.815269e-05 5.120667e-08
6526 2.815207e-05 5.111409e-08
6527 2.815145e-05 5.102168e-08
6528 2.815083e-05 5.092944e-08
6529 2.815021e-05 5.083736e-08
6530 2.814960e-05 5.074545e-08
6531 2.814898e-05 5.065371e-08
6532 2.814837e-05 5.056213e-08
6533 2.814775e-05 5.047072e-08
6534 2.814714e-05 5.037947e-08
6535 2.814653e-05 5.028839e-08
6536 2.814592e-05 5.019747e-08
6537 2.814532e-05 5.010672e-08
6538 2.814471e-05 5.001613e-08
6539 2.814410e-05 4.992570e-08
6540 2.814350e-05 4.983544e-08
6541 2.814290e-05 4.974534e-08
6542 2.814229e-05 4.965541e-08
6543 2.814169e-05 4.956563e-08
6544 2.814109e-05 4.947602e-08
6545 2.814050e-05 4.938657e-08
6546 2.813990e-05 4.929729e-08
6547 2.813930e-05 4.920816e-08
6548 2.813871e-05 4.911920e-08
6549 2.813812e-05 4.903039e-08
6550 2.813752e-05 4.894175e-08
6551 2.813693e-05 4.885327e-08
6552 2.813634e-05 4.876495e-08
6553 2.813575e-05 4.867678e-08
6554 2.813517e-05 4.858878e-08
6555 2.813458e-05 4.850093e-08
6556 2.813400e-05 4.841325e-08
6557 2.813341e-05 4.832572e-08
6558 2.813283e-05 4.823835e-08
6559 2.813225e-05 4.815114e-08
6560 2.813167e-05 4.806409e-08
6561 2.813109e-05 4.797719e-08
6562 2.813051e-05 4.789045e-08
6563 2.812993e-05 4.780387e-08
6564 2.812936e-05 4.771744e-08
6565 2.812878e-05 4.763118e-08
6566 2.812821e-05 4.754506e-08
6567 2.812764e-05 4.745910e-08
6568 2.812707e-05 4.737330e-08
6569 2.812650e-05 4.728766e-08
6570 2.812593e-05 4.720216e-08
6571 2.812536e-05 4.711682e-08
6572 2.812479e-05 4.703164e-08
6573 2.812423e-05 4.694661e-08
6574 2.812367e-05 4.686174e-08
6575 2.812310e-05 4.677701e-08
6576 2.812254e-05 4.669245e-08
6577 2.812198e-05 4.660803e-08
6578 2.812142e-05 4.652377e-08
6579 2.812086e-05 4.643965e-08
6580 2.812030e-05 4.635569e-08
6581 2.811975e-05 4.627189e-08
6582 2.811919e-05 4.618823e-08
6583 2.811864e-05 4.610473e-08
6584 2.811808e-05 4.602137e-08
6585 2.811753e-05 4.593817e-08
6586 2.811698e-05 4.585512e-08
6587 2.811643e-05 4.577222e-08
6588 2.811588e-05 4.568946e-08
6589 2.811534e-05 4.560686e-08
6590 2.811479e-05 4.552441e-08
6591 2.811424e-05 4.544210e-08
6592 2.811370e-05 4.535995e-08
6593 2.811316e-05 4.527794e-08
6594 2.811261e-05 4.519608e-08
6595 2.811207e-05 4.511437e-08
6596 2.811153e-05 4.503281e-08
6597 2.811100e-05 4.495139e-08
6598 2.811046e-05 4.487012e-08
6599 2.810992e-05 4.478900e-08
6600 2.810939e-05 4.470803e-08
6601 2.810885e-05 4.462720e-08
6602 2.810832e-05 4.454651e-08
6603 2.810778e-05 4.446598e-08
6604 2.810725e-05 4.438559e-08
6605 2.810672e-05 4.430534e-08
6606 2.810619e-05 4.422524e-08
6607 2.810567e-05 4.414529e-08
6608 2.810514e-05 4.406547e-08
6609 2.810461e-05 4.398581e-08
6610 2.810409e-05 4.390628e-08
6611 2.810356e-05 4.382691e-08
6612 2.810304e-05 4.374767e-08
6613 2.810252e-05 4.366858e-08
6614 2.810200e-05 4.358963e-08
6615 2.810148e-05 4.351082e-08
6616 2.810096e-05 4.343216e-08
6617 2.810044e-05 4.335364e-08
6618 2.809993e-05 4.327526e-08
6619 2.809941e-05 4.319702e-08
6620 2.809889e-05 4.311892e-08
6621 2.809838e-05 4.304097e-08
6622 2.809787e-05 4.296315e-08
6623 2.809736e-05 4.288548e-08
6624 2.809685e-05 4.280794e-08
6625 2.809634e-05 4.273055e-08
6626 2.809583e-05 4.265330e-08
6627 2.809532e-05 4.257618e-08
6628 2.809481e-05 4.249921e-08
6629 2.809431e-05 4.242237e-08
6630 2.809380e-05 4.234568e-08
6631 2.809330e-05 4.226912e-08
6632 2.809280e-05 4.219270e-08
6633 2.809230e-05 4.211642e-08
6634 2.809180e-05 4.204028e-08
6635 2.809130e-05 4.196427e-08
6636 2.809080e-05 4.188840e-08
6637 2.809030e-05 4.181267e-08
6638 2.808980e-05 4.173708e-08
6639 2.808931e-05 4.166162e-08
6640 2.808881e-05 4.158630e-08
6641 2.808832e-05 4.151111e-08
6642 2.808783e-05 4.143607e-08
6643 2.808734e-05 4.136115e-08
6644 2.808685e-05 4.128638e-08
6645 2.808636e-05 4.121173e-08
6646 2.808587e-05 4.113723e-08
6647 2.808538e-05 4.106285e-08
6648 2.808489e-05 4.098861e-08
6649 2.808441e-05 4.091451e-08
6650 2.808392e-05 4.084054e-08
6651 2.808344e-05 4.076670e-08
6652 2.808296e-05 4.069300e-08
6653 2.808247e-05 4.061943e-08
6654 2.808199e-05 4.054599e-08
6655 2.808151e-05 4.047269e-08
6656 2.808103e-05 4.039952e-08
6657 2.808056e-05 4.032648e-08
6658 2.808008e-05 4.025357e-08
6659 2.807960e-05 4.018080e-08
6660 2.807913e-05 4.010815e-08
6661 2.807865e-05 4.003564e-08
6662 2.807818e-05 3.996326e-08
6663 2.807771e-05 3.989101e-08
6664 2.807723e-05 3.981889e-08
6665 2.807676e-05 3.974690e-08
6666 2.807629e-05 3.967504e-08
6667 2.807583e-05 3.960331e-08
6668 2.807536e-05 3.953171e-08
6669 2.807489e-05 3.946024e-08
6670 2.807442e-05 3.938890e-08
6671 2.807396e-05 3.931769e-08
6672 2.807350e-05 3.924661e-08
6673 2.807303e-05 3.917565e-08
6674 2.807257e-05 3.910483e-08
6675 2.807211e-05 3.903413e-08
6676 2.807165e-05 3.896356e-08
6677 2.807119e-05 3.889311e-08
6678 2.807073e-05 3.882280e-08
6679 2.807027e-05 3.875261e-08
6680 2.806981e-05 3.868255e-08
6681 2.806936e-05 3.861261e-08
6682 2.806890e-05 3.854280e-08
6683 2.806845e-05 3.847312e-08
6684 2.806800e-05 3.840357e-08
6685 2.806754e-05 3.833413e-08
6686 2.806709e-05 3.826483e-08
6687 2.806664e-05 3.819565e-08
6688 2.806619e-05 3.812660e-08
6689 2.806574e-05 3.805767e-08
6690 2.806530e-05 3.798886e-08
6691 2.806485e-05 3.792018e-08
6692 2.806440e-05 3.785162e-08
6693 2.806396e-05 3.778319e-08
6694 2.806351e-05 3.771488e-08
6695 2.806307e-05 3.764670e-08
6696 2.806263e-05 3.757863e-08
6697 2.806218e-05 3.751069e-08
6698 2.806174e-05 3.744288e-08
6699 2.806130e-05 3.737518e-08
6700 2.806086e-05 3.730761e-08
6701 2.806043e-05 3.724016e-08
6702 2.805999e-05 3.717284e-08
6703 2.805955e-05 3.710563e-08
6704 2.805912e-05 3.703855e-08
6705 2.805868e-05 3.697158e-08
6706 2.805825e-05 3.690474e-08
6707 2.805781e-05 3.683802e-08
6708 2.805738e-05 3.677142e-08
6709 2.805695e-05 3.670494e-08
6710 2.805652e-05 3.663858e-08
6711 2.805609e-05 3.657234e-08
6712 2.805566e-05 3.650622e-08
6713 2.805523e-05 3.644022e-08
6714 2.805481e-05 3.637434e-08
6715 2.805438e-05 3.630858e-08
6716 2.805395e-05 3.624294e-08
6717 2.805353e-05 3.617741e-08
6718 2.805310e-05 3.611201e-08
6719 2.805268e-05 3.604672e-08
6720 2.805226e-05 3.598155e-08
6721 2.805184e-05 3.591650e-08
6722 2.805142e-05 3.585156e-08
6723 2.805100e-05 3.578675e-08
6724 2.805058e-05 3.572205e-08
6725 2.805016e-05 3.565746e-08
6726 2.804974e-05 3.559300e-08
6727 2.804933e-05 3.552865e-08
6728 2.804891e-05 3.546442e-08
6729 2.804850e-05 3.540030e-08
6730 2.804808e-05 3.533630e-08
6731 2.804767e-05 3.527241e-08
6732 2.804726e-05 3.520864e-08
6733 2.804684e-05 3.514499e-08
6734 2.804643e-05 3.508145e-08
6735 2.804602e-05 3.501803e-08
6736 2.804562e-05 3.495472e-08
6737 2.804521e-05 3.489152e-08
6738 2.804480e-05 3.482844e-08
6739 2.804439e-05 3.476547e-08
6740 2.804399e-05 3.470262e-08
6741 2.804358e-05 3.463988e-08
6742 2.804318e-05 3.457725e-08
6743 2.804277e-05 3.451474e-08
6744 2.804237e-05 3.445234e-08
6745 2.804197e-05 3.439005e-08
6746 2.804157e-05 3.432788e-08
6747 2.804117e-05 3.426582e-08
6748 2.804077e-05 3.420387e-08
6749 2.804037e-05 3.414203e-08
6750 2.803997e-05 3.408030e-08
6751 2.803957e-05 3.401869e-08
6752 2.803918e-05 3.395719e-08
6753 2.803878e-05 3.389579e-08
6754 2.803839e-05 3.383451e-08
6755 2.803799e-05 3.377334e-08
6756 2.803760e-05 3.371228e-08
6757 2.803720e-05 3.365133e-08
6758 2.803681e-05 3.359050e-08
6759 2.803642e-05 3.352977e-08
6760 2.803603e-05 3.346915e-08
6761 2.803564e-05 3.340864e-08
6762 2.803525e-05 3.334824e-08
6763 2.803486e-05 3.328795e-08
6764 2.803448e-05 3.322776e-08
6765 2.803409e-05 3.316769e-08
6766 2.803370e-05 3.310773e-08
6767 2.803332e-05 3.304787e-08
6768 2.803294e-05 3.298812e-08
6769 2.803255e-05 3.292848e-08
6770 2.803217e-05 3.286895e-08
6771 2.803179e-05 3.280953e-08
6772 2.803141e-05 3.275021e-08
6773 2.803103e-05 3.269100e-08
6774 2.803065e-05 3.263190e-08
6775 2.803027e-05 3.257290e-08
6776 2.802989e-05 3.251401e-08
6777 2.802951e-05 3.245523e-08
6778 2.802913e-05 3.239655e-08
6779 2.802876e-05 3.233798e-08
6780 2.802838e-05 3.227952e-08
6781 2.802801e-05 3.222116e-08
6782 2.802763e-05 3.216291e-08
6783 2.802726e-05 3.210476e-08
6784 2.802689e-05 3.204671e-08
6785 2.802652e-05 3.198878e-08
6786 2.802614e-05 3.193094e-08
6787 2.802577e-05 3.187322e-08
6788 2.802540e-05 3.181559e-08
6789 2.802504e-05 3.175807e-08
6790 2.802467e-05 3.170066e-08
6791 2.802430e-05 3.164334e-08
6792 2.802393e-05 3.158613e-08
6793 2.802357e-05 3.152903e-08
6794 2.802320e-05 3.147203e-08
6795 2.802284e-05 3.141513e-08
6796 2.802247e-05 3.135833e-08
6797 2.802211e-05 3.130164e-08
6798 2.802175e-05 3.124505e-08
6799 2.802139e-05 3.118856e-08
6800 2.802102e-05 3.113217e-08
6801 2.802066e-05 3.107589e-08
6802 2.802030e-05 3.101971e-08
6803 2.801995e-05 3.096362e-08
6804 2.801959e-05 3.090764e-08
6805 2.801923e-05 3.085177e-08
6806 2.801887e-05 3.079599e-08
6807 2.801852e-05 3.074031e-08
6808 2.801816e-05 3.068474e-08
6809 2.801781e-05 3.062926e-08
6810 2.801745e-05 3.057389e-08
6811 2.801710e-05 3.051861e-08
6812 2.801675e-05 3.046343e-08
6813 2.801639e-05 3.040836e-08
6814 2.801604e-05 3.035338e-08
6815 2.801569e-05 3.029851e-08
6816 2.801534e-05 3.024373e-08
6817 2.801499e-05 3.018905e-08
6818 2.801464e-05 3.013447e-08
6819 2.801430e-05 3.007999e-08
6820 2.801395e-05 3.002561e-08
6821 2.801360e-05 2.997133e-08
6822 2.801326e-05 2.991714e-08
6823 2.801291e-05 2.986305e-08
6824 2.801257e-05 2.980906e-08
6825 2.801222e-05 2.975517e-08
6826 2.801188e-05 2.970137e-08
6827 2.801154e-05 2.964768e-08
6828 2.801119e-05 2.959408e-08
6829 2.801085e-05 2.954057e-08
6830 2.801051e-05 2.948717e-08
6831 2.801017e-05 2.943385e-08
6832 2.800983e-05 2.938064e-08
6833 2.800949e-05 2.932752e-08
6834 2.800916e-05 2.927450e-08
6835 2.800882e-05 2.922158e-08
6836 2.800848e-05 2.916874e-08
6837 2.800815e-05 2.911601e-08
6838 2.800781e-05 2.906337e-08
6839 2.800748e-05 2.901083e-08
6840 2.800714e-05 2.895838e-08
6841 2.800681e-05 2.890602e-08
6842 2.800648e-05 2.885376e-08
6843 2.800614e-05 2.880160e-08
6844 2.800581e-05 2.874953e-08
6845 2.800548e-05 2.869755e-08
6846 2.800515e-05 2.864567e-08
6847 2.800482e-05 2.859388e-08
6848 2.800449e-05 2.854218e-08
6849 2.800416e-05 2.849058e-08
6850 2.800384e-05 2.843907e-08
6851 2.800351e-05 2.838766e-08
6852 2.800318e-05 2.833633e-08
6853 2.800286e-05 2.828510e-08
6854 2.800253e-05 2.823397e-08
6855 2.800221e-05 2.818292e-08
6856 2.800188e-05 2.813197e-08
6857 2.800156e-05 2.808111e-08
6858 2.800124e-05 2.803034e-08
6859 2.800092e-05 2.797966e-08
6860 2.800059e-05 2.792908e-08
6861 2.800027e-05 2.787859e-08
6862 2.799995e-05 2.782818e-08
6863 2.799963e-05 2.777787e-08
6864 2.799931e-05 2.772765e-08
6865 2.799900e-05 2.767752e-08
6866 2.799868e-05 2.762748e-08
6867 2.799836e-05 2.757754e-08
6868 2.799805e-05 2.752768e-08
6869 2.799773e-05 2.747791e-08
6870 2.799741e-05 2.742823e-08
6871 2.799710e-05 2.737864e-08
6872 2.799679e-05 2.732915e-08
6873 2.799647e-05 2.727974e-08
6874 2.799616e-05 2.723042e-08
6875 2.799585e-05 2.718119e-08
6876 2.799554e-05 2.713205e-08
6877 2.799522e-05 2.708299e-08
6878 2.799491e-05 2.703403e-08
6879 2.799460e-05 2.698515e-08
6880 2.799429e-05 2.693637e-08
6881 2.799399e-05 2.688767e-08
6882 2.799368e-05 2.683906e-08
6883 2.799337e-05 2.679053e-08
6884 2.799306e-05 2.674210e-08
6885 2.799276e-05 2.669375e-08
6886 2.799245e-05 2.664549e-08
6887 2.799215e-05 2.659732e-08
6888 2.799184e-05 2.654923e-08
6889 2.799154e-05 2.650123e-08
6890 2.799124e-05 2.645332e-08
6891 2.799093e-05 2.640550e-08
6892 2.799063e-05 2.635776e-08
6893 2.799033e-05 2.631010e-08
6894 2.799003e-05 2.626254e-08
6895 2.798973e-05 2.621506e-08
6896 2.798943e-05 2.616766e-08
6897 2.798913e-05 2.612035e-08
6898 2.798883e-05 2.607313e-08
6899 2.798853e-05 2.602599e-08
6900 2.798823e-05 2.597894e-08
6901 2.798794e-05 2.593197e-08
6902 2.798764e-05 2.588509e-08
6903 2.798734e-05 2.583829e-08
6904 2.798705e-05 2.579158e-08
6905 2.798675e-05 2.574495e-08
6906 2.798646e-05 2.569840e-08
6907 2.798617e-05 2.565194e-08
6908 2.798587e-05 2.560556e-08
6909 2.798558e-05 2.555927e-08
6910 2.798529e-05 2.551306e-08
6911 2.798500e-05 2.546694e-08
6912 2.798471e-05 2.542090e-08
6913 2.798442e-05 2.537494e-08
6914 2.798413e-05 2.532906e-08
6915 2.798384e-05 2.528327e-08
6916 2.798355e-05 2.523756e-08
6917 2.798326e-05 2.519193e-08
6918 2.798298e-05 2.514638e-08
6919 2.798269e-05 2.510092e-08
6920 2.798240e-05 2.505554e-08
6921 2.798212e-05 2.501024e-08
6922 2.798183e-05 2.496503e-08
6923 2.798155e-05 2.491989e-08
6924 2.798126e-05 2.487484e-08
6925 2.798098e-05 2.482987e-08
6926 2.798070e-05 2.478498e-08
6927 2.798041e-05 2.474017e-08
6928 2.798013e-05 2.469544e-08
6929 2.797985e-05 2.465079e-08
6930 2.797957e-05 2.460623e-08
6931 2.797929e-05 2.456174e-08
6932 2.797901e-05 2.451733e-08
6933 2.797873e-05 2.447301e-08
6934 2.797845e-05 2.442876e-08
6935 2.797817e-05 2.438460e-08
6936 2.797790e-05 2.434051e-08
6937 2.797762e-05 2.429651e-08
6938 2.797734e-05 2.425258e-08
6939 2.797707e-05 2.420873e-08
6940 2.797679e-05 2.416497e-08
6941 2.797652e-05 2.412128e-08
6942 2.797624e-05 2.407767e-08
6943 2.797597e-05 2.403414e-08
6944 2.797569e-05 2.399069e-08
6945 2.797542e-05 2.394731e-08
6946 2.797515e-05 2.390402e-08
6947 2.797488e-05 2.386080e-08
6948 2.797461e-05 2.381766e-08
6949 2.797433e-05 2.377460e-08
6950 2.797406e-05 2.373162e-08
6951 2.797379e-05 2.368872e-08
6952 2.797352e-05 2.364589e-08
6953 2.797326e-05 2.360314e-08
6954 2.797299e-05 2.356047e-08
6955 2.797272e-05 2.351787e-08
6956 2.797245e-05 2.347535e-08
6957 2.797219e-05 2.343291e-08
6958 2.797192e-05 2.339055e-08
6959 2.797165e-05 2.334826e-08
6960 2.797139e-05 2.330605e-08
6961 2.797112e-05 2.326391e-08
6962 2.797086e-05 2.322185e-08
6963 2.797060e-05 2.317987e-08
6964 2.797033e-05 2.313796e-08
6965 2.797007e-05 2.309613e-08
6966 2.796981e-05 2.305437e-08
6967 2.796955e-05 2.301269e-08
6968 2.796929e-05 2.297109e-08
6969 2.796903e-05 2.292956e-08
6970 2.796877e-05 2.288810e-08
6971 2.796851e-05 2.284672e-08
6972 2.796825e-05 2.280542e-08
6973 2.796799e-05 2.276419e-08
6974 2.796773e-05 2.272303e-08
6975 2.796747e-05 2.268195e-08
6976 2.796722e-05 2.264094e-08
6977 2.796696e-05 2.260001e-08
6978 2.796670e-05 2.255915e-08
6979 2.796645e-05 2.251837e-08
6980 2.796619e-05 2.247765e-08
6981 2.796594e-05 2.243702e-08
6982 2.796568e-05 2.239645e-08
6983 2.796543e-05 2.235596e-08
6984 2.796518e-05 2.231554e-08
6985 2.796492e-05 2.227520e-08
6986 2.796467e-05 2.223493e-08
6987 2.796442e-05 2.219473e-08
6988 2.796417e-05 2.215460e-08
6989 2.796392e-05 2.211455e-08
6990 2.796367e-05 2.207457e-08
6991 2.796342e-05 2.203466e-08
6992 2.796317e-05 2.199482e-08
6993 2.796292e-05 2.195506e-08
6994 2.796267e-05 2.191536e-08
6995 2.796242e-05 2.187574e-08
6996 2.796217e-05 2.183619e-08
6997 2.796193e-05 2.179671e-08
6998 2.796168e-05 2.175731e-08
6999 2.796143e-05 2.171797e-08
7000 2.796119e-05 2.167871e-08
7001 2.796094e-05 2.163951e-08
7002 2.796070e-05 2.160039e-08
7003 2.796045e-05 2.156134e-08
7004 2.796021e-05 2.152236e-08
7005 2.795997e-05 2.148345e-08
7006 2.795972e-05 2.144461e-08
7007 2.795948e-05 2.140584e-08
7008 2.795924e-05 2.136714e-08
7009 2.795900e-05 2.132851e-08
7010 2.795876e-05 2.128995e-08
7011 2.795852e-05 2.125146e-08
7012 2.795828e-05 2.121304e-08
7013 2.795804e-05 2.117468e-08
7014 2.795780e-05 2.113640e-08
7015 2.795756e-05 2.109819e-08
7016 2.795732e-05 2.106004e-08
7017 2.795708e-05 2.102197e-08
7018 2.795685e-05 2.098396e-08
7019 2.795661e-05 2.094603e-08
7020 2.795637e-05 2.090816e-08
7021 2.795614e-05 2.087036e-08
7022 2.795590e-05 2.083263e-08
7023 2.795567e-05 2.079496e-08
7024 2.795543e-05 2.075737e-08
7025 2.795520e-05 2.071984e-08
7026 2.795496e-05 2.068238e-08
7027 2.795473e-05 2.064499e-08
7028 2.795450e-05 2.060766e-08
7029 2.795427e-05 2.057041e-08
7030 2.795403e-05 2.053322e-08
7031 2.795380e-05 2.049609e-08
7032 2.795357e-05 2.045904e-08
7033 2.795334e-05 2.042205e-08
7034 2.795311e-05 2.038513e-08
7035 2.795288e-05 2.034827e-08
7036 2.795265e-05 2.031149e-08
7037 2.795242e-05 2.027476e-08
7038 2.795219e-05 2.023811e-08
7039 2.795197e-05 2.020152e-08
7040 2.795174e-05 2.016500e-08
7041 2.795151e-05 2.012854e-08
7042 2.795128e-05 2.009215e-08
7043 2.795106e-05 2.005582e-08
7044 2.795083e-05 2.001957e-08
7045 2.795061e-05 1.998337e-08
7046 2.795038e-05 1.994724e-08
7047 2.795016e-05 1.991118e-08
7048 2.794993e-05 1.987518e-08
7049 2.794971e-05 1.983925e-08
7050 2.794949e-05 1.980338e-08
7051 2.794926e-05 1.976758e-08
7052 2.794904e-05 1.973184e-08
7053 2.794882e-05 1.969617e-08
7054 2.794860e-05 1.966056e-08
7055 2.794837e-05 1.962501e-08
7056 2.794815e-05 1.958953e-08
7057 2.794793e-05 1.955412e-08
7058 2.794771e-05 1.951876e-08
7059 2.794749e-05 1.948348e-08
7060 2.794728e-05 1.944825e-08
7061 2.794706e-05 1.941309e-08
7062 2.794684e-05 1.937799e-08
7063 2.794662e-05 1.934296e-08
7064 2.794640e-05 1.930799e-08
7065 2.794619e-05 1.927308e-08
7066 2.794597e-05 1.923824e-08
7067 2.794575e-05 1.920346e-08
7068 2.794554e-05 1.916874e-08
7069 2.794532e-05 1.913408e-08
7070 2.794511e-05 1.909949e-08
7071 2.794489e-05 1.906496e-08
7072 2.794468e-05 1.903049e-08
7073 2.794446e-05 1.899609e-08
7074 2.794425e-05 1.896174e-08
7075 2.794404e-05 1.892746e-08
7076 2.794383e-05 1.889324e-08
7077 2.794361e-05 1.885908e-08
7078 2.794340e-05 1.882499e-08
7079 2.794319e-05 1.879095e-08
7080 2.794298e-05 1.875698e-08
7081 2.794277e-05 1.872307e-08
7082 2.794256e-05 1.868922e-08
7083 2.794235e-05 1.865543e-08
7084 2.794214e-05 1.862170e-08
7085 2.794193e-05 1.858804e-08
7086 2.794172e-05 1.855443e-08
7087 2.794151e-05 1.852089e-08
7088 2.794131e-05 1.848740e-08
7089 2.794110e-05 1.845398e-08
7090 2.794089e-05 1.842062e-08
7091 2.794068e-05 1.838731e-08
7092 2.794048e-05 1.835407e-08
7093 2.794027e-05 1.832089e-08
7094 2.794007e-05 1.828776e-08
7095 2.793986e-05 1.825470e-08
7096 2.793966e-05 1.822170e-08
7097 2.793945e-05 1.818876e-08
7098 2.793925e-05 1.815587e-08
7099 2.793905e-05 1.812305e-08
7100 2.793884e-05 1.809028e-08
7101 2.793864e-05 1.805758e-08
7102 2.793844e-05 1.802493e-08
7103 2.793824e-05 1.799234e-08
7104 2.793803e-05 1.795981e-08
7105 2.793783e-05 1.792734e-08
7106 2.793763e-05 1.789493e-08
7107 2.793743e-05 1.786258e-08
7108 2.793723e-05 1.783029e-08
7109 2.793703e-05 1.779805e-08
7110 2.793683e-05 1.776587e-08
7111 2.793663e-05 1.773375e-08
7112 2.793643e-05 1.770169e-08
7113 2.793624e-05 1.766969e-08
7114 2.793604e-05 1.763774e-08
7115 2.793584e-05 1.760586e-08
7116 2.793564e-05 1.757403e-08
7117 2.793545e-05 1.754225e-08
7118 2.793525e-05 1.751054e-08
7119 2.793505e-05 1.747888e-08
7120 2.793486e-05 1.744728e-08
7121 2.793466e-05 1.741574e-08
7122 2.793447e-05 1.738425e-08
7123 2.793427e-05 1.735282e-08
7124 2.793408e-05 1.732145e-08
7125 2.793389e-05 1.729013e-08
7126 2.793369e-05 1.725887e-08
7127 2.793350e-05 1.722767e-08
7128 2.793331e-05 1.719653e-08
7129 2.793312e-05 1.716544e-08
7130 2.793292e-05 1.713440e-08
7131 2.793273e-05 1.710342e-08
7132 2.793254e-05 1.707250e-08
7133 2.793235e-05 1.704164e-08
7134 2.793216e-05 1.701083e-08
7135 2.793197e-05 1.698007e-08
7136 2.793178e-05 1.694937e-08
7137 2.793159e-05 1.691873e-08
7138 2.793140e-05 1.688814e-08
7139 2.793121e-05 1.685761e-08
7140 2.793102e-05 1.682713e-08
7141 2.793084e-05 1.679671e-08
7142 2.793065e-05 1.676634e-08
7143 2.793046e-05 1.673603e-08
7144 2.793027e-05 1.670577e-08
7145 2.793009e-05 1.667557e-08
7146 2.792990e-05 1.664542e-08
7147 2.792972e-05 1.661533e-08
7148 2.792953e-05 1.658529e-08
7149 2.792935e-05 1.655531e-08
7150 2.792916e-05 1.652538e-08
7151 2.792898e-05 1.649550e-08
7152 2.792879e-05 1.646568e-08
7153 2.792861e-05 1.643591e-08
7154 2.792842e-05 1.640619e-08
7155 2.792824e-05 1.637653e-08
7156 2.792806e-05 1.634692e-08
7157 2.792788e-05 1.631737e-08
7158 2.792769e-05 1.628787e-08
7159 2.792751e-05 1.625842e-08
7160 2.792733e-05 1.622903e-08
7161 2.792715e-05 1.619969e-08
7162 2.792697e-05 1.617040e-08
7163 2.792679e-05 1.614117e-08
7164 2.792661e-05 1.611198e-08
7165 2.792643e-05 1.608285e-08
7166 2.792625e-05 1.605378e-08
7167 2.792607e-05 1.602475e-08
7168 2.792589e-05 1.599578e-08
7169 2.792571e-05 1.596686e-08
7170 2.792554e-05 1.593800e-08
7171 2.792536e-05 1.590918e-08
7172 2.792518e-05 1.588042e-08
7173 2.792500e-05 1.585171e-08
7174 2.792483e-05 1.582305e-08
7175 2.792465e-05 1.579444e-08
7176 2.792448e-05 1.576589e-08
7177 2.792430e-05 1.573738e-08
7178 2.792412e-05 1.570893e-08
7179 2.792395e-05 1.568053e-08
7180 2.792377e-05 1.565218e-08
7181 2.792360e-05 1.562389e-08
7182 2.792343e-05 1.559564e-08
7183 2.792325e-05 1.556744e-08
7184 2.792308e-05 1.553930e-08
7185 2.792291e-05 1.551120e-08
7186 2.792273e-05 1.548316e-08
7187 2.792256e-05 1.545517e-08
7188 2.792239e-05 1.542723e-08
7189 2.792222e-05 1.539934e-08
7190 2.792205e-05 1.537150e-08
7191 2.792187e-05 1.534371e-08
7192 2.792170e-05 1.531596e-08
7193 2.792153e-05 1.528827e-08
7194 2.792136e-05 1.526063e-08
7195 2.792119e-05 1.523304e-08
7196 2.792102e-05 1.520550e-08
7197 2.792086e-05 1.517801e-08
7198 2.792069e-05 1.515057e-08
7199 2.792052e-05 1.512318e-08
7200 2.792035e-05 1.509584e-08
7201 2.792018e-05 1.506855e-08
7202 2.792001e-05 1.504131e-08
7203 2.791985e-05 1.501411e-08
7204 2.791968e-05 1.498697e-08
7205 2.791951e-05 1.495987e-08
7206 2.791935e-05 1.493283e-08
7207 2.791918e-05 1.490583e-08
7208 2.791902e-05 1.487888e-08
7209 2.791885e-05 1.485198e-08
7210 2.791868e-05 1.482513e-08
7211 2.791852e-05 1.479833e-08
7212 2.791836e-05 1.477157e-08
7213 2.791819e-05 1.474487e-08
7214 2.791803e-05 1.471821e-08
7215 2.791786e-05 1.469160e-08
7216 2.791770e-05 1.466504e-08
7217 2.791754e-05 1.463853e-08
7218 2.791738e-05 1.461206e-08
7219 2.791721e-05 1.458564e-08
7220 2.791705e-05 1.455927e-08
7221 2.791689e-05 1.453295e-08
7222 2.791673e-05 1.450668e-08
7223 2.791657e-05 1.448045e-08
7224 2.791641e-05 1.445427e-08
7225 2.791625e-05 1.442814e-08
7226 2.791609e-05 1.440205e-08
7227 2.791593e-05 1.437602e-08
7228 2.791577e-05 1.435003e-08
7229 2.791561e-05 1.432408e-08
7230 2.791545e-05 1.429819e-08
7231 2.791529e-05 1.427234e-08
7232 2.791513e-05 1.424653e-08
7233 2.791497e-05 1.422078e-08
7234 2.791481e-05 1.419507e-08
7235 2.791466e-05 1.416940e-08
7236 2.791450e-05 1.414378e-08
7237 2.791434e-05 1.411821e-08
7238 2.791419e-05 1.409269e-08
7239 2.791403e-05 1.406721e-08
7240 2.791387e-05 1.404178e-08
7241 2.791372e-05 1.401639e-08
7242 2.791356e-05 1.399105e-08
7243 2.791341e-05 1.396576e-08
7244 2.791325e-05 1.394051e-08
7245 2.791310e-05 1.391530e-08
7246 2.791294e-05 1.389015e-08
7247 2.791279e-05 1.386503e-08
7248 2.791264e-05 1.383997e-08
7249 2.791248e-05 1.381495e-08
7250 2.791233e-05 1.378997e-08
7251 2.791218e-05 1.376504e-08
7252 2.791202e-05 1.374015e-08
7253 2.791187e-05 1.371531e-08
7254 2.791172e-05 1.369051e-08
7255 2.791157e-05 1.366576e-08
7256 2.791142e-05 1.364106e-08
7257 2.791126e-05 1.361640e-08
7258 2.791111e-05 1.359178e-08
7259 2.791096e-05 1.356720e-08
7260 2.791081e-05 1.354268e-08
7261 2.791066e-05 1.351819e-08
7262 2.791051e-05 1.349375e-08
7263 2.791036e-05 1.346936e-08
7264 2.791021e-05 1.344501e-08
7265 2.791007e-05 1.342070e-08
7266 2.790992e-05 1.339643e-08
7267 2.790977e-05 1.337221e-08
7268 2.790962e-05 1.334804e-08
7269 2.790947e-05 1.332391e-08
7270 2.790933e-05 1.329982e-08
7271 2.790918e-05 1.327577e-08
7272 2.790903e-05 1.325177e-08
7273 2.790888e-05 1.322781e-08
7274 2.790874e-05 1.320390e-08
7275 2.790859e-05 1.318003e-08
7276 2.790845e-05 1.315620e-08
7277 2.790830e-05 1.313241e-08
7278 2.790816e-05 1.310867e-08
7279 2.790801e-05 1.308497e-08
7280 2.790787e-05 1.306131e-08
7281 2.790772e-05 1.303770e-08
7282 2.790758e-05 1.301413e-08
7283 2.790743e-05 1.299060e-08
7284 2.790729e-05 1.296712e-08
7285 2.790715e-05 1.294367e-08
7286 2.790700e-05 1.292027e-08
7287 2.790686e-05 1.289691e-08
7288 2.790672e-05 1.287360e-08
7289 2.790657e-05 1.285032e-08
7290 2.790643e-05 1.282709e-08
7291 2.790629e-05 1.280390e-08
7292 2.790615e-05 1.278075e-08
7293 2.790601e-05 1.275764e-08
7294 2.790587e-05 1.273458e-08
7295 2.790573e-05 1.271156e-08
7296 2.790559e-05 1.268857e-08
7297 2.790545e-05 1.266563e-08
7298 2.790531e-05 1.264274e-08
7299 2.790517e-05 1.261988e-08
7300 2.790503e-05 1.259706e-08
7301 2.790489e-05 1.257429e-08
7302 2.790475e-05 1.255155e-08
7303 2.790461e-05 1.252886e-08
7304 2.790447e-05 1.250621e-08
7305 2.790433e-05 1.248360e-08
7306 2.790419e-05 1.246103e-08
7307 2.790406e-05 1.243850e-08
7308 2.790392e-05 1.241602e-08
7309 2.790378e-05 1.239357e-08
7310 2.790365e-05 1.237116e-08
7311 2.790351e-05 1.234880e-08
7312 2.790337e-05 1.232647e-08
7313 2.790324e-05 1.230418e-08
7314 2.790310e-05 1.228194e-08
7315 2.790296e-05 1.225974e-08
7316 2.790283e-05 1.223757e-08
7317 2.790269e-05 1.221545e-08
7318 2.790256e-05 1.219336e-08
7319 2.790242e-05 1.217132e-08
7320 2.790229e-05 1.214931e-08
7321 2.790216e-05 1.212735e-08
7322 2.790202e-05 1.210542e-08
7323 2.790189e-05 1.208354e-08
7324 2.790176e-05 1.206169e-08
7325 2.790162e-05 1.203988e-08
7326 2.790149e-05 1.201812e-08
7327 2.790136e-05 1.199639e-08
7328 2.790122e-05 1.197470e-08
7329 2.790109e-05 1.195305e-08
7330 2.790096e-05 1.193144e-08
7331 2.790083e-05 1.190987e-08
7332 2.790070e-05 1.188834e-08
7333 2.790057e-05 1.186684e-08
7334 2.790044e-05 1.184539e-08
7335 2.790030e-05 1.182397e-08
7336 2.790017e-05 1.180260e-08
7337 2.790004e-05 1.178126e-08
7338 2.789991e-05 1.175996e-08
7339 2.789978e-05 1.173870e-08
7340 2.789966e-05 1.171748e-08
7341 2.789953e-05 1.169629e-08
7342 2.789940e-05 1.167515e-08
7343 2.789927e-05 1.165404e-08
7344 2.789914e-05 1.163297e-08
7345 2.789901e-05 1.161194e-08
7346 2.789888e-05 1.159094e-08
7347 2.789876e-05 1.156999e-08
7348 2.789863e-05 1.154907e-08
7349 2.789850e-05 1.152819e-08
7350 2.789837e-05 1.150735e-08
7351 2.789825e-05 1.148654e-08
7352 2.789812e-05 1.146578e-08
7353 2.789799e-05 1.144505e-08
7354 2.789787e-05 1.142436e-08
7355 2.789774e-05 1.140370e-08
7356 2.789762e-05 1.138309e-08
7357 2.789749e-05 1.136251e-08
7358 2.789737e-05 1.134196e-08
7359 2.789724e-05 1.132146e-08
7360 2.789712e-05 1.130099e-08
7361 2.789699e-05 1.128056e-08
7362 2.789687e-05 1.126016e-08
7363 2.789674e-05 1.123981e-08
7364 2.789662e-05 1.121949e-08
7365 2.789650e-05 1.119920e-08
7366 2.789637e-05 1.117895e-08
7367 2.789625e-05 1.115874e-08
7368 2.789613e-05 1.113857e-08
7369 2.789600e-05 1.111843e-08
7370 2.789588e-05 1.109833e-08
7371 2.789576e-05 1.107827e-08
7372 2.789564e-05 1.105824e-08
7373 2.789552e-05 1.103825e-08
7374 2.789539e-05 1.101829e-08
7375 2.789527e-05 1.099837e-08
7376 2.789515e-05 1.097848e-08
7377 2.789503e-05 1.095864e-08
7378 2.789491e-05 1.093882e-08
7379 2.789479e-05 1.091905e-08
7380 2.789467e-05 1.089931e-08
7381 2.789455e-05 1.087960e-08
7382 2.789443e-05 1.085993e-08
7383 2.789431e-05 1.084030e-08
7384 2.789419e-05 1.082070e-08
7385 2.789407e-05 1.080114e-08
7386 2.789395e-05 1.078161e-08
7387 2.789384e-05 1.076212e-08
7388 2.789372e-05 1.074266e-08
7389 2.789360e-05 1.072324e-08
7390 2.789348e-05 1.070385e-08
7391 2.789336e-05 1.068450e-08
7392 2.789325e-05 1.066518e-08
7393 2.789313e-05 1.064590e-08
7394 2.789301e-05 1.062665e-08
7395 2.789289e-05 1.060744e-08
7396 2.789278e-05 1.058826e-08
7397 2.789266e-05 1.056912e-08
7398 2.789255e-05 1.055001e-08
7399 2.789243e-05 1.053094e-08
7400 2.789231e-05 1.051190e-08
7401 2.789220e-05 1.049290e-08
7402 2.789208e-05 1.047393e-08
7403 2.789197e-05 1.045499e-08
7404 2.789185e-05 1.043609e-08
7405 2.789174e-05 1.041722e-08
7406 2.789162e-05 1.039839e-08
7407 2.789151e-05 1.037959e-08
7408 2.789140e-05 1.036082e-08
7409 2.789128e-05 1.034209e-08
7410 2.789117e-05 1.032339e-08
7411 2.789105e-05 1.030473e-08
7412 2.789094e-05 1.028610e-08
7413 2.789083e-05 1.026750e-08
7414 2.789072e-05 1.024894e-08
7415 2.789060e-05 1.023041e-08
7416 2.789049e-05 1.021191e-08
7417 2.789038e-05 1.019345e-08
7418 2.789027e-05 1.017502e-08
7419 2.789015e-05 1.015663e-08
7420 2.789004e-05 1.013827e-08
7421 2.788993e-05 1.011994e-08
7422 2.788982e-05 1.010164e-08
7423 2.788971e-05 1.008338e-08
7424 2.788960e-05 1.006515e-08
7425 2.788949e-05 1.004695e-08
7426 2.788938e-05 1.002879e-08
7427 2.788927e-05 1.001066e-08
7428 2.788916e-05 9.992557e-09
