# step err_l2 res_l2
0 2.463645e-01 1.000000e+00
1 2.299087e-01 4.455477e-01
2 2.260919e-01 3.187885e-01
3 2.207775e-01 1.903899e-01
4 2.176114e-01 1.082629e-01
5 2.143968e-01 6.697548e-02
6 2.117180e-01 4.564667e-02
7 2.091836e-01 3.623524e-02
8 2.068736e-01 3.071986e-02
9 2.046998e-01 2.733876e-02
10 2.026613e-01 2.470071e-02
11 2.007300e-01 2.264321e-02
12 1.988956e-01 2.092625e-02
13 1.971451e-01 1.949710e-02
14 1.954697e-01 1.827750e-02
15 1.938615e-01 1.722843e-02
16 1.923141e-01 1.631214e-02
17 1.908220e-01 1.550386e-02
18 1.893804e-01 1.478333e-02
19 1.879852e-01 1.413582e-02
20 1.866329e-01 1.354968e-02
21 1.853204e-01 1.301592e-02
22 1.840449e-01 1.252730e-02
23 1.828038e-01 1.207798e-02
24 1.815951e-01 1.166312e-02
25 1.804167e-01 1.127869e-02
26 1.792669e-01 1.092130e-02
27 1.781440e-01 1.058804e-02
28 1.770466e-01 1.027643e-02
29 1.759733e-01 9.984307e-03
30 1.749229e-01 9.709815e-03
31 1.738943e-01 9.451320e-03
32 1.728864e-01 9.207390e-03
33 1.718983e-01 8.976766e-03
34 1.709290e-01 8.758330e-03
35 1.699778e-01 8.551093e-03
36 1.690439e-01 8.354171e-03
37 1.681265e-01 8.166773e-03
38 1.672251e-01 7.988189e-03
39 1.663389e-01 7.817782e-03
40 1.654674e-01 7.654975e-03
41 1.646101e-01 7.499243e-03
42 1.637664e-01 7.350115e-03
43 1.629359e-01 7.207156e-03
44 1.621180e-01 7.069975e-03
45 1.613124e-01 6.938209e-03
46 1.605186e-01 6.811528e-03
47 1.597364e-01 6.689631e-03
48 1.589652e-01 6.572236e-03
49 1.582047e-01 6.459087e-03
50 1.574547e-01 6.349947e-03
51 1.567147e-01 6.244595e-03
52 1.559846e-01 6.142829e-03
53 1.552640e-01 6.044458e-03
54 1.545527e-01 5.949308e-03
55 1.538503e-01 5.857215e-03
56 1.531567e-01 5.768026e-03
57 1.524716e-01 5.681600e-03
58 1.517947e-01 5.597805e-03
59 1.511260e-01 5.516515e-03
60 1.504650e-01 5.437614e-03
61 1.498118e-01 5.360994e-03
62 1.491660e-01 5.286552e-03
63 1.485275e-01 5.214191e-03
64 1.478961e-01 5.143823e-03
65 1.472716e-01 5.075360e-03
66 1.466539e-01 5.008724e-03
67 1.460428e-01 4.943838e-03
68 1.454382e-01 4.880630e-03
69 1.448399e-01 4.819034e-03
70 1.442478e-01 4.758986e-03
71 1.436617e-01 4.700424e-03
72 1.430816e-01 4.643293e-03
73 1.425072e-01 4.587536e-03
74 1.419385e-01 4.533104e-03
75 1.413753e-01 4.479947e-03
76 1.408176e-01 4.428018e-03
77 1.402652e-01 4.377273e-03
78 1.397180e-01 4.327671e-03
79 1.391760e-01 4.279171e-03
80 1.386389e-01 4.231736e-03
81 1.381067e-01 4.185328e-03
82 1.375794e-01 4.139913e-03
83 1.370568e-01 4.095459e-03
84 1.365388e-01 4.051933e-03
85 1.360254e-01 4.009305e-03
86 1.355165e-01 3.967547e-03
87 1.350119e-01 3.926631e-03
88 1.345117e-01 3.886530e-03
89 1.340157e-01 3.847220e-03
90 1.335239e-01 3.808676e-03
91 1.330361e-01 3.770874e-03
92 1.325524e-01 3.733793e-03
93 1.320726e-01 3.697411e-03
94 1.315967e-01 3.661708e-03
95 1.311246e-01 3.626664e-03
96 1.306562e-01 3.592260e-03
97 1.301916e-01 3.558478e-03
98 1.297305e-01 3.525300e-03
99 1.292731e-01 3.492711e-03
100 1.288191e-01 3.460693e-03
101 1.283687e-01 3.429231e-03
102 1.279216e-01 3.398310e-03
103 1.274779e-01 3.367915e-03
104 1.270374e-01 3.338034e-03
105 1.266003e-01 3.308652e-03
106 1.261663e-01 3.279756e-03
107 1.257354e-01 3.251334e-03
108 1.253077e-01 3.223375e-03
109 1.248831e-01 3.195865e-03
110 1.244614e-01 3.168795e-03
111 1.240427e-01 3.142154e-03
112 1.236270e-01 3.115930e-03
113 1.232141e-01 3.090114e-03
114 1.228040e-01 3.064696e-03
115 1.223968e-01 3.039667e-03
116 1.219923e-01 3.015018e-03
117 1.215906e-01 2.990739e-03
118 1.211915e-01 2.966823e-03
119 1.207951e-01 2.943260e-03
120 1.204013e-01 2.920043e-03
121 1.200101e-01 2.897164e-03
122 1.196214e-01 2.874616e-03
123 1.192352e-01 2.852391e-03
124 1.188515e-01 2.830483e-03
125 1.184703e-01 2.808884e-03
126 1.180914e-01 2.787588e-03
127 1.177150e-01 2.766588e-03
128 1.173408e-01 2.745878e-03
129 1.169690e-01 2.725452e-03
130 1.165995e-01 2.705305e-03
131 1.162323e-01 2.685430e-03
132 1.158672e-01 2.665822e-03
133 1.155044e-01 2.646475e-03
134 1.151438e-01 2.627385e-03
135 1.147853e-01 2.608546e-03
136 1.144289e-01 2.589953e-03
137 1.140746e-01 2.571601e-03
138 1.137224e-01 2.553487e-03
139 1.133722e-01 2.535604e-03
140 1.130241e-01 2.517950e-03
141 1.126779e-01 2.500519e-03
142 1.123337e-01 2.483307e-03
143 1.119915e-01 2.466311e-03
144 1.116512e-01 2.449525e-03
145 1.113128e-01 2.432948e-03
146 1.109763e-01 2.416573e-03
147 1.106416e-01 2.400399e-03
148 1.103088e-01 2.384422e-03
149 1.099778e-01 2.368637e-03
150 1.096485e-01 2.353042e-03
151 1.093211e-01 2.337633e-03
152 1.089954e-01 2.322407e-03
153 1.086715e-01 2.307361e-03
154 1.083493e-01 2.292491e-03
155 1.080287e-01 2.277796e-03
156 1.077099e-01 2.263271e-03
157 1.073927e-01 2.248914e-03
158 1.070772e-01 2.234723e-03
159 1.067633e-01 2.220694e-03
160 1.064510e-01 2.206825e-03
161 1.061402e-01 2.193113e-03
162 1.058311e-01 2.179556e-03
163 1.055235e-01 2.166151e-03
164 1.052175e-01 2.152896e-03
165 1.049129e-01 2.139788e-03
166 1.046099e-01 2.126826e-03
167 1.043084e-01 2.114006e-03
168 1.040084e-01 2.101327e-03
169 1.037098e-01 2.088787e-03
170 1.034127e-01 2.076382e-03
171 1.031170e-01 2.064113e-03
172 1.028227e-01 2.051975e-03
173 1.025298e-01 2.039968e-03
174 1.022383e-01 2.028089e-03
175 1.019482e-01 2.016336e-03
176 1.016595e-01 2.004709e-03
177 1.013721e-01 1.993203e-03
178 1.010860e-01 1.981819e-03
179 1.008012e-01 1.970554e-03
180 1.005178e-01 1.959407e-03
181 1.002357e-01 1.948375e-03
182 9.995483e-02 1.937457e-03
183 9.967525e-02 1.926652e-03
184 9.939693e-02 1.915958e-03
185 9.911986e-02 1.905373e-03
186 9.884402e-02 1.894897e-03
187 9.856941e-02 1.884526e-03
188 9.829601e-02 1.874260e-03
189 9.802381e-02 1.864098e-03
190 9.775281e-02 1.854038e-03
191 9.748298e-02 1.844078e-03
192 9.721433e-02 1.834218e-03
193 9.694683e-02 1.824455e-03
194 9.668048e-02 1.814789e-03
195 9.641526e-02 1.805219e-03
196 9.615118e-02 1.795742e-03
197 9.588821e-02 1.786358e-03
198 9.562634e-02 1.777066e-03
199 9.536558e-02 1.767864e-03
200 9.510590e-02 1.758752e-03
201 9.484730e-02 1.749727e-03
202 9.458977e-02 1.740789e-03
203 9.433330e-02 1.731937e-03
204 9.407788e-02 1.723169e-03
205 9.382350e-02 1.714485e-03
206 9.357016e-02 1.705883e-03
207 9.331783e-02 1.697363e-03
208 9.306652e-02 1.688923e-03
209 9.281622e-02 1.680562e-03
210 9.256692e-02 1.672280e-03
211 9.231860e-02 1.664075e-03
212 9.207127e-02 1.655946e-03
213 9.182491e-02 1.647892e-03
214 9.157951e-02 1.639914e-03
215 9.133507e-02 1.632008e-03
216 9.109159e-02 1.624175e-03
217 9.084904e-02 1.616414e-03
218 9.060743e-02 1.608724e-03
219 9.036674e-02 1.601103e-03
220 9.012698e-02 1.593552e-03
221 8.988812e-02 1.586069e-03
222 8.965017e-02 1.578653e-03
223 8.941312e-02 1.571304e-03
224 8.917696e-02 1.564020e-03
225 8.894168e-02 1.556802e-03
226 8.870729e-02 1.549647e-03
227 8.847376e-02 1.542556e-03
228 8.824109e-02 1.535527e-03
229 8.800928e-02 1.528561e-03
230 8.777832e-02 1.521655e-03
231 8.754821e-02 1.514810e-03
232 8.731893e-02 1.508024e-03
233 8.709049e-02 1.501297e-03
234 8.686287e-02 1.494629e-03
235 8.663607e-02 1.488018e-03
236 8.641008e-02 1.481464e-03
237 8.618490e-02 1.474966e-03
238 8.596052e-02 1.468523e-03
239 8.573694e-02 1.462135e-03
240 8.551415e-02 1.455802e-03
241 8.529214e-02 1.449522e-03
242 8.507091e-02 1.443294e-03
243 8.485046e-02 1.437119e-03
244 8.463077e-02 1.430996e-03
245 8.441184e-02 1.424924e-03
246 8.419367e-02 1.418902e-03
247 8.397625e-02 1.412930e-03
248 8.375958e-02 1.407007e-03
249 8.354365e-02 1.401133e-03
250 8.332846e-02 1.395307e-03
251 8.311400e-02 1.389529e-03
252 8.290026e-02 1.383798e-03
253 8.268725e-02 1.378113e-03
254 8.247495e-02 1.372474e-03
255 8.226336e-02 1.366880e-03
256 8.205249e-02 1.361331e-03
257 8.184231e-02 1.355827e-03
258 8.163283e-02 1.350366e-03
259 8.142405e-02 1.344949e-03
260 8.121595e-02 1.339574e-03
261 8.100854e-02 1.334242e-03
262 8.080181e-02 1.328952e-03
263 8.059576e-02 1.323702e-03
264 8.039037e-02 1.318494e-03
265 8.018566e-02 1.313327e-03
266 7.998161e-02 1.308199e-03
267 7.977821e-02 1.303110e-03
268 7.957547e-02 1.298061e-03
269 7.937338e-02 1.293050e-03
270 7.917194e-02 1.288077e-03
271 7.897114e-02 1.283143e-03
272 7.877098e-02 1.278245e-03
273 7.857146e-02 1.273384e-03
274 7.837257e-02 1.268560e-03
275 7.817430e-02 1.263771e-03
276 7.797666e-02 1.259018e-03
277 7.777963e-02 1.254301e-03
278 7.758323e-02 1.249618e-03
279 7.738744e-02 1.244970e-03
280 7.719225e-02 1.240355e-03
281 7.699767e-02 1.235774e-03
282 7.680370e-02 1.231227e-03
283 7.661032e-02 1.226712e-03
284 7.641754e-02 1.222230e-03
285 7.622535e-02 1.217780e-03
286 7.603375e-02 1.213362e-03
287 7.584273e-02 1.208975e-03
288 7.565230e-02 1.204619e-03
289 7.546245e-02 1.200294e-03
290 7.527317e-02 1.195999e-03
291 7.508446e-02 1.191735e-03
292 7.489632e-02 1.187500e-03
293 7.470875e-02 1.183294e-03
294 7.452174e-02 1.179118e-03
295 7.433530e-02 1.174970e-03
296 7.414941e-02 1.170851e-03
297 7.396407e-02 1.166759e-03
298 7.377929e-02 1.162696e-03
299 7.359505e-02 1.158660e-03
300 7.341136e-02 1.154651e-03
301 7.322821e-02 1.150669e-03
302 7.304560e-02 1.146713e-03
303 7.286353e-02 1.142784e-03
304 7.268199e-02 1.138880e-03
305 7.250099e-02 1.135003e-03
306 7.232051e-02 1.131151e-03
307 7.214056e-02 1.127324e-03
308 7.196113e-02 1.123521e-03
309 7.178223e-02 1.119744e-03
310 7.160384e-02 1.115990e-03
311 7.142597e-02 1.112261e-03
312 7.124861e-02 1.108556e-03
313 7.107176e-02 1.104874e-03
314 7.089542e-02 1.101215e-03
315 7.071959e-02 1.097580e-03
316 7.054425e-02 1.093967e-03
317 7.036943e-02 1.090376e-03
318 7.019509e-02 1.086808e-03
319 7.002126e-02 1.083262e-03
320 6.984792e-02 1.079738e-03
321 6.967507e-02 1.076236e-03
322 6.950271e-02 1.072754e-03
323 6.933083e-02 1.069294e-03
324 6.915944e-02 1.065855e-03
325 6.898854e-02 1.062436e-03
326 6.881811e-02 1.059038e-03
327 6.864816e-02 1.055660e-03
328 6.847869e-02 1.052302e-03
329 6.830969e-02 1.048964e-03
330 6.814117e-02 1.045646e-03
331 6.797311e-02 1.042347e-03
332 6.780552e-02 1.039067e-03
333 6.763839e-02 1.035806e-03
334 6.747173e-02 1.032563e-03
335 6.730553e-02 1.029340e-03
336 6.713979e-02 1.026135e-03
337 6.697450e-02 1.022948e-03
338 6.680967e-02 1.019779e-03
339 6.664530e-02 1.016627e-03
340 6.648137e-02 1.013494e-03
341 6.631790e-02 1.010378e-03
342 6.615487e-02 1.007279e-03
343 6.599229e-02 1.004197e-03
344 6.583015e-02 1.001132e-03
345 6.566845e-02 9.980844e-04
346 6.550720e-02 9.950529e-04
347 6.534638e-02 9.920379e-04
348 6.518599e-02 9.890391e-04
349 6.502605e-02 9.860563e-04
350 6.486653e-02 9.830895e-04
351 6.470745e-02 9.801384e-04
352 6.454879e-02 9.772030e-04
353 6.439057e-02 9.742829e-04
354 6.423276e-02 9.713782e-04
355 6.407539e-02 9.684885e-04
356 6.391843e-02 9.656139e-04
357 6.376190e-02 9.627541e-04
358 6.360578e-02 9.599090e-04
359 6.345009e-02 9.570784e-04
360 6.329480e-02 9.542622e-04
361 6.313994e-02 9.514602e-04
362 6.298548e-02 9.486724e-04
363 6.283144e-02 9.458986e-04
364 6.267780e-02 9.431386e-04
365 6.252457e-02 9.403923e-04
366 6.237175e-02 9.376595e-04
367 6.221934e-02 9.349402e-04
368 6.206732e-02 9.322342e-04
369 6.191571e-02 9.295414e-04
370 6.176450e-02 9.268617e-04
371 6.161369e-02 9.241949e-04
372 6.146327e-02 9.215409e-04
373 6.131325e-02 9.188995e-04
374 6.116362e-02 9.162708e-04
375 6.101439e-02 9.136545e-04
376 6.086555e-02 9.110505e-04
377 6.071710e-02 9.084587e-04
378 6.056903e-02 9.058791e-04
379 6.042136e-02 9.033114e-04
380 6.027407e-02 9.007556e-04
381 6.012716e-02 8.982116e-04
382 5.998064e-02 8.956792e-04
383 5.983449e-02 8.931584e-04
384 5.968873e-02 8.906490e-04
385 5.954335e-02 8.881509e-04
386 5.939834e-02 8.856641e-04
387 5.925371e-02 8.831884e-04
388 5.910946e-02 8.807238e-04
389 5.896557e-02 8.782701e-04
390 5.882207e-02 8.758272e-04
391 5.867893e-02 8.733951e-04
392 5.853616e-02 8.709736e-04
393 5.839376e-02 8.685627e-04
394 5.825172e-02 8.661622e-04
395 5.811006e-02 8.637721e-04
396 5.796875e-02 8.613922e-04
397 5.782781e-02 8.590225e-04
398 5.768723e-02 8.566630e-04
399 5.754702e-02 8.543134e-04
400 5.740716e-02 8.519737e-04
401 5.726766e-02 8.496439e-04
402 5.712852e-02 8.473239e-04
403 5.698973e-02 8.450135e-04
404 5.685130e-02 8.427126e-04
405 5.671323e-02 8.404213e-04
406 5.657550e-02 8.381394e-04
407 5.643813e-02 8.358669e-04
408 5.630111e-02 8.336036e-04
409 5.616443e-02 8.313495e-04
410 5.602811e-02 8.291045e-04
411 5.589213e-02 8.268686e-04
412 5.575650e-02 8.246416e-04
413 5.562121e-02 8.224235e-04
414 5.548626e-02 8.202142e-04
415 5.535166e-02 8.180136e-04
416 5.521740e-02 8.158217e-04
417 5.508348e-02 8.136385e-04
418 5.494989e-02 8.114637e-04
419 5.481665e-02 8.092974e-04
420 5.468374e-02 8.071395e-04
421 5.455117e-02 8.049900e-04
422 5.441893e-02 8.028487e-04
423 5.428703e-02 8.007156e-04
424 5.415546e-02 7.985907e-04
425 5.402422e-02 7.964738e-04
426 5.389331e-02 7.943649e-04
427 5.376274e-02 7.922640e-04
428 5.363249e-02 7.901709e-04
429 5.350257e-02 7.880857e-04
430 5.337297e-02 7.860082e-04
431 5.324370e-02 7.839385e-04
432 5.311476e-02 7.818764e-04
433 5.298613e-02 7.798219e-04
434 5.285784e-02 7.777749e-04
435 5.272986e-02 7.757354e-04
436 5.260220e-02 7.737034e-04
437 5.247487e-02 7.716787e-04
438 5.234785e-02 7.696613e-04
439 5.222115e-02 7.676511e-04
440 5.209476e-02 7.656482e-04
441 5.196870e-02 7.636525e-04
442 5.184294e-02 7.616638e-04
443 5.171750e-02 7.596822e-04
444 5.159238e-02 7.577076e-04
445 5.146757e-02 7.557399e-04
446 5.134306e-02 7.537792e-04
447 5.121887e-02 7.518253e-04
448 5.109499e-02 7.498782e-04
449 5.097141e-02 7.479379e-04
450 5.084815e-02 7.460043e-04
451 5.072519e-02 7.440773e-04
452 5.060253e-02 7.421570e-04
453 5.048019e-02 7.402433e-04
454 5.035814e-02 7.383360e-04
455 5.023640e-02 7.364353e-04
456 5.011496e-02 7.345410e-04
457 4.999382e-02 7.326531e-04
458 4.987298e-02 7.307716e-04
459 4.975244e-02 7.288964e-04
460 4.963220e-02 7.270274e-04
461 4.951226e-02 7.251647e-04
462 4.939262e-02 7.233082e-04
463 4.927327e-02 7.214578e-04
464 4.915422e-02 7.196136e-04
465 4.903546e-02 7.177754e-04
466 4.891699e-02 7.159433e-04
467 4.879882e-02 7.141171e-04
468 4.868094e-02 7.122969e-04
469 4.856335e-02 7.104826e-04
470 4.844605e-02 7.086743e-04
471 4.832905e-02 7.068717e-04
472 4.821233e-02 7.050750e-04
473 4.809589e-02 7.032840e-04
474 4.797975e-02 7.014988e-04
475 4.786389e-02 6.997193e-04
476 4.774832e-02 6.979454e-04
477 4.763303e-02 6.961772e-04
478 4.751803e-02 6.944146e-04
479 4.740330e-02 6.926576e-04
480 4.728887e-02 6.909060e-04
481 4.717471e-02 6.891600e-04
482 4.706083e-02 6.874195e-04
483 4.694724e-02 6.856844e-04
484 4.683392e-02 6.839547e-04
485 4.672088e-02 6.822304e-04
486 4.660812e-02 6.805114e-04
487 4.649564e-02 6.787977e-04
488 4.638343e-02 6.770893e-04
489 4.627150e-02 6.753862e-04
490 4.615984e-02 6.736883e-04
491 4.604846e-02 6.719956e-04
492 4.593735e-02 6.703080e-04
493 4.582651e-02 6.686256e-04
494 4.571594e-02 6.669483e-04
495 4.560565e-02 6.652761e-04
496 4.549563e-02 6.636089e-04
497 4.538587e-02 6.619467e-04
498 4.527639e-02 6.602896e-04
499 4.516717e-02 6.586374e-04
500 4.505822e-02 6.569901e-04
501 4.494953e-02 6.553478e-04
502 4.484112e-02 6.537103e-04
503 4.473296e-02 6.520778e-04
504 4.462508e-02 6.504500e-04
505 4.451745e-02 6.488271e-04
506 4.441009e-02 6.472090e-04
507 4.430299e-02 6.455956e-04
508 4.419616e-02 6.439870e-04
509 4.408958e-02 6.423831e-04
510 4.398326e-02 6.407838e-04
511 4.387721e-02 6.391893e-04
512 4.377141e-02 6.375994e-04
513 4.366587e-02 6.360141e-04
514 4.356059e-02 6.344334e-04
515 4.345557e-02 6.328573e-04
516 4.335080e-02 6.312857e-04
517 4.324629e-02 6.297187e-04
518 4.314203e-02 6.281561e-04
519 4.303803e-02 6.265981e-04
520 4.293428e-02 6.250445e-04
521 4.283078e-02 6.234954e-04
522 4.272754e-02 6.219507e-04
523 4.262455e-02 6.204104e-04
524 4.252180e-02 6.188744e-04
525 4.241931e-02 6.173428e-04
526 4.231707e-02 6.158156e-04
527 4.221508e-02 6.142927e-04
528 4.211333e-02 6.127741e-04
529 4.201184e-02 6.112597e-04
530 4.191059e-02 6.097496e-04
531 4.180958e-02 6.082438e-04
532 4.170882e-02 6.067422e-04
533 4.160831e-02 6.052448e-04
534 4.150804e-02 6.037515e-04
535 4.140802e-02 6.022624e-04
536 4.130824e-02 6.007775e-04
537 4.120870e-02 5.992967e-04
538 4.110940e-02 5.978200e-04
539 4.101035e-02 5.963474e-04
540 4.091153e-02 5.948788e-04
541 4.081296e-02 5.934144e-04
542 4.071462e-02 5.919539e-04
543 4.061653e-02 5.904975e-04
544 4.051867e-02 5.890451e-04
545 4.042105e-02 5.875966e-04
546 4.032366e-02 5.861521e-04
547 4.022652e-02 5.847116e-04
548 4.012961e-02 5.832750e-04
549 4.003293e-02 5.818423e-04
550 3.993649e-02 5.804136e-04
551 3.984028e-02 5.789887e-04
552 3.974431e-02 5.775677e-04
553 3.964857e-02 5.761505e-04
554 3.955306e-02 5.747372e-04
555 3.945778e-02 5.733276e-04
556 3.936274e-02 5.719219e-04
557 3.926792e-02 5.705200e-04
558 3.917333e-02 5.691219e-04
559 3.907898e-02 5.677275e-04
560 3.898485e-02 5.663369e-04
561 3.889095e-02 5.649500e-04
562 3.879728e-02 5.635668e-04
563 3.870383e-02 5.621873e-04
564 3.861062e-02 5.608115e-04
565 3.851762e-02 5.594393e-04
566 3.842486e-02 5.580709e-04
567 3.833231e-02 5.567060e-04
568 3.823999e-02 5.553448e-04
569 3.814790e-02 5.539872e-04
570 3.805603e-02 5.526333e-04
571 3.796438e-02 5.512828e-04
572 3.787295e-02 5.499360e-04
573 3.778174e-02 5.485928e-04
574 3.769076e-02 5.472530e-04
575 3.759999e-02 5.459168e-04
576 3.750945e-02 5.445842e-04
577 3.741912e-02 5.432550e-04
578 3.732901e-02 5.419293e-04
579 3.723912e-02 5.406072e-04
580 3.714945e-02 5.392884e-04
581 3.705999e-02 5.379732e-04
582 3.697075e-02 5.366614e-04
583 3.688173e-02 5.353530e-04
584 3.679292e-02 5.340480e-04
585 3.670433e-02 5.327464e-04
586 3.661595e-02 5.314483e-04
587 3.652778e-02 5.301535e-04
588 3.643983e-02 5.288620e-04
589 3.635209e-02 5.275740e-04
590 3.626456e-02 5.262893e-04
591 3.617725e-02 5.250079e-04
592 3.609014e-02 5.237298e-04
593 3.600325e-02 5.224551e-04
594 3.591656e-02 5.211836e-04
595 3.583009e-02 5.199154e-04
596 3.574382e-02 5.186505e-04
597 3.565776e-02 5.173889e-04
598 3.557191e-02 5.161305e-04
599 3.548627e-02 5.148754e-04
600 3.540083e-02 5.136235e-04
601 3.531561e-02 5.123748e-04
602 3.523058e-02 5.111293e-04
603 3.514576e-02 5.098871e-04
604 3.506115e-02 5.086480e-04
605 3.497674e-02 5.074121e-04
606 3.489254e-02 5.061793e-04
607 3.480853e-02 5.049497e-04
608 3.472474e-02 5.037233e-04
609 3.464114e-02 5.025000e-04
610 3.455774e-02 5.012798e-04
611 3.447455e-02 5.000627e-04
612 3.439156e-02 4.988487e-04
613 3.430877e-02 4.976379e-04
614 3.422617e-02 4.964301e-04
615 3.414378e-02 4.952253e-04
616 3.406159e-02 4.940237e-04
617 3.397959e-02 4.928251e-04
618 3.389779e-02 4.916295e-04
619 3.381619e-02 4.904370e-04
620 3.373479e-02 4.892475e-04
621 3.365358e-02 4.880610e-04
622 3.357257e-02 4.868775e-04
623 3.349175e-02 4.856971e-04
624 3.341113e-02 4.845196e-04
625 3.333070e-02 4.833450e-04
626 3.325047e-02 4.821735e-04
627 3.317043e-02 4.810049e-04
628 3.309058e-02 4.798392e-04
629 3.301093e-02 4.786765e-04
630 3.293147e-02 4.775167e-04
631 3.285220e-02 4.763599e-04
632 3.277312e-02 4.752059e-04
633 3.269423e-02 4.740549e-04
634 3.261554e-02 4.729067e-04
635 3.253703e-02 4.717614e-04
636 3.245871e-02 4.706191e-04
637 3.238058e-02 4.694795e-04
638 3.230264e-02 4.683429e-04
639 3.222488e-02 4.672091e-04
640 3.214732e-02 4.660781e-04
641 3.206994e-02 4.649499e-04
642 3.199275e-02 4.638246e-04
643 3.191574e-02 4.627021e-04
644 3.183892e-02 4.615824e-04
645 3.176228e-02 4.604655e-04
646 3.168583e-02 4.593514e-04
647 3.160956e-02 4.582401e-04
648 3.153348e-02 4.571316e-04
649 3.145758e-02 4.560258e-04
650 3.138186e-02 4.549228e-04
651 3.130633e-02 4.538225e-04
652 3.123098e-02 4.527249e-04
653 3.115581e-02 4.516301e-04
654 3.108082e-02 4.505381e-04
655 3.100601e-02 4.494487e-04
656 3.093138e-02 4.483621e-04
657 3.085693e-02 4.472781e-04
658 3.078266e-02 4.461969e-04
659 3.070857e-02 4.451183e-04
660 3.063466e-02 4.440424e-04
661 3.056092e-02 4.429692e-04
662 3.048737e-02 4.418986e-04
663 3.041399e-02 4.408307e-04
664 3.034078e-02 4.397655e-04
665 3.026776e-02 4.387028e-04
666 3.019491e-02 4.376428e-04
667 3.012223e-02 4.365855e-04
668 3.004973e-02 4.355307e-04
669 2.997741e-02 4.344786e-04
670 2.990526e-02 4.334291e-04
671 2.983328e-02 4.323821e-04
672 2.976148e-02 4.313378e-04
673 2.968984e-02 4.302960e-04
674 2.961839e-02 4.292568e-04
675 2.954710e-02 4.282202e-04
676 2.947598e-02 4.271861e-04
677 2.940504e-02 4.261546e-04
678 2.933427e-02 4.251256e-04
679 2.926367e-02 4.240992e-04
680 2.919323e-02 4.230753e-04
681 2.912297e-02 4.220539e-04
682 2.905288e-02 4.210350e-04
683 2.898295e-02 4.200186e-04
684 2.891320e-02 4.190048e-04
685 2.884361e-02 4.179934e-04
686 2.877419e-02 4.169845e-04
687 2.870493e-02 4.159781e-04
688 2.863585e-02 4.149742e-04
689 2.856693e-02 4.139727e-04
690 2.849817e-02 4.129737e-04
691 2.842958e-02 4.119772e-04
692 2.836116e-02 4.109831e-04
693 2.829290e-02 4.099914e-04
694 2.822480e-02 4.090022e-04
695 2.815687e-02 4.080154e-04
696 2.808911e-02 4.070311e-04
697 2.802150e-02 4.060491e-04
698 2.795406e-02 4.050695e-04
699 2.788678e-02 4.040924e-04
700 2.781966e-02 4.031176e-04
701 2.775271e-02 4.021453e-04
702 2.768591e-02 4.011753e-04
703 2.761928e-02 4.002077e-04
704 2.755280e-02 3.992424e-04
705 2.748649e-02 3.982796e-04
706 2.742034e-02 3.973190e-04
707 2.735434e-02 3.963609e-04
708 2.728851e-02 3.954050e-04
709 2.722283e-02 3.944515e-04
710 2.715731e-02 3.935004e-04
711 2.709195e-02 3.925516e-04
712 2.702674e-02 3.916050e-04
713 2.696169e-02 3.906608e-04
714 2.689680e-02 3.897189e-04
715 2.683207e-02 3.887793e-04
716 2.676749e-02 3.878420e-04
717 2.670307e-02 3.869070e-04
718 2.663880e-02 3.859743e-04
719 2.657468e-02 3.850438e-04
720 2.651072e-02 3.841156e-04
721 2.644692e-02 3.831897e-04
722 2.638327e-02 3.822661e-04
723 2.631977e-02 3.813446e-04
724 2.625642e-02 3.804255e-04
725 2.619323e-02 3.795085e-04
726 2.613018e-02 3.785939e-04
727 2.606729e-02 3.776814e-04
728 2.600456e-02 3.767711e-04
729 2.594197e-02 3.758631e-04
730 2.587953e-02 3.749573e-04
731 2.581724e-02 3.740537e-04
732 2.575511e-02 3.731523e-04
733 2.569312e-02 3.722531e-04
734 2.563128e-02 3.713561e-04
735 2.556959e-02 3.704612e-04
736 2.550805e-02 3.695686e-04
737 2.544666e-02 3.686781e-04
738 2.538541e-02 3.677897e-04
739 2.532431e-02 3.669036e-04
740 2.526336e-02 3.660195e-04
741 2.520256e-02 3.651377e-04
742 2.514190e-02 3.642580e-04
743 2.508139e-02 3.633804e-04
744 2.502102e-02 3.625049e-04
745 2.496080e-02 3.616316e-04
746 2.490072e-02 3.607604e-04
747 2.484079e-02 3.598913e-04
748 2.478100e-02 3.590243e-04
749 2.472136e-02 3.581595e-04
750 2.466186e-02 3.572967e-04
751 2.460250e-02 3.564360e-04
752 2.454329e-02 3.555774e-04
753 2.448421e-02 3.547209e-04
754 2.442528e-02 3.538665e-04
755 2.436650e-02 3.530141e-04
756 2.430785e-02 3.521638e-04
757 2.424934e-02 3.513156e-04
758 2.419098e-02 3.504695e-04
759 2.413275e-02 3.496253e-04
760 2.407467e-02 3.487833e-04
761 2.401672e-02 3.479432e-04
762 2.395892e-02 3.471053e-04
763 2.390125e-02 3.462693e-04
764 2.384372e-02 3.454354e-04
765 2.378634e-02 3.446034e-04
766 2.372908e-02 3.437736e-04
767 2.367197e-02 3.429457e-04
768 2.361499e-02 3.421198e-04
769 2.355816e-02 3.412959e-04
770 2.350145e-02 3.404740e-04
771 2.344489e-02 3.396541e-04
772 2.338846e-02 3.388362e-04
773 2.333216e-02 3.380203e-04
774 2.327600e-02 3.372063e-04
775 2.321998e-02 3.363944e-04
776 2.316409e-02 3.355843e-04
777 2.310834e-02 3.347763e-04
778 2.305272e-02 3.339702e-04
779 2.299723e-02 3.331660e-04
780 2.294188e-02 3.323638e-04
781 2.288666e-02 3.315636e-04
782 2.283157e-02 3.307652e-04
783 2.277662e-02 3.299688e-04
784 2.272179e-02 3.291744e-04
785 2.266710e-02 3.283818e-04
786 2.261255e-02 3.275912e-04
787 2.255812e-02 3.268025e-04
788 2.250382e-02 3.260156e-04
789 2.244965e-02 3.252307e-04
790 2.239562e-02 3.244477e-04
791 2.234171e-02 3.236666e-04
792 2.228794e-02 3.228874e-04
793 2.223429e-02 3.221100e-04
794 2.218077e-02 3.213345e-04
795 2.212738e-02 3.205609e-04
796 2.207412e-02 3.197892e-04
797 2.202099e-02 3.190193e-04
798 2.196799e-02 3.182513e-04
799 2.191511e-02 3.174852e-04
800 2.186236e-02 3.167209e-04
801 2.180974e-02 3.159584e-04
802 2.175724e-02 3.151978e-04
803 2.170487e-02 3.144391e-04
804 2.165262e-02 3.136821e-04
805 2.160051e-02 3.129270e-04
806 2.154851e-02 3.121737e-04
807 2.149664e-02 3.114222e-04
808 2.144490e-02 3.106726e-04
809 2.139328e-02 3.099247e-04
810 2.134179e-02 3.091787e-04
811 2.129042e-02 3.084345e-04
812 2.123917e-02 3.076920e-04
813 2.118804e-02 3.069514e-04
814 2.113704e-02 3.062125e-04
815 2.108616e-02 3.054754e-04
816 2.103541e-02 3.047401e-04
817 2.098477e-02 3.040066e-04
818 2.093426e-02 3.032748e-04
819 2.088387e-02 3.025448e-04
820 2.083360e-02 3.018166e-04
821 2.078345e-02 3.010901e-04
822 2.073342e-02 3.003654e-04
823 2.068352e-02 2.996424e-04
824 2.063373e-02 2.989212e-04
825 2.058406e-02 2.982017e-04
826 2.053451e-02 2.974840e-04
827 2.048508e-02 2.967680e-04
828 2.043577e-02 2.960537e-04
829 2.038658e-02 2.953411e-04
830 2.033751e-02 2.946302e-04
831 2.028855e-02 2.939211e-04
832 2.023972e-02 2.932137e-04
833 2.019100e-02 2.925079e-04
834 2.014239e-02 2.918039e-04
835 2.009391e-02 2.911016e-04
836 2.004554e-02 2.904009e-04
837 1.999728e-02 2.897020e-04
838 1.994915e-02 2.890047e-04
839 1.990113e-02 2.883092e-04
840 1.985322e-02 2.876153e-04
841 1.980543e-02 2.869230e-04
842 1.975775e-02 2.862325e-04
843 1.971019e-02 2.855436e-04
844 1.966275e-02 2.848563e-04
845 1.961541e-02 2.841707e-04
846 1.956820e-02 2.834868e-04
847 1.952109e-02 2.828045e-04
848 1.947410e-02 2.821239e-04
849 1.942722e-02 2.814449e-04
850 1.938046e-02 2.807675e-04
851 1.933380e-02 2.800918e-04
852 1.928726e-02 2.794177e-04
853 1.924083e-02 2.787452e-04
854 1.919451e-02 2.780744e-04
855 1.914831e-02 2.774051e-04
856 1.910221e-02 2.767375e-04
857 1.905623e-02 2.760715e-04
858 1.901036e-02 2.754071e-04
859 1.896459e-02 2.747443e-04
860 1.891894e-02 2.740830e-04
861 1.887340e-02 2.734234e-04
862 1.882796e-02 2.727654e-04
863 1.878264e-02 2.721089e-04
864 1.873742e-02 2.714540e-04
865 1.869232e-02 2.708008e-04
866 1.864732e-02 2.701490e-04
867 1.860243e-02 2.694989e-04
868 1.855765e-02 2.688503e-04
869 1.851297e-02 2.682033e-04
870 1.846841e-02 2.675578e-04
871 1.842395e-02 2.669139e-04
872 1.837960e-02 2.662715e-04
873 1.833535e-02 2.656307e-04
874 1.829121e-02 2.649914e-04
875 1.824718e-02 2.643537e-04
876 1.820325e-02 2.637175e-04
877 1.815943e-02 2.630828e-04
878 1.811571e-02 2.624497e-04
879 1.807210e-02 2.618181e-04
880 1.802860e-02 2.611880e-04
881 1.798519e-02 2.605594e-04
882 1.794190e-02 2.599323e-04
883 1.789870e-02 2.593068e-04
884 1.785562e-02 2.586827e-04
885 1.781263e-02 2.580602e-04
886 1.776975e-02 2.574391e-04
887 1.772697e-02 2.568196e-04
888 1.768429e-02 2.562015e-04
889 1.764172e-02 2.555850e-04
890 1.759925e-02 2.549699e-04
891 1.755688e-02 2.543562e-04
892 1.751461e-02 2.537441e-04
893 1.747245e-02 2.531335e-04
894 1.743039e-02 2.525243e-04
895 1.738842e-02 2.519165e-04
896 1.734656e-02 2.513103e-04
897 1.730480e-02 2.507055e-04
898 1.726314e-02 2.501021e-04
899 1.722158e-02 2.495002e-04
900 1.718012e-02 2.488998e-04
901 1.713876e-02 2.483008e-04
902 1.709750e-02 2.477032e-04
903 1.705634e-02 2.471071e-04
904 1.701528e-02 2.465124e-04
905 1.697431e-02 2.459191e-04
906 1.693345e-02 2.453273e-04
907 1.689268e-02 2.447369e-04
908 1.685201e-02 2.441479e-04
909 1.681144e-02 2.435603e-04
910 1.677097e-02 2.429742e-04
911 1.673059e-02 2.423894e-04
912 1.669031e-02 2.418061e-04
913 1.665013e-02 2.412242e-04
914 1.661005e-02 2.406436e-04
915 1.657006e-02 2.400645e-04
916 1.653016e-02 2.394867e-04
917 1.649037e-02 2.389104e-04
918 1.645067e-02 2.383354e-04
919 1.641106e-02 2.377618e-04
920 1.637155e-02 2.371896e-04
921 1.633214e-02 2.366188e-04
922 1.629282e-02 2.360493e-04
923 1.625359e-02 2.354812e-04
924 1.621446e-02 2.349145e-04
925 1.617542e-02 2.343492e-04
926 1.613648e-02 2.337852e-04
927 1.609763e-02 2.332225e-04
928 1.605887e-02 2.326612e-04
929 1.602021e-02 2.321013e-04
930 1.598164e-02 2.315427e-04
931 1.594316e-02 2.309855e-04
932 1.590478e-02 2.304295e-04
933 1.586649e-02 2.298750e-04
934 1.582829e-02 2.293217e-04
935 1.579018e-02 2.287698e-04
936 1.575216e-02 2.282193e-04
937 1.571424e-02 2.276700e-04
938 1.567640e-02 2.271221e-04
939 1.563866e-02 2.265755e-04
940 1.560101e-02 2.260302e-04
941 1.556345e-02 2.254862e-04
942 1.552598e-02 2.249435e-04
943 1.548860e-02 2.244021e-04
944 1.545131e-02 2.238620e-04
945 1.541411e-02 2.233233e-04
946 1.537699e-02 2.227858e-04
947 1.533997e-02 2.222496e-04
948 1.530304e-02 2.217147e-04
949 1.526620e-02 2.211811e-04
950 1.522944e-02 2.206488e-04
951 1.519277e-02 2.201177e-04
952 1.515619e-02 2.195879e-04
953 1.511970e-02 2.190594e-04
954 1.508330e-02 2.185322e-04
955 1.504698e-02 2.180063e-04
956 1.501076e-02 2.174816e-04
957 1.497461e-02 2.169581e-04
958 1.493856e-02 2.164360e-04
959 1.490259e-02 2.159150e-04
960 1.486671e-02 2.153954e-04
961 1.483092e-02 2.148770e-04
962 1.479521e-02 2.143598e-04
963 1.475959e-02 2.138439e-04
964 1.472405e-02 2.133292e-04
965 1.468860e-02 2.128157e-04
966 1.465323e-02 2.123035e-04
967 1.461795e-02 2.117926e-04
968 1.458276e-02 2.112828e-04
969 1.454765e-02 2.107743e-04
970 1.451262e-02 2.102670e-04
971 1.447768e-02 2.097609e-04
972 1.444282e-02 2.092560e-04
973 1.440805e-02 2.087524e-04
974 1.437335e-02 2.082499e-04
975 1.433875e-02 2.077487e-04
976 1.430422e-02 2.072487e-04
977 1.426978e-02 2.067498e-04
978 1.423542e-02 2.062522e-04
979 1.420115e-02 2.057558e-04
980 1.416696e-02 2.052606e-04
981 1.413285e-02 2.047665e-04
982 1.409882e-02 2.042737e-04
983 1.406487e-02 2.037820e-04
984 1.403101e-02 2.032915e-04
985 1.399722e-02 2.028022e-04
986 1.396352e-02 2.023140e-04
987 1.392990e-02 2.018271e-04
988 1.389636e-02 2.013413e-04
989 1.386290e-02 2.008567e-04
990 1.382952e-02 2.003732e-04
991 1.379622e-02 1.998909e-04
992 1.376300e-02 1.994098e-04
993 1.372987e-02 1.989298e-04
994 1.369681e-02 1.984510e-04
995 1.366383e-02 1.979733e-04
996 1.363093e-02 1.974968e-04
997 1.359811e-02 1.970214e-04
998 1.356537e-02 1.965472e-04
999 1.353270e-02 1.960741e-04
1000 1.350012e-02 1.956021e-04
1001 1.346761e-02 1.951313e-04
1002 1.343519e-02 1.946616e-04
1003 1.340284e-02 1.941931e-04
1004 1.337056e-02 1.937256e-04
1005 1.333837e-02 1.932593e-04
1006 1.330625e-02 1.927941e-04
1007 1.327421e-02 1.923300e-04
1008 1.324225e-02 1.918671e-04
1009 1.321037e-02 1.914053e-04
1010 1.317856e-02 1.909445e-04
1011 1.314683e-02 1.904849e-04
1012 1.311517e-02 1.900264e-04
1013 1.308359e-02 1.895690e-04
1014 1.305209e-02 1.891126e-04
1015 1.302066e-02 1.886574e-04
1016 1.298931e-02 1.882033e-04
1017 1.295803e-02 1.877503e-04
1018 1.292683e-02 1.872983e-04
1019 1.289570e-02 1.868475e-04
1020 1.286465e-02 1.863977e-04
1021 1.283368e-02 1.859490e-04
1022 1.280277e-02 1.855014e-04
1023 1.277195e-02 1.850548e-04
1024 1.274119e-02 1.846094e-04
1025 1.271051e-02 1.841650e-04
1026 1.267991e-02 1.837217e-04
1027 1.264938e-02 1.832794e-04
1028 1.261892e-02 1.828382e-04
1029 1.258853e-02 1.823981e-04
1030 1.255822e-02 1.819590e-04
1031 1.252798e-02 1.815210e-04
1032 1.249782e-02 1.810840e-04
1033 1.246772e-02 1.806481e-04
1034 1.243770e-02 1.802132e-04
1035 1.240775e-02 1.797794e-04
1036 1.237788e-02 1.793466e-04
1037 1.234807e-02 1.789149e-04
1038 1.231834e-02 1.784842e-04
1039 1.228868e-02 1.780545e-04
1040 1.225909e-02 1.776259e-04
1041 1.222957e-02 1.771983e-04
1042 1.220012e-02 1.767717e-04
1043 1.217074e-02 1.763462e-04
1044 1.214144e-02 1.759216e-04
1045 1.211220e-02 1.754981e-04
1046 1.208303e-02 1.750756e-04
1047 1.205394e-02 1.746542e-04
1048 1.202491e-02 1.742337e-04
1049 1.199596e-02 1.738143e-04
1050 1.196707e-02 1.733958e-04
1051 1.193826e-02 1.729784e-04
1052 1.190951e-02 1.725620e-04
1053 1.188083e-02 1.721465e-04
1054 1.185222e-02 1.717321e-04
1055 1.182368e-02 1.713187e-04
1056 1.179521e-02 1.709062e-04
1057 1.176681e-02 1.704948e-04
1058 1.173848e-02 1.700843e-04
1059 1.171021e-02 1.696749e-04
1060 1.168201e-02 1.692664e-04
1061 1.165388e-02 1.688589e-04
1062 1.162582e-02 1.684524e-04
1063 1.159783e-02 1.680468e-04
1064 1.156990e-02 1.676422e-04
1065 1.154204e-02 1.672386e-04
1066 1.151425e-02 1.668360e-04
1067 1.148652e-02 1.664344e-04
1068 1.145886e-02 1.660337e-04
1069 1.143127e-02 1.656339e-04
1070 1.140374e-02 1.652352e-04
1071 1.137628e-02 1.648373e-04
1072 1.134889e-02 1.644405e-04
1073 1.132156e-02 1.640446e-04
1074 1.129430e-02 1.636496e-04
1075 1.126710e-02 1.632556e-04
1076 1.123997e-02 1.628626e-04
1077 1.121290e-02 1.624705e-04
1078 1.118590e-02 1.620793e-04
1079 1.115897e-02 1.616891e-04
1080 1.113210e-02 1.612998e-04
1081 1.110529e-02 1.609115e-04
1082 1.107855e-02 1.605241e-04
1083 1.105187e-02 1.601376e-04
1084 1.102526e-02 1.597520e-04
1085 1.099871e-02 1.593674e-04
1086 1.097222e-02 1.589837e-04
1087 1.094580e-02 1.586009e-04
1088 1.091945e-02 1.582190e-04
1089 1.089315e-02 1.578381e-04
1090 1.086692e-02 1.574581e-04
1091 1.084075e-02 1.570790e-04
1092 1.081465e-02 1.567008e-04
1093 1.078861e-02 1.563235e-04
1094 1.076263e-02 1.559471e-04
1095 1.073671e-02 1.555716e-04
1096 1.071086e-02 1.551970e-04
1097 1.068506e-02 1.548234e-04
1098 1.065933e-02 1.544506e-04
1099 1.063367e-02 1.540787e-04
1100 1.060806e-02 1.537077e-04
1101 1.058251e-02 1.533376e-04
1102 1.055703e-02 1.529684e-04
1103 1.053161e-02 1.526001e-04
1104 1.050625e-02 1.522327e-04
1105 1.048095e-02 1.518661e-04
1106 1.045571e-02 1.515005e-04
1107 1.043053e-02 1.511357e-04
1108 1.040542e-02 1.507718e-04
1109 1.038036e-02 1.504088e-04
1110 1.035536e-02 1.500466e-04
1111 1.033043e-02 1.496853e-04
1112 1.030555e-02 1.493249e-04
1113 1.028073e-02 1.489653e-04
1114 1.025598e-02 1.486066e-04
1115 1.023128e-02 1.482488e-04
1116 1.020664e-02 1.478918e-04
1117 1.018206e-02 1.475357e-04
1118 1.015755e-02 1.471805e-04
1119 1.013309e-02 1.468261e-04
1120 1.010868e-02 1.464725e-04
1121 1.008434e-02 1.461198e-04
1122 1.006006e-02 1.457680e-04
1123 1.003583e-02 1.454170e-04
1124 1.001167e-02 1.450668e-04
1125 9.987558e-03 1.447175e-04
1126 9.963507e-03 1.443691e-04
1127 9.939514e-03 1.440214e-04
1128 9.915579e-03 1.436746e-04
1129 9.891702e-03 1.433286e-04
1130 9.867882e-03 1.429835e-04
1131 9.844120e-03 1.426392e-04
1132 9.820414e-03 1.422957e-04
1133 9.796766e-03 1.419531e-04
1134 9.773175e-03 1.416113e-04
1135 9.749640e-03 1.412702e-04
1136 9.726163e-03 1.409301e-04
1137 9.702741e-03 1.405907e-04
1138 9.679376e-03 1.402521e-04
1139 9.656068e-03 1.399144e-04
1140 9.632815e-03 1.395775e-04
1141 9.609619e-03 1.392414e-04
1142 9.586478e-03 1.389061e-04
1143 9.563393e-03 1.385716e-04
1144 9.540364e-03 1.382379e-04
1145 9.517390e-03 1.379050e-04
1146 9.494471e-03 1.375729e-04
1147 9.471608e-03 1.372416e-04
1148 9.448799e-03 1.369111e-04
1149 9.426046e-03 1.365814e-04
1150 9.403347e-03 1.362525e-04
1151 9.380703e-03 1.359244e-04
1152 9.358114e-03 1.355970e-04
1153 9.335579e-03 1.352705e-04
1154 9.313098e-03 1.349448e-04
1155 9.290671e-03 1.346198e-04
1156 9.268299e-03 1.342956e-04
1157 9.245980e-03 1.339722e-04
1158 9.223715e-03 1.336495e-04
1159 9.201503e-03 1.333277e-04
1160 9.179345e-03 1.330066e-04
1161 9.157241e-03 1.326863e-04
1162 9.135189e-03 1.323668e-04
1163 9.113191e-03 1.320480e-04
1164 9.091246e-03 1.317300e-04
1165 9.069353e-03 1.314127e-04
1166 9.047514e-03 1.310963e-04
1167 9.025727e-03 1.307805e-04
1168 9.003992e-03 1.304656e-04
1169 8.982310e-03 1.301514e-04
1170 8.960680e-03 1.298379e-04
1171 8.939102e-03 1.295253e-04
1172 8.917575e-03 1.292133e-04
1173 8.896101e-03 1.289021e-04
1174 8.874679e-03 1.285917e-04
1175 8.853308e-03 1.282820e-04
1176 8.831988e-03 1.279731e-04
1177 8.810720e-03 1.276649e-04
1178 8.789503e-03 1.273574e-04
1179 8.768338e-03 1.270507e-04
1180 8.747223e-03 1.267447e-04
1181 8.726159e-03 1.264394e-04
1182 8.705145e-03 1.261349e-04
1183 8.684183e-03 1.258311e-04
1184 8.663271e-03 1.255281e-04
1185 8.642409e-03 1.252258e-04
1186 8.621597e-03 1.249242e-04
1187 8.600836e-03 1.246233e-04
1188 8.580124e-03 1.243231e-04
1189 8.559463e-03 1.240237e-04
1190 8.538851e-03 1.237250e-04
1191 8.518289e-03 1.234270e-04
1192 8.497776e-03 1.231298e-04
1193 8.477313e-03 1.228332e-04
1194 8.456899e-03 1.225374e-04
1195 8.436534e-03 1.222422e-04
1196 8.416218e-03 1.219478e-04
1197 8.395951e-03 1.216541e-04
1198 8.375733e-03 1.213611e-04
1199 8.355564e-03 1.210688e-04
1200 8.335443e-03 1.207772e-04
1201 8.315371e-03 1.204863e-04
1202 8.295347e-03 1.201961e-04
1203 8.275371e-03 1.199066e-04
1204 8.255444e-03 1.196178e-04
1205 8.235564e-03 1.193297e-04
1206 8.215732e-03 1.190423e-04
1207 8.195948e-03 1.187556e-04
1208 8.176212e-03 1.184695e-04
1209 8.156523e-03 1.181842e-04
1210 8.136882e-03 1.178995e-04
1211 8.117288e-03 1.176156e-04
1212 8.097741e-03 1.173323e-04
1213 8.078241e-03 1.170497e-04
1214 8.058788e-03 1.167677e-04
1215 8.039382e-03 1.164865e-04
1216 8.020023e-03 1.162059e-04
1217 8.000710e-03 1.159260e-04
1218 7.981444e-03 1.156468e-04
1219 7.962225e-03 1.153682e-04
1220 7.943051e-03 1.150904e-04
1221 7.923924e-03 1.148131e-04
1222 7.904843e-03 1.145366e-04
1223 7.885808e-03 1.142607e-04
1224 7.866818e-03 1.139855e-04
1225 7.847875e-03 1.137109e-04
1226 7.828977e-03 1.134370e-04
1227 7.810124e-03 1.131638e-04
1228 7.791317e-03 1.128912e-04
1229 7.772555e-03 1.126193e-04
1230 7.753839e-03 1.123480e-04
1231 7.735167e-03 1.120774e-04
1232 7.716541e-03 1.118074e-04
1233 7.697959e-03 1.115381e-04
1234 7.679422e-03 1.112695e-04
1235 7.660930e-03 1.110014e-04
1236 7.642482e-03 1.107341e-04
1237 7.624079e-03 1.104673e-04
1238 7.605720e-03 1.102012e-04
1239 7.587405e-03 1.099358e-04
1240 7.569134e-03 1.096710e-04
1241 7.550908e-03 1.094068e-04
1242 7.532725e-03 1.091432e-04
1243 7.514586e-03 1.088803e-04
1244 7.496491e-03 1.086181e-04
1245 7.478439e-03 1.083564e-04
1246 7.460431e-03 1.080954e-04
1247 7.442466e-03 1.078350e-04
1248 7.424545e-03 1.075753e-04
1249 7.406667e-03 1.073161e-04
1250 7.388831e-03 1.070576e-04
1251 7.371039e-03 1.067997e-04
1252 7.353290e-03 1.065424e-04
1253 7.335583e-03 1.062858e-04
1254 7.317919e-03 1.060298e-04
1255 7.300297e-03 1.057743e-04
1256 7.282718e-03 1.055195e-04
1257 7.265182e-03 1.052654e-04
1258 7.247687e-03 1.050118e-04
1259 7.230235e-03 1.047588e-04
1260 7.212824e-03 1.045065e-04
1261 7.195456e-03 1.042547e-04
1262 7.178130e-03 1.040036e-04
1263 7.160845e-03 1.037530e-04
1264 7.143602e-03 1.035031e-04
1265 7.126400e-03 1.032537e-04
1266 7.109240e-03 1.030050e-04
1267 7.092121e-03 1.027569e-04
1268 7.075044e-03 1.025093e-04
1269 7.058007e-03 1.022624e-04
1270 7.041012e-03 1.020160e-04
1271 7.024057e-03 1.017703e-04
1272 7.007144e-03 1.015251e-04
1273 6.990271e-03 1.012805e-04
1274 6.973439e-03 1.010365e-04
1275 6.956647e-03 1.007931e-04
1276 6.939896e-03 1.005503e-04
1277 6.923185e-03 1.003081e-04
1278 6.906514e-03 1.000664e-04
1279 6.889884e-03 9.982537e-05
1280 6.873293e-03 9.958488e-05
1281 6.856743e-03 9.934498e-05
1282 6.840232e-03 9.910564e-05
1283 6.823761e-03 9.886689e-05
1284 6.807330e-03 9.862871e-05
1285 6.790939e-03 9.839110e-05
1286 6.774587e-03 9.815406e-05
1287 6.758274e-03 9.791760e-05
1288 6.742001e-03 9.768170e-05
1289 6.725767e-03 9.744637e-05
1290 6.709572e-03 9.721161e-05
1291 6.693416e-03 9.697741e-05
1292 6.677298e-03 9.674378e-05
1293 6.661220e-03 9.651071e-05
1294 6.645181e-03 9.627820e-05
1295 6.629180e-03 9.604625e-05
1296 6.613217e-03 9.581485e-05
1297 6.597294e-03 9.558402e-05
1298 6.581408e-03 9.535373e-05
1299 6.565561e-03 9.512401e-05
1300 6.549752e-03 9.489483e-05
1301 6.533981e-03 9.466621e-05
1302 6.518248e-03 9.443814e-05
1303 6.502553e-03 9.421062e-05
1304 6.486895e-03 9.398364e-05
1305 6.471276e-03 9.375721e-05
1306 6.455694e-03 9.353133e-05
1307 6.440149e-03 9.330599e-05
1308 6.424642e-03 9.308119e-05
1309 6.409173e-03 9.285693e-05
1310 6.393741e-03 9.263321e-05
1311 6.378345e-03 9.241003e-05
1312 6.362987e-03 9.218739e-05
1313 6.347666e-03 9.196528e-05
1314 6.332382e-03 9.174371e-05
1315 6.317135e-03 9.152267e-05
1316 6.301924e-03 9.130217e-05
1317 6.286750e-03 9.108219e-05
1318 6.271613e-03 9.086274e-05
1319 6.256512e-03 9.064382e-05
1320 6.241448e-03 9.042543e-05
1321 6.226419e-03 9.020757e-05
1322 6.211427e-03 8.999022e-05
1323 6.196471e-03 8.977341e-05
1324 6.181552e-03 8.955711e-05
1325 6.166668e-03 8.934133e-05
1326 6.151820e-03 8.912608e-05
1327 6.137007e-03 8.891134e-05
1328 6.122231e-03 8.869711e-05
1329 6.107490e-03 8.848341e-05
1330 6.092784e-03 8.827022e-05
1331 6.078114e-03 8.805754e-05
1332 6.063479e-03 8.784537e-05
1333 6.048880e-03 8.763371e-05
1334 6.034316e-03 8.742257e-05
1335 6.019787e-03 8.721193e-05
1336 6.005292e-03 8.700180e-05
1337 5.990833e-03 8.679217e-05
1338 5.976409e-03 8.658305e-05
1339 5.962019e-03 8.637443e-05
1340 5.947664e-03 8.616632e-05
1341 5.933344e-03 8.595870e-05
1342 5.919058e-03 8.575158e-05
1343 5.904806e-03 8.554497e-05
1344 5.890589e-03 8.533885e-05
1345 5.876406e-03 8.513323e-05
1346 5.862258e-03 8.492810e-05
1347 5.848143e-03 8.472346e-05
1348 5.834062e-03 8.451932e-05
1349 5.820016e-03 8.431567e-05
1350 5.806003e-03 8.411251e-05
1351 5.792024e-03 8.390984e-05
1352 5.778079e-03 8.370765e-05
1353 5.764167e-03 8.350596e-05
1354 5.750288e-03 8.330475e-05
1355 5.736444e-03 8.310402e-05
1356 5.722632e-03 8.290377e-05
1357 5.708854e-03 8.270401e-05
1358 5.695109e-03 8.250473e-05
1359 5.681397e-03 8.230593e-05
1360 5.667718e-03 8.210761e-05
1361 5.654072e-03 8.190976e-05
1362 5.640459e-03 8.171239e-05
1363 5.626879e-03 8.151550e-05
1364 5.613332e-03 8.131908e-05
1365 5.599817e-03 8.112313e-05
1366 5.586335e-03 8.092765e-05
1367 5.572885e-03 8.073265e-05
1368 5.559468e-03 8.053811e-05
1369 5.546083e-03 8.034405e-05
1370 5.532730e-03 8.015045e-05
1371 5.519409e-03 7.995731e-05
1372 5.506121e-03 7.976464e-05
1373 5.492864e-03 7.957244e-05
1374 5.479640e-03 7.938069e-05
1375 5.466447e-03 7.918941e-05
1376 5.453286e-03 7.899859e-05
1377 5.440157e-03 7.880823e-05
1378 5.427059e-03 7.861833e-05
1379 5.413994e-03 7.842888e-05
1380 5.400959e-03 7.823989e-05
1381 5.387956e-03 7.805136e-05
1382 5.374984e-03 7.786328e-05
1383 5.362044e-03 7.767565e-05
1384 5.349134e-03 7.748847e-05
1385 5.336256e-03 7.730174e-05
1386 5.323409e-03 7.711547e-05
1387 5.310593e-03 7.692964e-05
1388 5.297808e-03 7.674426e-05
1389 5.285053e-03 7.655932e-05
1390 5.272329e-03 7.637484e-05
1391 5.259636e-03 7.619079e-05
1392 5.246974e-03 7.600719e-05
1393 5.234342e-03 7.582403e-05
1394 5.221740e-03 7.564131e-05
1395 5.209169e-03 7.545903e-05
1396 5.196628e-03 7.527719e-05
1397 5.184117e-03 7.509579e-05
1398 5.171637e-03 7.491482e-05
1399 5.159186e-03 7.473429e-05
1400 5.146766e-03 7.455420e-05
1401 5.134375e-03 7.437453e-05
1402 5.122015e-03 7.419531e-05
1403 5.109684e-03 7.401651e-05
1404 5.097383e-03 7.383814e-05
1405 5.085111e-03 7.366020e-05
1406 5.072869e-03 7.348269e-05
1407 5.060657e-03 7.330561e-05
1408 5.048474e-03 7.312895e-05
1409 5.036320e-03 7.295272e-05
1410 5.024196e-03 7.277692e-05
1411 5.012100e-03 7.260154e-05
1412 5.000034e-03 7.242657e-05
1413 4.987997e-03 7.225203e-05
1414 4.975989e-03 7.207792e-05
1415 4.964011e-03 7.190422e-05
1416 4.952060e-03 7.173093e-05
1417 4.940139e-03 7.155807e-05
1418 4.928246e-03 7.138562e-05
1419 4.916383e-03 7.121359e-05
1420 4.904547e-03 7.104197e-05
1421 4.892740e-03 7.087076e-05
1422 4.880962e-03 7.069997e-05
1423 4.869212e-03 7.052959e-05
1424 4.857490e-03 7.035962e-05
1425 4.845797e-03 7.019005e-05
1426 4.834132e-03 7.002090e-05
1427 4.822495e-03 6.985215e-05
1428 4.810886e-03 6.968381e-05
1429 4.799304e-03 6.951587e-05
1430 4.787751e-03 6.934834e-05
1431 4.776226e-03 6.918122e-05
1432 4.764728e-03 6.901449e-05
1433 4.753259e-03 6.884817e-05
1434 4.741816e-03 6.868224e-05
1435 4.730402e-03 6.851672e-05
1436 4.719015e-03 6.835159e-05
1437 4.707655e-03 6.818687e-05
1438 4.696323e-03 6.802253e-05
1439 4.685018e-03 6.785860e-05
1440 4.673740e-03 6.769506e-05
1441 4.662489e-03 6.753191e-05
1442 4.651266e-03 6.736916e-05
1443 4.640069e-03 6.720679e-05
1444 4.628900e-03 6.704482e-05
1445 4.617757e-03 6.688324e-05
1446 4.606642e-03 6.672205e-05
1447 4.595553e-03 6.656125e-05
1448 4.584491e-03 6.640083e-05
1449 4.573455e-03 6.624080e-05
1450 4.562446e-03 6.608115e-05
1451 4.551464e-03 6.592189e-05
1452 4.540508e-03 6.576302e-05
1453 4.529579e-03 6.560452e-05
1454 4.518676e-03 6.544641e-05
1455 4.507799e-03 6.528868e-05
1456 4.496948e-03 6.513132e-05
1457 4.486124e-03 6.497435e-05
1458 4.475325e-03 6.481775e-05
1459 4.464553e-03 6.466154e-05
1460 4.453806e-03 6.450569e-05
1461 4.443086e-03 6.435023e-05
1462 4.432391e-03 6.419513e-05
1463 4.421722e-03 6.404041e-05
1464 4.411079e-03 6.388607e-05
1465 4.400462e-03 6.373209e-05
1466 4.389870e-03 6.357849e-05
1467 4.379303e-03 6.342525e-05
1468 4.368762e-03 6.327239e-05
1469 4.358247e-03 6.311989e-05
1470 4.347757e-03 6.296776e-05
1471 4.337292e-03 6.281600e-05
1472 4.326852e-03 6.266460e-05
1473 4.316438e-03 6.251357e-05
1474 4.306048e-03 6.236290e-05
1475 4.295684e-03 6.221259e-05
1476 4.285344e-03 6.206265e-05
1477 4.275030e-03 6.191306e-05
1478 4.264740e-03 6.176384e-05
1479 4.254475e-03 6.161497e-05
1480 4.244235e-03 6.146647e-05
1481 4.234020e-03 6.131832e-05
1482 4.223829e-03 6.117053e-05
1483 4.213663e-03 6.102309e-05
1484 4.203521e-03 6.087601e-05
1485 4.193404e-03 6.072929e-05
1486 4.183311e-03 6.058292e-05
1487 4.173243e-03 6.043690e-05
1488 4.163198e-03 6.029123e-05
1489 4.153178e-03 6.014591e-05
1490 4.143182e-03 6.000094e-05
1491 4.133210e-03 5.985632e-05
1492 4.123263e-03 5.971205e-05
1493 4.113339e-03 5.956813e-05
1494 4.103439e-03 5.942455e-05
1495 4.093563e-03 5.928132e-05
1496 4.083711e-03 5.913844e-05
1497 4.073882e-03 5.899590e-05
1498 4.064077e-03 5.885370e-05
1499 4.054296e-03 5.871184e-05
1500 4.044539e-03 5.857033e-05
1501 4.034805e-03 5.842916e-05
1502 4.025094e-03 5.828832e-05
1503 4.015407e-03 5.814783e-05
1504 4.005743e-03 5.800767e-05
1505 3.996102e-03 5.786786e-05
1506 3.986485e-03 5.772837e-05
1507 3.976891e-03 5.758923e-05
1508 3.967320e-03 5.745042e-05
1509 3.957772e-03 5.731194e-05
1510 3.948247e-03 5.717380e-05
1511 3.938745e-03 5.703599e-05
1512 3.929266e-03 5.689851e-05
1513 3.919810e-03 5.676137e-05
1514 3.910377e-03 5.662455e-05
1515 3.900966e-03 5.648806e-05
1516 3.891578e-03 5.635191e-05
1517 3.882213e-03 5.621608e-05
1518 3.872870e-03 5.608057e-05
1519 3.863549e-03 5.594540e-05
1520 3.854252e-03 5.581054e-05
1521 3.844976e-03 5.567602e-05
1522 3.835723e-03 5.554182e-05
1523 3.826493e-03 5.540794e-05
1524 3.817284e-03 5.527438e-05
1525 3.808098e-03 5.514115e-05
1526 3.798934e-03 5.500823e-05
1527 3.789792e-03 5.487564e-05
1528 3.780672e-03 5.474336e-05
1529 3.771574e-03 5.461141e-05
1530 3.762498e-03 5.447977e-05
1531 3.753443e-03 5.434845e-05
1532 3.744411e-03 5.421745e-05
1533 3.735400e-03 5.408676e-05
1534 3.726411e-03 5.395638e-05
1535 3.717444e-03 5.382632e-05
1536 3.708499e-03 5.369657e-05
1537 3.699575e-03 5.356714e-05
1538 3.690672e-03 5.343802e-05
1539 3.681791e-03 5.330921e-05
1540 3.672931e-03 5.318071e-05
1541 3.664093e-03 5.305251e-05
1542 3.655276e-03 5.292463e-05
1543 3.646480e-03 5.279706e-05
1544 3.637706e-03 5.266979e-05
1545 3.628952e-03 5.254283e-05
1546 3.620220e-03 5.241617e-05
1547 3.611509e-03 5.228982e-05
1548 3.602818e-03 5.216378e-05
1549 3.594149e-03 5.203803e-05
1550 3.585501e-03 5.191259e-05
1551 3.576873e-03 5.178746e-05
1552 3.568267e-03 5.166262e-05
1553 3.559681e-03 5.153809e-05
1554 3.551115e-03 5.141385e-05
1555 3.542571e-03 5.128992e-05
1556 3.534047e-03 5.116628e-05
1557 3.525543e-03 5.104294e-05
1558 3.517060e-03 5.091990e-05
1559 3.508597e-03 5.079715e-05
1560 3.500155e-03 5.067470e-05
1561 3.491733e-03 5.055254e-05
1562 3.483332e-03 5.043068e-05
1563 3.474951e-03 5.030912e-05
1564 3.466590e-03 5.018784e-05
1565 3.458249e-03 5.006686e-05
1566 3.449928e-03 4.994617e-05
1567 3.441627e-03 4.982577e-05
1568 3.433347e-03 4.970566e-05
1569 3.425086e-03 4.958584e-05
1570 3.416845e-03 4.946630e-05
1571 3.408624e-03 4.934706e-05
1572 3.400423e-03 4.922810e-05
1573 3.392241e-03 4.910943e-05
1574 3.384080e-03 4.899105e-05
1575 3.375938e-03 4.887295e-05
1576 3.367815e-03 4.875513e-05
1577 3.359713e-03 4.863760e-05
1578 3.351629e-03 4.852035e-05
1579 3.343566e-03 4.840339e-05
1580 3.335521e-03 4.828671e-05
1581 3.327497e-03 4.817030e-05
1582 3.319491e-03 4.805418e-05
1583 3.311505e-03 4.793834e-05
1584 3.303538e-03 4.782277e-05
1585 3.295590e-03 4.770749e-05
1586 3.287661e-03 4.759248e-05
1587 3.279752e-03 4.747775e-05
1588 3.271861e-03 4.736330e-05
1589 3.263990e-03 4.724912e-05
1590 3.256137e-03 4.713522e-05
1591 3.248304e-03 4.702159e-05
1592 3.240489e-03 4.690823e-05
1593 3.232693e-03 4.679515e-05
1594 3.224916e-03 4.668234e-05
1595 3.217158e-03 4.656980e-05
1596 3.209418e-03 4.645754e-05
1597 3.201698e-03 4.634554e-05
1598 3.193995e-03 4.623382e-05
1599 3.186312e-03 4.612236e-05
1600 3.178646e-03 4.601117e-05
1601 3.171000e-03 4.590025e-05
1602 3.163371e-03 4.578960e-05
1603 3.155761e-03 4.567921e-05
1604 3.148170e-03 4.556909e-05
1605 3.140597e-03 4.545923e-05
1606 3.133042e-03 4.534964e-05
1607 3.125505e-03 4.524032e-05
1608 3.117986e-03 4.513125e-05
1609 3.110486e-03 4.502245e-05
1610 3.103003e-03 4.491391e-05
1611 3.095539e-03 4.480564e-05
1612 3.088093e-03 4.469762e-05
1613 3.080664e-03 4.458986e-05
1614 3.073254e-03 4.448237e-05
1615 3.065861e-03 4.437513e-05
1616 3.058486e-03 4.426815e-05
1617 3.051129e-03 4.416143e-05
1618 3.043790e-03 4.405496e-05
1619 3.036468e-03 4.394876e-05
1620 3.029165e-03 4.384281e-05
1621 3.021878e-03 4.373711e-05
1622 3.014609e-03 4.363167e-05
1623 3.007358e-03 4.352648e-05
1624 3.000124e-03 4.342154e-05
1625 2.992908e-03 4.331686e-05
1626 2.985709e-03 4.321243e-05
1627 2.978528e-03 4.310826e-05
1628 2.971363e-03 4.300433e-05
1629 2.964216e-03 4.290065e-05
1630 2.957087e-03 4.279723e-05
1631 2.949974e-03 4.269405e-05
1632 2.942879e-03 4.259112e-05
1633 2.935800e-03 4.248844e-05
1634 2.928739e-03 4.238601e-05
1635 2.921695e-03 4.228382e-05
1636 2.914668e-03 4.218188e-05
1637 2.907658e-03 4.208018e-05
1638 2.900664e-03 4.197874e-05
1639 2.893688e-03 4.187753e-05
1640 2.886728e-03 4.177657e-05
1641 2.879785e-03 4.167585e-05
1642 2.872859e-03 4.157537e-05
1643 2.865949e-03 4.147514e-05
1644 2.859057e-03 4.137515e-05
1645 2.852180e-03 4.127540e-05
1646 2.845321e-03 4.117589e-05
1647 2.838478e-03 4.107662e-05
1648 2.831651e-03 4.097759e-05
1649 2.824841e-03 4.087879e-05
1650 2.818047e-03 4.078024e-05
1651 2.811270e-03 4.068192e-05
1652 2.804509e-03 4.058384e-05
1653 2.797764e-03 4.048600e-05
1654 2.791036e-03 4.038839e-05
1655 2.784324e-03 4.029101e-05
1656 2.777628e-03 4.019387e-05
1657 2.770948e-03 4.009697e-05
1658 2.764284e-03 4.000030e-05
1659 2.757636e-03 3.990386e-05
1660 2.751005e-03 3.980765e-05
1661 2.744389e-03 3.971168e-05
1662 2.737789e-03 3.961594e-05
1663 2.731206e-03 3.952043e-05
1664 2.724638e-03 3.942514e-05
1665 2.718086e-03 3.933009e-05
1666 2.711549e-03 3.923527e-05
1667 2.705029e-03 3.914067e-05
1668 2.698524e-03 3.904631e-05
1669 2.692035e-03 3.895217e-05
1670 2.685561e-03 3.885825e-05
1671 2.679103e-03 3.876457e-05
1672 2.672661e-03 3.867111e-05
1673 2.666234e-03 3.857787e-05
1674 2.659823e-03 3.848486e-05
1675 2.653427e-03 3.839207e-05
1676 2.647047e-03 3.829951e-05
1677 2.640682e-03 3.820717e-05
1678 2.634332e-03 3.811505e-05
1679 2.627998e-03 3.802316e-05
1680 2.621679e-03 3.793148e-05
1681 2.615375e-03 3.784003e-05
1682 2.609086e-03 3.774880e-05
1683 2.602813e-03 3.765779e-05
1684 2.596555e-03 3.756699e-05
1685 2.590311e-03 3.747642e-05
1686 2.584083e-03 3.738606e-05
1687 2.577870e-03 3.729592e-05
1688 2.571672e-03 3.720600e-05
1689 2.565488e-03 3.711630e-05
1690 2.559320e-03 3.702681e-05
1691 2.553167e-03 3.693753e-05
1692 2.547028e-03 3.684848e-05
1693 2.540904e-03 3.675963e-05
1694 2.534795e-03 3.667100e-05
1695 2.528701e-03 3.658259e-05
1696 2.522621e-03 3.649438e-05
1697 2.516556e-03 3.640639e-05
1698 2.510506e-03 3.631862e-05
1699 2.504470e-03 3.623105e-05
1700 2.498449e-03 3.614369e-05
1701 2.492442e-03 3.605655e-05
1702 2.486450e-03 3.596961e-05
1703 2.480472e-03 3.588289e-05
1704 2.474509e-03 3.579637e-05
1705 2.468560e-03 3.571006e-05
1706 2.462625e-03 3.562396e-05
1707 2.456705e-03 3.553807e-05
1708 2.450799e-03 3.545239e-05
1709 2.444907e-03 3.536691e-05
1710 2.439029e-03 3.528163e-05
1711 2.433166e-03 3.519657e-05
1712 2.427317e-03 3.511170e-05
1713 2.421482e-03 3.502705e-05
1714 2.415661e-03 3.494259e-05
1715 2.409853e-03 3.485834e-05
1716 2.404060e-03 3.477429e-05
1717 2.398281e-03 3.469045e-05
1718 2.392516e-03 3.460681e-05
1719 2.386765e-03 3.452336e-05
1720 2.381028e-03 3.444012e-05
1721 2.375304e-03 3.435709e-05
1722 2.369594e-03 3.427425e-05
1723 2.363898e-03 3.419161e-05
1724 2.358216e-03 3.410917e-05
1725 2.352547e-03 3.402692e-05
1726 2.346893e-03 3.394488e-05
1727 2.341251e-03 3.386303e-05
1728 2.335624e-03 3.378138e-05
1729 2.330010e-03 3.369993e-05
1730 2.324409e-03 3.361868e-05
1731 2.318822e-03 3.353762e-05
1732 2.313249e-03 3.345675e-05
1733 2.307688e-03 3.337608e-05
1734 2.302142e-03 3.329561e-05
1735 2.296608e-03 3.321533e-05
1736 2.291089e-03 3.313524e-05
1737 2.285582e-03 3.305534e-05
1738 2.280088e-03 3.297564e-05
1739 2.274608e-03 3.289613e-05
1740 2.269141e-03 3.281681e-05
1741 2.263688e-03 3.273768e-05
1742 2.258247e-03 3.265875e-05
1743 2.252820e-03 3.258000e-05
1744 2.247405e-03 3.250144e-05
1745 2.242004e-03 3.242308e-05
1746 2.236616e-03 3.234490e-05
1747 2.231240e-03 3.226691e-05
1748 2.225878e-03 3.218911e-05
1749 2.220529e-03 3.211149e-05
1750 2.215192e-03 3.203406e-05
1751 2.209868e-03 3.195682e-05
1752 2.204558e-03 3.187977e-05
1753 2.199260e-03 3.180290e-05
1754 2.193974e-03 3.172621e-05
1755 2.188702e-03 3.164972e-05
1756 2.183442e-03 3.157340e-05
1757 2.178195e-03 3.149727e-05
1758 2.172961e-03 3.142132e-05
1759 2.167739e-03 3.134556e-05
1760 2.162530e-03 3.126998e-05
1761 2.157333e-03 3.119458e-05
1762 2.152149e-03 3.111936e-05
1763 2.146977e-03 3.104432e-05
1764 2.141818e-03 3.096947e-05
1765 2.136672e-03 3.089479e-05
1766 2.131537e-03 3.082030e-05
1767 2.126415e-03 3.074598e-05
1768 2.121306e-03 3.067184e-05
1769 2.116209e-03 3.059789e-05
1770 2.111124e-03 3.052411e-05
1771 2.106051e-03 3.045051e-05
1772 2.100991e-03 3.037708e-05
1773 2.095942e-03 3.030383e-05
1774 2.090906e-03 3.023076e-05
1775 2.085882e-03 3.015787e-05
1776 2.080871e-03 3.008515e-05
1777 2.075871e-03 3.001261e-05
1778 2.070883e-03 2.994024e-05
1779 2.065908e-03 2.986804e-05
1780 2.060944e-03 2.979602e-05
1781 2.055992e-03 2.972417e-05
1782 2.051053e-03 2.965250e-05
1783 2.046125e-03 2.958100e-05
1784 2.041209e-03 2.950967e-05
1785 2.036305e-03 2.943851e-05
1786 2.031413e-03 2.936753e-05
1787 2.026532e-03 2.929671e-05
1788 2.021664e-03 2.922607e-05
1789 2.016807e-03 2.915560e-05
1790 2.011961e-03 2.908529e-05
1791 2.007128e-03 2.901516e-05
1792 2.002306e-03 2.894520e-05
1793 1.997496e-03 2.887540e-05
1794 1.992697e-03 2.880577e-05
1795 1.987910e-03 2.873631e-05
1796 1.983135e-03 2.866702e-05
1797 1.978371e-03 2.859789e-05
1798 1.973618e-03 2.852893e-05
1799 1.968877e-03 2.846014e-05
1800 1.964147e-03 2.839151e-05
1801 1.959429e-03 2.832305e-05
1802 1.954722e-03 2.825476e-05
1803 1.950027e-03 2.818662e-05
1804 1.945343e-03 2.811866e-05
1805 1.940670e-03 2.805085e-05
1806 1.936008e-03 2.798321e-05
1807 1.931358e-03 2.791573e-05
1808 1.926719e-03 2.784842e-05
1809 1.922091e-03 2.778127e-05
1810 1.917474e-03 2.771427e-05
1811 1.912869e-03 2.764745e-05
1812 1.908274e-03 2.758078e-05
1813 1.903691e-03 2.751427e-05
1814 1.899118e-03 2.744792e-05
1815 1.894557e-03 2.738174e-05
1816 1.890007e-03 2.731571e-05
1817 1.885467e-03 2.724984e-05
1818 1.880939e-03 2.718413e-05
1819 1.876421e-03 2.711858e-05
1820 1.871915e-03 2.705318e-05
1821 1.867419e-03 2.698795e-05
1822 1.862934e-03 2.692287e-05
1823 1.858460e-03 2.685795e-05
1824 1.853997e-03 2.679318e-05
1825 1.849544e-03 2.672857e-05
1826 1.845102e-03 2.666412e-05
1827 1.840671e-03 2.659982e-05
1828 1.836251e-03 2.653568e-05
1829 1.831841e-03 2.647169e-05
1830 1.827442e-03 2.640786e-05
1831 1.823053e-03 2.634418e-05
1832 1.818675e-03 2.628065e-05
1833 1.814308e-03 2.621728e-05
1834 1.809951e-03 2.615406e-05
1835 1.805605e-03 2.609099e-05
1836 1.801269e-03 2.602807e-05
1837 1.796944e-03 2.596531e-05
1838 1.792629e-03 2.590269e-05
1839 1.788324e-03 2.584023e-05
1840 1.784030e-03 2.577792e-05
1841 1.779746e-03 2.571576e-05
1842 1.775473e-03 2.565374e-05
1843 1.771210e-03 2.559188e-05
1844 1.766957e-03 2.553017e-05
1845 1.762714e-03 2.546860e-05
1846 1.758482e-03 2.540719e-05
1847 1.754260e-03 2.534592e-05
1848 1.750048e-03 2.528480e-05
1849 1.745846e-03 2.522383e-05
1850 1.741654e-03 2.516300e-05
1851 1.737473e-03 2.510232e-05
1852 1.733301e-03 2.504179e-05
1853 1.729140e-03 2.498140e-05
1854 1.724989e-03 2.492116e-05
1855 1.720847e-03 2.486106e-05
1856 1.716716e-03 2.480111e-05
1857 1.712594e-03 2.474130e-05
1858 1.708483e-03 2.468164e-05
1859 1.704381e-03 2.462212e-05
1860 1.700290e-03 2.456274e-05
1861 1.696208e-03 2.450351e-05
1862 1.692136e-03 2.444442e-05
1863 1.688074e-03 2.438547e-05
1864 1.684021e-03 2.432667e-05
1865 1.679979e-03 2.426801e-05
1866 1.675946e-03 2.420948e-05
1867 1.671923e-03 2.415110e-05
1868 1.667910e-03 2.409286e-05
1869 1.663906e-03 2.403476e-05
1870 1.659912e-03 2.397680e-05
1871 1.655927e-03 2.391898e-05
1872 1.651953e-03 2.386130e-05
1873 1.647987e-03 2.380376e-05
1874 1.644032e-03 2.374636e-05
1875 1.640086e-03 2.368909e-05
1876 1.636149e-03 2.363197e-05
1877 1.632222e-03 2.357498e-05
1878 1.628304e-03 2.351813e-05
1879 1.624396e-03 2.346141e-05
1880 1.620498e-03 2.340483e-05
1881 1.616608e-03 2.334839e-05
1882 1.612728e-03 2.329209e-05
1883 1.608858e-03 2.323592e-05
1884 1.604996e-03 2.317988e-05
1885 1.601145e-03 2.312398e-05
1886 1.597302e-03 2.306822e-05
1887 1.593469e-03 2.301259e-05
1888 1.589644e-03 2.295709e-05
1889 1.585829e-03 2.290173e-05
1890 1.582024e-03 2.284650e-05
1891 1.578227e-03 2.279141e-05
1892 1.574440e-03 2.273645e-05
1893 1.570662e-03 2.268162e-05
1894 1.566893e-03 2.262692e-05
1895 1.563133e-03 2.257235e-05
1896 1.559382e-03 2.251792e-05
1897 1.555640e-03 2.246362e-05
1898 1.551907e-03 2.240944e-05
1899 1.548183e-03 2.235540e-05
1900 1.544468e-03 2.230149e-05
1901 1.540762e-03 2.224771e-05
1902 1.537065e-03 2.219406e-05
1903 1.533377e-03 2.214053e-05
1904 1.529698e-03 2.208714e-05
1905 1.526028e-03 2.203388e-05
1906 1.522366e-03 2.198074e-05
1907 1.518713e-03 2.192773e-05
1908 1.515070e-03 2.187485e-05
1909 1.511435e-03 2.182210e-05
1910 1.507808e-03 2.176947e-05
1911 1.504191e-03 2.171697e-05
1912 1.500582e-03 2.166460e-05
1913 1.496982e-03 2.161236e-05
1914 1.493391e-03 2.156024e-05
1915 1.489808e-03 2.150824e-05
1916 1.486234e-03 2.145637e-05
1917 1.482668e-03 2.140463e-05
1918 1.479112e-03 2.135301e-05
1919 1.475563e-03 2.130151e-05
1920 1.472024e-03 2.125014e-05
1921 1.468492e-03 2.119890e-05
1922 1.464970e-03 2.114777e-05
1923 1.461456e-03 2.109677e-05
1924 1.457950e-03 2.104590e-05
1925 1.454453e-03 2.099514e-05
1926 1.450964e-03 2.094451e-05
1927 1.447484e-03 2.089400e-05
1928 1.444012e-03 2.084361e-05
1929 1.440548e-03 2.079334e-05
1930 1.437093e-03 2.074320e-05
1931 1.433646e-03 2.069317e-05
1932 1.430207e-03 2.064327e-05
1933 1.426777e-03 2.059349e-05
1934 1.423355e-03 2.054382e-05
1935 1.419941e-03 2.049428e-05
1936 1.416536e-03 2.044485e-05
1937 1.413138e-03 2.039555e-05
1938 1.409749e-03 2.034636e-05
1939 1.406368e-03 2.029729e-05
1940 1.402996e-03 2.024834e-05
1941 1.399631e-03 2.019951e-05
1942 1.396274e-03 2.015080e-05
1943 1.392926e-03 2.010220e-05
1944 1.389586e-03 2.005372e-05
1945 1.386253e-03 2.000536e-05
1946 1.382929e-03 1.995711e-05
1947 1.379613e-03 1.990899e-05
1948 1.376305e-03 1.986097e-05
1949 1.373004e-03 1.981307e-05
1950 1.369712e-03 1.976529e-05
1951 1.366428e-03 1.971762e-05
1952 1.363151e-03 1.967007e-05
1953 1.359883e-03 1.962264e-05
1954 1.356622e-03 1.957531e-05
1955 1.353369e-03 1.952810e-05
1956 1.350125e-03 1.948101e-05
1957 1.346887e-03 1.943403e-05
1958 1.343658e-03 1.938716e-05
1959 1.340437e-03 1.934040e-05
1960 1.337223e-03 1.929376e-05
1961 1.334017e-03 1.924723e-05
1962 1.330819e-03 1.920081e-05
1963 1.327628e-03 1.915451e-05
1964 1.324445e-03 1.910831e-05
1965 1.321270e-03 1.906223e-05
1966 1.318103e-03 1.901626e-05
1967 1.314943e-03 1.897039e-05
1968 1.311791e-03 1.892464e-05
1969 1.308646e-03 1.887900e-05
1970 1.305509e-03 1.883347e-05
1971 1.302380e-03 1.878805e-05
1972 1.299258e-03 1.874274e-05
1973 1.296143e-03 1.869754e-05
1974 1.293037e-03 1.865245e-05
1975 1.289937e-03 1.860746e-05
1976 1.286845e-03 1.856259e-05
1977 1.283761e-03 1.851782e-05
1978 1.280684e-03 1.847316e-05
1979 1.277614e-03 1.842861e-05
1980 1.274552e-03 1.838417e-05
1981 1.271498e-03 1.833983e-05
1982 1.268450e-03 1.829560e-05
1983 1.265410e-03 1.825147e-05
1984 1.262377e-03 1.820746e-05
1985 1.259352e-03 1.816355e-05
1986 1.256334e-03 1.811974e-05
1987 1.253323e-03 1.807604e-05
1988 1.250320e-03 1.803245e-05
1989 1.247323e-03 1.798896e-05
1990 1.244334e-03 1.794557e-05
1991 1.241352e-03 1.790229e-05
1992 1.238378e-03 1.785912e-05
1993 1.235410e-03 1.781605e-05
1994 1.232450e-03 1.777308e-05
1995 1.229497e-03 1.773022e-05
1996 1.226551e-03 1.768746e-05
1997 1.223612e-03 1.764480e-05
1998 1.220680e-03 1.760224e-05
1999 1.217755e-03 1.755979e-05
2000 1.214838e-03 1.751744e-05
2001 1.211927e-03 1.747519e-05
2002 1.209023e-03 1.743305e-05
2003 1.206127e-03 1.739100e-05
2004 1.203237e-03 1.734906e-05
2005 1.200354e-03 1.730722e-05
2006 1.197478e-03 1.726548e-05
2007 1.194610e-03 1.722384e-05
2008 1.191748e-03 1.718230e-05
2009 1.188893e-03 1.714086e-05
2010 1.186045e-03 1.709952e-05
2011 1.183204e-03 1.705828e-05
2012 1.180369e-03 1.701714e-05
2013 1.177542e-03 1.697610e-05
2014 1.174721e-03 1.693516e-05
2015 1.171907e-03 1.689431e-05
2016 1.169100e-03 1.685357e-05
2017 1.166300e-03 1.681292e-05
2018 1.163506e-03 1.677237e-05
2019 1.160719e-03 1.673192e-05
2020 1.157939e-03 1.669157e-05
2021 1.155166e-03 1.665131e-05
2022 1.152399e-03 1.661115e-05
2023 1.149639e-03 1.657109e-05
2024 1.146886e-03 1.653113e-05
2025 1.144139e-03 1.649126e-05
2026 1.141399e-03 1.645148e-05
2027 1.138666e-03 1.641181e-05
2028 1.135939e-03 1.637223e-05
2029 1.133218e-03 1.633274e-05
2030 1.130505e-03 1.629335e-05
2031 1.127798e-03 1.625405e-05
2032 1.125097e-03 1.621485e-05
2033 1.122403e-03 1.617574e-05
2034 1.119715e-03 1.613673e-05
2035 1.117034e-03 1.609781e-05
2036 1.114359e-03 1.605899e-05
2037 1.111691e-03 1.602026e-05
2038 1.109029e-03 1.598162e-05
2039 1.106374e-03 1.594308e-05
2040 1.103725e-03 1.590462e-05
2041 1.101083e-03 1.586627e-05
2042 1.098446e-03 1.582800e-05
2043 1.095817e-03 1.578983e-05
2044 1.093193e-03 1.575174e-05
2045 1.090576e-03 1.571375e-05
2046 1.087965e-03 1.567586e-05
2047 1.085361e-03 1.563805e-05
2048 1.082762e-03 1.560033e-05
2049 1.080170e-03 1.556271e-05
2050 1.077585e-03 1.552517e-05
2051 1.075005e-03 1.548773e-05
2052 1.072432e-03 1.545038e-05
2053 1.069865e-03 1.541311e-05
2054 1.067304e-03 1.537594e-05
2055 1.064749e-03 1.533885e-05
2056 1.062201e-03 1.530186e-05
2057 1.059659e-03 1.526496e-05
2058 1.057122e-03 1.522814e-05
2059 1.054592e-03 1.519141e-05
2060 1.052068e-03 1.515477e-05
2061 1.049550e-03 1.511822e-05
2062 1.047039e-03 1.508176e-05
2063 1.044533e-03 1.504538e-05
2064 1.042033e-03 1.500910e-05
2065 1.039539e-03 1.497290e-05
2066 1.037052e-03 1.493679e-05
2067 1.034570e-03 1.490076e-05
2068 1.032094e-03 1.486482e-05
2069 1.029625e-03 1.482897e-05
2070 1.027161e-03 1.479321e-05
2071 1.024703e-03 1.475753e-05
2072 1.022251e-03 1.472193e-05
2073 1.019805e-03 1.468643e-05
2074 1.017365e-03 1.465101e-05
2075 1.014931e-03 1.461567e-05
2076 1.012503e-03 1.458042e-05
2077 1.010081e-03 1.454525e-05
2078 1.007664e-03 1.451017e-05
2079 1.005253e-03 1.447518e-05
2080 1.002848e-03 1.444027e-05
2081 1.000449e-03 1.440544e-05
2082 9.980560e-04 1.437069e-05
2083 9.956685e-04 1.433603e-05
2084 9.932867e-04 1.430146e-05
2085 9.909107e-04 1.426696e-05
2086 9.885404e-04 1.423255e-05
2087 9.861758e-04 1.419823e-05
2088 9.838170e-04 1.416398e-05
2089 9.814638e-04 1.412982e-05
2090 9.791163e-04 1.409574e-05
2091 9.767745e-04 1.406175e-05
2092 9.744383e-04 1.402783e-05
2093 9.721078e-04 1.399400e-05
2094 9.697829e-04 1.396025e-05
2095 9.674636e-04 1.392658e-05
2096 9.651499e-04 1.389299e-05
2097 9.628418e-04 1.385948e-05
2098 9.605392e-04 1.382605e-05
2099 9.582423e-04 1.379270e-05
2100 9.559508e-04 1.375944e-05
2101 9.536649e-04 1.372625e-05
2102 9.513845e-04 1.369315e-05
2103 9.491096e-04 1.366012e-05
2104 9.468402e-04 1.362717e-05
2105 9.445763e-04 1.359431e-05
2106 9.423179e-04 1.356152e-05
2107 9.400649e-04 1.352881e-05
2108 9.378173e-04 1.349618e-05
2109 9.355752e-04 1.346363e-05
2110 9.333384e-04 1.343116e-05
2111 9.311071e-04 1.339876e-05
2112 9.288812e-04 1.336645e-05
2113 9.266606e-04 1.333421e-05
2114 9.244454e-04 1.330205e-05
2115 9.222355e-04 1.326996e-05
2116 9.200310e-04 1.323796e-05
2117 9.178318e-04 1.320603e-05
2118 9.156379e-04 1.317418e-05
2119 9.134493e-04 1.314240e-05
2120 9.112660e-04 1.311070e-05
2121 9.090880e-04 1.307908e-05
2122 9.069152e-04 1.304754e-05
2123 9.047476e-04 1.301607e-05
2124 9.025853e-04 1.298467e-05
2125 9.004282e-04 1.295336e-05
2126 8.982764e-04 1.292211e-05
2127 8.961297e-04 1.289095e-05
2128 8.939882e-04 1.285986e-05
2129 8.918518e-04 1.282884e-05
2130 8.897206e-04 1.279790e-05
2131 8.875946e-04 1.276703e-05
2132 8.854737e-04 1.273624e-05
2133 8.833579e-04 1.270552e-05
2134 8.812473e-04 1.267487e-05
2135 8.791417e-04 1.264430e-05
2136 8.770412e-04 1.261381e-05
2137 8.749458e-04 1.258338e-05
2138 8.728554e-04 1.255303e-05
2139 8.707701e-04 1.252275e-05
2140 8.686898e-04 1.249255e-05
2141 8.666145e-04 1.246242e-05
2142 8.645443e-04 1.243236e-05
2143 8.624790e-04 1.240238e-05
2144 8.604188e-04 1.237246e-05
2145 8.583635e-04 1.234262e-05
2146 8.563131e-04 1.231285e-05
2147 8.542677e-04 1.228315e-05
2148 8.522273e-04 1.225353e-05
2149 8.501918e-04 1.222397e-05
2150 8.481612e-04 1.219449e-05
2151 8.461355e-04 1.216508e-05
2152 8.441147e-04 1.213574e-05
2153 8.420987e-04 1.210646e-05
2154 8.400877e-04 1.207726e-05
2155 8.380815e-04 1.204814e-05
2156 8.360801e-04 1.201908e-05
2157 8.340836e-04 1.199009e-05
2158 8.320919e-04 1.196117e-05
2159 8.301049e-04 1.193232e-05
2160 8.281228e-04 1.190354e-05
2161 8.261455e-04 1.187483e-05
2162 8.241730e-04 1.184619e-05
2163 8.222052e-04 1.181761e-05
2164 8.202422e-04 1.178911e-05
2165 8.182839e-04 1.176067e-05
2166 8.163303e-04 1.173231e-05
2167 8.143815e-04 1.170401e-05
2168 8.124373e-04 1.167578e-05
2169 8.104979e-04 1.164762e-05
2170 8.085631e-04 1.161953e-05
2171 8.066330e-04 1.159150e-05
2172 8.047076e-04 1.156354e-05
2173 8.027868e-04 1.153565e-05
2174 8.008706e-04 1.150783e-05
2175 7.989591e-04 1.148007e-05
2176 7.970522e-04 1.145238e-05
2177 7.951499e-04 1.142476e-05
2178 7.932522e-04 1.139720e-05
2179 7.913591e-04 1.136971e-05
2180 7.894705e-04 1.134229e-05
2181 7.875865e-04 1.131493e-05
2182 7.857071e-04 1.128764e-05
2183 7.838322e-04 1.126042e-05
2184 7.819618e-04 1.123326e-05
2185 7.800960e-04 1.120616e-05
2186 7.782346e-04 1.117913e-05
2187 7.763777e-04 1.115217e-05
2188 7.745254e-04 1.112527e-05
2189 7.726775e-04 1.109844e-05
2190 7.708340e-04 1.107167e-05
2191 7.689950e-04 1.104496e-05
2192 7.671605e-04 1.101832e-05
2193 7.653304e-04 1.099175e-05
2194 7.635047e-04 1.096524e-05
2195 7.616834e-04 1.093879e-05
2196 7.598665e-04 1.091240e-05
2197 7.580540e-04 1.088608e-05
2198 7.562459e-04 1.085983e-05
2199 7.544421e-04 1.083363e-05
2200 7.526427e-04 1.080750e-05
2201 7.508476e-04 1.078143e-05
2202 7.490569e-04 1.075543e-05
2203 7.472705e-04 1.072949e-05
2204 7.454884e-04 1.070361e-05
2205 7.437107e-04 1.067779e-05
2206 7.419372e-04 1.065204e-05
2207 7.401680e-04 1.062634e-05
2208 7.384030e-04 1.060071e-05
2209 7.366424e-04 1.057514e-05
2210 7.348860e-04 1.054964e-05
2211 7.331338e-04 1.052419e-05
2212 7.313858e-04 1.049881e-05
2213 7.296421e-04 1.047348e-05
2214 7.279026e-04 1.044822e-05
2215 7.261673e-04 1.042302e-05
2216 7.244362e-04 1.039788e-05
2217 7.227093e-04 1.037280e-05
2218 7.209865e-04 1.034778e-05
2219 7.192679e-04 1.032282e-05
2220 7.175534e-04 1.029792e-05
2221 7.158431e-04 1.027309e-05
2222 7.141369e-04 1.024831e-05
2223 7.124349e-04 1.022359e-05
2224 7.107369e-04 1.019893e-05
2225 7.090431e-04 1.017433e-05
2226 7.073533e-04 1.014979e-05
2227 7.056677e-04 1.012531e-05
2228 7.039861e-04 1.010088e-05
2229 7.023085e-04 1.007652e-05
2230 7.006350e-04 1.005222e-05
2231 6.989656e-04 1.002797e-05
2232 6.973002e-04 1.000378e-05
2233 6.956388e-04 9.979654e-06
2234 6.939814e-04 9.955583e-06
2235 6.923280e-04 9.931570e-06
2236 6.906787e-04 9.907615e-06
2237 6.890333e-04 9.883717e-06
2238 6.873918e-04 9.859878e-06
2239 6.857544e-04 9.836095e-06
2240 6.841209e-04 9.812370e-06
2241 6.824913e-04 9.788703e-06
2242 6.808657e-04 9.765092e-06
2243 6.792440e-04 9.741539e-06
2244 6.776262e-04 9.718042e-06
2245 6.760124e-04 9.694602e-06
2246 6.744024e-04 9.671218e-06
2247 6.727963e-04 9.647891e-06
2248 6.711941e-04 9.624620e-06
2249 6.695958e-04 9.601405e-06
2250 6.680013e-04 9.578246e-06
2251 6.664107e-04 9.555143e-06
2252 6.648240e-04 9.532096e-06
2253 6.632410e-04 9.509104e-06
2254 6.616619e-04 9.486168e-06
2255 6.600866e-04 9.463287e-06
2256 6.585151e-04 9.440461e-06
2257 6.569474e-04 9.417690e-06
2258 6.553835e-04 9.394974e-06
2259 6.538234e-04 9.372313e-06
2260 6.522670e-04 9.349707e-06
2261 6.507144e-04 9.327155e-06
2262 6.491656e-04 9.304658e-06
2263 6.476205e-04 9.282214e-06
2264 6.460791e-04 9.259825e-06
2265 6.445414e-04 9.237490e-06
2266 6.430075e-04 9.215209e-06
2267 6.414773e-04 9.192982e-06
2268 6.399508e-04 9.170808e-06
2269 6.384279e-04 9.148687e-06
2270 6.369087e-04 9.126620e-06
2271 6.353933e-04 9.104606e-06
2272 6.338814e-04 9.082646e-06
2273 6.323733e-04 9.060738e-06
2274 6.308687e-04 9.038883e-06
2275 6.293678e-04 9.017081e-06
2276 6.278706e-04 8.995331e-06
2277 6.263769e-04 8.973634e-06
2278 6.248869e-04 8.951989e-06
2279 6.234004e-04 8.930396e-06
2280 6.219176e-04 8.908856e-06
2281 6.204383e-04 8.887367e-06
2282 6.189626e-04 8.865930e-06
2283 6.174905e-04 8.844545e-06
2284 6.160219e-04 8.823211e-06
2285 6.145569e-04 8.801929e-06
2286 6.130954e-04 8.780699e-06
2287 6.116375e-04 8.759519e-06
2288 6.101830e-04 8.738390e-06
2289 6.087321e-04 8.717313e-06
2290 6.072847e-04 8.696286e-06
2291 6.058408e-04 8.675310e-06
2292 6.044004e-04 8.654385e-06
2293 6.029635e-04 8.633510e-06
2294 6.015300e-04 8.612685e-06
2295 6.001000e-04 8.591911e-06
2296 5.986735e-04 8.571187e-06
2297 5.972504e-04 8.550512e-06
2298 5.958307e-04 8.529888e-06
2299 5.944145e-04 8.509313e-06
2300 5.930017e-04 8.488788e-06
2301 5.915923e-04 8.468313e-06
2302 5.901863e-04 8.447886e-06
2303 5.887837e-04 8.427510e-06
2304 5.873845e-04 8.407182e-06
2305 5.859887e-04 8.386903e-06
2306 5.845963e-04 8.366673e-06
2307 5.832072e-04 8.346492e-06
2308 5.818215e-04 8.326360e-06
2309 5.804392e-04 8.306276e-06
2310 5.790601e-04 8.286241e-06
2311 5.776844e-04 8.266253e-06
2312 5.763121e-04 8.246315e-06
2313 5.749430e-04 8.226424e-06
2314 5.735773e-04 8.206581e-06
2315 5.722149e-04 8.186786e-06
2316 5.708557e-04 8.167039e-06
2317 5.694999e-04 8.147339e-06
2318 5.681473e-04 8.127687e-06
2319 5.667980e-04 8.108083e-06
2320 5.654519e-04 8.088525e-06
2321 5.641091e-04 8.069015e-06
2322 5.627696e-04 8.049552e-06
2323 5.614333e-04 8.030136e-06
2324 5.601002e-04 8.010766e-06
2325 5.587703e-04 7.991444e-06
2326 5.574437e-04 7.972167e-06
2327 5.561203e-04 7.952938e-06
2328 5.548000e-04 7.933755e-06
2329 5.534830e-04 7.914618e-06
2330 5.521691e-04 7.895527e-06
2331 5.508585e-04 7.876482e-06
2332 5.495509e-04 7.857483e-06
2333 5.482466e-04 7.838530e-06
2334 5.469454e-04 7.819623e-06
2335 5.456473e-04 7.800761e-06
2336 5.443524e-04 7.781945e-06
2337 5.430606e-04 7.763174e-06
2338 5.417720e-04 7.744449e-06
2339 5.404864e-04 7.725768e-06
2340 5.392040e-04 7.707133e-06
2341 5.379247e-04 7.688543e-06
2342 5.366484e-04 7.669997e-06
2343 5.353753e-04 7.651496e-06
2344 5.341052e-04 7.633040e-06
2345 5.328382e-04 7.614628e-06
2346 5.315743e-04 7.596261e-06
2347 5.303134e-04 7.577938e-06
2348 5.290555e-04 7.559659e-06
2349 5.278007e-04 7.541425e-06
2350 5.265490e-04 7.523234e-06
2351 5.253002e-04 7.505087e-06
2352 5.240545e-04 7.486984e-06
2353 5.228118e-04 7.468925e-06
2354 5.215721e-04 7.450909e-06
2355 5.203354e-04 7.432936e-06
2356 5.191017e-04 7.415007e-06
2357 5.178710e-04 7.397122e-06
2358 5.166433e-04 7.379279e-06
2359 5.154185e-04 7.361479e-06
2360 5.141967e-04 7.343722e-06
2361 5.129778e-04 7.326009e-06
2362 5.117619e-04 7.308337e-06
2363 5.105489e-04 7.290709e-06
2364 5.093389e-04 7.273123e-06
2365 5.081318e-04 7.255579e-06
2366 5.069276e-04 7.238078e-06
2367 5.057263e-04 7.220619e-06
2368 5.045279e-04 7.203202e-06
2369 5.033325e-04 7.185827e-06
2370 5.021399e-04 7.168494e-06
2371 5.009502e-04 7.151202e-06
2372 4.997634e-04 7.133953e-06
2373 4.985794e-04 7.116745e-06
2374 4.973983e-04 7.099578e-06
2375 4.962201e-04 7.082453e-06
2376 4.950447e-04 7.065370e-06
2377 4.938722e-04 7.048327e-06
2378 4.927025e-04 7.031326e-06
2379 4.915356e-04 7.014365e-06
2380 4.903716e-04 6.997446e-06
2381 4.892104e-04 6.980567e-06
2382 4.880519e-04 6.963729e-06
2383 4.868963e-04 6.946931e-06
2384 4.857435e-04 6.930175e-06
2385 4.845935e-04 6.913458e-06
2386 4.834462e-04 6.896782e-06
2387 4.823017e-04 6.880146e-06
2388 4.811600e-04 6.863550e-06
2389 4.800211e-04 6.846994e-06
2390 4.788849e-04 6.830479e-06
2391 4.777515e-04 6.814002e-06
2392 4.766208e-04 6.797566e-06
2393 4.754928e-04 6.781170e-06
2394 4.743676e-04 6.764812e-06
2395 4.732451e-04 6.748495e-06
2396 4.721253e-04 6.732217e-06
2397 4.710082e-04 6.715977e-06
2398 4.698938e-04 6.699778e-06
2399 4.687821e-04 6.683617e-06
2400 4.676731e-04 6.667495e-06
2401 4.665668e-04 6.651412e-06
2402 4.654632e-04 6.635368e-06
2403 4.643622e-04 6.619363e-06
2404 4.632639e-04 6.603396e-06
2405 4.621683e-04 6.587467e-06
2406 4.610753e-04 6.571577e-06
2407 4.599850e-04 6.555726e-06
2408 4.588973e-04 6.539912e-06
2409 4.578122e-04 6.524137e-06
2410 4.567298e-04 6.508400e-06
2411 4.556499e-04 6.492701e-06
2412 4.545727e-04 6.477040e-06
2413 4.534981e-04 6.461416e-06
2414 4.524261e-04 6.445830e-06
2415 4.513567e-04 6.430282e-06
2416 4.502899e-04 6.414771e-06
2417 4.492257e-04 6.399298e-06
2418 4.481640e-04 6.383862e-06
2419 4.471049e-04 6.368463e-06
2420 4.460484e-04 6.353101e-06
2421 4.449944e-04 6.337776e-06
2422 4.439430e-04 6.322489e-06
2423 4.428941e-04 6.307238e-06
2424 4.418478e-04 6.292024e-06
2425 4.408040e-04 6.276847e-06
2426 4.397627e-04 6.261706e-06
2427 4.387240e-04 6.246602e-06
2428 4.376877e-04 6.231534e-06
2429 4.366540e-04 6.216502e-06
2430 4.356228e-04 6.201507e-06
2431 4.345940e-04 6.186548e-06
2432 4.335678e-04 6.171625e-06
2433 4.325440e-04 6.156738e-06
2434 4.315228e-04 6.141887e-06
2435 4.305040e-04 6.127072e-06
2436 4.294876e-04 6.112293e-06
2437 4.284737e-04 6.097549e-06
2438 4.274623e-04 6.082841e-06
2439 4.264534e-04 6.068168e-06
2440 4.254468e-04 6.053530e-06
2441 4.244427e-04 6.038928e-06
2442 4.234411e-04 6.024361e-06
2443 4.224418e-04 6.009830e-06
2444 4.214450e-04 5.995333e-06
2445 4.204506e-04 5.980871e-06
2446 4.194586e-04 5.966444e-06
2447 4.184690e-04 5.952052e-06
2448 4.174819e-04 5.937695e-06
2449 4.164971e-04 5.923372e-06
2450 4.155146e-04 5.909084e-06
2451 4.145346e-04 5.894830e-06
2452 4.135569e-04 5.880611e-06
2453 4.125816e-04 5.866426e-06
2454 4.116087e-04 5.852275e-06
2455 4.106381e-04 5.838158e-06
2456 4.096699e-04 5.824076e-06
2457 4.087040e-04 5.810027e-06
2458 4.077405e-04 5.796012e-06
2459 4.067793e-04 5.782031e-06
2460 4.058204e-04 5.768084e-06
2461 4.048638e-04 5.754171e-06
2462 4.039096e-04 5.740290e-06
2463 4.029577e-04 5.726444e-06
2464 4.020081e-04 5.712631e-06
2465 4.010607e-04 5.698851e-06
2466 4.001157e-04 5.685104e-06
2467 3.991730e-04 5.671391e-06
2468 3.982325e-04 5.657710e-06
2469 3.972944e-04 5.644063e-06
2470 3.963585e-04 5.630448e-06
2471 3.954248e-04 5.616867e-06
2472 3.944935e-04 5.603318e-06
2473 3.935644e-04 5.589802e-06
2474 3.926375e-04 5.576318e-06
2475 3.917129e-04 5.562867e-06
2476 3.907905e-04 5.549448e-06
2477 3.898704e-04 5.536062e-06
2478 3.889525e-04 5.522708e-06
2479 3.880368e-04 5.509386e-06
2480 3.871233e-04 5.496097e-06
2481 3.862120e-04 5.482839e-06
2482 3.853030e-04 5.469613e-06
2483 3.843962e-04 5.456420e-06
2484 3.834915e-04 5.443258e-06
2485 3.825891e-04 5.430128e-06
2486 3.816888e-04 5.417029e-06
2487 3.807907e-04 5.403962e-06
2488 3.798948e-04 5.390927e-06
2489 3.790011e-04 5.377923e-06
2490 3.781095e-04 5.364950e-06
2491 3.772201e-04 5.352009e-06
2492 3.763329e-04 5.339099e-06
2493 3.754478e-04 5.326220e-06
2494 3.745648e-04 5.313372e-06
2495 3.736840e-04 5.300555e-06
2496 3.728053e-04 5.287770e-06
2497 3.719288e-04 5.275014e-06
2498 3.710544e-04 5.262290e-06
2499 3.701821e-04 5.249596e-06
2500 3.693119e-04 5.236933e-06
2501 3.684438e-04 5.224301e-06
2502 3.675778e-04 5.211699e-06
2503 3.667140e-04 5.199127e-06
2504 3.658522e-04 5.186586e-06
2505 3.649925e-04 5.174075e-06
2506 3.641349e-04 5.161594e-06
2507 3.632794e-04 5.149143e-06
2508 3.624259e-04 5.136722e-06
2509 3.615746e-04 5.124332e-06
2510 3.607252e-04 5.111971e-06
2511 3.598780e-04 5.099640e-06
2512 3.590328e-04 5.087338e-06
2513 3.581896e-04 5.075067e-06
2514 3.573485e-04 5.062825e-06
2515 3.565095e-04 5.050612e-06
2516 3.556724e-04 5.038429e-06
2517 3.548374e-04 5.026275e-06
2518 3.540045e-04 5.014151e-06
2519 3.531735e-04 5.002056e-06
2520 3.523446e-04 4.989990e-06
2521 3.515177e-04 4.977953e-06
2522 3.506927e-04 4.965945e-06
2523 3.498698e-04 4.953966e-06
2524 3.490489e-04 4.942016e-06
2525 3.482300e-04 4.930095e-06
2526 3.474130e-04 4.918203e-06
2527 3.465981e-04 4.906339e-06
2528 3.457851e-04 4.894504e-06
2529 3.449741e-04 4.882697e-06
2530 3.441650e-04 4.870919e-06
2531 3.433579e-04 4.859169e-06
2532 3.425528e-04 4.847448e-06
2533 3.417496e-04 4.835755e-06
2534 3.409484e-04 4.824090e-06
2535 3.401491e-04 4.812454e-06
2536 3.393518e-04 4.800845e-06
2537 3.385564e-04 4.789264e-06
2538 3.377629e-04 4.777712e-06
2539 3.369714e-04 4.766187e-06
2540 3.361818e-04 4.754690e-06
2541 3.353941e-04 4.743220e-06
2542 3.346083e-04 4.731779e-06
2543 3.338244e-04 4.720365e-06
2544 3.330424e-04 4.708978e-06
2545 3.322623e-04 4.697619e-06
2546 3.314841e-04 4.686287e-06
2547 3.307078e-04 4.674983e-06
2548 3.299334e-04 4.663706e-06
2549 3.291609e-04 4.652456e-06
2550 3.283902e-04 4.641233e-06
2551 3.276214e-04 4.630038e-06
2552 3.268545e-04 4.618869e-06
2553 3.260894e-04 4.607727e-06
2554 3.253262e-04 4.596613e-06
2555 3.245649e-04 4.585524e-06
2556 3.238054e-04 4.574463e-06
2557 3.230477e-04 4.563429e-06
2558 3.222919e-04 4.552421e-06
2559 3.215379e-04 4.541439e-06
2560 3.207857e-04 4.530484e-06
2561 3.200354e-04 4.519556e-06
2562 3.192869e-04 4.508654e-06
2563 3.185402e-04 4.497778e-06
2564 3.177953e-04 4.486928e-06
2565 3.170523e-04 4.476105e-06
2566 3.163110e-04 4.465307e-06
2567 3.155716e-04 4.454536e-06
2568 3.148339e-04 4.443791e-06
2569 3.140980e-04 4.433071e-06
2570 3.133640e-04 4.422378e-06
2571 3.126317e-04 4.411710e-06
2572 3.119011e-04 4.401068e-06
2573 3.111724e-04 4.390451e-06
2574 3.104454e-04 4.379861e-06
2575 3.097202e-04 4.369295e-06
2576 3.089968e-04 4.358756e-06
2577 3.082751e-04 4.348241e-06
2578 3.075551e-04 4.337752e-06
2579 3.068370e-04 4.327289e-06
2580 3.061205e-04 4.316850e-06
2581 3.054058e-04 4.306437e-06
2582 3.046929e-04 4.296049e-06
2583 3.039816e-04 4.285686e-06
2584 3.032721e-04 4.275348e-06
2585 3.025644e-04 4.265035e-06
2586 3.018583e-04 4.254747e-06
2587 3.011540e-04 4.244483e-06
2588 3.004513e-04 4.234244e-06
2589 2.997504e-04 4.224030e-06
2590 2.990512e-04 4.213841e-06
2591 2.983537e-04 4.203676e-06
2592 2.976579e-04 4.193536e-06
2593 2.969637e-04 4.183420e-06
2594 2.962713e-04 4.173329e-06
2595 2.955805e-04 4.163262e-06
2596 2.948915e-04 4.153219e-06
2597 2.942041e-04 4.143201e-06
2598 2.935183e-04 4.133206e-06
2599 2.928343e-04 4.123236e-06
2600 2.921519e-04 4.113290e-06
2601 2.914711e-04 4.103368e-06
2602 2.907921e-04 4.093469e-06
2603 2.901146e-04 4.083595e-06
2604 2.894388e-04 4.073744e-06
2605 2.887647e-04 4.063917e-06
2606 2.880922e-04 4.054114e-06
2607 2.874213e-04 4.044335e-06
2608 2.867521e-04 4.034579e-06
2609 2.860845e-04 4.024846e-06
2610 2.854185e-04 4.015138e-06
2611 2.847542e-04 4.005452e-06
2612 2.840914e-04 3.995790e-06
2613 2.834303e-04 3.986151e-06
2614 2.827708e-04 3.976536e-06
2615 2.821129e-04 3.966943e-06
2616 2.814565e-04 3.957374e-06
2617 2.808018e-04 3.947828e-06
2618 2.801487e-04 3.938305e-06
2619 2.794972e-04 3.928805e-06
2620 2.788472e-04 3.919327e-06
2621 2.781988e-04 3.909873e-06
2622 2.775520e-04 3.900441e-06
2623 2.769068e-04 3.891033e-06
2624 2.762632e-04 3.881647e-06
2625 2.756211e-04 3.872283e-06
2626 2.749806e-04 3.862942e-06
2627 2.743416e-04 3.853624e-06
2628 2.737042e-04 3.844328e-06
2629 2.730684e-04 3.835054e-06
2630 2.724341e-04 3.825803e-06
2631 2.718013e-04 3.816575e-06
2632 2.711701e-04 3.807368e-06
2633 2.705404e-04 3.798184e-06
2634 2.699123e-04 3.789022e-06
2635 2.692857e-04 3.779881e-06
2636 2.686606e-04 3.770763e-06
2637 2.680370e-04 3.761667e-06
2638 2.674150e-04 3.752593e-06
2639 2.667944e-04 3.743541e-06
2640 2.661754e-04 3.734511e-06
2641 2.655579e-04 3.725502e-06
2642 2.649419e-04 3.716515e-06
2643 2.643274e-04 3.707550e-06
2644 2.637144e-04 3.698607e-06
2645 2.631028e-04 3.689685e-06
2646 2.624928e-04 3.680784e-06
2647 2.618843e-04 3.671905e-06
2648 2.612772e-04 3.663048e-06
2649 2.606716e-04 3.654212e-06
2650 2.600675e-04 3.645397e-06
2651 2.594649e-04 3.636603e-06
2652 2.588637e-04 3.627831e-06
2653 2.582640e-04 3.619079e-06
2654 2.576658e-04 3.610349e-06
2655 2.570690e-04 3.601640e-06
2656 2.564737e-04 3.592952e-06
2657 2.558798e-04 3.584285e-06
2658 2.552874e-04 3.575639e-06
2659 2.546964e-04 3.567013e-06
2660 2.541069e-04 3.558409e-06
2661 2.535188e-04 3.549825e-06
2662 2.529321e-04 3.541262e-06
2663 2.523469e-04 3.532720e-06
2664 2.517631e-04 3.524198e-06
2665 2.511807e-04 3.515696e-06
2666 2.505997e-04 3.507216e-06
2667 2.500202e-04 3.498755e-06
2668 2.494420e-04 3.490315e-06
2669 2.488653e-04 3.481896e-06
2670 2.482900e-04 3.473497e-06
2671 2.477161e-04 3.465118e-06
2672 2.471436e-04 3.456759e-06
2673 2.465725e-04 3.448420e-06
2674 2.460027e-04 3.440102e-06
2675 2.454344e-04 3.431803e-06
2676 2.448675e-04 3.423525e-06
2677 2.443019e-04 3.415267e-06
2678 2.437377e-04 3.407028e-06
2679 2.431749e-04 3.398809e-06
2680 2.426135e-04 3.390611e-06
2681 2.420534e-04 3.382431e-06
2682 2.414947e-04 3.374272e-06
2683 2.409374e-04 3.366133e-06
2684 2.403814e-04 3.358013e-06
2685 2.398268e-04 3.349912e-06
2686 2.392735e-04 3.341831e-06
2687 2.387216e-04 3.333770e-06
2688 2.381711e-04 3.325728e-06
2689 2.376218e-04 3.317705e-06
2690 2.370740e-04 3.309702e-06
2691 2.365274e-04 3.301718e-06
2692 2.359822e-04 3.293754e-06
2693 2.354384e-04 3.285808e-06
2694 2.348958e-04 3.277882e-06
2695 2.343546e-04 3.269975e-06
2696 2.338147e-04 3.262087e-06
2697 2.332761e-04 3.254218e-06
2698 2.327389e-04 3.246368e-06
2699 2.322029e-04 3.238537e-06
2700 2.316683e-04 3.230724e-06
2701 2.311349e-04 3.222931e-06
2702 2.306029e-04 3.215156e-06
2703 2.300722e-04 3.207401e-06
2704 2.295427e-04 3.199664e-06
2705 2.290146e-04 3.191945e-06
2706 2.284878e-04 3.184245e-06
2707 2.279622e-04 3.176564e-06
2708 2.274379e-04 3.168901e-06
2709 2.269149e-04 3.161257e-06
2710 2.263932e-04 3.153631e-06
2711 2.258728e-04 3.146024e-06
2712 2.253536e-04 3.138435e-06
2713 2.248357e-04 3.130864e-06
2714 2.243191e-04 3.123311e-06
2715 2.238037e-04 3.115777e-06
2716 2.232896e-04 3.108261e-06
2717 2.227767e-04 3.100763e-06
2718 2.222652e-04 3.093283e-06
2719 2.217548e-04 3.085821e-06
2720 2.212457e-04 3.078377e-06
2721 2.207379e-04 3.070952e-06
2722 2.202313e-04 3.063544e-06
2723 2.197259e-04 3.056153e-06
2724 2.192218e-04 3.048781e-06
2725 2.187189e-04 3.041427e-06
2726 2.182172e-04 3.034090e-06
2727 2.177167e-04 3.026771e-06
2728 2.172175e-04 3.019469e-06
2729 2.167195e-04 3.012186e-06
2730 2.162228e-04 3.004919e-06
2731 2.157272e-04 2.997671e-06
2732 2.152329e-04 2.990440e-06
2733 2.147397e-04 2.983226e-06
2734 2.142478e-04 2.976029e-06
2735 2.137571e-04 2.968850e-06
2736 2.132676e-04 2.961689e-06
2737 2.127792e-04 2.954544e-06
2738 2.122921e-04 2.947417e-06
2739 2.118062e-04 2.940307e-06
2740 2.113214e-04 2.933214e-06
2741 2.108379e-04 2.926138e-06
2742 2.103555e-04 2.919080e-06
2743 2.098743e-04 2.912038e-06
2744 2.093943e-04 2.905013e-06
2745 2.089155e-04 2.898006e-06
2746 2.084378e-04 2.891015e-06
2747 2.079613e-04 2.884041e-06
2748 2.074860e-04 2.877084e-06
2749 2.070118e-04 2.870144e-06
2750 2.065388e-04 2.863220e-06
2751 2.060670e-04 2.856313e-06
2752 2.055963e-04 2.849423e-06
2753 2.051268e-04 2.842549e-06
2754 2.046584e-04 2.835692e-06
2755 2.041912e-04 2.828852e-06
2756 2.037251e-04 2.822028e-06
2757 2.032602e-04 2.815220e-06
2758 2.027964e-04 2.808429e-06
2759 2.023337e-04 2.801654e-06
2760 2.018722e-04 2.794896e-06
2761 2.014118e-04 2.788154e-06
2762 2.009526e-04 2.781428e-06
2763 2.004944e-04 2.774718e-06
2764 2.000374e-04 2.768025e-06
2765 1.995815e-04 2.761348e-06
2766 1.991268e-04 2.754687e-06
2767 1.986731e-04 2.748041e-06
2768 1.982206e-04 2.741412e-06
2769 1.977691e-04 2.734799e-06
2770 1.973188e-04 2.728202e-06
2771 1.968696e-04 2.721621e-06
2772 1.964215e-04 2.715056e-06
2773 1.959745e-04 2.708506e-06
2774 1.955285e-04 2.701972e-06
2775 1.950837e-04 2.695455e-06
2776 1.946400e-04 2.688952e-06
2777 1.941974e-04 2.682466e-06
2778 1.937558e-04 2.675995e-06
2779 1.933153e-04 2.669540e-06
2780 1.928760e-04 2.663100e-06
2781 1.924377e-04 2.656676e-06
2782 1.920004e-04 2.650267e-06
2783 1.915643e-04 2.643874e-06
2784 1.911292e-04 2.637496e-06
2785 1.906952e-04 2.631134e-06
2786 1.902622e-04 2.624787e-06
2787 1.898304e-04 2.618455e-06
2788 1.893995e-04 2.612138e-06
2789 1.889698e-04 2.605837e-06
2790 1.885411e-04 2.599551e-06
2791 1.881134e-04 2.593280e-06
2792 1.876868e-04 2.587024e-06
2793 1.872613e-04 2.580784e-06
2794 1.868368e-04 2.574558e-06
2795 1.864133e-04 2.568348e-06
2796 1.859909e-04 2.562152e-06
2797 1.855695e-04 2.555971e-06
2798 1.851492e-04 2.549806e-06
2799 1.847299e-04 2.543655e-06
2800 1.843116e-04 2.537519e-06
2801 1.838944e-04 2.531397e-06
2802 1.834781e-04 2.525291e-06
2803 1.830629e-04 2.519199e-06
2804 1.826488e-04 2.513122e-06
2805 1.822356e-04 2.507060e-06
2806 1.818235e-04 2.501012e-06
2807 1.814124e-04 2.494979e-06
2808 1.810023e-04 2.488960e-06
2809 1.805932e-04 2.482956e-06
2810 1.801851e-04 2.476966e-06
2811 1.797780e-04 2.470991e-06
2812 1.793719e-04 2.465030e-06
2813 1.789668e-04 2.459084e-06
2814 1.785628e-04 2.453152e-06
2815 1.781597e-04 2.447234e-06
2816 1.777576e-04 2.441331e-06
2817 1.773565e-04 2.435442e-06
2818 1.769564e-04 2.429567e-06
2819 1.765572e-04 2.423706e-06
2820 1.761591e-04 2.417859e-06
2821 1.757619e-04 2.412026e-06
2822 1.753657e-04 2.406208e-06
2823 1.749705e-04 2.400403e-06
2824 1.745763e-04 2.394613e-06
2825 1.741831e-04 2.388836e-06
2826 1.737908e-04 2.383074e-06
2827 1.733994e-04 2.377325e-06
2828 1.730091e-04 2.371590e-06
2829 1.726197e-04 2.365869e-06
2830 1.722313e-04 2.360162e-06
2831 1.718438e-04 2.354469e-06
2832 1.714573e-04 2.348789e-06
2833 1.710717e-04 2.343123e-06
2834 1.706871e-04 2.337471e-06
2835 1.703035e-04 2.331832e-06
2836 1.699207e-04 2.326207e-06
2837 1.695390e-04 2.320595e-06
2838 1.691581e-04 2.314997e-06
2839 1.687783e-04 2.309413e-06
2840 1.683993e-04 2.303842e-06
2841 1.680213e-04 2.298284e-06
2842 1.676442e-04 2.292740e-06
2843 1.672681e-04 2.287209e-06
2844 1.668929e-04 2.281692e-06
2845 1.665186e-04 2.276188e-06
2846 1.661452e-04 2.270697e-06
2847 1.657728e-04 2.265219e-06
2848 1.654013e-04 2.259755e-06
2849 1.650307e-04 2.254304e-06
2850 1.646610e-04 2.248866e-06
2851 1.642922e-04 2.243441e-06
2852 1.639244e-04 2.238029e-06
2853 1.635574e-04 2.232630e-06
2854 1.631914e-04 2.227244e-06
2855 1.628263e-04 2.221871e-06
2856 1.624620e-04 2.216511e-06
2857 1.620987e-04 2.211165e-06
2858 1.617363e-04 2.205831e-06
2859 1.613747e-04 2.200509e-06
2860 1.610141e-04 2.195201e-06
2861 1.606544e-04 2.189906e-06
2862 1.602955e-04 2.184623e-06
2863 1.599375e-04 2.179353e-06
2864 1.595805e-04 2.174096e-06
2865 1.592243e-04 2.168851e-06
2866 1.588690e-04 2.163619e-06
2867 1.585145e-04 2.158400e-06
2868 1.581610e-04 2.153193e-06
2869 1.578083e-04 2.147999e-06
2870 1.574565e-04 2.142817e-06
2871 1.571056e-04 2.137648e-06
2872 1.567555e-04 2.132491e-06
2873 1.564063e-04 2.127347e-06
2874 1.560580e-04 2.122215e-06
2875 1.557105e-04 2.117096e-06
2876 1.553639e-04 2.111989e-06
2877 1.550182e-04 2.106894e-06
2878 1.546733e-04 2.101812e-06
2879 1.543293e-04 2.096741e-06
2880 1.539861e-04 2.091683e-06
2881 1.536438e-04 2.086638e-06
2882 1.533023e-04 2.081604e-06
2883 1.529617e-04 2.076582e-06
2884 1.526219e-04 2.071573e-06
2885 1.522830e-04 2.066576e-06
2886 1.519449e-04 2.061591e-06
2887 1.516076e-04 2.056617e-06
2888 1.512712e-04 2.051656e-06
2889 1.509356e-04 2.046707e-06
2890 1.506009e-04 2.041770e-06
2891 1.502670e-04 2.036844e-06
2892 1.499339e-04 2.031931e-06
2893 1.496016e-04 2.027029e-06
2894 1.492702e-04 2.022139e-06
2895 1.489396e-04 2.017261e-06
2896 1.486098e-04 2.012395e-06
2897 1.482808e-04 2.007540e-06
2898 1.479527e-04 2.002698e-06
2899 1.476253e-04 1.997866e-06
2900 1.472988e-04 1.993047e-06
2901 1.469731e-04 1.988239e-06
2902 1.466482e-04 1.983443e-06
2903 1.463241e-04 1.978658e-06
2904 1.460008e-04 1.973885e-06
2905 1.456784e-04 1.969123e-06
2906 1.453567e-04 1.964373e-06
2907 1.450358e-04 1.959635e-06
2908 1.447158e-04 1.954907e-06
2909 1.443965e-04 1.950191e-06
2910 1.440780e-04 1.945487e-06
2911 1.437603e-04 1.940794e-06
2912 1.434434e-04 1.936112e-06
2913 1.431273e-04 1.931441e-06
2914 1.428120e-04 1.926782e-06
2915 1.424975e-04 1.922134e-06
2916 1.421837e-04 1.917497e-06
2917 1.418707e-04 1.912872e-06
2918 1.415586e-04 1.908257e-06
2919 1.412472e-04 1.903654e-06
2920 1.409365e-04 1.899062e-06
2921 1.406267e-04 1.894481e-06
2922 1.403176e-04 1.889911e-06
2923 1.400093e-04 1.885351e-06
2924 1.397017e-04 1.880803e-06
2925 1.393950e-04 1.876266e-06
2926 1.390890e-04 1.871740e-06
2927 1.387837e-04 1.867225e-06
2928 1.384792e-04 1.862721e-06
2929 1.381755e-04 1.858227e-06
2930 1.378726e-04 1.853744e-06
2931 1.375703e-04 1.849273e-06
2932 1.372689e-04 1.844812e-06
2933 1.369682e-04 1.840361e-06
2934 1.366683e-04 1.835922e-06
2935 1.363691e-04 1.831493e-06
2936 1.360706e-04 1.827075e-06
2937 1.357729e-04 1.822667e-06
2938 1.354760e-04 1.818270e-06
2939 1.351797e-04 1.813884e-06
2940 1.348843e-04 1.809508e-06
2941 1.345895e-04 1.805143e-06
2942 1.342955e-04 1.800789e-06
2943 1.340023e-04 1.796445e-06
2944 1.337097e-04 1.792111e-06
2945 1.334180e-04 1.787788e-06
2946 1.331269e-04 1.783475e-06
2947 1.328366e-04 1.779173e-06
2948 1.325469e-04 1.774881e-06
2949 1.322581e-04 1.770599e-06
2950 1.319699e-04 1.766328e-06
2951 1.316825e-04 1.762067e-06
2952 1.313958e-04 1.757816e-06
2953 1.311098e-04 1.753576e-06
2954 1.308245e-04 1.749346e-06
2955 1.305399e-04 1.745126e-06
2956 1.302561e-04 1.740916e-06
2957 1.299729e-04 1.736716e-06
2958 1.296905e-04 1.732527e-06
2959 1.294088e-04 1.728347e-06
2960 1.291278e-04 1.724178e-06
2961 1.288475e-04 1.720019e-06
2962 1.285678e-04 1.715870e-06
2963 1.282889e-04 1.711730e-06
2964 1.280107e-04 1.707601e-06
2965 1.277332e-04 1.703482e-06
2966 1.274564e-04 1.699372e-06
2967 1.271803e-04 1.695273e-06
2968 1.269049e-04 1.691183e-06
2969 1.266302e-04 1.687104e-06
2970 1.263561e-04 1.683034e-06
2971 1.260828e-04 1.678974e-06
2972 1.258101e-04 1.674924e-06
2973 1.255382e-04 1.670883e-06
2974 1.252669e-04 1.666852e-06
2975 1.249963e-04 1.662831e-06
2976 1.247264e-04 1.658820e-06
2977 1.244571e-04 1.654818e-06
2978 1.241885e-04 1.650827e-06
2979 1.239207e-04 1.646844e-06
2980 1.236534e-04 1.642871e-06
2981 1.233869e-04 1.638908e-06
2982 1.231210e-04 1.634955e-06
2983 1.228558e-04 1.631011e-06
2984 1.225913e-04 1.627076e-06
2985 1.223274e-04 1.623151e-06
2986 1.220642e-04 1.619236e-06
2987 1.218017e-04 1.615329e-06
2988 1.215398e-04 1.611433e-06
2989 1.212786e-04 1.607545e-06
2990 1.210180e-04 1.603667e-06
2991 1.207581e-04 1.599799e-06
2992 1.204989e-04 1.595940e-06
2993 1.202403e-04 1.592090e-06
2994 1.199823e-04 1.588249e-06
2995 1.197251e-04 1.584418e-06
2996 1.194684e-04 1.580596e-06
2997 1.192124e-04 1.576783e-06
2998 1.189571e-04 1.572979e-06
2999 1.187024e-04 1.569184e-06
3000 1.184483e-04 1.565399e-06
3001 1.181949e-04 1.561623e-06
3002 1.179422e-04 1.557856e-06
3003 1.176900e-04 1.554097e-06
3004 1.174385e-04 1.550348e-06
3005 1.171877e-04 1.546608e-06
3006 1.169374e-04 1.542878e-06
3007 1.166879e-04 1.539156e-06
3008 1.164389e-04 1.535443e-06
3009 1.161906e-04 1.531739e-06
3010 1.159429e-04 1.528044e-06
3011 1.156958e-04 1.524357e-06
3012 1.154494e-04 1.520680e-06
3013 1.152035e-04 1.517012e-06
3014 1.149583e-04 1.513352e-06
3015 1.147138e-04 1.509702e-06
3016 1.144698e-04 1.506060e-06
3017 1.142265e-04 1.502427e-06
3018 1.139837e-04 1.498802e-06
3019 1.137416e-04 1.495187e-06
3020 1.135001e-04 1.491580e-06
3021 1.132593e-04 1.487981e-06
3022 1.130190e-04 1.484392e-06
3023 1.127793e-04 1.480811e-06
3024 1.125403e-04 1.477239e-06
3025 1.123018e-04 1.473675e-06
3026 1.120640e-04 1.470120e-06
3027 1.118268e-04 1.466574e-06
3028 1.115901e-04 1.463036e-06
3029 1.113541e-04 1.459507e-06
3030 1.111187e-04 1.455986e-06
3031 1.108839e-04 1.452474e-06
3032 1.106496e-04 1.448970e-06
3033 1.104160e-04 1.445474e-06
3034 1.101829e-04 1.441987e-06
3035 1.099505e-04 1.438509e-06
3036 1.097186e-04 1.435039e-06
3037 1.094874e-04 1.431577e-06
3038 1.092567e-04 1.428123e-06
3039 1.090266e-04 1.424678e-06
3040 1.087971e-04 1.421241e-06
3041 1.085682e-04 1.417813e-06
3042 1.083398e-04 1.414393e-06
3043 1.081121e-04 1.410981e-06
3044 1.078849e-04 1.407577e-06
3045 1.076583e-04 1.404181e-06
3046 1.074323e-04 1.400794e-06
3047 1.072069e-04 1.397415e-06
3048 1.069820e-04 1.394044e-06
3049 1.067577e-04 1.390681e-06
3050 1.065340e-04 1.387326e-06
3051 1.063108e-04 1.383979e-06
3052 1.060883e-04 1.380641e-06
3053 1.058663e-04 1.377310e-06
3054 1.056448e-04 1.373988e-06
3055 1.054239e-04 1.370673e-06
3056 1.052036e-04 1.367367e-06
3057 1.049839e-04 1.364068e-06
3058 1.047647e-04 1.360777e-06
3059 1.045461e-04 1.357495e-06
3060 1.043280e-04 1.354220e-06
3061 1.041105e-04 1.350953e-06
3062 1.038935e-04 1.347694e-06
3063 1.036772e-04 1.344443e-06
3064 1.034613e-04 1.341200e-06
3065 1.032460e-04 1.337964e-06
3066 1.030313e-04 1.334737e-06
3067 1.028171e-04 1.331517e-06
3068 1.026035e-04 1.328305e-06
3069 1.023904e-04 1.325101e-06
3070 1.021778e-04 1.321904e-06
3071 1.019658e-04 1.318715e-06
3072 1.017544e-04 1.315534e-06
3073 1.015435e-04 1.312360e-06
3074 1.013331e-04 1.309194e-06
3075 1.011233e-04 1.306036e-06
3076 1.009140e-04 1.302886e-06
3077 1.007052e-04 1.299743e-06
3078 1.004970e-04 1.296607e-06
3079 1.002893e-04 1.293479e-06
3080 1.000822e-04 1.290359e-06
3081 9.987559e-05 1.287246e-06
3082 9.966950e-05 1.284141e-06
3083 9.946395e-05 1.281043e-06
3084 9.925893e-05 1.277953e-06
3085 9.905443e-05 1.274870e-06
3086 9.885047e-05 1.271795e-06
3087 9.864702e-05 1.268727e-06
3088 9.844410e-05 1.265666e-06
3089 9.824171e-05 1.262613e-06
3090 9.803983e-05 1.259567e-06
3091 9.783848e-05 1.256528e-06
3092 9.763764e-05 1.253497e-06
3093 9.743732e-05 1.250473e-06
3094 9.723752e-05 1.247457e-06
3095 9.703824e-05 1.244447e-06
3096 9.683947e-05 1.241445e-06
3097 9.664121e-05 1.238451e-06
3098 9.644346e-05 1.235463e-06
3099 9.624623e-05 1.232483e-06
3100 9.604950e-05 1.229510e-06
3101 9.585329e-05 1.226544e-06
3102 9.565758e-05 1.223585e-06
3103 9.546237e-05 1.220633e-06
3104 9.526768e-05 1.217688e-06
3105 9.507348e-05 1.214751e-06
3106 9.487979e-05 1.211821e-06
3107 9.468660e-05 1.208897e-06
3108 9.449391e-05 1.205981e-06
3109 9.430172e-05 1.203072e-06
3110 9.411002e-05 1.200169e-06
3111 9.391883e-05 1.197274e-06
3112 9.372813e-05 1.194386e-06
3113 9.353792e-05 1.191505e-06
3114 9.334820e-05 1.188630e-06
3115 9.315898e-05 1.185763e-06
3116 9.297025e-05 1.182903e-06
3117 9.278201e-05 1.180049e-06
3118 9.259426e-05 1.177202e-06
3119 9.240700e-05 1.174362e-06
3120 9.222022e-05 1.171529e-06
3121 9.203393e-05 1.168703e-06
3122 9.184812e-05 1.165884e-06
3123 9.166279e-05 1.163071e-06
3124 9.147795e-05 1.160266e-06
3125 9.129359e-05 1.157467e-06
3126 9.110970e-05 1.154675e-06
3127 9.092630e-05 1.151889e-06
3128 9.074337e-05 1.149110e-06
3129 9.056092e-05 1.146338e-06
3130 9.037895e-05 1.143573e-06
3131 9.019745e-05 1.140814e-06
3132 9.001642e-05 1.138062e-06
3133 8.983586e-05 1.135317e-06
3134 8.965578e-05 1.132578e-06
3135 8.947616e-05 1.129846e-06
3136 8.929701e-05 1.127120e-06
3137 8.911833e-05 1.124401e-06
3138 8.894012e-05 1.121689e-06
3139 8.876237e-05 1.118983e-06
3140 8.858509e-05 1.116284e-06
3141 8.840827e-05 1.113591e-06
3142 8.823191e-05 1.110904e-06
3143 8.805602e-05 1.108224e-06
3144 8.788058e-05 1.105551e-06
3145 8.770560e-05 1.102884e-06
3146 8.753108e-05 1.100223e-06
3147 8.735702e-05 1.097569e-06
3148 8.718341e-05 1.094922e-06
3149 8.701026e-05 1.092280e-06
3150 8.683756e-05 1.089645e-06
3151 8.666532e-05 1.087017e-06
3152 8.649352e-05 1.084394e-06
3153 8.632218e-05 1.081778e-06
3154 8.615129e-05 1.079169e-06
3155 8.598084e-05 1.076566e-06
3156 8.581084e-05 1.073968e-06
3157 8.564129e-05 1.071378e-06
3158 8.547218e-05 1.068793e-06
3159 8.530352e-05 1.066215e-06
3160 8.513530e-05 1.063643e-06
3161 8.496752e-05 1.061077e-06
3162 8.480018e-05 1.058517e-06
3163 8.463329e-05 1.055964e-06
3164 8.446683e-05 1.053416e-06
3165 8.430081e-05 1.050875e-06
3166 8.413523e-05 1.048340e-06
3167 8.397009e-05 1.045811e-06
3168 8.380537e-05 1.043288e-06
3169 8.364110e-05 1.040771e-06
3170 8.347725e-05 1.038261e-06
3171 8.331384e-05 1.035756e-06
3172 8.315086e-05 1.033257e-06
3173 8.298831e-05 1.030765e-06
3174 8.282619e-05 1.028278e-06
3175 8.266450e-05 1.025798e-06
3176 8.250323e-05 1.023323e-06
3177 8.234239e-05 1.020855e-06
3178 8.218198e-05 1.018392e-06
3179 8.202198e-05 1.015935e-06
3180 8.186242e-05 1.013484e-06
3181 8.170327e-05 1.011039e-06
3182 8.154455e-05 1.008600e-06
3183 8.138624e-05 1.006167e-06
3184 8.122836e-05 1.003740e-06
3185 8.107089e-05 1.001319e-06
3186 8.091384e-05 9.989032e-07
3187 8.075720e-05 9.964935e-07
3188 8.060098e-05 9.940896e-07
3189 8.044518e-05 9.916915e-07
3190 8.028979e-05 9.892992e-07
3191 8.013481e-05 9.869127e-07
3192 7.998024e-05 9.845319e-07
3193 7.982609e-05 9.821568e-07
3194 7.967234e-05 9.797875e-07
3195 7.951900e-05 9.774239e-07
3196 7.936607e-05 9.750660e-07
3197 7.921355e-05 9.727138e-07
3198 7.906143e-05 9.703673e-07
3199 7.890971e-05 9.680264e-07
3200 7.875840e-05 9.656912e-07
3201 7.860750e-05 9.633616e-07
3202 7.845699e-05 9.610377e-07
3203 7.830689e-05 9.587193e-07
3204 7.815718e-05 9.564065e-07
3205 7.800788e-05 9.540993e-07
3206 7.785897e-05 9.517977e-07
3207 7.771046e-05 9.495016e-07
3208 7.756235e-05 9.472111e-07
3209 7.741463e-05 9.449261e-07
3210 7.726731e-05 9.426466e-07
3211 7.712038e-05 9.403726e-07
3212 7.697385e-05 9.381041e-07
3213 7.682770e-05 9.358410e-07
3214 7.668195e-05 9.335834e-07
3215 7.653658e-05 9.313313e-07
3216 7.639161e-05 9.290846e-07
3217 7.624702e-05 9.268433e-07
3218 7.610282e-05 9.246074e-07
3219 7.595901e-05 9.223770e-07
3220 7.581558e-05 9.201519e-07
3221 7.567254e-05 9.179321e-07
3222 7.552988e-05 9.157177e-07
3223 7.538760e-05 9.135087e-07
3224 7.524571e-05 9.113050e-07
3225 7.510420e-05 9.091066e-07
3226 7.496306e-05 9.069135e-07
3227 7.482231e-05 9.047257e-07
3228 7.468193e-05 9.025432e-07
3229 7.454193e-05 9.003659e-07
3230 7.440231e-05 8.981939e-07
3231 7.426307e-05 8.960272e-07
3232 7.412419e-05 8.938656e-07
3233 7.398570e-05 8.917093e-07
3234 7.384757e-05 8.895582e-07
3235 7.370982e-05 8.874122e-07
3236 7.357244e-05 8.852715e-07
3237 7.343543e-05 8.831359e-07
3238 7.329879e-05 8.810055e-07
3239 7.316252e-05 8.788802e-07
3240 7.302661e-05 8.767600e-07
3241 7.289108e-05 8.746449e-07
3242 7.275591e-05 8.725350e-07
3243 7.262110e-05 8.704301e-07
3244 7.248666e-05 8.683303e-07
3245 7.235258e-05 8.662356e-07
3246 7.221887e-05 8.641459e-07
3247 7.208551e-05 8.620613e-07
3248 7.195252e-05 8.599817e-07
3249 7.181989e-05 8.579071e-07
3250 7.168762e-05 8.558375e-07
3251 7.155571e-05 8.537729e-07
3252 7.142415e-05 8.517133e-07
3253 7.129295e-05 8.496587e-07
3254 7.116211e-05 8.476090e-07
3255 7.103162e-05 8.455643e-07
3256 7.090149e-05 8.435245e-07
3257 7.077171e-05 8.414896e-07
3258 7.064228e-05 8.394596e-07
3259 7.051321e-05 8.374345e-07
3260 7.038448e-05 8.354143e-07
3261 7.025611e-05 8.333990e-07
3262 7.012808e-05 8.313885e-07
3263 7.000041e-05 8.293829e-07
3264 6.987308e-05 8.273822e-07
3265 6.974610e-05 8.253862e-07
3266 6.961946e-05 8.233951e-07
3267 6.949318e-05 8.214088e-07
3268 6.936723e-05 8.194272e-07
3269 6.924163e-05 8.174505e-07
3270 6.911637e-05 8.154785e-07
3271 6.899146e-05 8.135113e-07
3272 6.886688e-05 8.115488e-07
3273 6.874265e-05 8.095910e-07
3274 6.861875e-05 8.076380e-07
3275 6.849520e-05 8.056897e-07
3276 6.837198e-05 8.037461e-07
3277 6.824910e-05 8.018071e-07
3278 6.812656e-05 7.998729e-07
3279 6.800435e-05 7.979433e-07
3280 6.788248e-05 7.960184e-07
3281 6.776094e-05 7.940981e-07
3282 6.763973e-05 7.921825e-07
3283 6.751886e-05 7.902714e-07
3284 6.739832e-05 7.883650e-07
3285 6.727811e-05 7.864632e-07
3286 6.715823e-05 7.845659e-07
3287 6.703868e-05 7.826733e-07
3288 6.691946e-05 7.807852e-07
3289 6.680057e-05 7.789017e-07
3290 6.668201e-05 7.770227e-07
3291 6.656377e-05 7.751482e-07
3292 6.644585e-05 7.732783e-07
3293 6.632827e-05 7.714128e-07
3294 6.621100e-05 7.695519e-07
3295 6.609406e-05 7.676955e-07
3296 6.597744e-05 7.658435e-07
3297 6.586115e-05 7.639960e-07
3298 6.574517e-05 7.621530e-07
3299 6.562952e-05 7.603144e-07
3300 6.551418e-05 7.584802e-07
3301 6.539916e-05 7.566505e-07
3302 6.528447e-05 7.548252e-07
3303 6.517008e-05 7.530043e-07
3304 6.505602e-05 7.511878e-07
3305 6.494227e-05 7.493756e-07
3306 6.482884e-05 7.475679e-07
3307 6.471572e-05 7.457645e-07
3308 6.460291e-05 7.439654e-07
3309 6.449042e-05 7.421707e-07
3310 6.437824e-05 7.403803e-07
3311 6.426637e-05 7.385942e-07
3312 6.415481e-05 7.368125e-07
3313 6.404356e-05 7.350350e-07
3314 6.393262e-05 7.332618e-07
3315 6.382199e-05 7.314929e-07
3316 6.371167e-05 7.297283e-07
3317 6.360165e-05 7.279680e-07
3318 6.349194e-05 7.262118e-07
3319 6.338254e-05 7.244599e-07
3320 6.327344e-05 7.227123e-07
3321 6.316465e-05 7.209688e-07
3322 6.305615e-05 7.192296e-07
3323 6.294796e-05 7.174945e-07
3324 6.284008e-05 7.157637e-07
3325 6.273249e-05 7.140370e-07
3326 6.262521e-05 7.123145e-07
3327 6.251822e-05 7.105961e-07
3328 6.241153e-05 7.088819e-07
3329 6.230515e-05 7.071718e-07
3330 6.219905e-05 7.054659e-07
3331 6.209326e-05 7.037640e-07
3332 6.198776e-05 7.020663e-07
3333 6.188256e-05 7.003727e-07
3334 6.177766e-05 6.986831e-07
3335 6.167304e-05 6.969976e-07
3336 6.156872e-05 6.953162e-07
3337 6.146470e-05 6.936388e-07
3338 6.136096e-05 6.919655e-07
3339 6.125752e-05 6.902963e-07
3340 6.115437e-05 6.886310e-07
3341 6.105151e-05 6.869698e-07
3342 6.094893e-05 6.853126e-07
3343 6.084665e-05 6.836593e-07
3344 6.074465e-05 6.820101e-07
3345 6.064294e-05 6.803648e-07
3346 6.054152e-05 6.787236e-07
3347 6.044038e-05 6.770862e-07
3348 6.033953e-05 6.754528e-07
3349 6.023897e-05 6.738234e-07
3350 6.013868e-05 6.721979e-07
3351 6.003868e-05 6.705763e-07
3352 5.993897e-05 6.689586e-07
3353 5.983953e-05 6.673449e-07
3354 5.974038e-05 6.657350e-07
3355 5.964150e-05 6.641290e-07
3356 5.954291e-05 6.625269e-07
3357 5.944459e-05 6.609286e-07
3358 5.934655e-05 6.593342e-07
3359 5.924880e-05 6.577436e-07
3360 5.915131e-05 6.561569e-07
3361 5.905411e-05 6.545740e-07
3362 5.895718e-05 6.529950e-07
3363 5.886052e-05 6.514197e-07
3364 5.876414e-05 6.498482e-07
3365 5.866804e-05 6.482806e-07
3366 5.857221e-05 6.467167e-07
3367 5.847665e-05 6.451566e-07
3368 5.838136e-05 6.436002e-07
3369 5.828634e-05 6.420476e-07
3370 5.819159e-05 6.404987e-07
3371 5.809711e-05 6.389536e-07
3372 5.800291e-05 6.374122e-07
3373 5.790897e-05 6.358746e-07
3374 5.781530e-05 6.343406e-07
3375 5.772189e-05 6.328103e-07
3376 5.762876e-05 6.312838e-07
3377 5.753588e-05 6.297609e-07
3378 5.744328e-05 6.282417e-07
3379 5.735094e-05 6.267261e-07
3380 5.725886e-05 6.252142e-07
3381 5.716705e-05 6.237060e-07
3382 5.707550e-05 6.222014e-07
3383 5.698421e-05 6.207004e-07
3384 5.689318e-05 6.192030e-07
3385 5.680241e-05 6.177093e-07
3386 5.671191e-05 6.162191e-07
3387 5.662166e-05 6.147326e-07
3388 5.653167e-05 6.132496e-07
3389 5.644195e-05 6.117702e-07
3390 5.635247e-05 6.102944e-07
3391 5.626326e-05 6.088222e-07
3392 5.617430e-05 6.073535e-07
3393 5.608560e-05 6.058883e-07
3394 5.599716e-05 6.044267e-07
3395 5.590896e-05 6.029686e-07
3396 5.582103e-05 6.015140e-07
3397 5.573334e-05 6.000629e-07
3398 5.564591e-05 5.986154e-07
3399 5.555873e-05 5.971713e-07
3400 5.547181e-05 5.957307e-07
3401 5.538513e-05 5.942936e-07
3402 5.529870e-05 5.928599e-07
3403 5.521253e-05 5.914297e-07
3404 5.512660e-05 5.900030e-07
3405 5.504092e-05 5.885796e-07
3406 5.495549e-05 5.871598e-07
3407 5.487031e-05 5.857433e-07
3408 5.478537e-05 5.843303e-07
3409 5.470068e-05 5.829207e-07
3410 5.461623e-05 5.815145e-07
3411 5.453203e-05 5.801116e-07
3412 5.444808e-05 5.787122e-07
3413 5.436437e-05 5.773161e-07
3414 5.428090e-05 5.759234e-07
3415 5.419767e-05 5.745341e-07
3416 5.411469e-05 5.731481e-07
3417 5.403194e-05 5.717654e-07
3418 5.394944e-05 5.703861e-07
3419 5.386718e-05 5.690102e-07
3420 5.378516e-05 5.676375e-07
3421 5.370337e-05 5.662681e-07
3422 5.362183e-05 5.649021e-07
3423 5.354052e-05 5.635393e-07
3424 5.345945e-05 5.621799e-07
3425 5.337862e-05 5.608237e-07
3426 5.329802e-05 5.594708e-07
3427 5.321766e-05 5.581211e-07
3428 5.313753e-05 5.567747e-07
3429 5.305764e-05 5.554316e-07
3430 5.297798e-05 5.540917e-07
3431 5.289855e-05 5.527550e-07
3432 5.281936e-05 5.514215e-07
3433 5.274039e-05 5.500913e-07
3434 5.266166e-05 5.487643e-07
3435 5.258317e-05 5.474405e-07
3436 5.250490e-05 5.461198e-07
3437 5.242686e-05 5.448024e-07
3438 5.234905e-05 5.434881e-07
3439 5.227147e-05 5.421770e-07
3440 5.219411e-05 5.408691e-07
3441 5.211699e-05 5.395643e-07
3442 5.204009e-05 5.382627e-07
3443 5.196341e-05 5.369642e-07
3444 5.188697e-05 5.356688e-07
3445 5.181074e-05 5.343766e-07
3446 5.173475e-05 5.330875e-07
3447 5.165897e-05 5.318015e-07
3448 5.158342e-05 5.305186e-07
3449 5.150810e-05 5.292388e-07
3450 5.143299e-05 5.279621e-07
3451 5.135811e-05 5.266884e-07
3452 5.128345e-05 5.254178e-07
3453 5.120901e-05 5.241503e-07
3454 5.113479e-05 5.228859e-07
3455 5.106079e-05 5.216245e-07
3456 5.098701e-05 5.203662e-07
3457 5.091344e-05 5.191108e-07
3458 5.084010e-05 5.178585e-07
3459 5.076697e-05 5.166093e-07
3460 5.069406e-05 5.153630e-07
3461 5.062137e-05 5.141198e-07
3462 5.054889e-05 5.128795e-07
3463 5.047662e-05 5.116423e-07
3464 5.040458e-05 5.104080e-07
3465 5.033274e-05 5.091767e-07
3466 5.026112e-05 5.079484e-07
3467 5.018971e-05 5.067230e-07
3468 5.011852e-05 5.055006e-07
3469 5.004754e-05 5.042812e-07
3470 4.997676e-05 5.030646e-07
3471 4.990620e-05 5.018511e-07
3472 4.983585e-05 5.006404e-07
3473 4.976571e-05 4.994327e-07
3474 4.969578e-05 4.982279e-07
3475 4.962606e-05 4.970260e-07
3476 4.955655e-05 4.958269e-07
3477 4.948724e-05 4.946308e-07
3478 4.941814e-05 4.934376e-07
3479 4.934925e-05 4.922472e-07
3480 4.928057e-05 4.910597e-07
3481 4.921209e-05 4.898751e-07
3482 4.914381e-05 4.886934e-07
3483 4.907574e-05 4.875145e-07
3484 4.900788e-05 4.863384e-07
3485 4.894021e-05 4.851652e-07
3486 4.887275e-05 4.839948e-07
3487 4.880550e-05 4.828272e-07
3488 4.873844e-05 4.816624e-07
3489 4.867159e-05 4.805005e-07
3490 4.860494e-05 4.793413e-07
3491 4.853849e-05 4.781850e-07
3492 4.847223e-05 4.770314e-07
3493 4.840618e-05 4.758806e-07
3494 4.834033e-05 4.747326e-07
3495 4.827467e-05 4.735874e-07
3496 4.820922e-05 4.724449e-07
3497 4.814396e-05 4.713052e-07
3498 4.807890e-05 4.701683e-07
3499 4.801403e-05 4.690340e-07
3500 4.794936e-05 4.679025e-07
3501 4.788489e-05 4.667738e-07
3502 4.782061e-05 4.656478e-07
3503 4.775652e-05 4.645244e-07
3504 4.769263e-05 4.634038e-07
3505 4.762893e-05 4.622859e-07
3506 4.756543e-05 4.611707e-07
3507 4.750211e-05 4.600582e-07
3508 4.743899e-05 4.589484e-07
3509 4.737607e-05 4.578412e-07
3510 4.731333e-05 4.567367e-07
3511 4.725078e-05 4.556349e-07
3512 4.718842e-05 4.545358e-07
3513 4.712625e-05 4.534392e-07
3514 4.706427e-05 4.523454e-07
3515 4.700248e-05 4.512542e-07
3516 4.694088e-05 4.501656e-07
3517 4.687947e-05 4.490796e-07
3518 4.681824e-05 4.479962e-07
3519 4.675720e-05 4.469155e-07
3520 4.669634e-05 4.458374e-07
3521 4.663567e-05 4.447619e-07
3522 4.657518e-05 4.436889e-07
3523 4.651488e-05 4.426186e-07
3524 4.645477e-05 4.415508e-07
3525 4.639483e-05 4.404856e-07
3526 4.633508e-05 4.394230e-07
3527 4.627552e-05 4.383630e-07
3528 4.621613e-05 4.373055e-07
3529 4.615693e-05 4.362505e-07
3530 4.609791e-05 4.351981e-07
3531 4.603907e-05 4.341483e-07
3532 4.598041e-05 4.331009e-07
3533 4.592192e-05 4.320561e-07
3534 4.586362e-05 4.310138e-07
3535 4.580550e-05 4.299741e-07
3536 4.574756e-05 4.289368e-07
3537 4.568979e-05 4.279021e-07
3538 4.563220e-05 4.268698e-07
3539 4.557479e-05 4.258400e-07
3540 4.551755e-05 4.248127e-07
3541 4.546049e-05 4.237879e-07
3542 4.540361e-05 4.227656e-07
3543 4.534690e-05 4.217457e-07
3544 4.529037e-05 4.207283e-07
3545 4.523401e-05 4.197134e-07
3546 4.517782e-05 4.187009e-07
3547 4.512181e-05 4.176908e-07
3548 4.506597e-05 4.166832e-07
3549 4.501030e-05 4.156780e-07
3550 4.495480e-05 4.146752e-07
3551 4.489948e-05 4.136748e-07
3552 4.484433e-05 4.126769e-07
3553 4.478934e-05 4.116814e-07
3554 4.473453e-05 4.106882e-07
3555 4.467989e-05 4.096975e-07
3556 4.462541e-05 4.087092e-07
3557 4.457111e-05 4.077232e-07
3558 4.451697e-05 4.067396e-07
3559 4.446300e-05 4.057584e-07
3560 4.440920e-05 4.047796e-07
3561 4.435557e-05 4.038031e-07
3562 4.430210e-05 4.028290e-07
3563 4.424880e-05 4.018572e-07
3564 4.419566e-05 4.008878e-07
3565 4.414269e-05 3.999207e-07
3566 4.408988e-05 3.989559e-07
3567 4.403724e-05 3.979935e-07
3568 4.398476e-05 3.970334e-07
3569 4.393245e-05 3.960756e-07
3570 4.388029e-05 3.951201e-07
3571 4.382830e-05 3.941669e-07
3572 4.377647e-05 3.932160e-07
3573 4.372481e-05 3.922674e-07
3574 4.367330e-05 3.913212e-07
3575 4.362196e-05 3.903771e-07
3576 4.357077e-05 3.894354e-07
3577 4.351975e-05 3.884959e-07
3578 4.346889e-05 3.875587e-07
3579 4.341818e-05 3.866238e-07
3580 4.336763e-05 3.856911e-07
3581 4.331724e-05 3.847607e-07
3582 4.326701e-05 3.838325e-07
3583 4.321694e-05 3.829065e-07
3584 4.316702e-05 3.819828e-07
3585 4.311726e-05 3.810613e-07
3586 4.306766e-05 3.801421e-07
3587 4.301821e-05 3.792250e-07
3588 4.296891e-05 3.783102e-07
3589 4.291977e-05 3.773976e-07
3590 4.287079e-05 3.764871e-07
3591 4.282196e-05 3.755789e-07
3592 4.277328e-05 3.746729e-07
3593 4.272475e-05 3.737690e-07
3594 4.267638e-05 3.728674e-07
3595 4.262816e-05 3.719679e-07
3596 4.258009e-05 3.710705e-07
3597 4.253218e-05 3.701754e-07
3598 4.248441e-05 3.692824e-07
3599 4.243680e-05 3.683915e-07
3600 4.238933e-05 3.675028e-07
3601 4.234202e-05 3.666163e-07
3602 4.229485e-05 3.657318e-07
3603 4.224783e-05 3.648496e-07
3604 4.220096e-05 3.639694e-07
3605 4.215424e-05 3.630914e-07
3606 4.210767e-05 3.622155e-07
3607 4.206124e-05 3.613417e-07
3608 4.201497e-05 3.604700e-07
3609 4.196883e-05 3.596004e-07
3610 4.192285e-05 3.587329e-07
3611 4.187701e-05 3.578675e-07
3612 4.183131e-05 3.570042e-07
3613 4.178576e-05 3.561429e-07
3614 4.174035e-05 3.552838e-07
3615 4.169509e-05 3.544267e-07
3616 4.164997e-05 3.535717e-07
3617 4.160499e-05 3.527188e-07
3618 4.156016e-05 3.518679e-07
3619 4.151547e-05 3.510190e-07
3620 4.147092e-05 3.501722e-07
3621 4.142651e-05 3.493275e-07
3622 4.138225e-05 3.484848e-07
3623 4.133812e-05 3.476441e-07
3624 4.129414e-05 3.468055e-07
3625 4.125029e-05 3.459688e-07
3626 4.120659e-05 3.451342e-07
3627 4.116302e-05 3.443016e-07
3628 4.111960e-05 3.434710e-07
3629 4.107631e-05 3.426425e-07
3630 4.103316e-05 3.418159e-07
3631 4.099015e-05 3.409913e-07
3632 4.094727e-05 3.401687e-07
3633 4.090453e-05 3.393481e-07
3634 4.086193e-05 3.385294e-07
3635 4.081946e-05 3.377128e-07
3636 4.077713e-05 3.368981e-07
3637 4.073494e-05 3.360854e-07
3638 4.069288e-05 3.352746e-07
3639 4.065095e-05 3.344658e-07
3640 4.060916e-05 3.336589e-07
3641 4.056750e-05 3.328540e-07
3642 4.052598e-05 3.320510e-07
3643 4.048459e-05 3.312500e-07
3644 4.044333e-05 3.304509e-07
3645 4.040220e-05 3.296537e-07
3646 4.036121e-05 3.288585e-07
3647 4.032035e-05 3.280651e-07
3648 4.027962e-05 3.272737e-07
3649 4.023902e-05 3.264842e-07
3650 4.019855e-05 3.256966e-07
3651 4.015821e-05 3.249109e-07
3652 4.011800e-05 3.241271e-07
3653 4.007791e-05 3.233452e-07
3654 4.003796e-05 3.225652e-07
3655 3.999814e-05 3.217870e-07
3656 3.995844e-05 3.210107e-07
3657 3.991888e-05 3.202363e-07
3658 3.987944e-05 3.194638e-07
3659 3.984012e-05 3.186931e-07
3660 3.980094e-05 3.179243e-07
3661 3.976188e-05 3.171574e-07
3662 3.972294e-05 3.163923e-07
3663 3.968413e-05 3.156290e-07
3664 3.964545e-05 3.148676e-07
3665 3.960689e-05 3.141080e-07
3666 3.956846e-05 3.133503e-07
3667 3.953015e-05 3.125943e-07
3668 3.949196e-05 3.118402e-07
3669 3.945390e-05 3.110880e-07
3670 3.941596e-05 3.103375e-07
3671 3.937815e-05 3.095889e-07
3672 3.934045e-05 3.088420e-07
3673 3.930288e-05 3.080970e-07
3674 3.926543e-05 3.073537e-07
3675 3.922810e-05 3.066123e-07
3676 3.919089e-05 3.058726e-07
3677 3.915381e-05 3.051347e-07
3678 3.911684e-05 3.043986e-07
3679 3.907999e-05 3.036643e-07
3680 3.904326e-05 3.029317e-07
3681 3.900666e-05 3.022010e-07
3682 3.897017e-05 3.014719e-07
3683 3.893379e-05 3.007447e-07
3684 3.889754e-05 3.000192e-07
3685 3.886141e-05 2.992954e-07
3686 3.882539e-05 2.985734e-07
3687 3.878949e-05 2.978531e-07
3688 3.875371e-05 2.971346e-07
3689 3.871804e-05 2.964178e-07
3690 3.868249e-05 2.957027e-07
3691 3.864705e-05 2.949893e-07
3692 3.861173e-05 2.942777e-07
3693 3.857653e-05 2.935678e-07
3694 3.854144e-05 2.928596e-07
3695 3.850646e-05 2.921531e-07
3696 3.847160e-05 2.914483e-07
3697 3.843685e-05 2.907453e-07
3698 3.840222e-05 2.900439e-07
3699 3.836769e-05 2.893442e-07
3700 3.833328e-05 2.886462e-07
3701 3.829899e-05 2.879498e-07
3702 3.826480e-05 2.872552e-07
3703 3.823073e-05 2.865622e-07
3704 3.819677e-05 2.858709e-07
3705 3.816292e-05 2.851813e-07
3706 3.812918e-05 2.844933e-07
3707 3.809555e-05 2.838070e-07
3708 3.806203e-05 2.831224e-07
3709 3.802862e-05 2.824394e-07
3710 3.799532e-05 2.817580e-07
3711 3.796213e-05 2.810783e-07
3712 3.792905e-05 2.804002e-07
3713 3.789607e-05 2.797238e-07
3714 3.786321e-05 2.790490e-07
3715 3.783045e-05 2.783758e-07
3716 3.779780e-05 2.777043e-07
3717 3.776525e-05 2.770344e-07
3718 3.773282e-05 2.763661e-07
3719 3.770049e-05 2.756994e-07
3720 3.766826e-05 2.750343e-07
3721 3.763614e-05 2.743708e-07
3722 3.760413e-05 2.737089e-07
3723 3.757222e-05 2.730486e-07
3724 3.754042e-05 2.723899e-07
3725 3.750872e-05 2.717328e-07
3726 3.747713e-05 2.710773e-07
3727 3.744564e-05 2.704233e-07
3728 3.741425e-05 2.697710e-07
3729 3.738297e-05 2.691202e-07
3730 3.735179e-05 2.684710e-07
3731 3.732071e-05 2.678233e-07
3732 3.728974e-05 2.671772e-07
3733 3.725886e-05 2.665327e-07
3734 3.722809e-05 2.658897e-07
3735 3.719742e-05 2.652483e-07
3736 3.716685e-05 2.646084e-07
3737 3.713638e-05 2.639700e-07
3738 3.710602e-05 2.633333e-07
3739 3.707575e-05 2.626980e-07
3740 3.704558e-05 2.620643e-07
3741 3.701551e-05 2.614321e-07
3742 3.698555e-05 2.608014e-07
3743 3.695568e-05 2.601722e-07
3744 3.692591e-05 2.595446e-07
3745 3.689623e-05 2.589185e-07
3746 3.686666e-05 2.582939e-07
3747 3.683718e-05 2.576708e-07
3748 3.680780e-05 2.570492e-07
3749 3.677852e-05 2.564291e-07
3750 3.674934e-05 2.558105e-07
3751 3.672025e-05 2.551934e-07
3752 3.669126e-05 2.545777e-07
3753 3.666236e-05 2.539636e-07
3754 3.663356e-05 2.533509e-07
3755 3.660485e-05 2.527398e-07
3756 3.657624e-05 2.521300e-07
3757 3.654773e-05 2.515218e-07
3758 3.651931e-05 2.509150e-07
3759 3.649098e-05 2.503097e-07
3760 3.646275e-05 2.497059e-07
3761 3.643461e-05 2.491035e-07
3762 3.640656e-05 2.485026e-07
3763 3.637861e-05 2.479031e-07
3764 3.635075e-05 2.473051e-07
3765 3.632298e-05 2.467085e-07
3766 3.629531e-05 2.461133e-07
3767 3.626773e-05 2.455196e-07
3768 3.624023e-05 2.449273e-07
3769 3.621283e-05 2.443364e-07
3770 3.618552e-05 2.437470e-07
3771 3.615831e-05 2.431590e-07
3772 3.613118e-05 2.425724e-07
3773 3.610414e-05 2.419872e-07
3774 3.607719e-05 2.414035e-07
3775 3.605033e-05 2.408211e-07
3776 3.602357e-05 2.402402e-07
3777 3.599689e-05 2.396606e-07
3778 3.597030e-05 2.390825e-07
3779 3.594379e-05 2.385057e-07
3780 3.591738e-05 2.379303e-07
3781 3.589105e-05 2.373563e-07
3782 3.586481e-05 2.367838e-07
3783 3.583866e-05 2.362125e-07
3784 3.581260e-05 2.356427e-07
3785 3.578662e-05 2.350742e-07
3786 3.576073e-05 2.345072e-07
3787 3.573493e-05 2.339414e-07
3788 3.570921e-05 2.333771e-07
3789 3.568358e-05 2.328141e-07
3790 3.565803e-05 2.322524e-07
3791 3.563257e-05 2.316922e-07
3792 3.560719e-05 2.311332e-07
3793 3.558190e-05 2.305757e-07
3794 3.555669e-05 2.300194e-07
3795 3.553157e-05 2.294645e-07
3796 3.550653e-05 2.289110e-07
3797 3.548158e-05 2.283587e-07
3798 3.545670e-05 2.278079e-07
3799 3.543191e-05 2.272583e-07
3800 3.540721e-05 2.267101e-07
3801 3.538258e-05 2.261631e-07
3802 3.535804e-05 2.256176e-07
3803 3.533358e-05 2.250733e-07
3804 3.530921e-05 2.245303e-07
3805 3.528491e-05 2.239887e-07
3806 3.526069e-05 2.234483e-07
3807 3.523656e-05 2.229093e-07
3808 3.521251e-05 2.223715e-07
3809 3.518854e-05 2.218351e-07
3810 3.516464e-05 2.212999e-07
3811 3.514083e-05 2.207661e-07
3812 3.511710e-05 2.202335e-07
3813 3.509345e-05 2.197022e-07
3814 3.506987e-05 2.191722e-07
3815 3.504638e-05 2.186435e-07
3816 3.502296e-05 2.181160e-07
3817 3.499962e-05 2.175898e-07
3818 3.497636e-05 2.170649e-07
3819 3.495318e-05 2.165413e-07
3820 3.493008e-05 2.160189e-07
3821 3.490705e-05 2.154978e-07
3822 3.488410e-05 2.149779e-07
3823 3.486123e-05 2.144593e-07
3824 3.483844e-05 2.139420e-07
3825 3.481572e-05 2.134259e-07
3826 3.479308e-05 2.129110e-07
3827 3.477051e-05 2.123974e-07
3828 3.474802e-05 2.118850e-07
3829 3.472560e-05 2.113738e-07
3830 3.470326e-05 2.108639e-07
3831 3.468100e-05 2.103552e-07
3832 3.465881e-05 2.098478e-07
3833 3.463669e-05 2.093415e-07
3834 3.461465e-05 2.088365e-07
3835 3.459268e-05 2.083327e-07
3836 3.457079e-05 2.078302e-07
3837 3.454897e-05 2.073288e-07
3838 3.452722e-05 2.068286e-07
3839 3.450555e-05 2.063297e-07
3840 3.448395e-05 2.058319e-07
3841 3.446242e-05 2.053354e-07
3842 3.444096e-05 2.048400e-07
3843 3.441958e-05 2.043459e-07
3844 3.439827e-05 2.038529e-07
3845 3.437703e-05 2.033612e-07
3846 3.435586e-05 2.028706e-07
3847 3.433476e-05 2.023812e-07
3848 3.431374e-05 2.018930e-07
3849 3.429278e-05 2.014059e-07
3850 3.427189e-05 2.009200e-07
3851 3.425108e-05 2.004353e-07
3852 3.423034e-05 1.999518e-07
3853 3.420966e-05 1.994695e-07
3854 3.418905e-05 1.989883e-07
3855 3.416852e-05 1.985082e-07
3856 3.414805e-05 1.980293e-07
3857 3.412765e-05 1.975516e-07
3858 3.410732e-05 1.970751e-07
3859 3.408706e-05 1.965996e-07
3860 3.406687e-05 1.961254e-07
3861 3.404675e-05 1.956522e-07
3862 3.402669e-05 1.951802e-07
3863 3.400670e-05 1.947094e-07
3864 3.398678e-05 1.942397e-07
3865 3.396692e-05 1.937711e-07
3866 3.394714e-05 1.933036e-07
3867 3.392742e-05 1.928373e-07
3868 3.390776e-05 1.923721e-07
3869 3.388817e-05 1.919080e-07
3870 3.386865e-05 1.914451e-07
3871 3.384919e-05 1.909833e-07
3872 3.382980e-05 1.905225e-07
3873 3.381048e-05 1.900629e-07
3874 3.379122e-05 1.896044e-07
3875 3.377202e-05 1.891470e-07
3876 3.375289e-05 1.886907e-07
3877 3.373383e-05 1.882355e-07
3878 3.371482e-05 1.877814e-07
3879 3.369589e-05 1.873284e-07
3880 3.367701e-05 1.868765e-07
3881 3.365820e-05 1.864257e-07
3882 3.363946e-05 1.859760e-07
3883 3.362077e-05 1.855273e-07
3884 3.360215e-05 1.850798e-07
3885 3.358360e-05 1.846333e-07
3886 3.356510e-05 1.841879e-07
3887 3.354667e-05 1.837435e-07
3888 3.352830e-05 1.833003e-07
3889 3.350999e-05 1.828581e-07
3890 3.349174e-05 1.824170e-07
3891 3.347356e-05 1.819769e-07
3892 3.345544e-05 1.815379e-07
3893 3.343737e-05 1.811000e-07
3894 3.341937e-05 1.806631e-07
3895 3.340143e-05 1.802273e-07
3896 3.338355e-05 1.797925e-07
3897 3.336573e-05 1.793587e-07
3898 3.334797e-05 1.789261e-07
3899 3.333028e-05 1.784944e-07
3900 3.331264e-05 1.780638e-07
3901 3.329506e-05 1.776343e-07
3902 3.327754e-05 1.772057e-07
3903 3.326007e-05 1.767783e-07
3904 3.324267e-05 1.763518e-07
3905 3.322533e-05 1.759264e-07
3906 3.320804e-05 1.755020e-07
3907 3.319082e-05 1.750786e-07
3908 3.317365e-05 1.746562e-07
3909 3.315654e-05 1.742349e-07
3910 3.313949e-05 1.738146e-07
3911 3.312249e-05 1.733953e-07
3912 3.310555e-05 1.729770e-07
3913 3.308867e-05 1.725597e-07
3914 3.307185e-05 1.721434e-07
3915 3.305508e-05 1.717281e-07
3916 3.303837e-05 1.713139e-07
3917 3.302172e-05 1.709006e-07
3918 3.300512e-05 1.704883e-07
3919 3.298858e-05 1.700770e-07
3920 3.297210e-05 1.696667e-07
3921 3.295567e-05 1.692574e-07
3922 3.293929e-05 1.688491e-07
3923 3.292298e-05 1.684418e-07
3924 3.290671e-05 1.680354e-07
3925 3.289050e-05 1.676301e-07
3926 3.287435e-05 1.672257e-07
3927 3.285825e-05 1.668223e-07
3928 3.284221e-05 1.664198e-07
3929 3.282622e-05 1.660184e-07
3930 3.281028e-05 1.656179e-07
3931 3.279440e-05 1.652183e-07
3932 3.277857e-05 1.648198e-07
3933 3.276279e-05 1.644221e-07
3934 3.274707e-05 1.640255e-07
3935 3.273140e-05 1.636298e-07
3936 3.271579e-05 1.632351e-07
3937 3.270022e-05 1.628413e-07
3938 3.268471e-05 1.624484e-07
3939 3.266925e-05 1.620566e-07
3940 3.265385e-05 1.616656e-07
3941 3.263850e-05 1.612756e-07
3942 3.262319e-05 1.608866e-07
3943 3.260794e-05 1.604984e-07
3944 3.259274e-05 1.601112e-07
3945 3.257760e-05 1.597250e-07
3946 3.256250e-05 1.593397e-07
3947 3.254746e-05 1.589553e-07
3948 3.253246e-05 1.585718e-07
3949 3.251752e-05 1.581893e-07
3950 3.250263e-05 1.578077e-07
3951 3.248778e-05 1.574270e-07
3952 3.247299e-05 1.570472e-07
3953 3.245825e-05 1.566684e-07
3954 3.244355e-05 1.562904e-07
3955 3.242891e-05 1.559134e-07
3956 3.241432e-05 1.555373e-07
3957 3.239977e-05 1.551620e-07
3958 3.238528e-05 1.547877e-07
3959 3.237083e-05 1.544143e-07
3960 3.235643e-05 1.540418e-07
3961 3.234209e-05 1.536702e-07
3962 3.232779e-05 1.532995e-07
3963 3.231353e-05 1.529297e-07
3964 3.229933e-05 1.525607e-07
3965 3.228517e-05 1.521927e-07
3966 3.227107e-05 1.518256e-07
3967 3.225700e-05 1.514593e-07
3968 3.224299e-05 1.510939e-07
3969 3.222903e-05 1.507294e-07
3970 3.221511e-05 1.503658e-07
3971 3.220124e-05 1.500031e-07
3972 3.218741e-05 1.496412e-07
3973 3.217363e-05 1.492802e-07
3974 3.215990e-05 1.489201e-07
3975 3.214622e-05 1.485608e-07
3976 3.213258e-05 1.482025e-07
3977 3.211899e-05 1.478449e-07
3978 3.210544e-05 1.474883e-07
3979 3.209194e-05 1.471325e-07
3980 3.207848e-05 1.467775e-07
3981 3.206507e-05 1.464234e-07
3982 3.205171e-05 1.460702e-07
3983 3.203839e-05 1.457178e-07
3984 3.202511e-05 1.453663e-07
3985 3.201188e-05 1.450156e-07
3986 3.199870e-05 1.446658e-07
3987 3.198555e-05 1.443168e-07
3988 3.197246e-05 1.439687e-07
3989 3.195941e-05 1.436214e-07
3990 3.194640e-05 1.432749e-07
3991 3.193343e-05 1.429292e-07
3992 3.192051e-05 1.425844e-07
3993 3.190763e-05 1.422405e-07
3994 3.189480e-05 1.418973e-07
3995 3.188201e-05 1.415550e-07
3996 3.186926e-05 1.412135e-07
3997 3.185656e-05 1.408729e-07
3998 3.184390e-05 1.405330e-07
3999 3.183128e-05 1.401940e-07
4000 3.181870e-05 1.398558e-07
4001 3.180617e-05 1.395184e-07
4002 3.179368e-05 1.391819e-07
4003 3.178123e-05 1.388461e-07
4004 3.176882e-05 1.385111e-07
4005 3.175645e-05 1.381770e-07
4006 3.174413e-05 1.378437e-07
4007 3.173184e-05 1.375111e-07
4008 3.171960e-05 1.371794e-07
4009 3.170740e-05 1.368485e-07
4010 3.169524e-05 1.365183e-07
4011 3.168313e-05 1.361890e-07
4012 3.167105e-05 1.358605e-07
4013 3.165901e-05 1.355327e-07
4014 3.164702e-05 1.352058e-07
4015 3.163506e-05 1.348796e-07
4016 3.162315e-05 1.345542e-07
4017 3.161127e-05 1.342296e-07
4018 3.159943e-05 1.339058e-07
4019 3.158764e-05 1.335828e-07
4020 3.157588e-05 1.332605e-07
4021 3.156417e-05 1.329390e-07
4022 3.155249e-05 1.326183e-07
4023 3.154085e-05 1.322984e-07
4024 3.152925e-05 1.319793e-07
4025 3.151769e-05 1.316609e-07
4026 3.150617e-05 1.313433e-07
4027 3.149469e-05 1.310264e-07
4028 3.148325e-05 1.307103e-07
4029 3.147184e-05 1.303950e-07
4030 3.146048e-05 1.300804e-07
4031 3.144915e-05 1.297666e-07
4032 3.143786e-05 1.294536e-07
4033 3.142661e-05 1.291413e-07
4034 3.141539e-05 1.288298e-07
4035 3.140422e-05 1.285190e-07
4036 3.139308e-05 1.282089e-07
4037 3.138198e-05 1.278996e-07
4038 3.137091e-05 1.275911e-07
4039 3.135988e-05 1.272833e-07
4040 3.134889e-05 1.269762e-07
4041 3.133794e-05 1.266699e-07
4042 3.132702e-05 1.263643e-07
4043 3.131614e-05 1.260595e-07
4044 3.130530e-05 1.257554e-07
4045 3.129449e-05 1.254520e-07
4046 3.128372e-05 1.251494e-07
4047 3.127299e-05 1.248475e-07
4048 3.126229e-05 1.245463e-07
4049 3.125163e-05 1.242458e-07
4050 3.124100e-05 1.239461e-07
4051 3.123041e-05 1.236471e-07
4052 3.121985e-05 1.233488e-07
4053 3.120933e-05 1.230513e-07
4054 3.119885e-05 1.227544e-07
4055 3.118840e-05 1.224583e-07
4056 3.117798e-05 1.221629e-07
4057 3.116760e-05 1.218682e-07
4058 3.115726e-05 1.215742e-07
4059 3.114695e-05 1.212809e-07
4060 3.113667e-05 1.209883e-07
4061 3.112643e-05 1.206964e-07
4062 3.111622e-05 1.204053e-07
4063 3.110605e-05 1.201148e-07
4064 3.109591e-05 1.198250e-07
4065 3.108580e-05 1.195360e-07
4066 3.107573e-05 1.192476e-07
4067 3.106570e-05 1.189599e-07
4068 3.105569e-05 1.186730e-07
4069 3.104572e-05 1.183867e-07
4070 3.103578e-05 1.181011e-07
4071 3.102588e-05 1.178162e-07
4072 3.101601e-05 1.175320e-07
4073 3.100617e-05 1.172484e-07
4074 3.099637e-05 1.169656e-07
4075 3.098659e-05 1.166834e-07
4076 3.097685e-05 1.164019e-07
4077 3.096715e-05 1.161211e-07
4078 3.095747e-05 1.158410e-07
4079 3.094783e-05 1.155615e-07
4080 3.093822e-05 1.152828e-07
4081 3.092864e-05 1.150047e-07
4082 3.091910e-05 1.147272e-07
4083 3.090958e-05 1.144505e-07
4084 3.090010e-05 1.141744e-07
4085 3.089065e-05 1.138989e-07
4086 3.088123e-05 1.136242e-07
4087 3.087184e-05 1.133500e-07
4088 3.086249e-05 1.130766e-07
4089 3.085316e-05 1.128038e-07
4090 3.084387e-05 1.125317e-07
4091 3.083460e-05 1.122602e-07
4092 3.082537e-05 1.119894e-07
4093 3.081617e-05 1.117192e-07
4094 3.080700e-05 1.114497e-07
4095 3.079786e-05 1.111809e-07
4096 3.078875e-05 1.109127e-07
4097 3.077967e-05 1.106451e-07
4098 3.077062e-05 1.103782e-07
4099 3.076160e-05 1.101119e-07
4100 3.075261e-05 1.098463e-07
4101 3.074365e-05 1.095813e-07
4102 3.073472e-05 1.093169e-07
4103 3.072582e-05 1.090532e-07
4104 3.071695e-05 1.087901e-07
4105 3.070811e-05 1.085277e-07
4106 3.069930e-05 1.082659e-07
4107 3.069052e-05 1.080047e-07
4108 3.068177e-05 1.077442e-07
4109 3.067304e-05 1.074842e-07
4110 3.066435e-05 1.072249e-07
4111 3.065568e-05 1.069663e-07
4112 3.064704e-05 1.067082e-07
4113 3.063844e-05 1.064508e-07
4114 3.062986e-05 1.061940e-07
4115 3.062131e-05 1.059378e-07
4116 3.061278e-05 1.056823e-07
4117 3.060429e-05 1.054273e-07
4118 3.059582e-05 1.051730e-07
4119 3.058738e-05 1.049193e-07
4120 3.057897e-05 1.046662e-07
4121 3.057059e-05 1.044137e-07
4122 3.056224e-05 1.041618e-07
4123 3.055391e-05 1.039105e-07
4124 3.054561e-05 1.036598e-07
4125 3.053734e-05 1.034098e-07
4126 3.052909e-05 1.031603e-07
4127 3.052088e-05 1.029114e-07
4128 3.051269e-05 1.026632e-07
4129 3.050453e-05 1.024155e-07
4130 3.049639e-05 1.021684e-07
4131 3.048828e-05 1.019220e-07
4132 3.048020e-05 1.016761e-07
4133 3.047214e-05 1.014308e-07
4134 3.046412e-05 1.011861e-07
4135 3.045611e-05 1.009420e-07
4136 3.044814e-05 1.006985e-07
4137 3.044019e-05 1.004556e-07
4138 3.043227e-05 1.002132e-07
4139 3.042437e-05 9.997149e-08
4140 3.041650e-05 9.973032e-08
4141 3.040865e-05 9.948973e-08
4142 3.040084e-05 9.924973e-08
4143 3.039304e-05 9.901030e-08
4144 3.038528e-05 9.877145e-08
4145 3.037753e-05 9.853317e-08
4146 3.036982e-05 9.829547e-08
4147 3.036213e-05 9.805834e-08
4148 3.035446e-05 9.782179e-08
4149 3.034682e-05 9.758581e-08
4150 3.033921e-05 9.735039e-08
4151 3.033162e-05 9.711554e-08
4152 3.032406e-05 9.688126e-08
4153 3.031652e-05 9.664755e-08
4154 3.030900e-05 9.641440e-08
4155 3.030151e-05 9.618181e-08
4156 3.029405e-05 9.594978e-08
4157 3.028661e-05 9.571831e-08
4158 3.027919e-05 9.548740e-08
4159 3.027180e-05 9.525705e-08
4160 3.026443e-05 9.502725e-08
4161 3.025709e-05 9.479801e-08
4162 3.024977e-05 9.456932e-08
4163 3.024247e-05 9.434118e-08
4164 3.023520e-05 9.411359e-08
4165 3.022795e-05 9.388656e-08
4166 3.022073e-05 9.366007e-08
4167 3.021353e-05 9.343412e-08
4168 3.020636e-05 9.320872e-08
4169 3.019920e-05 9.298387e-08
4170 3.019207e-05 9.275955e-08
4171 3.018497e-05 9.253578e-08
4172 3.017789e-05 9.231255e-08
4173 3.017083e-05 9.208985e-08
4174 3.016379e-05 9.186770e-08
4175 3.015678e-05 9.164608e-08
4176 3.014979e-05 9.142499e-08
4177 3.014282e-05 9.120444e-08
4178 3.013588e-05 9.098442e-08
4179 3.012896e-05 9.076493e-08
4180 3.012206e-05 9.054597e-08
4181 3.011518e-05 9.032754e-08
4182 3.010833e-05 9.010963e-08
4183 3.010150e-05 8.989225e-08
4184 3.009469e-05 8.967540e-08
4185 3.008791e-05 8.945907e-08
4186 3.008114e-05 8.924326e-08
4187 3.007440e-05 8.902797e-08
4188 3.006768e-05 8.881320e-08
4189 3.006098e-05 8.859894e-08
4190 3.005431e-05 8.838521e-08
4191 3.004765e-05 8.817199e-08
4192 3.004102e-05 8.795928e-08
4193 3.003441e-05 8.774709e-08
4194 3.002782e-05 8.753541e-08
4195 3.002125e-05 8.732424e-08
4196 3.001471e-05 8.711358e-08
4197 3.000818e-05 8.690343e-08
4198 3.000168e-05 8.669379e-08
4199 2.999519e-05 8.648465e-08
4200 2.998873e-05 8.627601e-08
4201 2.998229e-05 8.606788e-08
4202 2.997587e-05 8.586025e-08
4203 2.996948e-05 8.565312e-08
4204 2.996310e-05 8.544650e-08
4205 2.995674e-05 8.524036e-08
4206 2.995041e-05 8.503473e-08
4207 2.994409e-05 8.482960e-08
4208 2.993780e-05 8.462495e-08
4209 2.993152e-05 8.442081e-08
4210 2.992527e-05 8.421715e-08
4211 2.991903e-05 8.401398e-08
4212 2.991282e-05 8.381131e-08
4213 2.990663e-05 8.360912e-08
4214 2.990045e-05 8.340743e-08
4215 2.989430e-05 8.320622e-08
4216 2.988817e-05 8.300549e-08
4217 2.988206e-05 8.280525e-08
4218 2.987596e-05 8.260549e-08
4219 2.986989e-05 8.240621e-08
4220 2.986384e-05 8.220742e-08
4221 2.985780e-05 8.200910e-08
4222 2.985179e-05 8.181126e-08
4223 2.984579e-05 8.161390e-08
4224 2.983982e-05 8.141702e-08
4225 2.983386e-05 8.122061e-08
4226 2.982792e-05 8.102467e-08
4227 2.982201e-05 8.082921e-08
4228 2.981611e-05 8.063422e-08
4229 2.981023e-05 8.043970e-08
4230 2.980437e-05 8.024565e-08
4231 2.979853e-05 8.005206e-08
4232 2.979270e-05 7.985895e-08
4233 2.978690e-05 7.966630e-08
4234 2.978112e-05 7.947411e-08
4235 2.977535e-05 7.928239e-08
4236 2.976960e-05 7.909113e-08
4237 2.976387e-05 7.890033e-08
4238 2.975816e-05 7.870999e-08
4239 2.975247e-05 7.852011e-08
4240 2.974680e-05 7.833069e-08
4241 2.974114e-05 7.814173e-08
4242 2.973551e-05 7.795322e-08
4243 2.972989e-05 7.776516e-08
4244 2.972429e-05 7.757756e-08
4245 2.971870e-05 7.739042e-08
4246 2.971314e-05 7.720372e-08
4247 2.970759e-05 7.701748e-08
4248 2.970206e-05 7.683168e-08
4249 2.969655e-05 7.664633e-08
4250 2.969106e-05 7.646143e-08
4251 2.968558e-05 7.627698e-08
4252 2.968012e-05 7.609297e-08
4253 2.967468e-05 7.590940e-08
4254 2.966926e-05 7.572628e-08
4255 2.966386e-05 7.554360e-08
4256 2.965847e-05 7.536136e-08
4257 2.965310e-05 7.517955e-08
4258 2.964774e-05 7.499819e-08
4259 2.964241e-05 7.481727e-08
4260 2.963709e-05 7.463678e-08
4261 2.963179e-05 7.445673e-08
4262 2.962650e-05 7.427711e-08
4263 2.962123e-05 7.409792e-08
4264 2.961598e-05 7.391917e-08
4265 2.961075e-05 7.374085e-08
4266 2.960553e-05 7.356296e-08
4267 2.960033e-05 7.338549e-08
4268 2.959514e-05 7.320846e-08
4269 2.958998e-05 7.303185e-08
4270 2.958483e-05 7.285567e-08
4271 2.957969e-05 7.267991e-08
4272 2.957457e-05 7.250458e-08
4273 2.956947e-05 7.232967e-08
4274 2.956439e-05 7.215519e-08
4275 2.955932e-05 7.198112e-08
4276 2.955426e-05 7.180747e-08
4277 2.954923e-05 7.163425e-08
4278 2.954421e-05 7.146144e-08
4279 2.953920e-05 7.128904e-08
4280 2.953421e-05 7.111707e-08
4281 2.952924e-05 7.094550e-08
4282 2.952428e-05 7.077436e-08
4283 2.951934e-05 7.060362e-08
4284 2.951442e-05 7.043330e-08
4285 2.950951e-05 7.026338e-08
4286 2.950461e-05 7.009388e-08
4287 2.949974e-05 6.992479e-08
4288 2.949487e-05 6.975610e-08
4289 2.949003e-05 6.958782e-08
4290 2.948519e-05 6.941995e-08
4291 2.948038e-05 6.925248e-08
4292 2.947558e-05 6.908542e-08
4293 2.947079e-05 6.891876e-08
4294 2.946602e-05 6.875250e-08
4295 2.946126e-05 6.858664e-08
4296 2.945652e-05 6.842118e-08
4297 2.945180e-05 6.825613e-08
4298 2.944709e-05 6.809146e-08
4299 2.944239e-05 6.792720e-08
4300 2.943771e-05 6.776333e-08
4301 2.943305e-05 6.759986e-08
4302 2.942840e-05 6.743679e-08
4303 2.942376e-05 6.727410e-08
4304 2.941914e-05 6.711181e-08
4305 2.941453e-05 6.694991e-08
4306 2.940994e-05 6.678840e-08
4307 2.940537e-05 6.662728e-08
4308 2.940080e-05 6.646655e-08
4309 2.939625e-05 6.630621e-08
4310 2.939172e-05 6.614625e-08
4311 2.938720e-05 6.598668e-08
4312 2.938270e-05 6.582750e-08
4313 2.937820e-05 6.566869e-08
4314 2.937373e-05 6.551028e-08
4315 2.936926e-05 6.535224e-08
4316 2.936482e-05 6.519458e-08
4317 2.936038e-05 6.503731e-08
4318 2.935596e-05 6.488041e-08
4319 2.935155e-05 6.472390e-08
4320 2.934716e-05 6.456776e-08
4321 2.934278e-05 6.441200e-08
4322 2.933842e-05 6.425661e-08
4323 2.933407e-05 6.410160e-08
4324 2.932973e-05 6.394696e-08
4325 2.932541e-05 6.379269e-08
4326 2.932110e-05 6.363880e-08
4327 2.931680e-05 6.348528e-08
4328 2.931252e-05 6.333213e-08
4329 2.930825e-05 6.317935e-08
4330 2.930399e-05 6.302693e-08
4331 2.929975e-05 6.287489e-08
4332 2.929552e-05 6.272321e-08
4333 2.929130e-05 6.257190e-08
4334 2.928710e-05 6.242095e-08
4335 2.928291e-05 6.227036e-08
4336 2.927874e-05 6.212014e-08
4337 2.927457e-05 6.197029e-08
4338 2.927042e-05 6.182079e-08
4339 2.926629e-05 6.167165e-08
4340 2.926216e-05 6.152288e-08
4341 2.925805e-05 6.137446e-08
4342 2.925395e-05 6.122640e-08
4343 2.924987e-05 6.107870e-08
4344 2.924579e-05 6.093135e-08
4345 2.924173e-05 6.078436e-08
4346 2.923769e-05 6.063773e-08
4347 2.923365e-05 6.049145e-08
4348 2.922963e-05 6.034552e-08
4349 2.922562e-05 6.019994e-08
4350 2.922163e-05 6.005472e-08
4351 2.921764e-05 5.990984e-08
4352 2.921367e-05 5.976531e-08
4353 2.920971e-05 5.962114e-08
4354 2.920576e-05 5.947731e-08
4355 2.920183e-05 5.933383e-08
4356 2.919791e-05 5.919069e-08
4357 2.919400e-05 5.904790e-08
4358 2.919010e-05 5.890545e-08
4359 2.918621e-05 5.876335e-08
4360 2.918234e-05 5.862159e-08
4361 2.917848e-05 5.848017e-08
4362 2.917463e-05 5.833909e-08
4363 2.917079e-05 5.819836e-08
4364 2.916697e-05 5.805796e-08
4365 2.916316e-05 5.791790e-08
4366 2.915935e-05 5.777818e-08
4367 2.915556e-05 5.763880e-08
4368 2.915179e-05 5.749975e-08
4369 2.914802e-05 5.736104e-08
4370 2.914427e-05 5.722266e-08
4371 2.914052e-05 5.708462e-08
4372 2.913679e-05 5.694691e-08
4373 2.913307e-05 5.680953e-08
4374 2.912937e-05 5.667248e-08
4375 2.912567e-05 5.653577e-08
4376 2.912198e-05 5.639938e-08
4377 2.911831e-05 5.626332e-08
4378 2.911465e-05 5.612759e-08
4379 2.911100e-05 5.599219e-08
4380 2.910736e-05 5.585712e-08
4381 2.910373e-05 5.572237e-08
4382 2.910011e-05 5.558794e-08
4383 2.909651e-05 5.545384e-08
4384 2.909291e-05 5.532007e-08
4385 2.908933e-05 5.518661e-08
4386 2.908576e-05 5.505348e-08
4387 2.908220e-05 5.492067e-08
4388 2.907865e-05 5.478818e-08
4389 2.907511e-05 5.465601e-08
4390 2.907158e-05 5.452416e-08
4391 2.906806e-05 5.439263e-08
4392 2.906456e-05 5.426141e-08
4393 2.906106e-05 5.413051e-08
4394 2.905758e-05 5.399993e-08
4395 2.905410e-05 5.386966e-08
4396 2.905064e-05 5.373970e-08
4397 2.904719e-05 5.361006e-08
4398 2.904375e-05 5.348073e-08
4399 2.904032e-05 5.335172e-08
4400 2.903689e-05 5.322301e-08
4401 2.903348e-05 5.309462e-08
4402 2.903009e-05 5.296653e-08
4403 2.902670e-05 5.283876e-08
4404 2.902332e-05 5.271129e-08
4405 2.901995e-05 5.258413e-08
4406 2.901659e-05 5.245728e-08
4407 2.901324e-05 5.233073e-08
4408 2.900991e-05 5.220449e-08
4409 2.900658e-05 5.207855e-08
4410 2.900326e-05 5.195291e-08
4411 2.899996e-05 5.182758e-08
4412 2.899666e-05 5.170256e-08
4413 2.899337e-05 5.157783e-08
4414 2.899010e-05 5.145340e-08
4415 2.898683e-05 5.132928e-08
4416 2.898358e-05 5.120545e-08
4417 2.898033e-05 5.108192e-08
4418 2.897709e-05 5.095869e-08
4419 2.897387e-05 5.083576e-08
4420 2.897065e-05 5.071313e-08
4421 2.896745e-05 5.059079e-08
4422 2.896425e-05 5.046874e-08
4423 2.896106e-05 5.034699e-08
4424 2.895789e-05 5.022553e-08
4425 2.895472e-05 5.010437e-08
4426 2.895156e-05 4.998350e-08
4427 2.894841e-05 4.986292e-08
4428 2.894527e-05 4.974263e-08
4429 2.894215e-05 4.962263e-08
4430 2.893903e-05 4.950292e-08
4431 2.893592e-05 4.938350e-08
4432 2.893282e-05 4.926437e-08
4433 2.892973e-05 4.914553e-08
4434 2.892664e-05 4.902697e-08
4435 2.892357e-05 4.890870e-08
4436 2.892051e-05 4.879071e-08
4437 2.891746e-05 4.867301e-08
4438 2.891441e-05 4.855559e-08
4439 2.891138e-05 4.843845e-08
4440 2.890835e-05 4.832160e-08
4441 2.890534e-05 4.820503e-08
4442 2.890233e-05 4.808874e-08
4443 2.889933e-05 4.797273e-08
4444 2.889634e-05 4.785700e-08
4445 2.889337e-05 4.774155e-08
4446 2.889039e-05 4.762638e-08
4447 2.888743e-05 4.751149e-08
4448 2.888448e-05 4.739687e-08
4449 2.888154e-05 4.728253e-08
4450 2.887860e-05 4.716847e-08
4451 2.887568e-05 4.705468e-08
4452 2.887276e-05 4.694117e-08
4453 2.886985e-05 4.682793e-08
4454 2.886695e-05 4.671496e-08
4455 2.886406e-05 4.660226e-08
4456 2.886118e-05 4.648984e-08
4457 2.885831e-05 4.637769e-08
4458 2.885545e-05 4.626581e-08
4459 2.885259e-05 4.615420e-08
4460 2.884974e-05 4.604286e-08
4461 2.884691e-05 4.593178e-08
4462 2.884408e-05 4.582098e-08
4463 2.884126e-05 4.571044e-08
4464 2.883844e-05 4.560017e-08
4465 2.883564e-05 4.549016e-08
4466 2.883284e-05 4.538042e-08
4467 2.883006e-05 4.527095e-08
4468 2.882728e-05 4.516174e-08
4469 2.882451e-05 4.505279e-08
4470 2.882175e-05 4.494410e-08
4471 2.881899e-05 4.483568e-08
4472 2.881625e-05 4.472752e-08
4473 2.881351e-05 4.461962e-08
4474 2.881078e-05 4.451198e-08
4475 2.880806e-05 4.440460e-08
4476 2.880535e-05 4.429748e-08
4477 2.880265e-05 4.419061e-08
4478 2.879995e-05 4.408401e-08
4479 2.879726e-05 4.397766e-08
4480 2.879458e-05 4.387157e-08
4481 2.879191e-05 4.376573e-08
4482 2.878925e-05 4.366015e-08
4483 2.878659e-05 4.355483e-08
4484 2.878395e-05 4.344976e-08
4485 2.878131e-05 4.334494e-08
4486 2.877867e-05 4.324038e-08
4487 2.877605e-05 4.313606e-08
4488 2.877343e-05 4.303200e-08
4489 2.877083e-05 4.292819e-08
4490 2.876823e-05 4.282463e-08
4491 2.876563e-05 4.272132e-08
4492 2.876305e-05 4.261826e-08
4493 2.876047e-05 4.251545e-08
4494 2.875790e-05 4.241289e-08
4495 2.875534e-05 4.231057e-08
4496 2.875279e-05 4.220850e-08
4497 2.875024e-05 4.210668e-08
4498 2.874770e-05 4.200510e-08
4499 2.874517e-05 4.190377e-08
4500 2.874265e-05 4.180268e-08
4501 2.874013e-05 4.170183e-08
4502 2.873763e-05 4.160123e-08
4503 2.873513e-05 4.150087e-08
4504 2.873263e-05 4.140076e-08
4505 2.873015e-05 4.130088e-08
4506 2.872767e-05 4.120125e-08
4507 2.872520e-05 4.110186e-08
4508 2.872273e-05 4.100270e-08
4509 2.872028e-05 4.090379e-08
4510 2.871783e-05 4.080511e-08
4511 2.871539e-05 4.070667e-08
4512 2.871295e-05 4.060847e-08
4513 2.871052e-05 4.051051e-08
4514 2.870811e-05 4.041278e-08
4515 2.870569e-05 4.031529e-08
4516 2.870329e-05 4.021804e-08
4517 2.870089e-05 4.012101e-08
4518 2.869850e-05 4.002423e-08
4519 2.869611e-05 3.992767e-08
4520 2.869374e-05 3.983135e-08
4521 2.869137e-05 3.973526e-08
4522 2.868900e-05 3.963941e-08
4523 2.868665e-05 3.954378e-08
4524 2.868430e-05 3.944838e-08
4525 2.868196e-05 3.935322e-08
4526 2.867962e-05 3.925828e-08
4527 2.867729e-05 3.916358e-08
4528 2.867497e-05 3.906910e-08
4529 2.867266e-05 3.897485e-08
4530 2.867035e-05 3.888083e-08
4531 2.866805e-05 3.878703e-08
4532 2.866576e-05 3.869346e-08
4533 2.866347e-05 3.860012e-08
4534 2.866119e-05 3.850700e-08
4535 2.865892e-05 3.841411e-08
4536 2.865665e-05 3.832144e-08
4537 2.865439e-05 3.822899e-08
4538 2.865214e-05 3.813677e-08
4539 2.864989e-05 3.804477e-08
4540 2.864765e-05 3.795299e-08
4541 2.864542e-05 3.786143e-08
4542 2.864319e-05 3.777009e-08
4543 2.864097e-05 3.767898e-08
4544 2.863876e-05 3.758808e-08
4545 2.863655e-05 3.749740e-08
4546 2.863435e-05 3.740695e-08
4547 2.863216e-05 3.731671e-08
4548 2.862997e-05 3.722668e-08
4549 2.862779e-05 3.713688e-08
4550 2.862561e-05 3.704729e-08
4551 2.862344e-05 3.695792e-08
4552 2.862128e-05 3.686876e-08
4553 2.861913e-05 3.677982e-08
4554 2.861698e-05 3.669109e-08
4555 2.861484e-05 3.660258e-08
4556 2.861270e-05 3.651428e-08
4557 2.861057e-05 3.642619e-08
4558 2.860844e-05 3.633832e-08
4559 2.860633e-05 3.625065e-08
4560 2.860421e-05 3.616320e-08
4561 2.860211e-05 3.607596e-08
4562 2.860001e-05 3.598893e-08
4563 2.859792e-05 3.590211e-08
4564 2.859583e-05 3.581551e-08
4565 2.859375e-05 3.572910e-08
4566 2.859168e-05 3.564291e-08
4567 2.858961e-05 3.555693e-08
4568 2.858754e-05 3.547115e-08
4569 2.858549e-05 3.538558e-08
4570 2.858344e-05 3.530022e-08
4571 2.858139e-05 3.521506e-08
4572 2.857935e-05 3.513011e-08
4573 2.857732e-05 3.504536e-08
4574 2.857530e-05 3.496081e-08
4575 2.857328e-05 3.487648e-08
4576 2.857126e-05 3.479234e-08
4577 2.856925e-05 3.470841e-08
4578 2.856725e-05 3.462468e-08
4579 2.856525e-05 3.454115e-08
4580 2.856326e-05 3.445782e-08
4581 2.856128e-05 3.437470e-08
4582 2.855930e-05 3.429177e-08
4583 2.855732e-05 3.420905e-08
4584 2.855535e-05 3.412652e-08
4585 2.855339e-05 3.404419e-08
4586 2.855144e-05 3.396207e-08
4587 2.854948e-05 3.388014e-08
4588 2.854754e-05 3.379840e-08
4589 2.854560e-05 3.371687e-08
4590 2.854367e-05 3.363553e-08
4591 2.854174e-05 3.355439e-08
4592 2.853981e-05 3.347344e-08
4593 2.853790e-05 3.339269e-08
4594 2.853599e-05 3.331214e-08
4595 2.853408e-05 3.323177e-08
4596 2.853218e-05 3.315161e-08
4597 2.853029e-05 3.307163e-08
4598 2.852840e-05 3.299185e-08
4599 2.852651e-05 3.291226e-08
4600 2.852463e-05 3.283286e-08
4601 2.852276e-05 3.275366e-08
4602 2.852089e-05 3.267464e-08
4603 2.851903e-05 3.259582e-08
4604 2.851717e-05 3.251718e-08
4605 2.851532e-05 3.243874e-08
4606 2.851348e-05 3.236049e-08
4607 2.851164e-05 3.228242e-08
4608 2.850980e-05 3.220454e-08
4609 2.850797e-05 3.212685e-08
4610 2.850615e-05 3.204935e-08
4611 2.850433e-05 3.197203e-08
4612 2.850251e-05 3.189490e-08
4613 2.850070e-05 3.181796e-08
4614 2.849890e-05 3.174120e-08
4615 2.849710e-05 3.166463e-08
4616 2.849531e-05 3.158824e-08
4617 2.849352e-05 3.151204e-08
4618 2.849174e-05 3.143602e-08
4619 2.848996e-05 3.136019e-08
4620 2.848819e-05 3.128453e-08
4621 2.848642e-05 3.120906e-08
4622 2.848466e-05 3.113377e-08
4623 2.848290e-05 3.105867e-08
4624 2.848115e-05 3.098374e-08
4625 2.847940e-05 3.090900e-08
4626 2.847766e-05 3.083443e-08
4627 2.847592e-05 3.076005e-08
4628 2.847419e-05 3.068584e-08
4629 2.847246e-05 3.061182e-08
4630 2.847074e-05 3.053797e-08
4631 2.846902e-05 3.046430e-08
4632 2.846731e-05 3.039081e-08
4633 2.846560e-05 3.031749e-08
4634 2.846390e-05 3.024435e-08
4635 2.846221e-05 3.017139e-08
4636 2.846051e-05 3.009861e-08
4637 2.845882e-05 3.002600e-08
4638 2.845714e-05 2.995356e-08
4639 2.845546e-05 2.988130e-08
4640 2.845379e-05 2.980922e-08
4641 2.845212e-05 2.973731e-08
4642 2.845046e-05 2.966557e-08
4643 2.844880e-05 2.959400e-08
4644 2.844715e-05 2.952261e-08
4645 2.844550e-05 2.945139e-08
4646 2.844385e-05 2.938034e-08
4647 2.844221e-05 2.930947e-08
4648 2.844058e-05 2.923876e-08
4649 2.843895e-05 2.916823e-08
4650 2.843732e-05 2.909786e-08
4651 2.843570e-05 2.902767e-08
4652 2.843408e-05 2.895764e-08
4653 2.843247e-05 2.888778e-08
4654 2.843086e-05 2.881809e-08
4655 2.842926e-05 2.874857e-08
4656 2.842766e-05 2.867922e-08
4657 2.842607e-05 2.861003e-08
4658 2.842448e-05 2.854102e-08
4659 2.842289e-05 2.847216e-08
4660 2.842131e-05 2.840348e-08
4661 2.841974e-05 2.833496e-08
4662 2.841817e-05 2.826660e-08
4663 2.841660e-05 2.819841e-08
4664 2.841504e-05 2.813039e-08
4665 2.841348e-05 2.806253e-08
4666 2.841193e-05 2.799483e-08
4667 2.841038e-05 2.792729e-08
4668 2.840884e-05 2.785992e-08
4669 2.840730e-05 2.779271e-08
4670 2.840576e-05 2.772567e-08
4671 2.840423e-05 2.765878e-08
4672 2.840270e-05 2.759206e-08
4673 2.840118e-05 2.752549e-08
4674 2.839966e-05 2.745909e-08
4675 2.839815e-05 2.739285e-08
4676 2.839664e-05 2.732677e-08
4677 2.839513e-05 2.726084e-08
4678 2.839363e-05 2.719508e-08
4679 2.839213e-05 2.712948e-08
4680 2.839064e-05 2.706403e-08
4681 2.838915e-05 2.699874e-08
4682 2.838767e-05 2.693361e-08
4683 2.838619e-05 2.686863e-08
4684 2.838471e-05 2.680382e-08
4685 2.838324e-05 2.673916e-08
4686 2.838178e-05 2.667465e-08
4687 2.838031e-05 2.661030e-08
4688 2.837885e-05 2.654611e-08
4689 2.837740e-05 2.648207e-08
4690 2.837595e-05 2.641818e-08
4691 2.837450e-05 2.635445e-08
4692 2.837306e-05 2.629087e-08
4693 2.837162e-05 2.622745e-08
4694 2.837019e-05 2.616418e-08
4695 2.836876e-05 2.610106e-08
4696 2.836733e-05 2.603809e-08
4697 2.836591e-05 2.597528e-08
4698 2.836449e-05 2.591262e-08
4699 2.836308e-05 2.585011e-08
4700 2.836167e-05 2.578775e-08
4701 2.836026e-05 2.572554e-08
4702 2.835886e-05 2.566348e-08
4703 2.835746e-05 2.560157e-08
4704 2.835606e-05 2.553980e-08
4705 2.835467e-05 2.547819e-08
4706 2.835329e-05 2.541673e-08
4707 2.835190e-05 2.535541e-08
4708 2.835053e-05 2.529425e-08
4709 2.834915e-05 2.523323e-08
4710 2.834778e-05 2.517235e-08
4711 2.834641e-05 2.511163e-08
4712 2.834505e-05 2.505105e-08
4713 2.834369e-05 2.499062e-08
4714 2.834233e-05 2.493033e-08
4715 2.834098e-05 2.487019e-08
4716 2.833964e-05 2.481019e-08
4717 2.833829e-05 2.475034e-08
4718 2.833695e-05 2.469063e-08
4719 2.833561e-05 2.463107e-08
4720 2.833428e-05 2.457165e-08
4721 2.833295e-05 2.451237e-08
4722 2.833163e-05 2.445324e-08
4723 2.833030e-05 2.439425e-08
4724 2.832899e-05 2.433540e-08
4725 2.832767e-05 2.427669e-08
4726 2.832636e-05 2.421813e-08
4727 2.832505e-05 2.415970e-08
4728 2.832375e-05 2.410142e-08
4729 2.832245e-05 2.404328e-08
4730 2.832116e-05 2.398528e-08
4731 2.831986e-05 2.392742e-08
4732 2.831858e-05 2.386969e-08
4733 2.831729e-05 2.381211e-08
4734 2.831601e-05 2.375467e-08
4735 2.831473e-05 2.369736e-08
4736 2.831346e-05 2.364019e-08
4737 2.831219e-05 2.358316e-08
4738 2.831092e-05 2.352627e-08
4739 2.830965e-05 2.346952e-08
4740 2.830839e-05 2.341290e-08
4741 2.830714e-05 2.335642e-08
4742 2.830588e-05 2.330007e-08
4743 2.830463e-05 2.324387e-08
4744 2.830339e-05 2.318779e-08
4745 2.830215e-05 2.313185e-08
4746 2.830091e-05 2.307605e-08
4747 2.829967e-05 2.302038e-08
4748 2.829844e-05 2.296485e-08
4749 2.829721e-05 2.290945e-08
4750 2.829598e-05 2.285418e-08
4751 2.829476e-05 2.279905e-08
4752 2.829354e-05 2.274405e-08
4753 2.829233e-05 2.268918e-08
4754 2.829112e-05 2.263445e-08
4755 2.828991e-05 2.257984e-08
4756 2.828870e-05 2.252537e-08
4757 2.828750e-05 2.247103e-08
4758 2.828630e-05 2.241682e-08
4759 2.828511e-05 2.236274e-08
4760 2.828392e-05 2.230880e-08
4761 2.828273e-05 2.225498e-08
4762 2.828154e-05 2.220129e-08
4763 2.828036e-05 2.214773e-08
4764 2.827918e-05 2.209430e-08
4765 2.827801e-05 2.204100e-08
4766 2.827683e-05 2.198783e-08
4767 2.827567e-05 2.193479e-08
4768 2.827450e-05 2.188187e-08
4769 2.827334e-05 2.182909e-08
4770 2.827218e-05 2.177643e-08
4771 2.827102e-05 2.172389e-08
4772 2.826987e-05 2.167149e-08
4773 2.826872e-05 2.161921e-08
4774 2.826757e-05 2.156705e-08
4775 2.826643e-05 2.151502e-08
4776 2.826529e-05 2.146312e-08
4777 2.826415e-05 2.141134e-08
4778 2.826302e-05 2.135969e-08
4779 2.826189e-05 2.130816e-08
4780 2.826076e-05 2.125676e-08
4781 2.825964e-05 2.120548e-08
4782 2.825852e-05 2.115432e-08
4783 2.825740e-05 2.110329e-08
4784 2.825628e-05 2.105238e-08
4785 2.825517e-05 2.100160e-08
4786 2.825406e-05 2.095093e-08
4787 2.825296e-05 2.090039e-08
4788 2.825185e-05 2.084997e-08
4789 2.825075e-05 2.079967e-08
4790 2.824966e-05 2.074950e-08
4791 2.824856e-05 2.069944e-08
4792 2.824747e-05 2.064950e-08
4793 2.824639e-05 2.059969e-08
4794 2.824530e-05 2.054999e-08
4795 2.824422e-05 2.050042e-08
4796 2.824314e-05 2.045097e-08
4797 2.824207e-05 2.040163e-08
4798 2.824099e-05 2.035241e-08
4799 2.823992e-05 2.030331e-08
4800 2.823886e-05 2.025434e-08
4801 2.823779e-05 2.020547e-08
4802 2.823673e-05 2.015673e-08
4803 2.823567e-05 2.010810e-08
4804 2.823462e-05 2.005960e-08
4805 2.823357e-05 2.001120e-08
4806 2.823252e-05 1.996293e-08
4807 2.823147e-05 1.991477e-08
4808 2.823043e-05 1.986673e-08
4809 2.822939e-05 1.981880e-08
4810 2.822835e-05 1.977099e-08
4811 2.822731e-05 1.972330e-08
4812 2.822628e-05 1.967572e-08
4813 2.822525e-05 1.962825e-08
4814 2.822423e-05 1.958090e-08
4815 2.822320e-05 1.953366e-08
4816 2.822218e-05 1.948654e-08
4817 2.822116e-05 1.943953e-08
4818 2.822015e-05 1.939264e-08
4819 2.821913e-05 1.934585e-08
4820 2.821812e-05 1.929918e-08
4821 2.821712e-05 1.925263e-08
4822 2.821611e-05 1.920618e-08
4823 2.821511e-05 1.915985e-08
4824 2.821411e-05 1.911363e-08
4825 2.821312e-05 1.906752e-08
4826 2.821212e-05 1.902152e-08
4827 2.821113e-05 1.897563e-08
4828 2.821015e-05 1.892985e-08
4829 2.820916e-05 1.888419e-08
4830 2.820818e-05 1.883863e-08
4831 2.820720e-05 1.879319e-08
4832 2.820622e-05 1.874785e-08
4833 2.820525e-05 1.870262e-08
4834 2.820427e-05 1.865750e-08
4835 2.820331e-05 1.861250e-08
4836 2.820234e-05 1.856760e-08
4837 2.820138e-05 1.852280e-08
4838 2.820041e-05 1.847812e-08
4839 2.819946e-05 1.843354e-08
4840 2.819850e-05 1.838907e-08
4841 2.819755e-05 1.834471e-08
4842 2.819660e-05 1.830046e-08
4843 2.819565e-05 1.825631e-08
4844 2.819470e-05 1.821227e-08
4845 2.819376e-05 1.816833e-08
4846 2.819282e-05 1.812450e-08
4847 2.819188e-05 1.808078e-08
4848 2.819094e-05 1.803716e-08
4849 2.819001e-05 1.799365e-08
4850 2.818908e-05 1.795024e-08
4851 2.818815e-05 1.790694e-08
4852 2.818723e-05 1.786374e-08
4853 2.818631e-05 1.782065e-08
4854 2.818539e-05 1.777766e-08
4855 2.818447e-05 1.773477e-08
4856 2.818355e-05 1.769199e-08
4857 2.818264e-05 1.764931e-08
4858 2.818173e-05 1.760673e-08
4859 2.818082e-05 1.756425e-08
4860 2.817992e-05 1.752188e-08
4861 2.817901e-05 1.747961e-08
4862 2.817811e-05 1.743745e-08
4863 2.817722e-05 1.739538e-08
4864 2.817632e-05 1.735341e-08
4865 2.817543e-05 1.731155e-08
4866 2.817454e-05 1.726979e-08
4867 2.817365e-05 1.722813e-08
4868 2.817276e-05 1.718657e-08
4869 2.817188e-05 1.714511e-08
4870 2.817100e-05 1.710375e-08
4871 2.817012e-05 1.706248e-08
4872 2.816924e-05 1.702132e-08
4873 2.816837e-05 1.698026e-08
4874 2.816750e-05 1.693930e-08
4875 2.816663e-05 1.689843e-08
4876 2.816576e-05 1.685767e-08
4877 2.816490e-05 1.681700e-08
4878 2.816403e-05 1.677643e-08
4879 2.816317e-05 1.673596e-08
4880 2.816232e-05 1.669559e-08
4881 2.816146e-05 1.665531e-08
4882 2.816061e-05 1.661513e-08
4883 2.815976e-05 1.657505e-08
4884 2.815891e-05 1.653506e-08
4885 2.815806e-05 1.649517e-08
4886 2.815722e-05 1.645538e-08
4887 2.815638e-05 1.641568e-08
4888 2.815554e-05 1.637608e-08
4889 2.815470e-05 1.633658e-08
4890 2.815387e-05 1.629717e-08
4891 2.815304e-05 1.625785e-08
4892 2.815221e-05 1.621863e-08
4893 2.815138e-05 1.617951e-08
4894 2.815055e-05 1.614048e-08
4895 2.814973e-05 1.610154e-08
4896 2.814891e-05 1.606270e-08
4897 2.814809e-05 1.602395e-08
4898 2.814727e-05 1.598529e-08
4899 2.814646e-05 1.594673e-08
4900 2.814564e-05 1.590826e-08
4901 2.814483e-05 1.586988e-08
4902 2.814403e-05 1.583160e-08
4903 2.814322e-05 1.579340e-08
4904 2.814242e-05 1.575530e-08
4905 2.814161e-05 1.571730e-08
4906 2.814081e-05 1.567938e-08
4907 2.814002e-05 1.564156e-08
4908 2.813922e-05 1.560382e-08
4909 2.813843e-05 1.556618e-08
4910 2.813764e-05 1.552863e-08
4911 2.813685e-05 1.549117e-08
4912 2.813606e-05 1.545380e-08
4913 2.813528e-05 1.541651e-08
4914 2.813450e-05 1.537932e-08
4915 2.813372e-05 1.534222e-08
4916 2.813294e-05 1.530521e-08
4917 2.813216e-05 1.526829e-08
4918 2.813139e-05 1.523146e-08
4919 2.813062e-05 1.519471e-08
4920 2.812985e-05 1.515806e-08
4921 2.812908e-05 1.512149e-08
4922 2.812831e-05 1.508501e-08
4923 2.812755e-05 1.504862e-08
4924 2.812679e-05 1.501232e-08
4925 2.812603e-05 1.497610e-08
4926 2.812527e-05 1.493997e-08
4927 2.812451e-05 1.490393e-08
4928 2.812376e-05 1.486798e-08
4929 2.812301e-05 1.483211e-08
4930 2.812226e-05 1.479633e-08
4931 2.812151e-05 1.476063e-08
4932 2.812077e-05 1.472503e-08
4933 2.812002e-05 1.468950e-08
4934 2.811928e-05 1.465407e-08
4935 2.811854e-05 1.461872e-08
4936 2.811780e-05 1.458345e-08
4937 2.811707e-05 1.454827e-08
4938 2.811633e-05 1.451317e-08
4939 2.811560e-05 1.447816e-08
4940 2.811487e-05 1.444323e-08
4941 2.811414e-05 1.440839e-08
4942 2.811342e-05 1.437363e-08
4943 2.811269e-05 1.433896e-08
4944 2.811197e-05 1.430437e-08
4945 2.811125e-05 1.426986e-08
4946 2.811053e-05 1.423543e-08
4947 2.810982e-05 1.420109e-08
4948 2.810910e-05 1.416683e-08
4949 2.810839e-05 1.413266e-08
4950 2.810768e-05 1.409856e-08
4951 2.810697e-05 1.406455e-08
4952 2.810626e-05 1.403062e-08
4953 2.810556e-05 1.399678e-08
4954 2.810486e-05 1.396301e-08
4955 2.810416e-05 1.392933e-08
4956 2.810346e-05 1.389572e-08
4957 2.810276e-05 1.386220e-08
4958 2.810206e-05 1.382876e-08
4959 2.810137e-05 1.379540e-08
4960 2.810068e-05 1.376212e-08
4961 2.809999e-05 1.372892e-08
4962 2.809930e-05 1.369580e-08
4963 2.809861e-05 1.366276e-08
4964 2.809793e-05 1.362980e-08
4965 2.809725e-05 1.359692e-08
4966 2.809656e-05 1.356412e-08
4967 2.809589e-05 1.353140e-08
4968 2.809521e-05 1.349876e-08
4969 2.809453e-05 1.346619e-08
4970 2.809386e-05 1.343371e-08
4971 2.809319e-05 1.340130e-08
4972 2.809252e-05 1.336897e-08
4973 2.809185e-05 1.333672e-08
4974 2.809118e-05 1.330454e-08
4975 2.809052e-05 1.327245e-08
4976 2.808985e-05 1.324043e-08
4977 2.808919e-05 1.320849e-08
4978 2.808853e-05 1.317663e-08
4979 2.808787e-05 1.314484e-08
4980 2.808722e-05 1.311313e-08
4981 2.808656e-05 1.308149e-08
4982 2.808591e-05 1.304994e-08
4983 2.808526e-05 1.301845e-08
4984 2.808461e-05 1.298705e-08
4985 2.808396e-05 1.295572e-08
4986 2.808332e-05 1.292446e-08
4987 2.808267e-05 1.289329e-08
4988 2.808203e-05 1.286218e-08
4989 2.808139e-05 1.283115e-08
4990 2.808075e-05 1.280020e-08
4991 2.808012e-05 1.276932e-08
4992 2.807948e-05 1.273852e-08
4993 2.807885e-05 1.270779e-08
4994 2.807821e-05 1.267713e-08
4995 2.807758e-05 1.264655e-08
4996 2.807695e-05 1.261604e-08
4997 2.807633e-05 1.258560e-08
4998 2.807570e-05 1.255524e-08
4999 2.807508e-05 1.252495e-08
5000 2.807445e-05 1.249474e-08
5001 2.807383e-05 1.246460e-08
5002 2.807322e-05 1.243453e-08
5003 2.807260e-05 1.240453e-08
5004 2.807198e-05 1.237461e-08
5005 2.807137e-05 1.234475e-08
5006 2.807076e-05 1.231497e-08
5007 2.807014e-05 1.228527e-08
5008 2.806954e-05 1.225563e-08
5009 2.806893e-05 1.222606e-08
5010 2.806832e-05 1.219657e-08
5011 2.806772e-05 1.216715e-08
5012 2.806711e-05 1.213779e-08
5013 2.806651e-05 1.210851e-08
5014 2.806591e-05 1.207930e-08
5015 2.806531e-05 1.205016e-08
5016 2.806472e-05 1.202109e-08
5017 2.806412e-05 1.199209e-08
5018 2.806353e-05 1.196316e-08
5019 2.806294e-05 1.193430e-08
5020 2.806235e-05 1.190551e-08
5021 2.806176e-05 1.187679e-08
5022 2.806117e-05 1.184814e-08
5023 2.806059e-05 1.181956e-08
5024 2.806000e-05 1.179105e-08
5025 2.805942e-05 1.176260e-08
5026 2.805884e-05 1.173422e-08
5027 2.805826e-05 1.170592e-08
5028 2.805768e-05 1.167768e-08
5029 2.805710e-05 1.164951e-08
5030 2.805653e-05 1.162140e-08
5031 2.805596e-05 1.159337e-08
5032 2.805538e-05 1.156540e-08
5033 2.805481e-05 1.153750e-08
5034 2.805424e-05 1.150967e-08
5035 2.805368e-05 1.148190e-08
5036 2.805311e-05 1.145420e-08
5037 2.805255e-05 1.142657e-08
5038 2.805198e-05 1.139901e-08
5039 2.805142e-05 1.137151e-08
5040 2.805086e-05 1.134407e-08
5041 2.805030e-05 1.131671e-08
5042 2.804975e-05 1.128941e-08
5043 2.804919e-05 1.126217e-08
5044 2.804864e-05 1.123500e-08
5045 2.804808e-05 1.120790e-08
5046 2.804753e-05 1.118086e-08
5047 2.804698e-05 1.115389e-08
5048 2.804643e-05 1.112698e-08
5049 2.804589e-05 1.110014e-08
5050 2.804534e-05 1.107336e-08
5051 2.804480e-05 1.104665e-08
5052 2.804425e-05 1.102000e-08
5053 2.804371e-05 1.099342e-08
5054 2.804317e-05 1.096690e-08
5055 2.804263e-05 1.094044e-08
5056 2.804210e-05 1.091405e-08
5057 2.804156e-05 1.088772e-08
5058 2.804103e-05 1.086145e-08
5059 2.804049e-05 1.083525e-08
5060 2.803996e-05 1.080911e-08
5061 2.803943e-05 1.078304e-08
5062 2.803890e-05 1.075702e-08
5063 2.803838e-05 1.073107e-08
5064 2.803785e-05 1.070518e-08
5065 2.803732e-05 1.067936e-08
5066 2.803680e-05 1.065360e-08
5067 2.803628e-05 1.062790e-08
5068 2.803576e-05 1.060226e-08
5069 2.803524e-05 1.057668e-08
5070 2.803472e-05 1.055117e-08
5071 2.803421e-05 1.052571e-08
5072 2.803369e-05 1.050032e-08
5073 2.803318e-05 1.047499e-08
5074 2.803266e-05 1.044972e-08
5075 2.803215e-05 1.042451e-08
5076 2.803164e-05 1.039936e-08
5077 2.803113e-05 1.037427e-08
5078 2.803063e-05 1.034925e-08
5079 2.803012e-05 1.032428e-08
5080 2.802962e-05 1.029938e-08
5081 2.802911e-05 1.027453e-08
5082 2.802861e-05 1.024974e-08
5083 2.802811e-05 1.022502e-08
5084 2.802761e-05 1.020035e-08
5085 2.802711e-05 1.017574e-08
5086 2.802662e-05 1.015119e-08
5087 2.802612e-05 1.012671e-08
5088 2.802563e-05 1.010228e-08
5089 2.802514e-05 1.007791e-08
5090 2.802464e-05 1.005359e-08
5091 2.802415e-05 1.002934e-08
5092 2.802366e-05 1.000515e-08
5093 2.802318e-05 9.981010e-09
