# step err_l2 res_l2
0 2.463645e-01 1.000000e+00
1 2.388979e-01 1.130666e+00
2 2.327264e-01 6.505027e-01
3 2.285699e-01 3.160822e-01
4 2.256043e-01 2.395647e-01
5 2.229670e-01 1.698359e-01
6 2.206520e-01 1.318159e-01
7 2.185800e-01 1.159109e-01
8 2.166586e-01 1.033659e-01
9 2.148716e-01 9.355644e-02
10 2.131981e-01 8.623338e-02
11 2.116165e-01 8.012587e-02
12 2.101153e-01 7.485732e-02
13 2.086847e-01 7.037221e-02
14 2.073160e-01 6.646588e-02
15 2.060026e-01 6.301162e-02
16 2.047390e-01 5.994756e-02
17 2.035203e-01 5.720539e-02
18 2.023427e-01 5.473217e-02
19 2.012027e-01 5.249040e-02
20 2.000972e-01 5.044748e-02
21 1.990237e-01 4.857654e-02
22 1.979799e-01 4.685603e-02
23 1.969638e-01 4.526772e-02
24 1.959734e-01 4.379621e-02
25 1.950073e-01 4.242854e-02
26 1.940639e-01 4.115359e-02
27 1.931420e-01 3.996183e-02
28 1.922403e-01 3.884500e-02
29 1.913577e-01 3.779594e-02
30 1.904933e-01 3.680838e-02
31 1.896461e-01 3.587682e-02
32 1.888154e-01 3.499640e-02
33 1.880002e-01 3.416284e-02
34 1.872000e-01 3.337232e-02
35 1.864140e-01 3.262144e-02
36 1.856417e-01 3.190714e-02
37 1.848824e-01 3.122670e-02
38 1.841357e-01 3.057764e-02
39 1.834010e-01 2.995775e-02
40 1.826779e-01 2.936500e-02
41 1.819659e-01 2.879758e-02
42 1.812646e-01 2.825381e-02
43 1.805737e-01 2.773217e-02
44 1.798928e-01 2.723128e-02
45 1.792215e-01 2.674986e-02
46 1.785595e-01 2.628674e-02
47 1.779065e-01 2.584085e-02
48 1.772623e-01 2.541120e-02
49 1.766265e-01 2.499688e-02
50 1.759989e-01 2.459703e-02
51 1.753792e-01 2.421088e-02
52 1.747672e-01 2.383770e-02
53 1.741627e-01 2.347682e-02
54 1.735655e-01 2.312761e-02
55 1.729753e-01 2.278947e-02
56 1.723920e-01 2.246188e-02
57 1.718153e-01 2.214431e-02
58 1.712452e-01 2.183630e-02
59 1.706814e-01 2.153739e-02
60 1.701238e-01 2.124717e-02
61 1.695722e-01 2.096525e-02
62 1.690265e-01 2.069126e-02
63 1.684865e-01 2.042485e-02
64 1.679521e-01 2.016569e-02
65 1.674232e-01 1.991348e-02
66 1.668995e-01 1.966793e-02
67 1.663811e-01 1.942877e-02
68 1.658678e-01 1.919573e-02
69 1.653594e-01 1.896857e-02
70 1.648559e-01 1.874707e-02
71 1.643572e-01 1.853100e-02
72 1.638631e-01 1.832015e-02
73 1.633736e-01 1.811433e-02
74 1.628885e-01 1.791336e-02
75 1.624078e-01 1.771704e-02
76 1.619314e-01 1.752523e-02
77 1.614592e-01 1.733775e-02
78 1.609912e-01 1.715445e-02
79 1.605271e-01 1.697518e-02
80 1.600670e-01 1.679982e-02
81 1.596108e-01 1.662822e-02
82 1.591584e-01 1.646026e-02
83 1.587098e-01 1.629582e-02
84 1.582648e-01 1.613478e-02
85 1.578234e-01 1.597704e-02
86 1.573855e-01 1.582249e-02
87 1.569511e-01 1.567102e-02
88 1.565202e-01 1.552255e-02
89 1.560926e-01 1.537698e-02
90 1.556683e-01 1.523422e-02
91 1.552472e-01 1.509418e-02
92 1.548293e-01 1.495680e-02
93 1.544146e-01 1.482197e-02
94 1.540029e-01 1.468964e-02
95 1.535943e-01 1.455973e-02
96 1.531886e-01 1.443217e-02
97 1.527859e-01 1.430690e-02
98 1.523861e-01 1.418385e-02
99 1.519891e-01 1.406295e-02
100 1.515950e-01 1.394416e-02
101 1.512035e-01 1.382741e-02
102 1.508148e-01 1.371264e-02
103 1.504288e-01 1.359981e-02
104 1.500454e-01 1.348887e-02
105 1.496646e-01 1.337976e-02
106 1.492864e-01 1.327244e-02
107 1.489107e-01 1.316686e-02
108 1.485374e-01 1.306297e-02
109 1.481666e-01 1.296074e-02
110 1.477983e-01 1.286013e-02
111 1.474323e-01 1.276109e-02
112 1.470686e-01 1.266358e-02
113 1.467073e-01 1.256757e-02
114 1.463483e-01 1.247303e-02
115 1.459915e-01 1.237991e-02
116 1.456369e-01 1.228818e-02
117 1.452845e-01 1.219781e-02
118 1.449343e-01 1.210878e-02
119 1.445862e-01 1.202104e-02
120 1.442402e-01 1.193457e-02
121 1.438963e-01 1.184934e-02
122 1.435545e-01 1.176533e-02
123 1.432147e-01 1.168250e-02
124 1.428769e-01 1.160083e-02
125 1.425411e-01 1.152029e-02
126 1.422072e-01 1.144086e-02
127 1.418752e-01 1.136252e-02
128 1.415452e-01 1.128524e-02
129 1.412170e-01 1.120899e-02
130 1.408907e-01 1.113377e-02
131 1.405662e-01 1.105954e-02
132 1.402436e-01 1.098629e-02
133 1.399227e-01 1.091400e-02
134 1.396036e-01 1.084264e-02
135 1.392863e-01 1.077220e-02
136 1.389707e-01 1.070265e-02
137 1.386568e-01 1.063399e-02
138 1.383446e-01 1.056619e-02
139 1.380340e-01 1.049924e-02
140 1.377251e-01 1.043312e-02
141 1.374179e-01 1.036781e-02
142 1.371123e-01 1.030330e-02
143 1.368082e-01 1.023957e-02
144 1.365058e-01 1.017661e-02
145 1.362049e-01 1.011440e-02
146 1.359056e-01 1.005294e-02
147 1.356078e-01 9.992194e-03
148 1.353115e-01 9.932165e-03
149 1.350167e-01 9.872835e-03
150 1.347234e-01 9.814192e-03
151 1.344315e-01 9.756222e-03
152 1.341411e-01 9.698915e-03
153 1.338522e-01 9.642258e-03
154 1.335647e-01 9.586239e-03
155 1.332785e-01 9.530848e-03
156 1.329938e-01 9.476073e-03
157 1.327104e-01 9.421904e-03
158 1.324284e-01 9.368330e-03
159 1.321478e-01 9.315341e-03
160 1.318685e-01 9.262927e-03
161 1.315905e-01 9.211079e-03
162 1.313139e-01 9.159786e-03
163 1.310385e-01 9.109039e-03
164 1.307644e-01 9.058830e-03
165 1.304916e-01 9.009149e-03
166 1.302201e-01 8.959988e-03
167 1.299498e-01 8.911339e-03
168 1.296807e-01 8.863192e-03
169 1.294129e-01 8.815541e-03
170 1.291462e-01 8.768376e-03
171 1.288808e-01 8.721691e-03
172 1.286166e-01 8.675477e-03
173 1.283535e-01 8.629727e-03
174 1.280917e-01 8.584435e-03
175 1.278309e-01 8.539592e-03
176 1.275714e-01 8.495192e-03
177 1.273129e-01 8.451228e-03
178 1.270556e-01 8.407694e-03
179 1.267994e-01 8.364583e-03
180 1.265443e-01 8.321888e-03
181 1.262903e-01 8.279603e-03
182 1.260374e-01 8.237722e-03
183 1.257856e-01 8.196240e-03
184 1.255348e-01 8.155150e-03
185 1.252851e-01 8.114446e-03
186 1.250365e-01 8.074123e-03
187 1.247889e-01 8.034176e-03
188 1.245423e-01 7.994598e-03
189 1.242967e-01 7.955385e-03
190 1.240522e-01 7.916532e-03
191 1.238086e-01 7.878033e-03
192 1.235661e-01 7.839883e-03
193 1.233246e-01 7.802078e-03
194 1.230840e-01 7.764612e-03
195 1.228444e-01 7.727481e-03
196 1.226057e-01 7.690680e-03
197 1.223680e-01 7.654205e-03
198 1.221313e-01 7.618052e-03
199 1.218955e-01 7.582215e-03
200 1.216606e-01 7.546691e-03
201 1.214267e-01 7.511476e-03
202 1.211937e-01 7.476565e-03
203 1.209615e-01 7.441954e-03
204 1.207303e-01 7.407639e-03
205 1.205000e-01 7.373617e-03
206 1.202706e-01 7.339884e-03
207 1.200420e-01 7.306436e-03
208 1.198143e-01 7.273268e-03
209 1.195875e-01 7.240378e-03
210 1.193616e-01 7.207763e-03
211 1.191365e-01 7.175418e-03
212 1.189122e-01 7.143339e-03
213 1.186888e-01 7.111525e-03
214 1.184662e-01 7.079971e-03
215 1.182445e-01 7.048674e-03
216 1.180236e-01 7.017632e-03
217 1.178034e-01 6.986840e-03
218 1.175841e-01 6.956296e-03
219 1.173656e-01 6.925996e-03
220 1.171479e-01 6.895939e-03
221 1.169310e-01 6.866120e-03
222 1.167148e-01 6.836538e-03
223 1.164995e-01 6.807188e-03
224 1.162849e-01 6.778069e-03
225 1.160711e-01 6.749178e-03
226 1.158580e-01 6.720511e-03
227 1.156457e-01 6.692067e-03
228 1.154341e-01 6.663843e-03
229 1.152233e-01 6.635836e-03
230 1.150132e-01 6.608043e-03
231 1.148039e-01 6.580463e-03
232 1.145953e-01 6.553093e-03
233 1.143874e-01 6.525930e-03
234 1.141802e-01 6.498972e-03
235 1.139738e-01 6.472217e-03
236 1.137680e-01 6.445662e-03
237 1.135630e-01 6.419306e-03
238 1.133586e-01 6.393145e-03
239 1.131549e-01 6.367179e-03
240 1.129520e-01 6.341404e-03
241 1.127497e-01 6.315819e-03
242 1.125481e-01 6.290422e-03
243 1.123471e-01 6.265210e-03
244 1.121469e-01 6.240181e-03
245 1.119472e-01 6.215335e-03
246 1.117483e-01 6.190668e-03
247 1.115500e-01 6.166178e-03
248 1.113524e-01 6.141865e-03
249 1.111554e-01 6.117725e-03
250 1.109590e-01 6.093758e-03
251 1.107633e-01 6.069961e-03
252 1.105682e-01 6.046333e-03
253 1.103737e-01 6.022871e-03
254 1.101799e-01 5.999575e-03
255 1.099867e-01 5.976442e-03
256 1.097941e-01 5.953471e-03
257 1.096021e-01 5.930660e-03
258 1.094107e-01 5.908008e-03
259 1.092199e-01 5.885512e-03
260 1.090298e-01 5.863172e-03
261 1.088402e-01 5.840986e-03
262 1.086512e-01 5.818952e-03
263 1.084628e-01 5.797068e-03
264 1.082750e-01 5.775335e-03
265 1.080877e-01 5.753748e-03
266 1.079011e-01 5.732309e-03
267 1.077150e-01 5.711014e-03
268 1.075295e-01 5.689863e-03
269 1.073445e-01 5.668854e-03
270 1.071601e-01 5.647986e-03
271 1.069763e-01 5.627257e-03
272 1.067930e-01 5.606667e-03
273 1.066103e-01 5.586213e-03
274 1.064281e-01 5.565895e-03
275 1.062465e-01 5.545711e-03
276 1.060654e-01 5.525660e-03
277 1.058848e-01 5.505741e-03
278 1.057048e-01 5.485952e-03
279 1.055253e-01 5.466293e-03
280 1.053463e-01 5.446762e-03
281 1.051679e-01 5.427358e-03
282 1.049900e-01 5.408080e-03
283 1.048126e-01 5.388926e-03
284 1.046357e-01 5.369896e-03
285 1.044593e-01 5.350989e-03
286 1.042835e-01 5.332202e-03
287 1.041081e-01 5.313536e-03
288 1.039332e-01 5.294990e-03
289 1.037589e-01 5.276561e-03
290 1.035850e-01 5.258249e-03
291 1.034116e-01 5.240054e-03
292 1.032388e-01 5.221973e-03
293 1.030664e-01 5.204006e-03
294 1.028945e-01 5.186153e-03
295 1.027230e-01 5.168411e-03
296 1.025521e-01 5.150780e-03
297 1.023816e-01 5.133260e-03
298 1.022116e-01 5.115848e-03
299 1.020421e-01 5.098545e-03
300 1.018730e-01 5.081349e-03
301 1.017044e-01 5.064260e-03
302 1.015363e-01 5.047276e-03
303 1.013686e-01 5.030396e-03
304 1.012014e-01 5.013620e-03
305 1.010346e-01 4.996947e-03
306 1.008683e-01 4.980376e-03
307 1.007024e-01 4.963906e-03
308 1.005370e-01 4.947536e-03
309 1.003720e-01 4.931266e-03
310 1.002075e-01 4.915094e-03
311 1.000434e-01 4.899020e-03
312 9.987975e-02 4.883043e-03
313 9.971653e-02 4.867162e-03
314 9.955373e-02 4.851377e-03
315 9.939137e-02 4.835686e-03
316 9.922943e-02 4.820089e-03
317 9.906792e-02 4.804585e-03
318 9.890682e-02 4.789173e-03
319 9.874615e-02 4.773853e-03
320 9.858590e-02 4.758624e-03
321 9.842606e-02 4.743485e-03
322 9.826663e-02 4.728435e-03
323 9.810761e-02 4.713474e-03
324 9.794900e-02 4.698601e-03
325 9.779080e-02 4.683815e-03
326 9.763300e-02 4.669116e-03
327 9.747560e-02 4.654503e-03
328 9.731860e-02 4.639974e-03
329 9.716200e-02 4.625531e-03
330 9.700579e-02 4.611171e-03
331 9.684998e-02 4.596895e-03
332 9.669455e-02 4.582701e-03
333 9.653952e-02 4.568589e-03
334 9.638487e-02 4.554558e-03
335 9.623061e-02 4.540608e-03
336 9.607673e-02 4.526739e-03
337 9.592323e-02 4.512948e-03
338 9.577011e-02 4.499236e-03
339 9.561736e-02 4.485603e-03
340 9.546499e-02 4.472047e-03
341 9.531300e-02 4.458568e-03
342 9.516137e-02 4.445166e-03
343 9.501011e-02 4.431840e-03
344 9.485922e-02 4.418588e-03
345 9.470870e-02 4.405412e-03
346 9.455854e-02 4.392310e-03
347 9.440874e-02 4.379281e-03
348 9.425930e-02 4.366325e-03
349 9.411021e-02 4.353442e-03
350 9.396148e-02 4.340630e-03
351 9.381311e-02 4.327890e-03
352 9.366509e-02 4.315221e-03
353 9.351742e-02 4.302623e-03
354 9.337010e-02 4.290094e-03
355 9.322312e-02 4.277634e-03
356 9.307649e-02 4.265243e-03
357 9.293021e-02 4.252920e-03
358 9.278427e-02 4.240666e-03
359 9.263866e-02 4.228478e-03
360 9.249340e-02 4.216357e-03
361 9.234847e-02 4.204303e-03
362 9.220388e-02 4.192314e-03
363 9.205962e-02 4.180390e-03
364 9.191569e-02 4.168532e-03
365 9.177209e-02 4.156737e-03
366 9.162883e-02 4.145007e-03
367 9.148589e-02 4.133340e-03
368 9.134327e-02 4.121736e-03
369 9.120098e-02 4.110194e-03
370 9.105901e-02 4.098714e-03
371 9.091737e-02 4.087296e-03
372 9.077604e-02 4.075940e-03
373 9.063503e-02 4.064643e-03
374 9.049433e-02 4.053408e-03
375 9.035396e-02 4.042231e-03
376 9.021389e-02 4.031115e-03
377 9.007414e-02 4.020057e-03
378 8.993470e-02 4.009058e-03
379 8.979556e-02 3.998117e-03
380 8.965674e-02 3.987234e-03
381 8.951822e-02 3.976407e-03
382 8.938000e-02 3.965638e-03
383 8.924209e-02 3.954926e-03
384 8.910449e-02 3.944269e-03
385 8.896718e-02 3.933668e-03
386 8.883017e-02 3.923122e-03
387 8.869346e-02 3.912632e-03
388 8.855705e-02 3.902195e-03
389 8.842093e-02 3.891813e-03
390 8.828510e-02 3.881485e-03
391 8.814957e-02 3.871210e-03
392 8.801433e-02 3.860987e-03
393 8.787938e-02 3.850818e-03
394 8.774472e-02 3.840700e-03
395 8.761034e-02 3.830635e-03
396 8.747626e-02 3.820621e-03
397 8.734245e-02 3.810658e-03
398 8.720893e-02 3.800746e-03
399 8.707570e-02 3.790884e-03
400 8.694274e-02 3.781073e-03
401 8.681007e-02 3.771311e-03
402 8.667767e-02 3.761598e-03
403 8.654555e-02 3.751934e-03
404 8.641371e-02 3.742319e-03
405 8.628214e-02 3.732753e-03
406 8.615085e-02 3.723234e-03
407 8.601983e-02 3.713763e-03
408 8.588908e-02 3.704339e-03
409 8.575860e-02 3.694963e-03
410 8.562839e-02 3.685633e-03
411 8.549845e-02 3.676349e-03
412 8.536878e-02 3.667111e-03
413 8.523937e-02 3.657919e-03
414 8.511023e-02 3.648773e-03
415 8.498135e-02 3.639671e-03
416 8.485273e-02 3.630615e-03
417 8.472438e-02 3.621602e-03
418 8.459628e-02 3.612634e-03
419 8.446845e-02 3.603710e-03
420 8.434087e-02 3.594829e-03
421 8.421356e-02 3.585991e-03
422 8.408649e-02 3.577197e-03
423 8.395969e-02 3.568445e-03
424 8.383314e-02 3.559735e-03
425 8.370684e-02 3.551067e-03
426 8.358079e-02 3.542441e-03
427 8.345499e-02 3.533857e-03
428 8.332945e-02 3.525313e-03
429 8.320415e-02 3.516811e-03
430 8.307910e-02 3.508349e-03
431 8.295430e-02 3.499928e-03
432 8.282975e-02 3.491547e-03
433 8.270544e-02 3.483205e-03
434 8.258137e-02 3.474903e-03
435 8.245755e-02 3.466640e-03
436 8.233397e-02 3.458416e-03
437 8.221063e-02 3.450231e-03
438 8.208754e-02 3.442085e-03
439 8.196468e-02 3.433976e-03
440 8.184206e-02 3.425906e-03
441 8.171968e-02 3.417873e-03
442 8.159753e-02 3.409877e-03
443 8.147562e-02 3.401919e-03
444 8.135395e-02 3.393997e-03
445 8.123251e-02 3.386113e-03
446 8.111131e-02 3.378264e-03
447 8.099033e-02 3.370452e-03
448 8.086959e-02 3.362676e-03
449 8.074908e-02 3.354935e-03
450 8.062880e-02 3.347230e-03
451 8.050874e-02 3.339560e-03
452 8.038892e-02 3.331925e-03
453 8.026932e-02 3.324324e-03
454 8.014995e-02 3.316758e-03
455 8.003081e-02 3.309226e-03
456 7.991188e-02 3.301729e-03
457 7.979319e-02 3.294265e-03
458 7.967471e-02 3.286834e-03
459 7.955646e-02 3.279437e-03
460 7.943843e-02 3.272073e-03
461 7.932062e-02 3.264742e-03
462 7.920304e-02 3.257444e-03
463 7.908567e-02 3.250178e-03
464 7.896851e-02 3.242944e-03
465 7.885158e-02 3.235742e-03
466 7.873486e-02 3.228572e-03
467 7.861836e-02 3.221433e-03
468 7.850208e-02 3.214326e-03
469 7.838601e-02 3.207250e-03
470 7.827015e-02 3.200205e-03
471 7.815450e-02 3.193191e-03
472 7.803907e-02 3.186207e-03
473 7.792385e-02 3.179254e-03
474 7.780884e-02 3.172330e-03
475 7.769404e-02 3.165437e-03
476 7.757945e-02 3.158573e-03
477 7.746507e-02 3.151739e-03
478 7.735090e-02 3.144934e-03
479 7.723693e-02 3.138158e-03
480 7.712317e-02 3.131411e-03
481 7.700961e-02 3.124693e-03
482 7.689627e-02 3.118003e-03
483 7.678312e-02 3.111342e-03
484 7.667018e-02 3.104709e-03
485 7.655744e-02 3.098104e-03
486 7.644491e-02 3.091526e-03
487 7.633257e-02 3.084976e-03
488 7.622044e-02 3.078454e-03
489 7.610851e-02 3.071959e-03
490 7.599678e-02 3.065491e-03
491 7.588524e-02 3.059050e-03
492 7.577391e-02 3.052635e-03
493 7.566277e-02 3.046247e-03
494 7.555183e-02 3.039886e-03
495 7.544109e-02 3.033550e-03
496 7.533054e-02 3.027241e-03
497 7.522019e-02 3.020957e-03
498 7.511003e-02 3.014699e-03
499 7.500007e-02 3.008467e-03
500 7.489030e-02 3.002260e-03
501 7.478072e-02 2.996077e-03
502 7.467134e-02 2.989920e-03
503 7.456214e-02 2.983788e-03
504 7.445314e-02 2.977681e-03
505 7.434433e-02 2.971598e-03
506 7.423571e-02 2.965539e-03
507 7.412727e-02 2.959504e-03
508 7.401903e-02 2.953494e-03
509 7.391097e-02 2.947507e-03
510 7.380310e-02 2.941544e-03
511 7.369542e-02 2.935605e-03
512 7.358792e-02 2.929689e-03
513 7.348061e-02 2.923796e-03
514 7.337349e-02 2.917926e-03
515 7.326655e-02 2.912079e-03
516 7.315979e-02 2.906255e-03
517 7.305322e-02 2.900454e-03
518 7.294683e-02 2.894675e-03
519 7.284062e-02 2.888919e-03
520 7.273459e-02 2.883184e-03
521 7.262875e-02 2.877472e-03
522 7.252308e-02 2.871782e-03
523 7.241760e-02 2.866113e-03
524 7.231229e-02 2.860466e-03
525 7.220717e-02 2.854841e-03
526 7.210222e-02 2.849237e-03
527 7.199745e-02 2.843654e-03
528 7.189286e-02 2.838092e-03
529 7.178845e-02 2.832551e-03
530 7.168421e-02 2.827031e-03
531 7.158015e-02 2.821532e-03
532 7.147627e-02 2.816053e-03
533 7.137255e-02 2.810595e-03
534 7.126902e-02 2.805156e-03
535 7.116566e-02 2.799738e-03
536 7.106247e-02 2.794340e-03
537 7.095945e-02 2.788962e-03
538 7.085661e-02 2.783604e-03
539 7.075394e-02 2.778265e-03
540 7.065144e-02 2.772946e-03
541 7.054911e-02 2.767646e-03
542 7.044695e-02 2.762366e-03
543 7.034496e-02 2.757104e-03
544 7.024315e-02 2.751862e-03
545 7.014150e-02 2.746638e-03
546 7.004002e-02 2.741433e-03
547 6.993870e-02 2.736247e-03
548 6.983756e-02 2.731080e-03
549 6.973658e-02 2.725931e-03
550 6.963577e-02 2.720800e-03
551 6.953513e-02 2.715687e-03
552 6.943465e-02 2.710592e-03
553 6.933434e-02 2.705516e-03
554 6.923419e-02 2.700457e-03
555 6.913421e-02 2.695416e-03
556 6.903439e-02 2.690392e-03
557 6.893474e-02 2.685387e-03
558 6.883525e-02 2.680398e-03
559 6.873592e-02 2.675427e-03
560 6.863675e-02 2.670473e-03
561 6.853775e-02 2.665536e-03
562 6.843891e-02 2.660616e-03
563 6.834023e-02 2.655713e-03
564 6.824171e-02 2.650826e-03
565 6.814335e-02 2.645956e-03
566 6.804515e-02 2.641103e-03
567 6.794711e-02 2.636267e-03
568 6.784922e-02 2.631446e-03
569 6.775150e-02 2.626642e-03
570 6.765394e-02 2.621854e-03
571 6.755653e-02 2.617082e-03
572 6.745928e-02 2.612326e-03
573 6.736219e-02 2.607586e-03
574 6.726525e-02 2.602861e-03
575 6.716847e-02 2.598153e-03
576 6.707185e-02 2.593459e-03
577 6.697538e-02 2.588782e-03
578 6.687907e-02 2.584119e-03
579 6.678291e-02 2.579472e-03
580 6.668690e-02 2.574840e-03
581 6.659105e-02 2.570223e-03
582 6.649536e-02 2.565621e-03
583 6.639981e-02 2.561034e-03
584 6.630442e-02 2.556462e-03
585 6.620918e-02 2.551905e-03
586 6.611410e-02 2.547362e-03
587 6.601916e-02 2.542834e-03
588 6.592438e-02 2.538320e-03
589 6.582975e-02 2.533820e-03
590 6.573526e-02 2.529335e-03
591 6.564093e-02 2.524864e-03
592 6.554675e-02 2.520408e-03
593 6.545272e-02 2.515965e-03
594 6.535883e-02 2.511536e-03
595 6.526510e-02 2.507121e-03
596 6.517151e-02 2.502719e-03
597 6.507807e-02 2.498332e-03
598 6.498478e-02 2.493958e-03
599 6.489164e-02 2.489598e-03
600 6.479864e-02 2.485251e-03
601 6.470579e-02 2.480917e-03
602 6.461308e-02 2.476597e-03
603 6.452052e-02 2.472290e-03
604 6.442811e-02 2.467996e-03
605 6.433584e-02 2.463715e-03
606 6.424372e-02 2.459447e-03
607 6.415174e-02 2.455192e-03
608 6.405991e-02 2.450949e-03
609 6.396822e-02 2.446720e-03
610 6.387667e-02 2.442503e-03
611 6.378527e-02 2.438299e-03
612 6.369401e-02 2.434107e-03
613 6.360289e-02 2.429928e-03
614 6.351191e-02 2.425761e-03
615 6.342108e-02 2.421607e-03
616 6.333039e-02 2.417465e-03
617 6.323984e-02 2.413335e-03
618 6.314943e-02 2.409217e-03
619 6.305916e-02 2.405111e-03
620 6.296903e-02 2.401017e-03
621 6.287904e-02 2.396935e-03
622 6.278919e-02 2.392864e-03
623 6.269948e-02 2.388806e-03
624 6.260990e-02 2.384759e-03
625 6.252047e-02 2.380724e-03
626 6.243118e-02 2.376700e-03
627 6.234202e-02 2.372688e-03
628 6.225300e-02 2.368687e-03
629 6.216412e-02 2.364698e-03
630 6.207538e-02 2.360720e-03
631 6.198677e-02 2.356753e-03
632 6.189830e-02 2.352797e-03
633 6.180997e-02 2.348853e-03
634 6.172177e-02 2.344919e-03
635 6.163371e-02 2.340997e-03
636 6.154578e-02 2.337085e-03
637 6.145799e-02 2.333184e-03
638 6.137033e-02 2.329294e-03
639 6.128281e-02 2.325415e-03
640 6.119542e-02 2.321546e-03
641 6.110817e-02 2.317689e-03
642 6.102105e-02 2.313841e-03
643 6.093406e-02 2.310004e-03
644 6.084720e-02 2.306178e-03
645 6.076048e-02 2.302362e-03
646 6.067390e-02 2.298556e-03
647 6.058744e-02 2.294761e-03
648 6.050111e-02 2.290976e-03
649 6.041492e-02 2.287201e-03
650 6.032886e-02 2.283436e-03
651 6.024293e-02 2.279681e-03
652 6.015713e-02 2.275936e-03
653 6.007146e-02 2.272201e-03
654 5.998592e-02 2.268476e-03
655 5.990051e-02 2.264761e-03
656 5.981524e-02 2.261055e-03
657 5.973009e-02 2.257360e-03
658 5.964507e-02 2.253674e-03
659 5.956018e-02 2.249997e-03
660 5.947541e-02 2.246330e-03
661 5.939078e-02 2.242673e-03
662 5.930627e-02 2.239025e-03
663 5.922190e-02 2.235387e-03
664 5.913765e-02 2.231758e-03
665 5.905352e-02 2.228138e-03
666 5.896953e-02 2.224528e-03
667 5.888566e-02 2.220927e-03
668 5.880192e-02 2.217335e-03
669 5.871830e-02 2.213752e-03
670 5.863481e-02 2.210178e-03
671 5.855145e-02 2.206613e-03
672 5.846821e-02 2.203058e-03
673 5.838510e-02 2.199511e-03
674 5.830211e-02 2.195973e-03
675 5.821925e-02 2.192444e-03
676 5.813651e-02 2.188923e-03
677 5.805390e-02 2.185412e-03
678 5.797141e-02 2.181909e-03
679 5.788904e-02 2.178415e-03
680 5.780680e-02 2.174930e-03
681 5.772468e-02 2.171453e-03
682 5.764269e-02 2.167984e-03
683 5.756082e-02 2.164524e-03
684 5.747907e-02 2.161073e-03
685 5.739744e-02 2.157630e-03
686 5.731593e-02 2.154195e-03
687 5.723455e-02 2.150769e-03
688 5.715329e-02 2.147351e-03
689 5.707215e-02 2.143941e-03
690 5.699113e-02 2.140540e-03
691 5.691023e-02 2.137146e-03
692 5.682946e-02 2.133761e-03
693 5.674880e-02 2.130384e-03
694 5.666826e-02 2.127015e-03
695 5.658785e-02 2.123653e-03
696 5.650755e-02 2.120300e-03
697 5.642737e-02 2.116955e-03
698 5.634732e-02 2.113618e-03
699 5.626738e-02 2.110288e-03
700 5.618756e-02 2.106966e-03
701 5.610786e-02 2.103652e-03
702 5.602828e-02 2.100346e-03
703 5.594881e-02 2.097047e-03
704 5.586947e-02 2.093757e-03
705 5.579024e-02 2.090473e-03
706 5.571113e-02 2.087198e-03
707 5.563214e-02 2.083929e-03
708 5.555326e-02 2.080669e-03
709 5.547450e-02 2.077416e-03
710 5.539586e-02 2.074170e-03
711 5.531734e-02 2.070932e-03
712 5.523893e-02 2.067701e-03
713 5.516064e-02 2.064477e-03
714 5.508246e-02 2.061261e-03
715 5.500440e-02 2.058052e-03
716 5.492645e-02 2.054850e-03
717 5.484862e-02 2.051655e-03
718 5.477090e-02 2.048468e-03
719 5.469330e-02 2.045288e-03
720 5.461582e-02 2.042114e-03
721 5.453844e-02 2.038948e-03
722 5.446119e-02 2.035789e-03
723 5.438404e-02 2.032637e-03
724 5.430701e-02 2.029492e-03
725 5.423010e-02 2.026354e-03
726 5.415329e-02 2.023223e-03
727 5.407660e-02 2.020098e-03
728 5.400002e-02 2.016981e-03
729 5.392356e-02 2.013870e-03
730 5.384721e-02 2.010766e-03
731 5.377097e-02 2.007669e-03
732 5.369484e-02 2.004578e-03
733 5.361883e-02 2.001495e-03
734 5.354292e-02 1.998418e-03
735 5.346713e-02 1.995347e-03
736 5.339145e-02 1.992283e-03
737 5.331588e-02 1.989226e-03
738 5.324042e-02 1.986175e-03
739 5.316507e-02 1.983131e-03
740 5.308983e-02 1.980093e-03
741 5.301470e-02 1.977062e-03
742 5.293969e-02 1.974037e-03
743 5.286478e-02 1.971019e-03
744 5.278998e-02 1.968007e-03
745 5.271529e-02 1.965001e-03
746 5.264072e-02 1.962002e-03
747 5.256625e-02 1.959008e-03
748 5.249188e-02 1.956022e-03
749 5.241763e-02 1.953041e-03
750 5.234349e-02 1.950067e-03
751 5.226945e-02 1.947099e-03
752 5.219553e-02 1.944137e-03
753 5.212171e-02 1.941181e-03
754 5.204800e-02 1.938231e-03
755 5.197439e-02 1.935287e-03
756 5.190090e-02 1.932350e-03
757 5.182751e-02 1.929418e-03
758 5.175423e-02 1.926493e-03
759 5.168105e-02 1.923573e-03
760 5.160799e-02 1.920660e-03
761 5.153503e-02 1.917752e-03
762 5.146217e-02 1.914850e-03
763 5.138942e-02 1.911954e-03
764 5.131678e-02 1.909064e-03
765 5.124424e-02 1.906180e-03
766 5.117181e-02 1.903302e-03
767 5.109948e-02 1.900429e-03
768 5.102726e-02 1.897562e-03
769 5.095515e-02 1.894701e-03
770 5.088314e-02 1.891846e-03
771 5.081123e-02 1.888996e-03
772 5.073943e-02 1.886153e-03
773 5.066773e-02 1.883314e-03
774 5.059614e-02 1.880482e-03
775 5.052465e-02 1.877655e-03
776 5.045327e-02 1.874833e-03
777 5.038198e-02 1.872017e-03
778 5.031081e-02 1.869207e-03
779 5.023973e-02 1.866402e-03
780 5.016876e-02 1.863603e-03
781 5.009789e-02 1.860809e-03
782 5.002713e-02 1.858021e-03
783 4.995646e-02 1.855238e-03
784 4.988590e-02 1.852460e-03
785 4.981544e-02 1.849688e-03
786 4.974509e-02 1.846921e-03
787 4.967483e-02 1.844160e-03
788 4.960468e-02 1.841404e-03
789 4.953463e-02 1.838653e-03
790 4.946468e-02 1.835908e-03
791 4.939483e-02 1.833168e-03
792 4.932508e-02 1.830433e-03
793 4.925544e-02 1.827703e-03
794 4.918589e-02 1.824979e-03
795 4.911645e-02 1.822259e-03
796 4.904710e-02 1.819545e-03
797 4.897786e-02 1.816836e-03
798 4.890871e-02 1.814133e-03
799 4.883967e-02 1.811434e-03
800 4.877073e-02 1.808740e-03
801 4.870188e-02 1.806052e-03
802 4.863313e-02 1.803369e-03
803 4.856449e-02 1.800690e-03
804 4.849594e-02 1.798017e-03
805 4.842749e-02 1.795349e-03
806 4.835914e-02 1.792685e-03
807 4.829089e-02 1.790027e-03
808 4.822274e-02 1.787373e-03
809 4.815469e-02 1.784725e-03
810 4.808673e-02 1.782081e-03
811 4.801887e-02 1.779443e-03
812 4.795111e-02 1.776809e-03
813 4.788345e-02 1.774180e-03
814 4.781588e-02 1.771556e-03
815 4.774842e-02 1.768937e-03
816 4.768105e-02 1.766323e-03
817 4.761377e-02 1.763713e-03
818 4.754660e-02 1.761108e-03
819 4.747952e-02 1.758508e-03
820 4.741253e-02 1.755913e-03
821 4.734564e-02 1.753322e-03
822 4.727885e-02 1.750737e-03
823 4.721216e-02 1.748156e-03
824 4.714556e-02 1.745579e-03
825 4.707906e-02 1.743007e-03
826 4.701265e-02 1.740440e-03
827 4.694634e-02 1.737878e-03
828 4.688012e-02 1.735320e-03
829 4.681400e-02 1.732767e-03
830 4.674797e-02 1.730218e-03
831 4.668204e-02 1.727674e-03
832 4.661621e-02 1.725135e-03
833 4.655046e-02 1.722600e-03
834 4.648482e-02 1.720069e-03
835 4.641926e-02 1.717543e-03
836 4.635380e-02 1.715022e-03
837 4.628844e-02 1.712505e-03
838 4.622316e-02 1.709993e-03
839 4.615799e-02 1.707485e-03
840 4.609290e-02 1.704981e-03
841 4.602791e-02 1.702482e-03
842 4.596301e-02 1.699988e-03
843 4.589821e-02 1.697497e-03
844 4.583350e-02 1.695012e-03
845 4.576888e-02 1.692530e-03
846 4.570435e-02 1.690053e-03
847 4.563992e-02 1.687580e-03
848 4.557557e-02 1.685112e-03
849 4.551132e-02 1.682648e-03
850 4.544717e-02 1.680188e-03
851 4.538310e-02 1.677732e-03
852 4.531913e-02 1.675281e-03
853 4.525524e-02 1.672834e-03
854 4.519145e-02 1.670391e-03
855 4.512775e-02 1.667953e-03
856 4.506415e-02 1.665519e-03
857 4.500063e-02 1.663088e-03
858 4.493720e-02 1.660663e-03
859 4.487387e-02 1.658241e-03
860 4.481062e-02 1.655824e-03
861 4.474747e-02 1.653410e-03
862 4.468440e-02 1.651001e-03
863 4.462143e-02 1.648596e-03
864 4.455854e-02 1.646195e-03
865 4.449575e-02 1.643798e-03
866 4.443305e-02 1.641406e-03
867 4.437043e-02 1.639017e-03
868 4.430791e-02 1.636632e-03
869 4.424547e-02 1.634252e-03
870 4.418312e-02 1.631876e-03
871 4.412087e-02 1.629503e-03
872 4.405870e-02 1.627135e-03
873 4.399662e-02 1.624771e-03
874 4.393463e-02 1.622410e-03
875 4.387272e-02 1.620054e-03
876 4.381091e-02 1.617702e-03
877 4.374918e-02 1.615353e-03
878 4.368755e-02 1.613009e-03
879 4.362600e-02 1.610668e-03
880 4.356453e-02 1.608332e-03
881 4.350316e-02 1.605999e-03
882 4.344187e-02 1.603670e-03
883 4.338067e-02 1.601346e-03
884 4.331956e-02 1.599025e-03
885 4.325854e-02 1.596708e-03
886 4.319760e-02 1.594395e-03
887 4.313675e-02 1.592085e-03
888 4.307598e-02 1.589780e-03
889 4.301531e-02 1.587478e-03
890 4.295471e-02 1.585181e-03
891 4.289421e-02 1.582887e-03
892 4.283379e-02 1.580596e-03
893 4.277346e-02 1.578310e-03
894 4.271321e-02 1.576027e-03
895 4.265305e-02 1.573749e-03
896 4.259298e-02 1.571474e-03
897 4.253299e-02 1.569202e-03
898 4.247308e-02 1.566935e-03
899 4.241327e-02 1.564671e-03
900 4.235353e-02 1.562411e-03
901 4.229388e-02 1.560155e-03
902 4.223432e-02 1.557902e-03
903 4.217484e-02 1.555653e-03
904 4.211545e-02 1.553408e-03
905 4.205614e-02 1.551166e-03
906 4.199692e-02 1.548928e-03
907 4.193777e-02 1.546694e-03
908 4.187872e-02 1.544463e-03
909 4.181975e-02 1.542236e-03
910 4.176086e-02 1.540013e-03
911 4.170205e-02 1.537793e-03
912 4.164333e-02 1.535577e-03
913 4.158469e-02 1.533364e-03
914 4.152614e-02 1.531155e-03
915 4.146767e-02 1.528950e-03
916 4.140928e-02 1.526748e-03
917 4.135098e-02 1.524550e-03
918 4.129276e-02 1.522355e-03
919 4.123462e-02 1.520164e-03
920 4.117656e-02 1.517976e-03
921 4.111859e-02 1.515792e-03
922 4.106070e-02 1.513612e-03
923 4.100289e-02 1.511435e-03
924 4.094516e-02 1.509261e-03
925 4.088752e-02 1.507091e-03
926 4.082995e-02 1.504924e-03
927 4.077247e-02 1.502761e-03
928 4.071507e-02 1.500601e-03
929 4.065775e-02 1.498445e-03
930 4.060052e-02 1.496292e-03
931 4.054336e-02 1.494143e-03
932 4.048629e-02 1.491997e-03
933 4.042930e-02 1.489855e-03
934 4.037238e-02 1.487716e-03
935 4.031555e-02 1.485580e-03
936 4.025880e-02 1.483448e-03
937 4.020213e-02 1.481319e-03
938 4.014554e-02 1.479193e-03
939 4.008903e-02 1.477071e-03
940 4.003260e-02 1.474952e-03
941 3.997626e-02 1.472837e-03
942 3.991999e-02 1.470725e-03
943 3.986380e-02 1.468616e-03
944 3.980769e-02 1.466511e-03
945 3.975166e-02 1.464408e-03
946 3.969571e-02 1.462310e-03
947 3.963984e-02 1.460214e-03
948 3.958405e-02 1.458122e-03
949 3.952833e-02 1.456033e-03
950 3.947270e-02 1.453948e-03
951 3.941714e-02 1.451865e-03
952 3.936167e-02 1.449786e-03
953 3.930627e-02 1.447710e-03
954 3.925095e-02 1.445638e-03
955 3.919571e-02 1.443569e-03
956 3.914055e-02 1.441503e-03
957 3.908547e-02 1.439440e-03
958 3.903046e-02 1.437380e-03
959 3.897554e-02 1.435324e-03
960 3.892069e-02 1.433271e-03
961 3.886591e-02 1.431221e-03
962 3.881122e-02 1.429174e-03
963 3.875660e-02 1.427130e-03
964 3.870206e-02 1.425090e-03
965 3.864760e-02 1.423053e-03
966 3.859322e-02 1.421018e-03
967 3.853891e-02 1.418988e-03
968 3.848468e-02 1.416960e-03
969 3.843052e-02 1.414935e-03
970 3.837645e-02 1.412914e-03
971 3.832245e-02 1.410895e-03
972 3.826852e-02 1.408880e-03
973 3.821467e-02 1.406868e-03
974 3.816090e-02 1.404859e-03
975 3.810721e-02 1.402853e-03
976 3.805359e-02 1.400850e-03
977 3.800004e-02 1.398851e-03
978 3.794658e-02 1.396854e-03
979 3.789318e-02 1.394860e-03
980 3.783987e-02 1.392870e-03
981 3.778663e-02 1.390882e-03
982 3.773346e-02 1.388898e-03
983 3.768037e-02 1.386917e-03
984 3.762736e-02 1.384938e-03
985 3.757442e-02 1.382963e-03
986 3.752155e-02 1.380991e-03
987 3.746876e-02 1.379022e-03
988 3.741605e-02 1.377056e-03
989 3.736341e-02 1.375092e-03
990 3.731084e-02 1.373132e-03
991 3.725835e-02 1.371175e-03
992 3.720593e-02 1.369221e-03
993 3.715359e-02 1.367270e-03
994 3.710132e-02 1.365321e-03
995 3.704912e-02 1.363376e-03
996 3.699700e-02 1.361434e-03
997 3.694495e-02 1.359495e-03
998 3.689298e-02 1.357558e-03
999 3.684107e-02 1.355625e-03
1000 3.678925e-02 1.353694e-03
1001 3.673749e-02 1.351767e-03
1002 3.668581e-02 1.349842e-03
1003 3.663420e-02 1.347920e-03
1004 3.658267e-02 1.346002e-03
1005 3.653121e-02 1.344086e-03
1006 3.647982e-02 1.342173e-03
1007 3.642850e-02 1.340263e-03
1008 3.637726e-02 1.338356e-03
1009 3.632609e-02 1.336451e-03
1010 3.627499e-02 1.334550e-03
1011 3.622396e-02 1.332651e-03
1012 3.617301e-02 1.330756e-03
1013 3.612212e-02 1.328863e-03
1014 3.607131e-02 1.326973e-03
1015 3.602057e-02 1.325086e-03
1016 3.596990e-02 1.323202e-03
1017 3.591931e-02 1.321320e-03
1018 3.586878e-02 1.319442e-03
1019 3.581833e-02 1.317566e-03
1020 3.576795e-02 1.315693e-03
1021 3.571764e-02 1.313823e-03
1022 3.566740e-02 1.311956e-03
1023 3.561723e-02 1.310091e-03
1024 3.556714e-02 1.308229e-03
1025 3.551711e-02 1.306371e-03
1026 3.546715e-02 1.304514e-03
1027 3.541727e-02 1.302661e-03
1028 3.536745e-02 1.300811e-03
1029 3.531771e-02 1.298963e-03
1030 3.526803e-02 1.297118e-03
1031 3.521843e-02 1.295276e-03
1032 3.516890e-02 1.293436e-03
1033 3.511943e-02 1.291599e-03
1034 3.507004e-02 1.289765e-03
1035 3.502071e-02 1.287934e-03
1036 3.497146e-02 1.286106e-03
1037 3.492227e-02 1.284280e-03
1038 3.487316e-02 1.282457e-03
1039 3.482411e-02 1.280637e-03
1040 3.477514e-02 1.278819e-03
1041 3.472623e-02 1.277004e-03
1042 3.467739e-02 1.275192e-03
1043 3.462862e-02 1.273382e-03
1044 3.457992e-02 1.271576e-03
1045 3.453129e-02 1.269771e-03
1046 3.448272e-02 1.267970e-03
1047 3.443423e-02 1.266171e-03
1048 3.438580e-02 1.264375e-03
1049 3.433744e-02 1.262582e-03
1050 3.428915e-02 1.260791e-03
1051 3.424093e-02 1.259003e-03
1052 3.419278e-02 1.257218e-03
1053 3.414469e-02 1.255435e-03
1054 3.409667e-02 1.253655e-03
1055 3.404872e-02 1.251877e-03
1056 3.400084e-02 1.250102e-03
1057 3.395303e-02 1.248330e-03
1058 3.390528e-02 1.246560e-03
1059 3.385760e-02 1.244793e-03
1060 3.380999e-02 1.243029e-03
1061 3.376244e-02 1.241267e-03
1062 3.371496e-02 1.239508e-03
1063 3.366755e-02 1.237752e-03
1064 3.362021e-02 1.235998e-03
1065 3.357293e-02 1.234246e-03
1066 3.352572e-02 1.232497e-03
1067 3.347857e-02 1.230751e-03
1068 3.343150e-02 1.229008e-03
1069 3.338449e-02 1.227267e-03
1070 3.333754e-02 1.225528e-03
1071 3.329066e-02 1.223792e-03
1072 3.324385e-02 1.222059e-03
1073 3.319710e-02 1.220328e-03
1074 3.315042e-02 1.218600e-03
1075 3.310381e-02 1.216874e-03
1076 3.305726e-02 1.215151e-03
1077 3.301077e-02 1.213430e-03
1078 3.296436e-02 1.211712e-03
1079 3.291800e-02 1.209996e-03
1080 3.287172e-02 1.208283e-03
1081 3.282550e-02 1.206573e-03
1082 3.277934e-02 1.204865e-03
1083 3.273325e-02 1.203159e-03
1084 3.268722e-02 1.201456e-03
1085 3.264126e-02 1.199756e-03
1086 3.259536e-02 1.198058e-03
1087 3.254953e-02 1.196362e-03
1088 3.250376e-02 1.194669e-03
1089 3.245806e-02 1.192978e-03
1090 3.241242e-02 1.191290e-03
1091 3.236685e-02 1.189605e-03
1092 3.232134e-02 1.187921e-03
1093 3.227589e-02 1.186241e-03
1094 3.223051e-02 1.184562e-03
1095 3.218520e-02 1.182887e-03
1096 3.213994e-02 1.181213e-03
1097 3.209475e-02 1.179542e-03
1098 3.204963e-02 1.177874e-03
1099 3.200456e-02 1.176208e-03
1100 3.195957e-02 1.174544e-03
1101 3.191463e-02 1.172883e-03
1102 3.186976e-02 1.171224e-03
1103 3.182495e-02 1.169568e-03
1104 3.178020e-02 1.167914e-03
1105 3.173552e-02 1.166263e-03
1106 3.169090e-02 1.164614e-03
1107 3.164634e-02 1.162967e-03
1108 3.160185e-02 1.161323e-03
1109 3.155742e-02 1.159681e-03
1110 3.151305e-02 1.158041e-03
1111 3.146874e-02 1.156404e-03
1112 3.142450e-02 1.154769e-03
1113 3.138032e-02 1.153137e-03
1114 3.133620e-02 1.151507e-03
1115 3.129214e-02 1.149880e-03
1116 3.124815e-02 1.148254e-03
1117 3.120422e-02 1.146632e-03
1118 3.116035e-02 1.145011e-03
1119 3.111654e-02 1.143393e-03
1120 3.107279e-02 1.141777e-03
1121 3.102910e-02 1.140164e-03
1122 3.098548e-02 1.138553e-03
1123 3.094192e-02 1.136944e-03
1124 3.089842e-02 1.135337e-03
1125 3.085498e-02 1.133733e-03
1126 3.081160e-02 1.132131e-03
1127 3.076828e-02 1.130532e-03
1128 3.072502e-02 1.128935e-03
1129 3.068183e-02 1.127340e-03
1130 3.063869e-02 1.125748e-03
1131 3.059562e-02 1.124157e-03
1132 3.055261e-02 1.122570e-03
1133 3.050966e-02 1.120984e-03
1134 3.046676e-02 1.119401e-03
1135 3.042393e-02 1.117820e-03
1136 3.038116e-02 1.116241e-03
1137 3.033845e-02 1.114665e-03
1138 3.029580e-02 1.113090e-03
1139 3.025321e-02 1.111519e-03
1140 3.021068e-02 1.109949e-03
1141 3.016821e-02 1.108382e-03
1142 3.012580e-02 1.106817e-03
1143 3.008344e-02 1.105254e-03
1144 3.004115e-02 1.103693e-03
1145 2.999892e-02 1.102135e-03
1146 2.995675e-02 1.100579e-03
1147 2.991463e-02 1.099025e-03
1148 2.987258e-02 1.097474e-03
1149 2.983059e-02 1.095924e-03
1150 2.978865e-02 1.094377e-03
1151 2.974677e-02 1.092832e-03
1152 2.970496e-02 1.091290e-03
1153 2.966320e-02 1.089749e-03
1154 2.962150e-02 1.088211e-03
1155 2.957986e-02 1.086675e-03
1156 2.953828e-02 1.085142e-03
1157 2.949675e-02 1.083610e-03
1158 2.945529e-02 1.082081e-03
1159 2.941388e-02 1.080554e-03
1160 2.937253e-02 1.079029e-03
1161 2.933124e-02 1.077506e-03
1162 2.929001e-02 1.075986e-03
1163 2.924884e-02 1.074467e-03
1164 2.920772e-02 1.072951e-03
1165 2.916666e-02 1.071437e-03
1166 2.912566e-02 1.069925e-03
1167 2.908472e-02 1.068416e-03
1168 2.904383e-02 1.066908e-03
1169 2.900301e-02 1.065403e-03
1170 2.896224e-02 1.063900e-03
1171 2.892152e-02 1.062399e-03
1172 2.888087e-02 1.060900e-03
1173 2.884027e-02 1.059404e-03
1174 2.879973e-02 1.057909e-03
1175 2.875925e-02 1.056417e-03
1176 2.871882e-02 1.054927e-03
1177 2.867845e-02 1.053439e-03
1178 2.863814e-02 1.051953e-03
1179 2.859788e-02 1.050469e-03
1180 2.855768e-02 1.048987e-03
1181 2.851754e-02 1.047508e-03
1182 2.847745e-02 1.046031e-03
1183 2.843742e-02 1.044555e-03
1184 2.839745e-02 1.043082e-03
1185 2.835753e-02 1.041611e-03
1186 2.831767e-02 1.040142e-03
1187 2.827786e-02 1.038675e-03
1188 2.823812e-02 1.037211e-03
1189 2.819842e-02 1.035748e-03
1190 2.815879e-02 1.034288e-03
1191 2.811920e-02 1.032829e-03
1192 2.807968e-02 1.031373e-03
1193 2.804021e-02 1.029919e-03
1194 2.800079e-02 1.028466e-03
1195 2.796144e-02 1.027016e-03
1196 2.792213e-02 1.025568e-03
1197 2.788288e-02 1.024122e-03
1198 2.784369e-02 1.022679e-03
1199 2.780455e-02 1.021237e-03
1200 2.776547e-02 1.019797e-03
1201 2.772644e-02 1.018359e-03
1202 2.768747e-02 1.016924e-03
1203 2.764855e-02 1.015490e-03
1204 2.760969e-02 1.014059e-03
1205 2.757088e-02 1.012629e-03
1206 2.753213e-02 1.011202e-03
1207 2.749343e-02 1.009777e-03
1208 2.745478e-02 1.008353e-03
1209 2.741619e-02 1.006932e-03
1210 2.737766e-02 1.005513e-03
1211 2.733918e-02 1.004095e-03
1212 2.730075e-02 1.002680e-03
1213 2.726237e-02 1.001267e-03
1214 2.722406e-02 9.998559e-04
1215 2.718579e-02 9.984468e-04
1216 2.714758e-02 9.970397e-04
1217 2.710942e-02 9.956346e-04
1218 2.707132e-02 9.942314e-04
1219 2.703327e-02 9.928303e-04
1220 2.699527e-02 9.914312e-04
1221 2.695732e-02 9.900341e-04
1222 2.691943e-02 9.886390e-04
1223 2.688160e-02 9.872459e-04
1224 2.684381e-02 9.858547e-04
1225 2.680608e-02 9.844656e-04
1226 2.676841e-02 9.830784e-04
1227 2.673078e-02 9.816932e-04
1228 2.669321e-02 9.803100e-04
1229 2.665569e-02 9.789288e-04
1230 2.661823e-02 9.775495e-04
1231 2.658081e-02 9.761722e-04
1232 2.654345e-02 9.747969e-04
1233 2.650615e-02 9.734235e-04
1234 2.646889e-02 9.720521e-04
1235 2.643169e-02 9.706826e-04
1236 2.639454e-02 9.693151e-04
1237 2.635744e-02 9.679496e-04
1238 2.632039e-02 9.665860e-04
1239 2.628340e-02 9.652243e-04
1240 2.624646e-02 9.638646e-04
1241 2.620957e-02 9.625068e-04
1242 2.617273e-02 9.611509e-04
1243 2.613594e-02 9.597970e-04
1244 2.609921e-02 9.584450e-04
1245 2.606253e-02 9.570949e-04
1246 2.602590e-02 9.557468e-04
1247 2.598932e-02 9.544005e-04
1248 2.595279e-02 9.530562e-04
1249 2.591631e-02 9.517138e-04
1250 2.587989e-02 9.503733e-04
1251 2.584351e-02 9.490347e-04
1252 2.580719e-02 9.476981e-04
1253 2.577092e-02 9.463633e-04
1254 2.573470e-02 9.450304e-04
1255 2.569853e-02 9.436994e-04
1256 2.566241e-02 9.423704e-04
1257 2.562634e-02 9.410432e-04
1258 2.559032e-02 9.397179e-04
1259 2.555436e-02 9.383944e-04
1260 2.551844e-02 9.370729e-04
1261 2.548258e-02 9.357533e-04
1262 2.544676e-02 9.344355e-04
1263 2.541100e-02 9.331196e-04
1264 2.537528e-02 9.318055e-04
1265 2.533962e-02 9.304934e-04
1266 2.530400e-02 9.291831e-04
1267 2.526844e-02 9.278746e-04
1268 2.523293e-02 9.265680e-04
1269 2.519746e-02 9.252633e-04
1270 2.516205e-02 9.239604e-04
1271 2.512669e-02 9.226594e-04
1272 2.509137e-02 9.213603e-04
1273 2.505611e-02 9.200629e-04
1274 2.502089e-02 9.187675e-04
1275 2.498573e-02 9.174738e-04
1276 2.495061e-02 9.161820e-04
1277 2.491554e-02 9.148920e-04
1278 2.488053e-02 9.136039e-04
1279 2.484556e-02 9.123176e-04
1280 2.481064e-02 9.110331e-04
1281 2.477577e-02 9.097505e-04
1282 2.474095e-02 9.084696e-04
1283 2.470618e-02 9.071906e-04
1284 2.467145e-02 9.059134e-04
1285 2.463678e-02 9.046380e-04
1286 2.460216e-02 9.033644e-04
1287 2.456758e-02 9.020927e-04
1288 2.453305e-02 9.008227e-04
1289 2.449857e-02 8.995545e-04
1290 2.446414e-02 8.982882e-04
1291 2.442976e-02 8.970236e-04
1292 2.439543e-02 8.957608e-04
1293 2.436114e-02 8.944998e-04
1294 2.432690e-02 8.932407e-04
1295 2.429271e-02 8.919832e-04
1296 2.425857e-02 8.907276e-04
1297 2.422448e-02 8.894738e-04
1298 2.419043e-02 8.882217e-04
1299 2.415644e-02 8.869714e-04
1300 2.412249e-02 8.857229e-04
1301 2.408859e-02 8.844762e-04
1302 2.405473e-02 8.832312e-04
1303 2.402093e-02 8.819880e-04
1304 2.398717e-02 8.807465e-04
1305 2.395346e-02 8.795068e-04
1306 2.391979e-02 8.782689e-04
1307 2.388617e-02 8.770327e-04
1308 2.385261e-02 8.757983e-04
1309 2.381908e-02 8.745656e-04
1310 2.378561e-02 8.733347e-04
1311 2.375218e-02 8.721055e-04
1312 2.371880e-02 8.708780e-04
1313 2.368547e-02 8.696523e-04
1314 2.365218e-02 8.684284e-04
1315 2.361894e-02 8.672061e-04
1316 2.358575e-02 8.659856e-04
1317 2.355260e-02 8.647668e-04
1318 2.351950e-02 8.635498e-04
1319 2.348645e-02 8.623345e-04
1320 2.345344e-02 8.611209e-04
1321 2.342048e-02 8.599090e-04
1322 2.338756e-02 8.586988e-04
1323 2.335470e-02 8.574903e-04
1324 2.332187e-02 8.562836e-04
1325 2.328910e-02 8.550786e-04
1326 2.325637e-02 8.538752e-04
1327 2.322369e-02 8.526736e-04
1328 2.319105e-02 8.514737e-04
1329 2.315846e-02 8.502755e-04
1330 2.312591e-02 8.490789e-04
1331 2.309341e-02 8.478841e-04
1332 2.306096e-02 8.466909e-04
1333 2.302855e-02 8.454995e-04
1334 2.299618e-02 8.443097e-04
1335 2.296387e-02 8.431216e-04
1336 2.293160e-02 8.419352e-04
1337 2.289937e-02 8.407505e-04
1338 2.286719e-02 8.395674e-04
1339 2.283505e-02 8.383861e-04
1340 2.280296e-02 8.372063e-04
1341 2.277091e-02 8.360283e-04
1342 2.273891e-02 8.348519e-04
1343 2.270696e-02 8.336772e-04
1344 2.267505e-02 8.325042e-04
1345 2.264318e-02 8.313328e-04
1346 2.261136e-02 8.301631e-04
1347 2.257958e-02 8.289950e-04
1348 2.254785e-02 8.278286e-04
1349 2.251617e-02 8.266638e-04
1350 2.248452e-02 8.255007e-04
1351 2.245293e-02 8.243392e-04
1352 2.242137e-02 8.231794e-04
1353 2.238986e-02 8.220212e-04
1354 2.235840e-02 8.208646e-04
1355 2.232698e-02 8.197097e-04
1356 2.229560e-02 8.185564e-04
1357 2.226427e-02 8.174047e-04
1358 2.223298e-02 8.162547e-04
1359 2.220174e-02 8.151063e-04
1360 2.217054e-02 8.139595e-04
1361 2.213938e-02 8.128143e-04
1362 2.210827e-02 8.116708e-04
1363 2.207720e-02 8.105288e-04
1364 2.204617e-02 8.093885e-04
1365 2.201519e-02 8.082498e-04
1366 2.198425e-02 8.071127e-04
1367 2.195336e-02 8.059772e-04
1368 2.192251e-02 8.048433e-04
1369 2.189170e-02 8.037111e-04
1370 2.186094e-02 8.025804e-04
1371 2.183022e-02 8.014513e-04
1372 2.179954e-02 8.003238e-04
1373 2.176890e-02 7.991979e-04
1374 2.173831e-02 7.980736e-04
1375 2.170776e-02 7.969509e-04
1376 2.167726e-02 7.958297e-04
1377 2.164679e-02 7.947102e-04
1378 2.161638e-02 7.935922e-04
1379 2.158600e-02 7.924758e-04
1380 2.155566e-02 7.913610e-04
1381 2.152537e-02 7.902478e-04
1382 2.149512e-02 7.891361e-04
1383 2.146492e-02 7.880260e-04
1384 2.143475e-02 7.869175e-04
1385 2.140463e-02 7.858105e-04
1386 2.137455e-02 7.847051e-04
1387 2.134451e-02 7.836013e-04
1388 2.131452e-02 7.824990e-04
1389 2.128457e-02 7.813983e-04
1390 2.125466e-02 7.802991e-04
1391 2.122479e-02 7.792015e-04
1392 2.119496e-02 7.781055e-04
1393 2.116518e-02 7.770109e-04
1394 2.113543e-02 7.759180e-04
1395 2.110573e-02 7.748265e-04
1396 2.107607e-02 7.737366e-04
1397 2.104646e-02 7.726483e-04
1398 2.101688e-02 7.715615e-04
1399 2.098735e-02 7.704762e-04
1400 2.095786e-02 7.693924e-04
1401 2.092840e-02 7.683102e-04
1402 2.089899e-02 7.672295e-04
1403 2.086963e-02 7.661504e-04
1404 2.084030e-02 7.650727e-04
1405 2.081101e-02 7.639966e-04
1406 2.078177e-02 7.629220e-04
1407 2.075257e-02 7.618489e-04
1408 2.072340e-02 7.607773e-04
1409 2.069428e-02 7.597073e-04
1410 2.066520e-02 7.586387e-04
1411 2.063616e-02 7.575717e-04
1412 2.060716e-02 7.565061e-04
1413 2.057820e-02 7.554421e-04
1414 2.054929e-02 7.543796e-04
1415 2.052041e-02 7.533185e-04
1416 2.049157e-02 7.522590e-04
1417 2.046278e-02 7.512010e-04
1418 2.043402e-02 7.501444e-04
1419 2.040531e-02 7.490893e-04
1420 2.037664e-02 7.480358e-04
1421 2.034800e-02 7.469837e-04
1422 2.031941e-02 7.459331e-04
1423 2.029085e-02 7.448840e-04
1424 2.026234e-02 7.438363e-04
1425 2.023387e-02 7.427902e-04
1426 2.020544e-02 7.417455e-04
1427 2.017704e-02 7.407023e-04
1428 2.014869e-02 7.396605e-04
1429 2.012038e-02 7.386203e-04
1430 2.009210e-02 7.375815e-04
1431 2.006387e-02 7.365441e-04
1432 2.003567e-02 7.355082e-04
1433 2.000752e-02 7.344738e-04
1434 1.997941e-02 7.334409e-04
1435 1.995133e-02 7.324094e-04
1436 1.992329e-02 7.313793e-04
1437 1.989530e-02 7.303507e-04
1438 1.986734e-02 7.293236e-04
1439 1.983942e-02 7.282979e-04
1440 1.981154e-02 7.272736e-04
1441 1.978371e-02 7.262508e-04
1442 1.975591e-02 7.252295e-04
1443 1.972814e-02 7.242095e-04
1444 1.970042e-02 7.231911e-04
1445 1.967274e-02 7.221740e-04
1446 1.964509e-02 7.211584e-04
1447 1.961749e-02 7.201442e-04
1448 1.958992e-02 7.191315e-04
1449 1.956240e-02 7.181201e-04
1450 1.953491e-02 7.171102e-04
1451 1.950746e-02 7.161018e-04
1452 1.948004e-02 7.150947e-04
1453 1.945267e-02 7.140891e-04
1454 1.942534e-02 7.130848e-04
1455 1.939804e-02 7.120820e-04
1456 1.937078e-02 7.110806e-04
1457 1.934356e-02 7.100807e-04
1458 1.931638e-02 7.090821e-04
1459 1.928924e-02 7.080849e-04
1460 1.926213e-02 7.070892e-04
1461 1.923507e-02 7.060948e-04
1462 1.920804e-02 7.051019e-04
1463 1.918105e-02 7.041103e-04
1464 1.915409e-02 7.031202e-04
1465 1.912718e-02 7.021314e-04
1466 1.910030e-02 7.011441e-04
1467 1.907346e-02 7.001581e-04
1468 1.904666e-02 6.991735e-04
1469 1.901990e-02 6.981903e-04
1470 1.899317e-02 6.972085e-04
1471 1.896648e-02 6.962281e-04
1472 1.893983e-02 6.952490e-04
1473 1.891322e-02 6.942713e-04
1474 1.888664e-02 6.932951e-04
1475 1.886010e-02 6.923201e-04
1476 1.883360e-02 6.913466e-04
1477 1.880714e-02 6.903744e-04
1478 1.878071e-02 6.894036e-04
1479 1.875432e-02 6.884342e-04
1480 1.872797e-02 6.874661e-04
1481 1.870165e-02 6.864994e-04
1482 1.867537e-02 6.855341e-04
1483 1.864913e-02 6.845701e-04
1484 1.862293e-02 6.836075e-04
1485 1.859676e-02 6.826462e-04
1486 1.857063e-02 6.816863e-04
1487 1.854453e-02 6.807277e-04
1488 1.851847e-02 6.797705e-04
1489 1.849245e-02 6.788147e-04
1490 1.846647e-02 6.778602e-04
1491 1.844052e-02 6.769070e-04
1492 1.841461e-02 6.759552e-04
1493 1.838873e-02 6.750047e-04
1494 1.836289e-02 6.740555e-04
1495 1.833709e-02 6.731077e-04
1496 1.831133e-02 6.721612e-04
1497 1.828560e-02 6.712161e-04
1498 1.825990e-02 6.702723e-04
1499 1.823424e-02 6.693298e-04
1500 1.820862e-02 6.683887e-04
1501 1.818304e-02 6.674488e-04
1502 1.815749e-02 6.665103e-04
1503 1.813197e-02 6.655731e-04
1504 1.810649e-02 6.646373e-04
1505 1.808105e-02 6.637027e-04
1506 1.805565e-02 6.627695e-04
1507 1.803028e-02 6.618376e-04
1508 1.800494e-02 6.609070e-04
1509 1.797964e-02 6.599777e-04
1510 1.795438e-02 6.590497e-04
1511 1.792915e-02 6.581230e-04
1512 1.790396e-02 6.571976e-04
1513 1.787880e-02 6.562736e-04
1514 1.785368e-02 6.553508e-04
1515 1.782859e-02 6.544293e-04
1516 1.780354e-02 6.535092e-04
1517 1.777852e-02 6.525903e-04
1518 1.775354e-02 6.516727e-04
1519 1.772860e-02 6.507564e-04
1520 1.770369e-02 6.498414e-04
1521 1.767881e-02 6.489277e-04
1522 1.765397e-02 6.480153e-04
1523 1.762916e-02 6.471041e-04
1524 1.760439e-02 6.461943e-04
1525 1.757966e-02 6.452857e-04
1526 1.755496e-02 6.443784e-04
1527 1.753029e-02 6.434724e-04
1528 1.750566e-02 6.425677e-04
1529 1.748106e-02 6.416642e-04
1530 1.745650e-02 6.407620e-04
1531 1.743197e-02 6.398611e-04
1532 1.740747e-02 6.389614e-04
1533 1.738302e-02 6.380630e-04
1534 1.735859e-02 6.371659e-04
1535 1.733420e-02 6.362700e-04
1536 1.730984e-02 6.353754e-04
1537 1.728552e-02 6.344821e-04
1538 1.726123e-02 6.335900e-04
1539 1.723698e-02 6.326991e-04
1540 1.721276e-02 6.318096e-04
1541 1.718857e-02 6.309212e-04
1542 1.716442e-02 6.300342e-04
1543 1.714031e-02 6.291483e-04
1544 1.711622e-02 6.282638e-04
1545 1.709217e-02 6.273804e-04
1546 1.706816e-02 6.264983e-04
1547 1.704417e-02 6.256175e-04
1548 1.702022e-02 6.247379e-04
1549 1.699631e-02 6.238595e-04
1550 1.697243e-02 6.229824e-04
1551 1.694858e-02 6.221065e-04
1552 1.692477e-02 6.212318e-04
1553 1.690099e-02 6.203584e-04
1554 1.687724e-02 6.194862e-04
1555 1.685352e-02 6.186152e-04
1556 1.682984e-02 6.177454e-04
1557 1.680620e-02 6.168769e-04
1558 1.678258e-02 6.160096e-04
1559 1.675900e-02 6.151435e-04
1560 1.673545e-02 6.142786e-04
1561 1.671194e-02 6.134150e-04
1562 1.668846e-02 6.125526e-04
1563 1.666501e-02 6.116913e-04
1564 1.664159e-02 6.108313e-04
1565 1.661821e-02 6.099725e-04
1566 1.659486e-02 6.091149e-04
1567 1.657155e-02 6.082586e-04
1568 1.654826e-02 6.074034e-04
1569 1.652501e-02 6.065494e-04
1570 1.650179e-02 6.056966e-04
1571 1.647861e-02 6.048451e-04
1572 1.645545e-02 6.039947e-04
1573 1.643233e-02 6.031455e-04
1574 1.640924e-02 6.022975e-04
1575 1.638619e-02 6.014508e-04
1576 1.636316e-02 6.006052e-04
1577 1.634017e-02 5.997607e-04
1578 1.631721e-02 5.989175e-04
1579 1.629429e-02 5.980755e-04
1580 1.627139e-02 5.972347e-04
1581 1.624853e-02 5.963950e-04
1582 1.622570e-02 5.955565e-04
1583 1.620290e-02 5.947192e-04
1584 1.618014e-02 5.938831e-04
1585 1.615740e-02 5.930481e-04
1586 1.613470e-02 5.922144e-04
1587 1.611203e-02 5.913818e-04
1588 1.608939e-02 5.905503e-04
1589 1.606679e-02 5.897201e-04
1590 1.604421e-02 5.888910e-04
1591 1.602167e-02 5.880631e-04
1592 1.599916e-02 5.872363e-04
1593 1.597668e-02 5.864107e-04
1594 1.595423e-02 5.855863e-04
1595 1.593181e-02 5.847630e-04
1596 1.590943e-02 5.839409e-04
1597 1.588708e-02 5.831199e-04
1598 1.586475e-02 5.823001e-04
1599 1.584246e-02 5.814815e-04
1600 1.582020e-02 5.806640e-04
1601 1.579798e-02 5.798476e-04
1602 1.577578e-02 5.790324e-04
1603 1.575361e-02 5.782184e-04
1604 1.573148e-02 5.774055e-04
1605 1.570938e-02 5.765937e-04
1606 1.568730e-02 5.757831e-04
1607 1.566526e-02 5.749736e-04
1608 1.564325e-02 5.741653e-04
1609 1.562127e-02 5.733581e-04
1610 1.559933e-02 5.725520e-04
1611 1.557741e-02 5.717471e-04
1612 1.555552e-02 5.709433e-04
1613 1.553367e-02 5.701406e-04
1614 1.551184e-02 5.693390e-04
1615 1.549005e-02 5.685386e-04
1616 1.546828e-02 5.677393e-04
1617 1.544655e-02 5.669412e-04
1618 1.542485e-02 5.661441e-04
1619 1.540317e-02 5.653482e-04
1620 1.538153e-02 5.645534e-04
1621 1.535992e-02 5.637597e-04
1622 1.533834e-02 5.629672e-04
1623 1.531679e-02 5.621757e-04
1624 1.529527e-02 5.613854e-04
1625 1.527378e-02 5.605961e-04
1626 1.525232e-02 5.598080e-04
1627 1.523089e-02 5.590210e-04
1628 1.520949e-02 5.582351e-04
1629 1.518812e-02 5.574503e-04
1630 1.516678e-02 5.566666e-04
1631 1.514547e-02 5.558841e-04
1632 1.512419e-02 5.551026e-04
1633 1.510294e-02 5.543222e-04
1634 1.508173e-02 5.535429e-04
1635 1.506054e-02 5.527647e-04
1636 1.503938e-02 5.519876e-04
1637 1.501825e-02 5.512116e-04
1638 1.499714e-02 5.504367e-04
1639 1.497607e-02 5.496629e-04
1640 1.495503e-02 5.488901e-04
1641 1.493402e-02 5.481185e-04
1642 1.491304e-02 5.473479e-04
1643 1.489209e-02 5.465784e-04
1644 1.487116e-02 5.458100e-04
1645 1.485027e-02 5.450427e-04
1646 1.482941e-02 5.442765e-04
1647 1.480857e-02 5.435113e-04
1648 1.478776e-02 5.427472e-04
1649 1.476699e-02 5.419842e-04
1650 1.474624e-02 5.412223e-04
1651 1.472552e-02 5.404614e-04
1652 1.470483e-02 5.397016e-04
1653 1.468417e-02 5.389429e-04
1654 1.466354e-02 5.381853e-04
1655 1.464294e-02 5.374287e-04
1656 1.462237e-02 5.366731e-04
1657 1.460182e-02 5.359187e-04
1658 1.458131e-02 5.351653e-04
1659 1.456082e-02 5.344129e-04
1660 1.454036e-02 5.336616e-04
1661 1.451994e-02 5.329114e-04
1662 1.449954e-02 5.321622e-04
1663 1.447916e-02 5.314141e-04
1664 1.445882e-02 5.306670e-04
1665 1.443851e-02 5.299210e-04
1666 1.441822e-02 5.291761e-04
1667 1.439797e-02 5.284321e-04
1668 1.437774e-02 5.276893e-04
1669 1.435754e-02 5.269474e-04
1670 1.433737e-02 5.262067e-04
1671 1.431722e-02 5.254669e-04
1672 1.429711e-02 5.247282e-04
1673 1.427702e-02 5.239905e-04
1674 1.425696e-02 5.232539e-04
1675 1.423693e-02 5.225183e-04
1676 1.421693e-02 5.217838e-04
1677 1.419695e-02 5.210502e-04
1678 1.417701e-02 5.203178e-04
1679 1.415709e-02 5.195863e-04
1680 1.413720e-02 5.188559e-04
1681 1.411734e-02 5.181265e-04
1682 1.409751e-02 5.173981e-04
1683 1.407770e-02 5.166707e-04
1684 1.405792e-02 5.159444e-04
1685 1.403817e-02 5.152191e-04
1686 1.401845e-02 5.144948e-04
1687 1.399875e-02 5.137715e-04
1688 1.397908e-02 5.130493e-04
1689 1.395945e-02 5.123280e-04
1690 1.393983e-02 5.116078e-04
1691 1.392025e-02 5.108886e-04
1692 1.390069e-02 5.101704e-04
1693 1.388116e-02 5.094532e-04
1694 1.386166e-02 5.087370e-04
1695 1.384219e-02 5.080218e-04
1696 1.382274e-02 5.073077e-04
1697 1.380332e-02 5.065945e-04
1698 1.378393e-02 5.058823e-04
1699 1.376456e-02 5.051712e-04
1700 1.374522e-02 5.044610e-04
1701 1.372591e-02 5.037519e-04
1702 1.370663e-02 5.030437e-04
1703 1.368737e-02 5.023365e-04
1704 1.366814e-02 5.016303e-04
1705 1.364894e-02 5.009252e-04
1706 1.362976e-02 5.002210e-04
1707 1.361061e-02 4.995178e-04
1708 1.359149e-02 4.988156e-04
1709 1.357240e-02 4.981143e-04
1710 1.355333e-02 4.974141e-04
1711 1.353429e-02 4.967149e-04
1712 1.351527e-02 4.960166e-04
1713 1.349629e-02 4.953193e-04
1714 1.347733e-02 4.946230e-04
1715 1.345839e-02 4.939277e-04
1716 1.343948e-02 4.932333e-04
1717 1.342060e-02 4.925400e-04
1718 1.340175e-02 4.918476e-04
1719 1.338292e-02 4.911561e-04
1720 1.336412e-02 4.904657e-04
1721 1.334534e-02 4.897762e-04
1722 1.332659e-02 4.890877e-04
1723 1.330787e-02 4.884001e-04
1724 1.328918e-02 4.877136e-04
1725 1.327051e-02 4.870280e-04
1726 1.325186e-02 4.863433e-04
1727 1.323324e-02 4.856596e-04
1728 1.321465e-02 4.849769e-04
1729 1.319609e-02 4.842951e-04
1730 1.317755e-02 4.836143e-04
1731 1.315904e-02 4.829345e-04
1732 1.314055e-02 4.822556e-04
1733 1.312209e-02 4.815777e-04
1734 1.310365e-02 4.809007e-04
1735 1.308524e-02 4.802247e-04
1736 1.306686e-02 4.795496e-04
1737 1.304850e-02 4.788754e-04
1738 1.303017e-02 4.782023e-04
1739 1.301187e-02 4.775300e-04
1740 1.299359e-02 4.768587e-04
1741 1.297533e-02 4.761884e-04
1742 1.295710e-02 4.755190e-04
1743 1.293890e-02 4.748505e-04
1744 1.292072e-02 4.741830e-04
1745 1.290257e-02 4.735164e-04
1746 1.288444e-02 4.728508e-04
1747 1.286634e-02 4.721861e-04
1748 1.284827e-02 4.715223e-04
1749 1.283022e-02 4.708594e-04
1750 1.281219e-02 4.701975e-04
1751 1.279419e-02 4.695365e-04
1752 1.277622e-02 4.688765e-04
1753 1.275827e-02 4.682174e-04
1754 1.274035e-02 4.675592e-04
1755 1.272245e-02 4.669019e-04
1756 1.270458e-02 4.662456e-04
1757 1.268673e-02 4.655901e-04
1758 1.266890e-02 4.649356e-04
1759 1.265111e-02 4.642820e-04
1760 1.263333e-02 4.636294e-04
1761 1.261559e-02 4.629776e-04
1762 1.259786e-02 4.623268e-04
1763 1.258016e-02 4.616769e-04
1764 1.256249e-02 4.610279e-04
1765 1.254484e-02 4.603798e-04
1766 1.252722e-02 4.597326e-04
1767 1.250962e-02 4.590864e-04
1768 1.249205e-02 4.584410e-04
1769 1.247450e-02 4.577966e-04
1770 1.245697e-02 4.571530e-04
1771 1.243947e-02 4.565104e-04
1772 1.242200e-02 4.558686e-04
1773 1.240455e-02 4.552278e-04
1774 1.238712e-02 4.545879e-04
1775 1.236972e-02 4.539488e-04
1776 1.235234e-02 4.533107e-04
1777 1.233499e-02 4.526735e-04
1778 1.231766e-02 4.520371e-04
1779 1.230036e-02 4.514017e-04
1780 1.228308e-02 4.507671e-04
1781 1.226582e-02 4.501335e-04
1782 1.224859e-02 4.495007e-04
1783 1.223138e-02 4.488688e-04
1784 1.221420e-02 4.482378e-04
1785 1.219704e-02 4.476077e-04
1786 1.217991e-02 4.469785e-04
1787 1.216280e-02 4.463502e-04
1788 1.214571e-02 4.457227e-04
1789 1.212865e-02 4.450962e-04
1790 1.211161e-02 4.444705e-04
1791 1.209459e-02 4.438457e-04
1792 1.207760e-02 4.432217e-04
1793 1.206064e-02 4.425987e-04
1794 1.204369e-02 4.419765e-04
1795 1.202677e-02 4.413552e-04
1796 1.200988e-02 4.407348e-04
1797 1.199301e-02 4.401152e-04
1798 1.197616e-02 4.394965e-04
1799 1.195934e-02 4.388787e-04
1800 1.194253e-02 4.382618e-04
1801 1.192576e-02 4.376457e-04
1802 1.190900e-02 4.370305e-04
1803 1.189227e-02 4.364161e-04
1804 1.187557e-02 4.358027e-04
1805 1.185889e-02 4.351900e-04
1806 1.184223e-02 4.345783e-04
1807 1.182559e-02 4.339674e-04
1808 1.180898e-02 4.333573e-04
1809 1.179239e-02 4.327482e-04
1810 1.177582e-02 4.321398e-04
1811 1.175928e-02 4.315324e-04
1812 1.174276e-02 4.309257e-04
1813 1.172627e-02 4.303200e-04
1814 1.170979e-02 4.297151e-04
1815 1.169334e-02 4.291110e-04
1816 1.167692e-02 4.285078e-04
1817 1.166051e-02 4.279054e-04
1818 1.164413e-02 4.273039e-04
1819 1.162778e-02 4.267032e-04
1820 1.161144e-02 4.261034e-04
1821 1.159513e-02 4.255044e-04
1822 1.157884e-02 4.249063e-04
1823 1.156258e-02 4.243090e-04
1824 1.154633e-02 4.237125e-04
1825 1.153011e-02 4.231169e-04
1826 1.151392e-02 4.225221e-04
1827 1.149774e-02 4.219282e-04
1828 1.148159e-02 4.213351e-04
1829 1.146546e-02 4.207428e-04
1830 1.144935e-02 4.201513e-04
1831 1.143327e-02 4.195607e-04
1832 1.141721e-02 4.189709e-04
1833 1.140117e-02 4.183820e-04
1834 1.138516e-02 4.177938e-04
1835 1.136916e-02 4.172065e-04
1836 1.135319e-02 4.166201e-04
1837 1.133724e-02 4.160344e-04
1838 1.132132e-02 4.154496e-04
1839 1.130541e-02 4.148656e-04
1840 1.128953e-02 4.142824e-04
1841 1.127367e-02 4.137000e-04
1842 1.125784e-02 4.131185e-04
1843 1.124202e-02 4.125378e-04
1844 1.122623e-02 4.119579e-04
1845 1.121046e-02 4.113788e-04
1846 1.119471e-02 4.108005e-04
1847 1.117899e-02 4.102230e-04
1848 1.116328e-02 4.096463e-04
1849 1.114760e-02 4.090705e-04
1850 1.113194e-02 4.084955e-04
1851 1.111631e-02 4.079212e-04
1852 1.110069e-02 4.073478e-04
1853 1.108510e-02 4.067752e-04
1854 1.106953e-02 4.062034e-04
1855 1.105398e-02 4.056324e-04
1856 1.103845e-02 4.050622e-04
1857 1.102294e-02 4.044928e-04
1858 1.100746e-02 4.039242e-04
1859 1.099200e-02 4.033564e-04
1860 1.097655e-02 4.027894e-04
1861 1.096114e-02 4.022232e-04
1862 1.094574e-02 4.016577e-04
1863 1.093036e-02 4.010931e-04
1864 1.091501e-02 4.005293e-04
1865 1.089968e-02 3.999663e-04
1866 1.088437e-02 3.994040e-04
1867 1.086908e-02 3.988426e-04
1868 1.085381e-02 3.982819e-04
1869 1.083856e-02 3.977221e-04
1870 1.082334e-02 3.971630e-04
1871 1.080813e-02 3.966047e-04
1872 1.079295e-02 3.960472e-04
1873 1.077779e-02 3.954904e-04
1874 1.076265e-02 3.949345e-04
1875 1.074753e-02 3.943793e-04
1876 1.073244e-02 3.938250e-04
1877 1.071736e-02 3.932714e-04
1878 1.070230e-02 3.927185e-04
1879 1.068727e-02 3.921665e-04
1880 1.067226e-02 3.916152e-04
1881 1.065727e-02 3.910647e-04
1882 1.064230e-02 3.905150e-04
1883 1.062735e-02 3.899660e-04
1884 1.061242e-02 3.894179e-04
1885 1.059751e-02 3.888704e-04
1886 1.058263e-02 3.883238e-04
1887 1.056776e-02 3.877779e-04
1888 1.055292e-02 3.872328e-04
1889 1.053809e-02 3.866885e-04
1890 1.052329e-02 3.861449e-04
1891 1.050851e-02 3.856021e-04
1892 1.049375e-02 3.850601e-04
1893 1.047901e-02 3.845188e-04
1894 1.046429e-02 3.839783e-04
1895 1.044959e-02 3.834385e-04
1896 1.043491e-02 3.828995e-04
1897 1.042025e-02 3.823613e-04
1898 1.040562e-02 3.818238e-04
1899 1.039100e-02 3.812870e-04
1900 1.037641e-02 3.807511e-04
1901 1.036183e-02 3.802158e-04
1902 1.034728e-02 3.796814e-04
1903 1.033274e-02 3.791476e-04
1904 1.031823e-02 3.786147e-04
1905 1.030373e-02 3.780825e-04
1906 1.028926e-02 3.775510e-04
1907 1.027481e-02 3.770203e-04
1908 1.026037e-02 3.764903e-04
1909 1.024596e-02 3.759610e-04
1910 1.023157e-02 3.754326e-04
1911 1.021720e-02 3.749048e-04
1912 1.020285e-02 3.743778e-04
1913 1.018852e-02 3.738515e-04
1914 1.017420e-02 3.733260e-04
1915 1.015991e-02 3.728012e-04
1916 1.014564e-02 3.722772e-04
1917 1.013139e-02 3.717539e-04
1918 1.011716e-02 3.712313e-04
1919 1.010295e-02 3.707094e-04
1920 1.008876e-02 3.701883e-04
1921 1.007459e-02 3.696680e-04
1922 1.006044e-02 3.691483e-04
1923 1.004631e-02 3.686294e-04
1924 1.003219e-02 3.681112e-04
1925 1.001810e-02 3.675938e-04
1926 1.000403e-02 3.670770e-04
1927 9.989980e-03 3.665610e-04
1928 9.975947e-03 3.660458e-04
1929 9.961935e-03 3.655312e-04
1930 9.947942e-03 3.650174e-04
1931 9.933969e-03 3.645043e-04
1932 9.920016e-03 3.639919e-04
1933 9.906082e-03 3.634802e-04
1934 9.892168e-03 3.629693e-04
1935 9.878273e-03 3.624591e-04
1936 9.864398e-03 3.619495e-04
1937 9.850543e-03 3.614408e-04
1938 9.836707e-03 3.609327e-04
1939 9.822890e-03 3.604253e-04
1940 9.809093e-03 3.599187e-04
1941 9.795315e-03 3.594127e-04
1942 9.781556e-03 3.589075e-04
1943 9.767817e-03 3.584030e-04
1944 9.754097e-03 3.578992e-04
1945 9.740397e-03 3.573961e-04
1946 9.726716e-03 3.568937e-04
1947 9.713054e-03 3.563920e-04
1948 9.699411e-03 3.558910e-04
1949 9.685787e-03 3.553907e-04
1950 9.672183e-03 3.548912e-04
1951 9.658597e-03 3.543923e-04
1952 9.645031e-03 3.538941e-04
1953 9.631484e-03 3.533967e-04
1954 9.617955e-03 3.528999e-04
1955 9.604446e-03 3.524038e-04
1956 9.590956e-03 3.519084e-04
1957 9.577485e-03 3.514138e-04
1958 9.564033e-03 3.509198e-04
1959 9.550599e-03 3.504265e-04
1960 9.537185e-03 3.499339e-04
1961 9.523789e-03 3.494420e-04
1962 9.510412e-03 3.489508e-04
1963 9.497054e-03 3.484603e-04
1964 9.483715e-03 3.479704e-04
1965 9.470395e-03 3.474813e-04
1966 9.457093e-03 3.469928e-04
1967 9.443810e-03 3.465051e-04
1968 9.430546e-03 3.460180e-04
1969 9.417300e-03 3.455316e-04
1970 9.404073e-03 3.450459e-04
1971 9.390864e-03 3.445609e-04
1972 9.377674e-03 3.440765e-04
1973 9.364503e-03 3.435928e-04
1974 9.351350e-03 3.431099e-04
1975 9.338216e-03 3.426275e-04
1976 9.325100e-03 3.421459e-04
1977 9.312002e-03 3.416650e-04
1978 9.298923e-03 3.411847e-04
1979 9.285863e-03 3.407051e-04
1980 9.272820e-03 3.402261e-04
1981 9.259796e-03 3.397479e-04
1982 9.246790e-03 3.392703e-04
1983 9.233803e-03 3.387934e-04
1984 9.220834e-03 3.383172e-04
1985 9.207883e-03 3.378416e-04
1986 9.194950e-03 3.373667e-04
1987 9.182036e-03 3.368925e-04
1988 9.169139e-03 3.364189e-04
1989 9.156261e-03 3.359460e-04
1990 9.143401e-03 3.354737e-04
1991 9.130559e-03 3.350022e-04
1992 9.117735e-03 3.345313e-04
1993 9.104929e-03 3.340610e-04
1994 9.092141e-03 3.335914e-04
1995 9.079371e-03 3.331225e-04
1996 9.066619e-03 3.326542e-04
1997 9.053885e-03 3.321866e-04
1998 9.041168e-03 3.317197e-04
1999 9.028470e-03 3.312534e-04
2000 9.015790e-03 3.307877e-04
2001 9.003127e-03 3.303227e-04
2002 8.990482e-03 3.298584e-04
2003 8.977855e-03 3.293947e-04
2004 8.965245e-03 3.289317e-04
2005 8.952654e-03 3.284693e-04
2006 8.940080e-03 3.280076e-04
2007 8.927524e-03 3.275465e-04
2008 8.914985e-03 3.270861e-04
2009 8.902464e-03 3.266263e-04
2010 8.889961e-03 3.261672e-04
2011 8.877475e-03 3.257087e-04
2012 8.865007e-03 3.252508e-04
2013 8.852556e-03 3.247936e-04
2014 8.840123e-03 3.243371e-04
2015 8.827707e-03 3.238811e-04
2016 8.815309e-03 3.234259e-04
2017 8.802928e-03 3.229712e-04
2018 8.790564e-03 3.225172e-04
2019 8.778218e-03 3.220639e-04
2020 8.765889e-03 3.216111e-04
2021 8.753578e-03 3.211590e-04
2022 8.741284e-03 3.207076e-04
2023 8.729007e-03 3.202568e-04
2024 8.716748e-03 3.198066e-04
2025 8.704505e-03 3.193570e-04
2026 8.692280e-03 3.189081e-04
2027 8.680072e-03 3.184598e-04
2028 8.667881e-03 3.180122e-04
2029 8.655708e-03 3.175652e-04
2030 8.643551e-03 3.171188e-04
2031 8.631412e-03 3.166730e-04
2032 8.619289e-03 3.162278e-04
2033 8.607184e-03 3.157833e-04
2034 8.595096e-03 3.153394e-04
2035 8.583024e-03 3.148962e-04
2036 8.570970e-03 3.144535e-04
2037 8.558933e-03 3.140115e-04
2038 8.546912e-03 3.135701e-04
2039 8.534909e-03 3.131293e-04
2040 8.522922e-03 3.126891e-04
2041 8.510952e-03 3.122496e-04
2042 8.498999e-03 3.118107e-04
2043 8.487063e-03 3.113723e-04
2044 8.475143e-03 3.109347e-04
2045 8.463241e-03 3.104976e-04
2046 8.451355e-03 3.100611e-04
2047 8.439485e-03 3.096253e-04
2048 8.427633e-03 3.091900e-04
2049 8.415797e-03 3.087554e-04
2050 8.403978e-03 3.083214e-04
2051 8.392175e-03 3.078880e-04
2052 8.380389e-03 3.074552e-04
2053 8.368619e-03 3.070230e-04
2054 8.356866e-03 3.065914e-04
2055 8.345130e-03 3.061604e-04
2056 8.333410e-03 3.057301e-04
2057 8.321707e-03 3.053003e-04
2058 8.310020e-03 3.048712e-04
2059 8.298349e-03 3.044426e-04
2060 8.286695e-03 3.040146e-04
2061 8.275057e-03 3.035873e-04
2062 8.263436e-03 3.031605e-04
2063 8.251830e-03 3.027344e-04
2064 8.240242e-03 3.023088e-04
2065 8.228669e-03 3.018839e-04
2066 8.217113e-03 3.014595e-04
2067 8.205573e-03 3.010358e-04
2068 8.194049e-03 3.006126e-04
2069 8.182542e-03 3.001900e-04
2070 8.171050e-03 2.997681e-04
2071 8.159575e-03 2.993467e-04
2072 8.148116e-03 2.989259e-04
2073 8.136673e-03 2.985057e-04
2074 8.125246e-03 2.980861e-04
2075 8.113835e-03 2.976671e-04
2076 8.102440e-03 2.972486e-04
2077 8.091062e-03 2.968308e-04
2078 8.079699e-03 2.964136e-04
2079 8.068352e-03 2.959969e-04
2080 8.057021e-03 2.955808e-04
2081 8.045706e-03 2.951653e-04
2082 8.034407e-03 2.947504e-04
2083 8.023124e-03 2.943361e-04
2084 8.011857e-03 2.939223e-04
2085 8.000605e-03 2.935092e-04
2086 7.989370e-03 2.930966e-04
2087 7.978150e-03 2.926846e-04
2088 7.966946e-03 2.922732e-04
2089 7.955757e-03 2.918623e-04
2090 7.944585e-03 2.914520e-04
2091 7.933428e-03 2.910423e-04
2092 7.922287e-03 2.906332e-04
2093 7.911161e-03 2.902247e-04
2094 7.900051e-03 2.898167e-04
2095 7.888957e-03 2.894093e-04
2096 7.877878e-03 2.890025e-04
2097 7.866815e-03 2.885963e-04
2098 7.855768e-03 2.881906e-04
2099 7.844736e-03 2.877855e-04
2100 7.833719e-03 2.873809e-04
2101 7.822718e-03 2.869770e-04
2102 7.811732e-03 2.865736e-04
2103 7.800762e-03 2.861707e-04
2104 7.789807e-03 2.857685e-04
2105 7.778868e-03 2.853668e-04
2106 7.767944e-03 2.849656e-04
2107 7.757036e-03 2.845651e-04
2108 7.746142e-03 2.841651e-04
2109 7.735264e-03 2.837656e-04
2110 7.724402e-03 2.833667e-04
2111 7.713554e-03 2.829684e-04
2112 7.702722e-03 2.825706e-04
2113 7.691905e-03 2.821734e-04
2114 7.681104e-03 2.817768e-04
2115 7.670317e-03 2.813807e-04
2116 7.659546e-03 2.809851e-04
2117 7.648790e-03 2.805902e-04
2118 7.638049e-03 2.801957e-04
2119 7.627323e-03 2.798019e-04
2120 7.616612e-03 2.794086e-04
2121 7.605916e-03 2.790158e-04
2122 7.595235e-03 2.786236e-04
2123 7.584569e-03 2.782319e-04
2124 7.573918e-03 2.778408e-04
2125 7.563283e-03 2.774503e-04
2126 7.552662e-03 2.770603e-04
2127 7.542056e-03 2.766708e-04
2128 7.531465e-03 2.762819e-04
2129 7.520888e-03 2.758935e-04
2130 7.510327e-03 2.755057e-04
2131 7.499781e-03 2.751184e-04
2132 7.489249e-03 2.747317e-04
2133 7.478732e-03 2.743455e-04
2134 7.468230e-03 2.739599e-04
2135 7.457743e-03 2.735748e-04
2136 7.447270e-03 2.731902e-04
2137 7.436813e-03 2.728062e-04
2138 7.426369e-03 2.724227e-04
2139 7.415941e-03 2.720398e-04
2140 7.405527e-03 2.716573e-04
2141 7.395128e-03 2.712755e-04
2142 7.384744e-03 2.708942e-04
2143 7.374374e-03 2.705134e-04
2144 7.364018e-03 2.701331e-04
2145 7.353678e-03 2.697534e-04
2146 7.343351e-03 2.693742e-04
2147 7.333040e-03 2.689955e-04
2148 7.322742e-03 2.686174e-04
2149 7.312460e-03 2.682398e-04
2150 7.302191e-03 2.678628e-04
2151 7.291937e-03 2.674862e-04
2152 7.281698e-03 2.671102e-04
2153 7.271473e-03 2.667347e-04
2154 7.261262e-03 2.663598e-04
2155 7.251066e-03 2.659854e-04
2156 7.240884e-03 2.656115e-04
2157 7.230716e-03 2.652381e-04
2158 7.220563e-03 2.648653e-04
2159 7.210424e-03 2.644930e-04
2160 7.200299e-03 2.641212e-04
2161 7.190188e-03 2.637499e-04
2162 7.180092e-03 2.633791e-04
2163 7.170010e-03 2.630089e-04
2164 7.159941e-03 2.626392e-04
2165 7.149888e-03 2.622700e-04
2166 7.139848e-03 2.619013e-04
2167 7.129822e-03 2.615332e-04
2168 7.119811e-03 2.611656e-04
2169 7.109813e-03 2.607984e-04
2170 7.099830e-03 2.604318e-04
2171 7.089860e-03 2.600658e-04
2172 7.079905e-03 2.597002e-04
2173 7.069963e-03 2.593351e-04
2174 7.060036e-03 2.589706e-04
2175 7.050122e-03 2.586066e-04
2176 7.040223e-03 2.582430e-04
2177 7.030337e-03 2.578800e-04
2178 7.020466e-03 2.575175e-04
2179 7.010608e-03 2.571555e-04
2180 7.000764e-03 2.567941e-04
2181 6.990934e-03 2.564331e-04
2182 6.981117e-03 2.560726e-04
2183 6.971315e-03 2.557127e-04
2184 6.961526e-03 2.553532e-04
2185 6.951751e-03 2.549943e-04
2186 6.941990e-03 2.546358e-04
2187 6.932242e-03 2.542779e-04
2188 6.922508e-03 2.539204e-04
2189 6.912788e-03 2.535635e-04
2190 6.903082e-03 2.532071e-04
2191 6.893389e-03 2.528511e-04
2192 6.883710e-03 2.524957e-04
2193 6.874044e-03 2.521408e-04
2194 6.864392e-03 2.517864e-04
2195 6.854754e-03 2.514324e-04
2196 6.845129e-03 2.510790e-04
2197 6.835517e-03 2.507260e-04
2198 6.825919e-03 2.503736e-04
2199 6.816335e-03 2.500217e-04
2200 6.806764e-03 2.496702e-04
2201 6.797207e-03 2.493192e-04
2202 6.787663e-03 2.489688e-04
2203 6.778132e-03 2.486188e-04
2204 6.768615e-03 2.482693e-04
2205 6.759111e-03 2.479203e-04
2206 6.749621e-03 2.475718e-04
2207 6.740144e-03 2.472238e-04
2208 6.730680e-03 2.468763e-04
2209 6.721229e-03 2.465293e-04
2210 6.711792e-03 2.461827e-04
2211 6.702368e-03 2.458367e-04
2212 6.692957e-03 2.454911e-04
2213 6.683560e-03 2.451460e-04
2214 6.674176e-03 2.448014e-04
2215 6.664805e-03 2.444573e-04
2216 6.655447e-03 2.441137e-04
2217 6.646102e-03 2.437705e-04
2218 6.636770e-03 2.434279e-04
2219 6.627452e-03 2.430857e-04
2220 6.618147e-03 2.427440e-04
2221 6.608854e-03 2.424028e-04
2222 6.599575e-03 2.420620e-04
2223 6.590309e-03 2.417218e-04
2224 6.581056e-03 2.413820e-04
2225 6.571815e-03 2.410427e-04
2226 6.562588e-03 2.407038e-04
2227 6.553374e-03 2.403655e-04
2228 6.544173e-03 2.400276e-04
2229 6.534985e-03 2.396902e-04
2230 6.525809e-03 2.393533e-04
2231 6.516647e-03 2.390168e-04
2232 6.507497e-03 2.386808e-04
2233 6.498360e-03 2.383453e-04
2234 6.489236e-03 2.380103e-04
2235 6.480125e-03 2.376757e-04
2236 6.471027e-03 2.373416e-04
2237 6.461941e-03 2.370080e-04
2238 6.452869e-03 2.366748e-04
2239 6.443809e-03 2.363421e-04
2240 6.434762e-03 2.360099e-04
2241 6.425727e-03 2.356782e-04
2242 6.416705e-03 2.353469e-04
2243 6.407696e-03 2.350160e-04
2244 6.398700e-03 2.346857e-04
2245 6.389716e-03 2.343558e-04
2246 6.380745e-03 2.340264e-04
2247 6.371786e-03 2.336974e-04
2248 6.362840e-03 2.333689e-04
2249 6.353907e-03 2.330408e-04
2250 6.344986e-03 2.327133e-04
2251 6.336077e-03 2.323861e-04
2252 6.327182e-03 2.320595e-04
2253 6.318298e-03 2.317333e-04
2254 6.309428e-03 2.314075e-04
2255 6.300569e-03 2.310822e-04
2256 6.291723e-03 2.307574e-04
2257 6.282890e-03 2.304330e-04
2258 6.274069e-03 2.301091e-04
2259 6.265260e-03 2.297857e-04
2260 6.256464e-03 2.294627e-04
2261 6.247680e-03 2.291401e-04
2262 6.238909e-03 2.288180e-04
2263 6.230149e-03 2.284964e-04
2264 6.221402e-03 2.281752e-04
2265 6.212668e-03 2.278544e-04
2266 6.203946e-03 2.275341e-04
2267 6.195236e-03 2.272143e-04
2268 6.186538e-03 2.268949e-04
2269 6.177852e-03 2.265759e-04
2270 6.169179e-03 2.262575e-04
2271 6.160518e-03 2.259394e-04
2272 6.151869e-03 2.256218e-04
2273 6.143232e-03 2.253047e-04
2274 6.134607e-03 2.249879e-04
2275 6.125994e-03 2.246717e-04
2276 6.117394e-03 2.243559e-04
2277 6.108806e-03 2.240405e-04
2278 6.100229e-03 2.237256e-04
2279 6.091665e-03 2.234111e-04
2280 6.083113e-03 2.230970e-04
2281 6.074573e-03 2.227834e-04
2282 6.066044e-03 2.224703e-04
2283 6.057528e-03 2.221575e-04
2284 6.049024e-03 2.218453e-04
2285 6.040532e-03 2.215334e-04
2286 6.032051e-03 2.212220e-04
2287 6.023583e-03 2.209110e-04
2288 6.015126e-03 2.206005e-04
2289 6.006682e-03 2.202904e-04
2290 5.998249e-03 2.199807e-04
2291 5.989828e-03 2.196715e-04
2292 5.981419e-03 2.193627e-04
2293 5.973022e-03 2.190544e-04
2294 5.964636e-03 2.187465e-04
2295 5.956263e-03 2.184390e-04
2296 5.947901e-03 2.181319e-04
2297 5.939551e-03 2.178253e-04
2298 5.931212e-03 2.175191e-04
2299 5.922886e-03 2.172133e-04
2300 5.914571e-03 2.169080e-04
2301 5.906267e-03 2.166031e-04
2302 5.897976e-03 2.162986e-04
2303 5.889696e-03 2.159946e-04
2304 5.881427e-03 2.156909e-04
2305 5.873171e-03 2.153877e-04
2306 5.864926e-03 2.150850e-04
2307 5.856692e-03 2.147826e-04
2308 5.848470e-03 2.144807e-04
2309 5.840260e-03 2.141792e-04
2310 5.832061e-03 2.138782e-04
2311 5.823874e-03 2.135775e-04
2312 5.815698e-03 2.132773e-04
2313 5.807534e-03 2.129775e-04
2314 5.799381e-03 2.126781e-04
2315 5.791240e-03 2.123792e-04
2316 5.783110e-03 2.120806e-04
2317 5.774991e-03 2.117825e-04
2318 5.766884e-03 2.114848e-04
2319 5.758789e-03 2.111875e-04
2320 5.750704e-03 2.108906e-04
2321 5.742631e-03 2.105942e-04
2322 5.734570e-03 2.102982e-04
2323 5.726519e-03 2.100026e-04
2324 5.718481e-03 2.097074e-04
2325 5.710453e-03 2.094126e-04
2326 5.702437e-03 2.091182e-04
2327 5.694431e-03 2.088243e-04
2328 5.686438e-03 2.085307e-04
2329 5.678455e-03 2.082376e-04
2330 5.670484e-03 2.079449e-04
2331 5.662524e-03 2.076526e-04
2332 5.654575e-03 2.073607e-04
2333 5.646637e-03 2.070692e-04
2334 5.638710e-03 2.067781e-04
2335 5.630795e-03 2.064874e-04
2336 5.622890e-03 2.061972e-04
2337 5.614997e-03 2.059073e-04
2338 5.607115e-03 2.056179e-04
2339 5.599244e-03 2.053289e-04
2340 5.591384e-03 2.050402e-04
2341 5.583535e-03 2.047520e-04
2342 5.575697e-03 2.044642e-04
2343 5.567870e-03 2.041768e-04
2344 5.560054e-03 2.038898e-04
2345 5.552249e-03 2.036032e-04
2346 5.544455e-03 2.033170e-04
2347 5.536672e-03 2.030312e-04
2348 5.528900e-03 2.027458e-04
2349 5.521139e-03 2.024608e-04
2350 5.513389e-03 2.021762e-04
2351 5.505649e-03 2.018920e-04
2352 5.497921e-03 2.016082e-04
2353 5.490203e-03 2.013248e-04
2354 5.482497e-03 2.010418e-04
2355 5.474801e-03 2.007592e-04
2356 5.467116e-03 2.004770e-04
2357 5.459441e-03 2.001952e-04
2358 5.451778e-03 1.999138e-04
2359 5.444125e-03 1.996327e-04
2360 5.436483e-03 1.993521e-04
2361 5.428852e-03 1.990719e-04
2362 5.421232e-03 1.987921e-04
2363 5.413622e-03 1.985126e-04
2364 5.406023e-03 1.982336e-04
2365 5.398434e-03 1.979549e-04
2366 5.390857e-03 1.976767e-04
2367 5.383289e-03 1.973988e-04
2368 5.375733e-03 1.971213e-04
2369 5.368187e-03 1.968442e-04
2370 5.360652e-03 1.965675e-04
2371 5.353127e-03 1.962912e-04
2372 5.345613e-03 1.960153e-04
2373 5.338110e-03 1.957397e-04
2374 5.330617e-03 1.954646e-04
2375 5.323135e-03 1.951898e-04
2376 5.315663e-03 1.949155e-04
2377 5.308201e-03 1.946415e-04
2378 5.300750e-03 1.943679e-04
2379 5.293310e-03 1.940946e-04
2380 5.285880e-03 1.938218e-04
2381 5.278460e-03 1.935494e-04
2382 5.271051e-03 1.932773e-04
2383 5.263653e-03 1.930056e-04
2384 5.256264e-03 1.927343e-04
2385 5.248887e-03 1.924634e-04
2386 5.241519e-03 1.921928e-04
2387 5.234162e-03 1.919227e-04
2388 5.226815e-03 1.916529e-04
2389 5.219479e-03 1.913835e-04
2390 5.212152e-03 1.911145e-04
2391 5.204837e-03 1.908458e-04
2392 5.197531e-03 1.905775e-04
2393 5.190236e-03 1.903096e-04
2394 5.182951e-03 1.900421e-04
2395 5.175676e-03 1.897750e-04
2396 5.168411e-03 1.895082e-04
2397 5.161157e-03 1.892418e-04
2398 5.153913e-03 1.889758e-04
2399 5.146679e-03 1.887102e-04
2400 5.139455e-03 1.884449e-04
2401 5.132241e-03 1.881800e-04
2402 5.125038e-03 1.879155e-04
2403 5.117844e-03 1.876513e-04
2404 5.110661e-03 1.873876e-04
2405 5.103488e-03 1.871242e-04
2406 5.096325e-03 1.868611e-04
2407 5.089171e-03 1.865985e-04
2408 5.082028e-03 1.863362e-04
2409 5.074896e-03 1.860742e-04
2410 5.067773e-03 1.858127e-04
2411 5.060660e-03 1.855515e-04
2412 5.053557e-03 1.852906e-04
2413 5.046464e-03 1.850302e-04
2414 5.039381e-03 1.847701e-04
2415 5.032308e-03 1.845104e-04
2416 5.025245e-03 1.842510e-04
2417 5.018192e-03 1.839920e-04
2418 5.011148e-03 1.837334e-04
2419 5.004115e-03 1.834751e-04
2420 4.997092e-03 1.832172e-04
2421 4.990078e-03 1.829596e-04
2422 4.983075e-03 1.827024e-04
2423 4.976081e-03 1.824456e-04
2424 4.969097e-03 1.821892e-04
2425 4.962122e-03 1.819331e-04
2426 4.955158e-03 1.816773e-04
2427 4.948203e-03 1.814219e-04
2428 4.941259e-03 1.811669e-04
2429 4.934324e-03 1.809123e-04
2430 4.927398e-03 1.806580e-04
2431 4.920483e-03 1.804040e-04
2432 4.913577e-03 1.801504e-04
2433 4.906681e-03 1.798972e-04
2434 4.899794e-03 1.796443e-04
2435 4.892917e-03 1.793918e-04
2436 4.886050e-03 1.791396e-04
2437 4.879193e-03 1.788878e-04
2438 4.872345e-03 1.786363e-04
2439 4.865507e-03 1.783852e-04
2440 4.858678e-03 1.781345e-04
2441 4.851859e-03 1.778841e-04
2442 4.845050e-03 1.776340e-04
2443 4.838250e-03 1.773843e-04
2444 4.831460e-03 1.771350e-04
2445 4.824679e-03 1.768860e-04
2446 4.817908e-03 1.766373e-04
2447 4.811146e-03 1.763890e-04
2448 4.804394e-03 1.761411e-04
2449 4.797651e-03 1.758935e-04
2450 4.790918e-03 1.756462e-04
2451 4.784194e-03 1.753993e-04
2452 4.777480e-03 1.751528e-04
2453 4.770775e-03 1.749066e-04
2454 4.764080e-03 1.746607e-04
2455 4.757394e-03 1.744152e-04
2456 4.750717e-03 1.741700e-04
2457 4.744050e-03 1.739252e-04
2458 4.737392e-03 1.736807e-04
2459 4.730744e-03 1.734366e-04
2460 4.724105e-03 1.731928e-04
2461 4.717475e-03 1.729493e-04
2462 4.710854e-03 1.727062e-04
2463 4.704243e-03 1.724634e-04
2464 4.697641e-03 1.722210e-04
2465 4.691049e-03 1.719789e-04
2466 4.684465e-03 1.717372e-04
2467 4.677891e-03 1.714958e-04
2468 4.671326e-03 1.712547e-04
2469 4.664771e-03 1.710140e-04
2470 4.658224e-03 1.707736e-04
2471 4.651687e-03 1.705335e-04
2472 4.645159e-03 1.702938e-04
2473 4.638640e-03 1.700544e-04
2474 4.632131e-03 1.698154e-04
2475 4.625630e-03 1.695767e-04
2476 4.619139e-03 1.693383e-04
2477 4.612656e-03 1.691003e-04
2478 4.606183e-03 1.688626e-04
2479 4.599719e-03 1.686252e-04
2480 4.593264e-03 1.683881e-04
2481 4.586818e-03 1.681514e-04
2482 4.580382e-03 1.679151e-04
2483 4.573954e-03 1.676790e-04
2484 4.567535e-03 1.674433e-04
2485 4.561125e-03 1.672080e-04
2486 4.554725e-03 1.669729e-04
2487 4.548333e-03 1.667382e-04
2488 4.541950e-03 1.665038e-04
2489 4.535576e-03 1.662698e-04
2490 4.529212e-03 1.660361e-04
2491 4.522856e-03 1.658027e-04
2492 4.516509e-03 1.655696e-04
2493 4.510171e-03 1.653369e-04
2494 4.503842e-03 1.651044e-04
2495 4.497522e-03 1.648724e-04
2496 4.491210e-03 1.646406e-04
2497 4.484908e-03 1.644092e-04
2498 4.478614e-03 1.641781e-04
2499 4.472330e-03 1.639473e-04
2500 4.466054e-03 1.637168e-04
2501 4.459787e-03 1.634867e-04
2502 4.453528e-03 1.632569e-04
2503 4.447279e-03 1.630274e-04
2504 4.441038e-03 1.627982e-04
2505 4.434806e-03 1.625694e-04
2506 4.428583e-03 1.623409e-04
2507 4.422369e-03 1.621127e-04
2508 4.416163e-03 1.618848e-04
2509 4.409966e-03 1.616572e-04
2510 4.403778e-03 1.614300e-04
2511 4.397599e-03 1.612031e-04
2512 4.391428e-03 1.609765e-04
2513 4.385266e-03 1.607502e-04
2514 4.379112e-03 1.605242e-04
2515 4.372967e-03 1.602986e-04
2516 4.366831e-03 1.600732e-04
2517 4.360704e-03 1.598482e-04
2518 4.354585e-03 1.596235e-04
2519 4.348474e-03 1.593991e-04
2520 4.342372e-03 1.591751e-04
2521 4.336279e-03 1.589513e-04
2522 4.330195e-03 1.587279e-04
2523 4.324119e-03 1.585048e-04
2524 4.318051e-03 1.582820e-04
2525 4.311992e-03 1.580595e-04
2526 4.305942e-03 1.578373e-04
2527 4.299900e-03 1.576154e-04
2528 4.293866e-03 1.573939e-04
2529 4.287841e-03 1.571726e-04
2530 4.281825e-03 1.569517e-04
2531 4.275816e-03 1.567311e-04
2532 4.269817e-03 1.565107e-04
2533 4.263826e-03 1.562907e-04
2534 4.257843e-03 1.560710e-04
2535 4.251868e-03 1.558517e-04
2536 4.245903e-03 1.556326e-04
2537 4.239945e-03 1.554138e-04
2538 4.233996e-03 1.551953e-04
2539 4.228055e-03 1.549772e-04
2540 4.222122e-03 1.547593e-04
2541 4.216198e-03 1.545418e-04
2542 4.210282e-03 1.543246e-04
2543 4.204375e-03 1.541076e-04
2544 4.198476e-03 1.538910e-04
2545 4.192585e-03 1.536747e-04
2546 4.186702e-03 1.534587e-04
2547 4.180828e-03 1.532429e-04
2548 4.174962e-03 1.530275e-04
2549 4.169104e-03 1.528124e-04
2550 4.163254e-03 1.525976e-04
2551 4.157413e-03 1.523831e-04
2552 4.151580e-03 1.521689e-04
2553 4.145755e-03 1.519550e-04
2554 4.139938e-03 1.517414e-04
2555 4.134129e-03 1.515281e-04
2556 4.128329e-03 1.513151e-04
2557 4.122536e-03 1.511024e-04
2558 4.116752e-03 1.508900e-04
2559 4.110976e-03 1.506779e-04
2560 4.105208e-03 1.504661e-04
2561 4.099449e-03 1.502546e-04
2562 4.093697e-03 1.500434e-04
2563 4.087953e-03 1.498325e-04
2564 4.082218e-03 1.496218e-04
2565 4.076490e-03 1.494115e-04
2566 4.070771e-03 1.492015e-04
2567 4.065059e-03 1.489918e-04
2568 4.059356e-03 1.487823e-04
2569 4.053661e-03 1.485732e-04
2570 4.047973e-03 1.483643e-04
2571 4.042294e-03 1.481558e-04
2572 4.036623e-03 1.479475e-04
2573 4.030959e-03 1.477396e-04
2574 4.025304e-03 1.475319e-04
2575 4.019656e-03 1.473245e-04
2576 4.014017e-03 1.471174e-04
2577 4.008385e-03 1.469106e-04
2578 4.002761e-03 1.467041e-04
2579 3.997146e-03 1.464979e-04
2580 3.991538e-03 1.462919e-04
2581 3.985938e-03 1.460863e-04
2582 3.980346e-03 1.458810e-04
2583 3.974761e-03 1.456759e-04
2584 3.969185e-03 1.454711e-04
2585 3.963616e-03 1.452666e-04
2586 3.958056e-03 1.450624e-04
2587 3.952503e-03 1.448585e-04
2588 3.946958e-03 1.446549e-04
2589 3.941420e-03 1.444516e-04
2590 3.935891e-03 1.442485e-04
2591 3.930369e-03 1.440457e-04
2592 3.924855e-03 1.438432e-04
2593 3.919349e-03 1.436410e-04
2594 3.913850e-03 1.434391e-04
2595 3.908359e-03 1.432375e-04
2596 3.902876e-03 1.430362e-04
2597 3.897401e-03 1.428351e-04
2598 3.891933e-03 1.426343e-04
2599 3.886473e-03 1.424338e-04
2600 3.881021e-03 1.422336e-04
2601 3.875576e-03 1.420337e-04
2602 3.870139e-03 1.418340e-04
2603 3.864710e-03 1.416346e-04
2604 3.859288e-03 1.414355e-04
2605 3.853874e-03 1.412367e-04
2606 3.848467e-03 1.410382e-04
2607 3.843069e-03 1.408399e-04
2608 3.837677e-03 1.406420e-04
2609 3.832294e-03 1.404443e-04
2610 3.826917e-03 1.402468e-04
2611 3.821549e-03 1.400497e-04
2612 3.816188e-03 1.398528e-04
2613 3.810834e-03 1.396562e-04
2614 3.805488e-03 1.394599e-04
2615 3.800150e-03 1.392639e-04
2616 3.794819e-03 1.390681e-04
2617 3.789495e-03 1.388726e-04
2618 3.784179e-03 1.386774e-04
2619 3.778871e-03 1.384825e-04
2620 3.773570e-03 1.382878e-04
2621 3.768276e-03 1.380934e-04
2622 3.762990e-03 1.378993e-04
2623 3.757711e-03 1.377055e-04
2624 3.752440e-03 1.375119e-04
2625 3.747176e-03 1.373186e-04
2626 3.741920e-03 1.371256e-04
2627 3.736671e-03 1.369328e-04
2628 3.731429e-03 1.367403e-04
2629 3.726194e-03 1.365481e-04
2630 3.720967e-03 1.363562e-04
2631 3.715748e-03 1.361645e-04
2632 3.710535e-03 1.359731e-04
2633 3.705330e-03 1.357820e-04
2634 3.700133e-03 1.355911e-04
2635 3.694942e-03 1.354005e-04
2636 3.689759e-03 1.352102e-04
2637 3.684584e-03 1.350201e-04
2638 3.679415e-03 1.348303e-04
2639 3.674254e-03 1.346408e-04
2640 3.669100e-03 1.344515e-04
2641 3.663953e-03 1.342625e-04
2642 3.658814e-03 1.340738e-04
2643 3.653681e-03 1.338853e-04
2644 3.648556e-03 1.336971e-04
2645 3.643438e-03 1.335092e-04
2646 3.638328e-03 1.333215e-04
2647 3.633224e-03 1.331341e-04
2648 3.628128e-03 1.329470e-04
2649 3.623039e-03 1.327601e-04
2650 3.617957e-03 1.325735e-04
2651 3.612882e-03 1.323871e-04
2652 3.607814e-03 1.322010e-04
2653 3.602754e-03 1.320152e-04
2654 3.597700e-03 1.318296e-04
2655 3.592654e-03 1.316443e-04
2656 3.587615e-03 1.314593e-04
2657 3.582582e-03 1.312745e-04
2658 3.577557e-03 1.310899e-04
2659 3.572539e-03 1.309057e-04
2660 3.567528e-03 1.307217e-04
2661 3.562524e-03 1.305379e-04
2662 3.557527e-03 1.303544e-04
2663 3.552537e-03 1.301712e-04
2664 3.547555e-03 1.299882e-04
2665 3.542579e-03 1.298055e-04
2666 3.537610e-03 1.296230e-04
2667 3.532648e-03 1.294408e-04
2668 3.527693e-03 1.292588e-04
2669 3.522745e-03 1.290771e-04
2670 3.517804e-03 1.288957e-04
2671 3.512870e-03 1.287145e-04
2672 3.507943e-03 1.285336e-04
2673 3.503023e-03 1.283529e-04
2674 3.498109e-03 1.281725e-04
2675 3.493203e-03 1.279923e-04
2676 3.488303e-03 1.278124e-04
2677 3.483411e-03 1.276327e-04
2678 3.478525e-03 1.274533e-04
2679 3.473646e-03 1.272742e-04
2680 3.468774e-03 1.270952e-04
2681 3.463909e-03 1.269166e-04
2682 3.459051e-03 1.267382e-04
2683 3.454200e-03 1.265600e-04
2684 3.449355e-03 1.263821e-04
2685 3.444517e-03 1.262045e-04
2686 3.439686e-03 1.260271e-04
2687 3.434862e-03 1.258499e-04
2688 3.430044e-03 1.256730e-04
2689 3.425234e-03 1.254964e-04
2690 3.420430e-03 1.253199e-04
2691 3.415633e-03 1.251438e-04
2692 3.410842e-03 1.249679e-04
2693 3.406058e-03 1.247922e-04
2694 3.401281e-03 1.246168e-04
2695 3.396511e-03 1.244416e-04
2696 3.391748e-03 1.242667e-04
2697 3.386991e-03 1.240920e-04
2698 3.382241e-03 1.239176e-04
2699 3.377497e-03 1.237434e-04
2700 3.372760e-03 1.235694e-04
2701 3.368030e-03 1.233957e-04
2702 3.363307e-03 1.232223e-04
2703 3.358590e-03 1.230491e-04
2704 3.353880e-03 1.228761e-04
2705 3.349176e-03 1.227034e-04
2706 3.344479e-03 1.225309e-04
2707 3.339789e-03 1.223587e-04
2708 3.335105e-03 1.221867e-04
2709 3.330428e-03 1.220149e-04
2710 3.325757e-03 1.218434e-04
2711 3.321093e-03 1.216721e-04
2712 3.316435e-03 1.215011e-04
2713 3.311784e-03 1.213303e-04
2714 3.307140e-03 1.211597e-04
2715 3.302502e-03 1.209894e-04
2716 3.297871e-03 1.208194e-04
2717 3.293246e-03 1.206495e-04
2718 3.288627e-03 1.204799e-04
2719 3.284015e-03 1.203106e-04
2720 3.279410e-03 1.201414e-04
2721 3.274811e-03 1.199726e-04
2722 3.270219e-03 1.198039e-04
2723 3.265633e-03 1.196355e-04
2724 3.261053e-03 1.194673e-04
2725 3.256480e-03 1.192994e-04
2726 3.251913e-03 1.191317e-04
2727 3.247353e-03 1.189643e-04
2728 3.242799e-03 1.187970e-04
2729 3.238252e-03 1.186300e-04
2730 3.233711e-03 1.184633e-04
2731 3.229176e-03 1.182968e-04
2732 3.224648e-03 1.181305e-04
2733 3.220126e-03 1.179644e-04
2734 3.215610e-03 1.177986e-04
2735 3.211101e-03 1.176330e-04
2736 3.206598e-03 1.174677e-04
2737 3.202101e-03 1.173025e-04
2738 3.197611e-03 1.171376e-04
2739 3.193127e-03 1.169730e-04
2740 3.188650e-03 1.168086e-04
2741 3.184178e-03 1.166444e-04
2742 3.179713e-03 1.164804e-04
2743 3.175254e-03 1.163167e-04
2744 3.170802e-03 1.161532e-04
2745 3.166356e-03 1.159899e-04
2746 3.161916e-03 1.158268e-04
2747 3.157482e-03 1.156640e-04
2748 3.153054e-03 1.155014e-04
2749 3.148633e-03 1.153391e-04
2750 3.144218e-03 1.151769e-04
2751 3.139809e-03 1.150150e-04
2752 3.135406e-03 1.148534e-04
2753 3.131010e-03 1.146919e-04
2754 3.126620e-03 1.145307e-04
2755 3.122236e-03 1.143697e-04
2756 3.117858e-03 1.142089e-04
2757 3.113486e-03 1.140484e-04
2758 3.109120e-03 1.138881e-04
2759 3.104761e-03 1.137280e-04
2760 3.100407e-03 1.135681e-04
2761 3.096060e-03 1.134085e-04
2762 3.091719e-03 1.132491e-04
2763 3.087384e-03 1.130899e-04
2764 3.083055e-03 1.129309e-04
2765 3.078732e-03 1.127722e-04
2766 3.074415e-03 1.126136e-04
2767 3.070104e-03 1.124553e-04
2768 3.065799e-03 1.122973e-04
2769 3.061501e-03 1.121394e-04
2770 3.057208e-03 1.119818e-04
2771 3.052922e-03 1.118244e-04
2772 3.048641e-03 1.116672e-04
2773 3.044367e-03 1.115102e-04
2774 3.040098e-03 1.113534e-04
2775 3.035836e-03 1.111969e-04
2776 3.031579e-03 1.110406e-04
2777 3.027329e-03 1.108845e-04
2778 3.023084e-03 1.107287e-04
2779 3.018845e-03 1.105730e-04
2780 3.014613e-03 1.104176e-04
2781 3.010386e-03 1.102624e-04
2782 3.006165e-03 1.101074e-04
2783 3.001951e-03 1.099526e-04
2784 2.997742e-03 1.097980e-04
2785 2.993539e-03 1.096437e-04
2786 2.989342e-03 1.094896e-04
2787 2.985151e-03 1.093357e-04
2788 2.980965e-03 1.091820e-04
2789 2.976786e-03 1.090285e-04
2790 2.972612e-03 1.088752e-04
2791 2.968445e-03 1.087222e-04
2792 2.964283e-03 1.085694e-04
2793 2.960127e-03 1.084167e-04
2794 2.955977e-03 1.082643e-04
2795 2.951833e-03 1.081122e-04
2796 2.947694e-03 1.079602e-04
2797 2.943562e-03 1.078084e-04
2798 2.939435e-03 1.076569e-04
2799 2.935314e-03 1.075056e-04
2800 2.931199e-03 1.073544e-04
2801 2.927089e-03 1.072035e-04
2802 2.922986e-03 1.070528e-04
2803 2.918888e-03 1.069023e-04
2804 2.914796e-03 1.067521e-04
2805 2.910709e-03 1.066020e-04
2806 2.906629e-03 1.064522e-04
2807 2.902554e-03 1.063025e-04
2808 2.898485e-03 1.061531e-04
2809 2.894421e-03 1.060039e-04
2810 2.890364e-03 1.058549e-04
2811 2.886312e-03 1.057061e-04
2812 2.882265e-03 1.055575e-04
2813 2.878225e-03 1.054091e-04
2814 2.874190e-03 1.052609e-04
2815 2.870160e-03 1.051130e-04
2816 2.866137e-03 1.049652e-04
2817 2.862119e-03 1.048177e-04
2818 2.858107e-03 1.046703e-04
2819 2.854100e-03 1.045232e-04
2820 2.850099e-03 1.043763e-04
2821 2.846103e-03 1.042295e-04
2822 2.842114e-03 1.040830e-04
2823 2.838130e-03 1.039367e-04
2824 2.834151e-03 1.037906e-04
2825 2.830178e-03 1.036447e-04
2826 2.826211e-03 1.034990e-04
2827 2.822249e-03 1.033535e-04
2828 2.818292e-03 1.032083e-04
2829 2.814342e-03 1.030632e-04
2830 2.810397e-03 1.029183e-04
2831 2.806457e-03 1.027736e-04
2832 2.802523e-03 1.026292e-04
2833 2.798594e-03 1.024849e-04
2834 2.794672e-03 1.023408e-04
2835 2.790754e-03 1.021970e-04
2836 2.786842e-03 1.020533e-04
2837 2.782936e-03 1.019099e-04
2838 2.779035e-03 1.017666e-04
2839 2.775139e-03 1.016236e-04
2840 2.771249e-03 1.014807e-04
2841 2.767365e-03 1.013381e-04
2842 2.763485e-03 1.011956e-04
2843 2.759612e-03 1.010534e-04
2844 2.755744e-03 1.009113e-04
2845 2.751881e-03 1.007695e-04
2846 2.748023e-03 1.006278e-04
2847 2.744172e-03 1.004864e-04
2848 2.740325e-03 1.003451e-04
2849 2.736484e-03 1.002041e-04
2850 2.732648e-03 1.000632e-04
2851 2.728818e-03 9.992255e-05
2852 2.724993e-03 9.978209e-05
2853 2.721174e-03 9.964183e-05
2854 2.717359e-03 9.950176e-05
2855 2.713551e-03 9.936190e-05
2856 2.709747e-03 9.922222e-05
2857 2.705949e-03 9.908275e-05
2858 2.702156e-03 9.894347e-05
2859 2.698369e-03 9.880439e-05
2860 2.694587e-03 9.866550e-05
2861 2.690810e-03 9.852681e-05
2862 2.687039e-03 9.838831e-05
2863 2.683272e-03 9.825001e-05
2864 2.679512e-03 9.811190e-05
2865 2.675756e-03 9.797398e-05
2866 2.672006e-03 9.783626e-05
2867 2.668261e-03 9.769873e-05
2868 2.664521e-03 9.756140e-05
2869 2.660786e-03 9.742426e-05
2870 2.657057e-03 9.728731e-05
2871 2.653333e-03 9.715056e-05
2872 2.649614e-03 9.701399e-05
2873 2.645901e-03 9.687762e-05
2874 2.642192e-03 9.674144e-05
2875 2.638489e-03 9.660546e-05
2876 2.634791e-03 9.646966e-05
2877 2.631099e-03 9.633405e-05
2878 2.627411e-03 9.619864e-05
2879 2.623729e-03 9.606341e-05
2880 2.620052e-03 9.592838e-05
2881 2.616380e-03 9.579353e-05
2882 2.612713e-03 9.565888e-05
2883 2.609051e-03 9.552441e-05
2884 2.605395e-03 9.539013e-05
2885 2.601743e-03 9.525604e-05
2886 2.598097e-03 9.512214e-05
2887 2.594456e-03 9.498843e-05
2888 2.590820e-03 9.485491e-05
2889 2.587189e-03 9.472157e-05
2890 2.583563e-03 9.458842e-05
2891 2.579942e-03 9.445546e-05
2892 2.576327e-03 9.432269e-05
2893 2.572716e-03 9.419010e-05
2894 2.569111e-03 9.405770e-05
2895 2.565510e-03 9.392548e-05
2896 2.561915e-03 9.379345e-05
2897 2.558325e-03 9.366161e-05
2898 2.554740e-03 9.352995e-05
2899 2.551159e-03 9.339848e-05
2900 2.547584e-03 9.326719e-05
2901 2.544014e-03 9.313608e-05
2902 2.540449e-03 9.300516e-05
2903 2.536889e-03 9.287443e-05
2904 2.533334e-03 9.274387e-05
2905 2.529784e-03 9.261350e-05
2906 2.526239e-03 9.248332e-05
2907 2.522698e-03 9.235332e-05
2908 2.519163e-03 9.222350e-05
2909 2.515633e-03 9.209386e-05
2910 2.512108e-03 9.196440e-05
2911 2.508588e-03 9.183513e-05
2912 2.505072e-03 9.170604e-05
2913 2.501562e-03 9.157713e-05
2914 2.498057e-03 9.144840e-05
2915 2.494556e-03 9.131985e-05
2916 2.491061e-03 9.119149e-05
2917 2.487570e-03 9.106330e-05
2918 2.484084e-03 9.093529e-05
2919 2.480603e-03 9.080747e-05
2920 2.477127e-03 9.067982e-05
2921 2.473656e-03 9.055235e-05
2922 2.470190e-03 9.042507e-05
2923 2.466729e-03 9.029796e-05
2924 2.463272e-03 9.017103e-05
2925 2.459821e-03 9.004427e-05
2926 2.456374e-03 8.991770e-05
2927 2.452932e-03 8.979130e-05
2928 2.449495e-03 8.966509e-05
2929 2.446063e-03 8.953904e-05
2930 2.442635e-03 8.941318e-05
2931 2.439213e-03 8.928749e-05
2932 2.435795e-03 8.916198e-05
2933 2.432382e-03 8.903665e-05
2934 2.428974e-03 8.891149e-05
2935 2.425571e-03 8.878651e-05
2936 2.422172e-03 8.866170e-05
2937 2.418778e-03 8.853707e-05
2938 2.415389e-03 8.841262e-05
2939 2.412005e-03 8.828834e-05
2940 2.408625e-03 8.816423e-05
2941 2.405251e-03 8.804030e-05
2942 2.401881e-03 8.791654e-05
2943 2.398515e-03 8.779296e-05
2944 2.395155e-03 8.766955e-05
2945 2.391799e-03 8.754632e-05
2946 2.388448e-03 8.742325e-05
2947 2.385101e-03 8.730036e-05
2948 2.381760e-03 8.717765e-05
2949 2.378423e-03 8.705510e-05
2950 2.375090e-03 8.693273e-05
2951 2.371763e-03 8.681053e-05
2952 2.368440e-03 8.668850e-05
2953 2.365122e-03 8.656665e-05
2954 2.361808e-03 8.644496e-05
2955 2.358499e-03 8.632345e-05
2956 2.355195e-03 8.620210e-05
2957 2.351895e-03 8.608093e-05
2958 2.348600e-03 8.595993e-05
2959 2.345310e-03 8.583909e-05
2960 2.342024e-03 8.571843e-05
2961 2.338743e-03 8.559794e-05
2962 2.335466e-03 8.547761e-05
2963 2.332194e-03 8.535746e-05
2964 2.328927e-03 8.523747e-05
2965 2.325664e-03 8.511766e-05
2966 2.322406e-03 8.499801e-05
2967 2.319153e-03 8.487853e-05
2968 2.315904e-03 8.475921e-05
2969 2.312659e-03 8.464007e-05
2970 2.309419e-03 8.452109e-05
2971 2.306184e-03 8.440228e-05
2972 2.302953e-03 8.428364e-05
2973 2.299727e-03 8.416516e-05
2974 2.296506e-03 8.404685e-05
2975 2.293288e-03 8.392871e-05
2976 2.290076e-03 8.381073e-05
2977 2.286868e-03 8.369292e-05
2978 2.283664e-03 8.357528e-05
2979 2.280465e-03 8.345779e-05
2980 2.277270e-03 8.334048e-05
2981 2.274080e-03 8.322333e-05
2982 2.270895e-03 8.310634e-05
2983 2.267714e-03 8.298952e-05
2984 2.264537e-03 8.287286e-05
2985 2.261365e-03 8.275637e-05
2986 2.258197e-03 8.264004e-05
2987 2.255034e-03 8.252388e-05
2988 2.251875e-03 8.240787e-05
2989 2.248720e-03 8.229203e-05
2990 2.245571e-03 8.217636e-05
2991 2.242425e-03 8.206084e-05
2992 2.239284e-03 8.194549e-05
2993 2.236147e-03 8.183030e-05
2994 2.233015e-03 8.171527e-05
2995 2.229887e-03 8.160041e-05
2996 2.226764e-03 8.148570e-05
2997 2.223644e-03 8.137116e-05
2998 2.220530e-03 8.125678e-05
2999 2.217419e-03 8.114256e-05
3000 2.214313e-03 8.102849e-05
3001 2.211212e-03 8.091459e-05
3002 2.208115e-03 8.080085e-05
3003 2.205022e-03 8.068727e-05
3004 2.201933e-03 8.057385e-05
3005 2.198849e-03 8.046059e-05
3006 2.195769e-03 8.034749e-05
3007 2.192694e-03 8.023455e-05
3008 2.189623e-03 8.012176e-05
3009 2.186556e-03 8.000913e-05
3010 2.183493e-03 7.989667e-05
3011 2.180435e-03 7.978436e-05
3012 2.177381e-03 7.967221e-05
3013 2.174331e-03 7.956021e-05
3014 2.171286e-03 7.944837e-05
3015 2.168245e-03 7.933670e-05
3016 2.165208e-03 7.922517e-05
3017 2.162175e-03 7.911381e-05
3018 2.159147e-03 7.900260e-05
3019 2.156123e-03 7.889155e-05
3020 2.153103e-03 7.878065e-05
3021 2.150088e-03 7.866991e-05
3022 2.147076e-03 7.855932e-05
3023 2.144069e-03 7.844889e-05
3024 2.141067e-03 7.833862e-05
3025 2.138068e-03 7.822850e-05
3026 2.135074e-03 7.811853e-05
3027 2.132083e-03 7.800872e-05
3028 2.129097e-03 7.789907e-05
3029 2.126116e-03 7.778957e-05
3030 2.123138e-03 7.768022e-05
3031 2.120165e-03 7.757103e-05
3032 2.117195e-03 7.746198e-05
3033 2.114230e-03 7.735310e-05
3034 2.111269e-03 7.724436e-05
3035 2.108313e-03 7.713578e-05
3036 2.105360e-03 7.702735e-05
3037 2.102412e-03 7.691908e-05
3038 2.099467e-03 7.681095e-05
3039 2.096527e-03 7.670298e-05
3040 2.093591e-03 7.659516e-05
3041 2.090660e-03 7.648749e-05
3042 2.087732e-03 7.637997e-05
3043 2.084808e-03 7.627261e-05
3044 2.081889e-03 7.616539e-05
3045 2.078973e-03 7.605833e-05
3046 2.076062e-03 7.595141e-05
3047 2.073155e-03 7.584465e-05
3048 2.070252e-03 7.573804e-05
3049 2.067353e-03 7.563157e-05
3050 2.064458e-03 7.552526e-05
3051 2.061567e-03 7.541909e-05
3052 2.058680e-03 7.531308e-05
3053 2.055797e-03 7.520721e-05
3054 2.052918e-03 7.510149e-05
3055 2.050044e-03 7.499592e-05
3056 2.047173e-03 7.489050e-05
3057 2.044306e-03 7.478523e-05
3058 2.041444e-03 7.468011e-05
3059 2.038585e-03 7.457513e-05
3060 2.035731e-03 7.447030e-05
3061 2.032880e-03 7.436562e-05
3062 2.030034e-03 7.426108e-05
3063 2.027191e-03 7.415670e-05
3064 2.024353e-03 7.405246e-05
3065 2.021518e-03 7.394836e-05
3066 2.018688e-03 7.384441e-05
3067 2.015861e-03 7.374061e-05
3068 2.013038e-03 7.363696e-05
3069 2.010220e-03 7.353344e-05
3070 2.007405e-03 7.343008e-05
3071 2.004595e-03 7.332686e-05
3072 2.001788e-03 7.322379e-05
3073 1.998985e-03 7.312086e-05
3074 1.996186e-03 7.301807e-05
3075 1.993391e-03 7.291543e-05
3076 1.990600e-03 7.281293e-05
3077 1.987813e-03 7.271058e-05
3078 1.985030e-03 7.260837e-05
3079 1.982251e-03 7.250631e-05
3080 1.979475e-03 7.240439e-05
3081 1.976704e-03 7.230261e-05
3082 1.973937e-03 7.220098e-05
3083 1.971173e-03 7.209948e-05
3084 1.968413e-03 7.199813e-05
3085 1.965657e-03 7.189693e-05
3086 1.962905e-03 7.179586e-05
3087 1.960157e-03 7.169494e-05
3088 1.957413e-03 7.159416e-05
3089 1.954672e-03 7.149352e-05
3090 1.951936e-03 7.139302e-05
3091 1.949203e-03 7.129267e-05
3092 1.946474e-03 7.119245e-05
3093 1.943749e-03 7.109238e-05
3094 1.941028e-03 7.099245e-05
3095 1.938311e-03 7.089265e-05
3096 1.935597e-03 7.079300e-05
3097 1.932887e-03 7.069349e-05
3098 1.930182e-03 7.059411e-05
3099 1.927479e-03 7.049488e-05
3100 1.924781e-03 7.039579e-05
3101 1.922087e-03 7.029683e-05
3102 1.919396e-03 7.019802e-05
3103 1.916709e-03 7.009934e-05
3104 1.914026e-03 7.000080e-05
3105 1.911346e-03 6.990240e-05
3106 1.908671e-03 6.980414e-05
3107 1.905999e-03 6.970602e-05
3108 1.903331e-03 6.960804e-05
3109 1.900666e-03 6.951019e-05
3110 1.898006e-03 6.941248e-05
3111 1.895349e-03 6.931491e-05
3112 1.892696e-03 6.921747e-05
3113 1.890046e-03 6.912017e-05
3114 1.887401e-03 6.902301e-05
3115 1.884759e-03 6.892599e-05
3116 1.882120e-03 6.882910e-05
3117 1.879486e-03 6.873235e-05
3118 1.876855e-03 6.863573e-05
3119 1.874228e-03 6.853925e-05
3120 1.871604e-03 6.844291e-05
3121 1.868985e-03 6.834670e-05
3122 1.866368e-03 6.825062e-05
3123 1.863756e-03 6.815469e-05
3124 1.861147e-03 6.805888e-05
3125 1.858542e-03 6.796321e-05
3126 1.855941e-03 6.786768e-05
3127 1.853343e-03 6.777228e-05
3128 1.850749e-03 6.767701e-05
3129 1.848159e-03 6.758188e-05
3130 1.845572e-03 6.748688e-05
3131 1.842989e-03 6.739201e-05
3132 1.840409e-03 6.729728e-05
3133 1.837833e-03 6.720268e-05
3134 1.835261e-03 6.710822e-05
3135 1.832692e-03 6.701388e-05
3136 1.830127e-03 6.691968e-05
3137 1.827566e-03 6.682561e-05
3138 1.825008e-03 6.673168e-05
3139 1.822454e-03 6.663788e-05
3140 1.819903e-03 6.654420e-05
3141 1.817356e-03 6.645066e-05
3142 1.814812e-03 6.635725e-05
3143 1.812273e-03 6.626398e-05
3144 1.809736e-03 6.617083e-05
3145 1.807203e-03 6.607781e-05
3146 1.804674e-03 6.598493e-05
3147 1.802149e-03 6.589218e-05
3148 1.799626e-03 6.579955e-05
3149 1.797108e-03 6.570706e-05
3150 1.794593e-03 6.561470e-05
3151 1.792081e-03 6.552246e-05
3152 1.789573e-03 6.543036e-05
3153 1.787069e-03 6.533838e-05
3154 1.784568e-03 6.524654e-05
3155 1.782071e-03 6.515482e-05
3156 1.779577e-03 6.506323e-05
3157 1.777086e-03 6.497178e-05
3158 1.774600e-03 6.488045e-05
3159 1.772116e-03 6.478925e-05
3160 1.769636e-03 6.469817e-05
3161 1.767160e-03 6.460723e-05
3162 1.764687e-03 6.451641e-05
3163 1.762218e-03 6.442572e-05
3164 1.759752e-03 6.433516e-05
3165 1.757289e-03 6.424472e-05
3166 1.754830e-03 6.415441e-05
3167 1.752374e-03 6.406423e-05
3168 1.749922e-03 6.397418e-05
3169 1.747474e-03 6.388425e-05
3170 1.745028e-03 6.379445e-05
3171 1.742587e-03 6.370478e-05
3172 1.740148e-03 6.361523e-05
3173 1.737713e-03 6.352580e-05
3174 1.735282e-03 6.343651e-05
3175 1.732854e-03 6.334733e-05
3176 1.730429e-03 6.325829e-05
3177 1.728008e-03 6.316937e-05
3178 1.725590e-03 6.308057e-05
3179 1.723175e-03 6.299190e-05
3180 1.720764e-03 6.290335e-05
3181 1.718357e-03 6.281493e-05
3182 1.715952e-03 6.272663e-05
3183 1.713551e-03 6.263846e-05
3184 1.711154e-03 6.255041e-05
3185 1.708760e-03 6.246248e-05
3186 1.706369e-03 6.237468e-05
3187 1.703982e-03 6.228700e-05
3188 1.701597e-03 6.219944e-05
3189 1.699217e-03 6.211201e-05
3190 1.696839e-03 6.202470e-05
3191 1.694465e-03 6.193751e-05
3192 1.692095e-03 6.185045e-05
3193 1.689727e-03 6.176351e-05
3194 1.687363e-03 6.167669e-05
3195 1.685002e-03 6.158999e-05
3196 1.682645e-03 6.150341e-05
3197 1.680291e-03 6.141696e-05
3198 1.677940e-03 6.133062e-05
3199 1.675593e-03 6.124441e-05
3200 1.673249e-03 6.115832e-05
3201 1.670908e-03 6.107235e-05
3202 1.668570e-03 6.098650e-05
3203 1.666236e-03 6.090078e-05
3204 1.663905e-03 6.081517e-05
3205 1.661577e-03 6.072968e-05
3206 1.659253e-03 6.064432e-05
3207 1.656931e-03 6.055907e-05
3208 1.654613e-03 6.047394e-05
3209 1.652299e-03 6.038893e-05
3210 1.649987e-03 6.030405e-05
3211 1.647679e-03 6.021928e-05
3212 1.645374e-03 6.013463e-05
3213 1.643073e-03 6.005010e-05
3214 1.640774e-03 5.996569e-05
3215 1.638479e-03 5.988139e-05
3216 1.636187e-03 5.979722e-05
3217 1.633898e-03 5.971316e-05
3218 1.631613e-03 5.962923e-05
3219 1.629330e-03 5.954541e-05
3220 1.627051e-03 5.946170e-05
3221 1.624775e-03 5.937812e-05
3222 1.622503e-03 5.929465e-05
3223 1.620233e-03 5.921130e-05
3224 1.617967e-03 5.912807e-05
3225 1.615704e-03 5.904495e-05
3226 1.613444e-03 5.896196e-05
3227 1.611187e-03 5.887907e-05
3228 1.608933e-03 5.879631e-05
3229 1.606683e-03 5.871366e-05
3230 1.604436e-03 5.863113e-05
3231 1.602191e-03 5.854871e-05
3232 1.599950e-03 5.846641e-05
3233 1.597713e-03 5.838422e-05
3234 1.595478e-03 5.830215e-05
3235 1.593246e-03 5.822020e-05
3236 1.591018e-03 5.813836e-05
3237 1.588793e-03 5.805663e-05
3238 1.586571e-03 5.797503e-05
3239 1.584352e-03 5.789353e-05
3240 1.582136e-03 5.781215e-05
3241 1.579923e-03 5.773088e-05
3242 1.577713e-03 5.764973e-05
3243 1.575507e-03 5.756870e-05
3244 1.573303e-03 5.748777e-05
3245 1.571103e-03 5.740696e-05
3246 1.568906e-03 5.732627e-05
3247 1.566712e-03 5.724568e-05
3248 1.564521e-03 5.716521e-05
3249 1.562333e-03 5.708486e-05
3250 1.560148e-03 5.700461e-05
3251 1.557966e-03 5.692448e-05
3252 1.555787e-03 5.684447e-05
3253 1.553611e-03 5.676456e-05
3254 1.551439e-03 5.668477e-05
3255 1.549269e-03 5.660509e-05
3256 1.547103e-03 5.652552e-05
3257 1.544939e-03 5.644606e-05
3258 1.542779e-03 5.636672e-05
3259 1.540621e-03 5.628748e-05
3260 1.538467e-03 5.620836e-05
3261 1.536315e-03 5.612935e-05
3262 1.534167e-03 5.605045e-05
3263 1.532022e-03 5.597166e-05
3264 1.529879e-03 5.589298e-05
3265 1.527740e-03 5.581441e-05
3266 1.525604e-03 5.573595e-05
3267 1.523471e-03 5.565761e-05
3268 1.521340e-03 5.557937e-05
3269 1.519213e-03 5.550124e-05
3270 1.517089e-03 5.542323e-05
3271 1.514967e-03 5.534532e-05
3272 1.512849e-03 5.526752e-05
3273 1.510734e-03 5.518983e-05
3274 1.508621e-03 5.511225e-05
3275 1.506512e-03 5.503478e-05
3276 1.504406e-03 5.495742e-05
3277 1.502302e-03 5.488017e-05
3278 1.500202e-03 5.480302e-05
3279 1.498104e-03 5.472599e-05
3280 1.496009e-03 5.464906e-05
3281 1.493918e-03 5.457224e-05
3282 1.491829e-03 5.449553e-05
3283 1.489743e-03 5.441892e-05
3284 1.487660e-03 5.434243e-05
3285 1.485581e-03 5.426604e-05
3286 1.483504e-03 5.418976e-05
3287 1.481430e-03 5.411359e-05
3288 1.479358e-03 5.403752e-05
3289 1.477290e-03 5.396156e-05
3290 1.475225e-03 5.388571e-05
3291 1.473162e-03 5.380996e-05
3292 1.471103e-03 5.373432e-05
3293 1.469046e-03 5.365879e-05
3294 1.466992e-03 5.358336e-05
3295 1.464942e-03 5.350804e-05
3296 1.462894e-03 5.343282e-05
3297 1.460848e-03 5.335771e-05
3298 1.458806e-03 5.328271e-05
3299 1.456767e-03 5.320781e-05
3300 1.454730e-03 5.313302e-05
3301 1.452697e-03 5.305833e-05
3302 1.450666e-03 5.298374e-05
3303 1.448638e-03 5.290927e-05
3304 1.446613e-03 5.283489e-05
3305 1.444591e-03 5.276062e-05
3306 1.442572e-03 5.268646e-05
3307 1.440555e-03 5.261240e-05
3308 1.438541e-03 5.253844e-05
3309 1.436531e-03 5.246459e-05
3310 1.434523e-03 5.239084e-05
3311 1.432517e-03 5.231719e-05
3312 1.430515e-03 5.224365e-05
3313 1.428515e-03 5.217021e-05
3314 1.426519e-03 5.209688e-05
3315 1.424525e-03 5.202365e-05
3316 1.422534e-03 5.195052e-05
3317 1.420545e-03 5.187749e-05
3318 1.418560e-03 5.180457e-05
3319 1.416577e-03 5.173175e-05
3320 1.414597e-03 5.165903e-05
3321 1.412620e-03 5.158641e-05
3322 1.410645e-03 5.151390e-05
3323 1.408674e-03 5.144149e-05
3324 1.406705e-03 5.136918e-05
3325 1.404739e-03 5.129697e-05
3326 1.402775e-03 5.122486e-05
3327 1.400815e-03 5.115285e-05
3328 1.398857e-03 5.108095e-05
3329 1.396902e-03 5.100915e-05
3330 1.394950e-03 5.093744e-05
3331 1.393000e-03 5.086584e-05
3332 1.391053e-03 5.079434e-05
3333 1.389109e-03 5.072294e-05
3334 1.387168e-03 5.065164e-05
3335 1.385229e-03 5.058044e-05
3336 1.383293e-03 5.050934e-05
3337 1.381360e-03 5.043834e-05
3338 1.379430e-03 5.036744e-05
3339 1.377502e-03 5.029664e-05
3340 1.375577e-03 5.022593e-05
3341 1.373655e-03 5.015533e-05
3342 1.371735e-03 5.008483e-05
3343 1.369818e-03 5.001443e-05
3344 1.367904e-03 4.994412e-05
3345 1.365993e-03 4.987392e-05
3346 1.364084e-03 4.980381e-05
3347 1.362178e-03 4.973380e-05
3348 1.360274e-03 4.966389e-05
3349 1.358373e-03 4.959408e-05
3350 1.356475e-03 4.952436e-05
3351 1.354580e-03 4.945475e-05
3352 1.352687e-03 4.938523e-05
3353 1.350797e-03 4.931581e-05
3354 1.348909e-03 4.924649e-05
3355 1.347025e-03 4.917726e-05
3356 1.345142e-03 4.910814e-05
3357 1.343263e-03 4.903911e-05
3358 1.341386e-03 4.897017e-05
3359 1.339512e-03 4.890133e-05
3360 1.337640e-03 4.883259e-05
3361 1.335771e-03 4.876395e-05
3362 1.333905e-03 4.869540e-05
3363 1.332041e-03 4.862695e-05
3364 1.330180e-03 4.855860e-05
3365 1.328322e-03 4.849034e-05
3366 1.326466e-03 4.842218e-05
3367 1.324613e-03 4.835411e-05
3368 1.322762e-03 4.828614e-05
3369 1.320914e-03 4.821827e-05
3370 1.319068e-03 4.815049e-05
3371 1.317226e-03 4.808280e-05
3372 1.315385e-03 4.801521e-05
3373 1.313548e-03 4.794772e-05
3374 1.311713e-03 4.788032e-05
3375 1.309880e-03 4.781302e-05
3376 1.308050e-03 4.774581e-05
3377 1.306223e-03 4.767869e-05
3378 1.304398e-03 4.761167e-05
3379 1.302576e-03 4.754474e-05
3380 1.300756e-03 4.747791e-05
3381 1.298939e-03 4.741117e-05
3382 1.297125e-03 4.734452e-05
3383 1.295313e-03 4.727797e-05
3384 1.293503e-03 4.721152e-05
3385 1.291696e-03 4.714515e-05
3386 1.289892e-03 4.707888e-05
3387 1.288090e-03 4.701270e-05
3388 1.286291e-03 4.694662e-05
3389 1.284494e-03 4.688062e-05
3390 1.282700e-03 4.681472e-05
3391 1.280908e-03 4.674892e-05
3392 1.279119e-03 4.668320e-05
3393 1.277332e-03 4.661758e-05
3394 1.275548e-03 4.655205e-05
3395 1.273766e-03 4.648661e-05
3396 1.271987e-03 4.642127e-05
3397 1.270211e-03 4.635602e-05
3398 1.268437e-03 4.629085e-05
3399 1.266665e-03 4.622578e-05
3400 1.264896e-03 4.616080e-05
3401 1.263129e-03 4.609592e-05
3402 1.261365e-03 4.603112e-05
3403 1.259603e-03 4.596641e-05
3404 1.257844e-03 4.590180e-05
3405 1.256087e-03 4.583728e-05
3406 1.254333e-03 4.577284e-05
3407 1.252581e-03 4.570850e-05
3408 1.250832e-03 4.564425e-05
3409 1.249085e-03 4.558009e-05
3410 1.247340e-03 4.551602e-05
3411 1.245599e-03 4.545204e-05
3412 1.243859e-03 4.538814e-05
3413 1.242122e-03 4.532434e-05
3414 1.240387e-03 4.526063e-05
3415 1.238655e-03 4.519701e-05
3416 1.236925e-03 4.513348e-05
3417 1.235198e-03 4.507003e-05
3418 1.233473e-03 4.500668e-05
3419 1.231751e-03 4.494341e-05
3420 1.230031e-03 4.488024e-05
3421 1.228313e-03 4.481715e-05
3422 1.226598e-03 4.475415e-05
3423 1.224885e-03 4.469124e-05
3424 1.223175e-03 4.462842e-05
3425 1.221467e-03 4.456569e-05
3426 1.219761e-03 4.450304e-05
3427 1.218058e-03 4.444048e-05
3428 1.216357e-03 4.437801e-05
3429 1.214659e-03 4.431563e-05
3430 1.212963e-03 4.425334e-05
3431 1.211269e-03 4.419113e-05
3432 1.209578e-03 4.412901e-05
3433 1.207889e-03 4.406698e-05
3434 1.206202e-03 4.400504e-05
3435 1.204518e-03 4.394318e-05
3436 1.202836e-03 4.388141e-05
3437 1.201157e-03 4.381973e-05
3438 1.199480e-03 4.375813e-05
3439 1.197805e-03 4.369662e-05
3440 1.196133e-03 4.363519e-05
3441 1.194463e-03 4.357386e-05
3442 1.192795e-03 4.351261e-05
3443 1.191130e-03 4.345144e-05
3444 1.189467e-03 4.339036e-05
3445 1.187807e-03 4.332937e-05
3446 1.186148e-03 4.326846e-05
3447 1.184493e-03 4.320764e-05
3448 1.182839e-03 4.314690e-05
3449 1.181188e-03 4.308625e-05
3450 1.179539e-03 4.302569e-05
3451 1.177892e-03 4.296521e-05
3452 1.176248e-03 4.290481e-05
3453 1.174606e-03 4.284450e-05
3454 1.172966e-03 4.278427e-05
3455 1.171329e-03 4.272413e-05
3456 1.169694e-03 4.266408e-05
3457 1.168061e-03 4.260410e-05
3458 1.166430e-03 4.254422e-05
3459 1.164802e-03 4.248441e-05
3460 1.163176e-03 4.242469e-05
3461 1.161553e-03 4.236506e-05
3462 1.159931e-03 4.230550e-05
3463 1.158312e-03 4.224604e-05
3464 1.156696e-03 4.218665e-05
3465 1.155081e-03 4.212735e-05
3466 1.153469e-03 4.206813e-05
3467 1.151859e-03 4.200900e-05
3468 1.150251e-03 4.194995e-05
3469 1.148646e-03 4.189098e-05
3470 1.147043e-03 4.183209e-05
3471 1.145442e-03 4.177329e-05
3472 1.143843e-03 4.171457e-05
3473 1.142247e-03 4.165593e-05
3474 1.140652e-03 4.159738e-05
3475 1.139061e-03 4.153890e-05
3476 1.137471e-03 4.148051e-05
3477 1.135883e-03 4.142220e-05
3478 1.134298e-03 4.136398e-05
3479 1.132715e-03 4.130583e-05
3480 1.131134e-03 4.124777e-05
3481 1.129556e-03 4.118979e-05
3482 1.127980e-03 4.113189e-05
3483 1.126405e-03 4.107407e-05
3484 1.124834e-03 4.101633e-05
3485 1.123264e-03 4.095868e-05
3486 1.121696e-03 4.090110e-05
3487 1.120131e-03 4.084361e-05
3488 1.118568e-03 4.078620e-05
3489 1.117007e-03 4.072886e-05
3490 1.115449e-03 4.067161e-05
3491 1.113892e-03 4.061444e-05
3492 1.112338e-03 4.055735e-05
3493 1.110786e-03 4.050034e-05
3494 1.109236e-03 4.044341e-05
3495 1.107688e-03 4.038656e-05
3496 1.106142e-03 4.032978e-05
3497 1.104599e-03 4.027309e-05
3498 1.103058e-03 4.021648e-05
3499 1.101519e-03 4.015995e-05
3500 1.099982e-03 4.010350e-05
3501 1.098447e-03 4.004713e-05
3502 1.096915e-03 3.999083e-05
3503 1.095384e-03 3.993462e-05
3504 1.093856e-03 3.987848e-05
3505 1.092330e-03 3.982243e-05
3506 1.090806e-03 3.976645e-05
3507 1.089284e-03 3.971055e-05
3508 1.087764e-03 3.965473e-05
3509 1.086247e-03 3.959899e-05
3510 1.084731e-03 3.954332e-05
3511 1.083218e-03 3.948774e-05
3512 1.081707e-03 3.943223e-05
3513 1.080198e-03 3.937680e-05
3514 1.078691e-03 3.932145e-05
3515 1.077186e-03 3.926617e-05
3516 1.075684e-03 3.921098e-05
3517 1.074183e-03 3.915586e-05
3518 1.072685e-03 3.910082e-05
3519 1.071188e-03 3.904586e-05
3520 1.069694e-03 3.899097e-05
3521 1.068202e-03 3.893616e-05
3522 1.066712e-03 3.888143e-05
3523 1.065224e-03 3.882677e-05
3524 1.063738e-03 3.877220e-05
3525 1.062254e-03 3.871769e-05
3526 1.060773e-03 3.866327e-05
3527 1.059293e-03 3.860892e-05
3528 1.057816e-03 3.855465e-05
3529 1.056340e-03 3.850045e-05
3530 1.054867e-03 3.844633e-05
3531 1.053396e-03 3.839229e-05
3532 1.051926e-03 3.833832e-05
3533 1.050459e-03 3.828443e-05
3534 1.048994e-03 3.823062e-05
3535 1.047531e-03 3.817687e-05
3536 1.046070e-03 3.812321e-05
3537 1.044611e-03 3.806962e-05
3538 1.043154e-03 3.801611e-05
3539 1.041700e-03 3.796267e-05
3540 1.040247e-03 3.790930e-05
3541 1.038796e-03 3.785602e-05
3542 1.037348e-03 3.780280e-05
3543 1.035901e-03 3.774966e-05
3544 1.034456e-03 3.769660e-05
3545 1.033014e-03 3.764361e-05
3546 1.031573e-03 3.759069e-05
3547 1.030135e-03 3.753785e-05
3548 1.028698e-03 3.748509e-05
3549 1.027264e-03 3.743240e-05
3550 1.025831e-03 3.737978e-05
3551 1.024401e-03 3.732723e-05
3552 1.022972e-03 3.727476e-05
3553 1.021546e-03 3.722237e-05
3554 1.020122e-03 3.717004e-05
3555 1.018699e-03 3.711779e-05
3556 1.017279e-03 3.706562e-05
3557 1.015860e-03 3.701352e-05
3558 1.014444e-03 3.696149e-05
3559 1.013030e-03 3.690953e-05
3560 1.011617e-03 3.685765e-05
3561 1.010207e-03 3.680584e-05
3562 1.008798e-03 3.675410e-05
3563 1.007392e-03 3.670243e-05
3564 1.005987e-03 3.665084e-05
3565 1.004585e-03 3.659932e-05
3566 1.003184e-03 3.654788e-05
3567 1.001786e-03 3.649650e-05
3568 1.000389e-03 3.644520e-05
3569 9.989945e-04 3.639397e-05
3570 9.976019e-04 3.634281e-05
3571 9.962111e-04 3.629172e-05
3572 9.948224e-04 3.624071e-05
3573 9.934356e-04 3.618976e-05
3574 9.920507e-04 3.613889e-05
3575 9.906678e-04 3.608809e-05
3576 9.892868e-04 3.603736e-05
3577 9.879078e-04 3.598671e-05
3578 9.865307e-04 3.593612e-05
3579 9.851556e-04 3.588561e-05
3580 9.837824e-04 3.583516e-05
3581 9.824111e-04 3.578479e-05
3582 9.810417e-04 3.573449e-05
3583 9.796743e-04 3.568426e-05
3584 9.783088e-04 3.563409e-05
3585 9.769452e-04 3.558400e-05
3586 9.755836e-04 3.553398e-05
3587 9.742238e-04 3.548404e-05
3588 9.728660e-04 3.543416e-05
3589 9.715101e-04 3.538435e-05
3590 9.701560e-04 3.533461e-05
3591 9.688039e-04 3.528494e-05
3592 9.674537e-04 3.523534e-05
3593 9.661054e-04 3.518581e-05
3594 9.647590e-04 3.513635e-05
3595 9.634145e-04 3.508696e-05
3596 9.620719e-04 3.503764e-05
3597 9.607311e-04 3.498838e-05
3598 9.593923e-04 3.493920e-05
3599 9.580553e-04 3.489009e-05
3600 9.567202e-04 3.484104e-05
3601 9.553870e-04 3.479207e-05
3602 9.540557e-04 3.474316e-05
3603 9.527262e-04 3.469432e-05
3604 9.513986e-04 3.464555e-05
3605 9.500729e-04 3.459685e-05
3606 9.487490e-04 3.454822e-05
3607 9.474270e-04 3.449966e-05
3608 9.461069e-04 3.445116e-05
3609 9.447886e-04 3.440273e-05
3610 9.434722e-04 3.435437e-05
3611 9.421576e-04 3.430608e-05
3612 9.408449e-04 3.425786e-05
3613 9.395340e-04 3.420970e-05
3614 9.382250e-04 3.416162e-05
3615 9.369178e-04 3.411360e-05
3616 9.356124e-04 3.406564e-05
3617 9.343089e-04 3.401776e-05
3618 9.330072e-04 3.396994e-05
3619 9.317074e-04 3.392219e-05
3620 9.304094e-04 3.387450e-05
3621 9.291132e-04 3.382689e-05
3622 9.278188e-04 3.377934e-05
3623 9.265263e-04 3.373185e-05
3624 9.252355e-04 3.368444e-05
3625 9.239466e-04 3.363709e-05
3626 9.226595e-04 3.358980e-05
3627 9.213742e-04 3.354259e-05
3628 9.200907e-04 3.349544e-05
3629 9.188090e-04 3.344835e-05
3630 9.175292e-04 3.340134e-05
3631 9.162511e-04 3.335438e-05
3632 9.149748e-04 3.330750e-05
3633 9.137003e-04 3.326068e-05
3634 9.124276e-04 3.321392e-05
3635 9.111568e-04 3.316724e-05
3636 9.098876e-04 3.312061e-05
3637 9.086203e-04 3.307406e-05
3638 9.073548e-04 3.302756e-05
3639 9.060910e-04 3.298114e-05
3640 9.048290e-04 3.293478e-05
3641 9.035688e-04 3.288848e-05
3642 9.023104e-04 3.284225e-05
3643 9.010537e-04 3.279608e-05
3644 8.997988e-04 3.274998e-05
3645 8.985457e-04 3.270395e-05
3646 8.972943e-04 3.265797e-05
3647 8.960447e-04 3.261207e-05
3648 8.947969e-04 3.256623e-05
3649 8.935508e-04 3.252045e-05
3650 8.923064e-04 3.247473e-05
3651 8.910639e-04 3.242908e-05
3652 8.898230e-04 3.238350e-05
3653 8.885839e-04 3.233798e-05
3654 8.873466e-04 3.229252e-05
3655 8.861110e-04 3.224713e-05
3656 8.848771e-04 3.220180e-05
3657 8.836450e-04 3.215653e-05
3658 8.824145e-04 3.211133e-05
3659 8.811859e-04 3.206619e-05
3660 8.799589e-04 3.202112e-05
3661 8.787337e-04 3.197611e-05
3662 8.775102e-04 3.193116e-05
3663 8.762885e-04 3.188627e-05
3664 8.750684e-04 3.184145e-05
3665 8.738501e-04 3.179669e-05
3666 8.726334e-04 3.175200e-05
3667 8.714185e-04 3.170736e-05
3668 8.702053e-04 3.166279e-05
3669 8.689938e-04 3.161828e-05
3670 8.677841e-04 3.157384e-05
3671 8.665760e-04 3.152946e-05
3672 8.653696e-04 3.148514e-05
3673 8.641649e-04 3.144088e-05
3674 8.629619e-04 3.139668e-05
3675 8.617606e-04 3.135255e-05
3676 8.605610e-04 3.130848e-05
3677 8.593631e-04 3.126447e-05
3678 8.581668e-04 3.122052e-05
3679 8.569723e-04 3.117663e-05
3680 8.557794e-04 3.113281e-05
3681 8.545882e-04 3.108904e-05
3682 8.533987e-04 3.104534e-05
3683 8.522108e-04 3.100170e-05
3684 8.510247e-04 3.095812e-05
3685 8.498402e-04 3.091461e-05
3686 8.486573e-04 3.087115e-05
3687 8.474761e-04 3.082775e-05
3688 8.462966e-04 3.078442e-05
3689 8.451188e-04 3.074115e-05
3690 8.439426e-04 3.069794e-05
3691 8.427680e-04 3.065478e-05
3692 8.415952e-04 3.061169e-05
3693 8.404239e-04 3.056866e-05
3694 8.392543e-04 3.052569e-05
3695 8.380864e-04 3.048278e-05
3696 8.369201e-04 3.043993e-05
3697 8.357554e-04 3.039714e-05
3698 8.345924e-04 3.035442e-05
3699 8.334310e-04 3.031175e-05
3700 8.322713e-04 3.026914e-05
3701 8.311132e-04 3.022659e-05
3702 8.299567e-04 3.018410e-05
3703 8.288018e-04 3.014167e-05
3704 8.276486e-04 3.009930e-05
3705 8.264970e-04 3.005699e-05
3706 8.253470e-04 3.001474e-05
3707 8.241986e-04 2.997255e-05
3708 8.230518e-04 2.993042e-05
3709 8.219067e-04 2.988834e-05
3710 8.207632e-04 2.984633e-05
3711 8.196212e-04 2.980438e-05
3712 8.184809e-04 2.976248e-05
3713 8.173422e-04 2.972064e-05
3714 8.162051e-04 2.967887e-05
3715 8.150696e-04 2.963715e-05
3716 8.139357e-04 2.959549e-05
3717 8.128034e-04 2.955388e-05
3718 8.116726e-04 2.951234e-05
3719 8.105435e-04 2.947086e-05
3720 8.094160e-04 2.942943e-05
3721 8.082900e-04 2.938806e-05
3722 8.071656e-04 2.934675e-05
3723 8.060428e-04 2.930550e-05
3724 8.049216e-04 2.926430e-05
3725 8.038020e-04 2.922317e-05
3726 8.026839e-04 2.918209e-05
3727 8.015675e-04 2.914107e-05
3728 8.004525e-04 2.910010e-05
3729 7.993392e-04 2.905920e-05
3730 7.982274e-04 2.901835e-05
3731 7.971172e-04 2.897756e-05
3732 7.960086e-04 2.893683e-05
3733 7.949015e-04 2.889615e-05
3734 7.937960e-04 2.885553e-05
3735 7.926920e-04 2.881497e-05
3736 7.915896e-04 2.877446e-05
3737 7.904887e-04 2.873402e-05
3738 7.893894e-04 2.869363e-05
3739 7.882916e-04 2.865329e-05
3740 7.871954e-04 2.861301e-05
3741 7.861007e-04 2.857279e-05
3742 7.850075e-04 2.853263e-05
3743 7.839159e-04 2.849252e-05
3744 7.828259e-04 2.845247e-05
3745 7.817373e-04 2.841247e-05
3746 7.806503e-04 2.837254e-05
3747 7.795648e-04 2.833265e-05
3748 7.784809e-04 2.829283e-05
3749 7.773985e-04 2.825305e-05
3750 7.763176e-04 2.821334e-05
3751 7.752382e-04 2.817368e-05
3752 7.741603e-04 2.813408e-05
3753 7.730840e-04 2.809453e-05
3754 7.720092e-04 2.805504e-05
3755 7.709358e-04 2.801560e-05
3756 7.698640e-04 2.797622e-05
3757 7.687938e-04 2.793689e-05
3758 7.677250e-04 2.789762e-05
3759 7.666577e-04 2.785841e-05
3760 7.655919e-04 2.781925e-05
3761 7.645276e-04 2.778014e-05
3762 7.634648e-04 2.774109e-05
3763 7.624035e-04 2.770210e-05
3764 7.613437e-04 2.766316e-05
3765 7.602854e-04 2.762427e-05
3766 7.592286e-04 2.758544e-05
3767 7.581733e-04 2.754666e-05
3768 7.571195e-04 2.750794e-05
3769 7.560671e-04 2.746927e-05
3770 7.550162e-04 2.743066e-05
3771 7.539668e-04 2.739210e-05
3772 7.529189e-04 2.735360e-05
3773 7.518725e-04 2.731515e-05
3774 7.508275e-04 2.727675e-05
3775 7.497840e-04 2.723841e-05
3776 7.487419e-04 2.720012e-05
3777 7.477014e-04 2.716188e-05
3778 7.466623e-04 2.712370e-05
3779 7.456246e-04 2.708558e-05
3780 7.445885e-04 2.704750e-05
3781 7.435537e-04 2.700948e-05
3782 7.425205e-04 2.697152e-05
3783 7.414887e-04 2.693360e-05
3784 7.404583e-04 2.689574e-05
3785 7.394294e-04 2.685793e-05
3786 7.384019e-04 2.682018e-05
3787 7.373759e-04 2.678248e-05
3788 7.363513e-04 2.674483e-05
3789 7.353282e-04 2.670724e-05
3790 7.343065e-04 2.666970e-05
3791 7.332863e-04 2.663221e-05
3792 7.322675e-04 2.659477e-05
3793 7.312501e-04 2.655739e-05
3794 7.302341e-04 2.652005e-05
3795 7.292196e-04 2.648278e-05
3796 7.282065e-04 2.644555e-05
3797 7.271949e-04 2.640838e-05
3798 7.261846e-04 2.637125e-05
3799 7.251758e-04 2.633418e-05
3800 7.241684e-04 2.629717e-05
3801 7.231624e-04 2.626020e-05
3802 7.221579e-04 2.622329e-05
3803 7.211547e-04 2.618643e-05
3804 7.201530e-04 2.614962e-05
3805 7.191527e-04 2.611286e-05
3806 7.181537e-04 2.607615e-05
3807 7.171562e-04 2.603950e-05
3808 7.161601e-04 2.600289e-05
3809 7.151654e-04 2.596634e-05
3810 7.141721e-04 2.592984e-05
3811 7.131802e-04 2.589339e-05
3812 7.121897e-04 2.585699e-05
3813 7.112006e-04 2.582065e-05
3814 7.102128e-04 2.578435e-05
3815 7.092265e-04 2.574811e-05
3816 7.082416e-04 2.571191e-05
3817 7.072580e-04 2.567577e-05
3818 7.062758e-04 2.563968e-05
3819 7.052950e-04 2.560364e-05
3820 7.043156e-04 2.556765e-05
3821 7.033376e-04 2.553171e-05
3822 7.023609e-04 2.549582e-05
3823 7.013856e-04 2.545998e-05
3824 7.004117e-04 2.542419e-05
3825 6.994392e-04 2.538845e-05
3826 6.984680e-04 2.535276e-05
3827 6.974982e-04 2.531712e-05
3828 6.965298e-04 2.528154e-05
3829 6.955627e-04 2.524600e-05
3830 6.945970e-04 2.521051e-05
3831 6.936327e-04 2.517507e-05
3832 6.926697e-04 2.513968e-05
3833 6.917080e-04 2.510434e-05
3834 6.907477e-04 2.506906e-05
3835 6.897888e-04 2.503382e-05
3836 6.888312e-04 2.499863e-05
3837 6.878750e-04 2.496349e-05
3838 6.869201e-04 2.492840e-05
3839 6.859665e-04 2.489335e-05
3840 6.850143e-04 2.485836e-05
3841 6.840635e-04 2.482342e-05
3842 6.831140e-04 2.478853e-05
3843 6.821658e-04 2.475368e-05
3844 6.812189e-04 2.471888e-05
3845 6.802734e-04 2.468414e-05
3846 6.793292e-04 2.464944e-05
3847 6.783863e-04 2.461479e-05
3848 6.774448e-04 2.458019e-05
3849 6.765046e-04 2.454564e-05
3850 6.755657e-04 2.451113e-05
3851 6.746282e-04 2.447668e-05
3852 6.736919e-04 2.444227e-05
3853 6.727570e-04 2.440791e-05
3854 6.718234e-04 2.437360e-05
3855 6.708911e-04 2.433934e-05
3856 6.699601e-04 2.430513e-05
3857 6.690305e-04 2.427096e-05
3858 6.681021e-04 2.423685e-05
3859 6.671751e-04 2.420278e-05
3860 6.662493e-04 2.416876e-05
3861 6.653249e-04 2.413478e-05
3862 6.644017e-04 2.410086e-05
3863 6.634799e-04 2.406698e-05
3864 6.625593e-04 2.403315e-05
3865 6.616401e-04 2.399936e-05
3866 6.607221e-04 2.396563e-05
3867 6.598055e-04 2.393194e-05
3868 6.588901e-04 2.389830e-05
3869 6.579760e-04 2.386471e-05
3870 6.570632e-04 2.383116e-05
3871 6.561517e-04 2.379766e-05
3872 6.552415e-04 2.376421e-05
3873 6.543325e-04 2.373080e-05
3874 6.534249e-04 2.369745e-05
3875 6.525185e-04 2.366413e-05
3876 6.516134e-04 2.363087e-05
3877 6.507095e-04 2.359765e-05
3878 6.498070e-04 2.356448e-05
3879 6.489057e-04 2.353136e-05
3880 6.480057e-04 2.349828e-05
3881 6.471069e-04 2.346525e-05
3882 6.462094e-04 2.343226e-05
3883 6.453132e-04 2.339933e-05
3884 6.444182e-04 2.336643e-05
3885 6.435245e-04 2.333359e-05
3886 6.426321e-04 2.330079e-05
3887 6.417409e-04 2.326803e-05
3888 6.408509e-04 2.323533e-05
3889 6.399623e-04 2.320267e-05
3890 6.390748e-04 2.317005e-05
3891 6.381887e-04 2.313748e-05
3892 6.373037e-04 2.310496e-05
3893 6.364200e-04 2.307248e-05
3894 6.355376e-04 2.304004e-05
3895 6.346564e-04 2.300766e-05
3896 6.337764e-04 2.297532e-05
3897 6.328977e-04 2.294302e-05
3898 6.320202e-04 2.291077e-05
3899 6.311440e-04 2.287856e-05
3900 6.302690e-04 2.284640e-05
3901 6.293952e-04 2.281429e-05
3902 6.285226e-04 2.278222e-05
3903 6.276513e-04 2.275019e-05
3904 6.267812e-04 2.271822e-05
3905 6.259123e-04 2.268628e-05
3906 6.250447e-04 2.265439e-05
3907 6.241783e-04 2.262255e-05
3908 6.233131e-04 2.259075e-05
3909 6.224491e-04 2.255899e-05
3910 6.215863e-04 2.252728e-05
3911 6.207248e-04 2.249561e-05
3912 6.198644e-04 2.246399e-05
3913 6.190053e-04 2.243241e-05
3914 6.181474e-04 2.240088e-05
3915 6.172907e-04 2.236939e-05
3916 6.164352e-04 2.233795e-05
3917 6.155809e-04 2.230655e-05
3918 6.147278e-04 2.227519e-05
3919 6.138759e-04 2.224388e-05
3920 6.130252e-04 2.221261e-05
3921 6.121757e-04 2.218139e-05
3922 6.113274e-04 2.215021e-05
3923 6.104803e-04 2.211907e-05
3924 6.096344e-04 2.208798e-05
3925 6.087896e-04 2.205693e-05
3926 6.079461e-04 2.202593e-05
3927 6.071038e-04 2.199496e-05
3928 6.062626e-04 2.196405e-05
3929 6.054226e-04 2.193317e-05
3930 6.045838e-04 2.190234e-05
3931 6.037462e-04 2.187155e-05
3932 6.029098e-04 2.184081e-05
3933 6.020746e-04 2.181011e-05
3934 6.012405e-04 2.177945e-05
3935 6.004076e-04 2.174883e-05
3936 5.995759e-04 2.171826e-05
3937 5.987453e-04 2.168773e-05
3938 5.979159e-04 2.165725e-05
3939 5.970877e-04 2.162680e-05
3940 5.962606e-04 2.159640e-05
3941 5.954348e-04 2.156604e-05
3942 5.946100e-04 2.153573e-05
3943 5.937865e-04 2.150546e-05
3944 5.929641e-04 2.147523e-05
3945 5.921428e-04 2.144504e-05
3946 5.913227e-04 2.141489e-05
3947 5.905038e-04 2.138479e-05
3948 5.896860e-04 2.135473e-05
3949 5.888694e-04 2.132471e-05
3950 5.880539e-04 2.129474e-05
3951 5.872396e-04 2.126480e-05
3952 5.864264e-04 2.123491e-05
3953 5.856144e-04 2.120506e-05
3954 5.848035e-04 2.117526e-05
3955 5.839938e-04 2.114549e-05
3956 5.831852e-04 2.111577e-05
3957 5.823777e-04 2.108608e-05
3958 5.815714e-04 2.105644e-05
3959 5.807662e-04 2.102684e-05
3960 5.799621e-04 2.099729e-05
3961 5.791592e-04 2.096777e-05
3962 5.783574e-04 2.093830e-05
3963 5.775567e-04 2.090886e-05
3964 5.767572e-04 2.087947e-05
3965 5.759588e-04 2.085012e-05
3966 5.751615e-04 2.082081e-05
3967 5.743653e-04 2.079155e-05
3968 5.735703e-04 2.076232e-05
3969 5.727763e-04 2.073314e-05
3970 5.719835e-04 2.070399e-05
3971 5.711918e-04 2.067489e-05
3972 5.704013e-04 2.064583e-05
3973 5.696118e-04 2.061680e-05
3974 5.688235e-04 2.058782e-05
3975 5.680362e-04 2.055888e-05
3976 5.672501e-04 2.052998e-05
3977 5.664651e-04 2.050113e-05
3978 5.656812e-04 2.047231e-05
3979 5.648983e-04 2.044353e-05
3980 5.641166e-04 2.041479e-05
3981 5.633360e-04 2.038610e-05
3982 5.625565e-04 2.035744e-05
3983 5.617781e-04 2.032882e-05
3984 5.610008e-04 2.030025e-05
3985 5.602246e-04 2.027171e-05
3986 5.594495e-04 2.024322e-05
3987 5.586754e-04 2.021476e-05
3988 5.579025e-04 2.018634e-05
3989 5.571306e-04 2.015797e-05
3990 5.563599e-04 2.012963e-05
3991 5.555902e-04 2.010134e-05
3992 5.548216e-04 2.007308e-05
3993 5.540541e-04 2.004486e-05
3994 5.532877e-04 2.001669e-05
3995 5.525223e-04 1.998855e-05
3996 5.517580e-04 1.996045e-05
3997 5.509949e-04 1.993239e-05
3998 5.502327e-04 1.990438e-05
3999 5.494717e-04 1.987640e-05
4000 5.487117e-04 1.984846e-05
4001 5.479528e-04 1.982056e-05
4002 5.471950e-04 1.979269e-05
4003 5.464382e-04 1.976487e-05
4004 5.456825e-04 1.973709e-05
4005 5.449279e-04 1.970935e-05
4006 5.441743e-04 1.968164e-05
4007 5.434218e-04 1.965397e-05
4008 5.426704e-04 1.962635e-05
4009 5.419200e-04 1.959876e-05
4010 5.411706e-04 1.957121e-05
4011 5.404224e-04 1.954370e-05
4012 5.396751e-04 1.951622e-05
4013 5.389290e-04 1.948879e-05
4014 5.381838e-04 1.946140e-05
4015 5.374398e-04 1.943404e-05
4016 5.366968e-04 1.940672e-05
4017 5.359548e-04 1.937944e-05
4018 5.352139e-04 1.935220e-05
4019 5.344740e-04 1.932500e-05
4020 5.337351e-04 1.929783e-05
4021 5.329973e-04 1.927071e-05
4022 5.322606e-04 1.924362e-05
4023 5.315249e-04 1.921657e-05
4024 5.307902e-04 1.918955e-05
4025 5.300565e-04 1.916258e-05
4026 5.293239e-04 1.913564e-05
4027 5.285923e-04 1.910874e-05
4028 5.278618e-04 1.908188e-05
4029 5.271323e-04 1.905506e-05
4030 5.264038e-04 1.902827e-05
4031 5.256763e-04 1.900153e-05
4032 5.249499e-04 1.897482e-05
4033 5.242244e-04 1.894814e-05
4034 5.235000e-04 1.892151e-05
4035 5.227767e-04 1.889491e-05
4036 5.220543e-04 1.886835e-05
4037 5.213330e-04 1.884183e-05
4038 5.206127e-04 1.881534e-05
4039 5.198933e-04 1.878889e-05
4040 5.191751e-04 1.876248e-05
4041 5.184578e-04 1.873611e-05
4042 5.177415e-04 1.870977e-05
4043 5.170262e-04 1.868347e-05
4044 5.163120e-04 1.865721e-05
4045 5.155988e-04 1.863098e-05
4046 5.148865e-04 1.860479e-05
4047 5.141753e-04 1.857864e-05
4048 5.134650e-04 1.855252e-05
4049 5.127558e-04 1.852645e-05
4050 5.120476e-04 1.850040e-05
4051 5.113403e-04 1.847440e-05
4052 5.106341e-04 1.844843e-05
4053 5.099289e-04 1.842250e-05
4054 5.092246e-04 1.839660e-05
4055 5.085214e-04 1.837074e-05
4056 5.078191e-04 1.834492e-05
4057 5.071178e-04 1.831913e-05
4058 5.064175e-04 1.829338e-05
4059 5.057182e-04 1.826766e-05
4060 5.050199e-04 1.824198e-05
4061 5.043226e-04 1.821634e-05
4062 5.036263e-04 1.819074e-05
4063 5.029309e-04 1.816517e-05
4064 5.022365e-04 1.813963e-05
4065 5.015431e-04 1.811413e-05
4066 5.008507e-04 1.808867e-05
4067 5.001592e-04 1.806324e-05
4068 4.994688e-04 1.803785e-05
4069 4.987792e-04 1.801250e-05
4070 4.980907e-04 1.798718e-05
4071 4.974032e-04 1.796189e-05
4072 4.967166e-04 1.793664e-05
4073 4.960309e-04 1.791143e-05
4074 4.953463e-04 1.788625e-05
4075 4.946626e-04 1.786111e-05
4076 4.939799e-04 1.783600e-05
4077 4.932981e-04 1.781093e-05
4078 4.926173e-04 1.778589e-05
4079 4.919375e-04 1.776089e-05
4080 4.912586e-04 1.773593e-05
4081 4.905806e-04 1.771099e-05
4082 4.899037e-04 1.768610e-05
4083 4.892276e-04 1.766124e-05
4084 4.885526e-04 1.763641e-05
4085 4.878785e-04 1.761162e-05
4086 4.872053e-04 1.758686e-05
4087 4.865331e-04 1.756214e-05
4088 4.858618e-04 1.753746e-05
4089 4.851915e-04 1.751280e-05
4090 4.845221e-04 1.748819e-05
4091 4.838537e-04 1.746360e-05
4092 4.831862e-04 1.743905e-05
4093 4.825197e-04 1.741454e-05
4094 4.818540e-04 1.739006e-05
4095 4.811894e-04 1.736562e-05
4096 4.805256e-04 1.734121e-05
4097 4.798628e-04 1.731683e-05
4098 4.792010e-04 1.729249e-05
4099 4.785401e-04 1.726818e-05
4100 4.778801e-04 1.724391e-05
4101 4.772210e-04 1.721967e-05
4102 4.765629e-04 1.719546e-05
4103 4.759056e-04 1.717129e-05
4104 4.752494e-04 1.714715e-05
4105 4.745940e-04 1.712305e-05
4106 4.739396e-04 1.709898e-05
4107 4.732861e-04 1.707494e-05
4108 4.726335e-04 1.705094e-05
4109 4.719818e-04 1.702697e-05
4110 4.713311e-04 1.700304e-05
4111 4.706812e-04 1.697914e-05
4112 4.700323e-04 1.695527e-05
4113 4.693843e-04 1.693144e-05
4114 4.687372e-04 1.690764e-05
4115 4.680911e-04 1.688387e-05
4116 4.674458e-04 1.686014e-05
4117 4.668014e-04 1.683644e-05
4118 4.661580e-04 1.681277e-05
4119 4.655155e-04 1.678914e-05
4120 4.648738e-04 1.676554e-05
4121 4.642331e-04 1.674197e-05
4122 4.635933e-04 1.671843e-05
4123 4.629544e-04 1.669493e-05
4124 4.623163e-04 1.667147e-05
4125 4.616792e-04 1.664803e-05
4126 4.610430e-04 1.662463e-05
4127 4.604077e-04 1.660126e-05
4128 4.597733e-04 1.657792e-05
4129 4.591397e-04 1.655462e-05
4130 4.585071e-04 1.653135e-05
4131 4.578753e-04 1.650811e-05
4132 4.572445e-04 1.648491e-05
4133 4.566145e-04 1.646173e-05
4134 4.559854e-04 1.643859e-05
4135 4.553572e-04 1.641549e-05
4136 4.547299e-04 1.639241e-05
4137 4.541035e-04 1.636937e-05
4138 4.534780e-04 1.634636e-05
4139 4.528533e-04 1.632338e-05
4140 4.522296e-04 1.630044e-05
4141 4.516067e-04 1.627752e-05
4142 4.509847e-04 1.625464e-05
4143 4.503635e-04 1.623179e-05
4144 4.497433e-04 1.620898e-05
4145 4.491239e-04 1.618619e-05
4146 4.485054e-04 1.616344e-05
4147 4.478877e-04 1.614072e-05
4148 4.472710e-04 1.611803e-05
4149 4.466551e-04 1.609537e-05
4150 4.460400e-04 1.607275e-05
4151 4.454259e-04 1.605015e-05
4152 4.448126e-04 1.602759e-05
4153 4.442002e-04 1.600506e-05
4154 4.435886e-04 1.598256e-05
4155 4.429779e-04 1.596010e-05
4156 4.423680e-04 1.593766e-05
4157 4.417591e-04 1.591526e-05
4158 4.411509e-04 1.589289e-05
4159 4.405437e-04 1.587055e-05
4160 4.399373e-04 1.584824e-05
4161 4.393317e-04 1.582596e-05
4162 4.387270e-04 1.580371e-05
4163 4.381232e-04 1.578150e-05
4164 4.375202e-04 1.575932e-05
4165 4.369180e-04 1.573716e-05
4166 4.363168e-04 1.571504e-05
4167 4.357163e-04 1.569295e-05
4168 4.351167e-04 1.567089e-05
4169 4.345180e-04 1.564886e-05
4170 4.339201e-04 1.562687e-05
4171 4.333230e-04 1.560490e-05
4172 4.327268e-04 1.558296e-05
4173 4.321314e-04 1.556106e-05
4174 4.315369e-04 1.553918e-05
4175 4.309432e-04 1.551734e-05
4176 4.303503e-04 1.549553e-05
4177 4.297583e-04 1.547375e-05
4178 4.291671e-04 1.545200e-05
4179 4.285767e-04 1.543028e-05
4180 4.279872e-04 1.540859e-05
4181 4.273985e-04 1.538693e-05
4182 4.268107e-04 1.536530e-05
4183 4.262236e-04 1.534370e-05
4184 4.256374e-04 1.532213e-05
4185 4.250521e-04 1.530059e-05
4186 4.244675e-04 1.527908e-05
4187 4.238838e-04 1.525761e-05
4188 4.233009e-04 1.523616e-05
4189 4.227188e-04 1.521474e-05
4190 4.221375e-04 1.519335e-05
4191 4.215571e-04 1.517200e-05
4192 4.209775e-04 1.515067e-05
4193 4.203987e-04 1.512937e-05
4194 4.198207e-04 1.510811e-05
4195 4.192435e-04 1.508687e-05
4196 4.186672e-04 1.506566e-05
4197 4.180917e-04 1.504448e-05
4198 4.175169e-04 1.502334e-05
4199 4.169430e-04 1.500222e-05
4200 4.163699e-04 1.498113e-05
4201 4.157976e-04 1.496007e-05
4202 4.152261e-04 1.493904e-05
4203 4.146554e-04 1.491804e-05
4204 4.140856e-04 1.489707e-05
4205 4.135165e-04 1.487613e-05
4206 4.129482e-04 1.485522e-05
4207 4.123808e-04 1.483434e-05
4208 4.118141e-04 1.481349e-05
4209 4.112482e-04 1.479266e-05
4210 4.106832e-04 1.477187e-05
4211 4.101189e-04 1.475110e-05
4212 4.095554e-04 1.473037e-05
4213 4.089928e-04 1.470966e-05
4214 4.084309e-04 1.468899e-05
4215 4.078698e-04 1.466834e-05
4216 4.073095e-04 1.464772e-05
4217 4.067500e-04 1.462713e-05
4218 4.061913e-04 1.460657e-05
4219 4.056333e-04 1.458603e-05
4220 4.050762e-04 1.456553e-05
4221 4.045198e-04 1.454506e-05
4222 4.039643e-04 1.452461e-05
4223 4.034095e-04 1.450419e-05
4224 4.028555e-04 1.448381e-05
4225 4.023023e-04 1.446345e-05
4226 4.017498e-04 1.444311e-05
4227 4.011982e-04 1.442281e-05
4228 4.006473e-04 1.440254e-05
4229 4.000972e-04 1.438229e-05
4230 3.995479e-04 1.436208e-05
4231 3.989993e-04 1.434189e-05
4232 3.984515e-04 1.432173e-05
4233 3.979045e-04 1.430160e-05
4234 3.973583e-04 1.428149e-05
4235 3.968129e-04 1.426142e-05
4236 3.962682e-04 1.424137e-05
4237 3.957243e-04 1.422135e-05
4238 3.951811e-04 1.420136e-05
4239 3.946387e-04 1.418140e-05
4240 3.940971e-04 1.416146e-05
4241 3.935562e-04 1.414156e-05
4242 3.930162e-04 1.412168e-05
4243 3.924768e-04 1.410183e-05
4244 3.919383e-04 1.408200e-05
4245 3.914005e-04 1.406221e-05
4246 3.908634e-04 1.404244e-05
4247 3.903271e-04 1.402270e-05
4248 3.897916e-04 1.400299e-05
4249 3.892568e-04 1.398331e-05
4250 3.887228e-04 1.396365e-05
4251 3.881896e-04 1.394402e-05
4252 3.876570e-04 1.392442e-05
4253 3.871253e-04 1.390485e-05
4254 3.865943e-04 1.388530e-05
4255 3.860640e-04 1.386578e-05
4256 3.855345e-04 1.384629e-05
4257 3.850057e-04 1.382683e-05
4258 3.844777e-04 1.380739e-05
4259 3.839505e-04 1.378798e-05
4260 3.834239e-04 1.376860e-05
4261 3.828982e-04 1.374925e-05
4262 3.823731e-04 1.372992e-05
4263 3.818488e-04 1.371062e-05
4264 3.813253e-04 1.369135e-05
4265 3.808025e-04 1.367210e-05
4266 3.802804e-04 1.365288e-05
4267 3.797590e-04 1.363369e-05
4268 3.792384e-04 1.361453e-05
4269 3.787186e-04 1.359539e-05
4270 3.781994e-04 1.357628e-05
4271 3.776810e-04 1.355720e-05
4272 3.771634e-04 1.353814e-05
4273 3.766464e-04 1.351911e-05
4274 3.761302e-04 1.350010e-05
4275 3.756148e-04 1.348113e-05
4276 3.751000e-04 1.346218e-05
4277 3.745860e-04 1.344325e-05
4278 3.740727e-04 1.342436e-05
4279 3.735601e-04 1.340549e-05
4280 3.730483e-04 1.338664e-05
4281 3.725372e-04 1.336782e-05
4282 3.720268e-04 1.334903e-05
4283 3.715171e-04 1.333027e-05
4284 3.710081e-04 1.331153e-05
4285 3.704999e-04 1.329282e-05
4286 3.699924e-04 1.327413e-05
4287 3.694855e-04 1.325547e-05
4288 3.689795e-04 1.323684e-05
4289 3.684741e-04 1.321823e-05
4290 3.679694e-04 1.319965e-05
4291 3.674655e-04 1.318110e-05
4292 3.669622e-04 1.316257e-05
4293 3.664597e-04 1.314407e-05
4294 3.659579e-04 1.312559e-05
4295 3.654568e-04 1.310714e-05
4296 3.649564e-04 1.308872e-05
4297 3.644567e-04 1.307032e-05
4298 3.639577e-04 1.305195e-05
4299 3.634595e-04 1.303360e-05
4300 3.629619e-04 1.301528e-05
4301 3.624650e-04 1.299698e-05
4302 3.619688e-04 1.297871e-05
4303 3.614734e-04 1.296047e-05
4304 3.609786e-04 1.294225e-05
4305 3.604845e-04 1.292406e-05
4306 3.599912e-04 1.290589e-05
4307 3.594985e-04 1.288775e-05
4308 3.590065e-04 1.286963e-05
4309 3.585152e-04 1.285154e-05
4310 3.580246e-04 1.283348e-05
4311 3.575348e-04 1.281544e-05
4312 3.570456e-04 1.279742e-05
4313 3.565570e-04 1.277943e-05
4314 3.560692e-04 1.276147e-05
4315 3.555821e-04 1.274353e-05
4316 3.550957e-04 1.272562e-05
4317 3.546099e-04 1.270773e-05
4318 3.541248e-04 1.268987e-05
4319 3.536405e-04 1.267203e-05
4320 3.531568e-04 1.265422e-05
4321 3.526737e-04 1.263643e-05
4322 3.521914e-04 1.261866e-05
4323 3.517098e-04 1.260093e-05
4324 3.512288e-04 1.258321e-05
4325 3.507485e-04 1.256553e-05
4326 3.502689e-04 1.254786e-05
4327 3.497900e-04 1.253022e-05
4328 3.493117e-04 1.251261e-05
4329 3.488342e-04 1.249502e-05
4330 3.483572e-04 1.247746e-05
4331 3.478810e-04 1.245992e-05
4332 3.474055e-04 1.244240e-05
4333 3.469306e-04 1.242491e-05
4334 3.464564e-04 1.240745e-05
4335 3.459828e-04 1.239001e-05
4336 3.455100e-04 1.237259e-05
4337 3.450378e-04 1.235520e-05
4338 3.445662e-04 1.233783e-05
4339 3.440954e-04 1.232049e-05
4340 3.436252e-04 1.230317e-05
4341 3.431556e-04 1.228587e-05
4342 3.426868e-04 1.226860e-05
4343 3.422185e-04 1.225136e-05
4344 3.417510e-04 1.223414e-05
4345 3.412841e-04 1.221694e-05
4346 3.408179e-04 1.219977e-05
4347 3.403523e-04 1.218262e-05
4348 3.398874e-04 1.216549e-05
4349 3.394232e-04 1.214839e-05
4350 3.389596e-04 1.213132e-05
4351 3.384966e-04 1.211426e-05
4352 3.380343e-04 1.209723e-05
4353 3.375727e-04 1.208023e-05
4354 3.371117e-04 1.206325e-05
4355 3.366514e-04 1.204629e-05
4356 3.361917e-04 1.202936e-05
4357 3.357327e-04 1.201245e-05
4358 3.352743e-04 1.199556e-05
4359 3.348166e-04 1.197870e-05
4360 3.343595e-04 1.196186e-05
4361 3.339031e-04 1.194505e-05
4362 3.334473e-04 1.192826e-05
4363 3.329922e-04 1.191149e-05
4364 3.325377e-04 1.189474e-05
4365 3.320838e-04 1.187802e-05
4366 3.316306e-04 1.186133e-05
4367 3.311780e-04 1.184465e-05
4368 3.307261e-04 1.182800e-05
4369 3.302748e-04 1.181138e-05
4370 3.298242e-04 1.179478e-05
4371 3.293741e-04 1.177820e-05
4372 3.289248e-04 1.176164e-05
4373 3.284760e-04 1.174511e-05
4374 3.280279e-04 1.172860e-05
4375 3.275804e-04 1.171211e-05
4376 3.271336e-04 1.169565e-05
4377 3.266874e-04 1.167921e-05
4378 3.262418e-04 1.166279e-05
4379 3.257969e-04 1.164639e-05
4380 3.253525e-04 1.163002e-05
4381 3.249089e-04 1.161367e-05
4382 3.244658e-04 1.159735e-05
4383 3.240234e-04 1.158105e-05
4384 3.235815e-04 1.156477e-05
4385 3.231404e-04 1.154851e-05
4386 3.226998e-04 1.153228e-05
4387 3.222599e-04 1.151607e-05
4388 3.218206e-04 1.149988e-05
4389 3.213819e-04 1.148371e-05
4390 3.209438e-04 1.146757e-05
4391 3.205063e-04 1.145145e-05
4392 3.200695e-04 1.143535e-05
4393 3.196333e-04 1.141928e-05
4394 3.191977e-04 1.140323e-05
4395 3.187627e-04 1.138720e-05
4396 3.183284e-04 1.137119e-05
4397 3.178946e-04 1.135521e-05
4398 3.174615e-04 1.133925e-05
4399 3.170290e-04 1.132331e-05
4400 3.165970e-04 1.130739e-05
4401 3.161657e-04 1.129149e-05
4402 3.157351e-04 1.127562e-05
4403 3.153050e-04 1.125977e-05
4404 3.148755e-04 1.124394e-05
4405 3.144467e-04 1.122814e-05
4406 3.140184e-04 1.121236e-05
4407 3.135907e-04 1.119659e-05
4408 3.131637e-04 1.118086e-05
4409 3.127373e-04 1.116514e-05
4410 3.123114e-04 1.114944e-05
4411 3.118862e-04 1.113377e-05
4412 3.114616e-04 1.111812e-05
4413 3.110375e-04 1.110249e-05
4414 3.106141e-04 1.108689e-05
4415 3.101913e-04 1.107130e-05
4416 3.097691e-04 1.105574e-05
4417 3.093474e-04 1.104020e-05
4418 3.089264e-04 1.102468e-05
4419 3.085060e-04 1.100918e-05
4420 3.080861e-04 1.099371e-05
4421 3.076669e-04 1.097825e-05
4422 3.072482e-04 1.096282e-05
4423 3.068301e-04 1.094741e-05
4424 3.064127e-04 1.093202e-05
4425 3.059958e-04 1.091665e-05
4426 3.055795e-04 1.090131e-05
4427 3.051638e-04 1.088599e-05
4428 3.047487e-04 1.087068e-05
4429 3.043342e-04 1.085540e-05
4430 3.039202e-04 1.084014e-05
4431 3.035069e-04 1.082491e-05
4432 3.030941e-04 1.080969e-05
4433 3.026820e-04 1.079449e-05
4434 3.022704e-04 1.077932e-05
4435 3.018593e-04 1.076417e-05
4436 3.014489e-04 1.074904e-05
4437 3.010391e-04 1.073393e-05
4438 3.006298e-04 1.071884e-05
4439 3.002211e-04 1.070377e-05
4440 2.998130e-04 1.068872e-05
4441 2.994055e-04 1.067370e-05
4442 2.989985e-04 1.065870e-05
4443 2.985921e-04 1.064371e-05
4444 2.981863e-04 1.062875e-05
4445 2.977811e-04 1.061381e-05
4446 2.973765e-04 1.059889e-05
4447 2.969724e-04 1.058399e-05
4448 2.965689e-04 1.056911e-05
4449 2.961659e-04 1.055426e-05
4450 2.957636e-04 1.053942e-05
4451 2.953618e-04 1.052461e-05
4452 2.949606e-04 1.050981e-05
4453 2.945599e-04 1.049504e-05
4454 2.941598e-04 1.048029e-05
4455 2.937603e-04 1.046555e-05
4456 2.933613e-04 1.045084e-05
4457 2.929629e-04 1.043615e-05
4458 2.925651e-04 1.042148e-05
4459 2.921679e-04 1.040683e-05
4460 2.917712e-04 1.039220e-05
4461 2.913750e-04 1.037760e-05
4462 2.909795e-04 1.036301e-05
4463 2.905844e-04 1.034844e-05
4464 2.901900e-04 1.033389e-05
4465 2.897961e-04 1.031937e-05
4466 2.894028e-04 1.030486e-05
4467 2.890100e-04 1.029038e-05
4468 2.886177e-04 1.027591e-05
4469 2.882261e-04 1.026147e-05
4470 2.878350e-04 1.024704e-05
4471 2.874444e-04 1.023264e-05
4472 2.870544e-04 1.021826e-05
4473 2.866650e-04 1.020389e-05
4474 2.862761e-04 1.018955e-05
4475 2.858877e-04 1.017522e-05
4476 2.854999e-04 1.016092e-05
4477 2.851127e-04 1.014664e-05
4478 2.847260e-04 1.013238e-05
4479 2.843398e-04 1.011813e-05
4480 2.839542e-04 1.010391e-05
4481 2.835692e-04 1.008971e-05
4482 2.831847e-04 1.007552e-05
4483 2.828007e-04 1.006136e-05
4484 2.824173e-04 1.004722e-05
4485 2.820344e-04 1.003309e-05
4486 2.816521e-04 1.001899e-05
4487 2.812703e-04 1.000491e-05
4488 2.808890e-04 9.990844e-06
4489 2.805083e-04 9.976800e-06
4490 2.801281e-04 9.962776e-06
4491 2.797485e-04 9.948771e-06
4492 2.793694e-04 9.934786e-06
4493 2.789909e-04 9.920821e-06
4494 2.786129e-04 9.906875e-06
4495 2.782354e-04 9.892949e-06
4496 2.778584e-04 9.879043e-06
4497 2.774820e-04 9.865156e-06
4498 2.771061e-04 9.851289e-06
4499 2.767308e-04 9.837441e-06
4500 2.763560e-04 9.823613e-06
4501 2.759817e-04 9.809804e-06
4502 2.756080e-04 9.796014e-06
4503 2.752347e-04 9.782244e-06
4504 2.748620e-04 9.768493e-06
4505 2.744899e-04 9.754762e-06
4506 2.741183e-04 9.741050e-06
4507 2.737472e-04 9.727357e-06
4508 2.733766e-04 9.713683e-06
4509 2.730065e-04 9.700029e-06
4510 2.726370e-04 9.686394e-06
4511 2.722680e-04 9.672778e-06
4512 2.718995e-04 9.659181e-06
4513 2.715316e-04 9.645603e-06
4514 2.711641e-04 9.632044e-06
4515 2.707972e-04 9.618505e-06
4516 2.704308e-04 9.604984e-06
4517 2.700649e-04 9.591483e-06
4518 2.696996e-04 9.578000e-06
4519 2.693348e-04 9.564536e-06
4520 2.689704e-04 9.551092e-06
4521 2.686066e-04 9.537666e-06
4522 2.682434e-04 9.524259e-06
4523 2.678806e-04 9.510871e-06
4524 2.675183e-04 9.497501e-06
4525 2.671566e-04 9.484151e-06
4526 2.667954e-04 9.470819e-06
4527 2.664347e-04 9.457506e-06
4528 2.660745e-04 9.444212e-06
4529 2.657148e-04 9.430936e-06
4530 2.653556e-04 9.417679e-06
4531 2.649969e-04 9.404441e-06
4532 2.646388e-04 9.391221e-06
4533 2.642811e-04 9.378020e-06
4534 2.639240e-04 9.364838e-06
4535 2.635673e-04 9.351674e-06
4536 2.632112e-04 9.338528e-06
4537 2.628556e-04 9.325401e-06
4538 2.625004e-04 9.312293e-06
4539 2.621458e-04 9.299202e-06
4540 2.617917e-04 9.286131e-06
4541 2.614381e-04 9.273077e-06
4542 2.610850e-04 9.260042e-06
4543 2.607324e-04 9.247026e-06
4544 2.603803e-04 9.234027e-06
4545 2.600287e-04 9.221047e-06
4546 2.596776e-04 9.208085e-06
4547 2.593270e-04 9.195141e-06
4548 2.589769e-04 9.182216e-06
4549 2.586273e-04 9.169309e-06
4550 2.582781e-04 9.156420e-06
4551 2.579295e-04 9.143548e-06
4552 2.575814e-04 9.130696e-06
4553 2.572338e-04 9.117861e-06
4554 2.568866e-04 9.105044e-06
4555 2.565400e-04 9.092245e-06
4556 2.561938e-04 9.079464e-06
4557 2.558482e-04 9.066701e-06
4558 2.555030e-04 9.053956e-06
4559 2.551583e-04 9.041229e-06
4560 2.548141e-04 9.028520e-06
4561 2.544704e-04 9.015829e-06
4562 2.541272e-04 9.003155e-06
4563 2.537845e-04 8.990500e-06
4564 2.534423e-04 8.977862e-06
4565 2.531005e-04 8.965242e-06
4566 2.527593e-04 8.952640e-06
4567 2.524185e-04 8.940055e-06
4568 2.520782e-04 8.927488e-06
4569 2.517384e-04 8.914939e-06
4570 2.513991e-04 8.902407e-06
4571 2.510602e-04 8.889893e-06
4572 2.507218e-04 8.877397e-06
4573 2.503840e-04 8.864918e-06
4574 2.500466e-04 8.852457e-06
4575 2.497096e-04 8.840013e-06
4576 2.493732e-04 8.827587e-06
4577 2.490372e-04 8.815178e-06
4578 2.487017e-04 8.802787e-06
4579 2.483667e-04 8.790413e-06
4580 2.480322e-04 8.778056e-06
4581 2.476981e-04 8.765717e-06
4582 2.473645e-04 8.753395e-06
4583 2.470314e-04 8.741091e-06
4584 2.466988e-04 8.728803e-06
4585 2.463666e-04 8.716533e-06
4586 2.460349e-04 8.704281e-06
4587 2.457037e-04 8.692045e-06
4588 2.453730e-04 8.679827e-06
4589 2.450427e-04 8.667626e-06
4590 2.447129e-04 8.655442e-06
4591 2.443835e-04 8.643275e-06
4592 2.440547e-04 8.631125e-06
4593 2.437263e-04 8.618993e-06
4594 2.433983e-04 8.606877e-06
4595 2.430709e-04 8.594778e-06
4596 2.427438e-04 8.582697e-06
4597 2.424173e-04 8.570632e-06
4598 2.420912e-04 8.558585e-06
4599 2.417656e-04 8.546554e-06
4600 2.414405e-04 8.534540e-06
4601 2.411158e-04 8.522543e-06
4602 2.407916e-04 8.510563e-06
4603 2.404678e-04 8.498600e-06
4604 2.401445e-04 8.486654e-06
4605 2.398217e-04 8.474724e-06
4606 2.394993e-04 8.462811e-06
4607 2.391773e-04 8.450915e-06
4608 2.388559e-04 8.439036e-06
4609 2.385349e-04 8.427173e-06
4610 2.382143e-04 8.415327e-06
4611 2.378942e-04 8.403498e-06
4612 2.375746e-04 8.391686e-06
4613 2.372554e-04 8.379889e-06
4614 2.369367e-04 8.368110e-06
4615 2.366184e-04 8.356347e-06
4616 2.363006e-04 8.344601e-06
4617 2.359832e-04 8.332871e-06
4618 2.356663e-04 8.321157e-06
4619 2.353498e-04 8.309460e-06
4620 2.350338e-04 8.297780e-06
4621 2.347182e-04 8.286116e-06
4622 2.344031e-04 8.274468e-06
4623 2.340884e-04 8.262837e-06
4624 2.337742e-04 8.251222e-06
4625 2.334604e-04 8.239623e-06
4626 2.331471e-04 8.228041e-06
4627 2.328342e-04 8.216475e-06
4628 2.325217e-04 8.204925e-06
4629 2.322098e-04 8.193392e-06
4630 2.318982e-04 8.181874e-06
4631 2.315871e-04 8.170373e-06
4632 2.312764e-04 8.158888e-06
4633 2.309662e-04 8.147419e-06
4634 2.306564e-04 8.135967e-06
4635 2.303471e-04 8.124530e-06
4636 2.300382e-04 8.113109e-06
4637 2.297297e-04 8.101705e-06
4638 2.294217e-04 8.090317e-06
4639 2.291141e-04 8.078944e-06
4640 2.288070e-04 8.067588e-06
4641 2.285003e-04 8.056247e-06
4642 2.281940e-04 8.044923e-06
4643 2.278882e-04 8.033614e-06
4644 2.275828e-04 8.022321e-06
4645 2.272778e-04 8.011044e-06
4646 2.269733e-04 7.999783e-06
4647 2.266692e-04 7.988538e-06
4648 2.263656e-04 7.977309e-06
4649 2.260623e-04 7.966095e-06
4650 2.257595e-04 7.954897e-06
4651 2.254572e-04 7.943715e-06
4652 2.251552e-04 7.932549e-06
4653 2.248537e-04 7.921398e-06
4654 2.245527e-04 7.910263e-06
4655 2.242520e-04 7.899144e-06
4656 2.239518e-04 7.888040e-06
4657 2.236520e-04 7.876952e-06
4658 2.233527e-04 7.865880e-06
4659 2.230537e-04 7.854823e-06
4660 2.227552e-04 7.843781e-06
4661 2.224571e-04 7.832755e-06
4662 2.221595e-04 7.821745e-06
4663 2.218623e-04 7.810750e-06
4664 2.215654e-04 7.799771e-06
4665 2.212691e-04 7.788807e-06
4666 2.209731e-04 7.777858e-06
4667 2.206776e-04 7.766925e-06
4668 2.203824e-04 7.756007e-06
4669 2.200877e-04 7.745104e-06
4670 2.197935e-04 7.734217e-06
4671 2.194996e-04 7.723345e-06
4672 2.192062e-04 7.712489e-06
4673 2.189131e-04 7.701647e-06
4674 2.186205e-04 7.690821e-06
4675 2.183283e-04 7.680010e-06
4676 2.180366e-04 7.669215e-06
4677 2.177452e-04 7.658434e-06
4678 2.174543e-04 7.647669e-06
4679 2.171638e-04 7.636919e-06
4680 2.168736e-04 7.626183e-06
4681 2.165840e-04 7.615463e-06
4682 2.162947e-04 7.604759e-06
4683 2.160058e-04 7.594069e-06
4684 2.157173e-04 7.583394e-06
4685 2.154293e-04 7.572734e-06
4686 2.151417e-04 7.562089e-06
4687 2.148544e-04 7.551459e-06
4688 2.145676e-04 7.540844e-06
4689 2.142812e-04 7.530244e-06
4690 2.139952e-04 7.519659e-06
4691 2.137096e-04 7.509089e-06
4692 2.134245e-04 7.498533e-06
4693 2.131397e-04 7.487993e-06
4694 2.128553e-04 7.477467e-06
4695 2.125713e-04 7.466956e-06
4696 2.122878e-04 7.456460e-06
4697 2.120046e-04 7.445978e-06
4698 2.117219e-04 7.435512e-06
4699 2.114395e-04 7.425060e-06
4700 2.111576e-04 7.414622e-06
4701 2.108761e-04 7.404200e-06
4702 2.105949e-04 7.393792e-06
4703 2.103142e-04 7.383398e-06
4704 2.100339e-04 7.373020e-06
4705 2.097539e-04 7.362655e-06
4706 2.094744e-04 7.352306e-06
4707 2.091953e-04 7.341971e-06
4708 2.089165e-04 7.331650e-06
4709 2.086382e-04 7.321344e-06
4710 2.083602e-04 7.311053e-06
4711 2.080827e-04 7.300776e-06
4712 2.078055e-04 7.290513e-06
4713 2.075288e-04 7.280265e-06
4714 2.072524e-04 7.270031e-06
4715 2.069765e-04 7.259812e-06
4716 2.067009e-04 7.249607e-06
4717 2.064257e-04 7.239416e-06
4718 2.061509e-04 7.229240e-06
4719 2.058766e-04 7.219078e-06
4720 2.056026e-04 7.208930e-06
4721 2.053290e-04 7.198797e-06
4722 2.050557e-04 7.188677e-06
4723 2.047829e-04 7.178572e-06
4724 2.045105e-04 7.168481e-06
4725 2.042384e-04 7.158405e-06
4726 2.039668e-04 7.148342e-06
4727 2.036955e-04 7.138294e-06
4728 2.034246e-04 7.128260e-06
4729 2.031541e-04 7.118240e-06
4730 2.028840e-04 7.108234e-06
4731 2.026143e-04 7.098242e-06
4732 2.023450e-04 7.088264e-06
4733 2.020760e-04 7.078300e-06
4734 2.018075e-04 7.068350e-06
4735 2.015393e-04 7.058414e-06
4736 2.012715e-04 7.048492e-06
4737 2.010041e-04 7.038584e-06
4738 2.007370e-04 7.028690e-06
4739 2.004704e-04 7.018810e-06
4740 2.002041e-04 7.008944e-06
4741 1.999382e-04 6.999092e-06
4742 1.996727e-04 6.989253e-06
4743 1.994076e-04 6.979428e-06
4744 1.991428e-04 6.969618e-06
4745 1.988785e-04 6.959820e-06
4746 1.986145e-04 6.950037e-06
4747 1.983508e-04 6.940268e-06
4748 1.980876e-04 6.930512e-06
4749 1.978247e-04 6.920770e-06
4750 1.975623e-04 6.911041e-06
4751 1.973001e-04 6.901326e-06
4752 1.970384e-04 6.891625e-06
4753 1.967770e-04 6.881938e-06
4754 1.965161e-04 6.872264e-06
4755 1.962554e-04 6.862604e-06
4756 1.959952e-04 6.852957e-06
4757 1.957353e-04 6.843324e-06
4758 1.954758e-04 6.833704e-06
4759 1.952167e-04 6.824098e-06
4760 1.949580e-04 6.814506e-06
4761 1.946996e-04 6.804927e-06
4762 1.944416e-04 6.795361e-06
4763 1.941839e-04 6.785809e-06
4764 1.939266e-04 6.776270e-06
4765 1.936697e-04 6.766745e-06
4766 1.934132e-04 6.757233e-06
4767 1.931570e-04 6.747735e-06
4768 1.929012e-04 6.738249e-06
4769 1.926458e-04 6.728778e-06
4770 1.923907e-04 6.719319e-06
4771 1.921360e-04 6.709874e-06
4772 1.918816e-04 6.700442e-06
4773 1.916276e-04 6.691023e-06
4774 1.913740e-04 6.681618e-06
4775 1.911208e-04 6.672225e-06
4776 1.908679e-04 6.662846e-06
4777 1.906154e-04 6.653480e-06
4778 1.903632e-04 6.644128e-06
4779 1.901114e-04 6.634788e-06
4780 1.898599e-04 6.625462e-06
4781 1.896089e-04 6.616148e-06
4782 1.893581e-04 6.606848e-06
4783 1.891078e-04 6.597561e-06
4784 1.888578e-04 6.588287e-06
4785 1.886081e-04 6.579026e-06
4786 1.883588e-04 6.569778e-06
4787 1.881099e-04 6.560543e-06
4788 1.878613e-04 6.551321e-06
4789 1.876131e-04 6.542112e-06
4790 1.873652e-04 6.532915e-06
4791 1.871177e-04 6.523732e-06
4792 1.868705e-04 6.514562e-06
4793 1.866237e-04 6.505404e-06
4794 1.863773e-04 6.496260e-06
4795 1.861312e-04 6.487128e-06
4796 1.858855e-04 6.478009e-06
4797 1.856401e-04 6.468903e-06
4798 1.853950e-04 6.459810e-06
4799 1.851504e-04 6.450730e-06
4800 1.849060e-04 6.441662e-06
4801 1.846620e-04 6.432607e-06
4802 1.844184e-04 6.423565e-06
4803 1.841751e-04 6.414535e-06
4804 1.839322e-04 6.405518e-06
4805 1.836896e-04 6.396514e-06
4806 1.834473e-04 6.387523e-06
4807 1.832055e-04 6.378544e-06
4808 1.829639e-04 6.369578e-06
4809 1.827227e-04 6.360624e-06
4810 1.824819e-04 6.351683e-06
4811 1.822413e-04 6.342755e-06
4812 1.820012e-04 6.333839e-06
4813 1.817614e-04 6.324935e-06
4814 1.815219e-04 6.316044e-06
4815 1.812828e-04 6.307166e-06
4816 1.810440e-04 6.298300e-06
4817 1.808055e-04 6.289447e-06
4818 1.805674e-04 6.280606e-06
4819 1.803297e-04 6.271777e-06
4820 1.800922e-04 6.262961e-06
4821 1.798552e-04 6.254157e-06
4822 1.796184e-04 6.245366e-06
4823 1.793820e-04 6.236587e-06
4824 1.791460e-04 6.227820e-06
4825 1.789103e-04 6.219066e-06
4826 1.786749e-04 6.210324e-06
4827 1.784398e-04 6.201594e-06
4828 1.782051e-04 6.192876e-06
4829 1.779708e-04 6.184171e-06
4830 1.777367e-04 6.175478e-06
4831 1.775030e-04 6.166797e-06
4832 1.772697e-04 6.158129e-06
4833 1.770366e-04 6.149472e-06
4834 1.768040e-04 6.140828e-06
4835 1.765716e-04 6.132196e-06
4836 1.763396e-04 6.123576e-06
4837 1.761079e-04 6.114968e-06
4838 1.758765e-04 6.106373e-06
4839 1.756455e-04 6.097789e-06
4840 1.754148e-04 6.089217e-06
4841 1.751845e-04 6.080658e-06
4842 1.749544e-04 6.072110e-06
4843 1.747247e-04 6.063575e-06
4844 1.744954e-04 6.055052e-06
4845 1.742663e-04 6.046540e-06
4846 1.740376e-04 6.038040e-06
4847 1.738092e-04 6.029553e-06
4848 1.735812e-04 6.021077e-06
4849 1.733535e-04 6.012613e-06
4850 1.731261e-04 6.004162e-06
4851 1.728990e-04 5.995722e-06
4852 1.726722e-04 5.987294e-06
4853 1.724458e-04 5.978877e-06
4854 1.722197e-04 5.970473e-06
4855 1.719940e-04 5.962080e-06
4856 1.717685e-04 5.953699e-06
4857 1.715434e-04 5.945330e-06
4858 1.713186e-04 5.936973e-06
4859 1.710941e-04 5.928628e-06
4860 1.708700e-04 5.920294e-06
4861 1.706462e-04 5.911972e-06
4862 1.704227e-04 5.903661e-06
4863 1.701995e-04 5.895363e-06
4864 1.699766e-04 5.887076e-06
4865 1.697541e-04 5.878800e-06
4866 1.695319e-04 5.870537e-06
4867 1.693100e-04 5.862284e-06
4868 1.690884e-04 5.854044e-06
4869 1.688671e-04 5.845815e-06
4870 1.686462e-04 5.837598e-06
4871 1.684256e-04 5.829392e-06
4872 1.682052e-04 5.821197e-06
4873 1.679853e-04 5.813015e-06
4874 1.677656e-04 5.804843e-06
4875 1.675462e-04 5.796684e-06
4876 1.673272e-04 5.788535e-06
4877 1.671085e-04 5.780398e-06
4878 1.668900e-04 5.772273e-06
4879 1.666720e-04 5.764159e-06
4880 1.664542e-04 5.756056e-06
4881 1.662367e-04 5.747965e-06
4882 1.660195e-04 5.739885e-06
4883 1.658027e-04 5.731817e-06
4884 1.655862e-04 5.723760e-06
4885 1.653700e-04 5.715714e-06
4886 1.651540e-04 5.707680e-06
4887 1.649385e-04 5.699656e-06
4888 1.647232e-04 5.691644e-06
4889 1.645082e-04 5.683644e-06
4890 1.642935e-04 5.675654e-06
4891 1.640792e-04 5.667676e-06
4892 1.638651e-04 5.659709e-06
4893 1.636514e-04 5.651753e-06
4894 1.634380e-04 5.643809e-06
4895 1.632248e-04 5.635875e-06
4896 1.630120e-04 5.627953e-06
4897 1.627995e-04 5.620042e-06
4898 1.625873e-04 5.612142e-06
4899 1.623754e-04 5.604253e-06
4900 1.621638e-04 5.596375e-06
4901 1.619525e-04 5.588508e-06
4902 1.617416e-04 5.580653e-06
4903 1.615309e-04 5.572808e-06
4904 1.613205e-04 5.564975e-06
4905 1.611105e-04 5.557152e-06
4906 1.609007e-04 5.549340e-06
4907 1.606912e-04 5.541540e-06
4908 1.604821e-04 5.533750e-06
4909 1.602732e-04 5.525971e-06
4910 1.600646e-04 5.518204e-06
4911 1.598564e-04 5.510447e-06
4912 1.596484e-04 5.502701e-06
4913 1.594408e-04 5.494966e-06
4914 1.592334e-04 5.487241e-06
4915 1.590264e-04 5.479528e-06
4916 1.588196e-04 5.471826e-06
4917 1.586132e-04 5.464134e-06
4918 1.584070e-04 5.456453e-06
4919 1.582011e-04 5.448783e-06
4920 1.579956e-04 5.441124e-06
4921 1.577903e-04 5.433475e-06
4922 1.575853e-04 5.425837e-06
4923 1.573806e-04 5.418210e-06
4924 1.571763e-04 5.410594e-06
4925 1.569722e-04 5.402989e-06
4926 1.567684e-04 5.395394e-06
4927 1.565649e-04 5.387809e-06
4928 1.563617e-04 5.380236e-06
4929 1.561588e-04 5.372673e-06
4930 1.559562e-04 5.365121e-06
4931 1.557538e-04 5.357579e-06
4932 1.555518e-04 5.350048e-06
4933 1.553501e-04 5.342527e-06
4934 1.551486e-04 5.335018e-06
4935 1.549475e-04 5.327518e-06
4936 1.547466e-04 5.320029e-06
4937 1.545460e-04 5.312551e-06
4938 1.543458e-04 5.305083e-06
4939 1.541458e-04 5.297626e-06
4940 1.539461e-04 5.290179e-06
4941 1.537466e-04 5.282743e-06
4942 1.535475e-04 5.275317e-06
4943 1.533487e-04 5.267902e-06
4944 1.531501e-04 5.260497e-06
4945 1.529518e-04 5.253102e-06
4946 1.527539e-04 5.245718e-06
4947 1.525562e-04 5.238344e-06
4948 1.523588e-04 5.230980e-06
4949 1.521617e-04 5.223627e-06
4950 1.519648e-04 5.216285e-06
4951 1.517683e-04 5.208952e-06
4952 1.515720e-04 5.201630e-06
4953 1.513760e-04 5.194318e-06
4954 1.511803e-04 5.187016e-06
4955 1.509849e-04 5.179725e-06
4956 1.507898e-04 5.172444e-06
4957 1.505949e-04 5.165173e-06
4958 1.504004e-04 5.157913e-06
4959 1.502061e-04 5.150662e-06
4960 1.500121e-04 5.143422e-06
4961 1.498183e-04 5.136192e-06
4962 1.496249e-04 5.128972e-06
4963 1.494317e-04 5.121762e-06
4964 1.492389e-04 5.114563e-06
4965 1.490462e-04 5.107373e-06
4966 1.488539e-04 5.100194e-06
4967 1.486619e-04 5.093025e-06
4968 1.484701e-04 5.085866e-06
4969 1.482786e-04 5.078716e-06
4970 1.480874e-04 5.071577e-06
4971 1.478965e-04 5.064448e-06
4972 1.477058e-04 5.057329e-06
4973 1.475154e-04 5.050220e-06
4974 1.473253e-04 5.043121e-06
4975 1.471355e-04 5.036032e-06
4976 1.469459e-04 5.028953e-06
4977 1.467567e-04 5.021884e-06
4978 1.465677e-04 5.014825e-06
4979 1.463789e-04 5.007776e-06
4980 1.461905e-04 5.000736e-06
4981 1.460023e-04 4.993707e-06
4982 1.458144e-04 4.986687e-06
4983 1.456267e-04 4.979677e-06
4984 1.454394e-04 4.972678e-06
4985 1.452523e-04 4.965688e-06
4986 1.450654e-04 4.958707e-06
4987 1.448789e-04 4.951737e-06
4988 1.446926e-04 4.944776e-06
4989 1.445066e-04 4.937826e-06
4990 1.443209e-04 4.930885e-06
4991 1.441354e-04 4.923953e-06
4992 1.439502e-04 4.917032e-06
4993 1.437653e-04 4.910120e-06
4994 1.435806e-04 4.903218e-06
4995 1.433962e-04 4.896325e-06
4996 1.432121e-04 4.889443e-06
4997 1.430282e-04 4.882570e-06
4998 1.428446e-04 4.875706e-06
4999 1.426613e-04 4.868853e-06
5000 1.424782e-04 4.862009e-06
5001 1.422954e-04 4.855174e-06
5002 1.421129e-04 4.848349e-06
5003 1.419306e-04 4.841534e-06
5004 1.417486e-04 4.834728e-06
5005 1.415669e-04 4.827932e-06
5006 1.413854e-04 4.821146e-06
5007 1.412042e-04 4.814369e-06
5008 1.410233e-04 4.807601e-06
5009 1.408426e-04 4.800843e-06
5010 1.406622e-04 4.794095e-06
5011 1.404820e-04 4.787356e-06
5012 1.403021e-04 4.780626e-06
5013 1.401225e-04 4.773906e-06
5014 1.399431e-04 4.767196e-06
5015 1.397640e-04 4.760494e-06
5016 1.395851e-04 4.753803e-06
5017 1.394065e-04 4.747120e-06
5018 1.392282e-04 4.740447e-06
5019 1.390501e-04 4.733784e-06
5020 1.388723e-04 4.727130e-06
5021 1.386948e-04 4.720485e-06
5022 1.385175e-04 4.713849e-06
5023 1.383404e-04 4.707223e-06
5024 1.381637e-04 4.700606e-06
5025 1.379871e-04 4.693998e-06
5026 1.378109e-04 4.687400e-06
5027 1.376349e-04 4.680811e-06
5028 1.374591e-04 4.674231e-06
5029 1.372836e-04 4.667661e-06
5030 1.371084e-04 4.661100e-06
5031 1.369334e-04 4.654548e-06
5032 1.367587e-04 4.648005e-06
5033 1.365842e-04 4.641471e-06
5034 1.364100e-04 4.634947e-06
5035 1.362360e-04 4.628431e-06
5036 1.360623e-04 4.621925e-06
5037 1.358888e-04 4.615428e-06
5038 1.357156e-04 4.608941e-06
5039 1.355427e-04 4.602462e-06
5040 1.353700e-04 4.595992e-06
5041 1.351975e-04 4.589532e-06
5042 1.350253e-04 4.583080e-06
5043 1.348534e-04 4.576638e-06
5044 1.346817e-04 4.570205e-06
5045 1.345102e-04 4.563780e-06
5046 1.343390e-04 4.557365e-06
5047 1.341681e-04 4.550959e-06
5048 1.339974e-04 4.544562e-06
5049 1.338269e-04 4.538173e-06
5050 1.336567e-04 4.531794e-06
5051 1.334867e-04 4.525424e-06
5052 1.333170e-04 4.519063e-06
5053 1.331476e-04 4.512710e-06
5054 1.329784e-04 4.506367e-06
5055 1.328094e-04 4.500032e-06
5056 1.326407e-04 4.493707e-06
5057 1.324722e-04 4.487390e-06
5058 1.323040e-04 4.481082e-06
5059 1.321360e-04 4.474783e-06
5060 1.319683e-04 4.468493e-06
5061 1.318008e-04 4.462211e-06
5062 1.316335e-04 4.455939e-06
5063 1.314665e-04 4.449675e-06
5064 1.312998e-04 4.443421e-06
5065 1.311333e-04 4.437174e-06
5066 1.309670e-04 4.430937e-06
5067 1.308010e-04 4.424709e-06
5068 1.306352e-04 4.418489e-06
5069 1.304696e-04 4.412278e-06
5070 1.303043e-04 4.406076e-06
5071 1.301393e-04 4.399882e-06
5072 1.299745e-04 4.393697e-06
5073 1.298099e-04 4.387521e-06
5074 1.296456e-04 4.381354e-06
5075 1.294815e-04 4.375195e-06
5076 1.293176e-04 4.369045e-06
5077 1.291540e-04 4.362903e-06
5078 1.289906e-04 4.356770e-06
5079 1.288275e-04 4.350646e-06
5080 1.286646e-04 4.344530e-06
5081 1.285019e-04 4.338423e-06
5082 1.283395e-04 4.332325e-06
5083 1.281773e-04 4.326235e-06
5084 1.280154e-04 4.320154e-06
5085 1.278536e-04 4.314081e-06
5086 1.276922e-04 4.308017e-06
5087 1.275309e-04 4.301961e-06
5088 1.273699e-04 4.295914e-06
5089 1.272092e-04 4.289875e-06
5090 1.270486e-04 4.283845e-06
5091 1.268883e-04 4.277823e-06
5092 1.267283e-04 4.271810e-06
5093 1.265685e-04 4.265805e-06
5094 1.264089e-04 4.259809e-06
5095 1.262495e-04 4.253821e-06
5096 1.260904e-04 4.247841e-06
5097 1.259315e-04 4.241870e-06
5098 1.257728e-04 4.235907e-06
5099 1.256144e-04 4.229953e-06
5100 1.254562e-04 4.224007e-06
5101 1.252982e-04 4.218069e-06
5102 1.251405e-04 4.212140e-06
5103 1.249830e-04 4.206219e-06
5104 1.248257e-04 4.200306e-06
5105 1.246687e-04 4.194402e-06
5106 1.245119e-04 4.188506e-06
5107 1.243553e-04 4.182618e-06
5108 1.241990e-04 4.176739e-06
5109 1.240429e-04 4.170868e-06
5110 1.238870e-04 4.165005e-06
5111 1.237313e-04 4.159150e-06
5112 1.235759e-04 4.153304e-06
5113 1.234207e-04 4.147465e-06
5114 1.232657e-04 4.141635e-06
5115 1.231109e-04 4.135814e-06
5116 1.229564e-04 4.130000e-06
5117 1.228021e-04 4.124194e-06
5118 1.226481e-04 4.118397e-06
5119 1.224942e-04 4.112608e-06
5120 1.223406e-04 4.106827e-06
5121 1.221872e-04 4.101054e-06
5122 1.220340e-04 4.095289e-06
5123 1.218811e-04 4.089533e-06
5124 1.217284e-04 4.083784e-06
5125 1.215759e-04 4.078043e-06
5126 1.214236e-04 4.072311e-06
5127 1.212716e-04 4.066587e-06
5128 1.211198e-04 4.060870e-06
5129 1.209682e-04 4.055162e-06
5130 1.208168e-04 4.049462e-06
5131 1.206656e-04 4.043769e-06
5132 1.205147e-04 4.038085e-06
5133 1.203640e-04 4.032409e-06
5134 1.202135e-04 4.026741e-06
5135 1.200632e-04 4.021080e-06
5136 1.199132e-04 4.015428e-06
5137 1.197634e-04 4.009783e-06
5138 1.196138e-04 4.004147e-06
5139 1.194644e-04 3.998518e-06
5140 1.193152e-04 3.992898e-06
5141 1.191663e-04 3.987285e-06
5142 1.190176e-04 3.981680e-06
5143 1.188691e-04 3.976083e-06
5144 1.187208e-04 3.970494e-06
5145 1.185727e-04 3.964913e-06
5146 1.184249e-04 3.959339e-06
5147 1.182772e-04 3.953774e-06
5148 1.181298e-04 3.948216e-06
5149 1.179826e-04 3.942666e-06
5150 1.178356e-04 3.937124e-06
5151 1.176889e-04 3.931589e-06
5152 1.175423e-04 3.926063e-06
5153 1.173960e-04 3.920544e-06
5154 1.172499e-04 3.915033e-06
5155 1.171040e-04 3.909530e-06
5156 1.169583e-04 3.904034e-06
5157 1.168128e-04 3.898546e-06
5158 1.166676e-04 3.893066e-06
5159 1.165225e-04 3.887594e-06
5160 1.163777e-04 3.882129e-06
5161 1.162331e-04 3.876672e-06
5162 1.160887e-04 3.871223e-06
5163 1.159445e-04 3.865781e-06
5164 1.158005e-04 3.860347e-06
5165 1.156568e-04 3.854920e-06
5166 1.155132e-04 3.849501e-06
5167 1.153699e-04 3.844090e-06
5168 1.152268e-04 3.838687e-06
5169 1.150838e-04 3.833291e-06
5170 1.149411e-04 3.827902e-06
5171 1.147986e-04 3.822521e-06
5172 1.146564e-04 3.817148e-06
5173 1.145143e-04 3.811783e-06
5174 1.143724e-04 3.806424e-06
5175 1.142308e-04 3.801074e-06
5176 1.140893e-04 3.795731e-06
5177 1.139481e-04 3.790395e-06
5178 1.138071e-04 3.785067e-06
5179 1.136663e-04 3.779746e-06
5180 1.135256e-04 3.774433e-06
5181 1.133852e-04 3.769127e-06
5182 1.132451e-04 3.763829e-06
5183 1.131051e-04 3.758539e-06
5184 1.129653e-04 3.753255e-06
5185 1.128257e-04 3.747979e-06
5186 1.126863e-04 3.742711e-06
5187 1.125472e-04 3.737450e-06
5188 1.124082e-04 3.732196e-06
5189 1.122695e-04 3.726950e-06
5190 1.121309e-04 3.721711e-06
5191 1.119926e-04 3.716479e-06
5192 1.118545e-04 3.711255e-06
5193 1.117165e-04 3.706038e-06
5194 1.115788e-04 3.700829e-06
5195 1.114413e-04 3.695626e-06
5196 1.113040e-04 3.690432e-06
5197 1.111669e-04 3.685244e-06
5198 1.110300e-04 3.680064e-06
5199 1.108933e-04 3.674891e-06
5200 1.107567e-04 3.669725e-06
5201 1.106204e-04 3.664566e-06
5202 1.104843e-04 3.659415e-06
5203 1.103484e-04 3.654271e-06
5204 1.102128e-04 3.649135e-06
5205 1.100773e-04 3.644005e-06
5206 1.099420e-04 3.638883e-06
5207 1.098069e-04 3.633768e-06
5208 1.096720e-04 3.628660e-06
5209 1.095373e-04 3.623559e-06
5210 1.094028e-04 3.618465e-06
5211 1.092685e-04 3.613379e-06
5212 1.091344e-04 3.608300e-06
5213 1.090005e-04 3.603227e-06
5214 1.088668e-04 3.598162e-06
5215 1.087333e-04 3.593105e-06
5216 1.086000e-04 3.588054e-06
5217 1.084669e-04 3.583010e-06
5218 1.083340e-04 3.577973e-06
5219 1.082013e-04 3.572944e-06
5220 1.080688e-04 3.567922e-06
5221 1.079365e-04 3.562906e-06
5222 1.078044e-04 3.557898e-06
5223 1.076724e-04 3.552897e-06
5224 1.075407e-04 3.547902e-06
5225 1.074092e-04 3.542915e-06
5226 1.072778e-04 3.537935e-06
5227 1.071467e-04 3.532962e-06
5228 1.070158e-04 3.527995e-06
5229 1.068850e-04 3.523036e-06
5230 1.067545e-04 3.518084e-06
5231 1.066241e-04 3.513139e-06
5232 1.064939e-04 3.508200e-06
5233 1.063640e-04 3.503269e-06
5234 1.062342e-04 3.498344e-06
5235 1.061046e-04 3.493427e-06
5236 1.059752e-04 3.488516e-06
5237 1.058460e-04 3.483612e-06
5238 1.057170e-04 3.478715e-06
5239 1.055882e-04 3.473825e-06
5240 1.054596e-04 3.468942e-06
5241 1.053311e-04 3.464066e-06
5242 1.052029e-04 3.459197e-06
5243 1.050749e-04 3.454334e-06
5244 1.049470e-04 3.449478e-06
5245 1.048193e-04 3.444630e-06
5246 1.046919e-04 3.439787e-06
5247 1.045646e-04 3.434952e-06
5248 1.044375e-04 3.430124e-06
5249 1.043106e-04 3.425302e-06
5250 1.041838e-04 3.420487e-06
5251 1.040573e-04 3.415679e-06
5252 1.039310e-04 3.410878e-06
5253 1.038048e-04 3.406083e-06
5254 1.036789e-04 3.401295e-06
5255 1.035531e-04 3.396514e-06
5256 1.034275e-04 3.391740e-06
5257 1.033021e-04 3.386972e-06
5258 1.031769e-04 3.382211e-06
5259 1.030519e-04 3.377457e-06
5260 1.029270e-04 3.372709e-06
5261 1.028024e-04 3.367968e-06
5262 1.026779e-04 3.363234e-06
5263 1.025536e-04 3.358506e-06
5264 1.024295e-04 3.353785e-06
5265 1.023056e-04 3.349071e-06
5266 1.021819e-04 3.344363e-06
5267 1.020583e-04 3.339662e-06
5268 1.019350e-04 3.334967e-06
5269 1.018118e-04 3.330279e-06
5270 1.016888e-04 3.325598e-06
5271 1.015660e-04 3.320923e-06
5272 1.014434e-04 3.316255e-06
5273 1.013210e-04 3.311593e-06
5274 1.011987e-04 3.306938e-06
5275 1.010766e-04 3.302290e-06
5276 1.009548e-04 3.297648e-06
5277 1.008331e-04 3.293012e-06
5278 1.007115e-04 3.288383e-06
5279 1.005902e-04 3.283761e-06
5280 1.004690e-04 3.279145e-06
5281 1.003481e-04 3.274536e-06
5282 1.002273e-04 3.269933e-06
5283 1.001067e-04 3.265336e-06
5284 9.998622e-05 3.260746e-06
5285 9.986596e-05 3.256163e-06
5286 9.974589e-05 3.251585e-06
5287 9.962600e-05 3.247015e-06
5288 9.950629e-05 3.242450e-06
5289 9.938675e-05 3.237893e-06
5290 9.926740e-05 3.233341e-06
5291 9.914822e-05 3.228796e-06
5292 9.902923e-05 3.224257e-06
5293 9.891041e-05 3.219725e-06
5294 9.879177e-05 3.215199e-06
5295 9.867331e-05 3.210680e-06
5296 9.855502e-05 3.206166e-06
5297 9.843692e-05 3.201660e-06
5298 9.831899e-05 3.197159e-06
5299 9.820123e-05 3.192665e-06
5300 9.808366e-05 3.188177e-06
5301 9.796626e-05 3.183695e-06
5302 9.784904e-05 3.179220e-06
5303 9.773199e-05 3.174751e-06
5304 9.761512e-05 3.170288e-06
5305 9.749843e-05 3.165832e-06
5306 9.738191e-05 3.161382e-06
5307 9.726556e-05 3.156938e-06
5308 9.714940e-05 3.152500e-06
5309 9.703340e-05 3.148069e-06
5310 9.691758e-05 3.143644e-06
5311 9.680194e-05 3.139225e-06
5312 9.668646e-05 3.134812e-06
5313 9.657117e-05 3.130405e-06
5314 9.645604e-05 3.126005e-06
5315 9.634109e-05 3.121611e-06
5316 9.622631e-05 3.117223e-06
5317 9.611171e-05 3.112841e-06
5318 9.599728e-05 3.108465e-06
5319 9.588302e-05 3.104096e-06
5320 9.576893e-05 3.099732e-06
5321 9.565501e-05 3.095375e-06
5322 9.554127e-05 3.091024e-06
5323 9.542769e-05 3.086679e-06
5324 9.531429e-05 3.082340e-06
5325 9.520106e-05 3.078007e-06
5326 9.508800e-05 3.073681e-06
5327 9.497511e-05 3.069360e-06
5328 9.486239e-05 3.065045e-06
5329 9.474984e-05 3.060737e-06
5330 9.463746e-05 3.056434e-06
5331 9.452525e-05 3.052138e-06
5332 9.441321e-05 3.047848e-06
5333 9.430134e-05 3.043563e-06
5334 9.418964e-05 3.039285e-06
5335 9.407810e-05 3.035013e-06
5336 9.396674e-05 3.030747e-06
5337 9.385554e-05 3.026486e-06
5338 9.374451e-05 3.022232e-06
5339 9.363365e-05 3.017984e-06
5340 9.352296e-05 3.013741e-06
5341 9.341243e-05 3.009505e-06
5342 9.330207e-05 3.005275e-06
5343 9.319188e-05 3.001050e-06
5344 9.308185e-05 2.996832e-06
5345 9.297199e-05 2.992619e-06
5346 9.286230e-05 2.988412e-06
5347 9.275277e-05 2.984211e-06
5348 9.264341e-05 2.980017e-06
5349 9.253421e-05 2.975828e-06
5350 9.242518e-05 2.971645e-06
5351 9.231631e-05 2.967467e-06
5352 9.220761e-05 2.963296e-06
5353 9.209907e-05 2.959131e-06
5354 9.199070e-05 2.954971e-06
5355 9.188249e-05 2.950817e-06
5356 9.177445e-05 2.946669e-06
5357 9.166657e-05 2.942527e-06
5358 9.155885e-05 2.938391e-06
5359 9.145129e-05 2.934260e-06
5360 9.134390e-05 2.930136e-06
5361 9.123668e-05 2.926017e-06
5362 9.112961e-05 2.921904e-06
5363 9.102271e-05 2.917797e-06
5364 9.091597e-05 2.913695e-06
5365 9.080939e-05 2.909599e-06
5366 9.070297e-05 2.905509e-06
5367 9.059671e-05 2.901425e-06
5368 9.049062e-05 2.897347e-06
5369 9.038468e-05 2.893274e-06
5370 9.027891e-05 2.889207e-06
5371 9.017330e-05 2.885146e-06
5372 9.006785e-05 2.881090e-06
5373 8.996256e-05 2.877040e-06
5374 8.985742e-05 2.872996e-06
5375 8.975245e-05 2.868957e-06
5376 8.964764e-05 2.864924e-06
5377 8.954299e-05 2.860897e-06
5378 8.943849e-05 2.856876e-06
5379 8.933416e-05 2.852860e-06
5380 8.922998e-05 2.848850e-06
5381 8.912596e-05 2.844845e-06
5382 8.902210e-05 2.840846e-06
5383 8.891840e-05 2.836853e-06
5384 8.881486e-05 2.832865e-06
5385 8.871147e-05 2.828883e-06
5386 8.860824e-05 2.824906e-06
5387 8.850517e-05 2.820935e-06
5388 8.840226e-05 2.816970e-06
5389 8.829950e-05 2.813010e-06
5390 8.819690e-05 2.809056e-06
5391 8.809445e-05 2.805108e-06
5392 8.799216e-05 2.801164e-06
5393 8.789003e-05 2.797227e-06
5394 8.778805e-05 2.793295e-06
5395 8.768623e-05 2.789368e-06
5396 8.758456e-05 2.785447e-06
5397 8.748305e-05 2.781532e-06
5398 8.738170e-05 2.777622e-06
5399 8.728049e-05 2.773717e-06
5400 8.717945e-05 2.769819e-06
5401 8.707855e-05 2.765925e-06
5402 8.697781e-05 2.762037e-06
5403 8.687723e-05 2.758154e-06
5404 8.677680e-05 2.754277e-06
5405 8.667652e-05 2.750406e-06
5406 8.657639e-05 2.746539e-06
5407 8.647642e-05 2.742679e-06
5408 8.637660e-05 2.738823e-06
5409 8.627693e-05 2.734973e-06
5410 8.617742e-05 2.731129e-06
5411 8.607806e-05 2.727290e-06
5412 8.597885e-05 2.723456e-06
5413 8.587979e-05 2.719628e-06
5414 8.578088e-05 2.715805e-06
5415 8.568213e-05 2.711987e-06
5416 8.558352e-05 2.708175e-06
5417 8.548507e-05 2.704368e-06
5418 8.538676e-05 2.700567e-06
5419 8.528861e-05 2.696771e-06
5420 8.519061e-05 2.692980e-06
5421 8.509276e-05 2.689194e-06
5422 8.499505e-05 2.685414e-06
5423 8.489750e-05 2.681639e-06
5424 8.480010e-05 2.677870e-06
5425 8.470284e-05 2.674105e-06
5426 8.460574e-05 2.670347e-06
5427 8.450878e-05 2.666593e-06
5428 8.441198e-05 2.662844e-06
5429 8.431532e-05 2.659101e-06
5430 8.421881e-05 2.655363e-06
5431 8.412245e-05 2.651631e-06
5432 8.402623e-05 2.647904e-06
5433 8.393016e-05 2.644181e-06
5434 8.383425e-05 2.640465e-06
5435 8.373847e-05 2.636753e-06
5436 8.364285e-05 2.633046e-06
5437 8.354737e-05 2.629345e-06
5438 8.345204e-05 2.625649e-06
5439 8.335685e-05 2.621958e-06
5440 8.326182e-05 2.618273e-06
5441 8.316692e-05 2.614592e-06
5442 8.307218e-05 2.610917e-06
5443 8.297758e-05 2.607247e-06
5444 8.288312e-05 2.603582e-06
5445 8.278881e-05 2.599922e-06
5446 8.269465e-05 2.596267e-06
5447 8.260063e-05 2.592618e-06
5448 8.250675e-05 2.588973e-06
5449 8.241302e-05 2.585334e-06
5450 8.231943e-05 2.581700e-06
5451 8.222599e-05 2.578071e-06
5452 8.213269e-05 2.574447e-06
5453 8.203954e-05 2.570828e-06
5454 8.194653e-05 2.567214e-06
5455 8.185366e-05 2.563606e-06
5456 8.176094e-05 2.560002e-06
5457 8.166835e-05 2.556403e-06
5458 8.157591e-05 2.552810e-06
5459 8.148362e-05 2.549221e-06
5460 8.139146e-05 2.545638e-06
5461 8.129945e-05 2.542060e-06
5462 8.120758e-05 2.538486e-06
5463 8.111586e-05 2.534918e-06
5464 8.102427e-05 2.531355e-06
5465 8.093282e-05 2.527796e-06
5466 8.084152e-05 2.524243e-06
5467 8.075036e-05 2.520695e-06
5468 8.065934e-05 2.517152e-06
5469 8.056846e-05 2.513613e-06
5470 8.047771e-05 2.510080e-06
5471 8.038711e-05 2.506551e-06
5472 8.029665e-05 2.503028e-06
5473 8.020633e-05 2.499510e-06
5474 8.011615e-05 2.495996e-06
5475 8.002611e-05 2.492487e-06
5476 7.993621e-05 2.488984e-06
5477 7.984645e-05 2.485485e-06
5478 7.975682e-05 2.481991e-06
5479 7.966734e-05 2.478502e-06
5480 7.957799e-05 2.475018e-06
5481 7.948878e-05 2.471539e-06
5482 7.939972e-05 2.468065e-06
5483 7.931078e-05 2.464596e-06
5484 7.922199e-05 2.461131e-06
5485 7.913333e-05 2.457672e-06
5486 7.904481e-05 2.454217e-06
5487 7.895643e-05 2.450767e-06
5488 7.886819e-05 2.447322e-06
5489 7.878008e-05 2.443882e-06
5490 7.869211e-05 2.440447e-06
5491 7.860428e-05 2.437016e-06
5492 7.851658e-05 2.433590e-06
5493 7.842902e-05 2.430170e-06
5494 7.834159e-05 2.426754e-06
5495 7.825430e-05 2.423342e-06
5496 7.816714e-05 2.419936e-06
5497 7.808013e-05 2.416534e-06
5498 7.799324e-05 2.413137e-06
5499 7.790649e-05 2.409745e-06
5500 7.781988e-05 2.406358e-06
5501 7.773340e-05 2.402975e-06
5502 7.764705e-05 2.399597e-06
5503 7.756084e-05 2.396224e-06
5504 7.747477e-05 2.392856e-06
5505 7.738883e-05 2.389492e-06
5506 7.730302e-05 2.386134e-06
5507 7.721734e-05 2.382779e-06
5508 7.713180e-05 2.379430e-06
5509 7.704639e-05 2.376085e-06
5510 7.696112e-05 2.372745e-06
5511 7.687597e-05 2.369410e-06
5512 7.679096e-05 2.366079e-06
5513 7.670609e-05 2.362753e-06
5514 7.662134e-05 2.359432e-06
5515 7.653673e-05 2.356115e-06
5516 7.645225e-05 2.352803e-06
5517 7.636790e-05 2.349496e-06
5518 7.628368e-05 2.346193e-06
5519 7.619960e-05 2.342895e-06
5520 7.611564e-05 2.339602e-06
5521 7.603182e-05 2.336313e-06
5522 7.594813e-05 2.333029e-06
5523 7.586456e-05 2.329750e-06
5524 7.578113e-05 2.326475e-06
5525 7.569783e-05 2.323204e-06
5526 7.561466e-05 2.319939e-06
5527 7.553162e-05 2.316678e-06
5528 7.544871e-05 2.313421e-06
5529 7.536593e-05 2.310169e-06
5530 7.528328e-05 2.306922e-06
5531 7.520075e-05 2.303679e-06
5532 7.511836e-05 2.300441e-06
5533 7.503609e-05 2.297207e-06
5534 7.495396e-05 2.293978e-06
5535 7.487195e-05 2.290753e-06
5536 7.479007e-05 2.287533e-06
5537 7.470832e-05 2.284318e-06
5538 7.462670e-05 2.281107e-06
5539 7.454521e-05 2.277900e-06
5540 7.446384e-05 2.274698e-06
5541 7.438260e-05 2.271501e-06
5542 7.430149e-05 2.268308e-06
5543 7.422050e-05 2.265119e-06
5544 7.413965e-05 2.261935e-06
5545 7.405892e-05 2.258755e-06
5546 7.397831e-05 2.255580e-06
5547 7.389784e-05 2.252410e-06
5548 7.381748e-05 2.249244e-06
5549 7.373726e-05 2.246082e-06
5550 7.365716e-05 2.242925e-06
5551 7.357719e-05 2.239772e-06
5552 7.349734e-05 2.236623e-06
5553 7.341762e-05 2.233479e-06
5554 7.333802e-05 2.230340e-06
5555 7.325855e-05 2.227205e-06
5556 7.317921e-05 2.224074e-06
5557 7.309998e-05 2.220947e-06
5558 7.302089e-05 2.217825e-06
5559 7.294191e-05 2.214708e-06
5560 7.286307e-05 2.211595e-06
5561 7.278434e-05 2.208486e-06
5562 7.270574e-05 2.205381e-06
5563 7.262727e-05 2.202281e-06
5564 7.254891e-05 2.199186e-06
5565 7.247069e-05 2.196094e-06
5566 7.239258e-05 2.193007e-06
5567 7.231460e-05 2.189925e-06
5568 7.223674e-05 2.186846e-06
5569 7.215900e-05 2.183772e-06
5570 7.208139e-05 2.180703e-06
5571 7.200390e-05 2.177637e-06
5572 7.192653e-05 2.174576e-06
5573 7.184928e-05 2.171519e-06
5574 7.177215e-05 2.168467e-06
5575 7.169515e-05 2.165419e-06
5576 7.161827e-05 2.162375e-06
5577 7.154151e-05 2.159335e-06
5578 7.146487e-05 2.156300e-06
5579 7.138835e-05 2.153269e-06
5580 7.131195e-05 2.150242e-06
5581 7.123568e-05 2.147219e-06
5582 7.115952e-05 2.144201e-06
5583 7.108349e-05 2.141187e-06
5584 7.100757e-05 2.138177e-06
5585 7.093178e-05 2.135172e-06
5586 7.085610e-05 2.132170e-06
5587 7.078055e-05 2.129173e-06
5588 7.070511e-05 2.126180e-06
5589 7.062980e-05 2.123191e-06
5590 7.055460e-05 2.120207e-06
5591 7.047953e-05 2.117226e-06
5592 7.040457e-05 2.114250e-06
5593 7.032973e-05 2.111278e-06
5594 7.025501e-05 2.108311e-06
5595 7.018041e-05 2.105347e-06
5596 7.010592e-05 2.102387e-06
5597 7.003156e-05 2.099432e-06
5598 6.995731e-05 2.096481e-06
5599 6.988318e-05 2.093534e-06
5600 6.980917e-05 2.090591e-06
5601 6.973527e-05 2.087652e-06
5602 6.966150e-05 2.084718e-06
5603 6.958784e-05 2.081787e-06
5604 6.951430e-05 2.078861e-06
5605 6.944087e-05 2.075939e-06
5606 6.936756e-05 2.073021e-06
5607 6.929437e-05 2.070107e-06
5608 6.922129e-05 2.067197e-06
5609 6.914833e-05 2.064291e-06
5610 6.907549e-05 2.061389e-06
5611 6.900276e-05 2.058492e-06
5612 6.893015e-05 2.055598e-06
5613 6.885765e-05 2.052708e-06
5614 6.878527e-05 2.049823e-06
5615 6.871301e-05 2.046942e-06
5616 6.864086e-05 2.044064e-06
5617 6.856882e-05 2.041191e-06
5618 6.849690e-05 2.038322e-06
5619 6.842510e-05 2.035456e-06
5620 6.835341e-05 2.032595e-06
5621 6.828183e-05 2.029738e-06
5622 6.821037e-05 2.026885e-06
5623 6.813902e-05 2.024036e-06
5624 6.806779e-05 2.021190e-06
5625 6.799667e-05 2.018349e-06
5626 6.792566e-05 2.015512e-06
5627 6.785477e-05 2.012679e-06
5628 6.778399e-05 2.009850e-06
5629 6.771332e-05 2.007025e-06
5630 6.764277e-05 2.004203e-06
5631 6.757232e-05 2.001386e-06
5632 6.750200e-05 1.998573e-06
5633 6.743178e-05 1.995763e-06
5634 6.736168e-05 1.992958e-06
5635 6.729169e-05 1.990156e-06
5636 6.722181e-05 1.987359e-06
5637 6.715204e-05 1.984565e-06
5638 6.708238e-05 1.981776e-06
5639 6.701284e-05 1.978990e-06
5640 6.694341e-05 1.976208e-06
5641 6.687409e-05 1.973430e-06
5642 6.680488e-05 1.970656e-06
5643 6.673578e-05 1.967886e-06
5644 6.666679e-05 1.965120e-06
5645 6.659791e-05 1.962357e-06
5646 6.652914e-05 1.959599e-06
5647 6.646049e-05 1.956844e-06
5648 6.639194e-05 1.954094e-06
5649 6.632351e-05 1.951347e-06
5650 6.625518e-05 1.948604e-06
5651 6.618696e-05 1.945865e-06
5652 6.611886e-05 1.943129e-06
5653 6.605086e-05 1.940398e-06
5654 6.598297e-05 1.937670e-06
5655 6.591519e-05 1.934947e-06
5656 6.584752e-05 1.932227e-06
5657 6.577996e-05 1.929511e-06
5658 6.571251e-05 1.926798e-06
5659 6.564517e-05 1.924090e-06
5660 6.557793e-05 1.921385e-06
5661 6.551080e-05 1.918684e-06
5662 6.544378e-05 1.915987e-06
5663 6.537687e-05 1.913294e-06
5664 6.531007e-05 1.910605e-06
5665 6.524338e-05 1.907919e-06
5666 6.517679e-05 1.905237e-06
5667 6.511031e-05 1.902559e-06
5668 6.504393e-05 1.899884e-06
5669 6.497767e-05 1.897214e-06
5670 6.491151e-05 1.894547e-06
5671 6.484546e-05 1.891884e-06
5672 6.477951e-05 1.889224e-06
5673 6.471367e-05 1.886569e-06
5674 6.464794e-05 1.883917e-06
5675 6.458231e-05 1.881268e-06
5676 6.451679e-05 1.878624e-06
5677 6.445138e-05 1.875983e-06
5678 6.438607e-05 1.873346e-06
5679 6.432087e-05 1.870713e-06
5680 6.425577e-05 1.868083e-06
5681 6.419078e-05 1.865457e-06
5682 6.412589e-05 1.862835e-06
5683 6.406111e-05 1.860216e-06
5684 6.399643e-05 1.857602e-06
5685 6.393186e-05 1.854990e-06
5686 6.386739e-05 1.852383e-06
5687 6.380303e-05 1.849779e-06
5688 6.373877e-05 1.847179e-06
5689 6.367462e-05 1.844582e-06
5690 6.361057e-05 1.841989e-06
5691 6.354662e-05 1.839400e-06
5692 6.348278e-05 1.836814e-06
5693 6.341904e-05 1.834232e-06
5694 6.335540e-05 1.831654e-06
5695 6.329187e-05 1.829079e-06
5696 6.322844e-05 1.826508e-06
5697 6.316512e-05 1.823941e-06
5698 6.310189e-05 1.821377e-06
5699 6.303877e-05 1.818817e-06
5700 6.297575e-05 1.816260e-06
5701 6.291284e-05 1.813707e-06
5702 6.285003e-05 1.811157e-06
5703 6.278732e-05 1.808611e-06
5704 6.272471e-05 1.806069e-06
5705 6.266220e-05 1.803530e-06
5706 6.259980e-05 1.800995e-06
5707 6.253749e-05 1.798463e-06
5708 6.247529e-05 1.795935e-06
5709 6.241319e-05 1.793411e-06
5710 6.235119e-05 1.790890e-06
5711 6.228929e-05 1.788373e-06
5712 6.222750e-05 1.785859e-06
5713 6.216580e-05 1.783348e-06
5714 6.210420e-05 1.780841e-06
5715 6.204271e-05 1.778338e-06
5716 6.198131e-05 1.775838e-06
5717 6.192002e-05 1.773342e-06
5718 6.185882e-05 1.770849e-06
5719 6.179773e-05 1.768360e-06
5720 6.173673e-05 1.765874e-06
5721 6.167584e-05 1.763392e-06
5722 6.161504e-05 1.760913e-06
5723 6.155435e-05 1.758438e-06
5724 6.149375e-05 1.755966e-06
5725 6.143325e-05 1.753498e-06
5726 6.137285e-05 1.751033e-06
5727 6.131255e-05 1.748572e-06
5728 6.125235e-05 1.746114e-06
5729 6.119225e-05 1.743659e-06
5730 6.113225e-05 1.741208e-06
5731 6.107234e-05 1.738760e-06
5732 6.101253e-05 1.736316e-06
5733 6.095282e-05 1.733876e-06
5734 6.089321e-05 1.731438e-06
5735 6.083370e-05 1.729004e-06
5736 6.077428e-05 1.726574e-06
5737 6.071496e-05 1.724147e-06
5738 6.065574e-05 1.721723e-06
5739 6.059662e-05 1.719303e-06
5740 6.053759e-05 1.716886e-06
5741 6.047866e-05 1.714473e-06
5742 6.041983e-05 1.712063e-06
5743 6.036109e-05 1.709656e-06
5744 6.030245e-05 1.707253e-06
5745 6.024391e-05 1.704853e-06
5746 6.018546e-05 1.702457e-06
5747 6.012711e-05 1.700064e-06
5748 6.006885e-05 1.697674e-06
5749 6.001070e-05 1.695288e-06
5750 5.995263e-05 1.692904e-06
5751 5.989466e-05 1.690525e-06
5752 5.983679e-05 1.688148e-06
5753 5.977901e-05 1.685775e-06
5754 5.972133e-05 1.683406e-06
5755 5.966375e-05 1.681039e-06
5756 5.960625e-05 1.678676e-06
5757 5.954886e-05 1.676317e-06
5758 5.949156e-05 1.673960e-06
5759 5.943435e-05 1.671607e-06
5760 5.937723e-05 1.669258e-06
5761 5.932022e-05 1.666911e-06
5762 5.926329e-05 1.664568e-06
5763 5.920646e-05 1.662228e-06
5764 5.914972e-05 1.659891e-06
5765 5.909308e-05 1.657558e-06
5766 5.903653e-05 1.655228e-06
5767 5.898007e-05 1.652901e-06
5768 5.892371e-05 1.650578e-06
5769 5.886744e-05 1.648258e-06
5770 5.881127e-05 1.645941e-06
5771 5.875518e-05 1.643627e-06
5772 5.869919e-05 1.641317e-06
5773 5.864329e-05 1.639010e-06
5774 5.858749e-05 1.636706e-06
5775 5.853178e-05 1.634405e-06
5776 5.847616e-05 1.632108e-06
5777 5.842063e-05 1.629813e-06
5778 5.836519e-05 1.627522e-06
5779 5.830985e-05 1.625235e-06
5780 5.825460e-05 1.622950e-06
5781 5.819944e-05 1.620669e-06
5782 5.814437e-05 1.618390e-06
5783 5.808939e-05 1.616115e-06
5784 5.803450e-05 1.613844e-06
5785 5.797971e-05 1.611575e-06
5786 5.792500e-05 1.609310e-06
5787 5.787039e-05 1.607048e-06
5788 5.781587e-05 1.604789e-06
5789 5.776144e-05 1.602533e-06
5790 5.770710e-05 1.600280e-06
5791 5.765284e-05 1.598031e-06
5792 5.759868e-05 1.595784e-06
5793 5.754461e-05 1.593541e-06
5794 5.749063e-05 1.591301e-06
5795 5.743674e-05 1.589064e-06
5796 5.738294e-05 1.586831e-06
5797 5.732923e-05 1.584600e-06
5798 5.727561e-05 1.582372e-06
5799 5.722208e-05 1.580148e-06
5800 5.716864e-05 1.577927e-06
5801 5.711528e-05 1.575709e-06
5802 5.706202e-05 1.573494e-06
5803 5.700884e-05 1.571282e-06
5804 5.695576e-05 1.569073e-06
5805 5.690276e-05 1.566868e-06
5806 5.684985e-05 1.564665e-06
5807 5.679703e-05 1.562466e-06
5808 5.674429e-05 1.560269e-06
5809 5.669165e-05 1.558076e-06
5810 5.663909e-05 1.555886e-06
5811 5.658662e-05 1.553699e-06
5812 5.653424e-05 1.551515e-06
5813 5.648195e-05 1.549334e-06
5814 5.642974e-05 1.547156e-06
5815 5.637762e-05 1.544981e-06
5816 5.632559e-05 1.542810e-06
5817 5.627365e-05 1.540641e-06
5818 5.622179e-05 1.538475e-06
5819 5.617002e-05 1.536313e-06
5820 5.611834e-05 1.534153e-06
5821 5.606674e-05 1.531996e-06
5822 5.601523e-05 1.529843e-06
5823 5.596381e-05 1.527693e-06
5824 5.591247e-05 1.525545e-06
5825 5.586122e-05 1.523401e-06
5826 5.581005e-05 1.521259e-06
5827 5.575897e-05 1.519121e-06
5828 5.570798e-05 1.516985e-06
5829 5.565707e-05 1.514853e-06
5830 5.560625e-05 1.512724e-06
5831 5.555551e-05 1.510597e-06
5832 5.550486e-05 1.508474e-06
5833 5.545430e-05 1.506353e-06
5834 5.540381e-05 1.504236e-06
5835 5.535342e-05 1.502121e-06
5836 5.530311e-05 1.500010e-06
5837 5.525288e-05 1.497901e-06
5838 5.520274e-05 1.495796e-06
5839 5.515268e-05 1.493693e-06
5840 5.510271e-05 1.491593e-06
5841 5.505282e-05 1.489497e-06
5842 5.500301e-05 1.487403e-06
5843 5.495329e-05 1.485312e-06
5844 5.490366e-05 1.483224e-06
5845 5.485410e-05 1.481139e-06
5846 5.480463e-05 1.479057e-06
5847 5.475525e-05 1.476978e-06
5848 5.470595e-05 1.474902e-06
5849 5.465673e-05 1.472829e-06
5850 5.460759e-05 1.470758e-06
5851 5.455854e-05 1.468691e-06
5852 5.450957e-05 1.466627e-06
5853 5.446068e-05 1.464565e-06
5854 5.441188e-05 1.462506e-06
5855 5.436315e-05 1.460450e-06
5856 5.431451e-05 1.458397e-06
5857 5.426596e-05 1.456347e-06
5858 5.421748e-05 1.454300e-06
5859 5.416909e-05 1.452256e-06
5860 5.412078e-05 1.450214e-06
5861 5.407255e-05 1.448176e-06
5862 5.402440e-05 1.446140e-06
5863 5.397634e-05 1.444107e-06
5864 5.392835e-05 1.442077e-06
5865 5.388045e-05 1.440050e-06
5866 5.383263e-05 1.438026e-06
5867 5.378489e-05 1.436005e-06
5868 5.373723e-05 1.433986e-06
5869 5.368965e-05 1.431970e-06
5870 5.364215e-05 1.429958e-06
5871 5.359474e-05 1.427947e-06
5872 5.354740e-05 1.425940e-06
5873 5.350014e-05 1.423936e-06
5874 5.345297e-05 1.421934e-06
5875 5.340587e-05 1.419935e-06
5876 5.335886e-05 1.417939e-06
5877 5.331192e-05 1.415946e-06
5878 5.326507e-05 1.413956e-06
5879 5.321829e-05 1.411968e-06
5880 5.317160e-05 1.409983e-06
5881 5.312498e-05 1.408001e-06
5882 5.307845e-05 1.406022e-06
5883 5.303199e-05 1.404046e-06
5884 5.298561e-05 1.402072e-06
5885 5.293931e-05 1.400101e-06
5886 5.289309e-05 1.398133e-06
5887 5.284695e-05 1.396168e-06
5888 5.280089e-05 1.394205e-06
5889 5.275491e-05 1.392245e-06
5890 5.270900e-05 1.390288e-06
5891 5.266317e-05 1.388334e-06
5892 5.261743e-05 1.386383e-06
5893 5.257176e-05 1.384434e-06
5894 5.252616e-05 1.382488e-06
5895 5.248065e-05 1.380544e-06
5896 5.243521e-05 1.378604e-06
5897 5.238986e-05 1.376666e-06
5898 5.234457e-05 1.374731e-06
5899 5.229937e-05 1.372798e-06
5900 5.225425e-05 1.370869e-06
5901 5.220920e-05 1.368941e-06
5902 5.216423e-05 1.367017e-06
5903 5.211933e-05 1.365096e-06
5904 5.207451e-05 1.363177e-06
5905 5.202977e-05 1.361261e-06
5906 5.198511e-05 1.359347e-06
5907 5.194052e-05 1.357436e-06
5908 5.189601e-05 1.355528e-06
5909 5.185158e-05 1.353623e-06
5910 5.180722e-05 1.351720e-06
5911 5.176294e-05 1.349820e-06
5912 5.171873e-05 1.347922e-06
5913 5.167460e-05 1.346028e-06
5914 5.163055e-05 1.344135e-06
5915 5.158657e-05 1.342246e-06
5916 5.154267e-05 1.340359e-06
5917 5.149884e-05 1.338475e-06
5918 5.145509e-05 1.336594e-06
5919 5.141141e-05 1.334715e-06
5920 5.136781e-05 1.332839e-06
5921 5.132429e-05 1.330965e-06
5922 5.128083e-05 1.329094e-06
5923 5.123746e-05 1.327226e-06
5924 5.119416e-05 1.325360e-06
5925 5.115093e-05 1.323497e-06
5926 5.110778e-05 1.321637e-06
5927 5.106470e-05 1.319779e-06
5928 5.102170e-05 1.317924e-06
5929 5.097877e-05 1.316071e-06
5930 5.093591e-05 1.314221e-06
5931 5.089313e-05 1.312374e-06
5932 5.085042e-05 1.310529e-06
5933 5.080779e-05 1.308687e-06
5934 5.076523e-05 1.306847e-06
5935 5.072274e-05 1.305010e-06
5936 5.068033e-05 1.303176e-06
5937 5.063799e-05 1.301344e-06
5938 5.059573e-05 1.299515e-06
5939 5.055353e-05 1.297688e-06
5940 5.051141e-05 1.295864e-06
5941 5.046937e-05 1.294042e-06
5942 5.042739e-05 1.292223e-06
5943 5.038549e-05 1.290407e-06
5944 5.034366e-05 1.288593e-06
5945 5.030190e-05 1.286781e-06
5946 5.026022e-05 1.284973e-06
5947 5.021861e-05 1.283166e-06
5948 5.017707e-05 1.281363e-06
5949 5.013560e-05 1.279561e-06
5950 5.009421e-05 1.277763e-06
5951 5.005288e-05 1.275967e-06
5952 5.001163e-05 1.274173e-06
5953 4.997045e-05 1.272382e-06
5954 4.992934e-05 1.270593e-06
5955 4.988830e-05 1.268807e-06
5956 4.984734e-05 1.267024e-06
5957 4.980644e-05 1.265243e-06
5958 4.976562e-05 1.263464e-06
5959 4.972487e-05 1.261688e-06
5960 4.968418e-05 1.259915e-06
5961 4.964357e-05 1.258144e-06
5962 4.960303e-05 1.256375e-06
5963 4.956256e-05 1.254609e-06
5964 4.952216e-05 1.252845e-06
5965 4.948184e-05 1.251084e-06
5966 4.944158e-05 1.249326e-06
5967 4.940139e-05 1.247570e-06
5968 4.936127e-05 1.245816e-06
5969 4.932122e-05 1.244065e-06
5970 4.928124e-05 1.242316e-06
5971 4.924134e-05 1.240570e-06
5972 4.920150e-05 1.238826e-06
5973 4.916173e-05 1.237084e-06
5974 4.912203e-05 1.235345e-06
5975 4.908240e-05 1.233609e-06
5976 4.904284e-05 1.231875e-06
5977 4.900334e-05 1.230143e-06
5978 4.896392e-05 1.228414e-06
5979 4.892457e-05 1.226687e-06
5980 4.888528e-05 1.224963e-06
5981 4.884607e-05 1.223241e-06
5982 4.880692e-05 1.221521e-06
5983 4.876784e-05 1.219804e-06
5984 4.872883e-05 1.218090e-06
5985 4.868988e-05 1.216377e-06
5986 4.865101e-05 1.214668e-06
5987 4.861220e-05 1.212960e-06
5988 4.857347e-05 1.211255e-06
5989 4.853480e-05 1.209552e-06
5990 4.849619e-05 1.207852e-06
5991 4.845766e-05 1.206154e-06
5992 4.841919e-05 1.204459e-06
5993 4.838079e-05 1.202766e-06
5994 4.834246e-05 1.201075e-06
5995 4.830419e-05 1.199387e-06
5996 4.826600e-05 1.197701e-06
5997 4.822787e-05 1.196017e-06
5998 4.818980e-05 1.194336e-06
5999 4.815181e-05 1.192657e-06
6000 4.811388e-05 1.190981e-06
6001 4.807601e-05 1.189306e-06
6002 4.803822e-05 1.187635e-06
6003 4.800049e-05 1.185965e-06
6004 4.796282e-05 1.184298e-06
6005 4.792523e-05 1.182633e-06
6006 4.788770e-05 1.180971e-06
6007 4.785023e-05 1.179311e-06
6008 4.781283e-05 1.177653e-06
6009 4.777550e-05 1.175998e-06
6010 4.773823e-05 1.174345e-06
6011 4.770103e-05 1.172694e-06
6012 4.766390e-05 1.171045e-06
6013 4.762683e-05 1.169399e-06
6014 4.758982e-05 1.167756e-06
6015 4.755288e-05 1.166114e-06
6016 4.751601e-05 1.164475e-06
6017 4.747920e-05 1.162838e-06
6018 4.744245e-05 1.161203e-06
6019 4.740578e-05 1.159571e-06
6020 4.736916e-05 1.157941e-06
6021 4.733261e-05 1.156313e-06
6022 4.729613e-05 1.154688e-06
6023 4.725971e-05 1.153065e-06
6024 4.722335e-05 1.151444e-06
6025 4.718706e-05 1.149825e-06
6026 4.715083e-05 1.148209e-06
6027 4.711467e-05 1.146595e-06
6028 4.707857e-05 1.144983e-06
6029 4.704254e-05 1.143374e-06
6030 4.700657e-05 1.141767e-06
6031 4.697066e-05 1.140162e-06
6032 4.693481e-05 1.138559e-06
6033 4.689903e-05 1.136959e-06
6034 4.686332e-05 1.135360e-06
6035 4.682766e-05 1.133764e-06
6036 4.679208e-05 1.132171e-06
6037 4.675655e-05 1.130579e-06
6038 4.672108e-05 1.128990e-06
6039 4.668568e-05 1.127403e-06
6040 4.665035e-05 1.125818e-06
6041 4.661507e-05 1.124236e-06
6042 4.657986e-05 1.122655e-06
6043 4.654471e-05 1.121077e-06
6044 4.650962e-05 1.119501e-06
6045 4.647460e-05 1.117928e-06
6046 4.643964e-05 1.116356e-06
6047 4.640474e-05 1.114787e-06
6048 4.636990e-05 1.113220e-06
6049 4.633512e-05 1.111655e-06
6050 4.630041e-05 1.110092e-06
6051 4.626576e-05 1.108532e-06
6052 4.623117e-05 1.106974e-06
6053 4.619664e-05 1.105418e-06
6054 4.616217e-05 1.103864e-06
6055 4.612777e-05 1.102312e-06
6056 4.609342e-05 1.100763e-06
6057 4.605914e-05 1.099215e-06
6058 4.602492e-05 1.097670e-06
6059 4.599076e-05 1.096127e-06
6060 4.595666e-05 1.094586e-06
6061 4.592262e-05 1.093048e-06
6062 4.588864e-05 1.091511e-06
6063 4.585473e-05 1.089977e-06
6064 4.582087e-05 1.088445e-06
6065 4.578707e-05 1.086915e-06
6066 4.575334e-05 1.085387e-06
6067 4.571966e-05 1.083861e-06
6068 4.568605e-05 1.082338e-06
6069 4.565249e-05 1.080816e-06
6070 4.561900e-05 1.079297e-06
6071 4.558557e-05 1.077780e-06
6072 4.555219e-05 1.076265e-06
6073 4.551888e-05 1.074752e-06
6074 4.548562e-05 1.073241e-06
6075 4.545243e-05 1.071732e-06
6076 4.541929e-05 1.070226e-06
6077 4.538621e-05 1.068722e-06
6078 4.535320e-05 1.067219e-06
6079 4.532024e-05 1.065719e-06
6080 4.528734e-05 1.064221e-06
6081 4.525450e-05 1.062725e-06
6082 4.522172e-05 1.061231e-06
6083 4.518900e-05 1.059739e-06
6084 4.515634e-05 1.058250e-06
6085 4.512373e-05 1.056762e-06
6086 4.509119e-05 1.055277e-06
6087 4.505870e-05 1.053793e-06
6088 4.502627e-05 1.052312e-06
6089 4.499390e-05 1.050833e-06
6090 4.496159e-05 1.049356e-06
6091 4.492934e-05 1.047881e-06
6092 4.489714e-05 1.046408e-06
6093 4.486500e-05 1.044937e-06
6094 4.483292e-05 1.043468e-06
6095 4.480090e-05 1.042001e-06
6096 4.476894e-05 1.040536e-06
6097 4.473703e-05 1.039074e-06
6098 4.470518e-05 1.037613e-06
6099 4.467339e-05 1.036154e-06
6100 4.464166e-05 1.034698e-06
6101 4.460998e-05 1.033244e-06
6102 4.457836e-05 1.031791e-06
6103 4.454680e-05 1.030341e-06
6104 4.451529e-05 1.028892e-06
6105 4.448384e-05 1.027446e-06
6106 4.445245e-05 1.026002e-06
6107 4.442112e-05 1.024560e-06
6108 4.438984e-05 1.023119e-06
6109 4.435862e-05 1.021681e-06
6110 4.432745e-05 1.020245e-06
6111 4.429634e-05 1.018811e-06
6112 4.426529e-05 1.017379e-06
6113 4.423429e-05 1.015949e-06
6114 4.420335e-05 1.014521e-06
6115 4.417247e-05 1.013094e-06
6116 4.414164e-05 1.011670e-06
6117 4.411087e-05 1.010248e-06
6118 4.408015e-05 1.008828e-06
6119 4.404949e-05 1.007410e-06
6120 4.401889e-05 1.005994e-06
6121 4.398834e-05 1.004580e-06
6122 4.395784e-05 1.003168e-06
6123 4.392740e-05 1.001758e-06
6124 4.389702e-05 1.000349e-06
6125 4.386669e-05 9.989433e-07
6126 4.383641e-05 9.975391e-07
6127 4.380620e-05 9.961368e-07
6128 4.377603e-05 9.947366e-07
6129 4.374592e-05 9.933383e-07
6130 4.371587e-05 9.919420e-07
6131 4.368587e-05 9.905476e-07
6132 4.365592e-05 9.891552e-07
6133 4.362603e-05 9.877648e-07
6134 4.359620e-05 9.863763e-07
6135 4.356642e-05 9.849897e-07
6136 4.353669e-05 9.836052e-07
6137 4.350701e-05 9.822225e-07
6138 4.347739e-05 9.808418e-07
6139 4.344783e-05 9.794631e-07
6140 4.341832e-05 9.780862e-07
6141 4.338886e-05 9.767114e-07
6142 4.335946e-05 9.753384e-07
6143 4.333010e-05 9.739674e-07
6144 4.330081e-05 9.725983e-07
6145 4.327156e-05 9.712311e-07
6146 4.324237e-05 9.698659e-07
6147 4.321324e-05 9.685026e-07
6148 4.318415e-05 9.671412e-07
6149 4.315512e-05 9.657817e-07
6150 4.312614e-05 9.644241e-07
6151 4.309722e-05 9.630684e-07
6152 4.306835e-05 9.617146e-07
6153 4.303953e-05 9.603628e-07
6154 4.301076e-05 9.590128e-07
6155 4.298205e-05 9.576647e-07
6156 4.295339e-05 9.563185e-07
6157 4.292478e-05 9.549743e-07
6158 4.289622e-05 9.536319e-07
6159 4.286772e-05 9.522914e-07
6160 4.283927e-05 9.509527e-07
6161 4.281087e-05 9.496160e-07
6162 4.278252e-05 9.482811e-07
6163 4.275422e-05 9.469481e-07
6164 4.272598e-05 9.456170e-07
6165 4.269779e-05 9.442878e-07
6166 4.266964e-05 9.429604e-07
6167 4.264156e-05 9.416349e-07
6168 4.261352e-05 9.403113e-07
6169 4.258553e-05 9.389895e-07
6170 4.255760e-05 9.376696e-07
6171 4.252971e-05 9.363515e-07
6172 4.250188e-05 9.350353e-07
6173 4.247410e-05 9.337209e-07
6174 4.244637e-05 9.324084e-07
6175 4.241869e-05 9.310977e-07
6176 4.239106e-05 9.297889e-07
6177 4.236348e-05 9.284819e-07
6178 4.233596e-05 9.271768e-07
6179 4.230848e-05 9.258734e-07
6180 4.228106e-05 9.245719e-07
6181 4.225368e-05 9.232723e-07
6182 4.222636e-05 9.219745e-07
6183 4.219908e-05 9.206785e-07
6184 4.217186e-05 9.193843e-07
6185 4.214468e-05 9.180919e-07
6186 4.211756e-05 9.168014e-07
6187 4.209048e-05 9.155126e-07
6188 4.206346e-05 9.142257e-07
6189 4.203649e-05 9.129406e-07
6190 4.200956e-05 9.116573e-07
6191 4.198269e-05 9.103758e-07
6192 4.195586e-05 9.090961e-07
6193 4.192908e-05 9.078182e-07
6194 4.190236e-05 9.065421e-07
6195 4.187568e-05 9.052677e-07
6196 4.184905e-05 9.039952e-07
6197 4.182247e-05 9.027245e-07
6198 4.179594e-05 9.014555e-07
6199 4.176946e-05 9.001884e-07
6200 4.174303e-05 8.989230e-07
6201 4.171665e-05 8.976594e-07
6202 4.169031e-05 8.963976e-07
6203 4.166403e-05 8.951375e-07
6204 4.163779e-05 8.938792e-07
6205 4.161160e-05 8.926227e-07
6206 4.158546e-05 8.913680e-07
6207 4.155937e-05 8.901150e-07
6208 4.153333e-05 8.888638e-07
6209 4.150733e-05 8.876143e-07
6210 4.148138e-05 8.863666e-07
6211 4.145548e-05 8.851206e-07
6212 4.142963e-05 8.838764e-07
6213 4.140383e-05 8.826340e-07
6214 4.137808e-05 8.813933e-07
6215 4.135237e-05 8.801543e-07
6216 4.132671e-05 8.789171e-07
6217 4.130110e-05 8.776816e-07
6218 4.127553e-05 8.764479e-07
6219 4.125001e-05 8.752159e-07
6220 4.122454e-05 8.739856e-07
6221 4.119912e-05 8.727570e-07
6222 4.117375e-05 8.715302e-07
6223 4.114842e-05 8.703051e-07
6224 4.112314e-05 8.690817e-07
6225 4.109790e-05 8.678601e-07
6226 4.107271e-05 8.666401e-07
6227 4.104757e-05 8.654219e-07
6228 4.102248e-05 8.642054e-07
6229 4.099743e-05 8.629906e-07
6230 4.097243e-05 8.617775e-07
6231 4.094748e-05 8.605661e-07
6232 4.092257e-05 8.593564e-07
6233 4.089771e-05 8.581485e-07
6234 4.087289e-05 8.569422e-07
6235 4.084812e-05 8.557376e-07
6236 4.082340e-05 8.545347e-07
6237 4.079872e-05 8.533335e-07
6238 4.077409e-05 8.521340e-07
6239 4.074951e-05 8.509361e-07
6240 4.072497e-05 8.497400e-07
6241 4.070048e-05 8.485455e-07
6242 4.067603e-05 8.473527e-07
6243 4.065163e-05 8.461616e-07
6244 4.062727e-05 8.449722e-07
6245 4.060296e-05 8.437844e-07
6246 4.057869e-05 8.425983e-07
6247 4.055447e-05 8.414139e-07
6248 4.053030e-05 8.402311e-07
6249 4.050617e-05 8.390500e-07
6250 4.048208e-05 8.378706e-07
6251 4.045804e-05 8.366928e-07
6252 4.043405e-05 8.355167e-07
6253 4.041010e-05 8.343422e-07
6254 4.038619e-05 8.331694e-07
6255 4.036233e-05 8.319982e-07
6256 4.033852e-05 8.308287e-07
6257 4.031474e-05 8.296608e-07
6258 4.029102e-05 8.284945e-07
6259 4.026733e-05 8.273299e-07
6260 4.024370e-05 8.261670e-07
6261 4.022010e-05 8.250056e-07
6262 4.019655e-05 8.238459e-07
6263 4.017305e-05 8.226879e-07
6264 4.014958e-05 8.215314e-07
6265 4.012617e-05 8.203766e-07
6266 4.010279e-05 8.192234e-07
6267 4.007946e-05 8.180719e-07
6268 4.005618e-05 8.169219e-07
6269 4.003293e-05 8.157736e-07
6270 4.000973e-05 8.146268e-07
6271 3.998658e-05 8.134817e-07
6272 3.996347e-05 8.123382e-07
6273 3.994040e-05 8.111963e-07
6274 3.991737e-05 8.100561e-07
6275 3.989439e-05 8.089174e-07
6276 3.987145e-05 8.077803e-07
6277 3.984855e-05 8.066448e-07
6278 3.982570e-05 8.055109e-07
6279 3.980289e-05 8.043786e-07
6280 3.978012e-05 8.032479e-07
6281 3.975740e-05 8.021188e-07
6282 3.973472e-05 8.009913e-07
6283 3.971208e-05 7.998653e-07
6284 3.968948e-05 7.987410e-07
6285 3.966693e-05 7.976182e-07
6286 3.964442e-05 7.964970e-07
6287 3.962195e-05 7.953774e-07
6288 3.959952e-05 7.942593e-07
6289 3.957714e-05 7.931428e-07
6290 3.955479e-05 7.920279e-07
6291 3.953249e-05 7.909146e-07
6292 3.951023e-05 7.898028e-07
6293 3.948802e-05 7.886926e-07
6294 3.946584e-05 7.875839e-07
6295 3.944371e-05 7.864769e-07
6296 3.942162e-05 7.853713e-07
6297 3.939957e-05 7.842673e-07
6298 3.937756e-05 7.831649e-07
6299 3.935559e-05 7.820640e-07
6300 3.933367e-05 7.809647e-07
6301 3.931179e-05 7.798669e-07
6302 3.928994e-05 7.787706e-07
6303 3.926814e-05 7.776759e-07
6304 3.924638e-05 7.765828e-07
6305 3.922466e-05 7.754911e-07
6306 3.920299e-05 7.744010e-07
6307 3.918135e-05 7.733125e-07
6308 3.915975e-05 7.722254e-07
6309 3.913820e-05 7.711399e-07
6310 3.911668e-05 7.700559e-07
6311 3.909521e-05 7.689735e-07
6312 3.907378e-05 7.678926e-07
6313 3.905238e-05 7.668131e-07
6314 3.903103e-05 7.657352e-07
6315 3.900972e-05 7.646589e-07
6316 3.898845e-05 7.635840e-07
6317 3.896722e-05 7.625106e-07
6318 3.894603e-05 7.614388e-07
6319 3.892487e-05 7.603684e-07
6320 3.890376e-05 7.592996e-07
6321 3.888269e-05 7.582323e-07
6322 3.886166e-05 7.571664e-07
6323 3.884067e-05 7.561021e-07
6324 3.881972e-05 7.550392e-07
6325 3.879881e-05 7.539779e-07
6326 3.877794e-05 7.529180e-07
6327 3.875710e-05 7.518597e-07
6328 3.873631e-05 7.508028e-07
6329 3.871556e-05 7.497474e-07
6330 3.869484e-05 7.486935e-07
6331 3.867417e-05 7.476411e-07
6332 3.865353e-05 7.465901e-07
6333 3.863294e-05 7.455406e-07
6334 3.861238e-05 7.444926e-07
6335 3.859186e-05 7.434461e-07
6336 3.857138e-05 7.424011e-07
6337 3.855094e-05 7.413575e-07
6338 3.853054e-05 7.403154e-07
6339 3.851018e-05 7.392747e-07
6340 3.848985e-05 7.382355e-07
6341 3.846957e-05 7.371978e-07
6342 3.844932e-05 7.361615e-07
6343 3.842911e-05 7.351267e-07
6344 3.840894e-05 7.340934e-07
6345 3.838881e-05 7.330615e-07
6346 3.836871e-05 7.320310e-07
6347 3.834866e-05 7.310020e-07
6348 3.832864e-05 7.299745e-07
6349 3.830866e-05 7.289483e-07
6350 3.828872e-05 7.279237e-07
6351 3.826882e-05 7.269004e-07
6352 3.824895e-05 7.258786e-07
6353 3.822913e-05 7.248583e-07
6354 3.820934e-05 7.238394e-07
6355 3.818959e-05 7.228219e-07
6356 3.816987e-05 7.218058e-07
6357 3.815020e-05 7.207912e-07
6358 3.813056e-05 7.197780e-07
6359 3.811096e-05 7.187662e-07
6360 3.809139e-05 7.177558e-07
6361 3.807186e-05 7.167469e-07
6362 3.805237e-05 7.157394e-07
6363 3.803292e-05 7.147333e-07
6364 3.801351e-05 7.137286e-07
6365 3.799413e-05 7.127253e-07
6366 3.797479e-05 7.117234e-07
6367 3.795548e-05 7.107230e-07
6368 3.793622e-05 7.097239e-07
6369 3.791699e-05 7.087263e-07
6370 3.789779e-05 7.077300e-07
6371 3.787863e-05 7.067352e-07
6372 3.785951e-05 7.057417e-07
6373 3.784043e-05 7.047497e-07
6374 3.782138e-05 7.037590e-07
6375 3.780237e-05 7.027698e-07
6376 3.778340e-05 7.017819e-07
6377 3.776446e-05 7.007954e-07
6378 3.774555e-05 6.998103e-07
6379 3.772669e-05 6.988266e-07
6380 3.770786e-05 6.978443e-07
6381 3.768906e-05 6.968633e-07
6382 3.767031e-05 6.958837e-07
6383 3.765158e-05 6.949055e-07
6384 3.763290e-05 6.939287e-07
6385 3.761425e-05 6.929533e-07
6386 3.759563e-05 6.919792e-07
6387 3.757705e-05 6.910065e-07
6388 3.755851e-05 6.900352e-07
6389 3.754000e-05 6.890652e-07
6390 3.752153e-05 6.880966e-07
6391 3.750309e-05 6.871293e-07
6392 3.748469e-05 6.861634e-07
6393 3.746632e-05 6.851989e-07
6394 3.744799e-05 6.842357e-07
6395 3.742969e-05 6.832739e-07
6396 3.741143e-05 6.823134e-07
6397 3.739321e-05 6.813543e-07
6398 3.737501e-05 6.803966e-07
6399 3.735686e-05 6.794401e-07
6400 3.733874e-05 6.784851e-07
6401 3.732065e-05 6.775313e-07
6402 3.730260e-05 6.765789e-07
6403 3.728458e-05 6.756279e-07
6404 3.726660e-05 6.746781e-07
6405 3.724865e-05 6.737298e-07
6406 3.723074e-05 6.727827e-07
6407 3.721286e-05 6.718370e-07
6408 3.719501e-05 6.708926e-07
6409 3.717720e-05 6.699495e-07
6410 3.715942e-05 6.690078e-07
6411 3.714168e-05 6.680674e-07
6412 3.712397e-05 6.671283e-07
6413 3.710630e-05 6.661905e-07
6414 3.708866e-05 6.652541e-07
6415 3.707105e-05 6.643189e-07
6416 3.705348e-05 6.633851e-07
6417 3.703594e-05 6.624526e-07
6418 3.701844e-05 6.615214e-07
6419 3.700097e-05 6.605915e-07
6420 3.698353e-05 6.596629e-07
6421 3.696613e-05 6.587356e-07
6422 3.694875e-05 6.578097e-07
6423 3.693142e-05 6.568850e-07
6424 3.691411e-05 6.559616e-07
6425 3.689684e-05 6.550395e-07
6426 3.687961e-05 6.541188e-07
6427 3.686240e-05 6.531993e-07
6428 3.684523e-05 6.522811e-07
6429 3.682810e-05 6.513642e-07
6430 3.681099e-05 6.504486e-07
6431 3.679392e-05 6.495342e-07
6432 3.677688e-05 6.486212e-07
6433 3.675987e-05 6.477094e-07
6434 3.674290e-05 6.467990e-07
6435 3.672596e-05 6.458898e-07
6436 3.670905e-05 6.449818e-07
6437 3.669218e-05 6.440752e-07
6438 3.667534e-05 6.431698e-07
6439 3.665853e-05 6.422657e-07
6440 3.664175e-05 6.413629e-07
6441 3.662500e-05 6.404614e-07
6442 3.660829e-05 6.395611e-07
6443 3.659161e-05 6.386621e-07
6444 3.657496e-05 6.377643e-07
6445 3.655835e-05 6.368678e-07
6446 3.654176e-05 6.359726e-07
6447 3.652521e-05 6.350786e-07
6448 3.650869e-05 6.341859e-07
6449 3.649220e-05 6.332944e-07
6450 3.647575e-05 6.324042e-07
6451 3.645932e-05 6.315152e-07
6452 3.644293e-05 6.306275e-07
6453 3.642657e-05 6.297410e-07
6454 3.641024e-05 6.288558e-07
6455 3.639394e-05 6.279719e-07
6456 3.637767e-05 6.270891e-07
6457 3.636144e-05 6.262076e-07
6458 3.634524e-05 6.253274e-07
6459 3.632906e-05 6.244484e-07
6460 3.631292e-05 6.235706e-07
6461 3.629681e-05 6.226940e-07
6462 3.628074e-05 6.218187e-07
6463 3.626469e-05 6.209447e-07
6464 3.624867e-05 6.200718e-07
6465 3.623269e-05 6.192002e-07
6466 3.621673e-05 6.183298e-07
6467 3.620081e-05 6.174606e-07
6468 3.618492e-05 6.165926e-07
6469 3.616906e-05 6.157259e-07
6470 3.615323e-05 6.148604e-07
6471 3.613743e-05 6.139961e-07
6472 3.612166e-05 6.131330e-07
6473 3.610592e-05 6.122711e-07
6474 3.609021e-05 6.114105e-07
6475 3.607453e-05 6.105510e-07
6476 3.605888e-05 6.096928e-07
6477 3.604326e-05 6.088357e-07
6478 3.602768e-05 6.079799e-07
6479 3.601212e-05 6.071253e-07
6480 3.599659e-05 6.062719e-07
6481 3.598110e-05 6.054196e-07
6482 3.596563e-05 6.045686e-07
6483 3.595019e-05 6.037188e-07
6484 3.593479e-05 6.028701e-07
6485 3.591941e-05 6.020227e-07
6486 3.590406e-05 6.011764e-07
6487 3.588875e-05 6.003314e-07
6488 3.587346e-05 5.994875e-07
6489 3.585820e-05 5.986448e-07
6490 3.584298e-05 5.978033e-07
6491 3.582778e-05 5.969630e-07
6492 3.581261e-05 5.961238e-07
6493 3.579747e-05 5.952859e-07
6494 3.578236e-05 5.944491e-07
6495 3.576728e-05 5.936135e-07
6496 3.575223e-05 5.927790e-07
6497 3.573720e-05 5.919458e-07
6498 3.572221e-05 5.911137e-07
6499 3.570725e-05 5.902828e-07
6500 3.569231e-05 5.894530e-07
6501 3.567741e-05 5.886244e-07
6502 3.566253e-05 5.877970e-07
6503 3.564768e-05 5.869707e-07
6504 3.563286e-05 5.861456e-07
6505 3.561807e-05 5.853217e-07
6506 3.560331e-05 5.844989e-07
6507 3.558858e-05 5.836773e-07
6508 3.557388e-05 5.828568e-07
6509 3.555920e-05 5.820375e-07
6510 3.554456e-05 5.812194e-07
6511 3.552994e-05 5.804024e-07
6512 3.551535e-05 5.795865e-07
6513 3.550079e-05 5.787718e-07
6514 3.548625e-05 5.779582e-07
6515 3.547175e-05 5.771458e-07
6516 3.545727e-05 5.763345e-07
6517 3.544282e-05 5.755243e-07
6518 3.542840e-05 5.747153e-07
6519 3.541401e-05 5.739075e-07
6520 3.539965e-05 5.731007e-07
6521 3.538531e-05 5.722951e-07
6522 3.537100e-05 5.714907e-07
6523 3.535672e-05 5.706873e-07
6524 3.534247e-05 5.698851e-07
6525 3.532825e-05 5.690840e-07
6526 3.531405e-05 5.682841e-07
6527 3.529988e-05 5.674853e-07
6528 3.528574e-05 5.666876e-07
6529 3.527163e-05 5.658910e-07
6530 3.525754e-05 5.650955e-07
6531 3.524348e-05 5.643012e-07
6532 3.522945e-05 5.635079e-07
6533 3.521544e-05 5.627158e-07
6534 3.520147e-05 5.619248e-07
6535 3.518752e-05 5.611349e-07
6536 3.517360e-05 5.603461e-07
6537 3.515970e-05 5.595585e-07
6538 3.514583e-05 5.587719e-07
6539 3.513199e-05 5.579865e-07
6540 3.511818e-05 5.572021e-07
6541 3.510439e-05 5.564188e-07
6542 3.509063e-05 5.556367e-07
6543 3.507690e-05 5.548556e-07
6544 3.506319e-05 5.540757e-07
6545 3.504951e-05 5.532968e-07
6546 3.503586e-05 5.525191e-07
6547 3.502223e-05 5.517424e-07
6548 3.500863e-05 5.509668e-07
6549 3.499506e-05 5.501923e-07
6550 3.498151e-05 5.494189e-07
6551 3.496799e-05 5.486466e-07
6552 3.495450e-05 5.478754e-07
6553 3.494103e-05 5.471053e-07
6554 3.492759e-05 5.463362e-07
6555 3.491418e-05 5.455682e-07
6556 3.490079e-05 5.448013e-07
6557 3.488742e-05 5.440355e-07
6558 3.487409e-05 5.432708e-07
6559 3.486078e-05 5.425071e-07
6560 3.484749e-05 5.417445e-07
6561 3.483424e-05 5.409830e-07
6562 3.482100e-05 5.402225e-07
6563 3.480780e-05 5.394632e-07
6564 3.479462e-05 5.387048e-07
6565 3.478146e-05 5.379476e-07
6566 3.476833e-05 5.371914e-07
6567 3.475523e-05 5.364363e-07
6568 3.474215e-05 5.356822e-07
6569 3.472910e-05 5.349292e-07
6570 3.471607e-05 5.341773e-07
6571 3.470307e-05 5.334264e-07
6572 3.469010e-05 5.326766e-07
6573 3.467714e-05 5.319278e-07
6574 3.466422e-05 5.311801e-07
6575 3.465132e-05 5.304334e-07
6576 3.463845e-05 5.296878e-07
6577 3.462560e-05 5.289432e-07
6578 3.461277e-05 5.281997e-07
6579 3.459997e-05 5.274572e-07
6580 3.458720e-05 5.267157e-07
6581 3.457445e-05 5.259754e-07
6582 3.456173e-05 5.252360e-07
6583 3.454903e-05 5.244977e-07
6584 3.453635e-05 5.237604e-07
6585 3.452370e-05 5.230242e-07
6586 3.451108e-05 5.222889e-07
6587 3.449848e-05 5.215548e-07
6588 3.448590e-05 5.208216e-07
6589 3.447335e-05 5.200895e-07
6590 3.446083e-05 5.193584e-07
6591 3.444833e-05 5.186284e-07
6592 3.443585e-05 5.178994e-07
6593 3.442340e-05 5.171714e-07
6594 3.441097e-05 5.164444e-07
6595 3.439857e-05 5.157184e-07
6596 3.438619e-05 5.149935e-07
6597 3.437383e-05 5.142696e-07
6598 3.436150e-05 5.135467e-07
6599 3.434919e-05 5.128248e-07
6600 3.433691e-05 5.121039e-07
6601 3.432465e-05 5.113840e-07
6602 3.431242e-05 5.106652e-07
6603 3.430021e-05 5.099474e-07
6604 3.428802e-05 5.092305e-07
6605 3.427586e-05 5.085147e-07
6606 3.426372e-05 5.077999e-07
6607 3.425161e-05 5.070861e-07
6608 3.423952e-05 5.063733e-07
6609 3.422745e-05 5.056615e-07
6610 3.421540e-05 5.049507e-07
6611 3.420338e-05 5.042409e-07
6612 3.419139e-05 5.035321e-07
6613 3.417941e-05 5.028243e-07
6614 3.416746e-05 5.021175e-07
6615 3.415554e-05 5.014116e-07
6616 3.414364e-05 5.007068e-07
6617 3.413176e-05 5.000030e-07
6618 3.411990e-05 4.993001e-07
6619 3.410807e-05 4.985983e-07
6620 3.409626e-05 4.978974e-07
6621 3.408447e-05 4.971975e-07
6622 3.407271e-05 4.964986e-07
6623 3.406097e-05 4.958007e-07
6624 3.404925e-05 4.951038e-07
6625 3.403756e-05 4.944078e-07
6626 3.402589e-05 4.937128e-07
6627 3.401424e-05 4.930188e-07
6628 3.400261e-05 4.923258e-07
6629 3.399101e-05 4.916337e-07
6630 3.397943e-05 4.909426e-07
6631 3.396788e-05 4.902525e-07
6632 3.395634e-05 4.895634e-07
6633 3.394483e-05 4.888752e-07
6634 3.393334e-05 4.881880e-07
6635 3.392187e-05 4.875018e-07
6636 3.391043e-05 4.868165e-07
6637 3.389901e-05 4.861322e-07
6638 3.388761e-05 4.854488e-07
6639 3.387623e-05 4.847664e-07
6640 3.386488e-05 4.840850e-07
6641 3.385355e-05 4.834045e-07
6642 3.384224e-05 4.827250e-07
6643 3.383095e-05 4.820465e-07
6644 3.381969e-05 4.813689e-07
6645 3.380844e-05 4.806922e-07
6646 3.379722e-05 4.800165e-07
6647 3.378602e-05 4.793418e-07
6648 3.377485e-05 4.786680e-07
6649 3.376369e-05 4.779951e-07
6650 3.375256e-05 4.773232e-07
6651 3.374145e-05 4.766522e-07
6652 3.373036e-05 4.759822e-07
6653 3.371929e-05 4.753131e-07
6654 3.370825e-05 4.746450e-07
6655 3.369722e-05 4.739778e-07
6656 3.368622e-05 4.733115e-07
6657 3.367524e-05 4.726462e-07
6658 3.366428e-05 4.719818e-07
6659 3.365334e-05 4.713183e-07
6660 3.364243e-05 4.706558e-07
6661 3.363153e-05 4.699942e-07
6662 3.362066e-05 4.693335e-07
6663 3.360981e-05 4.686738e-07
6664 3.359898e-05 4.680150e-07
6665 3.358817e-05 4.673571e-07
6666 3.357738e-05 4.667002e-07
6667 3.356661e-05 4.660441e-07
6668 3.355587e-05 4.653890e-07
6669 3.354514e-05 4.647348e-07
6670 3.353444e-05 4.640816e-07
6671 3.352376e-05 4.634292e-07
6672 3.351310e-05 4.627778e-07
6673 3.350246e-05 4.621272e-07
6674 3.349184e-05 4.614776e-07
6675 3.348124e-05 4.608290e-07
6676 3.347066e-05 4.601812e-07
6677 3.346011e-05 4.595343e-07
6678 3.344957e-05 4.588883e-07
6679 3.343905e-05 4.582433e-07
6680 3.342856e-05 4.575991e-07
6681 3.341809e-05 4.569559e-07
6682 3.340763e-05 4.563136e-07
6683 3.339720e-05 4.556721e-07
6684 3.338679e-05 4.550316e-07
6685 3.337640e-05 4.543920e-07
6686 3.336603e-05 4.537532e-07
6687 3.335568e-05 4.531154e-07
6688 3.334535e-05 4.524785e-07
6689 3.333504e-05 4.518424e-07
6690 3.332475e-05 4.512073e-07
6691 3.331448e-05 4.505730e-07
6692 3.330423e-05 4.499397e-07
6693 3.329400e-05 4.493072e-07
6694 3.328379e-05 4.486756e-07
6695 3.327360e-05 4.480449e-07
6696 3.326343e-05 4.474151e-07
6697 3.325328e-05 4.467862e-07
6698 3.324315e-05 4.461581e-07
6699 3.323304e-05 4.455310e-07
6700 3.322296e-05 4.449047e-07
6701 3.321289e-05 4.442793e-07
6702 3.320284e-05 4.436548e-07
6703 3.319281e-05 4.430311e-07
6704 3.318280e-05 4.424084e-07
6705 3.317281e-05 4.417865e-07
6706 3.316284e-05 4.411655e-07
6707 3.315289e-05 4.405453e-07
6708 3.314296e-05 4.399261e-07
6709 3.313305e-05 4.393077e-07
6710 3.312315e-05 4.386901e-07
6711 3.311328e-05 4.380735e-07
6712 3.310343e-05 4.374577e-07
6713 3.309359e-05 4.368428e-07
6714 3.308378e-05 4.362287e-07
6715 3.307398e-05 4.356155e-07
6716 3.306421e-05 4.350032e-07
6717 3.305445e-05 4.343917e-07
6718 3.304471e-05 4.337811e-07
6719 3.303500e-05 4.331713e-07
6720 3.302530e-05 4.325624e-07
6721 3.301562e-05 4.319543e-07
6722 3.300596e-05 4.313472e-07
6723 3.299632e-05 4.307408e-07
6724 3.298669e-05 4.301353e-07
6725 3.297709e-05 4.295307e-07
6726 3.296750e-05 4.289269e-07
6727 3.295794e-05 4.283240e-07
6728 3.294839e-05 4.277219e-07
6729 3.293886e-05 4.271206e-07
6730 3.292935e-05 4.265202e-07
6731 3.291986e-05 4.259207e-07
6732 3.291039e-05 4.253220e-07
6733 3.290094e-05 4.247241e-07
6734 3.289150e-05 4.241271e-07
6735 3.288209e-05 4.235309e-07
6736 3.287269e-05 4.229355e-07
6737 3.286331e-05 4.223410e-07
6738 3.285395e-05 4.217473e-07
6739 3.284461e-05 4.211545e-07
6740 3.283528e-05 4.205625e-07
6741 3.282598e-05 4.199713e-07
6742 3.281669e-05 4.193810e-07
6743 3.280742e-05 4.187914e-07
6744 3.279817e-05 4.182028e-07
6745 3.278894e-05 4.176149e-07
6746 3.277972e-05 4.170279e-07
6747 3.277053e-05 4.164417e-07
6748 3.276135e-05 4.158563e-07
6749 3.275219e-05 4.152717e-07
6750 3.274305e-05 4.146880e-07
6751 3.273392e-05 4.141050e-07
6752 3.272482e-05 4.135229e-07
6753 3.271573e-05 4.129417e-07
6754 3.270666e-05 4.123612e-07
6755 3.269761e-05 4.117815e-07
6756 3.268857e-05 4.112027e-07
6757 3.267955e-05 4.106247e-07
6758 3.267056e-05 4.100475e-07
6759 3.266157e-05 4.094711e-07
6760 3.265261e-05 4.088955e-07
6761 3.264367e-05 4.083207e-07
6762 3.263474e-05 4.077467e-07
6763 3.262583e-05 4.071736e-07
6764 3.261693e-05 4.066012e-07
6765 3.260806e-05 4.060297e-07
6766 3.259920e-05 4.054589e-07
6767 3.259036e-05 4.048890e-07
6768 3.258154e-05 4.043198e-07
6769 3.257273e-05 4.037515e-07
6770 3.256394e-05 4.031839e-07
6771 3.255517e-05 4.026172e-07
6772 3.254642e-05 4.020512e-07
6773 3.253768e-05 4.014861e-07
6774 3.252896e-05 4.009217e-07
6775 3.252026e-05 4.003581e-07
6776 3.251157e-05 3.997954e-07
6777 3.250291e-05 3.992334e-07
6778 3.249426e-05 3.986722e-07
6779 3.248562e-05 3.981118e-07
6780 3.247700e-05 3.975521e-07
6781 3.246840e-05 3.969933e-07
6782 3.245982e-05 3.964353e-07
6783 3.245126e-05 3.958780e-07
6784 3.244271e-05 3.953215e-07
6785 3.243417e-05 3.947658e-07
6786 3.242566e-05 3.942109e-07
6787 3.241716e-05 3.936568e-07
6788 3.240868e-05 3.931034e-07
6789 3.240021e-05 3.925508e-07
6790 3.239176e-05 3.919990e-07
6791 3.238333e-05 3.914480e-07
6792 3.237492e-05 3.908977e-07
6793 3.236652e-05 3.903483e-07
6794 3.235813e-05 3.897996e-07
6795 3.234977e-05 3.892516e-07
6796 3.234142e-05 3.887045e-07
6797 3.233309e-05 3.881581e-07
6798 3.232477e-05 3.876124e-07
6799 3.231647e-05 3.870676e-07
6800 3.230819e-05 3.865235e-07
6801 3.229992e-05 3.859801e-07
6802 3.229167e-05 3.854376e-07
6803 3.228343e-05 3.848958e-07
6804 3.227521e-05 3.843547e-07
6805 3.226701e-05 3.838145e-07
6806 3.225882e-05 3.832749e-07
6807 3.225065e-05 3.827362e-07
6808 3.224250e-05 3.821982e-07
6809 3.223436e-05 3.816609e-07
6810 3.222624e-05 3.811244e-07
6811 3.221813e-05 3.805887e-07
6812 3.221004e-05 3.800537e-07
6813 3.220197e-05 3.795194e-07
6814 3.219391e-05 3.789860e-07
6815 3.218587e-05 3.784532e-07
6816 3.217784e-05 3.779212e-07
6817 3.216983e-05 3.773900e-07
6818 3.216183e-05 3.768595e-07
6819 3.215385e-05 3.763298e-07
6820 3.214589e-05 3.758008e-07
6821 3.213794e-05 3.752725e-07
6822 3.213001e-05 3.747450e-07
6823 3.212209e-05 3.742182e-07
6824 3.211419e-05 3.736922e-07
6825 3.210631e-05 3.731669e-07
6826 3.209844e-05 3.726423e-07
6827 3.209058e-05 3.721185e-07
6828 3.208274e-05 3.715954e-07
6829 3.207492e-05 3.710731e-07
6830 3.206711e-05 3.705515e-07
6831 3.205932e-05 3.700306e-07
6832 3.205154e-05 3.695104e-07
6833 3.204378e-05 3.689910e-07
6834 3.203603e-05 3.684723e-07
6835 3.202830e-05 3.679544e-07
6836 3.202058e-05 3.674372e-07
6837 3.201288e-05 3.669207e-07
6838 3.200519e-05 3.664049e-07
6839 3.199752e-05 3.658898e-07
6840 3.198986e-05 3.653755e-07
6841 3.198222e-05 3.648619e-07
6842 3.197460e-05 3.643490e-07
6843 3.196699e-05 3.638369e-07
6844 3.195939e-05 3.633254e-07
6845 3.195181e-05 3.628147e-07
6846 3.194424e-05 3.623047e-07
6847 3.193669e-05 3.617954e-07
6848 3.192915e-05 3.612868e-07
6849 3.192163e-05 3.607790e-07
6850 3.191412e-05 3.602718e-07
6851 3.190663e-05 3.597654e-07
6852 3.189915e-05 3.592597e-07
6853 3.189169e-05 3.587547e-07
6854 3.188424e-05 3.582504e-07
6855 3.187681e-05 3.577468e-07
6856 3.186939e-05 3.572439e-07
6857 3.186199e-05 3.567418e-07
6858 3.185460e-05 3.562403e-07
6859 3.184722e-05 3.557395e-07
6860 3.183986e-05 3.552395e-07
6861 3.183251e-05 3.547401e-07
6862 3.182518e-05 3.542415e-07
6863 3.181786e-05 3.537435e-07
6864 3.181056e-05 3.532463e-07
6865 3.180327e-05 3.527497e-07
6866 3.179600e-05 3.522539e-07
6867 3.178874e-05 3.517587e-07
6868 3.178149e-05 3.512642e-07
6869 3.177426e-05 3.507705e-07
6870 3.176704e-05 3.502774e-07
6871 3.175984e-05 3.497850e-07
6872 3.175265e-05 3.492933e-07
6873 3.174547e-05 3.488023e-07
6874 3.173831e-05 3.483120e-07
6875 3.173117e-05 3.478224e-07
6876 3.172403e-05 3.473335e-07
6877 3.171691e-05 3.468452e-07
6878 3.170981e-05 3.463577e-07
6879 3.170272e-05 3.458708e-07
6880 3.169564e-05 3.453846e-07
6881 3.168858e-05 3.448991e-07
6882 3.168153e-05 3.444143e-07
6883 3.167449e-05 3.439302e-07
6884 3.166747e-05 3.434467e-07
6885 3.166046e-05 3.429639e-07
6886 3.165347e-05 3.424818e-07
6887 3.164649e-05 3.420004e-07
6888 3.163952e-05 3.415197e-07
6889 3.163257e-05 3.410396e-07
6890 3.162563e-05 3.405602e-07
6891 3.161870e-05 3.400815e-07
6892 3.161179e-05 3.396034e-07
6893 3.160489e-05 3.391261e-07
6894 3.159801e-05 3.386493e-07
6895 3.159114e-05 3.381733e-07
6896 3.158428e-05 3.376979e-07
6897 3.157743e-05 3.372232e-07
6898 3.157060e-05 3.367492e-07
6899 3.156378e-05 3.362759e-07
6900 3.155698e-05 3.358032e-07
6901 3.155019e-05 3.353311e-07
6902 3.154341e-05 3.348598e-07
6903 3.153665e-05 3.343890e-07
6904 3.152990e-05 3.339190e-07
6905 3.152316e-05 3.334496e-07
6906 3.151643e-05 3.329809e-07
6907 3.150972e-05 3.325128e-07
6908 3.150302e-05 3.320454e-07
6909 3.149634e-05 3.315787e-07
6910 3.148966e-05 3.311126e-07
6911 3.148301e-05 3.306471e-07
6912 3.147636e-05 3.301823e-07
6913 3.146973e-05 3.297182e-07
6914 3.146311e-05 3.292547e-07
6915 3.145650e-05 3.287919e-07
6916 3.144990e-05 3.283297e-07
6917 3.144332e-05 3.278682e-07
6918 3.143675e-05 3.274073e-07
6919 3.143020e-05 3.269471e-07
6920 3.142366e-05 3.264875e-07
6921 3.141713e-05 3.260286e-07
6922 3.141061e-05 3.255703e-07
6923 3.140410e-05 3.251126e-07
6924 3.139761e-05 3.246556e-07
6925 3.139113e-05 3.241992e-07
6926 3.138467e-05 3.237435e-07
6927 3.137821e-05 3.232884e-07
6928 3.137177e-05 3.228340e-07
6929 3.136534e-05 3.223802e-07
6930 3.135893e-05 3.219270e-07
6931 3.135253e-05 3.214745e-07
6932 3.134614e-05 3.210226e-07
6933 3.133976e-05 3.205714e-07
6934 3.133339e-05 3.201207e-07
6935 3.132704e-05 3.196707e-07
6936 3.132070e-05 3.192214e-07
6937 3.131437e-05 3.187727e-07
6938 3.130805e-05 3.183246e-07
6939 3.130175e-05 3.178771e-07
6940 3.129546e-05 3.174303e-07
6941 3.128918e-05 3.169841e-07
6942 3.128291e-05 3.165385e-07
6943 3.127666e-05 3.160935e-07
6944 3.127042e-05 3.156492e-07
6945 3.126419e-05 3.152055e-07
6946 3.125797e-05 3.147624e-07
6947 3.125176e-05 3.143200e-07
6948 3.124557e-05 3.138781e-07
6949 3.123939e-05 3.134369e-07
6950 3.123322e-05 3.129963e-07
6951 3.122706e-05 3.125563e-07
6952 3.122091e-05 3.121170e-07
6953 3.121478e-05 3.116782e-07
6954 3.120866e-05 3.112401e-07
6955 3.120255e-05 3.108026e-07
6956 3.119645e-05 3.103657e-07
6957 3.119037e-05 3.099295e-07
6958 3.118429e-05 3.094938e-07
6959 3.117823e-05 3.090587e-07
6960 3.117218e-05 3.086243e-07
6961 3.116614e-05 3.081905e-07
6962 3.116012e-05 3.077572e-07
6963 3.115410e-05 3.073246e-07
6964 3.114810e-05 3.068926e-07
6965 3.114211e-05 3.064612e-07
6966 3.113613e-05 3.060305e-07
6967 3.113016e-05 3.056003e-07
6968 3.112421e-05 3.051707e-07
6969 3.111826e-05 3.047417e-07
6970 3.111233e-05 3.043133e-07
6971 3.110641e-05 3.038856e-07
6972 3.110050e-05 3.034584e-07
6973 3.109460e-05 3.030318e-07
6974 3.108871e-05 3.026059e-07
6975 3.108284e-05 3.021805e-07
6976 3.107697e-05 3.017557e-07
6977 3.107112e-05 3.013316e-07
6978 3.106528e-05 3.009080e-07
6979 3.105945e-05 3.004850e-07
6980 3.105363e-05 3.000626e-07
6981 3.104783e-05 2.996408e-07
6982 3.104203e-05 2.992196e-07
6983 3.103625e-05 2.987990e-07
6984 3.103047e-05 2.983790e-07
6985 3.102471e-05 2.979596e-07
6986 3.101896e-05 2.975407e-07
6987 3.101322e-05 2.971225e-07
6988 3.100749e-05 2.967048e-07
6989 3.100178e-05 2.962877e-07
6990 3.099607e-05 2.958713e-07
6991 3.099038e-05 2.954554e-07
6992 3.098469e-05 2.950400e-07
6993 3.097902e-05 2.946253e-07
6994 3.097336e-05 2.942112e-07
6995 3.096771e-05 2.937976e-07
6996 3.096207e-05 2.933846e-07
6997 3.095644e-05 2.929722e-07
6998 3.095082e-05 2.925604e-07
6999 3.094522e-05 2.921491e-07
7000 3.093962e-05 2.917385e-07
7001 3.093404e-05 2.913284e-07
7002 3.092846e-05 2.909188e-07
7003 3.092290e-05 2.905099e-07
7004 3.091735e-05 2.901015e-07
7005 3.091180e-05 2.896937e-07
7006 3.090627e-05 2.892865e-07
7007 3.090075e-05 2.888799e-07
7008 3.089525e-05 2.884738e-07
7009 3.088975e-05 2.880683e-07
7010 3.088426e-05 2.876634e-07
7011 3.087878e-05 2.872590e-07
7012 3.087332e-05 2.868552e-07
7013 3.086786e-05 2.864520e-07
7014 3.086241e-05 2.860493e-07
7015 3.085698e-05 2.856472e-07
7016 3.085156e-05 2.852457e-07
7017 3.084614e-05 2.848447e-07
7018 3.084074e-05 2.844443e-07
7019 3.083535e-05 2.840445e-07
7020 3.082996e-05 2.836452e-07
7021 3.082459e-05 2.832465e-07
7022 3.081923e-05 2.828483e-07
7023 3.081388e-05 2.824507e-07
7024 3.080854e-05 2.820537e-07
7025 3.080321e-05 2.816572e-07
7026 3.079789e-05 2.812613e-07
7027 3.079258e-05 2.808659e-07
7028 3.078728e-05 2.804711e-07
7029 3.078199e-05 2.800769e-07
7030 3.077672e-05 2.796832e-07
7031 3.077145e-05 2.792900e-07
7032 3.076619e-05 2.788974e-07
7033 3.076094e-05 2.785054e-07
7034 3.075570e-05 2.781139e-07
7035 3.075048e-05 2.777230e-07
7036 3.074526e-05 2.773326e-07
7037 3.074005e-05 2.769427e-07
7038 3.073486e-05 2.765534e-07
7039 3.072967e-05 2.761647e-07
7040 3.072449e-05 2.757765e-07
7041 3.071933e-05 2.753888e-07
7042 3.071417e-05 2.750017e-07
7043 3.070902e-05 2.746152e-07
7044 3.070388e-05 2.742291e-07
7045 3.069876e-05 2.738437e-07
7046 3.069364e-05 2.734587e-07
7047 3.068853e-05 2.730743e-07
7048 3.068344e-05 2.726905e-07
7049 3.067835e-05 2.723071e-07
7050 3.067327e-05 2.719244e-07
7051 3.066820e-05 2.715421e-07
7052 3.066315e-05 2.711604e-07
7053 3.065810e-05 2.707793e-07
7054 3.065306e-05 2.703986e-07
7055 3.064803e-05 2.700185e-07
7056 3.064301e-05 2.696390e-07
7057 3.063800e-05 2.692599e-07
7058 3.063300e-05 2.688814e-07
7059 3.062802e-05 2.685035e-07
7060 3.062304e-05 2.681261e-07
7061 3.061806e-05 2.677491e-07
7062 3.061310e-05 2.673728e-07
7063 3.060815e-05 2.669969e-07
7064 3.060321e-05 2.666216e-07
7065 3.059828e-05 2.662468e-07
7066 3.059336e-05 2.658726e-07
7067 3.058844e-05 2.654988e-07
7068 3.058354e-05 2.651256e-07
7069 3.057865e-05 2.647530e-07
7070 3.057376e-05 2.643808e-07
7071 3.056889e-05 2.640092e-07
7072 3.056402e-05 2.636380e-07
7073 3.055916e-05 2.632675e-07
7074 3.055432e-05 2.628974e-07
7075 3.054948e-05 2.625278e-07
7076 3.054465e-05 2.621588e-07
7077 3.053983e-05 2.617903e-07
7078 3.053502e-05 2.614223e-07
7079 3.053022e-05 2.610548e-07
7080 3.052543e-05 2.606878e-07
7081 3.052065e-05 2.603214e-07
7082 3.051588e-05 2.599555e-07
7083 3.051111e-05 2.595901e-07
7084 3.050636e-05 2.592252e-07
7085 3.050162e-05 2.588608e-07
7086 3.049688e-05 2.584969e-07
7087 3.049215e-05 2.581335e-07
7088 3.048744e-05 2.577707e-07
7089 3.048273e-05 2.574083e-07
7090 3.047803e-05 2.570465e-07
7091 3.047334e-05 2.566852e-07
7092 3.046866e-05 2.563243e-07
7093 3.046398e-05 2.559640e-07
7094 3.045932e-05 2.556042e-07
7095 3.045467e-05 2.552449e-07
7096 3.045002e-05 2.548861e-07
7097 3.044539e-05 2.545278e-07
7098 3.044076e-05 2.541701e-07
7099 3.043614e-05 2.538128e-07
7100 3.043153e-05 2.534560e-07
7101 3.042693e-05 2.530997e-07
7102 3.042234e-05 2.527439e-07
7103 3.041775e-05 2.523887e-07
7104 3.041318e-05 2.520339e-07
7105 3.040862e-05 2.516796e-07
7106 3.040406e-05 2.513258e-07
7107 3.039951e-05 2.509725e-07
7108 3.039497e-05 2.506197e-07
7109 3.039044e-05 2.502675e-07
7110 3.038592e-05 2.499157e-07
7111 3.038141e-05 2.495644e-07
7112 3.037690e-05 2.492135e-07
7113 3.037241e-05 2.488632e-07
7114 3.036792e-05 2.485134e-07
7115 3.036344e-05 2.481641e-07
7116 3.035897e-05 2.478152e-07
7117 3.035451e-05 2.474669e-07
7118 3.035006e-05 2.471190e-07
7119 3.034562e-05 2.467716e-07
7120 3.034118e-05 2.464248e-07
7121 3.033675e-05 2.460784e-07
7122 3.033233e-05 2.457325e-07
7123 3.032792e-05 2.453870e-07
7124 3.032352e-05 2.450421e-07
7125 3.031913e-05 2.446976e-07
7126 3.031475e-05 2.443537e-07
7127 3.031037e-05 2.440102e-07
7128 3.030600e-05 2.436672e-07
7129 3.030164e-05 2.433247e-07
7130 3.029729e-05 2.429826e-07
7131 3.029295e-05 2.426411e-07
7132 3.028862e-05 2.423000e-07
7133 3.028429e-05 2.419594e-07
7134 3.027997e-05 2.416193e-07
7135 3.027566e-05 2.412796e-07
7136 3.027136e-05 2.409405e-07
7137 3.026707e-05 2.406018e-07
7138 3.026278e-05 2.402636e-07
7139 3.025851e-05 2.399258e-07
7140 3.025424e-05 2.395886e-07
7141 3.024998e-05 2.392518e-07
7142 3.024573e-05 2.389155e-07
7143 3.024148e-05 2.385796e-07
7144 3.023725e-05 2.382443e-07
7145 3.023302e-05 2.379094e-07
7146 3.022880e-05 2.375750e-07
7147 3.022459e-05 2.372410e-07
7148 3.022039e-05 2.369075e-07
7149 3.021619e-05 2.365745e-07
7150 3.021200e-05 2.362419e-07
7151 3.020783e-05 2.359099e-07
7152 3.020365e-05 2.355783e-07
7153 3.019949e-05 2.352471e-07
7154 3.019534e-05 2.349164e-07
7155 3.019119e-05 2.345862e-07
7156 3.018705e-05 2.342564e-07
7157 3.018292e-05 2.339272e-07
7158 3.017879e-05 2.335983e-07
7159 3.017468e-05 2.332700e-07
7160 3.017057e-05 2.329421e-07
7161 3.016647e-05 2.326146e-07
7162 3.016238e-05 2.322876e-07
7163 3.015830e-05 2.319611e-07
7164 3.015422e-05 2.316350e-07
7165 3.015015e-05 2.313094e-07
7166 3.014609e-05 2.309843e-07
7167 3.014204e-05 2.306596e-07
7168 3.013799e-05 2.303354e-07
7169 3.013395e-05 2.300116e-07
7170 3.012992e-05 2.296883e-07
7171 3.012590e-05 2.293654e-07
7172 3.012189e-05 2.290430e-07
7173 3.011788e-05 2.287210e-07
7174 3.011388e-05 2.283995e-07
7175 3.010989e-05 2.280784e-07
7176 3.010591e-05 2.277578e-07
7177 3.010193e-05 2.274377e-07
7178 3.009796e-05 2.271180e-07
7179 3.009400e-05 2.267987e-07
7180 3.009005e-05 2.264799e-07
7181 3.008610e-05 2.261616e-07
7182 3.008216e-05 2.258436e-07
7183 3.007823e-05 2.255262e-07
7184 3.007431e-05 2.252092e-07
7185 3.007039e-05 2.248926e-07
7186 3.006648e-05 2.245765e-07
7187 3.006258e-05 2.242608e-07
7188 3.005869e-05 2.239455e-07
7189 3.005480e-05 2.236307e-07
7190 3.005092e-05 2.233164e-07
7191 3.004705e-05 2.230025e-07
7192 3.004319e-05 2.226890e-07
7193 3.003933e-05 2.223760e-07
7194 3.003548e-05 2.220634e-07
7195 3.003164e-05 2.217512e-07
7196 3.002780e-05 2.214395e-07
7197 3.002398e-05 2.211282e-07
7198 3.002015e-05 2.208174e-07
7199 3.001634e-05 2.205070e-07
7200 3.001254e-05 2.201970e-07
7201 3.000874e-05 2.198875e-07
7202 3.000495e-05 2.195784e-07
7203 3.000116e-05 2.192698e-07
7204 2.999739e-05 2.189615e-07
7205 2.999362e-05 2.186537e-07
7206 2.998985e-05 2.183464e-07
7207 2.998610e-05 2.180395e-07
7208 2.998235e-05 2.177330e-07
7209 2.997861e-05 2.174269e-07
7210 2.997487e-05 2.171213e-07
7211 2.997115e-05 2.168161e-07
7212 2.996743e-05 2.165113e-07
7213 2.996371e-05 2.162069e-07
7214 2.996001e-05 2.159030e-07
7215 2.995631e-05 2.155995e-07
7216 2.995262e-05 2.152965e-07
7217 2.994893e-05 2.149938e-07
7218 2.994526e-05 2.146916e-07
7219 2.994159e-05 2.143898e-07
7220 2.993792e-05 2.140885e-07
7221 2.993427e-05 2.137875e-07
7222 2.993062e-05 2.134870e-07
7223 2.992697e-05 2.131869e-07
7224 2.992334e-05 2.128872e-07
7225 2.991971e-05 2.125880e-07
7226 2.991608e-05 2.122891e-07
7227 2.991247e-05 2.119907e-07
7228 2.990886e-05 2.116927e-07
7229 2.990526e-05 2.113952e-07
7230 2.990166e-05 2.110980e-07
7231 2.989808e-05 2.108013e-07
7232 2.989449e-05 2.105050e-07
7233 2.989092e-05 2.102090e-07
7234 2.988735e-05 2.099136e-07
7235 2.988379e-05 2.096185e-07
7236 2.988024e-05 2.093238e-07
7237 2.987669e-05 2.090296e-07
7238 2.987315e-05 2.087358e-07
7239 2.986961e-05 2.084423e-07
7240 2.986609e-05 2.081493e-07
7241 2.986257e-05 2.078567e-07
7242 2.985905e-05 2.075646e-07
7243 2.985554e-05 2.072728e-07
7244 2.985204e-05 2.069814e-07
7245 2.984855e-05 2.066905e-07
7246 2.984506e-05 2.063999e-07
7247 2.984158e-05 2.061098e-07
7248 2.983811e-05 2.058201e-07
7249 2.983464e-05 2.055308e-07
7250 2.983118e-05 2.052418e-07
7251 2.982772e-05 2.049533e-07
7252 2.982427e-05 2.046652e-07
7253 2.982083e-05 2.043775e-07
7254 2.981740e-05 2.040903e-07
7255 2.981397e-05 2.038034e-07
7256 2.981055e-05 2.035169e-07
7257 2.980713e-05 2.032308e-07
7258 2.980372e-05 2.029451e-07
7259 2.980032e-05 2.026598e-07
7260 2.979692e-05 2.023750e-07
7261 2.979353e-05 2.020905e-07
7262 2.979015e-05 2.018064e-07
7263 2.978677e-05 2.015227e-07
7264 2.978340e-05 2.012395e-07
7265 2.978003e-05 2.009566e-07
7266 2.977668e-05 2.006741e-07
7267 2.977332e-05 2.003920e-07
7268 2.976998e-05 2.001103e-07
7269 2.976664e-05 1.998290e-07
7270 2.976331e-05 1.995481e-07
7271 2.975998e-05 1.992676e-07
7272 2.975666e-05 1.989875e-07
7273 2.975334e-05 1.987078e-07
7274 2.975004e-05 1.984285e-07
7275 2.974673e-05 1.981496e-07
7276 2.974344e-05 1.978710e-07
7277 2.974015e-05 1.975929e-07
7278 2.973686e-05 1.973151e-07
7279 2.973359e-05 1.970378e-07
7280 2.973032e-05 1.967608e-07
7281 2.972705e-05 1.964842e-07
7282 2.972379e-05 1.962080e-07
7283 2.972054e-05 1.959322e-07
7284 2.971729e-05 1.956568e-07
7285 2.971405e-05 1.953818e-07
7286 2.971082e-05 1.951071e-07
7287 2.970759e-05 1.948329e-07
7288 2.970437e-05 1.945590e-07
7289 2.970115e-05 1.942855e-07
7290 2.969794e-05 1.940124e-07
7291 2.969474e-05 1.937397e-07
7292 2.969154e-05 1.934673e-07
7293 2.968835e-05 1.931954e-07
7294 2.968516e-05 1.929238e-07
7295 2.968198e-05 1.926526e-07
7296 2.967881e-05 1.923818e-07
7297 2.967564e-05 1.921114e-07
7298 2.967248e-05 1.918413e-07
7299 2.966932e-05 1.915717e-07
7300 2.966617e-05 1.913024e-07
7301 2.966303e-05 1.910335e-07
7302 2.965989e-05 1.907649e-07
7303 2.965676e-05 1.904968e-07
7304 2.965363e-05 1.902290e-07
7305 2.965051e-05 1.899616e-07
7306 2.964739e-05 1.896946e-07
7307 2.964428e-05 1.894279e-07
7308 2.964118e-05 1.891616e-07
7309 2.963808e-05 1.888957e-07
7310 2.963499e-05 1.886302e-07
7311 2.963191e-05 1.883651e-07
7312 2.962883e-05 1.881003e-07
7313 2.962575e-05 1.878359e-07
7314 2.962268e-05 1.875718e-07
7315 2.961962e-05 1.873082e-07
7316 2.961656e-05 1.870449e-07
7317 2.961351e-05 1.867819e-07
7318 2.961046e-05 1.865194e-07
7319 2.960742e-05 1.862572e-07
7320 2.960439e-05 1.859954e-07
7321 2.960136e-05 1.857339e-07
7322 2.959834e-05 1.854728e-07
7323 2.959532e-05 1.852121e-07
7324 2.959231e-05 1.849518e-07
7325 2.958930e-05 1.846918e-07
7326 2.958630e-05 1.844322e-07
7327 2.958331e-05 1.841729e-07
7328 2.958032e-05 1.839140e-07
7329 2.957733e-05 1.836555e-07
7330 2.957435e-05 1.833973e-07
7331 2.957138e-05 1.831395e-07
7332 2.956841e-05 1.828821e-07
7333 2.956545e-05 1.826250e-07
7334 2.956250e-05 1.823683e-07
7335 2.955955e-05 1.821120e-07
7336 2.955660e-05 1.818560e-07
7337 2.955366e-05 1.816003e-07
7338 2.955073e-05 1.813451e-07
7339 2.954780e-05 1.810902e-07
7340 2.954487e-05 1.808356e-07
7341 2.954196e-05 1.805814e-07
7342 2.953904e-05 1.803276e-07
7343 2.953614e-05 1.800741e-07
7344 2.953324e-05 1.798209e-07
7345 2.953034e-05 1.795682e-07
7346 2.952745e-05 1.793158e-07
7347 2.952456e-05 1.790637e-07
7348 2.952168e-05 1.788120e-07
7349 2.951881e-05 1.785606e-07
7350 2.951594e-05 1.783096e-07
7351 2.951308e-05 1.780590e-07
7352 2.951022e-05 1.778087e-07
7353 2.950736e-05 1.775588e-07
7354 2.950452e-05 1.773092e-07
7355 2.950167e-05 1.770599e-07
7356 2.949884e-05 1.768110e-07
7357 2.949600e-05 1.765625e-07
7358 2.949318e-05 1.763143e-07
7359 2.949035e-05 1.760665e-07
7360 2.948754e-05 1.758190e-07
7361 2.948473e-05 1.755718e-07
7362 2.948192e-05 1.753250e-07
7363 2.947912e-05 1.750786e-07
7364 2.947632e-05 1.748325e-07
7365 2.947353e-05 1.745867e-07
7366 2.947075e-05 1.743413e-07
7367 2.946797e-05 1.740962e-07
7368 2.946519e-05 1.738515e-07
7369 2.946242e-05 1.736071e-07
7370 2.945966e-05 1.733631e-07
7371 2.945690e-05 1.731194e-07
7372 2.945415e-05 1.728760e-07
7373 2.945140e-05 1.726330e-07
7374 2.944865e-05 1.723903e-07
7375 2.944591e-05 1.721480e-07
7376 2.944318e-05 1.719060e-07
7377 2.944045e-05 1.716644e-07
7378 2.943773e-05 1.714231e-07
7379 2.943501e-05 1.711821e-07
7380 2.943229e-05 1.709415e-07
7381 2.942958e-05 1.707012e-07
7382 2.942688e-05 1.704612e-07
7383 2.942418e-05 1.702216e-07
7384 2.942149e-05 1.699824e-07
7385 2.941880e-05 1.697434e-07
7386 2.941611e-05 1.695048e-07
7387 2.941344e-05 1.692665e-07
7388 2.941076e-05 1.690286e-07
7389 2.940809e-05 1.687910e-07
7390 2.940543e-05 1.685537e-07
7391 2.940277e-05 1.683168e-07
7392 2.940011e-05 1.680802e-07
7393 2.939747e-05 1.678439e-07
7394 2.939482e-05 1.676080e-07
7395 2.939218e-05 1.673724e-07
7396 2.938955e-05 1.671371e-07
7397 2.938692e-05 1.669022e-07
7398 2.938429e-05 1.666676e-07
7399 2.938167e-05 1.664333e-07
7400 2.937906e-05 1.661993e-07
7401 2.937645e-05 1.659657e-07
7402 2.937384e-05 1.657324e-07
7403 2.937124e-05 1.654994e-07
7404 2.936864e-05 1.652668e-07
7405 2.936605e-05 1.650345e-07
7406 2.936346e-05 1.648025e-07
7407 2.936088e-05 1.645708e-07
7408 2.935831e-05 1.643395e-07
7409 2.935573e-05 1.641085e-07
7410 2.935317e-05 1.638778e-07
7411 2.935060e-05 1.636474e-07
7412 2.934805e-05 1.634174e-07
7413 2.934549e-05 1.631877e-07
7414 2.934294e-05 1.629583e-07
7415 2.934040e-05 1.627292e-07
7416 2.933786e-05 1.625005e-07
7417 2.933532e-05 1.622721e-07
7418 2.933279e-05 1.620440e-07
7419 2.933027e-05 1.618162e-07
7420 2.932775e-05 1.615887e-07
7421 2.932523e-05 1.613616e-07
7422 2.932272e-05 1.611348e-07
7423 2.932021e-05 1.609082e-07
7424 2.931771e-05 1.606821e-07
7425 2.931521e-05 1.604562e-07
7426 2.931272e-05 1.602306e-07
7427 2.931023e-05 1.600054e-07
7428 2.930775e-05 1.597805e-07
7429 2.930527e-05 1.595559e-07
7430 2.930279e-05 1.593316e-07
7431 2.930032e-05 1.591076e-07
7432 2.929786e-05 1.588840e-07
7433 2.929540e-05 1.586606e-07
7434 2.929294e-05 1.584376e-07
7435 2.929049e-05 1.582149e-07
7436 2.928804e-05 1.579925e-07
7437 2.928560e-05 1.577704e-07
7438 2.928316e-05 1.575486e-07
7439 2.928072e-05 1.573272e-07
7440 2.927829e-05 1.571060e-07
7441 2.927587e-05 1.568852e-07
7442 2.927345e-05 1.566646e-07
7443 2.927103e-05 1.564444e-07
7444 2.926862e-05 1.562245e-07
7445 2.926621e-05 1.560049e-07
7446 2.926381e-05 1.557856e-07
7447 2.926141e-05 1.555666e-07
7448 2.925902e-05 1.553480e-07
7449 2.925663e-05 1.551296e-07
7450 2.925424e-05 1.549115e-07
7451 2.925186e-05 1.546938e-07
7452 2.924948e-05 1.544763e-07
7453 2.924711e-05 1.542592e-07
7454 2.924474e-05 1.540423e-07
7455 2.924238e-05 1.538258e-07
7456 2.924002e-05 1.536096e-07
7457 2.923766e-05 1.533936e-07
7458 2.923531e-05 1.531780e-07
7459 2.923296e-05 1.529627e-07
7460 2.923062e-05 1.527477e-07
7461 2.922828e-05 1.525330e-07
7462 2.922595e-05 1.523185e-07
7463 2.922362e-05 1.521044e-07
7464 2.922129e-05 1.518906e-07
7465 2.921897e-05 1.516771e-07
7466 2.921666e-05 1.514639e-07
7467 2.921434e-05 1.512510e-07
7468 2.921204e-05 1.510384e-07
7469 2.920973e-05 1.508261e-07
7470 2.920743e-05 1.506141e-07
7471 2.920513e-05 1.504023e-07
7472 2.920284e-05 1.501909e-07
7473 2.920056e-05 1.499798e-07
7474 2.919827e-05 1.497690e-07
7475 2.919599e-05 1.495584e-07
7476 2.919372e-05 1.493482e-07
7477 2.919145e-05 1.491383e-07
7478 2.918918e-05 1.489286e-07
7479 2.918692e-05 1.487193e-07
7480 2.918466e-05 1.485102e-07
7481 2.918240e-05 1.483015e-07
7482 2.918015e-05 1.480930e-07
7483 2.917791e-05 1.478848e-07
7484 2.917567e-05 1.476770e-07
7485 2.917343e-05 1.474694e-07
7486 2.917119e-05 1.472621e-07
7487 2.916896e-05 1.470551e-07
7488 2.916674e-05 1.468484e-07
7489 2.916452e-05 1.466419e-07
7490 2.916230e-05 1.464358e-07
7491 2.916008e-05 1.462300e-07
7492 2.915787e-05 1.460244e-07
7493 2.915567e-05 1.458191e-07
7494 2.915347e-05 1.456142e-07
7495 2.915127e-05 1.454095e-07
7496 2.914908e-05 1.452051e-07
7497 2.914689e-05 1.450010e-07
7498 2.914470e-05 1.447971e-07
7499 2.914252e-05 1.445936e-07
7500 2.914034e-05 1.443903e-07
7501 2.913817e-05 1.441874e-07
7502 2.913600e-05 1.439847e-07
7503 2.913383e-05 1.437823e-07
7504 2.913167e-05 1.435802e-07
7505 2.912951e-05 1.433784e-07
7506 2.912736e-05 1.431768e-07
7507 2.912520e-05 1.429756e-07
7508 2.912306e-05 1.427746e-07
7509 2.912092e-05 1.425739e-07
7510 2.911878e-05 1.423735e-07
7511 2.911664e-05 1.421733e-07
7512 2.911451e-05 1.419735e-07
7513 2.911238e-05 1.417739e-07
7514 2.911026e-05 1.415746e-07
7515 2.910814e-05 1.413756e-07
7516 2.910603e-05 1.411769e-07
7517 2.910391e-05 1.409784e-07
7518 2.910181e-05 1.407803e-07
7519 2.909970e-05 1.405824e-07
7520 2.909760e-05 1.403848e-07
7521 2.909550e-05 1.401874e-07
7522 2.909341e-05 1.399904e-07
7523 2.909132e-05 1.397936e-07
7524 2.908924e-05 1.395971e-07
7525 2.908716e-05 1.394008e-07
7526 2.908508e-05 1.392049e-07
7527 2.908300e-05 1.390092e-07
7528 2.908093e-05 1.388138e-07
7529 2.907887e-05 1.386187e-07
7530 2.907680e-05 1.384238e-07
7531 2.907474e-05 1.382292e-07
7532 2.907269e-05 1.380349e-07
7533 2.907064e-05 1.378409e-07
7534 2.906859e-05 1.376471e-07
7535 2.906655e-05 1.374536e-07
7536 2.906450e-05 1.372604e-07
7537 2.906247e-05 1.370675e-07
7538 2.906043e-05 1.368748e-07
7539 2.905841e-05 1.366824e-07
7540 2.905638e-05 1.364903e-07
7541 2.905436e-05 1.362984e-07
7542 2.905234e-05 1.361068e-07
7543 2.905032e-05 1.359155e-07
7544 2.904831e-05 1.357244e-07
7545 2.904630e-05 1.355337e-07
7546 2.904430e-05 1.353431e-07
7547 2.904230e-05 1.351529e-07
7548 2.904030e-05 1.349629e-07
7549 2.903831e-05 1.347732e-07
7550 2.903632e-05 1.345837e-07
7551 2.903433e-05 1.343946e-07
7552 2.903235e-05 1.342056e-07
7553 2.903037e-05 1.340170e-07
7554 2.902840e-05 1.338286e-07
7555 2.902642e-05 1.336405e-07
7556 2.902446e-05 1.334526e-07
7557 2.902249e-05 1.332650e-07
7558 2.902053e-05 1.330777e-07
7559 2.901857e-05 1.328906e-07
7560 2.901662e-05 1.327038e-07
7561 2.901467e-05 1.325173e-07
7562 2.901272e-05 1.323310e-07
7563 2.901077e-05 1.321450e-07
7564 2.900883e-05 1.319593e-07
7565 2.900690e-05 1.317738e-07
7566 2.900496e-05 1.315885e-07
7567 2.900303e-05 1.314036e-07
7568 2.900111e-05 1.312188e-07
7569 2.899918e-05 1.310344e-07
7570 2.899726e-05 1.308502e-07
7571 2.899535e-05 1.306663e-07
7572 2.899344e-05 1.304826e-07
7573 2.899153e-05 1.302992e-07
7574 2.898962e-05 1.301160e-07
7575 2.898772e-05 1.299331e-07
7576 2.898582e-05 1.297505e-07
7577 2.898392e-05 1.295681e-07
7578 2.898203e-05 1.293859e-07
7579 2.898014e-05 1.292041e-07
7580 2.897826e-05 1.290224e-07
7581 2.897637e-05 1.288411e-07
7582 2.897450e-05 1.286600e-07
7583 2.897262e-05 1.284791e-07
7584 2.897075e-05 1.282985e-07
7585 2.896888e-05 1.281182e-07
7586 2.896701e-05 1.279381e-07
7587 2.896515e-05 1.277582e-07
7588 2.896329e-05 1.275786e-07
7589 2.896144e-05 1.273993e-07
7590 2.895959e-05 1.272202e-07
7591 2.895774e-05 1.270414e-07
7592 2.895589e-05 1.268628e-07
7593 2.895405e-05 1.266845e-07
7594 2.895221e-05 1.265064e-07
7595 2.895037e-05 1.263286e-07
7596 2.894854e-05 1.261510e-07
7597 2.894671e-05 1.259737e-07
7598 2.894489e-05 1.257966e-07
7599 2.894306e-05 1.256198e-07
7600 2.894125e-05 1.254432e-07
7601 2.893943e-05 1.252668e-07
7602 2.893762e-05 1.250908e-07
7603 2.893581e-05 1.249149e-07
7604 2.893400e-05 1.247393e-07
7605 2.893220e-05 1.245640e-07
7606 2.893040e-05 1.243889e-07
7607 2.892860e-05 1.242140e-07
7608 2.892681e-05 1.240394e-07
7609 2.892502e-05 1.238651e-07
7610 2.892323e-05 1.236910e-07
7611 2.892145e-05 1.235171e-07
7612 2.891966e-05 1.233435e-07
7613 2.891789e-05 1.231701e-07
7614 2.891611e-05 1.229969e-07
7615 2.891434e-05 1.228240e-07
7616 2.891257e-05 1.226514e-07
7617 2.891081e-05 1.224790e-07
7618 2.890905e-05 1.223068e-07
7619 2.890729e-05 1.221349e-07
7620 2.890553e-05 1.219632e-07
7621 2.890378e-05 1.217918e-07
7622 2.890203e-05 1.216206e-07
7623 2.890028e-05 1.214496e-07
7624 2.889854e-05 1.212789e-07
7625 2.889680e-05 1.211084e-07
7626 2.889506e-05 1.209382e-07
7627 2.889333e-05 1.207682e-07
7628 2.889160e-05 1.205984e-07
7629 2.888987e-05 1.204289e-07
7630 2.888814e-05 1.202596e-07
7631 2.888642e-05 1.200905e-07
7632 2.888470e-05 1.199217e-07
7633 2.888299e-05 1.197532e-07
7634 2.888127e-05 1.195848e-07
7635 2.887957e-05 1.194167e-07
7636 2.887786e-05 1.192489e-07
7637 2.887615e-05 1.190812e-07
7638 2.887445e-05 1.189138e-07
7639 2.887276e-05 1.187467e-07
7640 2.887106e-05 1.185798e-07
7641 2.886937e-05 1.184131e-07
7642 2.886768e-05 1.182466e-07
7643 2.886600e-05 1.180804e-07
7644 2.886431e-05 1.179144e-07
7645 2.886263e-05 1.177487e-07
7646 2.886096e-05 1.175832e-07
7647 2.885928e-05 1.174179e-07
7648 2.885761e-05 1.172528e-07
7649 2.885595e-05 1.170880e-07
7650 2.885428e-05 1.169234e-07
7651 2.885262e-05 1.167591e-07
7652 2.885096e-05 1.165949e-07
7653 2.884930e-05 1.164310e-07
7654 2.884765e-05 1.162674e-07
7655 2.884600e-05 1.161039e-07
7656 2.884435e-05 1.159407e-07
7657 2.884271e-05 1.157778e-07
7658 2.884107e-05 1.156150e-07
7659 2.883943e-05 1.154525e-07
7660 2.883779e-05 1.152902e-07
7661 2.883616e-05 1.151281e-07
7662 2.883453e-05 1.149663e-07
7663 2.883290e-05 1.148047e-07
7664 2.883128e-05 1.146433e-07
7665 2.882966e-05 1.144822e-07
7666 2.882804e-05 1.143212e-07
7667 2.882642e-05 1.141605e-07
7668 2.882481e-05 1.140001e-07
7669 2.882320e-05 1.138398e-07
7670 2.882159e-05 1.136798e-07
7671 2.881999e-05 1.135200e-07
7672 2.881839e-05 1.133604e-07
7673 2.881679e-05 1.132011e-07
7674 2.881519e-05 1.130420e-07
7675 2.881360e-05 1.128830e-07
7676 2.881201e-05 1.127244e-07
7677 2.881042e-05 1.125659e-07
7678 2.880884e-05 1.124077e-07
7679 2.880726e-05 1.122497e-07
7680 2.880568e-05 1.120919e-07
7681 2.880410e-05 1.119343e-07
7682 2.880253e-05 1.117770e-07
7683 2.880096e-05 1.116199e-07
7684 2.879939e-05 1.114629e-07
7685 2.879782e-05 1.113063e-07
7686 2.879626e-05 1.111498e-07
7687 2.879470e-05 1.109936e-07
7688 2.879314e-05 1.108375e-07
7689 2.879159e-05 1.106817e-07
7690 2.879004e-05 1.105262e-07
7691 2.878849e-05 1.103708e-07
7692 2.878694e-05 1.102156e-07
7693 2.878540e-05 1.100607e-07
7694 2.878386e-05 1.099060e-07
7695 2.878232e-05 1.097515e-07
7696 2.878078e-05 1.095972e-07
7697 2.877925e-05 1.094432e-07
7698 2.877772e-05 1.092893e-07
7699 2.877619e-05 1.091357e-07
7700 2.877467e-05 1.089823e-07
7701 2.877315e-05 1.088291e-07
7702 2.877163e-05 1.086761e-07
7703 2.877011e-05 1.085234e-07
7704 2.876860e-05 1.083708e-07
7705 2.876709e-05 1.082185e-07
7706 2.876558e-05 1.080664e-07
7707 2.876407e-05 1.079144e-07
7708 2.876257e-05 1.077628e-07
7709 2.876107e-05 1.076113e-07
7710 2.875957e-05 1.074600e-07
7711 2.875807e-05 1.073089e-07
7712 2.875658e-05 1.071581e-07
7713 2.875509e-05 1.070075e-07
7714 2.875360e-05 1.068571e-07
7715 2.875212e-05 1.067068e-07
7716 2.875063e-05 1.065569e-07
7717 2.874915e-05 1.064071e-07
7718 2.874768e-05 1.062575e-07
7719 2.874620e-05 1.061081e-07
7720 2.874473e-05 1.059590e-07
7721 2.874326e-05 1.058100e-07
7722 2.874179e-05 1.056613e-07
7723 2.874033e-05 1.055128e-07
7724 2.873887e-05 1.053644e-07
7725 2.873741e-05 1.052163e-07
7726 2.873595e-05 1.050684e-07
7727 2.873450e-05 1.049207e-07
7728 2.873304e-05 1.047733e-07
7729 2.873160e-05 1.046260e-07
7730 2.873015e-05 1.044789e-07
7731 2.872870e-05 1.043320e-07
7732 2.872726e-05 1.041854e-07
7733 2.872582e-05 1.040389e-07
7734 2.872439e-05 1.038927e-07
7735 2.872295e-05 1.037466e-07
7736 2.872152e-05 1.036008e-07
7737 2.872009e-05 1.034552e-07
7738 2.871866e-05 1.033098e-07
7739 2.871724e-05 1.031645e-07
7740 2.871582e-05 1.030195e-07
7741 2.871440e-05 1.028747e-07
7742 2.871298e-05 1.027301e-07
7743 2.871157e-05 1.025857e-07
7744 2.871016e-05 1.024415e-07
7745 2.870875e-05 1.022975e-07
7746 2.870734e-05 1.021537e-07
7747 2.870593e-05 1.020101e-07
7748 2.870453e-05 1.018667e-07
7749 2.870313e-05 1.017235e-07
7750 2.870173e-05 1.015805e-07
7751 2.870034e-05 1.014377e-07
7752 2.869895e-05 1.012951e-07
7753 2.869756e-05 1.011527e-07
7754 2.869617e-05 1.010106e-07
7755 2.869478e-05 1.008686e-07
7756 2.869340e-05 1.007268e-07
7757 2.869202e-05 1.005852e-07
7758 2.869064e-05 1.004438e-07
7759 2.868927e-05 1.003026e-07
7760 2.868789e-05 1.001616e-07
7761 2.868652e-05 1.000208e-07
7762 2.868515e-05 9.988022e-08
7763 2.868379e-05 9.973982e-08
7764 2.868242e-05 9.959961e-08
7765 2.868106e-05 9.945961e-08
7766 2.867970e-05 9.931980e-08
7767 2.867835e-05 9.918019e-08
7768 2.867699e-05 9.904077e-08
7769 2.867564e-05 9.890155e-08
7770 2.867429e-05 9.876252e-08
7771 2.867294e-05 9.862370e-08
7772 2.867160e-05 9.848506e-08
7773 2.867026e-05 9.834662e-08
7774 2.866891e-05 9.820838e-08
7775 2.866758e-05 9.807033e-08
7776 2.866624e-05 9.793247e-08
7777 2.866491e-05 9.779481e-08
7778 2.866358e-05 9.765734e-08
7779 2.866225e-05 9.752007e-08
7780 2.866092e-05 9.738298e-08
7781 2.865960e-05 9.724609e-08
7782 2.865827e-05 9.710940e-08
7783 2.865695e-05 9.697289e-08
7784 2.865564e-05 9.683658e-08
7785 2.865432e-05 9.670045e-08
7786 2.865301e-05 9.656452e-08
7787 2.865170e-05 9.642879e-08
7788 2.865039e-05 9.629324e-08
7789 2.864908e-05 9.615788e-08
7790 2.864778e-05 9.602271e-08
7791 2.864648e-05 9.588773e-08
7792 2.864518e-05 9.575294e-08
7793 2.864388e-05 9.561835e-08
7794 2.864259e-05 9.548394e-08
7795 2.864129e-05 9.534972e-08
7796 2.864000e-05 9.521568e-08
7797 2.863871e-05 9.508184e-08
7798 2.863743e-05 9.494819e-08
7799 2.863614e-05 9.481472e-08
7800 2.863486e-05 9.468144e-08
7801 2.863358e-05 9.454835e-08
7802 2.863231e-05 9.441544e-08
7803 2.863103e-05 9.428272e-08
7804 2.862976e-05 9.415019e-08
7805 2.862849e-05 9.401785e-08
7806 2.862722e-05 9.388569e-08
7807 2.862595e-05 9.375371e-08
7808 2.862469e-05 9.362192e-08
7809 2.862343e-05 9.349032e-08
7810 2.862217e-05 9.335890e-08
7811 2.862091e-05 9.322767e-08
7812 2.861965e-05 9.309662e-08
7813 2.861840e-05 9.296576e-08
7814 2.861715e-05 9.283508e-08
7815 2.861590e-05 9.270458e-08
7816 2.861465e-05 9.257427e-08
7817 2.861341e-05 9.244414e-08
7818 2.861217e-05 9.231419e-08
7819 2.861093e-05 9.218442e-08
7820 2.860969e-05 9.205484e-08
7821 2.860845e-05 9.192544e-08
7822 2.860722e-05 9.179622e-08
7823 2.860599e-05 9.166719e-08
7824 2.860476e-05 9.153833e-08
7825 2.860353e-05 9.140966e-08
7826 2.860230e-05 9.128116e-08
7827 2.860108e-05 9.115285e-08
7828 2.859986e-05 9.102472e-08
7829 2.859864e-05 9.089677e-08
7830 2.859742e-05 9.076899e-08
7831 2.859620e-05 9.064140e-08
7832 2.859499e-05 9.051399e-08
7833 2.859378e-05 9.038675e-08
7834 2.859257e-05 9.025970e-08
7835 2.859136e-05 9.013282e-08
7836 2.859016e-05 9.000612e-08
7837 2.858896e-05 8.987960e-08
7838 2.858776e-05 8.975326e-08
7839 2.858656e-05 8.962710e-08
7840 2.858536e-05 8.950111e-08
7841 2.858417e-05 8.937530e-08
7842 2.858297e-05 8.924966e-08
7843 2.858178e-05 8.912421e-08
7844 2.858059e-05 8.899893e-08
7845 2.857941e-05 8.887382e-08
7846 2.857822e-05 8.874889e-08
7847 2.857704e-05 8.862414e-08
7848 2.857586e-05 8.849956e-08
7849 2.857468e-05 8.837516e-08
7850 2.857351e-05 8.825093e-08
7851 2.857233e-05 8.812688e-08
7852 2.857116e-05 8.800300e-08
7853 2.856999e-05 8.787930e-08
7854 2.856882e-05 8.775576e-08
7855 2.856765e-05 8.763241e-08
7856 2.856649e-05 8.750922e-08
7857 2.856533e-05 8.738621e-08
7858 2.856417e-05 8.726338e-08
7859 2.856301e-05 8.714071e-08
7860 2.856185e-05 8.701822e-08
7861 2.856070e-05 8.689590e-08
7862 2.855954e-05 8.677375e-08
7863 2.855839e-05 8.665177e-08
7864 2.855724e-05 8.652997e-08
7865 2.855610e-05 8.640833e-08
7866 2.855495e-05 8.628687e-08
7867 2.855381e-05 8.616558e-08
7868 2.855267e-05 8.604446e-08
7869 2.855153e-05 8.592351e-08
7870 2.855039e-05 8.580272e-08
7871 2.854926e-05 8.568211e-08
7872 2.854812e-05 8.556167e-08
7873 2.854699e-05 8.544140e-08
7874 2.854586e-05 8.532129e-08
7875 2.854474e-05 8.520136e-08
7876 2.854361e-05 8.508159e-08
7877 2.854249e-05 8.496200e-08
7878 2.854137e-05 8.484257e-08
7879 2.854025e-05 8.472330e-08
7880 2.853913e-05 8.460421e-08
7881 2.853801e-05 8.448528e-08
7882 2.853690e-05 8.436652e-08
7883 2.853579e-05 8.424793e-08
7884 2.853468e-05 8.412950e-08
7885 2.853357e-05 8.401124e-08
7886 2.853246e-05 8.389315e-08
7887 2.853136e-05 8.377522e-08
7888 2.853025e-05 8.365746e-08
7889 2.852915e-05 8.353987e-08
7890 2.852805e-05 8.342243e-08
7891 2.852696e-05 8.330517e-08
7892 2.852586e-05 8.318807e-08
7893 2.852477e-05 8.307113e-08
7894 2.852368e-05 8.295436e-08
7895 2.852259e-05 8.283775e-08
7896 2.852150e-05 8.272131e-08
7897 2.852041e-05 8.260503e-08
7898 2.851933e-05 8.248891e-08
7899 2.851824e-05 8.237296e-08
7900 2.851716e-05 8.225717e-08
7901 2.851608e-05 8.214154e-08
7902 2.851501e-05 8.202607e-08
7903 2.851393e-05 8.191077e-08
7904 2.851286e-05 8.179563e-08
7905 2.851179e-05 8.168065e-08
7906 2.851072e-05 8.156583e-08
7907 2.850965e-05 8.145118e-08
7908 2.850858e-05 8.133668e-08
7909 2.850752e-05 8.122235e-08
7910 2.850646e-05 8.110818e-08
7911 2.850540e-05 8.099416e-08
7912 2.850434e-05 8.088031e-08
7913 2.850328e-05 8.076662e-08
7914 2.850222e-05 8.065309e-08
7915 2.850117e-05 8.053971e-08
7916 2.850012e-05 8.042650e-08
7917 2.849907e-05 8.031345e-08
7918 2.849802e-05 8.020055e-08
7919 2.849697e-05 8.008781e-08
7920 2.849593e-05 7.997524e-08
7921 2.849489e-05 7.986282e-08
7922 2.849385e-05 7.975055e-08
7923 2.849281e-05 7.963845e-08
7924 2.849177e-05 7.952650e-08
7925 2.849073e-05 7.941471e-08
7926 2.848970e-05 7.930308e-08
7927 2.848867e-05 7.919161e-08
7928 2.848764e-05 7.908029e-08
7929 2.848661e-05 7.896913e-08
7930 2.848558e-05 7.885812e-08
7931 2.848455e-05 7.874727e-08
7932 2.848353e-05 7.863658e-08
7933 2.848251e-05 7.852604e-08
7934 2.848149e-05 7.841566e-08
7935 2.848047e-05 7.830543e-08
7936 2.847945e-05 7.819535e-08
7937 2.847844e-05 7.808544e-08
7938 2.847742e-05 7.797567e-08
7939 2.847641e-05 7.786606e-08
7940 2.847540e-05 7.775661e-08
7941 2.847439e-05 7.764731e-08
7942 2.847338e-05 7.753816e-08
7943 2.847238e-05 7.742916e-08
7944 2.847138e-05 7.732032e-08
7945 2.847037e-05 7.721164e-08
7946 2.846937e-05 7.710310e-08
7947 2.846838e-05 7.699472e-08
7948 2.846738e-05 7.688649e-08
7949 2.846638e-05 7.677841e-08
7950 2.846539e-05 7.667048e-08
7951 2.846440e-05 7.656271e-08
7952 2.846341e-05 7.645509e-08
7953 2.846242e-05 7.634761e-08
7954 2.846143e-05 7.624029e-08
7955 2.846045e-05 7.613312e-08
7956 2.845947e-05 7.602610e-08
7957 2.845848e-05 7.591923e-08
7958 2.845750e-05 7.581252e-08
7959 2.845653e-05 7.570595e-08
7960 2.845555e-05 7.559953e-08
7961 2.845457e-05 7.549326e-08
7962 2.845360e-05 7.538714e-08
7963 2.845263e-05 7.528117e-08
7964 2.845166e-05 7.517535e-08
7965 2.845069e-05 7.506967e-08
7966 2.844972e-05 7.496415e-08
7967 2.844876e-05 7.485877e-08
7968 2.844779e-05 7.475355e-08
7969 2.844683e-05 7.464847e-08
7970 2.844587e-05 7.454353e-08
7971 2.844491e-05 7.443875e-08
7972 2.844395e-05 7.433411e-08
7973 2.844300e-05 7.422962e-08
7974 2.844204e-05 7.412528e-08
7975 2.844109e-05 7.402108e-08
7976 2.844014e-05 7.391703e-08
7977 2.843919e-05 7.381313e-08
7978 2.843824e-05 7.370937e-08
7979 2.843730e-05 7.360576e-08
7980 2.843635e-05 7.350229e-08
7981 2.843541e-05 7.339897e-08
7982 2.843447e-05 7.329579e-08
7983 2.843353e-05 7.319276e-08
7984 2.843259e-05 7.308988e-08
7985 2.843165e-05 7.298713e-08
7986 2.843072e-05 7.288454e-08
7987 2.842978e-05 7.278208e-08
7988 2.842885e-05 7.267978e-08
7989 2.842792e-05 7.257761e-08
7990 2.842699e-05 7.247559e-08
7991 2.842606e-05 7.237371e-08
7992 2.842514e-05 7.227198e-08
7993 2.842421e-05 7.217039e-08
7994 2.842329e-05 7.206894e-08
7995 2.842237e-05 7.196763e-08
7996 2.842145e-05 7.186647e-08
7997 2.842053e-05 7.176544e-08
7998 2.841961e-05 7.166456e-08
7999 2.841870e-05 7.156383e-08
8000 2.841778e-05 7.146323e-08
8001 2.841687e-05 7.136278e-08
8002 2.841596e-05 7.126246e-08
8003 2.841505e-05 7.116229e-08
8004 2.841414e-05 7.106226e-08
8005 2.841324e-05 7.096237e-08
8006 2.841233e-05 7.086262e-08
8007 2.841143e-05 7.076301e-08
8008 2.841053e-05 7.066353e-08
8009 2.840963e-05 7.056420e-08
8010 2.840873e-05 7.046501e-08
8011 2.840783e-05 7.036596e-08
8012 2.840694e-05 7.026705e-08
8013 2.840604e-05 7.016828e-08
8014 2.840515e-05 7.006964e-08
8015 2.840426e-05 6.997115e-08
8016 2.840337e-05 6.987279e-08
8017 2.840248e-05 6.977457e-08
8018 2.840159e-05 6.967649e-08
8019 2.840071e-05 6.957854e-08
8020 2.839982e-05 6.948074e-08
8021 2.839894e-05 6.938307e-08
8022 2.839806e-05 6.928554e-08
8023 2.839718e-05 6.918815e-08
8024 2.839630e-05 6.909089e-08
8025 2.839543e-05 6.899377e-08
8026 2.839455e-05 6.889679e-08
8027 2.839368e-05 6.879994e-08
8028 2.839280e-05 6.870323e-08
8029 2.839193e-05 6.860665e-08
8030 2.839106e-05 6.851021e-08
8031 2.839020e-05 6.841391e-08
8032 2.838933e-05 6.831774e-08
8033 2.838846e-05 6.822171e-08
8034 2.838760e-05 6.812581e-08
8035 2.838674e-05 6.803005e-08
8036 2.838588e-05 6.793442e-08
8037 2.838502e-05 6.783892e-08
8038 2.838416e-05 6.774356e-08
8039 2.838330e-05 6.764834e-08
8040 2.838245e-05 6.755324e-08
8041 2.838160e-05 6.745828e-08
8042 2.838074e-05 6.736346e-08
8043 2.837989e-05 6.726877e-08
8044 2.837904e-05 6.717421e-08
8045 2.837819e-05 6.707978e-08
8046 2.837735e-05 6.698549e-08
8047 2.837650e-05 6.689133e-08
8048 2.837566e-05 6.679730e-08
8049 2.837482e-05 6.670341e-08
8050 2.837398e-05 6.660964e-08
8051 2.837314e-05 6.651601e-08
8052 2.837230e-05 6.642251e-08
8053 2.837146e-05 6.632914e-08
8054 2.837062e-05 6.623590e-08
8055 2.836979e-05 6.614279e-08
8056 2.836896e-05 6.604982e-08
8057 2.836813e-05 6.595697e-08
8058 2.836730e-05 6.586426e-08
8059 2.836647e-05 6.577167e-08
8060 2.836564e-05 6.567922e-08
8061 2.836481e-05 6.558690e-08
8062 2.836399e-05 6.549470e-08
8063 2.836317e-05 6.540264e-08
8064 2.836234e-05 6.531070e-08
8065 2.836152e-05 6.521889e-08
8066 2.836070e-05 6.512722e-08
8067 2.835989e-05 6.503567e-08
8068 2.835907e-05 6.494425e-08
8069 2.835825e-05 6.485296e-08
8070 2.835744e-05 6.476179e-08
8071 2.835663e-05 6.467076e-08
8072 2.835582e-05 6.457985e-08
8073 2.835501e-05 6.448907e-08
8074 2.835420e-05 6.439842e-08
8075 2.835339e-05 6.430790e-08
8076 2.835259e-05 6.421750e-08
8077 2.835178e-05 6.412723e-08
8078 2.835098e-05 6.403709e-08
8079 2.835018e-05 6.394707e-08
8080 2.834938e-05 6.385718e-08
8081 2.834858e-05 6.376742e-08
8082 2.834778e-05 6.367778e-08
8083 2.834698e-05 6.358827e-08
8084 2.834619e-05 6.349889e-08
8085 2.834539e-05 6.340963e-08
8086 2.834460e-05 6.332049e-08
8087 2.834381e-05 6.323149e-08
8088 2.834302e-05 6.314260e-08
8089 2.834223e-05 6.305384e-08
8090 2.834144e-05 6.296521e-08
8091 2.834066e-05 6.287670e-08
8092 2.833987e-05 6.278832e-08
8093 2.833909e-05 6.270005e-08
8094 2.833830e-05 6.261192e-08
8095 2.833752e-05 6.252391e-08
8096 2.833674e-05 6.243602e-08
8097 2.833596e-05 6.234825e-08
8098 2.833519e-05 6.226061e-08
8099 2.833441e-05 6.217309e-08
8100 2.833364e-05 6.208569e-08
8101 2.833286e-05 6.199842e-08
8102 2.833209e-05 6.191127e-08
8103 2.833132e-05 6.182424e-08
8104 2.833055e-05 6.173734e-08
8105 2.832978e-05 6.165055e-08
8106 2.832901e-05 6.156389e-08
8107 2.832825e-05 6.147735e-08
8108 2.832748e-05 6.139094e-08
8109 2.832672e-05 6.130464e-08
8110 2.832596e-05 6.121846e-08
8111 2.832520e-05 6.113241e-08
8112 2.832444e-05 6.104648e-08
8113 2.832368e-05 6.096067e-08
8114 2.832292e-05 6.087497e-08
8115 2.832217e-05 6.078940e-08
8116 2.832141e-05 6.070395e-08
8117 2.832066e-05 6.061862e-08
8118 2.831991e-05 6.053341e-08
8119 2.831915e-05 6.044832e-08
8120 2.831840e-05 6.036335e-08
8121 2.831766e-05 6.027850e-08
8122 2.831691e-05 6.019376e-08
8123 2.831616e-05 6.010915e-08
8124 2.831542e-05 6.002466e-08
8125 2.831467e-05 5.994028e-08
8126 2.831393e-05 5.985602e-08
8127 2.831319e-05 5.977188e-08
8128 2.831245e-05 5.968786e-08
8129 2.831171e-05 5.960396e-08
8130 2.831097e-05 5.952018e-08
8131 2.831024e-05 5.943651e-08
8132 2.830950e-05 5.935296e-08
8133 2.830877e-05 5.926953e-08
8134 2.830803e-05 5.918622e-08
8135 2.830730e-05 5.910302e-08
8136 2.830657e-05 5.901994e-08
8137 2.830584e-05 5.893697e-08
8138 2.830511e-05 5.885413e-08
8139 2.830439e-05 5.877140e-08
8140 2.830366e-05 5.868878e-08
8141 2.830294e-05 5.860628e-08
8142 2.830221e-05 5.852390e-08
8143 2.830149e-05 5.844164e-08
8144 2.830077e-05 5.835949e-08
8145 2.830005e-05 5.827745e-08
8146 2.829933e-05 5.819553e-08
8147 2.829861e-05 5.811373e-08
8148 2.829790e-05 5.803204e-08
8149 2.829718e-05 5.795046e-08
8150 2.829647e-05 5.786900e-08
8151 2.829576e-05 5.778766e-08
8152 2.829504e-05 5.770643e-08
8153 2.829433e-05 5.762531e-08
8154 2.829362e-05 5.754430e-08
8155 2.829292e-05 5.746342e-08
8156 2.829221e-05 5.738264e-08
8157 2.829150e-05 5.730198e-08
8158 2.829080e-05 5.722143e-08
8159 2.829009e-05 5.714099e-08
8160 2.828939e-05 5.706067e-08
8161 2.828869e-05 5.698046e-08
8162 2.828799e-05 5.690037e-08
8163 2.828729e-05 5.682038e-08
8164 2.828659e-05 5.674051e-08
8165 2.828590e-05 5.666075e-08
8166 2.828520e-05 5.658110e-08
8167 2.828451e-05 5.650157e-08
8168 2.828381e-05 5.642215e-08
8169 2.828312e-05 5.634283e-08
8170 2.828243e-05 5.626363e-08
8171 2.828174e-05 5.618454e-08
8172 2.828105e-05 5.610557e-08
8173 2.828036e-05 5.602670e-08
8174 2.827967e-05 5.594794e-08
8175 2.827899e-05 5.586930e-08
8176 2.827830e-05 5.579076e-08
8177 2.827762e-05 5.571234e-08
8178 2.827694e-05 5.563403e-08
8179 2.827626e-05 5.555582e-08
8180 2.827558e-05 5.547773e-08
8181 2.827490e-05 5.539974e-08
8182 2.827422e-05 5.532187e-08
8183 2.827354e-05 5.524410e-08
8184 2.827287e-05 5.516645e-08
8185 2.827219e-05 5.508890e-08
8186 2.827152e-05 5.501146e-08
8187 2.827085e-05 5.493413e-08
8188 2.827017e-05 5.485691e-08
8189 2.826950e-05 5.477980e-08
8190 2.826884e-05 5.470280e-08
8191 2.826817e-05 5.462590e-08
8192 2.826750e-05 5.454912e-08
8193 2.826683e-05 5.447244e-08
8194 2.826617e-05 5.439587e-08
8195 2.826551e-05 5.431940e-08
8196 2.826484e-05 5.424305e-08
8197 2.826418e-05 5.416680e-08
8198 2.826352e-05 5.409066e-08
8199 2.826286e-05 5.401462e-08
8200 2.826220e-05 5.393870e-08
8201 2.826154e-05 5.386288e-08
8202 2.826089e-05 5.378716e-08
8203 2.826023e-05 5.371155e-08
8204 2.825958e-05 5.363605e-08
8205 2.825892e-05 5.356066e-08
8206 2.825827e-05 5.348537e-08
8207 2.825762e-05 5.341018e-08
8208 2.825697e-05 5.333510e-08
8209 2.825632e-05 5.326013e-08
8210 2.825567e-05 5.318527e-08
8211 2.825503e-05 5.311050e-08
8212 2.825438e-05 5.303585e-08
8213 2.825374e-05 5.296130e-08
8214 2.825309e-05 5.288685e-08
8215 2.825245e-05 5.281251e-08
8216 2.825181e-05 5.273827e-08
8217 2.825117e-05 5.266413e-08
8218 2.825053e-05 5.259011e-08
8219 2.824989e-05 5.251618e-08
8220 2.824925e-05 5.244236e-08
8221 2.824861e-05 5.236864e-08
8222 2.824798e-05 5.229503e-08
8223 2.824734e-05 5.222152e-08
8224 2.824671e-05 5.214811e-08
8225 2.824608e-05 5.207481e-08
8226 2.824545e-05 5.200161e-08
8227 2.824482e-05 5.192851e-08
8228 2.824419e-05 5.185551e-08
8229 2.824356e-05 5.178262e-08
8230 2.824293e-05 5.170983e-08
8231 2.824230e-05 5.163714e-08
8232 2.824168e-05 5.156456e-08
8233 2.824105e-05 5.149207e-08
8234 2.824043e-05 5.141969e-08
8235 2.823981e-05 5.134741e-08
8236 2.823919e-05 5.127523e-08
8237 2.823857e-05 5.120316e-08
8238 2.823795e-05 5.113118e-08
8239 2.823733e-05 5.105931e-08
8240 2.823671e-05 5.098753e-08
8241 2.823609e-05 5.091586e-08
8242 2.823548e-05 5.084429e-08
8243 2.823486e-05 5.077282e-08
8244 2.823425e-05 5.070145e-08
8245 2.823364e-05 5.063018e-08
8246 2.823303e-05 5.055901e-08
8247 2.823242e-05 5.048794e-08
8248 2.823181e-05 5.041697e-08
8249 2.823120e-05 5.034610e-08
8250 2.823059e-05 5.027533e-08
8251 2.822998e-05 5.020465e-08
8252 2.822938e-05 5.013408e-08
8253 2.822877e-05 5.006361e-08
8254 2.822817e-05 4.999324e-08
8255 2.822757e-05 4.992296e-08
8256 2.822696e-05 4.985278e-08
8257 2.822636e-05 4.978271e-08
8258 2.822576e-05 4.971273e-08
8259 2.822516e-05 4.964285e-08
8260 2.822457e-05 4.957307e-08
8261 2.822397e-05 4.950338e-08
8262 2.822337e-05 4.943380e-08
8263 2.822278e-05 4.936431e-08
8264 2.822218e-05 4.929492e-08
8265 2.822159e-05 4.922562e-08
8266 2.822100e-05 4.915643e-08
8267 2.822041e-05 4.908733e-08
8268 2.821982e-05 4.901833e-08
8269 2.821923e-05 4.894942e-08
8270 2.821864e-05 4.888062e-08
8271 2.821805e-05 4.881191e-08
8272 2.821746e-05 4.874329e-08
8273 2.821688e-05 4.867477e-08
8274 2.821629e-05 4.860635e-08
8275 2.821571e-05 4.853803e-08
8276 2.821513e-05 4.846980e-08
8277 2.821454e-05 4.840166e-08
8278 2.821396e-05 4.833363e-08
8279 2.821338e-05 4.826568e-08
8280 2.821280e-05 4.819784e-08
8281 2.821223e-05 4.813009e-08
8282 2.821165e-05 4.806243e-08
8283 2.821107e-05 4.799487e-08
8284 2.821050e-05 4.792741e-08
8285 2.820992e-05 4.786003e-08
8286 2.820935e-05 4.779276e-08
8287 2.820877e-05 4.772558e-08
8288 2.820820e-05 4.765849e-08
8289 2.820763e-05 4.759150e-08
8290 2.820706e-05 4.752460e-08
8291 2.820649e-05 4.745779e-08
8292 2.820592e-05 4.739108e-08
8293 2.820536e-05 4.732447e-08
8294 2.820479e-05 4.725794e-08
8295 2.820422e-05 4.719151e-08
8296 2.820366e-05 4.712518e-08
8297 2.820310e-05 4.705893e-08
8298 2.820253e-05 4.699278e-08
8299 2.820197e-05 4.692673e-08
8300 2.820141e-05 4.686076e-08
8301 2.820085e-05 4.679489e-08
8302 2.820029e-05 4.672911e-08
8303 2.819973e-05 4.666342e-08
8304 2.819918e-05 4.659783e-08
8305 2.819862e-05 4.653233e-08
8306 2.819806e-05 4.646692e-08
8307 2.819751e-05 4.640160e-08
8308 2.819695e-05 4.633637e-08
8309 2.819640e-05 4.627124e-08
8310 2.819585e-05 4.620620e-08
8311 2.819530e-05 4.614125e-08
8312 2.819475e-05 4.607639e-08
8313 2.819420e-05 4.601162e-08
8314 2.819365e-05 4.594694e-08
8315 2.819310e-05 4.588235e-08
8316 2.819255e-05 4.581786e-08
8317 2.819201e-05 4.575345e-08
8318 2.819146e-05 4.568914e-08
8319 2.819092e-05 4.562491e-08
8320 2.819037e-05 4.556078e-08
8321 2.818983e-05 4.549673e-08
8322 2.818929e-05 4.543278e-08
8323 2.818875e-05 4.536891e-08
8324 2.818821e-05 4.530514e-08
8325 2.818767e-05 4.524145e-08
8326 2.818713e-05 4.517786e-08
8327 2.818659e-05 4.511435e-08
8328 2.818606e-05 4.505094e-08
8329 2.818552e-05 4.498761e-08
8330 2.818499e-05 4.492437e-08
8331 2.818445e-05 4.486122e-08
8332 2.818392e-05 4.479816e-08
8333 2.818339e-05 4.473519e-08
8334 2.818285e-05 4.467231e-08
8335 2.818232e-05 4.460951e-08
8336 2.818179e-05 4.454680e-08
8337 2.818126e-05 4.448418e-08
8338 2.818074e-05 4.442165e-08
8339 2.818021e-05 4.435921e-08
8340 2.817968e-05 4.429686e-08
8341 2.817916e-05 4.423459e-08
8342 2.817863e-05 4.417241e-08
8343 2.817811e-05 4.411032e-08
8344 2.817758e-05 4.404831e-08
8345 2.817706e-05 4.398639e-08
8346 2.817654e-05 4.392456e-08
8347 2.817602e-05 4.386282e-08
8348 2.817550e-05 4.380116e-08
8349 2.817498e-05 4.373959e-08
8350 2.817446e-05 4.367811e-08
8351 2.817394e-05 4.361671e-08
8352 2.817343e-05 4.355540e-08
8353 2.817291e-05 4.349417e-08
8354 2.817240e-05 4.343303e-08
8355 2.817188e-05 4.337198e-08
8356 2.817137e-05 4.331101e-08
8357 2.817086e-05 4.325013e-08
8358 2.817035e-05 4.318933e-08
8359 2.816983e-05 4.312862e-08
8360 2.816932e-05 4.306800e-08
8361 2.816881e-05 4.300746e-08
8362 2.816831e-05 4.294700e-08
8363 2.816780e-05 4.288663e-08
8364 2.816729e-05 4.282635e-08
8365 2.816679e-05 4.276615e-08
8366 2.816628e-05 4.270603e-08
8367 2.816578e-05 4.264600e-08
8368 2.816527e-05 4.258605e-08
8369 2.816477e-05 4.252619e-08
8370 2.816427e-05 4.246641e-08
8371 2.816376e-05 4.240672e-08
8372 2.816326e-05 4.234711e-08
8373 2.816276e-05 4.228758e-08
8374 2.816227e-05 4.222814e-08
8375 2.816177e-05 4.216878e-08
8376 2.816127e-05 4.210950e-08
8377 2.816077e-05 4.205031e-08
8378 2.816028e-05 4.199120e-08
8379 2.815978e-05 4.193217e-08
8380 2.815929e-05 4.187323e-08
8381 2.815879e-05 4.181437e-08
8382 2.815830e-05 4.175559e-08
8383 2.815781e-05 4.169690e-08
8384 2.815732e-05 4.163828e-08
8385 2.815683e-05 4.157975e-08
8386 2.815634e-05 4.152130e-08
8387 2.815585e-05 4.146294e-08
8388 2.815536e-05 4.140465e-08
8389 2.815487e-05 4.134645e-08
8390 2.815439e-05 4.128833e-08
8391 2.815390e-05 4.123029e-08
8392 2.815342e-05 4.117234e-08
8393 2.815293e-05 4.111446e-08
8394 2.815245e-05 4.105667e-08
8395 2.815196e-05 4.099896e-08
8396 2.815148e-05 4.094132e-08
8397 2.815100e-05 4.088377e-08
8398 2.815052e-05 4.082630e-08
8399 2.815004e-05 4.076891e-08
8400 2.814956e-05 4.071161e-08
8401 2.814908e-05 4.065438e-08
8402 2.814861e-05 4.059723e-08
8403 2.814813e-05 4.054016e-08
8404 2.814765e-05 4.048318e-08
8405 2.814718e-05 4.042627e-08
8406 2.814670e-05 4.036944e-08
8407 2.814623e-05 4.031270e-08
8408 2.814576e-05 4.025603e-08
8409 2.814528e-05 4.019944e-08
8410 2.814481e-05 4.014294e-08
8411 2.814434e-05 4.008651e-08
8412 2.814387e-05 4.003016e-08
8413 2.814340e-05 3.997389e-08
8414 2.814293e-05 3.991770e-08
8415 2.814247e-05 3.986159e-08
8416 2.814200e-05 3.980555e-08
8417 2.814153e-05 3.974960e-08
8418 2.814107e-05 3.969372e-08
8419 2.814060e-05 3.963793e-08
8420 2.814014e-05 3.958221e-08
8421 2.813967e-05 3.952657e-08
8422 2.813921e-05 3.947101e-08
8423 2.813875e-05 3.941552e-08
8424 2.813829e-05 3.936012e-08
8425 2.813783e-05 3.930479e-08
8426 2.813737e-05 3.924954e-08
8427 2.813691e-05 3.919437e-08
8428 2.813645e-05 3.913927e-08
8429 2.813599e-05 3.908425e-08
8430 2.813553e-05 3.902931e-08
8431 2.813508e-05 3.897445e-08
8432 2.813462e-05 3.891966e-08
8433 2.813417e-05 3.886496e-08
8434 2.813371e-05 3.881032e-08
8435 2.813326e-05 3.875577e-08
8436 2.813281e-05 3.870129e-08
8437 2.813235e-05 3.864689e-08
8438 2.813190e-05 3.859256e-08
8439 2.813145e-05 3.853831e-08
8440 2.813100e-05 3.848414e-08
8441 2.813055e-05 3.843004e-08
8442 2.813010e-05 3.837602e-08
8443 2.812966e-05 3.832208e-08
8444 2.812921e-05 3.826821e-08
8445 2.812876e-05 3.821442e-08
8446 2.812832e-05 3.816070e-08
8447 2.812787e-05 3.810706e-08
8448 2.812743e-05 3.805349e-08
8449 2.812698e-05 3.800000e-08
8450 2.812654e-05 3.794658e-08
8451 2.812610e-05 3.789324e-08
8452 2.812566e-05 3.783998e-08
8453 2.812522e-05 3.778679e-08
8454 2.812478e-05 3.773367e-08
8455 2.812434e-05 3.768063e-08
8456 2.812390e-05 3.762766e-08
8457 2.812346e-05 3.757477e-08
8458 2.812302e-05 3.752195e-08
8459 2.812258e-05 3.746921e-08
8460 2.812215e-05 3.741654e-08
8461 2.812171e-05 3.736394e-08
8462 2.812128e-05 3.731142e-08
8463 2.812084e-05 3.725897e-08
8464 2.812041e-05 3.720660e-08
8465 2.811998e-05 3.715429e-08
8466 2.811955e-05 3.710207e-08
8467 2.811911e-05 3.704991e-08
8468 2.811868e-05 3.699783e-08
8469 2.811825e-05 3.694583e-08
8470 2.811782e-05 3.689389e-08
8471 2.811740e-05 3.684203e-08
8472 2.811697e-05 3.679024e-08
8473 2.811654e-05 3.673853e-08
8474 2.811611e-05 3.668688e-08
8475 2.811569e-05 3.663531e-08
8476 2.811526e-05 3.658382e-08
8477 2.811484e-05 3.653239e-08
8478 2.811441e-05 3.648104e-08
8479 2.811399e-05 3.642976e-08
8480 2.811357e-05 3.637855e-08
8481 2.811315e-05 3.632741e-08
8482 2.811272e-05 3.627635e-08
8483 2.811230e-05 3.622535e-08
8484 2.811188e-05 3.617443e-08
8485 2.811146e-05 3.612358e-08
8486 2.811104e-05 3.607280e-08
8487 2.811063e-05 3.602210e-08
8488 2.811021e-05 3.597146e-08
8489 2.810979e-05 3.592090e-08
8490 2.810938e-05 3.587040e-08
8491 2.810896e-05 3.581998e-08
8492 2.810855e-05 3.576963e-08
8493 2.810813e-05 3.571935e-08
8494 2.810772e-05 3.566914e-08
8495 2.810730e-05 3.561900e-08
8496 2.810689e-05 3.556893e-08
8497 2.810648e-05 3.551893e-08
8498 2.810607e-05 3.546900e-08
8499 2.810566e-05 3.541914e-08
8500 2.810525e-05 3.536935e-08
8501 2.810484e-05 3.531964e-08
8502 2.810443e-05 3.526999e-08
8503 2.810402e-05 3.522041e-08
8504 2.810362e-05 3.517090e-08
8505 2.810321e-05 3.512146e-08
8506 2.810280e-05 3.507209e-08
8507 2.810240e-05 3.502279e-08
8508 2.810199e-05 3.497356e-08
8509 2.810159e-05 3.492440e-08
8510 2.810118e-05 3.487531e-08
8511 2.810078e-05 3.482628e-08
8512 2.810038e-05 3.477733e-08
8513 2.809998e-05 3.472844e-08
8514 2.809958e-05 3.467962e-08
8515 2.809918e-05 3.463088e-08
8516 2.809878e-05 3.458220e-08
8517 2.809838e-05 3.453358e-08
8518 2.809798e-05 3.448504e-08
8519 2.809758e-05 3.443657e-08
8520 2.809718e-05 3.438816e-08
8521 2.809679e-05 3.433982e-08
8522 2.809639e-05 3.429155e-08
8523 2.809600e-05 3.424334e-08
8524 2.809560e-05 3.419521e-08
8525 2.809521e-05 3.414714e-08
8526 2.809481e-05 3.409914e-08
8527 2.809442e-05 3.405121e-08
8528 2.809403e-05 3.400334e-08
8529 2.809364e-05 3.395555e-08
8530 2.809324e-05 3.390781e-08
8531 2.809285e-05 3.386015e-08
8532 2.809246e-05 3.381255e-08
8533 2.809207e-05 3.376502e-08
8534 2.809169e-05 3.371756e-08
8535 2.809130e-05 3.367017e-08
8536 2.809091e-05 3.362284e-08
8537 2.809052e-05 3.357557e-08
8538 2.809014e-05 3.352838e-08
8539 2.808975e-05 3.348125e-08
8540 2.808937e-05 3.343418e-08
8541 2.808898e-05 3.338718e-08
8542 2.808860e-05 3.334025e-08
8543 2.808821e-05 3.329339e-08
8544 2.808783e-05 3.324659e-08
8545 2.808745e-05 3.319985e-08
8546 2.808707e-05 3.315318e-08
8547 2.808669e-05 3.310658e-08
8548 2.808630e-05 3.306004e-08
8549 2.808592e-05 3.301357e-08
8550 2.808555e-05 3.296716e-08
8551 2.808517e-05 3.292082e-08
8552 2.808479e-05 3.287455e-08
8553 2.808441e-05 3.282833e-08
8554 2.808403e-05 3.278219e-08
8555 2.808366e-05 3.273611e-08
8556 2.808328e-05 3.269009e-08
8557 2.808291e-05 3.264414e-08
8558 2.808253e-05 3.259825e-08
8559 2.808216e-05 3.255243e-08
8560 2.808178e-05 3.250667e-08
8561 2.808141e-05 3.246098e-08
8562 2.808104e-05 3.241535e-08
8563 2.808067e-05 3.236978e-08
8564 2.808030e-05 3.232428e-08
8565 2.807993e-05 3.227884e-08
8566 2.807956e-05 3.223347e-08
8567 2.807919e-05 3.218816e-08
8568 2.807882e-05 3.214291e-08
8569 2.807845e-05 3.209773e-08
8570 2.807808e-05 3.205261e-08
8571 2.807771e-05 3.200755e-08
8572 2.807735e-05 3.196256e-08
8573 2.807698e-05 3.191763e-08
8574 2.807662e-05 3.187276e-08
8575 2.807625e-05 3.182796e-08
8576 2.807589e-05 3.178322e-08
8577 2.807552e-05 3.173854e-08
8578 2.807516e-05 3.169393e-08
8579 2.807480e-05 3.164938e-08
8580 2.807443e-05 3.160489e-08
8581 2.807407e-05 3.156046e-08
8582 2.807371e-05 3.151610e-08
8583 2.807335e-05 3.147180e-08
8584 2.807299e-05 3.142756e-08
8585 2.807263e-05 3.138338e-08
8586 2.807227e-05 3.133926e-08
8587 2.807191e-05 3.129521e-08
8588 2.807156e-05 3.125122e-08
8589 2.807120e-05 3.120729e-08
8590 2.807084e-05 3.116342e-08
8591 2.807049e-05 3.111962e-08
8592 2.807013e-05 3.107587e-08
8593 2.806978e-05 3.103219e-08
8594 2.806942e-05 3.098857e-08
8595 2.806907e-05 3.094501e-08
8596 2.806871e-05 3.090151e-08
8597 2.806836e-05 3.085807e-08
8598 2.806801e-05 3.081469e-08
8599 2.806766e-05 3.077138e-08
8600 2.806731e-05 3.072812e-08
8601 2.806695e-05 3.068493e-08
8602 2.806660e-05 3.064180e-08
8603 2.806626e-05 3.059872e-08
8604 2.806591e-05 3.055571e-08
8605 2.806556e-05 3.051276e-08
8606 2.806521e-05 3.046987e-08
8607 2.806486e-05 3.042704e-08
8608 2.806452e-05 3.038427e-08
8609 2.806417e-05 3.034155e-08
8610 2.806382e-05 3.029890e-08
8611 2.806348e-05 3.025631e-08
8612 2.806313e-05 3.021378e-08
8613 2.806279e-05 3.017131e-08
8614 2.806244e-05 3.012890e-08
8615 2.806210e-05 3.008655e-08
8616 2.806176e-05 3.004426e-08
8617 2.806142e-05 3.000202e-08
8618 2.806107e-05 2.995985e-08
8619 2.806073e-05 2.991774e-08
8620 2.806039e-05 2.987568e-08
8621 2.806005e-05 2.983369e-08
8622 2.805971e-05 2.979175e-08
8623 2.805937e-05 2.974987e-08
8624 2.805904e-05 2.970805e-08
8625 2.805870e-05 2.966629e-08
8626 2.805836e-05 2.962459e-08
8627 2.805802e-05 2.958295e-08
8628 2.805769e-05 2.954136e-08
8629 2.805735e-05 2.949984e-08
8630 2.805702e-05 2.945837e-08
8631 2.805668e-05 2.941696e-08
8632 2.805635e-05 2.937561e-08
8633 2.805601e-05 2.933432e-08
8634 2.805568e-05 2.929308e-08
8635 2.805535e-05 2.925190e-08
8636 2.805501e-05 2.921079e-08
8637 2.805468e-05 2.916972e-08
8638 2.805435e-05 2.912872e-08
8639 2.805402e-05 2.908777e-08
8640 2.805369e-05 2.904689e-08
8641 2.805336e-05 2.900606e-08
8642 2.805303e-05 2.896528e-08
8643 2.805270e-05 2.892457e-08
8644 2.805237e-05 2.888391e-08
8645 2.805204e-05 2.884331e-08
8646 2.805172e-05 2.880276e-08
8647 2.805139e-05 2.876227e-08
8648 2.805106e-05 2.872184e-08
8649 2.805074e-05 2.868147e-08
8650 2.805041e-05 2.864115e-08
8651 2.805009e-05 2.860089e-08
8652 2.804976e-05 2.856069e-08
8653 2.804944e-05 2.852054e-08
8654 2.804912e-05 2.848045e-08
8655 2.804879e-05 2.844041e-08
8656 2.804847e-05 2.840044e-08
8657 2.804815e-05 2.836051e-08
8658 2.804783e-05 2.832065e-08
8659 2.804751e-05 2.828084e-08
8660 2.804719e-05 2.824108e-08
8661 2.804687e-05 2.820139e-08
8662 2.804655e-05 2.816174e-08
8663 2.804623e-05 2.812216e-08
8664 2.804591e-05 2.808263e-08
8665 2.804559e-05 2.804315e-08
8666 2.804527e-05 2.800373e-08
8667 2.804496e-05 2.796437e-08
8668 2.804464e-05 2.792506e-08
8669 2.804433e-05 2.788580e-08
8670 2.804401e-05 2.784661e-08
8671 2.804369e-05 2.780746e-08
8672 2.804338e-05 2.776837e-08
8673 2.804307e-05 2.772934e-08
8674 2.804275e-05 2.769036e-08
8675 2.804244e-05 2.765144e-08
8676 2.804213e-05 2.761257e-08
8677 2.804181e-05 2.757375e-08
8678 2.804150e-05 2.753499e-08
8679 2.804119e-05 2.749629e-08
8680 2.804088e-05 2.745764e-08
8681 2.804057e-05 2.741904e-08
8682 2.804026e-05 2.738050e-08
8683 2.803995e-05 2.734201e-08
8684 2.803964e-05 2.730357e-08
8685 2.803933e-05 2.726519e-08
8686 2.803903e-05 2.722687e-08
8687 2.803872e-05 2.718860e-08
8688 2.803841e-05 2.715038e-08
8689 2.803810e-05 2.711221e-08
8690 2.803780e-05 2.707410e-08
8691 2.803749e-05 2.703604e-08
8692 2.803719e-05 2.699804e-08
8693 2.803688e-05 2.696009e-08
8694 2.803658e-05 2.692219e-08
8695 2.803627e-05 2.688435e-08
8696 2.803597e-05 2.684656e-08
8697 2.803567e-05 2.680882e-08
8698 2.803537e-05 2.677113e-08
8699 2.803506e-05 2.673350e-08
8700 2.803476e-05 2.669592e-08
8701 2.803446e-05 2.665840e-08
8702 2.803416e-05 2.662092e-08
8703 2.803386e-05 2.658350e-08
8704 2.803356e-05 2.654613e-08
8705 2.803326e-05 2.650882e-08
8706 2.803296e-05 2.647156e-08
8707 2.803267e-05 2.643434e-08
8708 2.803237e-05 2.639719e-08
8709 2.803207e-05 2.636008e-08
8710 2.803177e-05 2.632303e-08
8711 2.803148e-05 2.628602e-08
8712 2.803118e-05 2.624907e-08
8713 2.803088e-05 2.621218e-08
8714 2.803059e-05 2.617533e-08
8715 2.803029e-05 2.613854e-08
8716 2.803000e-05 2.610179e-08
8717 2.802971e-05 2.606510e-08
8718 2.802941e-05 2.602846e-08
8719 2.802912e-05 2.599188e-08
8720 2.802883e-05 2.595534e-08
8721 2.802854e-05 2.591885e-08
8722 2.802824e-05 2.588242e-08
8723 2.802795e-05 2.584604e-08
8724 2.802766e-05 2.580971e-08
8725 2.802737e-05 2.577343e-08
8726 2.802708e-05 2.573720e-08
8727 2.802679e-05 2.570102e-08
8728 2.802650e-05 2.566489e-08
8729 2.802622e-05 2.562881e-08
8730 2.802593e-05 2.559279e-08
8731 2.802564e-05 2.555681e-08
8732 2.802535e-05 2.552089e-08
8733 2.802507e-05 2.548501e-08
8734 2.802478e-05 2.544919e-08
8735 2.802449e-05 2.541342e-08
8736 2.802421e-05 2.537769e-08
8737 2.802392e-05 2.534202e-08
8738 2.802364e-05 2.530640e-08
8739 2.802335e-05 2.527082e-08
8740 2.802307e-05 2.523530e-08
8741 2.802279e-05 2.519983e-08
8742 2.802250e-05 2.516440e-08
8743 2.802222e-05 2.512903e-08
8744 2.802194e-05 2.509371e-08
8745 2.802166e-05 2.505843e-08
8746 2.802138e-05 2.502321e-08
8747 2.802110e-05 2.498804e-08
8748 2.802082e-05 2.495291e-08
8749 2.802054e-05 2.491783e-08
8750 2.802026e-05 2.488281e-08
8751 2.801998e-05 2.484783e-08
8752 2.801970e-05 2.481290e-08
8753 2.801942e-05 2.477802e-08
8754 2.801914e-05 2.474319e-08
8755 2.801887e-05 2.470841e-08
8756 2.801859e-05 2.467368e-08
8757 2.801831e-05 2.463900e-08
8758 2.801804e-05 2.460436e-08
8759 2.801776e-05 2.456977e-08
8760 2.801749e-05 2.453524e-08
8761 2.801721e-05 2.450075e-08
8762 2.801694e-05 2.446631e-08
8763 2.801666e-05 2.443192e-08
8764 2.801639e-05 2.439757e-08
8765 2.801612e-05 2.436328e-08
8766 2.801584e-05 2.432903e-08
8767 2.801557e-05 2.429483e-08
8768 2.801530e-05 2.426068e-08
8769 2.801503e-05 2.422658e-08
8770 2.801476e-05 2.419252e-08
8771 2.801449e-05 2.415852e-08
8772 2.801421e-05 2.412456e-08
8773 2.801394e-05 2.409064e-08
8774 2.801368e-05 2.405678e-08
8775 2.801341e-05 2.402296e-08
8776 2.801314e-05 2.398920e-08
8777 2.801287e-05 2.395547e-08
8778 2.801260e-05 2.392180e-08
8779 2.801233e-05 2.388817e-08
8780 2.801207e-05 2.385459e-08
8781 2.801180e-05 2.382106e-08
8782 2.801153e-05 2.378758e-08
8783 2.801127e-05 2.375414e-08
8784 2.801100e-05 2.372075e-08
8785 2.801074e-05 2.368741e-08
8786 2.801047e-05 2.365411e-08
8787 2.801021e-05 2.362086e-08
8788 2.800994e-05 2.358765e-08
8789 2.800968e-05 2.355450e-08
8790 2.800942e-05 2.352139e-08
8791 2.800916e-05 2.348832e-08
8792 2.800889e-05 2.345531e-08
8793 2.800863e-05 2.342234e-08
8794 2.800837e-05 2.338941e-08
8795 2.800811e-05 2.335653e-08
8796 2.800785e-05 2.332370e-08
8797 2.800759e-05 2.329092e-08
8798 2.800733e-05 2.325818e-08
8799 2.800707e-05 2.322548e-08
8800 2.800681e-05 2.319283e-08
8801 2.800655e-05 2.316023e-08
8802 2.800629e-05 2.312768e-08
8803 2.800603e-05 2.309517e-08
8804 2.800578e-05 2.306270e-08
8805 2.800552e-05 2.303028e-08
8806 2.800526e-05 2.299791e-08
8807 2.800501e-05 2.296558e-08
8808 2.800475e-05 2.293330e-08
8809 2.800449e-05 2.290106e-08
8810 2.800424e-05 2.286887e-08
8811 2.800398e-05 2.283672e-08
8812 2.800373e-05 2.280462e-08
8813 2.800348e-05 2.277257e-08
8814 2.800322e-05 2.274056e-08
8815 2.800297e-05 2.270859e-08
8816 2.800271e-05 2.267667e-08
8817 2.800246e-05 2.264479e-08
8818 2.800221e-05 2.261296e-08
8819 2.800196e-05 2.258117e-08
8820 2.800171e-05 2.254943e-08
8821 2.800146e-05 2.251773e-08
8822 2.800121e-05 2.248608e-08
8823 2.800095e-05 2.245447e-08
8824 2.800070e-05 2.242291e-08
8825 2.800046e-05 2.239139e-08
8826 2.800021e-05 2.235991e-08
8827 2.799996e-05 2.232848e-08
8828 2.799971e-05 2.229710e-08
8829 2.799946e-05 2.226575e-08
8830 2.799921e-05 2.223446e-08
8831 2.799897e-05 2.220320e-08
8832 2.799872e-05 2.217199e-08
8833 2.799847e-05 2.214082e-08
8834 2.799823e-05 2.210970e-08
8835 2.799798e-05 2.207862e-08
8836 2.799773e-05 2.204759e-08
8837 2.799749e-05 2.201659e-08
8838 2.799724e-05 2.198564e-08
8839 2.799700e-05 2.195474e-08
8840 2.799676e-05 2.192388e-08
8841 2.799651e-05 2.189306e-08
8842 2.799627e-05 2.186229e-08
8843 2.799603e-05 2.183155e-08
8844 2.799578e-05 2.180087e-08
8845 2.799554e-05 2.177022e-08
8846 2.799530e-05 2.173962e-08
8847 2.799506e-05 2.170906e-08
8848 2.799482e-05 2.167854e-08
8849 2.799458e-05 2.164807e-08
8850 2.799434e-05 2.161764e-08
8851 2.799410e-05 2.158725e-08
8852 2.799386e-05 2.155691e-08
8853 2.799362e-05 2.152661e-08
8854 2.799338e-05 2.149635e-08
8855 2.799314e-05 2.146613e-08
8856 2.799290e-05 2.143595e-08
8857 2.799266e-05 2.140582e-08
8858 2.799243e-05 2.137573e-08
8859 2.799219e-05 2.134568e-08
8860 2.799195e-05 2.131568e-08
8861 2.799172e-05 2.128572e-08
8862 2.799148e-05 2.125579e-08
8863 2.799124e-05 2.122592e-08
8864 2.799101e-05 2.119608e-08
8865 2.799077e-05 2.116628e-08
8866 2.799054e-05 2.113653e-08
8867 2.799030e-05 2.110682e-08
8868 2.799007e-05 2.107715e-08
8869 2.798984e-05 2.104752e-08
8870 2.798960e-05 2.101794e-08
8871 2.798937e-05 2.098839e-08
8872 2.798914e-05 2.095889e-08
8873 2.798891e-05 2.092943e-08
8874 2.798867e-05 2.090001e-08
8875 2.798844e-05 2.087063e-08
8876 2.798821e-05 2.084129e-08
8877 2.798798e-05 2.081199e-08
8878 2.798775e-05 2.078274e-08
8879 2.798752e-05 2.075352e-08
8880 2.798729e-05 2.072435e-08
8881 2.798706e-05 2.069522e-08
8882 2.798683e-05 2.066613e-08
8883 2.798660e-05 2.063708e-08
8884 2.798637e-05 2.060807e-08
8885 2.798615e-05 2.057910e-08
8886 2.798592e-05 2.055017e-08
8887 2.798569e-05 2.052129e-08
8888 2.798546e-05 2.049244e-08
8889 2.798524e-05 2.046363e-08
8890 2.798501e-05 2.043487e-08
8891 2.798478e-05 2.040614e-08
8892 2.798456e-05 2.037746e-08
8893 2.798433e-05 2.034881e-08
8894 2.798411e-05 2.032021e-08
8895 2.798388e-05 2.029165e-08
8896 2.798366e-05 2.026312e-08
8897 2.798343e-05 2.023464e-08
8898 2.798321e-05 2.020620e-08
8899 2.798299e-05 2.017779e-08
8900 2.798276e-05 2.014943e-08
8901 2.798254e-05 2.012110e-08
8902 2.798232e-05 2.009282e-08
8903 2.798210e-05 2.006458e-08
8904 2.798188e-05 2.003637e-08
8905 2.798165e-05 2.000821e-08
8906 2.798143e-05 1.998008e-08
8907 2.798121e-05 1.995200e-08
8908 2.798099e-05 1.992395e-08
8909 2.798077e-05 1.989594e-08
8910 2.798055e-05 1.986798e-08
8911 2.798033e-05 1.984005e-08
8912 2.798011e-05 1.981216e-08
8913 2.797989e-05 1.978431e-08
8914 2.797968e-05 1.975650e-08
8915 2.797946e-05 1.972873e-08
8916 2.797924e-05 1.970099e-08
8917 2.797902e-05 1.967330e-08
8918 2.797881e-05 1.964565e-08
8919 2.797859e-05 1.961803e-08
8920 2.797837e-05 1.959045e-08
8921 2.797816e-05 1.956292e-08
8922 2.797794e-05 1.953542e-08
8923 2.797773e-05 1.950796e-08
8924 2.797751e-05 1.948053e-08
8925 2.797730e-05 1.945315e-08
8926 2.797708e-05 1.942581e-08
8927 2.797687e-05 1.939850e-08
8928 2.797665e-05 1.937123e-08
8929 2.797644e-05 1.934400e-08
8930 2.797623e-05 1.931681e-08
8931 2.797601e-05 1.928966e-08
8932 2.797580e-05 1.926254e-08
8933 2.797559e-05 1.923546e-08
8934 2.797538e-05 1.920842e-08
8935 2.797516e-05 1.918142e-08
8936 2.797495e-05 1.915446e-08
8937 2.797474e-05 1.912754e-08
8938 2.797453e-05 1.910065e-08
8939 2.797432e-05 1.907380e-08
8940 2.797411e-05 1.904699e-08
8941 2.797390e-05 1.902021e-08
8942 2.797369e-05 1.899348e-08
8943 2.797348e-05 1.896678e-08
8944 2.797327e-05 1.894012e-08
8945 2.797306e-05 1.891349e-08
8946 2.797286e-05 1.888691e-08
8947 2.797265e-05 1.886036e-08
8948 2.797244e-05 1.883385e-08
8949 2.797223e-05 1.880737e-08
8950 2.797203e-05 1.878093e-08
8951 2.797182e-05 1.875453e-08
8952 2.797161e-05 1.872817e-08
8953 2.797141e-05 1.870184e-08
8954 2.797120e-05 1.867556e-08
8955 2.797100e-05 1.864930e-08
8956 2.797079e-05 1.862309e-08
8957 2.797059e-05 1.859691e-08
8958 2.797038e-05 1.857077e-08
8959 2.797018e-05 1.854466e-08
8960 2.796997e-05 1.851860e-08
8961 2.796977e-05 1.849256e-08
8962 2.796957e-05 1.846657e-08
8963 2.796936e-05 1.844061e-08
8964 2.796916e-05 1.841469e-08
8965 2.796896e-05 1.838881e-08
8966 2.796876e-05 1.836296e-08
8967 2.796855e-05 1.833714e-08
8968 2.796835e-05 1.831137e-08
8969 2.796815e-05 1.828563e-08
8970 2.796795e-05 1.825992e-08
8971 2.796775e-05 1.823426e-08
8972 2.796755e-05 1.820862e-08
8973 2.796735e-05 1.818303e-08
8974 2.796715e-05 1.815747e-08
8975 2.796695e-05 1.813195e-08
8976 2.796675e-05 1.810646e-08
8977 2.796655e-05 1.808101e-08
8978 2.796635e-05 1.805559e-08
8979 2.796615e-05 1.803021e-08
8980 2.796596e-05 1.800486e-08
8981 2.796576e-05 1.797955e-08
8982 2.796556e-05 1.795428e-08
8983 2.796536e-05 1.792904e-08
8984 2.796517e-05 1.790384e-08
8985 2.796497e-05 1.787867e-08
8986 2.796477e-05 1.785354e-08
8987 2.796458e-05 1.782844e-08
8988 2.796438e-05 1.780338e-08
8989 2.796419e-05 1.777836e-08
8990 2.796399e-05 1.775337e-08
8991 2.796380e-05 1.772841e-08
8992 2.796360e-05 1.770349e-08
8993 2.796341e-05 1.767861e-08
8994 2.796322e-05 1.765375e-08
8995 2.796302e-05 1.762894e-08
8996 2.796283e-05 1.760416e-08
8997 2.796264e-05 1.757941e-08
8998 2.796244e-05 1.755470e-08
8999 2.796225e-05 1.753002e-08
9000 2.796206e-05 1.750538e-08
9001 2.796187e-05 1.748078e-08
9002 2.796167e-05 1.745620e-08
9003 2.796148e-05 1.743167e-08
9004 2.796129e-05 1.740716e-08
9005 2.796110e-05 1.738269e-08
9006 2.796091e-05 1.735826e-08
9007 2.796072e-05 1.733386e-08
9008 2.796053e-05 1.730949e-08
9009 2.796034e-05 1.728516e-08
9010 2.796015e-05 1.726086e-08
9011 2.795996e-05 1.723660e-08
9012 2.795977e-05 1.721237e-08
9013 2.795959e-05 1.718818e-08
9014 2.795940e-05 1.716401e-08
9015 2.795921e-05 1.713989e-08
9016 2.795902e-05 1.711579e-08
9017 2.795883e-05 1.709173e-08
9018 2.795865e-05 1.706771e-08
9019 2.795846e-05 1.704372e-08
9020 2.795827e-05 1.701976e-08
9021 2.795809e-05 1.699583e-08
9022 2.795790e-05 1.697194e-08
9023 2.795772e-05 1.694809e-08
9024 2.795753e-05 1.692426e-08
9025 2.795734e-05 1.690047e-08
9026 2.795716e-05 1.687672e-08
9027 2.795697e-05 1.685299e-08
9028 2.795679e-05 1.682930e-08
9029 2.795661e-05 1.680565e-08
9030 2.795642e-05 1.678202e-08
9031 2.795624e-05 1.675843e-08
9032 2.795606e-05 1.673487e-08
9033 2.795587e-05 1.671135e-08
9034 2.795569e-05 1.668786e-08
9035 2.795551e-05 1.666440e-08
9036 2.795533e-05 1.664098e-08
9037 2.795514e-05 1.661759e-08
9038 2.795496e-05 1.659423e-08
9039 2.795478e-05 1.657090e-08
9040 2.795460e-05 1.654761e-08
9041 2.795442e-05 1.652435e-08
9042 2.795424e-05 1.650112e-08
9043 2.795406e-05 1.647792e-08
9044 2.795388e-05 1.645476e-08
9045 2.795370e-05 1.643163e-08
9046 2.795352e-05 1.640853e-08
9047 2.795334e-05 1.638547e-08
9048 2.795316e-05 1.636243e-08
9049 2.795298e-05 1.633943e-08
9050 2.795280e-05 1.631646e-08
9051 2.795262e-05 1.629353e-08
9052 2.795245e-05 1.627063e-08
9053 2.795227e-05 1.624775e-08
9054 2.795209e-05 1.622491e-08
9055 2.795191e-05 1.620211e-08
9056 2.795174e-05 1.617933e-08
9057 2.795156e-05 1.615659e-08
9058 2.795138e-05 1.613388e-08
9059 2.795121e-05 1.611120e-08
9060 2.795103e-05 1.608855e-08
9061 2.795086e-05 1.606594e-08
9062 2.795068e-05 1.604335e-08
9063 2.795051e-05 1.602080e-08
9064 2.795033e-05 1.599828e-08
9065 2.795016e-05 1.597579e-08
9066 2.794998e-05 1.595334e-08
9067 2.794981e-05 1.593091e-08
9068 2.794963e-05 1.590852e-08
9069 2.794946e-05 1.588615e-08
9070 2.794929e-05 1.586382e-08
9071 2.794911e-05 1.584152e-08
9072 2.794894e-05 1.581926e-08
9073 2.794877e-05 1.579702e-08
9074 2.794860e-05 1.577481e-08
9075 2.794843e-05 1.575264e-08
9076 2.794825e-05 1.573049e-08
9077 2.794808e-05 1.570838e-08
9078 2.794791e-05 1.568630e-08
9079 2.794774e-05 1.566425e-08
9080 2.794757e-05 1.564223e-08
9081 2.794740e-05 1.562024e-08
9082 2.794723e-05 1.559829e-08
9083 2.794706e-05 1.557636e-08
9084 2.794689e-05 1.555447e-08
9085 2.794672e-05 1.553260e-08
9086 2.794655e-05 1.551077e-08
9087 2.794638e-05 1.548896e-08
9088 2.794621e-05 1.546719e-08
9089 2.794604e-05 1.544545e-08
9090 2.794588e-05 1.542374e-08
9091 2.794571e-05 1.540206e-08
9092 2.794554e-05 1.538041e-08
9093 2.794537e-05 1.535879e-08
9094 2.794520e-05 1.533720e-08
9095 2.794504e-05 1.531564e-08
9096 2.794487e-05 1.529411e-08
9097 2.794470e-05 1.527261e-08
9098 2.794454e-05 1.525114e-08
9099 2.794437e-05 1.522970e-08
9100 2.794421e-05 1.520829e-08
9101 2.794404e-05 1.518692e-08
9102 2.794388e-05 1.516557e-08
9103 2.794371e-05 1.514425e-08
9104 2.794355e-05 1.512296e-08
9105 2.794338e-05 1.510170e-08
9106 2.794322e-05 1.508048e-08
9107 2.794305e-05 1.505928e-08
9108 2.794289e-05 1.503811e-08
9109 2.794273e-05 1.501697e-08
9110 2.794256e-05 1.499586e-08
9111 2.794240e-05 1.497478e-08
9112 2.794224e-05 1.495373e-08
9113 2.794207e-05 1.493271e-08
9114 2.794191e-05 1.491172e-08
9115 2.794175e-05 1.489076e-08
9116 2.794159e-05 1.486983e-08
9117 2.794143e-05 1.484893e-08
9118 2.794126e-05 1.482805e-08
9119 2.794110e-05 1.480721e-08
9120 2.794094e-05 1.478639e-08
9121 2.794078e-05 1.476561e-08
9122 2.794062e-05 1.474485e-08
9123 2.794046e-05 1.472413e-08
9124 2.794030e-05 1.470343e-08
9125 2.794014e-05 1.468276e-08
9126 2.793998e-05 1.466212e-08
9127 2.793982e-05 1.464151e-08
9128 2.793966e-05 1.462093e-08
9129 2.793950e-05 1.460038e-08
9130 2.793935e-05 1.457985e-08
9131 2.793919e-05 1.455936e-08
9132 2.793903e-05 1.453889e-08
9133 2.793887e-05 1.451846e-08
9134 2.793871e-05 1.449805e-08
9135 2.793856e-05 1.447767e-08
9136 2.793840e-05 1.445732e-08
9137 2.793824e-05 1.443700e-08
9138 2.793808e-05 1.441670e-08
9139 2.793793e-05 1.439644e-08
9140 2.793777e-05 1.437620e-08
9141 2.793762e-05 1.435599e-08
9142 2.793746e-05 1.433581e-08
9143 2.793730e-05 1.431566e-08
9144 2.793715e-05 1.429554e-08
9145 2.793699e-05 1.427544e-08
9146 2.793684e-05 1.425537e-08
9147 2.793668e-05 1.423534e-08
9148 2.793653e-05 1.421532e-08
9149 2.793638e-05 1.419534e-08
9150 2.793622e-05 1.417539e-08
9151 2.793607e-05 1.415546e-08
9152 2.793591e-05 1.413556e-08
9153 2.793576e-05 1.411569e-08
9154 2.793561e-05 1.409585e-08
9155 2.793545e-05 1.407604e-08
9156 2.793530e-05 1.405625e-08
9157 2.793515e-05 1.403649e-08
9158 2.793500e-05 1.401676e-08
9159 2.793485e-05 1.399706e-08
9160 2.793469e-05 1.397738e-08
9161 2.793454e-05 1.395773e-08
9162 2.793439e-05 1.393811e-08
9163 2.793424e-05 1.391852e-08
9164 2.793409e-05 1.389896e-08
9165 2.793394e-05 1.387942e-08
9166 2.793379e-05 1.385991e-08
9167 2.793364e-05 1.384043e-08
9168 2.793349e-05 1.382097e-08
9169 2.793334e-05 1.380154e-08
9170 2.793319e-05 1.378214e-08
9171 2.793304e-05 1.376277e-08
9172 2.793289e-05 1.374342e-08
9173 2.793274e-05 1.372410e-08
9174 2.793259e-05 1.370481e-08
9175 2.793244e-05 1.368555e-08
9176 2.793230e-05 1.366631e-08
9177 2.793215e-05 1.364710e-08
9178 2.793200e-05 1.362792e-08
9179 2.793185e-05 1.360876e-08
9180 2.793170e-05 1.358963e-08
9181 2.793156e-05 1.357053e-08
9182 2.793141e-05 1.355145e-08
9183 2.793126e-05 1.353240e-08
9184 2.793112e-05 1.351338e-08
9185 2.793097e-05 1.349438e-08
9186 2.793083e-05 1.347542e-08
9187 2.793068e-05 1.345647e-08
9188 2.793053e-05 1.343756e-08
9189 2.793039e-05 1.341867e-08
9190 2.793024e-05 1.339981e-08
9191 2.793010e-05 1.338097e-08
9192 2.792995e-05 1.336216e-08
9193 2.792981e-05 1.334338e-08
9194 2.792966e-05 1.332462e-08
9195 2.792952e-05 1.330589e-08
9196 2.792938e-05 1.328719e-08
9197 2.792923e-05 1.326851e-08
9198 2.792909e-05 1.324986e-08
9199 2.792895e-05 1.323123e-08
9200 2.792880e-05 1.321263e-08
9201 2.792866e-05 1.319406e-08
9202 2.792852e-05 1.317551e-08
9203 2.792837e-05 1.315699e-08
9204 2.792823e-05 1.313850e-08
9205 2.792809e-05 1.312003e-08
9206 2.792795e-05 1.310159e-08
9207 2.792781e-05 1.308317e-08
9208 2.792766e-05 1.306478e-08
9209 2.792752e-05 1.304642e-08
9210 2.792738e-05 1.302808e-08
9211 2.792724e-05 1.300976e-08
9212 2.792710e-05 1.299148e-08
9213 2.792696e-05 1.297321e-08
9214 2.792682e-05 1.295498e-08
9215 2.792668e-05 1.293677e-08
9216 2.792654e-05 1.291858e-08
9217 2.792640e-05 1.290042e-08
9218 2.792626e-05 1.288229e-08
9219 2.792612e-05 1.286418e-08
9220 2.792598e-05 1.284610e-08
9221 2.792584e-05 1.282804e-08
9222 2.792571e-05 1.281001e-08
9223 2.792557e-05 1.279200e-08
9224 2.792543e-05 1.277402e-08
9225 2.792529e-05 1.275606e-08
9226 2.792515e-05 1.273813e-08
9227 2.792502e-05 1.272023e-08
9228 2.792488e-05 1.270235e-08
9229 2.792474e-05 1.268449e-08
9230 2.792460e-05 1.266666e-08
9231 2.792447e-05 1.264885e-08
9232 2.792433e-05 1.263107e-08
9233 2.792420e-05 1.261332e-08
9234 2.792406e-05 1.259559e-08
9235 2.792392e-05 1.257788e-08
9236 2.792379e-05 1.256020e-08
9237 2.792365e-05 1.254255e-08
9238 2.792352e-05 1.252492e-08
9239 2.792338e-05 1.250731e-08
9240 2.792325e-05 1.248973e-08
9241 2.792311e-05 1.247217e-08
9242 2.792298e-05 1.245464e-08
9243 2.792284e-05 1.243713e-08
9244 2.792271e-05 1.241965e-08
9245 2.792257e-05 1.240219e-08
9246 2.792244e-05 1.238476e-08
9247 2.792231e-05 1.236735e-08
9248 2.792217e-05 1.234996e-08
9249 2.792204e-05 1.233260e-08
9250 2.792191e-05 1.231527e-08
9251 2.792177e-05 1.229796e-08
9252 2.792164e-05 1.228067e-08
9253 2.792151e-05 1.226341e-08
9254 2.792138e-05 1.224617e-08
9255 2.792125e-05 1.222895e-08
9256 2.792111e-05 1.221176e-08
9257 2.792098e-05 1.219460e-08
9258 2.792085e-05 1.217746e-08
9259 2.792072e-05 1.216034e-08
9260 2.792059e-05 1.214324e-08
9261 2.792046e-05 1.212618e-08
9262 2.792033e-05 1.210913e-08
9263 2.792020e-05 1.209211e-08
9264 2.792007e-05 1.207511e-08
9265 2.791994e-05 1.205814e-08
9266 2.791981e-05 1.204119e-08
9267 2.791968e-05 1.202426e-08
9268 2.791955e-05 1.200736e-08
9269 2.791942e-05 1.199048e-08
9270 2.791929e-05 1.197362e-08
9271 2.791916e-05 1.195679e-08
9272 2.791903e-05 1.193999e-08
9273 2.791890e-05 1.192320e-08
9274 2.791877e-05 1.190644e-08
9275 2.791864e-05 1.188971e-08
9276 2.791852e-05 1.187299e-08
9277 2.791839e-05 1.185630e-08
9278 2.791826e-05 1.183964e-08
9279 2.791813e-05 1.182299e-08
9280 2.791801e-05 1.180637e-08
9281 2.791788e-05 1.178978e-08
9282 2.791775e-05 1.177321e-08
9283 2.791763e-05 1.175666e-08
9284 2.791750e-05 1.174013e-08
9285 2.791737e-05 1.172363e-08
9286 2.791725e-05 1.170715e-08
9287 2.791712e-05 1.169069e-08
9288 2.791699e-05 1.167426e-08
9289 2.791687e-05 1.165785e-08
9290 2.791674e-05 1.164146e-08
9291 2.791662e-05 1.162510e-08
9292 2.791649e-05 1.160875e-08
9293 2.791637e-05 1.159244e-08
9294 2.791624e-05 1.157614e-08
9295 2.791612e-05 1.155987e-08
9296 2.791599e-05 1.154362e-08
9297 2.791587e-05 1.152739e-08
9298 2.791575e-05 1.151119e-08
9299 2.791562e-05 1.149501e-08
9300 2.791550e-05 1.147885e-08
9301 2.791537e-05 1.146271e-08
9302 2.791525e-05 1.144660e-08
9303 2.791513e-05 1.143051e-08
9304 2.791501e-05 1.141444e-08
9305 2.791488e-05 1.139840e-08
9306 2.791476e-05 1.138237e-08
9307 2.791464e-05 1.136637e-08
9308 2.791452e-05 1.135040e-08
9309 2.791439e-05 1.133444e-08
9310 2.791427e-05 1.131851e-08
9311 2.791415e-05 1.130260e-08
9312 2.791403e-05 1.128671e-08
9313 2.791391e-05 1.127084e-08
9314 2.791379e-05 1.125500e-08
9315 2.791366e-05 1.123918e-08
9316 2.791354e-05 1.122338e-08
9317 2.791342e-05 1.120761e-08
9318 2.791330e-05 1.119185e-08
9319 2.791318e-05 1.117612e-08
9320 2.791306e-05 1.116041e-08
9321 2.791294e-05 1.114472e-08
9322 2.791282e-05 1.112905e-08
9323 2.791270e-05 1.111341e-08
9324 2.791258e-05 1.109779e-08
9325 2.791246e-05 1.108219e-08
9326 2.791235e-05 1.106661e-08
9327 2.791223e-05 1.105105e-08
9328 2.791211e-05 1.103552e-08
9329 2.791199e-05 1.102001e-08
9330 2.791187e-05 1.100452e-08
9331 2.791175e-05 1.098905e-08
9332 2.791164e-05 1.097360e-08
9333 2.791152e-05 1.095818e-08
9334 2.791140e-05 1.094277e-08
9335 2.791128e-05 1.092739e-08
9336 2.791116e-05 1.091203e-08
9337 2.791105e-05 1.089669e-08
9338 2.791093e-05 1.088137e-08
9339 2.791081e-05 1.086608e-08
9340 2.791070e-05 1.085080e-08
9341 2.791058e-05 1.083555e-08
9342 2.791046e-05 1.082032e-08
9343 2.791035e-05 1.080511e-08
9344 2.791023e-05 1.078992e-08
9345 2.791012e-05 1.077475e-08
9346 2.791000e-05 1.075961e-08
9347 2.790989e-05 1.074448e-08
9348 2.790977e-05 1.072938e-08
9349 2.790965e-05 1.071430e-08
9350 2.790954e-05 1.069924e-08
9351 2.790943e-05 1.068420e-08
9352 2.790931e-05 1.066918e-08
9353 2.790920e-05 1.065418e-08
9354 2.790908e-05 1.063920e-08
9355 2.790897e-05 1.062425e-08
9356 2.790885e-05 1.060931e-08
9357 2.790874e-05 1.059440e-08
9358 2.790863e-05 1.057951e-08
9359 2.790851e-05 1.056464e-08
9360 2.790840e-05 1.054979e-08
9361 2.790829e-05 1.053496e-08
9362 2.790817e-05 1.052015e-08
9363 2.790806e-05 1.050536e-08
9364 2.790795e-05 1.049059e-08
9365 2.790784e-05 1.047585e-08
9366 2.790772e-05 1.046112e-08
9367 2.790761e-05 1.044642e-08
9368 2.790750e-05 1.043173e-08
9369 2.790739e-05 1.041707e-08
9370 2.790728e-05 1.040242e-08
9371 2.790716e-05 1.038780e-08
9372 2.790705e-05 1.037320e-08
9373 2.790694e-05 1.035862e-08
9374 2.790683e-05 1.034406e-08
9375 2.790672e-05 1.032952e-08
9376 2.790661e-05 1.031500e-08
9377 2.790650e-05 1.030050e-08
9378 2.790639e-05 1.028602e-08
9379 2.790628e-05 1.027156e-08
9380 2.790617e-05 1.025712e-08
9381 2.790606e-05 1.024270e-08
9382 2.790595e-05 1.022830e-08
9383 2.790584e-05 1.021393e-08
9384 2.790573e-05 1.019957e-08
9385 2.790562e-05 1.018523e-08
9386 2.790551e-05 1.017091e-08
9387 2.790540e-05 1.015662e-08
9388 2.790529e-05 1.014234e-08
9389 2.790518e-05 1.012808e-08
9390 2.790508e-05 1.011385e-08
9391 2.790497e-05 1.009963e-08
9392 2.790486e-05 1.008543e-08
9393 2.790475e-05 1.007125e-08
9394 2.790464e-05 1.005710e-08
9395 2.790454e-05 1.004296e-08
9396 2.790443e-05 1.002884e-08
9397 2.790432e-05 1.001475e-08
9398 2.790421e-05 1.000067e-08
9399 2.790411e-05 9.986611e-09
