# step err_l2 res_l2
0 2.463645e-01 1.000000e+00
1 2.384402e-01 1.457361e+00
2 2.312428e-01 1.094996e+00
3 2.253011e-01 7.021942e-01
4 2.209130e-01 5.933840e-01
5 2.171907e-01 4.226433e-01
6 2.139619e-01 2.832432e-01
7 2.111977e-01 2.332984e-01
8 2.086410e-01 1.754721e-01
9 2.062887e-01 1.334009e-01
10 2.041256e-01 1.158928e-01
11 2.020771e-01 9.910695e-02
12 2.001426e-01 8.704321e-02
13 1.983130e-01 8.035300e-02
14 1.965630e-01 7.447056e-02
15 1.948887e-01 6.958708e-02
16 1.932842e-01 6.589874e-02
17 1.917391e-01 6.263443e-02
18 1.902493e-01 5.967978e-02
19 1.888107e-01 5.712240e-02
20 1.874182e-01 5.480953e-02
21 1.860686e-01 5.267294e-02
22 1.847588e-01 5.073561e-02
23 1.834859e-01 4.895452e-02
24 1.822475e-01 4.729765e-02
25 1.810414e-01 4.576545e-02
26 1.798656e-01 4.434037e-02
27 1.787183e-01 4.300663e-02
28 1.775980e-01 4.175945e-02
29 1.765030e-01 4.058951e-02
30 1.754321e-01 3.948806e-02
31 1.743841e-01 3.845024e-02
32 1.733579e-01 3.747023e-02
33 1.723523e-01 3.654265e-02
34 1.713664e-01 3.566358e-02
35 1.703994e-01 3.482907e-02
36 1.694504e-01 3.403552e-02
37 1.685187e-01 3.327995e-02
38 1.676035e-01 3.255955e-02
39 1.667042e-01 3.187176e-02
40 1.658202e-01 3.121433e-02
41 1.649508e-01 3.058521e-02
42 1.640955e-01 2.998249e-02
43 1.632539e-01 2.940448e-02
44 1.624254e-01 2.884961e-02
45 1.616095e-01 2.831645e-02
46 1.608059e-01 2.780369e-02
47 1.600141e-01 2.731012e-02
48 1.592337e-01 2.683462e-02
49 1.584645e-01 2.637618e-02
50 1.577059e-01 2.593385e-02
51 1.569578e-01 2.550675e-02
52 1.562197e-01 2.509407e-02
53 1.554914e-01 2.469505e-02
54 1.547727e-01 2.430899e-02
55 1.540631e-01 2.393525e-02
56 1.533626e-01 2.357320e-02
57 1.526707e-01 2.322229e-02
58 1.519874e-01 2.288198e-02
59 1.513123e-01 2.255177e-02
60 1.506453e-01 2.223120e-02
61 1.499861e-01 2.191983e-02
62 1.493346e-01 2.161726e-02
63 1.486905e-01 2.132308e-02
64 1.480536e-01 2.103695e-02
65 1.474239e-01 2.075852e-02
66 1.468011e-01 2.048747e-02
67 1.461851e-01 2.022350e-02
68 1.455757e-01 1.996631e-02
69 1.449727e-01 1.971563e-02
70 1.443760e-01 1.947122e-02
71 1.437855e-01 1.923282e-02
72 1.432010e-01 1.900020e-02
73 1.426225e-01 1.877316e-02
74 1.420497e-01 1.855147e-02
75 1.414826e-01 1.833494e-02
76 1.409210e-01 1.812339e-02
77 1.403648e-01 1.791664e-02
78 1.398140e-01 1.771452e-02
79 1.392683e-01 1.751686e-02
80 1.387278e-01 1.732352e-02
81 1.381922e-01 1.713434e-02
82 1.376616e-01 1.694919e-02
83 1.371358e-01 1.676793e-02
84 1.366147e-01 1.659044e-02
85 1.360982e-01 1.641660e-02
86 1.355863e-01 1.624628e-02
87 1.350788e-01 1.607937e-02
88 1.345757e-01 1.591578e-02
89 1.340770e-01 1.575539e-02
90 1.335824e-01 1.559812e-02
91 1.330920e-01 1.544386e-02
92 1.326057e-01 1.529252e-02
93 1.321234e-01 1.514402e-02
94 1.316450e-01 1.499828e-02
95 1.311705e-01 1.485522e-02
96 1.306999e-01 1.471476e-02
97 1.302329e-01 1.457682e-02
98 1.297697e-01 1.444134e-02
99 1.293101e-01 1.430825e-02
100 1.288540e-01 1.417748e-02
101 1.284014e-01 1.404897e-02
102 1.279523e-01 1.392266e-02
103 1.275066e-01 1.379850e-02
104 1.270643e-01 1.367641e-02
105 1.266252e-01 1.355636e-02
106 1.261894e-01 1.343828e-02
107 1.257568e-01 1.332213e-02
108 1.253273e-01 1.320786e-02
109 1.249009e-01 1.309543e-02
110 1.244776e-01 1.298477e-02
111 1.240572e-01 1.287586e-02
112 1.236399e-01 1.276866e-02
113 1.232254e-01 1.266311e-02
114 1.228139e-01 1.255918e-02
115 1.224051e-01 1.245683e-02
116 1.219992e-01 1.235602e-02
117 1.215960e-01 1.225673e-02
118 1.211956e-01 1.215890e-02
119 1.207978e-01 1.206252e-02
120 1.204027e-01 1.196755e-02
121 1.200101e-01 1.187395e-02
122 1.196202e-01 1.178170e-02
123 1.192328e-01 1.169076e-02
124 1.188478e-01 1.160111e-02
125 1.184654e-01 1.151273e-02
126 1.180854e-01 1.142557e-02
127 1.177078e-01 1.133962e-02
128 1.173326e-01 1.125486e-02
129 1.169597e-01 1.117125e-02
130 1.165891e-01 1.108877e-02
131 1.162208e-01 1.100740e-02
132 1.158548e-01 1.092713e-02
133 1.154910e-01 1.084791e-02
134 1.151293e-01 1.076974e-02
135 1.147699e-01 1.069260e-02
136 1.144126e-01 1.061646e-02
137 1.140574e-01 1.054130e-02
138 1.137043e-01 1.046711e-02
139 1.133533e-01 1.039386e-02
140 1.130043e-01 1.032155e-02
141 1.126573e-01 1.025014e-02
142 1.123123e-01 1.017964e-02
143 1.119693e-01 1.011000e-02
144 1.116282e-01 1.004123e-02
145 1.112891e-01 9.973312e-03
146 1.109518e-01 9.906221e-03
147 1.106165e-01 9.839946e-03
148 1.102829e-01 9.774472e-03
149 1.099512e-01 9.709787e-03
150 1.096214e-01 9.645875e-03
151 1.092933e-01 9.582724e-03
152 1.089670e-01 9.520321e-03
153 1.086424e-01 9.458653e-03
154 1.083196e-01 9.397707e-03
155 1.079984e-01 9.337471e-03
156 1.076790e-01 9.277933e-03
157 1.073613e-01 9.219083e-03
158 1.070452e-01 9.160908e-03
159 1.067307e-01 9.103398e-03
160 1.064179e-01 9.046541e-03
161 1.061066e-01 8.990328e-03
162 1.057970e-01 8.934748e-03
163 1.054889e-01 8.879791e-03
164 1.051823e-01 8.825448e-03
165 1.048773e-01 8.771708e-03
166 1.045739e-01 8.718562e-03
167 1.042719e-01 8.666001e-03
168 1.039714e-01 8.614017e-03
169 1.036724e-01 8.562600e-03
170 1.033748e-01 8.511742e-03
171 1.030787e-01 8.461434e-03
172 1.027840e-01 8.411668e-03
173 1.024907e-01 8.362437e-03
174 1.021989e-01 8.313731e-03
175 1.019084e-01 8.265545e-03
176 1.016192e-01 8.217869e-03
177 1.013315e-01 8.170697e-03
178 1.010450e-01 8.124021e-03
179 1.007599e-01 8.077834e-03
180 1.004762e-01 8.032129e-03
181 1.001937e-01 7.986900e-03
182 9.991250e-02 7.942140e-03
183 9.963260e-02 7.897841e-03
184 9.935396e-02 7.853998e-03
185 9.907657e-02 7.810605e-03
186 9.880043e-02 7.767654e-03
187 9.852551e-02 7.725141e-03
188 9.825182e-02 7.683058e-03
189 9.797933e-02 7.641400e-03
190 9.770804e-02 7.600162e-03
191 9.743793e-02 7.559338e-03
192 9.716900e-02 7.518921e-03
193 9.690123e-02 7.478908e-03
194 9.663461e-02 7.439291e-03
195 9.636913e-02 7.400066e-03
196 9.610479e-02 7.361229e-03
197 9.584157e-02 7.322772e-03
198 9.557946e-02 7.284693e-03
199 9.531845e-02 7.246985e-03
200 9.505853e-02 7.209644e-03
201 9.479969e-02 7.172666e-03
202 9.454192e-02 7.136044e-03
203 9.428522e-02 7.099776e-03
204 9.402957e-02 7.063855e-03
205 9.377497e-02 7.028279e-03
206 9.352140e-02 6.993042e-03
207 9.326886e-02 6.958140e-03
208 9.301734e-02 6.923568e-03
209 9.276682e-02 6.889324e-03
210 9.251731e-02 6.855402e-03
211 9.226878e-02 6.821798e-03
212 9.202124e-02 6.788509e-03
213 9.177468e-02 6.755530e-03
214 9.152908e-02 6.722858e-03
215 9.128445e-02 6.690488e-03
216 9.104076e-02 6.658418e-03
217 9.079802e-02 6.626643e-03
218 9.055622e-02 6.595159e-03
219 9.031534e-02 6.563964e-03
220 9.007539e-02 6.533053e-03
221 8.983634e-02 6.502423e-03
222 8.959821e-02 6.472070e-03
223 8.936097e-02 6.441992e-03
224 8.912463e-02 6.412184e-03
225 8.888917e-02 6.382644e-03
226 8.865459e-02 6.353368e-03
227 8.842088e-02 6.324354e-03
228 8.818804e-02 6.295596e-03
229 8.795605e-02 6.267094e-03
230 8.772492e-02 6.238843e-03
231 8.749463e-02 6.210841e-03
232 8.726518e-02 6.183084e-03
233 8.703656e-02 6.155570e-03
234 8.680877e-02 6.128296e-03
235 8.658180e-02 6.101258e-03
236 8.635564e-02 6.074455e-03
237 8.613029e-02 6.047882e-03
238 8.590575e-02 6.021538e-03
239 8.568199e-02 5.995420e-03
240 8.545903e-02 5.969524e-03
241 8.523686e-02 5.943849e-03
242 8.501546e-02 5.918392e-03
243 8.479483e-02 5.893149e-03
244 8.457498e-02 5.868120e-03
245 8.435589e-02 5.843300e-03
246 8.413755e-02 5.818688e-03
247 8.391997e-02 5.794281e-03
248 8.370313e-02 5.770076e-03
249 8.348703e-02 5.746072e-03
250 8.327167e-02 5.722266e-03
251 8.305705e-02 5.698655e-03
252 8.284315e-02 5.675237e-03
253 8.262997e-02 5.652011e-03
254 8.241750e-02 5.628973e-03
255 8.220575e-02 5.606122e-03
256 8.199471e-02 5.583455e-03
257 8.178437e-02 5.560970e-03
258 8.157473e-02 5.538666e-03
259 8.136578e-02 5.516539e-03
260 8.115752e-02 5.494588e-03
261 8.094994e-02 5.472811e-03
262 8.074305e-02 5.451205e-03
263 8.053682e-02 5.429770e-03
264 8.033128e-02 5.408502e-03
265 8.012639e-02 5.387400e-03
266 7.992217e-02 5.366462e-03
267 7.971861e-02 5.345686e-03
268 7.951571e-02 5.325070e-03
269 7.931345e-02 5.304612e-03
270 7.911184e-02 5.284311e-03
271 7.891088e-02 5.264165e-03
272 7.871055e-02 5.244171e-03
273 7.851086e-02 5.224328e-03
274 7.831180e-02 5.204635e-03
275 7.811336e-02 5.185089e-03
276 7.791555e-02 5.165689e-03
277 7.771836e-02 5.146433e-03
278 7.752179e-02 5.127320e-03
279 7.732583e-02 5.108348e-03
280 7.713047e-02 5.089515e-03
281 7.693572e-02 5.070820e-03
282 7.674158e-02 5.052261e-03
283 7.654803e-02 5.033837e-03
284 7.635508e-02 5.015545e-03
285 7.616272e-02 4.997385e-03
286 7.597095e-02 4.979355e-03
287 7.577976e-02 4.961454e-03
288 7.558915e-02 4.943679e-03
289 7.539913e-02 4.926031e-03
290 7.520968e-02 4.908506e-03
291 7.502080e-02 4.891104e-03
292 7.483249e-02 4.873824e-03
293 7.464474e-02 4.856663e-03
294 7.445756e-02 4.839621e-03
295 7.427094e-02 4.822697e-03
296 7.408488e-02 4.805889e-03
297 7.389937e-02 4.789195e-03
298 7.371441e-02 4.772614e-03
299 7.352999e-02 4.756146e-03
300 7.334613e-02 4.739788e-03
301 7.316280e-02 4.723541e-03
302 7.298002e-02 4.707401e-03
303 7.279777e-02 4.691369e-03
304 7.261606e-02 4.675442e-03
305 7.243488e-02 4.659621e-03
306 7.225422e-02 4.643903e-03
307 7.207410e-02 4.628287e-03
308 7.189449e-02 4.612773e-03
309 7.171541e-02 4.597359e-03
310 7.153685e-02 4.582044e-03
311 7.135880e-02 4.566827e-03
312 7.118126e-02 4.551707e-03
313 7.100424e-02 4.536682e-03
314 7.082772e-02 4.521753e-03
315 7.065171e-02 4.506917e-03
316 7.047620e-02 4.492174e-03
317 7.030119e-02 4.477523e-03
318 7.012668e-02 4.462962e-03
319 6.995267e-02 4.448491e-03
320 6.977915e-02 4.434109e-03
321 6.960612e-02 4.419814e-03
322 6.943358e-02 4.405607e-03
323 6.926153e-02 4.391485e-03
324 6.908996e-02 4.377448e-03
325 6.891887e-02 4.363495e-03
326 6.874827e-02 4.349625e-03
327 6.857814e-02 4.335837e-03
328 6.840849e-02 4.322131e-03
329 6.823931e-02 4.308505e-03
330 6.807061e-02 4.294959e-03
331 6.790237e-02 4.281491e-03
332 6.773460e-02 4.268101e-03
333 6.756730e-02 4.254789e-03
334 6.740046e-02 4.241552e-03
335 6.723408e-02 4.228391e-03
336 6.706816e-02 4.215305e-03
337 6.690270e-02 4.202293e-03
338 6.673769e-02 4.189353e-03
339 6.657313e-02 4.176486e-03
340 6.640903e-02 4.163690e-03
341 6.624538e-02 4.150966e-03
342 6.608217e-02 4.138311e-03
343 6.591941e-02 4.125726e-03
344 6.575710e-02 4.113209e-03
345 6.559522e-02 4.100760e-03
346 6.543379e-02 4.088378e-03
347 6.527279e-02 4.076063e-03
348 6.511223e-02 4.063814e-03
349 6.495211e-02 4.051629e-03
350 6.479242e-02 4.039510e-03
351 6.463316e-02 4.027454e-03
352 6.447433e-02 4.015461e-03
353 6.431592e-02 4.003531e-03
354 6.415795e-02 3.991662e-03
355 6.400039e-02 3.979855e-03
356 6.384327e-02 3.968109e-03
357 6.368656e-02 3.956422e-03
358 6.353027e-02 3.944795e-03
359 6.337440e-02 3.933227e-03
360 6.321894e-02 3.921718e-03
361 6.306390e-02 3.910265e-03
362 6.290927e-02 3.898870e-03
363 6.275505e-02 3.887532e-03
364 6.260125e-02 3.876249e-03
365 6.244785e-02 3.865022e-03
366 6.229485e-02 3.853850e-03
367 6.214227e-02 3.842733e-03
368 6.199008e-02 3.831669e-03
369 6.183830e-02 3.820658e-03
370 6.168692e-02 3.809700e-03
371 6.153594e-02 3.798795e-03
372 6.138535e-02 3.787941e-03
373 6.123517e-02 3.777139e-03
374 6.108537e-02 3.766387e-03
375 6.093597e-02 3.755686e-03
376 6.078696e-02 3.745034e-03
377 6.063834e-02 3.734432e-03
378 6.049011e-02 3.723879e-03
379 6.034227e-02 3.713374e-03
380 6.019481e-02 3.702918e-03
381 6.004774e-02 3.692509e-03
382 5.990106e-02 3.682147e-03
383 5.975475e-02 3.671831e-03
384 5.960882e-02 3.661562e-03
385 5.946328e-02 3.651339e-03
386 5.931811e-02 3.641161e-03
387 5.917332e-02 3.631028e-03
388 5.902890e-02 3.620940e-03
389 5.888486e-02 3.610896e-03
390 5.874119e-02 3.600896e-03
391 5.859790e-02 3.590939e-03
392 5.845497e-02 3.581025e-03
393 5.831241e-02 3.571154e-03
394 5.817022e-02 3.561325e-03
395 5.802839e-02 3.551538e-03
396 5.788694e-02 3.541792e-03
397 5.774584e-02 3.532088e-03
398 5.760511e-02 3.522424e-03
399 5.746474e-02 3.512801e-03
400 5.732473e-02 3.503218e-03
401 5.718508e-02 3.493674e-03
402 5.704578e-02 3.484170e-03
403 5.690685e-02 3.474705e-03
404 5.676826e-02 3.465279e-03
405 5.663004e-02 3.455891e-03
406 5.649216e-02 3.446541e-03
407 5.635464e-02 3.437229e-03
408 5.621747e-02 3.427955e-03
409 5.608065e-02 3.418717e-03
410 5.594418e-02 3.409517e-03
411 5.580805e-02 3.400352e-03
412 5.567228e-02 3.391225e-03
413 5.553684e-02 3.382133e-03
414 5.540176e-02 3.373076e-03
415 5.526701e-02 3.364055e-03
416 5.513261e-02 3.355069e-03
417 5.499854e-02 3.346118e-03
418 5.486482e-02 3.337201e-03
419 5.473144e-02 3.328319e-03
420 5.459839e-02 3.319470e-03
421 5.446568e-02 3.310655e-03
422 5.433331e-02 3.301874e-03
423 5.420127e-02 3.293126e-03
424 5.406956e-02 3.284410e-03
425 5.393819e-02 3.275727e-03
426 5.380715e-02 3.267077e-03
427 5.367644e-02 3.258459e-03
428 5.354606e-02 3.249872e-03
429 5.341600e-02 3.241318e-03
430 5.328628e-02 3.232794e-03
431 5.315688e-02 3.224302e-03
432 5.302780e-02 3.215841e-03
433 5.289905e-02 3.207411e-03
434 5.277063e-02 3.199011e-03
435 5.264252e-02 3.190641e-03
436 5.251474e-02 3.182301e-03
437 5.238728e-02 3.173991e-03
438 5.226014e-02 3.165711e-03
439 5.213331e-02 3.157460e-03
440 5.200681e-02 3.149239e-03
441 5.188062e-02 3.141046e-03
442 5.175474e-02 3.132882e-03
443 5.162919e-02 3.124747e-03
444 5.150394e-02 3.116640e-03
445 5.137901e-02 3.108561e-03
446 5.125439e-02 3.100510e-03
447 5.113008e-02 3.092487e-03
448 5.100608e-02 3.084491e-03
449 5.088240e-02 3.076523e-03
450 5.075902e-02 3.068582e-03
451 5.063594e-02 3.060668e-03
452 5.051318e-02 3.052780e-03
453 5.039072e-02 3.044920e-03
454 5.026856e-02 3.037086e-03
455 5.014671e-02 3.029278e-03
456 5.002516e-02 3.021496e-03
457 4.990392e-02 3.013741e-03
458 4.978297e-02 3.006011e-03
459 4.966233e-02 2.998306e-03
460 4.954198e-02 2.990628e-03
461 4.942194e-02 2.982974e-03
462 4.930219e-02 2.975345e-03
463 4.918274e-02 2.967742e-03
464 4.906359e-02 2.960163e-03
465 4.894473e-02 2.952609e-03
466 4.882616e-02 2.945079e-03
467 4.870789e-02 2.937574e-03
468 4.858991e-02 2.930093e-03
469 4.847223e-02 2.922636e-03
470 4.835484e-02 2.915203e-03
471 4.823773e-02 2.907793e-03
472 4.812092e-02 2.900407e-03
473 4.800439e-02 2.893045e-03
474 4.788816e-02 2.885706e-03
475 4.777221e-02 2.878390e-03
476 4.765654e-02 2.871097e-03
477 4.754117e-02 2.863827e-03
478 4.742607e-02 2.856579e-03
479 4.731126e-02 2.849355e-03
480 4.719674e-02 2.842152e-03
481 4.708250e-02 2.834973e-03
482 4.696854e-02 2.827815e-03
483 4.685486e-02 2.820679e-03
484 4.674146e-02 2.813566e-03
485 4.662834e-02 2.806474e-03
486 4.651549e-02 2.799404e-03
487 4.640293e-02 2.792356e-03
488 4.629064e-02 2.785329e-03
489 4.617863e-02 2.778324e-03
490 4.606690e-02 2.771339e-03
491 4.595544e-02 2.764376e-03
492 4.584425e-02 2.757434e-03
493 4.573334e-02 2.750513e-03
494 4.562270e-02 2.743612e-03
495 4.551233e-02 2.736733e-03
496 4.540224e-02 2.729874e-03
497 4.529241e-02 2.723035e-03
498 4.518286e-02 2.716216e-03
499 4.507357e-02 2.709418e-03
500 4.496455e-02 2.702640e-03
501 4.485580e-02 2.695882e-03
502 4.474732e-02 2.689144e-03
503 4.463910e-02 2.682426e-03
504 4.453114e-02 2.675727e-03
505 4.442346e-02 2.669049e-03
506 4.431603e-02 2.662389e-03
507 4.420887e-02 2.655749e-03
508 4.410197e-02 2.649129e-03
509 4.399534e-02 2.642527e-03
510 4.388896e-02 2.635945e-03
511 4.378285e-02 2.629382e-03
512 4.367700e-02 2.622837e-03
513 4.357140e-02 2.616312e-03
514 4.346606e-02 2.609805e-03
515 4.336099e-02 2.603317e-03
516 4.325616e-02 2.596848e-03
517 4.315160e-02 2.590397e-03
518 4.304729e-02 2.583964e-03
519 4.294324e-02 2.577550e-03
520 4.283944e-02 2.571154e-03
521 4.273589e-02 2.564776e-03
522 4.263260e-02 2.558416e-03
523 4.252956e-02 2.552074e-03
524 4.242677e-02 2.545750e-03
525 4.232423e-02 2.539444e-03
526 4.222194e-02 2.533156e-03
527 4.211991e-02 2.526885e-03
528 4.201812e-02 2.520631e-03
529 4.191658e-02 2.514396e-03
530 4.181529e-02 2.508177e-03
531 4.171424e-02 2.501976e-03
532 4.161345e-02 2.495792e-03
533 4.151289e-02 2.489626e-03
534 4.141259e-02 2.483476e-03
535 4.131253e-02 2.477344e-03
536 4.121271e-02 2.471228e-03
537 4.111313e-02 2.465130e-03
538 4.101380e-02 2.459048e-03
539 4.091471e-02 2.452983e-03
540 4.081587e-02 2.446934e-03
541 4.071726e-02 2.440902e-03
542 4.061889e-02 2.434887e-03
543 4.052077e-02 2.428888e-03
544 4.042288e-02 2.422905e-03
545 4.032523e-02 2.416939e-03
546 4.022782e-02 2.410989e-03
547 4.013065e-02 2.405055e-03
548 4.003371e-02 2.399137e-03
549 3.993701e-02 2.393236e-03
550 3.984054e-02 2.387350e-03
551 3.974431e-02 2.381480e-03
552 3.964831e-02 2.375626e-03
553 3.955255e-02 2.369788e-03
554 3.945702e-02 2.363965e-03
555 3.936172e-02 2.358159e-03
556 3.926666e-02 2.352367e-03
557 3.917182e-02 2.346592e-03
558 3.907722e-02 2.340832e-03
559 3.898285e-02 2.335087e-03
560 3.888870e-02 2.329357e-03
561 3.879479e-02 2.323643e-03
562 3.870110e-02 2.317944e-03
563 3.860764e-02 2.312260e-03
564 3.851441e-02 2.306592e-03
565 3.842140e-02 2.300938e-03
566 3.832863e-02 2.295300e-03
567 3.823607e-02 2.289676e-03
568 3.814374e-02 2.284067e-03
569 3.805164e-02 2.278473e-03
570 3.795976e-02 2.272894e-03
571 3.786810e-02 2.267330e-03
572 3.777667e-02 2.261780e-03
573 3.768545e-02 2.256245e-03
574 3.759446e-02 2.250724e-03
575 3.750369e-02 2.245218e-03
576 3.741314e-02 2.239726e-03
577 3.732281e-02 2.234249e-03
578 3.723270e-02 2.228786e-03
579 3.714281e-02 2.223338e-03
580 3.705314e-02 2.217903e-03
581 3.696368e-02 2.212483e-03
582 3.687444e-02 2.207077e-03
583 3.678542e-02 2.201685e-03
584 3.669662e-02 2.196307e-03
585 3.660803e-02 2.190943e-03
586 3.651965e-02 2.185593e-03
587 3.643149e-02 2.180257e-03
588 3.634354e-02 2.174935e-03
589 3.625581e-02 2.169626e-03
590 3.616829e-02 2.164332e-03
591 3.608098e-02 2.159051e-03
592 3.599388e-02 2.153783e-03
593 3.590700e-02 2.148529e-03
594 3.582032e-02 2.143289e-03
595 3.573386e-02 2.138063e-03
596 3.564760e-02 2.132849e-03
597 3.556155e-02 2.127650e-03
598 3.547572e-02 2.122463e-03
599 3.539009e-02 2.117290e-03
600 3.530467e-02 2.112130e-03
601 3.521945e-02 2.106984e-03
602 3.513444e-02 2.101850e-03
603 3.504964e-02 2.096730e-03
604 3.496504e-02 2.091623e-03
605 3.488065e-02 2.086529e-03
606 3.479646e-02 2.081448e-03
607 3.471248e-02 2.076380e-03
608 3.462870e-02 2.071325e-03
609 3.454513e-02 2.066283e-03
610 3.446175e-02 2.061253e-03
611 3.437858e-02 2.056237e-03
612 3.429561e-02 2.051233e-03
613 3.421284e-02 2.046242e-03
614 3.413027e-02 2.041264e-03
615 3.404790e-02 2.036298e-03
616 3.396573e-02 2.031345e-03
617 3.388376e-02 2.026405e-03
618 3.380199e-02 2.021477e-03
619 3.372041e-02 2.016561e-03
620 3.363904e-02 2.011658e-03
621 3.355786e-02 2.006768e-03
622 3.347687e-02 2.001889e-03
623 3.339609e-02 1.997023e-03
624 3.331549e-02 1.992170e-03
625 3.323510e-02 1.987329e-03
626 3.315490e-02 1.982499e-03
627 3.307489e-02 1.977682e-03
628 3.299507e-02 1.972878e-03
629 3.291545e-02 1.968085e-03
630 3.283603e-02 1.963304e-03
631 3.275679e-02 1.958536e-03
632 3.267775e-02 1.953779e-03
633 3.259889e-02 1.949035e-03
634 3.252023e-02 1.944302e-03
635 3.244176e-02 1.939581e-03
636 3.236348e-02 1.934872e-03
637 3.228539e-02 1.930175e-03
638 3.220748e-02 1.925490e-03
639 3.212977e-02 1.920816e-03
640 3.205224e-02 1.916154e-03
641 3.197490e-02 1.911504e-03
642 3.189775e-02 1.906865e-03
643 3.182078e-02 1.902238e-03
644 3.174400e-02 1.897623e-03
645 3.166741e-02 1.893019e-03
646 3.159100e-02 1.888427e-03
647 3.151478e-02 1.883846e-03
648 3.143874e-02 1.879276e-03
649 3.136288e-02 1.874718e-03
650 3.128721e-02 1.870172e-03
651 3.121172e-02 1.865636e-03
652 3.113642e-02 1.861112e-03
653 3.106129e-02 1.856600e-03
654 3.098635e-02 1.852098e-03
655 3.091159e-02 1.847608e-03
656 3.083701e-02 1.843129e-03
657 3.076261e-02 1.838661e-03
658 3.068839e-02 1.834204e-03
659 3.061435e-02 1.829758e-03
660 3.054049e-02 1.825323e-03
661 3.046680e-02 1.820899e-03
662 3.039330e-02 1.816487e-03
663 3.031997e-02 1.812085e-03
664 3.024682e-02 1.807694e-03
665 3.017385e-02 1.803314e-03
666 3.010105e-02 1.798945e-03
667 3.002843e-02 1.794586e-03
668 2.995598e-02 1.790239e-03
669 2.988371e-02 1.785902e-03
670 2.981162e-02 1.781576e-03
671 2.973970e-02 1.777261e-03
672 2.966795e-02 1.772956e-03
673 2.959637e-02 1.768662e-03
674 2.952497e-02 1.764379e-03
675 2.945375e-02 1.760106e-03
676 2.938269e-02 1.755844e-03
677 2.931180e-02 1.751592e-03
678 2.924109e-02 1.747351e-03
679 2.917055e-02 1.743120e-03
680 2.910018e-02 1.738900e-03
681 2.902998e-02 1.734690e-03
682 2.895994e-02 1.730490e-03
683 2.889008e-02 1.726301e-03
684 2.882039e-02 1.722122e-03
685 2.875086e-02 1.717954e-03
686 2.868150e-02 1.713796e-03
687 2.861231e-02 1.709648e-03
688 2.854329e-02 1.705510e-03
689 2.847443e-02 1.701382e-03
690 2.840574e-02 1.697265e-03
691 2.833722e-02 1.693158e-03
692 2.826886e-02 1.689060e-03
693 2.820067e-02 1.684973e-03
694 2.813264e-02 1.680896e-03
695 2.806477e-02 1.676829e-03
696 2.799707e-02 1.672772e-03
697 2.792954e-02 1.668725e-03
698 2.786216e-02 1.664688e-03
699 2.779495e-02 1.660661e-03
700 2.772790e-02 1.656643e-03
701 2.766102e-02 1.652636e-03
702 2.759429e-02 1.648638e-03
703 2.752773e-02 1.644650e-03
704 2.746133e-02 1.640672e-03
705 2.739508e-02 1.636704e-03
706 2.732900e-02 1.632745e-03
707 2.726308e-02 1.628797e-03
708 2.719732e-02 1.624857e-03
709 2.713171e-02 1.620928e-03
710 2.706626e-02 1.617008e-03
711 2.700098e-02 1.613098e-03
712 2.693585e-02 1.609197e-03
713 2.687087e-02 1.605306e-03
714 2.680606e-02 1.601424e-03
715 2.674140e-02 1.597552e-03
716 2.667689e-02 1.593689e-03
717 2.661254e-02 1.589836e-03
718 2.654835e-02 1.585992e-03
719 2.648431e-02 1.582158e-03
720 2.642043e-02 1.578333e-03
721 2.635670e-02 1.574517e-03
722 2.629313e-02 1.570711e-03
723 2.622971e-02 1.566914e-03
724 2.616644e-02 1.563126e-03
725 2.610332e-02 1.559348e-03
726 2.604036e-02 1.555579e-03
727 2.597755e-02 1.551819e-03
728 2.591489e-02 1.548068e-03
729 2.585238e-02 1.544326e-03
730 2.579003e-02 1.540594e-03
731 2.572782e-02 1.536870e-03
732 2.566576e-02 1.533156e-03
733 2.560386e-02 1.529450e-03
734 2.554210e-02 1.525754e-03
735 2.548049e-02 1.522067e-03
736 2.541903e-02 1.518389e-03
737 2.535772e-02 1.514719e-03
738 2.529656e-02 1.511059e-03
739 2.523554e-02 1.507408e-03
740 2.517468e-02 1.503765e-03
741 2.511396e-02 1.500132e-03
742 2.505338e-02 1.496507e-03
743 2.499295e-02 1.492891e-03
744 2.493267e-02 1.489284e-03
745 2.487254e-02 1.485686e-03
746 2.481254e-02 1.482096e-03
747 2.475270e-02 1.478515e-03
748 2.469300e-02 1.474943e-03
749 2.463344e-02 1.471380e-03
750 2.457402e-02 1.467825e-03
751 2.451475e-02 1.464279e-03
752 2.445563e-02 1.460741e-03
753 2.439664e-02 1.457213e-03
754 2.433780e-02 1.453692e-03
755 2.427910e-02 1.450181e-03
756 2.422054e-02 1.446678e-03
757 2.416212e-02 1.443183e-03
758 2.410385e-02 1.439697e-03
759 2.404571e-02 1.436219e-03
760 2.398772e-02 1.432750e-03
761 2.392986e-02 1.429289e-03
762 2.387214e-02 1.425837e-03
763 2.381457e-02 1.422393e-03
764 2.375713e-02 1.418958e-03
765 2.369983e-02 1.415531e-03
766 2.364267e-02 1.412112e-03
767 2.358565e-02 1.408701e-03
768 2.352876e-02 1.405299e-03
769 2.347202e-02 1.401905e-03
770 2.341541e-02 1.398519e-03
771 2.335893e-02 1.395142e-03
772 2.330260e-02 1.391772e-03
773 2.324639e-02 1.388411e-03
774 2.319033e-02 1.385058e-03
775 2.313440e-02 1.381713e-03
776 2.307860e-02 1.378377e-03
777 2.302294e-02 1.375048e-03
778 2.296741e-02 1.371728e-03
779 2.291202e-02 1.368415e-03
780 2.285676e-02 1.365111e-03
781 2.280164e-02 1.361814e-03
782 2.274664e-02 1.358526e-03
783 2.269179e-02 1.355246e-03
784 2.263706e-02 1.351973e-03
785 2.258246e-02 1.348709e-03
786 2.252800e-02 1.345452e-03
787 2.247367e-02 1.342203e-03
788 2.241947e-02 1.338962e-03
789 2.236540e-02 1.335730e-03
790 2.231146e-02 1.332504e-03
791 2.225765e-02 1.329287e-03
792 2.220397e-02 1.326078e-03
793 2.215042e-02 1.322876e-03
794 2.209700e-02 1.319682e-03
795 2.204370e-02 1.316496e-03
796 2.199054e-02 1.313317e-03
797 2.193751e-02 1.310147e-03
798 2.188460e-02 1.306984e-03
799 2.183182e-02 1.303828e-03
800 2.177917e-02 1.300681e-03
801 2.172664e-02 1.297540e-03
802 2.167425e-02 1.294408e-03
803 2.162197e-02 1.291283e-03
804 2.156983e-02 1.288166e-03
805 2.151781e-02 1.285056e-03
806 2.146591e-02 1.281954e-03
807 2.141415e-02 1.278859e-03
808 2.136250e-02 1.275772e-03
809 2.131098e-02 1.272692e-03
810 2.125959e-02 1.269620e-03
811 2.120832e-02 1.266555e-03
812 2.115717e-02 1.263497e-03
813 2.110615e-02 1.260447e-03
814 2.105525e-02 1.257405e-03
815 2.100447e-02 1.254370e-03
816 2.095381e-02 1.251342e-03
817 2.090328e-02 1.248321e-03
818 2.085287e-02 1.245308e-03
819 2.080258e-02 1.242302e-03
820 2.075241e-02 1.239303e-03
821 2.070236e-02 1.236312e-03
822 2.065244e-02 1.233328e-03
823 2.060263e-02 1.230351e-03
824 2.055295e-02 1.227381e-03
825 2.050338e-02 1.224418e-03
826 2.045393e-02 1.221463e-03
827 2.040461e-02 1.218515e-03
828 2.035540e-02 1.215574e-03
829 2.030631e-02 1.212640e-03
830 2.025734e-02 1.209713e-03
831 2.020849e-02 1.206793e-03
832 2.015975e-02 1.203880e-03
833 2.011114e-02 1.200975e-03
834 2.006264e-02 1.198076e-03
835 2.001425e-02 1.195184e-03
836 1.996599e-02 1.192300e-03
837 1.991784e-02 1.189422e-03
838 1.986980e-02 1.186551e-03
839 1.982189e-02 1.183688e-03
840 1.977409e-02 1.180831e-03
841 1.972640e-02 1.177981e-03
842 1.967883e-02 1.175138e-03
843 1.963137e-02 1.172302e-03
844 1.958403e-02 1.169473e-03
845 1.953680e-02 1.166650e-03
846 1.948969e-02 1.163835e-03
847 1.944269e-02 1.161026e-03
848 1.939580e-02 1.158224e-03
849 1.934903e-02 1.155429e-03
850 1.930237e-02 1.152640e-03
851 1.925582e-02 1.149858e-03
852 1.920938e-02 1.147083e-03
853 1.916306e-02 1.144315e-03
854 1.911685e-02 1.141554e-03
855 1.907075e-02 1.138799e-03
856 1.902476e-02 1.136050e-03
857 1.897888e-02 1.133309e-03
858 1.893311e-02 1.130574e-03
859 1.888745e-02 1.127845e-03
860 1.884191e-02 1.125124e-03
861 1.879647e-02 1.122409e-03
862 1.875114e-02 1.119700e-03
863 1.870592e-02 1.116998e-03
864 1.866081e-02 1.114302e-03
865 1.861581e-02 1.111613e-03
866 1.857092e-02 1.108931e-03
867 1.852614e-02 1.106255e-03
868 1.848146e-02 1.103585e-03
869 1.843690e-02 1.100922e-03
870 1.839244e-02 1.098265e-03
871 1.834808e-02 1.095615e-03
872 1.830384e-02 1.092971e-03
873 1.825970e-02 1.090334e-03
874 1.821567e-02 1.087703e-03
875 1.817174e-02 1.085078e-03
876 1.812792e-02 1.082460e-03
877 1.808421e-02 1.079848e-03
878 1.804060e-02 1.077242e-03
879 1.799709e-02 1.074643e-03
880 1.795369e-02 1.072049e-03
881 1.791040e-02 1.069462e-03
882 1.786721e-02 1.066882e-03
883 1.782413e-02 1.064307e-03
884 1.778114e-02 1.061739e-03
885 1.773827e-02 1.059177e-03
886 1.769549e-02 1.056621e-03
887 1.765282e-02 1.054072e-03
888 1.761025e-02 1.051528e-03
889 1.756779e-02 1.048991e-03
890 1.752542e-02 1.046460e-03
891 1.748316e-02 1.043935e-03
892 1.744100e-02 1.041416e-03
893 1.739895e-02 1.038903e-03
894 1.735699e-02 1.036396e-03
895 1.731514e-02 1.033895e-03
896 1.727338e-02 1.031401e-03
897 1.723173e-02 1.028912e-03
898 1.719018e-02 1.026429e-03
899 1.714873e-02 1.023953e-03
900 1.710737e-02 1.021482e-03
901 1.706612e-02 1.019017e-03
902 1.702497e-02 1.016559e-03
903 1.698392e-02 1.014106e-03
904 1.694296e-02 1.011659e-03
905 1.690211e-02 1.009218e-03
906 1.686135e-02 1.006783e-03
907 1.682069e-02 1.004354e-03
908 1.678013e-02 1.001930e-03
909 1.673967e-02 9.995127e-04
910 1.669930e-02 9.971010e-04
911 1.665904e-02 9.946952e-04
912 1.661886e-02 9.922952e-04
913 1.657879e-02 9.899010e-04
914 1.653881e-02 9.875125e-04
915 1.649893e-02 9.851299e-04
916 1.645915e-02 9.827529e-04
917 1.641946e-02 9.803818e-04
918 1.637987e-02 9.780163e-04
919 1.634037e-02 9.756566e-04
920 1.630097e-02 9.733025e-04
921 1.626166e-02 9.709542e-04
922 1.622245e-02 9.686115e-04
923 1.618333e-02 9.662744e-04
924 1.614431e-02 9.639430e-04
925 1.610538e-02 9.616173e-04
926 1.606655e-02 9.592971e-04
927 1.602781e-02 9.569826e-04
928 1.598916e-02 9.546737e-04
929 1.595061e-02 9.523703e-04
930 1.591214e-02 9.500725e-04
931 1.587378e-02 9.477802e-04
932 1.583550e-02 9.454935e-04
933 1.579732e-02 9.432123e-04
934 1.575922e-02 9.409366e-04
935 1.572122e-02 9.386664e-04
936 1.568332e-02 9.364016e-04
937 1.564550e-02 9.341424e-04
938 1.560777e-02 9.318886e-04
939 1.557014e-02 9.296402e-04
940 1.553260e-02 9.273973e-04
941 1.549514e-02 9.251598e-04
942 1.545778e-02 9.229276e-04
943 1.542051e-02 9.207009e-04
944 1.538333e-02 9.184796e-04
945 1.534623e-02 9.162636e-04
946 1.530923e-02 9.140529e-04
947 1.527232e-02 9.118476e-04
948 1.523549e-02 9.096476e-04
949 1.519876e-02 9.074530e-04
950 1.516211e-02 9.052636e-04
951 1.512555e-02 9.030795e-04
952 1.508908e-02 9.009007e-04
953 1.505270e-02 8.987272e-04
954 1.501640e-02 8.965589e-04
955 1.498019e-02 8.943958e-04
956 1.494407e-02 8.922379e-04
957 1.490804e-02 8.900853e-04
958 1.487209e-02 8.879379e-04
959 1.483623e-02 8.857956e-04
960 1.480046e-02 8.836585e-04
961 1.476477e-02 8.815266e-04
962 1.472917e-02 8.793998e-04
963 1.469366e-02 8.772781e-04
964 1.465823e-02 8.751616e-04
965 1.462289e-02 8.730502e-04
966 1.458763e-02 8.709439e-04
967 1.455246e-02 8.688426e-04
968 1.451737e-02 8.667464e-04
969 1.448236e-02 8.646553e-04
970 1.444744e-02 8.625693e-04
971 1.441261e-02 8.604882e-04
972 1.437786e-02 8.584122e-04
973 1.434319e-02 8.563413e-04
974 1.430861e-02 8.542753e-04
975 1.427411e-02 8.522142e-04
976 1.423969e-02 8.501582e-04
977 1.420536e-02 8.481071e-04
978 1.417111e-02 8.460610e-04
979 1.413694e-02 8.440198e-04
980 1.410285e-02 8.419836e-04
981 1.406885e-02 8.399522e-04
982 1.403493e-02 8.379258e-04
983 1.400109e-02 8.359043e-04
984 1.396733e-02 8.338876e-04
985 1.393365e-02 8.318758e-04
986 1.390006e-02 8.298688e-04
987 1.386654e-02 8.278667e-04
988 1.383311e-02 8.258695e-04
989 1.379976e-02 8.238770e-04
990 1.376649e-02 8.218894e-04
991 1.373329e-02 8.199065e-04
992 1.370018e-02 8.179285e-04
993 1.366715e-02 8.159552e-04
994 1.363420e-02 8.139866e-04
995 1.360132e-02 8.120229e-04
996 1.356853e-02 8.100638e-04
997 1.353582e-02 8.081095e-04
998 1.350318e-02 8.061599e-04
999 1.347062e-02 8.042151e-04
1000 1.343814e-02 8.022749e-04
1001 1.340574e-02 8.003394e-04
1002 1.337342e-02 7.984085e-04
1003 1.334118e-02 7.964823e-04
1004 1.330901e-02 7.945608e-04
1005 1.327692e-02 7.926439e-04
1006 1.324491e-02 7.907316e-04
1007 1.321298e-02 7.888240e-04
1008 1.318112e-02 7.869209e-04
1009 1.314934e-02 7.850225e-04
1010 1.311764e-02 7.831286e-04
1011 1.308601e-02 7.812393e-04
1012 1.305446e-02 7.793546e-04
1013 1.302299e-02 7.774744e-04
1014 1.299159e-02 7.755987e-04
1015 1.296027e-02 7.737276e-04
1016 1.292902e-02 7.718609e-04
1017 1.289785e-02 7.699988e-04
1018 1.286675e-02 7.681412e-04
1019 1.283573e-02 7.662881e-04
1020 1.280478e-02 7.644394e-04
1021 1.277391e-02 7.625952e-04
1022 1.274311e-02 7.607554e-04
1023 1.271239e-02 7.589201e-04
1024 1.268174e-02 7.570892e-04
1025 1.265117e-02 7.552628e-04
1026 1.262066e-02 7.534407e-04
1027 1.259024e-02 7.516230e-04
1028 1.255988e-02 7.498097e-04
1029 1.252960e-02 7.480008e-04
1030 1.249939e-02 7.461963e-04
1031 1.246926e-02 7.443961e-04
1032 1.243920e-02 7.426003e-04
1033 1.240921e-02 7.408088e-04
1034 1.237929e-02 7.390216e-04
1035 1.234944e-02 7.372387e-04
1036 1.231967e-02 7.354601e-04
1037 1.228997e-02 7.336858e-04
1038 1.226034e-02 7.319159e-04
1039 1.223078e-02 7.301501e-04
1040 1.220129e-02 7.283887e-04
1041 1.217187e-02 7.266314e-04
1042 1.214253e-02 7.248785e-04
1043 1.211326e-02 7.231297e-04
1044 1.208405e-02 7.213852e-04
1045 1.205492e-02 7.196449e-04
1046 1.202586e-02 7.179087e-04
1047 1.199686e-02 7.161768e-04
1048 1.196794e-02 7.144491e-04
1049 1.193909e-02 7.127255e-04
1050 1.191030e-02 7.110061e-04
1051 1.188159e-02 7.092908e-04
1052 1.185294e-02 7.075796e-04
1053 1.182437e-02 7.058726e-04
1054 1.179586e-02 7.041697e-04
1055 1.176742e-02 7.024710e-04
1056 1.173905e-02 7.007763e-04
1057 1.171075e-02 6.990857e-04
1058 1.168252e-02 6.973992e-04
1059 1.165436e-02 6.957167e-04
1060 1.162626e-02 6.940383e-04
1061 1.159823e-02 6.923640e-04
1062 1.157027e-02 6.906937e-04
1063 1.154238e-02 6.890275e-04
1064 1.151455e-02 6.873652e-04
1065 1.148679e-02 6.857070e-04
1066 1.145910e-02 6.840527e-04
1067 1.143147e-02 6.824025e-04
1068 1.140391e-02 6.807562e-04
1069 1.137642e-02 6.791139e-04
1070 1.134899e-02 6.774756e-04
1071 1.132163e-02 6.758412e-04
1072 1.129434e-02 6.742108e-04
1073 1.126711e-02 6.725843e-04
1074 1.123995e-02 6.709617e-04
1075 1.121285e-02 6.693431e-04
1076 1.118582e-02 6.677283e-04
1077 1.115885e-02 6.661175e-04
1078 1.113195e-02 6.645105e-04
1079 1.110512e-02 6.629074e-04
1080 1.107834e-02 6.613082e-04
1081 1.105164e-02 6.597128e-04
1082 1.102500e-02 6.581213e-04
1083 1.099842e-02 6.565336e-04
1084 1.097190e-02 6.549498e-04
1085 1.094545e-02 6.533698e-04
1086 1.091907e-02 6.517936e-04
1087 1.089274e-02 6.502211e-04
1088 1.086648e-02 6.486525e-04
1089 1.084029e-02 6.470877e-04
1090 1.081415e-02 6.455266e-04
1091 1.078809e-02 6.439693e-04
1092 1.076208e-02 6.424158e-04
1093 1.073613e-02 6.408660e-04
1094 1.071025e-02 6.393200e-04
1095 1.068443e-02 6.377777e-04
1096 1.065868e-02 6.362391e-04
1097 1.063298e-02 6.347042e-04
1098 1.060735e-02 6.331730e-04
1099 1.058178e-02 6.316455e-04
1100 1.055627e-02 6.301217e-04
1101 1.053082e-02 6.286016e-04
1102 1.050544e-02 6.270851e-04
1103 1.048011e-02 6.255723e-04
1104 1.045485e-02 6.240632e-04
1105 1.042964e-02 6.225577e-04
1106 1.040450e-02 6.210558e-04
1107 1.037942e-02 6.195576e-04
1108 1.035440e-02 6.180629e-04
1109 1.032944e-02 6.165719e-04
1110 1.030454e-02 6.150845e-04
1111 1.027970e-02 6.136006e-04
1112 1.025492e-02 6.121204e-04
1113 1.023020e-02 6.106437e-04
1114 1.020554e-02 6.091705e-04
1115 1.018093e-02 6.077010e-04
1116 1.015639e-02 6.062349e-04
1117 1.013191e-02 6.047724e-04
1118 1.010749e-02 6.033135e-04
1119 1.008312e-02 6.018580e-04
1120 1.005881e-02 6.004061e-04
1121 1.003457e-02 5.989577e-04
1122 1.001038e-02 5.975127e-04
1123 9.986248e-03 5.960713e-04
1124 9.962175e-03 5.946333e-04
1125 9.938161e-03 5.931988e-04
1126 9.914204e-03 5.917677e-04
1127 9.890306e-03 5.903401e-04
1128 9.866465e-03 5.889160e-04
1129 9.842681e-03 5.874953e-04
1130 9.818955e-03 5.860780e-04
1131 9.795286e-03 5.846641e-04
1132 9.771674e-03 5.832537e-04
1133 9.748120e-03 5.818466e-04
1134 9.724622e-03 5.804430e-04
1135 9.701180e-03 5.790427e-04
1136 9.677796e-03 5.776458e-04
1137 9.654467e-03 5.762523e-04
1138 9.631195e-03 5.748621e-04
1139 9.607979e-03 5.734753e-04
1140 9.584819e-03 5.720919e-04
1141 9.561715e-03 5.707118e-04
1142 9.538667e-03 5.693350e-04
1143 9.515674e-03 5.679615e-04
1144 9.492737e-03 5.665913e-04
1145 9.469855e-03 5.652245e-04
1146 9.447028e-03 5.638609e-04
1147 9.424257e-03 5.625007e-04
1148 9.401540e-03 5.611437e-04
1149 9.378878e-03 5.597900e-04
1150 9.356271e-03 5.584395e-04
1151 9.333718e-03 5.570923e-04
1152 9.311220e-03 5.557484e-04
1153 9.288776e-03 5.544077e-04
1154 9.266386e-03 5.530702e-04
1155 9.244050e-03 5.517360e-04
1156 9.221768e-03 5.504050e-04
1157 9.199540e-03 5.490772e-04
1158 9.177366e-03 5.477526e-04
1159 9.155245e-03 5.464312e-04
1160 9.133177e-03 5.451130e-04
1161 9.111162e-03 5.437979e-04
1162 9.089201e-03 5.424861e-04
1163 9.067293e-03 5.411774e-04
1164 9.045437e-03 5.398718e-04
1165 9.023634e-03 5.385695e-04
1166 9.001884e-03 5.372702e-04
1167 8.980186e-03 5.359741e-04
1168 8.958541e-03 5.346811e-04
1169 8.936948e-03 5.333912e-04
1170 8.915407e-03 5.321045e-04
1171 8.893918e-03 5.308208e-04
1172 8.872480e-03 5.295403e-04
1173 8.851095e-03 5.282628e-04
1174 8.829761e-03 5.269884e-04
1175 8.808478e-03 5.257171e-04
1176 8.787247e-03 5.244489e-04
1177 8.766067e-03 5.231837e-04
1178 8.744938e-03 5.219216e-04
1179 8.723860e-03 5.206625e-04
1180 8.702833e-03 5.194064e-04
1181 8.681857e-03 5.181534e-04
1182 8.660931e-03 5.169034e-04
1183 8.640056e-03 5.156564e-04
1184 8.619231e-03 5.144125e-04
1185 8.598457e-03 5.131715e-04
1186 8.577732e-03 5.119335e-04
1187 8.557058e-03 5.106985e-04
1188 8.536433e-03 5.094665e-04
1189 8.515858e-03 5.082375e-04
1190 8.495333e-03 5.070114e-04
1191 8.474857e-03 5.057883e-04
1192 8.454431e-03 5.045681e-04
1193 8.434054e-03 5.033509e-04
1194 8.413726e-03 5.021366e-04
1195 8.393447e-03 5.009252e-04
1196 8.373217e-03 4.997168e-04
1197 8.353036e-03 4.985113e-04
1198 8.332903e-03 4.973087e-04
1199 8.312820e-03 4.961090e-04
1200 8.292784e-03 4.949122e-04
1201 8.272797e-03 4.937182e-04
1202 8.252858e-03 4.925272e-04
1203 8.232967e-03 4.913390e-04
1204 8.213125e-03 4.901537e-04
1205 8.193330e-03 4.889713e-04
1206 8.173582e-03 4.877917e-04
1207 8.153883e-03 4.866149e-04
1208 8.134231e-03 4.854410e-04
1209 8.114626e-03 4.842699e-04
1210 8.095069e-03 4.831017e-04
1211 8.075559e-03 4.819362e-04
1212 8.056096e-03 4.807736e-04
1213 8.036680e-03 4.796138e-04
1214 8.017311e-03 4.784568e-04
1215 7.997988e-03 4.773025e-04
1216 7.978712e-03 4.761511e-04
1217 7.959483e-03 4.750024e-04
1218 7.940300e-03 4.738565e-04
1219 7.921163e-03 4.727134e-04
1220 7.902072e-03 4.715730e-04
1221 7.883028e-03 4.704354e-04
1222 7.864029e-03 4.693005e-04
1223 7.845076e-03 4.681684e-04
1224 7.826169e-03 4.670390e-04
1225 7.807308e-03 4.659123e-04
1226 7.788492e-03 4.647883e-04
1227 7.769722e-03 4.636671e-04
1228 7.750996e-03 4.625485e-04
1229 7.732316e-03 4.614327e-04
1230 7.713681e-03 4.603195e-04
1231 7.695091e-03 4.592090e-04
1232 7.676546e-03 4.581012e-04
1233 7.658045e-03 4.569961e-04
1234 7.639590e-03 4.558937e-04
1235 7.621178e-03 4.547939e-04
1236 7.602811e-03 4.536967e-04
1237 7.584489e-03 4.526022e-04
1238 7.566210e-03 4.515104e-04
1239 7.547976e-03 4.504212e-04
1240 7.529786e-03 4.493346e-04
1241 7.511639e-03 4.482506e-04
1242 7.493537e-03 4.471692e-04
1243 7.475478e-03 4.460905e-04
1244 7.457462e-03 4.450143e-04
1245 7.439491e-03 4.439408e-04
1246 7.421562e-03 4.428698e-04
1247 7.403677e-03 4.418014e-04
1248 7.385834e-03 4.407356e-04
1249 7.368035e-03 4.396724e-04
1250 7.350279e-03 4.386117e-04
1251 7.332566e-03 4.375536e-04
1252 7.314895e-03 4.364981e-04
1253 7.297267e-03 4.354451e-04
1254 7.279682e-03 4.343946e-04
1255 7.262139e-03 4.333467e-04
1256 7.244638e-03 4.323013e-04
1257 7.227179e-03 4.312584e-04
1258 7.209763e-03 4.302180e-04
1259 7.192389e-03 4.291802e-04
1260 7.175056e-03 4.281448e-04
1261 7.157765e-03 4.271120e-04
1262 7.140516e-03 4.260816e-04
1263 7.123309e-03 4.250537e-04
1264 7.106143e-03 4.240283e-04
1265 7.089019e-03 4.230054e-04
1266 7.071936e-03 4.219849e-04
1267 7.054894e-03 4.209669e-04
1268 7.037893e-03 4.199514e-04
1269 7.020933e-03 4.189383e-04
1270 7.004015e-03 4.179277e-04
1271 6.987137e-03 4.169195e-04
1272 6.970299e-03 4.159137e-04
1273 6.953503e-03 4.149103e-04
1274 6.936746e-03 4.139094e-04
1275 6.920031e-03 4.129109e-04
1276 6.903355e-03 4.119148e-04
1277 6.886720e-03 4.109211e-04
1278 6.870125e-03 4.099298e-04
1279 6.853570e-03 4.089409e-04
1280 6.837055e-03 4.079544e-04
1281 6.820580e-03 4.069702e-04
1282 6.804144e-03 4.059884e-04
1283 6.787748e-03 4.050090e-04
1284 6.771392e-03 4.040320e-04
1285 6.755075e-03 4.030573e-04
1286 6.738798e-03 4.020850e-04
1287 6.722559e-03 4.011150e-04
1288 6.706360e-03 4.001473e-04
1289 6.690200e-03 3.991820e-04
1290 6.674079e-03 3.982190e-04
1291 6.657997e-03 3.972584e-04
1292 6.641954e-03 3.963000e-04
1293 6.625950e-03 3.953440e-04
1294 6.609984e-03 3.943903e-04
1295 6.594056e-03 3.934388e-04
1296 6.578167e-03 3.924897e-04
1297 6.562316e-03 3.915429e-04
1298 6.546504e-03 3.905983e-04
1299 6.530730e-03 3.896560e-04
1300 6.514993e-03 3.887160e-04
1301 6.499295e-03 3.877783e-04
1302 6.483635e-03 3.868428e-04
1303 6.468012e-03 3.859096e-04
1304 6.452427e-03 3.849786e-04
1305 6.436880e-03 3.840499e-04
1306 6.421370e-03 3.831234e-04
1307 6.405897e-03 3.821992e-04
1308 6.390462e-03 3.812772e-04
1309 6.375064e-03 3.803574e-04
1310 6.359704e-03 3.794398e-04
1311 6.344380e-03 3.785245e-04
1312 6.329093e-03 3.776113e-04
1313 6.313844e-03 3.767004e-04
1314 6.298630e-03 3.757916e-04
1315 6.283454e-03 3.748851e-04
1316 6.268314e-03 3.739807e-04
1317 6.253211e-03 3.730785e-04
1318 6.238144e-03 3.721785e-04
1319 6.223114e-03 3.712806e-04
1320 6.208120e-03 3.703850e-04
1321 6.193162e-03 3.694915e-04
1322 6.178240e-03 3.686001e-04
1323 6.163354e-03 3.677109e-04
1324 6.148504e-03 3.668238e-04
1325 6.133690e-03 3.659389e-04
1326 6.118912e-03 3.650561e-04
1327 6.104169e-03 3.641755e-04
1328 6.089462e-03 3.632969e-04
1329 6.074790e-03 3.624205e-04
1330 6.060154e-03 3.615462e-04
1331 6.045553e-03 3.606740e-04
1332 6.030987e-03 3.598039e-04
1333 6.016456e-03 3.589359e-04
1334 6.001960e-03 3.580700e-04
1335 5.987500e-03 3.572062e-04
1336 5.973074e-03 3.563445e-04
1337 5.958683e-03 3.554849e-04
1338 5.944327e-03 3.546273e-04
1339 5.930005e-03 3.537718e-04
1340 5.915718e-03 3.529184e-04
1341 5.901466e-03 3.520670e-04
1342 5.887248e-03 3.512177e-04
1343 5.873064e-03 3.503704e-04
1344 5.858914e-03 3.495252e-04
1345 5.844798e-03 3.486820e-04
1346 5.830717e-03 3.478408e-04
1347 5.816669e-03 3.470017e-04
1348 5.802656e-03 3.461646e-04
1349 5.788676e-03 3.453295e-04
1350 5.774730e-03 3.444964e-04
1351 5.760817e-03 3.436654e-04
1352 5.746939e-03 3.428363e-04
1353 5.733093e-03 3.420092e-04
1354 5.719281e-03 3.411842e-04
1355 5.705502e-03 3.403611e-04
1356 5.691757e-03 3.395400e-04
1357 5.678045e-03 3.387209e-04
1358 5.664365e-03 3.379038e-04
1359 5.650719e-03 3.370886e-04
1360 5.637106e-03 3.362754e-04
1361 5.623526e-03 3.354642e-04
1362 5.609978e-03 3.346549e-04
1363 5.596463e-03 3.338476e-04
1364 5.582981e-03 3.330423e-04
1365 5.569531e-03 3.322388e-04
1366 5.556113e-03 3.314373e-04
1367 5.542728e-03 3.306378e-04
1368 5.529375e-03 3.298402e-04
1369 5.516055e-03 3.290444e-04
1370 5.502766e-03 3.282507e-04
1371 5.489510e-03 3.274588e-04
1372 5.476286e-03 3.266688e-04
1373 5.463093e-03 3.258808e-04
1374 5.449933e-03 3.250946e-04
1375 5.436804e-03 3.243104e-04
1376 5.423707e-03 3.235280e-04
1377 5.410641e-03 3.227475e-04
1378 5.397607e-03 3.219689e-04
1379 5.384604e-03 3.211922e-04
1380 5.371633e-03 3.204174e-04
1381 5.358693e-03 3.196444e-04
1382 5.345784e-03 3.188733e-04
1383 5.332906e-03 3.181041e-04
1384 5.320060e-03 3.173367e-04
1385 5.307244e-03 3.165711e-04
1386 5.294460e-03 3.158074e-04
1387 5.281706e-03 3.150456e-04
1388 5.268983e-03 3.142856e-04
1389 5.256290e-03 3.135274e-04
1390 5.243629e-03 3.127710e-04
1391 5.230997e-03 3.120165e-04
1392 5.218397e-03 3.112638e-04
1393 5.205826e-03 3.105129e-04
1394 5.193286e-03 3.097638e-04
1395 5.180777e-03 3.090166e-04
1396 5.168297e-03 3.082711e-04
1397 5.155848e-03 3.075274e-04
1398 5.143428e-03 3.067855e-04
1399 5.131039e-03 3.060454e-04
1400 5.118679e-03 3.053071e-04
1401 5.106349e-03 3.045706e-04
1402 5.094049e-03 3.038359e-04
1403 5.081779e-03 3.031029e-04
1404 5.069538e-03 3.023717e-04
1405 5.057327e-03 3.016423e-04
1406 5.045145e-03 3.009146e-04
1407 5.032993e-03 3.001887e-04
1408 5.020870e-03 2.994645e-04
1409 5.008776e-03 2.987421e-04
1410 4.996712e-03 2.980214e-04
1411 4.984676e-03 2.973024e-04
1412 4.972670e-03 2.965852e-04
1413 4.960692e-03 2.958697e-04
1414 4.948743e-03 2.951560e-04
1415 4.936824e-03 2.944440e-04
1416 4.924933e-03 2.937336e-04
1417 4.913070e-03 2.930250e-04
1418 4.901236e-03 2.923182e-04
1419 4.889431e-03 2.916130e-04
1420 4.877655e-03 2.909095e-04
1421 4.865906e-03 2.902077e-04
1422 4.854186e-03 2.895076e-04
1423 4.842495e-03 2.888092e-04
1424 4.830831e-03 2.881125e-04
1425 4.819196e-03 2.874174e-04
1426 4.807589e-03 2.867241e-04
1427 4.796009e-03 2.860324e-04
1428 4.784458e-03 2.853424e-04
1429 4.772935e-03 2.846540e-04
1430 4.761439e-03 2.839673e-04
1431 4.749971e-03 2.832823e-04
1432 4.738531e-03 2.825989e-04
1433 4.727118e-03 2.819171e-04
1434 4.715733e-03 2.812370e-04
1435 4.704375e-03 2.805586e-04
1436 4.693045e-03 2.798818e-04
1437 4.681742e-03 2.792066e-04
1438 4.670466e-03 2.785330e-04
1439 4.659218e-03 2.778611e-04
1440 4.647997e-03 2.771908e-04
1441 4.636802e-03 2.765221e-04
1442 4.625635e-03 2.758550e-04
1443 4.614495e-03 2.751895e-04
1444 4.603381e-03 2.745257e-04
1445 4.592295e-03 2.738634e-04
1446 4.581235e-03 2.732028e-04
1447 4.570202e-03 2.725437e-04
1448 4.559195e-03 2.718862e-04
1449 4.548215e-03 2.712303e-04
1450 4.537262e-03 2.705760e-04
1451 4.526334e-03 2.699233e-04
1452 4.515434e-03 2.692721e-04
1453 4.504559e-03 2.686225e-04
1454 4.493711e-03 2.679745e-04
1455 4.482889e-03 2.673280e-04
1456 4.472093e-03 2.666831e-04
1457 4.461323e-03 2.660398e-04
1458 4.450579e-03 2.653980e-04
1459 4.439861e-03 2.647577e-04
1460 4.429169e-03 2.641190e-04
1461 4.418503e-03 2.634819e-04
1462 4.407862e-03 2.628463e-04
1463 4.397247e-03 2.622122e-04
1464 4.386658e-03 2.615796e-04
1465 4.376094e-03 2.609486e-04
1466 4.365556e-03 2.603191e-04
1467 4.355043e-03 2.596911e-04
1468 4.344555e-03 2.590646e-04
1469 4.334093e-03 2.584396e-04
1470 4.323656e-03 2.578162e-04
1471 4.313245e-03 2.571942e-04
1472 4.302858e-03 2.565738e-04
1473 4.292496e-03 2.559548e-04
1474 4.282160e-03 2.553373e-04
1475 4.271848e-03 2.547214e-04
1476 4.261561e-03 2.541069e-04
1477 4.251299e-03 2.534939e-04
1478 4.241062e-03 2.528824e-04
1479 4.230849e-03 2.522723e-04
1480 4.220662e-03 2.516637e-04
1481 4.210498e-03 2.510566e-04
1482 4.200359e-03 2.504510e-04
1483 4.190245e-03 2.498468e-04
1484 4.180155e-03 2.492441e-04
1485 4.170090e-03 2.486428e-04
1486 4.160048e-03 2.480430e-04
1487 4.150031e-03 2.474446e-04
1488 4.140038e-03 2.468476e-04
1489 4.130069e-03 2.462522e-04
1490 4.120125e-03 2.456581e-04
1491 4.110204e-03 2.450655e-04
1492 4.100307e-03 2.444743e-04
1493 4.090434e-03 2.438845e-04
1494 4.080585e-03 2.432962e-04
1495 4.070760e-03 2.427092e-04
1496 4.060958e-03 2.421237e-04
1497 4.051180e-03 2.415396e-04
1498 4.041425e-03 2.409569e-04
1499 4.031695e-03 2.403757e-04
1500 4.021987e-03 2.397958e-04
1501 4.012303e-03 2.392173e-04
1502 4.002642e-03 2.386402e-04
1503 3.993005e-03 2.380645e-04
1504 3.983391e-03 2.374902e-04
1505 3.973800e-03 2.369173e-04
1506 3.964232e-03 2.363458e-04
1507 3.954688e-03 2.357756e-04
1508 3.945166e-03 2.352068e-04
1509 3.935667e-03 2.346394e-04
1510 3.926192e-03 2.340734e-04
1511 3.916739e-03 2.335087e-04
1512 3.907309e-03 2.329454e-04
1513 3.897901e-03 2.323834e-04
1514 3.888517e-03 2.318228e-04
1515 3.879155e-03 2.312636e-04
1516 3.869815e-03 2.307057e-04
1517 3.860498e-03 2.301491e-04
1518 3.851204e-03 2.295939e-04
1519 3.841932e-03 2.290400e-04
1520 3.832682e-03 2.284875e-04
1521 3.823455e-03 2.279363e-04
1522 3.814250e-03 2.273864e-04
1523 3.805067e-03 2.268379e-04
1524 3.795906e-03 2.262907e-04
1525 3.786768e-03 2.257448e-04
1526 3.777651e-03 2.252002e-04
1527 3.768557e-03 2.246569e-04
1528 3.759484e-03 2.241149e-04
1529 3.750433e-03 2.235743e-04
1530 3.741404e-03 2.230349e-04
1531 3.732397e-03 2.224969e-04
1532 3.723412e-03 2.219601e-04
1533 3.714448e-03 2.214247e-04
1534 3.705506e-03 2.208905e-04
1535 3.696586e-03 2.203577e-04
1536 3.687687e-03 2.198261e-04
1537 3.678809e-03 2.192958e-04
1538 3.669953e-03 2.187667e-04
1539 3.661118e-03 2.182390e-04
1540 3.652305e-03 2.177125e-04
1541 3.643513e-03 2.171873e-04
1542 3.634742e-03 2.166634e-04
1543 3.625992e-03 2.161407e-04
1544 3.617263e-03 2.156193e-04
1545 3.608556e-03 2.150991e-04
1546 3.599869e-03 2.145802e-04
1547 3.591204e-03 2.140625e-04
1548 3.582559e-03 2.135461e-04
1549 3.573935e-03 2.130310e-04
1550 3.565332e-03 2.125171e-04
1551 3.556749e-03 2.120044e-04
1552 3.548188e-03 2.114930e-04
1553 3.539647e-03 2.109828e-04
1554 3.531127e-03 2.104738e-04
1555 3.522627e-03 2.099660e-04
1556 3.514147e-03 2.094595e-04
1557 3.505689e-03 2.089542e-04
1558 3.497250e-03 2.084501e-04
1559 3.488832e-03 2.079473e-04
1560 3.480434e-03 2.074456e-04
1561 3.472057e-03 2.069452e-04
1562 3.463700e-03 2.064460e-04
1563 3.455362e-03 2.059479e-04
1564 3.447045e-03 2.054511e-04
1565 3.438748e-03 2.049555e-04
1566 3.430471e-03 2.044610e-04
1567 3.422214e-03 2.039678e-04
1568 3.413977e-03 2.034757e-04
1569 3.405760e-03 2.029849e-04
1570 3.397563e-03 2.024952e-04
1571 3.389385e-03 2.020067e-04
1572 3.381227e-03 2.015194e-04
1573 3.373089e-03 2.010332e-04
1574 3.364971e-03 2.005483e-04
1575 3.356872e-03 2.000645e-04
1576 3.348792e-03 1.995818e-04
1577 3.340733e-03 1.991004e-04
1578 3.332692e-03 1.986201e-04
1579 3.324671e-03 1.981409e-04
1580 3.316669e-03 1.976629e-04
1581 3.308687e-03 1.971861e-04
1582 3.300724e-03 1.967104e-04
1583 3.292780e-03 1.962358e-04
1584 3.284855e-03 1.957624e-04
1585 3.276949e-03 1.952902e-04
1586 3.269063e-03 1.948191e-04
1587 3.261195e-03 1.943491e-04
1588 3.253347e-03 1.938802e-04
1589 3.245517e-03 1.934125e-04
1590 3.237706e-03 1.929459e-04
1591 3.229914e-03 1.924805e-04
1592 3.222141e-03 1.920161e-04
1593 3.214387e-03 1.915529e-04
1594 3.206651e-03 1.910908e-04
1595 3.198934e-03 1.906298e-04
1596 3.191236e-03 1.901700e-04
1597 3.183556e-03 1.897112e-04
1598 3.175895e-03 1.892535e-04
1599 3.168252e-03 1.887970e-04
1600 3.160628e-03 1.883415e-04
1601 3.153022e-03 1.878872e-04
1602 3.145434e-03 1.874339e-04
1603 3.137865e-03 1.869818e-04
1604 3.130314e-03 1.865307e-04
1605 3.122781e-03 1.860807e-04
1606 3.115266e-03 1.856318e-04
1607 3.107770e-03 1.851840e-04
1608 3.100291e-03 1.847373e-04
1609 3.092831e-03 1.842916e-04
1610 3.085388e-03 1.838470e-04
1611 3.077964e-03 1.834035e-04
1612 3.070557e-03 1.829611e-04
1613 3.063169e-03 1.825197e-04
1614 3.055798e-03 1.820794e-04
1615 3.048445e-03 1.816401e-04
1616 3.041110e-03 1.812019e-04
1617 3.033792e-03 1.807648e-04
1618 3.026492e-03 1.803287e-04
1619 3.019210e-03 1.798937e-04
1620 3.011945e-03 1.794597e-04
1621 3.004698e-03 1.790268e-04
1622 2.997468e-03 1.785949e-04
1623 2.990256e-03 1.781641e-04
1624 2.983061e-03 1.777343e-04
1625 2.975883e-03 1.773055e-04
1626 2.968723e-03 1.768778e-04
1627 2.961580e-03 1.764511e-04
1628 2.954454e-03 1.760254e-04
1629 2.947346e-03 1.756008e-04
1630 2.940254e-03 1.751772e-04
1631 2.933180e-03 1.747546e-04
1632 2.926123e-03 1.743330e-04
1633 2.919082e-03 1.739124e-04
1634 2.912059e-03 1.734929e-04
1635 2.905053e-03 1.730744e-04
1636 2.898064e-03 1.726568e-04
1637 2.891091e-03 1.722403e-04
1638 2.884135e-03 1.718248e-04
1639 2.877197e-03 1.714103e-04
1640 2.870274e-03 1.709968e-04
1641 2.863369e-03 1.705843e-04
1642 2.856480e-03 1.701728e-04
1643 2.849608e-03 1.697622e-04
1644 2.842752e-03 1.693527e-04
1645 2.835913e-03 1.689442e-04
1646 2.829091e-03 1.685366e-04
1647 2.822285e-03 1.681300e-04
1648 2.815495e-03 1.677244e-04
1649 2.808722e-03 1.673198e-04
1650 2.801965e-03 1.669162e-04
1651 2.795224e-03 1.665135e-04
1652 2.788500e-03 1.661118e-04
1653 2.781792e-03 1.657111e-04
1654 2.775100e-03 1.653113e-04
1655 2.768424e-03 1.649125e-04
1656 2.761764e-03 1.645147e-04
1657 2.755120e-03 1.641178e-04
1658 2.748493e-03 1.637219e-04
1659 2.741881e-03 1.633269e-04
1660 2.735285e-03 1.629329e-04
1661 2.728706e-03 1.625399e-04
1662 2.722142e-03 1.621478e-04
1663 2.715594e-03 1.617566e-04
1664 2.709061e-03 1.613664e-04
1665 2.702545e-03 1.609771e-04
1666 2.696044e-03 1.605888e-04
1667 2.689559e-03 1.602014e-04
1668 2.683089e-03 1.598149e-04
1669 2.676636e-03 1.594293e-04
1670 2.670197e-03 1.590447e-04
1671 2.663775e-03 1.586611e-04
1672 2.657367e-03 1.582783e-04
1673 2.650976e-03 1.578965e-04
1674 2.644599e-03 1.575156e-04
1675 2.638238e-03 1.571356e-04
1676 2.631893e-03 1.567565e-04
1677 2.625562e-03 1.563784e-04
1678 2.619247e-03 1.560011e-04
1679 2.612947e-03 1.556248e-04
1680 2.606663e-03 1.552493e-04
1681 2.600393e-03 1.548748e-04
1682 2.594139e-03 1.545012e-04
1683 2.587900e-03 1.541285e-04
1684 2.581676e-03 1.537567e-04
1685 2.575466e-03 1.533857e-04
1686 2.569272e-03 1.530157e-04
1687 2.563093e-03 1.526466e-04
1688 2.556929e-03 1.522783e-04
1689 2.550779e-03 1.519110e-04
1690 2.544644e-03 1.515445e-04
1691 2.538525e-03 1.511789e-04
1692 2.532420e-03 1.508142e-04
1693 2.526329e-03 1.504504e-04
1694 2.520254e-03 1.500875e-04
1695 2.514193e-03 1.497254e-04
1696 2.508146e-03 1.493642e-04
1697 2.502114e-03 1.490039e-04
1698 2.496097e-03 1.486444e-04
1699 2.490095e-03 1.482858e-04
1700 2.484106e-03 1.479281e-04
1701 2.478133e-03 1.475712e-04
1702 2.472173e-03 1.472152e-04
1703 2.466228e-03 1.468601e-04
1704 2.460298e-03 1.465058e-04
1705 2.454381e-03 1.461524e-04
1706 2.448479e-03 1.457998e-04
1707 2.442591e-03 1.454481e-04
1708 2.436718e-03 1.450972e-04
1709 2.430858e-03 1.447472e-04
1710 2.425013e-03 1.443980e-04
1711 2.419182e-03 1.440496e-04
1712 2.413365e-03 1.437021e-04
1713 2.407562e-03 1.433555e-04
1714 2.401772e-03 1.430096e-04
1715 2.395997e-03 1.426647e-04
1716 2.390236e-03 1.423205e-04
1717 2.384489e-03 1.419772e-04
1718 2.378755e-03 1.416346e-04
1719 2.373036e-03 1.412930e-04
1720 2.367330e-03 1.409521e-04
1721 2.361638e-03 1.406121e-04
1722 2.355960e-03 1.402729e-04
1723 2.350295e-03 1.399345e-04
1724 2.344644e-03 1.395969e-04
1725 2.339007e-03 1.392601e-04
1726 2.333383e-03 1.389242e-04
1727 2.327773e-03 1.385891e-04
1728 2.322176e-03 1.382547e-04
1729 2.316593e-03 1.379212e-04
1730 2.311024e-03 1.375885e-04
1731 2.305468e-03 1.372566e-04
1732 2.299925e-03 1.369254e-04
1733 2.294395e-03 1.365951e-04
1734 2.288879e-03 1.362656e-04
1735 2.283377e-03 1.359369e-04
1736 2.277887e-03 1.356089e-04
1737 2.272411e-03 1.352818e-04
1738 2.266948e-03 1.349555e-04
1739 2.261498e-03 1.346299e-04
1740 2.256061e-03 1.343051e-04
1741 2.250638e-03 1.339811e-04
1742 2.245227e-03 1.336579e-04
1743 2.239830e-03 1.333355e-04
1744 2.234446e-03 1.330138e-04
1745 2.229074e-03 1.326929e-04
1746 2.223716e-03 1.323728e-04
1747 2.218370e-03 1.320535e-04
1748 2.213037e-03 1.317349e-04
1749 2.207718e-03 1.314171e-04
1750 2.202411e-03 1.311001e-04
1751 2.197117e-03 1.307838e-04
1752 2.191835e-03 1.304683e-04
1753 2.186567e-03 1.301536e-04
1754 2.181311e-03 1.298396e-04
1755 2.176068e-03 1.295264e-04
1756 2.170837e-03 1.292139e-04
1757 2.165619e-03 1.289022e-04
1758 2.160414e-03 1.285912e-04
1759 2.155221e-03 1.282810e-04
1760 2.150041e-03 1.279716e-04
1761 2.144873e-03 1.276628e-04
1762 2.139718e-03 1.273549e-04
1763 2.134575e-03 1.270476e-04
1764 2.129444e-03 1.267411e-04
1765 2.124326e-03 1.264354e-04
1766 2.119220e-03 1.261304e-04
1767 2.114127e-03 1.258261e-04
1768 2.109046e-03 1.255226e-04
1769 2.103977e-03 1.252198e-04
1770 2.098920e-03 1.249177e-04
1771 2.093876e-03 1.246163e-04
1772 2.088844e-03 1.243157e-04
1773 2.083824e-03 1.240158e-04
1774 2.078816e-03 1.237166e-04
1775 2.073820e-03 1.234182e-04
1776 2.068836e-03 1.231204e-04
1777 2.063864e-03 1.228234e-04
1778 2.058904e-03 1.225271e-04
1779 2.053956e-03 1.222315e-04
1780 2.049020e-03 1.219367e-04
1781 2.044096e-03 1.216425e-04
1782 2.039184e-03 1.213491e-04
1783 2.034284e-03 1.210563e-04
1784 2.029395e-03 1.207643e-04
1785 2.024519e-03 1.204730e-04
1786 2.019654e-03 1.201823e-04
1787 2.014801e-03 1.198924e-04
1788 2.009959e-03 1.196032e-04
1789 2.005129e-03 1.193146e-04
1790 2.000311e-03 1.190268e-04
1791 1.995505e-03 1.187397e-04
1792 1.990710e-03 1.184532e-04
1793 1.985927e-03 1.181675e-04
1794 1.981155e-03 1.178824e-04
1795 1.976395e-03 1.175980e-04
1796 1.971646e-03 1.173143e-04
1797 1.966908e-03 1.170313e-04
1798 1.962183e-03 1.167490e-04
1799 1.957468e-03 1.164674e-04
1800 1.952765e-03 1.161864e-04
1801 1.948073e-03 1.159061e-04
1802 1.943393e-03 1.156265e-04
1803 1.938723e-03 1.153476e-04
1804 1.934066e-03 1.150693e-04
1805 1.929419e-03 1.147917e-04
1806 1.924783e-03 1.145148e-04
1807 1.920159e-03 1.142385e-04
1808 1.915546e-03 1.139629e-04
1809 1.910944e-03 1.136880e-04
1810 1.906353e-03 1.134138e-04
1811 1.901773e-03 1.131402e-04
1812 1.897205e-03 1.128672e-04
1813 1.892647e-03 1.125949e-04
1814 1.888100e-03 1.123233e-04
1815 1.883564e-03 1.120523e-04
1816 1.879040e-03 1.117820e-04
1817 1.874526e-03 1.115124e-04
1818 1.870023e-03 1.112434e-04
1819 1.865531e-03 1.109750e-04
1820 1.861049e-03 1.107073e-04
1821 1.856579e-03 1.104402e-04
1822 1.852119e-03 1.101738e-04
1823 1.847670e-03 1.099080e-04
1824 1.843232e-03 1.096429e-04
1825 1.838805e-03 1.093784e-04
1826 1.834388e-03 1.091145e-04
1827 1.829982e-03 1.088513e-04
1828 1.825586e-03 1.085887e-04
1829 1.821201e-03 1.083267e-04
1830 1.816827e-03 1.080654e-04
1831 1.812463e-03 1.078047e-04
1832 1.808110e-03 1.075446e-04
1833 1.803767e-03 1.072852e-04
1834 1.799435e-03 1.070264e-04
1835 1.795113e-03 1.067682e-04
1836 1.790802e-03 1.065106e-04
1837 1.786501e-03 1.062537e-04
1838 1.782210e-03 1.059974e-04
1839 1.777930e-03 1.057416e-04
1840 1.773660e-03 1.054866e-04
1841 1.769400e-03 1.052321e-04
1842 1.765151e-03 1.049782e-04
1843 1.760912e-03 1.047250e-04
1844 1.756683e-03 1.044723e-04
1845 1.752464e-03 1.042203e-04
1846 1.748256e-03 1.039689e-04
1847 1.744058e-03 1.037181e-04
1848 1.739869e-03 1.034679e-04
1849 1.735691e-03 1.032183e-04
1850 1.731523e-03 1.029693e-04
1851 1.727365e-03 1.027209e-04
1852 1.723217e-03 1.024730e-04
1853 1.719079e-03 1.022258e-04
1854 1.714952e-03 1.019792e-04
1855 1.710834e-03 1.017332e-04
1856 1.706726e-03 1.014878e-04
1857 1.702627e-03 1.012430e-04
1858 1.698539e-03 1.009987e-04
1859 1.694461e-03 1.007551e-04
1860 1.690392e-03 1.005120e-04
1861 1.686334e-03 1.002695e-04
1862 1.682285e-03 1.000277e-04
1863 1.678246e-03 9.978635e-05
1864 1.674216e-03 9.954563e-05
1865 1.670197e-03 9.930549e-05
1866 1.666187e-03 9.906592e-05
1867 1.662186e-03 9.882694e-05
1868 1.658196e-03 9.858853e-05
1869 1.654215e-03 9.835069e-05
1870 1.650243e-03 9.811343e-05
1871 1.646281e-03 9.787675e-05
1872 1.642329e-03 9.764063e-05
1873 1.638386e-03 9.740508e-05
1874 1.634453e-03 9.717010e-05
1875 1.630530e-03 9.693569e-05
1876 1.626615e-03 9.670184e-05
1877 1.622711e-03 9.646856e-05
1878 1.618815e-03 9.623584e-05
1879 1.614929e-03 9.600368e-05
1880 1.611053e-03 9.577208e-05
1881 1.607185e-03 9.554104e-05
1882 1.603327e-03 9.531056e-05
1883 1.599479e-03 9.508063e-05
1884 1.595639e-03 9.485126e-05
1885 1.591809e-03 9.462244e-05
1886 1.587989e-03 9.439418e-05
1887 1.584177e-03 9.416646e-05
1888 1.580375e-03 9.393930e-05
1889 1.576581e-03 9.371268e-05
1890 1.572797e-03 9.348661e-05
1891 1.569022e-03 9.326108e-05
1892 1.565257e-03 9.303610e-05
1893 1.561500e-03 9.281166e-05
1894 1.557752e-03 9.258776e-05
1895 1.554014e-03 9.236440e-05
1896 1.550284e-03 9.214158e-05
1897 1.546563e-03 9.191930e-05
1898 1.542852e-03 9.169756e-05
1899 1.539149e-03 9.147635e-05
1900 1.535455e-03 9.125567e-05
1901 1.531770e-03 9.103552e-05
1902 1.528095e-03 9.081591e-05
1903 1.524427e-03 9.059683e-05
1904 1.520769e-03 9.037827e-05
1905 1.517120e-03 9.016024e-05
1906 1.513479e-03 8.994274e-05
1907 1.509847e-03 8.972577e-05
1908 1.506224e-03 8.950931e-05
1909 1.502610e-03 8.929338e-05
1910 1.499005e-03 8.907797e-05
1911 1.495408e-03 8.886308e-05
1912 1.491820e-03 8.864871e-05
1913 1.488240e-03 8.843485e-05
1914 1.484669e-03 8.822151e-05
1915 1.481107e-03 8.800869e-05
1916 1.477553e-03 8.779637e-05
1917 1.474008e-03 8.758458e-05
1918 1.470472e-03 8.737329e-05
1919 1.466944e-03 8.716251e-05
1920 1.463424e-03 8.695224e-05
1921 1.459913e-03 8.674248e-05
1922 1.456411e-03 8.653322e-05
1923 1.452916e-03 8.632447e-05
1924 1.449431e-03 8.611622e-05
1925 1.445954e-03 8.590847e-05
1926 1.442485e-03 8.570123e-05
1927 1.439024e-03 8.549448e-05
1928 1.435572e-03 8.528824e-05
1929 1.432128e-03 8.508249e-05
1930 1.428693e-03 8.487724e-05
1931 1.425266e-03 8.467248e-05
1932 1.421847e-03 8.446821e-05
1933 1.418436e-03 8.426444e-05
1934 1.415034e-03 8.406117e-05
1935 1.411639e-03 8.385838e-05
1936 1.408253e-03 8.365608e-05
1937 1.404876e-03 8.345427e-05
1938 1.401506e-03 8.325294e-05
1939 1.398144e-03 8.305210e-05
1940 1.394791e-03 8.285175e-05
1941 1.391445e-03 8.265188e-05
1942 1.388108e-03 8.245249e-05
1943 1.384779e-03 8.225358e-05
1944 1.381458e-03 8.205515e-05
1945 1.378144e-03 8.185721e-05
1946 1.374839e-03 8.165973e-05
1947 1.371542e-03 8.146274e-05
1948 1.368253e-03 8.126622e-05
1949 1.364971e-03 8.107017e-05
1950 1.361698e-03 8.087460e-05
1951 1.358432e-03 8.067950e-05
1952 1.355175e-03 8.048487e-05
1953 1.351925e-03 8.029071e-05
1954 1.348683e-03 8.009701e-05
1955 1.345449e-03 7.990379e-05
1956 1.342223e-03 7.971103e-05
1957 1.339004e-03 7.951873e-05
1958 1.335794e-03 7.932690e-05
1959 1.332591e-03 7.913554e-05
1960 1.329395e-03 7.894463e-05
1961 1.326208e-03 7.875419e-05
1962 1.323028e-03 7.856420e-05
1963 1.319856e-03 7.837467e-05
1964 1.316691e-03 7.818560e-05
1965 1.313534e-03 7.799699e-05
1966 1.310385e-03 7.780883e-05
1967 1.307243e-03 7.762112e-05
1968 1.304109e-03 7.743387e-05
1969 1.300983e-03 7.724707e-05
1970 1.297864e-03 7.706072e-05
1971 1.294752e-03 7.687482e-05
1972 1.291648e-03 7.668937e-05
1973 1.288552e-03 7.650436e-05
1974 1.285463e-03 7.631980e-05
1975 1.282381e-03 7.613569e-05
1976 1.279307e-03 7.595202e-05
1977 1.276241e-03 7.576879e-05
1978 1.273181e-03 7.558601e-05
1979 1.270129e-03 7.540367e-05
1980 1.267085e-03 7.522176e-05
1981 1.264048e-03 7.504030e-05
1982 1.261018e-03 7.485927e-05
1983 1.257995e-03 7.467868e-05
1984 1.254980e-03 7.449853e-05
1985 1.251972e-03 7.431881e-05
1986 1.248971e-03 7.413952e-05
1987 1.245978e-03 7.396067e-05
1988 1.242992e-03 7.378225e-05
1989 1.240013e-03 7.360426e-05
1990 1.237041e-03 7.342669e-05
1991 1.234076e-03 7.324956e-05
1992 1.231119e-03 7.307285e-05
1993 1.228168e-03 7.289657e-05
1994 1.225225e-03 7.272072e-05
1995 1.222289e-03 7.254529e-05
1996 1.219360e-03 7.237028e-05
1997 1.216438e-03 7.219569e-05
1998 1.213523e-03 7.202153e-05
1999 1.210615e-03 7.184779e-05
2000 1.207714e-03 7.167446e-05
2001 1.204820e-03 7.150155e-05
2002 1.201933e-03 7.132906e-05
2003 1.199053e-03 7.115699e-05
2004 1.196181e-03 7.098533e-05
2005 1.193314e-03 7.081409e-05
2006 1.190455e-03 7.064326e-05
2007 1.187603e-03 7.047284e-05
2008 1.184758e-03 7.030283e-05
2009 1.181919e-03 7.013323e-05
2010 1.179088e-03 6.996404e-05
2011 1.176263e-03 6.979526e-05
2012 1.173445e-03 6.962689e-05
2013 1.170634e-03 6.945892e-05
2014 1.167829e-03 6.929136e-05
2015 1.165032e-03 6.912420e-05
2016 1.162241e-03 6.895745e-05
2017 1.159457e-03 6.879109e-05
2018 1.156679e-03 6.862514e-05
2019 1.153909e-03 6.845959e-05
2020 1.151145e-03 6.829444e-05
2021 1.148387e-03 6.812969e-05
2022 1.145637e-03 6.796533e-05
2023 1.142893e-03 6.780137e-05
2024 1.140155e-03 6.763781e-05
2025 1.137424e-03 6.747464e-05
2026 1.134700e-03 6.731186e-05
2027 1.131982e-03 6.714948e-05
2028 1.129271e-03 6.698749e-05
2029 1.126567e-03 6.682589e-05
2030 1.123869e-03 6.666468e-05
2031 1.121177e-03 6.650386e-05
2032 1.118492e-03 6.634343e-05
2033 1.115814e-03 6.618338e-05
2034 1.113142e-03 6.602372e-05
2035 1.110476e-03 6.586444e-05
2036 1.107817e-03 6.570555e-05
2037 1.105164e-03 6.554705e-05
2038 1.102518e-03 6.538892e-05
2039 1.099878e-03 6.523118e-05
2040 1.097244e-03 6.507381e-05
2041 1.094617e-03 6.491683e-05
2042 1.091996e-03 6.476023e-05
2043 1.089382e-03 6.460400e-05
2044 1.086773e-03 6.444815e-05
2045 1.084171e-03 6.429267e-05
2046 1.081576e-03 6.413758e-05
2047 1.078986e-03 6.398285e-05
2048 1.076403e-03 6.382850e-05
2049 1.073826e-03 6.367452e-05
2050 1.071255e-03 6.352091e-05
2051 1.068691e-03 6.336767e-05
2052 1.066133e-03 6.321481e-05
2053 1.063580e-03 6.306231e-05
2054 1.061034e-03 6.291018e-05
2055 1.058495e-03 6.275841e-05
2056 1.055961e-03 6.260701e-05
2057 1.053433e-03 6.245598e-05
2058 1.050912e-03 6.230531e-05
2059 1.048396e-03 6.215501e-05
2060 1.045887e-03 6.200507e-05
2061 1.043384e-03 6.185549e-05
2062 1.040887e-03 6.170627e-05
2063 1.038395e-03 6.155741e-05
2064 1.035910e-03 6.140891e-05
2065 1.033431e-03 6.126076e-05
2066 1.030958e-03 6.111298e-05
2067 1.028491e-03 6.096555e-05
2068 1.026029e-03 6.081848e-05
2069 1.023574e-03 6.067176e-05
2070 1.021125e-03 6.052540e-05
2071 1.018681e-03 6.037938e-05
2072 1.016244e-03 6.023373e-05
2073 1.013812e-03 6.008842e-05
2074 1.011386e-03 5.994346e-05
2075 1.008966e-03 5.979885e-05
2076 1.006552e-03 5.965460e-05
2077 1.004144e-03 5.951069e-05
2078 1.001741e-03 5.936712e-05
2079 9.993443e-04 5.922391e-05
2080 9.969534e-04 5.908104e-05
2081 9.945683e-04 5.893851e-05
2082 9.921889e-04 5.879633e-05
2083 9.898152e-04 5.865449e-05
2084 9.874473e-04 5.851299e-05
2085 9.850851e-04 5.837183e-05
2086 9.827287e-04 5.823102e-05
2087 9.803779e-04 5.809054e-05
2088 9.780327e-04 5.795040e-05
2089 9.756933e-04 5.781060e-05
2090 9.733594e-04 5.767114e-05
2091 9.710313e-04 5.753202e-05
2092 9.687087e-04 5.739323e-05
2093 9.663917e-04 5.725477e-05
2094 9.640804e-04 5.711665e-05
2095 9.617746e-04 5.697886e-05
2096 9.594744e-04 5.684141e-05
2097 9.571797e-04 5.670428e-05
2098 9.548906e-04 5.656749e-05
2099 9.526070e-04 5.643103e-05
2100 9.503289e-04 5.629489e-05
2101 9.480564e-04 5.615909e-05
2102 9.457893e-04 5.602361e-05
2103 9.435276e-04 5.588846e-05
2104 9.412715e-04 5.575364e-05
2105 9.390208e-04 5.561914e-05
2106 9.367755e-04 5.548496e-05
2107 9.345356e-04 5.535111e-05
2108 9.323012e-04 5.521758e-05
2109 9.300721e-04 5.508437e-05
2110 9.278485e-04 5.495149e-05
2111 9.256302e-04 5.481893e-05
2112 9.234172e-04 5.468668e-05
2113 9.212096e-04 5.455475e-05
2114 9.190073e-04 5.442315e-05
2115 9.168104e-04 5.429186e-05
2116 9.146187e-04 5.416088e-05
2117 9.124324e-04 5.403023e-05
2118 9.102513e-04 5.389988e-05
2119 9.080754e-04 5.376986e-05
2120 9.059049e-04 5.364014e-05
2121 9.037396e-04 5.351074e-05
2122 9.015795e-04 5.338165e-05
2123 8.994246e-04 5.325288e-05
2124 8.972749e-04 5.312441e-05
2125 8.951304e-04 5.299625e-05
2126 8.929911e-04 5.286840e-05
2127 8.908570e-04 5.274087e-05
2128 8.887280e-04 5.261363e-05
2129 8.866041e-04 5.248671e-05
2130 8.844854e-04 5.236009e-05
2131 8.823718e-04 5.223378e-05
2132 8.802633e-04 5.210777e-05
2133 8.781599e-04 5.198206e-05
2134 8.760616e-04 5.185666e-05
2135 8.739683e-04 5.173156e-05
2136 8.718801e-04 5.160677e-05
2137 8.697969e-04 5.148227e-05
2138 8.677188e-04 5.135808e-05
2139 8.656457e-04 5.123418e-05
2140 8.635775e-04 5.111058e-05
2141 8.615144e-04 5.098729e-05
2142 8.594563e-04 5.086428e-05
2143 8.574031e-04 5.074158e-05
2144 8.553549e-04 5.061917e-05
2145 8.533116e-04 5.049706e-05
2146 8.512733e-04 5.037524e-05
2147 8.492399e-04 5.025371e-05
2148 8.472114e-04 5.013248e-05
2149 8.451878e-04 5.001154e-05
2150 8.431691e-04 4.989090e-05
2151 8.411553e-04 4.977054e-05
2152 8.391463e-04 4.965047e-05
2153 8.371422e-04 4.953070e-05
2154 8.351429e-04 4.941121e-05
2155 8.331484e-04 4.929201e-05
2156 8.311588e-04 4.917310e-05
2157 8.291739e-04 4.905447e-05
2158 8.271939e-04 4.893614e-05
2159 8.252186e-04 4.881808e-05
2160 8.232481e-04 4.870031e-05
2161 8.212824e-04 4.858283e-05
2162 8.193214e-04 4.846563e-05
2163 8.173652e-04 4.834871e-05
2164 8.154137e-04 4.823207e-05
2165 8.134668e-04 4.811572e-05
2166 8.115247e-04 4.799965e-05
2167 8.095873e-04 4.788385e-05
2168 8.076546e-04 4.776834e-05
2169 8.057265e-04 4.765310e-05
2170 8.038031e-04 4.753814e-05
2171 8.018843e-04 4.742346e-05
2172 7.999702e-04 4.730906e-05
2173 7.980606e-04 4.719493e-05
2174 7.961557e-04 4.708108e-05
2175 7.942554e-04 4.696750e-05
2176 7.923597e-04 4.685420e-05
2177 7.904686e-04 4.674117e-05
2178 7.885820e-04 4.662841e-05
2179 7.867000e-04 4.651592e-05
2180 7.848225e-04 4.640371e-05
2181 7.829496e-04 4.629176e-05
2182 7.810812e-04 4.618009e-05
2183 7.792173e-04 4.606868e-05
2184 7.773579e-04 4.595755e-05
2185 7.755030e-04 4.584668e-05
2186 7.736526e-04 4.573608e-05
2187 7.718066e-04 4.562575e-05
2188 7.699651e-04 4.551568e-05
2189 7.681281e-04 4.540588e-05
2190 7.662955e-04 4.529634e-05
2191 7.644673e-04 4.518707e-05
2192 7.626435e-04 4.507806e-05
2193 7.608241e-04 4.496932e-05
2194 7.590092e-04 4.486083e-05
2195 7.571986e-04 4.475261e-05
2196 7.553924e-04 4.464465e-05
2197 7.535905e-04 4.453695e-05
2198 7.517930e-04 4.442951e-05
2199 7.499999e-04 4.432233e-05
2200 7.482110e-04 4.421540e-05
2201 7.464265e-04 4.410874e-05
2202 7.446463e-04 4.400233e-05
2203 7.428705e-04 4.389618e-05
2204 7.410989e-04 4.379029e-05
2205 7.393315e-04 4.368465e-05
2206 7.375685e-04 4.357926e-05
2207 7.358097e-04 4.347413e-05
2208 7.340551e-04 4.336925e-05
2209 7.323048e-04 4.326463e-05
2210 7.305587e-04 4.316026e-05
2211 7.288169e-04 4.305614e-05
2212 7.270792e-04 4.295227e-05
2213 7.253458e-04 4.284865e-05
2214 7.236165e-04 4.274529e-05
2215 7.218914e-04 4.264217e-05
2216 7.201705e-04 4.253930e-05
2217 7.184537e-04 4.243668e-05
2218 7.167411e-04 4.233430e-05
2219 7.150326e-04 4.223218e-05
2220 7.133282e-04 4.213030e-05
2221 7.116280e-04 4.202866e-05
2222 7.099318e-04 4.192727e-05
2223 7.082398e-04 4.182613e-05
2224 7.065519e-04 4.172523e-05
2225 7.048680e-04 4.162457e-05
2226 7.031882e-04 4.152415e-05
2227 7.015124e-04 4.142398e-05
2228 6.998407e-04 4.132405e-05
2229 6.981731e-04 4.122436e-05
2230 6.965095e-04 4.112491e-05
2231 6.948498e-04 4.102570e-05
2232 6.931942e-04 4.092673e-05
2233 6.915426e-04 4.082800e-05
2234 6.898950e-04 4.072951e-05
2235 6.882514e-04 4.063125e-05
2236 6.866117e-04 4.053323e-05
2237 6.849761e-04 4.043545e-05
2238 6.833443e-04 4.033790e-05
2239 6.817165e-04 4.024059e-05
2240 6.800926e-04 4.014352e-05
2241 6.784727e-04 4.004668e-05
2242 6.768567e-04 3.995007e-05
2243 6.752445e-04 3.985369e-05
2244 6.736363e-04 3.975755e-05
2245 6.720319e-04 3.966164e-05
2246 6.704315e-04 3.956596e-05
2247 6.688349e-04 3.947051e-05
2248 6.672421e-04 3.937529e-05
2249 6.656532e-04 3.928030e-05
2250 6.640682e-04 3.918554e-05
2251 6.624869e-04 3.909101e-05
2252 6.609095e-04 3.899671e-05
2253 6.593359e-04 3.890264e-05
2254 6.577661e-04 3.880879e-05
2255 6.562001e-04 3.871516e-05
2256 6.546379e-04 3.862177e-05
2257 6.530795e-04 3.852860e-05
2258 6.515248e-04 3.843565e-05
2259 6.499739e-04 3.834293e-05
2260 6.484267e-04 3.825043e-05
2261 6.468833e-04 3.815816e-05
2262 6.453436e-04 3.806610e-05
2263 6.438076e-04 3.797427e-05
2264 6.422753e-04 3.788267e-05
2265 6.407468e-04 3.779128e-05
2266 6.392219e-04 3.770011e-05
2267 6.377007e-04 3.760916e-05
2268 6.361832e-04 3.751843e-05
2269 6.346693e-04 3.742793e-05
2270 6.331592e-04 3.733763e-05
2271 6.316526e-04 3.724756e-05
2272 6.301497e-04 3.715771e-05
2273 6.286505e-04 3.706807e-05
2274 6.271548e-04 3.697864e-05
2275 6.256628e-04 3.688944e-05
2276 6.241744e-04 3.680045e-05
2277 6.226895e-04 3.671167e-05
2278 6.212083e-04 3.662311e-05
2279 6.197307e-04 3.653476e-05
2280 6.182566e-04 3.644662e-05
2281 6.167860e-04 3.635870e-05
2282 6.153191e-04 3.627099e-05
2283 6.138557e-04 3.618349e-05
2284 6.123958e-04 3.609620e-05
2285 6.109394e-04 3.600912e-05
2286 6.094866e-04 3.592225e-05
2287 6.080373e-04 3.583559e-05
2288 6.065914e-04 3.574914e-05
2289 6.051491e-04 3.566290e-05
2290 6.037103e-04 3.557687e-05
2291 6.022749e-04 3.549104e-05
2292 6.008430e-04 3.540542e-05
2293 5.994146e-04 3.532001e-05
2294 5.979896e-04 3.523481e-05
2295 5.965681e-04 3.514981e-05
2296 5.951500e-04 3.506501e-05
2297 5.937353e-04 3.498042e-05
2298 5.923240e-04 3.489603e-05
2299 5.909162e-04 3.481185e-05
2300 5.895118e-04 3.472787e-05
2301 5.881107e-04 3.464409e-05
2302 5.867131e-04 3.456052e-05
2303 5.853188e-04 3.447715e-05
2304 5.839279e-04 3.439397e-05
2305 5.825403e-04 3.431100e-05
2306 5.811561e-04 3.422823e-05
2307 5.797753e-04 3.414566e-05
2308 5.783978e-04 3.406329e-05
2309 5.770236e-04 3.398111e-05
2310 5.756528e-04 3.389914e-05
2311 5.742852e-04 3.381736e-05
2312 5.729210e-04 3.373578e-05
2313 5.715600e-04 3.365439e-05
2314 5.702024e-04 3.357321e-05
2315 5.688480e-04 3.349221e-05
2316 5.674969e-04 3.341142e-05
2317 5.661491e-04 3.333082e-05
2318 5.648046e-04 3.325041e-05
2319 5.634633e-04 3.317020e-05
2320 5.621252e-04 3.309018e-05
2321 5.607903e-04 3.301035e-05
2322 5.594587e-04 3.293072e-05
2323 5.581304e-04 3.285127e-05
2324 5.568052e-04 3.277202e-05
2325 5.554832e-04 3.269297e-05
2326 5.541644e-04 3.261410e-05
2327 5.528488e-04 3.253542e-05
2328 5.515364e-04 3.245693e-05
2329 5.502272e-04 3.237863e-05
2330 5.489211e-04 3.230052e-05
2331 5.476182e-04 3.222260e-05
2332 5.463185e-04 3.214487e-05
2333 5.450219e-04 3.206732e-05
2334 5.437284e-04 3.198996e-05
2335 5.424380e-04 3.191279e-05
2336 5.411508e-04 3.183580e-05
2337 5.398667e-04 3.175900e-05
2338 5.385857e-04 3.168239e-05
2339 5.373078e-04 3.160596e-05
2340 5.360329e-04 3.152971e-05
2341 5.347612e-04 3.145365e-05
2342 5.334925e-04 3.137777e-05
2343 5.322269e-04 3.130208e-05
2344 5.309644e-04 3.122656e-05
2345 5.297049e-04 3.115123e-05
2346 5.284485e-04 3.107608e-05
2347 5.271951e-04 3.100112e-05
2348 5.259447e-04 3.092633e-05
2349 5.246974e-04 3.085172e-05
2350 5.234530e-04 3.077730e-05
2351 5.222117e-04 3.070305e-05
2352 5.209734e-04 3.062898e-05
2353 5.197381e-04 3.055509e-05
2354 5.185057e-04 3.048138e-05
2355 5.172764e-04 3.040785e-05
2356 5.160500e-04 3.033449e-05
2357 5.148266e-04 3.026131e-05
2358 5.136062e-04 3.018831e-05
2359 5.123887e-04 3.011549e-05
2360 5.111741e-04 3.004284e-05
2361 5.099625e-04 2.997036e-05
2362 5.087538e-04 2.989806e-05
2363 5.075480e-04 2.982593e-05
2364 5.063452e-04 2.975398e-05
2365 5.051452e-04 2.968220e-05
2366 5.039482e-04 2.961060e-05
2367 5.027541e-04 2.953917e-05
2368 5.015628e-04 2.946791e-05
2369 5.003745e-04 2.939682e-05
2370 4.991890e-04 2.932590e-05
2371 4.980063e-04 2.925516e-05
2372 4.968266e-04 2.918458e-05
2373 4.956497e-04 2.911418e-05
2374 4.944756e-04 2.904394e-05
2375 4.933044e-04 2.897388e-05
2376 4.921360e-04 2.890398e-05
2377 4.909704e-04 2.883425e-05
2378 4.898077e-04 2.876469e-05
2379 4.886478e-04 2.869530e-05
2380 4.874907e-04 2.862608e-05
2381 4.863363e-04 2.855702e-05
2382 4.851848e-04 2.848813e-05
2383 4.840361e-04 2.841940e-05
2384 4.828901e-04 2.835085e-05
2385 4.817469e-04 2.828245e-05
2386 4.806065e-04 2.821422e-05
2387 4.794688e-04 2.814616e-05
2388 4.783339e-04 2.807826e-05
2389 4.772017e-04 2.801053e-05
2390 4.760723e-04 2.794295e-05
2391 4.749456e-04 2.787554e-05
2392 4.738217e-04 2.780830e-05
2393 4.727004e-04 2.774121e-05
2394 4.715819e-04 2.767429e-05
2395 4.704661e-04 2.760753e-05
2396 4.693529e-04 2.754093e-05
2397 4.682425e-04 2.747449e-05
2398 4.671348e-04 2.740821e-05
2399 4.660297e-04 2.734209e-05
2400 4.649273e-04 2.727613e-05
2401 4.638276e-04 2.721033e-05
2402 4.627305e-04 2.714469e-05
2403 4.616361e-04 2.707920e-05
2404 4.605444e-04 2.701388e-05
2405 4.594553e-04 2.694871e-05
2406 4.583688e-04 2.688370e-05
2407 4.572849e-04 2.681885e-05
2408 4.562037e-04 2.675415e-05
2409 4.551251e-04 2.668961e-05
2410 4.540491e-04 2.662522e-05
2411 4.529757e-04 2.656099e-05
2412 4.519049e-04 2.649691e-05
2413 4.508367e-04 2.643299e-05
2414 4.497711e-04 2.636923e-05
2415 4.487081e-04 2.630561e-05
2416 4.476476e-04 2.624215e-05
2417 4.465897e-04 2.617885e-05
2418 4.455344e-04 2.611569e-05
2419 4.444816e-04 2.605269e-05
2420 4.434314e-04 2.598984e-05
2421 4.423837e-04 2.592715e-05
2422 4.413386e-04 2.586460e-05
2423 4.402960e-04 2.580220e-05
2424 4.392559e-04 2.573996e-05
2425 4.382183e-04 2.567786e-05
2426 4.371832e-04 2.561592e-05
2427 4.361507e-04 2.555412e-05
2428 4.351206e-04 2.549248e-05
2429 4.340930e-04 2.543098e-05
2430 4.330680e-04 2.536963e-05
2431 4.320454e-04 2.530843e-05
2432 4.310253e-04 2.524737e-05
2433 4.300076e-04 2.518647e-05
2434 4.289924e-04 2.512571e-05
2435 4.279797e-04 2.506510e-05
2436 4.269694e-04 2.500463e-05
2437 4.259616e-04 2.494431e-05
2438 4.249562e-04 2.488413e-05
2439 4.239533e-04 2.482410e-05
2440 4.229528e-04 2.476422e-05
2441 4.219547e-04 2.470448e-05
2442 4.209590e-04 2.464488e-05
2443 4.199657e-04 2.458543e-05
2444 4.189748e-04 2.452612e-05
2445 4.179864e-04 2.446695e-05
2446 4.170003e-04 2.440793e-05
2447 4.160166e-04 2.434904e-05
2448 4.150353e-04 2.429030e-05
2449 4.140564e-04 2.423171e-05
2450 4.130799e-04 2.417325e-05
2451 4.121057e-04 2.411493e-05
2452 4.111339e-04 2.405676e-05
2453 4.101644e-04 2.399873e-05
2454 4.091973e-04 2.394083e-05
2455 4.082325e-04 2.388308e-05
2456 4.072701e-04 2.382546e-05
2457 4.063099e-04 2.376799e-05
2458 4.053522e-04 2.371065e-05
2459 4.043967e-04 2.365345e-05
2460 4.034435e-04 2.359639e-05
2461 4.024927e-04 2.353946e-05
2462 4.015442e-04 2.348268e-05
2463 4.005979e-04 2.342603e-05
2464 3.996540e-04 2.336951e-05
2465 3.987123e-04 2.331314e-05
2466 3.977730e-04 2.325690e-05
2467 3.968359e-04 2.320079e-05
2468 3.959010e-04 2.314482e-05
2469 3.949685e-04 2.308899e-05
2470 3.940382e-04 2.303329e-05
2471 3.931101e-04 2.297772e-05
2472 3.921843e-04 2.292229e-05
2473 3.912608e-04 2.286700e-05
2474 3.903394e-04 2.281183e-05
2475 3.894204e-04 2.275680e-05
2476 3.885035e-04 2.270190e-05
2477 3.875889e-04 2.264714e-05
2478 3.866764e-04 2.259250e-05
2479 3.857662e-04 2.253800e-05
2480 3.848582e-04 2.248363e-05
2481 3.839524e-04 2.242939e-05
2482 3.830488e-04 2.237528e-05
2483 3.821474e-04 2.232130e-05
2484 3.812482e-04 2.226746e-05
2485 3.803511e-04 2.221374e-05
2486 3.794563e-04 2.216015e-05
2487 3.785636e-04 2.210669e-05
2488 3.776730e-04 2.205336e-05
2489 3.767846e-04 2.200016e-05
2490 3.758984e-04 2.194709e-05
2491 3.750143e-04 2.189414e-05
2492 3.741324e-04 2.184132e-05
2493 3.732526e-04 2.178863e-05
2494 3.723749e-04 2.173607e-05
2495 3.714994e-04 2.168364e-05
2496 3.706260e-04 2.163133e-05
2497 3.697547e-04 2.157914e-05
2498 3.688855e-04 2.152709e-05
2499 3.680184e-04 2.147515e-05
2500 3.671534e-04 2.142335e-05
2501 3.662906e-04 2.137167e-05
2502 3.654298e-04 2.132011e-05
2503 3.645711e-04 2.126868e-05
2504 3.637145e-04 2.121737e-05
2505 3.628599e-04 2.116618e-05
2506 3.620075e-04 2.111512e-05
2507 3.611571e-04 2.106418e-05
2508 3.603087e-04 2.101337e-05
2509 3.594625e-04 2.096268e-05
2510 3.586182e-04 2.091211e-05
2511 3.577761e-04 2.086166e-05
2512 3.569359e-04 2.081133e-05
2513 3.560978e-04 2.076113e-05
2514 3.552618e-04 2.071104e-05
2515 3.544277e-04 2.066108e-05
2516 3.535957e-04 2.061124e-05
2517 3.527657e-04 2.056152e-05
2518 3.519378e-04 2.051191e-05
2519 3.511118e-04 2.046243e-05
2520 3.502878e-04 2.041307e-05
2521 3.494659e-04 2.036382e-05
2522 3.486459e-04 2.031470e-05
2523 3.478279e-04 2.026569e-05
2524 3.470119e-04 2.021680e-05
2525 3.461979e-04 2.016803e-05
2526 3.453858e-04 2.011938e-05
2527 3.445758e-04 2.007084e-05
2528 3.437677e-04 2.002242e-05
2529 3.429615e-04 1.997412e-05
2530 3.421573e-04 1.992594e-05
2531 3.413551e-04 1.987787e-05
2532 3.405548e-04 1.982991e-05
2533 3.397564e-04 1.978208e-05
2534 3.389600e-04 1.973435e-05
2535 3.381656e-04 1.968675e-05
2536 3.373730e-04 1.963925e-05
2537 3.365824e-04 1.959188e-05
2538 3.357937e-04 1.954461e-05
2539 3.350069e-04 1.949746e-05
2540 3.342220e-04 1.945043e-05
2541 3.334390e-04 1.940351e-05
2542 3.326579e-04 1.935670e-05
2543 3.318788e-04 1.931000e-05
2544 3.311015e-04 1.926342e-05
2545 3.303261e-04 1.921695e-05
2546 3.295525e-04 1.917059e-05
2547 3.287809e-04 1.912434e-05
2548 3.280111e-04 1.907821e-05
2549 3.272432e-04 1.903218e-05
2550 3.264772e-04 1.898627e-05
2551 3.257130e-04 1.894047e-05
2552 3.249507e-04 1.889477e-05
2553 3.241902e-04 1.884919e-05
2554 3.234316e-04 1.880372e-05
2555 3.226748e-04 1.875836e-05
2556 3.219199e-04 1.871311e-05
2557 3.211668e-04 1.866796e-05
2558 3.204155e-04 1.862293e-05
2559 3.196661e-04 1.857800e-05
2560 3.189184e-04 1.853319e-05
2561 3.181726e-04 1.848848e-05
2562 3.174286e-04 1.844388e-05
2563 3.166864e-04 1.839938e-05
2564 3.159460e-04 1.835499e-05
2565 3.152074e-04 1.831072e-05
2566 3.144706e-04 1.826654e-05
2567 3.137356e-04 1.822248e-05
2568 3.130024e-04 1.817852e-05
2569 3.122709e-04 1.813466e-05
2570 3.115413e-04 1.809092e-05
2571 3.108134e-04 1.804727e-05
2572 3.100873e-04 1.800374e-05
2573 3.093629e-04 1.796030e-05
2574 3.086403e-04 1.791698e-05
2575 3.079195e-04 1.787375e-05
2576 3.072004e-04 1.783064e-05
2577 3.064830e-04 1.778762e-05
2578 3.057674e-04 1.774471e-05
2579 3.050536e-04 1.770190e-05
2580 3.043414e-04 1.765920e-05
2581 3.036310e-04 1.761660e-05
2582 3.029224e-04 1.757410e-05
2583 3.022154e-04 1.753170e-05
2584 3.015102e-04 1.748941e-05
2585 3.008067e-04 1.744722e-05
2586 3.001049e-04 1.740513e-05
2587 2.994048e-04 1.736314e-05
2588 2.987064e-04 1.732126e-05
2589 2.980097e-04 1.727947e-05
2590 2.973147e-04 1.723778e-05
2591 2.966213e-04 1.719620e-05
2592 2.959297e-04 1.715472e-05
2593 2.952398e-04 1.711333e-05
2594 2.945515e-04 1.707205e-05
2595 2.938649e-04 1.703086e-05
2596 2.931800e-04 1.698978e-05
2597 2.924967e-04 1.694879e-05
2598 2.918151e-04 1.690791e-05
2599 2.911352e-04 1.686712e-05
2600 2.904569e-04 1.682643e-05
2601 2.897803e-04 1.678584e-05
2602 2.891053e-04 1.674534e-05
2603 2.884319e-04 1.670495e-05
2604 2.877602e-04 1.666465e-05
2605 2.870901e-04 1.662444e-05
2606 2.864217e-04 1.658434e-05
2607 2.857549e-04 1.654433e-05
2608 2.850897e-04 1.650442e-05
2609 2.844261e-04 1.646461e-05
2610 2.837641e-04 1.642489e-05
2611 2.831038e-04 1.638526e-05
2612 2.824450e-04 1.634574e-05
2613 2.817879e-04 1.630630e-05
2614 2.811323e-04 1.626697e-05
2615 2.804784e-04 1.622772e-05
2616 2.798260e-04 1.618858e-05
2617 2.791753e-04 1.614952e-05
2618 2.785261e-04 1.611056e-05
2619 2.778785e-04 1.607170e-05
2620 2.772324e-04 1.603293e-05
2621 2.765880e-04 1.599425e-05
2622 2.759451e-04 1.595567e-05
2623 2.753038e-04 1.591717e-05
2624 2.746640e-04 1.587878e-05
2625 2.740258e-04 1.584047e-05
2626 2.733892e-04 1.580226e-05
2627 2.727541e-04 1.576414e-05
2628 2.721205e-04 1.572611e-05
2629 2.714885e-04 1.568817e-05
2630 2.708580e-04 1.565032e-05
2631 2.702291e-04 1.561257e-05
2632 2.696017e-04 1.557490e-05
2633 2.689758e-04 1.553733e-05
2634 2.683514e-04 1.549985e-05
2635 2.677286e-04 1.546246e-05
2636 2.671073e-04 1.542516e-05
2637 2.664875e-04 1.538794e-05
2638 2.658692e-04 1.535082e-05
2639 2.652524e-04 1.531379e-05
2640 2.646371e-04 1.527685e-05
2641 2.640234e-04 1.523999e-05
2642 2.634111e-04 1.520323e-05
2643 2.628003e-04 1.516655e-05
2644 2.621910e-04 1.512997e-05
2645 2.615831e-04 1.509347e-05
2646 2.609768e-04 1.505705e-05
2647 2.603719e-04 1.502073e-05
2648 2.597686e-04 1.498450e-05
2649 2.591666e-04 1.494835e-05
2650 2.585662e-04 1.491229e-05
2651 2.579672e-04 1.487631e-05
2652 2.573697e-04 1.484042e-05
2653 2.567736e-04 1.480462e-05
2654 2.561790e-04 1.476891e-05
2655 2.555858e-04 1.473328e-05
2656 2.549941e-04 1.469774e-05
2657 2.544038e-04 1.466228e-05
2658 2.538150e-04 1.462691e-05
2659 2.532276e-04 1.459162e-05
2660 2.526416e-04 1.455642e-05
2661 2.520570e-04 1.452131e-05
2662 2.514739e-04 1.448628e-05
2663 2.508922e-04 1.445133e-05
2664 2.503120e-04 1.441647e-05
2665 2.497331e-04 1.438169e-05
2666 2.491556e-04 1.434699e-05
2667 2.485796e-04 1.431238e-05
2668 2.480050e-04 1.427786e-05
2669 2.474317e-04 1.424341e-05
2670 2.468599e-04 1.420905e-05
2671 2.462895e-04 1.417477e-05
2672 2.457204e-04 1.414058e-05
2673 2.451528e-04 1.410647e-05
2674 2.445865e-04 1.407244e-05
2675 2.440216e-04 1.403849e-05
2676 2.434581e-04 1.400462e-05
2677 2.428959e-04 1.397084e-05
2678 2.423352e-04 1.393713e-05
2679 2.417758e-04 1.390351e-05
2680 2.412177e-04 1.386997e-05
2681 2.406611e-04 1.383651e-05
2682 2.401058e-04 1.380313e-05
2683 2.395518e-04 1.376983e-05
2684 2.389992e-04 1.373662e-05
2685 2.384480e-04 1.370348e-05
2686 2.378980e-04 1.367042e-05
2687 2.373495e-04 1.363744e-05
2688 2.368023e-04 1.360454e-05
2689 2.362564e-04 1.357172e-05
2690 2.357118e-04 1.353898e-05
2691 2.351686e-04 1.350632e-05
2692 2.346267e-04 1.347374e-05
2693 2.340861e-04 1.344124e-05
2694 2.335469e-04 1.340881e-05
2695 2.330089e-04 1.337646e-05
2696 2.324723e-04 1.334419e-05
2697 2.319370e-04 1.331200e-05
2698 2.314030e-04 1.327989e-05
2699 2.308703e-04 1.324785e-05
2700 2.303389e-04 1.321589e-05
2701 2.298088e-04 1.318401e-05
2702 2.292800e-04 1.315221e-05
2703 2.287525e-04 1.312048e-05
2704 2.282263e-04 1.308883e-05
2705 2.277013e-04 1.305725e-05
2706 2.271777e-04 1.302575e-05
2707 2.266553e-04 1.299433e-05
2708 2.261342e-04 1.296298e-05
2709 2.256144e-04 1.293171e-05
2710 2.250959e-04 1.290051e-05
2711 2.245786e-04 1.286939e-05
2712 2.240626e-04 1.283835e-05
2713 2.235478e-04 1.280737e-05
2714 2.230343e-04 1.277648e-05
2715 2.225221e-04 1.274566e-05
2716 2.220111e-04 1.271491e-05
2717 2.215014e-04 1.268423e-05
2718 2.209929e-04 1.265364e-05
2719 2.204856e-04 1.262311e-05
2720 2.199796e-04 1.259266e-05
2721 2.194749e-04 1.256228e-05
2722 2.189714e-04 1.253197e-05
2723 2.184691e-04 1.250174e-05
2724 2.179680e-04 1.247158e-05
2725 2.174681e-04 1.244150e-05
2726 2.169695e-04 1.241148e-05
2727 2.164721e-04 1.238154e-05
2728 2.159760e-04 1.235167e-05
2729 2.154810e-04 1.232188e-05
2730 2.149872e-04 1.229215e-05
2731 2.144947e-04 1.226250e-05
2732 2.140034e-04 1.223292e-05
2733 2.135132e-04 1.220340e-05
2734 2.130243e-04 1.217397e-05
2735 2.125366e-04 1.214460e-05
2736 2.120500e-04 1.211530e-05
2737 2.115647e-04 1.208607e-05
2738 2.110805e-04 1.205692e-05
2739 2.105975e-04 1.202783e-05
2740 2.101157e-04 1.199881e-05
2741 2.096351e-04 1.196987e-05
2742 2.091557e-04 1.194099e-05
2743 2.086774e-04 1.191219e-05
2744 2.082003e-04 1.188345e-05
2745 2.077244e-04 1.185478e-05
2746 2.072497e-04 1.182618e-05
2747 2.067761e-04 1.179765e-05
2748 2.063037e-04 1.176919e-05
2749 2.058324e-04 1.174080e-05
2750 2.053623e-04 1.171248e-05
2751 2.048933e-04 1.168422e-05
2752 2.044255e-04 1.165604e-05
2753 2.039588e-04 1.162792e-05
2754 2.034933e-04 1.159987e-05
2755 2.030289e-04 1.157188e-05
2756 2.025657e-04 1.154397e-05
2757 2.021036e-04 1.151612e-05
2758 2.016426e-04 1.148834e-05
2759 2.011828e-04 1.146062e-05
2760 2.007241e-04 1.143297e-05
2761 2.002665e-04 1.140539e-05
2762 1.998100e-04 1.137788e-05
2763 1.993547e-04 1.135043e-05
2764 1.989005e-04 1.132305e-05
2765 1.984474e-04 1.129573e-05
2766 1.979954e-04 1.126848e-05
2767 1.975445e-04 1.124130e-05
2768 1.970947e-04 1.121418e-05
2769 1.966460e-04 1.118713e-05
2770 1.961985e-04 1.116014e-05
2771 1.957520e-04 1.113322e-05
2772 1.953066e-04 1.110636e-05
2773 1.948623e-04 1.107957e-05
2774 1.944191e-04 1.105284e-05
2775 1.939770e-04 1.102618e-05
2776 1.935360e-04 1.099958e-05
2777 1.930961e-04 1.097304e-05
2778 1.926572e-04 1.094657e-05
2779 1.922195e-04 1.092016e-05
2780 1.917828e-04 1.089382e-05
2781 1.913471e-04 1.086754e-05
2782 1.909126e-04 1.084132e-05
2783 1.904791e-04 1.081517e-05
2784 1.900467e-04 1.078908e-05
2785 1.896153e-04 1.076305e-05
2786 1.891850e-04 1.073709e-05
2787 1.887558e-04 1.071118e-05
2788 1.883276e-04 1.068534e-05
2789 1.879004e-04 1.065957e-05
2790 1.874744e-04 1.063385e-05
2791 1.870493e-04 1.060820e-05
2792 1.866253e-04 1.058261e-05
2793 1.862024e-04 1.055708e-05
2794 1.857805e-04 1.053161e-05
2795 1.853596e-04 1.050620e-05
2796 1.849398e-04 1.048086e-05
2797 1.845210e-04 1.045558e-05
2798 1.841032e-04 1.043035e-05
2799 1.836865e-04 1.040519e-05
2800 1.832708e-04 1.038009e-05
2801 1.828561e-04 1.035505e-05
2802 1.824424e-04 1.033007e-05
2803 1.820298e-04 1.030515e-05
2804 1.816181e-04 1.028029e-05
2805 1.812075e-04 1.025549e-05
2806 1.807979e-04 1.023075e-05
2807 1.803893e-04 1.020607e-05
2808 1.799817e-04 1.018145e-05
2809 1.795751e-04 1.015688e-05
2810 1.791695e-04 1.013238e-05
2811 1.787650e-04 1.010794e-05
2812 1.783614e-04 1.008355e-05
2813 1.779588e-04 1.005923e-05
2814 1.775572e-04 1.003496e-05
2815 1.771565e-04 1.001075e-05
2816 1.767569e-04 9.986604e-06
2817 1.763583e-04 9.962512e-06
2818 1.759606e-04 9.938479e-06
2819 1.755639e-04 9.914503e-06
2820 1.751682e-04 9.890585e-06
2821 1.747735e-04 9.866725e-06
2822 1.743798e-04 9.842923e-06
2823 1.739870e-04 9.819178e-06
2824 1.735952e-04 9.795490e-06
2825 1.732043e-04 9.771860e-06
2826 1.728145e-04 9.748286e-06
2827 1.724255e-04 9.724769e-06
2828 1.720376e-04 9.701310e-06
2829 1.716506e-04 9.677906e-06
2830 1.712645e-04 9.654559e-06
2831 1.708794e-04 9.631269e-06
2832 1.704953e-04 9.608034e-06
2833 1.701121e-04 9.584856e-06
2834 1.697299e-04 9.561734e-06
2835 1.693486e-04 9.538667e-06
2836 1.689682e-04 9.515656e-06
2837 1.685888e-04 9.492700e-06
2838 1.682103e-04 9.469800e-06
2839 1.678328e-04 9.446955e-06
2840 1.674561e-04 9.424166e-06
2841 1.670805e-04 9.401431e-06
2842 1.667057e-04 9.378751e-06
2843 1.663319e-04 9.356126e-06
2844 1.659590e-04 9.333555e-06
2845 1.655870e-04 9.311039e-06
2846 1.652159e-04 9.288577e-06
2847 1.648458e-04 9.266169e-06
2848 1.644765e-04 9.243816e-06
2849 1.641082e-04 9.221516e-06
2850 1.637408e-04 9.199270e-06
2851 1.633743e-04 9.177078e-06
2852 1.630087e-04 9.154939e-06
2853 1.626440e-04 9.132854e-06
2854 1.622803e-04 9.110822e-06
2855 1.619174e-04 9.088843e-06
2856 1.615554e-04 9.066917e-06
2857 1.611943e-04 9.045044e-06
2858 1.608341e-04 9.023224e-06
2859 1.604748e-04 9.001456e-06
2860 1.601164e-04 8.979741e-06
2861 1.597589e-04 8.958079e-06
2862 1.594022e-04 8.936468e-06
2863 1.590465e-04 8.914910e-06
2864 1.586916e-04 8.893404e-06
2865 1.583376e-04 8.871949e-06
2866 1.579845e-04 8.850547e-06
2867 1.576322e-04 8.829196e-06
2868 1.572809e-04 8.807896e-06
2869 1.569304e-04 8.786648e-06
2870 1.565807e-04 8.765451e-06
2871 1.562320e-04 8.744306e-06
2872 1.558841e-04 8.723211e-06
2873 1.555370e-04 8.702167e-06
2874 1.551909e-04 8.681174e-06
2875 1.548455e-04 8.660232e-06
2876 1.545011e-04 8.639340e-06
2877 1.541575e-04 8.618498e-06
2878 1.538147e-04 8.597707e-06
2879 1.534728e-04 8.576966e-06
2880 1.531318e-04 8.556275e-06
2881 1.527916e-04 8.535634e-06
2882 1.524522e-04 8.515043e-06
2883 1.521137e-04 8.494501e-06
2884 1.517760e-04 8.474009e-06
2885 1.514392e-04 8.453566e-06
2886 1.511032e-04 8.433173e-06
2887 1.507680e-04 8.412829e-06
2888 1.504337e-04 8.392534e-06
2889 1.501002e-04 8.372288e-06
2890 1.497675e-04 8.352091e-06
2891 1.494356e-04 8.331942e-06
2892 1.491046e-04 8.311842e-06
2893 1.487744e-04 8.291791e-06
2894 1.484450e-04 8.271788e-06
2895 1.481165e-04 8.251833e-06
2896 1.477887e-04 8.231926e-06
2897 1.474618e-04 8.212068e-06
2898 1.471357e-04 8.192257e-06
2899 1.468104e-04 8.172494e-06
2900 1.464859e-04 8.152779e-06
2901 1.461622e-04 8.133111e-06
2902 1.458393e-04 8.113491e-06
2903 1.455172e-04 8.093918e-06
2904 1.451960e-04 8.074392e-06
2905 1.448755e-04 8.054914e-06
2906 1.445558e-04 8.035482e-06
2907 1.442369e-04 8.016097e-06
2908 1.439188e-04 7.996759e-06
2909 1.436015e-04 7.977468e-06
2910 1.432850e-04 7.958223e-06
2911 1.429693e-04 7.939025e-06
2912 1.426544e-04 7.919873e-06
2913 1.423403e-04 7.900767e-06
2914 1.420269e-04 7.881707e-06
2915 1.417143e-04 7.862694e-06
2916 1.414025e-04 7.843726e-06
2917 1.410915e-04 7.824803e-06
2918 1.407813e-04 7.805927e-06
2919 1.404718e-04 7.787096e-06
2920 1.401631e-04 7.768311e-06
2921 1.398552e-04 7.749570e-06
2922 1.395480e-04 7.730875e-06
2923 1.392416e-04 7.712225e-06
2924 1.389360e-04 7.693620e-06
2925 1.386311e-04 7.675060e-06
2926 1.383270e-04 7.656545e-06
2927 1.380237e-04 7.638075e-06
2928 1.377211e-04 7.619649e-06
2929 1.374192e-04 7.601267e-06
2930 1.371182e-04 7.582930e-06
2931 1.368178e-04 7.564637e-06
2932 1.365183e-04 7.546388e-06
2933 1.362195e-04 7.528183e-06
2934 1.359214e-04 7.510022e-06
2935 1.356240e-04 7.491905e-06
2936 1.353275e-04 7.473832e-06
2937 1.350316e-04 7.455802e-06
2938 1.347365e-04 7.437815e-06
2939 1.344421e-04 7.419873e-06
2940 1.341485e-04 7.401973e-06
2941 1.338556e-04 7.384116e-06
2942 1.335634e-04 7.366303e-06
2943 1.332720e-04 7.348533e-06
2944 1.329813e-04 7.330805e-06
2945 1.326913e-04 7.313120e-06
2946 1.324021e-04 7.295478e-06
2947 1.321136e-04 7.277879e-06
2948 1.318258e-04 7.260322e-06
2949 1.315387e-04 7.242807e-06
2950 1.312523e-04 7.225334e-06
2951 1.309667e-04 7.207904e-06
2952 1.306818e-04 7.190516e-06
2953 1.303976e-04 7.173169e-06
2954 1.301141e-04 7.155865e-06
2955 1.298313e-04 7.138602e-06
2956 1.295492e-04 7.121381e-06
2957 1.292678e-04 7.104202e-06
2958 1.289872e-04 7.087063e-06
2959 1.287072e-04 7.069967e-06
2960 1.284280e-04 7.052911e-06
2961 1.281494e-04 7.035897e-06
2962 1.278716e-04 7.018923e-06
2963 1.275944e-04 7.001991e-06
2964 1.273179e-04 6.985099e-06
2965 1.270422e-04 6.968249e-06
2966 1.267671e-04 6.951438e-06
2967 1.264927e-04 6.934669e-06
2968 1.262190e-04 6.917940e-06
2969 1.259460e-04 6.901251e-06
2970 1.256737e-04 6.884602e-06
2971 1.254021e-04 6.867994e-06
2972 1.251311e-04 6.851426e-06
2973 1.248609e-04 6.834897e-06
2974 1.245913e-04 6.818409e-06
2975 1.243224e-04 6.801960e-06
2976 1.240541e-04 6.785551e-06
2977 1.237866e-04 6.769182e-06
2978 1.235197e-04 6.752852e-06
2979 1.232535e-04 6.736562e-06
2980 1.229880e-04 6.720310e-06
2981 1.227231e-04 6.704098e-06
2982 1.224589e-04 6.687925e-06
2983 1.221953e-04 6.671791e-06
2984 1.219325e-04 6.655696e-06
2985 1.216703e-04 6.639640e-06
2986 1.214087e-04 6.623623e-06
2987 1.211478e-04 6.607644e-06
2988 1.208876e-04 6.591704e-06
2989 1.206280e-04 6.575802e-06
2990 1.203691e-04 6.559939e-06
2991 1.201108e-04 6.544114e-06
2992 1.198532e-04 6.528327e-06
2993 1.195963e-04 6.512578e-06
2994 1.193399e-04 6.496867e-06
2995 1.190843e-04 6.481194e-06
2996 1.188293e-04 6.465559e-06
2997 1.185749e-04 6.449961e-06
2998 1.183212e-04 6.434401e-06
2999 1.180681e-04 6.418879e-06
3000 1.178156e-04 6.403394e-06
3001 1.175638e-04 6.387947e-06
3002 1.173126e-04 6.372537e-06
3003 1.170621e-04 6.357163e-06
3004 1.168122e-04 6.341827e-06
3005 1.165629e-04 6.326529e-06
3006 1.163142e-04 6.311266e-06
3007 1.160662e-04 6.296041e-06
3008 1.158188e-04 6.280853e-06
3009 1.155721e-04 6.265701e-06
3010 1.153260e-04 6.250585e-06
3011 1.150804e-04 6.235507e-06
3012 1.148356e-04 6.220464e-06
3013 1.145913e-04 6.205458e-06
3014 1.143476e-04 6.190488e-06
3015 1.141046e-04 6.175554e-06
3016 1.138622e-04 6.160656e-06
3017 1.136204e-04 6.145794e-06
3018 1.133792e-04 6.130968e-06
3019 1.131386e-04 6.116178e-06
3020 1.128987e-04 6.101423e-06
3021 1.126593e-04 6.086704e-06
3022 1.124206e-04 6.072021e-06
3023 1.121824e-04 6.057373e-06
3024 1.119449e-04 6.042760e-06
3025 1.117080e-04 6.028182e-06
3026 1.114716e-04 6.013640e-06
3027 1.112359e-04 5.999133e-06
3028 1.110008e-04 5.984661e-06
3029 1.107662e-04 5.970223e-06
3030 1.105323e-04 5.955821e-06
3031 1.102990e-04 5.941453e-06
3032 1.100662e-04 5.927120e-06
3033 1.098341e-04 5.912821e-06
3034 1.096025e-04 5.898557e-06
3035 1.093715e-04 5.884328e-06
3036 1.091411e-04 5.870132e-06
3037 1.089113e-04 5.855971e-06
3038 1.086821e-04 5.841844e-06
3039 1.084535e-04 5.827752e-06
3040 1.082255e-04 5.813693e-06
3041 1.079980e-04 5.799668e-06
3042 1.077711e-04 5.785677e-06
3043 1.075448e-04 5.771719e-06
3044 1.073191e-04 5.757796e-06
3045 1.070939e-04 5.743906e-06
3046 1.068693e-04 5.730049e-06
3047 1.066453e-04 5.716226e-06
3048 1.064219e-04 5.702436e-06
3049 1.061990e-04 5.688680e-06
3050 1.059768e-04 5.674956e-06
3051 1.057550e-04 5.661266e-06
3052 1.055339e-04 5.647609e-06
3053 1.053133e-04 5.633985e-06
3054 1.050932e-04 5.620393e-06
3055 1.048738e-04 5.606835e-06
3056 1.046549e-04 5.593309e-06
3057 1.044365e-04 5.579816e-06
3058 1.042187e-04 5.566355e-06
3059 1.040015e-04 5.552927e-06
3060 1.037848e-04 5.539531e-06
3061 1.035687e-04 5.526167e-06
3062 1.033532e-04 5.512836e-06
3063 1.031382e-04 5.499537e-06
3064 1.029237e-04 5.486270e-06
3065 1.027098e-04 5.473035e-06
3066 1.024964e-04 5.459832e-06
3067 1.022836e-04 5.446661e-06
3068 1.020713e-04 5.433521e-06
3069 1.018596e-04 5.420413e-06
3070 1.016484e-04 5.407337e-06
3071 1.014378e-04 5.394293e-06
3072 1.012277e-04 5.381279e-06
3073 1.010181e-04 5.368298e-06
3074 1.008091e-04 5.355347e-06
3075 1.006006e-04 5.342428e-06
3076 1.003927e-04 5.329540e-06
3077 1.001853e-04 5.316683e-06
3078 9.997839e-05 5.303857e-06
3079 9.977204e-05 5.291062e-06
3080 9.956622e-05 5.278298e-06
3081 9.936094e-05 5.265565e-06
3082 9.915618e-05 5.252862e-06
3083 9.895195e-05 5.240190e-06
3084 9.874824e-05 5.227549e-06
3085 9.854506e-05 5.214938e-06
3086 9.834240e-05 5.202357e-06
3087 9.814027e-05 5.189807e-06
3088 9.793865e-05 5.177287e-06
3089 9.773756e-05 5.164798e-06
3090 9.753698e-05 5.152338e-06
3091 9.733692e-05 5.139909e-06
3092 9.713738e-05 5.127509e-06
3093 9.693835e-05 5.115140e-06
3094 9.673984e-05 5.102800e-06
3095 9.654184e-05 5.090490e-06
3096 9.634435e-05 5.078210e-06
3097 9.614737e-05 5.065959e-06
3098 9.595090e-05 5.053738e-06
3099 9.575493e-05 5.041546e-06
3100 9.555948e-05 5.029384e-06
3101 9.536453e-05 5.017251e-06
3102 9.517008e-05 5.005148e-06
3103 9.497614e-05 4.993074e-06
3104 9.478270e-05 4.981028e-06
3105 9.458976e-05 4.969012e-06
3106 9.439732e-05 4.957025e-06
3107 9.420537e-05 4.945067e-06
3108 9.401393e-05 4.933137e-06
3109 9.382298e-05 4.921236e-06
3110 9.363253e-05 4.909365e-06
3111 9.344257e-05 4.897521e-06
3112 9.325310e-05 4.885706e-06
3113 9.306413e-05 4.873920e-06
3114 9.287564e-05 4.862162e-06
3115 9.268764e-05 4.850433e-06
3116 9.250014e-05 4.838732e-06
3117 9.231312e-05 4.827059e-06
3118 9.212658e-05 4.815414e-06
3119 9.194053e-05 4.803798e-06
3120 9.175497e-05 4.792209e-06
3121 9.156988e-05 4.780648e-06
3122 9.138528e-05 4.769115e-06
3123 9.120116e-05 4.757610e-06
3124 9.101751e-05 4.746133e-06
3125 9.083435e-05 4.734684e-06
3126 9.065166e-05 4.723262e-06
3127 9.046945e-05 4.711867e-06
3128 9.028771e-05 4.700501e-06
3129 9.010645e-05 4.689161e-06
3130 8.992566e-05 4.677849e-06
3131 8.974534e-05 4.666564e-06
3132 8.956549e-05 4.655307e-06
3133 8.938611e-05 4.644076e-06
3134 8.920719e-05 4.632873e-06
3135 8.902875e-05 4.621697e-06
3136 8.885077e-05 4.610547e-06
3137 8.867325e-05 4.599425e-06
3138 8.849620e-05 4.588329e-06
3139 8.831962e-05 4.577260e-06
3140 8.814349e-05 4.566218e-06
3141 8.796782e-05 4.555203e-06
3142 8.779262e-05 4.544214e-06
3143 8.761787e-05 4.533251e-06
3144 8.744358e-05 4.522315e-06
3145 8.726974e-05 4.511406e-06
3146 8.709637e-05 4.500522e-06
3147 8.692344e-05 4.489665e-06
3148 8.675097e-05 4.478835e-06
3149 8.657895e-05 4.468030e-06
3150 8.640738e-05 4.457251e-06
3151 8.623626e-05 4.446499e-06
3152 8.606559e-05 4.435772e-06
3153 8.589537e-05 4.425071e-06
3154 8.572560e-05 4.414396e-06
3155 8.555627e-05 4.403747e-06
3156 8.538738e-05 4.393123e-06
3157 8.521894e-05 4.382525e-06
3158 8.505095e-05 4.371953e-06
3159 8.488339e-05 4.361406e-06
3160 8.471627e-05 4.350885e-06
3161 8.454960e-05 4.340389e-06
3162 8.438336e-05 4.329918e-06
3163 8.421756e-05 4.319472e-06
3164 8.405220e-05 4.309052e-06
3165 8.388727e-05 4.298657e-06
3166 8.372278e-05 4.288287e-06
3167 8.355872e-05 4.277942e-06
3168 8.339509e-05 4.267622e-06
3169 8.323190e-05 4.257327e-06
3170 8.306913e-05 4.247056e-06
3171 8.290680e-05 4.236811e-06
3172 8.274489e-05 4.226590e-06
3173 8.258341e-05 4.216394e-06
3174 8.242236e-05 4.206222e-06
3175 8.226173e-05 4.196075e-06
3176 8.210153e-05 4.185953e-06
3177 8.194175e-05 4.175854e-06
3178 8.178240e-05 4.165781e-06
3179 8.162346e-05 4.155731e-06
3180 8.146495e-05 4.145706e-06
3181 8.130685e-05 4.135705e-06
3182 8.114918e-05 4.125728e-06
3183 8.099192e-05 4.115775e-06
3184 8.083508e-05 4.105846e-06
3185 8.067865e-05 4.095941e-06
3186 8.052264e-05 4.086060e-06
3187 8.036704e-05 4.076203e-06
3188 8.021186e-05 4.066370e-06
3189 8.005709e-05 4.056560e-06
3190 7.990273e-05 4.046774e-06
3191 7.974878e-05 4.037012e-06
3192 7.959524e-05 4.027273e-06
3193 7.944210e-05 4.017557e-06
3194 7.928937e-05 4.007865e-06
3195 7.913705e-05 3.998197e-06
3196 7.898514e-05 3.988552e-06
3197 7.883363e-05 3.978930e-06
3198 7.868252e-05 3.969331e-06
3199 7.853182e-05 3.959755e-06
3200 7.838151e-05 3.950203e-06
3201 7.823161e-05 3.940673e-06
3202 7.808211e-05 3.931167e-06
3203 7.793300e-05 3.921683e-06
3204 7.778429e-05 3.912223e-06
3205 7.763598e-05 3.902785e-06
3206 7.748807e-05 3.893370e-06
3207 7.734055e-05 3.883978e-06
3208 7.719343e-05 3.874608e-06
3209 7.704669e-05 3.865261e-06
3210 7.690035e-05 3.855936e-06
3211 7.675441e-05 3.846634e-06
3212 7.660885e-05 3.837355e-06
3213 7.646368e-05 3.828098e-06
3214 7.631890e-05 3.818863e-06
3215 7.617451e-05 3.809650e-06
3216 7.603050e-05 3.800460e-06
3217 7.588688e-05 3.791292e-06
3218 7.574365e-05 3.782145e-06
3219 7.560080e-05 3.773021e-06
3220 7.545833e-05 3.763919e-06
3221 7.531625e-05 3.754839e-06
3222 7.517454e-05 3.745781e-06
3223 7.503322e-05 3.736745e-06
3224 7.489228e-05 3.727730e-06
3225 7.475172e-05 3.718738e-06
3226 7.461153e-05 3.709767e-06
3227 7.447172e-05 3.700817e-06
3228 7.433229e-05 3.691889e-06
3229 7.419323e-05 3.682983e-06
3230 7.405455e-05 3.674098e-06
3231 7.391624e-05 3.665235e-06
3232 7.377830e-05 3.656393e-06
3233 7.364073e-05 3.647572e-06
3234 7.350354e-05 3.638773e-06
3235 7.336671e-05 3.629995e-06
3236 7.323026e-05 3.621238e-06
3237 7.309417e-05 3.612502e-06
3238 7.295845e-05 3.603787e-06
3239 7.282310e-05 3.595094e-06
3240 7.268811e-05 3.586421e-06
3241 7.255349e-05 3.577769e-06
3242 7.241923e-05 3.569138e-06
3243 7.228534e-05 3.560528e-06
3244 7.215180e-05 3.551938e-06
3245 7.201863e-05 3.543370e-06
3246 7.188582e-05 3.534822e-06
3247 7.175337e-05 3.526294e-06
3248 7.162128e-05 3.517788e-06
3249 7.148955e-05 3.509301e-06
3250 7.135817e-05 3.500835e-06
3251 7.122715e-05 3.492390e-06
3252 7.109649e-05 3.483965e-06
3253 7.096618e-05 3.475560e-06
3254 7.083622e-05 3.467176e-06
3255 7.070662e-05 3.458812e-06
3256 7.057737e-05 3.450468e-06
3257 7.044847e-05 3.442144e-06
3258 7.031992e-05 3.433840e-06
3259 7.019173e-05 3.425556e-06
3260 7.006388e-05 3.417292e-06
3261 6.993638e-05 3.409049e-06
3262 6.980922e-05 3.400825e-06
3263 6.968242e-05 3.392621e-06
3264 6.955595e-05 3.384436e-06
3265 6.942984e-05 3.376272e-06
3266 6.930407e-05 3.368127e-06
3267 6.917864e-05 3.360002e-06
3268 6.905355e-05 3.351896e-06
3269 6.892881e-05 3.343810e-06
3270 6.880440e-05 3.335743e-06
3271 6.868034e-05 3.327696e-06
3272 6.855662e-05 3.319668e-06
3273 6.843323e-05 3.311660e-06
3274 6.831019e-05 3.303671e-06
3275 6.818748e-05 3.295701e-06
3276 6.806510e-05 3.287751e-06
3277 6.794306e-05 3.279819e-06
3278 6.782136e-05 3.271907e-06
3279 6.769999e-05 3.264014e-06
3280 6.757895e-05 3.256140e-06
3281 6.745824e-05 3.248285e-06
3282 6.733787e-05 3.240449e-06
3283 6.721783e-05 3.232632e-06
3284 6.709812e-05 3.224833e-06
3285 6.697873e-05 3.217054e-06
3286 6.685968e-05 3.209293e-06
3287 6.674095e-05 3.201551e-06
3288 6.662255e-05 3.193827e-06
3289 6.650447e-05 3.186123e-06
3290 6.638672e-05 3.178436e-06
3291 6.626930e-05 3.170769e-06
3292 6.615219e-05 3.163120e-06
3293 6.603542e-05 3.155489e-06
3294 6.591896e-05 3.147877e-06
3295 6.580283e-05 3.140283e-06
3296 6.568701e-05 3.132707e-06
3297 6.557152e-05 3.125150e-06
3298 6.545634e-05 3.117611e-06
3299 6.534149e-05 3.110090e-06
3300 6.522695e-05 3.102587e-06
3301 6.511273e-05 3.095102e-06
3302 6.499882e-05 3.087636e-06
3303 6.488523e-05 3.080187e-06
3304 6.477196e-05 3.072757e-06
3305 6.465899e-05 3.065344e-06
3306 6.454635e-05 3.057949e-06
3307 6.443401e-05 3.050572e-06
3308 6.432199e-05 3.043213e-06
3309 6.421027e-05 3.035872e-06
3310 6.409887e-05 3.028548e-06
3311 6.398778e-05 3.021242e-06
3312 6.387699e-05 3.013953e-06
3313 6.376652e-05 3.006683e-06
3314 6.365635e-05 2.999429e-06
3315 6.354649e-05 2.992193e-06
3316 6.343693e-05 2.984975e-06
3317 6.332768e-05 2.977774e-06
3318 6.321874e-05 2.970591e-06
3319 6.311009e-05 2.963424e-06
3320 6.300175e-05 2.956275e-06
3321 6.289372e-05 2.949144e-06
3322 6.278598e-05 2.942029e-06
3323 6.267855e-05 2.934932e-06
3324 6.257141e-05 2.927852e-06
3325 6.246458e-05 2.920789e-06
3326 6.235804e-05 2.913743e-06
3327 6.225180e-05 2.906713e-06
3328 6.214586e-05 2.899701e-06
3329 6.204022e-05 2.892706e-06
3330 6.193487e-05 2.885728e-06
3331 6.182981e-05 2.878766e-06
3332 6.172506e-05 2.871822e-06
3333 6.162059e-05 2.864894e-06
3334 6.151642e-05 2.857982e-06
3335 6.141254e-05 2.851088e-06
3336 6.130895e-05 2.844210e-06
3337 6.120566e-05 2.837348e-06
3338 6.110265e-05 2.830504e-06
3339 6.099993e-05 2.823675e-06
3340 6.089751e-05 2.816864e-06
3341 6.079537e-05 2.810068e-06
3342 6.069352e-05 2.803289e-06
3343 6.059195e-05 2.796527e-06
3344 6.049067e-05 2.789780e-06
3345 6.038968e-05 2.783050e-06
3346 6.028897e-05 2.776336e-06
3347 6.018855e-05 2.769639e-06
3348 6.008841e-05 2.762957e-06
3349 5.998855e-05 2.756292e-06
3350 5.988897e-05 2.749643e-06
3351 5.978968e-05 2.743010e-06
3352 5.969067e-05 2.736392e-06
3353 5.959193e-05 2.729791e-06
3354 5.949348e-05 2.723206e-06
3355 5.939530e-05 2.716636e-06
3356 5.929741e-05 2.710083e-06
3357 5.919979e-05 2.703545e-06
3358 5.910245e-05 2.697023e-06
3359 5.900538e-05 2.690517e-06
3360 5.890859e-05 2.684026e-06
3361 5.881207e-05 2.677551e-06
3362 5.871583e-05 2.671092e-06
3363 5.861986e-05 2.664648e-06
3364 5.852417e-05 2.658220e-06
3365 5.842874e-05 2.651807e-06
3366 5.833359e-05 2.645410e-06
3367 5.823871e-05 2.639028e-06
3368 5.814410e-05 2.632662e-06
3369 5.804976e-05 2.626311e-06
3370 5.795568e-05 2.619975e-06
3371 5.786188e-05 2.613655e-06
3372 5.776834e-05 2.607350e-06
3373 5.767507e-05 2.601060e-06
3374 5.758207e-05 2.594785e-06
3375 5.748933e-05 2.588525e-06
3376 5.739686e-05 2.582281e-06
3377 5.730465e-05 2.576051e-06
3378 5.721271e-05 2.569837e-06
3379 5.712103e-05 2.563637e-06
3380 5.702961e-05 2.557453e-06
3381 5.693845e-05 2.551283e-06
3382 5.684756e-05 2.545129e-06
3383 5.675692e-05 2.538989e-06
3384 5.666655e-05 2.532864e-06
3385 5.657643e-05 2.526754e-06
3386 5.648657e-05 2.520658e-06
3387 5.639697e-05 2.514577e-06
3388 5.630763e-05 2.508511e-06
3389 5.621855e-05 2.502460e-06
3390 5.612972e-05 2.496423e-06
3391 5.604115e-05 2.490400e-06
3392 5.595283e-05 2.484392e-06
3393 5.586477e-05 2.478399e-06
3394 5.577696e-05 2.472420e-06
3395 5.568940e-05 2.466456e-06
3396 5.560209e-05 2.460506e-06
3397 5.551504e-05 2.454570e-06
3398 5.542824e-05 2.448649e-06
3399 5.534169e-05 2.442742e-06
3400 5.525539e-05 2.436849e-06
3401 5.516934e-05 2.430970e-06
3402 5.508354e-05 2.425106e-06
3403 5.499798e-05 2.419255e-06
3404 5.491268e-05 2.413419e-06
3405 5.482762e-05 2.407597e-06
3406 5.474281e-05 2.401789e-06
3407 5.465824e-05 2.395995e-06
3408 5.457392e-05 2.390215e-06
3409 5.448984e-05 2.384449e-06
3410 5.440601e-05 2.378696e-06
3411 5.432242e-05 2.372958e-06
3412 5.423907e-05 2.367234e-06
3413 5.415597e-05 2.361523e-06
3414 5.407311e-05 2.355826e-06
3415 5.399048e-05 2.350143e-06
3416 5.390810e-05 2.344473e-06
3417 5.382596e-05 2.338818e-06
3418 5.374406e-05 2.333175e-06
3419 5.366239e-05 2.327547e-06
3420 5.358097e-05 2.321932e-06
3421 5.349978e-05 2.316331e-06
3422 5.341883e-05 2.310743e-06
3423 5.333812e-05 2.305168e-06
3424 5.325764e-05 2.299607e-06
3425 5.317739e-05 2.294060e-06
3426 5.309738e-05 2.288526e-06
3427 5.301761e-05 2.283005e-06
3428 5.293807e-05 2.277497e-06
3429 5.285876e-05 2.272003e-06
3430 5.277968e-05 2.266522e-06
3431 5.270084e-05 2.261054e-06
3432 5.262222e-05 2.255600e-06
3433 5.254384e-05 2.250158e-06
3434 5.246569e-05 2.244730e-06
3435 5.238776e-05 2.239315e-06
3436 5.231007e-05 2.233913e-06
3437 5.223260e-05 2.228524e-06
3438 5.215536e-05 2.223148e-06
3439 5.207835e-05 2.217785e-06
3440 5.200157e-05 2.212434e-06
3441 5.192501e-05 2.207097e-06
3442 5.184867e-05 2.201773e-06
3443 5.177256e-05 2.196461e-06
3444 5.169668e-05 2.191162e-06
3445 5.162102e-05 2.185877e-06
3446 5.154558e-05 2.180603e-06
3447 5.147037e-05 2.175343e-06
3448 5.139537e-05 2.170095e-06
3449 5.132060e-05 2.164860e-06
3450 5.124605e-05 2.159637e-06
3451 5.117172e-05 2.154428e-06
3452 5.109761e-05 2.149230e-06
3453 5.102372e-05 2.144045e-06
3454 5.095005e-05 2.138873e-06
3455 5.087660e-05 2.133713e-06
3456 5.080336e-05 2.128566e-06
3457 5.073035e-05 2.123431e-06
3458 5.065754e-05 2.118309e-06
3459 5.058496e-05 2.113198e-06
3460 5.051259e-05 2.108101e-06
3461 5.044043e-05 2.103015e-06
3462 5.036849e-05 2.097942e-06
3463 5.029677e-05 2.092881e-06
3464 5.022525e-05 2.087832e-06
3465 5.015395e-05 2.082795e-06
3466 5.008287e-05 2.077771e-06
3467 5.001199e-05 2.072758e-06
3468 4.994132e-05 2.067758e-06
3469 4.987087e-05 2.062770e-06
3470 4.980063e-05 2.057793e-06
3471 4.973059e-05 2.052829e-06
3472 4.966077e-05 2.047877e-06
3473 4.959115e-05 2.042937e-06
3474 4.952174e-05 2.038008e-06
3475 4.945254e-05 2.033092e-06
3476 4.938354e-05 2.028187e-06
3477 4.931476e-05 2.023294e-06
3478 4.924617e-05 2.018413e-06
3479 4.917780e-05 2.013544e-06
3480 4.910963e-05 2.008687e-06
3481 4.904166e-05 2.003841e-06
3482 4.897390e-05 1.999007e-06
3483 4.890634e-05 1.994185e-06
3484 4.883898e-05 1.989374e-06
3485 4.877182e-05 1.984575e-06
3486 4.870487e-05 1.979787e-06
3487 4.863812e-05 1.975011e-06
3488 4.857157e-05 1.970247e-06
3489 4.850522e-05 1.965494e-06
3490 4.843907e-05 1.960752e-06
3491 4.837312e-05 1.956022e-06
3492 4.830736e-05 1.951303e-06
3493 4.824181e-05 1.946596e-06
3494 4.817645e-05 1.941900e-06
3495 4.811129e-05 1.937215e-06
3496 4.804633e-05 1.932542e-06
3497 4.798156e-05 1.927880e-06
3498 4.791699e-05 1.923229e-06
3499 4.785261e-05 1.918590e-06
3500 4.778843e-05 1.913961e-06
3501 4.772444e-05 1.909344e-06
3502 4.766065e-05 1.904738e-06
3503 4.759705e-05 1.900143e-06
3504 4.753364e-05 1.895559e-06
3505 4.747043e-05 1.890986e-06
3506 4.740740e-05 1.886424e-06
3507 4.734457e-05 1.881874e-06
3508 4.728193e-05 1.877334e-06
3509 4.721948e-05 1.872805e-06
3510 4.715721e-05 1.868287e-06
3511 4.709514e-05 1.863780e-06
3512 4.703326e-05 1.859284e-06
3513 4.697156e-05 1.854799e-06
3514 4.691005e-05 1.850324e-06
3515 4.684873e-05 1.845860e-06
3516 4.678760e-05 1.841407e-06
3517 4.672665e-05 1.836965e-06
3518 4.666589e-05 1.832534e-06
3519 4.660531e-05 1.828113e-06
3520 4.654492e-05 1.823703e-06
3521 4.648471e-05 1.819303e-06
3522 4.642469e-05 1.814914e-06
3523 4.636484e-05 1.810536e-06
3524 4.630519e-05 1.806168e-06
3525 4.624571e-05 1.801811e-06
3526 4.618642e-05 1.797465e-06
3527 4.612731e-05 1.793128e-06
3528 4.606838e-05 1.788803e-06
3529 4.600963e-05 1.784487e-06
3530 4.595106e-05 1.780182e-06
3531 4.589267e-05 1.775888e-06
3532 4.583445e-05 1.771604e-06
3533 4.577642e-05 1.767330e-06
3534 4.571857e-05 1.763067e-06
3535 4.566089e-05 1.758813e-06
3536 4.560339e-05 1.754570e-06
3537 4.554607e-05 1.750338e-06
3538 4.548892e-05 1.746115e-06
3539 4.543195e-05 1.741903e-06
3540 4.537515e-05 1.737701e-06
3541 4.531853e-05 1.733509e-06
3542 4.526209e-05 1.729327e-06
3543 4.520581e-05 1.725155e-06
3544 4.514972e-05 1.720993e-06
3545 4.509379e-05 1.716842e-06
3546 4.503804e-05 1.712700e-06
3547 4.498246e-05 1.708568e-06
3548 4.492705e-05 1.704446e-06
3549 4.487181e-05 1.700335e-06
3550 4.481674e-05 1.696233e-06
3551 4.476184e-05 1.692141e-06
3552 4.470712e-05 1.688059e-06
3553 4.465256e-05 1.683986e-06
3554 4.459817e-05 1.679924e-06
3555 4.454395e-05 1.675871e-06
3556 4.448990e-05 1.671828e-06
3557 4.443601e-05 1.667795e-06
3558 4.438230e-05 1.663772e-06
3559 4.432875e-05 1.659758e-06
3560 4.427536e-05 1.655754e-06
3561 4.422214e-05 1.651760e-06
3562 4.416909e-05 1.647775e-06
3563 4.411620e-05 1.643800e-06
3564 4.406348e-05 1.639835e-06
3565 4.401092e-05 1.635879e-06
3566 4.395852e-05 1.631932e-06
3567 4.390629e-05 1.627996e-06
3568 4.385422e-05 1.624068e-06
3569 4.380231e-05 1.620150e-06
3570 4.375056e-05 1.616242e-06
3571 4.369898e-05 1.612343e-06
3572 4.364755e-05 1.608453e-06
3573 4.359629e-05 1.604573e-06
3574 4.354519e-05 1.600702e-06
3575 4.349424e-05 1.596841e-06
3576 4.344346e-05 1.592988e-06
3577 4.339283e-05 1.589146e-06
3578 4.334236e-05 1.585312e-06
3579 4.329205e-05 1.581488e-06
3580 4.324190e-05 1.577672e-06
3581 4.319191e-05 1.573866e-06
3582 4.314207e-05 1.570070e-06
3583 4.309239e-05 1.566282e-06
3584 4.304286e-05 1.562503e-06
3585 4.299349e-05 1.558734e-06
3586 4.294427e-05 1.554974e-06
3587 4.289521e-05 1.551223e-06
3588 4.284630e-05 1.547480e-06
3589 4.279755e-05 1.543747e-06
3590 4.274895e-05 1.540023e-06
3591 4.270050e-05 1.536308e-06
3592 4.265221e-05 1.532602e-06
3593 4.260406e-05 1.528905e-06
3594 4.255607e-05 1.525216e-06
3595 4.250823e-05 1.521537e-06
3596 4.246054e-05 1.517866e-06
3597 4.241300e-05 1.514205e-06
3598 4.236561e-05 1.510552e-06
3599 4.231837e-05 1.506908e-06
3600 4.227128e-05 1.503273e-06
3601 4.222434e-05 1.499646e-06
3602 4.217754e-05 1.496028e-06
3603 4.213090e-05 1.492419e-06
3604 4.208440e-05 1.488819e-06
3605 4.203805e-05 1.485227e-06
3606 4.199184e-05 1.481644e-06
3607 4.194578e-05 1.478070e-06
3608 4.189987e-05 1.474504e-06
3609 4.185410e-05 1.470947e-06
3610 4.180848e-05 1.467399e-06
3611 4.176300e-05 1.463859e-06
3612 4.171767e-05 1.460328e-06
3613 4.167248e-05 1.456805e-06
3614 4.162743e-05 1.453290e-06
3615 4.158253e-05 1.449784e-06
3616 4.153776e-05 1.446287e-06
3617 4.149315e-05 1.442798e-06
3618 4.144867e-05 1.439317e-06
3619 4.140433e-05 1.435845e-06
3620 4.136014e-05 1.432381e-06
3621 4.131608e-05 1.428926e-06
3622 4.127217e-05 1.425479e-06
3623 4.122839e-05 1.422040e-06
3624 4.118476e-05 1.418609e-06
3625 4.114126e-05 1.415187e-06
3626 4.109791e-05 1.411773e-06
3627 4.105469e-05 1.408367e-06
3628 4.101161e-05 1.404970e-06
3629 4.096866e-05 1.401581e-06
3630 4.092586e-05 1.398199e-06
3631 4.088319e-05 1.394826e-06
3632 4.084065e-05 1.391461e-06
3633 4.079826e-05 1.388105e-06
3634 4.075599e-05 1.384756e-06
3635 4.071387e-05 1.381416e-06
3636 4.067187e-05 1.378083e-06
3637 4.063002e-05 1.374759e-06
3638 4.058829e-05 1.371442e-06
3639 4.054670e-05 1.368134e-06
3640 4.050525e-05 1.364833e-06
3641 4.046392e-05 1.361541e-06
3642 4.042273e-05 1.358256e-06
3643 4.038167e-05 1.354979e-06
3644 4.034074e-05 1.351711e-06
3645 4.029995e-05 1.348450e-06
3646 4.025928e-05 1.345197e-06
3647 4.021875e-05 1.341952e-06
3648 4.017834e-05 1.338714e-06
3649 4.013807e-05 1.335485e-06
3650 4.009792e-05 1.332263e-06
3651 4.005791e-05 1.329049e-06
3652 4.001802e-05 1.325843e-06
3653 3.997826e-05 1.322645e-06
3654 3.993863e-05 1.319454e-06
3655 3.989912e-05 1.316271e-06
3656 3.985975e-05 1.313095e-06
3657 3.982050e-05 1.309928e-06
3658 3.978138e-05 1.306768e-06
3659 3.974238e-05 1.303615e-06
3660 3.970351e-05 1.300470e-06
3661 3.966476e-05 1.297333e-06
3662 3.962614e-05 1.294203e-06
3663 3.958765e-05 1.291081e-06
3664 3.954928e-05 1.287967e-06
3665 3.951103e-05 1.284860e-06
3666 3.947291e-05 1.281760e-06
3667 3.943491e-05 1.278668e-06
3668 3.939703e-05 1.275583e-06
3669 3.935928e-05 1.272506e-06
3670 3.932164e-05 1.269436e-06
3671 3.928413e-05 1.266374e-06
3672 3.924674e-05 1.263319e-06
3673 3.920948e-05 1.260271e-06
3674 3.917233e-05 1.257231e-06
3675 3.913530e-05 1.254198e-06
3676 3.909839e-05 1.251173e-06
3677 3.906161e-05 1.248154e-06
3678 3.902494e-05 1.245143e-06
3679 3.898839e-05 1.242139e-06
3680 3.895196e-05 1.239143e-06
3681 3.891565e-05 1.236154e-06
3682 3.887946e-05 1.233172e-06
3683 3.884338e-05 1.230197e-06
3684 3.880742e-05 1.227229e-06
3685 3.877158e-05 1.224268e-06
3686 3.873585e-05 1.221315e-06
3687 3.870025e-05 1.218369e-06
3688 3.866475e-05 1.215429e-06
3689 3.862938e-05 1.212497e-06
3690 3.859411e-05 1.209572e-06
3691 3.855897e-05 1.206654e-06
3692 3.852393e-05 1.203743e-06
3693 3.848902e-05 1.200840e-06
3694 3.845421e-05 1.197943e-06
3695 3.841952e-05 1.195053e-06
3696 3.838494e-05 1.192170e-06
3697 3.835048e-05 1.189294e-06
3698 3.831612e-05 1.186425e-06
3699 3.828188e-05 1.183563e-06
3700 3.824776e-05 1.180707e-06
3701 3.821374e-05 1.177859e-06
3702 3.817983e-05 1.175018e-06
3703 3.814604e-05 1.172183e-06
3704 3.811236e-05 1.169355e-06
3705 3.807878e-05 1.166534e-06
3706 3.804532e-05 1.163720e-06
3707 3.801196e-05 1.160913e-06
3708 3.797872e-05 1.158112e-06
3709 3.794558e-05 1.155318e-06
3710 3.791255e-05 1.152531e-06
3711 3.787963e-05 1.149751e-06
3712 3.784682e-05 1.146977e-06
3713 3.781412e-05 1.144210e-06
3714 3.778152e-05 1.141450e-06
3715 3.774903e-05 1.138697e-06
3716 3.771665e-05 1.135950e-06
3717 3.768437e-05 1.133209e-06
3718 3.765220e-05 1.130475e-06
3719 3.762013e-05 1.127748e-06
3720 3.758817e-05 1.125028e-06
3721 3.755632e-05 1.122314e-06
3722 3.752457e-05 1.119606e-06
3723 3.749292e-05 1.116905e-06
3724 3.746138e-05 1.114211e-06
3725 3.742994e-05 1.111523e-06
3726 3.739861e-05 1.108842e-06
3727 3.736738e-05 1.106167e-06
3728 3.733625e-05 1.103498e-06
3729 3.730522e-05 1.100836e-06
3730 3.727430e-05 1.098180e-06
3731 3.724348e-05 1.095531e-06
3732 3.721276e-05 1.092888e-06
3733 3.718214e-05 1.090252e-06
3734 3.715162e-05 1.087622e-06
3735 3.712120e-05 1.084998e-06
3736 3.709089e-05 1.082380e-06
3737 3.706067e-05 1.079769e-06
3738 3.703055e-05 1.077165e-06
3739 3.700053e-05 1.074566e-06
3740 3.697062e-05 1.071974e-06
3741 3.694080e-05 1.069388e-06
3742 3.691107e-05 1.066808e-06
3743 3.688145e-05 1.064234e-06
3744 3.685193e-05 1.061667e-06
3745 3.682250e-05 1.059106e-06
3746 3.679317e-05 1.056551e-06
3747 3.676394e-05 1.054002e-06
3748 3.673480e-05 1.051459e-06
3749 3.670576e-05 1.048923e-06
3750 3.667681e-05 1.046392e-06
3751 3.664797e-05 1.043868e-06
3752 3.661921e-05 1.041350e-06
3753 3.659056e-05 1.038838e-06
3754 3.656199e-05 1.036332e-06
3755 3.653353e-05 1.033832e-06
3756 3.650515e-05 1.031338e-06
3757 3.647687e-05 1.028850e-06
3758 3.644869e-05 1.026368e-06
3759 3.642060e-05 1.023892e-06
3760 3.639260e-05 1.021422e-06
3761 3.636469e-05 1.018958e-06
3762 3.633688e-05 1.016499e-06
3763 3.630916e-05 1.014047e-06
3764 3.628153e-05 1.011601e-06
3765 3.625399e-05 1.009161e-06
3766 3.622655e-05 1.006726e-06
3767 3.619919e-05 1.004297e-06
3768 3.617193e-05 1.001875e-06
3769 3.614476e-05 9.994578e-07
3770 3.611767e-05 9.970467e-07
3771 3.609068e-05 9.946415e-07
3772 3.606378e-05 9.922420e-07
3773 3.603696e-05 9.898483e-07
3774 3.601024e-05 9.874604e-07
3775 3.598361e-05 9.850783e-07
3776 3.595706e-05 9.827019e-07
3777 3.593060e-05 9.803312e-07
3778 3.590423e-05 9.779663e-07
3779 3.587795e-05 9.756070e-07
3780 3.585175e-05 9.732535e-07
3781 3.582565e-05 9.709056e-07
3782 3.579963e-05 9.685634e-07
3783 3.577369e-05 9.662269e-07
3784 3.574785e-05 9.638960e-07
3785 3.572209e-05 9.615707e-07
3786 3.569641e-05 9.592510e-07
3787 3.567082e-05 9.569369e-07
3788 3.564532e-05 9.546284e-07
3789 3.561990e-05 9.523254e-07
3790 3.559457e-05 9.500281e-07
3791 3.556932e-05 9.477362e-07
3792 3.554415e-05 9.454499e-07
3793 3.551907e-05 9.431691e-07
3794 3.549407e-05 9.408938e-07
3795 3.546916e-05 9.386240e-07
3796 3.544433e-05 9.363597e-07
3797 3.541958e-05 9.341008e-07
3798 3.539492e-05 9.318474e-07
3799 3.537033e-05 9.295994e-07
3800 3.534583e-05 9.273569e-07
3801 3.532142e-05 9.251197e-07
3802 3.529708e-05 9.228880e-07
3803 3.527282e-05 9.206616e-07
3804 3.524865e-05 9.184406e-07
3805 3.522456e-05 9.162250e-07
3806 3.520054e-05 9.140147e-07
3807 3.517661e-05 9.118097e-07
3808 3.515276e-05 9.096101e-07
3809 3.512899e-05 9.074157e-07
3810 3.510530e-05 9.052267e-07
3811 3.508168e-05 9.030429e-07
3812 3.505815e-05 9.008644e-07
3813 3.503469e-05 8.986912e-07
3814 3.501132e-05 8.965232e-07
3815 3.498802e-05 8.943604e-07
3816 3.496480e-05 8.922029e-07
3817 3.494166e-05 8.900505e-07
3818 3.491859e-05 8.879034e-07
3819 3.489560e-05 8.857614e-07
3820 3.487269e-05 8.836246e-07
3821 3.484986e-05 8.814930e-07
3822 3.482710e-05 8.793665e-07
3823 3.480442e-05 8.772451e-07
3824 3.478182e-05 8.751288e-07
3825 3.475929e-05 8.730177e-07
3826 3.473684e-05 8.709116e-07
3827 3.471446e-05 8.688106e-07
3828 3.469216e-05 8.667147e-07
3829 3.466993e-05 8.646239e-07
3830 3.464778e-05 8.625381e-07
3831 3.462570e-05 8.604573e-07
3832 3.460369e-05 8.583815e-07
3833 3.458176e-05 8.563108e-07
3834 3.455991e-05 8.542450e-07
3835 3.453812e-05 8.521842e-07
3836 3.451641e-05 8.501284e-07
3837 3.449478e-05 8.480776e-07
3838 3.447321e-05 8.460317e-07
3839 3.445172e-05 8.439907e-07
3840 3.443030e-05 8.419547e-07
3841 3.440895e-05 8.399236e-07
3842 3.438768e-05 8.378973e-07
3843 3.436647e-05 8.358760e-07
3844 3.434534e-05 8.338595e-07
3845 3.432428e-05 8.318480e-07
3846 3.430329e-05 8.298412e-07
3847 3.428237e-05 8.278393e-07
3848 3.426152e-05 8.258422e-07
3849 3.424074e-05 8.238500e-07
3850 3.422003e-05 8.218625e-07
3851 3.419939e-05 8.198799e-07
3852 3.417882e-05 8.179020e-07
3853 3.415832e-05 8.159289e-07
3854 3.413789e-05 8.139606e-07
3855 3.411752e-05 8.119970e-07
3856 3.409723e-05 8.100381e-07
3857 3.407700e-05 8.080840e-07
3858 3.405684e-05 8.061346e-07
3859 3.403675e-05 8.041899e-07
3860 3.401673e-05 8.022498e-07
3861 3.399677e-05 8.003145e-07
3862 3.397689e-05 7.983838e-07
3863 3.395707e-05 7.964578e-07
3864 3.393731e-05 7.945364e-07
3865 3.391762e-05 7.926197e-07
3866 3.389800e-05 7.907076e-07
3867 3.387845e-05 7.888001e-07
3868 3.385896e-05 7.868972e-07
3869 3.383953e-05 7.849989e-07
3870 3.382018e-05 7.831052e-07
3871 3.380088e-05 7.812160e-07
3872 3.378166e-05 7.793314e-07
3873 3.376249e-05 7.774514e-07
3874 3.374340e-05 7.755759e-07
3875 3.372436e-05 7.737049e-07
3876 3.370539e-05 7.718384e-07
3877 3.368649e-05 7.699764e-07
3878 3.366764e-05 7.681189e-07
3879 3.364887e-05 7.662659e-07
3880 3.363015e-05 7.644174e-07
3881 3.361150e-05 7.625733e-07
3882 3.359291e-05 7.607337e-07
3883 3.357439e-05 7.588985e-07
3884 3.355592e-05 7.570677e-07
3885 3.353752e-05 7.552414e-07
3886 3.351918e-05 7.534195e-07
3887 3.350091e-05 7.516019e-07
3888 3.348269e-05 7.497888e-07
3889 3.346454e-05 7.479800e-07
3890 3.344644e-05 7.461755e-07
3891 3.342841e-05 7.443755e-07
3892 3.341044e-05 7.425798e-07
3893 3.339253e-05 7.407884e-07
3894 3.337468e-05 7.390013e-07
3895 3.335689e-05 7.372185e-07
3896 3.333916e-05 7.354401e-07
3897 3.332149e-05 7.336659e-07
3898 3.330388e-05 7.318960e-07
3899 3.328633e-05 7.301304e-07
3900 3.326884e-05 7.283690e-07
3901 3.325141e-05 7.266119e-07
3902 3.323404e-05 7.248590e-07
3903 3.321673e-05 7.231104e-07
3904 3.319947e-05 7.213660e-07
3905 3.318227e-05 7.196258e-07
3906 3.316513e-05 7.178897e-07
3907 3.314805e-05 7.161579e-07
3908 3.313103e-05 7.144303e-07
3909 3.311406e-05 7.127068e-07
3910 3.309715e-05 7.109874e-07
3911 3.308030e-05 7.092723e-07
3912 3.306351e-05 7.075612e-07
3913 3.304677e-05 7.058543e-07
3914 3.303009e-05 7.041515e-07
3915 3.301346e-05 7.024528e-07
3916 3.299689e-05 7.007582e-07
3917 3.298038e-05 6.990677e-07
3918 3.296392e-05 6.973813e-07
3919 3.294752e-05 6.956989e-07
3920 3.293118e-05 6.940206e-07
3921 3.291488e-05 6.923464e-07
3922 3.289865e-05 6.906762e-07
3923 3.288247e-05 6.890100e-07
3924 3.286634e-05 6.873478e-07
3925 3.285027e-05 6.856897e-07
3926 3.283425e-05 6.840355e-07
3927 3.281829e-05 6.823854e-07
3928 3.280238e-05 6.807392e-07
3929 3.278653e-05 6.790970e-07
3930 3.277072e-05 6.774587e-07
3931 3.275497e-05 6.758244e-07
3932 3.273928e-05 6.741941e-07
3933 3.272364e-05 6.725677e-07
3934 3.270805e-05 6.709452e-07
3935 3.269251e-05 6.693266e-07
3936 3.267703e-05 6.677119e-07
3937 3.266159e-05 6.661011e-07
3938 3.264622e-05 6.644942e-07
3939 3.263089e-05 6.628912e-07
3940 3.261561e-05 6.612921e-07
3941 3.260039e-05 6.596968e-07
3942 3.258521e-05 6.581053e-07
3943 3.257009e-05 6.565177e-07
3944 3.255502e-05 6.549339e-07
3945 3.254000e-05 6.533540e-07
3946 3.252503e-05 6.517778e-07
3947 3.251012e-05 6.502055e-07
3948 3.249525e-05 6.486369e-07
3949 3.248043e-05 6.470722e-07
3950 3.246566e-05 6.455112e-07
3951 3.245094e-05 6.439539e-07
3952 3.243628e-05 6.424005e-07
3953 3.242166e-05 6.408508e-07
3954 3.240709e-05 6.393048e-07
3955 3.239257e-05 6.377625e-07
3956 3.237810e-05 6.362240e-07
3957 3.236368e-05 6.346892e-07
3958 3.234930e-05 6.331580e-07
3959 3.233498e-05 6.316306e-07
3960 3.232070e-05 6.301069e-07
3961 3.230648e-05 6.285868e-07
3962 3.229230e-05 6.270704e-07
3963 3.227816e-05 6.255577e-07
3964 3.226408e-05 6.240486e-07
3965 3.225004e-05 6.225431e-07
3966 3.223605e-05 6.210413e-07
3967 3.222211e-05 6.195431e-07
3968 3.220822e-05 6.180485e-07
3969 3.219437e-05 6.165576e-07
3970 3.218057e-05 6.150702e-07
3971 3.216681e-05 6.135864e-07
3972 3.215310e-05 6.121062e-07
3973 3.213944e-05 6.106295e-07
3974 3.212583e-05 6.091565e-07
3975 3.211226e-05 6.076869e-07
3976 3.209873e-05 6.062210e-07
3977 3.208525e-05 6.047585e-07
3978 3.207182e-05 6.032996e-07
3979 3.205843e-05 6.018442e-07
3980 3.204509e-05 6.003923e-07
3981 3.203179e-05 5.989439e-07
3982 3.201854e-05 5.974991e-07
3983 3.200533e-05 5.960577e-07
3984 3.199217e-05 5.946197e-07
3985 3.197905e-05 5.931853e-07
3986 3.196598e-05 5.917543e-07
3987 3.195295e-05 5.903267e-07
3988 3.193996e-05 5.889026e-07
3989 3.192702e-05 5.874820e-07
3990 3.191412e-05 5.860647e-07
3991 3.190126e-05 5.846509e-07
3992 3.188845e-05 5.832405e-07
3993 3.187568e-05 5.818335e-07
3994 3.186296e-05 5.804299e-07
3995 3.185027e-05 5.790297e-07
3996 3.183763e-05 5.776328e-07
3997 3.182504e-05 5.762394e-07
3998 3.181248e-05 5.748492e-07
3999 3.179997e-05 5.734625e-07
4000 3.178750e-05 5.720791e-07
4001 3.177507e-05 5.706990e-07
4002 3.176268e-05 5.693222e-07
4003 3.175034e-05 5.679488e-07
4004 3.173803e-05 5.665787e-07
4005 3.172577e-05 5.652119e-07
4006 3.171355e-05 5.638484e-07
4007 3.170137e-05 5.624881e-07
4008 3.168923e-05 5.611312e-07
4009 3.167713e-05 5.597775e-07
4010 3.166508e-05 5.584271e-07
4011 3.165306e-05 5.570800e-07
4012 3.164109e-05 5.557361e-07
4013 3.162915e-05 5.543954e-07
4014 3.161725e-05 5.530580e-07
4015 3.160540e-05 5.517238e-07
4016 3.159358e-05 5.503929e-07
4017 3.158181e-05 5.490651e-07
4018 3.157007e-05 5.477405e-07
4019 3.155838e-05 5.464192e-07
4020 3.154672e-05 5.451010e-07
4021 3.153510e-05 5.437860e-07
4022 3.152352e-05 5.424742e-07
4023 3.151198e-05 5.411655e-07
4024 3.150048e-05 5.398600e-07
4025 3.148902e-05 5.385576e-07
4026 3.147759e-05 5.372584e-07
4027 3.146621e-05 5.359624e-07
4028 3.145486e-05 5.346694e-07
4029 3.144355e-05 5.333796e-07
4030 3.143228e-05 5.320929e-07
4031 3.142105e-05 5.308092e-07
4032 3.140985e-05 5.295287e-07
4033 3.139869e-05 5.282513e-07
4034 3.138757e-05 5.269769e-07
4035 3.137649e-05 5.257057e-07
4036 3.136545e-05 5.244375e-07
4037 3.135444e-05 5.231723e-07
4038 3.134347e-05 5.219102e-07
4039 3.133253e-05 5.206512e-07
4040 3.132163e-05 5.193951e-07
4041 3.131077e-05 5.181422e-07
4042 3.129995e-05 5.168922e-07
4043 3.128916e-05 5.156452e-07
4044 3.127840e-05 5.144013e-07
4045 3.126769e-05 5.131604e-07
4046 3.125701e-05 5.119224e-07
4047 3.124636e-05 5.106875e-07
4048 3.123575e-05 5.094555e-07
4049 3.122518e-05 5.082265e-07
4050 3.121464e-05 5.070004e-07
4051 3.120414e-05 5.057774e-07
4052 3.119367e-05 5.045572e-07
4053 3.118324e-05 5.033400e-07
4054 3.117284e-05 5.021258e-07
4055 3.116248e-05 5.009145e-07
4056 3.115215e-05 4.997061e-07
4057 3.114186e-05 4.985006e-07
4058 3.113160e-05 4.972980e-07
4059 3.112137e-05 4.960983e-07
4060 3.111118e-05 4.949015e-07
4061 3.110103e-05 4.937076e-07
4062 3.109090e-05 4.925166e-07
4063 3.108082e-05 4.913285e-07
4064 3.107076e-05 4.901432e-07
4065 3.106074e-05 4.889608e-07
4066 3.105075e-05 4.877812e-07
4067 3.104080e-05 4.866045e-07
4068 3.103088e-05 4.854306e-07
4069 3.102099e-05 4.842596e-07
4070 3.101114e-05 4.830913e-07
4071 3.100132e-05 4.819259e-07
4072 3.099153e-05 4.807633e-07
4073 3.098177e-05 4.796036e-07
4074 3.097205e-05 4.784466e-07
4075 3.096236e-05 4.772924e-07
4076 3.095270e-05 4.761409e-07
4077 3.094307e-05 4.749923e-07
4078 3.093348e-05 4.738464e-07
4079 3.092392e-05 4.727033e-07
4080 3.091439e-05 4.715630e-07
4081 3.090489e-05 4.704254e-07
4082 3.089542e-05 4.692905e-07
4083 3.088599e-05 4.681584e-07
4084 3.087658e-05 4.670291e-07
4085 3.086721e-05 4.659024e-07
4086 3.085787e-05 4.647785e-07
4087 3.084856e-05 4.636572e-07
4088 3.083928e-05 4.625387e-07
4089 3.083003e-05 4.614229e-07
4090 3.082082e-05 4.603098e-07
4091 3.081163e-05 4.591993e-07
4092 3.080247e-05 4.580915e-07
4093 3.079335e-05 4.569864e-07
4094 3.078425e-05 4.558840e-07
4095 3.077519e-05 4.547842e-07
4096 3.076616e-05 4.536871e-07
4097 3.075715e-05 4.525926e-07
4098 3.074818e-05 4.515008e-07
4099 3.073923e-05 4.504116e-07
4100 3.073032e-05 4.493251e-07
4101 3.072143e-05 4.482411e-07
4102 3.071258e-05 4.471598e-07
4103 3.070375e-05 4.460810e-07
4104 3.069496e-05 4.450049e-07
4105 3.068619e-05 4.439314e-07
4106 3.067745e-05 4.428605e-07
4107 3.066874e-05 4.417921e-07
4108 3.066006e-05 4.407263e-07
4109 3.065141e-05 4.396631e-07
4110 3.064279e-05 4.386025e-07
4111 3.063419e-05 4.375444e-07
4112 3.062563e-05 4.364889e-07
4113 3.061709e-05 4.354359e-07
4114 3.060858e-05 4.343855e-07
4115 3.060010e-05 4.333375e-07
4116 3.059165e-05 4.322922e-07
4117 3.058323e-05 4.312493e-07
4118 3.057483e-05 4.302090e-07
4119 3.056646e-05 4.291711e-07
4120 3.055812e-05 4.281358e-07
4121 3.054981e-05 4.271030e-07
4122 3.054152e-05 4.260726e-07
4123 3.053326e-05 4.250448e-07
4124 3.052503e-05 4.240194e-07
4125 3.051683e-05 4.229965e-07
4126 3.050865e-05 4.219761e-07
4127 3.050050e-05 4.209581e-07
4128 3.049238e-05 4.199426e-07
4129 3.048429e-05 4.189295e-07
4130 3.047622e-05 4.179189e-07
4131 3.046818e-05 4.169107e-07
4132 3.046016e-05 4.159050e-07
4133 3.045217e-05 4.149016e-07
4134 3.044421e-05 4.139007e-07
4135 3.043627e-05 4.129022e-07
4136 3.042836e-05 4.119062e-07
4137 3.042048e-05 4.109125e-07
4138 3.041262e-05 4.099212e-07
4139 3.040479e-05 4.089323e-07
4140 3.039699e-05 4.079458e-07
4141 3.038921e-05 4.069617e-07
4142 3.038145e-05 4.059799e-07
4143 3.037372e-05 4.050005e-07
4144 3.036602e-05 4.040235e-07
4145 3.035834e-05 4.030489e-07
4146 3.035069e-05 4.020765e-07
4147 3.034306e-05 4.011066e-07
4148 3.033546e-05 4.001390e-07
4149 3.032788e-05 3.991737e-07
4150 3.032033e-05 3.982107e-07
4151 3.031280e-05 3.972501e-07
4152 3.030530e-05 3.962917e-07
4153 3.029782e-05 3.953357e-07
4154 3.029037e-05 3.943820e-07
4155 3.028294e-05 3.934306e-07
4156 3.027554e-05 3.924815e-07
4157 3.026816e-05 3.915347e-07
4158 3.026080e-05 3.905902e-07
4159 3.025347e-05 3.896479e-07
4160 3.024617e-05 3.887079e-07
4161 3.023888e-05 3.877702e-07
4162 3.023162e-05 3.868347e-07
4163 3.022439e-05 3.859015e-07
4164 3.021718e-05 3.849706e-07
4165 3.020999e-05 3.840419e-07
4166 3.020283e-05 3.831154e-07
4167 3.019568e-05 3.821912e-07
4168 3.018857e-05 3.812692e-07
4169 3.018147e-05 3.803495e-07
4170 3.017440e-05 3.794319e-07
4171 3.016736e-05 3.785166e-07
4172 3.016033e-05 3.776034e-07
4173 3.015333e-05 3.766925e-07
4174 3.014635e-05 3.757838e-07
4175 3.013940e-05 3.748772e-07
4176 3.013246e-05 3.739729e-07
4177 3.012555e-05 3.730707e-07
4178 3.011867e-05 3.721707e-07
4179 3.011180e-05 3.712729e-07
4180 3.010496e-05 3.703772e-07
4181 3.009814e-05 3.694838e-07
4182 3.009134e-05 3.685924e-07
4183 3.008457e-05 3.677032e-07
4184 3.007782e-05 3.668162e-07
4185 3.007108e-05 3.659313e-07
4186 3.006438e-05 3.650485e-07
4187 3.005769e-05 3.641679e-07
4188 3.005102e-05 3.632893e-07
4189 3.004438e-05 3.624130e-07
4190 3.003776e-05 3.615387e-07
4191 3.003116e-05 3.606665e-07
4192 3.002458e-05 3.597964e-07
4193 3.001802e-05 3.589285e-07
4194 3.001149e-05 3.580626e-07
4195 3.000497e-05 3.571988e-07
4196 2.999848e-05 3.563371e-07
4197 2.999201e-05 3.554775e-07
4198 2.998556e-05 3.546199e-07
4199 2.997913e-05 3.537644e-07
4200 2.997272e-05 3.529110e-07
4201 2.996633e-05 3.520597e-07
4202 2.995996e-05 3.512103e-07
4203 2.995362e-05 3.503631e-07
4204 2.994729e-05 3.495179e-07
4205 2.994099e-05 3.486747e-07
4206 2.993470e-05 3.478336e-07
4207 2.992844e-05 3.469945e-07
4208 2.992219e-05 3.461574e-07
4209 2.991597e-05 3.453223e-07
4210 2.990977e-05 3.444892e-07
4211 2.990358e-05 3.436582e-07
4212 2.989742e-05 3.428292e-07
4213 2.989128e-05 3.420021e-07
4214 2.988516e-05 3.411771e-07
4215 2.987905e-05 3.403540e-07
4216 2.987297e-05 3.395330e-07
4217 2.986691e-05 3.387139e-07
4218 2.986086e-05 3.378968e-07
4219 2.985484e-05 3.370816e-07
4220 2.984883e-05 3.362685e-07
4221 2.984285e-05 3.354572e-07
4222 2.983688e-05 3.346480e-07
4223 2.983094e-05 3.338407e-07
4224 2.982501e-05 3.330353e-07
4225 2.981910e-05 3.322319e-07
4226 2.981321e-05 3.314304e-07
4227 2.980734e-05 3.306309e-07
4228 2.980149e-05 3.298333e-07
4229 2.979566e-05 3.290376e-07
4230 2.978985e-05 3.282438e-07
4231 2.978405e-05 3.274520e-07
4232 2.977828e-05 3.266620e-07
4233 2.977252e-05 3.258740e-07
4234 2.976678e-05 3.250879e-07
4235 2.976106e-05 3.243036e-07
4236 2.975536e-05 3.235213e-07
4237 2.974968e-05 3.227408e-07
4238 2.974401e-05 3.219623e-07
4239 2.973837e-05 3.211856e-07
4240 2.973274e-05 3.204107e-07
4241 2.972713e-05 3.196378e-07
4242 2.972154e-05 3.188667e-07
4243 2.971596e-05 3.180974e-07
4244 2.971041e-05 3.173301e-07
4245 2.970487e-05 3.165645e-07
4246 2.969935e-05 3.158009e-07
4247 2.969385e-05 3.150390e-07
4248 2.968836e-05 3.142790e-07
4249 2.968290e-05 3.135209e-07
4250 2.967745e-05 3.127645e-07
4251 2.967201e-05 3.120100e-07
4252 2.966660e-05 3.112573e-07
4253 2.966120e-05 3.105065e-07
4254 2.965582e-05 3.097574e-07
4255 2.965046e-05 3.090101e-07
4256 2.964512e-05 3.082647e-07
4257 2.963979e-05 3.075210e-07
4258 2.963448e-05 3.067792e-07
4259 2.962918e-05 3.060391e-07
4260 2.962391e-05 3.053008e-07
4261 2.961865e-05 3.045643e-07
4262 2.961341e-05 3.038296e-07
4263 2.960818e-05 3.030966e-07
4264 2.960297e-05 3.023654e-07
4265 2.959778e-05 3.016360e-07
4266 2.959260e-05 3.009083e-07
4267 2.958744e-05 3.001824e-07
4268 2.958230e-05 2.994583e-07
4269 2.957717e-05 2.987359e-07
4270 2.957206e-05 2.980152e-07
4271 2.956697e-05 2.972963e-07
4272 2.956189e-05 2.965791e-07
4273 2.955683e-05 2.958636e-07
4274 2.955179e-05 2.951499e-07
4275 2.954676e-05 2.944379e-07
4276 2.954174e-05 2.937276e-07
4277 2.953675e-05 2.930190e-07
4278 2.953177e-05 2.923121e-07
4279 2.952680e-05 2.916069e-07
4280 2.952185e-05 2.909035e-07
4281 2.951692e-05 2.902017e-07
4282 2.951200e-05 2.895016e-07
4283 2.950710e-05 2.888032e-07
4284 2.950221e-05 2.881065e-07
4285 2.949734e-05 2.874115e-07
4286 2.949249e-05 2.867181e-07
4287 2.948765e-05 2.860265e-07
4288 2.948283e-05 2.853364e-07
4289 2.947802e-05 2.846481e-07
4290 2.947322e-05 2.839614e-07
4291 2.946845e-05 2.832764e-07
4292 2.946368e-05 2.825930e-07
4293 2.945893e-05 2.819113e-07
4294 2.945420e-05 2.812312e-07
4295 2.944948e-05 2.805528e-07
4296 2.944478e-05 2.798760e-07
4297 2.944009e-05 2.792008e-07
4298 2.943542e-05 2.785273e-07
4299 2.943076e-05 2.778553e-07
4300 2.942612e-05 2.771850e-07
4301 2.942149e-05 2.765164e-07
4302 2.941688e-05 2.758493e-07
4303 2.941228e-05 2.751838e-07
4304 2.940769e-05 2.745200e-07
4305 2.940312e-05 2.738577e-07
4306 2.939857e-05 2.731971e-07
4307 2.939403e-05 2.725380e-07
4308 2.938950e-05 2.718806e-07
4309 2.938499e-05 2.712247e-07
4310 2.938049e-05 2.705704e-07
4311 2.937600e-05 2.699177e-07
4312 2.937153e-05 2.692665e-07
4313 2.936708e-05 2.686169e-07
4314 2.936264e-05 2.679689e-07
4315 2.935821e-05 2.673225e-07
4316 2.935380e-05 2.666776e-07
4317 2.934940e-05 2.660343e-07
4318 2.934501e-05 2.653925e-07
4319 2.934064e-05 2.647523e-07
4320 2.933628e-05 2.641136e-07
4321 2.933194e-05 2.634764e-07
4322 2.932761e-05 2.628408e-07
4323 2.932329e-05 2.622067e-07
4324 2.931899e-05 2.615742e-07
4325 2.931470e-05 2.609432e-07
4326 2.931042e-05 2.603137e-07
4327 2.930616e-05 2.596857e-07
4328 2.930191e-05 2.590592e-07
4329 2.929767e-05 2.584343e-07
4330 2.929345e-05 2.578108e-07
4331 2.928924e-05 2.571889e-07
4332 2.928504e-05 2.565685e-07
4333 2.928086e-05 2.559495e-07
4334 2.927669e-05 2.553321e-07
4335 2.927253e-05 2.547161e-07
4336 2.926839e-05 2.541016e-07
4337 2.926426e-05 2.534886e-07
4338 2.926014e-05 2.528771e-07
4339 2.925604e-05 2.522671e-07
4340 2.925195e-05 2.516585e-07
4341 2.924787e-05 2.510514e-07
4342 2.924380e-05 2.504458e-07
4343 2.923975e-05 2.498416e-07
4344 2.923571e-05 2.492389e-07
4345 2.923168e-05 2.486376e-07
4346 2.922766e-05 2.480378e-07
4347 2.922366e-05 2.474395e-07
4348 2.921967e-05 2.468425e-07
4349 2.921569e-05 2.462471e-07
4350 2.921173e-05 2.456530e-07
4351 2.920777e-05 2.450604e-07
4352 2.920383e-05 2.444692e-07
4353 2.919991e-05 2.438795e-07
4354 2.919599e-05 2.432911e-07
4355 2.919209e-05 2.427042e-07
4356 2.918819e-05 2.421187e-07
4357 2.918431e-05 2.415346e-07
4358 2.918045e-05 2.409520e-07
4359 2.917659e-05 2.403707e-07
4360 2.917275e-05 2.397908e-07
4361 2.916892e-05 2.392123e-07
4362 2.916510e-05 2.386353e-07
4363 2.916129e-05 2.380596e-07
4364 2.915749e-05 2.374853e-07
4365 2.915371e-05 2.369124e-07
4366 2.914994e-05 2.363409e-07
4367 2.914618e-05 2.357707e-07
4368 2.914243e-05 2.352019e-07
4369 2.913869e-05 2.346345e-07
4370 2.913497e-05 2.340685e-07
4371 2.913125e-05 2.335039e-07
4372 2.912755e-05 2.329405e-07
4373 2.912386e-05 2.323786e-07
4374 2.912018e-05 2.318180e-07
4375 2.911652e-05 2.312588e-07
4376 2.911286e-05 2.307009e-07
4377 2.910921e-05 2.301444e-07
4378 2.910558e-05 2.295892e-07
4379 2.910196e-05 2.290353e-07
4380 2.909835e-05 2.284828e-07
4381 2.909475e-05 2.279316e-07
4382 2.909116e-05 2.273817e-07
4383 2.908758e-05 2.268332e-07
4384 2.908401e-05 2.262860e-07
4385 2.908046e-05 2.257401e-07
4386 2.907691e-05 2.251955e-07
4387 2.907338e-05 2.246523e-07
4388 2.906986e-05 2.241103e-07
4389 2.906635e-05 2.235697e-07
4390 2.906284e-05 2.230303e-07
4391 2.905935e-05 2.224923e-07
4392 2.905588e-05 2.219555e-07
4393 2.905241e-05 2.214201e-07
4394 2.904895e-05 2.208860e-07
4395 2.904550e-05 2.203531e-07
4396 2.904207e-05 2.198215e-07
4397 2.903864e-05 2.192912e-07
4398 2.903522e-05 2.187622e-07
4399 2.903182e-05 2.182345e-07
4400 2.902842e-05 2.177080e-07
4401 2.902504e-05 2.171828e-07
4402 2.902167e-05 2.166589e-07
4403 2.901830e-05 2.161362e-07
4404 2.901495e-05 2.156148e-07
4405 2.901161e-05 2.150946e-07
4406 2.900828e-05 2.145758e-07
4407 2.900496e-05 2.140581e-07
4408 2.900164e-05 2.135417e-07
4409 2.899834e-05 2.130266e-07
4410 2.899505e-05 2.125127e-07
4411 2.899177e-05 2.120000e-07
4412 2.898850e-05 2.114886e-07
4413 2.898524e-05 2.109784e-07
4414 2.898199e-05 2.104694e-07
4415 2.897875e-05 2.099617e-07
4416 2.897551e-05 2.094552e-07
4417 2.897229e-05 2.089499e-07
4418 2.896908e-05 2.084458e-07
4419 2.896588e-05 2.079430e-07
4420 2.896269e-05 2.074413e-07
4421 2.895951e-05 2.069409e-07
4422 2.895633e-05 2.064417e-07
4423 2.895317e-05 2.059437e-07
4424 2.895002e-05 2.054468e-07
4425 2.894688e-05 2.049512e-07
4426 2.894374e-05 2.044568e-07
4427 2.894062e-05 2.039636e-07
4428 2.893750e-05 2.034715e-07
4429 2.893440e-05 2.029807e-07
4430 2.893130e-05 2.024910e-07
4431 2.892822e-05 2.020025e-07
4432 2.892514e-05 2.015152e-07
4433 2.892207e-05 2.010291e-07
4434 2.891902e-05 2.005441e-07
4435 2.891597e-05 2.000603e-07
4436 2.891293e-05 1.995777e-07
4437 2.890990e-05 1.990962e-07
4438 2.890688e-05 1.986159e-07
4439 2.890387e-05 1.981368e-07
4440 2.890086e-05 1.976588e-07
4441 2.889787e-05 1.971820e-07
4442 2.889489e-05 1.967063e-07
4443 2.889191e-05 1.962318e-07
4444 2.888895e-05 1.957584e-07
4445 2.888599e-05 1.952861e-07
4446 2.888304e-05 1.948150e-07
4447 2.888010e-05 1.943451e-07
4448 2.887717e-05 1.938762e-07
4449 2.887425e-05 1.934085e-07
4450 2.887134e-05 1.929420e-07
4451 2.886843e-05 1.924765e-07
4452 2.886554e-05 1.920122e-07
4453 2.886265e-05 1.915490e-07
4454 2.885978e-05 1.910869e-07
4455 2.885691e-05 1.906259e-07
4456 2.885405e-05 1.901660e-07
4457 2.885120e-05 1.897073e-07
4458 2.884836e-05 1.892496e-07
4459 2.884552e-05 1.887931e-07
4460 2.884270e-05 1.883376e-07
4461 2.883988e-05 1.878833e-07
4462 2.883707e-05 1.874300e-07
4463 2.883427e-05 1.869779e-07
4464 2.883148e-05 1.865268e-07
4465 2.882870e-05 1.860769e-07
4466 2.882592e-05 1.856280e-07
4467 2.882316e-05 1.851802e-07
4468 2.882040e-05 1.847334e-07
4469 2.881765e-05 1.842878e-07
4470 2.881491e-05 1.838432e-07
4471 2.881218e-05 1.833997e-07
4472 2.880945e-05 1.829573e-07
4473 2.880674e-05 1.825159e-07
4474 2.880403e-05 1.820756e-07
4475 2.880133e-05 1.816364e-07
4476 2.879864e-05 1.811982e-07
4477 2.879595e-05 1.807611e-07
4478 2.879328e-05 1.803250e-07
4479 2.879061e-05 1.798900e-07
4480 2.878795e-05 1.794560e-07
4481 2.878530e-05 1.790231e-07
4482 2.878265e-05 1.785912e-07
4483 2.878002e-05 1.781604e-07
4484 2.877739e-05 1.777306e-07
4485 2.877477e-05 1.773019e-07
4486 2.877216e-05 1.768741e-07
4487 2.876956e-05 1.764474e-07
4488 2.876696e-05 1.760218e-07
4489 2.876437e-05 1.755971e-07
4490 2.876179e-05 1.751735e-07
4491 2.875922e-05 1.747509e-07
4492 2.875665e-05 1.743294e-07
4493 2.875409e-05 1.739088e-07
4494 2.875154e-05 1.734893e-07
4495 2.874900e-05 1.730708e-07
4496 2.874647e-05 1.726533e-07
4497 2.874394e-05 1.722367e-07
4498 2.874142e-05 1.718212e-07
4499 2.873891e-05 1.714067e-07
4500 2.873640e-05 1.709932e-07
4501 2.873391e-05 1.705807e-07
4502 2.873142e-05 1.701692e-07
4503 2.872894e-05 1.697587e-07
4504 2.872646e-05 1.693492e-07
4505 2.872399e-05 1.689407e-07
4506 2.872153e-05 1.685331e-07
4507 2.871908e-05 1.681265e-07
4508 2.871664e-05 1.677210e-07
4509 2.871420e-05 1.673163e-07
4510 2.871177e-05 1.669127e-07
4511 2.870934e-05 1.665101e-07
4512 2.870693e-05 1.661084e-07
4513 2.870452e-05 1.657076e-07
4514 2.870212e-05 1.653079e-07
4515 2.869972e-05 1.649091e-07
4516 2.869733e-05 1.645113e-07
4517 2.869495e-05 1.641144e-07
4518 2.869258e-05 1.637185e-07
4519 2.869021e-05 1.633236e-07
4520 2.868785e-05 1.629296e-07
4521 2.868550e-05 1.625365e-07
4522 2.868316e-05 1.621444e-07
4523 2.868082e-05 1.617532e-07
4524 2.867849e-05 1.613630e-07
4525 2.867616e-05 1.609738e-07
4526 2.867384e-05 1.605854e-07
4527 2.867153e-05 1.601980e-07
4528 2.866923e-05 1.598116e-07
4529 2.866693e-05 1.594260e-07
4530 2.866464e-05 1.590415e-07
4531 2.866236e-05 1.586578e-07
4532 2.866008e-05 1.582750e-07
4533 2.865781e-05 1.578932e-07
4534 2.865555e-05 1.575123e-07
4535 2.865329e-05 1.571323e-07
4536 2.865104e-05 1.567533e-07
4537 2.864880e-05 1.563751e-07
4538 2.864656e-05 1.559979e-07
4539 2.864433e-05 1.556216e-07
4540 2.864211e-05 1.552461e-07
4541 2.863989e-05 1.548716e-07
4542 2.863768e-05 1.544980e-07
4543 2.863548e-05 1.541253e-07
4544 2.863328e-05 1.537535e-07
4545 2.863109e-05 1.533826e-07
4546 2.862890e-05 1.530126e-07
4547 2.862673e-05 1.526434e-07
4548 2.862455e-05 1.522752e-07
4549 2.862239e-05 1.519078e-07
4550 2.862023e-05 1.515414e-07
4551 2.861808e-05 1.511758e-07
4552 2.861593e-05 1.508111e-07
4553 2.861379e-05 1.504473e-07
4554 2.861166e-05 1.500844e-07
4555 2.860953e-05 1.497223e-07
4556 2.860741e-05 1.493611e-07
4557 2.860530e-05 1.490008e-07
4558 2.860319e-05 1.486413e-07
4559 2.860109e-05 1.482828e-07
4560 2.859899e-05 1.479250e-07
4561 2.859690e-05 1.475682e-07
4562 2.859482e-05 1.472122e-07
4563 2.859274e-05 1.468571e-07
4564 2.859067e-05 1.465028e-07
4565 2.858860e-05 1.461494e-07
4566 2.858654e-05 1.457968e-07
4567 2.858449e-05 1.454451e-07
4568 2.858244e-05 1.450942e-07
4569 2.858040e-05 1.447442e-07
4570 2.857836e-05 1.443950e-07
4571 2.857633e-05 1.440467e-07
4572 2.857431e-05 1.436992e-07
4573 2.857229e-05 1.433525e-07
4574 2.857028e-05 1.430067e-07
4575 2.856828e-05 1.426617e-07
4576 2.856628e-05 1.423175e-07
4577 2.856428e-05 1.419742e-07
4578 2.856229e-05 1.416317e-07
4579 2.856031e-05 1.412900e-07
4580 2.855833e-05 1.409492e-07
4581 2.855636e-05 1.406092e-07
4582 2.855440e-05 1.402700e-07
4583 2.855244e-05 1.399316e-07
4584 2.855048e-05 1.395940e-07
4585 2.854854e-05 1.392573e-07
4586 2.854659e-05 1.389213e-07
4587 2.854466e-05 1.385862e-07
4588 2.854273e-05 1.382519e-07
4589 2.854080e-05 1.379183e-07
4590 2.853888e-05 1.375856e-07
4591 2.853697e-05 1.372537e-07
4592 2.853506e-05 1.369226e-07
4593 2.853315e-05 1.365923e-07
4594 2.853126e-05 1.362628e-07
4595 2.852936e-05 1.359341e-07
4596 2.852748e-05 1.356061e-07
4597 2.852560e-05 1.352790e-07
4598 2.852372e-05 1.349527e-07
4599 2.852185e-05 1.346271e-07
4600 2.851999e-05 1.343023e-07
4601 2.851813e-05 1.339783e-07
4602 2.851627e-05 1.336551e-07
4603 2.851442e-05 1.333327e-07
4604 2.851258e-05 1.330110e-07
4605 2.851074e-05 1.326902e-07
4606 2.850891e-05 1.323701e-07
4607 2.850708e-05 1.320507e-07
4608 2.850526e-05 1.317322e-07
4609 2.850344e-05 1.314144e-07
4610 2.850163e-05 1.310974e-07
4611 2.849983e-05 1.307811e-07
4612 2.849802e-05 1.304656e-07
4613 2.849623e-05 1.301509e-07
4614 2.849444e-05 1.298369e-07
4615 2.849265e-05 1.295237e-07
4616 2.849087e-05 1.292112e-07
4617 2.848910e-05 1.288995e-07
4618 2.848733e-05 1.285886e-07
4619 2.848556e-05 1.282784e-07
4620 2.848380e-05 1.279689e-07
4621 2.848205e-05 1.276602e-07
4622 2.848030e-05 1.273522e-07
4623 2.847855e-05 1.270450e-07
4624 2.847681e-05 1.267385e-07
4625 2.847508e-05 1.264328e-07
4626 2.847335e-05 1.261278e-07
4627 2.847162e-05 1.258235e-07
4628 2.846991e-05 1.255200e-07
4629 2.846819e-05 1.252172e-07
4630 2.846648e-05 1.249151e-07
4631 2.846478e-05 1.246137e-07
4632 2.846308e-05 1.243131e-07
4633 2.846138e-05 1.240132e-07
4634 2.845969e-05 1.237141e-07
4635 2.845801e-05 1.234156e-07
4636 2.845632e-05 1.231179e-07
4637 2.845465e-05 1.228209e-07
4638 2.845298e-05 1.225246e-07
4639 2.845131e-05 1.222290e-07
4640 2.844965e-05 1.219342e-07
4641 2.844799e-05 1.216400e-07
4642 2.844634e-05 1.213466e-07
4643 2.844470e-05 1.210538e-07
4644 2.844305e-05 1.207618e-07
4645 2.844142e-05 1.204705e-07
4646 2.843978e-05 1.201798e-07
4647 2.843815e-05 1.198899e-07
4648 2.843653e-05 1.196007e-07
4649 2.843491e-05 1.193122e-07
4650 2.843330e-05 1.190244e-07
4651 2.843169e-05 1.187372e-07
4652 2.843008e-05 1.184508e-07
4653 2.842848e-05 1.181650e-07
4654 2.842689e-05 1.178800e-07
4655 2.842529e-05 1.175956e-07
4656 2.842371e-05 1.173119e-07
4657 2.842213e-05 1.170289e-07
4658 2.842055e-05 1.167466e-07
4659 2.841897e-05 1.164649e-07
4660 2.841741e-05 1.161840e-07
4661 2.841584e-05 1.159037e-07
4662 2.841428e-05 1.156241e-07
4663 2.841273e-05 1.153452e-07
4664 2.841117e-05 1.150669e-07
4665 2.840963e-05 1.147893e-07
4666 2.840809e-05 1.145124e-07
4667 2.840655e-05 1.142362e-07
4668 2.840501e-05 1.139606e-07
4669 2.840349e-05 1.136857e-07
4670 2.840196e-05 1.134114e-07
4671 2.840044e-05 1.131378e-07
4672 2.839892e-05 1.128649e-07
4673 2.839741e-05 1.125926e-07
4674 2.839591e-05 1.123210e-07
4675 2.839440e-05 1.120500e-07
4676 2.839290e-05 1.117797e-07
4677 2.839141e-05 1.115101e-07
4678 2.838992e-05 1.112411e-07
4679 2.838843e-05 1.109727e-07
4680 2.838695e-05 1.107050e-07
4681 2.838547e-05 1.104379e-07
4682 2.838400e-05 1.101715e-07
4683 2.838253e-05 1.099057e-07
4684 2.838106e-05 1.096406e-07
4685 2.837960e-05 1.093761e-07
4686 2.837815e-05 1.091122e-07
4687 2.837669e-05 1.088490e-07
4688 2.837524e-05 1.085864e-07
4689 2.837380e-05 1.083245e-07
4690 2.837236e-05 1.080632e-07
4691 2.837092e-05 1.078025e-07
4692 2.836949e-05 1.075424e-07
4693 2.836806e-05 1.072830e-07
4694 2.836664e-05 1.070242e-07
4695 2.836522e-05 1.067660e-07
4696 2.836380e-05 1.065084e-07
4697 2.836239e-05 1.062515e-07
4698 2.836098e-05 1.059952e-07
4699 2.835958e-05 1.057395e-07
4700 2.835818e-05 1.054844e-07
4701 2.835678e-05 1.052299e-07
4702 2.835539e-05 1.049760e-07
4703 2.835400e-05 1.047228e-07
4704 2.835261e-05 1.044702e-07
4705 2.835123e-05 1.042181e-07
4706 2.834986e-05 1.039667e-07
4707 2.834848e-05 1.037159e-07
4708 2.834712e-05 1.034657e-07
4709 2.834575e-05 1.032161e-07
4710 2.834439e-05 1.029671e-07
4711 2.834303e-05 1.027187e-07
4712 2.834168e-05 1.024709e-07
4713 2.834033e-05 1.022237e-07
4714 2.833898e-05 1.019771e-07
4715 2.833764e-05 1.017311e-07
4716 2.833630e-05 1.014857e-07
4717 2.833497e-05 1.012409e-07
4718 2.833363e-05 1.009966e-07
4719 2.833231e-05 1.007530e-07
4720 2.833098e-05 1.005099e-07
4721 2.832966e-05 1.002675e-07
4722 2.832835e-05 1.000256e-07
4723 2.832704e-05 9.978429e-08
4724 2.832573e-05 9.954357e-08
4725 2.832442e-05 9.930343e-08
4726 2.832312e-05 9.906387e-08
4727 2.832182e-05 9.882489e-08
4728 2.832053e-05 9.858649e-08
4729 2.831924e-05 9.834866e-08
4730 2.831795e-05 9.811140e-08
4731 2.831667e-05 9.787472e-08
4732 2.831539e-05 9.763861e-08
4733 2.831411e-05 9.740307e-08
4734 2.831284e-05 9.716809e-08
4735 2.831157e-05 9.693368e-08
4736 2.831030e-05 9.669984e-08
4737 2.830904e-05 9.646656e-08
4738 2.830778e-05 9.623385e-08
4739 2.830653e-05 9.600170e-08
4740 2.830528e-05 9.577010e-08
4741 2.830403e-05 9.553907e-08
4742 2.830278e-05 9.530859e-08
4743 2.830154e-05 9.507867e-08
4744 2.830031e-05 9.484930e-08
4745 2.829907e-05 9.462049e-08
4746 2.829784e-05 9.439223e-08
4747 2.829661e-05 9.416451e-08
4748 2.829539e-05 9.393735e-08
4749 2.829417e-05 9.371074e-08
4750 2.829295e-05 9.348467e-08
4751 2.829174e-05 9.325915e-08
4752 2.829053e-05 9.303417e-08
4753 2.828932e-05 9.280974e-08
4754 2.828812e-05 9.258584e-08
4755 2.828692e-05 9.236249e-08
4756 2.828572e-05 9.213968e-08
4757 2.828453e-05 9.191740e-08
4758 2.828334e-05 9.169566e-08
4759 2.828215e-05 9.147445e-08
4760 2.828097e-05 9.125378e-08
4761 2.827979e-05 9.103364e-08
4762 2.827861e-05 9.081403e-08
4763 2.827744e-05 9.059495e-08
4764 2.827627e-05 9.037640e-08
4765 2.827510e-05 9.015838e-08
4766 2.827394e-05 8.994088e-08
4767 2.827277e-05 8.972391e-08
4768 2.827162e-05 8.950746e-08
4769 2.827046e-05 8.929153e-08
4770 2.826931e-05 8.907613e-08
4771 2.826816e-05 8.886124e-08
4772 2.826702e-05 8.864687e-08
4773 2.826588e-05 8.843302e-08
4774 2.826474e-05 8.821969e-08
4775 2.826360e-05 8.800687e-08
4776 2.826247e-05 8.779456e-08
4777 2.826134e-05 8.758276e-08
4778 2.826022e-05 8.737148e-08
4779 2.825909e-05 8.716071e-08
4780 2.825797e-05 8.695044e-08
4781 2.825686e-05 8.674068e-08
4782 2.825574e-05 8.653143e-08
4783 2.825463e-05 8.632268e-08
4784 2.825353e-05 8.611444e-08
4785 2.825242e-05 8.590670e-08
4786 2.825132e-05 8.569945e-08
4787 2.825022e-05 8.549271e-08
4788 2.824913e-05 8.528647e-08
4789 2.824803e-05 8.508073e-08
4790 2.824695e-05 8.487548e-08
4791 2.824586e-05 8.467073e-08
4792 2.824478e-05 8.446647e-08
4793 2.824370e-05 8.426270e-08
4794 2.824262e-05 8.405943e-08
4795 2.824154e-05 8.385664e-08
4796 2.824047e-05 8.365435e-08
4797 2.823941e-05 8.345254e-08
4798 2.823834e-05 8.325122e-08
4799 2.823728e-05 8.305039e-08
4800 2.823622e-05 8.285004e-08
4801 2.823516e-05 8.265017e-08
4802 2.823411e-05 8.245078e-08
4803 2.823306e-05 8.225188e-08
4804 2.823201e-05 8.205346e-08
4805 2.823096e-05 8.185551e-08
4806 2.822992e-05 8.165804e-08
4807 2.822888e-05 8.146105e-08
4808 2.822785e-05 8.126454e-08
4809 2.822681e-05 8.106850e-08
4810 2.822578e-05 8.087293e-08
4811 2.822475e-05 8.067783e-08
4812 2.822373e-05 8.048320e-08
4813 2.822271e-05 8.028905e-08
4814 2.822169e-05 8.009536e-08
4815 2.822067e-05 7.990214e-08
4816 2.821966e-05 7.970938e-08
4817 2.821864e-05 7.951709e-08
4818 2.821764e-05 7.932526e-08
4819 2.821663e-05 7.913390e-08
4820 2.821563e-05 7.894300e-08
4821 2.821463e-05 7.875256e-08
4822 2.821363e-05 7.856257e-08
4823 2.821264e-05 7.837305e-08
4824 2.821164e-05 7.818398e-08
4825 2.821065e-05 7.799537e-08
4826 2.820967e-05 7.780722e-08
4827 2.820868e-05 7.761952e-08
4828 2.820770e-05 7.743227e-08
4829 2.820672e-05 7.724547e-08
4830 2.820575e-05 7.705913e-08
4831 2.820478e-05 7.687323e-08
4832 2.820380e-05 7.668778e-08
4833 2.820284e-05 7.650278e-08
4834 2.820187e-05 7.631822e-08
4835 2.820091e-05 7.613411e-08
4836 2.819995e-05 7.595045e-08
4837 2.819899e-05 7.576723e-08
4838 2.819804e-05 7.558445e-08
4839 2.819708e-05 7.540211e-08
4840 2.819614e-05 7.522021e-08
4841 2.819519e-05 7.503875e-08
4842 2.819424e-05 7.485772e-08
4843 2.819330e-05 7.467714e-08
4844 2.819236e-05 7.449699e-08
4845 2.819143e-05 7.431727e-08
4846 2.819049e-05 7.413799e-08
4847 2.818956e-05 7.395914e-08
4848 2.818863e-05 7.378072e-08
4849 2.818771e-05 7.360273e-08
4850 2.818678e-05 7.342517e-08
4851 2.818586e-05 7.324804e-08
4852 2.818494e-05 7.307134e-08
4853 2.818402e-05 7.289506e-08
4854 2.818311e-05 7.271921e-08
4855 2.818220e-05 7.254379e-08
4856 2.818129e-05 7.236878e-08
4857 2.818038e-05 7.219420e-08
4858 2.817948e-05 7.202004e-08
4859 2.817858e-05 7.184630e-08
4860 2.817768e-05 7.167298e-08
4861 2.817678e-05 7.150007e-08
4862 2.817589e-05 7.132759e-08
4863 2.817500e-05 7.115552e-08
4864 2.817411e-05 7.098386e-08
4865 2.817322e-05 7.081262e-08
4866 2.817233e-05 7.064179e-08
4867 2.817145e-05 7.047138e-08
4868 2.817057e-05 7.030137e-08
4869 2.816969e-05 7.013178e-08
4870 2.816882e-05 6.996259e-08
4871 2.816795e-05 6.979382e-08
4872 2.816708e-05 6.962545e-08
4873 2.816621e-05 6.945748e-08
4874 2.816534e-05 6.928992e-08
4875 2.816448e-05 6.912277e-08
4876 2.816362e-05 6.895602e-08
4877 2.816276e-05 6.878967e-08
4878 2.816190e-05 6.862372e-08
4879 2.816105e-05 6.845818e-08
4880 2.816020e-05 6.829303e-08
4881 2.815935e-05 6.812828e-08
4882 2.815850e-05 6.796393e-08
4883 2.815765e-05 6.779997e-08
4884 2.815681e-05 6.763641e-08
4885 2.815597e-05 6.747324e-08
4886 2.815513e-05 6.731047e-08
4887 2.815430e-05 6.714809e-08
4888 2.815346e-05 6.698611e-08
4889 2.815263e-05 6.682451e-08
4890 2.815180e-05 6.666330e-08
4891 2.815098e-05 6.650248e-08
4892 2.815015e-05 6.634205e-08
4893 2.814933e-05 6.618201e-08
4894 2.814851e-05 6.602235e-08
4895 2.814769e-05 6.586308e-08
4896 2.814688e-05 6.570419e-08
4897 2.814606e-05 6.554569e-08
4898 2.814525e-05 6.538757e-08
4899 2.814444e-05 6.522983e-08
4900 2.814364e-05 6.507247e-08
4901 2.814283e-05 6.491549e-08
4902 2.814203e-05 6.475889e-08
4903 2.814123e-05 6.460266e-08
4904 2.814043e-05 6.444682e-08
4905 2.813963e-05 6.429134e-08
4906 2.813884e-05 6.413625e-08
4907 2.813805e-05 6.398153e-08
4908 2.813726e-05 6.382718e-08
4909 2.813647e-05 6.367320e-08
4910 2.813568e-05 6.351960e-08
4911 2.813490e-05 6.336636e-08
4912 2.813412e-05 6.321350e-08
4913 2.813334e-05 6.306100e-08
4914 2.813256e-05 6.290888e-08
4915 2.813179e-05 6.275711e-08
4916 2.813101e-05 6.260572e-08
4917 2.813024e-05 6.245469e-08
4918 2.812947e-05 6.230403e-08
4919 2.812871e-05 6.215372e-08
4920 2.812794e-05 6.200378e-08
4921 2.812718e-05 6.185421e-08
4922 2.812642e-05 6.170499e-08
4923 2.812566e-05 6.155613e-08
4924 2.812490e-05 6.140764e-08
4925 2.812415e-05 6.125950e-08
4926 2.812340e-05 6.111171e-08
4927 2.812264e-05 6.096429e-08
4928 2.812190e-05 6.081722e-08
4929 2.812115e-05 6.067050e-08
4930 2.812041e-05 6.052414e-08
4931 2.811966e-05 6.037814e-08
4932 2.811892e-05 6.023248e-08
4933 2.811818e-05 6.008718e-08
4934 2.811745e-05 5.994222e-08
4935 2.811671e-05 5.979762e-08
4936 2.811598e-05 5.965336e-08
4937 2.811525e-05 5.950946e-08
4938 2.811452e-05 5.936590e-08
4939 2.811379e-05 5.922268e-08
4940 2.811307e-05 5.907981e-08
4941 2.811234e-05 5.893729e-08
4942 2.811162e-05 5.879511e-08
4943 2.811090e-05 5.865327e-08
4944 2.811019e-05 5.851178e-08
4945 2.810947e-05 5.837062e-08
4946 2.810876e-05 5.822981e-08
4947 2.810805e-05 5.808934e-08
4948 2.810734e-05 5.794920e-08
4949 2.810663e-05 5.780941e-08
4950 2.810592e-05 5.766995e-08
4951 2.810522e-05 5.753083e-08
4952 2.810452e-05 5.739204e-08
4953 2.810382e-05 5.725359e-08
4954 2.810312e-05 5.711547e-08
4955 2.810242e-05 5.697768e-08
4956 2.810173e-05 5.684023e-08
4957 2.810103e-05 5.670311e-08
4958 2.810034e-05 5.656632e-08
4959 2.809965e-05 5.642986e-08
4960 2.809897e-05 5.629373e-08
4961 2.809828e-05 5.615793e-08
4962 2.809760e-05 5.602245e-08
4963 2.809692e-05 5.588730e-08
4964 2.809624e-05 5.575248e-08
4965 2.809556e-05 5.561799e-08
4966 2.809488e-05 5.548381e-08
4967 2.809421e-05 5.534996e-08
4968 2.809353e-05 5.521644e-08
4969 2.809286e-05 5.508324e-08
4970 2.809219e-05 5.495035e-08
4971 2.809153e-05 5.481779e-08
4972 2.809086e-05 5.468555e-08
4973 2.809020e-05 5.455363e-08
4974 2.808953e-05 5.442202e-08
4975 2.808887e-05 5.429073e-08
4976 2.808821e-05 5.415976e-08
4977 2.808756e-05 5.402911e-08
4978 2.808690e-05 5.389877e-08
4979 2.808625e-05 5.376874e-08
4980 2.808560e-05 5.363903e-08
4981 2.808495e-05 5.350964e-08
4982 2.808430e-05 5.338055e-08
4983 2.808365e-05 5.325177e-08
4984 2.808301e-05 5.312331e-08
4985 2.808236e-05 5.299516e-08
4986 2.808172e-05 5.286731e-08
4987 2.808108e-05 5.273977e-08
4988 2.808044e-05 5.261255e-08
4989 2.807981e-05 5.248562e-08
4990 2.807917e-05 5.235901e-08
4991 2.807854e-05 5.223270e-08
4992 2.807791e-05 5.210669e-08
4993 2.807728e-05 5.198099e-08
4994 2.807665e-05 5.185559e-08
4995 2.807602e-05 5.173049e-08
4996 2.807540e-05 5.160570e-08
4997 2.807478e-05 5.148121e-08
4998 2.807415e-05 5.135701e-08
4999 2.807353e-05 5.123312e-08
5000 2.807292e-05 5.110953e-08
5001 2.807230e-05 5.098623e-08
5002 2.807168e-05 5.086323e-08
5003 2.807107e-05 5.074053e-08
5004 2.807046e-05 5.061812e-08
5005 2.806985e-05 5.049601e-08
5006 2.806924e-05 5.037420e-08
5007 2.806863e-05 5.025267e-08
5008 2.806803e-05 5.013145e-08
5009 2.806743e-05 5.001051e-08
5010 2.806682e-05 4.988986e-08
5011 2.806622e-05 4.976951e-08
5012 2.806562e-05 4.964945e-08
5013 2.806503e-05 4.952967e-08
5014 2.806443e-05 4.941019e-08
5015 2.806384e-05 4.929099e-08
5016 2.806324e-05 4.917208e-08
5017 2.806265e-05 4.905346e-08
5018 2.806206e-05 4.893512e-08
5019 2.806147e-05 4.881707e-08
5020 2.806089e-05 4.869931e-08
5021 2.806030e-05 4.858182e-08
5022 2.805972e-05 4.846463e-08
5023 2.805914e-05 4.834771e-08
5024 2.805856e-05 4.823108e-08
5025 2.805798e-05 4.811472e-08
5026 2.805740e-05 4.799865e-08
5027 2.805683e-05 4.788286e-08
5028 2.805625e-05 4.776735e-08
5029 2.805568e-05 4.765212e-08
5030 2.805511e-05 4.753716e-08
5031 2.805454e-05 4.742248e-08
5032 2.805397e-05 4.730808e-08
5033 2.805340e-05 4.719395e-08
5034 2.805284e-05 4.708010e-08
5035 2.805227e-05 4.696653e-08
5036 2.805171e-05 4.685323e-08
5037 2.805115e-05 4.674020e-08
5038 2.805059e-05 4.662744e-08
5039 2.805003e-05 4.651496e-08
5040 2.804948e-05 4.640275e-08
5041 2.804892e-05 4.629081e-08
5042 2.804837e-05 4.617913e-08
5043 2.804782e-05 4.606773e-08
5044 2.804727e-05 4.595660e-08
5045 2.804672e-05 4.584573e-08
5046 2.804617e-05 4.573514e-08
5047 2.804562e-05 4.562480e-08
5048 2.804508e-05 4.551474e-08
5049 2.804453e-05 4.540494e-08
5050 2.804399e-05 4.529541e-08
5051 2.804345e-05 4.518614e-08
5052 2.804291e-05 4.507713e-08
5053 2.804237e-05 4.496838e-08
5054 2.804184e-05 4.485990e-08
5055 2.804130e-05 4.475168e-08
5056 2.804077e-05 4.464373e-08
5057 2.804024e-05 4.453603e-08
5058 2.803971e-05 4.442859e-08
5059 2.803918e-05 4.432141e-08
5060 2.803865e-05 4.421449e-08
5061 2.803812e-05 4.410783e-08
5062 2.803760e-05 4.400142e-08
5063 2.803707e-05 4.389527e-08
5064 2.803655e-05 4.378938e-08
5065 2.803603e-05 4.368374e-08
5066 2.803551e-05 4.357836e-08
5067 2.803499e-05 4.347323e-08
5068 2.803447e-05 4.336836e-08
5069 2.803396e-05 4.326374e-08
5070 2.803344e-05 4.315937e-08
5071 2.803293e-05 4.305525e-08
5072 2.803242e-05 4.295138e-08
5073 2.803191e-05 4.284777e-08
5074 2.803140e-05 4.274440e-08
5075 2.803089e-05 4.264129e-08
5076 2.803038e-05 4.253842e-08
5077 2.802988e-05 4.243580e-08
5078 2.802937e-05 4.233343e-08
5079 2.802887e-05 4.223130e-08
5080 2.802837e-05 4.212942e-08
5081 2.802787e-05 4.202779e-08
5082 2.802737e-05 4.192640e-08
5083 2.802687e-05 4.182526e-08
5084 2.802638e-05 4.172436e-08
5085 2.802588e-05 4.162371e-08
5086 2.802539e-05 4.152329e-08
5087 2.802490e-05 4.142312e-08
5088 2.802441e-05 4.132319e-08
5089 2.802392e-05 4.122351e-08
5090 2.802343e-05 4.112406e-08
5091 2.802294e-05 4.102485e-08
5092 2.802246e-05 4.092588e-08
5093 2.802197e-05 4.082716e-08
5094 2.802149e-05 4.072866e-08
5095 2.802101e-05 4.063041e-08
5096 2.802053e-05 4.053239e-08
5097 2.802005e-05 4.043461e-08
5098 2.801957e-05 4.033707e-08
5099 2.801909e-05 4.023976e-08
5100 2.801861e-05 4.014269e-08
5101 2.801814e-05 4.004585e-08
5102 2.801767e-05 3.994924e-08
5103 2.801719e-05 3.985287e-08
5104 2.801672e-05 3.975673e-08
5105 2.801625e-05 3.966082e-08
5106 2.801579e-05 3.956514e-08
5107 2.801532e-05 3.946969e-08
5108 2.801485e-05 3.937448e-08
5109 2.801439e-05 3.927949e-08
5110 2.801392e-05 3.918473e-08
5111 2.801346e-05 3.909020e-08
5112 2.801300e-05 3.899590e-08
5113 2.801254e-05 3.890183e-08
5114 2.801208e-05 3.880798e-08
5115 2.801162e-05 3.871436e-08
5116 2.801117e-05 3.862097e-08
5117 2.801071e-05 3.852780e-08
5118 2.801026e-05 3.843486e-08
5119 2.800980e-05 3.834214e-08
5120 2.800935e-05 3.824964e-08
5121 2.800890e-05 3.815737e-08
5122 2.800845e-05 3.806532e-08
5123 2.800800e-05 3.797349e-08
5124 2.800756e-05 3.788188e-08
5125 2.800711e-05 3.779050e-08
5126 2.800667e-05 3.769933e-08
5127 2.800622e-05 3.760838e-08
5128 2.800578e-05 3.751766e-08
5129 2.800534e-05 3.742715e-08
5130 2.800490e-05 3.733686e-08
5131 2.800446e-05 3.724679e-08
5132 2.800402e-05 3.715694e-08
5133 2.800358e-05 3.706730e-08
5134 2.800315e-05 3.697788e-08
5135 2.800271e-05 3.688867e-08
5136 2.800228e-05 3.679968e-08
5137 2.800185e-05 3.671091e-08
5138 2.800142e-05 3.662235e-08
5139 2.800099e-05 3.653400e-08
5140 2.800056e-05 3.644587e-08
5141 2.800013e-05 3.635794e-08
5142 2.799970e-05 3.627023e-08
5143 2.799928e-05 3.618274e-08
5144 2.799885e-05 3.609545e-08
5145 2.799843e-05 3.600837e-08
5146 2.799801e-05 3.592151e-08
5147 2.799758e-05 3.583485e-08
5148 2.799716e-05 3.574840e-08
5149 2.799675e-05 3.566216e-08
5150 2.799633e-05 3.557613e-08
5151 2.799591e-05 3.549031e-08
5152 2.799549e-05 3.540469e-08
5153 2.799508e-05 3.531928e-08
5154 2.799467e-05 3.523408e-08
5155 2.799425e-05 3.514908e-08
5156 2.799384e-05 3.506429e-08
5157 2.799343e-05 3.497970e-08
5158 2.799302e-05 3.489531e-08
5159 2.799261e-05 3.481113e-08
5160 2.799220e-05 3.472715e-08
5161 2.799180e-05 3.464338e-08
5162 2.799139e-05 3.455980e-08
5163 2.799099e-05 3.447643e-08
5164 2.799059e-05 3.439326e-08
5165 2.799018e-05 3.431029e-08
5166 2.798978e-05 3.422752e-08
5167 2.798938e-05 3.414495e-08
5168 2.798898e-05 3.406258e-08
5169 2.798858e-05 3.398041e-08
5170 2.798819e-05 3.389844e-08
5171 2.798779e-05 3.381666e-08
5172 2.798740e-05 3.373508e-08
5173 2.798700e-05 3.365370e-08
5174 2.798661e-05 3.357251e-08
5175 2.798622e-05 3.349152e-08
5176 2.798583e-05 3.341073e-08
5177 2.798544e-05 3.333013e-08
5178 2.798505e-05 3.324972e-08
5179 2.798466e-05 3.316951e-08
5180 2.798427e-05 3.308949e-08
5181 2.798389e-05 3.300967e-08
5182 2.798350e-05 3.293004e-08
5183 2.798312e-05 3.285060e-08
5184 2.798273e-05 3.277135e-08
5185 2.798235e-05 3.269229e-08
5186 2.798197e-05 3.261342e-08
5187 2.798159e-05 3.253475e-08
5188 2.798121e-05 3.245626e-08
5189 2.798083e-05 3.237796e-08
5190 2.798046e-05 3.229985e-08
5191 2.798008e-05 3.222193e-08
5192 2.797970e-05 3.214420e-08
5193 2.797933e-05 3.206666e-08
5194 2.797896e-05 3.198930e-08
5195 2.797858e-05 3.191213e-08
5196 2.797821e-05 3.183515e-08
5197 2.797784e-05 3.175835e-08
5198 2.797747e-05 3.168173e-08
5199 2.797710e-05 3.160530e-08
5200 2.797674e-05 3.152906e-08
5201 2.797637e-05 3.145300e-08
5202 2.797600e-05 3.137712e-08
5203 2.797564e-05 3.130143e-08
5204 2.797527e-05 3.122592e-08
5205 2.797491e-05 3.115059e-08
5206 2.797455e-05 3.107544e-08
5207 2.797419e-05 3.100047e-08
5208 2.797383e-05 3.092569e-08
5209 2.797347e-05 3.085108e-08
5210 2.797311e-05 3.077666e-08
5211 2.797275e-05 3.070241e-08
5212 2.797240e-05 3.062835e-08
5213 2.797204e-05 3.055446e-08
5214 2.797168e-05 3.048075e-08
5215 2.797133e-05 3.040722e-08
5216 2.797098e-05 3.033387e-08
5217 2.797063e-05 3.026069e-08
5218 2.797027e-05 3.018769e-08
5219 2.796992e-05 3.011486e-08
5220 2.796958e-05 3.004221e-08
5221 2.796923e-05 2.996974e-08
5222 2.796888e-05 2.989744e-08
5223 2.796853e-05 2.982532e-08
5224 2.796819e-05 2.975337e-08
5225 2.796784e-05 2.968159e-08
5226 2.796750e-05 2.960999e-08
5227 2.796715e-05 2.953856e-08
5228 2.796681e-05 2.946730e-08
5229 2.796647e-05 2.939621e-08
5230 2.796613e-05 2.932530e-08
5231 2.796579e-05 2.925455e-08
5232 2.796545e-05 2.918398e-08
5233 2.796511e-05 2.911357e-08
5234 2.796478e-05 2.904334e-08
5235 2.796444e-05 2.897328e-08
5236 2.796410e-05 2.890338e-08
5237 2.796377e-05 2.883366e-08
5238 2.796344e-05 2.876410e-08
5239 2.796310e-05 2.869471e-08
5240 2.796277e-05 2.862549e-08
5241 2.796244e-05 2.855643e-08
5242 2.796211e-05 2.848754e-08
5243 2.796178e-05 2.841882e-08
5244 2.796145e-05 2.835026e-08
5245 2.796112e-05 2.828187e-08
5246 2.796080e-05 2.821364e-08
5247 2.796047e-05 2.814558e-08
5248 2.796015e-05 2.807768e-08
5249 2.795982e-05 2.800995e-08
5250 2.795950e-05 2.794237e-08
5251 2.795917e-05 2.787497e-08
5252 2.795885e-05 2.780772e-08
5253 2.795853e-05 2.774064e-08
5254 2.795821e-05 2.767372e-08
5255 2.795789e-05 2.760696e-08
5256 2.795757e-05 2.754036e-08
5257 2.795725e-05 2.747392e-08
5258 2.795694e-05 2.740764e-08
5259 2.795662e-05 2.734152e-08
5260 2.795631e-05 2.727557e-08
5261 2.795599e-05 2.720977e-08
5262 2.795568e-05 2.714413e-08
5263 2.795536e-05 2.707864e-08
5264 2.795505e-05 2.701332e-08
5265 2.795474e-05 2.694815e-08
5266 2.795443e-05 2.688314e-08
5267 2.795412e-05 2.681829e-08
5268 2.795381e-05 2.675359e-08
5269 2.795350e-05 2.668905e-08
5270 2.795319e-05 2.662467e-08
5271 2.795289e-05 2.656044e-08
5272 2.795258e-05 2.649637e-08
5273 2.795228e-05 2.643245e-08
5274 2.795197e-05 2.636868e-08
5275 2.795167e-05 2.630507e-08
5276 2.795137e-05 2.624161e-08
5277 2.795106e-05 2.617831e-08
5278 2.795076e-05 2.611515e-08
5279 2.795046e-05 2.605215e-08
5280 2.795016e-05 2.598931e-08
5281 2.794986e-05 2.592661e-08
5282 2.794956e-05 2.586406e-08
5283 2.794927e-05 2.580167e-08
5284 2.794897e-05 2.573943e-08
5285 2.794867e-05 2.567733e-08
5286 2.794838e-05 2.561539e-08
5287 2.794808e-05 2.555360e-08
5288 2.794779e-05 2.549195e-08
5289 2.794750e-05 2.543045e-08
5290 2.794720e-05 2.536911e-08
5291 2.794691e-05 2.530790e-08
5292 2.794662e-05 2.524685e-08
5293 2.794633e-05 2.518595e-08
5294 2.794604e-05 2.512519e-08
5295 2.794575e-05 2.506458e-08
5296 2.794546e-05 2.500411e-08
5297 2.794518e-05 2.494379e-08
5298 2.794489e-05 2.488362e-08
5299 2.794460e-05 2.482359e-08
5300 2.794432e-05 2.476370e-08
5301 2.794404e-05 2.470396e-08
5302 2.794375e-05 2.464437e-08
5303 2.794347e-05 2.458492e-08
5304 2.794319e-05 2.452561e-08
5305 2.794291e-05 2.446644e-08
5306 2.794262e-05 2.440742e-08
5307 2.794234e-05 2.434854e-08
5308 2.794207e-05 2.428980e-08
5309 2.794179e-05 2.423121e-08
5310 2.794151e-05 2.417275e-08
5311 2.794123e-05 2.411444e-08
5312 2.794095e-05 2.405626e-08
5313 2.794068e-05 2.399823e-08
5314 2.794040e-05 2.394034e-08
5315 2.794013e-05 2.388258e-08
5316 2.793986e-05 2.382497e-08
5317 2.793958e-05 2.376749e-08
5318 2.793931e-05 2.371016e-08
5319 2.793904e-05 2.365296e-08
5320 2.793877e-05 2.359590e-08
5321 2.793850e-05 2.353898e-08
5322 2.793823e-05 2.348219e-08
5323 2.793796e-05 2.342554e-08
5324 2.793769e-05 2.336903e-08
5325 2.793742e-05 2.331266e-08
5326 2.793716e-05 2.325642e-08
5327 2.793689e-05 2.320031e-08
5328 2.793662e-05 2.314434e-08
5329 2.793636e-05 2.308851e-08
5330 2.793609e-05 2.303281e-08
5331 2.793583e-05 2.297725e-08
5332 2.793557e-05 2.292182e-08
5333 2.793531e-05 2.286652e-08
5334 2.793504e-05 2.281136e-08
5335 2.793478e-05 2.275633e-08
5336 2.793452e-05 2.270143e-08
5337 2.793426e-05 2.264667e-08
5338 2.793400e-05 2.259203e-08
5339 2.793375e-05 2.253753e-08
5340 2.793349e-05 2.248316e-08
5341 2.793323e-05 2.242893e-08
5342 2.793297e-05 2.237482e-08
5343 2.793272e-05 2.232084e-08
5344 2.793246e-05 2.226700e-08
5345 2.793221e-05 2.221328e-08
5346 2.793196e-05 2.215969e-08
5347 2.793170e-05 2.210623e-08
5348 2.793145e-05 2.205290e-08
5349 2.793120e-05 2.199970e-08
5350 2.793095e-05 2.194663e-08
5351 2.793070e-05 2.189369e-08
5352 2.793045e-05 2.184087e-08
5353 2.793020e-05 2.178818e-08
5354 2.792995e-05 2.173562e-08
5355 2.792970e-05 2.168319e-08
5356 2.792945e-05 2.163088e-08
5357 2.792921e-05 2.157870e-08
5358 2.792896e-05 2.152664e-08
5359 2.792871e-05 2.147471e-08
5360 2.792847e-05 2.142290e-08
5361 2.792822e-05 2.137122e-08
5362 2.792798e-05 2.131967e-08
5363 2.792774e-05 2.126824e-08
5364 2.792749e-05 2.121693e-08
5365 2.792725e-05 2.116575e-08
5366 2.792701e-05 2.111469e-08
5367 2.792677e-05 2.106375e-08
5368 2.792653e-05 2.101294e-08
5369 2.792629e-05 2.096224e-08
5370 2.792605e-05 2.091167e-08
5371 2.792581e-05 2.086123e-08
5372 2.792558e-05 2.081090e-08
5373 2.792534e-05 2.076070e-08
5374 2.792510e-05 2.071061e-08
5375 2.792487e-05 2.066065e-08
5376 2.792463e-05 2.061081e-08
5377 2.792440e-05 2.056109e-08
5378 2.792416e-05 2.051149e-08
5379 2.792393e-05 2.046201e-08
5380 2.792370e-05 2.041264e-08
5381 2.792346e-05 2.036340e-08
5382 2.792323e-05 2.031428e-08
5383 2.792300e-05 2.026527e-08
5384 2.792277e-05 2.021638e-08
5385 2.792254e-05 2.016761e-08
5386 2.792231e-05 2.011896e-08
5387 2.792208e-05 2.007043e-08
5388 2.792185e-05 2.002201e-08
5389 2.792162e-05 1.997371e-08
5390 2.792140e-05 1.992552e-08
5391 2.792117e-05 1.987745e-08
5392 2.792094e-05 1.982950e-08
5393 2.792072e-05 1.978167e-08
5394 2.792049e-05 1.973394e-08
5395 2.792027e-05 1.968634e-08
5396 2.792005e-05 1.963885e-08
5397 2.791982e-05 1.959147e-08
5398 2.791960e-05 1.954421e-08
5399 2.791938e-05 1.949706e-08
5400 2.791916e-05 1.945003e-08
5401 2.791893e-05 1.940310e-08
5402 2.791871e-05 1.935630e-08
5403 2.791849e-05 1.930960e-08
5404 2.791828e-05 1.926302e-08
5405 2.791806e-05 1.921655e-08
5406 2.791784e-05 1.917019e-08
5407 2.791762e-05 1.912395e-08
5408 2.791740e-05 1.907781e-08
5409 2.791719e-05 1.903179e-08
5410 2.791697e-05 1.898588e-08
5411 2.791675e-05 1.894007e-08
5412 2.791654e-05 1.889438e-08
5413 2.791633e-05 1.884880e-08
5414 2.791611e-05 1.880333e-08
5415 2.791590e-05 1.875797e-08
5416 2.791568e-05 1.871272e-08
5417 2.791547e-05 1.866758e-08
5418 2.791526e-05 1.862254e-08
5419 2.791505e-05 1.857762e-08
5420 2.791484e-05 1.853280e-08
5421 2.791463e-05 1.848809e-08
5422 2.791442e-05 1.844349e-08
5423 2.791421e-05 1.839900e-08
5424 2.791400e-05 1.835462e-08
5425 2.791379e-05 1.831034e-08
5426 2.791358e-05 1.826617e-08
5427 2.791338e-05 1.822210e-08
5428 2.791317e-05 1.817814e-08
5429 2.791297e-05 1.813429e-08
5430 2.791276e-05 1.809054e-08
5431 2.791255e-05 1.804690e-08
5432 2.791235e-05 1.800336e-08
5433 2.791215e-05 1.795993e-08
5434 2.791194e-05 1.791661e-08
5435 2.791174e-05 1.787338e-08
5436 2.791154e-05 1.783027e-08
5437 2.791134e-05 1.778725e-08
5438 2.791113e-05 1.774434e-08
5439 2.791093e-05 1.770154e-08
5440 2.791073e-05 1.765883e-08
5441 2.791053e-05 1.761623e-08
5442 2.791033e-05 1.757374e-08
5443 2.791013e-05 1.753134e-08
5444 2.790994e-05 1.748905e-08
5445 2.790974e-05 1.744686e-08
5446 2.790954e-05 1.740477e-08
5447 2.790934e-05 1.736278e-08
5448 2.790915e-05 1.732090e-08
5449 2.790895e-05 1.727911e-08
5450 2.790875e-05 1.723743e-08
5451 2.790856e-05 1.719584e-08
5452 2.790836e-05 1.715436e-08
5453 2.790817e-05 1.711298e-08
5454 2.790798e-05 1.707170e-08
5455 2.790778e-05 1.703051e-08
5456 2.790759e-05 1.698943e-08
5457 2.790740e-05 1.694844e-08
5458 2.790721e-05 1.690756e-08
5459 2.790702e-05 1.686677e-08
5460 2.790683e-05 1.682608e-08
5461 2.790664e-05 1.678549e-08
5462 2.790645e-05 1.674500e-08
5463 2.790626e-05 1.670460e-08
5464 2.790607e-05 1.666430e-08
5465 2.790588e-05 1.662410e-08
5466 2.790569e-05 1.658400e-08
5467 2.790550e-05 1.654399e-08
5468 2.790532e-05 1.650408e-08
5469 2.790513e-05 1.646426e-08
5470 2.790494e-05 1.642455e-08
5471 2.790476e-05 1.638492e-08
5472 2.790457e-05 1.634540e-08
5473 2.790439e-05 1.630597e-08
5474 2.790421e-05 1.626663e-08
5475 2.790402e-05 1.622739e-08
5476 2.790384e-05 1.618824e-08
5477 2.790366e-05 1.614919e-08
5478 2.790347e-05 1.611023e-08
5479 2.790329e-05 1.607137e-08
5480 2.790311e-05 1.603260e-08
5481 2.790293e-05 1.599392e-08
5482 2.790275e-05 1.595534e-08
5483 2.790257e-05 1.591685e-08
5484 2.790239e-05 1.587845e-08
5485 2.790221e-05 1.584014e-08
5486 2.790203e-05 1.580193e-08
5487 2.790185e-05 1.576381e-08
5488 2.790167e-05 1.572578e-08
5489 2.790150e-05 1.568784e-08
5490 2.790132e-05 1.565000e-08
5491 2.790114e-05 1.561224e-08
5492 2.790097e-05 1.557458e-08
5493 2.790079e-05 1.553701e-08
5494 2.790062e-05 1.549953e-08
5495 2.790044e-05 1.546214e-08
5496 2.790027e-05 1.542484e-08
5497 2.790009e-05 1.538763e-08
5498 2.789992e-05 1.535051e-08
5499 2.789975e-05 1.531347e-08
5500 2.789957e-05 1.527653e-08
5501 2.789940e-05 1.523968e-08
5502 2.789923e-05 1.520291e-08
5503 2.789906e-05 1.516624e-08
5504 2.789889e-05 1.512965e-08
5505 2.789872e-05 1.509315e-08
5506 2.789855e-05 1.505674e-08
5507 2.789838e-05 1.502042e-08
5508 2.789821e-05 1.498419e-08
5509 2.789804e-05 1.494804e-08
5510 2.789787e-05 1.491198e-08
5511 2.789770e-05 1.487600e-08
5512 2.789754e-05 1.484012e-08
5513 2.789737e-05 1.480432e-08
5514 2.789720e-05 1.476860e-08
5515 2.789704e-05 1.473298e-08
5516 2.789687e-05 1.469743e-08
5517 2.789670e-05 1.466198e-08
5518 2.789654e-05 1.462661e-08
5519 2.789637e-05 1.459132e-08
5520 2.789621e-05 1.455612e-08
5521 2.789605e-05 1.452101e-08
5522 2.789588e-05 1.448598e-08
5523 2.789572e-05 1.445103e-08
5524 2.789556e-05 1.441617e-08
5525 2.789540e-05 1.438139e-08
5526 2.789523e-05 1.434670e-08
5527 2.789507e-05 1.431209e-08
5528 2.789491e-05 1.427756e-08
5529 2.789475e-05 1.424312e-08
5530 2.789459e-05 1.420876e-08
5531 2.789443e-05 1.417448e-08
5532 2.789427e-05 1.414029e-08
5533 2.789411e-05 1.410618e-08
5534 2.789395e-05 1.407215e-08
5535 2.789380e-05 1.403820e-08
5536 2.789364e-05 1.400433e-08
5537 2.789348e-05 1.397055e-08
5538 2.789332e-05 1.393685e-08
5539 2.789317e-05 1.390323e-08
5540 2.789301e-05 1.386969e-08
5541 2.789285e-05 1.383623e-08
5542 2.789270e-05 1.380285e-08
5543 2.789254e-05 1.376955e-08
5544 2.789239e-05 1.373633e-08
5545 2.789223e-05 1.370319e-08
5546 2.789208e-05 1.367014e-08
5547 2.789193e-05 1.363716e-08
5548 2.789177e-05 1.360426e-08
5549 2.789162e-05 1.357144e-08
5550 2.789147e-05 1.353870e-08
5551 2.789132e-05 1.350604e-08
5552 2.789116e-05 1.347346e-08
5553 2.789101e-05 1.344096e-08
5554 2.789086e-05 1.340853e-08
5555 2.789071e-05 1.337619e-08
5556 2.789056e-05 1.334392e-08
5557 2.789041e-05 1.331173e-08
5558 2.789026e-05 1.327961e-08
5559 2.789011e-05 1.324758e-08
5560 2.788996e-05 1.321562e-08
5561 2.788982e-05 1.318374e-08
5562 2.788967e-05 1.315193e-08
5563 2.788952e-05 1.312021e-08
5564 2.788937e-05 1.308855e-08
5565 2.788923e-05 1.305698e-08
5566 2.788908e-05 1.302548e-08
5567 2.788893e-05 1.299406e-08
5568 2.788879e-05 1.296271e-08
5569 2.788864e-05 1.293144e-08
5570 2.788850e-05 1.290025e-08
5571 2.788835e-05 1.286912e-08
5572 2.788821e-05 1.283808e-08
5573 2.788806e-05 1.280711e-08
5574 2.788792e-05 1.277621e-08
5575 2.788778e-05 1.274539e-08
5576 2.788763e-05 1.271465e-08
5577 2.788749e-05 1.268397e-08
5578 2.788735e-05 1.265337e-08
5579 2.788721e-05 1.262285e-08
5580 2.788707e-05 1.259240e-08
5581 2.788692e-05 1.256202e-08
5582 2.788678e-05 1.253172e-08
5583 2.788664e-05 1.250148e-08
5584 2.788650e-05 1.247133e-08
5585 2.788636e-05 1.244124e-08
5586 2.788622e-05 1.241123e-08
5587 2.788609e-05 1.238129e-08
5588 2.788595e-05 1.235142e-08
5589 2.788581e-05 1.232162e-08
5590 2.788567e-05 1.229190e-08
5591 2.788553e-05 1.226224e-08
5592 2.788539e-05 1.223266e-08
5593 2.788526e-05 1.220315e-08
5594 2.788512e-05 1.217371e-08
5595 2.788498e-05 1.214435e-08
5596 2.788485e-05 1.211505e-08
5597 2.788471e-05 1.208582e-08
5598 2.788458e-05 1.205667e-08
5599 2.788444e-05 1.202758e-08
5600 2.788431e-05 1.199857e-08
5601 2.788417e-05 1.196962e-08
5602 2.788404e-05 1.194075e-08
5603 2.788391e-05 1.191194e-08
5604 2.788377e-05 1.188320e-08
5605 2.788364e-05 1.185454e-08
5606 2.788351e-05 1.182594e-08
5607 2.788337e-05 1.179741e-08
5608 2.788324e-05 1.176895e-08
5609 2.788311e-05 1.174056e-08
5610 2.788298e-05 1.171224e-08
5611 2.788285e-05 1.168398e-08
5612 2.788272e-05 1.165579e-08
5613 2.788259e-05 1.162768e-08
5614 2.788246e-05 1.159963e-08
5615 2.788233e-05 1.157164e-08
5616 2.788220e-05 1.154373e-08
5617 2.788207e-05 1.151588e-08
5618 2.788194e-05 1.148810e-08
5619 2.788181e-05 1.146039e-08
5620 2.788168e-05 1.143274e-08
5621 2.788155e-05 1.140516e-08
5622 2.788143e-05 1.137764e-08
5623 2.788130e-05 1.135020e-08
5624 2.788117e-05 1.132282e-08
5625 2.788105e-05 1.129550e-08
5626 2.788092e-05 1.126825e-08
5627 2.788079e-05 1.124107e-08
5628 2.788067e-05 1.121395e-08
5629 2.788054e-05 1.118690e-08
5630 2.788042e-05 1.115991e-08
5631 2.788029e-05 1.113299e-08
5632 2.788017e-05 1.110613e-08
5633 2.788004e-05 1.107934e-08
5634 2.787992e-05 1.105261e-08
5635 2.787980e-05 1.102595e-08
5636 2.787967e-05 1.099935e-08
5637 2.787955e-05 1.097281e-08
5638 2.787943e-05 1.094634e-08
5639 2.787931e-05 1.091994e-08
5640 2.787918e-05 1.089359e-08
5641 2.787906e-05 1.086731e-08
5642 2.787894e-05 1.084110e-08
5643 2.787882e-05 1.081495e-08
5644 2.787870e-05 1.078886e-08
5645 2.787858e-05 1.076283e-08
5646 2.787846e-05 1.073686e-08
5647 2.787834e-05 1.071096e-08
5648 2.787822e-05 1.068512e-08
5649 2.787810e-05 1.065935e-08
5650 2.787798e-05 1.063363e-08
5651 2.787786e-05 1.060798e-08
5652 2.787774e-05 1.058239e-08
5653 2.787762e-05 1.055686e-08
5654 2.787751e-05 1.053139e-08
5655 2.787739e-05 1.050599e-08
5656 2.787727e-05 1.048064e-08
5657 2.787715e-05 1.045536e-08
5658 2.787704e-05 1.043014e-08
5659 2.787692e-05 1.040498e-08
5660 2.787681e-05 1.037987e-08
5661 2.787669e-05 1.035483e-08
5662 2.787657e-05 1.032985e-08
5663 2.787646e-05 1.030493e-08
5664 2.787634e-05 1.028007e-08
5665 2.787623e-05 1.025528e-08
5666 2.787611e-05 1.023054e-08
5667 2.787600e-05 1.020586e-08
5668 2.787589e-05 1.018124e-08
5669 2.787577e-05 1.015667e-08
5670 2.787566e-05 1.013217e-08
5671 2.787555e-05 1.010773e-08
5672 2.787543e-05 1.008335e-08
5673 2.787532e-05 1.005902e-08
5674 2.787521e-05 1.003475e-08
5675 2.787510e-05 1.001055e-08
5676 2.787499e-05 9.986397e-09
