# step err_l2 res_l2
0 2.463645e-01 1.000000e+00
1 2.370735e-01 4.712095e-01
2 2.335752e-01 1.716068e-01
3 2.308990e-01 1.237758e-01
4 2.286494e-01 9.837300e-02
5 2.266745e-01 8.244253e-02
6 2.248956e-01 7.142831e-02
7 2.232659e-01 6.330839e-02
8 2.217546e-01 5.704535e-02
9 2.203403e-01 5.204977e-02
10 2.190074e-01 4.796069e-02
11 2.177440e-01 4.454408e-02
12 2.165410e-01 4.164114e-02
13 2.153910e-01 3.914016e-02
14 2.142880e-01 3.696009e-02
15 2.132272e-01 3.504065e-02
16 2.122044e-01 3.333599e-02
17 2.112161e-01 3.181060e-02
18 2.102593e-01 3.043653e-02
19 2.093315e-01 2.919144e-02
20 2.084304e-01 2.805725e-02
21 2.075541e-01 2.701919e-02
22 2.067008e-01 2.606504e-02
23 2.058689e-01 2.518459e-02
24 2.050572e-01 2.436927e-02
25 2.042643e-01 2.361180e-02
26 2.034891e-01 2.290599e-02
27 2.027307e-01 2.224649e-02
28 2.019881e-01 2.162869e-02
29 2.012604e-01 2.104859e-02
30 2.005470e-01 2.050270e-02
31 1.998471e-01 1.998793e-02
32 1.991601e-01 1.950158e-02
33 1.984853e-01 1.904127e-02
34 1.978222e-01 1.860485e-02
35 1.971704e-01 1.819044e-02
36 1.965293e-01 1.779633e-02
37 1.958984e-01 1.742101e-02
38 1.952775e-01 1.706309e-02
39 1.946660e-01 1.672134e-02
40 1.940637e-01 1.639464e-02
41 1.934701e-01 1.608197e-02
42 1.928851e-01 1.578241e-02
43 1.923082e-01 1.549510e-02
44 1.917391e-01 1.521928e-02
45 1.911777e-01 1.495424e-02
46 1.906237e-01 1.469933e-02
47 1.900768e-01 1.445395e-02
48 1.895368e-01 1.421755e-02
49 1.890035e-01 1.398964e-02
50 1.884766e-01 1.376972e-02
51 1.879561e-01 1.355738e-02
52 1.874417e-01 1.335221e-02
53 1.869332e-01 1.315383e-02
54 1.864304e-01 1.296190e-02
55 1.859333e-01 1.277609e-02
56 1.854416e-01 1.259610e-02
57 1.849553e-01 1.242165e-02
58 1.844741e-01 1.225247e-02
59 1.839979e-01 1.208831e-02
60 1.835267e-01 1.192896e-02
61 1.830602e-01 1.177418e-02
62 1.825984e-01 1.162377e-02
63 1.821412e-01 1.147755e-02
64 1.816884e-01 1.133533e-02
65 1.812399e-01 1.119693e-02
66 1.807957e-01 1.106221e-02
67 1.803557e-01 1.093101e-02
68 1.799197e-01 1.080319e-02
69 1.794876e-01 1.067861e-02
70 1.790595e-01 1.055714e-02
71 1.786351e-01 1.043867e-02
72 1.782145e-01 1.032307e-02
73 1.777975e-01 1.021024e-02
74 1.773841e-01 1.010008e-02
75 1.769741e-01 9.992491e-03
76 1.765676e-01 9.887373e-03
77 1.761644e-01 9.784641e-03
78 1.757646e-01 9.684212e-03
79 1.753679e-01 9.586003e-03
80 1.749744e-01 9.489940e-03
81 1.745840e-01 9.395949e-03
82 1.741967e-01 9.303959e-03
83 1.738124e-01 9.213906e-03
84 1.734310e-01 9.125725e-03
85 1.730525e-01 9.039355e-03
86 1.726768e-01 8.954739e-03
87 1.723039e-01 8.871821e-03
88 1.719338e-01 8.790548e-03
89 1.715663e-01 8.710868e-03
90 1.712015e-01 8.632734e-03
91 1.708393e-01 8.556098e-03
92 1.704796e-01 8.480915e-03
93 1.701225e-01 8.407143e-03
94 1.697678e-01 8.334740e-03
95 1.694155e-01 8.263666e-03
96 1.690657e-01 8.193884e-03
97 1.687182e-01 8.125356e-03
98 1.683731e-01 8.058048e-03
99 1.680302e-01 7.991925e-03
100 1.676896e-01 7.926955e-03
101 1.673512e-01 7.863106e-03
102 1.670150e-01 7.800349e-03
103 1.666809e-01 7.738653e-03
104 1.663490e-01 7.677992e-03
105 1.660191e-01 7.618337e-03
106 1.656913e-01 7.559663e-03
107 1.653656e-01 7.501944e-03
108 1.650418e-01 7.445157e-03
109 1.647200e-01 7.389277e-03
110 1.644002e-01 7.334282e-03
111 1.640823e-01 7.280150e-03
112 1.637663e-01 7.226860e-03
113 1.634521e-01 7.174391e-03
114 1.631398e-01 7.122724e-03
115 1.628293e-01 7.071839e-03
116 1.625206e-01 7.021718e-03
117 1.622137e-01 6.972343e-03
118 1.619085e-01 6.923696e-03
119 1.616051e-01 6.875761e-03
120 1.613033e-01 6.828521e-03
121 1.610032e-01 6.781961e-03
122 1.607048e-01 6.736065e-03
123 1.604081e-01 6.690819e-03
124 1.601129e-01 6.646207e-03
125 1.598194e-01 6.602217e-03
126 1.595274e-01 6.558834e-03
127 1.592370e-01 6.516045e-03
128 1.589482e-01 6.473838e-03
129 1.586609e-01 6.432200e-03
130 1.583750e-01 6.391120e-03
131 1.580907e-01 6.350584e-03
132 1.578079e-01 6.310583e-03
133 1.575265e-01 6.271106e-03
134 1.572465e-01 6.232140e-03
135 1.569680e-01 6.193677e-03
136 1.566908e-01 6.155705e-03
137 1.564151e-01 6.118215e-03
138 1.561407e-01 6.081198e-03
139 1.558677e-01 6.044644e-03
140 1.555960e-01 6.008544e-03
141 1.553257e-01 5.972888e-03
142 1.550567e-01 5.937670e-03
143 1.547890e-01 5.902879e-03
144 1.545226e-01 5.868509e-03
145 1.542574e-01 5.834551e-03
146 1.539935e-01 5.800997e-03
147 1.537309e-01 5.767839e-03
148 1.534695e-01 5.735071e-03
149 1.532093e-01 5.702685e-03
150 1.529503e-01 5.670675e-03
151 1.526926e-01 5.639033e-03
152 1.524360e-01 5.607752e-03
153 1.521806e-01 5.576827e-03
154 1.519263e-01 5.546251e-03
155 1.516732e-01 5.516018e-03
156 1.514212e-01 5.486121e-03
157 1.511704e-01 5.456555e-03
158 1.509207e-01 5.427315e-03
159 1.506721e-01 5.398393e-03
160 1.504245e-01 5.369786e-03
161 1.501781e-01 5.341488e-03
162 1.499327e-01 5.313493e-03
163 1.496884e-01 5.285796e-03
164 1.494452e-01 5.258393e-03
165 1.492030e-01 5.231278e-03
166 1.489618e-01 5.204446e-03
167 1.487217e-01 5.177894e-03
168 1.484826e-01 5.151617e-03
169 1.482445e-01 5.125609e-03
170 1.480073e-01 5.099867e-03
171 1.477712e-01 5.074387e-03
172 1.475361e-01 5.049164e-03
173 1.473019e-01 5.024194e-03
174 1.470687e-01 4.999473e-03
175 1.468364e-01 4.974998e-03
176 1.466051e-01 4.950764e-03
177 1.463747e-01 4.926767e-03
178 1.461452e-01 4.903005e-03
179 1.459167e-01 4.879474e-03
180 1.456891e-01 4.856169e-03
181 1.454624e-01 4.833088e-03
182 1.452365e-01 4.810227e-03
183 1.450116e-01 4.787583e-03
184 1.447876e-01 4.765153e-03
185 1.445644e-01 4.742933e-03
186 1.443421e-01 4.720920e-03
187 1.441206e-01 4.699112e-03
188 1.439000e-01 4.677506e-03
189 1.436803e-01 4.656097e-03
190 1.434614e-01 4.634885e-03
191 1.432433e-01 4.613865e-03
192 1.430261e-01 4.593035e-03
193 1.428096e-01 4.572393e-03
194 1.425940e-01 4.551935e-03
195 1.423792e-01 4.531660e-03
196 1.421652e-01 4.511564e-03
197 1.419520e-01 4.491645e-03
198 1.417395e-01 4.471901e-03
199 1.415279e-01 4.452329e-03
200 1.413170e-01 4.432926e-03
201 1.411069e-01 4.413692e-03
202 1.408975e-01 4.394623e-03
203 1.406889e-01 4.375716e-03
204 1.404811e-01 4.356971e-03
205 1.402740e-01 4.338384e-03
206 1.400676e-01 4.319954e-03
207 1.398620e-01 4.301679e-03
208 1.396571e-01 4.283556e-03
209 1.394529e-01 4.265583e-03
210 1.392495e-01 4.247759e-03
211 1.390467e-01 4.230082e-03
212 1.388447e-01 4.212550e-03
213 1.386434e-01 4.195160e-03
214 1.384427e-01 4.177911e-03
215 1.382428e-01 4.160802e-03
216 1.380435e-01 4.143830e-03
217 1.378450e-01 4.126994e-03
218 1.376471e-01 4.110292e-03
219 1.374498e-01 4.093722e-03
220 1.372533e-01 4.077284e-03
221 1.370574e-01 4.060974e-03
222 1.368621e-01 4.044791e-03
223 1.366675e-01 4.028735e-03
224 1.364736e-01 4.012803e-03
225 1.362803e-01 3.996994e-03
226 1.360876e-01 3.981307e-03
227 1.358956e-01 3.965739e-03
228 1.357042e-01 3.950290e-03
229 1.355135e-01 3.934959e-03
230 1.353233e-01 3.919742e-03
231 1.351338e-01 3.904641e-03
232 1.349449e-01 3.889652e-03
233 1.347566e-01 3.874775e-03
234 1.345689e-01 3.860008e-03
235 1.343818e-01 3.845350e-03
236 1.341953e-01 3.830801e-03
237 1.340094e-01 3.816357e-03
238 1.338240e-01 3.802020e-03
239 1.336393e-01 3.787786e-03
240 1.334552e-01 3.773655e-03
241 1.332716e-01 3.759627e-03
242 1.330886e-01 3.745698e-03
243 1.329062e-01 3.731870e-03
244 1.327243e-01 3.718139e-03
245 1.325430e-01 3.704507e-03
246 1.323622e-01 3.690970e-03
247 1.321821e-01 3.677528e-03
248 1.320024e-01 3.664181e-03
249 1.318233e-01 3.650927e-03
250 1.316448e-01 3.637765e-03
251 1.314668e-01 3.624694e-03
252 1.312893e-01 3.611713e-03
253 1.311124e-01 3.598821e-03
254 1.309360e-01 3.586017e-03
255 1.307601e-01 3.573301e-03
256 1.305848e-01 3.560671e-03
257 1.304100e-01 3.548126e-03
258 1.302356e-01 3.535666e-03
259 1.300619e-01 3.523289e-03
260 1.298886e-01 3.510995e-03
261 1.297158e-01 3.498783e-03
262 1.295435e-01 3.486652e-03
263 1.293718e-01 3.474601e-03
264 1.292005e-01 3.462629e-03
265 1.290297e-01 3.450736e-03
266 1.288595e-01 3.438921e-03
267 1.286897e-01 3.427182e-03
268 1.285204e-01 3.415520e-03
269 1.283516e-01 3.403933e-03
270 1.281833e-01 3.392421e-03
271 1.280154e-01 3.380982e-03
272 1.278480e-01 3.369617e-03
273 1.276811e-01 3.358324e-03
274 1.275147e-01 3.347102e-03
275 1.273487e-01 3.335952e-03
276 1.271832e-01 3.324872e-03
277 1.270182e-01 3.313862e-03
278 1.268536e-01 3.302920e-03
279 1.266895e-01 3.292047e-03
280 1.265258e-01 3.281241e-03
281 1.263626e-01 3.270502e-03
282 1.261999e-01 3.259830e-03
283 1.260375e-01 3.249223e-03
284 1.258757e-01 3.238681e-03
285 1.257142e-01 3.228203e-03
286 1.255532e-01 3.217789e-03
287 1.253927e-01 3.207439e-03
288 1.252326e-01 3.197150e-03
289 1.250729e-01 3.186924e-03
290 1.249136e-01 3.176760e-03
291 1.247548e-01 3.166656e-03
292 1.245964e-01 3.156612e-03
293 1.244384e-01 3.146628e-03
294 1.242808e-01 3.136704e-03
295 1.241237e-01 3.126838e-03
296 1.239669e-01 3.117030e-03
297 1.238106e-01 3.107279e-03
298 1.236547e-01 3.097586e-03
299 1.234992e-01 3.087949e-03
300 1.233441e-01 3.078368e-03
301 1.231894e-01 3.068842e-03
302 1.230351e-01 3.059372e-03
303 1.228812e-01 3.049956e-03
304 1.227277e-01 3.040594e-03
305 1.225746e-01 3.031286e-03
306 1.224219e-01 3.022031e-03
307 1.222696e-01 3.012828e-03
308 1.221177e-01 3.003678e-03
309 1.219661e-01 2.994579e-03
310 1.218150e-01 2.985531e-03
311 1.216642e-01 2.976534e-03
312 1.215138e-01 2.967588e-03
313 1.213638e-01 2.958691e-03
314 1.212142e-01 2.949844e-03
315 1.210649e-01 2.941046e-03
316 1.209160e-01 2.932297e-03
317 1.207675e-01 2.923596e-03
318 1.206194e-01 2.914943e-03
319 1.204716e-01 2.906337e-03
320 1.203242e-01 2.897778e-03
321 1.201771e-01 2.889266e-03
322 1.200305e-01 2.880800e-03
323 1.198841e-01 2.872380e-03
324 1.197382e-01 2.864006e-03
325 1.195926e-01 2.855676e-03
326 1.194473e-01 2.847391e-03
327 1.193024e-01 2.839151e-03
328 1.191578e-01 2.830955e-03
329 1.190136e-01 2.822802e-03
330 1.188698e-01 2.814692e-03
331 1.187263e-01 2.806626e-03
332 1.185831e-01 2.798602e-03
333 1.184403e-01 2.790620e-03
334 1.182978e-01 2.782680e-03
335 1.181556e-01 2.774782e-03
336 1.180138e-01 2.766925e-03
337 1.178724e-01 2.759109e-03
338 1.177312e-01 2.751333e-03
339 1.175904e-01 2.743598e-03
340 1.174499e-01 2.735903e-03
341 1.173098e-01 2.728247e-03
342 1.171700e-01 2.720631e-03
343 1.170305e-01 2.713054e-03
344 1.168913e-01 2.705515e-03
345 1.167525e-01 2.698015e-03
346 1.166139e-01 2.690553e-03
347 1.164757e-01 2.683129e-03
348 1.163378e-01 2.675742e-03
349 1.162003e-01 2.668392e-03
350 1.160630e-01 2.661080e-03
351 1.159261e-01 2.653804e-03
352 1.157894e-01 2.646565e-03
353 1.156531e-01 2.639361e-03
354 1.155171e-01 2.632194e-03
355 1.153814e-01 2.625062e-03
356 1.152460e-01 2.617966e-03
357 1.151109e-01 2.610904e-03
358 1.149761e-01 2.603878e-03
359 1.148417e-01 2.596886e-03
360 1.147075e-01 2.589928e-03
361 1.145736e-01 2.583004e-03
362 1.144400e-01 2.576114e-03
363 1.143067e-01 2.569258e-03
364 1.141737e-01 2.562435e-03
365 1.140410e-01 2.555645e-03
366 1.139086e-01 2.548888e-03
367 1.137765e-01 2.542163e-03
368 1.136446e-01 2.535471e-03
369 1.135131e-01 2.528811e-03
370 1.133818e-01 2.522182e-03
371 1.132509e-01 2.515586e-03
372 1.131202e-01 2.509021e-03
373 1.129898e-01 2.502487e-03
374 1.128597e-01 2.495984e-03
375 1.127298e-01 2.489512e-03
376 1.126003e-01 2.483070e-03
377 1.124710e-01 2.476659e-03
378 1.123420e-01 2.470278e-03
379 1.122132e-01 2.463926e-03
380 1.120848e-01 2.457605e-03
381 1.119566e-01 2.451313e-03
382 1.118287e-01 2.445050e-03
383 1.117010e-01 2.438817e-03
384 1.115737e-01 2.432612e-03
385 1.114466e-01 2.426436e-03
386 1.113197e-01 2.420289e-03
387 1.111932e-01 2.414169e-03
388 1.110669e-01 2.408078e-03
389 1.109408e-01 2.402015e-03
390 1.108150e-01 2.395980e-03
391 1.106895e-01 2.389972e-03
392 1.105643e-01 2.383992e-03
393 1.104393e-01 2.378039e-03
394 1.103145e-01 2.372113e-03
395 1.101900e-01 2.366214e-03
396 1.100658e-01 2.360341e-03
397 1.099418e-01 2.354495e-03
398 1.098181e-01 2.348675e-03
399 1.096947e-01 2.342881e-03
400 1.095715e-01 2.337114e-03
401 1.094485e-01 2.331372e-03
402 1.093258e-01 2.325655e-03
403 1.092033e-01 2.319965e-03
404 1.090811e-01 2.314299e-03
405 1.089591e-01 2.308659e-03
406 1.088374e-01 2.303043e-03
407 1.087159e-01 2.297453e-03
408 1.085947e-01 2.291887e-03
409 1.084737e-01 2.286346e-03
410 1.083529e-01 2.280829e-03
411 1.082324e-01 2.275336e-03
412 1.081121e-01 2.269867e-03
413 1.079921e-01 2.264422e-03
414 1.078723e-01 2.259001e-03
415 1.077527e-01 2.253603e-03
416 1.076334e-01 2.248229e-03
417 1.075143e-01 2.242878e-03
418 1.073954e-01 2.237551e-03
419 1.072768e-01 2.232246e-03
420 1.071584e-01 2.226964e-03
421 1.070402e-01 2.221705e-03
422 1.069222e-01 2.216468e-03
423 1.068045e-01 2.211254e-03
424 1.066870e-01 2.206063e-03
425 1.065698e-01 2.200893e-03
426 1.064527e-01 2.195746e-03
427 1.063359e-01 2.190620e-03
428 1.062193e-01 2.185516e-03
429 1.061030e-01 2.180434e-03
430 1.059868e-01 2.175373e-03
431 1.058709e-01 2.170334e-03
432 1.057552e-01 2.165316e-03
433 1.056397e-01 2.160319e-03
434 1.055245e-01 2.155343e-03
435 1.054094e-01 2.150388e-03
436 1.052946e-01 2.145454e-03
437 1.051800e-01 2.140540e-03
438 1.050656e-01 2.135647e-03
439 1.049514e-01 2.130774e-03
440 1.048374e-01 2.125922e-03
441 1.047237e-01 2.121090e-03
442 1.046101e-01 2.116277e-03
443 1.044968e-01 2.111485e-03
444 1.043837e-01 2.106713e-03
445 1.042708e-01 2.101960e-03
446 1.041580e-01 2.097226e-03
447 1.040455e-01 2.092513e-03
448 1.039333e-01 2.087818e-03
449 1.038212e-01 2.083143e-03
450 1.037093e-01 2.078487e-03
451 1.035976e-01 2.073850e-03
452 1.034861e-01 2.069231e-03
453 1.033749e-01 2.064632e-03
454 1.032638e-01 2.060051e-03
455 1.031529e-01 2.055489e-03
456 1.030422e-01 2.050946e-03
457 1.029318e-01 2.046420e-03
458 1.028215e-01 2.041914e-03
459 1.027114e-01 2.037425e-03
460 1.026016e-01 2.032954e-03
461 1.024919e-01 2.028501e-03
462 1.023824e-01 2.024066e-03
463 1.022731e-01 2.019649e-03
464 1.021640e-01 2.015250e-03
465 1.020551e-01 2.010868e-03
466 1.019464e-01 2.006504e-03
467 1.018379e-01 2.002157e-03
468 1.017296e-01 1.997827e-03
469 1.016215e-01 1.993515e-03
470 1.015135e-01 1.989219e-03
471 1.014058e-01 1.984941e-03
472 1.012982e-01 1.980680e-03
473 1.011908e-01 1.976435e-03
474 1.010836e-01 1.972207e-03
475 1.009766e-01 1.967996e-03
476 1.008698e-01 1.963801e-03
477 1.007632e-01 1.959623e-03
478 1.006568e-01 1.955461e-03
479 1.005505e-01 1.951315e-03
480 1.004444e-01 1.947186e-03
481 1.003385e-01 1.943073e-03
482 1.002328e-01 1.938975e-03
483 1.001273e-01 1.934894e-03
484 1.000219e-01 1.930828e-03
485 9.991676e-02 1.926779e-03
486 9.981177e-02 1.922745e-03
487 9.970695e-02 1.918726e-03
488 9.960232e-02 1.914723e-03
489 9.949786e-02 1.910736e-03
490 9.939358e-02 1.906764e-03
491 9.928947e-02 1.902807e-03
492 9.918554e-02 1.898865e-03
493 9.908179e-02 1.894939e-03
494 9.897820e-02 1.891027e-03
495 9.887480e-02 1.887131e-03
496 9.877156e-02 1.883249e-03
497 9.866850e-02 1.879382e-03
498 9.856561e-02 1.875530e-03
499 9.846289e-02 1.871693e-03
500 9.836034e-02 1.867870e-03
501 9.825796e-02 1.864062e-03
502 9.815575e-02 1.860268e-03
503 9.805371e-02 1.856488e-03
504 9.795184e-02 1.852723e-03
505 9.785013e-02 1.848972e-03
506 9.774859e-02 1.845235e-03
507 9.764722e-02 1.841512e-03
508 9.754602e-02 1.837803e-03
509 9.744497e-02 1.834108e-03
510 9.734410e-02 1.830427e-03
511 9.724339e-02 1.826760e-03
512 9.714284e-02 1.823106e-03
513 9.704245e-02 1.819466e-03
514 9.694223e-02 1.815839e-03
515 9.684217e-02 1.812226e-03
516 9.674227e-02 1.808627e-03
517 9.664253e-02 1.805041e-03
518 9.654295e-02 1.801468e-03
519 9.644353e-02 1.797908e-03
520 9.634427e-02 1.794362e-03
521 9.624516e-02 1.790828e-03
522 9.614622e-02 1.787308e-03
523 9.604743e-02 1.783801e-03
524 9.594880e-02 1.780306e-03
525 9.585033e-02 1.776825e-03
526 9.575201e-02 1.773356e-03
527 9.565385e-02 1.769900e-03
528 9.555584e-02 1.766456e-03
529 9.545799e-02 1.763026e-03
530 9.536029e-02 1.759607e-03
531 9.526275e-02 1.756201e-03
532 9.516535e-02 1.752808e-03
533 9.506811e-02 1.749427e-03
534 9.497102e-02 1.746058e-03
535 9.487409e-02 1.742701e-03
536 9.477730e-02 1.739357e-03
537 9.468066e-02 1.736025e-03
538 9.458418e-02 1.732704e-03
539 9.448784e-02 1.729396e-03
540 9.439165e-02 1.726100e-03
541 9.429561e-02 1.722815e-03
542 9.419972e-02 1.719542e-03
543 9.410397e-02 1.716281e-03
544 9.400837e-02 1.713032e-03
545 9.391292e-02 1.709795e-03
546 9.381762e-02 1.706569e-03
547 9.372246e-02 1.703354e-03
548 9.362744e-02 1.700151e-03
549 9.353257e-02 1.696959e-03
550 9.343785e-02 1.693779e-03
551 9.334326e-02 1.690610e-03
552 9.324882e-02 1.687453e-03
553 9.315453e-02 1.684306e-03
554 9.306037e-02 1.681171e-03
555 9.296636e-02 1.678047e-03
556 9.287249e-02 1.674934e-03
557 9.277876e-02 1.671831e-03
558 9.268517e-02 1.668740e-03
559 9.259171e-02 1.665660e-03
560 9.249840e-02 1.662590e-03
561 9.240523e-02 1.659532e-03
562 9.231220e-02 1.656484e-03
563 9.221930e-02 1.653446e-03
564 9.212655e-02 1.650420e-03
565 9.203393e-02 1.647404e-03
566 9.194145e-02 1.644398e-03
567 9.184910e-02 1.641403e-03
568 9.175689e-02 1.638418e-03
569 9.166482e-02 1.635444e-03
570 9.157288e-02 1.632480e-03
571 9.148107e-02 1.629526e-03
572 9.138940e-02 1.626583e-03
573 9.129787e-02 1.623650e-03
574 9.120647e-02 1.620727e-03
575 9.111520e-02 1.617814e-03
576 9.102406e-02 1.614911e-03
577 9.093306e-02 1.612018e-03
578 9.084219e-02 1.609135e-03
579 9.075145e-02 1.606262e-03
580 9.066084e-02 1.603398e-03
581 9.057036e-02 1.600545e-03
582 9.048001e-02 1.597701e-03
583 9.038979e-02 1.594867e-03
584 9.029971e-02 1.592043e-03
585 9.020975e-02 1.589229e-03
586 9.011992e-02 1.586424e-03
587 9.003022e-02 1.583628e-03
588 8.994064e-02 1.580842e-03
589 8.985120e-02 1.578066e-03
590 8.976188e-02 1.575299e-03
591 8.967269e-02 1.572541e-03
592 8.958362e-02 1.569792e-03
593 8.949468e-02 1.567053e-03
594 8.940587e-02 1.564323e-03
595 8.931718e-02 1.561603e-03
596 8.922862e-02 1.558891e-03
597 8.914018e-02 1.556189e-03
598 8.905187e-02 1.553495e-03
599 8.896368e-02 1.550811e-03
600 8.887561e-02 1.548136e-03
601 8.878767e-02 1.545469e-03
602 8.869985e-02 1.542812e-03
603 8.861216e-02 1.540163e-03
604 8.852458e-02 1.537524e-03
605 8.843713e-02 1.534893e-03
606 8.834980e-02 1.532270e-03
607 8.826259e-02 1.529657e-03
608 8.817550e-02 1.527052e-03
609 8.808853e-02 1.524456e-03
610 8.800168e-02 1.521868e-03
611 8.791495e-02 1.519289e-03
612 8.782834e-02 1.516718e-03
613 8.774185e-02 1.514156e-03
614 8.765547e-02 1.511603e-03
615 8.756922e-02 1.509057e-03
616 8.748308e-02 1.506520e-03
617 8.739707e-02 1.503992e-03
618 8.731117e-02 1.501472e-03
619 8.722538e-02 1.498959e-03
620 8.713971e-02 1.496456e-03
621 8.705416e-02 1.493960e-03
622 8.696873e-02 1.491472e-03
623 8.688341e-02 1.488993e-03
624 8.679821e-02 1.486521e-03
625 8.671312e-02 1.484058e-03
626 8.662815e-02 1.481603e-03
627 8.654329e-02 1.479155e-03
628 8.645854e-02 1.476716e-03
629 8.637391e-02 1.474284e-03
630 8.628939e-02 1.471860e-03
631 8.620499e-02 1.469444e-03
632 8.612070e-02 1.467036e-03
633 8.603652e-02 1.464635e-03
634 8.595245e-02 1.462243e-03
635 8.586850e-02 1.459857e-03
636 8.578465e-02 1.457480e-03
637 8.570092e-02 1.455110e-03
638 8.561730e-02 1.452748e-03
639 8.553379e-02 1.450393e-03
640 8.545039e-02 1.448046e-03
641 8.536710e-02 1.445706e-03
642 8.528393e-02 1.443373e-03
643 8.520086e-02 1.441048e-03
644 8.511790e-02 1.438731e-03
645 8.503504e-02 1.436421e-03
646 8.495230e-02 1.434118e-03
647 8.486967e-02 1.431822e-03
648 8.478714e-02 1.429533e-03
649 8.470472e-02 1.427252e-03
650 8.462241e-02 1.424978e-03
651 8.454021e-02 1.422711e-03
652 8.445811e-02 1.420451e-03
653 8.437612e-02 1.418198e-03
654 8.429424e-02 1.415953e-03
655 8.421246e-02 1.413714e-03
656 8.413079e-02 1.411482e-03
657 8.404923e-02 1.409257e-03
658 8.396777e-02 1.407040e-03
659 8.388641e-02 1.404829e-03
660 8.380516e-02 1.402625e-03
661 8.372401e-02 1.400427e-03
662 8.364297e-02 1.398237e-03
663 8.356204e-02 1.396053e-03
664 8.348120e-02 1.393876e-03
665 8.340047e-02 1.391706e-03
666 8.331984e-02 1.389542e-03
667 8.323932e-02 1.387385e-03
668 8.315890e-02 1.385235e-03
669 8.307858e-02 1.383091e-03
670 8.299836e-02 1.380954e-03
671 8.291824e-02 1.378824e-03
672 8.283823e-02 1.376700e-03
673 8.275832e-02 1.374582e-03
674 8.267851e-02 1.372471e-03
675 8.259880e-02 1.370366e-03
676 8.251919e-02 1.368268e-03
677 8.243968e-02 1.366176e-03
678 8.236027e-02 1.364090e-03
679 8.228096e-02 1.362011e-03
680 8.220175e-02 1.359938e-03
681 8.212263e-02 1.357871e-03
682 8.204362e-02 1.355810e-03
683 8.196471e-02 1.353756e-03
684 8.188590e-02 1.351708e-03
685 8.180718e-02 1.349665e-03
686 8.172856e-02 1.347630e-03
687 8.165004e-02 1.345600e-03
688 8.157162e-02 1.343576e-03
689 8.149329e-02 1.341558e-03
690 8.141507e-02 1.339546e-03
691 8.133693e-02 1.337541e-03
692 8.125890e-02 1.335541e-03
693 8.118096e-02 1.333547e-03
694 8.110312e-02 1.331559e-03
695 8.102538e-02 1.329577e-03
696 8.094773e-02 1.327601e-03
697 8.087017e-02 1.325630e-03
698 8.079271e-02 1.323666e-03
699 8.071535e-02 1.321707e-03
700 8.063808e-02 1.319754e-03
701 8.056090e-02 1.317806e-03
702 8.048382e-02 1.315865e-03
703 8.040684e-02 1.313929e-03
704 8.032994e-02 1.311998e-03
705 8.025315e-02 1.310074e-03
706 8.017644e-02 1.308155e-03
707 8.009983e-02 1.306241e-03
708 8.002331e-02 1.304333e-03
709 7.994688e-02 1.302431e-03
710 7.987055e-02 1.300534e-03
711 7.979431e-02 1.298643e-03
712 7.971816e-02 1.296757e-03
713 7.964211e-02 1.294876e-03
714 7.956614e-02 1.293001e-03
715 7.949027e-02 1.291131e-03
716 7.941448e-02 1.289267e-03
717 7.933879e-02 1.287408e-03
718 7.926319e-02 1.285554e-03
719 7.918768e-02 1.283706e-03
720 7.911227e-02 1.281863e-03
721 7.903694e-02 1.280025e-03
722 7.896170e-02 1.278192e-03
723 7.888655e-02 1.276365e-03
724 7.881149e-02 1.274543e-03
725 7.873652e-02 1.272726e-03
726 7.866164e-02 1.270914e-03
727 7.858685e-02 1.269107e-03
728 7.851215e-02 1.267305e-03
729 7.843753e-02 1.265509e-03
730 7.836301e-02 1.263717e-03
731 7.828857e-02 1.261930e-03
732 7.821422e-02 1.260149e-03
733 7.813996e-02 1.258372e-03
734 7.806579e-02 1.256601e-03
735 7.799170e-02 1.254834e-03
736 7.791770e-02 1.253072e-03
737 7.784379e-02 1.251315e-03
738 7.776996e-02 1.249564e-03
739 7.769623e-02 1.247816e-03
740 7.762257e-02 1.246074e-03
741 7.754901e-02 1.244337e-03
742 7.747553e-02 1.242604e-03
743 7.740214e-02 1.240876e-03
744 7.732883e-02 1.239153e-03
745 7.725561e-02 1.237435e-03
746 7.718247e-02 1.235721e-03
747 7.710942e-02 1.234012e-03
748 7.703645e-02 1.232308e-03
749 7.696357e-02 1.230608e-03
750 7.689077e-02 1.228913e-03
751 7.681806e-02 1.227223e-03
752 7.674543e-02 1.225537e-03
753 7.667289e-02 1.223856e-03
754 7.660043e-02 1.222179e-03
755 7.652805e-02 1.220507e-03
756 7.645576e-02 1.218840e-03
757 7.638355e-02 1.217176e-03
758 7.631142e-02 1.215518e-03
759 7.623938e-02 1.213864e-03
760 7.616742e-02 1.212214e-03
761 7.609554e-02 1.210569e-03
762 7.602374e-02 1.208928e-03
763 7.595203e-02 1.207291e-03
764 7.588040e-02 1.205659e-03
765 7.580885e-02 1.204031e-03
766 7.573738e-02 1.202408e-03
767 7.566600e-02 1.200789e-03
768 7.559469e-02 1.199174e-03
769 7.552347e-02 1.197563e-03
770 7.545233e-02 1.195957e-03
771 7.538127e-02 1.194355e-03
772 7.531029e-02 1.192757e-03
773 7.523939e-02 1.191163e-03
774 7.516857e-02 1.189574e-03
775 7.509783e-02 1.187988e-03
776 7.502717e-02 1.186407e-03
777 7.495659e-02 1.184830e-03
778 7.488610e-02 1.183257e-03
779 7.481568e-02 1.181688e-03
780 7.474534e-02 1.180124e-03
781 7.467508e-02 1.178563e-03
782 7.460489e-02 1.177006e-03
783 7.453479e-02 1.175454e-03
784 7.446477e-02 1.173905e-03
785 7.439482e-02 1.172361e-03
786 7.432496e-02 1.170820e-03
787 7.425517e-02 1.169283e-03
788 7.418546e-02 1.167750e-03
789 7.411583e-02 1.166222e-03
790 7.404627e-02 1.164697e-03
791 7.397680e-02 1.163176e-03
792 7.390740e-02 1.161659e-03
793 7.383808e-02 1.160145e-03
794 7.376883e-02 1.158636e-03
795 7.369967e-02 1.157130e-03
796 7.363058e-02 1.155629e-03
797 7.356156e-02 1.154131e-03
798 7.349263e-02 1.152636e-03
799 7.342377e-02 1.151146e-03
800 7.335498e-02 1.149659e-03
801 7.328628e-02 1.148176e-03
802 7.321765e-02 1.146697e-03
803 7.314909e-02 1.145222e-03
804 7.308061e-02 1.143750e-03
805 7.301221e-02 1.142282e-03
806 7.294388e-02 1.140817e-03
807 7.287562e-02 1.139356e-03
808 7.280745e-02 1.137899e-03
809 7.273934e-02 1.136445e-03
810 7.267132e-02 1.134995e-03
811 7.260336e-02 1.133549e-03
812 7.253548e-02 1.132106e-03
813 7.246768e-02 1.130667e-03
814 7.239995e-02 1.129231e-03
815 7.233229e-02 1.127799e-03
816 7.226471e-02 1.126370e-03
817 7.219720e-02 1.124944e-03
818 7.212977e-02 1.123523e-03
819 7.206241e-02 1.122104e-03
820 7.199512e-02 1.120689e-03
821 7.192791e-02 1.119278e-03
822 7.186077e-02 1.117870e-03
823 7.179370e-02 1.116465e-03
824 7.172671e-02 1.115064e-03
825 7.165978e-02 1.113666e-03
826 7.159294e-02 1.112272e-03
827 7.152616e-02 1.110881e-03
828 7.145946e-02 1.109493e-03
829 7.139282e-02 1.108108e-03
830 7.132626e-02 1.106727e-03
831 7.125978e-02 1.105349e-03
832 7.119336e-02 1.103975e-03
833 7.112702e-02 1.102603e-03
834 7.106074e-02 1.101235e-03
835 7.099454e-02 1.099870e-03
836 7.092841e-02 1.098509e-03
837 7.086235e-02 1.097150e-03
838 7.079637e-02 1.095795e-03
839 7.073045e-02 1.094443e-03
840 7.066461e-02 1.093094e-03
841 7.059883e-02 1.091749e-03
842 7.053313e-02 1.090406e-03
843 7.046749e-02 1.089067e-03
844 7.040193e-02 1.087731e-03
845 7.033644e-02 1.086398e-03
846 7.027101e-02 1.085068e-03
847 7.020566e-02 1.083741e-03
848 7.014037e-02 1.082417e-03
849 7.007516e-02 1.081096e-03
850 7.001002e-02 1.079778e-03
851 6.994494e-02 1.078463e-03
852 6.987994e-02 1.077152e-03
853 6.981500e-02 1.075843e-03
854 6.975013e-02 1.074537e-03
855 6.968533e-02 1.073235e-03
856 6.962060e-02 1.071935e-03
857 6.955594e-02 1.070638e-03
858 6.949135e-02 1.069344e-03
859 6.942683e-02 1.068053e-03
860 6.936237e-02 1.066766e-03
861 6.929798e-02 1.065480e-03
862 6.923367e-02 1.064198e-03
863 6.916941e-02 1.062919e-03
864 6.910523e-02 1.061643e-03
865 6.904112e-02 1.060369e-03
866 6.897707e-02 1.059099e-03
867 6.891309e-02 1.057831e-03
868 6.884917e-02 1.056566e-03
869 6.878533e-02 1.055304e-03
870 6.872155e-02 1.054044e-03
871 6.865784e-02 1.052788e-03
872 6.859420e-02 1.051534e-03
873 6.853062e-02 1.050283e-03
874 6.846711e-02 1.049035e-03
875 6.840366e-02 1.047790e-03
876 6.834029e-02 1.046547e-03
877 6.827697e-02 1.045307e-03
878 6.821373e-02 1.044070e-03
879 6.815055e-02 1.042835e-03
880 6.808744e-02 1.041603e-03
881 6.802439e-02 1.040374e-03
882 6.796141e-02 1.039148e-03
883 6.789849e-02 1.037924e-03
884 6.783564e-02 1.036703e-03
885 6.777286e-02 1.035485e-03
886 6.771014e-02 1.034269e-03
887 6.764749e-02 1.033055e-03
888 6.758490e-02 1.031845e-03
889 6.752238e-02 1.030637e-03
890 6.745992e-02 1.029431e-03
891 6.739752e-02 1.028229e-03
892 6.733520e-02 1.027028e-03
893 6.727293e-02 1.025831e-03
894 6.721073e-02 1.024636e-03
895 6.714860e-02 1.023443e-03
896 6.708653e-02 1.022253e-03
897 6.702452e-02 1.021066e-03
898 6.696258e-02 1.019881e-03
899 6.690070e-02 1.018698e-03
900 6.683888e-02 1.017518e-03
901 6.677713e-02 1.016341e-03
902 6.671545e-02 1.015166e-03
903 6.665382e-02 1.013993e-03
904 6.659226e-02 1.012823e-03
905 6.653077e-02 1.011655e-03
906 6.646933e-02 1.010490e-03
907 6.640796e-02 1.009327e-03
908 6.634666e-02 1.008167e-03
909 6.628541e-02 1.007009e-03
910 6.622423e-02 1.005853e-03
911 6.616311e-02 1.004700e-03
912 6.610206e-02 1.003549e-03
913 6.604107e-02 1.002401e-03
914 6.598014e-02 1.001255e-03
915 6.591927e-02 1.000111e-03
916 6.585846e-02 9.989697e-04
917 6.579772e-02 9.978306e-04
918 6.573704e-02 9.966939e-04
919 6.567642e-02 9.955595e-04
920 6.561586e-02 9.944274e-04
921 6.555536e-02 9.932976e-04
922 6.549493e-02 9.921701e-04
923 6.543456e-02 9.910449e-04
924 6.537425e-02 9.899220e-04
925 6.531400e-02 9.888013e-04
926 6.525381e-02 9.876829e-04
927 6.519368e-02 9.865667e-04
928 6.513362e-02 9.854527e-04
929 6.507361e-02 9.843410e-04
930 6.501367e-02 9.832315e-04
931 6.495379e-02 9.821243e-04
932 6.489396e-02 9.810192e-04
933 6.483420e-02 9.799163e-04
934 6.477450e-02 9.788156e-04
935 6.471486e-02 9.777171e-04
936 6.465528e-02 9.766207e-04
937 6.459576e-02 9.755266e-04
938 6.453630e-02 9.744345e-04
939 6.447690e-02 9.733446e-04
940 6.441757e-02 9.722569e-04
941 6.435829e-02 9.711713e-04
942 6.429907e-02 9.700878e-04
943 6.423991e-02 9.690064e-04
944 6.418081e-02 9.679271e-04
945 6.412177e-02 9.668499e-04
946 6.406279e-02 9.657749e-04
947 6.400387e-02 9.647019e-04
948 6.394500e-02 9.636309e-04
949 6.388620e-02 9.625620e-04
950 6.382746e-02 9.614952e-04
951 6.376877e-02 9.604305e-04
952 6.371015e-02 9.593678e-04
953 6.365158e-02 9.583071e-04
954 6.359307e-02 9.572484e-04
955 6.353462e-02 9.561918e-04
956 6.347623e-02 9.551372e-04
957 6.341790e-02 9.540846e-04
958 6.335963e-02 9.530340e-04
959 6.330141e-02 9.519853e-04
960 6.324325e-02 9.509387e-04
961 6.318516e-02 9.498940e-04
962 6.312711e-02 9.488513e-04
963 6.306913e-02 9.478106e-04
964 6.301121e-02 9.467718e-04
965 6.295334e-02 9.457350e-04
966 6.289553e-02 9.447001e-04
967 6.283778e-02 9.436671e-04
968 6.278009e-02 9.426361e-04
969 6.272245e-02 9.416069e-04
970 6.266487e-02 9.405797e-04
971 6.260735e-02 9.395544e-04
972 6.254989e-02 9.385310e-04
973 6.249248e-02 9.375095e-04
974 6.243513e-02 9.364899e-04
975 6.237784e-02 9.354721e-04
976 6.232060e-02 9.344562e-04
977 6.226342e-02 9.334422e-04
978 6.220630e-02 9.324300e-04
979 6.214923e-02 9.314197e-04
980 6.209222e-02 9.304112e-04
981 6.203527e-02 9.294046e-04
982 6.197838e-02 9.283997e-04
983 6.192154e-02 9.273968e-04
984 6.186475e-02 9.263956e-04
985 6.180803e-02 9.253962e-04
986 6.175136e-02 9.243986e-04
987 6.169474e-02 9.234029e-04
988 6.163818e-02 9.224089e-04
989 6.158168e-02 9.214167e-04
990 6.152523e-02 9.204263e-04
991 6.146884e-02 9.194376e-04
992 6.141251e-02 9.184508e-04
993 6.135623e-02 9.174656e-04
994 6.130000e-02 9.164823e-04
995 6.124383e-02 9.155006e-04
996 6.118772e-02 9.145207e-04
997 6.113166e-02 9.135426e-04
998 6.107566e-02 9.125662e-04
999 6.101971e-02 9.115915e-04
1000 6.096382e-02 9.106185e-04
1001 6.090798e-02 9.096472e-04
1002 6.085220e-02 9.086776e-04
1003 6.079647e-02 9.077097e-04
1004 6.074079e-02 9.067435e-04
1005 6.068518e-02 9.057790e-04
1006 6.062961e-02 9.048162e-04
1007 6.057410e-02 9.038550e-04
1008 6.051865e-02 9.028955e-04
1009 6.046325e-02 9.019377e-04
1010 6.040790e-02 9.009815e-04
1011 6.035261e-02 9.000270e-04
1012 6.029737e-02 8.990741e-04
1013 6.024219e-02 8.981229e-04
1014 6.018706e-02 8.971733e-04
1015 6.013198e-02 8.962253e-04
1016 6.007696e-02 8.952789e-04
1017 6.002199e-02 8.943342e-04
1018 5.996708e-02 8.933911e-04
1019 5.991222e-02 8.924495e-04
1020 5.985741e-02 8.915096e-04
1021 5.980266e-02 8.905712e-04
1022 5.974796e-02 8.896345e-04
1023 5.969331e-02 8.886993e-04
1024 5.963872e-02 8.877657e-04
1025 5.958418e-02 8.868337e-04
1026 5.952969e-02 8.859033e-04
1027 5.947526e-02 8.849744e-04
1028 5.942088e-02 8.840470e-04
1029 5.936655e-02 8.831212e-04
1030 5.931227e-02 8.821970e-04
1031 5.925805e-02 8.812743e-04
1032 5.920388e-02 8.803531e-04
1033 5.914976e-02 8.794335e-04
1034 5.909570e-02 8.785154e-04
1035 5.904169e-02 8.775988e-04
1036 5.898773e-02 8.766837e-04
1037 5.893382e-02 8.757701e-04
1038 5.887997e-02 8.748580e-04
1039 5.882617e-02 8.739474e-04
1040 5.877242e-02 8.730384e-04
1041 5.871872e-02 8.721308e-04
1042 5.866507e-02 8.712247e-04
1043 5.861148e-02 8.703200e-04
1044 5.855794e-02 8.694169e-04
1045 5.850445e-02 8.685152e-04
1046 5.845101e-02 8.676150e-04
1047 5.839762e-02 8.667162e-04
1048 5.834429e-02 8.658189e-04
1049 5.829101e-02 8.649230e-04
1050 5.823778e-02 8.640286e-04
1051 5.818460e-02 8.631356e-04
1052 5.813147e-02 8.622441e-04
1053 5.807839e-02 8.613540e-04
1054 5.802536e-02 8.604653e-04
1055 5.797239e-02 8.595780e-04
1056 5.791947e-02 8.586921e-04
1057 5.786659e-02 8.578077e-04
1058 5.781377e-02 8.569247e-04
1059 5.776100e-02 8.560430e-04
1060 5.770828e-02 8.551628e-04
1061 5.765561e-02 8.542839e-04
1062 5.760299e-02 8.534065e-04
1063 5.755043e-02 8.525304e-04
1064 5.749791e-02 8.516557e-04
1065 5.744544e-02 8.507824e-04
1066 5.739303e-02 8.499105e-04
1067 5.734066e-02 8.490399e-04
1068 5.728835e-02 8.481707e-04
1069 5.723608e-02 8.473028e-04
1070 5.718387e-02 8.464363e-04
1071 5.713170e-02 8.455711e-04
1072 5.707959e-02 8.447073e-04
1073 5.702753e-02 8.438448e-04
1074 5.697551e-02 8.429837e-04
1075 5.692355e-02 8.421239e-04
1076 5.687163e-02 8.412654e-04
1077 5.681977e-02 8.404083e-04
1078 5.676795e-02 8.395524e-04
1079 5.671619e-02 8.386979e-04
1080 5.666447e-02 8.378447e-04
1081 5.661281e-02 8.369928e-04
1082 5.656119e-02 8.361422e-04
1083 5.650963e-02 8.352928e-04
1084 5.645811e-02 8.344448e-04
1085 5.640664e-02 8.335981e-04
1086 5.635522e-02 8.327527e-04
1087 5.630385e-02 8.319085e-04
1088 5.625253e-02 8.310656e-04
1089 5.620126e-02 8.302240e-04
1090 5.615004e-02 8.293837e-04
1091 5.609886e-02 8.285446e-04
1092 5.604774e-02 8.277068e-04
1093 5.599666e-02 8.268702e-04
1094 5.594564e-02 8.260349e-04
1095 5.589466e-02 8.252009e-04
1096 5.584373e-02 8.243681e-04
1097 5.579285e-02 8.235365e-04
1098 5.574202e-02 8.227062e-04
1099 5.569123e-02 8.218771e-04
1100 5.564050e-02 8.210493e-04
1101 5.558981e-02 8.202227e-04
1102 5.553917e-02 8.193973e-04
1103 5.548858e-02 8.185731e-04
1104 5.543804e-02 8.177501e-04
1105 5.538754e-02 8.169283e-04
1106 5.533710e-02 8.161078e-04
1107 5.528670e-02 8.152885e-04
1108 5.523635e-02 8.144703e-04
1109 5.518605e-02 8.136534e-04
1110 5.513579e-02 8.128376e-04
1111 5.508559e-02 8.120231e-04
1112 5.503543e-02 8.112097e-04
1113 5.498532e-02 8.103975e-04
1114 5.493525e-02 8.095865e-04
1115 5.488524e-02 8.087767e-04
1116 5.483527e-02 8.079680e-04
1117 5.478535e-02 8.071605e-04
1118 5.473547e-02 8.063542e-04
1119 5.468565e-02 8.055490e-04
1120 5.463587e-02 8.047450e-04
1121 5.458614e-02 8.039422e-04
1122 5.453645e-02 8.031405e-04
1123 5.448681e-02 8.023400e-04
1124 5.443722e-02 8.015406e-04
1125 5.438768e-02 8.007423e-04
1126 5.433818e-02 7.999452e-04
1127 5.428874e-02 7.991492e-04
1128 5.423933e-02 7.983543e-04
1129 5.418998e-02 7.975606e-04
1130 5.414067e-02 7.967680e-04
1131 5.409141e-02 7.959765e-04
1132 5.404219e-02 7.951862e-04
1133 5.399302e-02 7.943969e-04
1134 5.394390e-02 7.936088e-04
1135 5.389482e-02 7.928218e-04
1136 5.384579e-02 7.920359e-04
1137 5.379681e-02 7.912510e-04
1138 5.374787e-02 7.904673e-04
1139 5.369898e-02 7.896847e-04
1140 5.365014e-02 7.889032e-04
1141 5.360134e-02 7.881228e-04
1142 5.355258e-02 7.873434e-04
1143 5.350388e-02 7.865651e-04
1144 5.345522e-02 7.857880e-04
1145 5.340660e-02 7.850118e-04
1146 5.335803e-02 7.842368e-04
1147 5.330951e-02 7.834629e-04
1148 5.326103e-02 7.826900e-04
1149 5.321260e-02 7.819181e-04
1150 5.316422e-02 7.811474e-04
1151 5.311588e-02 7.803777e-04
1152 5.306758e-02 7.796090e-04
1153 5.301933e-02 7.788414e-04
1154 5.297113e-02 7.780749e-04
1155 5.292297e-02 7.773094e-04
1156 5.287486e-02 7.765449e-04
1157 5.282679e-02 7.757815e-04
1158 5.277877e-02 7.750192e-04
1159 5.273079e-02 7.742578e-04
1160 5.268286e-02 7.734975e-04
1161 5.263497e-02 7.727382e-04
1162 5.258713e-02 7.719800e-04
1163 5.253934e-02 7.712228e-04
1164 5.249158e-02 7.704666e-04
1165 5.244388e-02 7.697114e-04
1166 5.239621e-02 7.689573e-04
1167 5.234860e-02 7.682041e-04
1168 5.230102e-02 7.674520e-04
1169 5.225350e-02 7.667008e-04
1170 5.220601e-02 7.659507e-04
1171 5.215858e-02 7.652016e-04
1172 5.211118e-02 7.644535e-04
1173 5.206383e-02 7.637063e-04
1174 5.201653e-02 7.629602e-04
1175 5.196927e-02 7.622151e-04
1176 5.192205e-02 7.614709e-04
1177 5.187488e-02 7.607278e-04
1178 5.182775e-02 7.599856e-04
1179 5.178067e-02 7.592444e-04
1180 5.173363e-02 7.585042e-04
1181 5.168663e-02 7.577649e-04
1182 5.163968e-02 7.570266e-04
1183 5.159277e-02 7.562893e-04
1184 5.154591e-02 7.555530e-04
1185 5.149909e-02 7.548177e-04
1186 5.145231e-02 7.540832e-04
1187 5.140558e-02 7.533498e-04
1188 5.135889e-02 7.526173e-04
1189 5.131225e-02 7.518858e-04
1190 5.126565e-02 7.511552e-04
1191 5.121909e-02 7.504256e-04
1192 5.117258e-02 7.496969e-04
1193 5.112611e-02 7.489692e-04
1194 5.107968e-02 7.482424e-04
1195 5.103330e-02 7.475165e-04
1196 5.098696e-02 7.467916e-04
1197 5.094066e-02 7.460677e-04
1198 5.089441e-02 7.453446e-04
1199 5.084820e-02 7.446225e-04
1200 5.080203e-02 7.439013e-04
1201 5.075591e-02 7.431811e-04
1202 5.070983e-02 7.424617e-04
1203 5.066379e-02 7.417433e-04
1204 5.061780e-02 7.410258e-04
1205 5.057184e-02 7.403093e-04
1206 5.052594e-02 7.395936e-04
1207 5.048007e-02 7.388789e-04
1208 5.043425e-02 7.381650e-04
1209 5.038847e-02 7.374521e-04
1210 5.034273e-02 7.367401e-04
1211 5.029703e-02 7.360289e-04
1212 5.025138e-02 7.353187e-04
1213 5.020577e-02 7.346094e-04
1214 5.016020e-02 7.339010e-04
1215 5.011468e-02 7.331934e-04
1216 5.006920e-02 7.324868e-04
1217 5.002376e-02 7.317810e-04
1218 4.997836e-02 7.310762e-04
1219 4.993301e-02 7.303722e-04
1220 4.988769e-02 7.296691e-04
1221 4.984242e-02 7.289669e-04
1222 4.979719e-02 7.282655e-04
1223 4.975201e-02 7.275651e-04
1224 4.970686e-02 7.268655e-04
1225 4.966176e-02 7.261668e-04
1226 4.961670e-02 7.254689e-04
1227 4.957168e-02 7.247720e-04
1228 4.952670e-02 7.240758e-04
1229 4.948177e-02 7.233806e-04
1230 4.943688e-02 7.226862e-04
1231 4.939203e-02 7.219927e-04
1232 4.934722e-02 7.213000e-04
1233 4.930245e-02 7.206082e-04
1234 4.925772e-02 7.199172e-04
1235 4.921304e-02 7.192271e-04
1236 4.916839e-02 7.185379e-04
1237 4.912379e-02 7.178494e-04
1238 4.907923e-02 7.171619e-04
1239 4.903471e-02 7.164752e-04
1240 4.899024e-02 7.157893e-04
1241 4.894580e-02 7.151042e-04
1242 4.890141e-02 7.144200e-04
1243 4.885705e-02 7.137366e-04
1244 4.881274e-02 7.130541e-04
1245 4.876847e-02 7.123724e-04
1246 4.872424e-02 7.116915e-04
1247 4.868005e-02 7.110115e-04
1248 4.863590e-02 7.103322e-04
1249 4.859179e-02 7.096538e-04
1250 4.854773e-02 7.089762e-04
1251 4.850370e-02 7.082995e-04
1252 4.845972e-02 7.076235e-04
1253 4.841577e-02 7.069484e-04
1254 4.837187e-02 7.062741e-04
1255 4.832801e-02 7.056006e-04
1256 4.828419e-02 7.049279e-04
1257 4.824041e-02 7.042560e-04
1258 4.819667e-02 7.035849e-04
1259 4.815297e-02 7.029147e-04
1260 4.810931e-02 7.022452e-04
1261 4.806569e-02 7.015765e-04
1262 4.802211e-02 7.009086e-04
1263 4.797857e-02 7.002416e-04
1264 4.793507e-02 6.995753e-04
1265 4.789162e-02 6.989098e-04
1266 4.784820e-02 6.982451e-04
1267 4.780482e-02 6.975812e-04
1268 4.776148e-02 6.969181e-04
1269 4.771819e-02 6.962558e-04
1270 4.767493e-02 6.955942e-04
1271 4.763171e-02 6.949334e-04
1272 4.758854e-02 6.942735e-04
1273 4.754540e-02 6.936143e-04
1274 4.750230e-02 6.929558e-04
1275 4.745925e-02 6.922982e-04
1276 4.741623e-02 6.916413e-04
1277 4.737325e-02 6.909852e-04
1278 4.733031e-02 6.903299e-04
1279 4.728742e-02 6.896753e-04
1280 4.724456e-02 6.890215e-04
1281 4.720174e-02 6.883685e-04
1282 4.715896e-02 6.877162e-04
1283 4.711622e-02 6.870647e-04
1284 4.707352e-02 6.864140e-04
1285 4.703086e-02 6.857640e-04
1286 4.698824e-02 6.851148e-04
1287 4.694566e-02 6.844663e-04
1288 4.690311e-02 6.838186e-04
1289 4.686061e-02 6.831717e-04
1290 4.681815e-02 6.825255e-04
1291 4.677572e-02 6.818800e-04
1292 4.673333e-02 6.812353e-04
1293 4.669099e-02 6.805913e-04
1294 4.664868e-02 6.799481e-04
1295 4.660641e-02 6.793056e-04
1296 4.656418e-02 6.786639e-04
1297 4.652199e-02 6.780229e-04
1298 4.647984e-02 6.773826e-04
1299 4.643773e-02 6.767431e-04
1300 4.639565e-02 6.761043e-04
1301 4.635362e-02 6.754663e-04
1302 4.631162e-02 6.748289e-04
1303 4.626967e-02 6.741923e-04
1304 4.622775e-02 6.735565e-04
1305 4.618587e-02 6.729213e-04
1306 4.614403e-02 6.722869e-04
1307 4.610222e-02 6.716532e-04
1308 4.606046e-02 6.710203e-04
1309 4.601873e-02 6.703880e-04
1310 4.597704e-02 6.697565e-04
1311 4.593540e-02 6.691257e-04
1312 4.589378e-02 6.684956e-04
1313 4.585221e-02 6.678663e-04
1314 4.581068e-02 6.672376e-04
1315 4.576918e-02 6.666097e-04
1316 4.572773e-02 6.659824e-04
1317 4.568631e-02 6.653559e-04
1318 4.564492e-02 6.647301e-04
1319 4.560358e-02 6.641050e-04
1320 4.556228e-02 6.634806e-04
1321 4.552101e-02 6.628569e-04
1322 4.547978e-02 6.622339e-04
1323 4.543859e-02 6.616116e-04
1324 4.539744e-02 6.609900e-04
1325 4.535632e-02 6.603691e-04
1326 4.531524e-02 6.597489e-04
1327 4.527420e-02 6.591294e-04
1328 4.523320e-02 6.585106e-04
1329 4.519224e-02 6.578924e-04
1330 4.515131e-02 6.572750e-04
1331 4.511042e-02 6.566583e-04
1332 4.506957e-02 6.560422e-04
1333 4.502876e-02 6.554269e-04
1334 4.498798e-02 6.548122e-04
1335 4.494724e-02 6.541982e-04
1336 4.490654e-02 6.535849e-04
1337 4.486588e-02 6.529723e-04
1338 4.482525e-02 6.523603e-04
1339 4.478466e-02 6.517490e-04
1340 4.474411e-02 6.511384e-04
1341 4.470359e-02 6.505285e-04
1342 4.466312e-02 6.499193e-04
1343 4.462268e-02 6.493107e-04
1344 4.458227e-02 6.487028e-04
1345 4.454191e-02 6.480956e-04
1346 4.450158e-02 6.474891e-04
1347 4.446129e-02 6.468832e-04
1348 4.442103e-02 6.462779e-04
1349 4.438082e-02 6.456734e-04
1350 4.434063e-02 6.450695e-04
1351 4.430049e-02 6.444663e-04
1352 4.426038e-02 6.438637e-04
1353 4.422031e-02 6.432618e-04
1354 4.418028e-02 6.426606e-04
1355 4.414028e-02 6.420600e-04
1356 4.410032e-02 6.414601e-04
1357 4.406040e-02 6.408608e-04
1358 4.402051e-02 6.402622e-04
1359 4.398066e-02 6.396642e-04
1360 4.394085e-02 6.390669e-04
1361 4.390107e-02 6.384703e-04
1362 4.386133e-02 6.378743e-04
1363 4.382163e-02 6.372789e-04
1364 4.378196e-02 6.366842e-04
1365 4.374233e-02 6.360901e-04
1366 4.370273e-02 6.354967e-04
1367 4.366318e-02 6.349039e-04
1368 4.362365e-02 6.343118e-04
1369 4.358417e-02 6.337203e-04
1370 4.354472e-02 6.331295e-04
1371 4.350530e-02 6.325392e-04
1372 4.346593e-02 6.319497e-04
1373 4.342659e-02 6.313607e-04
1374 4.338728e-02 6.307724e-04
1375 4.334801e-02 6.301848e-04
1376 4.330878e-02 6.295977e-04
1377 4.326958e-02 6.290113e-04
1378 4.323042e-02 6.284255e-04
1379 4.319129e-02 6.278404e-04
1380 4.315220e-02 6.272559e-04
1381 4.311315e-02 6.266720e-04
1382 4.307413e-02 6.260887e-04
1383 4.303515e-02 6.255061e-04
1384 4.299620e-02 6.249241e-04
1385 4.295729e-02 6.243427e-04
1386 4.291842e-02 6.237619e-04
1387 4.287958e-02 6.231818e-04
1388 4.284077e-02 6.226023e-04
1389 4.280200e-02 6.220234e-04
1390 4.276327e-02 6.214451e-04
1391 4.272457e-02 6.208674e-04
1392 4.268591e-02 6.202903e-04
1393 4.264728e-02 6.197139e-04
1394 4.260869e-02 6.191381e-04
1395 4.257013e-02 6.185628e-04
1396 4.253161e-02 6.179882e-04
1397 4.249313e-02 6.174142e-04
1398 4.245468e-02 6.168408e-04
1399 4.241626e-02 6.162681e-04
1400 4.237788e-02 6.156959e-04
1401 4.233954e-02 6.151243e-04
1402 4.230123e-02 6.145534e-04
1403 4.226295e-02 6.139830e-04
1404 4.222471e-02 6.134132e-04
1405 4.218651e-02 6.128441e-04
1406 4.214834e-02 6.122755e-04
1407 4.211020e-02 6.117076e-04
1408 4.207210e-02 6.111402e-04
1409 4.203404e-02 6.105734e-04
1410 4.199601e-02 6.100073e-04
1411 4.195801e-02 6.094417e-04
1412 4.192005e-02 6.088767e-04
1413 4.188212e-02 6.083124e-04
1414 4.184423e-02 6.077486e-04
1415 4.180638e-02 6.071854e-04
1416 4.176855e-02 6.066228e-04
1417 4.173077e-02 6.060607e-04
1418 4.169301e-02 6.054993e-04
1419 4.165529e-02 6.049385e-04
1420 4.161761e-02 6.043782e-04
1421 4.157996e-02 6.038185e-04
1422 4.154234e-02 6.032595e-04
1423 4.150476e-02 6.027009e-04
1424 4.146722e-02 6.021430e-04
1425 4.142970e-02 6.015857e-04
1426 4.139223e-02 6.010289e-04
1427 4.135478e-02 6.004727e-04
1428 4.131737e-02 5.999171e-04
1429 4.128000e-02 5.993621e-04
1430 4.124265e-02 5.988077e-04
1431 4.120535e-02 5.982538e-04
1432 4.116807e-02 5.977005e-04
1433 4.113084e-02 5.971478e-04
1434 4.109363e-02 5.965956e-04
1435 4.105646e-02 5.960441e-04
1436 4.101932e-02 5.954931e-04
1437 4.098222e-02 5.949426e-04
1438 4.094515e-02 5.943928e-04
1439 4.090811e-02 5.938435e-04
1440 4.087111e-02 5.932947e-04
1441 4.083414e-02 5.927466e-04
1442 4.079721e-02 5.921990e-04
1443 4.076031e-02 5.916519e-04
1444 4.072344e-02 5.911054e-04
1445 4.068661e-02 5.905595e-04
1446 4.064981e-02 5.900142e-04
1447 4.061304e-02 5.894694e-04
1448 4.057631e-02 5.889252e-04
1449 4.053961e-02 5.883815e-04
1450 4.050295e-02 5.878384e-04
1451 4.046631e-02 5.872959e-04
1452 4.042972e-02 5.867539e-04
1453 4.039315e-02 5.862124e-04
1454 4.035662e-02 5.856715e-04
1455 4.032012e-02 5.851312e-04
1456 4.028366e-02 5.845914e-04
1457 4.024722e-02 5.840522e-04
1458 4.021082e-02 5.835135e-04
1459 4.017446e-02 5.829754e-04
1460 4.013813e-02 5.824378e-04
1461 4.010183e-02 5.819008e-04
1462 4.006556e-02 5.813643e-04
1463 4.002933e-02 5.808284e-04
1464 3.999313e-02 5.802930e-04
1465 3.995696e-02 5.797582e-04
1466 3.992083e-02 5.792239e-04
1467 3.988473e-02 5.786901e-04
1468 3.984866e-02 5.781569e-04
1469 3.981262e-02 5.776243e-04
1470 3.977662e-02 5.770921e-04
1471 3.974065e-02 5.765606e-04
1472 3.970471e-02 5.760295e-04
1473 3.966881e-02 5.754990e-04
1474 3.963294e-02 5.749690e-04
1475 3.959710e-02 5.744396e-04
1476 3.956129e-02 5.739107e-04
1477 3.952552e-02 5.733824e-04
1478 3.948978e-02 5.728545e-04
1479 3.945407e-02 5.723272e-04
1480 3.941840e-02 5.718005e-04
1481 3.938275e-02 5.712743e-04
1482 3.934714e-02 5.707486e-04
1483 3.931156e-02 5.702234e-04
1484 3.927602e-02 5.696988e-04
1485 3.924050e-02 5.691747e-04
1486 3.920502e-02 5.686511e-04
1487 3.916957e-02 5.681280e-04
1488 3.913416e-02 5.676055e-04
1489 3.909877e-02 5.670835e-04
1490 3.906342e-02 5.665620e-04
1491 3.902810e-02 5.660411e-04
1492 3.899281e-02 5.655207e-04
1493 3.895756e-02 5.650008e-04
1494 3.892234e-02 5.644814e-04
1495 3.888714e-02 5.639625e-04
1496 3.885198e-02 5.634442e-04
1497 3.881686e-02 5.629264e-04
1498 3.878176e-02 5.624091e-04
1499 3.874670e-02 5.618923e-04
1500 3.871167e-02 5.613760e-04
1501 3.867667e-02 5.608603e-04
1502 3.864170e-02 5.603451e-04
1503 3.860676e-02 5.598303e-04
1504 3.857186e-02 5.593161e-04
1505 3.853699e-02 5.588024e-04
1506 3.850215e-02 5.582893e-04
1507 3.846734e-02 5.577766e-04
1508 3.843256e-02 5.572645e-04
1509 3.839782e-02 5.567528e-04
1510 3.836310e-02 5.562417e-04
1511 3.832842e-02 5.557311e-04
1512 3.829377e-02 5.552209e-04
1513 3.825915e-02 5.547113e-04
1514 3.822456e-02 5.542022e-04
1515 3.819001e-02 5.536936e-04
1516 3.815548e-02 5.531856e-04
1517 3.812099e-02 5.526780e-04
1518 3.808653e-02 5.521709e-04
1519 3.805210e-02 5.516643e-04
1520 3.801770e-02 5.511582e-04
1521 3.798333e-02 5.506527e-04
1522 3.794899e-02 5.501476e-04
1523 3.791469e-02 5.496430e-04
1524 3.788041e-02 5.491390e-04
1525 3.784617e-02 5.486354e-04
1526 3.781196e-02 5.481323e-04
1527 3.777778e-02 5.476298e-04
1528 3.774363e-02 5.471277e-04
1529 3.770951e-02 5.466261e-04
1530 3.767542e-02 5.461250e-04
1531 3.764136e-02 5.456244e-04
1532 3.760734e-02 5.451243e-04
1533 3.757334e-02 5.446247e-04
1534 3.753938e-02 5.441256e-04
1535 3.750545e-02 5.436270e-04
1536 3.747154e-02 5.431289e-04
1537 3.743767e-02 5.426312e-04
1538 3.740383e-02 5.421341e-04
1539 3.737002e-02 5.416374e-04
1540 3.733624e-02 5.411413e-04
1541 3.730250e-02 5.406456e-04
1542 3.726878e-02 5.401504e-04
1543 3.723509e-02 5.396557e-04
1544 3.720144e-02 5.391615e-04
1545 3.716781e-02 5.386678e-04
1546 3.713421e-02 5.381745e-04
1547 3.710065e-02 5.376818e-04
1548 3.706712e-02 5.371895e-04
1549 3.703361e-02 5.366977e-04
1550 3.700014e-02 5.362064e-04
1551 3.696670e-02 5.357155e-04
1552 3.693328e-02 5.352252e-04
1553 3.689990e-02 5.347353e-04
1554 3.686655e-02 5.342459e-04
1555 3.683323e-02 5.337570e-04
1556 3.679994e-02 5.332686e-04
1557 3.676668e-02 5.327806e-04
1558 3.673345e-02 5.322931e-04
1559 3.670025e-02 5.318061e-04
1560 3.666708e-02 5.313196e-04
1561 3.663394e-02 5.308336e-04
1562 3.660083e-02 5.303480e-04
1563 3.656775e-02 5.298629e-04
1564 3.653470e-02 5.293783e-04
1565 3.650168e-02 5.288941e-04
1566 3.646869e-02 5.284104e-04
1567 3.643573e-02 5.279272e-04
1568 3.640280e-02 5.274445e-04
1569 3.636990e-02 5.269622e-04
1570 3.633703e-02 5.264804e-04
1571 3.630419e-02 5.259990e-04
1572 3.627137e-02 5.255182e-04
1573 3.623859e-02 5.250378e-04
1574 3.620584e-02 5.245578e-04
1575 3.617312e-02 5.240784e-04
1576 3.614043e-02 5.235994e-04
1577 3.610777e-02 5.231208e-04
1578 3.607514e-02 5.226428e-04
1579 3.604253e-02 5.221652e-04
1580 3.600996e-02 5.216880e-04
1581 3.597742e-02 5.212114e-04
1582 3.594490e-02 5.207351e-04
1583 3.591242e-02 5.202594e-04
1584 3.587997e-02 5.197841e-04
1585 3.584754e-02 5.193093e-04
1586 3.581514e-02 5.188349e-04
1587 3.578278e-02 5.183610e-04
1588 3.575044e-02 5.178875e-04
1589 3.571813e-02 5.174145e-04
1590 3.568586e-02 5.169420e-04
1591 3.565361e-02 5.164699e-04
1592 3.562139e-02 5.159983e-04
1593 3.558920e-02 5.155271e-04
1594 3.555703e-02 5.150564e-04
1595 3.552490e-02 5.145861e-04
1596 3.549280e-02 5.141163e-04
1597 3.546073e-02 5.136469e-04
1598 3.542868e-02 5.131780e-04
1599 3.539667e-02 5.127096e-04
1600 3.536468e-02 5.122416e-04
1601 3.533272e-02 5.117740e-04
1602 3.530079e-02 5.113070e-04
1603 3.526889e-02 5.108403e-04
1604 3.523702e-02 5.103741e-04
1605 3.520518e-02 5.099084e-04
1606 3.517337e-02 5.094431e-04
1607 3.514158e-02 5.089782e-04
1608 3.510983e-02 5.085138e-04
1609 3.507810e-02 5.080498e-04
1610 3.504641e-02 5.075863e-04
1611 3.501474e-02 5.071233e-04
1612 3.498310e-02 5.066606e-04
1613 3.495149e-02 5.061985e-04
1614 3.491990e-02 5.057367e-04
1615 3.488835e-02 5.052754e-04
1616 3.485682e-02 5.048146e-04
1617 3.482533e-02 5.043542e-04
1618 3.479386e-02 5.038942e-04
1619 3.476242e-02 5.034347e-04
1620 3.473101e-02 5.029756e-04
1621 3.469963e-02 5.025170e-04
1622 3.466827e-02 5.020588e-04
1623 3.463695e-02 5.016010e-04
1624 3.460565e-02 5.011437e-04
1625 3.457438e-02 5.006868e-04
1626 3.454314e-02 5.002304e-04
1627 3.451193e-02 4.997743e-04
1628 3.448074e-02 4.993188e-04
1629 3.444959e-02 4.988636e-04
1630 3.441846e-02 4.984089e-04
1631 3.438736e-02 4.979546e-04
1632 3.435629e-02 4.975008e-04
1633 3.432525e-02 4.970474e-04
1634 3.429423e-02 4.965944e-04
1635 3.426325e-02 4.961419e-04
1636 3.423229e-02 4.956898e-04
1637 3.420136e-02 4.952381e-04
1638 3.417046e-02 4.947869e-04
1639 3.413958e-02 4.943361e-04
1640 3.410874e-02 4.938857e-04
1641 3.407792e-02 4.934357e-04
1642 3.404713e-02 4.929862e-04
1643 3.401637e-02 4.925371e-04
1644 3.398563e-02 4.920884e-04
1645 3.395493e-02 4.916402e-04
1646 3.392425e-02 4.911924e-04
1647 3.389360e-02 4.907450e-04
1648 3.386297e-02 4.902980e-04
1649 3.383238e-02 4.898515e-04
1650 3.380181e-02 4.894054e-04
1651 3.377127e-02 4.889597e-04
1652 3.374076e-02 4.885144e-04
1653 3.371027e-02 4.880696e-04
1654 3.367982e-02 4.876251e-04
1655 3.364939e-02 4.871812e-04
1656 3.361898e-02 4.867376e-04
1657 3.358861e-02 4.862944e-04
1658 3.355826e-02 4.858517e-04
1659 3.352794e-02 4.854094e-04
1660 3.349765e-02 4.849675e-04
1661 3.346739e-02 4.845260e-04
1662 3.343715e-02 4.840850e-04
1663 3.340694e-02 4.836443e-04
1664 3.337676e-02 4.832041e-04
1665 3.334661e-02 4.827643e-04
1666 3.331648e-02 4.823249e-04
1667 3.328638e-02 4.818859e-04
1668 3.325631e-02 4.814474e-04
1669 3.322626e-02 4.810093e-04
1670 3.319624e-02 4.805715e-04
1671 3.316625e-02 4.801342e-04
1672 3.313629e-02 4.796973e-04
1673 3.310635e-02 4.792609e-04
1674 3.307644e-02 4.788248e-04
1675 3.304656e-02 4.783891e-04
1676 3.301670e-02 4.779539e-04
1677 3.298688e-02 4.775191e-04
1678 3.295707e-02 4.770846e-04
1679 3.292730e-02 4.766506e-04
1680 3.289755e-02 4.762170e-04
1681 3.286783e-02 4.757838e-04
1682 3.283814e-02 4.753511e-04
1683 3.280847e-02 4.749187e-04
1684 3.277883e-02 4.744867e-04
1685 3.274922e-02 4.740552e-04
1686 3.271963e-02 4.736240e-04
1687 3.269007e-02 4.731933e-04
1688 3.266054e-02 4.727629e-04
1689 3.263104e-02 4.723330e-04
1690 3.260156e-02 4.719035e-04
1691 3.257211e-02 4.714744e-04
1692 3.254268e-02 4.710456e-04
1693 3.251328e-02 4.706173e-04
1694 3.248391e-02 4.701894e-04
1695 3.245456e-02 4.697619e-04
1696 3.242524e-02 4.693348e-04
1697 3.239595e-02 4.689081e-04
1698 3.236669e-02 4.684818e-04
1699 3.233745e-02 4.680559e-04
1700 3.230823e-02 4.676304e-04
1701 3.227905e-02 4.672053e-04
1702 3.224989e-02 4.667806e-04
1703 3.222075e-02 4.663563e-04
1704 3.219165e-02 4.659324e-04
1705 3.216257e-02 4.655089e-04
1706 3.213351e-02 4.650858e-04
1707 3.210448e-02 4.646631e-04
1708 3.207548e-02 4.642408e-04
1709 3.204651e-02 4.638189e-04
1710 3.201756e-02 4.633974e-04
1711 3.198863e-02 4.629763e-04
1712 3.195974e-02 4.625555e-04
1713 3.193087e-02 4.621352e-04
1714 3.190202e-02 4.617153e-04
1715 3.187320e-02 4.612957e-04
1716 3.184441e-02 4.608766e-04
1717 3.181564e-02 4.604579e-04
1718 3.178690e-02 4.600395e-04
1719 3.175819e-02 4.596215e-04
1720 3.172950e-02 4.592039e-04
1721 3.170084e-02 4.587868e-04
1722 3.167220e-02 4.583700e-04
1723 3.164359e-02 4.579536e-04
1724 3.161501e-02 4.575376e-04
1725 3.158645e-02 4.571219e-04
1726 3.155792e-02 4.567067e-04
1727 3.152941e-02 4.562919e-04
1728 3.150093e-02 4.558774e-04
1729 3.147247e-02 4.554633e-04
1730 3.144404e-02 4.550497e-04
1731 3.141564e-02 4.546364e-04
1732 3.138726e-02 4.542235e-04
1733 3.135891e-02 4.538109e-04
1734 3.133058e-02 4.533988e-04
1735 3.130228e-02 4.529870e-04
1736 3.127400e-02 4.525757e-04
1737 3.124576e-02 4.521647e-04
1738 3.121753e-02 4.517541e-04
1739 3.118933e-02 4.513439e-04
1740 3.116116e-02 4.509341e-04
1741 3.113301e-02 4.505246e-04
1742 3.110489e-02 4.501156e-04
1743 3.107679e-02 4.497069e-04
1744 3.104872e-02 4.492986e-04
1745 3.102067e-02 4.488907e-04
1746 3.099265e-02 4.484831e-04
1747 3.096466e-02 4.480760e-04
1748 3.093669e-02 4.476692e-04
1749 3.090874e-02 4.472628e-04
1750 3.088083e-02 4.468568e-04
1751 3.085293e-02 4.464511e-04
1752 3.082506e-02 4.460459e-04
1753 3.079722e-02 4.456410e-04
1754 3.076940e-02 4.452365e-04
1755 3.074161e-02 4.448324e-04
1756 3.071384e-02 4.444286e-04
1757 3.068610e-02 4.440252e-04
1758 3.065838e-02 4.436222e-04
1759 3.063069e-02 4.432196e-04
1760 3.060302e-02 4.428174e-04
1761 3.057538e-02 4.424155e-04
1762 3.054776e-02 4.420140e-04
1763 3.052017e-02 4.416129e-04
1764 3.049260e-02 4.412121e-04
1765 3.046506e-02 4.408117e-04
1766 3.043754e-02 4.404117e-04
1767 3.041005e-02 4.400121e-04
1768 3.038258e-02 4.396128e-04
1769 3.035514e-02 4.392139e-04
1770 3.032772e-02 4.388154e-04
1771 3.030032e-02 4.384173e-04
1772 3.027296e-02 4.380195e-04
1773 3.024561e-02 4.376221e-04
1774 3.021829e-02 4.372250e-04
1775 3.019100e-02 4.368283e-04
1776 3.016373e-02 4.364320e-04
1777 3.013648e-02 4.360361e-04
1778 3.010926e-02 4.356405e-04
1779 3.008207e-02 4.352453e-04
1780 3.005490e-02 4.348505e-04
1781 3.002775e-02 4.344560e-04
1782 3.000063e-02 4.340620e-04
1783 2.997353e-02 4.336682e-04
1784 2.994646e-02 4.332748e-04
1785 2.991941e-02 4.328818e-04
1786 2.989239e-02 4.324892e-04
1787 2.986539e-02 4.320969e-04
1788 2.983841e-02 4.317050e-04
1789 2.981146e-02 4.313135e-04
1790 2.978454e-02 4.309223e-04
1791 2.975763e-02 4.305315e-04
1792 2.973076e-02 4.301410e-04
1793 2.970390e-02 4.297509e-04
1794 2.967708e-02 4.293612e-04
1795 2.965027e-02 4.289718e-04
1796 2.962349e-02 4.285828e-04
1797 2.959673e-02 4.281942e-04
1798 2.957000e-02 4.278059e-04
1799 2.954330e-02 4.274179e-04
1800 2.951661e-02 4.270304e-04
1801 2.948995e-02 4.266432e-04
1802 2.946332e-02 4.262563e-04
1803 2.943671e-02 4.258698e-04
1804 2.941012e-02 4.254837e-04
1805 2.938356e-02 4.250979e-04
1806 2.935702e-02 4.247125e-04
1807 2.933050e-02 4.243274e-04
1808 2.930401e-02 4.239427e-04
1809 2.927754e-02 4.235583e-04
1810 2.925110e-02 4.231743e-04
1811 2.922468e-02 4.227907e-04
1812 2.919829e-02 4.224074e-04
1813 2.917191e-02 4.220245e-04
1814 2.914557e-02 4.216419e-04
1815 2.911924e-02 4.212597e-04
1816 2.909294e-02 4.208778e-04
1817 2.906667e-02 4.204963e-04
1818 2.904042e-02 4.201151e-04
1819 2.901419e-02 4.197343e-04
1820 2.898798e-02 4.193539e-04
1821 2.896180e-02 4.189738e-04
1822 2.893564e-02 4.185940e-04
1823 2.890951e-02 4.182146e-04
1824 2.888340e-02 4.178355e-04
1825 2.885731e-02 4.174568e-04
1826 2.883125e-02 4.170785e-04
1827 2.880521e-02 4.167005e-04
1828 2.877919e-02 4.163228e-04
1829 2.875320e-02 4.159455e-04
1830 2.872723e-02 4.155685e-04
1831 2.870129e-02 4.151919e-04
1832 2.867537e-02 4.148157e-04
1833 2.864947e-02 4.144397e-04
1834 2.862359e-02 4.140642e-04
1835 2.859774e-02 4.136890e-04
1836 2.857191e-02 4.133141e-04
1837 2.854611e-02 4.129395e-04
1838 2.852033e-02 4.125654e-04
1839 2.849457e-02 4.121915e-04
1840 2.846883e-02 4.118180e-04
1841 2.844312e-02 4.114449e-04
1842 2.841743e-02 4.110721e-04
1843 2.839177e-02 4.106996e-04
1844 2.836613e-02 4.103275e-04
1845 2.834051e-02 4.099557e-04
1846 2.831491e-02 4.095843e-04
1847 2.828934e-02 4.092132e-04
1848 2.826379e-02 4.088424e-04
1849 2.823827e-02 4.084720e-04
1850 2.821276e-02 4.081020e-04
1851 2.818728e-02 4.077322e-04
1852 2.816183e-02 4.073628e-04
1853 2.813639e-02 4.069938e-04
1854 2.811098e-02 4.066251e-04
1855 2.808559e-02 4.062567e-04
1856 2.806023e-02 4.058887e-04
1857 2.803489e-02 4.055210e-04
1858 2.800957e-02 4.051537e-04
1859 2.798427e-02 4.047867e-04
1860 2.795900e-02 4.044200e-04
1861 2.793375e-02 4.040537e-04
1862 2.790852e-02 4.036877e-04
1863 2.788331e-02 4.033220e-04
1864 2.785813e-02 4.029567e-04
1865 2.783297e-02 4.025917e-04
1866 2.780784e-02 4.022270e-04
1867 2.778272e-02 4.018627e-04
1868 2.775763e-02 4.014987e-04
1869 2.773256e-02 4.011351e-04
1870 2.770752e-02 4.007718e-04
1871 2.768249e-02 4.004088e-04
1872 2.765749e-02 4.000462e-04
1873 2.763252e-02 3.996838e-04
1874 2.760756e-02 3.993219e-04
1875 2.758263e-02 3.989602e-04
1876 2.755772e-02 3.985989e-04
1877 2.753283e-02 3.982379e-04
1878 2.750797e-02 3.978773e-04
1879 2.748312e-02 3.975170e-04
1880 2.745830e-02 3.971570e-04
1881 2.743351e-02 3.967973e-04
1882 2.740873e-02 3.964380e-04
1883 2.738398e-02 3.960790e-04
1884 2.735925e-02 3.957203e-04
1885 2.733454e-02 3.953620e-04
1886 2.730985e-02 3.950040e-04
1887 2.728519e-02 3.946463e-04
1888 2.726055e-02 3.942890e-04
1889 2.723593e-02 3.939320e-04
1890 2.721133e-02 3.935753e-04
1891 2.718676e-02 3.932189e-04
1892 2.716221e-02 3.928629e-04
1893 2.713768e-02 3.925071e-04
1894 2.711317e-02 3.921518e-04
1895 2.708868e-02 3.917967e-04
1896 2.706422e-02 3.914420e-04
1897 2.703978e-02 3.910876e-04
1898 2.701536e-02 3.907335e-04
1899 2.699096e-02 3.903797e-04
1900 2.696659e-02 3.900263e-04
1901 2.694223e-02 3.896732e-04
1902 2.691790e-02 3.893204e-04
1903 2.689359e-02 3.889679e-04
1904 2.686930e-02 3.886158e-04
1905 2.684504e-02 3.882640e-04
1906 2.682080e-02 3.879125e-04
1907 2.679658e-02 3.875613e-04
1908 2.677238e-02 3.872105e-04
1909 2.674820e-02 3.868600e-04
1910 2.672404e-02 3.865098e-04
1911 2.669991e-02 3.861599e-04
1912 2.667580e-02 3.858103e-04
1913 2.665171e-02 3.854611e-04
1914 2.662764e-02 3.851122e-04
1915 2.660359e-02 3.847636e-04
1916 2.657957e-02 3.844153e-04
1917 2.655556e-02 3.840673e-04
1918 2.653158e-02 3.837197e-04
1919 2.650762e-02 3.833723e-04
1920 2.648368e-02 3.830253e-04
1921 2.645977e-02 3.826786e-04
1922 2.643587e-02 3.823323e-04
1923 2.641200e-02 3.819862e-04
1924 2.638815e-02 3.816405e-04
1925 2.636432e-02 3.812951e-04
1926 2.634051e-02 3.809500e-04
1927 2.631672e-02 3.806052e-04
1928 2.629295e-02 3.802607e-04
1929 2.626921e-02 3.799165e-04
1930 2.624549e-02 3.795727e-04
1931 2.622179e-02 3.792292e-04
1932 2.619811e-02 3.788860e-04
1933 2.617445e-02 3.785431e-04
1934 2.615081e-02 3.782005e-04
1935 2.612720e-02 3.778582e-04
1936 2.610360e-02 3.775162e-04
1937 2.608003e-02 3.771746e-04
1938 2.605648e-02 3.768333e-04
1939 2.603295e-02 3.764922e-04
1940 2.600944e-02 3.761515e-04
1941 2.598595e-02 3.758111e-04
1942 2.596248e-02 3.754711e-04
1943 2.593904e-02 3.751313e-04
1944 2.591561e-02 3.747918e-04
1945 2.589221e-02 3.744527e-04
1946 2.586883e-02 3.741138e-04
1947 2.584547e-02 3.737753e-04
1948 2.582213e-02 3.734371e-04
1949 2.579881e-02 3.730992e-04
1950 2.577551e-02 3.727616e-04
1951 2.575223e-02 3.724243e-04
1952 2.572898e-02 3.720873e-04
1953 2.570574e-02 3.717506e-04
1954 2.568253e-02 3.714142e-04
1955 2.565934e-02 3.710782e-04
1956 2.563617e-02 3.707424e-04
1957 2.561302e-02 3.704069e-04
1958 2.558989e-02 3.700718e-04
1959 2.556678e-02 3.697370e-04
1960 2.554369e-02 3.694024e-04
1961 2.552062e-02 3.690682e-04
1962 2.549758e-02 3.687343e-04
1963 2.547455e-02 3.684007e-04
1964 2.545155e-02 3.680674e-04
1965 2.542856e-02 3.677344e-04
1966 2.540560e-02 3.674017e-04
1967 2.538266e-02 3.670693e-04
1968 2.535974e-02 3.667372e-04
1969 2.533684e-02 3.664054e-04
1970 2.531396e-02 3.660739e-04
1971 2.529110e-02 3.657427e-04
1972 2.526826e-02 3.654118e-04
1973 2.524544e-02 3.650812e-04
1974 2.522264e-02 3.647510e-04
1975 2.519987e-02 3.644210e-04
1976 2.517711e-02 3.640913e-04
1977 2.515438e-02 3.637619e-04
1978 2.513166e-02 3.634329e-04
1979 2.510897e-02 3.631041e-04
1980 2.508629e-02 3.627756e-04
1981 2.506364e-02 3.624475e-04
1982 2.504101e-02 3.621196e-04
1983 2.501839e-02 3.617920e-04
1984 2.499580e-02 3.614647e-04
1985 2.497323e-02 3.611378e-04
1986 2.495068e-02 3.608111e-04
1987 2.492815e-02 3.604847e-04
1988 2.490564e-02 3.601586e-04
1989 2.488315e-02 3.598328e-04
1990 2.486068e-02 3.595073e-04
1991 2.483823e-02 3.591822e-04
1992 2.481580e-02 3.588573e-04
1993 2.479339e-02 3.585327e-04
1994 2.477100e-02 3.582084e-04
1995 2.474863e-02 3.578844e-04
1996 2.472628e-02 3.575606e-04
1997 2.470395e-02 3.572372e-04
1998 2.468165e-02 3.569141e-04
1999 2.465936e-02 3.565913e-04
2000 2.463709e-02 3.562688e-04
2001 2.461484e-02 3.559465e-04
2002 2.459262e-02 3.556246e-04
2003 2.457041e-02 3.553029e-04
2004 2.454822e-02 3.549816e-04
2005 2.452605e-02 3.546605e-04
2006 2.450391e-02 3.543397e-04
2007 2.448178e-02 3.540193e-04
2008 2.445967e-02 3.536991e-04
2009 2.443758e-02 3.533792e-04
2010 2.441552e-02 3.530596e-04
2011 2.439347e-02 3.527403e-04
2012 2.437144e-02 3.524212e-04
2013 2.434943e-02 3.521025e-04
2014 2.432745e-02 3.517841e-04
2015 2.430548e-02 3.514659e-04
2016 2.428353e-02 3.511481e-04
2017 2.426160e-02 3.508305e-04
2018 2.423969e-02 3.505132e-04
2019 2.421781e-02 3.501962e-04
2020 2.419594e-02 3.498795e-04
2021 2.417409e-02 3.495631e-04
2022 2.415226e-02 3.492470e-04
2023 2.413045e-02 3.489312e-04
2024 2.410866e-02 3.486156e-04
2025 2.408689e-02 3.483004e-04
2026 2.406514e-02 3.479854e-04
2027 2.404341e-02 3.476707e-04
2028 2.402170e-02 3.473563e-04
2029 2.400001e-02 3.470422e-04
2030 2.397833e-02 3.467284e-04
2031 2.395668e-02 3.464148e-04
2032 2.393505e-02 3.461016e-04
2033 2.391344e-02 3.457886e-04
2034 2.389184e-02 3.454759e-04
2035 2.387027e-02 3.451635e-04
2036 2.384871e-02 3.448514e-04
2037 2.382718e-02 3.445395e-04
2038 2.380566e-02 3.442280e-04
2039 2.378417e-02 3.439167e-04
2040 2.376269e-02 3.436057e-04
2041 2.374123e-02 3.432950e-04
2042 2.371979e-02 3.429846e-04
2043 2.369838e-02 3.426745e-04
2044 2.367698e-02 3.423646e-04
2045 2.365560e-02 3.420551e-04
2046 2.363424e-02 3.417458e-04
2047 2.361289e-02 3.414368e-04
2048 2.359157e-02 3.411281e-04
2049 2.357027e-02 3.408196e-04
2050 2.354899e-02 3.405114e-04
2051 2.352772e-02 3.402036e-04
2052 2.350648e-02 3.398960e-04
2053 2.348525e-02 3.395886e-04
2054 2.346404e-02 3.392816e-04
2055 2.344286e-02 3.389748e-04
2056 2.342169e-02 3.386683e-04
2057 2.340054e-02 3.383621e-04
2058 2.337941e-02 3.380562e-04
2059 2.335830e-02 3.377506e-04
2060 2.333720e-02 3.374452e-04
2061 2.331613e-02 3.371401e-04
2062 2.329508e-02 3.368353e-04
2063 2.327404e-02 3.365307e-04
2064 2.325303e-02 3.362265e-04
2065 2.323203e-02 3.359225e-04
2066 2.321105e-02 3.356188e-04
2067 2.319009e-02 3.353154e-04
2068 2.316915e-02 3.350122e-04
2069 2.314823e-02 3.347093e-04
2070 2.312733e-02 3.344067e-04
2071 2.310645e-02 3.341044e-04
2072 2.308558e-02 3.338023e-04
2073 2.306474e-02 3.335006e-04
2074 2.304391e-02 3.331991e-04
2075 2.302310e-02 3.328978e-04
2076 2.300231e-02 3.325969e-04
2077 2.298154e-02 3.322962e-04
2078 2.296079e-02 3.319958e-04
2079 2.294006e-02 3.316956e-04
2080 2.291934e-02 3.313958e-04
2081 2.289865e-02 3.310962e-04
2082 2.287797e-02 3.307969e-04
2083 2.285731e-02 3.304978e-04
2084 2.283667e-02 3.301990e-04
2085 2.281605e-02 3.299005e-04
2086 2.279545e-02 3.296023e-04
2087 2.277487e-02 3.293043e-04
2088 2.275430e-02 3.290066e-04
2089 2.273376e-02 3.287092e-04
2090 2.271323e-02 3.284121e-04
2091 2.269272e-02 3.281152e-04
2092 2.267223e-02 3.278186e-04
2093 2.265176e-02 3.275222e-04
2094 2.263130e-02 3.272262e-04
2095 2.261087e-02 3.269304e-04
2096 2.259045e-02 3.266348e-04
2097 2.257005e-02 3.263396e-04
2098 2.254967e-02 3.260446e-04
2099 2.252931e-02 3.257498e-04
2100 2.250897e-02 3.254554e-04
2101 2.248864e-02 3.251612e-04
2102 2.246834e-02 3.248673e-04
2103 2.244805e-02 3.245736e-04
2104 2.242778e-02 3.242802e-04
2105 2.240753e-02 3.239871e-04
2106 2.238729e-02 3.236942e-04
2107 2.236708e-02 3.234016e-04
2108 2.234688e-02 3.231093e-04
2109 2.232670e-02 3.228172e-04
2110 2.230654e-02 3.225254e-04
2111 2.228640e-02 3.222339e-04
2112 2.226628e-02 3.219426e-04
2113 2.224617e-02 3.216516e-04
2114 2.222609e-02 3.213609e-04
2115 2.220602e-02 3.210704e-04
2116 2.218597e-02 3.207802e-04
2117 2.216593e-02 3.204903e-04
2118 2.214592e-02 3.202006e-04
2119 2.212592e-02 3.199112e-04
2120 2.210594e-02 3.196220e-04
2121 2.208598e-02 3.193331e-04
2122 2.206604e-02 3.190445e-04
2123 2.204611e-02 3.187561e-04
2124 2.202621e-02 3.184680e-04
2125 2.200632e-02 3.181801e-04
2126 2.198645e-02 3.178926e-04
2127 2.196660e-02 3.176052e-04
2128 2.194676e-02 3.173182e-04
2129 2.192694e-02 3.170314e-04
2130 2.190715e-02 3.167448e-04
2131 2.188737e-02 3.164585e-04
2132 2.186760e-02 3.161725e-04
2133 2.184786e-02 3.158867e-04
2134 2.182813e-02 3.156012e-04
2135 2.180842e-02 3.153160e-04
2136 2.178873e-02 3.150310e-04
2137 2.176905e-02 3.147463e-04
2138 2.174940e-02 3.144618e-04
2139 2.172976e-02 3.141776e-04
2140 2.171014e-02 3.138936e-04
2141 2.169054e-02 3.136099e-04
2142 2.167095e-02 3.133265e-04
2143 2.165138e-02 3.130433e-04
2144 2.163183e-02 3.127604e-04
2145 2.161230e-02 3.124777e-04
2146 2.159279e-02 3.121953e-04
2147 2.157329e-02 3.119132e-04
2148 2.155381e-02 3.116313e-04
2149 2.153435e-02 3.113496e-04
2150 2.151490e-02 3.110682e-04
2151 2.149548e-02 3.107871e-04
2152 2.147607e-02 3.105062e-04
2153 2.145668e-02 3.102256e-04
2154 2.143730e-02 3.099452e-04
2155 2.141794e-02 3.096651e-04
2156 2.139861e-02 3.093853e-04
2157 2.137928e-02 3.091057e-04
2158 2.135998e-02 3.088263e-04
2159 2.134069e-02 3.085472e-04
2160 2.132142e-02 3.082684e-04
2161 2.130217e-02 3.079898e-04
2162 2.128294e-02 3.077114e-04
2163 2.126372e-02 3.074333e-04
2164 2.124452e-02 3.071555e-04
2165 2.122534e-02 3.068779e-04
2166 2.120617e-02 3.066006e-04
2167 2.118703e-02 3.063235e-04
2168 2.116790e-02 3.060467e-04
2169 2.114878e-02 3.057701e-04
2170 2.112969e-02 3.054938e-04
2171 2.111061e-02 3.052177e-04
2172 2.109155e-02 3.049419e-04
2173 2.107250e-02 3.046663e-04
2174 2.105347e-02 3.043910e-04
2175 2.103446e-02 3.041159e-04
2176 2.101547e-02 3.038411e-04
2177 2.099650e-02 3.035665e-04
2178 2.097754e-02 3.032922e-04
2179 2.095860e-02 3.030181e-04
2180 2.093967e-02 3.027443e-04
2181 2.092077e-02 3.024707e-04
2182 2.090188e-02 3.021973e-04
2183 2.088300e-02 3.019243e-04
2184 2.086415e-02 3.016514e-04
2185 2.084531e-02 3.013788e-04
2186 2.082649e-02 3.011065e-04
2187 2.080768e-02 3.008344e-04
2188 2.078889e-02 3.005625e-04
2189 2.077012e-02 3.002909e-04
2190 2.075137e-02 3.000196e-04
2191 2.073263e-02 2.997485e-04
2192 2.071391e-02 2.994776e-04
2193 2.069521e-02 2.992070e-04
2194 2.067652e-02 2.989366e-04
2195 2.065785e-02 2.986665e-04
2196 2.063920e-02 2.983966e-04
2197 2.062057e-02 2.981269e-04
2198 2.060195e-02 2.978575e-04
2199 2.058334e-02 2.975884e-04
2200 2.056476e-02 2.973195e-04
2201 2.054619e-02 2.970508e-04
2202 2.052764e-02 2.967824e-04
2203 2.050911e-02 2.965142e-04
2204 2.049059e-02 2.962463e-04
2205 2.047209e-02 2.959786e-04
2206 2.045360e-02 2.957111e-04
2207 2.043513e-02 2.954439e-04
2208 2.041668e-02 2.951770e-04
2209 2.039825e-02 2.949102e-04
2210 2.037983e-02 2.946438e-04
2211 2.036143e-02 2.943775e-04
2212 2.034304e-02 2.941115e-04
2213 2.032468e-02 2.938458e-04
2214 2.030632e-02 2.935803e-04
2215 2.028799e-02 2.933150e-04
2216 2.026967e-02 2.930499e-04
2217 2.025137e-02 2.927851e-04
2218 2.023308e-02 2.925206e-04
2219 2.021481e-02 2.922563e-04
2220 2.019656e-02 2.919922e-04
2221 2.017833e-02 2.917284e-04
2222 2.016011e-02 2.914648e-04
2223 2.014190e-02 2.912014e-04
2224 2.012372e-02 2.909383e-04
2225 2.010555e-02 2.906754e-04
2226 2.008739e-02 2.904128e-04
2227 2.006926e-02 2.901503e-04
2228 2.005114e-02 2.898882e-04
2229 2.003303e-02 2.896262e-04
2230 2.001494e-02 2.893646e-04
2231 1.999687e-02 2.891031e-04
2232 1.997882e-02 2.888419e-04
2233 1.996078e-02 2.885809e-04
2234 1.994275e-02 2.883201e-04
2235 1.992475e-02 2.880596e-04
2236 1.990676e-02 2.877994e-04
2237 1.988878e-02 2.875393e-04
2238 1.987083e-02 2.872795e-04
2239 1.985288e-02 2.870200e-04
2240 1.983496e-02 2.867606e-04
2241 1.981705e-02 2.865015e-04
2242 1.979916e-02 2.862427e-04
2243 1.978128e-02 2.859840e-04
2244 1.976342e-02 2.857256e-04
2245 1.974558e-02 2.854675e-04
2246 1.972775e-02 2.852095e-04
2247 1.970993e-02 2.849519e-04
2248 1.969214e-02 2.846944e-04
2249 1.967436e-02 2.844372e-04
2250 1.965659e-02 2.841802e-04
2251 1.963885e-02 2.839234e-04
2252 1.962111e-02 2.836669e-04
2253 1.960340e-02 2.834106e-04
2254 1.958570e-02 2.831545e-04
2255 1.956801e-02 2.828987e-04
2256 1.955035e-02 2.826431e-04
2257 1.953269e-02 2.823877e-04
2258 1.951506e-02 2.821326e-04
2259 1.949744e-02 2.818777e-04
2260 1.947983e-02 2.816230e-04
2261 1.946225e-02 2.813686e-04
2262 1.944467e-02 2.811143e-04
2263 1.942712e-02 2.808604e-04
2264 1.940958e-02 2.806066e-04
2265 1.939205e-02 2.803531e-04
2266 1.937454e-02 2.800998e-04
2267 1.935705e-02 2.798467e-04
2268 1.933957e-02 2.795939e-04
2269 1.932211e-02 2.793413e-04
2270 1.930466e-02 2.790889e-04
2271 1.928723e-02 2.788367e-04
2272 1.926982e-02 2.785848e-04
2273 1.925242e-02 2.783331e-04
2274 1.923504e-02 2.780817e-04
2275 1.921767e-02 2.778304e-04
2276 1.920032e-02 2.775794e-04
2277 1.918298e-02 2.773286e-04
2278 1.916566e-02 2.770781e-04
2279 1.914836e-02 2.768277e-04
2280 1.913107e-02 2.765776e-04
2281 1.911379e-02 2.763278e-04
2282 1.909654e-02 2.760781e-04
2283 1.907930e-02 2.758287e-04
2284 1.906207e-02 2.755795e-04
2285 1.904486e-02 2.753305e-04
2286 1.902766e-02 2.750818e-04
2287 1.901048e-02 2.748332e-04
2288 1.899332e-02 2.745849e-04
2289 1.897617e-02 2.743369e-04
2290 1.895904e-02 2.740890e-04
2291 1.894192e-02 2.738414e-04
2292 1.892481e-02 2.735940e-04
2293 1.890773e-02 2.733468e-04
2294 1.889066e-02 2.730999e-04
2295 1.887360e-02 2.728531e-04
2296 1.885656e-02 2.726066e-04
2297 1.883953e-02 2.723603e-04
2298 1.882252e-02 2.721143e-04
2299 1.880553e-02 2.718684e-04
2300 1.878855e-02 2.716228e-04
2301 1.877159e-02 2.713774e-04
2302 1.875464e-02 2.711323e-04
2303 1.873770e-02 2.708873e-04
2304 1.872079e-02 2.706426e-04
2305 1.870388e-02 2.703981e-04
2306 1.868700e-02 2.701538e-04
2307 1.867012e-02 2.699097e-04
2308 1.865327e-02 2.696659e-04
2309 1.863642e-02 2.694223e-04
2310 1.861960e-02 2.691789e-04
2311 1.860279e-02 2.689357e-04
2312 1.858599e-02 2.686927e-04
2313 1.856921e-02 2.684500e-04
2314 1.855244e-02 2.682075e-04
2315 1.853569e-02 2.679652e-04
2316 1.851896e-02 2.677231e-04
2317 1.850224e-02 2.674812e-04
2318 1.848553e-02 2.672396e-04
2319 1.846884e-02 2.669981e-04
2320 1.845217e-02 2.667569e-04
2321 1.843551e-02 2.665160e-04
2322 1.841886e-02 2.662752e-04
2323 1.840223e-02 2.660346e-04
2324 1.838562e-02 2.657943e-04
2325 1.836902e-02 2.655542e-04
2326 1.835243e-02 2.653143e-04
2327 1.833586e-02 2.650746e-04
2328 1.831930e-02 2.648351e-04
2329 1.830276e-02 2.645959e-04
2330 1.828624e-02 2.643568e-04
2331 1.826973e-02 2.641180e-04
2332 1.825323e-02 2.638794e-04
2333 1.823675e-02 2.636410e-04
2334 1.822029e-02 2.634029e-04
2335 1.820384e-02 2.631649e-04
2336 1.818740e-02 2.629272e-04
2337 1.817098e-02 2.626896e-04
2338 1.815457e-02 2.624523e-04
2339 1.813818e-02 2.622152e-04
2340 1.812181e-02 2.619784e-04
2341 1.810544e-02 2.617417e-04
2342 1.808910e-02 2.615052e-04
2343 1.807277e-02 2.612690e-04
2344 1.805645e-02 2.610330e-04
2345 1.804015e-02 2.607972e-04
2346 1.802386e-02 2.605616e-04
2347 1.800758e-02 2.603262e-04
2348 1.799133e-02 2.600910e-04
2349 1.797508e-02 2.598561e-04
2350 1.795885e-02 2.596213e-04
2351 1.794264e-02 2.593868e-04
2352 1.792644e-02 2.591525e-04
2353 1.791025e-02 2.589184e-04
2354 1.789408e-02 2.586845e-04
2355 1.787793e-02 2.584508e-04
2356 1.786178e-02 2.582173e-04
2357 1.784566e-02 2.579840e-04
2358 1.782954e-02 2.577510e-04
2359 1.781345e-02 2.575181e-04
2360 1.779736e-02 2.572855e-04
2361 1.778129e-02 2.570531e-04
2362 1.776524e-02 2.568209e-04
2363 1.774920e-02 2.565889e-04
2364 1.773318e-02 2.563571e-04
2365 1.771717e-02 2.561255e-04
2366 1.770117e-02 2.558941e-04
2367 1.768519e-02 2.556630e-04
2368 1.766922e-02 2.554320e-04
2369 1.765327e-02 2.552013e-04
2370 1.763733e-02 2.549707e-04
2371 1.762140e-02 2.547404e-04
2372 1.760549e-02 2.545103e-04
2373 1.758960e-02 2.542804e-04
2374 1.757372e-02 2.540507e-04
2375 1.755785e-02 2.538212e-04
2376 1.754200e-02 2.535919e-04
2377 1.752616e-02 2.533628e-04
2378 1.751034e-02 2.531339e-04
2379 1.749453e-02 2.529053e-04
2380 1.747873e-02 2.526768e-04
2381 1.746295e-02 2.524486e-04
2382 1.744718e-02 2.522205e-04
2383 1.743143e-02 2.519927e-04
2384 1.741569e-02 2.517651e-04
2385 1.739997e-02 2.515376e-04
2386 1.738426e-02 2.513104e-04
2387 1.736856e-02 2.510834e-04
2388 1.735288e-02 2.508566e-04
2389 1.733722e-02 2.506300e-04
2390 1.732156e-02 2.504036e-04
2391 1.730592e-02 2.501774e-04
2392 1.729030e-02 2.499514e-04
2393 1.727469e-02 2.497256e-04
2394 1.725909e-02 2.495000e-04
2395 1.724351e-02 2.492746e-04
2396 1.722794e-02 2.490495e-04
2397 1.721239e-02 2.488245e-04
2398 1.719685e-02 2.485997e-04
2399 1.718132e-02 2.483751e-04
2400 1.716581e-02 2.481508e-04
2401 1.715031e-02 2.479266e-04
2402 1.713482e-02 2.477027e-04
2403 1.711935e-02 2.474789e-04
2404 1.710390e-02 2.472554e-04
2405 1.708845e-02 2.470320e-04
2406 1.707303e-02 2.468089e-04
2407 1.705761e-02 2.465859e-04
2408 1.704221e-02 2.463632e-04
2409 1.702682e-02 2.461406e-04
2410 1.701145e-02 2.459183e-04
2411 1.699609e-02 2.456962e-04
2412 1.698075e-02 2.454742e-04
2413 1.696542e-02 2.452525e-04
2414 1.695010e-02 2.450309e-04
2415 1.693480e-02 2.448096e-04
2416 1.691951e-02 2.445885e-04
2417 1.690423e-02 2.443675e-04
2418 1.688897e-02 2.441468e-04
2419 1.687372e-02 2.439262e-04
2420 1.685849e-02 2.437059e-04
2421 1.684326e-02 2.434858e-04
2422 1.682806e-02 2.432658e-04
2423 1.681286e-02 2.430461e-04
2424 1.679769e-02 2.428265e-04
2425 1.678252e-02 2.426072e-04
2426 1.676737e-02 2.423880e-04
2427 1.675223e-02 2.421691e-04
2428 1.673710e-02 2.419503e-04
2429 1.672199e-02 2.417318e-04
2430 1.670690e-02 2.415134e-04
2431 1.669181e-02 2.412953e-04
2432 1.667674e-02 2.410773e-04
2433 1.666168e-02 2.408595e-04
2434 1.664664e-02 2.406420e-04
2435 1.663161e-02 2.404246e-04
2436 1.661660e-02 2.402074e-04
2437 1.660159e-02 2.399905e-04
2438 1.658661e-02 2.397737e-04
2439 1.657163e-02 2.395571e-04
2440 1.655667e-02 2.393407e-04
2441 1.654172e-02 2.391245e-04
2442 1.652679e-02 2.389085e-04
2443 1.651186e-02 2.386927e-04
2444 1.649696e-02 2.384771e-04
2445 1.648206e-02 2.382617e-04
2446 1.646718e-02 2.380465e-04
2447 1.645231e-02 2.378314e-04
2448 1.643746e-02 2.376166e-04
2449 1.642262e-02 2.374020e-04
2450 1.640779e-02 2.371875e-04
2451 1.639298e-02 2.369733e-04
2452 1.637818e-02 2.367592e-04
2453 1.636339e-02 2.365454e-04
2454 1.634862e-02 2.363317e-04
2455 1.633386e-02 2.361182e-04
2456 1.631911e-02 2.359050e-04
2457 1.630438e-02 2.356919e-04
2458 1.628966e-02 2.354790e-04
2459 1.627495e-02 2.352663e-04
2460 1.626026e-02 2.350538e-04
2461 1.624558e-02 2.348414e-04
2462 1.623091e-02 2.346293e-04
2463 1.621626e-02 2.344174e-04
2464 1.620161e-02 2.342056e-04
2465 1.618699e-02 2.339941e-04
2466 1.617237e-02 2.337827e-04
2467 1.615777e-02 2.335716e-04
2468 1.614318e-02 2.333606e-04
2469 1.612861e-02 2.331498e-04
2470 1.611405e-02 2.329392e-04
2471 1.609950e-02 2.327288e-04
2472 1.608496e-02 2.325186e-04
2473 1.607044e-02 2.323085e-04
2474 1.605593e-02 2.320987e-04
2475 1.604144e-02 2.318891e-04
2476 1.602695e-02 2.316796e-04
2477 1.601248e-02 2.314703e-04
2478 1.599803e-02 2.312612e-04
2479 1.598358e-02 2.310524e-04
2480 1.596915e-02 2.308437e-04
2481 1.595474e-02 2.306351e-04
2482 1.594033e-02 2.304268e-04
2483 1.592594e-02 2.302187e-04
2484 1.591156e-02 2.300107e-04
2485 1.589720e-02 2.298030e-04
2486 1.588284e-02 2.295954e-04
2487 1.586850e-02 2.293880e-04
2488 1.585418e-02 2.291808e-04
2489 1.583986e-02 2.289738e-04
2490 1.582556e-02 2.287670e-04
2491 1.581128e-02 2.285603e-04
2492 1.579700e-02 2.283539e-04
2493 1.578274e-02 2.281476e-04
2494 1.576849e-02 2.279416e-04
2495 1.575425e-02 2.277357e-04
2496 1.574003e-02 2.275300e-04
2497 1.572582e-02 2.273244e-04
2498 1.571162e-02 2.271191e-04
2499 1.569744e-02 2.269140e-04
2500 1.568326e-02 2.267090e-04
2501 1.566911e-02 2.265042e-04
2502 1.565496e-02 2.262996e-04
2503 1.564082e-02 2.260952e-04
2504 1.562670e-02 2.258910e-04
2505 1.561260e-02 2.256870e-04
2506 1.559850e-02 2.254831e-04
2507 1.558442e-02 2.252794e-04
2508 1.557035e-02 2.250760e-04
2509 1.555629e-02 2.248727e-04
2510 1.554225e-02 2.246695e-04
2511 1.552821e-02 2.244666e-04
2512 1.551419e-02 2.242639e-04
2513 1.550019e-02 2.240613e-04
2514 1.548619e-02 2.238589e-04
2515 1.547221e-02 2.236567e-04
2516 1.545824e-02 2.234547e-04
2517 1.544429e-02 2.232529e-04
2518 1.543034e-02 2.230512e-04
2519 1.541641e-02 2.228497e-04
2520 1.540250e-02 2.226484e-04
2521 1.538859e-02 2.224473e-04
2522 1.537470e-02 2.222464e-04
2523 1.536082e-02 2.220457e-04
2524 1.534695e-02 2.218451e-04
2525 1.533309e-02 2.216447e-04
2526 1.531925e-02 2.214445e-04
2527 1.530542e-02 2.212445e-04
2528 1.529160e-02 2.210447e-04
2529 1.527779e-02 2.208450e-04
2530 1.526400e-02 2.206455e-04
2531 1.525022e-02 2.204462e-04
2532 1.523645e-02 2.202471e-04
2533 1.522270e-02 2.200482e-04
2534 1.520895e-02 2.198494e-04
2535 1.519522e-02 2.196509e-04
2536 1.518150e-02 2.194525e-04
2537 1.516780e-02 2.192542e-04
2538 1.515410e-02 2.190562e-04
2539 1.514042e-02 2.188583e-04
2540 1.512675e-02 2.186607e-04
2541 1.511310e-02 2.184632e-04
2542 1.509945e-02 2.182658e-04
2543 1.508582e-02 2.180687e-04
2544 1.507220e-02 2.178717e-04
2545 1.505859e-02 2.176749e-04
2546 1.504500e-02 2.174783e-04
2547 1.503142e-02 2.172819e-04
2548 1.501785e-02 2.170856e-04
2549 1.500429e-02 2.168895e-04
2550 1.499074e-02 2.166936e-04
2551 1.497721e-02 2.164979e-04
2552 1.496369e-02 2.163024e-04
2553 1.495018e-02 2.161070e-04
2554 1.493668e-02 2.159118e-04
2555 1.492319e-02 2.157168e-04
2556 1.490972e-02 2.155219e-04
2557 1.489626e-02 2.153273e-04
2558 1.488281e-02 2.151328e-04
2559 1.486938e-02 2.149385e-04
2560 1.485595e-02 2.147443e-04
2561 1.484254e-02 2.145504e-04
2562 1.482914e-02 2.143566e-04
2563 1.481575e-02 2.141629e-04
2564 1.480238e-02 2.139695e-04
2565 1.478901e-02 2.137762e-04
2566 1.477566e-02 2.135832e-04
2567 1.476232e-02 2.133902e-04
2568 1.474899e-02 2.131975e-04
2569 1.473568e-02 2.130049e-04
2570 1.472237e-02 2.128125e-04
2571 1.470908e-02 2.126203e-04
2572 1.469580e-02 2.124283e-04
2573 1.468254e-02 2.122364e-04
2574 1.466928e-02 2.120447e-04
2575 1.465604e-02 2.118532e-04
2576 1.464280e-02 2.116618e-04
2577 1.462959e-02 2.114706e-04
2578 1.461638e-02 2.112796e-04
2579 1.460318e-02 2.110888e-04
2580 1.459000e-02 2.108981e-04
2581 1.457683e-02 2.107077e-04
2582 1.456367e-02 2.105173e-04
2583 1.455052e-02 2.103272e-04
2584 1.453738e-02 2.101372e-04
2585 1.452426e-02 2.099474e-04
2586 1.451114e-02 2.097578e-04
2587 1.449804e-02 2.095683e-04
2588 1.448496e-02 2.093790e-04
2589 1.447188e-02 2.091899e-04
2590 1.445881e-02 2.090010e-04
2591 1.444576e-02 2.088122e-04
2592 1.443272e-02 2.086236e-04
2593 1.441969e-02 2.084352e-04
2594 1.440667e-02 2.082469e-04
2595 1.439366e-02 2.080588e-04
2596 1.438067e-02 2.078709e-04
2597 1.436769e-02 2.076831e-04
2598 1.435472e-02 2.074955e-04
2599 1.434176e-02 2.073081e-04
2600 1.432881e-02 2.071209e-04
2601 1.431587e-02 2.069338e-04
2602 1.430295e-02 2.067469e-04
2603 1.429004e-02 2.065602e-04
2604 1.427713e-02 2.063736e-04
2605 1.426424e-02 2.061872e-04
2606 1.425137e-02 2.060010e-04
2607 1.423850e-02 2.058149e-04
2608 1.422565e-02 2.056290e-04
2609 1.421280e-02 2.054433e-04
2610 1.419997e-02 2.052577e-04
2611 1.418715e-02 2.050723e-04
2612 1.417434e-02 2.048871e-04
2613 1.416155e-02 2.047020e-04
2614 1.414876e-02 2.045171e-04
2615 1.413599e-02 2.043324e-04
2616 1.412323e-02 2.041479e-04
2617 1.411048e-02 2.039635e-04
2618 1.409774e-02 2.037792e-04
2619 1.408501e-02 2.035952e-04
2620 1.407230e-02 2.034113e-04
2621 1.405959e-02 2.032276e-04
2622 1.404690e-02 2.030440e-04
2623 1.403422e-02 2.028606e-04
2624 1.402155e-02 2.026774e-04
2625 1.400889e-02 2.024943e-04
2626 1.399624e-02 2.023114e-04
2627 1.398361e-02 2.021287e-04
2628 1.397098e-02 2.019461e-04
2629 1.395837e-02 2.017637e-04
2630 1.394577e-02 2.015815e-04
2631 1.393318e-02 2.013994e-04
2632 1.392060e-02 2.012175e-04
2633 1.390803e-02 2.010358e-04
2634 1.389548e-02 2.008542e-04
2635 1.388293e-02 2.006728e-04
2636 1.387040e-02 2.004915e-04
2637 1.385788e-02 2.003104e-04
2638 1.384537e-02 2.001295e-04
2639 1.383287e-02 1.999488e-04
2640 1.382038e-02 1.997682e-04
2641 1.380790e-02 1.995877e-04
2642 1.379544e-02 1.994074e-04
2643 1.378298e-02 1.992273e-04
2644 1.377054e-02 1.990474e-04
2645 1.375811e-02 1.988676e-04
2646 1.374569e-02 1.986880e-04
2647 1.373328e-02 1.985085e-04
2648 1.372088e-02 1.983292e-04
2649 1.370849e-02 1.981501e-04
2650 1.369612e-02 1.979711e-04
2651 1.368375e-02 1.977923e-04
2652 1.367140e-02 1.976137e-04
2653 1.365906e-02 1.974352e-04
2654 1.364672e-02 1.972569e-04
2655 1.363440e-02 1.970787e-04
2656 1.362210e-02 1.969007e-04
2657 1.360980e-02 1.967228e-04
2658 1.359751e-02 1.965452e-04
2659 1.358524e-02 1.963676e-04
2660 1.357297e-02 1.961903e-04
2661 1.356072e-02 1.960131e-04
2662 1.354848e-02 1.958360e-04
2663 1.353624e-02 1.956592e-04
2664 1.352402e-02 1.954824e-04
2665 1.351181e-02 1.953059e-04
2666 1.349962e-02 1.951295e-04
2667 1.348743e-02 1.949532e-04
2668 1.347525e-02 1.947771e-04
2669 1.346309e-02 1.946012e-04
2670 1.345093e-02 1.944254e-04
2671 1.343879e-02 1.942498e-04
2672 1.342666e-02 1.940744e-04
2673 1.341454e-02 1.938991e-04
2674 1.340243e-02 1.937240e-04
2675 1.339033e-02 1.935490e-04
2676 1.337824e-02 1.933742e-04
2677 1.336616e-02 1.931995e-04
2678 1.335410e-02 1.930250e-04
2679 1.334204e-02 1.928507e-04
2680 1.333000e-02 1.926765e-04
2681 1.331796e-02 1.925025e-04
2682 1.330594e-02 1.923286e-04
2683 1.329393e-02 1.921549e-04
2684 1.328192e-02 1.919813e-04
2685 1.326993e-02 1.918079e-04
2686 1.325795e-02 1.916347e-04
2687 1.324599e-02 1.914616e-04
2688 1.323403e-02 1.912887e-04
2689 1.322208e-02 1.911159e-04
2690 1.321014e-02 1.909433e-04
2691 1.319822e-02 1.907708e-04
2692 1.318630e-02 1.905985e-04
2693 1.317440e-02 1.904263e-04
2694 1.316251e-02 1.902544e-04
2695 1.315062e-02 1.900825e-04
2696 1.313875e-02 1.899108e-04
2697 1.312689e-02 1.897393e-04
2698 1.311504e-02 1.895679e-04
2699 1.310320e-02 1.893967e-04
2700 1.309137e-02 1.892256e-04
2701 1.307955e-02 1.890547e-04
2702 1.306774e-02 1.888840e-04
2703 1.305595e-02 1.887134e-04
2704 1.304416e-02 1.885429e-04
2705 1.303239e-02 1.883726e-04
2706 1.302062e-02 1.882025e-04
2707 1.300887e-02 1.880325e-04
2708 1.299712e-02 1.878627e-04
2709 1.298539e-02 1.876930e-04
2710 1.297367e-02 1.875235e-04
2711 1.296195e-02 1.873541e-04
2712 1.295025e-02 1.871849e-04
2713 1.293856e-02 1.870158e-04
2714 1.292688e-02 1.868469e-04
2715 1.291521e-02 1.866781e-04
2716 1.290355e-02 1.865095e-04
2717 1.289190e-02 1.863411e-04
2718 1.288027e-02 1.861728e-04
2719 1.286864e-02 1.860046e-04
2720 1.285702e-02 1.858366e-04
2721 1.284541e-02 1.856688e-04
2722 1.283382e-02 1.855011e-04
2723 1.282223e-02 1.853335e-04
2724 1.281066e-02 1.851661e-04
2725 1.279909e-02 1.849989e-04
2726 1.278754e-02 1.848318e-04
2727 1.277599e-02 1.846648e-04
2728 1.276446e-02 1.844980e-04
2729 1.275294e-02 1.843314e-04
2730 1.274142e-02 1.841649e-04
2731 1.272992e-02 1.839986e-04
2732 1.271843e-02 1.838324e-04
2733 1.270695e-02 1.836663e-04
2734 1.269548e-02 1.835005e-04
2735 1.268402e-02 1.833347e-04
2736 1.267257e-02 1.831691e-04
2737 1.266113e-02 1.830037e-04
2738 1.264970e-02 1.828384e-04
2739 1.263828e-02 1.826733e-04
2740 1.262687e-02 1.825083e-04
2741 1.261547e-02 1.823434e-04
2742 1.260408e-02 1.821787e-04
2743 1.259270e-02 1.820142e-04
2744 1.258133e-02 1.818498e-04
2745 1.256998e-02 1.816855e-04
2746 1.255863e-02 1.815214e-04
2747 1.254729e-02 1.813575e-04
2748 1.253596e-02 1.811937e-04
2749 1.252465e-02 1.810300e-04
2750 1.251334e-02 1.808665e-04
2751 1.250204e-02 1.807032e-04
2752 1.249076e-02 1.805399e-04
2753 1.247948e-02 1.803769e-04
2754 1.246822e-02 1.802140e-04
2755 1.245696e-02 1.800512e-04
2756 1.244572e-02 1.798886e-04
2757 1.243448e-02 1.797261e-04
2758 1.242325e-02 1.795638e-04
2759 1.241204e-02 1.794016e-04
2760 1.240083e-02 1.792395e-04
2761 1.238964e-02 1.790776e-04
2762 1.237846e-02 1.789159e-04
2763 1.236728e-02 1.787543e-04
2764 1.235612e-02 1.785929e-04
2765 1.234496e-02 1.784315e-04
2766 1.233382e-02 1.782704e-04
2767 1.232268e-02 1.781094e-04
2768 1.231156e-02 1.779485e-04
2769 1.230045e-02 1.777878e-04
2770 1.228934e-02 1.776272e-04
2771 1.227825e-02 1.774668e-04
2772 1.226716e-02 1.773065e-04
2773 1.225609e-02 1.771463e-04
2774 1.224503e-02 1.769863e-04
2775 1.223397e-02 1.768265e-04
2776 1.222293e-02 1.766668e-04
2777 1.221189e-02 1.765072e-04
2778 1.220087e-02 1.763478e-04
2779 1.218986e-02 1.761885e-04
2780 1.217885e-02 1.760294e-04
2781 1.216786e-02 1.758704e-04
2782 1.215687e-02 1.757115e-04
2783 1.214590e-02 1.755528e-04
2784 1.213493e-02 1.753943e-04
2785 1.212398e-02 1.752358e-04
2786 1.211303e-02 1.750776e-04
2787 1.210210e-02 1.749194e-04
2788 1.209118e-02 1.747614e-04
2789 1.208026e-02 1.746036e-04
2790 1.206935e-02 1.744459e-04
2791 1.205846e-02 1.742883e-04
2792 1.204757e-02 1.741309e-04
2793 1.203670e-02 1.739736e-04
2794 1.202583e-02 1.738165e-04
2795 1.201498e-02 1.736595e-04
2796 1.200413e-02 1.735027e-04
2797 1.199329e-02 1.733459e-04
2798 1.198247e-02 1.731894e-04
2799 1.197165e-02 1.730330e-04
2800 1.196084e-02 1.728767e-04
2801 1.195005e-02 1.727205e-04
2802 1.193926e-02 1.725645e-04
2803 1.192848e-02 1.724087e-04
2804 1.191771e-02 1.722529e-04
2805 1.190695e-02 1.720974e-04
2806 1.189621e-02 1.719419e-04
2807 1.188547e-02 1.717866e-04
2808 1.187474e-02 1.716315e-04
2809 1.186402e-02 1.714764e-04
2810 1.185331e-02 1.713216e-04
2811 1.184261e-02 1.711668e-04
2812 1.183192e-02 1.710122e-04
2813 1.182124e-02 1.708578e-04
2814 1.181057e-02 1.707034e-04
2815 1.179990e-02 1.705493e-04
2816 1.178925e-02 1.703952e-04
2817 1.177861e-02 1.702413e-04
2818 1.176798e-02 1.700876e-04
2819 1.175735e-02 1.699339e-04
2820 1.174674e-02 1.697804e-04
2821 1.173614e-02 1.696271e-04
2822 1.172554e-02 1.694739e-04
2823 1.171496e-02 1.693208e-04
2824 1.170438e-02 1.691679e-04
2825 1.169382e-02 1.690151e-04
2826 1.168326e-02 1.688624e-04
2827 1.167271e-02 1.687099e-04
2828 1.166218e-02 1.685575e-04
2829 1.165165e-02 1.684053e-04
2830 1.164113e-02 1.682532e-04
2831 1.163062e-02 1.681012e-04
2832 1.162012e-02 1.679494e-04
2833 1.160963e-02 1.677977e-04
2834 1.159915e-02 1.676461e-04
2835 1.158868e-02 1.674947e-04
2836 1.157822e-02 1.673434e-04
2837 1.156777e-02 1.671923e-04
2838 1.155733e-02 1.670413e-04
2839 1.154689e-02 1.668904e-04
2840 1.153647e-02 1.667397e-04
2841 1.152606e-02 1.665891e-04
2842 1.151565e-02 1.664386e-04
2843 1.150526e-02 1.662883e-04
2844 1.149487e-02 1.661381e-04
2845 1.148449e-02 1.659880e-04
2846 1.147413e-02 1.658381e-04
2847 1.146377e-02 1.656883e-04
2848 1.145342e-02 1.655387e-04
2849 1.144308e-02 1.653891e-04
2850 1.143275e-02 1.652398e-04
2851 1.142243e-02 1.650905e-04
2852 1.141212e-02 1.649414e-04
2853 1.140182e-02 1.647924e-04
2854 1.139153e-02 1.646436e-04
2855 1.138124e-02 1.644949e-04
2856 1.137097e-02 1.643463e-04
2857 1.136071e-02 1.641979e-04
2858 1.135045e-02 1.640496e-04
2859 1.134020e-02 1.639014e-04
2860 1.132997e-02 1.637534e-04
2861 1.131974e-02 1.636054e-04
2862 1.130952e-02 1.634577e-04
2863 1.129931e-02 1.633100e-04
2864 1.128911e-02 1.631625e-04
2865 1.127892e-02 1.630152e-04
2866 1.126874e-02 1.628679e-04
2867 1.125857e-02 1.627208e-04
2868 1.124841e-02 1.625739e-04
2869 1.123825e-02 1.624270e-04
2870 1.122811e-02 1.622803e-04
2871 1.121797e-02 1.621337e-04
2872 1.120785e-02 1.619873e-04
2873 1.119773e-02 1.618410e-04
2874 1.118762e-02 1.616948e-04
2875 1.117752e-02 1.615488e-04
2876 1.116743e-02 1.614029e-04
2877 1.115735e-02 1.612571e-04
2878 1.114728e-02 1.611114e-04
2879 1.113722e-02 1.609659e-04
2880 1.112716e-02 1.608205e-04
2881 1.111712e-02 1.606753e-04
2882 1.110708e-02 1.605301e-04
2883 1.109706e-02 1.603851e-04
2884 1.108704e-02 1.602403e-04
2885 1.107703e-02 1.600956e-04
2886 1.106703e-02 1.599510e-04
2887 1.105704e-02 1.598065e-04
2888 1.104706e-02 1.596621e-04
2889 1.103709e-02 1.595179e-04
2890 1.102713e-02 1.593739e-04
2891 1.101717e-02 1.592299e-04
2892 1.100723e-02 1.590861e-04
2893 1.099729e-02 1.589424e-04
2894 1.098736e-02 1.587988e-04
2895 1.097745e-02 1.586554e-04
2896 1.096754e-02 1.585121e-04
2897 1.095764e-02 1.583689e-04
2898 1.094775e-02 1.582259e-04
2899 1.093786e-02 1.580830e-04
2900 1.092799e-02 1.579402e-04
2901 1.091813e-02 1.577976e-04
2902 1.090827e-02 1.576550e-04
2903 1.089842e-02 1.575126e-04
2904 1.088859e-02 1.573704e-04
2905 1.087876e-02 1.572282e-04
2906 1.086894e-02 1.570862e-04
2907 1.085913e-02 1.569443e-04
2908 1.084932e-02 1.568026e-04
2909 1.083953e-02 1.566610e-04
2910 1.082975e-02 1.565195e-04
2911 1.081997e-02 1.563781e-04
2912 1.081020e-02 1.562368e-04
2913 1.080045e-02 1.560957e-04
2914 1.079070e-02 1.559547e-04
2915 1.078096e-02 1.558139e-04
2916 1.077122e-02 1.556731e-04
2917 1.076150e-02 1.555325e-04
2918 1.075179e-02 1.553921e-04
2919 1.074208e-02 1.552517e-04
2920 1.073238e-02 1.551115e-04
2921 1.072270e-02 1.549714e-04
2922 1.071302e-02 1.548314e-04
2923 1.070335e-02 1.546916e-04
2924 1.069369e-02 1.545518e-04
2925 1.068403e-02 1.544122e-04
2926 1.067439e-02 1.542728e-04
2927 1.066475e-02 1.541334e-04
2928 1.065513e-02 1.539942e-04
2929 1.064551e-02 1.538551e-04
2930 1.063590e-02 1.537162e-04
2931 1.062630e-02 1.535773e-04
2932 1.061671e-02 1.534386e-04
2933 1.060712e-02 1.533000e-04
2934 1.059755e-02 1.531616e-04
2935 1.058798e-02 1.530232e-04
2936 1.057843e-02 1.528850e-04
2937 1.056888e-02 1.527469e-04
2938 1.055934e-02 1.526090e-04
2939 1.054981e-02 1.524711e-04
2940 1.054028e-02 1.523334e-04
2941 1.053077e-02 1.521958e-04
2942 1.052126e-02 1.520584e-04
2943 1.051177e-02 1.519210e-04
2944 1.050228e-02 1.517838e-04
2945 1.049280e-02 1.516467e-04
2946 1.048333e-02 1.515097e-04
2947 1.047386e-02 1.513729e-04
2948 1.046441e-02 1.512362e-04
2949 1.045496e-02 1.510996e-04
2950 1.044553e-02 1.509631e-04
2951 1.043610e-02 1.508267e-04
2952 1.042668e-02 1.506905e-04
2953 1.041727e-02 1.505544e-04
2954 1.040786e-02 1.504184e-04
2955 1.039847e-02 1.502826e-04
2956 1.038908e-02 1.501468e-04
2957 1.037970e-02 1.500112e-04
2958 1.037033e-02 1.498757e-04
2959 1.036097e-02 1.497403e-04
2960 1.035162e-02 1.496051e-04
2961 1.034228e-02 1.494700e-04
2962 1.033294e-02 1.493350e-04
2963 1.032361e-02 1.492001e-04
2964 1.031430e-02 1.490653e-04
2965 1.030499e-02 1.489307e-04
2966 1.029568e-02 1.487962e-04
2967 1.028639e-02 1.486618e-04
2968 1.027711e-02 1.485275e-04
2969 1.026783e-02 1.483933e-04
2970 1.025856e-02 1.482593e-04
2971 1.024930e-02 1.481254e-04
2972 1.024005e-02 1.479916e-04
2973 1.023081e-02 1.478579e-04
2974 1.022157e-02 1.477244e-04
2975 1.021235e-02 1.475910e-04
2976 1.020313e-02 1.474577e-04
2977 1.019392e-02 1.473245e-04
2978 1.018472e-02 1.471914e-04
2979 1.017552e-02 1.470585e-04
2980 1.016634e-02 1.469256e-04
2981 1.015716e-02 1.467929e-04
2982 1.014799e-02 1.466603e-04
2983 1.013883e-02 1.465279e-04
2984 1.012968e-02 1.463955e-04
2985 1.012054e-02 1.462633e-04
2986 1.011140e-02 1.461312e-04
2987 1.010228e-02 1.459992e-04
2988 1.009316e-02 1.458673e-04
2989 1.008405e-02 1.457356e-04
2990 1.007495e-02 1.456039e-04
2991 1.006585e-02 1.454724e-04
2992 1.005677e-02 1.453410e-04
2993 1.004769e-02 1.452098e-04
2994 1.003862e-02 1.450786e-04
2995 1.002956e-02 1.449476e-04
2996 1.002050e-02 1.448166e-04
2997 1.001146e-02 1.446858e-04
2998 1.000242e-02 1.445552e-04
2999 9.993394e-03 1.444246e-04
3000 9.984374e-03 1.442941e-04
3001 9.975362e-03 1.441638e-04
3002 9.966358e-03 1.440336e-04
3003 9.957362e-03 1.439035e-04
3004 9.948374e-03 1.437735e-04
3005 9.939394e-03 1.436437e-04
3006 9.930423e-03 1.435139e-04
3007 9.921459e-03 1.433843e-04
3008 9.912504e-03 1.432548e-04
3009 9.903557e-03 1.431254e-04
3010 9.894618e-03 1.429961e-04
3011 9.885687e-03 1.428670e-04
3012 9.876763e-03 1.427379e-04
3013 9.867849e-03 1.426090e-04
3014 9.858942e-03 1.424802e-04
3015 9.850043e-03 1.423515e-04
3016 9.841152e-03 1.422229e-04
3017 9.832269e-03 1.420945e-04
3018 9.823394e-03 1.419661e-04
3019 9.814527e-03 1.418379e-04
3020 9.805669e-03 1.417098e-04
3021 9.796818e-03 1.415818e-04
3022 9.787975e-03 1.414539e-04
3023 9.779140e-03 1.413262e-04
3024 9.770314e-03 1.411985e-04
3025 9.761495e-03 1.410710e-04
3026 9.752684e-03 1.409436e-04
3027 9.743881e-03 1.408162e-04
3028 9.735086e-03 1.406891e-04
3029 9.726299e-03 1.405620e-04
3030 9.717520e-03 1.404350e-04
3031 9.708749e-03 1.403082e-04
3032 9.699986e-03 1.401815e-04
3033 9.691230e-03 1.400548e-04
3034 9.682483e-03 1.399283e-04
3035 9.673743e-03 1.398019e-04
3036 9.665012e-03 1.396757e-04
3037 9.656288e-03 1.395495e-04
3038 9.647572e-03 1.394235e-04
3039 9.638864e-03 1.392975e-04
3040 9.630164e-03 1.391717e-04
3041 9.621472e-03 1.390460e-04
3042 9.612787e-03 1.389204e-04
3043 9.604111e-03 1.387950e-04
3044 9.595442e-03 1.386696e-04
3045 9.586781e-03 1.385443e-04
3046 9.578128e-03 1.384192e-04
3047 9.569483e-03 1.382942e-04
3048 9.560845e-03 1.381693e-04
3049 9.552216e-03 1.380445e-04
3050 9.543594e-03 1.379198e-04
3051 9.534980e-03 1.377952e-04
3052 9.526374e-03 1.376707e-04
3053 9.517775e-03 1.375464e-04
3054 9.509184e-03 1.374222e-04
3055 9.500601e-03 1.372980e-04
3056 9.492026e-03 1.371740e-04
3057 9.483459e-03 1.370501e-04
3058 9.474899e-03 1.369263e-04
3059 9.466347e-03 1.368027e-04
3060 9.457803e-03 1.366791e-04
3061 9.449266e-03 1.365557e-04
3062 9.440737e-03 1.364323e-04
3063 9.432216e-03 1.363091e-04
3064 9.423703e-03 1.361860e-04
3065 9.415197e-03 1.360630e-04
3066 9.406699e-03 1.359401e-04
3067 9.398208e-03 1.358173e-04
3068 9.389726e-03 1.356946e-04
3069 9.381251e-03 1.355720e-04
3070 9.372783e-03 1.354496e-04
3071 9.364323e-03 1.353272e-04
3072 9.355871e-03 1.352050e-04
3073 9.347427e-03 1.350829e-04
3074 9.338990e-03 1.349609e-04
3075 9.330561e-03 1.348390e-04
3076 9.322139e-03 1.347172e-04
3077 9.313725e-03 1.345955e-04
3078 9.305319e-03 1.344739e-04
3079 9.296920e-03 1.343525e-04
3080 9.288528e-03 1.342311e-04
3081 9.280145e-03 1.341099e-04
3082 9.271769e-03 1.339887e-04
3083 9.263400e-03 1.338677e-04
3084 9.255039e-03 1.337468e-04
3085 9.246686e-03 1.336260e-04
3086 9.238340e-03 1.335053e-04
3087 9.230001e-03 1.333847e-04
3088 9.221671e-03 1.332642e-04
3089 9.213347e-03 1.331439e-04
3090 9.205032e-03 1.330236e-04
3091 9.196723e-03 1.329035e-04
3092 9.188423e-03 1.327834e-04
3093 9.180129e-03 1.326635e-04
3094 9.171844e-03 1.325437e-04
3095 9.163565e-03 1.324239e-04
3096 9.155295e-03 1.323043e-04
3097 9.147031e-03 1.321848e-04
3098 9.138775e-03 1.320654e-04
3099 9.130527e-03 1.319462e-04
3100 9.122286e-03 1.318270e-04
3101 9.114052e-03 1.317079e-04
3102 9.105826e-03 1.315889e-04
3103 9.097608e-03 1.314701e-04
3104 9.089396e-03 1.313513e-04
3105 9.081193e-03 1.312327e-04
3106 9.072996e-03 1.311142e-04
3107 9.064807e-03 1.309957e-04
3108 9.056626e-03 1.308774e-04
3109 9.048451e-03 1.307592e-04
3110 9.040285e-03 1.306411e-04
3111 9.032125e-03 1.305231e-04
3112 9.023973e-03 1.304052e-04
3113 9.015828e-03 1.302874e-04
3114 9.007691e-03 1.301697e-04
3115 8.999561e-03 1.300522e-04
3116 8.991438e-03 1.299347e-04
3117 8.983323e-03 1.298173e-04
3118 8.975215e-03 1.297001e-04
3119 8.967114e-03 1.295829e-04
3120 8.959021e-03 1.294659e-04
3121 8.950935e-03 1.293489e-04
3122 8.942856e-03 1.292321e-04
3123 8.934785e-03 1.291154e-04
3124 8.926720e-03 1.289988e-04
3125 8.918664e-03 1.288822e-04
3126 8.910614e-03 1.287658e-04
3127 8.902572e-03 1.286495e-04
3128 8.894537e-03 1.285333e-04
3129 8.886509e-03 1.284172e-04
3130 8.878488e-03 1.283012e-04
3131 8.870475e-03 1.281854e-04
3132 8.862469e-03 1.280696e-04
3133 8.854470e-03 1.279539e-04
3134 8.846478e-03 1.278383e-04
3135 8.838494e-03 1.277229e-04
3136 8.830517e-03 1.276075e-04
3137 8.822547e-03 1.274922e-04
3138 8.814584e-03 1.273771e-04
3139 8.806628e-03 1.272620e-04
3140 8.798680e-03 1.271471e-04
3141 8.790739e-03 1.270322e-04
3142 8.782805e-03 1.269175e-04
3143 8.774878e-03 1.268029e-04
3144 8.766958e-03 1.266883e-04
3145 8.759046e-03 1.265739e-04
3146 8.751140e-03 1.264596e-04
3147 8.743242e-03 1.263453e-04
3148 8.735351e-03 1.262312e-04
3149 8.727467e-03 1.261172e-04
3150 8.719590e-03 1.260033e-04
3151 8.711720e-03 1.258895e-04
3152 8.703857e-03 1.257758e-04
3153 8.696002e-03 1.256622e-04
3154 8.688153e-03 1.255487e-04
3155 8.680312e-03 1.254353e-04
3156 8.672477e-03 1.253220e-04
3157 8.664650e-03 1.252088e-04
3158 8.656830e-03 1.250957e-04
3159 8.649017e-03 1.249827e-04
3160 8.641211e-03 1.248698e-04
3161 8.633412e-03 1.247570e-04
3162 8.625620e-03 1.246443e-04
3163 8.617835e-03 1.245317e-04
3164 8.610057e-03 1.244193e-04
3165 8.602286e-03 1.243069e-04
3166 8.594522e-03 1.241946e-04
3167 8.586766e-03 1.240824e-04
3168 8.579016e-03 1.239703e-04
3169 8.571273e-03 1.238584e-04
3170 8.563537e-03 1.237465e-04
3171 8.555808e-03 1.236347e-04
3172 8.548087e-03 1.235230e-04
3173 8.540372e-03 1.234115e-04
3174 8.532664e-03 1.233000e-04
3175 8.524963e-03 1.231886e-04
3176 8.517269e-03 1.230774e-04
3177 8.509582e-03 1.229662e-04
3178 8.501902e-03 1.228551e-04
3179 8.494228e-03 1.227442e-04
3180 8.486562e-03 1.226333e-04
3181 8.478903e-03 1.225225e-04
3182 8.471251e-03 1.224119e-04
3183 8.463605e-03 1.223013e-04
3184 8.455966e-03 1.221908e-04
3185 8.448335e-03 1.220805e-04
3186 8.440710e-03 1.219702e-04
3187 8.433092e-03 1.218600e-04
3188 8.425481e-03 1.217499e-04
3189 8.417877e-03 1.216400e-04
3190 8.410280e-03 1.215301e-04
3191 8.402689e-03 1.214203e-04
3192 8.395106e-03 1.213107e-04
3193 8.387529e-03 1.212011e-04
3194 8.379959e-03 1.210916e-04
3195 8.372396e-03 1.209822e-04
3196 8.364840e-03 1.208730e-04
3197 8.357291e-03 1.207638e-04
3198 8.349748e-03 1.206547e-04
3199 8.342212e-03 1.205457e-04
3200 8.334683e-03 1.204368e-04
3201 8.327161e-03 1.203281e-04
3202 8.319646e-03 1.202194e-04
3203 8.312137e-03 1.201108e-04
3204 8.304636e-03 1.200023e-04
3205 8.297141e-03 1.198939e-04
3206 8.289652e-03 1.197856e-04
3207 8.282171e-03 1.196774e-04
3208 8.274696e-03 1.195693e-04
3209 8.267228e-03 1.194613e-04
3210 8.259767e-03 1.193534e-04
3211 8.252313e-03 1.192456e-04
3212 8.244865e-03 1.191379e-04
3213 8.237424e-03 1.190303e-04
3214 8.229990e-03 1.189228e-04
3215 8.222562e-03 1.188154e-04
3216 8.215141e-03 1.187080e-04
3217 8.207727e-03 1.186008e-04
3218 8.200320e-03 1.184937e-04
3219 8.192919e-03 1.183867e-04
3220 8.185525e-03 1.182797e-04
3221 8.178137e-03 1.181729e-04
3222 8.170757e-03 1.180661e-04
3223 8.163383e-03 1.179595e-04
3224 8.156015e-03 1.178530e-04
3225 8.148654e-03 1.177465e-04
3226 8.141300e-03 1.176402e-04
3227 8.133953e-03 1.175339e-04
3228 8.126612e-03 1.174277e-04
3229 8.119278e-03 1.173217e-04
3230 8.111950e-03 1.172157e-04
3231 8.104629e-03 1.171098e-04
3232 8.097315e-03 1.170040e-04
3233 8.090007e-03 1.168984e-04
3234 8.082706e-03 1.167928e-04
3235 8.075412e-03 1.166873e-04
3236 8.068124e-03 1.165819e-04
3237 8.060842e-03 1.164766e-04
3238 8.053568e-03 1.163714e-04
3239 8.046299e-03 1.162663e-04
3240 8.039038e-03 1.161612e-04
3241 8.031783e-03 1.160563e-04
3242 8.024534e-03 1.159515e-04
3243 8.017292e-03 1.158468e-04
3244 8.010057e-03 1.157421e-04
3245 8.002828e-03 1.156376e-04
3246 7.995605e-03 1.155331e-04
3247 7.988390e-03 1.154288e-04
3248 7.981180e-03 1.153245e-04
3249 7.973977e-03 1.152203e-04
3250 7.966781e-03 1.151163e-04
3251 7.959591e-03 1.150123e-04
3252 7.952408e-03 1.149084e-04
3253 7.945231e-03 1.148046e-04
3254 7.938061e-03 1.147009e-04
3255 7.930897e-03 1.145973e-04
3256 7.923739e-03 1.144938e-04
3257 7.916589e-03 1.143904e-04
3258 7.909444e-03 1.142871e-04
3259 7.902306e-03 1.141838e-04
3260 7.895174e-03 1.140807e-04
3261 7.888049e-03 1.139776e-04
3262 7.880931e-03 1.138747e-04
3263 7.873818e-03 1.137718e-04
3264 7.866712e-03 1.136691e-04
3265 7.859613e-03 1.135664e-04
3266 7.852520e-03 1.134638e-04
3267 7.845433e-03 1.133613e-04
3268 7.838353e-03 1.132589e-04
3269 7.831279e-03 1.131566e-04
3270 7.824212e-03 1.130544e-04
3271 7.817151e-03 1.129523e-04
3272 7.810096e-03 1.128503e-04
3273 7.803048e-03 1.127484e-04
3274 7.796006e-03 1.126465e-04
3275 7.788970e-03 1.125448e-04
3276 7.781941e-03 1.124431e-04
3277 7.774918e-03 1.123415e-04
3278 7.767902e-03 1.122401e-04
3279 7.760892e-03 1.121387e-04
3280 7.753888e-03 1.120374e-04
3281 7.746890e-03 1.119362e-04
3282 7.739899e-03 1.118351e-04
3283 7.732914e-03 1.117341e-04
3284 7.725936e-03 1.116332e-04
3285 7.718963e-03 1.115323e-04
3286 7.711997e-03 1.114316e-04
3287 7.705038e-03 1.113309e-04
3288 7.698084e-03 1.112304e-04
3289 7.691137e-03 1.111299e-04
3290 7.684196e-03 1.110295e-04
3291 7.677262e-03 1.109292e-04
3292 7.670333e-03 1.108290e-04
3293 7.663411e-03 1.107289e-04
3294 7.656496e-03 1.106289e-04
3295 7.649586e-03 1.105290e-04
3296 7.642683e-03 1.104291e-04
3297 7.635786e-03 1.103294e-04
3298 7.628895e-03 1.102297e-04
3299 7.622010e-03 1.101302e-04
3300 7.615132e-03 1.100307e-04
3301 7.608260e-03 1.099313e-04
3302 7.601394e-03 1.098320e-04
3303 7.594534e-03 1.097328e-04
3304 7.587680e-03 1.096337e-04
3305 7.580833e-03 1.095347e-04
3306 7.573992e-03 1.094357e-04
3307 7.567157e-03 1.093369e-04
3308 7.560328e-03 1.092381e-04
3309 7.553505e-03 1.091394e-04
3310 7.546689e-03 1.090409e-04
3311 7.539878e-03 1.089424e-04
3312 7.533074e-03 1.088440e-04
3313 7.526276e-03 1.087457e-04
3314 7.519484e-03 1.086474e-04
3315 7.512698e-03 1.085493e-04
3316 7.505919e-03 1.084512e-04
3317 7.499145e-03 1.083533e-04
3318 7.492378e-03 1.082554e-04
3319 7.485616e-03 1.081576e-04
3320 7.478861e-03 1.080599e-04
3321 7.472112e-03 1.079623e-04
3322 7.465369e-03 1.078648e-04
3323 7.458632e-03 1.077674e-04
3324 7.451901e-03 1.076700e-04
3325 7.445177e-03 1.075728e-04
3326 7.438458e-03 1.074756e-04
3327 7.431745e-03 1.073785e-04
3328 7.425039e-03 1.072816e-04
3329 7.418338e-03 1.071846e-04
3330 7.411644e-03 1.070878e-04
3331 7.404955e-03 1.069911e-04
3332 7.398273e-03 1.068945e-04
3333 7.391597e-03 1.067979e-04
3334 7.384926e-03 1.067014e-04
3335 7.378262e-03 1.066051e-04
3336 7.371604e-03 1.065088e-04
3337 7.364952e-03 1.064126e-04
3338 7.358306e-03 1.063164e-04
3339 7.351665e-03 1.062204e-04
3340 7.345031e-03 1.061245e-04
3341 7.338403e-03 1.060286e-04
3342 7.331781e-03 1.059328e-04
3343 7.325164e-03 1.058372e-04
3344 7.318554e-03 1.057416e-04
3345 7.311950e-03 1.056460e-04
3346 7.305352e-03 1.055506e-04
3347 7.298759e-03 1.054553e-04
3348 7.292173e-03 1.053600e-04
3349 7.285592e-03 1.052649e-04
3350 7.279018e-03 1.051698e-04
3351 7.272449e-03 1.050748e-04
3352 7.265887e-03 1.049799e-04
3353 7.259330e-03 1.048850e-04
3354 7.252779e-03 1.047903e-04
3355 7.246234e-03 1.046956e-04
3356 7.239695e-03 1.046011e-04
3357 7.233162e-03 1.045066e-04
3358 7.226635e-03 1.044122e-04
3359 7.220114e-03 1.043179e-04
3360 7.213598e-03 1.042237e-04
3361 7.207089e-03 1.041295e-04
3362 7.200585e-03 1.040355e-04
3363 7.194087e-03 1.039415e-04
3364 7.187595e-03 1.038476e-04
3365 7.181109e-03 1.037538e-04
3366 7.174629e-03 1.036601e-04
3367 7.168155e-03 1.035665e-04
3368 7.161687e-03 1.034729e-04
3369 7.155224e-03 1.033794e-04
3370 7.148767e-03 1.032861e-04
3371 7.142316e-03 1.031928e-04
3372 7.135871e-03 1.030996e-04
3373 7.129432e-03 1.030064e-04
3374 7.122998e-03 1.029134e-04
3375 7.116571e-03 1.028204e-04
3376 7.110149e-03 1.027276e-04
3377 7.103733e-03 1.026348e-04
3378 7.097323e-03 1.025421e-04
3379 7.090918e-03 1.024494e-04
3380 7.084519e-03 1.023569e-04
3381 7.078127e-03 1.022644e-04
3382 7.071739e-03 1.021721e-04
3383 7.065358e-03 1.020798e-04
3384 7.058982e-03 1.019876e-04
3385 7.052613e-03 1.018954e-04
3386 7.046249e-03 1.018034e-04
3387 7.039890e-03 1.017115e-04
3388 7.033538e-03 1.016196e-04
3389 7.027191e-03 1.015278e-04
3390 7.020850e-03 1.014361e-04
3391 7.014514e-03 1.013445e-04
3392 7.008185e-03 1.012529e-04
3393 7.001861e-03 1.011615e-04
3394 6.995542e-03 1.010701e-04
3395 6.989230e-03 1.009788e-04
3396 6.982923e-03 1.008876e-04
3397 6.976622e-03 1.007965e-04
3398 6.970326e-03 1.007054e-04
3399 6.964037e-03 1.006144e-04
3400 6.957753e-03 1.005236e-04
3401 6.951474e-03 1.004328e-04
3402 6.945202e-03 1.003420e-04
3403 6.938934e-03 1.002514e-04
3404 6.932673e-03 1.001608e-04
3405 6.926417e-03 1.000704e-04
3406 6.920167e-03 9.997999e-05
3407 6.913923e-03 9.988968e-05
3408 6.907684e-03 9.979945e-05
3409 6.901451e-03 9.970930e-05
3410 6.895223e-03 9.961924e-05
3411 6.889001e-03 9.952926e-05
3412 6.882785e-03 9.943935e-05
3413 6.876574e-03 9.934953e-05
3414 6.870369e-03 9.925979e-05
3415 6.864170e-03 9.917013e-05
3416 6.857976e-03 9.908056e-05
3417 6.851788e-03 9.899106e-05
3418 6.845605e-03 9.890164e-05
3419 6.839428e-03 9.881231e-05
3420 6.833256e-03 9.872305e-05
3421 6.827090e-03 9.863388e-05
3422 6.820930e-03 9.854479e-05
3423 6.814775e-03 9.845577e-05
3424 6.808626e-03 9.836684e-05
3425 6.802482e-03 9.827799e-05
3426 6.796344e-03 9.818922e-05
3427 6.790212e-03 9.810053e-05
3428 6.784085e-03 9.801191e-05
3429 6.777963e-03 9.792338e-05
3430 6.771847e-03 9.783493e-05
3431 6.765737e-03 9.774656e-05
3432 6.759632e-03 9.765827e-05
3433 6.753532e-03 9.757005e-05
3434 6.747438e-03 9.748192e-05
3435 6.741350e-03 9.739387e-05
3436 6.735267e-03 9.730589e-05
3437 6.729189e-03 9.721800e-05
3438 6.723117e-03 9.713019e-05
3439 6.717051e-03 9.704245e-05
3440 6.710990e-03 9.695479e-05
3441 6.704935e-03 9.686722e-05
3442 6.698885e-03 9.677972e-05
3443 6.692840e-03 9.669230e-05
3444 6.686801e-03 9.660496e-05
3445 6.680767e-03 9.651770e-05
3446 6.674739e-03 9.643052e-05
3447 6.668716e-03 9.634341e-05
3448 6.662699e-03 9.625639e-05
3449 6.656687e-03 9.616944e-05
3450 6.650681e-03 9.608258e-05
3451 6.644680e-03 9.599579e-05
3452 6.638684e-03 9.590908e-05
3453 6.632694e-03 9.582244e-05
3454 6.626709e-03 9.573589e-05
3455 6.620730e-03 9.564941e-05
3456 6.614756e-03 9.556301e-05
3457 6.608787e-03 9.547669e-05
3458 6.602824e-03 9.539045e-05
3459 6.596866e-03 9.530429e-05
3460 6.590914e-03 9.521820e-05
3461 6.584967e-03 9.513219e-05
3462 6.579025e-03 9.504626e-05
3463 6.573089e-03 9.496041e-05
3464 6.567158e-03 9.487463e-05
3465 6.561232e-03 9.478894e-05
3466 6.555312e-03 9.470331e-05
3467 6.549397e-03 9.461777e-05
3468 6.543488e-03 9.453230e-05
3469 6.537583e-03 9.444692e-05
3470 6.531684e-03 9.436160e-05
3471 6.525791e-03 9.427637e-05
3472 6.519903e-03 9.419121e-05
3473 6.514020e-03 9.410613e-05
3474 6.508142e-03 9.402113e-05
3475 6.502270e-03 9.393620e-05
3476 6.496403e-03 9.385135e-05
3477 6.490541e-03 9.376657e-05
3478 6.484685e-03 9.368188e-05
3479 6.478834e-03 9.359725e-05
3480 6.472988e-03 9.351271e-05
3481 6.467148e-03 9.342824e-05
3482 6.461312e-03 9.334385e-05
3483 6.455482e-03 9.325953e-05
3484 6.449658e-03 9.317529e-05
3485 6.443838e-03 9.309113e-05
3486 6.438024e-03 9.300704e-05
3487 6.432215e-03 9.292303e-05
3488 6.426411e-03 9.283910e-05
3489 6.420613e-03 9.275524e-05
3490 6.414820e-03 9.267145e-05
3491 6.409032e-03 9.258774e-05
3492 6.403249e-03 9.250411e-05
3493 6.397472e-03 9.242055e-05
3494 6.391699e-03 9.233707e-05
3495 6.385932e-03 9.225367e-05
3496 6.380170e-03 9.217033e-05
3497 6.374414e-03 9.208708e-05
3498 6.368662e-03 9.200390e-05
3499 6.362916e-03 9.192079e-05
3500 6.357175e-03 9.183776e-05
3501 6.351439e-03 9.175481e-05
3502 6.345708e-03 9.167193e-05
3503 6.339983e-03 9.158912e-05
3504 6.334262e-03 9.150639e-05
3505 6.328547e-03 9.142373e-05
3506 6.322837e-03 9.134115e-05
3507 6.317132e-03 9.125864e-05
3508 6.311432e-03 9.117621e-05
3509 6.305738e-03 9.109385e-05
3510 6.300048e-03 9.101157e-05
3511 6.294364e-03 9.092936e-05
3512 6.288685e-03 9.084722e-05
3513 6.283011e-03 9.076516e-05
3514 6.277342e-03 9.068318e-05
3515 6.271678e-03 9.060126e-05
3516 6.266019e-03 9.051943e-05
3517 6.260366e-03 9.043766e-05
3518 6.254717e-03 9.035597e-05
3519 6.249074e-03 9.027435e-05
3520 6.243436e-03 9.019281e-05
3521 6.237803e-03 9.011134e-05
3522 6.232175e-03 9.002994e-05
3523 6.226552e-03 8.994862e-05
3524 6.220934e-03 8.986737e-05
3525 6.215321e-03 8.978619e-05
3526 6.209713e-03 8.970509e-05
3527 6.204110e-03 8.962406e-05
3528 6.198513e-03 8.954311e-05
3529 6.192920e-03 8.946222e-05
3530 6.187333e-03 8.938141e-05
3531 6.181750e-03 8.930068e-05
3532 6.176173e-03 8.922001e-05
3533 6.170600e-03 8.913942e-05
3534 6.165033e-03 8.905890e-05
3535 6.159471e-03 8.897846e-05
3536 6.153913e-03 8.889808e-05
3537 6.148361e-03 8.881778e-05
3538 6.142814e-03 8.873755e-05
3539 6.137271e-03 8.865740e-05
3540 6.131734e-03 8.857732e-05
3541 6.126202e-03 8.849731e-05
3542 6.120675e-03 8.841737e-05
3543 6.115152e-03 8.833750e-05
3544 6.109635e-03 8.825771e-05
3545 6.104123e-03 8.817798e-05
3546 6.098615e-03 8.809833e-05
3547 6.093113e-03 8.801876e-05
3548 6.087616e-03 8.793925e-05
3549 6.082123e-03 8.785981e-05
3550 6.076636e-03 8.778045e-05
3551 6.071153e-03 8.770116e-05
3552 6.065676e-03 8.762194e-05
3553 6.060203e-03 8.754279e-05
3554 6.054736e-03 8.746372e-05
3555 6.049273e-03 8.738471e-05
3556 6.043815e-03 8.730578e-05
3557 6.038362e-03 8.722691e-05
3558 6.032914e-03 8.714812e-05
3559 6.027471e-03 8.706940e-05
3560 6.022033e-03 8.699075e-05
3561 6.016600e-03 8.691218e-05
3562 6.011172e-03 8.683367e-05
3563 6.005748e-03 8.675523e-05
3564 6.000330e-03 8.667687e-05
3565 5.994916e-03 8.659857e-05
3566 5.989508e-03 8.652035e-05
3567 5.984104e-03 8.644220e-05
3568 5.978705e-03 8.636411e-05
3569 5.973311e-03 8.628610e-05
3570 5.967922e-03 8.620816e-05
3571 5.962538e-03 8.613029e-05
3572 5.957158e-03 8.605249e-05
3573 5.951784e-03 8.597476e-05
3574 5.946414e-03 8.589710e-05
3575 5.941049e-03 8.581951e-05
3576 5.935689e-03 8.574199e-05
3577 5.930334e-03 8.566454e-05
3578 5.924984e-03 8.558716e-05
3579 5.919638e-03 8.550985e-05
3580 5.914297e-03 8.543261e-05
3581 5.908961e-03 8.535544e-05
3582 5.903630e-03 8.527834e-05
3583 5.898304e-03 8.520130e-05
3584 5.892983e-03 8.512434e-05
3585 5.887666e-03 8.504745e-05
3586 5.882354e-03 8.497063e-05
3587 5.877047e-03 8.489387e-05
3588 5.871745e-03 8.481719e-05
3589 5.866448e-03 8.474058e-05
3590 5.861155e-03 8.466403e-05
3591 5.855867e-03 8.458755e-05
3592 5.850584e-03 8.451115e-05
3593 5.845306e-03 8.443481e-05
3594 5.840032e-03 8.435854e-05
3595 5.834764e-03 8.428234e-05
3596 5.829500e-03 8.420621e-05
3597 5.824240e-03 8.413014e-05
3598 5.818986e-03 8.405415e-05
3599 5.813736e-03 8.397822e-05
3600 5.808491e-03 8.390237e-05
3601 5.803251e-03 8.382658e-05
3602 5.798015e-03 8.375086e-05
3603 5.792785e-03 8.367520e-05
3604 5.787558e-03 8.359962e-05
3605 5.782337e-03 8.352411e-05
3606 5.777120e-03 8.344866e-05
3607 5.771908e-03 8.337328e-05
3608 5.766701e-03 8.329797e-05
3609 5.761499e-03 8.322273e-05
3610 5.756301e-03 8.314755e-05
3611 5.751108e-03 8.307245e-05
3612 5.745919e-03 8.299741e-05
3613 5.740736e-03 8.292243e-05
3614 5.735557e-03 8.284753e-05
3615 5.730382e-03 8.277270e-05
3616 5.725212e-03 8.269793e-05
3617 5.720047e-03 8.262323e-05
3618 5.714887e-03 8.254859e-05
3619 5.709731e-03 8.247403e-05
3620 5.704580e-03 8.239953e-05
3621 5.699434e-03 8.232510e-05
3622 5.694292e-03 8.225073e-05
3623 5.689155e-03 8.217644e-05
3624 5.684022e-03 8.210221e-05
3625 5.678895e-03 8.202804e-05
3626 5.673771e-03 8.195395e-05
3627 5.668653e-03 8.187992e-05
3628 5.663539e-03 8.180596e-05
3629 5.658429e-03 8.173206e-05
3630 5.653325e-03 8.165823e-05
3631 5.648225e-03 8.158447e-05
3632 5.643129e-03 8.151078e-05
3633 5.638038e-03 8.143715e-05
3634 5.632952e-03 8.136359e-05
3635 5.627870e-03 8.129009e-05
3636 5.622793e-03 8.121666e-05
3637 5.617721e-03 8.114330e-05
3638 5.612653e-03 8.107000e-05
3639 5.607589e-03 8.099677e-05
3640 5.602530e-03 8.092361e-05
3641 5.597476e-03 8.085051e-05
3642 5.592427e-03 8.077748e-05
3643 5.587381e-03 8.070451e-05
3644 5.582341e-03 8.063161e-05
3645 5.577305e-03 8.055877e-05
3646 5.572273e-03 8.048601e-05
3647 5.567247e-03 8.041330e-05
3648 5.562224e-03 8.034067e-05
3649 5.557206e-03 8.026809e-05
3650 5.552193e-03 8.019559e-05
3651 5.547184e-03 8.012315e-05
3652 5.542180e-03 8.005077e-05
3653 5.537180e-03 7.997846e-05
3654 5.532185e-03 7.990622e-05
3655 5.527195e-03 7.983404e-05
3656 5.522208e-03 7.976192e-05
3657 5.517227e-03 7.968987e-05
3658 5.512250e-03 7.961789e-05
3659 5.507277e-03 7.954597e-05
3660 5.502309e-03 7.947412e-05
3661 5.497345e-03 7.940233e-05
3662 5.492386e-03 7.933060e-05
3663 5.487431e-03 7.925894e-05
3664 5.482481e-03 7.918735e-05
3665 5.477535e-03 7.911582e-05
3666 5.472594e-03 7.904435e-05
3667 5.467657e-03 7.897295e-05
3668 5.462724e-03 7.890162e-05
3669 5.457796e-03 7.883034e-05
3670 5.452873e-03 7.875914e-05
3671 5.447954e-03 7.868799e-05
3672 5.443039e-03 7.861691e-05
3673 5.438129e-03 7.854590e-05
3674 5.433223e-03 7.847495e-05
3675 5.428322e-03 7.840406e-05
3676 5.423425e-03 7.833324e-05
3677 5.418533e-03 7.826248e-05
3678 5.413645e-03 7.819179e-05
3679 5.408761e-03 7.812115e-05
3680 5.403882e-03 7.805059e-05
3681 5.399007e-03 7.798008e-05
3682 5.394137e-03 7.790964e-05
3683 5.389271e-03 7.783927e-05
3684 5.384409e-03 7.776896e-05
3685 5.379552e-03 7.769871e-05
3686 5.374699e-03 7.762852e-05
3687 5.369851e-03 7.755840e-05
3688 5.365007e-03 7.748834e-05
3689 5.360167e-03 7.741834e-05
3690 5.355332e-03 7.734841e-05
3691 5.350501e-03 7.727854e-05
3692 5.345674e-03 7.720874e-05
3693 5.340852e-03 7.713899e-05
3694 5.336034e-03 7.706931e-05
3695 5.331221e-03 7.699970e-05
3696 5.326412e-03 7.693014e-05
3697 5.321607e-03 7.686065e-05
3698 5.316806e-03 7.679122e-05
3699 5.312010e-03 7.672186e-05
3700 5.307219e-03 7.665255e-05
3701 5.302431e-03 7.658331e-05
3702 5.297648e-03 7.651413e-05
3703 5.292869e-03 7.644502e-05
3704 5.288095e-03 7.637596e-05
3705 5.283324e-03 7.630697e-05
3706 5.278559e-03 7.623805e-05
3707 5.273797e-03 7.616918e-05
3708 5.269040e-03 7.610037e-05
3709 5.264287e-03 7.603163e-05
3710 5.259538e-03 7.596295e-05
3711 5.254794e-03 7.589433e-05
3712 5.250054e-03 7.582578e-05
3713 5.245318e-03 7.575728e-05
3714 5.240586e-03 7.568885e-05
3715 5.235859e-03 7.562048e-05
3716 5.231136e-03 7.555217e-05
3717 5.226417e-03 7.548393e-05
3718 5.221703e-03 7.541574e-05
3719 5.216992e-03 7.534762e-05
3720 5.212286e-03 7.527956e-05
3721 5.207585e-03 7.521156e-05
3722 5.202887e-03 7.514362e-05
3723 5.198194e-03 7.507574e-05
3724 5.193505e-03 7.500792e-05
3725 5.188820e-03 7.494017e-05
3726 5.184140e-03 7.487247e-05
3727 5.179464e-03 7.480484e-05
3728 5.174791e-03 7.473727e-05
3729 5.170124e-03 7.466976e-05
3730 5.165460e-03 7.460231e-05
3731 5.160801e-03 7.453492e-05
3732 5.156145e-03 7.446759e-05
3733 5.151494e-03 7.440032e-05
3734 5.146848e-03 7.433312e-05
3735 5.142205e-03 7.426597e-05
3736 5.137567e-03 7.419888e-05
3737 5.132932e-03 7.413186e-05
3738 5.128302e-03 7.406490e-05
3739 5.123677e-03 7.399799e-05
3740 5.119055e-03 7.393115e-05
3741 5.114437e-03 7.386437e-05
3742 5.109824e-03 7.379764e-05
3743 5.105215e-03 7.373098e-05
3744 5.100610e-03 7.366438e-05
3745 5.096009e-03 7.359784e-05
3746 5.091412e-03 7.353136e-05
3747 5.086820e-03 7.346493e-05
3748 5.082231e-03 7.339857e-05
3749 5.077647e-03 7.333227e-05
3750 5.073067e-03 7.326603e-05
3751 5.068491e-03 7.319985e-05
3752 5.063919e-03 7.313372e-05
3753 5.059352e-03 7.306766e-05
3754 5.054788e-03 7.300166e-05
3755 5.050229e-03 7.293572e-05
3756 5.045673e-03 7.286983e-05
3757 5.041122e-03 7.280401e-05
3758 5.036575e-03 7.273824e-05
3759 5.032032e-03 7.267254e-05
3760 5.027493e-03 7.260689e-05
3761 5.022958e-03 7.254130e-05
3762 5.018428e-03 7.247578e-05
3763 5.013901e-03 7.241031e-05
3764 5.009379e-03 7.234490e-05
3765 5.004860e-03 7.227955e-05
3766 5.000346e-03 7.221426e-05
3767 4.995836e-03 7.214903e-05
3768 4.991329e-03 7.208385e-05
3769 4.986827e-03 7.201874e-05
3770 4.982329e-03 7.195368e-05
3771 4.977835e-03 7.188869e-05
3772 4.973345e-03 7.182375e-05
3773 4.968860e-03 7.175887e-05
3774 4.964378e-03 7.169405e-05
3775 4.959900e-03 7.162929e-05
3776 4.955426e-03 7.156458e-05
3777 4.950957e-03 7.149994e-05
3778 4.946491e-03 7.143535e-05
3779 4.942029e-03 7.137082e-05
3780 4.937572e-03 7.130635e-05
3781 4.933118e-03 7.124194e-05
3782 4.928669e-03 7.117759e-05
3783 4.924223e-03 7.111329e-05
3784 4.919782e-03 7.104905e-05
3785 4.915344e-03 7.098487e-05
3786 4.910911e-03 7.092075e-05
3787 4.906481e-03 7.085669e-05
3788 4.902056e-03 7.079268e-05
3789 4.897634e-03 7.072873e-05
3790 4.893217e-03 7.066484e-05
3791 4.888803e-03 7.060101e-05
3792 4.884394e-03 7.053723e-05
3793 4.879988e-03 7.047352e-05
3794 4.875587e-03 7.040986e-05
3795 4.871189e-03 7.034625e-05
3796 4.866796e-03 7.028271e-05
3797 4.862406e-03 7.021922e-05
3798 4.858020e-03 7.015579e-05
3799 4.853639e-03 7.009242e-05
3800 4.849261e-03 7.002910e-05
3801 4.844887e-03 6.996585e-05
3802 4.840517e-03 6.990264e-05
3803 4.836151e-03 6.983950e-05
3804 4.831790e-03 6.977641e-05
3805 4.827432e-03 6.971338e-05
3806 4.823077e-03 6.965041e-05
3807 4.818727e-03 6.958749e-05
3808 4.814381e-03 6.952463e-05
3809 4.810039e-03 6.946183e-05
3810 4.805701e-03 6.939908e-05
3811 4.801366e-03 6.933639e-05
3812 4.797036e-03 6.927376e-05
3813 4.792709e-03 6.921119e-05
3814 4.788386e-03 6.914867e-05
3815 4.784068e-03 6.908620e-05
3816 4.779753e-03 6.902380e-05
3817 4.775442e-03 6.896145e-05
3818 4.771135e-03 6.889915e-05
3819 4.766831e-03 6.883691e-05
3820 4.762532e-03 6.877473e-05
3821 4.758237e-03 6.871261e-05
3822 4.753945e-03 6.865054e-05
3823 4.749657e-03 6.858852e-05
3824 4.745374e-03 6.852657e-05
3825 4.741094e-03 6.846466e-05
3826 4.736818e-03 6.840282e-05
3827 4.732545e-03 6.834103e-05
3828 4.728277e-03 6.827930e-05
3829 4.724013e-03 6.821762e-05
3830 4.719752e-03 6.815600e-05
3831 4.715495e-03 6.809443e-05
3832 4.711242e-03 6.803292e-05
3833 4.706993e-03 6.797146e-05
3834 4.702748e-03 6.791006e-05
3835 4.698506e-03 6.784872e-05
3836 4.694269e-03 6.778743e-05
3837 4.690035e-03 6.772619e-05
3838 4.685805e-03 6.766502e-05
3839 4.681579e-03 6.760389e-05
3840 4.677357e-03 6.754283e-05
3841 4.673138e-03 6.748181e-05
3842 4.668923e-03 6.742085e-05
3843 4.664713e-03 6.735995e-05
3844 4.660506e-03 6.729910e-05
3845 4.656302e-03 6.723831e-05
3846 4.652103e-03 6.717757e-05
3847 4.647907e-03 6.711689e-05
3848 4.643715e-03 6.705626e-05
3849 4.639527e-03 6.699569e-05
3850 4.635343e-03 6.693517e-05
3851 4.631162e-03 6.687471e-05
3852 4.626986e-03 6.681430e-05
3853 4.622813e-03 6.675394e-05
3854 4.618643e-03 6.669364e-05
3855 4.614478e-03 6.663340e-05
3856 4.610316e-03 6.657320e-05
3857 4.606158e-03 6.651307e-05
3858 4.602004e-03 6.645298e-05
3859 4.597854e-03 6.639296e-05
3860 4.593707e-03 6.633298e-05
3861 4.589564e-03 6.627306e-05
3862 4.585425e-03 6.621320e-05
3863 4.581289e-03 6.615338e-05
3864 4.577158e-03 6.609363e-05
3865 4.573030e-03 6.603392e-05
3866 4.568906e-03 6.597427e-05
3867 4.564785e-03 6.591468e-05
3868 4.560668e-03 6.585513e-05
3869 4.556555e-03 6.579565e-05
3870 4.552446e-03 6.573621e-05
3871 4.548340e-03 6.567683e-05
3872 4.544238e-03 6.561750e-05
3873 4.540140e-03 6.555823e-05
3874 4.536045e-03 6.549901e-05
3875 4.531955e-03 6.543984e-05
3876 4.527867e-03 6.538073e-05
3877 4.523784e-03 6.532167e-05
3878 4.519704e-03 6.526266e-05
3879 4.515628e-03 6.520371e-05
3880 4.511556e-03 6.514481e-05
3881 4.507487e-03 6.508596e-05
3882 4.503422e-03 6.502717e-05
3883 4.499361e-03 6.496843e-05
3884 4.495303e-03 6.490974e-05
3885 4.491249e-03 6.485110e-05
3886 4.487199e-03 6.479252e-05
3887 4.483152e-03 6.473399e-05
3888 4.479109e-03 6.467552e-05
3889 4.475069e-03 6.461709e-05
3890 4.471034e-03 6.455872e-05
3891 4.467002e-03 6.450041e-05
3892 4.462973e-03 6.444214e-05
3893 4.458948e-03 6.438393e-05
3894 4.454927e-03 6.432577e-05
3895 4.450910e-03 6.426766e-05
3896 4.446896e-03 6.420961e-05
3897 4.442885e-03 6.415161e-05
3898 4.438879e-03 6.409366e-05
3899 4.434876e-03 6.403576e-05
3900 4.430876e-03 6.397791e-05
3901 4.426880e-03 6.392012e-05
3902 4.422888e-03 6.386238e-05
3903 4.418899e-03 6.380469e-05
3904 4.414914e-03 6.374705e-05
3905 4.410933e-03 6.368947e-05
3906 4.406955e-03 6.363194e-05
3907 4.402981e-03 6.357446e-05
3908 4.399010e-03 6.351703e-05
3909 4.395043e-03 6.345965e-05
3910 4.391080e-03 6.340233e-05
3911 4.387120e-03 6.334505e-05
3912 4.383164e-03 6.328783e-05
3913 4.379211e-03 6.323066e-05
3914 4.375262e-03 6.317354e-05
3915 4.371316e-03 6.311648e-05
3916 4.367374e-03 6.305946e-05
3917 4.363436e-03 6.300250e-05
3918 4.359501e-03 6.294559e-05
3919 4.355569e-03 6.288873e-05
3920 4.351642e-03 6.283192e-05
3921 4.347717e-03 6.277516e-05
3922 4.343797e-03 6.271845e-05
3923 4.339880e-03 6.266180e-05
3924 4.335966e-03 6.260519e-05
3925 4.332056e-03 6.254864e-05
3926 4.328149e-03 6.249214e-05
3927 4.324246e-03 6.243569e-05
3928 4.320347e-03 6.237929e-05
3929 4.316451e-03 6.232294e-05
3930 4.312558e-03 6.226664e-05
3931 4.308669e-03 6.221039e-05
3932 4.304784e-03 6.215420e-05
3933 4.300902e-03 6.209805e-05
3934 4.297024e-03 6.204196e-05
3935 4.293149e-03 6.198591e-05
3936 4.289277e-03 6.192992e-05
3937 4.285409e-03 6.187398e-05
3938 4.281545e-03 6.181808e-05
3939 4.277684e-03 6.176224e-05
3940 4.273827e-03 6.170645e-05
3941 4.269973e-03 6.165071e-05
3942 4.266122e-03 6.159502e-05
3943 4.262275e-03 6.153938e-05
3944 4.258432e-03 6.148379e-05
3945 4.254592e-03 6.142825e-05
3946 4.250755e-03 6.137276e-05
3947 4.246922e-03 6.131732e-05
3948 4.243092e-03 6.126193e-05
3949 4.239266e-03 6.120659e-05
3950 4.235443e-03 6.115130e-05
3951 4.231624e-03 6.109606e-05
3952 4.227808e-03 6.104087e-05
3953 4.223996e-03 6.098573e-05
3954 4.220187e-03 6.093064e-05
3955 4.216381e-03 6.087559e-05
3956 4.212579e-03 6.082060e-05
3957 4.208781e-03 6.076566e-05
3958 4.204985e-03 6.071077e-05
3959 4.201194e-03 6.065593e-05
3960 4.197405e-03 6.060114e-05
3961 4.193620e-03 6.054639e-05
3962 4.189839e-03 6.049170e-05
3963 4.186061e-03 6.043706e-05
3964 4.182286e-03 6.038246e-05
3965 4.178515e-03 6.032792e-05
3966 4.174747e-03 6.027342e-05
3967 4.170983e-03 6.021897e-05
3968 4.167222e-03 6.016458e-05
3969 4.163464e-03 6.011023e-05
3970 4.159710e-03 6.005593e-05
3971 4.155959e-03 6.000168e-05
3972 4.152211e-03 5.994747e-05
3973 4.148467e-03 5.989332e-05
3974 4.144726e-03 5.983922e-05
3975 4.140989e-03 5.978516e-05
3976 4.137255e-03 5.973116e-05
3977 4.133525e-03 5.967720e-05
3978 4.129797e-03 5.962329e-05
3979 4.126074e-03 5.956943e-05
3980 4.122353e-03 5.951562e-05
3981 4.118636e-03 5.946186e-05
3982 4.114922e-03 5.940815e-05
3983 4.111212e-03 5.935448e-05
3984 4.107505e-03 5.930086e-05
3985 4.103801e-03 5.924729e-05
3986 4.100101e-03 5.919377e-05
3987 4.096404e-03 5.914030e-05
3988 4.092710e-03 5.908688e-05
3989 4.089020e-03 5.903350e-05
3990 4.085333e-03 5.898018e-05
3991 4.081649e-03 5.892690e-05
3992 4.077969e-03 5.887367e-05
3993 4.074292e-03 5.882048e-05
3994 4.070618e-03 5.876735e-05
3995 4.066947e-03 5.871426e-05
3996 4.063280e-03 5.866122e-05
3997 4.059617e-03 5.860823e-05
3998 4.055956e-03 5.855529e-05
3999 4.052299e-03 5.850240e-05
4000 4.048645e-03 5.844955e-05
4001 4.044995e-03 5.839675e-05
4002 4.041347e-03 5.834400e-05
4003 4.037703e-03 5.829129e-05
4004 4.034063e-03 5.823864e-05
4005 4.030425e-03 5.818603e-05
4006 4.026791e-03 5.813347e-05
4007 4.023161e-03 5.808095e-05
4008 4.019533e-03 5.802848e-05
4009 4.015909e-03 5.797607e-05
4010 4.012288e-03 5.792369e-05
4011 4.008670e-03 5.787137e-05
4012 4.005056e-03 5.781909e-05
4013 4.001445e-03 5.776686e-05
4014 3.997837e-03 5.771468e-05
4015 3.994232e-03 5.766254e-05
4016 3.990631e-03 5.761045e-05
4017 3.987033e-03 5.755841e-05
4018 3.983438e-03 5.750642e-05
4019 3.979846e-03 5.745447e-05
4020 3.976258e-03 5.740257e-05
4021 3.972673e-03 5.735071e-05
4022 3.969091e-03 5.729891e-05
4023 3.965512e-03 5.724715e-05
4024 3.961937e-03 5.719543e-05
4025 3.958364e-03 5.714377e-05
4026 3.954795e-03 5.709215e-05
4027 3.951230e-03 5.704057e-05
4028 3.947667e-03 5.698905e-05
4029 3.944108e-03 5.693757e-05
4030 3.940552e-03 5.688613e-05
4031 3.936999e-03 5.683474e-05
4032 3.933449e-03 5.678340e-05
4033 3.929903e-03 5.673211e-05
4034 3.926359e-03 5.668086e-05
4035 3.922819e-03 5.662966e-05
4036 3.919282e-03 5.657850e-05
4037 3.915749e-03 5.652739e-05
4038 3.912218e-03 5.647633e-05
4039 3.908691e-03 5.642531e-05
4040 3.905167e-03 5.637434e-05
4041 3.901646e-03 5.632342e-05
4042 3.898128e-03 5.627254e-05
4043 3.894614e-03 5.622170e-05
4044 3.891102e-03 5.617092e-05
4045 3.887594e-03 5.612018e-05
4046 3.884089e-03 5.606948e-05
4047 3.880587e-03 5.601883e-05
4048 3.877088e-03 5.596823e-05
4049 3.873593e-03 5.591767e-05
4050 3.870100e-03 5.586715e-05
4051 3.866611e-03 5.581669e-05
4052 3.863125e-03 5.576627e-05
4053 3.859642e-03 5.571589e-05
4054 3.856162e-03 5.566556e-05
4055 3.852686e-03 5.561528e-05
4056 3.849212e-03 5.556504e-05
4057 3.845742e-03 5.551484e-05
4058 3.842275e-03 5.546469e-05
4059 3.838811e-03 5.541459e-05
4060 3.835350e-03 5.536453e-05
4061 3.831892e-03 5.531452e-05
4062 3.828437e-03 5.526455e-05
4063 3.824985e-03 5.521463e-05
4064 3.821537e-03 5.516475e-05
4065 3.818091e-03 5.511492e-05
4066 3.814649e-03 5.506513e-05
4067 3.811210e-03 5.501539e-05
4068 3.807774e-03 5.496569e-05
4069 3.804341e-03 5.491604e-05
4070 3.800911e-03 5.486643e-05
4071 3.797485e-03 5.481686e-05
4072 3.794061e-03 5.476735e-05
4073 3.790640e-03 5.471787e-05
4074 3.787223e-03 5.466844e-05
4075 3.783809e-03 5.461906e-05
4076 3.780397e-03 5.456972e-05
4077 3.776989e-03 5.452042e-05
4078 3.773584e-03 5.447117e-05
4079 3.770182e-03 5.442197e-05
4080 3.766783e-03 5.437281e-05
4081 3.763387e-03 5.432369e-05
4082 3.759994e-03 5.427462e-05
4083 3.756604e-03 5.422559e-05
4084 3.753218e-03 5.417660e-05
4085 3.749834e-03 5.412766e-05
4086 3.746453e-03 5.407877e-05
4087 3.743076e-03 5.402992e-05
4088 3.739701e-03 5.398111e-05
4089 3.736330e-03 5.393234e-05
4090 3.732962e-03 5.388362e-05
4091 3.729596e-03 5.383495e-05
4092 3.726234e-03 5.378632e-05
4093 3.722875e-03 5.373773e-05
4094 3.719518e-03 5.368919e-05
4095 3.716165e-03 5.364069e-05
4096 3.712815e-03 5.359223e-05
4097 3.709468e-03 5.354382e-05
4098 3.706124e-03 5.349545e-05
4099 3.702783e-03 5.344713e-05
4100 3.699444e-03 5.339884e-05
4101 3.696109e-03 5.335061e-05
4102 3.692777e-03 5.330241e-05
4103 3.689448e-03 5.325426e-05
4104 3.686122e-03 5.320616e-05
4105 3.682799e-03 5.315809e-05
4106 3.679479e-03 5.311007e-05
4107 3.676162e-03 5.306209e-05
4108 3.672848e-03 5.301416e-05
4109 3.669537e-03 5.296627e-05
4110 3.666229e-03 5.291842e-05
4111 3.662924e-03 5.287062e-05
4112 3.659622e-03 5.282286e-05
4113 3.656323e-03 5.277514e-05
4114 3.653027e-03 5.272747e-05
4115 3.649733e-03 5.267984e-05
4116 3.646443e-03 5.263225e-05
4117 3.643156e-03 5.258470e-05
4118 3.639872e-03 5.253720e-05
4119 3.636591e-03 5.248974e-05
4120 3.633312e-03 5.244233e-05
4121 3.630037e-03 5.239495e-05
4122 3.626765e-03 5.234762e-05
4123 3.623495e-03 5.230033e-05
4124 3.620229e-03 5.225309e-05
4125 3.616965e-03 5.220589e-05
4126 3.613705e-03 5.215873e-05
4127 3.610447e-03 5.211161e-05
4128 3.607192e-03 5.206453e-05
4129 3.603941e-03 5.201750e-05
4130 3.600692e-03 5.197051e-05
4131 3.597446e-03 5.192356e-05
4132 3.594203e-03 5.187666e-05
4133 3.590963e-03 5.182980e-05
4134 3.587726e-03 5.178298e-05
4135 3.584492e-03 5.173620e-05
4136 3.581261e-03 5.168946e-05
4137 3.578032e-03 5.164277e-05
4138 3.574807e-03 5.159612e-05
4139 3.571584e-03 5.154951e-05
4140 3.568365e-03 5.150294e-05
4141 3.565148e-03 5.145642e-05
4142 3.561935e-03 5.140993e-05
4143 3.558724e-03 5.136349e-05
4144 3.555516e-03 5.131709e-05
4145 3.552311e-03 5.127074e-05
4146 3.549109e-03 5.122442e-05
4147 3.545909e-03 5.117815e-05
4148 3.542713e-03 5.113192e-05
4149 3.539519e-03 5.108573e-05
4150 3.536329e-03 5.103958e-05
4151 3.533141e-03 5.099347e-05
4152 3.529956e-03 5.094741e-05
4153 3.526774e-03 5.090138e-05
4154 3.523595e-03 5.085540e-05
4155 3.520419e-03 5.080946e-05
4156 3.517246e-03 5.076356e-05
4157 3.514075e-03 5.071770e-05
4158 3.510908e-03 5.067189e-05
4159 3.507743e-03 5.062611e-05
4160 3.504581e-03 5.058038e-05
4161 3.501422e-03 5.053469e-05
4162 3.498266e-03 5.048904e-05
4163 3.495112e-03 5.044343e-05
4164 3.491962e-03 5.039786e-05
4165 3.488814e-03 5.035234e-05
4166 3.485669e-03 5.030685e-05
4167 3.482528e-03 5.026140e-05
4168 3.479388e-03 5.021600e-05
4169 3.476252e-03 5.017064e-05
4170 3.473119e-03 5.012532e-05
4171 3.469988e-03 5.008004e-05
4172 3.466860e-03 5.003480e-05
4173 3.463735e-03 4.998960e-05
4174 3.460613e-03 4.994444e-05
4175 3.457494e-03 4.989932e-05
4176 3.454377e-03 4.985425e-05
4177 3.451264e-03 4.980921e-05
4178 3.448153e-03 4.976421e-05
4179 3.445045e-03 4.971926e-05
4180 3.441940e-03 4.967435e-05
4181 3.438837e-03 4.962947e-05
4182 3.435737e-03 4.958464e-05
4183 3.432641e-03 4.953985e-05
4184 3.429547e-03 4.949510e-05
4185 3.426455e-03 4.945038e-05
4186 3.423367e-03 4.940571e-05
4187 3.420281e-03 4.936108e-05
4188 3.417198e-03 4.931649e-05
4189 3.414118e-03 4.927194e-05
4190 3.411041e-03 4.922743e-05
4191 3.407966e-03 4.918296e-05
4192 3.404895e-03 4.913853e-05
4193 3.401826e-03 4.909414e-05
4194 3.398759e-03 4.904979e-05
4195 3.395696e-03 4.900548e-05
4196 3.392635e-03 4.896122e-05
4197 3.389577e-03 4.891699e-05
4198 3.386522e-03 4.887280e-05
4199 3.383470e-03 4.882865e-05
4200 3.380420e-03 4.878454e-05
4201 3.377373e-03 4.874047e-05
4202 3.374329e-03 4.869644e-05
4203 3.371288e-03 4.865245e-05
4204 3.368249e-03 4.860850e-05
4205 3.365213e-03 4.856459e-05
4206 3.362180e-03 4.852072e-05
4207 3.359150e-03 4.847688e-05
4208 3.356122e-03 4.843309e-05
4209 3.353097e-03 4.838934e-05
4210 3.350075e-03 4.834563e-05
4211 3.347056e-03 4.830196e-05
4212 3.344039e-03 4.825832e-05
4213 3.341025e-03 4.821473e-05
4214 3.338014e-03 4.817117e-05
4215 3.335005e-03 4.812766e-05
4216 3.331999e-03 4.808418e-05
4217 3.328996e-03 4.804074e-05
4218 3.325996e-03 4.799735e-05
4219 3.322998e-03 4.795399e-05
4220 3.320003e-03 4.791067e-05
4221 3.317011e-03 4.786739e-05
4222 3.314021e-03 4.782415e-05
4223 3.311034e-03 4.778094e-05
4224 3.308050e-03 4.773778e-05
4225 3.305069e-03 4.769466e-05
4226 3.302090e-03 4.765157e-05
4227 3.299114e-03 4.760853e-05
4228 3.296140e-03 4.756552e-05
4229 3.293170e-03 4.752255e-05
4230 3.290202e-03 4.747962e-05
4231 3.287236e-03 4.743673e-05
4232 3.284274e-03 4.739388e-05
4233 3.281314e-03 4.735106e-05
4234 3.278356e-03 4.730829e-05
4235 3.275402e-03 4.726555e-05
4236 3.272450e-03 4.722285e-05
4237 3.269500e-03 4.718020e-05
4238 3.266554e-03 4.713757e-05
4239 3.263610e-03 4.709499e-05
4240 3.260668e-03 4.705245e-05
4241 3.257730e-03 4.700994e-05
4242 3.254794e-03 4.696748e-05
4243 3.251860e-03 4.692505e-05
4244 3.248929e-03 4.688266e-05
4245 3.246001e-03 4.684031e-05
4246 3.243076e-03 4.679799e-05
4247 3.240153e-03 4.675572e-05
4248 3.237233e-03 4.671348e-05
4249 3.234315e-03 4.667128e-05
4250 3.231401e-03 4.662912e-05
4251 3.228488e-03 4.658700e-05
4252 3.225579e-03 4.654491e-05
4253 3.222672e-03 4.650287e-05
4254 3.219767e-03 4.646086e-05
4255 3.216866e-03 4.641889e-05
4256 3.213967e-03 4.637696e-05
4257 3.211070e-03 4.633506e-05
4258 3.208176e-03 4.629320e-05
4259 3.205285e-03 4.625138e-05
4260 3.202396e-03 4.620960e-05
4261 3.199510e-03 4.616786e-05
4262 3.196627e-03 4.612615e-05
4263 3.193746e-03 4.608448e-05
4264 3.190868e-03 4.604285e-05
4265 3.187992e-03 4.600126e-05
4266 3.185119e-03 4.595970e-05
4267 3.182249e-03 4.591819e-05
4268 3.179381e-03 4.587671e-05
4269 3.176516e-03 4.583526e-05
4270 3.173653e-03 4.579386e-05
4271 3.170793e-03 4.575249e-05
4272 3.167935e-03 4.571116e-05
4273 3.165081e-03 4.566986e-05
4274 3.162228e-03 4.562861e-05
4275 3.159378e-03 4.558739e-05
4276 3.156531e-03 4.554621e-05
4277 3.153687e-03 4.550506e-05
4278 3.150845e-03 4.546396e-05
4279 3.148005e-03 4.542289e-05
4280 3.145168e-03 4.538185e-05
4281 3.142334e-03 4.534086e-05
4282 3.139502e-03 4.529990e-05
4283 3.136673e-03 4.525898e-05
4284 3.133846e-03 4.521809e-05
4285 3.131022e-03 4.517724e-05
4286 3.128201e-03 4.513643e-05
4287 3.125382e-03 4.509566e-05
4288 3.122565e-03 4.505492e-05
4289 3.119751e-03 4.501422e-05
4290 3.116940e-03 4.497355e-05
4291 3.114131e-03 4.493293e-05
4292 3.111325e-03 4.489234e-05
4293 3.108521e-03 4.485178e-05
4294 3.105720e-03 4.481127e-05
4295 3.102921e-03 4.477078e-05
4296 3.100125e-03 4.473034e-05
4297 3.097331e-03 4.468993e-05
4298 3.094540e-03 4.464956e-05
4299 3.091751e-03 4.460923e-05
4300 3.088965e-03 4.456893e-05
4301 3.086182e-03 4.452867e-05
4302 3.083401e-03 4.448844e-05
4303 3.080622e-03 4.444825e-05
4304 3.077846e-03 4.440810e-05
4305 3.075073e-03 4.436798e-05
4306 3.072302e-03 4.432790e-05
4307 3.069533e-03 4.428786e-05
4308 3.066767e-03 4.424785e-05
4309 3.064004e-03 4.420788e-05
4310 3.061243e-03 4.416794e-05
4311 3.058484e-03 4.412804e-05
4312 3.055728e-03 4.408818e-05
4313 3.052975e-03 4.404835e-05
4314 3.050224e-03 4.400856e-05
4315 3.047475e-03 4.396881e-05
4316 3.044729e-03 4.392909e-05
4317 3.041985e-03 4.388940e-05
4318 3.039244e-03 4.384975e-05
4319 3.036506e-03 4.381014e-05
4320 3.033769e-03 4.377057e-05
4321 3.031036e-03 4.373102e-05
4322 3.028304e-03 4.369152e-05
4323 3.025576e-03 4.365205e-05
4324 3.022849e-03 4.361262e-05
4325 3.020126e-03 4.357322e-05
4326 3.017404e-03 4.353386e-05
4327 3.014685e-03 4.349453e-05
4328 3.011969e-03 4.345524e-05
4329 3.009255e-03 4.341598e-05
4330 3.006543e-03 4.337676e-05
4331 3.003834e-03 4.333758e-05
4332 3.001128e-03 4.329843e-05
4333 2.998423e-03 4.325931e-05
4334 2.995722e-03 4.322024e-05
4335 2.993022e-03 4.318119e-05
4336 2.990325e-03 4.314218e-05
4337 2.987631e-03 4.310321e-05
4338 2.984939e-03 4.306427e-05
4339 2.982249e-03 4.302537e-05
4340 2.979562e-03 4.298650e-05
4341 2.976877e-03 4.294767e-05
4342 2.974195e-03 4.290887e-05
4343 2.971515e-03 4.287011e-05
4344 2.968838e-03 4.283138e-05
4345 2.966163e-03 4.279269e-05
4346 2.963490e-03 4.275403e-05
4347 2.960820e-03 4.271541e-05
4348 2.958152e-03 4.267682e-05
4349 2.955487e-03 4.263827e-05
4350 2.952824e-03 4.259975e-05
4351 2.950163e-03 4.256127e-05
4352 2.947505e-03 4.252282e-05
4353 2.944849e-03 4.248441e-05
4354 2.942196e-03 4.244603e-05
4355 2.939545e-03 4.240768e-05
4356 2.936896e-03 4.236938e-05
4357 2.934250e-03 4.233110e-05
4358 2.931606e-03 4.229286e-05
4359 2.928965e-03 4.225465e-05
4360 2.926326e-03 4.221648e-05
4361 2.923689e-03 4.217835e-05
4362 2.921055e-03 4.214024e-05
4363 2.918423e-03 4.210218e-05
4364 2.915794e-03 4.206414e-05
4365 2.913167e-03 4.202614e-05
4366 2.910542e-03 4.198818e-05
4367 2.907920e-03 4.195025e-05
4368 2.905300e-03 4.191235e-05
4369 2.902682e-03 4.187449e-05
4370 2.900067e-03 4.183666e-05
4371 2.897454e-03 4.179887e-05
4372 2.894843e-03 4.176111e-05
4373 2.892235e-03 4.172338e-05
4374 2.889629e-03 4.168569e-05
4375 2.887026e-03 4.164803e-05
4376 2.884425e-03 4.161041e-05
4377 2.881826e-03 4.157282e-05
4378 2.879229e-03 4.153526e-05
4379 2.876635e-03 4.149774e-05
4380 2.874044e-03 4.146026e-05
4381 2.871454e-03 4.142280e-05
4382 2.868867e-03 4.138538e-05
4383 2.866282e-03 4.134800e-05
4384 2.863700e-03 4.131064e-05
4385 2.861120e-03 4.127332e-05
4386 2.858542e-03 4.123604e-05
4387 2.855967e-03 4.119879e-05
4388 2.853394e-03 4.116157e-05
4389 2.850823e-03 4.112439e-05
4390 2.848255e-03 4.108724e-05
4391 2.845689e-03 4.105012e-05
4392 2.843125e-03 4.101304e-05
4393 2.840563e-03 4.097599e-05
4394 2.838004e-03 4.093897e-05
4395 2.835447e-03 4.090199e-05
4396 2.832893e-03 4.086504e-05
4397 2.830341e-03 4.082812e-05
4398 2.827791e-03 4.079124e-05
4399 2.825243e-03 4.075439e-05
4400 2.822698e-03 4.071757e-05
4401 2.820155e-03 4.068079e-05
4402 2.817614e-03 4.064404e-05
4403 2.815076e-03 4.060732e-05
4404 2.812540e-03 4.057064e-05
4405 2.810006e-03 4.053399e-05
4406 2.807474e-03 4.049737e-05
4407 2.804945e-03 4.046079e-05
4408 2.802418e-03 4.042424e-05
4409 2.799893e-03 4.038772e-05
4410 2.797371e-03 4.035124e-05
4411 2.794851e-03 4.031478e-05
4412 2.792333e-03 4.027836e-05
4413 2.789817e-03 4.024198e-05
4414 2.787304e-03 4.020563e-05
4415 2.784793e-03 4.016930e-05
4416 2.782284e-03 4.013302e-05
4417 2.779778e-03 4.009676e-05
4418 2.777274e-03 4.006054e-05
4419 2.774772e-03 4.002435e-05
4420 2.772272e-03 3.998819e-05
4421 2.769774e-03 3.995207e-05
4422 2.767279e-03 3.991598e-05
4423 2.764786e-03 3.987992e-05
4424 2.762296e-03 3.984389e-05
4425 2.759807e-03 3.980790e-05
4426 2.757321e-03 3.977194e-05
4427 2.754837e-03 3.973601e-05
4428 2.752355e-03 3.970011e-05
4429 2.749876e-03 3.966425e-05
4430 2.747399e-03 3.962842e-05
4431 2.744924e-03 3.959262e-05
4432 2.742451e-03 3.955685e-05
4433 2.739980e-03 3.952112e-05
4434 2.737512e-03 3.948542e-05
4435 2.735046e-03 3.944975e-05
4436 2.732582e-03 3.941411e-05
4437 2.730121e-03 3.937850e-05
4438 2.727661e-03 3.934293e-05
4439 2.725204e-03 3.930739e-05
4440 2.722749e-03 3.927188e-05
4441 2.720297e-03 3.923640e-05
4442 2.717846e-03 3.920096e-05
4443 2.715398e-03 3.916554e-05
4444 2.712952e-03 3.913016e-05
4445 2.710508e-03 3.909481e-05
4446 2.708066e-03 3.905950e-05
4447 2.705627e-03 3.902421e-05
4448 2.703190e-03 3.898896e-05
4449 2.700755e-03 3.895374e-05
4450 2.698322e-03 3.891855e-05
4451 2.695891e-03 3.888339e-05
4452 2.693463e-03 3.884826e-05
4453 2.691036e-03 3.881317e-05
4454 2.688612e-03 3.877811e-05
4455 2.686190e-03 3.874308e-05
4456 2.683771e-03 3.870808e-05
4457 2.681353e-03 3.867311e-05
4458 2.678938e-03 3.863817e-05
4459 2.676525e-03 3.860327e-05
4460 2.674114e-03 3.856839e-05
4461 2.671705e-03 3.853355e-05
4462 2.669299e-03 3.849874e-05
4463 2.666894e-03 3.846396e-05
4464 2.664492e-03 3.842922e-05
4465 2.662092e-03 3.839450e-05
4466 2.659694e-03 3.835982e-05
4467 2.657298e-03 3.832516e-05
4468 2.654905e-03 3.829054e-05
4469 2.652513e-03 3.825595e-05
4470 2.650124e-03 3.822139e-05
4471 2.647737e-03 3.818686e-05
4472 2.645352e-03 3.815237e-05
4473 2.642969e-03 3.811790e-05
4474 2.640588e-03 3.808347e-05
4475 2.638210e-03 3.804906e-05
4476 2.635834e-03 3.801469e-05
4477 2.633459e-03 3.798035e-05
4478 2.631087e-03 3.794604e-05
4479 2.628718e-03 3.791176e-05
4480 2.626350e-03 3.787751e-05
4481 2.623984e-03 3.784329e-05
4482 2.621621e-03 3.780911e-05
4483 2.619259e-03 3.777495e-05
4484 2.616900e-03 3.774083e-05
4485 2.614543e-03 3.770673e-05
4486 2.612188e-03 3.767267e-05
4487 2.609835e-03 3.763864e-05
4488 2.607485e-03 3.760463e-05
4489 2.605136e-03 3.757066e-05
4490 2.602790e-03 3.753672e-05
4491 2.600445e-03 3.750281e-05
4492 2.598103e-03 3.746893e-05
4493 2.595763e-03 3.743509e-05
4494 2.593425e-03 3.740127e-05
4495 2.591089e-03 3.736748e-05
4496 2.588755e-03 3.733372e-05
4497 2.586424e-03 3.730000e-05
4498 2.584094e-03 3.726630e-05
4499 2.581767e-03 3.723264e-05
4500 2.579441e-03 3.719900e-05
4501 2.577118e-03 3.716540e-05
4502 2.574797e-03 3.713182e-05
4503 2.572478e-03 3.709828e-05
4504 2.570161e-03 3.706477e-05
4505 2.567846e-03 3.703128e-05
4506 2.565533e-03 3.699783e-05
4507 2.563223e-03 3.696441e-05
4508 2.560914e-03 3.693101e-05
4509 2.558608e-03 3.689765e-05
4510 2.556303e-03 3.686432e-05
4511 2.554001e-03 3.683102e-05
4512 2.551701e-03 3.679774e-05
4513 2.549403e-03 3.676450e-05
4514 2.547106e-03 3.673129e-05
4515 2.544812e-03 3.669811e-05
4516 2.542520e-03 3.666496e-05
4517 2.540231e-03 3.663183e-05
4518 2.537943e-03 3.659874e-05
4519 2.535657e-03 3.656568e-05
4520 2.533373e-03 3.653265e-05
4521 2.531092e-03 3.649964e-05
4522 2.528812e-03 3.646667e-05
4523 2.526535e-03 3.643373e-05
4524 2.524259e-03 3.640081e-05
4525 2.521986e-03 3.636793e-05
4526 2.519715e-03 3.633508e-05
4527 2.517445e-03 3.630225e-05
4528 2.515178e-03 3.626946e-05
4529 2.512913e-03 3.623669e-05
4530 2.510650e-03 3.620396e-05
4531 2.508389e-03 3.617125e-05
4532 2.506130e-03 3.613858e-05
4533 2.503873e-03 3.610593e-05
4534 2.501618e-03 3.607331e-05
4535 2.499365e-03 3.604072e-05
4536 2.497114e-03 3.600817e-05
4537 2.494865e-03 3.597564e-05
4538 2.492618e-03 3.594314e-05
4539 2.490373e-03 3.591067e-05
4540 2.488131e-03 3.587823e-05
4541 2.485890e-03 3.584582e-05
4542 2.483651e-03 3.581343e-05
4543 2.481415e-03 3.578108e-05
4544 2.479180e-03 3.574876e-05
4545 2.476947e-03 3.571646e-05
4546 2.474717e-03 3.568420e-05
4547 2.472488e-03 3.565196e-05
4548 2.470261e-03 3.561975e-05
4549 2.468037e-03 3.558757e-05
4550 2.465814e-03 3.555543e-05
4551 2.463594e-03 3.552331e-05
4552 2.461375e-03 3.549122e-05
4553 2.459158e-03 3.545915e-05
4554 2.456944e-03 3.542712e-05
4555 2.454731e-03 3.539512e-05
4556 2.452521e-03 3.536314e-05
4557 2.450312e-03 3.533119e-05
4558 2.448106e-03 3.529928e-05
4559 2.445901e-03 3.526739e-05
4560 2.443698e-03 3.523553e-05
4561 2.441498e-03 3.520370e-05
4562 2.439299e-03 3.517190e-05
4563 2.437103e-03 3.514012e-05
4564 2.434908e-03 3.510838e-05
4565 2.432715e-03 3.507666e-05
4566 2.430525e-03 3.504497e-05
4567 2.428336e-03 3.501332e-05
4568 2.426149e-03 3.498169e-05
4569 2.423965e-03 3.495008e-05
4570 2.421782e-03 3.491851e-05
4571 2.419601e-03 3.488697e-05
4572 2.417422e-03 3.485545e-05
4573 2.415245e-03 3.482396e-05
4574 2.413070e-03 3.479250e-05
4575 2.410898e-03 3.476107e-05
4576 2.408727e-03 3.472967e-05
4577 2.406558e-03 3.469830e-05
4578 2.404391e-03 3.466695e-05
4579 2.402225e-03 3.463563e-05
4580 2.400062e-03 3.460434e-05
4581 2.397901e-03 3.457308e-05
4582 2.395742e-03 3.454185e-05
4583 2.393585e-03 3.451065e-05
4584 2.391429e-03 3.447947e-05
4585 2.389276e-03 3.444832e-05
4586 2.387125e-03 3.441720e-05
4587 2.384975e-03 3.438611e-05
4588 2.382828e-03 3.435505e-05
4589 2.380682e-03 3.432401e-05
4590 2.378538e-03 3.429300e-05
4591 2.376397e-03 3.426202e-05
4592 2.374257e-03 3.423107e-05
4593 2.372119e-03 3.420015e-05
4594 2.369983e-03 3.416925e-05
4595 2.367849e-03 3.413838e-05
4596 2.365717e-03 3.410755e-05
4597 2.363587e-03 3.407673e-05
4598 2.361459e-03 3.404595e-05
4599 2.359332e-03 3.401519e-05
4600 2.357208e-03 3.398446e-05
4601 2.355086e-03 3.395376e-05
4602 2.352965e-03 3.392309e-05
4603 2.350846e-03 3.389244e-05
4604 2.348730e-03 3.386183e-05
4605 2.346615e-03 3.383124e-05
4606 2.344502e-03 3.380067e-05
4607 2.342391e-03 3.377014e-05
4608 2.340282e-03 3.373963e-05
4609 2.338175e-03 3.370915e-05
4610 2.336070e-03 3.367870e-05
4611 2.333966e-03 3.364828e-05
4612 2.331865e-03 3.361788e-05
4613 2.329765e-03 3.358751e-05
4614 2.327668e-03 3.355717e-05
4615 2.325572e-03 3.352685e-05
4616 2.323478e-03 3.349656e-05
4617 2.321386e-03 3.346630e-05
4618 2.319296e-03 3.343607e-05
4619 2.317208e-03 3.340587e-05
4620 2.315121e-03 3.337569e-05
4621 2.313037e-03 3.334554e-05
4622 2.310954e-03 3.331541e-05
4623 2.308874e-03 3.328532e-05
4624 2.306795e-03 3.325525e-05
4625 2.304718e-03 3.322520e-05
4626 2.302643e-03 3.319519e-05
4627 2.300570e-03 3.316520e-05
4628 2.298499e-03 3.313524e-05
4629 2.296429e-03 3.310531e-05
4630 2.294362e-03 3.307540e-05
4631 2.292296e-03 3.304552e-05
4632 2.290232e-03 3.301567e-05
4633 2.288170e-03 3.298584e-05
4634 2.286110e-03 3.295604e-05
4635 2.284052e-03 3.292627e-05
4636 2.281996e-03 3.289653e-05
4637 2.279941e-03 3.286681e-05
4638 2.277888e-03 3.283712e-05
4639 2.275838e-03 3.280745e-05
4640 2.273789e-03 3.277782e-05
4641 2.271742e-03 3.274820e-05
4642 2.269696e-03 3.271862e-05
4643 2.267653e-03 3.268906e-05
4644 2.265612e-03 3.265953e-05
4645 2.263572e-03 3.263003e-05
4646 2.261534e-03 3.260055e-05
4647 2.259498e-03 3.257110e-05
4648 2.257464e-03 3.254168e-05
4649 2.255431e-03 3.251228e-05
4650 2.253401e-03 3.248291e-05
4651 2.251372e-03 3.245356e-05
4652 2.249345e-03 3.242425e-05
4653 2.247320e-03 3.239495e-05
4654 2.245297e-03 3.236569e-05
4655 2.243276e-03 3.233645e-05
4656 2.241256e-03 3.230724e-05
4657 2.239239e-03 3.227805e-05
4658 2.237223e-03 3.224889e-05
4659 2.235209e-03 3.221976e-05
4660 2.233197e-03 3.219065e-05
4661 2.231186e-03 3.216157e-05
4662 2.229178e-03 3.213252e-05
4663 2.227171e-03 3.210349e-05
4664 2.225166e-03 3.207449e-05
4665 2.223163e-03 3.204551e-05
4666 2.221161e-03 3.201656e-05
4667 2.219162e-03 3.198764e-05
4668 2.217164e-03 3.195874e-05
4669 2.215168e-03 3.192987e-05
4670 2.213174e-03 3.190103e-05
4671 2.211182e-03 3.187221e-05
4672 2.209191e-03 3.184342e-05
4673 2.207203e-03 3.181465e-05
4674 2.205216e-03 3.178591e-05
4675 2.203231e-03 3.175719e-05
4676 2.201247e-03 3.172850e-05
4677 2.199266e-03 3.169984e-05
4678 2.197286e-03 3.167120e-05
4679 2.195308e-03 3.164259e-05
4680 2.193332e-03 3.161401e-05
4681 2.191357e-03 3.158545e-05
4682 2.189385e-03 3.155691e-05
4683 2.187414e-03 3.152841e-05
4684 2.185445e-03 3.149992e-05
4685 2.183478e-03 3.147147e-05
4686 2.181512e-03 3.144304e-05
4687 2.179548e-03 3.141463e-05
4688 2.177587e-03 3.138625e-05
4689 2.175626e-03 3.135790e-05
4690 2.173668e-03 3.132957e-05
4691 2.171711e-03 3.130127e-05
4692 2.169757e-03 3.127299e-05
4693 2.167803e-03 3.124474e-05
4694 2.165852e-03 3.121651e-05
4695 2.163903e-03 3.118831e-05
4696 2.161955e-03 3.116014e-05
4697 2.160009e-03 3.113199e-05
4698 2.158064e-03 3.110386e-05
4699 2.156122e-03 3.107576e-05
4700 2.154181e-03 3.104769e-05
4701 2.152242e-03 3.101964e-05
4702 2.150305e-03 3.099162e-05
4703 2.148369e-03 3.096362e-05
4704 2.146436e-03 3.093565e-05
4705 2.144504e-03 3.090770e-05
4706 2.142573e-03 3.087978e-05
4707 2.140645e-03 3.085189e-05
4708 2.138718e-03 3.082402e-05
4709 2.136793e-03 3.079617e-05
4710 2.134870e-03 3.076835e-05
4711 2.132948e-03 3.074055e-05
4712 2.131028e-03 3.071278e-05
4713 2.129110e-03 3.068504e-05
4714 2.127194e-03 3.065732e-05
4715 2.125279e-03 3.062962e-05
4716 2.123366e-03 3.060195e-05
4717 2.121455e-03 3.057431e-05
4718 2.119546e-03 3.054669e-05
4719 2.117638e-03 3.051909e-05
4720 2.115732e-03 3.049152e-05
4721 2.113828e-03 3.046397e-05
4722 2.111925e-03 3.043645e-05
4723 2.110024e-03 3.040896e-05
4724 2.108125e-03 3.038149e-05
4725 2.106228e-03 3.035404e-05
4726 2.104332e-03 3.032662e-05
4727 2.102438e-03 3.029922e-05
4728 2.100546e-03 3.027185e-05
4729 2.098655e-03 3.024450e-05
4730 2.096766e-03 3.021718e-05
4731 2.094879e-03 3.018988e-05
4732 2.092994e-03 3.016261e-05
4733 2.091110e-03 3.013536e-05
4734 2.089228e-03 3.010814e-05
4735 2.087348e-03 3.008094e-05
4736 2.085469e-03 3.005376e-05
4737 2.083592e-03 3.002661e-05
4738 2.081717e-03 2.999949e-05
4739 2.079843e-03 2.997239e-05
4740 2.077972e-03 2.994531e-05
4741 2.076101e-03 2.991826e-05
4742 2.074233e-03 2.989123e-05
4743 2.072366e-03 2.986423e-05
4744 2.070501e-03 2.983725e-05
4745 2.068638e-03 2.981029e-05
4746 2.066776e-03 2.978336e-05
4747 2.064916e-03 2.975646e-05
4748 2.063058e-03 2.972957e-05
4749 2.061201e-03 2.970272e-05
4750 2.059346e-03 2.967588e-05
4751 2.057493e-03 2.964908e-05
4752 2.055641e-03 2.962229e-05
4753 2.053791e-03 2.959553e-05
4754 2.051943e-03 2.956879e-05
4755 2.050096e-03 2.954208e-05
4756 2.048251e-03 2.951539e-05
4757 2.046408e-03 2.948873e-05
4758 2.044566e-03 2.946209e-05
4759 2.042726e-03 2.943548e-05
4760 2.040888e-03 2.940888e-05
4761 2.039051e-03 2.938232e-05
4762 2.037216e-03 2.935577e-05
4763 2.035383e-03 2.932925e-05
4764 2.033551e-03 2.930276e-05
4765 2.031721e-03 2.927629e-05
4766 2.029893e-03 2.924984e-05
4767 2.028066e-03 2.922341e-05
4768 2.026241e-03 2.919701e-05
4769 2.024418e-03 2.917064e-05
4770 2.022596e-03 2.914428e-05
4771 2.020776e-03 2.911796e-05
4772 2.018957e-03 2.909165e-05
4773 2.017140e-03 2.906537e-05
4774 2.015325e-03 2.903911e-05
4775 2.013512e-03 2.901288e-05
4776 2.011700e-03 2.898667e-05
4777 2.009889e-03 2.896048e-05
4778 2.008081e-03 2.893432e-05
4779 2.006274e-03 2.890818e-05
4780 2.004468e-03 2.888207e-05
4781 2.002665e-03 2.885597e-05
4782 2.000863e-03 2.882991e-05
4783 1.999062e-03 2.880386e-05
4784 1.997263e-03 2.877784e-05
4785 1.995466e-03 2.875184e-05
4786 1.993670e-03 2.872587e-05
4787 1.991876e-03 2.869992e-05
4788 1.990084e-03 2.867399e-05
4789 1.988293e-03 2.864809e-05
4790 1.986504e-03 2.862221e-05
4791 1.984717e-03 2.859635e-05
4792 1.982931e-03 2.857052e-05
4793 1.981147e-03 2.854471e-05
4794 1.979364e-03 2.851892e-05
4795 1.977583e-03 2.849316e-05
4796 1.975803e-03 2.846741e-05
4797 1.974025e-03 2.844170e-05
4798 1.972249e-03 2.841600e-05
4799 1.970475e-03 2.839033e-05
4800 1.968702e-03 2.836469e-05
4801 1.966930e-03 2.833906e-05
4802 1.965160e-03 2.831346e-05
4803 1.963392e-03 2.828788e-05
4804 1.961625e-03 2.826233e-05
4805 1.959860e-03 2.823680e-05
4806 1.958097e-03 2.821129e-05
4807 1.956335e-03 2.818580e-05
4808 1.954575e-03 2.816034e-05
4809 1.952816e-03 2.813490e-05
4810 1.951059e-03 2.810948e-05
4811 1.949304e-03 2.808409e-05
4812 1.947550e-03 2.805872e-05
4813 1.945797e-03 2.803337e-05
4814 1.944047e-03 2.800804e-05
4815 1.942298e-03 2.798274e-05
4816 1.940550e-03 2.795746e-05
4817 1.938804e-03 2.793221e-05
4818 1.937060e-03 2.790697e-05
4819 1.935317e-03 2.788176e-05
4820 1.933576e-03 2.785657e-05
4821 1.931836e-03 2.783141e-05
4822 1.930098e-03 2.780626e-05
4823 1.928361e-03 2.778114e-05
4824 1.926626e-03 2.775605e-05
4825 1.924893e-03 2.773097e-05
4826 1.923161e-03 2.770592e-05
4827 1.921431e-03 2.768089e-05
4828 1.919702e-03 2.765589e-05
4829 1.917975e-03 2.763090e-05
4830 1.916249e-03 2.760594e-05
4831 1.914525e-03 2.758100e-05
4832 1.912803e-03 2.755608e-05
4833 1.911082e-03 2.753119e-05
4834 1.909362e-03 2.750632e-05
4835 1.907645e-03 2.748147e-05
4836 1.905928e-03 2.745664e-05
4837 1.904214e-03 2.743184e-05
4838 1.902501e-03 2.740706e-05
4839 1.900789e-03 2.738230e-05
4840 1.899079e-03 2.735756e-05
4841 1.897370e-03 2.733285e-05
4842 1.895663e-03 2.730815e-05
4843 1.893958e-03 2.728348e-05
4844 1.892254e-03 2.725884e-05
4845 1.890552e-03 2.723421e-05
4846 1.888851e-03 2.720961e-05
4847 1.887152e-03 2.718503e-05
4848 1.885454e-03 2.716047e-05
4849 1.883758e-03 2.713593e-05
4850 1.882063e-03 2.711142e-05
4851 1.880370e-03 2.708693e-05
4852 1.878678e-03 2.706246e-05
4853 1.876988e-03 2.703801e-05
4854 1.875300e-03 2.701358e-05
4855 1.873613e-03 2.698918e-05
4856 1.871927e-03 2.696480e-05
4857 1.870243e-03 2.694044e-05
4858 1.868561e-03 2.691610e-05
4859 1.866880e-03 2.689178e-05
4860 1.865200e-03 2.686749e-05
4861 1.863522e-03 2.684322e-05
4862 1.861846e-03 2.681897e-05
4863 1.860171e-03 2.679474e-05
4864 1.858498e-03 2.677053e-05
4865 1.856826e-03 2.674635e-05
4866 1.855156e-03 2.672219e-05
4867 1.853487e-03 2.669804e-05
4868 1.851819e-03 2.667393e-05
4869 1.850154e-03 2.664983e-05
4870 1.848489e-03 2.662575e-05
4871 1.846826e-03 2.660170e-05
4872 1.845165e-03 2.657767e-05
4873 1.843505e-03 2.655366e-05
4874 1.841847e-03 2.652967e-05
4875 1.840190e-03 2.650570e-05
4876 1.838535e-03 2.648176e-05
4877 1.836881e-03 2.645783e-05
4878 1.835229e-03 2.643393e-05
4879 1.833578e-03 2.641005e-05
4880 1.831929e-03 2.638619e-05
4881 1.830281e-03 2.636236e-05
4882 1.828634e-03 2.633854e-05
4883 1.826990e-03 2.631475e-05
4884 1.825346e-03 2.629097e-05
4885 1.823704e-03 2.626722e-05
4886 1.822064e-03 2.624349e-05
4887 1.820425e-03 2.621979e-05
4888 1.818788e-03 2.619610e-05
4889 1.817152e-03 2.617243e-05
4890 1.815517e-03 2.614879e-05
4891 1.813884e-03 2.612517e-05
4892 1.812253e-03 2.610157e-05
4893 1.810622e-03 2.607799e-05
4894 1.808994e-03 2.605443e-05
4895 1.807367e-03 2.603089e-05
4896 1.805741e-03 2.600737e-05
4897 1.804117e-03 2.598388e-05
4898 1.802494e-03 2.596040e-05
4899 1.800873e-03 2.593695e-05
4900 1.799253e-03 2.591352e-05
4901 1.797635e-03 2.589011e-05
4902 1.796018e-03 2.586672e-05
4903 1.794403e-03 2.584335e-05
4904 1.792789e-03 2.582001e-05
4905 1.791176e-03 2.579668e-05
4906 1.789565e-03 2.577338e-05
4907 1.787956e-03 2.575009e-05
4908 1.786348e-03 2.572683e-05
4909 1.784741e-03 2.570359e-05
4910 1.783136e-03 2.568037e-05
4911 1.781532e-03 2.565717e-05
4912 1.779930e-03 2.563399e-05
4913 1.778329e-03 2.561083e-05
4914 1.776729e-03 2.558770e-05
4915 1.775131e-03 2.556458e-05
4916 1.773535e-03 2.554149e-05
4917 1.771940e-03 2.551841e-05
4918 1.770346e-03 2.549536e-05
4919 1.768754e-03 2.547233e-05
4920 1.767163e-03 2.544931e-05
4921 1.765574e-03 2.542632e-05
4922 1.763986e-03 2.540335e-05
4923 1.762400e-03 2.538040e-05
4924 1.760815e-03 2.535748e-05
4925 1.759231e-03 2.533457e-05
4926 1.757649e-03 2.531168e-05
4927 1.756068e-03 2.528881e-05
4928 1.754489e-03 2.526597e-05
4929 1.752911e-03 2.524314e-05
4930 1.751334e-03 2.522034e-05
4931 1.749759e-03 2.519756e-05
4932 1.748186e-03 2.517479e-05
4933 1.746614e-03 2.515205e-05
4934 1.745043e-03 2.512933e-05
4935 1.743474e-03 2.510663e-05
4936 1.741906e-03 2.508394e-05
4937 1.740339e-03 2.506128e-05
4938 1.738774e-03 2.503864e-05
4939 1.737210e-03 2.501602e-05
4940 1.735648e-03 2.499342e-05
4941 1.734087e-03 2.497084e-05
4942 1.732528e-03 2.494829e-05
4943 1.730970e-03 2.492575e-05
4944 1.729413e-03 2.490323e-05
4945 1.727858e-03 2.488073e-05
4946 1.726304e-03 2.485826e-05
4947 1.724752e-03 2.483580e-05
4948 1.723201e-03 2.481336e-05
4949 1.721651e-03 2.479095e-05
4950 1.720103e-03 2.476855e-05
4951 1.718556e-03 2.474617e-05
4952 1.717011e-03 2.472382e-05
4953 1.715467e-03 2.470148e-05
4954 1.713924e-03 2.467917e-05
4955 1.712383e-03 2.465687e-05
4956 1.710843e-03 2.463460e-05
4957 1.709305e-03 2.461234e-05
4958 1.707768e-03 2.459011e-05
4959 1.706232e-03 2.456789e-05
4960 1.704698e-03 2.454570e-05
4961 1.703165e-03 2.452352e-05
4962 1.701634e-03 2.450137e-05
4963 1.700103e-03 2.447924e-05
4964 1.698575e-03 2.445712e-05
4965 1.697047e-03 2.443503e-05
4966 1.695521e-03 2.441295e-05
4967 1.693997e-03 2.439090e-05
4968 1.692474e-03 2.436886e-05
4969 1.690952e-03 2.434685e-05
4970 1.689431e-03 2.432485e-05
4971 1.687912e-03 2.430288e-05
4972 1.686395e-03 2.428092e-05
4973 1.684878e-03 2.425899e-05
4974 1.683363e-03 2.423707e-05
4975 1.681850e-03 2.421518e-05
4976 1.680337e-03 2.419330e-05
4977 1.678827e-03 2.417144e-05
4978 1.677317e-03 2.414961e-05
4979 1.675809e-03 2.412779e-05
4980 1.674302e-03 2.410599e-05
4981 1.672797e-03 2.408422e-05
4982 1.671293e-03 2.406246e-05
4983 1.669790e-03 2.404072e-05
4984 1.668289e-03 2.401900e-05
4985 1.666789e-03 2.399730e-05
4986 1.665290e-03 2.397563e-05
4987 1.663793e-03 2.395397e-05
4988 1.662297e-03 2.393233e-05
4989 1.660802e-03 2.391071e-05
4990 1.659309e-03 2.388910e-05
4991 1.657817e-03 2.386752e-05
4992 1.656327e-03 2.384596e-05
4993 1.654838e-03 2.382442e-05
4994 1.653350e-03 2.380290e-05
4995 1.651863e-03 2.378139e-05
4996 1.650378e-03 2.375991e-05
4997 1.648894e-03 2.373844e-05
4998 1.647412e-03 2.371700e-05
4999 1.645931e-03 2.369557e-05
5000 1.644451e-03 2.367417e-05
5001 1.642973e-03 2.365278e-05
5002 1.641495e-03 2.363141e-05
5003 1.640020e-03 2.361006e-05
5004 1.638545e-03 2.358873e-05
5005 1.637072e-03 2.356742e-05
5006 1.635600e-03 2.354613e-05
5007 1.634130e-03 2.352486e-05
5008 1.632661e-03 2.350361e-05
5009 1.631193e-03 2.348238e-05
5010 1.629727e-03 2.346116e-05
5011 1.628262e-03 2.343997e-05
5012 1.626798e-03 2.341879e-05
5013 1.625335e-03 2.339763e-05
5014 1.623874e-03 2.337650e-05
5015 1.622414e-03 2.335538e-05
5016 1.620956e-03 2.333428e-05
5017 1.619499e-03 2.331320e-05
5018 1.618043e-03 2.329214e-05
5019 1.616588e-03 2.327110e-05
5020 1.615135e-03 2.325007e-05
5021 1.613683e-03 2.322907e-05
5022 1.612232e-03 2.320808e-05
5023 1.610783e-03 2.318712e-05
5024 1.609335e-03 2.316617e-05
5025 1.607888e-03 2.314524e-05
5026 1.606443e-03 2.312433e-05
5027 1.604999e-03 2.310344e-05
5028 1.603556e-03 2.308257e-05
5029 1.602114e-03 2.306172e-05
5030 1.600674e-03 2.304088e-05
5031 1.599235e-03 2.302007e-05
5032 1.597798e-03 2.299927e-05
5033 1.596362e-03 2.297849e-05
5034 1.594927e-03 2.295774e-05
5035 1.593493e-03 2.293700e-05
5036 1.592060e-03 2.291627e-05
5037 1.590629e-03 2.289557e-05
5038 1.589200e-03 2.287489e-05
5039 1.587771e-03 2.285422e-05
5040 1.586344e-03 2.283358e-05
5041 1.584918e-03 2.281295e-05
5042 1.583493e-03 2.279234e-05
5043 1.582070e-03 2.277175e-05
5044 1.580648e-03 2.275118e-05
5045 1.579227e-03 2.273062e-05
5046 1.577808e-03 2.271009e-05
5047 1.576389e-03 2.268957e-05
5048 1.574972e-03 2.266907e-05
5049 1.573557e-03 2.264860e-05
5050 1.572142e-03 2.262813e-05
5051 1.570729e-03 2.260769e-05
5052 1.569318e-03 2.258727e-05
5053 1.567907e-03 2.256686e-05
5054 1.566498e-03 2.254648e-05
5055 1.565090e-03 2.252611e-05
5056 1.563683e-03 2.250576e-05
5057 1.562278e-03 2.248543e-05
5058 1.560873e-03 2.246511e-05
5059 1.559470e-03 2.244482e-05
5060 1.558069e-03 2.242454e-05
5061 1.556668e-03 2.240428e-05
5062 1.555269e-03 2.238404e-05
5063 1.553872e-03 2.236382e-05
5064 1.552475e-03 2.234362e-05
5065 1.551080e-03 2.232343e-05
5066 1.549686e-03 2.230326e-05
5067 1.548293e-03 2.228312e-05
5068 1.546901e-03 2.226299e-05
5069 1.545511e-03 2.224287e-05
5070 1.544122e-03 2.222278e-05
5071 1.542734e-03 2.220270e-05
5072 1.541348e-03 2.218264e-05
5073 1.539962e-03 2.216260e-05
5074 1.538578e-03 2.214258e-05
5075 1.537196e-03 2.212258e-05
5076 1.535814e-03 2.210259e-05
5077 1.534434e-03 2.208263e-05
5078 1.533055e-03 2.206268e-05
5079 1.531677e-03 2.204275e-05
5080 1.530300e-03 2.202283e-05
5081 1.528925e-03 2.200294e-05
5082 1.527551e-03 2.198306e-05
5083 1.526178e-03 2.196320e-05
5084 1.524807e-03 2.194336e-05
5085 1.523436e-03 2.192353e-05
5086 1.522067e-03 2.190373e-05
5087 1.520700e-03 2.188394e-05
5088 1.519333e-03 2.186417e-05
5089 1.517968e-03 2.184442e-05
5090 1.516603e-03 2.182468e-05
5091 1.515241e-03 2.180497e-05
5092 1.513879e-03 2.178527e-05
5093 1.512518e-03 2.176559e-05
5094 1.511159e-03 2.174593e-05
5095 1.509801e-03 2.172628e-05
5096 1.508444e-03 2.170665e-05
5097 1.507089e-03 2.168704e-05
5098 1.505735e-03 2.166745e-05
5099 1.504382e-03 2.164788e-05
5100 1.503030e-03 2.162832e-05
5101 1.501679e-03 2.160878e-05
5102 1.500330e-03 2.158926e-05
5103 1.498981e-03 2.156975e-05
5104 1.497634e-03 2.155027e-05
5105 1.496289e-03 2.153080e-05
5106 1.494944e-03 2.151135e-05
5107 1.493601e-03 2.149192e-05
5108 1.492259e-03 2.147250e-05
5109 1.490918e-03 2.145310e-05
5110 1.489578e-03 2.143372e-05
5111 1.488240e-03 2.141436e-05
5112 1.486902e-03 2.139501e-05
5113 1.485566e-03 2.137568e-05
5114 1.484231e-03 2.135637e-05
5115 1.482898e-03 2.133708e-05
5116 1.481565e-03 2.131780e-05
5117 1.480234e-03 2.129854e-05
5118 1.478904e-03 2.127930e-05
5119 1.477575e-03 2.126008e-05
5120 1.476248e-03 2.124087e-05
5121 1.474921e-03 2.122168e-05
5122 1.473596e-03 2.120251e-05
5123 1.472272e-03 2.118336e-05
5124 1.470949e-03 2.116422e-05
5125 1.469627e-03 2.114510e-05
5126 1.468307e-03 2.112600e-05
5127 1.466988e-03 2.110691e-05
5128 1.465670e-03 2.108785e-05
5129 1.464353e-03 2.106879e-05
5130 1.463037e-03 2.104976e-05
5131 1.461723e-03 2.103074e-05
5132 1.460409e-03 2.101175e-05
5133 1.459097e-03 2.099276e-05
5134 1.457786e-03 2.097380e-05
5135 1.456476e-03 2.095485e-05
5136 1.455168e-03 2.093592e-05
5137 1.453860e-03 2.091701e-05
5138 1.452554e-03 2.089811e-05
5139 1.451249e-03 2.087923e-05
5140 1.449945e-03 2.086037e-05
5141 1.448643e-03 2.084152e-05
5142 1.447341e-03 2.082269e-05
5143 1.446041e-03 2.080388e-05
5144 1.444742e-03 2.078509e-05
5145 1.443444e-03 2.076631e-05
5146 1.442147e-03 2.074755e-05
5147 1.440851e-03 2.072881e-05
5148 1.439557e-03 2.071008e-05
5149 1.438264e-03 2.069137e-05
5150 1.436972e-03 2.067268e-05
5151 1.435681e-03 2.065400e-05
5152 1.434391e-03 2.063534e-05
5153 1.433102e-03 2.061670e-05
5154 1.431815e-03 2.059808e-05
5155 1.430529e-03 2.057947e-05
5156 1.429243e-03 2.056088e-05
5157 1.427959e-03 2.054230e-05
5158 1.426677e-03 2.052374e-05
5159 1.425395e-03 2.050520e-05
5160 1.424115e-03 2.048668e-05
5161 1.422835e-03 2.046817e-05
5162 1.421557e-03 2.044968e-05
5163 1.420280e-03 2.043120e-05
5164 1.419004e-03 2.041275e-05
5165 1.417730e-03 2.039431e-05
5166 1.416456e-03 2.037588e-05
5167 1.415184e-03 2.035747e-05
5168 1.413912e-03 2.033908e-05
5169 1.412642e-03 2.032071e-05
5170 1.411373e-03 2.030235e-05
5171 1.410105e-03 2.028401e-05
5172 1.408839e-03 2.026569e-05
5173 1.407573e-03 2.024738e-05
5174 1.406309e-03 2.022909e-05
5175 1.405046e-03 2.021081e-05
5176 1.403784e-03 2.019255e-05
5177 1.402523e-03 2.017431e-05
5178 1.401263e-03 2.015608e-05
5179 1.400004e-03 2.013788e-05
5180 1.398747e-03 2.011968e-05
5181 1.397490e-03 2.010151e-05
5182 1.396235e-03 2.008335e-05
5183 1.394981e-03 2.006520e-05
5184 1.393728e-03 2.004708e-05
5185 1.392476e-03 2.002897e-05
5186 1.391225e-03 2.001087e-05
5187 1.389976e-03 1.999279e-05
5188 1.388727e-03 1.997473e-05
5189 1.387480e-03 1.995669e-05
5190 1.386234e-03 1.993866e-05
5191 1.384989e-03 1.992064e-05
5192 1.383745e-03 1.990265e-05
5193 1.382502e-03 1.988467e-05
5194 1.381260e-03 1.986670e-05
5195 1.380019e-03 1.984876e-05
5196 1.378780e-03 1.983082e-05
5197 1.377542e-03 1.981291e-05
5198 1.376304e-03 1.979501e-05
5199 1.375068e-03 1.977713e-05
5200 1.373833e-03 1.975926e-05
5201 1.372599e-03 1.974141e-05
5202 1.371367e-03 1.972358e-05
5203 1.370135e-03 1.970576e-05
5204 1.368904e-03 1.968795e-05
5205 1.367675e-03 1.967017e-05
5206 1.366447e-03 1.965240e-05
5207 1.365219e-03 1.963464e-05
5208 1.363993e-03 1.961691e-05
5209 1.362768e-03 1.959918e-05
5210 1.361545e-03 1.958148e-05
5211 1.360322e-03 1.956379e-05
5212 1.359100e-03 1.954611e-05
5213 1.357880e-03 1.952846e-05
5214 1.356660e-03 1.951081e-05
5215 1.355442e-03 1.949319e-05
5216 1.354224e-03 1.947558e-05
5217 1.353008e-03 1.945798e-05
5218 1.351793e-03 1.944040e-05
5219 1.350579e-03 1.942284e-05
5220 1.349366e-03 1.940530e-05
5221 1.348155e-03 1.938776e-05
5222 1.346944e-03 1.937025e-05
5223 1.345734e-03 1.935275e-05
5224 1.344526e-03 1.933527e-05
5225 1.343318e-03 1.931780e-05
5226 1.342112e-03 1.930035e-05
5227 1.340907e-03 1.928291e-05
5228 1.339703e-03 1.926549e-05
5229 1.338500e-03 1.924809e-05
5230 1.337298e-03 1.923070e-05
5231 1.336097e-03 1.921332e-05
5232 1.334897e-03 1.919597e-05
5233 1.333699e-03 1.917863e-05
5234 1.332501e-03 1.916130e-05
5235 1.331304e-03 1.914399e-05
5236 1.330109e-03 1.912669e-05
5237 1.328915e-03 1.910941e-05
5238 1.327721e-03 1.909215e-05
5239 1.326529e-03 1.907490e-05
5240 1.325338e-03 1.905767e-05
5241 1.324148e-03 1.904045e-05
5242 1.322959e-03 1.902325e-05
5243 1.321771e-03 1.900607e-05
5244 1.320584e-03 1.898890e-05
5245 1.319398e-03 1.897174e-05
5246 1.318214e-03 1.895460e-05
5247 1.317030e-03 1.893748e-05
5248 1.315848e-03 1.892037e-05
5249 1.314666e-03 1.890328e-05
5250 1.313486e-03 1.888620e-05
5251 1.312306e-03 1.886914e-05
5252 1.311128e-03 1.885209e-05
5253 1.309951e-03 1.883506e-05
5254 1.308775e-03 1.881805e-05
5255 1.307600e-03 1.880104e-05
5256 1.306426e-03 1.878406e-05
5257 1.305253e-03 1.876709e-05
5258 1.304081e-03 1.875014e-05
5259 1.302910e-03 1.873320e-05
5260 1.301740e-03 1.871627e-05
5261 1.300571e-03 1.869936e-05
5262 1.299404e-03 1.868247e-05
5263 1.298237e-03 1.866559e-05
5264 1.297072e-03 1.864873e-05
5265 1.295907e-03 1.863188e-05
5266 1.294744e-03 1.861505e-05
5267 1.293581e-03 1.859823e-05
5268 1.292420e-03 1.858143e-05
5269 1.291260e-03 1.856465e-05
5270 1.290100e-03 1.854787e-05
5271 1.288942e-03 1.853112e-05
5272 1.287785e-03 1.851438e-05
5273 1.286629e-03 1.849765e-05
5274 1.285474e-03 1.848094e-05
5275 1.284320e-03 1.846424e-05
5276 1.283167e-03 1.844756e-05
5277 1.282015e-03 1.843090e-05
5278 1.280864e-03 1.841425e-05
5279 1.279714e-03 1.839761e-05
5280 1.278565e-03 1.838099e-05
5281 1.277417e-03 1.836439e-05
5282 1.276271e-03 1.834779e-05
5283 1.275125e-03 1.833122e-05
5284 1.273980e-03 1.831466e-05
5285 1.272837e-03 1.829811e-05
5286 1.271694e-03 1.828158e-05
5287 1.270553e-03 1.826507e-05
5288 1.269412e-03 1.824857e-05
5289 1.268273e-03 1.823208e-05
5290 1.267134e-03 1.821561e-05
5291 1.265997e-03 1.819915e-05
5292 1.264860e-03 1.818271e-05
5293 1.263725e-03 1.816629e-05
5294 1.262590e-03 1.814987e-05
5295 1.261457e-03 1.813348e-05
5296 1.260325e-03 1.811709e-05
5297 1.259193e-03 1.810073e-05
5298 1.258063e-03 1.808438e-05
5299 1.256934e-03 1.806804e-05
5300 1.255806e-03 1.805171e-05
5301 1.254678e-03 1.803541e-05
5302 1.253552e-03 1.801911e-05
5303 1.252427e-03 1.800283e-05
5304 1.251303e-03 1.798657e-05
5305 1.250180e-03 1.797032e-05
5306 1.249058e-03 1.795409e-05
5307 1.247937e-03 1.793787e-05
5308 1.246816e-03 1.792166e-05
5309 1.245697e-03 1.790547e-05
5310 1.244579e-03 1.788930e-05
5311 1.243462e-03 1.787313e-05
5312 1.242346e-03 1.785699e-05
5313 1.241231e-03 1.784086e-05
5314 1.240117e-03 1.782474e-05
5315 1.239004e-03 1.780863e-05
5316 1.237892e-03 1.779255e-05
5317 1.236781e-03 1.777647e-05
5318 1.235671e-03 1.776041e-05
5319 1.234562e-03 1.774437e-05
5320 1.233454e-03 1.772834e-05
5321 1.232347e-03 1.771232e-05
5322 1.231241e-03 1.769632e-05
5323 1.230136e-03 1.768033e-05
5324 1.229032e-03 1.766436e-05
5325 1.227929e-03 1.764840e-05
5326 1.226827e-03 1.763246e-05
5327 1.225726e-03 1.761653e-05
5328 1.224626e-03 1.760061e-05
5329 1.223527e-03 1.758471e-05
5330 1.222429e-03 1.756883e-05
5331 1.221332e-03 1.755296e-05
5332 1.220236e-03 1.753710e-05
5333 1.219141e-03 1.752125e-05
5334 1.218047e-03 1.750543e-05
5335 1.216954e-03 1.748961e-05
5336 1.215861e-03 1.747381e-05
5337 1.214770e-03 1.745802e-05
5338 1.213680e-03 1.744225e-05
5339 1.212591e-03 1.742650e-05
5340 1.211503e-03 1.741075e-05
5341 1.210416e-03 1.739502e-05
5342 1.209330e-03 1.737931e-05
5343 1.208244e-03 1.736361e-05
5344 1.207160e-03 1.734792e-05
5345 1.206077e-03 1.733225e-05
5346 1.204995e-03 1.731659e-05
5347 1.203913e-03 1.730095e-05
5348 1.202833e-03 1.728532e-05
5349 1.201754e-03 1.726970e-05
5350 1.200675e-03 1.725410e-05
5351 1.199598e-03 1.723851e-05
5352 1.198522e-03 1.722294e-05
5353 1.197446e-03 1.720738e-05
5354 1.196372e-03 1.719183e-05
5355 1.195298e-03 1.717630e-05
5356 1.194226e-03 1.716079e-05
5357 1.193154e-03 1.714528e-05
5358 1.192084e-03 1.712979e-05
5359 1.191014e-03 1.711432e-05
5360 1.189945e-03 1.709886e-05
5361 1.188878e-03 1.708341e-05
5362 1.187811e-03 1.706798e-05
5363 1.186745e-03 1.705256e-05
5364 1.185680e-03 1.703715e-05
5365 1.184617e-03 1.702176e-05
5366 1.183554e-03 1.700638e-05
5367 1.182492e-03 1.699102e-05
5368 1.181431e-03 1.697567e-05
5369 1.180371e-03 1.696033e-05
5370 1.179312e-03 1.694501e-05
5371 1.178254e-03 1.692970e-05
5372 1.177197e-03 1.691441e-05
5373 1.176140e-03 1.689913e-05
5374 1.175085e-03 1.688386e-05
5375 1.174031e-03 1.686861e-05
5376 1.172978e-03 1.685337e-05
5377 1.171925e-03 1.683814e-05
5378 1.170874e-03 1.682293e-05
5379 1.169824e-03 1.680773e-05
5380 1.168774e-03 1.679255e-05
5381 1.167725e-03 1.677738e-05
5382 1.166678e-03 1.676222e-05
5383 1.165631e-03 1.674708e-05
5384 1.164586e-03 1.673195e-05
5385 1.163541e-03 1.671683e-05
5386 1.162497e-03 1.670173e-05
5387 1.161454e-03 1.668664e-05
5388 1.160412e-03 1.667157e-05
5389 1.159371e-03 1.665650e-05
5390 1.158331e-03 1.664146e-05
5391 1.157292e-03 1.662642e-05
5392 1.156254e-03 1.661140e-05
5393 1.155217e-03 1.659640e-05
5394 1.154180e-03 1.658140e-05
5395 1.153145e-03 1.656642e-05
5396 1.152111e-03 1.655146e-05
5397 1.151077e-03 1.653650e-05
5398 1.150045e-03 1.652156e-05
5399 1.149013e-03 1.650664e-05
5400 1.147982e-03 1.649173e-05
5401 1.146952e-03 1.647683e-05
5402 1.145924e-03 1.646194e-05
5403 1.144896e-03 1.644707e-05
5404 1.143869e-03 1.643221e-05
5405 1.142843e-03 1.641737e-05
5406 1.141818e-03 1.640253e-05
5407 1.140793e-03 1.638772e-05
5408 1.139770e-03 1.637291e-05
5409 1.138748e-03 1.635812e-05
5410 1.137726e-03 1.634334e-05
5411 1.136706e-03 1.632858e-05
5412 1.135686e-03 1.631383e-05
5413 1.134668e-03 1.629909e-05
5414 1.133650e-03 1.628436e-05
5415 1.132633e-03 1.626965e-05
5416 1.131617e-03 1.625495e-05
5417 1.130602e-03 1.624027e-05
5418 1.129588e-03 1.622560e-05
5419 1.128575e-03 1.621094e-05
5420 1.127563e-03 1.619629e-05
5421 1.126552e-03 1.618166e-05
5422 1.125541e-03 1.616704e-05
5423 1.124532e-03 1.615244e-05
5424 1.123523e-03 1.613784e-05
5425 1.122516e-03 1.612326e-05
5426 1.121509e-03 1.610870e-05
5427 1.120503e-03 1.609415e-05
5428 1.119498e-03 1.607961e-05
5429 1.118494e-03 1.606508e-05
5430 1.117491e-03 1.605057e-05
5431 1.116489e-03 1.603607e-05
5432 1.115488e-03 1.602158e-05
5433 1.114487e-03 1.600710e-05
5434 1.113488e-03 1.599264e-05
5435 1.112489e-03 1.597820e-05
5436 1.111492e-03 1.596376e-05
5437 1.110495e-03 1.594934e-05
5438 1.109499e-03 1.593493e-05
5439 1.108504e-03 1.592053e-05
5440 1.107510e-03 1.590615e-05
5441 1.106517e-03 1.589178e-05
5442 1.105524e-03 1.587742e-05
5443 1.104533e-03 1.586308e-05
5444 1.103543e-03 1.584875e-05
5445 1.102553e-03 1.583443e-05
5446 1.101564e-03 1.582013e-05
5447 1.100577e-03 1.580583e-05
5448 1.099590e-03 1.579156e-05
5449 1.098604e-03 1.577729e-05
5450 1.097619e-03 1.576304e-05
5451 1.096634e-03 1.574880e-05
5452 1.095651e-03 1.573457e-05
5453 1.094668e-03 1.572035e-05
5454 1.093687e-03 1.570615e-05
5455 1.092706e-03 1.569196e-05
5456 1.091726e-03 1.567779e-05
5457 1.090748e-03 1.566362e-05
5458 1.089770e-03 1.564947e-05
5459 1.088792e-03 1.563533e-05
5460 1.087816e-03 1.562121e-05
5461 1.086841e-03 1.560710e-05
5462 1.085866e-03 1.559300e-05
5463 1.084893e-03 1.557891e-05
5464 1.083920e-03 1.556483e-05
5465 1.082948e-03 1.555077e-05
5466 1.081977e-03 1.553672e-05
5467 1.081007e-03 1.552269e-05
5468 1.080038e-03 1.550867e-05
5469 1.079070e-03 1.549465e-05
5470 1.078102e-03 1.548066e-05
5471 1.077135e-03 1.546667e-05
5472 1.076170e-03 1.545270e-05
5473 1.075205e-03 1.543874e-05
5474 1.074241e-03 1.542479e-05
5475 1.073278e-03 1.541086e-05
5476 1.072316e-03 1.539693e-05
5477 1.071354e-03 1.538302e-05
5478 1.070394e-03 1.536913e-05
5479 1.069434e-03 1.535524e-05
5480 1.068475e-03 1.534137e-05
5481 1.067518e-03 1.532751e-05
5482 1.066561e-03 1.531366e-05
5483 1.065604e-03 1.529983e-05
5484 1.064649e-03 1.528601e-05
5485 1.063695e-03 1.527220e-05
5486 1.062741e-03 1.525840e-05
5487 1.061788e-03 1.524461e-05
5488 1.060837e-03 1.523084e-05
5489 1.059886e-03 1.521708e-05
5490 1.058935e-03 1.520333e-05
5491 1.057986e-03 1.518960e-05
5492 1.057038e-03 1.517588e-05
5493 1.056090e-03 1.516217e-05
5494 1.055144e-03 1.514847e-05
5495 1.054198e-03 1.513478e-05
5496 1.053253e-03 1.512111e-05
5497 1.052309e-03 1.510745e-05
5498 1.051365e-03 1.509380e-05
5499 1.050423e-03 1.508017e-05
5500 1.049481e-03 1.506654e-05
5501 1.048541e-03 1.505293e-05
5502 1.047601e-03 1.503933e-05
5503 1.046662e-03 1.502575e-05
5504 1.045724e-03 1.501217e-05
5505 1.044786e-03 1.499861e-05
5506 1.043850e-03 1.498506e-05
5507 1.042914e-03 1.497152e-05
5508 1.041979e-03 1.495800e-05
5509 1.041046e-03 1.494448e-05
5510 1.040112e-03 1.493098e-05
5511 1.039180e-03 1.491749e-05
5512 1.038249e-03 1.490402e-05
5513 1.037318e-03 1.489055e-05
5514 1.036389e-03 1.487710e-05
5515 1.035460e-03 1.486366e-05
5516 1.034532e-03 1.485023e-05
5517 1.033604e-03 1.483681e-05
5518 1.032678e-03 1.482341e-05
5519 1.031753e-03 1.481002e-05
5520 1.030828e-03 1.479664e-05
5521 1.029904e-03 1.478327e-05
5522 1.028981e-03 1.476992e-05
5523 1.028059e-03 1.475657e-05
5524 1.027137e-03 1.474324e-05
5525 1.026217e-03 1.472992e-05
5526 1.025297e-03 1.471662e-05
5527 1.024378e-03 1.470332e-05
5528 1.023460e-03 1.469004e-05
5529 1.022543e-03 1.467677e-05
5530 1.021627e-03 1.466351e-05
5531 1.020711e-03 1.465026e-05
5532 1.019797e-03 1.463702e-05
5533 1.018883e-03 1.462380e-05
5534 1.017970e-03 1.461059e-05
5535 1.017057e-03 1.459739e-05
5536 1.016146e-03 1.458420e-05
5537 1.015235e-03 1.457103e-05
5538 1.014326e-03 1.455786e-05
5539 1.013417e-03 1.454471e-05
5540 1.012509e-03 1.453157e-05
5541 1.011601e-03 1.451844e-05
5542 1.010695e-03 1.450533e-05
5543 1.009789e-03 1.449222e-05
5544 1.008884e-03 1.447913e-05
5545 1.007980e-03 1.446605e-05
5546 1.007077e-03 1.445298e-05
5547 1.006175e-03 1.443992e-05
5548 1.005273e-03 1.442688e-05
5549 1.004373e-03 1.441384e-05
5550 1.003473e-03 1.440082e-05
5551 1.002574e-03 1.438781e-05
5552 1.001675e-03 1.437482e-05
5553 1.000778e-03 1.436183e-05
5554 9.998810e-04 1.434885e-05
5555 9.989851e-04 1.433589e-05
5556 9.980901e-04 1.432294e-05
5557 9.971958e-04 1.431000e-05
5558 9.963024e-04 1.429707e-05
5559 9.954097e-04 1.428416e-05
5560 9.945179e-04 1.427125e-05
5561 9.936269e-04 1.425836e-05
5562 9.927367e-04 1.424548e-05
5563 9.918473e-04 1.423261e-05
5564 9.909586e-04 1.421975e-05
5565 9.900708e-04 1.420690e-05
5566 9.891838e-04 1.419407e-05
5567 9.882976e-04 1.418125e-05
5568 9.874122e-04 1.416843e-05
5569 9.865276e-04 1.415563e-05
5570 9.856438e-04 1.414285e-05
5571 9.847608e-04 1.413007e-05
5572 9.838786e-04 1.411730e-05
5573 9.829972e-04 1.410455e-05
5574 9.821166e-04 1.409181e-05
5575 9.812368e-04 1.407908e-05
5576 9.803578e-04 1.406636e-05
5577 9.794796e-04 1.405365e-05
5578 9.786021e-04 1.404095e-05
5579 9.777255e-04 1.402827e-05
5580 9.768497e-04 1.401559e-05
5581 9.759746e-04 1.400293e-05
5582 9.751004e-04 1.399028e-05
5583 9.742269e-04 1.397764e-05
5584 9.733542e-04 1.396502e-05
5585 9.724823e-04 1.395240e-05
5586 9.716112e-04 1.393979e-05
5587 9.707409e-04 1.392720e-05
5588 9.698714e-04 1.391462e-05
5589 9.690026e-04 1.390205e-05
5590 9.681347e-04 1.388949e-05
5591 9.672675e-04 1.387694e-05
5592 9.664011e-04 1.386440e-05
5593 9.655355e-04 1.385188e-05
5594 9.646707e-04 1.383936e-05
5595 9.638066e-04 1.382686e-05
5596 9.629434e-04 1.381437e-05
5597 9.620809e-04 1.380189e-05
5598 9.612192e-04 1.378942e-05
5599 9.603583e-04 1.377696e-05
5600 9.594982e-04 1.376452e-05
5601 9.586388e-04 1.375208e-05
5602 9.577802e-04 1.373966e-05
5603 9.569224e-04 1.372725e-05
5604 9.560654e-04 1.371484e-05
5605 9.552091e-04 1.370245e-05
5606 9.543536e-04 1.369008e-05
5607 9.534989e-04 1.367771e-05
5608 9.526450e-04 1.366535e-05
5609 9.517918e-04 1.365301e-05
5610 9.509394e-04 1.364067e-05
5611 9.500878e-04 1.362835e-05
5612 9.492369e-04 1.361604e-05
5613 9.483868e-04 1.360373e-05
5614 9.475375e-04 1.359144e-05
5615 9.466890e-04 1.357917e-05
5616 9.458412e-04 1.356690e-05
5617 9.449942e-04 1.355464e-05
5618 9.441479e-04 1.354240e-05
5619 9.433024e-04 1.353016e-05
5620 9.424577e-04 1.351794e-05
5621 9.416138e-04 1.350573e-05
5622 9.407706e-04 1.349352e-05
5623 9.399281e-04 1.348133e-05
5624 9.390865e-04 1.346916e-05
5625 9.382456e-04 1.345699e-05
5626 9.374054e-04 1.344483e-05
5627 9.365660e-04 1.343268e-05
5628 9.357274e-04 1.342055e-05
5629 9.348895e-04 1.340842e-05
5630 9.340524e-04 1.339631e-05
5631 9.332161e-04 1.338421e-05
5632 9.323805e-04 1.337212e-05
5633 9.315456e-04 1.336004e-05
5634 9.307115e-04 1.334797e-05
5635 9.298782e-04 1.333591e-05
5636 9.290456e-04 1.332386e-05
5637 9.282138e-04 1.331182e-05
5638 9.273827e-04 1.329980e-05
5639 9.265524e-04 1.328778e-05
5640 9.257228e-04 1.327578e-05
5641 9.248940e-04 1.326378e-05
5642 9.240659e-04 1.325180e-05
5643 9.232386e-04 1.323983e-05
5644 9.224120e-04 1.322787e-05
5645 9.215861e-04 1.321592e-05
5646 9.207611e-04 1.320398e-05
5647 9.199367e-04 1.319205e-05
5648 9.191131e-04 1.318013e-05
5649 9.182903e-04 1.316822e-05
5650 9.174682e-04 1.315633e-05
5651 9.166468e-04 1.314444e-05
5652 9.158262e-04 1.313257e-05
5653 9.150063e-04 1.312070e-05
5654 9.141872e-04 1.310885e-05
5655 9.133688e-04 1.309701e-05
5656 9.125511e-04 1.308517e-05
5657 9.117342e-04 1.307335e-05
5658 9.109180e-04 1.306154e-05
5659 9.101026e-04 1.304974e-05
5660 9.092879e-04 1.303795e-05
5661 9.084739e-04 1.302617e-05
5662 9.076607e-04 1.301441e-05
5663 9.068482e-04 1.300265e-05
5664 9.060365e-04 1.299090e-05
5665 9.052254e-04 1.297916e-05
5666 9.044151e-04 1.296744e-05
5667 9.036056e-04 1.295572e-05
5668 9.027967e-04 1.294402e-05
5669 9.019887e-04 1.293233e-05
5670 9.011813e-04 1.292064e-05
5671 9.003747e-04 1.290897e-05
5672 8.995687e-04 1.289731e-05
5673 8.987636e-04 1.288566e-05
5674 8.979591e-04 1.287401e-05
5675 8.971554e-04 1.286238e-05
5676 8.963524e-04 1.285076e-05
5677 8.955501e-04 1.283915e-05
5678 8.947486e-04 1.282756e-05
5679 8.939478e-04 1.281597e-05
5680 8.931477e-04 1.280439e-05
5681 8.923483e-04 1.279282e-05
5682 8.915497e-04 1.278126e-05
5683 8.907517e-04 1.276972e-05
5684 8.899545e-04 1.275818e-05
5685 8.891580e-04 1.274665e-05
5686 8.883623e-04 1.273514e-05
5687 8.875672e-04 1.272363e-05
5688 8.867729e-04 1.271214e-05
5689 8.859793e-04 1.270065e-05
5690 8.851864e-04 1.268918e-05
5691 8.843942e-04 1.267772e-05
5692 8.836028e-04 1.266626e-05
5693 8.828120e-04 1.265482e-05
5694 8.820220e-04 1.264339e-05
5695 8.812327e-04 1.263197e-05
5696 8.804441e-04 1.262055e-05
5697 8.796562e-04 1.260915e-05
5698 8.788691e-04 1.259776e-05
5699 8.780826e-04 1.258638e-05
5700 8.772969e-04 1.257501e-05
5701 8.765118e-04 1.256365e-05
5702 8.757275e-04 1.255230e-05
5703 8.749439e-04 1.254096e-05
5704 8.741610e-04 1.252963e-05
5705 8.733788e-04 1.251831e-05
5706 8.725973e-04 1.250700e-05
5707 8.718165e-04 1.249570e-05
5708 8.710364e-04 1.248441e-05
5709 8.702570e-04 1.247313e-05
5710 8.694783e-04 1.246186e-05
5711 8.687004e-04 1.245061e-05
5712 8.679231e-04 1.243936e-05
5713 8.671465e-04 1.242812e-05
5714 8.663707e-04 1.241689e-05
5715 8.655955e-04 1.240567e-05
5716 8.648211e-04 1.239447e-05
5717 8.640473e-04 1.238327e-05
5718 8.632743e-04 1.237208e-05
5719 8.625019e-04 1.236090e-05
5720 8.617302e-04 1.234974e-05
5721 8.609593e-04 1.233858e-05
5722 8.601890e-04 1.232743e-05
5723 8.594194e-04 1.231630e-05
5724 8.586506e-04 1.230517e-05
5725 8.578824e-04 1.229405e-05
5726 8.571149e-04 1.228295e-05
5727 8.563481e-04 1.227185e-05
5728 8.555820e-04 1.226076e-05
5729 8.548166e-04 1.224969e-05
5730 8.540519e-04 1.223862e-05
5731 8.532879e-04 1.222756e-05
5732 8.525246e-04 1.221652e-05
5733 8.517619e-04 1.220548e-05
5734 8.510000e-04 1.219445e-05
5735 8.502387e-04 1.218344e-05
5736 8.494782e-04 1.217243e-05
5737 8.487183e-04 1.216143e-05
5738 8.479591e-04 1.215045e-05
5739 8.472006e-04 1.213947e-05
5740 8.464428e-04 1.212850e-05
5741 8.456856e-04 1.211755e-05
5742 8.449292e-04 1.210660e-05
5743 8.441734e-04 1.209566e-05
5744 8.434183e-04 1.208473e-05
5745 8.426639e-04 1.207382e-05
5746 8.419102e-04 1.206291e-05
5747 8.411572e-04 1.205201e-05
5748 8.404048e-04 1.204112e-05
5749 8.396531e-04 1.203024e-05
5750 8.389021e-04 1.201938e-05
5751 8.381518e-04 1.200852e-05
5752 8.374022e-04 1.199767e-05
5753 8.366532e-04 1.198683e-05
5754 8.359049e-04 1.197600e-05
5755 8.351573e-04 1.196518e-05
5756 8.344104e-04 1.195437e-05
5757 8.336641e-04 1.194357e-05
5758 8.329185e-04 1.193278e-05
5759 8.321736e-04 1.192200e-05
5760 8.314294e-04 1.191123e-05
5761 8.306858e-04 1.190047e-05
5762 8.299430e-04 1.188972e-05
5763 8.292007e-04 1.187898e-05
5764 8.284592e-04 1.186824e-05
5765 8.277183e-04 1.185752e-05
5766 8.269781e-04 1.184681e-05
5767 8.262386e-04 1.183611e-05
5768 8.254997e-04 1.182541e-05
5769 8.247615e-04 1.181473e-05
5770 8.240240e-04 1.180406e-05
5771 8.232871e-04 1.179339e-05
5772 8.225509e-04 1.178274e-05
5773 8.218154e-04 1.177209e-05
5774 8.210805e-04 1.176146e-05
5775 8.203463e-04 1.175083e-05
5776 8.196128e-04 1.174022e-05
5777 8.188799e-04 1.172961e-05
5778 8.181477e-04 1.171901e-05
5779 8.174162e-04 1.170843e-05
5780 8.166853e-04 1.169785e-05
5781 8.159551e-04 1.168728e-05
5782 8.152255e-04 1.167672e-05
5783 8.144966e-04 1.166617e-05
5784 8.137683e-04 1.165563e-05
5785 8.130407e-04 1.164510e-05
5786 8.123138e-04 1.163458e-05
5787 8.115875e-04 1.162407e-05
5788 8.108619e-04 1.161357e-05
5789 8.101370e-04 1.160308e-05
5790 8.094127e-04 1.159260e-05
5791 8.086890e-04 1.158212e-05
5792 8.079660e-04 1.157166e-05
5793 8.072437e-04 1.156121e-05
5794 8.065220e-04 1.155076e-05
5795 8.058010e-04 1.154033e-05
5796 8.050806e-04 1.152990e-05
5797 8.043608e-04 1.151949e-05
5798 8.036418e-04 1.150908e-05
5799 8.029233e-04 1.149868e-05
5800 8.022056e-04 1.148829e-05
5801 8.014884e-04 1.147791e-05
5802 8.007719e-04 1.146754e-05
5803 8.000561e-04 1.145718e-05
5804 7.993409e-04 1.144683e-05
5805 7.986264e-04 1.143649e-05
5806 7.979125e-04 1.142616e-05
5807 7.971992e-04 1.141584e-05
5808 7.964866e-04 1.140552e-05
5809 7.957747e-04 1.139522e-05
5810 7.950634e-04 1.138493e-05
5811 7.943527e-04 1.137464e-05
5812 7.936427e-04 1.136436e-05
5813 7.929333e-04 1.135410e-05
5814 7.922245e-04 1.134384e-05
5815 7.915164e-04 1.133359e-05
5816 7.908090e-04 1.132335e-05
5817 7.901022e-04 1.131312e-05
5818 7.893960e-04 1.130290e-05
5819 7.886904e-04 1.129269e-05
5820 7.879855e-04 1.128249e-05
5821 7.872812e-04 1.127230e-05
5822 7.865776e-04 1.126211e-05
5823 7.858746e-04 1.125194e-05
5824 7.851723e-04 1.124177e-05
5825 7.844705e-04 1.123162e-05
5826 7.837694e-04 1.122147e-05
5827 7.830690e-04 1.121133e-05
5828 7.823692e-04 1.120120e-05
5829 7.816700e-04 1.119108e-05
5830 7.809714e-04 1.118097e-05
5831 7.802735e-04 1.117087e-05
5832 7.795762e-04 1.116078e-05
5833 7.788795e-04 1.115070e-05
5834 7.781835e-04 1.114062e-05
5835 7.774881e-04 1.113056e-05
5836 7.767933e-04 1.112050e-05
5837 7.760992e-04 1.111046e-05
5838 7.754057e-04 1.110042e-05
5839 7.747128e-04 1.109039e-05
5840 7.740205e-04 1.108037e-05
5841 7.733289e-04 1.107036e-05
5842 7.726379e-04 1.106036e-05
5843 7.719475e-04 1.105037e-05
5844 7.712577e-04 1.104038e-05
5845 7.705686e-04 1.103041e-05
5846 7.698801e-04 1.102045e-05
5847 7.691922e-04 1.101049e-05
5848 7.685049e-04 1.100054e-05
5849 7.678182e-04 1.099060e-05
5850 7.671322e-04 1.098068e-05
5851 7.664468e-04 1.097075e-05
5852 7.657620e-04 1.096084e-05
5853 7.650778e-04 1.095094e-05
5854 7.643943e-04 1.094105e-05
5855 7.637114e-04 1.093116e-05
5856 7.630291e-04 1.092129e-05
5857 7.623474e-04 1.091142e-05
5858 7.616663e-04 1.090156e-05
5859 7.609858e-04 1.089172e-05
5860 7.603060e-04 1.088188e-05
5861 7.596267e-04 1.087204e-05
5862 7.589481e-04 1.086222e-05
5863 7.582701e-04 1.085241e-05
5864 7.575927e-04 1.084260e-05
5865 7.569159e-04 1.083281e-05
5866 7.562398e-04 1.082302e-05
5867 7.555642e-04 1.081325e-05
5868 7.548893e-04 1.080348e-05
5869 7.542149e-04 1.079372e-05
5870 7.535412e-04 1.078396e-05
5871 7.528681e-04 1.077422e-05
5872 7.521956e-04 1.076449e-05
5873 7.515237e-04 1.075476e-05
5874 7.508524e-04 1.074505e-05
5875 7.501817e-04 1.073534e-05
5876 7.495116e-04 1.072564e-05
5877 7.488422e-04 1.071595e-05
5878 7.481733e-04 1.070627e-05
5879 7.475051e-04 1.069660e-05
5880 7.468374e-04 1.068693e-05
5881 7.461704e-04 1.067728e-05
5882 7.455039e-04 1.066763e-05
5883 7.448381e-04 1.065800e-05
5884 7.441728e-04 1.064837e-05
5885 7.435082e-04 1.063875e-05
5886 7.428441e-04 1.062914e-05
5887 7.421807e-04 1.061953e-05
5888 7.415179e-04 1.060994e-05
5889 7.408556e-04 1.060035e-05
5890 7.401940e-04 1.059078e-05
5891 7.395329e-04 1.058121e-05
5892 7.388725e-04 1.057165e-05
5893 7.382127e-04 1.056210e-05
5894 7.375534e-04 1.055256e-05
5895 7.368948e-04 1.054302e-05
5896 7.362367e-04 1.053350e-05
5897 7.355792e-04 1.052398e-05
5898 7.349224e-04 1.051448e-05
5899 7.342661e-04 1.050498e-05
5900 7.336104e-04 1.049549e-05
5901 7.329553e-04 1.048600e-05
5902 7.323008e-04 1.047653e-05
5903 7.316469e-04 1.046707e-05
5904 7.309936e-04 1.045761e-05
5905 7.303409e-04 1.044816e-05
5906 7.296888e-04 1.043872e-05
5907 7.290373e-04 1.042929e-05
5908 7.283863e-04 1.041987e-05
5909 7.277359e-04 1.041046e-05
5910 7.270862e-04 1.040105e-05
5911 7.264370e-04 1.039166e-05
5912 7.257884e-04 1.038227e-05
5913 7.251404e-04 1.037289e-05
5914 7.244930e-04 1.036352e-05
5915 7.238461e-04 1.035415e-05
5916 7.231999e-04 1.034480e-05
5917 7.225542e-04 1.033545e-05
5918 7.219091e-04 1.032612e-05
5919 7.212646e-04 1.031679e-05
5920 7.206207e-04 1.030747e-05
5921 7.199774e-04 1.029816e-05
5922 7.193346e-04 1.028885e-05
5923 7.186925e-04 1.027956e-05
5924 7.180509e-04 1.027027e-05
5925 7.174099e-04 1.026099e-05
5926 7.167694e-04 1.025172e-05
5927 7.161296e-04 1.024246e-05
5928 7.154903e-04 1.023321e-05
5929 7.148516e-04 1.022396e-05
5930 7.142135e-04 1.021473e-05
5931 7.135760e-04 1.020550e-05
5932 7.129390e-04 1.019628e-05
5933 7.123026e-04 1.018707e-05
5934 7.116668e-04 1.017786e-05
5935 7.110316e-04 1.016867e-05
5936 7.103969e-04 1.015948e-05
5937 7.097628e-04 1.015030e-05
5938 7.091293e-04 1.014113e-05
5939 7.084964e-04 1.013197e-05
5940 7.078640e-04 1.012282e-05
5941 7.072322e-04 1.011367e-05
5942 7.066010e-04 1.010454e-05
5943 7.059703e-04 1.009541e-05
5944 7.053403e-04 1.008629e-05
5945 7.047108e-04 1.007717e-05
5946 7.040818e-04 1.006807e-05
5947 7.034534e-04 1.005897e-05
5948 7.028256e-04 1.004989e-05
5949 7.021984e-04 1.004081e-05
5950 7.015717e-04 1.003174e-05
5951 7.009456e-04 1.002267e-05
5952 7.003201e-04 1.001362e-05
5953 6.996951e-04 1.000457e-05
5954 6.990707e-04 9.995533e-06
5955 6.984469e-04 9.986503e-06
5956 6.978236e-04 9.977481e-06
5957 6.972009e-04 9.968467e-06
5958 6.965788e-04 9.959462e-06
5959 6.959572e-04 9.950464e-06
5960 6.953362e-04 9.941474e-06
5961 6.947157e-04 9.932493e-06
5962 6.940958e-04 9.923520e-06
5963 6.934765e-04 9.914555e-06
5964 6.928577e-04 9.905598e-06
5965 6.922395e-04 9.896649e-06
5966 6.916218e-04 9.887708e-06
5967 6.910047e-04 9.878775e-06
5968 6.903882e-04 9.869850e-06
5969 6.897722e-04 9.860934e-06
5970 6.891568e-04 9.852025e-06
5971 6.885419e-04 9.843124e-06
5972 6.879276e-04 9.834232e-06
5973 6.873138e-04 9.825347e-06
5974 6.867006e-04 9.816471e-06
5975 6.860880e-04 9.807602e-06
5976 6.854759e-04 9.798742e-06
5977 6.848644e-04 9.789890e-06
5978 6.842534e-04 9.781045e-06
5979 6.836429e-04 9.772209e-06
5980 6.830331e-04 9.763380e-06
5981 6.824237e-04 9.754560e-06
5982 6.818150e-04 9.745747e-06
5983 6.812067e-04 9.736943e-06
5984 6.805991e-04 9.728146e-06
5985 6.799919e-04 9.719357e-06
5986 6.793854e-04 9.710577e-06
5987 6.787793e-04 9.701804e-06
5988 6.781739e-04 9.693039e-06
5989 6.775689e-04 9.684282e-06
5990 6.769645e-04 9.675533e-06
5991 6.763607e-04 9.666792e-06
5992 6.757574e-04 9.658059e-06
5993 6.751547e-04 9.649333e-06
5994 6.745525e-04 9.640616e-06
5995 6.739508e-04 9.631906e-06
5996 6.733497e-04 9.623205e-06
5997 6.727491e-04 9.614511e-06
5998 6.721491e-04 9.605825e-06
5999 6.715496e-04 9.597147e-06
6000 6.709507e-04 9.588476e-06
6001 6.703523e-04 9.579814e-06
6002 6.697545e-04 9.571159e-06
6003 6.691571e-04 9.562512e-06
6004 6.685604e-04 9.553873e-06
6005 6.679641e-04 9.545242e-06
6006 6.673684e-04 9.536619e-06
6007 6.667733e-04 9.528003e-06
6008 6.661787e-04 9.519395e-06
6009 6.655846e-04 9.510795e-06
6010 6.649911e-04 9.502203e-06
6011 6.643981e-04 9.493618e-06
6012 6.638056e-04 9.485042e-06
6013 6.632137e-04 9.476472e-06
6014 6.626223e-04 9.467911e-06
6015 6.620314e-04 9.459358e-06
6016 6.614411e-04 9.450812e-06
6017 6.608513e-04 9.442274e-06
6018 6.602620e-04 9.433743e-06
6019 6.596733e-04 9.425221e-06
6020 6.590851e-04 9.416706e-06
6021 6.584975e-04 9.408198e-06
6022 6.579103e-04 9.399699e-06
6023 6.573237e-04 9.391207e-06
6024 6.567377e-04 9.382722e-06
6025 6.561521e-04 9.374246e-06
6026 6.555671e-04 9.365777e-06
6027 6.549827e-04 9.357316e-06
6028 6.543987e-04 9.348862e-06
6029 6.538153e-04 9.340416e-06
6030 6.532324e-04 9.331978e-06
6031 6.526501e-04 9.323547e-06
6032 6.520682e-04 9.315124e-06
6033 6.514869e-04 9.306708e-06
6034 6.509061e-04 9.298300e-06
6035 6.503259e-04 9.289900e-06
6036 6.497461e-04 9.281507e-06
6037 6.491669e-04 9.273122e-06
6038 6.485882e-04 9.264744e-06
6039 6.480101e-04 9.256374e-06
6040 6.474325e-04 9.248012e-06
6041 6.468553e-04 9.239657e-06
6042 6.462787e-04 9.231310e-06
6043 6.457027e-04 9.222970e-06
6044 6.451271e-04 9.214638e-06
6045 6.445521e-04 9.206313e-06
6046 6.439776e-04 9.197996e-06
6047 6.434036e-04 9.189686e-06
6048 6.428301e-04 9.181384e-06
6049 6.422572e-04 9.173089e-06
6050 6.416848e-04 9.164802e-06
6051 6.411129e-04 9.156522e-06
6052 6.405415e-04 9.148250e-06
6053 6.399706e-04 9.139985e-06
6054 6.394002e-04 9.131728e-06
6055 6.388304e-04 9.123478e-06
6056 6.382610e-04 9.115236e-06
6057 6.376922e-04 9.107001e-06
6058 6.371239e-04 9.098773e-06
6059 6.365561e-04 9.090553e-06
6060 6.359889e-04 9.082340e-06
6061 6.354221e-04 9.074135e-06
6062 6.348559e-04 9.065937e-06
6063 6.342901e-04 9.057747e-06
6064 6.337249e-04 9.049564e-06
6065 6.331602e-04 9.041388e-06
6066 6.325960e-04 9.033220e-06
6067 6.320323e-04 9.025059e-06
6068 6.314692e-04 9.016906e-06
6069 6.309065e-04 9.008760e-06
6070 6.303443e-04 9.000621e-06
6071 6.297827e-04 8.992489e-06
6072 6.292215e-04 8.984365e-06
6073 6.286609e-04 8.976249e-06
6074 6.281008e-04 8.968139e-06
6075 6.275412e-04 8.960037e-06
6076 6.269821e-04 8.951942e-06
6077 6.264235e-04 8.943855e-06
6078 6.258654e-04 8.935775e-06
6079 6.253078e-04 8.927702e-06
6080 6.247507e-04 8.919637e-06
6081 6.241941e-04 8.911578e-06
6082 6.236380e-04 8.903527e-06
6083 6.230824e-04 8.895484e-06
6084 6.225273e-04 8.887447e-06
6085 6.219728e-04 8.879418e-06
6086 6.214187e-04 8.871396e-06
6087 6.208651e-04 8.863382e-06
6088 6.203121e-04 8.855374e-06
6089 6.197595e-04 8.847374e-06
6090 6.192074e-04 8.839381e-06
6091 6.186559e-04 8.831395e-06
6092 6.181048e-04 8.823417e-06
6093 6.175542e-04 8.815445e-06
6094 6.170041e-04 8.807481e-06
6095 6.164546e-04 8.799524e-06
6096 6.159055e-04 8.791575e-06
6097 6.153569e-04 8.783632e-06
6098 6.148088e-04 8.775697e-06
6099 6.142612e-04 8.767768e-06
6100 6.137141e-04 8.759847e-06
6101 6.131675e-04 8.751934e-06
6102 6.126214e-04 8.744027e-06
6103 6.120758e-04 8.736127e-06
6104 6.115307e-04 8.728235e-06
6105 6.109861e-04 8.720349e-06
6106 6.104420e-04 8.712471e-06
6107 6.098983e-04 8.704600e-06
6108 6.093552e-04 8.696736e-06
6109 6.088125e-04 8.688879e-06
6110 6.082704e-04 8.681030e-06
6111 6.077287e-04 8.673187e-06
6112 6.071875e-04 8.665351e-06
6113 6.066468e-04 8.657523e-06
6114 6.061066e-04 8.649701e-06
6115 6.055669e-04 8.641887e-06
6116 6.050277e-04 8.634080e-06
6117 6.044890e-04 8.626279e-06
6118 6.039507e-04 8.618486e-06
6119 6.034130e-04 8.610700e-06
6120 6.028757e-04 8.602921e-06
6121 6.023389e-04 8.595149e-06
6122 6.018026e-04 8.587384e-06
6123 6.012668e-04 8.579625e-06
6124 6.007315e-04 8.571874e-06
6125 6.001966e-04 8.564130e-06
6126 5.996623e-04 8.556393e-06
6127 5.991284e-04 8.548663e-06
6128 5.985950e-04 8.540940e-06
6129 5.980621e-04 8.533224e-06
6130 5.975296e-04 8.525515e-06
6131 5.969977e-04 8.517813e-06
6132 5.964662e-04 8.510117e-06
6133 5.959353e-04 8.502429e-06
6134 5.954047e-04 8.494748e-06
6135 5.948747e-04 8.487073e-06
6136 5.943452e-04 8.479406e-06
6137 5.938161e-04 8.471745e-06
6138 5.932875e-04 8.464092e-06
6139 5.927594e-04 8.456445e-06
6140 5.922318e-04 8.448805e-06
6141 5.917046e-04 8.441172e-06
6142 5.911780e-04 8.433546e-06
6143 5.906518e-04 8.425927e-06
6144 5.901260e-04 8.418315e-06
6145 5.896008e-04 8.410710e-06
6146 5.890760e-04 8.403111e-06
6147 5.885517e-04 8.395520e-06
6148 5.880279e-04 8.387935e-06
6149 5.875046e-04 8.380357e-06
6150 5.869817e-04 8.372786e-06
6151 5.864593e-04 8.365222e-06
6152 5.859374e-04 8.357664e-06
6153 5.854159e-04 8.350114e-06
6154 5.848949e-04 8.342570e-06
6155 5.843744e-04 8.335033e-06
6156 5.838544e-04 8.327503e-06
6157 5.833348e-04 8.319980e-06
6158 5.828157e-04 8.312463e-06
6159 5.822971e-04 8.304954e-06
6160 5.817789e-04 8.297451e-06
6161 5.812613e-04 8.289954e-06
6162 5.807440e-04 8.282465e-06
6163 5.802273e-04 8.274982e-06
6164 5.797110e-04 8.267507e-06
6165 5.791952e-04 8.260038e-06
6166 5.786798e-04 8.252575e-06
6167 5.781650e-04 8.245120e-06
6168 5.776505e-04 8.237671e-06
6169 5.771366e-04 8.230229e-06
6170 5.766231e-04 8.222793e-06
6171 5.761101e-04 8.215364e-06
6172 5.755975e-04 8.207942e-06
6173 5.750854e-04 8.200527e-06
6174 5.745738e-04 8.193119e-06
6175 5.740626e-04 8.185717e-06
6176 5.735519e-04 8.178321e-06
6177 5.730417e-04 8.170933e-06
6178 5.725319e-04 8.163551e-06
6179 5.720226e-04 8.156176e-06
6180 5.715137e-04 8.148807e-06
6181 5.710054e-04 8.141445e-06
6182 5.704974e-04 8.134090e-06
6183 5.699899e-04 8.126742e-06
6184 5.694829e-04 8.119400e-06
6185 5.689764e-04 8.112064e-06
6186 5.684703e-04 8.104736e-06
6187 5.679646e-04 8.097414e-06
6188 5.674595e-04 8.090098e-06
6189 5.669547e-04 8.082789e-06
6190 5.664505e-04 8.075487e-06
6191 5.659467e-04 8.068192e-06
6192 5.654433e-04 8.060903e-06
6193 5.649404e-04 8.053620e-06
6194 5.644380e-04 8.046344e-06
6195 5.639360e-04 8.039075e-06
6196 5.634344e-04 8.031812e-06
6197 5.629334e-04 8.024556e-06
6198 5.624327e-04 8.017306e-06
6199 5.619326e-04 8.010063e-06
6200 5.614328e-04 8.002827e-06
6201 5.609336e-04 7.995597e-06
6202 5.604348e-04 7.988373e-06
6203 5.599364e-04 7.981156e-06
6204 5.594385e-04 7.973946e-06
6205 5.589410e-04 7.966742e-06
6206 5.584440e-04 7.959545e-06
6207 5.579474e-04 7.952354e-06
6208 5.574513e-04 7.945169e-06
6209 5.569557e-04 7.937992e-06
6210 5.564605e-04 7.930820e-06
6211 5.559657e-04 7.923655e-06
6212 5.554714e-04 7.916497e-06
6213 5.549775e-04 7.909345e-06
6214 5.544841e-04 7.902199e-06
6215 5.539911e-04 7.895060e-06
6216 5.534986e-04 7.887928e-06
6217 5.530065e-04 7.880801e-06
6218 5.525149e-04 7.873682e-06
6219 5.520237e-04 7.866568e-06
6220 5.515329e-04 7.859461e-06
6221 5.510426e-04 7.852361e-06
6222 5.505528e-04 7.845267e-06
6223 5.500633e-04 7.838179e-06
6224 5.495744e-04 7.831098e-06
6225 5.490858e-04 7.824023e-06
6226 5.485978e-04 7.816955e-06
6227 5.481101e-04 7.809893e-06
6228 5.476229e-04 7.802837e-06
6229 5.471361e-04 7.795788e-06
6230 5.466498e-04 7.788745e-06
6231 5.461639e-04 7.781708e-06
6232 5.456785e-04 7.774678e-06
6233 5.451935e-04 7.767654e-06
6234 5.447089e-04 7.760637e-06
6235 5.442248e-04 7.753625e-06
6236 5.437411e-04 7.746620e-06
6237 5.432579e-04 7.739622e-06
6238 5.427751e-04 7.732630e-06
6239 5.422927e-04 7.725644e-06
6240 5.418108e-04 7.718664e-06
6241 5.413293e-04 7.711691e-06
6242 5.408482e-04 7.704724e-06
6243 5.403676e-04 7.697763e-06
6244 5.398874e-04 7.690809e-06
6245 5.394076e-04 7.683861e-06
6246 5.389283e-04 7.676919e-06
6247 5.384494e-04 7.669983e-06
6248 5.379710e-04 7.663054e-06
6249 5.374929e-04 7.656131e-06
6250 5.370153e-04 7.649214e-06
6251 5.365382e-04 7.642304e-06
6252 5.360615e-04 7.635400e-06
6253 5.355852e-04 7.628502e-06
6254 5.351093e-04 7.621610e-06
6255 5.346339e-04 7.614724e-06
6256 5.341589e-04 7.607845e-06
6257 5.336843e-04 7.600972e-06
6258 5.332102e-04 7.594105e-06
6259 5.327365e-04 7.587244e-06
6260 5.322632e-04 7.580389e-06
6261 5.317903e-04 7.573541e-06
6262 5.313179e-04 7.566699e-06
6263 5.308459e-04 7.559863e-06
6264 5.303743e-04 7.553033e-06
6265 5.299032e-04 7.546209e-06
6266 5.294325e-04 7.539392e-06
6267 5.289622e-04 7.532581e-06
6268 5.284923e-04 7.525776e-06
6269 5.280229e-04 7.518976e-06
6270 5.275539e-04 7.512184e-06
6271 5.270853e-04 7.505397e-06
6272 5.266171e-04 7.498616e-06
6273 5.261494e-04 7.491842e-06
6274 5.256821e-04 7.485073e-06
6275 5.252152e-04 7.478311e-06
6276 5.247487e-04 7.471555e-06
6277 5.242827e-04 7.464805e-06
6278 5.238171e-04 7.458061e-06
6279 5.233519e-04 7.451323e-06
6280 5.228871e-04 7.444592e-06
6281 5.224227e-04 7.437866e-06
6282 5.219588e-04 7.431146e-06
6283 5.214953e-04 7.424433e-06
6284 5.210322e-04 7.417725e-06
6285 5.205695e-04 7.411024e-06
6286 5.201072e-04 7.404329e-06
6287 5.196454e-04 7.397639e-06
6288 5.191839e-04 7.390956e-06
6289 5.187229e-04 7.384279e-06
6290 5.182624e-04 7.377608e-06
6291 5.178022e-04 7.370942e-06
6292 5.173424e-04 7.364283e-06
6293 5.168831e-04 7.357630e-06
6294 5.164242e-04 7.350983e-06
6295 5.159657e-04 7.344342e-06
6296 5.155076e-04 7.337707e-06
6297 5.150499e-04 7.331078e-06
6298 5.145926e-04 7.324455e-06
6299 5.141358e-04 7.317838e-06
6300 5.136794e-04 7.311226e-06
6301 5.132233e-04 7.304621e-06
6302 5.127677e-04 7.298022e-06
6303 5.123125e-04 7.291429e-06
6304 5.118578e-04 7.284841e-06
6305 5.114034e-04 7.278260e-06
6306 5.109494e-04 7.271685e-06
6307 5.104959e-04 7.265115e-06
6308 5.100427e-04 7.258552e-06
6309 5.095900e-04 7.251994e-06
6310 5.091377e-04 7.245442e-06
6311 5.086858e-04 7.238897e-06
6312 5.082343e-04 7.232357e-06
6313 5.077832e-04 7.225823e-06
6314 5.073325e-04 7.219295e-06
6315 5.068823e-04 7.212773e-06
6316 5.064324e-04 7.206257e-06
6317 5.059830e-04 7.199746e-06
6318 5.055339e-04 7.193242e-06
6319 5.050853e-04 7.186743e-06
6320 5.046370e-04 7.180250e-06
6321 5.041892e-04 7.173764e-06
6322 5.037418e-04 7.167283e-06
6323 5.032948e-04 7.160807e-06
6324 5.028482e-04 7.154338e-06
6325 5.024019e-04 7.147875e-06
6326 5.019561e-04 7.141417e-06
6327 5.015107e-04 7.134965e-06
6328 5.010657e-04 7.128519e-06
6329 5.006212e-04 7.122079e-06
6330 5.001770e-04 7.115645e-06
6331 4.997332e-04 7.109216e-06
6332 4.992898e-04 7.102794e-06
6333 4.988468e-04 7.096377e-06
6334 4.984042e-04 7.089966e-06
6335 4.979620e-04 7.083560e-06
6336 4.975203e-04 7.077161e-06
6337 4.970789e-04 7.070767e-06
6338 4.966379e-04 7.064379e-06
6339 4.961973e-04 7.057997e-06
6340 4.957571e-04 7.051621e-06
6341 4.953174e-04 7.045250e-06
6342 4.948780e-04 7.038885e-06
6343 4.944390e-04 7.032526e-06
6344 4.940004e-04 7.026173e-06
6345 4.935622e-04 7.019825e-06
6346 4.931244e-04 7.013483e-06
6347 4.926870e-04 7.007147e-06
6348 4.922500e-04 7.000816e-06
6349 4.918134e-04 6.994492e-06
6350 4.913772e-04 6.988173e-06
6351 4.909414e-04 6.981859e-06
6352 4.905060e-04 6.975552e-06
6353 4.900709e-04 6.969250e-06
6354 4.896363e-04 6.962953e-06
6355 4.892021e-04 6.956663e-06
6356 4.887682e-04 6.950378e-06
6357 4.883348e-04 6.944099e-06
6358 4.879017e-04 6.937825e-06
6359 4.874690e-04 6.931557e-06
6360 4.870368e-04 6.925295e-06
6361 4.866049e-04 6.919039e-06
6362 4.861734e-04 6.912788e-06
6363 4.857423e-04 6.906543e-06
6364 4.853116e-04 6.900303e-06
6365 4.848813e-04 6.894069e-06
6366 4.844513e-04 6.887841e-06
6367 4.840218e-04 6.881618e-06
6368 4.835927e-04 6.875401e-06
6369 4.831639e-04 6.869190e-06
6370 4.827355e-04 6.862984e-06
6371 4.823075e-04 6.856783e-06
6372 4.818799e-04 6.850589e-06
6373 4.814527e-04 6.844400e-06
6374 4.810259e-04 6.838216e-06
6375 4.805995e-04 6.832039e-06
6376 4.801734e-04 6.825866e-06
6377 4.797478e-04 6.819700e-06
6378 4.793225e-04 6.813538e-06
6379 4.788976e-04 6.807383e-06
6380 4.784731e-04 6.801233e-06
6381 4.780490e-04 6.795088e-06
6382 4.776252e-04 6.788949e-06
6383 4.772019e-04 6.782816e-06
6384 4.767789e-04 6.776688e-06
6385 4.763563e-04 6.770566e-06
6386 4.759341e-04 6.764449e-06
6387 4.755123e-04 6.758338e-06
6388 4.750909e-04 6.752232e-06
6389 4.746698e-04 6.746132e-06
6390 4.742491e-04 6.740038e-06
6391 4.738288e-04 6.733948e-06
6392 4.734089e-04 6.727865e-06
6393 4.729894e-04 6.721787e-06
6394 4.725702e-04 6.715714e-06
6395 4.721515e-04 6.709647e-06
6396 4.717331e-04 6.703585e-06
6397 4.713151e-04 6.697529e-06
6398 4.708974e-04 6.691478e-06
6399 4.704802e-04 6.685433e-06
6400 4.700633e-04 6.679393e-06
6401 4.696468e-04 6.673359e-06
6402 4.692307e-04 6.667330e-06
6403 4.688149e-04 6.661306e-06
6404 4.683996e-04 6.655288e-06
6405 4.679846e-04 6.649275e-06
6406 4.675700e-04 6.643268e-06
6407 4.671557e-04 6.637267e-06
6408 4.667418e-04 6.631270e-06
6409 4.663284e-04 6.625279e-06
6410 4.659152e-04 6.619294e-06
6411 4.655025e-04 6.613314e-06
6412 4.650901e-04 6.607339e-06
6413 4.646781e-04 6.601370e-06
6414 4.642665e-04 6.595406e-06
6415 4.638553e-04 6.589447e-06
6416 4.634444e-04 6.583494e-06
6417 4.630339e-04 6.577547e-06
6418 4.626238e-04 6.571604e-06
6419 4.622140e-04 6.565667e-06
6420 4.618046e-04 6.559736e-06
6421 4.613956e-04 6.553809e-06
6422 4.609870e-04 6.547888e-06
6423 4.605787e-04 6.541973e-06
6424 4.601708e-04 6.536063e-06
6425 4.597633e-04 6.530158e-06
6426 4.593561e-04 6.524258e-06
6427 4.589493e-04 6.518364e-06
6428 4.585429e-04 6.512475e-06
6429 4.581368e-04 6.506591e-06
6430 4.577311e-04 6.500713e-06
6431 4.573258e-04 6.494840e-06
6432 4.569209e-04 6.488973e-06
6433 4.565163e-04 6.483110e-06
6434 4.561120e-04 6.477253e-06
6435 4.557082e-04 6.471401e-06
6436 4.553047e-04 6.465555e-06
6437 4.549016e-04 6.459714e-06
6438 4.544988e-04 6.453878e-06
6439 4.540964e-04 6.448047e-06
6440 4.536944e-04 6.442222e-06
6441 4.532927e-04 6.436402e-06
6442 4.528914e-04 6.430587e-06
6443 4.524905e-04 6.424777e-06
6444 4.520899e-04 6.418973e-06
6445 4.516897e-04 6.413174e-06
6446 4.512899e-04 6.407380e-06
6447 4.508904e-04 6.401591e-06
6448 4.504913e-04 6.395808e-06
6449 4.500925e-04 6.390030e-06
6450 4.496941e-04 6.384257e-06
6451 4.492961e-04 6.378489e-06
6452 4.488984e-04 6.372727e-06
6453 4.485011e-04 6.366969e-06
6454 4.481041e-04 6.361217e-06
6455 4.477075e-04 6.355470e-06
6456 4.473113e-04 6.349728e-06
6457 4.469154e-04 6.343992e-06
6458 4.465199e-04 6.338260e-06
6459 4.461248e-04 6.332534e-06
6460 4.457300e-04 6.326813e-06
6461 4.453355e-04 6.321097e-06
6462 4.449414e-04 6.315387e-06
6463 4.445477e-04 6.309681e-06
6464 4.441543e-04 6.303981e-06
6465 4.437613e-04 6.298286e-06
6466 4.433687e-04 6.292596e-06
6467 4.429764e-04 6.286911e-06
6468 4.425844e-04 6.281231e-06
6469 4.421928e-04 6.275556e-06
6470 4.418016e-04 6.269887e-06
6471 4.414107e-04 6.264222e-06
6472 4.410202e-04 6.258563e-06
6473 4.406300e-04 6.252909e-06
6474 4.402402e-04 6.247260e-06
6475 4.398507e-04 6.241616e-06
6476 4.394616e-04 6.235977e-06
6477 4.390728e-04 6.230343e-06
6478 4.386844e-04 6.224714e-06
6479 4.382964e-04 6.219091e-06
6480 4.379087e-04 6.213472e-06
6481 4.375213e-04 6.207859e-06
6482 4.371343e-04 6.202250e-06
6483 4.367477e-04 6.196647e-06
6484 4.363614e-04 6.191049e-06
6485 4.359754e-04 6.185456e-06
6486 4.355898e-04 6.179867e-06
6487 4.352046e-04 6.174284e-06
6488 4.348197e-04 6.168706e-06
6489 4.344351e-04 6.163133e-06
6490 4.340509e-04 6.157565e-06
6491 4.336671e-04 6.152002e-06
6492 4.332836e-04 6.146444e-06
6493 4.329004e-04 6.140892e-06
6494 4.325176e-04 6.135344e-06
6495 4.321352e-04 6.129801e-06
6496 4.317530e-04 6.124263e-06
6497 4.313713e-04 6.118730e-06
6498 4.309899e-04 6.113202e-06
6499 4.306088e-04 6.107679e-06
6500 4.302280e-04 6.102161e-06
6501 4.298477e-04 6.096649e-06
6502 4.294676e-04 6.091141e-06
6503 4.290879e-04 6.085638e-06
6504 4.287086e-04 6.080140e-06
6505 4.283296e-04 6.074647e-06
6506 4.279509e-04 6.069159e-06
6507 4.275726e-04 6.063676e-06
6508 4.271946e-04 6.058198e-06
6509 4.268170e-04 6.052724e-06
6510 4.264397e-04 6.047256e-06
6511 4.260627e-04 6.041793e-06
6512 4.256861e-04 6.036334e-06
6513 4.253098e-04 6.030881e-06
6514 4.249339e-04 6.025433e-06
6515 4.245583e-04 6.019989e-06
6516 4.241831e-04 6.014550e-06
6517 4.238082e-04 6.009117e-06
6518 4.234336e-04 6.003688e-06
6519 4.230594e-04 5.998264e-06
6520 4.226855e-04 5.992845e-06
6521 4.223120e-04 5.987431e-06
6522 4.219388e-04 5.982021e-06
6523 4.215659e-04 5.976617e-06
6524 4.211934e-04 5.971218e-06
6525 4.208212e-04 5.965823e-06
6526 4.204493e-04 5.960433e-06
6527 4.200778e-04 5.955048e-06
6528 4.197066e-04 5.949668e-06
6529 4.193358e-04 5.944293e-06
6530 4.189653e-04 5.938923e-06
6531 4.185951e-04 5.933558e-06
6532 4.182253e-04 5.928197e-06
6533 4.178558e-04 5.922841e-06
6534 4.174866e-04 5.917490e-06
6535 4.171178e-04 5.912144e-06
6536 4.167493e-04 5.906803e-06
6537 4.163811e-04 5.901467e-06
6538 4.160133e-04 5.896135e-06
6539 4.156458e-04 5.890808e-06
6540 4.152786e-04 5.885486e-06
6541 4.149118e-04 5.880169e-06
6542 4.145453e-04 5.874857e-06
6543 4.141792e-04 5.869549e-06
6544 4.138133e-04 5.864247e-06
6545 4.134478e-04 5.858949e-06
6546 4.130827e-04 5.853656e-06
6547 4.127178e-04 5.848367e-06
6548 4.123533e-04 5.843084e-06
6549 4.119891e-04 5.837805e-06
6550 4.116253e-04 5.832531e-06
6551 4.112618e-04 5.827261e-06
6552 4.108986e-04 5.821997e-06
6553 4.105358e-04 5.816737e-06
6554 4.101732e-04 5.811482e-06
6555 4.098110e-04 5.806232e-06
6556 4.094492e-04 5.800986e-06
6557 4.090876e-04 5.795745e-06
6558 4.087264e-04 5.790509e-06
6559 4.083655e-04 5.785278e-06
6560 4.080050e-04 5.780051e-06
6561 4.076448e-04 5.774829e-06
6562 4.072849e-04 5.769612e-06
6563 4.069253e-04 5.764400e-06
6564 4.065660e-04 5.759192e-06
6565 4.062071e-04 5.753989e-06
6566 4.058485e-04 5.748791e-06
6567 4.054902e-04 5.743597e-06
6568 4.051323e-04 5.738408e-06
6569 4.047747e-04 5.733224e-06
6570 4.044174e-04 5.728044e-06
6571 4.040604e-04 5.722869e-06
6572 4.037037e-04 5.717699e-06
6573 4.033474e-04 5.712533e-06
6574 4.029914e-04 5.707373e-06
6575 4.026357e-04 5.702216e-06
6576 4.022804e-04 5.697065e-06
6577 4.019253e-04 5.691918e-06
6578 4.015706e-04 5.686776e-06
6579 4.012162e-04 5.681638e-06
6580 4.008622e-04 5.676505e-06
6581 4.005084e-04 5.671377e-06
6582 4.001550e-04 5.666253e-06
6583 3.998019e-04 5.661134e-06
6584 3.994491e-04 5.656019e-06
6585 3.990966e-04 5.650910e-06
6586 3.987445e-04 5.645804e-06
6587 3.983927e-04 5.640704e-06
6588 3.980412e-04 5.635608e-06
6589 3.976900e-04 5.630516e-06
6590 3.973391e-04 5.625429e-06
6591 3.969886e-04 5.620347e-06
6592 3.966383e-04 5.615270e-06
6593 3.962884e-04 5.610197e-06
6594 3.959388e-04 5.605128e-06
6595 3.955895e-04 5.600064e-06
6596 3.952406e-04 5.595005e-06
6597 3.948919e-04 5.589950e-06
6598 3.945436e-04 5.584900e-06
6599 3.941956e-04 5.579855e-06
6600 3.938479e-04 5.574814e-06
6601 3.935005e-04 5.569777e-06
6602 3.931534e-04 5.564745e-06
6603 3.928067e-04 5.559718e-06
6604 3.924603e-04 5.554695e-06
6605 3.921141e-04 5.549677e-06
6606 3.917683e-04 5.544663e-06
6607 3.914228e-04 5.539654e-06
6608 3.910776e-04 5.534649e-06
6609 3.907328e-04 5.529649e-06
6610 3.903882e-04 5.524653e-06
6611 3.900440e-04 5.519662e-06
6612 3.897000e-04 5.514675e-06
6613 3.893564e-04 5.509693e-06
6614 3.890131e-04 5.504715e-06
6615 3.886701e-04 5.499742e-06
6616 3.883274e-04 5.494774e-06
6617 3.879851e-04 5.489810e-06
6618 3.876430e-04 5.484850e-06
6619 3.873013e-04 5.479895e-06
6620 3.869598e-04 5.474944e-06
6621 3.866187e-04 5.469998e-06
6622 3.862779e-04 5.465056e-06
6623 3.859374e-04 5.460119e-06
6624 3.855972e-04 5.455186e-06
6625 3.852573e-04 5.450257e-06
6626 3.849177e-04 5.445333e-06
6627 3.845784e-04 5.440414e-06
6628 3.842394e-04 5.435499e-06
6629 3.839008e-04 5.430588e-06
6630 3.835624e-04 5.425682e-06
6631 3.832244e-04 5.420780e-06
6632 3.828866e-04 5.415883e-06
6633 3.825492e-04 5.410990e-06
6634 3.822121e-04 5.406102e-06
6635 3.818753e-04 5.401218e-06
6636 3.815387e-04 5.396338e-06
6637 3.812025e-04 5.391463e-06
6638 3.808666e-04 5.386592e-06
6639 3.805310e-04 5.381725e-06
6640 3.801957e-04 5.376863e-06
6641 3.798607e-04 5.372006e-06
6642 3.795261e-04 5.367152e-06
6643 3.791917e-04 5.362304e-06
6644 3.788576e-04 5.357459e-06
6645 3.785238e-04 5.352619e-06
6646 3.781903e-04 5.347783e-06
6647 3.778572e-04 5.342952e-06
6648 3.775243e-04 5.338125e-06
6649 3.771917e-04 5.333302e-06
6650 3.768595e-04 5.328484e-06
6651 3.765275e-04 5.323670e-06
6652 3.761959e-04 5.318860e-06
6653 3.758645e-04 5.314055e-06
6654 3.755334e-04 5.309254e-06
6655 3.752027e-04 5.304458e-06
6656 3.748722e-04 5.299665e-06
6657 3.745421e-04 5.294878e-06
6658 3.742122e-04 5.290094e-06
6659 3.738827e-04 5.285315e-06
6660 3.735534e-04 5.280540e-06
6661 3.732244e-04 5.275769e-06
6662 3.728958e-04 5.271003e-06
6663 3.725674e-04 5.266241e-06
6664 3.722393e-04 5.261483e-06
6665 3.719116e-04 5.256730e-06
6666 3.715841e-04 5.251981e-06
6667 3.712569e-04 5.247236e-06
6668 3.709301e-04 5.242495e-06
6669 3.706035e-04 5.237759e-06
6670 3.702772e-04 5.233027e-06
6671 3.699512e-04 5.228299e-06
6672 3.696255e-04 5.223576e-06
6673 3.693001e-04 5.218857e-06
6674 3.689750e-04 5.214142e-06
6675 3.686502e-04 5.209431e-06
6676 3.683257e-04 5.204725e-06
6677 3.680015e-04 5.200023e-06
6678 3.676776e-04 5.195325e-06
6679 3.673540e-04 5.190631e-06
6680 3.670306e-04 5.185942e-06
6681 3.667076e-04 5.181257e-06
6682 3.663849e-04 5.176576e-06
6683 3.660624e-04 5.171899e-06
6684 3.657403e-04 5.167227e-06
6685 3.654184e-04 5.162558e-06
6686 3.650968e-04 5.157894e-06
6687 3.647755e-04 5.153234e-06
6688 3.644546e-04 5.148579e-06
6689 3.641339e-04 5.143927e-06
6690 3.638134e-04 5.139280e-06
6691 3.634933e-04 5.134637e-06
6692 3.631735e-04 5.129998e-06
6693 3.628540e-04 5.125364e-06
6694 3.625347e-04 5.120733e-06
6695 3.622158e-04 5.116107e-06
6696 3.618971e-04 5.111485e-06
6697 3.615787e-04 5.106867e-06
6698 3.612607e-04 5.102253e-06
6699 3.609429e-04 5.097644e-06
6700 3.606254e-04 5.093039e-06
6701 3.603081e-04 5.088437e-06
6702 3.599912e-04 5.083840e-06
6703 3.596746e-04 5.079247e-06
6704 3.593582e-04 5.074659e-06
6705 3.590421e-04 5.070074e-06
6706 3.587264e-04 5.065493e-06
6707 3.584109e-04 5.060917e-06
6708 3.580957e-04 5.056345e-06
6709 3.577807e-04 5.051777e-06
6710 3.574661e-04 5.047213e-06
6711 3.571517e-04 5.042653e-06
6712 3.568377e-04 5.038097e-06
6713 3.565239e-04 5.033546e-06
6714 3.562104e-04 5.028998e-06
6715 3.558972e-04 5.024455e-06
6716 3.555843e-04 5.019916e-06
6717 3.552716e-04 5.015380e-06
6718 3.549593e-04 5.010849e-06
6719 3.546472e-04 5.006322e-06
6720 3.543354e-04 5.001799e-06
6721 3.540239e-04 4.997281e-06
6722 3.537127e-04 4.992766e-06
6723 3.534018e-04 4.988255e-06
6724 3.530911e-04 4.983749e-06
6725 3.527807e-04 4.979246e-06
6726 3.524706e-04 4.974748e-06
6727 3.521608e-04 4.970253e-06
6728 3.518513e-04 4.965763e-06
6729 3.515420e-04 4.961277e-06
6730 3.512331e-04 4.956795e-06
6731 3.509244e-04 4.952317e-06
6732 3.506160e-04 4.947843e-06
6733 3.503079e-04 4.943372e-06
6734 3.500000e-04 4.938906e-06
6735 3.496924e-04 4.934444e-06
6736 3.493852e-04 4.929987e-06
6737 3.490781e-04 4.925533e-06
6738 3.487714e-04 4.921083e-06
6739 3.484650e-04 4.916637e-06
6740 3.481588e-04 4.912195e-06
6741 3.478529e-04 4.907757e-06
6742 3.475473e-04 4.903323e-06
6743 3.472420e-04 4.898893e-06
6744 3.469369e-04 4.894468e-06
6745 3.466321e-04 4.890046e-06
6746 3.463276e-04 4.885628e-06
6747 3.460234e-04 4.881214e-06
6748 3.457194e-04 4.876804e-06
6749 3.454157e-04 4.872398e-06
6750 3.451123e-04 4.867996e-06
6751 3.448092e-04 4.863599e-06
6752 3.445064e-04 4.859205e-06
6753 3.442038e-04 4.854815e-06
6754 3.439015e-04 4.850429e-06
6755 3.435995e-04 4.846047e-06
6756 3.432977e-04 4.841668e-06
6757 3.429962e-04 4.837294e-06
6758 3.426950e-04 4.832924e-06
6759 3.423941e-04 4.828558e-06
6760 3.420935e-04 4.824196e-06
6761 3.417931e-04 4.819837e-06
6762 3.414930e-04 4.815483e-06
6763 3.411931e-04 4.811132e-06
6764 3.408936e-04 4.806786e-06
6765 3.405943e-04 4.802443e-06
6766 3.402953e-04 4.798105e-06
6767 3.399965e-04 4.793770e-06
6768 3.396980e-04 4.789439e-06
6769 3.393998e-04 4.785112e-06
6770 3.391019e-04 4.780789e-06
6771 3.388042e-04 4.776470e-06
6772 3.385068e-04 4.772155e-06
6773 3.382097e-04 4.767843e-06
6774 3.379129e-04 4.763536e-06
6775 3.376163e-04 4.759232e-06
6776 3.373200e-04 4.754933e-06
6777 3.370239e-04 4.750637e-06
6778 3.367282e-04 4.746345e-06
6779 3.364327e-04 4.742057e-06
6780 3.361374e-04 4.737773e-06
6781 3.358425e-04 4.733492e-06
6782 3.355478e-04 4.729216e-06
6783 3.352533e-04 4.724943e-06
6784 3.349592e-04 4.720675e-06
6785 3.346653e-04 4.716410e-06
6786 3.343716e-04 4.712149e-06
6787 3.340783e-04 4.707892e-06
6788 3.337852e-04 4.703639e-06
6789 3.334923e-04 4.699389e-06
6790 3.331998e-04 4.695144e-06
6791 3.329075e-04 4.690902e-06
6792 3.326155e-04 4.686664e-06
6793 3.323237e-04 4.682430e-06
6794 3.320322e-04 4.678200e-06
6795 3.317410e-04 4.673973e-06
6796 3.314500e-04 4.669750e-06
6797 3.311593e-04 4.665532e-06
6798 3.308688e-04 4.661317e-06
6799 3.305787e-04 4.657105e-06
6800 3.302887e-04 4.652898e-06
6801 3.299991e-04 4.648694e-06
6802 3.297097e-04 4.644495e-06
6803 3.294206e-04 4.640299e-06
6804 3.291317e-04 4.636106e-06
6805 3.288431e-04 4.631918e-06
6806 3.285548e-04 4.627733e-06
6807 3.282667e-04 4.623552e-06
6808 3.279789e-04 4.619375e-06
6809 3.276914e-04 4.615202e-06
6810 3.274041e-04 4.611033e-06
6811 3.271170e-04 4.606867e-06
6812 3.268303e-04 4.602705e-06
6813 3.265438e-04 4.598547e-06
6814 3.262575e-04 4.594392e-06
6815 3.259715e-04 4.590241e-06
6816 3.256858e-04 4.586094e-06
6817 3.254003e-04 4.581951e-06
6818 3.251151e-04 4.577812e-06
6819 3.248302e-04 4.573676e-06
6820 3.245455e-04 4.569544e-06
6821 3.242611e-04 4.565415e-06
6822 3.239769e-04 4.561291e-06
6823 3.236930e-04 4.557170e-06
6824 3.234093e-04 4.553053e-06
6825 3.231260e-04 4.548940e-06
6826 3.228428e-04 4.544830e-06
6827 3.225599e-04 4.540724e-06
6828 3.222773e-04 4.536622e-06
6829 3.219949e-04 4.532523e-06
6830 3.217128e-04 4.528428e-06
6831 3.214310e-04 4.524337e-06
6832 3.211494e-04 4.520250e-06
6833 3.208681e-04 4.516166e-06
6834 3.205870e-04 4.512086e-06
6835 3.203061e-04 4.508010e-06
6836 3.200256e-04 4.503937e-06
6837 3.197453e-04 4.499868e-06
6838 3.194652e-04 4.495802e-06
6839 3.191854e-04 4.491741e-06
6840 3.189058e-04 4.487683e-06
6841 3.186265e-04 4.483628e-06
6842 3.183475e-04 4.479578e-06
6843 3.180687e-04 4.475531e-06
6844 3.177902e-04 4.471487e-06
6845 3.175119e-04 4.467448e-06
6846 3.172339e-04 4.463412e-06
6847 3.169561e-04 4.459379e-06
6848 3.166786e-04 4.455350e-06
6849 3.164013e-04 4.451325e-06
6850 3.161243e-04 4.447304e-06
6851 3.158475e-04 4.443286e-06
6852 3.155710e-04 4.439272e-06
6853 3.152947e-04 4.435261e-06
6854 3.150187e-04 4.431254e-06
6855 3.147429e-04 4.427251e-06
6856 3.144674e-04 4.423251e-06
6857 3.141922e-04 4.419255e-06
6858 3.139172e-04 4.415262e-06
6859 3.136424e-04 4.411274e-06
6860 3.133679e-04 4.407288e-06
6861 3.130936e-04 4.403307e-06
6862 3.128196e-04 4.399328e-06
6863 3.125459e-04 4.395354e-06
6864 3.122723e-04 4.391383e-06
6865 3.119991e-04 4.387416e-06
6866 3.117261e-04 4.383452e-06
6867 3.114533e-04 4.379492e-06
6868 3.111808e-04 4.375535e-06
6869 3.109085e-04 4.371582e-06
6870 3.106365e-04 4.367633e-06
6871 3.103647e-04 4.363687e-06
6872 3.100932e-04 4.359745e-06
6873 3.098219e-04 4.355806e-06
6874 3.095509e-04 4.351871e-06
6875 3.092801e-04 4.347939e-06
6876 3.090095e-04 4.344011e-06
6877 3.087393e-04 4.340086e-06
6878 3.084692e-04 4.336165e-06
6879 3.081994e-04 4.332248e-06
6880 3.079298e-04 4.328334e-06
6881 3.076605e-04 4.324424e-06
6882 3.073915e-04 4.320517e-06
6883 3.071227e-04 4.316613e-06
6884 3.068541e-04 4.312714e-06
6885 3.065857e-04 4.308817e-06
6886 3.063177e-04 4.304925e-06
6887 3.060498e-04 4.301035e-06
6888 3.057822e-04 4.297150e-06
6889 3.055149e-04 4.293268e-06
6890 3.052477e-04 4.289389e-06
6891 3.049809e-04 4.285514e-06
6892 3.047142e-04 4.281642e-06
6893 3.044479e-04 4.277774e-06
6894 3.041817e-04 4.273909e-06
6895 3.039158e-04 4.270048e-06
6896 3.036502e-04 4.266190e-06
6897 3.033847e-04 4.262336e-06
6898 3.031196e-04 4.258485e-06
6899 3.028546e-04 4.254638e-06
6900 3.025899e-04 4.250794e-06
6901 3.023255e-04 4.246954e-06
6902 3.020613e-04 4.243117e-06
6903 3.017973e-04 4.239284e-06
6904 3.015336e-04 4.235454e-06
6905 3.012701e-04 4.231627e-06
6906 3.010068e-04 4.227804e-06
6907 3.007438e-04 4.223985e-06
6908 3.004811e-04 4.220168e-06
6909 3.002185e-04 4.216356e-06
6910 2.999562e-04 4.212547e-06
6911 2.996942e-04 4.208741e-06
6912 2.994324e-04 4.204939e-06
6913 2.991708e-04 4.201140e-06
6914 2.989095e-04 4.197344e-06
6915 2.986484e-04 4.193552e-06
6916 2.983875e-04 4.189764e-06
6917 2.981269e-04 4.185978e-06
6918 2.978665e-04 4.182197e-06
6919 2.976063e-04 4.178418e-06
6920 2.973464e-04 4.174643e-06
6921 2.970867e-04 4.170872e-06
6922 2.968273e-04 4.167104e-06
6923 2.965681e-04 4.163339e-06
6924 2.963091e-04 4.159578e-06
6925 2.960504e-04 4.155820e-06
6926 2.957919e-04 4.152065e-06
6927 2.955336e-04 4.148314e-06
6928 2.952756e-04 4.144566e-06
6929 2.950178e-04 4.140822e-06
6930 2.947603e-04 4.137081e-06
6931 2.945029e-04 4.133343e-06
6932 2.942459e-04 4.129609e-06
6933 2.939890e-04 4.125878e-06
6934 2.937324e-04 4.122151e-06
6935 2.934760e-04 4.118427e-06
6936 2.932199e-04 4.114706e-06
6937 2.929639e-04 4.110989e-06
6938 2.927082e-04 4.107275e-06
6939 2.924528e-04 4.103564e-06
6940 2.921976e-04 4.099857e-06
6941 2.919426e-04 4.096153e-06
6942 2.916878e-04 4.092452e-06
6943 2.914333e-04 4.088755e-06
6944 2.911790e-04 4.085061e-06
6945 2.909250e-04 4.081370e-06
6946 2.906711e-04 4.077683e-06
6947 2.904175e-04 4.073999e-06
6948 2.901642e-04 4.070318e-06
6949 2.899110e-04 4.066641e-06
6950 2.896581e-04 4.062967e-06
6951 2.894055e-04 4.059297e-06
6952 2.891530e-04 4.055629e-06
6953 2.889008e-04 4.051965e-06
6954 2.886488e-04 4.048305e-06
6955 2.883971e-04 4.044647e-06
6956 2.881455e-04 4.040993e-06
6957 2.878942e-04 4.037342e-06
6958 2.876432e-04 4.033695e-06
6959 2.873923e-04 4.030051e-06
6960 2.871417e-04 4.026410e-06
6961 2.868913e-04 4.022772e-06
6962 2.866412e-04 4.019138e-06
6963 2.863913e-04 4.015507e-06
6964 2.861416e-04 4.011879e-06
6965 2.858921e-04 4.008255e-06
6966 2.856428e-04 4.004633e-06
6967 2.853938e-04 4.001015e-06
6968 2.851450e-04 3.997401e-06
6969 2.848965e-04 3.993789e-06
6970 2.846481e-04 3.990181e-06
6971 2.844000e-04 3.986576e-06
6972 2.841521e-04 3.982975e-06
6973 2.839045e-04 3.979376e-06
6974 2.836571e-04 3.975781e-06
6975 2.834098e-04 3.972189e-06
6976 2.831629e-04 3.968601e-06
6977 2.829161e-04 3.965015e-06
6978 2.826696e-04 3.961433e-06
6979 2.824233e-04 3.957854e-06
6980 2.821772e-04 3.954279e-06
6981 2.819313e-04 3.950706e-06
6982 2.816857e-04 3.947137e-06
6983 2.814403e-04 3.943571e-06
6984 2.811951e-04 3.940008e-06
6985 2.809501e-04 3.936449e-06
6986 2.807054e-04 3.932892e-06
6987 2.804609e-04 3.929339e-06
6988 2.802166e-04 3.925789e-06
6989 2.799725e-04 3.922243e-06
6990 2.797287e-04 3.918699e-06
6991 2.794850e-04 3.915159e-06
6992 2.792416e-04 3.911622e-06
6993 2.789985e-04 3.908088e-06
6994 2.787555e-04 3.904557e-06
6995 2.785128e-04 3.901030e-06
6996 2.782702e-04 3.897505e-06
6997 2.780279e-04 3.893984e-06
6998 2.777859e-04 3.890466e-06
6999 2.775440e-04 3.886951e-06
7000 2.773024e-04 3.883440e-06
7001 2.770610e-04 3.879931e-06
7002 2.768198e-04 3.876426e-06
7003 2.765788e-04 3.872924e-06
7004 2.763380e-04 3.869425e-06
7005 2.760975e-04 3.865929e-06
7006 2.758572e-04 3.862437e-06
7007 2.756171e-04 3.858947e-06
7008 2.753772e-04 3.855461e-06
7009 2.751375e-04 3.851978e-06
7010 2.748981e-04 3.848498e-06
7011 2.746589e-04 3.845021e-06
7012 2.744199e-04 3.841547e-06
7013 2.741811e-04 3.838076e-06
7014 2.739425e-04 3.834609e-06
7015 2.737042e-04 3.831145e-06
7016 2.734660e-04 3.827683e-06
7017 2.732281e-04 3.824225e-06
7018 2.729904e-04 3.820770e-06
7019 2.727529e-04 3.817319e-06
7020 2.725157e-04 3.813870e-06
7021 2.722786e-04 3.810424e-06
7022 2.720418e-04 3.806982e-06
7023 2.718052e-04 3.803542e-06
7024 2.715688e-04 3.800106e-06
7025 2.713326e-04 3.796673e-06
7026 2.710966e-04 3.793243e-06
7027 2.708609e-04 3.789816e-06
7028 2.706253e-04 3.786392e-06
7029 2.703900e-04 3.782971e-06
7030 2.701549e-04 3.779554e-06
7031 2.699200e-04 3.776139e-06
7032 2.696853e-04 3.772728e-06
7033 2.694508e-04 3.769319e-06
7034 2.692166e-04 3.765914e-06
7035 2.689825e-04 3.762512e-06
7036 2.687487e-04 3.759112e-06
7037 2.685151e-04 3.755716e-06
7038 2.682817e-04 3.752323e-06
7039 2.680485e-04 3.748933e-06
7040 2.678155e-04 3.745546e-06
7041 2.675828e-04 3.742162e-06
7042 2.673502e-04 3.738782e-06
7043 2.671179e-04 3.735404e-06
7044 2.668857e-04 3.732029e-06
7045 2.666538e-04 3.728657e-06
7046 2.664221e-04 3.725289e-06
7047 2.661906e-04 3.721923e-06
7048 2.659593e-04 3.718561e-06
7049 2.657283e-04 3.715201e-06
7050 2.654974e-04 3.711845e-06
7051 2.652668e-04 3.708491e-06
7052 2.650363e-04 3.705141e-06
7053 2.648061e-04 3.701794e-06
7054 2.645761e-04 3.698449e-06
7055 2.643463e-04 3.695108e-06
7056 2.641167e-04 3.691770e-06
7057 2.638873e-04 3.688434e-06
7058 2.636581e-04 3.685102e-06
7059 2.634291e-04 3.681773e-06
7060 2.632004e-04 3.678447e-06
7061 2.629718e-04 3.675123e-06
7062 2.627435e-04 3.671803e-06
7063 2.625153e-04 3.668486e-06
7064 2.622874e-04 3.665172e-06
7065 2.620597e-04 3.661860e-06
7066 2.618322e-04 3.658552e-06
7067 2.616049e-04 3.655247e-06
7068 2.613778e-04 3.651945e-06
7069 2.611509e-04 3.648645e-06
7070 2.609242e-04 3.645349e-06
7071 2.606977e-04 3.642056e-06
7072 2.604715e-04 3.638765e-06
7073 2.602454e-04 3.635478e-06
7074 2.600196e-04 3.632193e-06
7075 2.597939e-04 3.628912e-06
7076 2.595685e-04 3.625633e-06
7077 2.593432e-04 3.622358e-06
7078 2.591182e-04 3.619085e-06
7079 2.588934e-04 3.615816e-06
7080 2.586687e-04 3.612549e-06
7081 2.584443e-04 3.609285e-06
7082 2.582201e-04 3.606025e-06
7083 2.579961e-04 3.602767e-06
7084 2.577723e-04 3.599512e-06
7085 2.575487e-04 3.596260e-06
7086 2.573253e-04 3.593011e-06
7087 2.571021e-04 3.589765e-06
7088 2.568791e-04 3.586522e-06
7089 2.566564e-04 3.583282e-06
7090 2.564338e-04 3.580044e-06
7091 2.562114e-04 3.576810e-06
7092 2.559892e-04 3.573578e-06
7093 2.557673e-04 3.570350e-06
7094 2.555455e-04 3.567124e-06
7095 2.553239e-04 3.563902e-06
7096 2.551026e-04 3.560682e-06
7097 2.548814e-04 3.557465e-06
7098 2.546604e-04 3.554251e-06
7099 2.544397e-04 3.551040e-06
7100 2.542191e-04 3.547832e-06
7101 2.539988e-04 3.544627e-06
7102 2.537786e-04 3.541424e-06
7103 2.535587e-04 3.538225e-06
7104 2.533389e-04 3.535028e-06
7105 2.531194e-04 3.531835e-06
7106 2.529000e-04 3.528644e-06
7107 2.526809e-04 3.525456e-06
7108 2.524619e-04 3.522271e-06
7109 2.522432e-04 3.519089e-06
7110 2.520246e-04 3.515909e-06
7111 2.518063e-04 3.512733e-06
7112 2.515881e-04 3.509560e-06
7113 2.513702e-04 3.506389e-06
7114 2.511524e-04 3.503221e-06
7115 2.509349e-04 3.500056e-06
7116 2.507175e-04 3.496894e-06
7117 2.505004e-04 3.493735e-06
7118 2.502834e-04 3.490578e-06
7119 2.500666e-04 3.487425e-06
7120 2.498501e-04 3.484274e-06
7121 2.496337e-04 3.481126e-06
7122 2.494175e-04 3.477981e-06
7123 2.492016e-04 3.474839e-06
7124 2.489858e-04 3.471700e-06
7125 2.487702e-04 3.468564e-06
7126 2.485549e-04 3.465430e-06
7127 2.483397e-04 3.462299e-06
7128 2.481247e-04 3.459171e-06
7129 2.479099e-04 3.456046e-06
7130 2.476953e-04 3.452924e-06
7131 2.474809e-04 3.449804e-06
7132 2.472667e-04 3.446687e-06
7133 2.470527e-04 3.443574e-06
7134 2.468389e-04 3.440463e-06
7135 2.466253e-04 3.437354e-06
7136 2.464119e-04 3.434249e-06
7137 2.461987e-04 3.431146e-06
7138 2.459856e-04 3.428046e-06
7139 2.457728e-04 3.424949e-06
7140 2.455602e-04 3.421855e-06
7141 2.453477e-04 3.418764e-06
7142 2.451355e-04 3.415675e-06
7143 2.449234e-04 3.412589e-06
7144 2.447115e-04 3.409506e-06
7145 2.444999e-04 3.406426e-06
7146 2.442884e-04 3.403348e-06
7147 2.440771e-04 3.400274e-06
7148 2.438660e-04 3.397202e-06
7149 2.436551e-04 3.394133e-06
7150 2.434444e-04 3.391066e-06
7151 2.432339e-04 3.388003e-06
7152 2.430236e-04 3.384942e-06
7153 2.428135e-04 3.381884e-06
7154 2.426035e-04 3.378828e-06
7155 2.423938e-04 3.375776e-06
7156 2.421843e-04 3.372726e-06
7157 2.419749e-04 3.369679e-06
7158 2.417657e-04 3.366635e-06
7159 2.415568e-04 3.363593e-06
7160 2.413480e-04 3.360554e-06
7161 2.411394e-04 3.357518e-06
7162 2.409310e-04 3.354485e-06
7163 2.407228e-04 3.351454e-06
7164 2.405147e-04 3.348426e-06
7165 2.403069e-04 3.345401e-06
7166 2.400993e-04 3.342379e-06
7167 2.398918e-04 3.339359e-06
7168 2.396845e-04 3.336342e-06
7169 2.394775e-04 3.333328e-06
7170 2.392706e-04 3.330317e-06
7171 2.390639e-04 3.327308e-06
7172 2.388574e-04 3.324302e-06
7173 2.386511e-04 3.321299e-06
7174 2.384449e-04 3.318298e-06
7175 2.382390e-04 3.315300e-06
7176 2.380333e-04 3.312305e-06
7177 2.378277e-04 3.309313e-06
7178 2.376223e-04 3.306323e-06
7179 2.374171e-04 3.303336e-06
7180 2.372121e-04 3.300352e-06
7181 2.370073e-04 3.297370e-06
7182 2.368027e-04 3.294391e-06
7183 2.365983e-04 3.291415e-06
7184 2.363940e-04 3.288441e-06
7185 2.361899e-04 3.285470e-06
7186 2.359861e-04 3.282502e-06
7187 2.357824e-04 3.279536e-06
7188 2.355789e-04 3.276573e-06
7189 2.353756e-04 3.273613e-06
7190 2.351724e-04 3.270656e-06
7191 2.349695e-04 3.267701e-06
7192 2.347667e-04 3.264749e-06
7193 2.345641e-04 3.261799e-06
7194 2.343618e-04 3.258852e-06
7195 2.341595e-04 3.255908e-06
7196 2.339575e-04 3.252967e-06
7197 2.337557e-04 3.250028e-06
7198 2.335540e-04 3.247092e-06
7199 2.333526e-04 3.244158e-06
7200 2.331513e-04 3.241227e-06
7201 2.329502e-04 3.238299e-06
7202 2.327493e-04 3.235373e-06
7203 2.325486e-04 3.232450e-06
7204 2.323480e-04 3.229530e-06
7205 2.321476e-04 3.226612e-06
7206 2.319475e-04 3.223697e-06
7207 2.317475e-04 3.220785e-06
7208 2.315477e-04 3.217875e-06
7209 2.313480e-04 3.214968e-06
7210 2.311486e-04 3.212064e-06
7211 2.309493e-04 3.209162e-06
7212 2.307502e-04 3.206262e-06
7213 2.305513e-04 3.203366e-06
7214 2.303526e-04 3.200472e-06
7215 2.301541e-04 3.197580e-06
7216 2.299557e-04 3.194691e-06
7217 2.297576e-04 3.191805e-06
7218 2.295596e-04 3.188922e-06
7219 2.293618e-04 3.186041e-06
7220 2.291641e-04 3.183162e-06
7221 2.289667e-04 3.180286e-06
7222 2.287694e-04 3.177413e-06
7223 2.285723e-04 3.174543e-06
7224 2.283754e-04 3.171675e-06
7225 2.281787e-04 3.168809e-06
7226 2.279821e-04 3.165946e-06
7227 2.277858e-04 3.163086e-06
7228 2.275896e-04 3.160228e-06
7229 2.273936e-04 3.157373e-06
7230 2.271978e-04 3.154521e-06
7231 2.270021e-04 3.151671e-06
7232 2.268066e-04 3.148824e-06
7233 2.266114e-04 3.145979e-06
7234 2.264162e-04 3.143137e-06
7235 2.262213e-04 3.140297e-06
7236 2.260266e-04 3.137460e-06
7237 2.258320e-04 3.134625e-06
7238 2.256376e-04 3.131794e-06
7239 2.254434e-04 3.128964e-06
7240 2.252493e-04 3.126137e-06
7241 2.250555e-04 3.123313e-06
7242 2.248618e-04 3.120491e-06
7243 2.246683e-04 3.117672e-06
7244 2.244749e-04 3.114856e-06
7245 2.242818e-04 3.112041e-06
7246 2.240888e-04 3.109230e-06
7247 2.238960e-04 3.106421e-06
7248 2.237034e-04 3.103614e-06
7249 2.235109e-04 3.100811e-06
7250 2.233187e-04 3.098009e-06
7251 2.231266e-04 3.095210e-06
7252 2.229346e-04 3.092414e-06
7253 2.227429e-04 3.089620e-06
7254 2.225513e-04 3.086829e-06
7255 2.223599e-04 3.084040e-06
7256 2.221687e-04 3.081254e-06
7257 2.219777e-04 3.078470e-06
7258 2.217868e-04 3.075689e-06
7259 2.215961e-04 3.072910e-06
7260 2.214056e-04 3.070134e-06
7261 2.212153e-04 3.067360e-06
7262 2.210251e-04 3.064589e-06
7263 2.208351e-04 3.061821e-06
7264 2.206453e-04 3.059054e-06
7265 2.204556e-04 3.056291e-06
7266 2.202662e-04 3.053530e-06
7267 2.200769e-04 3.050771e-06
7268 2.198877e-04 3.048015e-06
7269 2.196988e-04 3.045261e-06
7270 2.195100e-04 3.042510e-06
7271 2.193214e-04 3.039761e-06
7272 2.191330e-04 3.037015e-06
7273 2.189447e-04 3.034271e-06
7274 2.187566e-04 3.031530e-06
7275 2.185687e-04 3.028791e-06
7276 2.183809e-04 3.026055e-06
7277 2.181934e-04 3.023321e-06
7278 2.180060e-04 3.020589e-06
7279 2.178188e-04 3.017860e-06
7280 2.176317e-04 3.015134e-06
7281 2.174448e-04 3.012410e-06
7282 2.172581e-04 3.009688e-06
7283 2.170716e-04 3.006969e-06
7284 2.168852e-04 3.004253e-06
7285 2.166990e-04 3.001539e-06
7286 2.165130e-04 2.998827e-06
7287 2.163271e-04 2.996118e-06
7288 2.161414e-04 2.993411e-06
7289 2.159559e-04 2.990707e-06
7290 2.157705e-04 2.988005e-06
7291 2.155854e-04 2.985305e-06
7292 2.154004e-04 2.982608e-06
7293 2.152155e-04 2.979913e-06
7294 2.150308e-04 2.977221e-06
7295 2.148463e-04 2.974532e-06
7296 2.146620e-04 2.971844e-06
7297 2.144779e-04 2.969159e-06
7298 2.142939e-04 2.966477e-06
7299 2.141100e-04 2.963797e-06
7300 2.139264e-04 2.961119e-06
7301 2.137429e-04 2.958444e-06
7302 2.135596e-04 2.955771e-06
7303 2.133764e-04 2.953101e-06
7304 2.131934e-04 2.950433e-06
7305 2.130106e-04 2.947767e-06
7306 2.128280e-04 2.945104e-06
7307 2.126455e-04 2.942444e-06
7308 2.124632e-04 2.939785e-06
7309 2.122810e-04 2.937129e-06
7310 2.120991e-04 2.934476e-06
7311 2.119173e-04 2.931825e-06
7312 2.117356e-04 2.929176e-06
7313 2.115541e-04 2.926530e-06
7314 2.113728e-04 2.923886e-06
7315 2.111917e-04 2.921244e-06
7316 2.110107e-04 2.918605e-06
7317 2.108299e-04 2.915968e-06
7318 2.106492e-04 2.913334e-06
7319 2.104688e-04 2.910702e-06
7320 2.102884e-04 2.908072e-06
7321 2.101083e-04 2.905445e-06
7322 2.099283e-04 2.902820e-06
7323 2.097485e-04 2.900197e-06
7324 2.095688e-04 2.897577e-06
7325 2.093893e-04 2.894960e-06
7326 2.092100e-04 2.892344e-06
7327 2.090309e-04 2.889731e-06
7328 2.088519e-04 2.887120e-06
7329 2.086730e-04 2.884512e-06
7330 2.084944e-04 2.881906e-06
7331 2.083159e-04 2.879302e-06
7332 2.081375e-04 2.876701e-06
7333 2.079593e-04 2.874102e-06
7334 2.077813e-04 2.871506e-06
7335 2.076035e-04 2.868911e-06
7336 2.074258e-04 2.866320e-06
7337 2.072483e-04 2.863730e-06
7338 2.070709e-04 2.861143e-06
7339 2.068937e-04 2.858558e-06
7340 2.067167e-04 2.855975e-06
7341 2.065398e-04 2.853395e-06
7342 2.063631e-04 2.850817e-06
7343 2.061866e-04 2.848242e-06
7344 2.060102e-04 2.845669e-06
7345 2.058339e-04 2.843098e-06
7346 2.056579e-04 2.840529e-06
7347 2.054820e-04 2.837963e-06
7348 2.053063e-04 2.835399e-06
7349 2.051307e-04 2.832837e-06
7350 2.049553e-04 2.830278e-06
7351 2.047800e-04 2.827721e-06
7352 2.046049e-04 2.825166e-06
7353 2.044300e-04 2.822614e-06
7354 2.042552e-04 2.820064e-06
7355 2.040806e-04 2.817516e-06
7356 2.039061e-04 2.814971e-06
7357 2.037319e-04 2.812428e-06
7358 2.035577e-04 2.809887e-06
7359 2.033838e-04 2.807348e-06
7360 2.032099e-04 2.804812e-06
7361 2.030363e-04 2.802278e-06
7362 2.028628e-04 2.799746e-06
7363 2.026895e-04 2.797217e-06
7364 2.025163e-04 2.794690e-06
7365 2.023433e-04 2.792165e-06
7366 2.021704e-04 2.789642e-06
7367 2.019977e-04 2.787122e-06
7368 2.018252e-04 2.784604e-06
7369 2.016528e-04 2.782088e-06
7370 2.014806e-04 2.779575e-06
7371 2.013085e-04 2.777064e-06
7372 2.011366e-04 2.774555e-06
7373 2.009649e-04 2.772048e-06
7374 2.007933e-04 2.769544e-06
7375 2.006219e-04 2.767042e-06
7376 2.004506e-04 2.764542e-06
7377 2.002795e-04 2.762044e-06
7378 2.001085e-04 2.759549e-06
7379 1.999377e-04 2.757056e-06
7380 1.997671e-04 2.754565e-06
7381 1.995966e-04 2.752076e-06
7382 1.994262e-04 2.749590e-06
7383 1.992561e-04 2.747106e-06
7384 1.990860e-04 2.744624e-06
7385 1.989162e-04 2.742144e-06
7386 1.987465e-04 2.739667e-06
7387 1.985769e-04 2.737192e-06
7388 1.984075e-04 2.734719e-06
7389 1.982383e-04 2.732248e-06
7390 1.980692e-04 2.729780e-06
7391 1.979003e-04 2.727314e-06
7392 1.977315e-04 2.724850e-06
7393 1.975629e-04 2.722388e-06
7394 1.973944e-04 2.719929e-06
7395 1.972261e-04 2.717471e-06
7396 1.970580e-04 2.715016e-06
7397 1.968900e-04 2.712563e-06
7398 1.967221e-04 2.710113e-06
7399 1.965544e-04 2.707664e-06
7400 1.963869e-04 2.705218e-06
7401 1.962195e-04 2.702774e-06
7402 1.960523e-04 2.700332e-06
7403 1.958852e-04 2.697893e-06
7404 1.957183e-04 2.695455e-06
7405 1.955515e-04 2.693020e-06
7406 1.953849e-04 2.690587e-06
7407 1.952185e-04 2.688156e-06
7408 1.950522e-04 2.685728e-06
7409 1.948860e-04 2.683301e-06
7410 1.947200e-04 2.680877e-06
7411 1.945542e-04 2.678455e-06
7412 1.943885e-04 2.676035e-06
7413 1.942229e-04 2.673618e-06
7414 1.940575e-04 2.671202e-06
7415 1.938923e-04 2.668789e-06
7416 1.937272e-04 2.666378e-06
7417 1.935623e-04 2.663969e-06
7418 1.933975e-04 2.661562e-06
7419 1.932329e-04 2.659158e-06
7420 1.930684e-04 2.656755e-06
7421 1.929041e-04 2.654355e-06
7422 1.927399e-04 2.651957e-06
7423 1.925759e-04 2.649561e-06
7424 1.924120e-04 2.647168e-06
7425 1.922483e-04 2.644776e-06
7426 1.920847e-04 2.642387e-06
7427 1.919213e-04 2.639999e-06
7428 1.917580e-04 2.637614e-06
7429 1.915949e-04 2.635231e-06
7430 1.914319e-04 2.632851e-06
7431 1.912691e-04 2.630472e-06
7432 1.911064e-04 2.628095e-06
7433 1.909439e-04 2.625721e-06
7434 1.907815e-04 2.623349e-06
7435 1.906193e-04 2.620979e-06
7436 1.904572e-04 2.618611e-06
7437 1.902953e-04 2.616245e-06
7438 1.901335e-04 2.613882e-06
7439 1.899719e-04 2.611520e-06
7440 1.898104e-04 2.609161e-06
7441 1.896491e-04 2.606804e-06
7442 1.894879e-04 2.604448e-06
7443 1.893269e-04 2.602096e-06
7444 1.891660e-04 2.599745e-06
7445 1.890053e-04 2.597396e-06
7446 1.888447e-04 2.595049e-06
7447 1.886842e-04 2.592705e-06
7448 1.885239e-04 2.590363e-06
7449 1.883638e-04 2.588022e-06
7450 1.882038e-04 2.585684e-06
7451 1.880439e-04 2.583348e-06
7452 1.878842e-04 2.581014e-06
7453 1.877247e-04 2.578683e-06
7454 1.875653e-04 2.576353e-06
7455 1.874060e-04 2.574025e-06
7456 1.872469e-04 2.571700e-06
7457 1.870879e-04 2.569376e-06
7458 1.869291e-04 2.567055e-06
7459 1.867704e-04 2.564736e-06
7460 1.866119e-04 2.562419e-06
7461 1.864535e-04 2.560104e-06
7462 1.862953e-04 2.557791e-06
7463 1.861372e-04 2.555480e-06
7464 1.859792e-04 2.553171e-06
7465 1.858214e-04 2.550865e-06
7466 1.856638e-04 2.548560e-06
7467 1.855063e-04 2.546258e-06
7468 1.853489e-04 2.543957e-06
7469 1.851917e-04 2.541659e-06
7470 1.850346e-04 2.539363e-06
7471 1.848777e-04 2.537069e-06
7472 1.847209e-04 2.534777e-06
7473 1.845643e-04 2.532487e-06
7474 1.844078e-04 2.530199e-06
7475 1.842514e-04 2.527913e-06
7476 1.840952e-04 2.525629e-06
7477 1.839391e-04 2.523347e-06
7478 1.837832e-04 2.521067e-06
7479 1.836275e-04 2.518790e-06
7480 1.834718e-04 2.516514e-06
7481 1.833163e-04 2.514241e-06
7482 1.831610e-04 2.511969e-06
7483 1.830058e-04 2.509700e-06
7484 1.828507e-04 2.507432e-06
7485 1.826958e-04 2.505167e-06
7486 1.825410e-04 2.502904e-06
7487 1.823864e-04 2.500643e-06
7488 1.822319e-04 2.498383e-06
7489 1.820776e-04 2.496126e-06
7490 1.819234e-04 2.493871e-06
7491 1.817693e-04 2.491618e-06
7492 1.816154e-04 2.489367e-06
7493 1.814616e-04 2.487118e-06
7494 1.813080e-04 2.484871e-06
7495 1.811545e-04 2.482626e-06
7496 1.810011e-04 2.480383e-06
7497 1.808479e-04 2.478142e-06
7498 1.806948e-04 2.475904e-06
7499 1.805419e-04 2.473667e-06
7500 1.803891e-04 2.471432e-06
7501 1.802365e-04 2.469199e-06
7502 1.800840e-04 2.466968e-06
7503 1.799316e-04 2.464740e-06
7504 1.797794e-04 2.462513e-06
7505 1.796273e-04 2.460288e-06
7506 1.794754e-04 2.458065e-06
7507 1.793236e-04 2.455845e-06
7508 1.791719e-04 2.453626e-06
7509 1.790204e-04 2.451409e-06
7510 1.788690e-04 2.449195e-06
7511 1.787177e-04 2.446982e-06
7512 1.785666e-04 2.444771e-06
7513 1.784157e-04 2.442563e-06
7514 1.782648e-04 2.440356e-06
7515 1.781142e-04 2.438151e-06
7516 1.779636e-04 2.435948e-06
7517 1.778132e-04 2.433748e-06
7518 1.776629e-04 2.431549e-06
7519 1.775128e-04 2.429352e-06
7520 1.773628e-04 2.427157e-06
7521 1.772130e-04 2.424965e-06
7522 1.770632e-04 2.422774e-06
7523 1.769137e-04 2.420585e-06
7524 1.767642e-04 2.418398e-06
7525 1.766149e-04 2.416213e-06
7526 1.764658e-04 2.414030e-06
7527 1.763167e-04 2.411849e-06
7528 1.761679e-04 2.409670e-06
7529 1.760191e-04 2.407493e-06
7530 1.758705e-04 2.405318e-06
7531 1.757220e-04 2.403145e-06
7532 1.755737e-04 2.400974e-06
7533 1.754255e-04 2.398805e-06
7534 1.752774e-04 2.396638e-06
7535 1.751295e-04 2.394473e-06
7536 1.749817e-04 2.392309e-06
7537 1.748340e-04 2.390148e-06
7538 1.746865e-04 2.387989e-06
7539 1.745391e-04 2.385831e-06
7540 1.743919e-04 2.383676e-06
7541 1.742448e-04 2.381522e-06
7542 1.740978e-04 2.379371e-06
7543 1.739510e-04 2.377221e-06
7544 1.738043e-04 2.375074e-06
7545 1.736577e-04 2.372928e-06
7546 1.735113e-04 2.370784e-06
7547 1.733650e-04 2.368642e-06
7548 1.732188e-04 2.366502e-06
7549 1.730728e-04 2.364364e-06
7550 1.729269e-04 2.362228e-06
7551 1.727811e-04 2.360094e-06
7552 1.726355e-04 2.357962e-06
7553 1.724900e-04 2.355832e-06
7554 1.723447e-04 2.353703e-06
7555 1.721995e-04 2.351577e-06
7556 1.720544e-04 2.349452e-06
7557 1.719094e-04 2.347330e-06
7558 1.717646e-04 2.345209e-06
7559 1.716199e-04 2.343090e-06
7560 1.714754e-04 2.340973e-06
7561 1.713310e-04 2.338858e-06
7562 1.711867e-04 2.336745e-06
7563 1.710425e-04 2.334634e-06
7564 1.708985e-04 2.332525e-06
7565 1.707546e-04 2.330418e-06
7566 1.706109e-04 2.328312e-06
7567 1.704673e-04 2.326209e-06
7568 1.703238e-04 2.324107e-06
7569 1.701804e-04 2.322008e-06
7570 1.700372e-04 2.319910e-06
7571 1.698941e-04 2.317814e-06
7572 1.697512e-04 2.315720e-06
7573 1.696084e-04 2.313628e-06
7574 1.694657e-04 2.311538e-06
7575 1.693231e-04 2.309449e-06
7576 1.691807e-04 2.307363e-06
7577 1.690384e-04 2.305278e-06
7578 1.688962e-04 2.303196e-06
7579 1.687542e-04 2.301115e-06
7580 1.686123e-04 2.299036e-06
7581 1.684706e-04 2.296959e-06
7582 1.683289e-04 2.294884e-06
7583 1.681874e-04 2.292810e-06
7584 1.680460e-04 2.290739e-06
7585 1.679048e-04 2.288669e-06
7586 1.677637e-04 2.286602e-06
7587 1.676227e-04 2.284536e-06
7588 1.674819e-04 2.282472e-06
7589 1.673411e-04 2.280410e-06
7590 1.672005e-04 2.278350e-06
7591 1.670601e-04 2.276291e-06
7592 1.669198e-04 2.274235e-06
7593 1.667796e-04 2.272180e-06
7594 1.666395e-04 2.270127e-06
7595 1.664995e-04 2.268077e-06
7596 1.663597e-04 2.266027e-06
7597 1.662201e-04 2.263980e-06
7598 1.660805e-04 2.261935e-06
7599 1.659411e-04 2.259891e-06
7600 1.658018e-04 2.257850e-06
7601 1.656626e-04 2.255810e-06
7602 1.655236e-04 2.253772e-06
7603 1.653847e-04 2.251736e-06
7604 1.652459e-04 2.249701e-06
7605 1.651072e-04 2.247669e-06
7606 1.649687e-04 2.245638e-06
7607 1.648303e-04 2.243609e-06
7608 1.646921e-04 2.241582e-06
7609 1.645539e-04 2.239557e-06
7610 1.644159e-04 2.237534e-06
7611 1.642780e-04 2.235513e-06
7612 1.641403e-04 2.233493e-06
7613 1.640027e-04 2.231475e-06
7614 1.638652e-04 2.229459e-06
7615 1.637278e-04 2.227445e-06
7616 1.635905e-04 2.225433e-06
7617 1.634534e-04 2.223422e-06
7618 1.633164e-04 2.221413e-06
7619 1.631796e-04 2.219406e-06
7620 1.630428e-04 2.217401e-06
7621 1.629062e-04 2.215398e-06
7622 1.627697e-04 2.213396e-06
7623 1.626334e-04 2.211397e-06
7624 1.624972e-04 2.209399e-06
7625 1.623610e-04 2.207403e-06
7626 1.622251e-04 2.205409e-06
7627 1.620892e-04 2.203416e-06
7628 1.619535e-04 2.201426e-06
7629 1.618179e-04 2.199437e-06
7630 1.616824e-04 2.197450e-06
7631 1.615471e-04 2.195464e-06
7632 1.614118e-04 2.193481e-06
7633 1.612768e-04 2.191499e-06
7634 1.611418e-04 2.189519e-06
7635 1.610069e-04 2.187541e-06
7636 1.608722e-04 2.185565e-06
7637 1.607376e-04 2.183590e-06
7638 1.606031e-04 2.181618e-06
7639 1.604688e-04 2.179647e-06
7640 1.603346e-04 2.177677e-06
7641 1.602005e-04 2.175710e-06
7642 1.600665e-04 2.173744e-06
7643 1.599326e-04 2.171781e-06
7644 1.597989e-04 2.169819e-06
7645 1.596653e-04 2.167858e-06
7646 1.595318e-04 2.165900e-06
7647 1.593985e-04 2.163943e-06
7648 1.592653e-04 2.161988e-06
7649 1.591321e-04 2.160035e-06
7650 1.589992e-04 2.158083e-06
7651 1.588663e-04 2.156134e-06
7652 1.587336e-04 2.154186e-06
7653 1.586010e-04 2.152239e-06
7654 1.584685e-04 2.150295e-06
7655 1.583361e-04 2.148352e-06
7656 1.582039e-04 2.146411e-06
7657 1.580717e-04 2.144472e-06
7658 1.579397e-04 2.142535e-06
7659 1.578079e-04 2.140599e-06
7660 1.576761e-04 2.138665e-06
7661 1.575445e-04 2.136733e-06
7662 1.574130e-04 2.134803e-06
7663 1.572816e-04 2.132874e-06
7664 1.571503e-04 2.130947e-06
7665 1.570192e-04 2.129022e-06
7666 1.568881e-04 2.127098e-06
7667 1.567572e-04 2.125177e-06
7668 1.566265e-04 2.123257e-06
7669 1.564958e-04 2.121339e-06
7670 1.563653e-04 2.119422e-06
7671 1.562349e-04 2.117507e-06
7672 1.561046e-04 2.115594e-06
7673 1.559744e-04 2.113683e-06
7674 1.558443e-04 2.111773e-06
7675 1.557144e-04 2.109866e-06
7676 1.555846e-04 2.107959e-06
7677 1.554549e-04 2.106055e-06
7678 1.553253e-04 2.104152e-06
7679 1.551959e-04 2.102251e-06
7680 1.550666e-04 2.100352e-06
7681 1.549373e-04 2.098454e-06
7682 1.548083e-04 2.096559e-06
7683 1.546793e-04 2.094665e-06
7684 1.545504e-04 2.092772e-06
7685 1.544217e-04 2.090881e-06
7686 1.542931e-04 2.088992e-06
7687 1.541646e-04 2.087105e-06
7688 1.540362e-04 2.085220e-06
7689 1.539080e-04 2.083336e-06
7690 1.537799e-04 2.081454e-06
7691 1.536518e-04 2.079573e-06
7692 1.535240e-04 2.077694e-06
7693 1.533962e-04 2.075817e-06
7694 1.532685e-04 2.073942e-06
7695 1.531410e-04 2.072068e-06
7696 1.530136e-04 2.070196e-06
7697 1.528863e-04 2.068326e-06
7698 1.527591e-04 2.066457e-06
7699 1.526320e-04 2.064590e-06
7700 1.525051e-04 2.062725e-06
7701 1.523782e-04 2.060862e-06
7702 1.522515e-04 2.059000e-06
7703 1.521249e-04 2.057139e-06
7704 1.519985e-04 2.055281e-06
7705 1.518721e-04 2.053424e-06
7706 1.517459e-04 2.051569e-06
7707 1.516198e-04 2.049716e-06
7708 1.514937e-04 2.047864e-06
7709 1.513679e-04 2.046014e-06
7710 1.512421e-04 2.044165e-06
7711 1.511164e-04 2.042318e-06
7712 1.509909e-04 2.040473e-06
7713 1.508655e-04 2.038630e-06
7714 1.507402e-04 2.036788e-06
7715 1.506150e-04 2.034948e-06
7716 1.504899e-04 2.033109e-06
7717 1.503650e-04 2.031273e-06
7718 1.502401e-04 2.029438e-06
7719 1.501154e-04 2.027604e-06
7720 1.499908e-04 2.025772e-06
7721 1.498663e-04 2.023942e-06
7722 1.497420e-04 2.022114e-06
7723 1.496177e-04 2.020287e-06
7724 1.494936e-04 2.018462e-06
7725 1.493695e-04 2.016638e-06
7726 1.492456e-04 2.014816e-06
7727 1.491218e-04 2.012996e-06
7728 1.489981e-04 2.011177e-06
7729 1.488746e-04 2.009360e-06
7730 1.487511e-04 2.007545e-06
7731 1.486278e-04 2.005731e-06
7732 1.485046e-04 2.003919e-06
7733 1.483815e-04 2.002109e-06
7734 1.482585e-04 2.000300e-06
7735 1.481356e-04 1.998493e-06
7736 1.480128e-04 1.996687e-06
7737 1.478902e-04 1.994883e-06
7738 1.477677e-04 1.993081e-06
7739 1.476452e-04 1.991280e-06
7740 1.475229e-04 1.989481e-06
7741 1.474008e-04 1.987684e-06
7742 1.472787e-04 1.985888e-06
7743 1.471567e-04 1.984094e-06
7744 1.470349e-04 1.982302e-06
7745 1.469131e-04 1.980511e-06
7746 1.467915e-04 1.978721e-06
7747 1.466700e-04 1.976934e-06
7748 1.465486e-04 1.975148e-06
7749 1.464273e-04 1.973363e-06
7750 1.463062e-04 1.971580e-06
7751 1.461851e-04 1.969799e-06
7752 1.460642e-04 1.968020e-06
7753 1.459433e-04 1.966242e-06
7754 1.458226e-04 1.964465e-06
7755 1.457020e-04 1.962691e-06
7756 1.455815e-04 1.960917e-06
7757 1.454611e-04 1.959146e-06
7758 1.453409e-04 1.957376e-06
7759 1.452207e-04 1.955607e-06
7760 1.451007e-04 1.953841e-06
7761 1.449807e-04 1.952075e-06
7762 1.448609e-04 1.950312e-06
7763 1.447412e-04 1.948550e-06
7764 1.446216e-04 1.946790e-06
7765 1.445021e-04 1.945031e-06
7766 1.443827e-04 1.943273e-06
7767 1.442635e-04 1.941518e-06
7768 1.441443e-04 1.939764e-06
7769 1.440253e-04 1.938011e-06
7770 1.439064e-04 1.936260e-06
7771 1.437875e-04 1.934511e-06
7772 1.436688e-04 1.932763e-06
7773 1.435502e-04 1.931017e-06
7774 1.434317e-04 1.929273e-06
7775 1.433134e-04 1.927530e-06
7776 1.431951e-04 1.925788e-06
7777 1.430769e-04 1.924049e-06
7778 1.429589e-04 1.922310e-06
7779 1.428410e-04 1.920574e-06
7780 1.427231e-04 1.918838e-06
7781 1.426054e-04 1.917105e-06
7782 1.424878e-04 1.915373e-06
7783 1.423703e-04 1.913642e-06
7784 1.422530e-04 1.911914e-06
7785 1.421357e-04 1.910186e-06
7786 1.420185e-04 1.908461e-06
7787 1.419015e-04 1.906736e-06
7788 1.417845e-04 1.905014e-06
7789 1.416677e-04 1.903293e-06
7790 1.415509e-04 1.901573e-06
7791 1.414343e-04 1.899855e-06
7792 1.413178e-04 1.898139e-06
7793 1.412014e-04 1.896424e-06
7794 1.410851e-04 1.894711e-06
7795 1.409689e-04 1.892999e-06
7796 1.408529e-04 1.891289e-06
7797 1.407369e-04 1.889580e-06
7798 1.406210e-04 1.887873e-06
7799 1.405053e-04 1.886167e-06
7800 1.403896e-04 1.884463e-06
7801 1.402741e-04 1.882761e-06
7802 1.401587e-04 1.881060e-06
7803 1.400434e-04 1.879360e-06
7804 1.399282e-04 1.877662e-06
7805 1.398130e-04 1.875966e-06
7806 1.396981e-04 1.874271e-06
7807 1.395832e-04 1.872578e-06
7808 1.394684e-04 1.870886e-06
7809 1.393537e-04 1.869196e-06
7810 1.392391e-04 1.867507e-06
7811 1.391247e-04 1.865820e-06
7812 1.390103e-04 1.864134e-06
7813 1.388961e-04 1.862450e-06
7814 1.387820e-04 1.860768e-06
7815 1.386679e-04 1.859087e-06
7816 1.385540e-04 1.857407e-06
7817 1.384402e-04 1.855729e-06
7818 1.383265e-04 1.854052e-06
7819 1.382129e-04 1.852377e-06
7820 1.380994e-04 1.850704e-06
7821 1.379860e-04 1.849032e-06
7822 1.378727e-04 1.847361e-06
7823 1.377595e-04 1.845692e-06
7824 1.376464e-04 1.844025e-06
7825 1.375335e-04 1.842359e-06
7826 1.374206e-04 1.840694e-06
7827 1.373078e-04 1.839032e-06
7828 1.371952e-04 1.837370e-06
7829 1.370826e-04 1.835710e-06
7830 1.369702e-04 1.834052e-06
7831 1.368579e-04 1.832395e-06
7832 1.367456e-04 1.830739e-06
7833 1.366335e-04 1.829085e-06
7834 1.365215e-04 1.827433e-06
7835 1.364096e-04 1.825782e-06
7836 1.362978e-04 1.824132e-06
7837 1.361861e-04 1.822484e-06
7838 1.360744e-04 1.820838e-06
7839 1.359630e-04 1.819193e-06
7840 1.358516e-04 1.817549e-06
7841 1.357403e-04 1.815907e-06
7842 1.356291e-04 1.814267e-06
7843 1.355180e-04 1.812628e-06
7844 1.354070e-04 1.810990e-06
7845 1.352962e-04 1.809354e-06
7846 1.351854e-04 1.807719e-06
7847 1.350747e-04 1.806086e-06
7848 1.349642e-04 1.804454e-06
7849 1.348537e-04 1.802824e-06
7850 1.347434e-04 1.801195e-06
7851 1.346331e-04 1.799568e-06
7852 1.345230e-04 1.797942e-06
7853 1.344129e-04 1.796318e-06
7854 1.343030e-04 1.794695e-06
7855 1.341931e-04 1.793074e-06
7856 1.340834e-04 1.791454e-06
7857 1.339738e-04 1.789835e-06
7858 1.338642e-04 1.788218e-06
7859 1.337548e-04 1.786603e-06
7860 1.336455e-04 1.784989e-06
7861 1.335363e-04 1.783376e-06
7862 1.334271e-04 1.781765e-06
7863 1.333181e-04 1.780155e-06
7864 1.332092e-04 1.778547e-06
7865 1.331004e-04 1.776940e-06
7866 1.329917e-04 1.775335e-06
7867 1.328831e-04 1.773731e-06
7868 1.327746e-04 1.772128e-06
7869 1.326662e-04 1.770527e-06
7870 1.325579e-04 1.768928e-06
7871 1.324497e-04 1.767330e-06
7872 1.323416e-04 1.765733e-06
7873 1.322336e-04 1.764138e-06
7874 1.321257e-04 1.762544e-06
7875 1.320179e-04 1.760952e-06
7876 1.319102e-04 1.759361e-06
7877 1.318026e-04 1.757771e-06
7878 1.316951e-04 1.756183e-06
7879 1.315877e-04 1.754596e-06
7880 1.314804e-04 1.753011e-06
7881 1.313732e-04 1.751428e-06
7882 1.312661e-04 1.749845e-06
7883 1.311592e-04 1.748264e-06
7884 1.310523e-04 1.746685e-06
7885 1.309455e-04 1.745107e-06
7886 1.308388e-04 1.743530e-06
7887 1.307322e-04 1.741955e-06
7888 1.306257e-04 1.740381e-06
7889 1.305193e-04 1.738809e-06
7890 1.304130e-04 1.737238e-06
7891 1.303069e-04 1.735669e-06
7892 1.302008e-04 1.734101e-06
7893 1.300948e-04 1.732534e-06
7894 1.299889e-04 1.730969e-06
7895 1.298831e-04 1.729405e-06
7896 1.297774e-04 1.727842e-06
7897 1.296718e-04 1.726281e-06
7898 1.295663e-04 1.724722e-06
7899 1.294609e-04 1.723164e-06
7900 1.293556e-04 1.721607e-06
7901 1.292504e-04 1.720051e-06
7902 1.291454e-04 1.718497e-06
7903 1.290404e-04 1.716945e-06
7904 1.289355e-04 1.715394e-06
7905 1.288307e-04 1.713844e-06
7906 1.287260e-04 1.712296e-06
7907 1.286214e-04 1.710749e-06
7908 1.285169e-04 1.709203e-06
7909 1.284124e-04 1.707659e-06
7910 1.283081e-04 1.706116e-06
7911 1.282039e-04 1.704575e-06
7912 1.280998e-04 1.703035e-06
7913 1.279958e-04 1.701496e-06
7914 1.278919e-04 1.699959e-06
7915 1.277881e-04 1.698423e-06
7916 1.276844e-04 1.696889e-06
7917 1.275807e-04 1.695356e-06
7918 1.274772e-04 1.693824e-06
7919 1.273738e-04 1.692294e-06
7920 1.272704e-04 1.690765e-06
7921 1.271672e-04 1.689237e-06
7922 1.270641e-04 1.687711e-06
7923 1.269610e-04 1.686187e-06
7924 1.268581e-04 1.684663e-06
7925 1.267553e-04 1.683141e-06
7926 1.266525e-04 1.681621e-06
7927 1.265499e-04 1.680101e-06
7928 1.264473e-04 1.678583e-06
7929 1.263448e-04 1.677067e-06
7930 1.262425e-04 1.675552e-06
7931 1.261402e-04 1.674038e-06
7932 1.260380e-04 1.672526e-06
7933 1.259360e-04 1.671015e-06
7934 1.258340e-04 1.669505e-06
7935 1.257321e-04 1.667997e-06
7936 1.256303e-04 1.666490e-06
7937 1.255286e-04 1.664984e-06
7938 1.254270e-04 1.663480e-06
7939 1.253256e-04 1.661977e-06
7940 1.252241e-04 1.660476e-06
7941 1.251228e-04 1.658975e-06
7942 1.250216e-04 1.657477e-06
7943 1.249205e-04 1.655979e-06
7944 1.248195e-04 1.654483e-06
7945 1.247186e-04 1.652988e-06
7946 1.246177e-04 1.651495e-06
7947 1.245170e-04 1.650003e-06
7948 1.244164e-04 1.648512e-06
7949 1.243158e-04 1.647023e-06
7950 1.242154e-04 1.645535e-06
7951 1.241150e-04 1.644048e-06
7952 1.240148e-04 1.642563e-06
7953 1.239146e-04 1.641079e-06
7954 1.238145e-04 1.639596e-06
7955 1.237145e-04 1.638115e-06
7956 1.236147e-04 1.636635e-06
7957 1.235149e-04 1.635157e-06
7958 1.234152e-04 1.633679e-06
7959 1.233156e-04 1.632203e-06
7960 1.232161e-04 1.630729e-06
7961 1.231167e-04 1.629256e-06
7962 1.230173e-04 1.627784e-06
7963 1.229181e-04 1.626313e-06
7964 1.228190e-04 1.624844e-06
7965 1.227199e-04 1.623376e-06
7966 1.226210e-04 1.621909e-06
7967 1.225221e-04 1.620444e-06
7968 1.224234e-04 1.618980e-06
7969 1.223247e-04 1.617517e-06
7970 1.222262e-04 1.616056e-06
7971 1.221277e-04 1.614596e-06
7972 1.220293e-04 1.613137e-06
7973 1.219310e-04 1.611680e-06
7974 1.218328e-04 1.610224e-06
7975 1.217347e-04 1.608769e-06
7976 1.216367e-04 1.607316e-06
7977 1.215388e-04 1.605863e-06
7978 1.214409e-04 1.604413e-06
7979 1.213432e-04 1.602963e-06
7980 1.212455e-04 1.601515e-06
7981 1.211480e-04 1.600068e-06
7982 1.210505e-04 1.598623e-06
7983 1.209532e-04 1.597178e-06
7984 1.208559e-04 1.595735e-06
7985 1.207587e-04 1.594294e-06
7986 1.206616e-04 1.592853e-06
7987 1.205646e-04 1.591414e-06
7988 1.204677e-04 1.589977e-06
7989 1.203709e-04 1.588540e-06
7990 1.202742e-04 1.587105e-06
7991 1.201775e-04 1.585671e-06
7992 1.200810e-04 1.584238e-06
7993 1.199845e-04 1.582807e-06
7994 1.198882e-04 1.581377e-06
7995 1.197919e-04 1.579949e-06
7996 1.196957e-04 1.578521e-06
7997 1.195996e-04 1.577095e-06
7998 1.195036e-04 1.575670e-06
7999 1.194077e-04 1.574247e-06
8000 1.193119e-04 1.572824e-06
8001 1.192162e-04 1.571404e-06
8002 1.191206e-04 1.569984e-06
8003 1.190250e-04 1.568565e-06
8004 1.189296e-04 1.567148e-06
8005 1.188342e-04 1.565733e-06
8006 1.187389e-04 1.564318e-06
8007 1.186437e-04 1.562905e-06
8008 1.185487e-04 1.561493e-06
8009 1.184537e-04 1.560082e-06
8010 1.183587e-04 1.558673e-06
8011 1.182639e-04 1.557264e-06
8012 1.181692e-04 1.555857e-06
8013 1.180745e-04 1.554452e-06
8014 1.179800e-04 1.553048e-06
8015 1.178855e-04 1.551644e-06
8016 1.177912e-04 1.550243e-06
8017 1.176969e-04 1.548842e-06
8018 1.176027e-04 1.547443e-06
8019 1.175086e-04 1.546045e-06
8020 1.174146e-04 1.544648e-06
8021 1.173206e-04 1.543252e-06
8022 1.172268e-04 1.541858e-06
8023 1.171330e-04 1.540465e-06
8024 1.170394e-04 1.539074e-06
8025 1.169458e-04 1.537683e-06
8026 1.168523e-04 1.536294e-06
8027 1.167589e-04 1.534906e-06
8028 1.166656e-04 1.533519e-06
8029 1.165724e-04 1.532134e-06
8030 1.164793e-04 1.530750e-06
8031 1.163862e-04 1.529367e-06
8032 1.162933e-04 1.527985e-06
8033 1.162004e-04 1.526604e-06
8034 1.161076e-04 1.525225e-06
8035 1.160149e-04 1.523847e-06
8036 1.159223e-04 1.522471e-06
8037 1.158298e-04 1.521095e-06
8038 1.157374e-04 1.519721e-06
8039 1.156451e-04 1.518348e-06
8040 1.155528e-04 1.516976e-06
8041 1.154606e-04 1.515606e-06
8042 1.153686e-04 1.514236e-06
8043 1.152766e-04 1.512868e-06
8044 1.151847e-04 1.511502e-06
8045 1.150929e-04 1.510136e-06
8046 1.150011e-04 1.508772e-06
8047 1.149095e-04 1.507409e-06
8048 1.148180e-04 1.506047e-06
8049 1.147265e-04 1.504686e-06
8050 1.146351e-04 1.503327e-06
8051 1.145438e-04 1.501969e-06
8052 1.144526e-04 1.500612e-06
8053 1.143615e-04 1.499256e-06
8054 1.142705e-04 1.497901e-06
8055 1.141795e-04 1.496548e-06
8056 1.140887e-04 1.495196e-06
8057 1.139979e-04 1.493845e-06
8058 1.139072e-04 1.492496e-06
8059 1.138166e-04 1.491147e-06
8060 1.137261e-04 1.489800e-06
8061 1.136357e-04 1.488454e-06
8062 1.135453e-04 1.487110e-06
8063 1.134551e-04 1.485766e-06
8064 1.133649e-04 1.484424e-06
8065 1.132748e-04 1.483083e-06
8066 1.131848e-04 1.481743e-06
8067 1.130949e-04 1.480404e-06
8068 1.130051e-04 1.479067e-06
8069 1.129153e-04 1.477730e-06
8070 1.128257e-04 1.476395e-06
8071 1.127361e-04 1.475061e-06
8072 1.126466e-04 1.473729e-06
8073 1.125572e-04 1.472397e-06
8074 1.124679e-04 1.471067e-06
8075 1.123786e-04 1.469738e-06
8076 1.122895e-04 1.468410e-06
8077 1.122004e-04 1.467084e-06
8078 1.121115e-04 1.465758e-06
8079 1.120226e-04 1.464434e-06
8080 1.119338e-04 1.463111e-06
8081 1.118450e-04 1.461789e-06
8082 1.117564e-04 1.460469e-06
8083 1.116678e-04 1.459149e-06
8084 1.115794e-04 1.457831e-06
8085 1.114910e-04 1.456514e-06
8086 1.114027e-04 1.455198e-06
8087 1.113145e-04 1.453883e-06
8088 1.112263e-04 1.452570e-06
8089 1.111383e-04 1.451257e-06
8090 1.110503e-04 1.449946e-06
8091 1.109624e-04 1.448636e-06
8092 1.108746e-04 1.447328e-06
8093 1.107869e-04 1.446020e-06
8094 1.106993e-04 1.444714e-06
8095 1.106117e-04 1.443408e-06
8096 1.105243e-04 1.442104e-06
8097 1.104369e-04 1.440802e-06
8098 1.103496e-04 1.439500e-06
8099 1.102624e-04 1.438199e-06
8100 1.101752e-04 1.436900e-06
8101 1.100882e-04 1.435602e-06
8102 1.100012e-04 1.434305e-06
8103 1.099143e-04 1.433009e-06
8104 1.098275e-04 1.431714e-06
8105 1.097408e-04 1.430421e-06
8106 1.096542e-04 1.429129e-06
8107 1.095676e-04 1.427837e-06
8108 1.094811e-04 1.426548e-06
8109 1.093948e-04 1.425259e-06
8110 1.093085e-04 1.423971e-06
8111 1.092222e-04 1.422685e-06
8112 1.091361e-04 1.421399e-06
8113 1.090500e-04 1.420115e-06
8114 1.089641e-04 1.418832e-06
8115 1.088782e-04 1.417550e-06
8116 1.087924e-04 1.416270e-06
8117 1.087066e-04 1.414990e-06
8118 1.086210e-04 1.413712e-06
8119 1.085354e-04 1.412435e-06
8120 1.084499e-04 1.411158e-06
8121 1.083645e-04 1.409884e-06
8122 1.082792e-04 1.408610e-06
8123 1.081940e-04 1.407337e-06
8124 1.081088e-04 1.406066e-06
8125 1.080237e-04 1.404796e-06
8126 1.079387e-04 1.403526e-06
8127 1.078538e-04 1.402258e-06
8128 1.077690e-04 1.400991e-06
8129 1.076842e-04 1.399726e-06
8130 1.075995e-04 1.398461e-06
8131 1.075150e-04 1.397198e-06
8132 1.074304e-04 1.395935e-06
8133 1.073460e-04 1.394674e-06
8134 1.072617e-04 1.393414e-06
8135 1.071774e-04 1.392155e-06
8136 1.070932e-04 1.390898e-06
8137 1.070091e-04 1.389641e-06
8138 1.069251e-04 1.388386e-06
8139 1.068411e-04 1.387131e-06
8140 1.067573e-04 1.385878e-06
8141 1.066735e-04 1.384626e-06
8142 1.065898e-04 1.383375e-06
8143 1.065061e-04 1.382125e-06
8144 1.064226e-04 1.380877e-06
8145 1.063391e-04 1.379629e-06
8146 1.062557e-04 1.378383e-06
8147 1.061724e-04 1.377137e-06
8148 1.060892e-04 1.375893e-06
8149 1.060061e-04 1.374650e-06
8150 1.059230e-04 1.373408e-06
8151 1.058400e-04 1.372168e-06
8152 1.057571e-04 1.370928e-06
8153 1.056743e-04 1.369689e-06
8154 1.055915e-04 1.368452e-06
8155 1.055088e-04 1.367216e-06
8156 1.054262e-04 1.365980e-06
8157 1.053437e-04 1.364746e-06
8158 1.052613e-04 1.363513e-06
8159 1.051789e-04 1.362281e-06
8160 1.050967e-04 1.361051e-06
8161 1.050145e-04 1.359821e-06
8162 1.049324e-04 1.358593e-06
8163 1.048503e-04 1.357365e-06
8164 1.047684e-04 1.356139e-06
8165 1.046865e-04 1.354914e-06
8166 1.046047e-04 1.353690e-06
8167 1.045229e-04 1.352467e-06
8168 1.044413e-04 1.351245e-06
8169 1.043597e-04 1.350024e-06
8170 1.042782e-04 1.348804e-06
8171 1.041968e-04 1.347586e-06
8172 1.041155e-04 1.346368e-06
8173 1.040342e-04 1.345152e-06
8174 1.039530e-04 1.343937e-06
8175 1.038719e-04 1.342722e-06
8176 1.037909e-04 1.341509e-06
8177 1.037100e-04 1.340297e-06
8178 1.036291e-04 1.339086e-06
8179 1.035483e-04 1.337877e-06
8180 1.034676e-04 1.336668e-06
8181 1.033870e-04 1.335460e-06
8182 1.033064e-04 1.334254e-06
8183 1.032259e-04 1.333048e-06
8184 1.031455e-04 1.331844e-06
8185 1.030652e-04 1.330641e-06
8186 1.029849e-04 1.329439e-06
8187 1.029048e-04 1.328238e-06
8188 1.028247e-04 1.327038e-06
8189 1.027447e-04 1.325839e-06
8190 1.026647e-04 1.324641e-06
8191 1.025849e-04 1.323444e-06
8192 1.025051e-04 1.322249e-06
8193 1.024254e-04 1.321054e-06
8194 1.023457e-04 1.319860e-06
8195 1.022662e-04 1.318668e-06
8196 1.021867e-04 1.317477e-06
8197 1.021073e-04 1.316286e-06
8198 1.020279e-04 1.315097e-06
8199 1.019487e-04 1.313909e-06
8200 1.018695e-04 1.312722e-06
8201 1.017904e-04 1.311536e-06
8202 1.017114e-04 1.310351e-06
8203 1.016324e-04 1.309167e-06
8204 1.015536e-04 1.307985e-06
8205 1.014748e-04 1.306803e-06
8206 1.013960e-04 1.305622e-06
8207 1.013174e-04 1.304443e-06
8208 1.012388e-04 1.303264e-06
8209 1.011603e-04 1.302087e-06
8210 1.010819e-04 1.300911e-06
8211 1.010036e-04 1.299735e-06
8212 1.009253e-04 1.298561e-06
8213 1.008471e-04 1.297388e-06
8214 1.007690e-04 1.296216e-06
8215 1.006910e-04 1.295045e-06
8216 1.006130e-04 1.293875e-06
8217 1.005351e-04 1.292706e-06
8218 1.004573e-04 1.291538e-06
8219 1.003795e-04 1.290371e-06
8220 1.003019e-04 1.289205e-06
8221 1.002243e-04 1.288041e-06
8222 1.001468e-04 1.286877e-06
8223 1.000693e-04 1.285714e-06
8224 9.999194e-05 1.284553e-06
8225 9.991465e-05 1.283392e-06
8226 9.983743e-05 1.282233e-06
8227 9.976028e-05 1.281074e-06
8228 9.968321e-05 1.279917e-06
8229 9.960621e-05 1.278761e-06
8230 9.952929e-05 1.277605e-06
8231 9.945244e-05 1.276451e-06
8232 9.937567e-05 1.275298e-06
8233 9.929897e-05 1.274146e-06
8234 9.922234e-05 1.272995e-06
8235 9.914579e-05 1.271844e-06
8236 9.906931e-05 1.270695e-06
8237 9.899290e-05 1.269547e-06
8238 9.891657e-05 1.268400e-06
8239 9.884031e-05 1.267255e-06
8240 9.876413e-05 1.266110e-06
8241 9.868802e-05 1.264966e-06
8242 9.861198e-05 1.263823e-06
8243 9.853602e-05 1.262681e-06
8244 9.846013e-05 1.261540e-06
8245 9.838431e-05 1.260401e-06
8246 9.830857e-05 1.259262e-06
8247 9.823289e-05 1.258124e-06
8248 9.815730e-05 1.256988e-06
8249 9.808177e-05 1.255852e-06
8250 9.800632e-05 1.254717e-06
8251 9.793094e-05 1.253584e-06
8252 9.785563e-05 1.252451e-06
8253 9.778040e-05 1.251320e-06
8254 9.770524e-05 1.250189e-06
8255 9.763015e-05 1.249060e-06
8256 9.755513e-05 1.247931e-06
8257 9.748019e-05 1.246804e-06
8258 9.740532e-05 1.245678e-06
8259 9.733052e-05 1.244552e-06
8260 9.725579e-05 1.243428e-06
8261 9.718114e-05 1.242304e-06
8262 9.710655e-05 1.241182e-06
8263 9.703204e-05 1.240061e-06
8264 9.695761e-05 1.238940e-06
8265 9.688324e-05 1.237821e-06
8266 9.680895e-05 1.236703e-06
8267 9.673472e-05 1.235585e-06
8268 9.666057e-05 1.234469e-06
8269 9.658649e-05 1.233354e-06
8270 9.651249e-05 1.232240e-06
8271 9.643855e-05 1.231126e-06
8272 9.636469e-05 1.230014e-06
8273 9.629089e-05 1.228903e-06
8274 9.621717e-05 1.227793e-06
8275 9.614352e-05 1.226683e-06
8276 9.606994e-05 1.225575e-06
8277 9.599644e-05 1.224468e-06
8278 9.592300e-05 1.223362e-06
8279 9.584963e-05 1.222256e-06
8280 9.577634e-05 1.221152e-06
8281 9.570312e-05 1.220049e-06
8282 9.562996e-05 1.218947e-06
8283 9.555688e-05 1.217846e-06
8284 9.548387e-05 1.216745e-06
8285 9.541093e-05 1.215646e-06
8286 9.533806e-05 1.214548e-06
8287 9.526526e-05 1.213450e-06
8288 9.519254e-05 1.212354e-06
8289 9.511988e-05 1.211259e-06
8290 9.504729e-05 1.210165e-06
8291 9.497477e-05 1.209071e-06
8292 9.490233e-05 1.207979e-06
8293 9.482995e-05 1.206888e-06
8294 9.475765e-05 1.205797e-06
8295 9.468541e-05 1.204708e-06
8296 9.461324e-05 1.203619e-06
8297 9.454115e-05 1.202532e-06
8298 9.446912e-05 1.201446e-06
8299 9.439717e-05 1.200360e-06
8300 9.432528e-05 1.199276e-06
8301 9.425346e-05 1.198192e-06
8302 9.418172e-05 1.197110e-06
8303 9.411004e-05 1.196028e-06
8304 9.403843e-05 1.194948e-06
8305 9.396689e-05 1.193868e-06
8306 9.389542e-05 1.192790e-06
8307 9.382402e-05 1.191712e-06
8308 9.375269e-05 1.190635e-06
8309 9.368143e-05 1.189560e-06
8310 9.361024e-05 1.188485e-06
8311 9.353912e-05 1.187411e-06
8312 9.346806e-05 1.186338e-06
8313 9.339708e-05 1.185267e-06
8314 9.332616e-05 1.184196e-06
8315 9.325532e-05 1.183126e-06
8316 9.318454e-05 1.182057e-06
8317 9.311383e-05 1.180989e-06
8318 9.304319e-05 1.179922e-06
8319 9.297262e-05 1.178856e-06
8320 9.290212e-05 1.177791e-06
8321 9.283168e-05 1.176727e-06
8322 9.276132e-05 1.175664e-06
8323 9.269102e-05 1.174602e-06
8324 9.262079e-05 1.173541e-06
8325 9.255063e-05 1.172480e-06
8326 9.248054e-05 1.171421e-06
8327 9.241051e-05 1.170363e-06
8328 9.234056e-05 1.169306e-06
8329 9.227067e-05 1.168249e-06
8330 9.220085e-05 1.167194e-06
8331 9.213109e-05 1.166139e-06
8332 9.206141e-05 1.165086e-06
8333 9.199179e-05 1.164033e-06
8334 9.192224e-05 1.162981e-06
8335 9.185276e-05 1.161931e-06
8336 9.178335e-05 1.160881e-06
8337 9.171400e-05 1.159832e-06
8338 9.164473e-05 1.158784e-06
8339 9.157551e-05 1.157737e-06
8340 9.150637e-05 1.156692e-06
8341 9.143730e-05 1.155647e-06
8342 9.136829e-05 1.154602e-06
8343 9.129935e-05 1.153559e-06
8344 9.123047e-05 1.152517e-06
8345 9.116166e-05 1.151476e-06
8346 9.109292e-05 1.150436e-06
8347 9.102425e-05 1.149396e-06
8348 9.095564e-05 1.148358e-06
8349 9.088710e-05 1.147320e-06
8350 9.081863e-05 1.146284e-06
8351 9.075023e-05 1.145248e-06
8352 9.068189e-05 1.144214e-06
8353 9.061362e-05 1.143180e-06
8354 9.054541e-05 1.142147e-06
8355 9.047727e-05 1.141115e-06
8356 9.040920e-05 1.140084e-06
8357 9.034119e-05 1.139054e-06
8358 9.027325e-05 1.138025e-06
8359 9.020538e-05 1.136997e-06
8360 9.013757e-05 1.135970e-06
8361 9.006983e-05 1.134944e-06
8362 9.000215e-05 1.133918e-06
8363 8.993455e-05 1.132894e-06
8364 8.986700e-05 1.131870e-06
8365 8.979953e-05 1.130848e-06
8366 8.973211e-05 1.129826e-06
8367 8.966477e-05 1.128805e-06
8368 8.959749e-05 1.127786e-06
8369 8.953028e-05 1.126767e-06
8370 8.946313e-05 1.125749e-06
8371 8.939605e-05 1.124732e-06
8372 8.932903e-05 1.123715e-06
8373 8.926208e-05 1.122700e-06
8374 8.919519e-05 1.121686e-06
8375 8.912837e-05 1.120673e-06
8376 8.906162e-05 1.119660e-06
8377 8.899493e-05 1.118649e-06
8378 8.892830e-05 1.117638e-06
8379 8.886174e-05 1.116628e-06
8380 8.879525e-05 1.115619e-06
8381 8.872882e-05 1.114612e-06
8382 8.866246e-05 1.113605e-06
8383 8.859616e-05 1.112598e-06
8384 8.852992e-05 1.111593e-06
8385 8.846375e-05 1.110589e-06
8386 8.839765e-05 1.109586e-06
8387 8.833161e-05 1.108583e-06
8388 8.826563e-05 1.107582e-06
8389 8.819972e-05 1.106581e-06
8390 8.813387e-05 1.105581e-06
8391 8.806809e-05 1.104582e-06
8392 8.800237e-05 1.103585e-06
8393 8.793672e-05 1.102588e-06
8394 8.787113e-05 1.101591e-06
8395 8.780561e-05 1.100596e-06
8396 8.774015e-05 1.099602e-06
8397 8.767475e-05 1.098608e-06
8398 8.760942e-05 1.097616e-06
8399 8.754415e-05 1.096624e-06
8400 8.747895e-05 1.095634e-06
8401 8.741381e-05 1.094644e-06
8402 8.734873e-05 1.093655e-06
8403 8.728372e-05 1.092667e-06
8404 8.721877e-05 1.091680e-06
8405 8.715389e-05 1.090693e-06
8406 8.708907e-05 1.089708e-06
8407 8.702431e-05 1.088723e-06
8408 8.695961e-05 1.087740e-06
8409 8.689498e-05 1.086757e-06
8410 8.683042e-05 1.085775e-06
8411 8.676591e-05 1.084794e-06
8412 8.670147e-05 1.083814e-06
8413 8.663710e-05 1.082835e-06
8414 8.657278e-05 1.081857e-06
8415 8.650853e-05 1.080879e-06
8416 8.644434e-05 1.079903e-06
8417 8.638022e-05 1.078927e-06
8418 8.631616e-05 1.077953e-06
8419 8.625216e-05 1.076979e-06
8420 8.618822e-05 1.076006e-06
8421 8.612435e-05 1.075034e-06
8422 8.606054e-05 1.074062e-06
8423 8.599679e-05 1.073092e-06
8424 8.593311e-05 1.072122e-06
8425 8.586948e-05 1.071154e-06
8426 8.580592e-05 1.070186e-06
8427 8.574243e-05 1.069219e-06
8428 8.567899e-05 1.068253e-06
8429 8.561562e-05 1.067288e-06
8430 8.555231e-05 1.066324e-06
8431 8.548906e-05 1.065361e-06
8432 8.542588e-05 1.064398e-06
8433 8.536275e-05 1.063437e-06
8434 8.529969e-05 1.062476e-06
8435 8.523669e-05 1.061516e-06
8436 8.517376e-05 1.060557e-06
8437 8.511088e-05 1.059599e-06
8438 8.504807e-05 1.058641e-06
8439 8.498532e-05 1.057685e-06
8440 8.492263e-05 1.056729e-06
8441 8.486000e-05 1.055775e-06
8442 8.479743e-05 1.054821e-06
8443 8.473493e-05 1.053868e-06
8444 8.467249e-05 1.052916e-06
8445 8.461010e-05 1.051965e-06
8446 8.454778e-05 1.051014e-06
8447 8.448553e-05 1.050065e-06
8448 8.442333e-05 1.049116e-06
8449 8.436119e-05 1.048168e-06
8450 8.429912e-05 1.047221e-06
8451 8.423710e-05 1.046275e-06
8452 8.417515e-05 1.045330e-06
8453 8.411326e-05 1.044385e-06
8454 8.405143e-05 1.043442e-06
8455 8.398966e-05 1.042499e-06
8456 8.392795e-05 1.041557e-06
8457 8.386631e-05 1.040616e-06
8458 8.380472e-05 1.039676e-06
8459 8.374319e-05 1.038737e-06
8460 8.368173e-05 1.037799e-06
8461 8.362033e-05 1.036861e-06
8462 8.355898e-05 1.035924e-06
8463 8.349770e-05 1.034988e-06
8464 8.343648e-05 1.034053e-06
8465 8.337531e-05 1.033119e-06
8466 8.331421e-05 1.032186e-06
8467 8.325317e-05 1.031253e-06
8468 8.319219e-05 1.030321e-06
8469 8.313127e-05 1.029391e-06
8470 8.307041e-05 1.028461e-06
8471 8.300961e-05 1.027531e-06
8472 8.294887e-05 1.026603e-06
8473 8.288819e-05 1.025676e-06
8474 8.282757e-05 1.024749e-06
8475 8.276701e-05 1.023823e-06
8476 8.270651e-05 1.022898e-06
8477 8.264607e-05 1.021974e-06
8478 8.258569e-05 1.021051e-06
8479 8.252537e-05 1.020128e-06
8480 8.246510e-05 1.019207e-06
8481 8.240490e-05 1.018286e-06
8482 8.234476e-05 1.017366e-06
8483 8.228468e-05 1.016447e-06
8484 8.222466e-05 1.015529e-06
8485 8.216469e-05 1.014611e-06
8486 8.210479e-05 1.013694e-06
8487 8.204494e-05 1.012779e-06
8488 8.198516e-05 1.011864e-06
8489 8.192543e-05 1.010949e-06
8490 8.186576e-05 1.010036e-06
8491 8.180615e-05 1.009124e-06
8492 8.174661e-05 1.008212e-06
8493 8.168712e-05 1.007301e-06
8494 8.162768e-05 1.006391e-06
8495 8.156831e-05 1.005482e-06
8496 8.150900e-05 1.004573e-06
8497 8.144974e-05 1.003666e-06
8498 8.139055e-05 1.002759e-06
8499 8.133141e-05 1.001853e-06
8500 8.127233e-05 1.000948e-06
8501 8.121331e-05 1.000044e-06
8502 8.115435e-05 9.991403e-07
8503 8.109545e-05 9.982376e-07
8504 8.103660e-05 9.973358e-07
8505 8.097782e-05 9.964347e-07
8506 8.091909e-05 9.955345e-07
8507 8.086042e-05 9.946351e-07
8508 8.080181e-05 9.937365e-07
8509 8.074326e-05 9.928387e-07
8510 8.068476e-05 9.919417e-07
8511 8.062633e-05 9.910456e-07
8512 8.056795e-05 9.901502e-07
8513 8.050963e-05 9.892557e-07
8514 8.045136e-05 9.883619e-07
8515 8.039316e-05 9.874690e-07
8516 8.033501e-05 9.865769e-07
8517 8.027692e-05 9.856856e-07
8518 8.021889e-05 9.847951e-07
8519 8.016092e-05 9.839054e-07
8520 8.010300e-05 9.830165e-07
8521 8.004514e-05 9.821284e-07
8522 7.998734e-05 9.812411e-07
8523 7.992960e-05 9.803546e-07
8524 7.987191e-05 9.794689e-07
8525 7.981428e-05 9.785840e-07
8526 7.975671e-05 9.776999e-07
8527 7.969920e-05 9.768166e-07
8528 7.964174e-05 9.759341e-07
8529 7.958434e-05 9.750524e-07
8530 7.952700e-05 9.741715e-07
8531 7.946972e-05 9.732914e-07
8532 7.941249e-05 9.724121e-07
8533 7.935532e-05 9.715335e-07
8534 7.929820e-05 9.706558e-07
8535 7.924114e-05 9.697789e-07
8536 7.918414e-05 9.689027e-07
8537 7.912720e-05 9.680274e-07
8538 7.907031e-05 9.671528e-07
8539 7.901348e-05 9.662791e-07
8540 7.895671e-05 9.654061e-07
8541 7.889999e-05 9.645339e-07
8542 7.884333e-05 9.636625e-07
8543 7.878673e-05 9.627919e-07
8544 7.873018e-05 9.619221e-07
8545 7.867369e-05 9.610530e-07
8546 7.861725e-05 9.601848e-07
8547 7.856087e-05 9.593173e-07
8548 7.850455e-05 9.584506e-07
8549 7.844829e-05 9.575847e-07
8550 7.839208e-05 9.567196e-07
8551 7.833592e-05 9.558552e-07
8552 7.827982e-05 9.549917e-07
8553 7.822378e-05 9.541289e-07
8554 7.816780e-05 9.532669e-07
8555 7.811187e-05 9.524057e-07
8556 7.805599e-05 9.515452e-07
8557 7.800017e-05 9.506856e-07
8558 7.794441e-05 9.498267e-07
8559 7.788870e-05 9.489685e-07
8560 7.783305e-05 9.481112e-07
8561 7.777746e-05 9.472546e-07
8562 7.772192e-05 9.463989e-07
8563 7.766643e-05 9.455438e-07
8564 7.761100e-05 9.446896e-07
8565 7.755563e-05 9.438361e-07
8566 7.750031e-05 9.429834e-07
8567 7.744505e-05 9.421315e-07
8568 7.738984e-05 9.412803e-07
8569 7.733469e-05 9.404299e-07
8570 7.727959e-05 9.395803e-07
8571 7.722455e-05 9.387314e-07
8572 7.716956e-05 9.378834e-07
8573 7.711463e-05 9.370360e-07
8574 7.705976e-05 9.361895e-07
8575 7.700493e-05 9.353437e-07
8576 7.695017e-05 9.344986e-07
8577 7.689545e-05 9.336544e-07
8578 7.684080e-05 9.328109e-07
8579 7.678619e-05 9.319681e-07
8580 7.673165e-05 9.311262e-07
8581 7.667715e-05 9.302849e-07
8582 7.662271e-05 9.294445e-07
8583 7.656833e-05 9.286048e-07
8584 7.651400e-05 9.277658e-07
8585 7.645973e-05 9.269277e-07
8586 7.640550e-05 9.260902e-07
8587 7.635134e-05 9.252536e-07
8588 7.629723e-05 9.244176e-07
8589 7.624317e-05 9.235825e-07
8590 7.618917e-05 9.227481e-07
8591 7.613522e-05 9.219144e-07
8592 7.608132e-05 9.210815e-07
8593 7.602748e-05 9.202494e-07
8594 7.597369e-05 9.194180e-07
8595 7.591996e-05 9.185874e-07
8596 7.586628e-05 9.177575e-07
8597 7.581266e-05 9.169283e-07
8598 7.575908e-05 9.160999e-07
8599 7.570557e-05 9.152723e-07
8600 7.565210e-05 9.144454e-07
8601 7.559869e-05 9.136192e-07
8602 7.554534e-05 9.127938e-07
8603 7.549203e-05 9.119692e-07
8604 7.543878e-05 9.111453e-07
8605 7.538559e-05 9.103221e-07
8606 7.533245e-05 9.094997e-07
8607 7.527936e-05 9.086780e-07
8608 7.522632e-05 9.078570e-07
8609 7.517334e-05 9.070369e-07
8610 7.512041e-05 9.062174e-07
8611 7.506754e-05 9.053987e-07
8612 7.501471e-05 9.045807e-07
8613 7.496194e-05 9.037635e-07
8614 7.490923e-05 9.029470e-07
8615 7.485656e-05 9.021312e-07
8616 7.480395e-05 9.013162e-07
8617 7.475140e-05 9.005019e-07
8618 7.469889e-05 8.996883e-07
8619 7.464644e-05 8.988755e-07
8620 7.459404e-05 8.980634e-07
8621 7.454170e-05 8.972521e-07
8622 7.448940e-05 8.964415e-07
8623 7.443716e-05 8.956316e-07
8624 7.438498e-05 8.948224e-07
8625 7.433284e-05 8.940140e-07
8626 7.428076e-05 8.932063e-07
8627 7.422873e-05 8.923994e-07
8628 7.417675e-05 8.915931e-07
8629 7.412483e-05 8.907876e-07
8630 7.407295e-05 8.899829e-07
8631 7.402113e-05 8.891788e-07
8632 7.396937e-05 8.883755e-07
8633 7.391765e-05 8.875729e-07
8634 7.386599e-05 8.867710e-07
8635 7.381437e-05 8.859699e-07
8636 7.376282e-05 8.851694e-07
8637 7.371131e-05 8.843697e-07
8638 7.365985e-05 8.835708e-07
8639 7.360845e-05 8.827725e-07
8640 7.355710e-05 8.819750e-07
8641 7.350580e-05 8.811782e-07
8642 7.345455e-05 8.803821e-07
8643 7.340335e-05 8.795867e-07
8644 7.335221e-05 8.787920e-07
8645 7.330112e-05 8.779981e-07
8646 7.325008e-05 8.772049e-07
8647 7.319909e-05 8.764124e-07
8648 7.314815e-05 8.756206e-07
8649 7.309726e-05 8.748295e-07
8650 7.304643e-05 8.740391e-07
8651 7.299564e-05 8.732495e-07
8652 7.294491e-05 8.724606e-07
8653 7.289423e-05 8.716724e-07
8654 7.284360e-05 8.708848e-07
8655 7.279302e-05 8.700980e-07
8656 7.274250e-05 8.693120e-07
8657 7.269202e-05 8.685266e-07
8658 7.264160e-05 8.677419e-07
8659 7.259122e-05 8.669580e-07
8660 7.254090e-05 8.661747e-07
8661 7.249063e-05 8.653922e-07
8662 7.244041e-05 8.646104e-07
8663 7.239024e-05 8.638292e-07
8664 7.234012e-05 8.630488e-07
8665 7.229005e-05 8.622691e-07
8666 7.224003e-05 8.614901e-07
8667 7.219007e-05 8.607118e-07
8668 7.214015e-05 8.599342e-07
8669 7.209028e-05 8.591573e-07
8670 7.204047e-05 8.583811e-07
8671 7.199070e-05 8.576056e-07
8672 7.194099e-05 8.568308e-07
8673 7.189133e-05 8.560567e-07
8674 7.184171e-05 8.552833e-07
8675 7.179215e-05 8.545106e-07
8676 7.174264e-05 8.537386e-07
8677 7.169318e-05 8.529673e-07
8678 7.164376e-05 8.521967e-07
8679 7.159440e-05 8.514267e-07
8680 7.154509e-05 8.506575e-07
8681 7.149583e-05 8.498890e-07
8682 7.144662e-05 8.491212e-07
8683 7.139746e-05 8.483540e-07
8684 7.134834e-05 8.475876e-07
8685 7.129928e-05 8.468219e-07
8686 7.125027e-05 8.460568e-07
8687 7.120131e-05 8.452924e-07
8688 7.115240e-05 8.445288e-07
8689 7.110353e-05 8.437658e-07
8690 7.105472e-05 8.430035e-07
8691 7.100596e-05 8.422419e-07
8692 7.095724e-05 8.414810e-07
8693 7.090858e-05 8.407207e-07
8694 7.085996e-05 8.399612e-07
8695 7.081140e-05 8.392023e-07
8696 7.076288e-05 8.384442e-07
8697 7.071442e-05 8.376867e-07
8698 7.066600e-05 8.369299e-07
8699 7.061763e-05 8.361738e-07
8700 7.056931e-05 8.354183e-07
8701 7.052105e-05 8.346636e-07
8702 7.047283e-05 8.339095e-07
8703 7.042466e-05 8.331561e-07
8704 7.037653e-05 8.324034e-07
8705 7.032846e-05 8.316514e-07
8706 7.028044e-05 8.309000e-07
8707 7.023246e-05 8.301493e-07
8708 7.018454e-05 8.293994e-07
8709 7.013666e-05 8.286500e-07
8710 7.008883e-05 8.279014e-07
8711 7.004105e-05 8.271534e-07
8712 6.999332e-05 8.264061e-07
8713 6.994564e-05 8.256595e-07
8714 6.989801e-05 8.249136e-07
8715 6.985042e-05 8.241683e-07
8716 6.980289e-05 8.234237e-07
8717 6.975540e-05 8.226798e-07
8718 6.970796e-05 8.219366e-07
8719 6.966057e-05 8.211940e-07
8720 6.961323e-05 8.204521e-07
8721 6.956593e-05 8.197109e-07
8722 6.951869e-05 8.189703e-07
8723 6.947149e-05 8.182304e-07
8724 6.942434e-05 8.174912e-07
8725 6.937724e-05 8.167526e-07
8726 6.933019e-05 8.160148e-07
8727 6.928318e-05 8.152775e-07
8728 6.923623e-05 8.145410e-07
8729 6.918932e-05 8.138051e-07
8730 6.914246e-05 8.130699e-07
8731 6.909565e-05 8.123353e-07
8732 6.904888e-05 8.116014e-07
8733 6.900216e-05 8.108682e-07
8734 6.895549e-05 8.101356e-07
8735 6.890887e-05 8.094037e-07
8736 6.886230e-05 8.086724e-07
8737 6.881577e-05 8.079418e-07
8738 6.876930e-05 8.072119e-07
8739 6.872287e-05 8.064826e-07
8740 6.867648e-05 8.057540e-07
8741 6.863015e-05 8.050261e-07
8742 6.858386e-05 8.042988e-07
8743 6.853762e-05 8.035721e-07
8744 6.849143e-05 8.028462e-07
8745 6.844528e-05 8.021208e-07
8746 6.839918e-05 8.013962e-07
8747 6.835313e-05 8.006721e-07
8748 6.830713e-05 7.999488e-07
8749 6.826117e-05 7.992261e-07
8750 6.821526e-05 7.985040e-07
8751 6.816940e-05 7.977826e-07
8752 6.812358e-05 7.970619e-07
8753 6.807781e-05 7.963418e-07
8754 6.803209e-05 7.956223e-07
8755 6.798642e-05 7.949035e-07
8756 6.794079e-05 7.941854e-07
8757 6.789521e-05 7.934679e-07
8758 6.784967e-05 7.927510e-07
8759 6.780419e-05 7.920348e-07
8760 6.775875e-05 7.913192e-07
8761 6.771335e-05 7.906043e-07
8762 6.766801e-05 7.898901e-07
8763 6.762271e-05 7.891764e-07
8764 6.757745e-05 7.884635e-07
8765 6.753224e-05 7.877511e-07
8766 6.748708e-05 7.870394e-07
8767 6.744197e-05 7.863284e-07
8768 6.739690e-05 7.856180e-07
8769 6.735188e-05 7.849082e-07
8770 6.730690e-05 7.841991e-07
8771 6.726197e-05 7.834906e-07
8772 6.721709e-05 7.827828e-07
8773 6.717225e-05 7.820756e-07
8774 6.712746e-05 7.813690e-07
8775 6.708272e-05 7.806631e-07
8776 6.703802e-05 7.799578e-07
8777 6.699337e-05 7.792532e-07
8778 6.694876e-05 7.785492e-07
8779 6.690420e-05 7.778458e-07
8780 6.685969e-05 7.771430e-07
8781 6.681522e-05 7.764409e-07
8782 6.677080e-05 7.757395e-07
8783 6.672642e-05 7.750386e-07
8784 6.668209e-05 7.743384e-07
8785 6.663780e-05 7.736389e-07
8786 6.659356e-05 7.729399e-07
8787 6.654937e-05 7.722416e-07
8788 6.650522e-05 7.715439e-07
8789 6.646112e-05 7.708469e-07
8790 6.641706e-05 7.701505e-07
8791 6.637305e-05 7.694547e-07
8792 6.632908e-05 7.687595e-07
8793 6.628516e-05 7.680650e-07
8794 6.624129e-05 7.673711e-07
8795 6.619745e-05 7.666778e-07
8796 6.615367e-05 7.659852e-07
8797 6.610993e-05 7.652931e-07
8798 6.606623e-05 7.646017e-07
8799 6.602259e-05 7.639110e-07
8800 6.597898e-05 7.632208e-07
8801 6.593542e-05 7.625313e-07
8802 6.589191e-05 7.618424e-07
8803 6.584844e-05 7.611541e-07
8804 6.580501e-05 7.604664e-07
8805 6.576163e-05 7.597794e-07
8806 6.571830e-05 7.590930e-07
8807 6.567501e-05 7.584072e-07
8808 6.563176e-05 7.577220e-07
8809 6.558856e-05 7.570375e-07
8810 6.554541e-05 7.563535e-07
8811 6.550230e-05 7.556702e-07
8812 6.545923e-05 7.549875e-07
8813 6.541621e-05 7.543054e-07
8814 6.537323e-05 7.536239e-07
8815 6.533030e-05 7.529431e-07
8816 6.528741e-05 7.522628e-07
8817 6.524457e-05 7.515832e-07
8818 6.520177e-05 7.509042e-07
8819 6.515901e-05 7.502258e-07
8820 6.511630e-05 7.495480e-07
8821 6.507364e-05 7.488708e-07
8822 6.503102e-05 7.481943e-07
8823 6.498844e-05 7.475183e-07
8824 6.494590e-05 7.468430e-07
8825 6.490341e-05 7.461682e-07
8826 6.486097e-05 7.454941e-07
8827 6.481857e-05 7.448206e-07
8828 6.477621e-05 7.441477e-07
8829 6.473390e-05 7.434754e-07
8830 6.469163e-05 7.428037e-07
8831 6.464940e-05 7.421326e-07
8832 6.460722e-05 7.414622e-07
8833 6.456508e-05 7.407923e-07
8834 6.452299e-05 7.401230e-07
8835 6.448094e-05 7.394544e-07
8836 6.443893e-05 7.387863e-07
8837 6.439697e-05 7.381189e-07
8838 6.435505e-05 7.374520e-07
8839 6.431317e-05 7.367858e-07
8840 6.427134e-05 7.361201e-07
8841 6.422955e-05 7.354551e-07
8842 6.418781e-05 7.347906e-07
8843 6.414611e-05 7.341268e-07
8844 6.410445e-05 7.334636e-07
8845 6.406283e-05 7.328009e-07
8846 6.402126e-05 7.321389e-07
8847 6.397973e-05 7.314774e-07
8848 6.393825e-05 7.308166e-07
8849 6.389680e-05 7.301563e-07
8850 6.385541e-05 7.294967e-07
8851 6.381405e-05 7.288376e-07
8852 6.377274e-05 7.281791e-07
8853 6.373147e-05 7.275213e-07
8854 6.369024e-05 7.268640e-07
8855 6.364906e-05 7.262073e-07
8856 6.360792e-05 7.255512e-07
8857 6.356682e-05 7.248957e-07
8858 6.352576e-05 7.242408e-07
8859 6.348475e-05 7.235865e-07
8860 6.344378e-05 7.229328e-07
8861 6.340286e-05 7.222797e-07
8862 6.336197e-05 7.216271e-07
8863 6.332113e-05 7.209752e-07
8864 6.328033e-05 7.203238e-07
8865 6.323958e-05 7.196731e-07
8866 6.319886e-05 7.190229e-07
8867 6.315819e-05 7.183733e-07
8868 6.311757e-05 7.177243e-07
8869 6.307698e-05 7.170758e-07
8870 6.303644e-05 7.164280e-07
8871 6.299593e-05 7.157808e-07
8872 6.295548e-05 7.151341e-07
8873 6.291506e-05 7.144880e-07
8874 6.287469e-05 7.138425e-07
8875 6.283435e-05 7.131976e-07
8876 6.279406e-05 7.125533e-07
8877 6.275382e-05 7.119095e-07
8878 6.271361e-05 7.112663e-07
8879 6.267345e-05 7.106237e-07
8880 6.263332e-05 7.099817e-07
8881 6.259325e-05 7.093403e-07
8882 6.255321e-05 7.086995e-07
8883 6.251321e-05 7.080592e-07
8884 6.247326e-05 7.074195e-07
8885 6.243335e-05 7.067804e-07
8886 6.239348e-05 7.061418e-07
8887 6.235365e-05 7.055039e-07
8888 6.231386e-05 7.048665e-07
8889 6.227412e-05 7.042297e-07
8890 6.223441e-05 7.035935e-07
8891 6.219475e-05 7.029578e-07
8892 6.215513e-05 7.023227e-07
8893 6.211555e-05 7.016882e-07
8894 6.207602e-05 7.010543e-07
8895 6.203652e-05 7.004209e-07
8896 6.199707e-05 6.997881e-07
8897 6.195765e-05 6.991559e-07
8898 6.191828e-05 6.985243e-07
8899 6.187895e-05 6.978932e-07
8900 6.183966e-05 6.972627e-07
8901 6.180042e-05 6.966327e-07
8902 6.176121e-05 6.960034e-07
8903 6.172205e-05 6.953746e-07
8904 6.168292e-05 6.947463e-07
8905 6.164384e-05 6.941187e-07
8906 6.160480e-05 6.934916e-07
8907 6.156580e-05 6.928650e-07
8908 6.152684e-05 6.922391e-07
8909 6.148792e-05 6.916137e-07
8910 6.144904e-05 6.909888e-07
8911 6.141020e-05 6.903646e-07
8912 6.137141e-05 6.897409e-07
8913 6.133265e-05 6.891177e-07
8914 6.129394e-05 6.884952e-07
8915 6.125526e-05 6.878731e-07
8916 6.121663e-05 6.872517e-07
8917 6.117804e-05 6.866308e-07
8918 6.113949e-05 6.860105e-07
8919 6.110098e-05 6.853907e-07
8920 6.106251e-05 6.847715e-07
8921 6.102408e-05 6.841528e-07
8922 6.098569e-05 6.835347e-07
8923 6.094734e-05 6.829172e-07
8924 6.090903e-05 6.823002e-07
8925 6.087076e-05 6.816838e-07
8926 6.083253e-05 6.810679e-07
8927 6.079434e-05 6.804526e-07
8928 6.075620e-05 6.798379e-07
8929 6.071809e-05 6.792237e-07
8930 6.068002e-05 6.786100e-07
8931 6.064200e-05 6.779970e-07
8932 6.060401e-05 6.773844e-07
8933 6.056606e-05 6.767724e-07
8934 6.052816e-05 6.761610e-07
8935 6.049029e-05 6.755501e-07
8936 6.045246e-05 6.749398e-07
8937 6.041468e-05 6.743300e-07
8938 6.037693e-05 6.737208e-07
8939 6.033922e-05 6.731122e-07
8940 6.030156e-05 6.725040e-07
8941 6.026393e-05 6.718965e-07
8942 6.022634e-05 6.712895e-07
8943 6.018879e-05 6.706830e-07
8944 6.015129e-05 6.700771e-07
8945 6.011382e-05 6.694717e-07
8946 6.007639e-05 6.688668e-07
8947 6.003900e-05 6.682626e-07
8948 6.000165e-05 6.676588e-07
8949 5.996434e-05 6.670556e-07
8950 5.992707e-05 6.664530e-07
8951 5.988984e-05 6.658509e-07
8952 5.985265e-05 6.652493e-07
8953 5.981550e-05 6.646483e-07
8954 5.977838e-05 6.640478e-07
8955 5.974131e-05 6.634479e-07
8956 5.970428e-05 6.628485e-07
8957 5.966728e-05 6.622497e-07
8958 5.963033e-05 6.616514e-07
8959 5.959341e-05 6.610536e-07
8960 5.955653e-05 6.604564e-07
8961 5.951969e-05 6.598597e-07
8962 5.948289e-05 6.592635e-07
8963 5.944613e-05 6.586679e-07
8964 5.940941e-05 6.580729e-07
8965 5.937273e-05 6.574783e-07
8966 5.933609e-05 6.568843e-07
8967 5.929948e-05 6.562909e-07
8968 5.926292e-05 6.556980e-07
8969 5.922639e-05 6.551056e-07
8970 5.918990e-05 6.545137e-07
8971 5.915345e-05 6.539224e-07
8972 5.911704e-05 6.533316e-07
8973 5.908067e-05 6.527414e-07
8974 5.904434e-05 6.521517e-07
8975 5.900804e-05 6.515625e-07
8976 5.897179e-05 6.509738e-07
8977 5.893557e-05 6.503857e-07
8978 5.889939e-05 6.497981e-07
8979 5.886325e-05 6.492111e-07
8980 5.882715e-05 6.486245e-07
8981 5.879108e-05 6.480386e-07
8982 5.875506e-05 6.474531e-07
8983 5.871907e-05 6.468681e-07
8984 5.868312e-05 6.462837e-07
8985 5.864721e-05 6.456999e-07
8986 5.861134e-05 6.451165e-07
8987 5.857551e-05 6.445337e-07
8988 5.853971e-05 6.439514e-07
8989 5.850395e-05 6.433696e-07
8990 5.846823e-05 6.427884e-07
8991 5.843255e-05 6.422076e-07
8992 5.839691e-05 6.416274e-07
8993 5.836130e-05 6.410478e-07
8994 5.832574e-05 6.404686e-07
8995 5.829021e-05 6.398900e-07
8996 5.825471e-05 6.393119e-07
8997 5.821926e-05 6.387343e-07
8998 5.818384e-05 6.381572e-07
8999 5.814847e-05 6.375807e-07
9000 5.811313e-05 6.370047e-07
9001 5.807782e-05 6.364292e-07
9002 5.804256e-05 6.358542e-07
9003 5.800733e-05 6.352797e-07
9004 5.797214e-05 6.347058e-07
9005 5.793699e-05 6.341324e-07
9006 5.790187e-05 6.335595e-07
9007 5.786680e-05 6.329871e-07
9008 5.783176e-05 6.324152e-07
9009 5.779675e-05 6.318439e-07
9010 5.776179e-05 6.312730e-07
9011 5.772686e-05 6.307027e-07
9012 5.769197e-05 6.301329e-07
9013 5.765712e-05 6.295636e-07
9014 5.762230e-05 6.289948e-07
9015 5.758753e-05 6.284266e-07
9016 5.755278e-05 6.278588e-07
9017 5.751808e-05 6.272916e-07
9018 5.748341e-05 6.267249e-07
9019 5.744878e-05 6.261587e-07
9020 5.741419e-05 6.255930e-07
9021 5.737964e-05 6.250278e-07
9022 5.734512e-05 6.244631e-07
9023 5.731064e-05 6.238989e-07
9024 5.727619e-05 6.233353e-07
9025 5.724178e-05 6.227721e-07
9026 5.720741e-05 6.222095e-07
9027 5.717308e-05 6.216474e-07
9028 5.713878e-05 6.210857e-07
9029 5.710452e-05 6.205246e-07
9030 5.707030e-05 6.199640e-07
9031 5.703611e-05 6.194039e-07
9032 5.700196e-05 6.188443e-07
9033 5.696785e-05 6.182852e-07
9034 5.693377e-05 6.177266e-07
9035 5.689973e-05 6.171686e-07
9036 5.686573e-05 6.166110e-07
9037 5.683176e-05 6.160539e-07
9038 5.679783e-05 6.154973e-07
9039 5.676393e-05 6.149413e-07
9040 5.673008e-05 6.143857e-07
9041 5.669625e-05 6.138306e-07
9042 5.666247e-05 6.132761e-07
9043 5.662872e-05 6.127220e-07
9044 5.659501e-05 6.121685e-07
9045 5.656133e-05 6.116154e-07
9046 5.652769e-05 6.110628e-07
9047 5.649409e-05 6.105108e-07
9048 5.646052e-05 6.099592e-07
9049 5.642699e-05 6.094082e-07
9050 5.639349e-05 6.088576e-07
9051 5.636003e-05 6.083075e-07
9052 5.632661e-05 6.077579e-07
9053 5.629322e-05 6.072089e-07
9054 5.625987e-05 6.066603e-07
9055 5.622655e-05 6.061122e-07
9056 5.619327e-05 6.055646e-07
9057 5.616003e-05 6.050175e-07
9058 5.612682e-05 6.044709e-07
9059 5.609365e-05 6.039248e-07
9060 5.606051e-05 6.033792e-07
9061 5.602741e-05 6.028341e-07
9062 5.599435e-05 6.022895e-07
9063 5.596132e-05 6.017453e-07
9064 5.592832e-05 6.012017e-07
9065 5.589537e-05 6.006585e-07
9066 5.586244e-05 6.001159e-07
9067 5.582956e-05 5.995737e-07
9068 5.579670e-05 5.990320e-07
9069 5.576389e-05 5.984908e-07
9070 5.573111e-05 5.979501e-07
9071 5.569836e-05 5.974099e-07
9072 5.566565e-05 5.968702e-07
9073 5.563298e-05 5.963309e-07
9074 5.560034e-05 5.957922e-07
9075 5.556773e-05 5.952539e-07
9076 5.553516e-05 5.947161e-07
9077 5.550263e-05 5.941789e-07
9078 5.547013e-05 5.936420e-07
9079 5.543767e-05 5.931057e-07
9080 5.540524e-05 5.925699e-07
9081 5.537285e-05 5.920345e-07
9082 5.534049e-05 5.914997e-07
9083 5.530817e-05 5.909653e-07
9084 5.527588e-05 5.904314e-07
9085 5.524362e-05 5.898980e-07
9086 5.521141e-05 5.893650e-07
9087 5.517922e-05 5.888326e-07
9088 5.514707e-05 5.883006e-07
9089 5.511496e-05 5.877691e-07
9090 5.508288e-05 5.872381e-07
9091 5.505084e-05 5.867075e-07
9092 5.501883e-05 5.861775e-07
9093 5.498685e-05 5.856479e-07
9094 5.495491e-05 5.851188e-07
9095 5.492301e-05 5.845902e-07
9096 5.489114e-05 5.840620e-07
9097 5.485930e-05 5.835344e-07
9098 5.482750e-05 5.830072e-07
9099 5.479573e-05 5.824805e-07
9100 5.476400e-05 5.819542e-07
9101 5.473230e-05 5.814285e-07
9102 5.470064e-05 5.809032e-07
9103 5.466901e-05 5.803784e-07
9104 5.463741e-05 5.798540e-07
9105 5.460585e-05 5.793301e-07
9106 5.457433e-05 5.788068e-07
9107 5.454283e-05 5.782838e-07
9108 5.451138e-05 5.777614e-07
9109 5.447995e-05 5.772394e-07
9110 5.444856e-05 5.767179e-07
9111 5.441721e-05 5.761969e-07
9112 5.438589e-05 5.756763e-07
9113 5.435460e-05 5.751562e-07
9114 5.432334e-05 5.746366e-07
9115 5.429213e-05 5.741175e-07
9116 5.426094e-05 5.735988e-07
9117 5.422979e-05 5.730806e-07
9118 5.419867e-05 5.725628e-07
9119 5.416759e-05 5.720455e-07
9120 5.413654e-05 5.715287e-07
9121 5.410552e-05 5.710124e-07
9122 5.407454e-05 5.704965e-07
9123 5.404359e-05 5.699811e-07
9124 5.401268e-05 5.694661e-07
9125 5.398180e-05 5.689517e-07
9126 5.395095e-05 5.684376e-07
9127 5.392013e-05 5.679241e-07
9128 5.388935e-05 5.674110e-07
9129 5.385861e-05 5.668984e-07
9130 5.382790e-05 5.663862e-07
9131 5.379722e-05 5.658745e-07
9132 5.376657e-05 5.653633e-07
9133 5.373596e-05 5.648525e-07
9134 5.370538e-05 5.643422e-07
9135 5.367483e-05 5.638323e-07
9136 5.364432e-05 5.633230e-07
9137 5.361384e-05 5.628140e-07
9138 5.358340e-05 5.623056e-07
9139 5.355298e-05 5.617975e-07
9140 5.352260e-05 5.612900e-07
9141 5.349226e-05 5.607829e-07
9142 5.346194e-05 5.602763e-07
9143 5.343166e-05 5.597701e-07
9144 5.340142e-05 5.592644e-07
9145 5.337120e-05 5.587591e-07
9146 5.334102e-05 5.582543e-07
9147 5.331088e-05 5.577499e-07
9148 5.328076e-05 5.572460e-07
9149 5.325068e-05 5.567426e-07
9150 5.322063e-05 5.562396e-07
9151 5.319062e-05 5.557371e-07
9152 5.316063e-05 5.552350e-07
9153 5.313068e-05 5.547334e-07
9154 5.310077e-05 5.542322e-07
9155 5.307088e-05 5.537315e-07
9156 5.304103e-05 5.532312e-07
9157 5.301121e-05 5.527314e-07
9158 5.298142e-05 5.522321e-07
9159 5.295167e-05 5.517331e-07
9160 5.292195e-05 5.512347e-07
9161 5.289226e-05 5.507367e-07
9162 5.286261e-05 5.502391e-07
9163 5.283298e-05 5.497420e-07
9164 5.280339e-05 5.492453e-07
9165 5.277383e-05 5.487491e-07
9166 5.274431e-05 5.482534e-07
9167 5.271481e-05 5.477581e-07
9168 5.268535e-05 5.472632e-07
9169 5.265592e-05 5.467688e-07
9170 5.262653e-05 5.462748e-07
9171 5.259716e-05 5.457813e-07
9172 5.256783e-05 5.452882e-07
9173 5.253853e-05 5.447955e-07
9174 5.250926e-05 5.443033e-07
9175 5.248003e-05 5.438116e-07
9176 5.245083e-05 5.433203e-07
9177 5.242166e-05 5.428294e-07
9178 5.239252e-05 5.423390e-07
9179 5.236341e-05 5.418490e-07
9180 5.233433e-05 5.413595e-07
9181 5.230529e-05 5.408704e-07
9182 5.227628e-05 5.403818e-07
9183 5.224730e-05 5.398936e-07
9184 5.221835e-05 5.394058e-07
9185 5.218944e-05 5.389185e-07
9186 5.216056e-05 5.384316e-07
9187 5.213171e-05 5.379452e-07
9188 5.210289e-05 5.374592e-07
9189 5.207410e-05 5.369736e-07
9190 5.204534e-05 5.364885e-07
9191 5.201662e-05 5.360038e-07
9192 5.198792e-05 5.355195e-07
9193 5.195926e-05 5.350357e-07
9194 5.193063e-05 5.345523e-07
9195 5.190203e-05 5.340694e-07
9196 5.187347e-05 5.335869e-07
9197 5.184493e-05 5.331048e-07
9198 5.181643e-05 5.326232e-07
9199 5.178796e-05 5.321420e-07
9200 5.175952e-05 5.316613e-07
9201 5.173111e-05 5.311809e-07
9202 5.170273e-05 5.307010e-07
9203 5.167438e-05 5.302216e-07
9204 5.164607e-05 5.297426e-07
9205 5.161779e-05 5.292640e-07
9206 5.158953e-05 5.287858e-07
9207 5.156131e-05 5.283081e-07
9208 5.153312e-05 5.278308e-07
9209 5.150496e-05 5.273539e-07
9210 5.147683e-05 5.268775e-07
9211 5.144874e-05 5.264015e-07
9212 5.142067e-05 5.259259e-07
9213 5.139264e-05 5.254508e-07
9214 5.136463e-05 5.249760e-07
9215 5.133666e-05 5.245017e-07
9216 5.130872e-05 5.240279e-07
9217 5.128081e-05 5.235545e-07
9218 5.125293e-05 5.230815e-07
9219 5.122508e-05 5.226089e-07
9220 5.119726e-05 5.221367e-07
9221 5.116947e-05 5.216650e-07
9222 5.114172e-05 5.211937e-07
9223 5.111399e-05 5.207229e-07
9224 5.108630e-05 5.202524e-07
9225 5.105863e-05 5.197824e-07
9226 5.103100e-05 5.193128e-07
9227 5.100340e-05 5.188436e-07
9228 5.097583e-05 5.183749e-07
9229 5.094828e-05 5.179066e-07
9230 5.092077e-05 5.174387e-07
9231 5.089329e-05 5.169712e-07
9232 5.086584e-05 5.165041e-07
9233 5.083842e-05 5.160375e-07
9234 5.081103e-05 5.155713e-07
9235 5.078367e-05 5.151055e-07
9236 5.075635e-05 5.146401e-07
9237 5.072905e-05 5.141752e-07
9238 5.070178e-05 5.137106e-07
9239 5.067454e-05 5.132465e-07
9240 5.064734e-05 5.127828e-07
9241 5.062016e-05 5.123196e-07
9242 5.059301e-05 5.118567e-07
9243 5.056590e-05 5.113943e-07
9244 5.053881e-05 5.109323e-07
9245 5.051175e-05 5.104707e-07
9246 5.048473e-05 5.100095e-07
9247 5.045773e-05 5.095487e-07
9248 5.043077e-05 5.090884e-07
9249 5.040383e-05 5.086284e-07
9250 5.037693e-05 5.081689e-07
9251 5.035005e-05 5.077098e-07
9252 5.032320e-05 5.072511e-07
9253 5.029639e-05 5.067929e-07
9254 5.026960e-05 5.063350e-07
9255 5.024284e-05 5.058776e-07
9256 5.021612e-05 5.054205e-07
9257 5.018942e-05 5.049639e-07
9258 5.016276e-05 5.045077e-07
9259 5.013612e-05 5.040519e-07
9260 5.010951e-05 5.035965e-07
9261 5.008293e-05 5.031416e-07
9262 5.005638e-05 5.026870e-07
9263 5.002987e-05 5.022328e-07
9264 5.000338e-05 5.017791e-07
9265 4.997692e-05 5.013258e-07
9266 4.995049e-05 5.008729e-07
9267 4.992409e-05 5.004203e-07
9268 4.989772e-05 4.999682e-07
9269 4.987138e-05 4.995166e-07
9270 4.984506e-05 4.990653e-07
9271 4.981878e-05 4.986144e-07
9272 4.979253e-05 4.981639e-07
9273 4.976631e-05 4.977139e-07
9274 4.974011e-05 4.972642e-07
9275 4.971395e-05 4.968149e-07
9276 4.968781e-05 4.963661e-07
9277 4.966170e-05 4.959177e-07
9278 4.963563e-05 4.954696e-07
9279 4.960958e-05 4.950220e-07
9280 4.958356e-05 4.945748e-07
9281 4.955757e-05 4.941280e-07
9282 4.953161e-05 4.936815e-07
9283 4.950568e-05 4.932355e-07
9284 4.947977e-05 4.927899e-07
9285 4.945390e-05 4.923447e-07
9286 4.942806e-05 4.918999e-07
9287 4.940224e-05 4.914555e-07
9288 4.937645e-05 4.910115e-07
9289 4.935069e-05 4.905679e-07
9290 4.932497e-05 4.901247e-07
9291 4.929927e-05 4.896819e-07
9292 4.927359e-05 4.892395e-07
9293 4.924795e-05 4.887975e-07
9294 4.922234e-05 4.883559e-07
9295 4.919675e-05 4.879147e-07
9296 4.917120e-05 4.874739e-07
9297 4.914567e-05 4.870335e-07
9298 4.912017e-05 4.865935e-07
9299 4.909470e-05 4.861539e-07
9300 4.906926e-05 4.857146e-07
9301 4.904384e-05 4.852758e-07
9302 4.901846e-05 4.848374e-07
9303 4.899310e-05 4.843994e-07
9304 4.896778e-05 4.839618e-07
9305 4.894248e-05 4.835245e-07
9306 4.891721e-05 4.830877e-07
9307 4.889196e-05 4.826512e-07
9308 4.886675e-05 4.822152e-07
9309 4.884157e-05 4.817795e-07
9310 4.881641e-05 4.813443e-07
9311 4.879128e-05 4.809094e-07
9312 4.876618e-05 4.804749e-07
9313 4.874111e-05 4.800409e-07
9314 4.871606e-05 4.796072e-07
9315 4.869105e-05 4.791739e-07
9316 4.866606e-05 4.787410e-07
9317 4.864110e-05 4.783084e-07
9318 4.861617e-05 4.778763e-07
9319 4.859126e-05 4.774446e-07
9320 4.856639e-05 4.770132e-07
9321 4.854154e-05 4.765823e-07
9322 4.851672e-05 4.761517e-07
9323 4.849193e-05 4.757215e-07
9324 4.846717e-05 4.752918e-07
9325 4.844243e-05 4.748624e-07
9326 4.841773e-05 4.744334e-07
9327 4.839305e-05 4.740047e-07
9328 4.836839e-05 4.735765e-07
9329 4.834377e-05 4.731486e-07
9330 4.831917e-05 4.727212e-07
9331 4.829461e-05 4.722941e-07
9332 4.827006e-05 4.718674e-07
9333 4.824555e-05 4.714411e-07
9334 4.822107e-05 4.710152e-07
9335 4.819661e-05 4.705896e-07
9336 4.817218e-05 4.701645e-07
9337 4.814778e-05 4.697397e-07
9338 4.812340e-05 4.693153e-07
9339 4.809906e-05 4.688913e-07
9340 4.807474e-05 4.684677e-07
9341 4.805044e-05 4.680445e-07
9342 4.802618e-05 4.676216e-07
9343 4.800194e-05 4.671992e-07
9344 4.797773e-05 4.667771e-07
9345 4.795355e-05 4.663554e-07
9346 4.792939e-05 4.659340e-07
9347 4.790527e-05 4.655131e-07
9348 4.788117e-05 4.650925e-07
9349 4.785709e-05 4.646724e-07
9350 4.783305e-05 4.642525e-07
9351 4.780903e-05 4.638331e-07
9352 4.778504e-05 4.634141e-07
9353 4.776107e-05 4.629954e-07
9354 4.773714e-05 4.625771e-07
9355 4.771323e-05 4.621592e-07
9356 4.768934e-05 4.617417e-07
9357 4.766549e-05 4.613245e-07
9358 4.764166e-05 4.609077e-07
9359 4.761786e-05 4.604913e-07
9360 4.759408e-05 4.600753e-07
9361 4.757034e-05 4.596596e-07
9362 4.754662e-05 4.592444e-07
9363 4.752292e-05 4.588295e-07
9364 4.749926e-05 4.584149e-07
9365 4.747562e-05 4.580008e-07
9366 4.745200e-05 4.575870e-07
9367 4.742842e-05 4.571736e-07
9368 4.740486e-05 4.567606e-07
9369 4.738132e-05 4.563479e-07
9370 4.735782e-05 4.559356e-07
9371 4.733434e-05 4.555237e-07
9372 4.731089e-05 4.551122e-07
9373 4.728746e-05 4.547010e-07
9374 4.726406e-05 4.542902e-07
9375 4.724069e-05 4.538798e-07
9376 4.721734e-05 4.534697e-07
9377 4.719402e-05 4.530600e-07
9378 4.717073e-05 4.526507e-07
9379 4.714746e-05 4.522418e-07
9380 4.712422e-05 4.518332e-07
9381 4.710101e-05 4.514250e-07
9382 4.707782e-05 4.510172e-07
9383 4.705466e-05 4.506097e-07
9384 4.703153e-05 4.502026e-07
9385 4.700842e-05 4.497959e-07
9386 4.698534e-05 4.493895e-07
9387 4.696228e-05 4.489835e-07
9388 4.693926e-05 4.485779e-07
9389 4.691625e-05 4.481726e-07
9390 4.689328e-05 4.477677e-07
9391 4.687033e-05 4.473632e-07
9392 4.684740e-05 4.469590e-07
9393 4.682450e-05 4.465552e-07
9394 4.680163e-05 4.461518e-07
9395 4.677879e-05 4.457487e-07
9396 4.675597e-05 4.453460e-07
9397 4.673317e-05 4.449436e-07
9398 4.671041e-05 4.445417e-07
9399 4.668766e-05 4.441400e-07
9400 4.666495e-05 4.437388e-07
9401 4.664226e-05 4.433379e-07
9402 4.661960e-05 4.429374e-07
9403 4.659696e-05 4.425372e-07
9404 4.657435e-05 4.421374e-07
9405 4.655176e-05 4.417379e-07
9406 4.652920e-05 4.413388e-07
9407 4.650666e-05 4.409401e-07
9408 4.648416e-05 4.405418e-07
9409 4.646167e-05 4.401438e-07
9410 4.643922e-05 4.397461e-07
9411 4.641678e-05 4.393488e-07
9412 4.639438e-05 4.389519e-07
9413 4.637200e-05 4.385553e-07
9414 4.634964e-05 4.381591e-07
9415 4.632731e-05 4.377633e-07
9416 4.630501e-05 4.373678e-07
9417 4.628273e-05 4.369726e-07
9418 4.626048e-05 4.365779e-07
9419 4.623825e-05 4.361834e-07
9420 4.621605e-05 4.357894e-07
9421 4.619388e-05 4.353956e-07
9422 4.617173e-05 4.350023e-07
9423 4.614960e-05 4.346093e-07
9424 4.612750e-05 4.342166e-07
9425 4.610543e-05 4.338244e-07
9426 4.608338e-05 4.334324e-07
9427 4.606135e-05 4.330408e-07
9428 4.603936e-05 4.326496e-07
9429 4.601738e-05 4.322587e-07
9430 4.599544e-05 4.318682e-07
9431 4.597351e-05 4.314780e-07
9432 4.595161e-05 4.310882e-07
9433 4.592974e-05 4.306988e-07
9434 4.590789e-05 4.303097e-07
9435 4.588607e-05 4.299209e-07
9436 4.586428e-05 4.295325e-07
9437 4.584250e-05 4.291444e-07
9438 4.582076e-05 4.287567e-07
9439 4.579903e-05 4.283694e-07
9440 4.577734e-05 4.279824e-07
9441 4.575566e-05 4.275957e-07
9442 4.573402e-05 4.272094e-07
9443 4.571239e-05 4.268234e-07
9444 4.569080e-05 4.264378e-07
9445 4.566922e-05 4.260526e-07
9446 4.564768e-05 4.256676e-07
9447 4.562615e-05 4.252831e-07
9448 4.560466e-05 4.248988e-07
9449 4.558318e-05 4.245150e-07
9450 4.556173e-05 4.241315e-07
9451 4.554031e-05 4.237483e-07
9452 4.551891e-05 4.233654e-07
9453 4.549754e-05 4.229830e-07
9454 4.547619e-05 4.226008e-07
9455 4.545486e-05 4.222190e-07
9456 4.543356e-05 4.218376e-07
9457 4.541228e-05 4.214565e-07
9458 4.539103e-05 4.210757e-07
9459 4.536980e-05 4.206953e-07
9460 4.534860e-05 4.203152e-07
9461 4.532742e-05 4.199355e-07
9462 4.530627e-05 4.195561e-07
9463 4.528514e-05 4.191770e-07
9464 4.526403e-05 4.187983e-07
9465 4.524295e-05 4.184200e-07
9466 4.522190e-05 4.180420e-07
9467 4.520087e-05 4.176643e-07
9468 4.517986e-05 4.172869e-07
9469 4.515887e-05 4.169099e-07
9470 4.513791e-05 4.165333e-07
9471 4.511698e-05 4.161570e-07
9472 4.509607e-05 4.157810e-07
9473 4.507518e-05 4.154054e-07
9474 4.505432e-05 4.150301e-07
9475 4.503348e-05 4.146551e-07
9476 4.501267e-05 4.142805e-07
9477 4.499188e-05 4.139062e-07
9478 4.497111e-05 4.135323e-07
9479 4.495037e-05 4.131587e-07
9480 4.492965e-05 4.127854e-07
9481 4.490896e-05 4.124125e-07
9482 4.488829e-05 4.120399e-07
9483 4.486764e-05 4.116676e-07
9484 4.484702e-05 4.112957e-07
9485 4.482642e-05 4.109241e-07
9486 4.480584e-05 4.105529e-07
9487 4.478529e-05 4.101820e-07
9488 4.476477e-05 4.098114e-07
9489 4.474426e-05 4.094412e-07
9490 4.472378e-05 4.090712e-07
9491 4.470333e-05 4.087017e-07
9492 4.468290e-05 4.083324e-07
9493 4.466249e-05 4.079635e-07
9494 4.464210e-05 4.075950e-07
9495 4.462174e-05 4.072267e-07
9496 4.460141e-05 4.068588e-07
9497 4.458109e-05 4.064912e-07
9498 4.456080e-05 4.061240e-07
9499 4.454053e-05 4.057571e-07
9500 4.452029e-05 4.053905e-07
9501 4.450007e-05 4.050243e-07
9502 4.447988e-05 4.046583e-07
9503 4.445970e-05 4.042928e-07
9504 4.443955e-05 4.039275e-07
9505 4.441943e-05 4.035626e-07
9506 4.439933e-05 4.031980e-07
9507 4.437925e-05 4.028337e-07
9508 4.435919e-05 4.024698e-07
9509 4.433916e-05 4.021062e-07
9510 4.431915e-05 4.017429e-07
9511 4.429916e-05 4.013799e-07
9512 4.427920e-05 4.010173e-07
9513 4.425926e-05 4.006550e-07
9514 4.423935e-05 4.002930e-07
9515 4.421945e-05 3.999314e-07
9516 4.419958e-05 3.995701e-07
9517 4.417974e-05 3.992091e-07
9518 4.415991e-05 3.988484e-07
9519 4.414011e-05 3.984881e-07
9520 4.412034e-05 3.981281e-07
9521 4.410058e-05 3.977684e-07
9522 4.408085e-05 3.974090e-07
9523 4.406114e-05 3.970500e-07
9524 4.404146e-05 3.966913e-07
9525 4.402179e-05 3.963329e-07
9526 4.400215e-05 3.959748e-07
9527 4.398254e-05 3.956171e-07
9528 4.396294e-05 3.952597e-07
9529 4.394337e-05 3.949026e-07
9530 4.392382e-05 3.945458e-07
9531 4.390430e-05 3.941893e-07
9532 4.388480e-05 3.938332e-07
9533 4.386532e-05 3.934774e-07
9534 4.384586e-05 3.931219e-07
9535 4.382643e-05 3.927668e-07
9536 4.380701e-05 3.924119e-07
9537 4.378763e-05 3.920574e-07
9538 4.376826e-05 3.917032e-07
9539 4.374892e-05 3.913493e-07
9540 4.372959e-05 3.909958e-07
9541 4.371030e-05 3.906425e-07
9542 4.369102e-05 3.902896e-07
9543 4.367177e-05 3.899370e-07
9544 4.365254e-05 3.895847e-07
9545 4.363333e-05 3.892327e-07
9546 4.361414e-05 3.888811e-07
9547 4.359498e-05 3.885297e-07
9548 4.357584e-05 3.881787e-07
9549 4.355672e-05 3.878280e-07
9550 4.353762e-05 3.874777e-07
9551 4.351855e-05 3.871276e-07
9552 4.349950e-05 3.867778e-07
9553 4.348047e-05 3.864284e-07
9554 4.346146e-05 3.860793e-07
9555 4.344248e-05 3.857305e-07
9556 4.342351e-05 3.853820e-07
9557 4.340457e-05 3.850338e-07
9558 4.338565e-05 3.846860e-07
9559 4.336676e-05 3.843384e-07
9560 4.334788e-05 3.839912e-07
9561 4.332903e-05 3.836443e-07
9562 4.331020e-05 3.832977e-07
9563 4.329140e-05 3.829514e-07
9564 4.327261e-05 3.826054e-07
9565 4.325385e-05 3.822598e-07
9566 4.323511e-05 3.819144e-07
9567 4.321639e-05 3.815694e-07
9568 4.319769e-05 3.812246e-07
9569 4.317901e-05 3.808802e-07
9570 4.316036e-05 3.805361e-07
9571 4.314173e-05 3.801923e-07
9572 4.312312e-05 3.798489e-07
9573 4.310453e-05 3.795057e-07
9574 4.308596e-05 3.791628e-07
9575 4.306742e-05 3.788203e-07
9576 4.304890e-05 3.784780e-07
9577 4.303040e-05 3.781361e-07
9578 4.301192e-05 3.777945e-07
9579 4.299346e-05 3.774531e-07
9580 4.297502e-05 3.771121e-07
9581 4.295661e-05 3.767714e-07
9582 4.293822e-05 3.764310e-07
9583 4.291985e-05 3.760910e-07
9584 4.290150e-05 3.757512e-07
9585 4.288317e-05 3.754117e-07
9586 4.286486e-05 3.750726e-07
9587 4.284658e-05 3.747337e-07
9588 4.282832e-05 3.743951e-07
9589 4.281008e-05 3.740569e-07
9590 4.279186e-05 3.737190e-07
9591 4.277366e-05 3.733813e-07
9592 4.275548e-05 3.730440e-07
9593 4.273732e-05 3.727070e-07
9594 4.271919e-05 3.723703e-07
9595 4.270108e-05 3.720338e-07
9596 4.268299e-05 3.716977e-07
9597 4.266492e-05 3.713619e-07
9598 4.264687e-05 3.710264e-07
9599 4.262884e-05 3.706912e-07
9600 4.261083e-05 3.703563e-07
9601 4.259285e-05 3.700217e-07
9602 4.257488e-05 3.696874e-07
9603 4.255694e-05 3.693534e-07
9604 4.253902e-05 3.690197e-07
9605 4.252112e-05 3.686863e-07
9606 4.250324e-05 3.683533e-07
9607 4.248538e-05 3.680205e-07
9608 4.246754e-05 3.676880e-07
9609 4.244973e-05 3.673558e-07
9610 4.243193e-05 3.670239e-07
9611 4.241416e-05 3.666923e-07
9612 4.239641e-05 3.663610e-07
9613 4.237867e-05 3.660301e-07
9614 4.236096e-05 3.656994e-07
9615 4.234327e-05 3.653690e-07
9616 4.232560e-05 3.650389e-07
9617 4.230796e-05 3.647091e-07
9618 4.229033e-05 3.643796e-07
9619 4.227272e-05 3.640504e-07
9620 4.225514e-05 3.637215e-07
9621 4.223757e-05 3.633929e-07
9622 4.222003e-05 3.630646e-07
9623 4.220250e-05 3.627366e-07
9624 4.218500e-05 3.624089e-07
9625 4.216752e-05 3.620815e-07
9626 4.215006e-05 3.617543e-07
9627 4.213262e-05 3.614275e-07
9628 4.211520e-05 3.611010e-07
9629 4.209780e-05 3.607748e-07
9630 4.208042e-05 3.604488e-07
9631 4.206306e-05 3.601232e-07
9632 4.204572e-05 3.597978e-07
9633 4.202840e-05 3.594728e-07
9634 4.201111e-05 3.591480e-07
9635 4.199383e-05 3.588235e-07
9636 4.197658e-05 3.584993e-07
9637 4.195934e-05 3.581755e-07
9638 4.194213e-05 3.578519e-07
9639 4.192493e-05 3.575286e-07
9640 4.190776e-05 3.572056e-07
9641 4.189060e-05 3.568829e-07
9642 4.187347e-05 3.565604e-07
9643 4.185636e-05 3.562383e-07
9644 4.183927e-05 3.559165e-07
9645 4.182219e-05 3.555949e-07
9646 4.180514e-05 3.552736e-07
9647 4.178811e-05 3.549527e-07
9648 4.177110e-05 3.546320e-07
9649 4.175411e-05 3.543116e-07
9650 4.173714e-05 3.539915e-07
9651 4.172019e-05 3.536717e-07
9652 4.170325e-05 3.533522e-07
9653 4.168634e-05 3.530329e-07
9654 4.166945e-05 3.527140e-07
9655 4.165258e-05 3.523953e-07
9656 4.163573e-05 3.520770e-07
9657 4.161890e-05 3.517589e-07
9658 4.160209e-05 3.514411e-07
9659 4.158530e-05 3.511236e-07
9660 4.156853e-05 3.508064e-07
9661 4.155178e-05 3.504894e-07
9662 4.153505e-05 3.501728e-07
9663 4.151834e-05 3.498564e-07
9664 4.150165e-05 3.495403e-07
9665 4.148498e-05 3.492245e-07
9666 4.146833e-05 3.489090e-07
9667 4.145169e-05 3.485938e-07
9668 4.143508e-05 3.482789e-07
9669 4.141849e-05 3.479642e-07
9670 4.140192e-05 3.476499e-07
9671 4.138537e-05 3.473358e-07
9672 4.136883e-05 3.470220e-07
9673 4.135232e-05 3.467085e-07
9674 4.133583e-05 3.463952e-07
9675 4.131936e-05 3.460823e-07
9676 4.130290e-05 3.457696e-07
9677 4.128647e-05 3.454572e-07
9678 4.127005e-05 3.451451e-07
9679 4.125366e-05 3.448333e-07
9680 4.123728e-05 3.445218e-07
9681 4.122093e-05 3.442105e-07
9682 4.120459e-05 3.438996e-07
9683 4.118827e-05 3.435889e-07
9684 4.117198e-05 3.432784e-07
9685 4.115570e-05 3.429683e-07
9686 4.113944e-05 3.426585e-07
9687 4.112320e-05 3.423489e-07
9688 4.110698e-05 3.420396e-07
9689 4.109078e-05 3.417306e-07
9690 4.107460e-05 3.414218e-07
9691 4.105844e-05 3.411134e-07
9692 4.104230e-05 3.408052e-07
9693 4.102617e-05 3.404973e-07
9694 4.101007e-05 3.401897e-07
9695 4.099398e-05 3.398824e-07
9696 4.097792e-05 3.395753e-07
9697 4.096187e-05 3.392685e-07
9698 4.094585e-05 3.389620e-07
9699 4.092984e-05 3.386558e-07
9700 4.091385e-05 3.383498e-07
9701 4.089788e-05 3.380441e-07
9702 4.088193e-05 3.377387e-07
9703 4.086600e-05 3.374336e-07
9704 4.085009e-05 3.371287e-07
9705 4.083419e-05 3.368242e-07
9706 4.081832e-05 3.365199e-07
9707 4.080246e-05 3.362158e-07
9708 4.078663e-05 3.359121e-07
9709 4.077081e-05 3.356086e-07
9710 4.075501e-05 3.353054e-07
9711 4.073923e-05 3.350025e-07
9712 4.072347e-05 3.346998e-07
9713 4.070773e-05 3.343974e-07
9714 4.069201e-05 3.340953e-07
9715 4.067630e-05 3.337935e-07
9716 4.066062e-05 3.334919e-07
9717 4.064495e-05 3.331906e-07
9718 4.062931e-05 3.328896e-07
9719 4.061368e-05 3.325889e-07
9720 4.059807e-05 3.322884e-07
9721 4.058248e-05 3.319882e-07
9722 4.056690e-05 3.316882e-07
9723 4.055135e-05 3.313886e-07
9724 4.053581e-05 3.310892e-07
9725 4.052030e-05 3.307901e-07
9726 4.050480e-05 3.304912e-07
9727 4.048932e-05 3.301926e-07
9728 4.047386e-05 3.298943e-07
9729 4.045842e-05 3.295963e-07
9730 4.044300e-05 3.292985e-07
9731 4.042759e-05 3.290010e-07
9732 4.041220e-05 3.287038e-07
9733 4.039684e-05 3.284068e-07
9734 4.038149e-05 3.281101e-07
9735 4.036615e-05 3.278137e-07
9736 4.035084e-05 3.275175e-07
9737 4.033555e-05 3.272216e-07
9738 4.032027e-05 3.269260e-07
9739 4.030501e-05 3.266306e-07
9740 4.028978e-05 3.263356e-07
9741 4.027455e-05 3.260407e-07
9742 4.025935e-05 3.257462e-07
9743 4.024417e-05 3.254519e-07
9744 4.022900e-05 3.251578e-07
9745 4.021385e-05 3.248641e-07
9746 4.019872e-05 3.245706e-07
9747 4.018361e-05 3.242774e-07
9748 4.016852e-05 3.239844e-07
9749 4.015345e-05 3.236917e-07
9750 4.013839e-05 3.233993e-07
9751 4.012335e-05 3.231071e-07
9752 4.010833e-05 3.228152e-07
9753 4.009333e-05 3.225235e-07
9754 4.007834e-05 3.222321e-07
9755 4.006338e-05 3.219410e-07
9756 4.004843e-05 3.216502e-07
9757 4.003350e-05 3.213596e-07
9758 4.001859e-05 3.210692e-07
9759 4.000369e-05 3.207792e-07
9760 3.998882e-05 3.204894e-07
9761 3.997396e-05 3.201998e-07
9762 3.995912e-05 3.199105e-07
9763 3.994429e-05 3.196215e-07
9764 3.992949e-05 3.193328e-07
9765 3.991470e-05 3.190443e-07
9766 3.989993e-05 3.187560e-07
9767 3.988518e-05 3.184680e-07
9768 3.987045e-05 3.181803e-07
9769 3.985573e-05 3.178929e-07
9770 3.984104e-05 3.176057e-07
9771 3.982636e-05 3.173187e-07
9772 3.981169e-05 3.170320e-07
9773 3.979705e-05 3.167456e-07
9774 3.978242e-05 3.164595e-07
9775 3.976781e-05 3.161736e-07
9776 3.975322e-05 3.158879e-07
9777 3.973865e-05 3.156025e-07
9778 3.972409e-05 3.153174e-07
9779 3.970955e-05 3.150325e-07
9780 3.969503e-05 3.147479e-07
9781 3.968053e-05 3.144636e-07
9782 3.966604e-05 3.141795e-07
9783 3.965157e-05 3.138956e-07
9784 3.963712e-05 3.136120e-07
9785 3.962269e-05 3.133287e-07
9786 3.960827e-05 3.130456e-07
9787 3.959387e-05 3.127628e-07
9788 3.957949e-05 3.124802e-07
9789 3.956513e-05 3.121979e-07
9790 3.955078e-05 3.119159e-07
9791 3.953645e-05 3.116341e-07
9792 3.952214e-05 3.113525e-07
9793 3.950785e-05 3.110712e-07
9794 3.949357e-05 3.107902e-07
9795 3.947931e-05 3.105094e-07
9796 3.946507e-05 3.102289e-07
9797 3.945084e-05 3.099486e-07
9798 3.943663e-05 3.096686e-07
9799 3.942244e-05 3.093888e-07
9800 3.940827e-05 3.091093e-07
9801 3.939411e-05 3.088301e-07
9802 3.937997e-05 3.085510e-07
9803 3.936585e-05 3.082723e-07
9804 3.935175e-05 3.079938e-07
9805 3.933766e-05 3.077155e-07
9806 3.932359e-05 3.074375e-07
9807 3.930953e-05 3.071598e-07
9808 3.929550e-05 3.068823e-07
9809 3.928148e-05 3.066050e-07
9810 3.926747e-05 3.063280e-07
9811 3.925349e-05 3.060513e-07
9812 3.923952e-05 3.057748e-07
9813 3.922557e-05 3.054985e-07
9814 3.921163e-05 3.052225e-07
9815 3.919772e-05 3.049468e-07
9816 3.918381e-05 3.046713e-07
9817 3.916993e-05 3.043960e-07
9818 3.915606e-05 3.041210e-07
9819 3.914221e-05 3.038462e-07
9820 3.912838e-05 3.035717e-07
9821 3.911456e-05 3.032975e-07
9822 3.910076e-05 3.030235e-07
9823 3.908698e-05 3.027497e-07
9824 3.907321e-05 3.024762e-07
9825 3.905946e-05 3.022029e-07
9826 3.904573e-05 3.019299e-07
9827 3.903201e-05 3.016571e-07
9828 3.901831e-05 3.013846e-07
9829 3.900463e-05 3.011123e-07
9830 3.899096e-05 3.008403e-07
9831 3.897731e-05 3.005685e-07
9832 3.896368e-05 3.002969e-07
9833 3.895006e-05 3.000256e-07
9834 3.893646e-05 2.997546e-07
9835 3.892288e-05 2.994837e-07
9836 3.890931e-05 2.992132e-07
9837 3.889576e-05 2.989429e-07
9838 3.888223e-05 2.986728e-07
9839 3.886871e-05 2.984029e-07
9840 3.885521e-05 2.981334e-07
9841 3.884173e-05 2.978640e-07
9842 3.882826e-05 2.975949e-07
9843 3.881481e-05 2.973260e-07
9844 3.880137e-05 2.970574e-07
9845 3.878795e-05 2.967890e-07
9846 3.877455e-05 2.965209e-07
9847 3.876116e-05 2.962530e-07
9848 3.874779e-05 2.959854e-07
9849 3.873444e-05 2.957180e-07
9850 3.872110e-05 2.954508e-07
9851 3.870778e-05 2.951839e-07
9852 3.869448e-05 2.949172e-07
9853 3.868119e-05 2.946508e-07
9854 3.866792e-05 2.943846e-07
9855 3.865466e-05 2.941186e-07
9856 3.864142e-05 2.938529e-07
9857 3.862820e-05 2.935874e-07
9858 3.861499e-05 2.933222e-07
9859 3.860180e-05 2.930572e-07
9860 3.858862e-05 2.927924e-07
9861 3.857546e-05 2.925279e-07
9862 3.856232e-05 2.922636e-07
9863 3.854919e-05 2.919996e-07
9864 3.853608e-05 2.917357e-07
9865 3.852298e-05 2.914722e-07
9866 3.850990e-05 2.912088e-07
9867 3.849684e-05 2.909458e-07
9868 3.848379e-05 2.906829e-07
9869 3.847076e-05 2.904203e-07
9870 3.845775e-05 2.901579e-07
9871 3.844475e-05 2.898958e-07
9872 3.843176e-05 2.896339e-07
9873 3.841880e-05 2.893722e-07
9874 3.840584e-05 2.891108e-07
9875 3.839291e-05 2.888496e-07
9876 3.837999e-05 2.885886e-07
9877 3.836708e-05 2.883279e-07
9878 3.835419e-05 2.880674e-07
9879 3.834132e-05 2.878071e-07
9880 3.832846e-05 2.875471e-07
9881 3.831562e-05 2.872873e-07
9882 3.830280e-05 2.870278e-07
9883 3.828999e-05 2.867685e-07
9884 3.827719e-05 2.865094e-07
9885 3.826441e-05 2.862506e-07
9886 3.825165e-05 2.859919e-07
9887 3.823890e-05 2.857336e-07
9888 3.822617e-05 2.854754e-07
9889 3.821345e-05 2.852175e-07
9890 3.820075e-05 2.849598e-07
9891 3.818807e-05 2.847024e-07
9892 3.817540e-05 2.844452e-07
9893 3.816274e-05 2.841882e-07
9894 3.815011e-05 2.839314e-07
9895 3.813748e-05 2.836749e-07
9896 3.812487e-05 2.834186e-07
9897 3.811228e-05 2.831626e-07
9898 3.809971e-05 2.829068e-07
9899 3.808714e-05 2.826512e-07
9900 3.807460e-05 2.823958e-07
9901 3.806207e-05 2.821407e-07
9902 3.804955e-05 2.818858e-07
9903 3.803705e-05 2.816311e-07
9904 3.802457e-05 2.813767e-07
9905 3.801210e-05 2.811225e-07
9906 3.799964e-05 2.808685e-07
9907 3.798721e-05 2.806148e-07
9908 3.797478e-05 2.803612e-07
9909 3.796237e-05 2.801079e-07
9910 3.794998e-05 2.798549e-07
9911 3.793760e-05 2.796020e-07
9912 3.792524e-05 2.793494e-07
9913 3.791289e-05 2.790971e-07
9914 3.790056e-05 2.788449e-07
9915 3.788824e-05 2.785930e-07
9916 3.787594e-05 2.783413e-07
9917 3.786366e-05 2.780898e-07
9918 3.785138e-05 2.778386e-07
9919 3.783913e-05 2.775876e-07
9920 3.782689e-05 2.773368e-07
9921 3.781466e-05 2.770862e-07
9922 3.780245e-05 2.768359e-07
9923 3.779025e-05 2.765858e-07
9924 3.777807e-05 2.763359e-07
9925 3.776590e-05 2.760863e-07
9926 3.775375e-05 2.758368e-07
9927 3.774161e-05 2.755876e-07
9928 3.772949e-05 2.753387e-07
9929 3.771739e-05 2.750899e-07
9930 3.770529e-05 2.748414e-07
9931 3.769322e-05 2.745931e-07
9932 3.768115e-05 2.743450e-07
9933 3.766911e-05 2.740971e-07
9934 3.765707e-05 2.738495e-07
9935 3.764506e-05 2.736021e-07
9936 3.763305e-05 2.733549e-07
9937 3.762107e-05 2.731080e-07
9938 3.760909e-05 2.728612e-07
9939 3.759713e-05 2.726147e-07
9940 3.758519e-05 2.723684e-07
9941 3.757326e-05 2.721223e-07
9942 3.756135e-05 2.718765e-07
9943 3.754945e-05 2.716309e-07
9944 3.753756e-05 2.713855e-07
9945 3.752569e-05 2.711403e-07
9946 3.751383e-05 2.708953e-07
9947 3.750199e-05 2.706506e-07
9948 3.749017e-05 2.704061e-07
9949 3.747835e-05 2.701618e-07
9950 3.746656e-05 2.699177e-07
9951 3.745477e-05 2.696738e-07
9952 3.744300e-05 2.694302e-07
9953 3.743125e-05 2.691868e-07
9954 3.741951e-05 2.689436e-07
9955 3.740778e-05 2.687006e-07
9956 3.739607e-05 2.684579e-07
9957 3.738438e-05 2.682153e-07
9958 3.737270e-05 2.679730e-07
9959 3.736103e-05 2.677309e-07
9960 3.734938e-05 2.674890e-07
9961 3.733774e-05 2.672474e-07
9962 3.732611e-05 2.670059e-07
9963 3.731450e-05 2.667647e-07
9964 3.730291e-05 2.665237e-07
9965 3.729133e-05 2.662829e-07
9966 3.727976e-05 2.660423e-07
9967 3.726821e-05 2.658020e-07
9968 3.725667e-05 2.655618e-07
9969 3.724514e-05 2.653219e-07
9970 3.723363e-05 2.650822e-07
9971 3.722214e-05 2.648427e-07
9972 3.721066e-05 2.646035e-07
9973 3.719919e-05 2.643644e-07
9974 3.718773e-05 2.641256e-07
9975 3.717630e-05 2.638869e-07
9976 3.716487e-05 2.636485e-07
9977 3.715346e-05 2.634103e-07
9978 3.714206e-05 2.631724e-07
9979 3.713068e-05 2.629346e-07
9980 3.711931e-05 2.626971e-07
9981 3.710796e-05 2.624597e-07
9982 3.709662e-05 2.622226e-07
9983 3.708529e-05 2.619857e-07
9984 3.707398e-05 2.617490e-07
9985 3.706268e-05 2.615125e-07
9986 3.705139e-05 2.612763e-07
9987 3.704012e-05 2.610402e-07
9988 3.702887e-05 2.608044e-07
9989 3.701762e-05 2.605688e-07
9990 3.700640e-05 2.603334e-07
9991 3.699518e-05 2.600982e-07
9992 3.698398e-05 2.598632e-07
9993 3.697279e-05 2.596284e-07
9994 3.696162e-05 2.593938e-07
9995 3.695046e-05 2.591595e-07
9996 3.693931e-05 2.589254e-07
9997 3.692818e-05 2.586914e-07
9998 3.691706e-05 2.584577e-07
9999 3.690596e-05 2.582242e-07
10000 3.689487e-05 2.579909e-07
10001 3.688379e-05 2.577578e-07
10002 3.687273e-05 2.575250e-07
10003 3.686168e-05 2.572923e-07
10004 3.685064e-05 2.570599e-07
10005 3.683962e-05 2.568276e-07
10006 3.682861e-05 2.565956e-07
10007 3.681762e-05 2.563638e-07
10008 3.680664e-05 2.561322e-07
10009 3.679567e-05 2.559008e-07
10010 3.678471e-05 2.556696e-07
10011 3.677377e-05 2.554386e-07
10012 3.676285e-05 2.552078e-07
10013 3.675193e-05 2.549773e-07
10014 3.674103e-05 2.547469e-07
10015 3.673015e-05 2.545167e-07
10016 3.671927e-05 2.542868e-07
10017 3.670841e-05 2.540571e-07
10018 3.669757e-05 2.538275e-07
10019 3.668674e-05 2.535982e-07
10020 3.667592e-05 2.533691e-07
10021 3.666511e-05 2.531402e-07
10022 3.665432e-05 2.529115e-07
10023 3.664354e-05 2.526830e-07
10024 3.663278e-05 2.524547e-07
10025 3.662202e-05 2.522267e-07
10026 3.661128e-05 2.519988e-07
10027 3.660056e-05 2.517711e-07
10028 3.658985e-05 2.515437e-07
10029 3.657915e-05 2.513164e-07
10030 3.656846e-05 2.510893e-07
10031 3.655779e-05 2.508625e-07
10032 3.654713e-05 2.506359e-07
10033 3.653649e-05 2.504094e-07
10034 3.652585e-05 2.501832e-07
10035 3.651523e-05 2.499572e-07
10036 3.650463e-05 2.497313e-07
10037 3.649403e-05 2.495057e-07
10038 3.648345e-05 2.492803e-07
10039 3.647289e-05 2.490551e-07
10040 3.646233e-05 2.488301e-07
10041 3.645179e-05 2.486053e-07
10042 3.644127e-05 2.483807e-07
10043 3.643075e-05 2.481563e-07
10044 3.642025e-05 2.479321e-07
10045 3.640976e-05 2.477081e-07
10046 3.639929e-05 2.474843e-07
10047 3.638883e-05 2.472607e-07
10048 3.637838e-05 2.470373e-07
10049 3.636794e-05 2.468142e-07
10050 3.635752e-05 2.465912e-07
10051 3.634711e-05 2.463684e-07
10052 3.633671e-05 2.461458e-07
10053 3.632633e-05 2.459234e-07
10054 3.631595e-05 2.457012e-07
10055 3.630560e-05 2.454793e-07
10056 3.629525e-05 2.452575e-07
10057 3.628492e-05 2.450359e-07
10058 3.627460e-05 2.448145e-07
10059 3.626429e-05 2.445934e-07
10060 3.625400e-05 2.443724e-07
10061 3.624372e-05 2.441516e-07
10062 3.623345e-05 2.439310e-07
10063 3.622319e-05 2.437107e-07
10064 3.621295e-05 2.434905e-07
10065 3.620272e-05 2.432705e-07
10066 3.619250e-05 2.430507e-07
10067 3.618230e-05 2.428311e-07
10068 3.617210e-05 2.426117e-07
10069 3.616192e-05 2.423926e-07
10070 3.615176e-05 2.421736e-07
10071 3.614160e-05 2.419548e-07
10072 3.613146e-05 2.417362e-07
10073 3.612133e-05 2.415178e-07
10074 3.611122e-05 2.412996e-07
10075 3.610111e-05 2.410816e-07
10076 3.609102e-05 2.408638e-07
10077 3.608094e-05 2.406462e-07
10078 3.607088e-05 2.404288e-07
10079 3.606082e-05 2.402116e-07
10080 3.605078e-05 2.399945e-07
10081 3.604076e-05 2.397777e-07
10082 3.603074e-05 2.395611e-07
10083 3.602074e-05 2.393447e-07
10084 3.601075e-05 2.391284e-07
10085 3.600077e-05 2.389124e-07
10086 3.599080e-05 2.386965e-07
10087 3.598085e-05 2.384809e-07
10088 3.597091e-05 2.382654e-07
10089 3.596098e-05 2.380502e-07
10090 3.595106e-05 2.378351e-07
10091 3.594116e-05 2.376202e-07
10092 3.593127e-05 2.374056e-07
10093 3.592139e-05 2.371911e-07
10094 3.591152e-05 2.369768e-07
10095 3.590167e-05 2.367627e-07
10096 3.589182e-05 2.365488e-07
10097 3.588199e-05 2.363351e-07
10098 3.587218e-05 2.361216e-07
10099 3.586237e-05 2.359083e-07
10100 3.585258e-05 2.356951e-07
10101 3.584280e-05 2.354822e-07
10102 3.583303e-05 2.352694e-07
10103 3.582327e-05 2.350569e-07
10104 3.581353e-05 2.348445e-07
10105 3.580379e-05 2.346324e-07
10106 3.579407e-05 2.344204e-07
10107 3.578437e-05 2.342086e-07
10108 3.577467e-05 2.339970e-07
10109 3.576499e-05 2.337856e-07
10110 3.575531e-05 2.335744e-07
10111 3.574565e-05 2.333634e-07
10112 3.573601e-05 2.331525e-07
10113 3.572637e-05 2.329419e-07
10114 3.571675e-05 2.327314e-07
10115 3.570714e-05 2.325212e-07
10116 3.569754e-05 2.323111e-07
10117 3.568795e-05 2.321012e-07
10118 3.567837e-05 2.318915e-07
10119 3.566881e-05 2.316820e-07
10120 3.565926e-05 2.314727e-07
10121 3.564972e-05 2.312636e-07
10122 3.564019e-05 2.310547e-07
10123 3.563068e-05 2.308459e-07
10124 3.562117e-05 2.306374e-07
10125 3.561168e-05 2.304290e-07
10126 3.560220e-05 2.302208e-07
10127 3.559273e-05 2.300128e-07
10128 3.558328e-05 2.298050e-07
10129 3.557383e-05 2.295974e-07
10130 3.556440e-05 2.293900e-07
10131 3.555498e-05 2.291827e-07
10132 3.554557e-05 2.289757e-07
10133 3.553617e-05 2.287688e-07
10134 3.552679e-05 2.285621e-07
10135 3.551741e-05 2.283556e-07
10136 3.550805e-05 2.281493e-07
10137 3.549870e-05 2.279432e-07
10138 3.548936e-05 2.277373e-07
10139 3.548003e-05 2.275315e-07
10140 3.547072e-05 2.273260e-07
10141 3.546141e-05 2.271206e-07
10142 3.545212e-05 2.269154e-07
10143 3.544284e-05 2.267104e-07
10144 3.543357e-05 2.265056e-07
10145 3.542432e-05 2.263009e-07
10146 3.541507e-05 2.260965e-07
10147 3.540584e-05 2.258922e-07
10148 3.539661e-05 2.256882e-07
10149 3.538740e-05 2.254843e-07
10150 3.537820e-05 2.252805e-07
10151 3.536902e-05 2.250770e-07
10152 3.535984e-05 2.248737e-07
10153 3.535067e-05 2.246705e-07
10154 3.534152e-05 2.244675e-07
10155 3.533238e-05 2.242647e-07
10156 3.532325e-05 2.240621e-07
10157 3.531413e-05 2.238597e-07
10158 3.530502e-05 2.236575e-07
10159 3.529593e-05 2.234554e-07
10160 3.528684e-05 2.232535e-07
10161 3.527777e-05 2.230518e-07
10162 3.526871e-05 2.228503e-07
10163 3.525966e-05 2.226490e-07
10164 3.525062e-05 2.224478e-07
10165 3.524159e-05 2.222468e-07
10166 3.523257e-05 2.220461e-07
10167 3.522357e-05 2.218455e-07
10168 3.521457e-05 2.216450e-07
10169 3.520559e-05 2.214448e-07
10170 3.519662e-05 2.212447e-07
10171 3.518766e-05 2.210448e-07
10172 3.517871e-05 2.208451e-07
10173 3.516977e-05 2.206456e-07
10174 3.516084e-05 2.204463e-07
10175 3.515193e-05 2.202471e-07
10176 3.514302e-05 2.200481e-07
10177 3.513413e-05 2.198493e-07
10178 3.512525e-05 2.196507e-07
10179 3.511638e-05 2.194523e-07
10180 3.510752e-05 2.192540e-07
10181 3.509867e-05 2.190559e-07
10182 3.508983e-05 2.188580e-07
10183 3.508101e-05 2.186603e-07
10184 3.507219e-05 2.184627e-07
10185 3.506339e-05 2.182654e-07
10186 3.505459e-05 2.180682e-07
10187 3.504581e-05 2.178712e-07
10188 3.503704e-05 2.176743e-07
10189 3.502828e-05 2.174777e-07
10190 3.501953e-05 2.172812e-07
10191 3.501079e-05 2.170849e-07
10192 3.500207e-05 2.168888e-07
10193 3.499335e-05 2.166928e-07
10194 3.498464e-05 2.164971e-07
10195 3.497595e-05 2.163015e-07
10196 3.496727e-05 2.161060e-07
10197 3.495859e-05 2.159108e-07
10198 3.494993e-05 2.157157e-07
10199 3.494128e-05 2.155209e-07
10200 3.493264e-05 2.153261e-07
10201 3.492401e-05 2.151316e-07
10202 3.491539e-05 2.149373e-07
10203 3.490679e-05 2.147431e-07
10204 3.489819e-05 2.145491e-07
10205 3.488961e-05 2.143552e-07
10206 3.488103e-05 2.141616e-07
10207 3.487247e-05 2.139681e-07
10208 3.486391e-05 2.137748e-07
10209 3.485537e-05 2.135816e-07
10210 3.484684e-05 2.133887e-07
10211 3.483832e-05 2.131959e-07
10212 3.482981e-05 2.130033e-07
10213 3.482131e-05 2.128108e-07
10214 3.481282e-05 2.126186e-07
10215 3.480434e-05 2.124265e-07
10216 3.479587e-05 2.122346e-07
10217 3.478741e-05 2.120428e-07
10218 3.477897e-05 2.118513e-07
10219 3.477053e-05 2.116599e-07
10220 3.476211e-05 2.114687e-07
10221 3.475369e-05 2.112776e-07
10222 3.474529e-05 2.110867e-07
10223 3.473689e-05 2.108960e-07
10224 3.472851e-05 2.107055e-07
10225 3.472014e-05 2.105151e-07
10226 3.471178e-05 2.103249e-07
10227 3.470343e-05 2.101349e-07
10228 3.469508e-05 2.099451e-07
10229 3.468675e-05 2.097554e-07
10230 3.467843e-05 2.095659e-07
10231 3.467013e-05 2.093766e-07
10232 3.466183e-05 2.091874e-07
10233 3.465354e-05 2.089984e-07
10234 3.464526e-05 2.088096e-07
10235 3.463699e-05 2.086210e-07
10236 3.462873e-05 2.084325e-07
10237 3.462049e-05 2.082442e-07
10238 3.461225e-05 2.080560e-07
10239 3.460402e-05 2.078681e-07
10240 3.459581e-05 2.076803e-07
10241 3.458760e-05 2.074926e-07
10242 3.457941e-05 2.073052e-07
10243 3.457122e-05 2.071179e-07
10244 3.456305e-05 2.069308e-07
10245 3.455488e-05 2.067438e-07
10246 3.454673e-05 2.065570e-07
10247 3.453859e-05 2.063704e-07
10248 3.453045e-05 2.061840e-07
10249 3.452233e-05 2.059977e-07
10250 3.451422e-05 2.058116e-07
10251 3.450611e-05 2.056257e-07
10252 3.449802e-05 2.054399e-07
10253 3.448994e-05 2.052543e-07
10254 3.448187e-05 2.050688e-07
10255 3.447381e-05 2.048836e-07
10256 3.446575e-05 2.046985e-07
10257 3.445771e-05 2.045135e-07
10258 3.444968e-05 2.043288e-07
10259 3.444166e-05 2.041442e-07
10260 3.443365e-05 2.039597e-07
10261 3.442565e-05 2.037755e-07
10262 3.441766e-05 2.035914e-07
10263 3.440967e-05 2.034074e-07
10264 3.440170e-05 2.032237e-07
10265 3.439374e-05 2.030401e-07
10266 3.438579e-05 2.028566e-07
10267 3.437785e-05 2.026734e-07
10268 3.436992e-05 2.024903e-07
10269 3.436200e-05 2.023073e-07
10270 3.435409e-05 2.021246e-07
10271 3.434619e-05 2.019419e-07
10272 3.433830e-05 2.017595e-07
10273 3.433041e-05 2.015772e-07
10274 3.432254e-05 2.013951e-07
10275 3.431468e-05 2.012132e-07
10276 3.430683e-05 2.010314e-07
10277 3.429899e-05 2.008498e-07
10278 3.429116e-05 2.006683e-07
10279 3.428334e-05 2.004870e-07
10280 3.427552e-05 2.003059e-07
10281 3.426772e-05 2.001249e-07
10282 3.425993e-05 1.999441e-07
10283 3.425215e-05 1.997635e-07
10284 3.424437e-05 1.995830e-07
10285 3.423661e-05 1.994027e-07
10286 3.422886e-05 1.992225e-07
10287 3.422112e-05 1.990425e-07
10288 3.421338e-05 1.988627e-07
10289 3.420566e-05 1.986831e-07
10290 3.419794e-05 1.985036e-07
10291 3.419024e-05 1.983242e-07
10292 3.418255e-05 1.981451e-07
10293 3.417486e-05 1.979660e-07
10294 3.416719e-05 1.977872e-07
10295 3.415952e-05 1.976085e-07
10296 3.415187e-05 1.974300e-07
10297 3.414422e-05 1.972516e-07
10298 3.413658e-05 1.970734e-07
10299 3.412896e-05 1.968954e-07
10300 3.412134e-05 1.967175e-07
10301 3.411373e-05 1.965397e-07
10302 3.410613e-05 1.963622e-07
10303 3.409855e-05 1.961848e-07
10304 3.409097e-05 1.960075e-07
10305 3.408340e-05 1.958305e-07
10306 3.407584e-05 1.956535e-07
10307 3.406829e-05 1.954768e-07
10308 3.406075e-05 1.953002e-07
10309 3.405322e-05 1.951237e-07
10310 3.404569e-05 1.949474e-07
10311 3.403818e-05 1.947713e-07
10312 3.403068e-05 1.945954e-07
10313 3.402319e-05 1.944195e-07
10314 3.401570e-05 1.942439e-07
10315 3.400823e-05 1.940684e-07
10316 3.400076e-05 1.938931e-07
10317 3.399331e-05 1.937179e-07
10318 3.398586e-05 1.935429e-07
10319 3.397843e-05 1.933680e-07
10320 3.397100e-05 1.931933e-07
10321 3.396358e-05 1.930188e-07
10322 3.395617e-05 1.928444e-07
10323 3.394877e-05 1.926702e-07
10324 3.394138e-05 1.924961e-07
10325 3.393400e-05 1.923222e-07
10326 3.392663e-05 1.921485e-07
10327 3.391927e-05 1.919749e-07
10328 3.391192e-05 1.918014e-07
10329 3.390457e-05 1.916282e-07
10330 3.389724e-05 1.914550e-07
10331 3.388992e-05 1.912821e-07
10332 3.388260e-05 1.911092e-07
10333 3.387529e-05 1.909366e-07
10334 3.386800e-05 1.907641e-07
10335 3.386071e-05 1.905917e-07
10336 3.385343e-05 1.904196e-07
10337 3.384616e-05 1.902475e-07
10338 3.383890e-05 1.900756e-07
10339 3.383165e-05 1.899039e-07
10340 3.382441e-05 1.897324e-07
10341 3.381718e-05 1.895609e-07
10342 3.380995e-05 1.893897e-07
10343 3.380274e-05 1.892186e-07
10344 3.379553e-05 1.890476e-07
10345 3.378834e-05 1.888768e-07
10346 3.378115e-05 1.887062e-07
10347 3.377397e-05 1.885357e-07
10348 3.376680e-05 1.883654e-07
10349 3.375964e-05 1.881952e-07
10350 3.375249e-05 1.880252e-07
10351 3.374535e-05 1.878553e-07
10352 3.373822e-05 1.876856e-07
10353 3.373109e-05 1.875160e-07
10354 3.372398e-05 1.873466e-07
10355 3.371687e-05 1.871774e-07
10356 3.370978e-05 1.870083e-07
10357 3.370269e-05 1.868393e-07
10358 3.369561e-05 1.866705e-07
10359 3.368854e-05 1.865019e-07
10360 3.368148e-05 1.863334e-07
10361 3.367443e-05 1.861650e-07
10362 3.366738e-05 1.859968e-07
10363 3.366035e-05 1.858288e-07
10364 3.365332e-05 1.856609e-07
10365 3.364631e-05 1.854932e-07
10366 3.363930e-05 1.853256e-07
10367 3.363230e-05 1.851582e-07
10368 3.362531e-05 1.849909e-07
10369 3.361833e-05 1.848238e-07
10370 3.361136e-05 1.846568e-07
10371 3.360439e-05 1.844899e-07
10372 3.359744e-05 1.843233e-07
10373 3.359049e-05 1.841567e-07
10374 3.358356e-05 1.839904e-07
10375 3.357663e-05 1.838241e-07
10376 3.356971e-05 1.836581e-07
10377 3.356280e-05 1.834921e-07
10378 3.355590e-05 1.833264e-07
10379 3.354900e-05 1.831607e-07
10380 3.354212e-05 1.829953e-07
10381 3.353524e-05 1.828299e-07
10382 3.352838e-05 1.826648e-07
10383 3.352152e-05 1.824997e-07
10384 3.351467e-05 1.823349e-07
10385 3.350783e-05 1.821701e-07
10386 3.350099e-05 1.820055e-07
10387 3.349417e-05 1.818411e-07
10388 3.348735e-05 1.816768e-07
10389 3.348055e-05 1.815127e-07
10390 3.347375e-05 1.813487e-07
10391 3.346696e-05 1.811849e-07
10392 3.346018e-05 1.810212e-07
10393 3.345341e-05 1.808576e-07
10394 3.344664e-05 1.806942e-07
10395 3.343989e-05 1.805310e-07
10396 3.343314e-05 1.803679e-07
10397 3.342640e-05 1.802049e-07
10398 3.341967e-05 1.800421e-07
10399 3.341295e-05 1.798795e-07
10400 3.340624e-05 1.797170e-07
10401 3.339954e-05 1.795546e-07
10402 3.339284e-05 1.793924e-07
10403 3.338615e-05 1.792303e-07
10404 3.337948e-05 1.790684e-07
10405 3.337281e-05 1.789066e-07
10406 3.336614e-05 1.787450e-07
10407 3.335949e-05 1.785835e-07
10408 3.335285e-05 1.784222e-07
10409 3.334621e-05 1.782610e-07
10410 3.333958e-05 1.780999e-07
10411 3.333296e-05 1.779390e-07
10412 3.332635e-05 1.777783e-07
10413 3.331975e-05 1.776176e-07
10414 3.331315e-05 1.774572e-07
10415 3.330657e-05 1.772968e-07
10416 3.329999e-05 1.771367e-07
10417 3.329342e-05 1.769766e-07
10418 3.328686e-05 1.768167e-07
10419 3.328031e-05 1.766570e-07
10420 3.327376e-05 1.764974e-07
10421 3.326722e-05 1.763379e-07
10422 3.326070e-05 1.761786e-07
10423 3.325418e-05 1.760195e-07
10424 3.324766e-05 1.758604e-07
10425 3.324116e-05 1.757016e-07
10426 3.323467e-05 1.755428e-07
10427 3.322818e-05 1.753842e-07
10428 3.322170e-05 1.752258e-07
10429 3.321523e-05 1.750675e-07
10430 3.320877e-05 1.749093e-07
10431 3.320231e-05 1.747513e-07
10432 3.319587e-05 1.745934e-07
10433 3.318943e-05 1.744357e-07
10434 3.318300e-05 1.742781e-07
10435 3.317658e-05 1.741206e-07
10436 3.317016e-05 1.739633e-07
10437 3.316376e-05 1.738062e-07
10438 3.315736e-05 1.736491e-07
10439 3.315097e-05 1.734923e-07
10440 3.314459e-05 1.733355e-07
10441 3.313822e-05 1.731789e-07
10442 3.313185e-05 1.730225e-07
10443 3.312550e-05 1.728661e-07
10444 3.311915e-05 1.727100e-07
10445 3.311281e-05 1.725539e-07
10446 3.310648e-05 1.723980e-07
10447 3.310015e-05 1.722423e-07
10448 3.309383e-05 1.720867e-07
10449 3.308753e-05 1.719312e-07
10450 3.308122e-05 1.717759e-07
10451 3.307493e-05 1.716207e-07
10452 3.306865e-05 1.714656e-07
10453 3.306237e-05 1.713107e-07
10454 3.305610e-05 1.711560e-07
10455 3.304984e-05 1.710013e-07
10456 3.304359e-05 1.708468e-07
10457 3.303734e-05 1.706925e-07
10458 3.303111e-05 1.705383e-07
10459 3.302488e-05 1.703842e-07
10460 3.301865e-05 1.702303e-07
10461 3.301244e-05 1.700765e-07
10462 3.300624e-05 1.699228e-07
10463 3.300004e-05 1.697693e-07
10464 3.299385e-05 1.696159e-07
10465 3.298767e-05 1.694627e-07
10466 3.298149e-05 1.693096e-07
10467 3.297532e-05 1.691566e-07
10468 3.296917e-05 1.690038e-07
10469 3.296302e-05 1.688511e-07
10470 3.295687e-05 1.686986e-07
10471 3.295074e-05 1.685462e-07
10472 3.294461e-05 1.683939e-07
10473 3.293849e-05 1.682418e-07
10474 3.293238e-05 1.680898e-07
10475 3.292627e-05 1.679379e-07
10476 3.292018e-05 1.677862e-07
10477 3.291409e-05 1.676346e-07
10478 3.290801e-05 1.674831e-07
10479 3.290193e-05 1.673318e-07
10480 3.289587e-05 1.671807e-07
10481 3.288981e-05 1.670296e-07
10482 3.288376e-05 1.668787e-07
10483 3.287772e-05 1.667279e-07
10484 3.287168e-05 1.665773e-07
10485 3.286565e-05 1.664268e-07
10486 3.285963e-05 1.662765e-07
10487 3.285362e-05 1.661262e-07
10488 3.284762e-05 1.659762e-07
10489 3.284162e-05 1.658262e-07
10490 3.283563e-05 1.656764e-07
10491 3.282965e-05 1.655267e-07
10492 3.282367e-05 1.653772e-07
10493 3.281771e-05 1.652278e-07
10494 3.281175e-05 1.650785e-07
10495 3.280580e-05 1.649293e-07
10496 3.279985e-05 1.647803e-07
10497 3.279392e-05 1.646315e-07
10498 3.278799e-05 1.644827e-07
10499 3.278207e-05 1.643341e-07
10500 3.277615e-05 1.641857e-07
10501 3.277025e-05 1.640373e-07
10502 3.276435e-05 1.638891e-07
10503 3.275845e-05 1.637411e-07
10504 3.275257e-05 1.635931e-07
10505 3.274669e-05 1.634453e-07
10506 3.274082e-05 1.632977e-07
10507 3.273496e-05 1.631502e-07
10508 3.272911e-05 1.630028e-07
10509 3.272326e-05 1.628555e-07
10510 3.271742e-05 1.627084e-07
10511 3.271159e-05 1.625614e-07
10512 3.270577e-05 1.624145e-07
10513 3.269995e-05 1.622678e-07
10514 3.269414e-05 1.621212e-07
10515 3.268834e-05 1.619747e-07
10516 3.268254e-05 1.618284e-07
10517 3.267675e-05 1.616822e-07
10518 3.267097e-05 1.615361e-07
10519 3.266520e-05 1.613901e-07
10520 3.265943e-05 1.612443e-07
10521 3.265367e-05 1.610987e-07
10522 3.264792e-05 1.609531e-07
10523 3.264218e-05 1.608077e-07
10524 3.263644e-05 1.606624e-07
10525 3.263071e-05 1.605173e-07
10526 3.262499e-05 1.603723e-07
10527 3.261927e-05 1.602274e-07
10528 3.261357e-05 1.600826e-07
10529 3.260786e-05 1.599380e-07
10530 3.260217e-05 1.597935e-07
10531 3.259649e-05 1.596491e-07
10532 3.259081e-05 1.595049e-07
10533 3.258513e-05 1.593608e-07
10534 3.257947e-05 1.592168e-07
10535 3.257381e-05 1.590730e-07
10536 3.256816e-05 1.589293e-07
10537 3.256252e-05 1.587857e-07
10538 3.255688e-05 1.586422e-07
10539 3.255125e-05 1.584989e-07
10540 3.254563e-05 1.583557e-07
10541 3.254002e-05 1.582126e-07
10542 3.253441e-05 1.580697e-07
10543 3.252881e-05 1.579269e-07
10544 3.252322e-05 1.577842e-07
10545 3.251763e-05 1.576417e-07
10546 3.251205e-05 1.574992e-07
10547 3.250648e-05 1.573570e-07
10548 3.250091e-05 1.572148e-07
10549 3.249535e-05 1.570728e-07
10550 3.248980e-05 1.569309e-07
10551 3.248426e-05 1.567891e-07
10552 3.247872e-05 1.566474e-07
10553 3.247319e-05 1.565059e-07
10554 3.246767e-05 1.563645e-07
10555 3.246215e-05 1.562232e-07
10556 3.245664e-05 1.560821e-07
10557 3.245114e-05 1.559411e-07
10558 3.244565e-05 1.558002e-07
10559 3.244016e-05 1.556594e-07
10560 3.243468e-05 1.555188e-07
10561 3.242920e-05 1.553783e-07
10562 3.242374e-05 1.552379e-07
10563 3.241828e-05 1.550977e-07
10564 3.241282e-05 1.549576e-07
10565 3.240738e-05 1.548176e-07
10566 3.240194e-05 1.546777e-07
10567 3.239650e-05 1.545380e-07
10568 3.239108e-05 1.543983e-07
10569 3.238566e-05 1.542589e-07
10570 3.238025e-05 1.541195e-07
10571 3.237484e-05 1.539803e-07
10572 3.236944e-05 1.538411e-07
10573 3.236405e-05 1.537022e-07
10574 3.235867e-05 1.535633e-07
10575 3.235329e-05 1.534246e-07
10576 3.234792e-05 1.532859e-07
10577 3.234255e-05 1.531475e-07
10578 3.233720e-05 1.530091e-07
10579 3.233184e-05 1.528709e-07
10580 3.232650e-05 1.527328e-07
10581 3.232116e-05 1.525948e-07
10582 3.231583e-05 1.524569e-07
10583 3.231051e-05 1.523192e-07
10584 3.230519e-05 1.521816e-07
10585 3.229988e-05 1.520441e-07
10586 3.229458e-05 1.519067e-07
10587 3.228928e-05 1.517695e-07
10588 3.228399e-05 1.516324e-07
10589 3.227871e-05 1.514954e-07
10590 3.227343e-05 1.513585e-07
10591 3.226816e-05 1.512217e-07
10592 3.226290e-05 1.510851e-07
10593 3.225764e-05 1.509486e-07
10594 3.225239e-05 1.508123e-07
10595 3.224715e-05 1.506760e-07
10596 3.224191e-05 1.505399e-07
10597 3.223668e-05 1.504039e-07
10598 3.223145e-05 1.502680e-07
10599 3.222624e-05 1.501322e-07
10600 3.222103e-05 1.499966e-07
10601 3.221582e-05 1.498611e-07
10602 3.221063e-05 1.497257e-07
10603 3.220544e-05 1.495904e-07
10604 3.220025e-05 1.494553e-07
10605 3.219507e-05 1.493203e-07
10606 3.218990e-05 1.491853e-07
10607 3.218474e-05 1.490506e-07
10608 3.217958e-05 1.489159e-07
10609 3.217443e-05 1.487814e-07
10610 3.216928e-05 1.486470e-07
10611 3.216415e-05 1.485127e-07
10612 3.215901e-05 1.483785e-07
10613 3.215389e-05 1.482444e-07
10614 3.214877e-05 1.481105e-07
10615 3.214366e-05 1.479767e-07
10616 3.213855e-05 1.478430e-07
10617 3.213345e-05 1.477094e-07
10618 3.212836e-05 1.475760e-07
10619 3.212327e-05 1.474427e-07
10620 3.211819e-05 1.473095e-07
10621 3.211312e-05 1.471764e-07
10622 3.210805e-05 1.470434e-07
10623 3.210299e-05 1.469106e-07
10624 3.209793e-05 1.467778e-07
10625 3.209289e-05 1.466452e-07
10626 3.208784e-05 1.465127e-07
10627 3.208281e-05 1.463804e-07
10628 3.207778e-05 1.462481e-07
10629 3.207276e-05 1.461160e-07
10630 3.206774e-05 1.459840e-07
10631 3.206273e-05 1.458521e-07
10632 3.205773e-05 1.457203e-07
10633 3.205273e-05 1.455887e-07
10634 3.204774e-05 1.454572e-07
10635 3.204275e-05 1.453257e-07
10636 3.203778e-05 1.451945e-07
10637 3.203280e-05 1.450633e-07
10638 3.202784e-05 1.449322e-07
10639 3.202288e-05 1.448013e-07
10640 3.201792e-05 1.446705e-07
10641 3.201298e-05 1.445398e-07
10642 3.200804e-05 1.444092e-07
10643 3.200310e-05 1.442787e-07
10644 3.199817e-05 1.441484e-07
10645 3.199325e-05 1.440181e-07
10646 3.198834e-05 1.438880e-07
10647 3.198343e-05 1.437580e-07
10648 3.197852e-05 1.436281e-07
10649 3.197363e-05 1.434984e-07
10650 3.196873e-05 1.433687e-07
10651 3.196385e-05 1.432392e-07
10652 3.195897e-05 1.431098e-07
10653 3.195410e-05 1.429805e-07
10654 3.194923e-05 1.428513e-07
10655 3.194437e-05 1.427223e-07
10656 3.193952e-05 1.425933e-07
10657 3.193467e-05 1.424645e-07
10658 3.192983e-05 1.423358e-07
10659 3.192499e-05 1.422072e-07
10660 3.192016e-05 1.420787e-07
10661 3.191534e-05 1.419504e-07
10662 3.191052e-05 1.418221e-07
10663 3.190571e-05 1.416940e-07
10664 3.190090e-05 1.415660e-07
10665 3.189611e-05 1.414381e-07
10666 3.189131e-05 1.413103e-07
10667 3.188653e-05 1.411827e-07
10668 3.188174e-05 1.410551e-07
10669 3.187697e-05 1.409277e-07
10670 3.187220e-05 1.408003e-07
10671 3.186744e-05 1.406731e-07
10672 3.186268e-05 1.405460e-07
10673 3.185793e-05 1.404191e-07
10674 3.185319e-05 1.402922e-07
10675 3.184845e-05 1.401655e-07
10676 3.184371e-05 1.400388e-07
10677 3.183899e-05 1.399123e-07
10678 3.183427e-05 1.397859e-07
10679 3.182955e-05 1.396596e-07
10680 3.182484e-05 1.395334e-07
10681 3.182014e-05 1.394074e-07
10682 3.181544e-05 1.392814e-07
10683 3.181075e-05 1.391556e-07
10684 3.180606e-05 1.390299e-07
10685 3.180139e-05 1.389043e-07
10686 3.179671e-05 1.387788e-07
10687 3.179204e-05 1.386534e-07
10688 3.178738e-05 1.385281e-07
10689 3.178273e-05 1.384030e-07
10690 3.177808e-05 1.382780e-07
10691 3.177343e-05 1.381530e-07
10692 3.176879e-05 1.380282e-07
10693 3.176416e-05 1.379035e-07
10694 3.175954e-05 1.377789e-07
10695 3.175491e-05 1.376545e-07
10696 3.175030e-05 1.375301e-07
10697 3.174569e-05 1.374058e-07
10698 3.174109e-05 1.372817e-07
10699 3.173649e-05 1.371577e-07
10700 3.173190e-05 1.370338e-07
10701 3.172731e-05 1.369100e-07
10702 3.172273e-05 1.367863e-07
10703 3.171816e-05 1.366627e-07
10704 3.171359e-05 1.365392e-07
10705 3.170903e-05 1.364159e-07
10706 3.170447e-05 1.362926e-07
10707 3.169992e-05 1.361695e-07
10708 3.169537e-05 1.360465e-07
10709 3.169083e-05 1.359236e-07
10710 3.168630e-05 1.358008e-07
10711 3.168177e-05 1.356781e-07
10712 3.167725e-05 1.355555e-07
10713 3.167273e-05 1.354330e-07
10714 3.166822e-05 1.353107e-07
10715 3.166372e-05 1.351884e-07
10716 3.165922e-05 1.350663e-07
10717 3.165472e-05 1.349443e-07
10718 3.165023e-05 1.348223e-07
10719 3.164575e-05 1.347005e-07
10720 3.164127e-05 1.345788e-07
10721 3.163680e-05 1.344573e-07
10722 3.163234e-05 1.343358e-07
10723 3.162788e-05 1.342144e-07
10724 3.162342e-05 1.340932e-07
10725 3.161897e-05 1.339720e-07
10726 3.161453e-05 1.338510e-07
10727 3.161009e-05 1.337301e-07
10728 3.160566e-05 1.336092e-07
10729 3.160123e-05 1.334885e-07
10730 3.159681e-05 1.333679e-07
10731 3.159240e-05 1.332474e-07
10732 3.158799e-05 1.331271e-07
10733 3.158358e-05 1.330068e-07
10734 3.157918e-05 1.328866e-07
10735 3.157479e-05 1.327666e-07
10736 3.157040e-05 1.326466e-07
10737 3.156602e-05 1.325268e-07
10738 3.156165e-05 1.324070e-07
10739 3.155727e-05 1.322874e-07
10740 3.155291e-05 1.321679e-07
10741 3.154855e-05 1.320485e-07
10742 3.154419e-05 1.319292e-07
10743 3.153985e-05 1.318100e-07
10744 3.153550e-05 1.316909e-07
10745 3.153116e-05 1.315720e-07
10746 3.152683e-05 1.314531e-07
10747 3.152250e-05 1.313343e-07
10748 3.151818e-05 1.312157e-07
10749 3.151387e-05 1.310971e-07
10750 3.150955e-05 1.309787e-07
10751 3.150525e-05 1.308604e-07
10752 3.150095e-05 1.307421e-07
10753 3.149665e-05 1.306240e-07
10754 3.149237e-05 1.305060e-07
10755 3.148808e-05 1.303881e-07
10756 3.148380e-05 1.302703e-07
10757 3.147953e-05 1.301526e-07
10758 3.147526e-05 1.300350e-07
10759 3.147100e-05 1.299175e-07
10760 3.146674e-05 1.298002e-07
10761 3.146249e-05 1.296829e-07
10762 3.145825e-05 1.295657e-07
10763 3.145401e-05 1.294487e-07
10764 3.144977e-05 1.293317e-07
10765 3.144554e-05 1.292149e-07
10766 3.144131e-05 1.290982e-07
10767 3.143710e-05 1.289815e-07
10768 3.143288e-05 1.288650e-07
10769 3.142867e-05 1.287486e-07
10770 3.142447e-05 1.286323e-07
10771 3.142027e-05 1.285160e-07
10772 3.141608e-05 1.283999e-07
10773 3.141189e-05 1.282839e-07
10774 3.140771e-05 1.281680e-07
10775 3.140353e-05 1.280522e-07
10776 3.139936e-05 1.279366e-07
10777 3.139519e-05 1.278210e-07
10778 3.139103e-05 1.277055e-07
10779 3.138687e-05 1.275901e-07
10780 3.138272e-05 1.274748e-07
10781 3.137858e-05 1.273597e-07
10782 3.137444e-05 1.272446e-07
10783 3.137030e-05 1.271297e-07
10784 3.136617e-05 1.270148e-07
10785 3.136205e-05 1.269001e-07
10786 3.135793e-05 1.267854e-07
10787 3.135381e-05 1.266709e-07
10788 3.134970e-05 1.265564e-07
10789 3.134560e-05 1.264421e-07
10790 3.134150e-05 1.263278e-07
10791 3.133741e-05 1.262137e-07
10792 3.133332e-05 1.260997e-07
10793 3.132923e-05 1.259858e-07
10794 3.132515e-05 1.258719e-07
10795 3.132108e-05 1.257582e-07
10796 3.131701e-05 1.256446e-07
10797 3.131295e-05 1.255311e-07
10798 3.130889e-05 1.254177e-07
10799 3.130484e-05 1.253044e-07
10800 3.130079e-05 1.251912e-07
10801 3.129675e-05 1.250781e-07
10802 3.129271e-05 1.249651e-07
10803 3.128868e-05 1.248522e-07
10804 3.128465e-05 1.247394e-07
10805 3.128063e-05 1.246267e-07
10806 3.127661e-05 1.245141e-07
10807 3.127260e-05 1.244016e-07
10808 3.126859e-05 1.242892e-07
10809 3.126459e-05 1.241769e-07
10810 3.126059e-05 1.240647e-07
10811 3.125660e-05 1.239526e-07
10812 3.125261e-05 1.238407e-07
10813 3.124863e-05 1.237288e-07
10814 3.124465e-05 1.236170e-07
10815 3.124068e-05 1.235053e-07
10816 3.123671e-05 1.233937e-07
10817 3.123275e-05 1.232823e-07
10818 3.122880e-05 1.231709e-07
10819 3.122484e-05 1.230596e-07
10820 3.122090e-05 1.229484e-07
10821 3.121695e-05 1.228373e-07
10822 3.121302e-05 1.227264e-07
10823 3.120908e-05 1.226155e-07
10824 3.120516e-05 1.225047e-07
10825 3.120123e-05 1.223940e-07
10826 3.119732e-05 1.222835e-07
10827 3.119340e-05 1.221730e-07
10828 3.118950e-05 1.220626e-07
10829 3.118559e-05 1.219523e-07
10830 3.118169e-05 1.218422e-07
10831 3.117780e-05 1.217321e-07
10832 3.117391e-05 1.216221e-07
10833 3.117003e-05 1.215122e-07
10834 3.116615e-05 1.214024e-07
10835 3.116228e-05 1.212928e-07
10836 3.115841e-05 1.211832e-07
10837 3.115455e-05 1.210737e-07
10838 3.115069e-05 1.209643e-07
10839 3.114683e-05 1.208550e-07
10840 3.114298e-05 1.207458e-07
10841 3.113914e-05 1.206368e-07
10842 3.113530e-05 1.205278e-07
10843 3.113146e-05 1.204189e-07
10844 3.112763e-05 1.203101e-07
10845 3.112381e-05 1.202014e-07
10846 3.111999e-05 1.200928e-07
10847 3.111617e-05 1.199843e-07
10848 3.111236e-05 1.198759e-07
10849 3.110856e-05 1.197676e-07
10850 3.110475e-05 1.196594e-07
10851 3.110096e-05 1.195513e-07
10852 3.109717e-05 1.194433e-07
10853 3.109338e-05 1.193354e-07
10854 3.108960e-05 1.192276e-07
10855 3.108582e-05 1.191198e-07
10856 3.108205e-05 1.190122e-07
10857 3.107828e-05 1.189047e-07
10858 3.107451e-05 1.187973e-07
10859 3.107076e-05 1.186900e-07
10860 3.106700e-05 1.185827e-07
10861 3.106325e-05 1.184756e-07
10862 3.105951e-05 1.183686e-07
10863 3.105577e-05 1.182616e-07
10864 3.105203e-05 1.181548e-07
10865 3.104830e-05 1.180480e-07
10866 3.104458e-05 1.179414e-07
10867 3.104086e-05 1.178348e-07
10868 3.103714e-05 1.177284e-07
10869 3.103343e-05 1.176220e-07
10870 3.102972e-05 1.175157e-07
10871 3.102602e-05 1.174096e-07
10872 3.102232e-05 1.173035e-07
10873 3.101863e-05 1.171975e-07
10874 3.101494e-05 1.170916e-07
10875 3.101125e-05 1.169859e-07
10876 3.100758e-05 1.168802e-07
10877 3.100390e-05 1.167746e-07
10878 3.100023e-05 1.166691e-07
10879 3.099656e-05 1.165637e-07
10880 3.099290e-05 1.164584e-07
10881 3.098925e-05 1.163531e-07
10882 3.098560e-05 1.162480e-07
10883 3.098195e-05 1.161430e-07
10884 3.097831e-05 1.160381e-07
10885 3.097467e-05 1.159332e-07
10886 3.097103e-05 1.158285e-07
10887 3.096740e-05 1.157239e-07
10888 3.096378e-05 1.156193e-07
10889 3.096016e-05 1.155148e-07
10890 3.095654e-05 1.154105e-07
10891 3.095293e-05 1.153062e-07
10892 3.094933e-05 1.152020e-07
10893 3.094573e-05 1.150980e-07
10894 3.094213e-05 1.149940e-07
10895 3.093854e-05 1.148901e-07
10896 3.093495e-05 1.147863e-07
10897 3.093136e-05 1.146826e-07
10898 3.092778e-05 1.145790e-07
10899 3.092421e-05 1.144755e-07
10900 3.092064e-05 1.143720e-07
10901 3.091707e-05 1.142687e-07
10902 3.091351e-05 1.141655e-07
10903 3.090995e-05 1.140623e-07
10904 3.090640e-05 1.139593e-07
10905 3.090285e-05 1.138563e-07
10906 3.089931e-05 1.137535e-07
10907 3.089577e-05 1.136507e-07
10908 3.089224e-05 1.135480e-07
10909 3.088870e-05 1.134454e-07
10910 3.088518e-05 1.133429e-07
10911 3.088166e-05 1.132405e-07
10912 3.087814e-05 1.131382e-07
10913 3.087463e-05 1.130360e-07
10914 3.087112e-05 1.129339e-07
10915 3.086761e-05 1.128319e-07
10916 3.086411e-05 1.127299e-07
10917 3.086062e-05 1.126281e-07
10918 3.085713e-05 1.125263e-07
10919 3.085364e-05 1.124247e-07
10920 3.085016e-05 1.123231e-07
10921 3.084668e-05 1.122216e-07
10922 3.084321e-05 1.121202e-07
10923 3.083974e-05 1.120189e-07
10924 3.083627e-05 1.119177e-07
10925 3.083281e-05 1.118166e-07
10926 3.082936e-05 1.117156e-07
10927 3.082591e-05 1.116147e-07
10928 3.082246e-05 1.115138e-07
10929 3.081901e-05 1.114131e-07
10930 3.081558e-05 1.113124e-07
10931 3.081214e-05 1.112119e-07
10932 3.080871e-05 1.111114e-07
10933 3.080528e-05 1.110110e-07
10934 3.080186e-05 1.109107e-07
10935 3.079844e-05 1.108105e-07
10936 3.079503e-05 1.107104e-07
10937 3.079162e-05 1.106104e-07
10938 3.078822e-05 1.105105e-07
10939 3.078482e-05 1.104106e-07
10940 3.078142e-05 1.103109e-07
10941 3.077803e-05 1.102112e-07
10942 3.077464e-05 1.101116e-07
10943 3.077126e-05 1.100122e-07
10944 3.076788e-05 1.099128e-07
10945 3.076450e-05 1.098135e-07
10946 3.076113e-05 1.097143e-07
10947 3.075776e-05 1.096151e-07
10948 3.075440e-05 1.095161e-07
10949 3.075104e-05 1.094172e-07
10950 3.074769e-05 1.093183e-07
10951 3.074434e-05 1.092196e-07
10952 3.074099e-05 1.091209e-07
10953 3.073765e-05 1.090223e-07
10954 3.073431e-05 1.089238e-07
10955 3.073098e-05 1.088254e-07
10956 3.072765e-05 1.087271e-07
10957 3.072433e-05 1.086289e-07
10958 3.072101e-05 1.085307e-07
10959 3.071769e-05 1.084327e-07
10960 3.071438e-05 1.083347e-07
10961 3.071107e-05 1.082368e-07
10962 3.070776e-05 1.081390e-07
10963 3.070446e-05 1.080413e-07
10964 3.070117e-05 1.079437e-07
10965 3.069788e-05 1.078462e-07
10966 3.069459e-05 1.077488e-07
10967 3.069130e-05 1.076514e-07
10968 3.068802e-05 1.075542e-07
10969 3.068475e-05 1.074570e-07
10970 3.068148e-05 1.073599e-07
10971 3.067821e-05 1.072629e-07
10972 3.067495e-05 1.071660e-07
10973 3.067169e-05 1.070692e-07
10974 3.066843e-05 1.069725e-07
10975 3.066518e-05 1.068758e-07
10976 3.066193e-05 1.067793e-07
10977 3.065869e-05 1.066828e-07
10978 3.065545e-05 1.065864e-07
10979 3.065221e-05 1.064901e-07
10980 3.064898e-05 1.063939e-07
10981 3.064576e-05 1.062978e-07
10982 3.064253e-05 1.062018e-07
10983 3.063931e-05 1.061058e-07
10984 3.063610e-05 1.060100e-07
10985 3.063289e-05 1.059142e-07
10986 3.062968e-05 1.058185e-07
10987 3.062648e-05 1.057229e-07
10988 3.062328e-05 1.056274e-07
10989 3.062008e-05 1.055319e-07
10990 3.061689e-05 1.054366e-07
10991 3.061371e-05 1.053413e-07
10992 3.061052e-05 1.052462e-07
10993 3.060734e-05 1.051511e-07
10994 3.060417e-05 1.050561e-07
10995 3.060100e-05 1.049612e-07
10996 3.059783e-05 1.048664e-07
10997 3.059467e-05 1.047716e-07
10998 3.059151e-05 1.046770e-07
10999 3.058835e-05 1.045824e-07
11000 3.058520e-05 1.044879e-07
11001 3.058205e-05 1.043935e-07
11002 3.057891e-05 1.042992e-07
11003 3.057577e-05 1.042050e-07
11004 3.057263e-05 1.041108e-07
11005 3.056950e-05 1.040168e-07
11006 3.056637e-05 1.039228e-07
11007 3.056325e-05 1.038289e-07
11008 3.056013e-05 1.037351e-07
11009 3.055701e-05 1.036414e-07
11010 3.055390e-05 1.035477e-07
11011 3.055079e-05 1.034542e-07
11012 3.054768e-05 1.033607e-07
11013 3.054458e-05 1.032673e-07
11014 3.054148e-05 1.031741e-07
11015 3.053839e-05 1.030808e-07
11016 3.053530e-05 1.029877e-07
11017 3.053222e-05 1.028947e-07
11018 3.052913e-05 1.028017e-07
11019 3.052606e-05 1.027088e-07
11020 3.052298e-05 1.026160e-07
11021 3.051991e-05 1.025233e-07
11022 3.051684e-05 1.024307e-07
11023 3.051378e-05 1.023382e-07
11024 3.051072e-05 1.022457e-07
11025 3.050767e-05 1.021533e-07
11026 3.050461e-05 1.020610e-07
11027 3.050157e-05 1.019688e-07
11028 3.049852e-05 1.018767e-07
11029 3.049548e-05 1.017847e-07
11030 3.049245e-05 1.016927e-07
11031 3.048941e-05 1.016008e-07
11032 3.048639e-05 1.015091e-07
11033 3.048336e-05 1.014174e-07
11034 3.048034e-05 1.013257e-07
11035 3.047732e-05 1.012342e-07
11036 3.047431e-05 1.011427e-07
11037 3.047130e-05 1.010513e-07
11038 3.046829e-05 1.009601e-07
11039 3.046529e-05 1.008688e-07
11040 3.046229e-05 1.007777e-07
11041 3.045929e-05 1.006867e-07
11042 3.045630e-05 1.005957e-07
11043 3.045331e-05 1.005048e-07
11044 3.045033e-05 1.004140e-07
11045 3.044735e-05 1.003233e-07
11046 3.044437e-05 1.002327e-07
11047 3.044140e-05 1.001421e-07
11048 3.043843e-05 1.000516e-07
11049 3.043546e-05 9.996124e-08
11050 3.043250e-05 9.987093e-08
11051 3.042954e-05 9.978070e-08
11052 3.042659e-05 9.969056e-08
11053 3.042364e-05 9.960049e-08
11054 3.042069e-05 9.951051e-08
11055 3.041775e-05 9.942061e-08
11056 3.041481e-05 9.933079e-08
11057 3.041187e-05 9.924105e-08
11058 3.040894e-05 9.915139e-08
11059 3.040601e-05 9.906181e-08
11060 3.040308e-05 9.897231e-08
11061 3.040016e-05 9.888290e-08
11062 3.039724e-05 9.879356e-08
11063 3.039433e-05 9.870431e-08
11064 3.039142e-05 9.861513e-08
11065 3.038851e-05 9.852604e-08
11066 3.038561e-05 9.843703e-08
11067 3.038271e-05 9.834809e-08
11068 3.037981e-05 9.825924e-08
11069 3.037692e-05 9.817047e-08
11070 3.037403e-05 9.808178e-08
11071 3.037114e-05 9.799317e-08
11072 3.036826e-05 9.790464e-08
11073 3.036538e-05 9.781618e-08
11074 3.036250e-05 9.772781e-08
11075 3.035963e-05 9.763952e-08
11076 3.035676e-05 9.755131e-08
11077 3.035390e-05 9.746318e-08
11078 3.035104e-05 9.737512e-08
11079 3.034818e-05 9.728715e-08
11080 3.034533e-05 9.719926e-08
11081 3.034247e-05 9.711144e-08
11082 3.033963e-05 9.702371e-08
11083 3.033678e-05 9.693605e-08
11084 3.033394e-05 9.684848e-08
11085 3.033111e-05 9.676098e-08
11086 3.032827e-05 9.667356e-08
11087 3.032545e-05 9.658622e-08
11088 3.032262e-05 9.649896e-08
11089 3.031980e-05 9.641178e-08
11090 3.031698e-05 9.632468e-08
11091 3.031416e-05 9.623765e-08
11092 3.031135e-05 9.615071e-08
11093 3.030854e-05 9.606384e-08
11094 3.030574e-05 9.597705e-08
11095 3.030293e-05 9.589034e-08
11096 3.030014e-05 9.580371e-08
11097 3.029734e-05 9.571716e-08
11098 3.029455e-05 9.563068e-08
11099 3.029176e-05 9.554429e-08
11100 3.028898e-05 9.545797e-08
11101 3.028620e-05 9.537173e-08
11102 3.028342e-05 9.528556e-08
11103 3.028065e-05 9.519948e-08
11104 3.027787e-05 9.511347e-08
11105 3.027511e-05 9.502754e-08
11106 3.027234e-05 9.494169e-08
11107 3.026958e-05 9.485591e-08
11108 3.026683e-05 9.477022e-08
11109 3.026407e-05 9.468460e-08
11110 3.026132e-05 9.459905e-08
11111 3.025857e-05 9.451359e-08
11112 3.025583e-05 9.442820e-08
11113 3.025309e-05 9.434289e-08
11114 3.025035e-05 9.425766e-08
11115 3.024762e-05 9.417250e-08
11116 3.024489e-05 9.408742e-08
11117 3.024216e-05 9.400242e-08
11118 3.023944e-05 9.391749e-08
11119 3.023672e-05 9.383264e-08
11120 3.023400e-05 9.374787e-08
11121 3.023129e-05 9.366317e-08
11122 3.022858e-05 9.357856e-08
11123 3.022587e-05 9.349401e-08
11124 3.022317e-05 9.340955e-08
11125 3.022047e-05 9.332515e-08
11126 3.021777e-05 9.324084e-08
11127 3.021508e-05 9.315660e-08
11128 3.021239e-05 9.307244e-08
11129 3.020970e-05 9.298836e-08
11130 3.020702e-05 9.290435e-08
11131 3.020434e-05 9.282041e-08
11132 3.020166e-05 9.273655e-08
11133 3.019899e-05 9.265277e-08
11134 3.019632e-05 9.256906e-08
11135 3.019365e-05 9.248543e-08
11136 3.019099e-05 9.240188e-08
11137 3.018833e-05 9.231840e-08
11138 3.018567e-05 9.223499e-08
11139 3.018302e-05 9.215166e-08
11140 3.018037e-05 9.206841e-08
11141 3.017772e-05 9.198523e-08
11142 3.017508e-05 9.190213e-08
11143 3.017244e-05 9.181910e-08
11144 3.016980e-05 9.173615e-08
11145 3.016716e-05 9.165327e-08
11146 3.016453e-05 9.157046e-08
11147 3.016191e-05 9.148773e-08
11148 3.015928e-05 9.140508e-08
11149 3.015666e-05 9.132250e-08
11150 3.015404e-05 9.124000e-08
11151 3.015143e-05 9.115757e-08
11152 3.014881e-05 9.107521e-08
11153 3.014621e-05 9.099293e-08
11154 3.014360e-05 9.091072e-08
11155 3.014100e-05 9.082859e-08
11156 3.013840e-05 9.074653e-08
11157 3.013580e-05 9.066455e-08
11158 3.013321e-05 9.058264e-08
11159 3.013062e-05 9.050080e-08
11160 3.012804e-05 9.041904e-08
11161 3.012545e-05 9.033735e-08
11162 3.012287e-05 9.025573e-08
11163 3.012030e-05 9.017419e-08
11164 3.011772e-05 9.009272e-08
11165 3.011515e-05 9.001133e-08
11166 3.011259e-05 8.993001e-08
11167 3.011002e-05 8.984876e-08
11168 3.010746e-05 8.976759e-08
11169 3.010490e-05 8.968649e-08
11170 3.010235e-05 8.960546e-08
11171 3.009980e-05 8.952451e-08
11172 3.009725e-05 8.944363e-08
11173 3.009470e-05 8.936282e-08
11174 3.009216e-05 8.928209e-08
11175 3.008962e-05 8.920143e-08
11176 3.008709e-05 8.912084e-08
11177 3.008455e-05 8.904032e-08
11178 3.008202e-05 8.895988e-08
11179 3.007950e-05 8.887951e-08
11180 3.007697e-05 8.879921e-08
11181 3.007445e-05 8.871899e-08
11182 3.007194e-05 8.863883e-08
11183 3.006942e-05 8.855875e-08
11184 3.006691e-05 8.847874e-08
11185 3.006440e-05 8.839881e-08
11186 3.006190e-05 8.831895e-08
11187 3.005940e-05 8.823915e-08
11188 3.005690e-05 8.815943e-08
11189 3.005440e-05 8.807979e-08
11190 3.005191e-05 8.800021e-08
11191 3.004942e-05 8.792071e-08
11192 3.004693e-05 8.784128e-08
11193 3.004445e-05 8.776192e-08
11194 3.004197e-05 8.768263e-08
11195 3.003949e-05 8.760341e-08
11196 3.003702e-05 8.752427e-08
11197 3.003454e-05 8.744519e-08
11198 3.003208e-05 8.736619e-08
11199 3.002961e-05 8.728726e-08
11200 3.002715e-05 8.720840e-08
11201 3.002469e-05 8.712962e-08
11202 3.002223e-05 8.705090e-08
11203 3.001978e-05 8.697225e-08
11204 3.001733e-05 8.689368e-08
11205 3.001488e-05 8.681517e-08
11206 3.001244e-05 8.673674e-08
11207 3.001000e-05 8.665838e-08
11208 3.000756e-05 8.658009e-08
11209 3.000512e-05 8.650187e-08
11210 3.000269e-05 8.642372e-08
11211 3.000026e-05 8.634564e-08
11212 2.999783e-05 8.626763e-08
11213 2.999541e-05 8.618969e-08
11214 2.999299e-05 8.611183e-08
11215 2.999057e-05 8.603403e-08
11216 2.998816e-05 8.595630e-08
11217 2.998574e-05 8.587864e-08
11218 2.998334e-05 8.580106e-08
11219 2.998093e-05 8.572354e-08
11220 2.997853e-05 8.564609e-08
11221 2.997613e-05 8.556872e-08
11222 2.997373e-05 8.549141e-08
11223 2.997134e-05 8.541417e-08
11224 2.996894e-05 8.533701e-08
11225 2.996656e-05 8.525991e-08
11226 2.996417e-05 8.518288e-08
11227 2.996179e-05 8.510592e-08
11228 2.995941e-05 8.502904e-08
11229 2.995703e-05 8.495222e-08
11230 2.995466e-05 8.487547e-08
11231 2.995229e-05 8.479879e-08
11232 2.994992e-05 8.472218e-08
11233 2.994755e-05 8.464563e-08
11234 2.994519e-05 8.456916e-08
11235 2.994283e-05 8.449276e-08
11236 2.994048e-05 8.441642e-08
11237 2.993812e-05 8.434016e-08
11238 2.993577e-05 8.426396e-08
11239 2.993342e-05 8.418783e-08
11240 2.993108e-05 8.411177e-08
11241 2.992874e-05 8.403578e-08
11242 2.992640e-05 8.395986e-08
11243 2.992406e-05 8.388401e-08
11244 2.992173e-05 8.380822e-08
11245 2.991940e-05 8.373251e-08
11246 2.991707e-05 8.365686e-08
11247 2.991474e-05 8.358128e-08
11248 2.991242e-05 8.350577e-08
11249 2.991010e-05 8.343033e-08
11250 2.990779e-05 8.335495e-08
11251 2.990547e-05 8.327965e-08
11252 2.990316e-05 8.320441e-08
11253 2.990085e-05 8.312924e-08
11254 2.989855e-05 8.305413e-08
11255 2.989625e-05 8.297910e-08
11256 2.989395e-05 8.290413e-08
11257 2.989165e-05 8.282923e-08
11258 2.988935e-05 8.275440e-08
11259 2.988706e-05 8.267964e-08
11260 2.988477e-05 8.260494e-08
11261 2.988249e-05 8.253031e-08
11262 2.988021e-05 8.245575e-08
11263 2.987793e-05 8.238126e-08
11264 2.987565e-05 8.230683e-08
11265 2.987337e-05 8.223247e-08
11266 2.987110e-05 8.215818e-08
11267 2.986883e-05 8.208395e-08
11268 2.986657e-05 8.200979e-08
11269 2.986430e-05 8.193570e-08
11270 2.986204e-05 8.186168e-08
11271 2.985978e-05 8.178772e-08
11272 2.985753e-05 8.171383e-08
11273 2.985528e-05 8.164001e-08
11274 2.985303e-05 8.156625e-08
11275 2.985078e-05 8.149256e-08
11276 2.984853e-05 8.141893e-08
11277 2.984629e-05 8.134538e-08
11278 2.984405e-05 8.127188e-08
11279 2.984182e-05 8.119846e-08
11280 2.983958e-05 8.112510e-08
11281 2.983735e-05 8.105181e-08
11282 2.983512e-05 8.097858e-08
11283 2.983290e-05 8.090542e-08
11284 2.983068e-05 8.083233e-08
11285 2.982846e-05 8.075930e-08
11286 2.982624e-05 8.068634e-08
11287 2.982402e-05 8.061345e-08
11288 2.982181e-05 8.054062e-08
11289 2.981960e-05 8.046785e-08
11290 2.981740e-05 8.039515e-08
11291 2.981519e-05 8.032252e-08
11292 2.981299e-05 8.024995e-08
11293 2.981079e-05 8.017745e-08
11294 2.980860e-05 8.010502e-08
11295 2.980640e-05 8.003265e-08
11296 2.980421e-05 7.996034e-08
11297 2.980203e-05 7.988810e-08
11298 2.979984e-05 7.981593e-08
11299 2.979766e-05 7.974382e-08
11300 2.979548e-05 7.967177e-08
11301 2.979330e-05 7.959979e-08
11302 2.979113e-05 7.952788e-08
11303 2.978895e-05 7.945603e-08
11304 2.978678e-05 7.938425e-08
11305 2.978462e-05 7.931253e-08
11306 2.978245e-05 7.924087e-08
11307 2.978029e-05 7.916928e-08
11308 2.977813e-05 7.909776e-08
11309 2.977598e-05 7.902630e-08
11310 2.977382e-05 7.895490e-08
11311 2.977167e-05 7.888357e-08
11312 2.976952e-05 7.881230e-08
11313 2.976738e-05 7.874110e-08
11314 2.976523e-05 7.866996e-08
11315 2.976309e-05 7.859889e-08
11316 2.976095e-05 7.852788e-08
11317 2.975882e-05 7.845693e-08
11318 2.975669e-05 7.838605e-08
11319 2.975456e-05 7.831523e-08
11320 2.975243e-05 7.824448e-08
11321 2.975030e-05 7.817379e-08
11322 2.974818e-05 7.810317e-08
11323 2.974606e-05 7.803260e-08
11324 2.974394e-05 7.796211e-08
11325 2.974183e-05 7.789167e-08
11326 2.973971e-05 7.782130e-08
11327 2.973761e-05 7.775099e-08
11328 2.973550e-05 7.768075e-08
11329 2.973339e-05 7.761057e-08
11330 2.973129e-05 7.754045e-08
11331 2.972919e-05 7.747040e-08
11332 2.972709e-05 7.740041e-08
11333 2.972500e-05 7.733048e-08
11334 2.972291e-05 7.726062e-08
11335 2.972082e-05 7.719082e-08
11336 2.971873e-05 7.712108e-08
11337 2.971665e-05 7.705140e-08
11338 2.971456e-05 7.698179e-08
11339 2.971248e-05 7.691224e-08
11340 2.971041e-05 7.684276e-08
11341 2.970833e-05 7.677334e-08
11342 2.970626e-05 7.670397e-08
11343 2.970419e-05 7.663468e-08
11344 2.970212e-05 7.656544e-08
11345 2.970006e-05 7.649627e-08
11346 2.969800e-05 7.642716e-08
11347 2.969594e-05 7.635811e-08
11348 2.969388e-05 7.628913e-08
11349 2.969183e-05 7.622020e-08
11350 2.968978e-05 7.615134e-08
11351 2.968773e-05 7.608254e-08
11352 2.968568e-05 7.601381e-08
11353 2.968363e-05 7.594513e-08
11354 2.968159e-05 7.587652e-08
11355 2.967955e-05 7.580797e-08
11356 2.967752e-05 7.573948e-08
11357 2.967548e-05 7.567106e-08
11358 2.967345e-05 7.560269e-08
11359 2.967142e-05 7.553439e-08
11360 2.966939e-05 7.546615e-08
11361 2.966737e-05 7.539797e-08
11362 2.966534e-05 7.532985e-08
11363 2.966332e-05 7.526179e-08
11364 2.966131e-05 7.519380e-08
11365 2.965929e-05 7.512586e-08
11366 2.965728e-05 7.505799e-08
11367 2.965527e-05 7.499018e-08
11368 2.965326e-05 7.492243e-08
11369 2.965125e-05 7.485474e-08
11370 2.964925e-05 7.478712e-08
11371 2.964725e-05 7.471955e-08
11372 2.964525e-05 7.465205e-08
11373 2.964326e-05 7.458460e-08
11374 2.964126e-05 7.451722e-08
11375 2.963927e-05 7.444990e-08
11376 2.963728e-05 7.438264e-08
11377 2.963530e-05 7.431543e-08
11378 2.963331e-05 7.424829e-08
11379 2.963133e-05 7.418122e-08
11380 2.962935e-05 7.411420e-08
11381 2.962737e-05 7.404724e-08
11382 2.962540e-05 7.398034e-08
11383 2.962343e-05 7.391350e-08
11384 2.962146e-05 7.384673e-08
11385 2.961949e-05 7.378001e-08
11386 2.961753e-05 7.371335e-08
11387 2.961556e-05 7.364676e-08
11388 2.961360e-05 7.358022e-08
11389 2.961164e-05 7.351375e-08
11390 2.960969e-05 7.344733e-08
11391 2.960774e-05 7.338098e-08
11392 2.960578e-05 7.331468e-08
11393 2.960384e-05 7.324844e-08
11394 2.960189e-05 7.318227e-08
11395 2.959995e-05 7.311615e-08
11396 2.959801e-05 7.305010e-08
11397 2.959607e-05 7.298410e-08
11398 2.959413e-05 7.291816e-08
11399 2.959219e-05 7.285228e-08
11400 2.959026e-05 7.278647e-08
11401 2.958833e-05 7.272071e-08
11402 2.958640e-05 7.265501e-08
11403 2.958448e-05 7.258937e-08
11404 2.958256e-05 7.252379e-08
11405 2.958064e-05 7.245827e-08
11406 2.957872e-05 7.239281e-08
11407 2.957680e-05 7.232740e-08
11408 2.957489e-05 7.226206e-08
11409 2.957298e-05 7.219677e-08
11410 2.957107e-05 7.213155e-08
11411 2.956916e-05 7.206638e-08
11412 2.956726e-05 7.200127e-08
11413 2.956535e-05 7.193622e-08
11414 2.956345e-05 7.187123e-08
11415 2.956156e-05 7.180630e-08
11416 2.955966e-05 7.174143e-08
11417 2.955777e-05 7.167661e-08
11418 2.955588e-05 7.161186e-08
11419 2.955399e-05 7.154716e-08
11420 2.955210e-05 7.148252e-08
11421 2.955022e-05 7.141794e-08
11422 2.954834e-05 7.135342e-08
11423 2.954646e-05 7.128896e-08
11424 2.954458e-05 7.122455e-08
11425 2.954270e-05 7.116020e-08
11426 2.954083e-05 7.109591e-08
11427 2.953896e-05 7.103168e-08
11428 2.953709e-05 7.096751e-08
11429 2.953523e-05 7.090339e-08
11430 2.953336e-05 7.083934e-08
11431 2.953150e-05 7.077534e-08
11432 2.952964e-05 7.071139e-08
11433 2.952778e-05 7.064751e-08
11434 2.952593e-05 7.058369e-08
11435 2.952408e-05 7.051992e-08
11436 2.952222e-05 7.045621e-08
11437 2.952038e-05 7.039255e-08
11438 2.951853e-05 7.032896e-08
11439 2.951669e-05 7.026542e-08
11440 2.951484e-05 7.020194e-08
11441 2.951300e-05 7.013851e-08
11442 2.951117e-05 7.007515e-08
11443 2.950933e-05 7.001184e-08
11444 2.950750e-05 6.994859e-08
11445 2.950567e-05 6.988539e-08
11446 2.950384e-05 6.982225e-08
11447 2.950201e-05 6.975917e-08
11448 2.950019e-05 6.969615e-08
11449 2.949837e-05 6.963318e-08
11450 2.949655e-05 6.957027e-08
11451 2.949473e-05 6.950742e-08
11452 2.949291e-05 6.944462e-08
11453 2.949110e-05 6.938189e-08
11454 2.948929e-05 6.931920e-08
11455 2.948748e-05 6.925658e-08
11456 2.948567e-05 6.919401e-08
11457 2.948387e-05 6.913149e-08
11458 2.948207e-05 6.906904e-08
11459 2.948027e-05 6.900664e-08
11460 2.947847e-05 6.894429e-08
11461 2.947667e-05 6.888201e-08
11462 2.947488e-05 6.881978e-08
11463 2.947309e-05 6.875760e-08
11464 2.947130e-05 6.869548e-08
11465 2.946951e-05 6.863342e-08
11466 2.946772e-05 6.857141e-08
11467 2.946594e-05 6.850946e-08
11468 2.946416e-05 6.844757e-08
11469 2.946238e-05 6.838573e-08
11470 2.946060e-05 6.832395e-08
11471 2.945883e-05 6.826222e-08
11472 2.945705e-05 6.820055e-08
11473 2.945528e-05 6.813893e-08
11474 2.945352e-05 6.807737e-08
11475 2.945175e-05 6.801587e-08
11476 2.944998e-05 6.795442e-08
11477 2.944822e-05 6.789303e-08
11478 2.944646e-05 6.783169e-08
11479 2.944470e-05 6.777041e-08
11480 2.944295e-05 6.770918e-08
11481 2.944119e-05 6.764801e-08
11482 2.943944e-05 6.758689e-08
11483 2.943769e-05 6.752583e-08
11484 2.943595e-05 6.746483e-08
11485 2.943420e-05 6.740388e-08
11486 2.943246e-05 6.734298e-08
11487 2.943072e-05 6.728214e-08
11488 2.942898e-05 6.722135e-08
11489 2.942724e-05 6.716062e-08
11490 2.942550e-05 6.709995e-08
11491 2.942377e-05 6.703933e-08
11492 2.942204e-05 6.697876e-08
11493 2.942031e-05 6.691825e-08
11494 2.941858e-05 6.685779e-08
11495 2.941686e-05 6.679739e-08
11496 2.941514e-05 6.673704e-08
11497 2.941342e-05 6.667675e-08
11498 2.941170e-05 6.661651e-08
11499 2.940998e-05 6.655632e-08
11500 2.940827e-05 6.649619e-08
11501 2.940655e-05 6.643612e-08
11502 2.940484e-05 6.637610e-08
11503 2.940313e-05 6.631613e-08
11504 2.940143e-05 6.625622e-08
11505 2.939972e-05 6.619636e-08
11506 2.939802e-05 6.613655e-08
11507 2.939632e-05 6.607680e-08
11508 2.939462e-05 6.601711e-08
11509 2.939293e-05 6.595746e-08
11510 2.939123e-05 6.589787e-08
11511 2.938954e-05 6.583834e-08
11512 2.938785e-05 6.577886e-08
11513 2.938616e-05 6.571943e-08
11514 2.938447e-05 6.566006e-08
11515 2.938279e-05 6.560074e-08
11516 2.938111e-05 6.554147e-08
11517 2.937943e-05 6.548226e-08
11518 2.937775e-05 6.542310e-08
11519 2.937607e-05 6.536399e-08
11520 2.937440e-05 6.530494e-08
11521 2.937272e-05 6.524594e-08
11522 2.937105e-05 6.518699e-08
11523 2.936939e-05 6.512810e-08
11524 2.936772e-05 6.506926e-08
11525 2.936605e-05 6.501047e-08
11526 2.936439e-05 6.495174e-08
11527 2.936273e-05 6.489306e-08
11528 2.936107e-05 6.483443e-08
11529 2.935942e-05 6.477586e-08
11530 2.935776e-05 6.471734e-08
11531 2.935611e-05 6.465887e-08
11532 2.935446e-05 6.460045e-08
11533 2.935281e-05 6.454209e-08
11534 2.935116e-05 6.448378e-08
11535 2.934952e-05 6.442552e-08
11536 2.934787e-05 6.436732e-08
11537 2.934623e-05 6.430916e-08
11538 2.934459e-05 6.425106e-08
11539 2.934296e-05 6.419302e-08
11540 2.934132e-05 6.413502e-08
11541 2.933969e-05 6.407708e-08
11542 2.933806e-05 6.401919e-08
11543 2.933643e-05 6.396135e-08
11544 2.933480e-05 6.390357e-08
11545 2.933317e-05 6.384583e-08
11546 2.933155e-05 6.378815e-08
11547 2.932993e-05 6.373052e-08
11548 2.932831e-05 6.367295e-08
11549 2.932669e-05 6.361542e-08
11550 2.932508e-05 6.355795e-08
11551 2.932346e-05 6.350053e-08
11552 2.932185e-05 6.344316e-08
11553 2.932024e-05 6.338584e-08
11554 2.931863e-05 6.332857e-08
11555 2.931702e-05 6.327136e-08
11556 2.931542e-05 6.321420e-08
11557 2.931382e-05 6.315709e-08
11558 2.931222e-05 6.310003e-08
11559 2.931062e-05 6.304302e-08
11560 2.930902e-05 6.298607e-08
11561 2.930743e-05 6.292916e-08
11562 2.930583e-05 6.287231e-08
11563 2.930424e-05 6.281551e-08
11564 2.930265e-05 6.275876e-08
11565 2.930106e-05 6.270206e-08
11566 2.929948e-05 6.264541e-08
11567 2.929789e-05 6.258881e-08
11568 2.929631e-05 6.253227e-08
11569 2.929473e-05 6.247577e-08
11570 2.929315e-05 6.241933e-08
11571 2.929158e-05 6.236294e-08
11572 2.929000e-05 6.230659e-08
11573 2.928843e-05 6.225030e-08
11574 2.928686e-05 6.219406e-08
11575 2.928529e-05 6.213788e-08
11576 2.928372e-05 6.208174e-08
11577 2.928216e-05 6.202565e-08
11578 2.928059e-05 6.196961e-08
11579 2.927903e-05 6.191363e-08
11580 2.927747e-05 6.185769e-08
11581 2.927591e-05 6.180181e-08
11582 2.927436e-05 6.174597e-08
11583 2.927280e-05 6.169019e-08
11584 2.927125e-05 6.163445e-08
11585 2.926970e-05 6.157877e-08
11586 2.926815e-05 6.152314e-08
11587 2.926661e-05 6.146755e-08
11588 2.926506e-05 6.141202e-08
11589 2.926352e-05 6.135654e-08
11590 2.926198e-05 6.130111e-08
11591 2.926044e-05 6.124573e-08
11592 2.925890e-05 6.119039e-08
11593 2.925736e-05 6.113511e-08
11594 2.925583e-05 6.107988e-08
11595 2.925429e-05 6.102470e-08
11596 2.925276e-05 6.096956e-08
11597 2.925124e-05 6.091448e-08
11598 2.924971e-05 6.085945e-08
11599 2.924818e-05 6.080447e-08
11600 2.924666e-05 6.074953e-08
11601 2.924514e-05 6.069465e-08
11602 2.924362e-05 6.063981e-08
11603 2.924210e-05 6.058503e-08
11604 2.924058e-05 6.053029e-08
11605 2.923907e-05 6.047561e-08
11606 2.923756e-05 6.042097e-08
11607 2.923604e-05 6.036638e-08
11608 2.923454e-05 6.031185e-08
11609 2.923303e-05 6.025736e-08
11610 2.923152e-05 6.020292e-08
11611 2.923002e-05 6.014853e-08
11612 2.922852e-05 6.009419e-08
11613 2.922702e-05 6.003990e-08
11614 2.922552e-05 5.998565e-08
11615 2.922402e-05 5.993146e-08
11616 2.922253e-05 5.987732e-08
11617 2.922103e-05 5.982322e-08
11618 2.921954e-05 5.976917e-08
11619 2.921805e-05 5.971517e-08
11620 2.921656e-05 5.966123e-08
11621 2.921508e-05 5.960732e-08
11622 2.921359e-05 5.955347e-08
11623 2.921211e-05 5.949967e-08
11624 2.921063e-05 5.944591e-08
11625 2.920915e-05 5.939221e-08
11626 2.920767e-05 5.933855e-08
11627 2.920619e-05 5.928494e-08
11628 2.920472e-05 5.923138e-08
11629 2.920325e-05 5.917787e-08
11630 2.920178e-05 5.912440e-08
11631 2.920031e-05 5.907099e-08
11632 2.919884e-05 5.901762e-08
11633 2.919737e-05 5.896430e-08
11634 2.919591e-05 5.891103e-08
11635 2.919445e-05 5.885781e-08
11636 2.919299e-05 5.880463e-08
11637 2.919153e-05 5.875151e-08
11638 2.919007e-05 5.869843e-08
11639 2.918862e-05 5.864540e-08
11640 2.918716e-05 5.859241e-08
11641 2.918571e-05 5.853948e-08
11642 2.918426e-05 5.848659e-08
11643 2.918281e-05 5.843375e-08
11644 2.918136e-05 5.838096e-08
11645 2.917992e-05 5.832822e-08
11646 2.917848e-05 5.827552e-08
11647 2.917703e-05 5.822287e-08
11648 2.917559e-05 5.817027e-08
11649 2.917416e-05 5.811772e-08
11650 2.917272e-05 5.806521e-08
11651 2.917128e-05 5.801275e-08
11652 2.916985e-05 5.796034e-08
11653 2.916842e-05 5.790798e-08
11654 2.916699e-05 5.785566e-08
11655 2.916556e-05 5.780339e-08
11656 2.916413e-05 5.775117e-08
11657 2.916271e-05 5.769899e-08
11658 2.916128e-05 5.764687e-08
11659 2.915986e-05 5.759479e-08
11660 2.915844e-05 5.754275e-08
11661 2.915702e-05 5.749077e-08
11662 2.915561e-05 5.743883e-08
11663 2.915419e-05 5.738693e-08
11664 2.915278e-05 5.733509e-08
11665 2.915137e-05 5.728329e-08
11666 2.914996e-05 5.723154e-08
11667 2.914855e-05 5.717983e-08
11668 2.914714e-05 5.712817e-08
11669 2.914574e-05 5.707656e-08
11670 2.914433e-05 5.702499e-08
11671 2.914293e-05 5.697347e-08
11672 2.914153e-05 5.692200e-08
11673 2.914013e-05 5.687058e-08
11674 2.913873e-05 5.681920e-08
11675 2.913734e-05 5.676786e-08
11676 2.913595e-05 5.671658e-08
11677 2.913455e-05 5.666534e-08
11678 2.913316e-05 5.661414e-08
11679 2.913177e-05 5.656299e-08
11680 2.913039e-05 5.651189e-08
11681 2.912900e-05 5.646084e-08
11682 2.912762e-05 5.640983e-08
11683 2.912623e-05 5.635887e-08
11684 2.912485e-05 5.630795e-08
11685 2.912347e-05 5.625708e-08
11686 2.912210e-05 5.620625e-08
11687 2.912072e-05 5.615547e-08
11688 2.911935e-05 5.610474e-08
11689 2.911797e-05 5.605405e-08
11690 2.911660e-05 5.600341e-08
11691 2.911523e-05 5.595281e-08
11692 2.911386e-05 5.590226e-08
11693 2.911250e-05 5.585176e-08
11694 2.911113e-05 5.580130e-08
11695 2.910977e-05 5.575089e-08
11696 2.910841e-05 5.570052e-08
11697 2.910705e-05 5.565020e-08
11698 2.910569e-05 5.559992e-08
11699 2.910433e-05 5.554969e-08
11700 2.910298e-05 5.549950e-08
11701 2.910162e-05 5.544936e-08
11702 2.910027e-05 5.539927e-08
11703 2.909892e-05 5.534922e-08
11704 2.909757e-05 5.529921e-08
11705 2.909622e-05 5.524925e-08
11706 2.909488e-05 5.519934e-08
11707 2.909353e-05 5.514947e-08
11708 2.909219e-05 5.509964e-08
11709 2.909085e-05 5.504986e-08
11710 2.908951e-05 5.500013e-08
11711 2.908817e-05 5.495044e-08
11712 2.908683e-05 5.490079e-08
11713 2.908550e-05 5.485119e-08
11714 2.908416e-05 5.480164e-08
11715 2.908283e-05 5.475213e-08
11716 2.908150e-05 5.470266e-08
11717 2.908017e-05 5.465324e-08
11718 2.907885e-05 5.460387e-08
11719 2.907752e-05 5.455453e-08
11720 2.907620e-05 5.450525e-08
11721 2.907487e-05 5.445601e-08
11722 2.907355e-05 5.440681e-08
11723 2.907223e-05 5.435765e-08
11724 2.907091e-05 5.430854e-08
11725 2.906960e-05 5.425948e-08
11726 2.906828e-05 5.421046e-08
11727 2.906697e-05 5.416148e-08
11728 2.906566e-05 5.411255e-08
11729 2.906435e-05 5.406366e-08
11730 2.906304e-05 5.401482e-08
11731 2.906173e-05 5.396602e-08
11732 2.906042e-05 5.391727e-08
11733 2.905912e-05 5.386855e-08
11734 2.905782e-05 5.381989e-08
11735 2.905651e-05 5.377126e-08
11736 2.905521e-05 5.372268e-08
11737 2.905392e-05 5.367415e-08
11738 2.905262e-05 5.362566e-08
11739 2.905132e-05 5.357721e-08
11740 2.905003e-05 5.352880e-08
11741 2.904874e-05 5.348044e-08
11742 2.904745e-05 5.343213e-08
11743 2.904616e-05 5.338385e-08
11744 2.904487e-05 5.333563e-08
11745 2.904358e-05 5.328744e-08
11746 2.904230e-05 5.323930e-08
11747 2.904101e-05 5.319120e-08
11748 2.903973e-05 5.314314e-08
11749 2.903845e-05 5.309513e-08
11750 2.903717e-05 5.304716e-08
11751 2.903589e-05 5.299924e-08
11752 2.903462e-05 5.295136e-08
11753 2.903334e-05 5.290352e-08
11754 2.903207e-05 5.285572e-08
11755 2.903080e-05 5.280797e-08
11756 2.902953e-05 5.276026e-08
11757 2.902826e-05 5.271259e-08
11758 2.902699e-05 5.266497e-08
11759 2.902573e-05 5.261739e-08
11760 2.902446e-05 5.256985e-08
11761 2.902320e-05 5.252236e-08
11762 2.902194e-05 5.247491e-08
11763 2.902068e-05 5.242750e-08
11764 2.901942e-05 5.238014e-08
11765 2.901816e-05 5.233281e-08
11766 2.901690e-05 5.228553e-08
11767 2.901565e-05 5.223830e-08
11768 2.901440e-05 5.219110e-08
11769 2.901315e-05 5.214395e-08
11770 2.901190e-05 5.209684e-08
11771 2.901065e-05 5.204977e-08
11772 2.900940e-05 5.200275e-08
11773 2.900816e-05 5.195577e-08
11774 2.900691e-05 5.190883e-08
11775 2.900567e-05 5.186193e-08
11776 2.900443e-05 5.181508e-08
11777 2.900319e-05 5.176827e-08
11778 2.900195e-05 5.172150e-08
11779 2.900071e-05 5.167477e-08
11780 2.899948e-05 5.162808e-08
11781 2.899824e-05 5.158144e-08
11782 2.899701e-05 5.153484e-08
11783 2.899578e-05 5.148828e-08
11784 2.899455e-05 5.144176e-08
11785 2.899332e-05 5.139529e-08
11786 2.899209e-05 5.134886e-08
11787 2.899087e-05 5.130247e-08
11788 2.898964e-05 5.125612e-08
11789 2.898842e-05 5.120981e-08
11790 2.898720e-05 5.116354e-08
11791 2.898598e-05 5.111732e-08
11792 2.898476e-05 5.107114e-08
11793 2.898354e-05 5.102500e-08
11794 2.898233e-05 5.097890e-08
11795 2.898111e-05 5.093284e-08
11796 2.897990e-05 5.088683e-08
11797 2.897869e-05 5.084086e-08
11798 2.897748e-05 5.079492e-08
11799 2.897627e-05 5.074903e-08
11800 2.897506e-05 5.070318e-08
11801 2.897385e-05 5.065738e-08
11802 2.897265e-05 5.061161e-08
11803 2.897145e-05 5.056589e-08
11804 2.897024e-05 5.052020e-08
11805 2.896904e-05 5.047456e-08
11806 2.896785e-05 5.042896e-08
11807 2.896665e-05 5.038340e-08
11808 2.896545e-05 5.033788e-08
11809 2.896426e-05 5.029240e-08
11810 2.896306e-05 5.024697e-08
11811 2.896187e-05 5.020157e-08
11812 2.896068e-05 5.015622e-08
11813 2.895949e-05 5.011090e-08
11814 2.895830e-05 5.006563e-08
11815 2.895711e-05 5.002040e-08
11816 2.895593e-05 4.997521e-08
11817 2.895474e-05 4.993006e-08
11818 2.895356e-05 4.988495e-08
11819 2.895238e-05 4.983988e-08
11820 2.895120e-05 4.979485e-08
11821 2.895002e-05 4.974987e-08
11822 2.894884e-05 4.970492e-08
11823 2.894767e-05 4.966002e-08
11824 2.894649e-05 4.961515e-08
11825 2.894532e-05 4.957033e-08
11826 2.894415e-05 4.952554e-08
11827 2.894298e-05 4.948080e-08
11828 2.894181e-05 4.943609e-08
11829 2.894064e-05 4.939143e-08
11830 2.893947e-05 4.934681e-08
11831 2.893831e-05 4.930223e-08
11832 2.893714e-05 4.925769e-08
11833 2.893598e-05 4.921318e-08
11834 2.893482e-05 4.916872e-08
11835 2.893366e-05 4.912430e-08
11836 2.893250e-05 4.907992e-08
11837 2.893134e-05 4.903558e-08
11838 2.893019e-05 4.899128e-08
11839 2.892903e-05 4.894702e-08
11840 2.892788e-05 4.890280e-08
11841 2.892673e-05 4.885862e-08
11842 2.892558e-05 4.881447e-08
11843 2.892443e-05 4.877037e-08
11844 2.892328e-05 4.872631e-08
11845 2.892213e-05 4.868229e-08
11846 2.892099e-05 4.863831e-08
11847 2.891984e-05 4.859437e-08
11848 2.891870e-05 4.855046e-08
11849 2.891756e-05 4.850660e-08
11850 2.891642e-05 4.846278e-08
11851 2.891528e-05 4.841900e-08
11852 2.891414e-05 4.837525e-08
11853 2.891301e-05 4.833155e-08
11854 2.891187e-05 4.828788e-08
11855 2.891074e-05 4.824426e-08
11856 2.890961e-05 4.820067e-08
11857 2.890847e-05 4.815712e-08
11858 2.890734e-05 4.811362e-08
11859 2.890622e-05 4.807015e-08
11860 2.890509e-05 4.802672e-08
11861 2.890396e-05 4.798333e-08
11862 2.890284e-05 4.793998e-08
11863 2.890171e-05 4.789667e-08
11864 2.890059e-05 4.785340e-08
11865 2.889947e-05 4.781016e-08
11866 2.889835e-05 4.776697e-08
11867 2.889723e-05 4.772382e-08
11868 2.889612e-05 4.768070e-08
11869 2.889500e-05 4.763762e-08
11870 2.889389e-05 4.759458e-08
11871 2.889277e-05 4.755159e-08
11872 2.889166e-05 4.750863e-08
11873 2.889055e-05 4.746570e-08
11874 2.888944e-05 4.742282e-08
11875 2.888833e-05 4.737998e-08
11876 2.888723e-05 4.733717e-08
11877 2.888612e-05 4.729441e-08
11878 2.888502e-05 4.725168e-08
11879 2.888391e-05 4.720899e-08
11880 2.888281e-05 4.716634e-08
11881 2.888171e-05 4.712373e-08
11882 2.888061e-05 4.708115e-08
11883 2.887951e-05 4.703862e-08
11884 2.887842e-05 4.699612e-08
11885 2.887732e-05 4.695366e-08
11886 2.887623e-05 4.691124e-08
11887 2.887513e-05 4.686886e-08
11888 2.887404e-05 4.682652e-08
11889 2.887295e-05 4.678421e-08
11890 2.887186e-05 4.674194e-08
11891 2.887077e-05 4.669972e-08
11892 2.886969e-05 4.665752e-08
11893 2.886860e-05 4.661537e-08
11894 2.886752e-05 4.657326e-08
11895 2.886643e-05 4.653118e-08
11896 2.886535e-05 4.648914e-08
11897 2.886427e-05 4.644714e-08
11898 2.886319e-05 4.640518e-08
11899 2.886211e-05 4.636326e-08
11900 2.886104e-05 4.632137e-08
11901 2.885996e-05 4.627952e-08
11902 2.885888e-05 4.623771e-08
11903 2.885781e-05 4.619594e-08
11904 2.885674e-05 4.615420e-08
11905 2.885567e-05 4.611250e-08
11906 2.885460e-05 4.607084e-08
11907 2.885353e-05 4.602922e-08
11908 2.885246e-05 4.598764e-08
11909 2.885140e-05 4.594609e-08
11910 2.885033e-05 4.590458e-08
11911 2.884927e-05 4.586311e-08
11912 2.884821e-05 4.582167e-08
11913 2.884714e-05 4.578027e-08
11914 2.884608e-05 4.573891e-08
11915 2.884502e-05 4.569759e-08
11916 2.884397e-05 4.565631e-08
11917 2.884291e-05 4.561506e-08
11918 2.884186e-05 4.557385e-08
11919 2.884080e-05 4.553267e-08
11920 2.883975e-05 4.549154e-08
11921 2.883870e-05 4.545044e-08
11922 2.883765e-05 4.540938e-08
11923 2.883660e-05 4.536835e-08
11924 2.883555e-05 4.532736e-08
11925 2.883450e-05 4.528641e-08
11926 2.883346e-05 4.524550e-08
11927 2.883241e-05 4.520462e-08
11928 2.883137e-05 4.516378e-08
11929 2.883033e-05 4.512298e-08
11930 2.882928e-05 4.508221e-08
11931 2.882824e-05 4.504148e-08
11932 2.882721e-05 4.500079e-08
11933 2.882617e-05 4.496014e-08
11934 2.882513e-05 4.491952e-08
11935 2.882410e-05 4.487893e-08
11936 2.882306e-05 4.483839e-08
11937 2.882203e-05 4.479788e-08
11938 2.882100e-05 4.475741e-08
11939 2.881997e-05 4.471697e-08
11940 2.881894e-05 4.467657e-08
11941 2.881791e-05 4.463621e-08
11942 2.881688e-05 4.459588e-08
11943 2.881586e-05 4.455559e-08
11944 2.881483e-05 4.451534e-08
11945 2.881381e-05 4.447512e-08
11946 2.881279e-05 4.443494e-08
11947 2.881177e-05 4.439480e-08
11948 2.881075e-05 4.435469e-08
11949 2.880973e-05 4.431462e-08
11950 2.880871e-05 4.427458e-08
11951 2.880769e-05 4.423458e-08
11952 2.880668e-05 4.419462e-08
11953 2.880566e-05 4.415469e-08
11954 2.880465e-05 4.411480e-08
11955 2.880364e-05 4.407494e-08
11956 2.880263e-05 4.403512e-08
11957 2.880162e-05 4.399534e-08
11958 2.880061e-05 4.395559e-08
11959 2.879960e-05 4.391588e-08
11960 2.879859e-05 4.387621e-08
11961 2.879759e-05 4.383657e-08
11962 2.879659e-05 4.379696e-08
11963 2.879558e-05 4.375739e-08
11964 2.879458e-05 4.371786e-08
11965 2.879358e-05 4.367837e-08
11966 2.879258e-05 4.363890e-08
11967 2.879158e-05 4.359948e-08
11968 2.879058e-05 4.356009e-08
11969 2.878959e-05 4.352074e-08
11970 2.878859e-05 4.348142e-08
11971 2.878760e-05 4.344213e-08
11972 2.878661e-05 4.340289e-08
11973 2.878562e-05 4.336367e-08
11974 2.878462e-05 4.332450e-08
11975 2.878364e-05 4.328536e-08
11976 2.878265e-05 4.324625e-08
11977 2.878166e-05 4.320718e-08
11978 2.878067e-05 4.316814e-08
11979 2.877969e-05 4.312914e-08
11980 2.877870e-05 4.309018e-08
11981 2.877772e-05 4.305125e-08
11982 2.877674e-05 4.301236e-08
11983 2.877576e-05 4.297350e-08
11984 2.877478e-05 4.293467e-08
11985 2.877380e-05 4.289588e-08
11986 2.877282e-05 4.285713e-08
11987 2.877185e-05 4.281841e-08
11988 2.877087e-05 4.277973e-08
11989 2.876990e-05 4.274108e-08
11990 2.876893e-05 4.270246e-08
11991 2.876795e-05 4.266388e-08
11992 2.876698e-05 4.262534e-08
11993 2.876601e-05 4.258683e-08
11994 2.876505e-05 4.254835e-08
11995 2.876408e-05 4.250991e-08
11996 2.876311e-05 4.247151e-08
11997 2.876215e-05 4.243314e-08
11998 2.876118e-05 4.239480e-08
11999 2.876022e-05 4.235650e-08
12000 2.875926e-05 4.231823e-08
12001 2.875830e-05 4.228000e-08
12002 2.875734e-05 4.224180e-08
12003 2.875638e-05 4.220364e-08
12004 2.875542e-05 4.216551e-08
12005 2.875446e-05 4.212742e-08
12006 2.875351e-05 4.208936e-08
12007 2.875255e-05 4.205133e-08
12008 2.875160e-05 4.201334e-08
12009 2.875065e-05 4.197538e-08
12010 2.874970e-05 4.193746e-08
12011 2.874875e-05 4.189957e-08
12012 2.874780e-05 4.186172e-08
12013 2.874685e-05 4.182390e-08
12014 2.874590e-05 4.178611e-08
12015 2.874496e-05 4.174836e-08
12016 2.874401e-05 4.171065e-08
12017 2.874307e-05 4.167296e-08
12018 2.874212e-05 4.163531e-08
12019 2.874118e-05 4.159770e-08
12020 2.874024e-05 4.156012e-08
12021 2.873930e-05 4.152257e-08
12022 2.873836e-05 4.148506e-08
12023 2.873743e-05 4.144758e-08
12024 2.873649e-05 4.141013e-08
12025 2.873555e-05 4.137272e-08
12026 2.873462e-05 4.133534e-08
12027 2.873369e-05 4.129800e-08
12028 2.873275e-05 4.126069e-08
12029 2.873182e-05 4.122341e-08
12030 2.873089e-05 4.118617e-08
12031 2.872996e-05 4.114896e-08
12032 2.872904e-05 4.111178e-08
12033 2.872811e-05 4.107464e-08
12034 2.872718e-05 4.103753e-08
12035 2.872626e-05 4.100046e-08
12036 2.872533e-05 4.096341e-08
12037 2.872441e-05 4.092641e-08
12038 2.872349e-05 4.088943e-08
12039 2.872257e-05 4.085249e-08
12040 2.872165e-05 4.081558e-08
12041 2.872073e-05 4.077871e-08
12042 2.871981e-05 4.074187e-08
12043 2.871890e-05 4.070506e-08
12044 2.871798e-05 4.066828e-08
12045 2.871706e-05 4.063154e-08
12046 2.871615e-05 4.059483e-08
12047 2.871524e-05 4.055816e-08
12048 2.871433e-05 4.052152e-08
12049 2.871342e-05 4.048491e-08
12050 2.871251e-05 4.044833e-08
12051 2.871160e-05 4.041179e-08
12052 2.871069e-05 4.037528e-08
12053 2.870978e-05 4.033880e-08
12054 2.870888e-05 4.030236e-08
12055 2.870797e-05 4.026595e-08
12056 2.870707e-05 4.022957e-08
12057 2.870617e-05 4.019322e-08
12058 2.870527e-05 4.015691e-08
12059 2.870437e-05 4.012063e-08
12060 2.870347e-05 4.008438e-08
12061 2.870257e-05 4.004817e-08
12062 2.870167e-05 4.001199e-08
12063 2.870077e-05 3.997584e-08
12064 2.869988e-05 3.993972e-08
12065 2.869898e-05 3.990364e-08
12066 2.869809e-05 3.986759e-08
12067 2.869720e-05 3.983157e-08
12068 2.869631e-05 3.979559e-08
12069 2.869542e-05 3.975963e-08
12070 2.869453e-05 3.972371e-08
12071 2.869364e-05 3.968782e-08
12072 2.869275e-05 3.965197e-08
12073 2.869186e-05 3.961615e-08
12074 2.869098e-05 3.958035e-08
12075 2.869009e-05 3.954460e-08
12076 2.868921e-05 3.950887e-08
12077 2.868833e-05 3.947318e-08
12078 2.868744e-05 3.943751e-08
12079 2.868656e-05 3.940188e-08
12080 2.868568e-05 3.936629e-08
12081 2.868481e-05 3.933072e-08
12082 2.868393e-05 3.929519e-08
12083 2.868305e-05 3.925969e-08
12084 2.868218e-05 3.922422e-08
12085 2.868130e-05 3.918878e-08
12086 2.868043e-05 3.915338e-08
12087 2.867955e-05 3.911800e-08
12088 2.867868e-05 3.908266e-08
12089 2.867781e-05 3.904735e-08
12090 2.867694e-05 3.901208e-08
12091 2.867607e-05 3.897683e-08
12092 2.867520e-05 3.894162e-08
12093 2.867434e-05 3.890644e-08
12094 2.867347e-05 3.887129e-08
12095 2.867261e-05 3.883617e-08
12096 2.867174e-05 3.880108e-08
12097 2.867088e-05 3.876603e-08
12098 2.867002e-05 3.873100e-08
12099 2.866916e-05 3.869601e-08
12100 2.866829e-05 3.866105e-08
12101 2.866744e-05 3.862613e-08
12102 2.866658e-05 3.859123e-08
12103 2.866572e-05 3.855636e-08
12104 2.866486e-05 3.852153e-08
12105 2.866401e-05 3.848673e-08
12106 2.866315e-05 3.845196e-08
12107 2.866230e-05 3.841722e-08
12108 2.866145e-05 3.838251e-08
12109 2.866059e-05 3.834783e-08
12110 2.865974e-05 3.831319e-08
12111 2.865889e-05 3.827857e-08
12112 2.865804e-05 3.824399e-08
12113 2.865720e-05 3.820944e-08
12114 2.865635e-05 3.817492e-08
12115 2.865550e-05 3.814043e-08
12116 2.865466e-05 3.810597e-08
12117 2.865381e-05 3.807155e-08
12118 2.865297e-05 3.803715e-08
12119 2.865213e-05 3.800279e-08
12120 2.865129e-05 3.796845e-08
12121 2.865045e-05 3.793415e-08
12122 2.864961e-05 3.789988e-08
12123 2.864877e-05 3.786564e-08
12124 2.864793e-05 3.783143e-08
12125 2.864709e-05 3.779725e-08
12126 2.864626e-05 3.776310e-08
12127 2.864542e-05 3.772899e-08
12128 2.864459e-05 3.769490e-08
12129 2.864376e-05 3.766085e-08
12130 2.864292e-05 3.762682e-08
12131 2.864209e-05 3.759283e-08
12132 2.864126e-05 3.755886e-08
12133 2.864043e-05 3.752493e-08
12134 2.863960e-05 3.749103e-08
12135 2.863878e-05 3.745716e-08
12136 2.863795e-05 3.742332e-08
12137 2.863712e-05 3.738951e-08
12138 2.863630e-05 3.735573e-08
12139 2.863547e-05 3.732198e-08
12140 2.863465e-05 3.728826e-08
12141 2.863383e-05 3.725457e-08
12142 2.863301e-05 3.722092e-08
12143 2.863219e-05 3.718729e-08
12144 2.863137e-05 3.715369e-08
12145 2.863055e-05 3.712013e-08
12146 2.862973e-05 3.708659e-08
12147 2.862892e-05 3.705308e-08
12148 2.862810e-05 3.701961e-08
12149 2.862729e-05 3.698616e-08
12150 2.862647e-05 3.695275e-08
12151 2.862566e-05 3.691936e-08
12152 2.862485e-05 3.688601e-08
12153 2.862403e-05 3.685269e-08
12154 2.862322e-05 3.681939e-08
12155 2.862241e-05 3.678613e-08
12156 2.862161e-05 3.675289e-08
12157 2.862080e-05 3.671969e-08
12158 2.861999e-05 3.668651e-08
12159 2.861919e-05 3.665337e-08
12160 2.861838e-05 3.662026e-08
12161 2.861758e-05 3.658717e-08
12162 2.861677e-05 3.655412e-08
12163 2.861597e-05 3.652109e-08
12164 2.861517e-05 3.648810e-08
12165 2.861437e-05 3.645513e-08
12166 2.861357e-05 3.642220e-08
12167 2.861277e-05 3.638929e-08
12168 2.861197e-05 3.635642e-08
12169 2.861118e-05 3.632357e-08
12170 2.861038e-05 3.629075e-08
12171 2.860958e-05 3.625797e-08
12172 2.860879e-05 3.622521e-08
12173 2.860800e-05 3.619248e-08
12174 2.860720e-05 3.615978e-08
12175 2.860641e-05 3.612712e-08
12176 2.860562e-05 3.609448e-08
12177 2.860483e-05 3.606187e-08
12178 2.860404e-05 3.602929e-08
12179 2.860325e-05 3.599674e-08
12180 2.860246e-05 3.596422e-08
12181 2.860168e-05 3.593172e-08
12182 2.860089e-05 3.589926e-08
12183 2.860011e-05 3.586683e-08
12184 2.859932e-05 3.583443e-08
12185 2.859854e-05 3.580205e-08
12186 2.859776e-05 3.576971e-08
12187 2.859698e-05 3.573739e-08
12188 2.859620e-05 3.570510e-08
12189 2.859542e-05 3.567285e-08
12190 2.859464e-05 3.564062e-08
12191 2.859386e-05 3.560842e-08
12192 2.859308e-05 3.557625e-08
12193 2.859231e-05 3.554411e-08
12194 2.859153e-05 3.551199e-08
12195 2.859076e-05 3.547991e-08
12196 2.858998e-05 3.544786e-08
12197 2.858921e-05 3.541583e-08
12198 2.858844e-05 3.538384e-08
12199 2.858767e-05 3.535187e-08
12200 2.858689e-05 3.531993e-08
12201 2.858613e-05 3.528802e-08
12202 2.858536e-05 3.525614e-08
12203 2.858459e-05 3.522429e-08
12204 2.858382e-05 3.519246e-08
12205 2.858306e-05 3.516067e-08
12206 2.858229e-05 3.512890e-08
12207 2.858153e-05 3.509717e-08
12208 2.858076e-05 3.506546e-08
12209 2.858000e-05 3.503378e-08
12210 2.857924e-05 3.500213e-08
12211 2.857848e-05 3.497051e-08
12212 2.857772e-05 3.493891e-08
12213 2.857696e-05 3.490735e-08
12214 2.857620e-05 3.487581e-08
12215 2.857544e-05 3.484430e-08
12216 2.857468e-05 3.481282e-08
12217 2.857393e-05 3.478137e-08
12218 2.857317e-05 3.474995e-08
12219 2.857242e-05 3.471855e-08
12220 2.857166e-05 3.468719e-08
12221 2.857091e-05 3.465585e-08
12222 2.857016e-05 3.462454e-08
12223 2.856941e-05 3.459326e-08
12224 2.856866e-05 3.456200e-08
12225 2.856791e-05 3.453078e-08
12226 2.856716e-05 3.449958e-08
12227 2.856641e-05 3.446841e-08
12228 2.856566e-05 3.443727e-08
12229 2.856492e-05 3.440616e-08
12230 2.856417e-05 3.437508e-08
12231 2.856343e-05 3.434402e-08
12232 2.856268e-05 3.431299e-08
12233 2.856194e-05 3.428199e-08
12234 2.856120e-05 3.425102e-08
12235 2.856046e-05 3.422008e-08
12236 2.855972e-05 3.418916e-08
12237 2.855898e-05 3.415827e-08
12238 2.855824e-05 3.412741e-08
12239 2.855750e-05 3.409658e-08
12240 2.855676e-05 3.406578e-08
12241 2.855603e-05 3.403500e-08
12242 2.855529e-05 3.400425e-08
12243 2.855456e-05 3.397353e-08
12244 2.855382e-05 3.394284e-08
12245 2.855309e-05 3.391217e-08
12246 2.855236e-05 3.388153e-08
12247 2.855162e-05 3.385092e-08
12248 2.855089e-05 3.382034e-08
12249 2.855016e-05 3.378979e-08
12250 2.854943e-05 3.375926e-08
12251 2.854870e-05 3.372876e-08
12252 2.854798e-05 3.369829e-08
12253 2.854725e-05 3.366784e-08
12254 2.854652e-05 3.363743e-08
12255 2.854580e-05 3.360704e-08
12256 2.854507e-05 3.357667e-08
12257 2.854435e-05 3.354634e-08
12258 2.854363e-05 3.351603e-08
12259 2.854290e-05 3.348575e-08
12260 2.854218e-05 3.345550e-08
12261 2.854146e-05 3.342527e-08
12262 2.854074e-05 3.339508e-08
12263 2.854002e-05 3.336491e-08
12264 2.853931e-05 3.333476e-08
12265 2.853859e-05 3.330465e-08
12266 2.853787e-05 3.327456e-08
12267 2.853716e-05 3.324450e-08
12268 2.853644e-05 3.321446e-08
12269 2.853573e-05 3.318445e-08
12270 2.853501e-05 3.315447e-08
12271 2.853430e-05 3.312452e-08
12272 2.853359e-05 3.309459e-08
12273 2.853288e-05 3.306469e-08
12274 2.853217e-05 3.303482e-08
12275 2.853146e-05 3.300498e-08
12276 2.853075e-05 3.297516e-08
12277 2.853004e-05 3.294537e-08
12278 2.852933e-05 3.291560e-08
12279 2.852863e-05 3.288587e-08
12280 2.852792e-05 3.285616e-08
12281 2.852721e-05 3.282647e-08
12282 2.852651e-05 3.279681e-08
12283 2.852581e-05 3.276718e-08
12284 2.852510e-05 3.273758e-08
12285 2.852440e-05 3.270800e-08
12286 2.852370e-05 3.267845e-08
12287 2.852300e-05 3.264893e-08
12288 2.852230e-05 3.261944e-08
12289 2.852160e-05 3.258997e-08
12290 2.852090e-05 3.256052e-08
12291 2.852021e-05 3.253111e-08
12292 2.851951e-05 3.250172e-08
12293 2.851881e-05 3.247235e-08
12294 2.851812e-05 3.244301e-08
12295 2.851742e-05 3.241370e-08
12296 2.851673e-05 3.238442e-08
12297 2.851604e-05 3.235516e-08
12298 2.851534e-05 3.232593e-08
12299 2.851465e-05 3.229673e-08
12300 2.851396e-05 3.226755e-08
12301 2.851327e-05 3.223840e-08
12302 2.851258e-05 3.220927e-08
12303 2.851189e-05 3.218017e-08
12304 2.851121e-05 3.215110e-08
12305 2.851052e-05 3.212205e-08
12306 2.850983e-05 3.209303e-08
12307 2.850915e-05 3.206404e-08
12308 2.850846e-05 3.203507e-08
12309 2.850778e-05 3.200613e-08
12310 2.850710e-05 3.197721e-08
12311 2.850641e-05 3.194832e-08
12312 2.850573e-05 3.191946e-08
12313 2.850505e-05 3.189062e-08
12314 2.850437e-05 3.186181e-08
12315 2.850369e-05 3.183302e-08
12316 2.850301e-05 3.180426e-08
12317 2.850233e-05 3.177553e-08
12318 2.850166e-05 3.174682e-08
12319 2.850098e-05 3.171814e-08
12320 2.850031e-05 3.168949e-08
12321 2.849963e-05 3.166086e-08
12322 2.849896e-05 3.163225e-08
12323 2.849828e-05 3.160368e-08
12324 2.849761e-05 3.157512e-08
12325 2.849694e-05 3.154660e-08
12326 2.849627e-05 3.151810e-08
12327 2.849559e-05 3.148962e-08
12328 2.849492e-05 3.146117e-08
12329 2.849426e-05 3.143275e-08
12330 2.849359e-05 3.140435e-08
12331 2.849292e-05 3.137598e-08
12332 2.849225e-05 3.134763e-08
12333 2.849159e-05 3.131931e-08
12334 2.849092e-05 3.129102e-08
12335 2.849025e-05 3.126275e-08
12336 2.848959e-05 3.123450e-08
12337 2.848893e-05 3.120628e-08
12338 2.848826e-05 3.117809e-08
12339 2.848760e-05 3.114992e-08
12340 2.848694e-05 3.112178e-08
12341 2.848628e-05 3.109366e-08
12342 2.848562e-05 3.106557e-08
12343 2.848496e-05 3.103751e-08
12344 2.848430e-05 3.100947e-08
12345 2.848364e-05 3.098145e-08
12346 2.848299e-05 3.095346e-08
12347 2.848233e-05 3.092550e-08
12348 2.848168e-05 3.089756e-08
12349 2.848102e-05 3.086964e-08
12350 2.848037e-05 3.084175e-08
12351 2.847971e-05 3.081389e-08
12352 2.847906e-05 3.078605e-08
12353 2.847841e-05 3.075824e-08
12354 2.847776e-05 3.073045e-08
12355 2.847711e-05 3.070269e-08
12356 2.847646e-05 3.067495e-08
12357 2.847581e-05 3.064723e-08
12358 2.847516e-05 3.061955e-08
12359 2.847451e-05 3.059188e-08
12360 2.847386e-05 3.056424e-08
12361 2.847322e-05 3.053663e-08
12362 2.847257e-05 3.050904e-08
12363 2.847193e-05 3.048148e-08
12364 2.847128e-05 3.045394e-08
12365 2.847064e-05 3.042643e-08
12366 2.846999e-05 3.039894e-08
12367 2.846935e-05 3.037148e-08
12368 2.846871e-05 3.034404e-08
12369 2.846807e-05 3.031662e-08
12370 2.846743e-05 3.028923e-08
12371 2.846679e-05 3.026187e-08
12372 2.846615e-05 3.023453e-08
12373 2.846551e-05 3.020721e-08
12374 2.846487e-05 3.017992e-08
12375 2.846424e-05 3.015266e-08
12376 2.846360e-05 3.012542e-08
12377 2.846297e-05 3.009820e-08
12378 2.846233e-05 3.007101e-08
12379 2.846170e-05 3.004384e-08
12380 2.846106e-05 3.001670e-08
12381 2.846043e-05 2.998958e-08
12382 2.845980e-05 2.996248e-08
12383 2.845917e-05 2.993541e-08
12384 2.845854e-05 2.990837e-08
12385 2.845791e-05 2.988135e-08
12386 2.845728e-05 2.985435e-08
12387 2.845665e-05 2.982738e-08
12388 2.845602e-05 2.980043e-08
12389 2.845539e-05 2.977351e-08
12390 2.845477e-05 2.974661e-08
12391 2.845414e-05 2.971974e-08
12392 2.845352e-05 2.969289e-08
12393 2.845289e-05 2.966606e-08
12394 2.845227e-05 2.963926e-08
12395 2.845164e-05 2.961248e-08
12396 2.845102e-05 2.958573e-08
12397 2.845040e-05 2.955900e-08
12398 2.844978e-05 2.953230e-08
12399 2.844916e-05 2.950561e-08
12400 2.844854e-05 2.947896e-08
12401 2.844792e-05 2.945233e-08
12402 2.844730e-05 2.942572e-08
12403 2.844668e-05 2.939913e-08
12404 2.844606e-05 2.937257e-08
12405 2.844545e-05 2.934603e-08
12406 2.844483e-05 2.931952e-08
12407 2.844422e-05 2.929303e-08
12408 2.844360e-05 2.926657e-08
12409 2.844299e-05 2.924013e-08
12410 2.844237e-05 2.921371e-08
12411 2.844176e-05 2.918732e-08
12412 2.844115e-05 2.916095e-08
12413 2.844054e-05 2.913460e-08
12414 2.843993e-05 2.910828e-08
12415 2.843932e-05 2.908198e-08
12416 2.843871e-05 2.905571e-08
12417 2.843810e-05 2.902946e-08
12418 2.843749e-05 2.900323e-08
12419 2.843688e-05 2.897703e-08
12420 2.843628e-05 2.895085e-08
12421 2.843567e-05 2.892470e-08
12422 2.843507e-05 2.889856e-08
12423 2.843446e-05 2.887246e-08
12424 2.843386e-05 2.884637e-08
12425 2.843325e-05 2.882031e-08
12426 2.843265e-05 2.879427e-08
12427 2.843205e-05 2.876826e-08
12428 2.843145e-05 2.874227e-08
12429 2.843085e-05 2.871630e-08
12430 2.843025e-05 2.869036e-08
12431 2.842965e-05 2.866444e-08
12432 2.842905e-05 2.863854e-08
12433 2.842845e-05 2.861267e-08
12434 2.842785e-05 2.858682e-08
12435 2.842725e-05 2.856099e-08
12436 2.842666e-05 2.853519e-08
12437 2.842606e-05 2.850941e-08
12438 2.842547e-05 2.848365e-08
12439 2.842487e-05 2.845792e-08
12440 2.842428e-05 2.843221e-08
12441 2.842368e-05 2.840652e-08
12442 2.842309e-05 2.838086e-08
12443 2.842250e-05 2.835522e-08
12444 2.842191e-05 2.832960e-08
12445 2.842132e-05 2.830400e-08
12446 2.842073e-05 2.827843e-08
12447 2.842014e-05 2.825289e-08
12448 2.841955e-05 2.822736e-08
12449 2.841896e-05 2.820186e-08
12450 2.841837e-05 2.817638e-08
12451 2.841779e-05 2.815092e-08
12452 2.841720e-05 2.812549e-08
12453 2.841661e-05 2.810008e-08
12454 2.841603e-05 2.807469e-08
12455 2.841544e-05 2.804933e-08
12456 2.841486e-05 2.802399e-08
12457 2.841428e-05 2.799867e-08
12458 2.841369e-05 2.797338e-08
12459 2.841311e-05 2.794810e-08
12460 2.841253e-05 2.792285e-08
12461 2.841195e-05 2.789763e-08
12462 2.841137e-05 2.787242e-08
12463 2.841079e-05 2.784724e-08
12464 2.841021e-05 2.782208e-08
12465 2.840963e-05 2.779695e-08
12466 2.840906e-05 2.777184e-08
12467 2.840848e-05 2.774674e-08
12468 2.840790e-05 2.772168e-08
12469 2.840733e-05 2.769663e-08
12470 2.840675e-05 2.767161e-08
12471 2.840618e-05 2.764661e-08
12472 2.840560e-05 2.762163e-08
12473 2.840503e-05 2.759668e-08
12474 2.840446e-05 2.757175e-08
12475 2.840389e-05 2.754684e-08
12476 2.840331e-05 2.752195e-08
12477 2.840274e-05 2.749709e-08
12478 2.840217e-05 2.747224e-08
12479 2.840160e-05 2.744742e-08
12480 2.840103e-05 2.742263e-08
12481 2.840047e-05 2.739785e-08
12482 2.839990e-05 2.737310e-08
12483 2.839933e-05 2.734837e-08
12484 2.839876e-05 2.732366e-08
12485 2.839820e-05 2.729898e-08
12486 2.839763e-05 2.727431e-08
12487 2.839707e-05 2.724967e-08
12488 2.839650e-05 2.722505e-08
12489 2.839594e-05 2.720046e-08
12490 2.839538e-05 2.717588e-08
12491 2.839481e-05 2.715133e-08
12492 2.839425e-05 2.712680e-08
12493 2.839369e-05 2.710229e-08
12494 2.839313e-05 2.707781e-08
12495 2.839257e-05 2.705334e-08
12496 2.839201e-05 2.702890e-08
12497 2.839145e-05 2.700448e-08
12498 2.839089e-05 2.698009e-08
12499 2.839034e-05 2.695571e-08
12500 2.838978e-05 2.693136e-08
12501 2.838922e-05 2.690703e-08
12502 2.838867e-05 2.688272e-08
12503 2.838811e-05 2.685843e-08
12504 2.838756e-05 2.683417e-08
12505 2.838700e-05 2.680992e-08
12506 2.838645e-05 2.678570e-08
12507 2.838590e-05 2.676150e-08
12508 2.838534e-05 2.673733e-08
12509 2.838479e-05 2.671317e-08
12510 2.838424e-05 2.668904e-08
12511 2.838369e-05 2.666492e-08
12512 2.838314e-05 2.664083e-08
12513 2.838259e-05 2.661676e-08
12514 2.838204e-05 2.659272e-08
12515 2.838149e-05 2.656869e-08
12516 2.838095e-05 2.654469e-08
12517 2.838040e-05 2.652071e-08
12518 2.837985e-05 2.649675e-08
12519 2.837931e-05 2.647281e-08
12520 2.837876e-05 2.644889e-08
12521 2.837822e-05 2.642500e-08
12522 2.837767e-05 2.640112e-08
12523 2.837713e-05 2.637727e-08
12524 2.837658e-05 2.635344e-08
12525 2.837604e-05 2.632963e-08
12526 2.837550e-05 2.630585e-08
12527 2.837496e-05 2.628208e-08
12528 2.837442e-05 2.625834e-08
12529 2.837388e-05 2.623461e-08
12530 2.837334e-05 2.621091e-08
12531 2.837280e-05 2.618723e-08
12532 2.837226e-05 2.616357e-08
12533 2.837172e-05 2.613993e-08
12534 2.837119e-05 2.611632e-08
12535 2.837065e-05 2.609272e-08
12536 2.837011e-05 2.606915e-08
12537 2.836958e-05 2.604560e-08
12538 2.836904e-05 2.602207e-08
12539 2.836851e-05 2.599856e-08
12540 2.836797e-05 2.597507e-08
12541 2.836744e-05 2.595160e-08
12542 2.836691e-05 2.592816e-08
12543 2.836638e-05 2.590473e-08
12544 2.836584e-05 2.588133e-08
12545 2.836531e-05 2.585795e-08
12546 2.836478e-05 2.583459e-08
12547 2.836425e-05 2.581125e-08
12548 2.836372e-05 2.578793e-08
12549 2.836319e-05 2.576463e-08
12550 2.836267e-05 2.574135e-08
12551 2.836214e-05 2.571810e-08
12552 2.836161e-05 2.569486e-08
12553 2.836108e-05 2.567165e-08
12554 2.836056e-05 2.564845e-08
12555 2.836003e-05 2.562528e-08
12556 2.835951e-05 2.560213e-08
12557 2.835898e-05 2.557900e-08
12558 2.835846e-05 2.555589e-08
12559 2.835794e-05 2.553280e-08
12560 2.835741e-05 2.550974e-08
12561 2.835689e-05 2.548669e-08
12562 2.835637e-05 2.546366e-08
12563 2.835585e-05 2.544066e-08
12564 2.835533e-05 2.541767e-08
12565 2.835481e-05 2.539471e-08
12566 2.835429e-05 2.537177e-08
12567 2.835377e-05 2.534885e-08
12568 2.835325e-05 2.532594e-08
12569 2.835273e-05 2.530306e-08
12570 2.835222e-05 2.528020e-08
12571 2.835170e-05 2.525736e-08
12572 2.835118e-05 2.523455e-08
12573 2.835067e-05 2.521175e-08
12574 2.835015e-05 2.518897e-08
12575 2.834964e-05 2.516621e-08
12576 2.834912e-05 2.514348e-08
12577 2.834861e-05 2.512076e-08
12578 2.834810e-05 2.509807e-08
12579 2.834758e-05 2.507539e-08
12580 2.834707e-05 2.505274e-08
12581 2.834656e-05 2.503010e-08
12582 2.834605e-05 2.500749e-08
12583 2.834554e-05 2.498490e-08
12584 2.834503e-05 2.496232e-08
12585 2.834452e-05 2.493977e-08
12586 2.834401e-05 2.491724e-08
12587 2.834350e-05 2.489473e-08
12588 2.834300e-05 2.487224e-08
12589 2.834249e-05 2.484977e-08
12590 2.834198e-05 2.482732e-08
12591 2.834148e-05 2.480489e-08
12592 2.834097e-05 2.478248e-08
12593 2.834047e-05 2.476009e-08
12594 2.833996e-05 2.473772e-08
12595 2.833946e-05 2.471537e-08
12596 2.833896e-05 2.469304e-08
12597 2.833845e-05 2.467073e-08
12598 2.833795e-05 2.464844e-08
12599 2.833745e-05 2.462617e-08
12600 2.833695e-05 2.460393e-08
12601 2.833645e-05 2.458170e-08
12602 2.833595e-05 2.455949e-08
12603 2.833545e-05 2.453730e-08
12604 2.833495e-05 2.451513e-08
12605 2.833445e-05 2.449299e-08
12606 2.833395e-05 2.447086e-08
12607 2.833346e-05 2.444875e-08
12608 2.833296e-05 2.442666e-08
12609 2.833246e-05 2.440459e-08
12610 2.833197e-05 2.438254e-08
12611 2.833147e-05 2.436052e-08
12612 2.833098e-05 2.433851e-08
12613 2.833048e-05 2.431652e-08
12614 2.832999e-05 2.429455e-08
12615 2.832949e-05 2.427260e-08
12616 2.832900e-05 2.425067e-08
12617 2.832851e-05 2.422876e-08
12618 2.832802e-05 2.420687e-08
12619 2.832753e-05 2.418501e-08
12620 2.832704e-05 2.416316e-08
12621 2.832655e-05 2.414133e-08
12622 2.832606e-05 2.411951e-08
12623 2.832557e-05 2.409772e-08
12624 2.832508e-05 2.407595e-08
12625 2.832459e-05 2.405420e-08
12626 2.832410e-05 2.403247e-08
12627 2.832361e-05 2.401076e-08
12628 2.832313e-05 2.398907e-08
12629 2.832264e-05 2.396739e-08
12630 2.832216e-05 2.394574e-08
12631 2.832167e-05 2.392411e-08
12632 2.832119e-05 2.390249e-08
12633 2.832070e-05 2.388090e-08
12634 2.832022e-05 2.385932e-08
12635 2.831974e-05 2.383777e-08
12636 2.831925e-05 2.381623e-08
12637 2.831877e-05 2.379471e-08
12638 2.831829e-05 2.377322e-08
12639 2.831781e-05 2.375174e-08
12640 2.831733e-05 2.373028e-08
12641 2.831685e-05 2.370884e-08
12642 2.831637e-05 2.368742e-08
12643 2.831589e-05 2.366602e-08
12644 2.831541e-05 2.364464e-08
12645 2.831493e-05 2.362328e-08
12646 2.831446e-05 2.360194e-08
12647 2.831398e-05 2.358061e-08
12648 2.831350e-05 2.355931e-08
12649 2.831303e-05 2.353803e-08
12650 2.831255e-05 2.351676e-08
12651 2.831208e-05 2.349551e-08
12652 2.831160e-05 2.347429e-08
12653 2.831113e-05 2.345308e-08
12654 2.831065e-05 2.343189e-08
12655 2.831018e-05 2.341072e-08
12656 2.830971e-05 2.338957e-08
12657 2.830924e-05 2.336844e-08
12658 2.830876e-05 2.334733e-08
12659 2.830829e-05 2.332623e-08
12660 2.830782e-05 2.330516e-08
12661 2.830735e-05 2.328411e-08
12662 2.830688e-05 2.326307e-08
12663 2.830641e-05 2.324205e-08
12664 2.830595e-05 2.322106e-08
12665 2.830548e-05 2.320008e-08
12666 2.830501e-05 2.317912e-08
12667 2.830454e-05 2.315818e-08
12668 2.830408e-05 2.313725e-08
12669 2.830361e-05 2.311635e-08
12670 2.830314e-05 2.309547e-08
12671 2.830268e-05 2.307460e-08
12672 2.830221e-05 2.305375e-08
12673 2.830175e-05 2.303293e-08
12674 2.830129e-05 2.301212e-08
12675 2.830082e-05 2.299133e-08
12676 2.830036e-05 2.297055e-08
12677 2.829990e-05 2.294980e-08
12678 2.829944e-05 2.292907e-08
12679 2.829897e-05 2.290835e-08
12680 2.829851e-05 2.288766e-08
12681 2.829805e-05 2.286698e-08
12682 2.829759e-05 2.284632e-08
12683 2.829713e-05 2.282568e-08
12684 2.829668e-05 2.280506e-08
12685 2.829622e-05 2.278445e-08
12686 2.829576e-05 2.276387e-08
12687 2.829530e-05 2.274330e-08
12688 2.829484e-05 2.272276e-08
12689 2.829439e-05 2.270223e-08
12690 2.829393e-05 2.268172e-08
12691 2.829348e-05 2.266123e-08
12692 2.829302e-05 2.264075e-08
12693 2.829257e-05 2.262030e-08
12694 2.829211e-05 2.259986e-08
12695 2.829166e-05 2.257944e-08
12696 2.829121e-05 2.255905e-08
12697 2.829075e-05 2.253866e-08
12698 2.829030e-05 2.251830e-08
12699 2.828985e-05 2.249796e-08
12700 2.828940e-05 2.247763e-08
12701 2.828895e-05 2.245733e-08
12702 2.828850e-05 2.243704e-08
12703 2.828805e-05 2.241677e-08
12704 2.828760e-05 2.239651e-08
12705 2.828715e-05 2.237628e-08
12706 2.828670e-05 2.235606e-08
12707 2.828625e-05 2.233587e-08
12708 2.828580e-05 2.231569e-08
12709 2.828536e-05 2.229553e-08
12710 2.828491e-05 2.227538e-08
12711 2.828446e-05 2.225526e-08
12712 2.828402e-05 2.223515e-08
12713 2.828357e-05 2.221506e-08
12714 2.828313e-05 2.219499e-08
12715 2.828268e-05 2.217494e-08
12716 2.828224e-05 2.215491e-08
12717 2.828180e-05 2.213489e-08
12718 2.828135e-05 2.211489e-08
12719 2.828091e-05 2.209491e-08
12720 2.828047e-05 2.207495e-08
12721 2.828003e-05 2.205501e-08
12722 2.827959e-05 2.203508e-08
12723 2.827915e-05 2.201518e-08
12724 2.827871e-05 2.199529e-08
12725 2.827827e-05 2.197542e-08
12726 2.827783e-05 2.195556e-08
12727 2.827739e-05 2.193573e-08
12728 2.827695e-05 2.191591e-08
12729 2.827651e-05 2.189611e-08
12730 2.827607e-05 2.187633e-08
12731 2.827564e-05 2.185656e-08
12732 2.827520e-05 2.183682e-08
12733 2.827477e-05 2.181709e-08
12734 2.827433e-05 2.179738e-08
12735 2.827389e-05 2.177769e-08
12736 2.827346e-05 2.175801e-08
12737 2.827303e-05 2.173835e-08
12738 2.827259e-05 2.171871e-08
12739 2.827216e-05 2.169909e-08
12740 2.827173e-05 2.167949e-08
12741 2.827129e-05 2.165990e-08
12742 2.827086e-05 2.164033e-08
12743 2.827043e-05 2.162078e-08
12744 2.827000e-05 2.160125e-08
12745 2.826957e-05 2.158173e-08
12746 2.826914e-05 2.156224e-08
12747 2.826871e-05 2.154276e-08
12748 2.826828e-05 2.152329e-08
12749 2.826785e-05 2.150385e-08
12750 2.826742e-05 2.148442e-08
12751 2.826699e-05 2.146501e-08
12752 2.826657e-05 2.144562e-08
12753 2.826614e-05 2.142624e-08
12754 2.826571e-05 2.140689e-08
12755 2.826529e-05 2.138755e-08
12756 2.826486e-05 2.136822e-08
12757 2.826443e-05 2.134892e-08
12758 2.826401e-05 2.132963e-08
12759 2.826358e-05 2.131036e-08
12760 2.826316e-05 2.129111e-08
12761 2.826274e-05 2.127187e-08
12762 2.826231e-05 2.125265e-08
12763 2.826189e-05 2.123345e-08
12764 2.826147e-05 2.121427e-08
12765 2.826105e-05 2.119510e-08
12766 2.826063e-05 2.117596e-08
12767 2.826021e-05 2.115682e-08
12768 2.825978e-05 2.113771e-08
12769 2.825936e-05 2.111861e-08
12770 2.825894e-05 2.109953e-08
12771 2.825853e-05 2.108047e-08
12772 2.825811e-05 2.106143e-08
12773 2.825769e-05 2.104240e-08
12774 2.825727e-05 2.102339e-08
12775 2.825685e-05 2.100439e-08
12776 2.825644e-05 2.098542e-08
12777 2.825602e-05 2.096646e-08
12778 2.825560e-05 2.094752e-08
12779 2.825519e-05 2.092859e-08
12780 2.825477e-05 2.090968e-08
12781 2.825436e-05 2.089079e-08
12782 2.825394e-05 2.087192e-08
12783 2.825353e-05 2.085306e-08
12784 2.825312e-05 2.083422e-08
12785 2.825270e-05 2.081540e-08
12786 2.825229e-05 2.079660e-08
12787 2.825188e-05 2.077781e-08
12788 2.825146e-05 2.075904e-08
12789 2.825105e-05 2.074028e-08
12790 2.825064e-05 2.072154e-08
12791 2.825023e-05 2.070282e-08
12792 2.824982e-05 2.068412e-08
12793 2.824941e-05 2.066543e-08
12794 2.824900e-05 2.064676e-08
12795 2.824859e-05 2.062811e-08
12796 2.824818e-05 2.060947e-08
12797 2.824778e-05 2.059085e-08
12798 2.824737e-05 2.057225e-08
12799 2.824696e-05 2.055366e-08
12800 2.824656e-05 2.053509e-08
12801 2.824615e-05 2.051654e-08
12802 2.824574e-05 2.049801e-08
12803 2.824534e-05 2.047949e-08
12804 2.824493e-05 2.046099e-08
12805 2.824453e-05 2.044250e-08
12806 2.824412e-05 2.042403e-08
12807 2.824372e-05 2.040558e-08
12808 2.824332e-05 2.038714e-08
12809 2.824291e-05 2.036873e-08
12810 2.824251e-05 2.035032e-08
12811 2.824211e-05 2.033194e-08
12812 2.824171e-05 2.031357e-08
12813 2.824130e-05 2.029522e-08
12814 2.824090e-05 2.027688e-08
12815 2.824050e-05 2.025856e-08
12816 2.824010e-05 2.024026e-08
12817 2.823970e-05 2.022197e-08
12818 2.823930e-05 2.020370e-08
12819 2.823890e-05 2.018545e-08
12820 2.823851e-05 2.016722e-08
12821 2.823811e-05 2.014900e-08
12822 2.823771e-05 2.013079e-08
12823 2.823731e-05 2.011260e-08
12824 2.823692e-05 2.009443e-08
12825 2.823652e-05 2.007628e-08
12826 2.823612e-05 2.005814e-08
12827 2.823573e-05 2.004002e-08
12828 2.823533e-05 2.002192e-08
12829 2.823494e-05 2.000383e-08
12830 2.823454e-05 1.998575e-08
12831 2.823415e-05 1.996770e-08
12832 2.823376e-05 1.994966e-08
12833 2.823336e-05 1.993164e-08
12834 2.823297e-05 1.991363e-08
12835 2.823258e-05 1.989564e-08
12836 2.823219e-05 1.987766e-08
12837 2.823179e-05 1.985970e-08
12838 2.823140e-05 1.984176e-08
12839 2.823101e-05 1.982384e-08
12840 2.823062e-05 1.980593e-08
12841 2.823023e-05 1.978803e-08
12842 2.822984e-05 1.977016e-08
12843 2.822945e-05 1.975229e-08
12844 2.822906e-05 1.973445e-08
12845 2.822868e-05 1.971662e-08
12846 2.822829e-05 1.969881e-08
12847 2.822790e-05 1.968101e-08
12848 2.822751e-05 1.966323e-08
12849 2.822713e-05 1.964547e-08
12850 2.822674e-05 1.962772e-08
12851 2.822635e-05 1.960998e-08
12852 2.822597e-05 1.959227e-08
12853 2.822558e-05 1.957457e-08
12854 2.822520e-05 1.955688e-08
12855 2.822481e-05 1.953921e-08
12856 2.822443e-05 1.952156e-08
12857 2.822405e-05 1.950392e-08
12858 2.822366e-05 1.948630e-08
12859 2.822328e-05 1.946870e-08
12860 2.822290e-05 1.945111e-08
12861 2.822252e-05 1.943354e-08
12862 2.822213e-05 1.941598e-08
12863 2.822175e-05 1.939844e-08
12864 2.822137e-05 1.938091e-08
12865 2.822099e-05 1.936340e-08
12866 2.822061e-05 1.934591e-08
12867 2.822023e-05 1.932843e-08
12868 2.821985e-05 1.931097e-08
12869 2.821947e-05 1.929352e-08
12870 2.821909e-05 1.927609e-08
12871 2.821872e-05 1.925868e-08
12872 2.821834e-05 1.924128e-08
12873 2.821796e-05 1.922390e-08
12874 2.821758e-05 1.920653e-08
12875 2.821721e-05 1.918918e-08
12876 2.821683e-05 1.917184e-08
12877 2.821646e-05 1.915452e-08
12878 2.821608e-05 1.913721e-08
12879 2.821571e-05 1.911992e-08
12880 2.821533e-05 1.910265e-08
12881 2.821496e-05 1.908539e-08
12882 2.821458e-05 1.906815e-08
12883 2.821421e-05 1.905092e-08
12884 2.821384e-05 1.903371e-08
12885 2.821346e-05 1.901652e-08
12886 2.821309e-05 1.899933e-08
12887 2.821272e-05 1.898217e-08
12888 2.821235e-05 1.896502e-08
12889 2.821198e-05 1.894789e-08
12890 2.821160e-05 1.893077e-08
12891 2.821123e-05 1.891367e-08
12892 2.821086e-05 1.889658e-08
12893 2.821049e-05 1.887951e-08
12894 2.821013e-05 1.886245e-08
12895 2.820976e-05 1.884541e-08
12896 2.820939e-05 1.882838e-08
12897 2.820902e-05 1.881137e-08
12898 2.820865e-05 1.879438e-08
12899 2.820828e-05 1.877740e-08
12900 2.820792e-05 1.876043e-08
12901 2.820755e-05 1.874348e-08
12902 2.820718e-05 1.872655e-08
12903 2.820682e-05 1.870963e-08
12904 2.820645e-05 1.869273e-08
12905 2.820609e-05 1.867584e-08
12906 2.820572e-05 1.865897e-08
12907 2.820536e-05 1.864211e-08
12908 2.820499e-05 1.862527e-08
12909 2.820463e-05 1.860844e-08
12910 2.820427e-05 1.859163e-08
12911 2.820390e-05 1.857483e-08
12912 2.820354e-05 1.855805e-08
12913 2.820318e-05 1.854129e-08
12914 2.820282e-05 1.852454e-08
12915 2.820246e-05 1.850780e-08
12916 2.820209e-05 1.849108e-08
12917 2.820173e-05 1.847437e-08
12918 2.820137e-05 1.845768e-08
12919 2.820101e-05 1.844101e-08
12920 2.820065e-05 1.842435e-08
12921 2.820029e-05 1.840770e-08
12922 2.819994e-05 1.839107e-08
12923 2.819958e-05 1.837446e-08
12924 2.819922e-05 1.835785e-08
12925 2.819886e-05 1.834127e-08
12926 2.819850e-05 1.832470e-08
12927 2.819815e-05 1.830814e-08
12928 2.819779e-05 1.829160e-08
12929 2.819743e-05 1.827508e-08
12930 2.819708e-05 1.825857e-08
12931 2.819672e-05 1.824207e-08
12932 2.819637e-05 1.822559e-08
12933 2.819601e-05 1.820913e-08
12934 2.819566e-05 1.819267e-08
12935 2.819530e-05 1.817624e-08
12936 2.819495e-05 1.815982e-08
12937 2.819460e-05 1.814341e-08
12938 2.819424e-05 1.812702e-08
12939 2.819389e-05 1.811064e-08
12940 2.819354e-05 1.809428e-08
12941 2.819319e-05 1.807793e-08
12942 2.819283e-05 1.806160e-08
12943 2.819248e-05 1.804528e-08
12944 2.819213e-05 1.802898e-08
12945 2.819178e-05 1.801269e-08
12946 2.819143e-05 1.799642e-08
12947 2.819108e-05 1.798016e-08
12948 2.819073e-05 1.796392e-08
12949 2.819038e-05 1.794769e-08
12950 2.819003e-05 1.793147e-08
12951 2.818969e-05 1.791527e-08
12952 2.818934e-05 1.789909e-08
12953 2.818899e-05 1.788292e-08
12954 2.818864e-05 1.786676e-08
12955 2.818829e-05 1.785062e-08
12956 2.818795e-05 1.783449e-08
12957 2.818760e-05 1.781838e-08
12958 2.818726e-05 1.780228e-08
12959 2.818691e-05 1.778620e-08
12960 2.818656e-05 1.777013e-08
12961 2.818622e-05 1.775407e-08
12962 2.818588e-05 1.773803e-08
12963 2.818553e-05 1.772201e-08
12964 2.818519e-05 1.770600e-08
12965 2.818484e-05 1.769000e-08
12966 2.818450e-05 1.767402e-08
12967 2.818416e-05 1.765805e-08
12968 2.818382e-05 1.764210e-08
12969 2.818347e-05 1.762616e-08
12970 2.818313e-05 1.761024e-08
12971 2.818279e-05 1.759433e-08
12972 2.818245e-05 1.757843e-08
12973 2.818211e-05 1.756255e-08
12974 2.818177e-05 1.754668e-08
12975 2.818143e-05 1.753083e-08
12976 2.818109e-05 1.751499e-08
12977 2.818075e-05 1.749917e-08
12978 2.818041e-05 1.748336e-08
12979 2.818007e-05 1.746756e-08
12980 2.817973e-05 1.745178e-08
12981 2.817940e-05 1.743601e-08
12982 2.817906e-05 1.742026e-08
12983 2.817872e-05 1.740452e-08
12984 2.817838e-05 1.738880e-08
12985 2.817805e-05 1.737309e-08
12986 2.817771e-05 1.735739e-08
12987 2.817737e-05 1.734171e-08
12988 2.817704e-05 1.732605e-08
12989 2.817670e-05 1.731039e-08
12990 2.817637e-05 1.729475e-08
12991 2.817603e-05 1.727913e-08
12992 2.817570e-05 1.726352e-08
12993 2.817537e-05 1.724792e-08
12994 2.817503e-05 1.723234e-08
12995 2.817470e-05 1.721677e-08
12996 2.817437e-05 1.720122e-08
12997 2.817403e-05 1.718568e-08
12998 2.817370e-05 1.717015e-08
12999 2.817337e-05 1.715464e-08
13000 2.817304e-05 1.713914e-08
13001 2.817271e-05 1.712365e-08
13002 2.817238e-05 1.710818e-08
13003 2.817205e-05 1.709273e-08
13004 2.817172e-05 1.707729e-08
13005 2.817139e-05 1.706186e-08
13006 2.817106e-05 1.704644e-08
13007 2.817073e-05 1.703104e-08
13008 2.817040e-05 1.701566e-08
13009 2.817007e-05 1.700028e-08
13010 2.816974e-05 1.698492e-08
13011 2.816941e-05 1.696958e-08
13012 2.816909e-05 1.695425e-08
13013 2.816876e-05 1.693893e-08
13014 2.816843e-05 1.692363e-08
13015 2.816811e-05 1.690834e-08
13016 2.816778e-05 1.689306e-08
13017 2.816745e-05 1.687780e-08
13018 2.816713e-05 1.686255e-08
13019 2.816680e-05 1.684732e-08
13020 2.816648e-05 1.683210e-08
13021 2.816615e-05 1.681689e-08
13022 2.816583e-05 1.680170e-08
13023 2.816551e-05 1.678652e-08
13024 2.816518e-05 1.677135e-08
13025 2.816486e-05 1.675620e-08
13026 2.816454e-05 1.674106e-08
13027 2.816421e-05 1.672594e-08
13028 2.816389e-05 1.671083e-08
13029 2.816357e-05 1.669573e-08
13030 2.816325e-05 1.668065e-08
13031 2.816293e-05 1.666558e-08
13032 2.816261e-05 1.665052e-08
13033 2.816229e-05 1.663548e-08
13034 2.816197e-05 1.662045e-08
13035 2.816165e-05 1.660543e-08
13036 2.816133e-05 1.659043e-08
13037 2.816101e-05 1.657544e-08
13038 2.816069e-05 1.656047e-08
13039 2.816037e-05 1.654550e-08
13040 2.816005e-05 1.653056e-08
13041 2.815973e-05 1.651562e-08
13042 2.815941e-05 1.650070e-08
13043 2.815910e-05 1.648579e-08
13044 2.815878e-05 1.647090e-08
13045 2.815846e-05 1.645602e-08
13046 2.815815e-05 1.644115e-08
13047 2.815783e-05 1.642630e-08
13048 2.815752e-05 1.641146e-08
13049 2.815720e-05 1.639663e-08
13050 2.815688e-05 1.638182e-08
13051 2.815657e-05 1.636702e-08
13052 2.815626e-05 1.635223e-08
13053 2.815594e-05 1.633746e-08
13054 2.815563e-05 1.632270e-08
13055 2.815531e-05 1.630795e-08
13056 2.815500e-05 1.629322e-08
13057 2.815469e-05 1.627850e-08
13058 2.815438e-05 1.626379e-08
13059 2.815406e-05 1.624910e-08
13060 2.815375e-05 1.623442e-08
13061 2.815344e-05 1.621975e-08
13062 2.815313e-05 1.620510e-08
13063 2.815282e-05 1.619046e-08
13064 2.815251e-05 1.617583e-08
13065 2.815220e-05 1.616121e-08
13066 2.815189e-05 1.614661e-08
13067 2.815158e-05 1.613203e-08
13068 2.815127e-05 1.611745e-08
13069 2.815096e-05 1.610289e-08
13070 2.815065e-05 1.608834e-08
13071 2.815034e-05 1.607381e-08
13072 2.815003e-05 1.605929e-08
13073 2.814972e-05 1.604478e-08
13074 2.814942e-05 1.603028e-08
13075 2.814911e-05 1.601580e-08
13076 2.814880e-05 1.600133e-08
13077 2.814850e-05 1.598687e-08
13078 2.814819e-05 1.597243e-08
13079 2.814788e-05 1.595800e-08
13080 2.814758e-05 1.594358e-08
13081 2.814727e-05 1.592918e-08
13082 2.814697e-05 1.591479e-08
13083 2.814666e-05 1.590041e-08
13084 2.814636e-05 1.588604e-08
13085 2.814605e-05 1.587169e-08
13086 2.814575e-05 1.585735e-08
13087 2.814545e-05 1.584303e-08
13088 2.814514e-05 1.582871e-08
13089 2.814484e-05 1.581441e-08
13090 2.814454e-05 1.580013e-08
13091 2.814423e-05 1.578585e-08
13092 2.814393e-05 1.577159e-08
13093 2.814363e-05 1.575734e-08
13094 2.814333e-05 1.574310e-08
13095 2.814303e-05 1.572888e-08
13096 2.814273e-05 1.571467e-08
13097 2.814243e-05 1.570047e-08
13098 2.814213e-05 1.568629e-08
13099 2.814183e-05 1.567212e-08
13100 2.814153e-05 1.565796e-08
13101 2.814123e-05 1.564381e-08
13102 2.814093e-05 1.562968e-08
13103 2.814063e-05 1.561556e-08
13104 2.814033e-05 1.560145e-08
13105 2.814003e-05 1.558736e-08
13106 2.813974e-05 1.557327e-08
13107 2.813944e-05 1.555920e-08
13108 2.813914e-05 1.554515e-08
13109 2.813884e-05 1.553110e-08
13110 2.813855e-05 1.551707e-08
13111 2.813825e-05 1.550305e-08
13112 2.813795e-05 1.548905e-08
13113 2.813766e-05 1.547505e-08
13114 2.813736e-05 1.546107e-08
13115 2.813707e-05 1.544710e-08
13116 2.813677e-05 1.543315e-08
13117 2.813648e-05 1.541921e-08
13118 2.813618e-05 1.540527e-08
13119 2.813589e-05 1.539136e-08
13120 2.813560e-05 1.537745e-08
13121 2.813530e-05 1.536356e-08
13122 2.813501e-05 1.534968e-08
13123 2.813472e-05 1.533581e-08
13124 2.813443e-05 1.532196e-08
13125 2.813413e-05 1.530811e-08
13126 2.813384e-05 1.529428e-08
13127 2.813355e-05 1.528047e-08
13128 2.813326e-05 1.526666e-08
13129 2.813297e-05 1.525287e-08
13130 2.813268e-05 1.523909e-08
13131 2.813239e-05 1.522532e-08
13132 2.813210e-05 1.521157e-08
13133 2.813181e-05 1.519782e-08
13134 2.813152e-05 1.518409e-08
13135 2.813123e-05 1.517037e-08
13136 2.813094e-05 1.515667e-08
13137 2.813065e-05 1.514298e-08
13138 2.813036e-05 1.512929e-08
13139 2.813007e-05 1.511563e-08
13140 2.812979e-05 1.510197e-08
13141 2.812950e-05 1.508833e-08
13142 2.812921e-05 1.507469e-08
13143 2.812892e-05 1.506108e-08
13144 2.812864e-05 1.504747e-08
13145 2.812835e-05 1.503387e-08
13146 2.812806e-05 1.502029e-08
13147 2.812778e-05 1.500672e-08
13148 2.812749e-05 1.499316e-08
13149 2.812721e-05 1.497962e-08
13150 2.812692e-05 1.496609e-08
13151 2.812664e-05 1.495256e-08
13152 2.812635e-05 1.493906e-08
13153 2.812607e-05 1.492556e-08
13154 2.812579e-05 1.491207e-08
13155 2.812550e-05 1.489860e-08
13156 2.812522e-05 1.488514e-08
13157 2.812494e-05 1.487169e-08
13158 2.812465e-05 1.485826e-08
13159 2.812437e-05 1.484483e-08
13160 2.812409e-05 1.483142e-08
13161 2.812381e-05 1.481802e-08
13162 2.812353e-05 1.480464e-08
13163 2.812324e-05 1.479126e-08
13164 2.812296e-05 1.477790e-08
13165 2.812268e-05 1.476455e-08
13166 2.812240e-05 1.475121e-08
13167 2.812212e-05 1.473788e-08
13168 2.812184e-05 1.472457e-08
13169 2.812156e-05 1.471126e-08
13170 2.812128e-05 1.469797e-08
13171 2.812100e-05 1.468469e-08
13172 2.812073e-05 1.467143e-08
13173 2.812045e-05 1.465817e-08
13174 2.812017e-05 1.464493e-08
13175 2.811989e-05 1.463170e-08
13176 2.811961e-05 1.461848e-08
13177 2.811934e-05 1.460527e-08
13178 2.811906e-05 1.459208e-08
13179 2.811878e-05 1.457889e-08
13180 2.811851e-05 1.456572e-08
13181 2.811823e-05 1.455256e-08
13182 2.811795e-05 1.453942e-08
13183 2.811768e-05 1.452628e-08
13184 2.811740e-05 1.451316e-08
13185 2.811713e-05 1.450005e-08
13186 2.811685e-05 1.448695e-08
13187 2.811658e-05 1.447386e-08
13188 2.811630e-05 1.446078e-08
13189 2.811603e-05 1.444772e-08
13190 2.811576e-05 1.443466e-08
13191 2.811548e-05 1.442162e-08
13192 2.811521e-05 1.440859e-08
13193 2.811494e-05 1.439558e-08
13194 2.811466e-05 1.438257e-08
13195 2.811439e-05 1.436958e-08
13196 2.811412e-05 1.435659e-08
13197 2.811385e-05 1.434362e-08
13198 2.811358e-05 1.433067e-08
13199 2.811330e-05 1.431772e-08
13200 2.811303e-05 1.430478e-08
13201 2.811276e-05 1.429186e-08
13202 2.811249e-05 1.427895e-08
13203 2.811222e-05 1.426605e-08
13204 2.811195e-05 1.425316e-08
13205 2.811168e-05 1.424028e-08
13206 2.811141e-05 1.422742e-08
13207 2.811114e-05 1.421456e-08
13208 2.811087e-05 1.420172e-08
13209 2.811061e-05 1.418889e-08
13210 2.811034e-05 1.417607e-08
13211 2.811007e-05 1.416326e-08
13212 2.810980e-05 1.415047e-08
13213 2.810953e-05 1.413768e-08
13214 2.810927e-05 1.412491e-08
13215 2.810900e-05 1.411215e-08
13216 2.810873e-05 1.409940e-08
13217 2.810847e-05 1.408666e-08
13218 2.810820e-05 1.407394e-08
13219 2.810793e-05 1.406122e-08
13220 2.810767e-05 1.404852e-08
13221 2.810740e-05 1.403583e-08
13222 2.810714e-05 1.402315e-08
13223 2.810687e-05 1.401048e-08
13224 2.810661e-05 1.399782e-08
13225 2.810634e-05 1.398517e-08
13226 2.810608e-05 1.397254e-08
13227 2.810582e-05 1.395991e-08
13228 2.810555e-05 1.394730e-08
13229 2.810529e-05 1.393470e-08
13230 2.810503e-05 1.392211e-08
13231 2.810476e-05 1.390953e-08
13232 2.810450e-05 1.389697e-08
13233 2.810424e-05 1.388441e-08
13234 2.810398e-05 1.387187e-08
13235 2.810372e-05 1.385934e-08
13236 2.810345e-05 1.384682e-08
13237 2.810319e-05 1.383431e-08
13238 2.810293e-05 1.382181e-08
13239 2.810267e-05 1.380932e-08
13240 2.810241e-05 1.379684e-08
13241 2.810215e-05 1.378438e-08
13242 2.810189e-05 1.377193e-08
13243 2.810163e-05 1.375948e-08
13244 2.810137e-05 1.374705e-08
13245 2.810111e-05 1.373463e-08
13246 2.810085e-05 1.372222e-08
13247 2.810060e-05 1.370983e-08
13248 2.810034e-05 1.369744e-08
13249 2.810008e-05 1.368507e-08
13250 2.809982e-05 1.367270e-08
13251 2.809956e-05 1.366035e-08
13252 2.809931e-05 1.364801e-08
13253 2.809905e-05 1.363568e-08
13254 2.809879e-05 1.362336e-08
13255 2.809854e-05 1.361105e-08
13256 2.809828e-05 1.359875e-08
13257 2.809802e-05 1.358647e-08
13258 2.809777e-05 1.357419e-08
13259 2.809751e-05 1.356193e-08
13260 2.809726e-05 1.354968e-08
13261 2.809700e-05 1.353744e-08
13262 2.809675e-05 1.352521e-08
13263 2.809649e-05 1.351299e-08
13264 2.809624e-05 1.350078e-08
13265 2.809598e-05 1.348858e-08
13266 2.809573e-05 1.347640e-08
13267 2.809548e-05 1.346422e-08
13268 2.809522e-05 1.345206e-08
13269 2.809497e-05 1.343990e-08
13270 2.809472e-05 1.342776e-08
13271 2.809446e-05 1.341563e-08
13272 2.809421e-05 1.340351e-08
13273 2.809396e-05 1.339140e-08
13274 2.809371e-05 1.337930e-08
13275 2.809346e-05 1.336721e-08
13276 2.809321e-05 1.335514e-08
13277 2.809295e-05 1.334307e-08
13278 2.809270e-05 1.333102e-08
13279 2.809245e-05 1.331897e-08
13280 2.809220e-05 1.330694e-08
13281 2.809195e-05 1.329492e-08
13282 2.809170e-05 1.328291e-08
13283 2.809145e-05 1.327091e-08
13284 2.809120e-05 1.325892e-08
13285 2.809096e-05 1.324694e-08
13286 2.809071e-05 1.323497e-08
13287 2.809046e-05 1.322301e-08
13288 2.809021e-05 1.321107e-08
13289 2.808996e-05 1.319913e-08
13290 2.808971e-05 1.318721e-08
13291 2.808947e-05 1.317529e-08
13292 2.808922e-05 1.316339e-08
13293 2.808897e-05 1.315150e-08
13294 2.808873e-05 1.313962e-08
13295 2.808848e-05 1.312774e-08
13296 2.808823e-05 1.311588e-08
13297 2.808799e-05 1.310404e-08
13298 2.808774e-05 1.309220e-08
13299 2.808750e-05 1.308037e-08
13300 2.808725e-05 1.306855e-08
13301 2.808700e-05 1.305674e-08
13302 2.808676e-05 1.304495e-08
13303 2.808652e-05 1.303316e-08
13304 2.808627e-05 1.302139e-08
13305 2.808603e-05 1.300962e-08
13306 2.808578e-05 1.299787e-08
13307 2.808554e-05 1.298613e-08
13308 2.808530e-05 1.297440e-08
13309 2.808505e-05 1.296267e-08
13310 2.808481e-05 1.295096e-08
13311 2.808457e-05 1.293926e-08
13312 2.808432e-05 1.292757e-08
13313 2.808408e-05 1.291589e-08
13314 2.808384e-05 1.290422e-08
13315 2.808360e-05 1.289257e-08
13316 2.808336e-05 1.288092e-08
13317 2.808312e-05 1.286928e-08
13318 2.808287e-05 1.285765e-08
13319 2.808263e-05 1.284604e-08
13320 2.808239e-05 1.283443e-08
13321 2.808215e-05 1.282284e-08
13322 2.808191e-05 1.281125e-08
13323 2.808167e-05 1.279968e-08
13324 2.808143e-05 1.278811e-08
13325 2.808119e-05 1.277656e-08
13326 2.808096e-05 1.276502e-08
13327 2.808072e-05 1.275349e-08
13328 2.808048e-05 1.274196e-08
13329 2.808024e-05 1.273045e-08
13330 2.808000e-05 1.271895e-08
13331 2.807976e-05 1.270746e-08
13332 2.807953e-05 1.269598e-08
13333 2.807929e-05 1.268451e-08
13334 2.807905e-05 1.267305e-08
13335 2.807881e-05 1.266160e-08
13336 2.807858e-05 1.265016e-08
13337 2.807834e-05 1.263873e-08
13338 2.807810e-05 1.262731e-08
13339 2.807787e-05 1.261591e-08
13340 2.807763e-05 1.260451e-08
13341 2.807740e-05 1.259312e-08
13342 2.807716e-05 1.258174e-08
13343 2.807693e-05 1.257038e-08
13344 2.807669e-05 1.255902e-08
13345 2.807646e-05 1.254767e-08
13346 2.807622e-05 1.253634e-08
13347 2.807599e-05 1.252501e-08
13348 2.807575e-05 1.251370e-08
13349 2.807552e-05 1.250239e-08
13350 2.807529e-05 1.249109e-08
13351 2.807505e-05 1.247981e-08
13352 2.807482e-05 1.246854e-08
13353 2.807459e-05 1.245727e-08
13354 2.807436e-05 1.244602e-08
13355 2.807412e-05 1.243477e-08
13356 2.807389e-05 1.242354e-08
13357 2.807366e-05 1.241231e-08
13358 2.807343e-05 1.240110e-08
13359 2.807320e-05 1.238990e-08
13360 2.807296e-05 1.237870e-08
13361 2.807273e-05 1.236752e-08
13362 2.807250e-05 1.235635e-08
13363 2.807227e-05 1.234518e-08
13364 2.807204e-05 1.233403e-08
13365 2.807181e-05 1.232289e-08
13366 2.807158e-05 1.231175e-08
13367 2.807135e-05 1.230063e-08
13368 2.807112e-05 1.228952e-08
13369 2.807089e-05 1.227841e-08
13370 2.807067e-05 1.226732e-08
13371 2.807044e-05 1.225624e-08
13372 2.807021e-05 1.224517e-08
13373 2.806998e-05 1.223410e-08
13374 2.806975e-05 1.222305e-08
13375 2.806952e-05 1.221201e-08
13376 2.806930e-05 1.220097e-08
13377 2.806907e-05 1.218995e-08
13378 2.806884e-05 1.217894e-08
13379 2.806861e-05 1.216794e-08
13380 2.806839e-05 1.215694e-08
13381 2.806816e-05 1.214596e-08
13382 2.806794e-05 1.213499e-08
13383 2.806771e-05 1.212402e-08
13384 2.806748e-05 1.211307e-08
13385 2.806726e-05 1.210213e-08
13386 2.806703e-05 1.209119e-08
13387 2.806681e-05 1.208027e-08
13388 2.806658e-05 1.206935e-08
13389 2.806636e-05 1.205845e-08
13390 2.806613e-05 1.204756e-08
13391 2.806591e-05 1.203667e-08
13392 2.806569e-05 1.202580e-08
13393 2.806546e-05 1.201493e-08
13394 2.806524e-05 1.200408e-08
13395 2.806501e-05 1.199323e-08
13396 2.806479e-05 1.198240e-08
13397 2.806457e-05 1.197157e-08
13398 2.806435e-05 1.196076e-08
13399 2.806412e-05 1.194995e-08
13400 2.806390e-05 1.193915e-08
13401 2.806368e-05 1.192837e-08
13402 2.806346e-05 1.191759e-08
13403 2.806324e-05 1.190682e-08
13404 2.806301e-05 1.189607e-08
13405 2.806279e-05 1.188532e-08
13406 2.806257e-05 1.187458e-08
13407 2.806235e-05 1.186385e-08
13408 2.806213e-05 1.185314e-08
13409 2.806191e-05 1.184243e-08
13410 2.806169e-05 1.183173e-08
13411 2.806147e-05 1.182104e-08
13412 2.806125e-05 1.181036e-08
13413 2.806103e-05 1.179969e-08
13414 2.806081e-05 1.178903e-08
13415 2.806059e-05 1.177838e-08
13416 2.806037e-05 1.176774e-08
13417 2.806016e-05 1.175711e-08
13418 2.805994e-05 1.174648e-08
13419 2.805972e-05 1.173587e-08
13420 2.805950e-05 1.172527e-08
13421 2.805928e-05 1.171468e-08
13422 2.805907e-05 1.170409e-08
13423 2.805885e-05 1.169352e-08
13424 2.805863e-05 1.168295e-08
13425 2.805842e-05 1.167240e-08
13426 2.805820e-05 1.166185e-08
13427 2.805798e-05 1.165132e-08
13428 2.805777e-05 1.164079e-08
13429 2.805755e-05 1.163027e-08
13430 2.805733e-05 1.161977e-08
13431 2.805712e-05 1.160927e-08
13432 2.805690e-05 1.159878e-08
13433 2.805669e-05 1.158830e-08
13434 2.805647e-05 1.157783e-08
13435 2.805626e-05 1.156737e-08
13436 2.805604e-05 1.155692e-08
13437 2.805583e-05 1.154648e-08
13438 2.805562e-05 1.153605e-08
13439 2.805540e-05 1.152563e-08
13440 2.805519e-05 1.151521e-08
13441 2.805497e-05 1.150481e-08
13442 2.805476e-05 1.149442e-08
13443 2.805455e-05 1.148403e-08
13444 2.805434e-05 1.147366e-08
13445 2.805412e-05 1.146329e-08
13446 2.805391e-05 1.145294e-08
13447 2.805370e-05 1.144259e-08
13448 2.805349e-05 1.143225e-08
13449 2.805327e-05 1.142192e-08
13450 2.805306e-05 1.141160e-08
13451 2.805285e-05 1.140129e-08
13452 2.805264e-05 1.139099e-08
13453 2.805243e-05 1.138070e-08
13454 2.805222e-05 1.137042e-08
13455 2.805201e-05 1.136015e-08
13456 2.805180e-05 1.134988e-08
13457 2.805159e-05 1.133963e-08
13458 2.805138e-05 1.132939e-08
13459 2.805117e-05 1.131915e-08
13460 2.805096e-05 1.130892e-08
13461 2.805075e-05 1.129871e-08
13462 2.805054e-05 1.128850e-08
13463 2.805033e-05 1.127830e-08
13464 2.805012e-05 1.126811e-08
13465 2.804991e-05 1.125793e-08
13466 2.804971e-05 1.124776e-08
13467 2.804950e-05 1.123760e-08
13468 2.804929e-05 1.122745e-08
13469 2.804908e-05 1.121730e-08
13470 2.804887e-05 1.120717e-08
13471 2.804867e-05 1.119704e-08
13472 2.804846e-05 1.118693e-08
13473 2.804825e-05 1.117682e-08
13474 2.804805e-05 1.116672e-08
13475 2.804784e-05 1.115663e-08
13476 2.804763e-05 1.114655e-08
13477 2.804743e-05 1.113648e-08
13478 2.804722e-05 1.112642e-08
13479 2.804702e-05 1.111637e-08
13480 2.804681e-05 1.110633e-08
13481 2.804660e-05 1.109629e-08
13482 2.804640e-05 1.108627e-08
13483 2.804620e-05 1.107625e-08
13484 2.804599e-05 1.106625e-08
13485 2.804579e-05 1.105625e-08
13486 2.804558e-05 1.104626e-08
13487 2.804538e-05 1.103628e-08
13488 2.804517e-05 1.102631e-08
13489 2.804497e-05 1.101635e-08
13490 2.804477e-05 1.100640e-08
13491 2.804456e-05 1.099645e-08
13492 2.804436e-05 1.098652e-08
13493 2.804416e-05 1.097659e-08
13494 2.804395e-05 1.096667e-08
13495 2.804375e-05 1.095677e-08
13496 2.804355e-05 1.094687e-08
13497 2.804335e-05 1.093698e-08
13498 2.804315e-05 1.092710e-08
13499 2.804294e-05 1.091723e-08
13500 2.804274e-05 1.090736e-08
13501 2.804254e-05 1.089751e-08
13502 2.804234e-05 1.088766e-08
13503 2.804214e-05 1.087783e-08
13504 2.804194e-05 1.086800e-08
13505 2.804174e-05 1.085818e-08
13506 2.804154e-05 1.084837e-08
13507 2.804134e-05 1.083857e-08
13508 2.804114e-05 1.082878e-08
13509 2.804094e-05 1.081899e-08
13510 2.804074e-05 1.080922e-08
13511 2.804054e-05 1.079945e-08
13512 2.804034e-05 1.078970e-08
13513 2.804014e-05 1.077995e-08
13514 2.803994e-05 1.077021e-08
13515 2.803974e-05 1.076048e-08
13516 2.803955e-05 1.075076e-08
13517 2.803935e-05 1.074105e-08
13518 2.803915e-05 1.073134e-08
13519 2.803895e-05 1.072165e-08
13520 2.803875e-05 1.071196e-08
13521 2.803856e-05 1.070228e-08
13522 2.803836e-05 1.069261e-08
13523 2.803816e-05 1.068295e-08
13524 2.803797e-05 1.067330e-08
13525 2.803777e-05 1.066366e-08
13526 2.803757e-05 1.065403e-08
13527 2.803738e-05 1.064440e-08
13528 2.803718e-05 1.063478e-08
13529 2.803699e-05 1.062518e-08
13530 2.803679e-05 1.061558e-08
13531 2.803659e-05 1.060599e-08
13532 2.803640e-05 1.059640e-08
13533 2.803620e-05 1.058683e-08
13534 2.803601e-05 1.057727e-08
13535 2.803581e-05 1.056771e-08
13536 2.803562e-05 1.055816e-08
13537 2.803543e-05 1.054862e-08
13538 2.803523e-05 1.053909e-08
13539 2.803504e-05 1.052957e-08
13540 2.803484e-05 1.052006e-08
13541 2.803465e-05 1.051055e-08
13542 2.803446e-05 1.050106e-08
13543 2.803426e-05 1.049157e-08
13544 2.803407e-05 1.048209e-08
13545 2.803388e-05 1.047262e-08
13546 2.803369e-05 1.046316e-08
13547 2.803349e-05 1.045371e-08
13548 2.803330e-05 1.044426e-08
13549 2.803311e-05 1.043483e-08
13550 2.803292e-05 1.042540e-08
13551 2.803273e-05 1.041598e-08
13552 2.803253e-05 1.040657e-08
13553 2.803234e-05 1.039717e-08
13554 2.803215e-05 1.038778e-08
13555 2.803196e-05 1.037839e-08
13556 2.803177e-05 1.036902e-08
13557 2.803158e-05 1.035965e-08
13558 2.803139e-05 1.035029e-08
13559 2.803120e-05 1.034094e-08
13560 2.803101e-05 1.033160e-08
13561 2.803082e-05 1.032226e-08
13562 2.803063e-05 1.031294e-08
13563 2.803044e-05 1.030362e-08
13564 2.803025e-05 1.029431e-08
13565 2.803006e-05 1.028501e-08
13566 2.802987e-05 1.027572e-08
13567 2.802968e-05 1.026643e-08
13568 2.802950e-05 1.025716e-08
13569 2.802931e-05 1.024789e-08
13570 2.802912e-05 1.023863e-08
13571 2.802893e-05 1.022938e-08
13572 2.802874e-05 1.022014e-08
13573 2.802856e-05 1.021091e-08
13574 2.802837e-05 1.020168e-08
13575 2.802818e-05 1.019247e-08
13576 2.802799e-05 1.018326e-08
13577 2.802781e-05 1.017406e-08
13578 2.802762e-05 1.016487e-08
13579 2.802743e-05 1.015568e-08
13580 2.802725e-05 1.014651e-08
13581 2.802706e-05 1.013734e-08
13582 2.802688e-05 1.012818e-08
13583 2.802669e-05 1.011903e-08
13584 2.802650e-05 1.010989e-08
13585 2.802632e-05 1.010076e-08
13586 2.802613e-05 1.009163e-08
13587 2.802595e-05 1.008251e-08
13588 2.802576e-05 1.007341e-08
13589 2.802558e-05 1.006431e-08
13590 2.802539e-05 1.005521e-08
13591 2.802521e-05 1.004613e-08
13592 2.802503e-05 1.003705e-08
13593 2.802484e-05 1.002798e-08
13594 2.802466e-05 1.001892e-08
13595 2.802447e-05 1.000987e-08
13596 2.802429e-05 1.000083e-08
13597 2.802411e-05 9.991794e-09
