# step err_l2 res_l2
0 2.462974e-01 1.000000e+00
1 2.339665e-01 7.982911e-01
2 2.253543e-01 3.172921e-01
3 2.201980e-01 2.081351e-01
4 2.161129e-01 1.696547e-01
5 2.125576e-01 1.436636e-01
6 2.093951e-01 1.249766e-01
7 2.065282e-01 1.111887e-01
8 2.038913e-01 1.004645e-01
9 2.014411e-01 9.183657e-02
10 1.991463e-01 8.472954e-02
11 1.969837e-01 7.875974e-02
12 1.949351e-01 7.366405e-02
13 1.929862e-01 6.925629e-02
14 1.911256e-01 6.540055e-02
15 1.893437e-01 6.199512e-02
16 1.876327e-01 5.896226e-02
17 1.859860e-01 5.624147e-02
18 1.843978e-01 5.378492e-02
19 1.828632e-01 5.155428e-02
20 1.813781e-01 4.951840e-02
21 1.799388e-01 4.765173e-02
22 1.785418e-01 4.593310e-02
23 1.771844e-01 4.434478e-02
24 1.758639e-01 4.287183e-02
25 1.745781e-01 4.150156e-02
26 1.733248e-01 4.022310e-02
27 1.721022e-01 3.902709e-02
28 1.709085e-01 3.790545e-02
29 1.697422e-01 3.685113e-02
30 1.686019e-01 3.585796e-02
31 1.674862e-01 3.492052e-02
32 1.663940e-01 3.403402e-02
33 1.653241e-01 3.319424e-02
34 1.642756e-01 3.239739e-02
35 1.632474e-01 3.164010e-02
36 1.622387e-01 3.091937e-02
37 1.612487e-01 3.023248e-02
38 1.602766e-01 2.957699e-02
39 1.593217e-01 2.895069e-02
40 1.583833e-01 2.835157e-02
41 1.574608e-01 2.777782e-02
42 1.565535e-01 2.722779e-02
43 1.556611e-01 2.669996e-02
44 1.547828e-01 2.619294e-02
45 1.539183e-01 2.570548e-02
46 1.530671e-01 2.523640e-02
47 1.522286e-01 2.478464e-02
48 1.514026e-01 2.434920e-02
49 1.505886e-01 2.392918e-02
50 1.497862e-01 2.352373e-02
51 1.489951e-01 2.313206e-02
52 1.482149e-01 2.275345e-02
53 1.474454e-01 2.238723e-02
54 1.466861e-01 2.203277e-02
55 1.459369e-01 2.168949e-02
56 1.451973e-01 2.135683e-02
57 1.444673e-01 2.103429e-02
58 1.437465e-01 2.072139e-02
59 1.430346e-01 2.041768e-02
60 1.423314e-01 2.012275e-02
61 1.416368e-01 1.983620e-02
62 1.409504e-01 1.955766e-02
63 1.402721e-01 1.928679e-02
64 1.396017e-01 1.902325e-02
65 1.389389e-01 1.876674e-02
66 1.382837e-01 1.851696e-02
67 1.376358e-01 1.827366e-02
68 1.369950e-01 1.803655e-02
69 1.363612e-01 1.780540e-02
70 1.357343e-01 1.757998e-02
71 1.351140e-01 1.736006e-02
72 1.345003e-01 1.714543e-02
73 1.338929e-01 1.693591e-02
74 1.332918e-01 1.673130e-02
75 1.326968e-01 1.653141e-02
76 1.321078e-01 1.633609e-02
77 1.315246e-01 1.614517e-02
78 1.309472e-01 1.595850e-02
79 1.303754e-01 1.577593e-02
80 1.298091e-01 1.559732e-02
81 1.292483e-01 1.542253e-02
82 1.286927e-01 1.525145e-02
83 1.281423e-01 1.508394e-02
84 1.275970e-01 1.491990e-02
85 1.270567e-01 1.475921e-02
86 1.265212e-01 1.460177e-02
87 1.259906e-01 1.444747e-02
88 1.254648e-01 1.429622e-02
89 1.249435e-01 1.414793e-02
90 1.244268e-01 1.400250e-02
91 1.239146e-01 1.385986e-02
92 1.234067e-01 1.371991e-02
93 1.229032e-01 1.358259e-02
94 1.224039e-01 1.344781e-02
95 1.219087e-01 1.331550e-02
96 1.214177e-01 1.318560e-02
97 1.209306e-01 1.305803e-02
98 1.204476e-01 1.293273e-02
99 1.199684e-01 1.280965e-02
100 1.194930e-01 1.268872e-02
101 1.190214e-01 1.256988e-02
102 1.185535e-01 1.245308e-02
103 1.180892e-01 1.233827e-02
104 1.176285e-01 1.222539e-02
105 1.171714e-01 1.211440e-02
106 1.167177e-01 1.200524e-02
107 1.162674e-01 1.189788e-02
108 1.158205e-01 1.179227e-02
109 1.153769e-01 1.168836e-02
110 1.149365e-01 1.158612e-02
111 1.144994e-01 1.148550e-02
112 1.140654e-01 1.138647e-02
113 1.136345e-01 1.128898e-02
114 1.132067e-01 1.119301e-02
115 1.127819e-01 1.109852e-02
116 1.123601e-01 1.100547e-02
117 1.119412e-01 1.091384e-02
118 1.115252e-01 1.082358e-02
119 1.111121e-01 1.073468e-02
120 1.107018e-01 1.064710e-02
121 1.102942e-01 1.056081e-02
122 1.098894e-01 1.047578e-02
123 1.094873e-01 1.039199e-02
124 1.090878e-01 1.030942e-02
125 1.086910e-01 1.022803e-02
126 1.082967e-01 1.014780e-02
127 1.079050e-01 1.006871e-02
128 1.075158e-01 9.990735e-03
129 1.071290e-01 9.913854e-03
130 1.067448e-01 9.838044e-03
131 1.063629e-01 9.763284e-03
132 1.059834e-01 9.689553e-03
133 1.056063e-01 9.616831e-03
134 1.052315e-01 9.545100e-03
135 1.048590e-01 9.474339e-03
136 1.044887e-01 9.404531e-03
137 1.041207e-01 9.335658e-03
138 1.037549e-01 9.267703e-03
139 1.033912e-01 9.200647e-03
140 1.030297e-01 9.134476e-03
141 1.026704e-01 9.069172e-03
142 1.023131e-01 9.004720e-03
143 1.019579e-01 8.941105e-03
144 1.016047e-01 8.878311e-03
145 1.012536e-01 8.816325e-03
146 1.009044e-01 8.755132e-03
147 1.005573e-01 8.694718e-03
148 1.002121e-01 8.635070e-03
149 9.986877e-02 8.576174e-03
150 9.952737e-02 8.518018e-03
151 9.918787e-02 8.460588e-03
152 9.885021e-02 8.403874e-03
153 9.851440e-02 8.347862e-03
154 9.818040e-02 8.292540e-03
155 9.784820e-02 8.237898e-03
156 9.751778e-02 8.183925e-03
157 9.718910e-02 8.130608e-03
158 9.686217e-02 8.077938e-03
159 9.653695e-02 8.025903e-03
160 9.621342e-02 7.974494e-03
161 9.589158e-02 7.923700e-03
162 9.557139e-02 7.873512e-03
163 9.525285e-02 7.823920e-03
164 9.493593e-02 7.774914e-03
165 9.462062e-02 7.726485e-03
166 9.430689e-02 7.678624e-03
167 9.399474e-02 7.631322e-03
168 9.368415e-02 7.584570e-03
169 9.337509e-02 7.538360e-03
170 9.306756e-02 7.492684e-03
171 9.276154e-02 7.447532e-03
172 9.245700e-02 7.402897e-03
173 9.215395e-02 7.358772e-03
174 9.185235e-02 7.315147e-03
175 9.155221e-02 7.272016e-03
176 9.125349e-02 7.229371e-03
177 9.095620e-02 7.187205e-03
178 9.066031e-02 7.145510e-03
179 9.036581e-02 7.104279e-03
180 9.007268e-02 7.063506e-03
181 8.978092e-02 7.023183e-03
182 8.949051e-02 6.983303e-03
183 8.920143e-02 6.943861e-03
184 8.891368e-02 6.904849e-03
185 8.862724e-02 6.866262e-03
186 8.834210e-02 6.828092e-03
187 8.805825e-02 6.790334e-03
188 8.777567e-02 6.752982e-03
189 8.749436e-02 6.716029e-03
190 8.721429e-02 6.679470e-03
191 8.693547e-02 6.643299e-03
192 8.665788e-02 6.607511e-03
193 8.638150e-02 6.572099e-03
194 8.610633e-02 6.537058e-03
195 8.583236e-02 6.502383e-03
196 8.555957e-02 6.468069e-03
197 8.528796e-02 6.434110e-03
198 8.501751e-02 6.400500e-03
199 8.474822e-02 6.367236e-03
200 8.448007e-02 6.334313e-03
201 8.421305e-02 6.301724e-03
202 8.394716e-02 6.269465e-03
203 8.368239e-02 6.237532e-03
204 8.341872e-02 6.205920e-03
205 8.315615e-02 6.174625e-03
206 8.289467e-02 6.143641e-03
207 8.263427e-02 6.112964e-03
208 8.237493e-02 6.082590e-03
209 8.211666e-02 6.052515e-03
210 8.185944e-02 6.022734e-03
211 8.160327e-02 5.993243e-03
212 8.134813e-02 5.964038e-03
213 8.109402e-02 5.935116e-03
214 8.084093e-02 5.906471e-03
215 8.058885e-02 5.878100e-03
216 8.033777e-02 5.849999e-03
217 8.008769e-02 5.822165e-03
218 7.983860e-02 5.794593e-03
219 7.959049e-02 5.767280e-03
220 7.934335e-02 5.740222e-03
221 7.909718e-02 5.713415e-03
222 7.885197e-02 5.686857e-03
223 7.860771e-02 5.660543e-03
224 7.836439e-02 5.634471e-03
225 7.812201e-02 5.608636e-03
226 7.788057e-02 5.583036e-03
227 7.764004e-02 5.557667e-03
228 7.740044e-02 5.532526e-03
229 7.716175e-02 5.507609e-03
230 7.692396e-02 5.482914e-03
231 7.668706e-02 5.458438e-03
232 7.645107e-02 5.434177e-03
233 7.621595e-02 5.410129e-03
234 7.598172e-02 5.386291e-03
235 7.574836e-02 5.362659e-03
236 7.551587e-02 5.339231e-03
237 7.528424e-02 5.316003e-03
238 7.505346e-02 5.292975e-03
239 7.482354e-02 5.270141e-03
240 7.459446e-02 5.247501e-03
241 7.436622e-02 5.225050e-03
242 7.413881e-02 5.202787e-03
243 7.391224e-02 5.180710e-03
244 7.368648e-02 5.158814e-03
245 7.346154e-02 5.137099e-03
246 7.323742e-02 5.115561e-03
247 7.301410e-02 5.094198e-03
248 7.279158e-02 5.073008e-03
249 7.256986e-02 5.051988e-03
250 7.234894e-02 5.031137e-03
251 7.212880e-02 5.010451e-03
252 7.190944e-02 4.989929e-03
253 7.169086e-02 4.969568e-03
254 7.147305e-02 4.949367e-03
255 7.125601e-02 4.929322e-03
256 7.103974e-02 4.909433e-03
257 7.082422e-02 4.889696e-03
258 7.060946e-02 4.870110e-03
259 7.039545e-02 4.850673e-03
260 7.018218e-02 4.831383e-03
261 6.996966e-02 4.812238e-03
262 6.975787e-02 4.793236e-03
263 6.954682e-02 4.774375e-03
264 6.933649e-02 4.755653e-03
265 6.912689e-02 4.737068e-03
266 6.891801e-02 4.718619e-03
267 6.870985e-02 4.700304e-03
268 6.850240e-02 4.682122e-03
269 6.829566e-02 4.664069e-03
270 6.808962e-02 4.646145e-03
271 6.788429e-02 4.628348e-03
272 6.767965e-02 4.610677e-03
273 6.747570e-02 4.593129e-03
274 6.727245e-02 4.575703e-03
275 6.706988e-02 4.558398e-03
276 6.686799e-02 4.541212e-03
277 6.666678e-02 4.524144e-03
278 6.646625e-02 4.507192e-03
279 6.626639e-02 4.490354e-03
280 6.606719e-02 4.473629e-03
281 6.586866e-02 4.457016e-03
282 6.567080e-02 4.440513e-03
283 6.547359e-02 4.424119e-03
284 6.527703e-02 4.407832e-03
285 6.508113e-02 4.391652e-03
286 6.488587e-02 4.375577e-03
287 6.469126e-02 4.359605e-03
288 6.449729e-02 4.343735e-03
289 6.430396e-02 4.327966e-03
290 6.411127e-02 4.312297e-03
291 6.391921e-02 4.296727e-03
292 6.372777e-02 4.281254e-03
293 6.353697e-02 4.265877e-03
294 6.334678e-02 4.250595e-03
295 6.315722e-02 4.235407e-03
296 6.296827e-02 4.220312e-03
297 6.277994e-02 4.205309e-03
298 6.259222e-02 4.190395e-03
299 6.240511e-02 4.175572e-03
300 6.221861e-02 4.160836e-03
301 6.203270e-02 4.146188e-03
302 6.184740e-02 4.131627e-03
303 6.166270e-02 4.117150e-03
304 6.147859e-02 4.102758e-03
305 6.129507e-02 4.088449e-03
306 6.111214e-02 4.074223e-03
307 6.092980e-02 4.060077e-03
308 6.074804e-02 4.046013e-03
309 6.056687e-02 4.032028e-03
310 6.038627e-02 4.018121e-03
311 6.020625e-02 4.004292e-03
312 6.002681e-02 3.990540e-03
313 5.984793e-02 3.976865e-03
314 5.966963e-02 3.963264e-03
315 5.949189e-02 3.949737e-03
316 5.931471e-02 3.936284e-03
317 5.913810e-02 3.922904e-03
318 5.896204e-02 3.909595e-03
319 5.878655e-02 3.896358e-03
320 5.861160e-02 3.883191e-03
321 5.843721e-02 3.870093e-03
322 5.826337e-02 3.857065e-03
323 5.809008e-02 3.844104e-03
324 5.791733e-02 3.831210e-03
325 5.774513e-02 3.818384e-03
326 5.757346e-02 3.805623e-03
327 5.740234e-02 3.792927e-03
328 5.723175e-02 3.780296e-03
329 5.706169e-02 3.767728e-03
330 5.689217e-02 3.755224e-03
331 5.672318e-02 3.742782e-03
332 5.655472e-02 3.730402e-03
333 5.638678e-02 3.718084e-03
334 5.621936e-02 3.705826e-03
335 5.605247e-02 3.693628e-03
336 5.588609e-02 3.681489e-03
337 5.572023e-02 3.669409e-03
338 5.555489e-02 3.657388e-03
339 5.539006e-02 3.645424e-03
340 5.522575e-02 3.633517e-03
341 5.506194e-02 3.621666e-03
342 5.489864e-02 3.609872e-03
343 5.473584e-02 3.598133e-03
344 5.457355e-02 3.586449e-03
345 5.441176e-02 3.574819e-03
346 5.425047e-02 3.563243e-03
347 5.408968e-02 3.551720e-03
348 5.392938e-02 3.540250e-03
349 5.376958e-02 3.528833e-03
350 5.361027e-02 3.517467e-03
351 5.345144e-02 3.506153e-03
352 5.329311e-02 3.494889e-03
353 5.313527e-02 3.483676e-03
354 5.297791e-02 3.472513e-03
355 5.282103e-02 3.461399e-03
356 5.266463e-02 3.450335e-03
357 5.250871e-02 3.439319e-03
358 5.235327e-02 3.428351e-03
359 5.219831e-02 3.417431e-03
360 5.204382e-02 3.406558e-03
361 5.188980e-02 3.395732e-03
362 5.173625e-02 3.384953e-03
363 5.158318e-02 3.374220e-03
364 5.143057e-02 3.363532e-03
365 5.127842e-02 3.352890e-03
366 5.112674e-02 3.342293e-03
367 5.097552e-02 3.331740e-03
368 5.082476e-02 3.321232e-03
369 5.067446e-02 3.310767e-03
370 5.052462e-02 3.300346e-03
371 5.037523e-02 3.289968e-03
372 5.022630e-02 3.279632e-03
373 5.007782e-02 3.269339e-03
374 4.992979e-02 3.259088e-03
375 4.978221e-02 3.248879e-03
376 4.963508e-02 3.238711e-03
377 4.948840e-02 3.228584e-03
378 4.934216e-02 3.218498e-03
379 4.919636e-02 3.208453e-03
380 4.905100e-02 3.198447e-03
381 4.890609e-02 3.188481e-03
382 4.876161e-02 3.178555e-03
383 4.861757e-02 3.168668e-03
384 4.847396e-02 3.158819e-03
385 4.833079e-02 3.149010e-03
386 4.818805e-02 3.139238e-03
387 4.804575e-02 3.129505e-03
388 4.790387e-02 3.119809e-03
389 4.776242e-02 3.110151e-03
390 4.762139e-02 3.100530e-03
391 4.748080e-02 3.090946e-03
392 4.734062e-02 3.081399e-03
393 4.720087e-02 3.071888e-03
394 4.706154e-02 3.062413e-03
395 4.692263e-02 3.052974e-03
396 4.678413e-02 3.043570e-03
397 4.664605e-02 3.034202e-03
398 4.650839e-02 3.024870e-03
399 4.637114e-02 3.015572e-03
400 4.623431e-02 3.006308e-03
401 4.609788e-02 2.997079e-03
402 4.596187e-02 2.987885e-03
403 4.582626e-02 2.978724e-03
404 4.569107e-02 2.969597e-03
405 4.555627e-02 2.960503e-03
406 4.542188e-02 2.951443e-03
407 4.528790e-02 2.942416e-03
408 4.515431e-02 2.933421e-03
409 4.502113e-02 2.924460e-03
410 4.488834e-02 2.915530e-03
411 4.475596e-02 2.906633e-03
412 4.462397e-02 2.897768e-03
413 4.449237e-02 2.888935e-03
414 4.436117e-02 2.880133e-03
415 4.423036e-02 2.871363e-03
416 4.409994e-02 2.862624e-03
417 4.396992e-02 2.853916e-03
418 4.384028e-02 2.845239e-03
419 4.371103e-02 2.836593e-03
420 4.358216e-02 2.827977e-03
421 4.345368e-02 2.819391e-03
422 4.332559e-02 2.810836e-03
423 4.319787e-02 2.802310e-03
424 4.307054e-02 2.793815e-03
425 4.294359e-02 2.785348e-03
426 4.281702e-02 2.776912e-03
427 4.269082e-02 2.768504e-03
428 4.256500e-02 2.760126e-03
429 4.243956e-02 2.751776e-03
430 4.231449e-02 2.743455e-03
431 4.218979e-02 2.735163e-03
432 4.206547e-02 2.726899e-03
433 4.194152e-02 2.718664e-03
434 4.181793e-02 2.710457e-03
435 4.169471e-02 2.702277e-03
436 4.157187e-02 2.694126e-03
437 4.144938e-02 2.686002e-03
438 4.132726e-02 2.677905e-03
439 4.120551e-02 2.669836e-03
440 4.108411e-02 2.661795e-03
441 4.096308e-02 2.653780e-03
442 4.084241e-02 2.645792e-03
443 4.072210e-02 2.637831e-03
444 4.060214e-02 2.629897e-03
445 4.048255e-02 2.621989e-03
446 4.036330e-02 2.614108e-03
447 4.024442e-02 2.606252e-03
448 4.012588e-02 2.598423e-03
449 4.000770e-02 2.590620e-03
450 3.988987e-02 2.582843e-03
451 3.977239e-02 2.575091e-03
452 3.965526e-02 2.567365e-03
453 3.953847e-02 2.559665e-03
454 3.942203e-02 2.551990e-03
455 3.930594e-02 2.544340e-03
456 3.919020e-02 2.536715e-03
457 3.907479e-02 2.529115e-03
458 3.895973e-02 2.521540e-03
459 3.884501e-02 2.513990e-03
460 3.873064e-02 2.506464e-03
461 3.861660e-02 2.498963e-03
462 3.850290e-02 2.491487e-03
463 3.838953e-02 2.484034e-03
464 3.827651e-02 2.476606e-03
465 3.816381e-02 2.469201e-03
466 3.805146e-02 2.461821e-03
467 3.793943e-02 2.454465e-03
468 3.782774e-02 2.447132e-03
469 3.771638e-02 2.439823e-03
470 3.760535e-02 2.432537e-03
471 3.749464e-02 2.425274e-03
472 3.738427e-02 2.418035e-03
473 3.727422e-02 2.410820e-03
474 3.716450e-02 2.403627e-03
475 3.705510e-02 2.396457e-03
476 3.694603e-02 2.389310e-03
477 3.683728e-02 2.382186e-03
478 3.672886e-02 2.375085e-03
479 3.662075e-02 2.368006e-03
480 3.651296e-02 2.360949e-03
481 3.640550e-02 2.353915e-03
482 3.629835e-02 2.346904e-03
483 3.619152e-02 2.339914e-03
484 3.608500e-02 2.332947e-03
485 3.597880e-02 2.326001e-03
486 3.587292e-02 2.319078e-03
487 3.576734e-02 2.312176e-03
488 3.566208e-02 2.305296e-03
489 3.555713e-02 2.298438e-03
490 3.545250e-02 2.291601e-03
491 3.534817e-02 2.284786e-03
492 3.524415e-02 2.277992e-03
493 3.514044e-02 2.271220e-03
494 3.503703e-02 2.264468e-03
495 3.493393e-02 2.257738e-03
496 3.483113e-02 2.251029e-03
497 3.472864e-02 2.244341e-03
498 3.462646e-02 2.237673e-03
499 3.452457e-02 2.231026e-03
500 3.442299e-02 2.224401e-03
501 3.432170e-02 2.217795e-03
502 3.422072e-02 2.211210e-03
503 3.412003e-02 2.204646e-03
504 3.401964e-02 2.198102e-03
505 3.391955e-02 2.191578e-03
506 3.381975e-02 2.185075e-03
507 3.372025e-02 2.178592e-03
508 3.362104e-02 2.172128e-03
509 3.352213e-02 2.165685e-03
510 3.342350e-02 2.159262e-03
511 3.332517e-02 2.152858e-03
512 3.322713e-02 2.146474e-03
513 3.312938e-02 2.140110e-03
514 3.303192e-02 2.133766e-03
515 3.293475e-02 2.127441e-03
516 3.283786e-02 2.121135e-03
517 3.274126e-02 2.114849e-03
518 3.264494e-02 2.108582e-03
519 3.254891e-02 2.102335e-03
520 3.245316e-02 2.096106e-03
521 3.235769e-02 2.089897e-03
522 3.226251e-02 2.083707e-03
523 3.216761e-02 2.077536e-03
524 3.207299e-02 2.071383e-03
525 3.197864e-02 2.065250e-03
526 3.188458e-02 2.059135e-03
527 3.179079e-02 2.053038e-03
528 3.169728e-02 2.046961e-03
529 3.160405e-02 2.040902e-03
530 3.151109e-02 2.034861e-03
531 3.141840e-02 2.028839e-03
532 3.132599e-02 2.022836e-03
533 3.123385e-02 2.016850e-03
534 3.114199e-02 2.010883e-03
535 3.105039e-02 2.004934e-03
536 3.095907e-02 1.999003e-03
537 3.086801e-02 1.993090e-03
538 3.077722e-02 1.987195e-03
539 3.068670e-02 1.981317e-03
540 3.059645e-02 1.975458e-03
541 3.050646e-02 1.969617e-03
542 3.041674e-02 1.963793e-03
543 3.032729e-02 1.957987e-03
544 3.023810e-02 1.952198e-03
545 3.014917e-02 1.946427e-03
546 3.006050e-02 1.940673e-03
547 2.997209e-02 1.934937e-03
548 2.988395e-02 1.929218e-03
549 2.979607e-02 1.923517e-03
550 2.970844e-02 1.917832e-03
551 2.962107e-02 1.912165e-03
552 2.953396e-02 1.906515e-03
553 2.944711e-02 1.900882e-03
554 2.936051e-02 1.895266e-03
555 2.927417e-02 1.889667e-03
556 2.918809e-02 1.884085e-03
557 2.910225e-02 1.878520e-03
558 2.901667e-02 1.872971e-03
559 2.893135e-02 1.867439e-03
560 2.884627e-02 1.861924e-03
561 2.876145e-02 1.856425e-03
562 2.867687e-02 1.850943e-03
563 2.859255e-02 1.845477e-03
564 2.850847e-02 1.840028e-03
565 2.842464e-02 1.834595e-03
566 2.834106e-02 1.829179e-03
567 2.825772e-02 1.823779e-03
568 2.817463e-02 1.818395e-03
569 2.809179e-02 1.813027e-03
570 2.800919e-02 1.807675e-03
571 2.792683e-02 1.802339e-03
572 2.784471e-02 1.797019e-03
573 2.776284e-02 1.791716e-03
574 2.768121e-02 1.786428e-03
575 2.759982e-02 1.781156e-03
576 2.751867e-02 1.775900e-03
577 2.743776e-02 1.770659e-03
578 2.735708e-02 1.765434e-03
579 2.727665e-02 1.760225e-03
580 2.719645e-02 1.755031e-03
581 2.711648e-02 1.749853e-03
582 2.703676e-02 1.744691e-03
583 2.695727e-02 1.739544e-03
584 2.687801e-02 1.734412e-03
585 2.679898e-02 1.729295e-03
586 2.672019e-02 1.724194e-03
587 2.664163e-02 1.719108e-03
588 2.656331e-02 1.714038e-03
589 2.648521e-02 1.708982e-03
590 2.640734e-02 1.703942e-03
591 2.632971e-02 1.698916e-03
592 2.625230e-02 1.693906e-03
593 2.617512e-02 1.688910e-03
594 2.609816e-02 1.683930e-03
595 2.602144e-02 1.678964e-03
596 2.594494e-02 1.674013e-03
597 2.586866e-02 1.669077e-03
598 2.579261e-02 1.664155e-03
599 2.571678e-02 1.659248e-03
600 2.564118e-02 1.654356e-03
601 2.556580e-02 1.649478e-03
602 2.549064e-02 1.644615e-03
603 2.541571e-02 1.639767e-03
604 2.534099e-02 1.634933e-03
605 2.526649e-02 1.630113e-03
606 2.519222e-02 1.625307e-03
607 2.511816e-02 1.620516e-03
608 2.504432e-02 1.615739e-03
609 2.497070e-02 1.610976e-03
610 2.489729e-02 1.606228e-03
611 2.482410e-02 1.601493e-03
612 2.475113e-02 1.596773e-03
613 2.467837e-02 1.592067e-03
614 2.460583e-02 1.587374e-03
615 2.453350e-02 1.582696e-03
616 2.446138e-02 1.578031e-03
617 2.438947e-02 1.573381e-03
618 2.431778e-02 1.568744e-03
619 2.424630e-02 1.564121e-03
620 2.417503e-02 1.559511e-03
621 2.410396e-02 1.554916e-03
622 2.403311e-02 1.550334e-03
623 2.396247e-02 1.545765e-03
624 2.389203e-02 1.541210e-03
625 2.382180e-02 1.536669e-03
626 2.375178e-02 1.532141e-03
627 2.368197e-02 1.527627e-03
628 2.361236e-02 1.523126e-03
629 2.354295e-02 1.518638e-03
630 2.347375e-02 1.514163e-03
631 2.340475e-02 1.509702e-03
632 2.333596e-02 1.505254e-03
633 2.326737e-02 1.500820e-03
634 2.319898e-02 1.496398e-03
635 2.313079e-02 1.491990e-03
636 2.306280e-02 1.487594e-03
637 2.299502e-02 1.483212e-03
638 2.292743e-02 1.478842e-03
639 2.286004e-02 1.474486e-03
640 2.279285e-02 1.470142e-03
641 2.272586e-02 1.465812e-03
642 2.265907e-02 1.461494e-03
643 2.259247e-02 1.457189e-03
644 2.252607e-02 1.452896e-03
645 2.245986e-02 1.448617e-03
646 2.239385e-02 1.444350e-03
647 2.232803e-02 1.440095e-03
648 2.226241e-02 1.435853e-03
649 2.219698e-02 1.431624e-03
650 2.213174e-02 1.427408e-03
651 2.206670e-02 1.423203e-03
652 2.200184e-02 1.419012e-03
653 2.193718e-02 1.414832e-03
654 2.187271e-02 1.410665e-03
655 2.180843e-02 1.406511e-03
656 2.174433e-02 1.402368e-03
657 2.168043e-02 1.398238e-03
658 2.161671e-02 1.394120e-03
659 2.155318e-02 1.390014e-03
660 2.148984e-02 1.385921e-03
661 2.142668e-02 1.381839e-03
662 2.136372e-02 1.377770e-03
663 2.130093e-02 1.373712e-03
664 2.123833e-02 1.369667e-03
665 2.117592e-02 1.365633e-03
666 2.111369e-02 1.361612e-03
667 2.105164e-02 1.357602e-03
668 2.098977e-02 1.353604e-03
669 2.092809e-02 1.349618e-03
670 2.086659e-02 1.345644e-03
671 2.080527e-02 1.341682e-03
672 2.074413e-02 1.337731e-03
673 2.068317e-02 1.333792e-03
674 2.062239e-02 1.329864e-03
675 2.056178e-02 1.325949e-03
676 2.050136e-02 1.322044e-03
677 2.044112e-02 1.318152e-03
678 2.038105e-02 1.314270e-03
679 2.032116e-02 1.310401e-03
680 2.026144e-02 1.306542e-03
681 2.020190e-02 1.302695e-03
682 2.014254e-02 1.298860e-03
683 2.008335e-02 1.295035e-03
684 2.002434e-02 1.291222e-03
685 1.996549e-02 1.287421e-03
686 1.990683e-02 1.283630e-03
687 1.984833e-02 1.279851e-03
688 1.979001e-02 1.276082e-03
689 1.973186e-02 1.272325e-03
690 1.967388e-02 1.268579e-03
691 1.961607e-02 1.264845e-03
692 1.955843e-02 1.261121e-03
693 1.950096e-02 1.257408e-03
694 1.944366e-02 1.253706e-03
695 1.938653e-02 1.250015e-03
696 1.932956e-02 1.246335e-03
697 1.927277e-02 1.242665e-03
698 1.921614e-02 1.239007e-03
699 1.915968e-02 1.235359e-03
700 1.910338e-02 1.231722e-03
701 1.904725e-02 1.228096e-03
702 1.899129e-02 1.224481e-03
703 1.893549e-02 1.220876e-03
704 1.887985e-02 1.217282e-03
705 1.882438e-02 1.213698e-03
706 1.876907e-02 1.210125e-03
707 1.871392e-02 1.206563e-03
708 1.865894e-02 1.203011e-03
709 1.860412e-02 1.199469e-03
710 1.854946e-02 1.195938e-03
711 1.849496e-02 1.192418e-03
712 1.844062e-02 1.188908e-03
713 1.838644e-02 1.185408e-03
714 1.833242e-02 1.181918e-03
715 1.827856e-02 1.178439e-03
716 1.822486e-02 1.174970e-03
717 1.817131e-02 1.171511e-03
718 1.811792e-02 1.168063e-03
719 1.806470e-02 1.164624e-03
720 1.801162e-02 1.161196e-03
721 1.795871e-02 1.157778e-03
722 1.790595e-02 1.154370e-03
723 1.785334e-02 1.150972e-03
724 1.780089e-02 1.147584e-03
725 1.774859e-02 1.144205e-03
726 1.769645e-02 1.140837e-03
727 1.764446e-02 1.137479e-03
728 1.759263e-02 1.134131e-03
729 1.754094e-02 1.130793e-03
730 1.748941e-02 1.127464e-03
731 1.743803e-02 1.124145e-03
732 1.738680e-02 1.120836e-03
733 1.733573e-02 1.117537e-03
734 1.728480e-02 1.114248e-03
735 1.723402e-02 1.110968e-03
736 1.718340e-02 1.107698e-03
737 1.713292e-02 1.104437e-03
738 1.708259e-02 1.101186e-03
739 1.703240e-02 1.097945e-03
740 1.698237e-02 1.094713e-03
741 1.693248e-02 1.091491e-03
742 1.688274e-02 1.088278e-03
743 1.683315e-02 1.085075e-03
744 1.678370e-02 1.081881e-03
745 1.673440e-02 1.078697e-03
746 1.668524e-02 1.075522e-03
747 1.663623e-02 1.072356e-03
748 1.658736e-02 1.069200e-03
749 1.653864e-02 1.066053e-03
750 1.649006e-02 1.062915e-03
751 1.644162e-02 1.059787e-03
752 1.639332e-02 1.056667e-03
753 1.634517e-02 1.053557e-03
754 1.629716e-02 1.050456e-03
755 1.624929e-02 1.047364e-03
756 1.620156e-02 1.044282e-03
757 1.615397e-02 1.041208e-03
758 1.610652e-02 1.038143e-03
759 1.605921e-02 1.035088e-03
760 1.601204e-02 1.032041e-03
761 1.596501e-02 1.029004e-03
762 1.591812e-02 1.025975e-03
763 1.587136e-02 1.022955e-03
764 1.582475e-02 1.019945e-03
765 1.577827e-02 1.016943e-03
766 1.573192e-02 1.013950e-03
767 1.568572e-02 1.010965e-03
768 1.563965e-02 1.007990e-03
769 1.559371e-02 1.005023e-03
770 1.554791e-02 1.002065e-03
771 1.550225e-02 9.991158e-04
772 1.545672e-02 9.961752e-04
773 1.541132e-02 9.932432e-04
774 1.536606e-02 9.903199e-04
775 1.532093e-02 9.874053e-04
776 1.527593e-02 9.844991e-04
777 1.523107e-02 9.816016e-04
778 1.518633e-02 9.787126e-04
779 1.514173e-02 9.758321e-04
780 1.509726e-02 9.729600e-04
781 1.505292e-02 9.700965e-04
782 1.500872e-02 9.672413e-04
783 1.496464e-02 9.643946e-04
784 1.492069e-02 9.615563e-04
785 1.487687e-02 9.587263e-04
786 1.483318e-02 9.559046e-04
787 1.478962e-02 9.530913e-04
788 1.474619e-02 9.502862e-04
789 1.470288e-02 9.474894e-04
790 1.465970e-02 9.447009e-04
791 1.461665e-02 9.419205e-04
792 1.457373e-02 9.391484e-04
793 1.453093e-02 9.363844e-04
794 1.448826e-02 9.336285e-04
795 1.444571e-02 9.308808e-04
796 1.440329e-02 9.281411e-04
797 1.436100e-02 9.254095e-04
798 1.431882e-02 9.226860e-04
799 1.427678e-02 9.199704e-04
800 1.423485e-02 9.172629e-04
801 1.419305e-02 9.145633e-04
802 1.415138e-02 9.118717e-04
803 1.410982e-02 9.091880e-04
804 1.406839e-02 9.065123e-04
805 1.402708e-02 9.038443e-04
806 1.398589e-02 9.011843e-04
807 1.394482e-02 8.985321e-04
808 1.390387e-02 8.958877e-04
809 1.386305e-02 8.932510e-04
810 1.382234e-02 8.906222e-04
811 1.378176e-02 8.880010e-04
812 1.374129e-02 8.853876e-04
813 1.370094e-02 8.827819e-04
814 1.366071e-02 8.801839e-04
815 1.362060e-02 8.775935e-04
816 1.358061e-02 8.750107e-04
817 1.354073e-02 8.724356e-04
818 1.350098e-02 8.698680e-04
819 1.346134e-02 8.673080e-04
820 1.342181e-02 8.647555e-04
821 1.338241e-02 8.622105e-04
822 1.334311e-02 8.596730e-04
823 1.330394e-02 8.571430e-04
824 1.326488e-02 8.546204e-04
825 1.322593e-02 8.521053e-04
826 1.318710e-02 8.495976e-04
827 1.314838e-02 8.470972e-04
828 1.310978e-02 8.446042e-04
829 1.307129e-02 8.421186e-04
830 1.303292e-02 8.396402e-04
831 1.299465e-02 8.371692e-04
832 1.295650e-02 8.347054e-04
833 1.291847e-02 8.322489e-04
834 1.288054e-02 8.297997e-04
835 1.284273e-02 8.273576e-04
836 1.280502e-02 8.249227e-04
837 1.276743e-02 8.224950e-04
838 1.272995e-02 8.200744e-04
839 1.269258e-02 8.176610e-04
840 1.265532e-02 8.152547e-04
841 1.261817e-02 8.128554e-04
842 1.258112e-02 8.104632e-04
843 1.254419e-02 8.080781e-04
844 1.250737e-02 8.056999e-04
845 1.247065e-02 8.033288e-04
846 1.243404e-02 8.009647e-04
847 1.239754e-02 7.986075e-04
848 1.236115e-02 7.962572e-04
849 1.232486e-02 7.939139e-04
850 1.228868e-02 7.915774e-04
851 1.225261e-02 7.892479e-04
852 1.221664e-02 7.869252e-04
853 1.218078e-02 7.846093e-04
854 1.214503e-02 7.823003e-04
855 1.210938e-02 7.799980e-04
856 1.207383e-02 7.777025e-04
857 1.203839e-02 7.754138e-04
858 1.200306e-02 7.731318e-04
859 1.196783e-02 7.708566e-04
860 1.193270e-02 7.685880e-04
861 1.189767e-02 7.663261e-04
862 1.186275e-02 7.640709e-04
863 1.182793e-02 7.618223e-04
864 1.179322e-02 7.595803e-04
865 1.175860e-02 7.573449e-04
866 1.172409e-02 7.551162e-04
867 1.168968e-02 7.528939e-04
868 1.165537e-02 7.506782e-04
869 1.162116e-02 7.484690e-04
870 1.158705e-02 7.462664e-04
871 1.155305e-02 7.440702e-04
872 1.151914e-02 7.418805e-04
873 1.148533e-02 7.396972e-04
874 1.145162e-02 7.375203e-04
875 1.141801e-02 7.353499e-04
876 1.138450e-02 7.331858e-04
877 1.135109e-02 7.310281e-04
878 1.131778e-02 7.288768e-04
879 1.128457e-02 7.267318e-04
880 1.125145e-02 7.245931e-04
881 1.121843e-02 7.224607e-04
882 1.118551e-02 7.203346e-04
883 1.115268e-02 7.182147e-04
884 1.111995e-02 7.161011e-04
885 1.108732e-02 7.139937e-04
886 1.105478e-02 7.118925e-04
887 1.102234e-02 7.097975e-04
888 1.099000e-02 7.077086e-04
889 1.095775e-02 7.056259e-04
890 1.092559e-02 7.035493e-04
891 1.089353e-02 7.014789e-04
892 1.086156e-02 6.994145e-04
893 1.082969e-02 6.973562e-04
894 1.079791e-02 6.953040e-04
895 1.076623e-02 6.932578e-04
896 1.073464e-02 6.912176e-04
897 1.070314e-02 6.891834e-04
898 1.067173e-02 6.871553e-04
899 1.064042e-02 6.851331e-04
900 1.060920e-02 6.831168e-04
901 1.057807e-02 6.811065e-04
902 1.054703e-02 6.791021e-04
903 1.051608e-02 6.771036e-04
904 1.048523e-02 6.751109e-04
905 1.045446e-02 6.731242e-04
906 1.042379e-02 6.711432e-04
907 1.039321e-02 6.691682e-04
908 1.036271e-02 6.671989e-04
909 1.033231e-02 6.652354e-04
910 1.030199e-02 6.632777e-04
911 1.027177e-02 6.613258e-04
912 1.024163e-02 6.593796e-04
913 1.021158e-02 6.574391e-04
914 1.018163e-02 6.555044e-04
915 1.015175e-02 6.535753e-04
916 1.012197e-02 6.516519e-04
917 1.009228e-02 6.497342e-04
918 1.006267e-02 6.478221e-04
919 1.003315e-02 6.459157e-04
920 1.000371e-02 6.440148e-04
921 9.974365e-03 6.421196e-04
922 9.945104e-03 6.402299e-04
923 9.915930e-03 6.383458e-04
924 9.886841e-03 6.364673e-04
925 9.857837e-03 6.345942e-04
926 9.828919e-03 6.327267e-04
927 9.800086e-03 6.308647e-04
928 9.771338e-03 6.290081e-04
929 9.742675e-03 6.271571e-04
930 9.714096e-03 6.253114e-04
931 9.685601e-03 6.234712e-04
932 9.657190e-03 6.216364e-04
933 9.628862e-03 6.198071e-04
934 9.600618e-03 6.179831e-04
935 9.572457e-03 6.161644e-04
936 9.544379e-03 6.143511e-04
937 9.516384e-03 6.125432e-04
938 9.488470e-03 6.107406e-04
939 9.460640e-03 6.089433e-04
940 9.432891e-03 6.071512e-04
941 9.405223e-03 6.053645e-04
942 9.377637e-03 6.035830e-04
943 9.350133e-03 6.018067e-04
944 9.322709e-03 6.000357e-04
945 9.295366e-03 5.982699e-04
946 9.268103e-03 5.965093e-04
947 9.240921e-03 5.947538e-04
948 9.213819e-03 5.930036e-04
949 9.186796e-03 5.912585e-04
950 9.159853e-03 5.895185e-04
951 9.132990e-03 5.877836e-04
952 9.106205e-03 5.860539e-04
953 9.079499e-03 5.843292e-04
954 9.052872e-03 5.826096e-04
955 9.026323e-03 5.808951e-04
956 8.999853e-03 5.791856e-04
957 8.973460e-03 5.774811e-04
958 8.947145e-03 5.757817e-04
959 8.920907e-03 5.740873e-04
960 8.894747e-03 5.723978e-04
961 8.868663e-03 5.707133e-04
962 8.842657e-03 5.690338e-04
963 8.816727e-03 5.673592e-04
964 8.790873e-03 5.656896e-04
965 8.765095e-03 5.640249e-04
966 8.739393e-03 5.623650e-04
967 8.713767e-03 5.607101e-04
968 8.688217e-03 5.590600e-04
969 8.662741e-03 5.574148e-04
970 8.637340e-03 5.557744e-04
971 8.612015e-03 5.541388e-04
972 8.586763e-03 5.525081e-04
973 8.561587e-03 5.508822e-04
974 8.536484e-03 5.492610e-04
975 8.511455e-03 5.476446e-04
976 8.486500e-03 5.460330e-04
977 8.461618e-03 5.444261e-04
978 8.436809e-03 5.428239e-04
979 8.412074e-03 5.412265e-04
980 8.387411e-03 5.396338e-04
981 8.362821e-03 5.380457e-04
982 8.338303e-03 5.364623e-04
983 8.313857e-03 5.348836e-04
984 8.289484e-03 5.333095e-04
985 8.265182e-03 5.317401e-04
986 8.240951e-03 5.301753e-04
987 8.216792e-03 5.286150e-04
988 8.192704e-03 5.270594e-04
989 8.168687e-03 5.255084e-04
990 8.144741e-03 5.239619e-04
991 8.120865e-03 5.224199e-04
992 8.097059e-03 5.208825e-04
993 8.073324e-03 5.193497e-04
994 8.049658e-03 5.178213e-04
995 8.026062e-03 5.162975e-04
996 8.002536e-03 5.147781e-04
997 7.979078e-03 5.132632e-04
998 7.955690e-03 5.117527e-04
999 7.932371e-03 5.102467e-04
1000 7.909120e-03 5.087451e-04
1001 7.885937e-03 5.072480e-04
1002 7.862823e-03 5.057553e-04
1003 7.839777e-03 5.042669e-04
1004 7.816799e-03 5.027829e-04
1005 7.793888e-03 5.013033e-04
1006 7.771045e-03 4.998281e-04
1007 7.748269e-03 4.983572e-04
1008 7.725560e-03 4.968906e-04
1009 7.702918e-03 4.954283e-04
1010 7.680343e-03 4.939703e-04
1011 7.657834e-03 4.925167e-04
1012 7.635391e-03 4.910673e-04
1013 7.613014e-03 4.896222e-04
1014 7.590704e-03 4.881813e-04
1015 7.568459e-03 4.867446e-04
1016 7.546279e-03 4.853122e-04
1017 7.524164e-03 4.838840e-04
1018 7.502115e-03 4.824601e-04
1019 7.480131e-03 4.810403e-04
1020 7.458211e-03 4.796246e-04
1021 7.436356e-03 4.782132e-04
1022 7.414565e-03 4.768059e-04
1023 7.392839e-03 4.754027e-04
1024 7.371176e-03 4.740037e-04
1025 7.349577e-03 4.726088e-04
1026 7.328041e-03 4.712180e-04
1027 7.306569e-03 4.698313e-04
1028 7.285161e-03 4.684486e-04
1029 7.263815e-03 4.670701e-04
1030 7.242532e-03 4.656956e-04
1031 7.221312e-03 4.643251e-04
1032 7.200154e-03 4.629587e-04
1033 7.179058e-03 4.615963e-04
1034 7.158025e-03 4.602379e-04
1035 7.137053e-03 4.588835e-04
1036 7.116143e-03 4.575330e-04
1037 7.095295e-03 4.561866e-04
1038 7.074508e-03 4.548441e-04
1039 7.053782e-03 4.535056e-04
1040 7.033118e-03 4.521710e-04
1041 7.012514e-03 4.508403e-04
1042 6.991971e-03 4.495136e-04
1043 6.971488e-03 4.481908e-04
1044 6.951065e-03 4.468718e-04
1045 6.930703e-03 4.455567e-04
1046 6.910401e-03 4.442455e-04
1047 6.890158e-03 4.429382e-04
1048 6.869975e-03 4.416347e-04
1049 6.849851e-03 4.403351e-04
1050 6.829787e-03 4.390392e-04
1051 6.809781e-03 4.377472e-04
1052 6.789835e-03 4.364590e-04
1053 6.769947e-03 4.351746e-04
1054 6.750118e-03 4.338939e-04
1055 6.730347e-03 4.326171e-04
1056 6.710634e-03 4.313439e-04
1057 6.690980e-03 4.300746e-04
1058 6.671383e-03 4.288089e-04
1059 6.651844e-03 4.275470e-04
1060 6.632362e-03 4.262888e-04
1061 6.612938e-03 4.250343e-04
1062 6.593571e-03 4.237835e-04
1063 6.574261e-03 4.225364e-04
1064 6.555008e-03 4.212930e-04
1065 6.535811e-03 4.200532e-04
1066 6.516671e-03 4.188170e-04
1067 6.497587e-03 4.175845e-04
1068 6.478560e-03 4.163556e-04
1069 6.459588e-03 4.151304e-04
1070 6.440673e-03 4.139087e-04
1071 6.421813e-03 4.126907e-04
1072 6.403008e-03 4.114762e-04
1073 6.384259e-03 4.102653e-04
1074 6.365565e-03 4.090579e-04
1075 6.346926e-03 4.078542e-04
1076 6.328342e-03 4.066539e-04
1077 6.309813e-03 4.054572e-04
1078 6.291338e-03 4.042640e-04
1079 6.272918e-03 4.030743e-04
1080 6.254552e-03 4.018882e-04
1081 6.236240e-03 4.007055e-04
1082 6.217982e-03 3.995263e-04
1083 6.199777e-03 3.983505e-04
1084 6.181626e-03 3.971783e-04
1085 6.163529e-03 3.960094e-04
1086 6.145485e-03 3.948440e-04
1087 6.127494e-03 3.936821e-04
1088 6.109556e-03 3.925235e-04
1089 6.091670e-03 3.913684e-04
1090 6.073838e-03 3.902167e-04
1091 6.056058e-03 3.890683e-04
1092 6.038330e-03 3.879234e-04
1093 6.020654e-03 3.867818e-04
1094 6.003031e-03 3.856436e-04
1095 5.985459e-03 3.845087e-04
1096 5.967939e-03 3.833771e-04
1097 5.950471e-03 3.822489e-04
1098 5.933054e-03 3.811240e-04
1099 5.915688e-03 3.800025e-04
1100 5.898374e-03 3.788842e-04
1101 5.881110e-03 3.777692e-04
1102 5.863897e-03 3.766575e-04
1103 5.846735e-03 3.755490e-04
1104 5.829623e-03 3.744439e-04
1105 5.812562e-03 3.733419e-04
1106 5.795551e-03 3.722433e-04
1107 5.778590e-03 3.711478e-04
1108 5.761679e-03 3.700556e-04
1109 5.744818e-03 3.689666e-04
1110 5.728007e-03 3.678808e-04
1111 5.711245e-03 3.667982e-04
1112 5.694532e-03 3.657188e-04
1113 5.677868e-03 3.646425e-04
1114 5.661254e-03 3.635694e-04
1115 5.644688e-03 3.624995e-04
1116 5.628172e-03 3.614327e-04
1117 5.611703e-03 3.603691e-04
1118 5.595284e-03 3.593086e-04
1119 5.578912e-03 3.582512e-04
1120 5.562589e-03 3.571969e-04
1121 5.546314e-03 3.561458e-04
1122 5.530087e-03 3.550977e-04
1123 5.513908e-03 3.540527e-04
1124 5.497776e-03 3.530108e-04
1125 5.481692e-03 3.519719e-04
1126 5.465655e-03 3.509362e-04
1127 5.449665e-03 3.499034e-04
1128 5.433722e-03 3.488737e-04
1129 5.417827e-03 3.478470e-04
1130 5.401978e-03 3.468234e-04
1131 5.386175e-03 3.458027e-04
1132 5.370420e-03 3.447851e-04
1133 5.354710e-03 3.437705e-04
1134 5.339047e-03 3.427588e-04
1135 5.323430e-03 3.417501e-04
1136 5.307859e-03 3.407444e-04
1137 5.292334e-03 3.397417e-04
1138 5.276855e-03 3.387419e-04
1139 5.261421e-03 3.377450e-04
1140 5.246032e-03 3.367511e-04
1141 5.230689e-03 3.357601e-04
1142 5.215391e-03 3.347720e-04
1143 5.200138e-03 3.337868e-04
1144 5.184930e-03 3.328046e-04
1145 5.169767e-03 3.318252e-04
1146 5.154648e-03 3.308487e-04
1147 5.139574e-03 3.298750e-04
1148 5.124544e-03 3.289043e-04
1149 5.109559e-03 3.279364e-04
1150 5.094618e-03 3.269713e-04
1151 5.079720e-03 3.260091e-04
1152 5.064867e-03 3.250497e-04
1153 5.050057e-03 3.240931e-04
1154 5.035291e-03 3.231394e-04
1155 5.020568e-03 3.221884e-04
1156 5.005889e-03 3.212403e-04
1157 4.991253e-03 3.202949e-04
1158 4.976660e-03 3.193524e-04
1159 4.962109e-03 3.184126e-04
1160 4.947602e-03 3.174755e-04
1161 4.933138e-03 3.165413e-04
1162 4.918716e-03 3.156097e-04
1163 4.904336e-03 3.146810e-04
1164 4.889999e-03 3.137549e-04
1165 4.875704e-03 3.128316e-04
1166 4.861451e-03 3.119110e-04
1167 4.847240e-03 3.109931e-04
1168 4.833071e-03 3.100779e-04
1169 4.818944e-03 3.091654e-04
1170 4.804858e-03 3.082556e-04
1171 4.790814e-03 3.073484e-04
1172 4.776811e-03 3.064439e-04
1173 4.762850e-03 3.055421e-04
1174 4.748929e-03 3.046430e-04
1175 4.735049e-03 3.037465e-04
1176 4.721211e-03 3.028526e-04
1177 4.707413e-03 3.019614e-04
1178 4.693655e-03 3.010727e-04
1179 4.679939e-03 3.001867e-04
1180 4.666262e-03 2.993033e-04
1181 4.652626e-03 2.984225e-04
1182 4.639030e-03 2.975443e-04
1183 4.625474e-03 2.966687e-04
1184 4.611958e-03 2.957957e-04
1185 4.598481e-03 2.949252e-04
1186 4.585045e-03 2.940573e-04
1187 4.571648e-03 2.931919e-04
1188 4.558290e-03 2.923291e-04
1189 4.544972e-03 2.914688e-04
1190 4.531693e-03 2.906111e-04
1191 4.518453e-03 2.897559e-04
1192 4.505252e-03 2.889032e-04
1193 4.492090e-03 2.880530e-04
1194 4.478966e-03 2.872053e-04
1195 4.465882e-03 2.863601e-04
1196 4.452836e-03 2.855174e-04
1197 4.439828e-03 2.846772e-04
1198 4.426858e-03 2.838394e-04
1199 4.413927e-03 2.830041e-04
1200 4.401034e-03 2.821713e-04
1201 4.388179e-03 2.813409e-04
1202 4.375361e-03 2.805130e-04
1203 4.362582e-03 2.796875e-04
1204 4.349840e-03 2.788644e-04
1205 4.337135e-03 2.780438e-04
1206 4.324468e-03 2.772255e-04
1207 4.311838e-03 2.764097e-04
1208 4.299246e-03 2.755963e-04
1209 4.286690e-03 2.747852e-04
1210 4.274172e-03 2.739766e-04
1211 4.261690e-03 2.731703e-04
1212 4.249245e-03 2.723664e-04
1213 4.236837e-03 2.715649e-04
1214 4.224465e-03 2.707658e-04
1215 4.212130e-03 2.699689e-04
1216 4.199831e-03 2.691745e-04
1217 4.187568e-03 2.683823e-04
1218 4.175341e-03 2.675925e-04
1219 4.163151e-03 2.668051e-04
1220 4.150996e-03 2.660199e-04
1221 4.138877e-03 2.652370e-04
1222 4.126794e-03 2.644565e-04
1223 4.114746e-03 2.636783e-04
1224 4.102734e-03 2.629023e-04
1225 4.090757e-03 2.621286e-04
1226 4.078816e-03 2.613572e-04
1227 4.066909e-03 2.605881e-04
1228 4.055038e-03 2.598212e-04
1229 4.043202e-03 2.590566e-04
1230 4.031400e-03 2.582943e-04
1231 4.019633e-03 2.575341e-04
1232 4.007901e-03 2.567763e-04
1233 3.996204e-03 2.560206e-04
1234 3.984540e-03 2.552672e-04
1235 3.972912e-03 2.545160e-04
1236 3.961317e-03 2.537670e-04
1237 3.949757e-03 2.530202e-04
1238 3.938231e-03 2.522756e-04
1239 3.926738e-03 2.515332e-04
1240 3.915280e-03 2.507930e-04
1241 3.903855e-03 2.500550e-04
1242 3.892464e-03 2.493191e-04
1243 3.881106e-03 2.485854e-04
1244 3.869782e-03 2.478538e-04
1245 3.858491e-03 2.471245e-04
1246 3.847234e-03 2.463972e-04
1247 3.836009e-03 2.456721e-04
1248 3.824818e-03 2.449491e-04
1249 3.813659e-03 2.442283e-04
1250 3.802534e-03 2.435096e-04
1251 3.791441e-03 2.427930e-04
1252 3.780381e-03 2.420785e-04
1253 3.769354e-03 2.413661e-04
1254 3.758359e-03 2.406558e-04
1255 3.747396e-03 2.399476e-04
1256 3.736466e-03 2.392414e-04
1257 3.725567e-03 2.385374e-04
1258 3.714701e-03 2.378354e-04
1259 3.703867e-03 2.371355e-04
1260 3.693065e-03 2.364377e-04
1261 3.682295e-03 2.357419e-04
1262 3.671556e-03 2.350481e-04
1263 3.660849e-03 2.343564e-04
1264 3.650174e-03 2.336668e-04
1265 3.639530e-03 2.329791e-04
1266 3.628917e-03 2.322935e-04
1267 3.618336e-03 2.316099e-04
1268 3.607785e-03 2.309283e-04
1269 3.597266e-03 2.302487e-04
1270 3.586778e-03 2.295712e-04
1271 3.576321e-03 2.288956e-04
1272 3.565894e-03 2.282220e-04
1273 3.555499e-03 2.275504e-04
1274 3.545133e-03 2.268807e-04
1275 3.534799e-03 2.262130e-04
1276 3.524495e-03 2.255473e-04
1277 3.514221e-03 2.248836e-04
1278 3.503977e-03 2.242218e-04
1279 3.493764e-03 2.235620e-04
1280 3.483581e-03 2.229041e-04
1281 3.473427e-03 2.222481e-04
1282 3.463304e-03 2.215940e-04
1283 3.453210e-03 2.209419e-04
1284 3.443146e-03 2.202917e-04
1285 3.433112e-03 2.196435e-04
1286 3.423108e-03 2.189971e-04
1287 3.413132e-03 2.183526e-04
1288 3.403187e-03 2.177101e-04
1289 3.393270e-03 2.170694e-04
1290 3.383383e-03 2.164306e-04
1291 3.373525e-03 2.157937e-04
1292 3.363695e-03 2.151586e-04
1293 3.353895e-03 2.145254e-04
1294 3.344124e-03 2.138941e-04
1295 3.334381e-03 2.132647e-04
1296 3.324668e-03 2.126371e-04
1297 3.314982e-03 2.120113e-04
1298 3.305326e-03 2.113874e-04
1299 3.295698e-03 2.107653e-04
1300 3.286098e-03 2.101451e-04
1301 3.276526e-03 2.095267e-04
1302 3.266983e-03 2.089101e-04
1303 3.257467e-03 2.082953e-04
1304 3.247980e-03 2.076823e-04
1305 3.238521e-03 2.070711e-04
1306 3.229090e-03 2.064618e-04
1307 3.219686e-03 2.058542e-04
1308 3.210310e-03 2.052484e-04
1309 3.200962e-03 2.046444e-04
1310 3.191641e-03 2.040421e-04
1311 3.182348e-03 2.034417e-04
1312 3.173082e-03 2.028430e-04
1313 3.163843e-03 2.022461e-04
1314 3.154632e-03 2.016509e-04
1315 3.145447e-03 2.010575e-04
1316 3.136290e-03 2.004658e-04
1317 3.127160e-03 1.998759e-04
1318 3.118057e-03 1.992877e-04
1319 3.108980e-03 1.987012e-04
1320 3.099930e-03 1.981164e-04
1321 3.090907e-03 1.975334e-04
1322 3.081911e-03 1.969521e-04
1323 3.072941e-03 1.963725e-04
1324 3.063997e-03 1.957946e-04
1325 3.055080e-03 1.952184e-04
1326 3.046189e-03 1.946440e-04
1327 3.037324e-03 1.940712e-04
1328 3.028485e-03 1.935000e-04
1329 3.019673e-03 1.929306e-04
1330 3.010886e-03 1.923628e-04
1331 3.002125e-03 1.917967e-04
1332 2.993391e-03 1.912323e-04
1333 2.984681e-03 1.906696e-04
1334 2.975998e-03 1.901085e-04
1335 2.967340e-03 1.895490e-04
1336 2.958707e-03 1.889912e-04
1337 2.950100e-03 1.884350e-04
1338 2.941519e-03 1.878805e-04
1339 2.932962e-03 1.873276e-04
1340 2.924431e-03 1.867763e-04
1341 2.915925e-03 1.862267e-04
1342 2.907444e-03 1.856786e-04
1343 2.898988e-03 1.851322e-04
1344 2.890557e-03 1.845874e-04
1345 2.882151e-03 1.840442e-04
1346 2.873770e-03 1.835026e-04
1347 2.865413e-03 1.829626e-04
1348 2.857081e-03 1.824241e-04
1349 2.848773e-03 1.818873e-04
1350 2.840490e-03 1.813520e-04
1351 2.832232e-03 1.808184e-04
1352 2.823997e-03 1.802862e-04
1353 2.815787e-03 1.797557e-04
1354 2.807602e-03 1.792267e-04
1355 2.799440e-03 1.786993e-04
1356 2.791302e-03 1.781734e-04
1357 2.783189e-03 1.776491e-04
1358 2.775099e-03 1.771263e-04
1359 2.767033e-03 1.766050e-04
1360 2.758991e-03 1.760853e-04
1361 2.750972e-03 1.755671e-04
1362 2.742977e-03 1.750504e-04
1363 2.735006e-03 1.745353e-04
1364 2.727058e-03 1.740217e-04
1365 2.719134e-03 1.735096e-04
1366 2.711233e-03 1.729990e-04
1367 2.703355e-03 1.724899e-04
1368 2.695501e-03 1.719822e-04
1369 2.687670e-03 1.714761e-04
1370 2.679861e-03 1.709715e-04
1371 2.672076e-03 1.704684e-04
1372 2.664314e-03 1.699667e-04
1373 2.656574e-03 1.694665e-04
1374 2.648858e-03 1.689678e-04
1375 2.641164e-03 1.684706e-04
1376 2.633493e-03 1.679748e-04
1377 2.625844e-03 1.674805e-04
1378 2.618218e-03 1.669876e-04
1379 2.610615e-03 1.664962e-04
1380 2.603034e-03 1.660062e-04
1381 2.595475e-03 1.655177e-04
1382 2.587938e-03 1.650306e-04
1383 2.580424e-03 1.645450e-04
1384 2.572932e-03 1.640607e-04
1385 2.565462e-03 1.635779e-04
1386 2.558014e-03 1.630965e-04
1387 2.550588e-03 1.626166e-04
1388 2.543184e-03 1.621380e-04
1389 2.535801e-03 1.616609e-04
1390 2.528441e-03 1.611851e-04
1391 2.521102e-03 1.607108e-04
1392 2.513785e-03 1.602379e-04
1393 2.506489e-03 1.597663e-04
1394 2.499215e-03 1.592961e-04
1395 2.491962e-03 1.588274e-04
1396 2.484731e-03 1.583600e-04
1397 2.477521e-03 1.578939e-04
1398 2.470332e-03 1.574293e-04
1399 2.463164e-03 1.569660e-04
1400 2.456018e-03 1.565041e-04
1401 2.448893e-03 1.560435e-04
1402 2.441788e-03 1.555843e-04
1403 2.434705e-03 1.551265e-04
1404 2.427642e-03 1.546699e-04
1405 2.420601e-03 1.542148e-04
1406 2.413580e-03 1.537609e-04
1407 2.406579e-03 1.533085e-04
1408 2.399600e-03 1.528573e-04
1409 2.392641e-03 1.524075e-04
1410 2.385702e-03 1.519590e-04
1411 2.378784e-03 1.515118e-04
1412 2.371887e-03 1.510659e-04
1413 2.365009e-03 1.506213e-04
1414 2.358152e-03 1.501781e-04
1415 2.351315e-03 1.497361e-04
1416 2.344499e-03 1.492955e-04
1417 2.337702e-03 1.488561e-04
1418 2.330926e-03 1.484181e-04
1419 2.324169e-03 1.479813e-04
1420 2.317433e-03 1.475458e-04
1421 2.310716e-03 1.471116e-04
1422 2.304019e-03 1.466787e-04
1423 2.297342e-03 1.462471e-04
1424 2.290684e-03 1.458167e-04
1425 2.284047e-03 1.453876e-04
1426 2.277428e-03 1.449597e-04
1427 2.270830e-03 1.445331e-04
1428 2.264250e-03 1.441078e-04
1429 2.257690e-03 1.436837e-04
1430 2.251150e-03 1.432609e-04
1431 2.244629e-03 1.428393e-04
1432 2.238127e-03 1.424189e-04
1433 2.231644e-03 1.419998e-04
1434 2.225180e-03 1.415819e-04
1435 2.218735e-03 1.411653e-04
1436 2.212310e-03 1.407499e-04
1437 2.205903e-03 1.403357e-04
1438 2.199515e-03 1.399227e-04
1439 2.193146e-03 1.395109e-04
1440 2.186796e-03 1.391004e-04
1441 2.180465e-03 1.386910e-04
1442 2.174152e-03 1.382829e-04
1443 2.167858e-03 1.378759e-04
1444 2.161582e-03 1.374702e-04
1445 2.155325e-03 1.370656e-04
1446 2.149087e-03 1.366623e-04
1447 2.142867e-03 1.362601e-04
1448 2.136665e-03 1.358591e-04
1449 2.130481e-03 1.354593e-04
1450 2.124316e-03 1.350607e-04
1451 2.118169e-03 1.346632e-04
1452 2.112040e-03 1.342669e-04
1453 2.105929e-03 1.338718e-04
1454 2.099836e-03 1.334778e-04
1455 2.093761e-03 1.330850e-04
1456 2.087704e-03 1.326934e-04
1457 2.081665e-03 1.323029e-04
1458 2.075644e-03 1.319135e-04
1459 2.069640e-03 1.315253e-04
1460 2.063655e-03 1.311383e-04
1461 2.057686e-03 1.307524e-04
1462 2.051736e-03 1.303676e-04
1463 2.045803e-03 1.299839e-04
1464 2.039887e-03 1.296014e-04
1465 2.033989e-03 1.292200e-04
1466 2.028109e-03 1.288398e-04
1467 2.022246e-03 1.284606e-04
1468 2.016400e-03 1.280826e-04
1469 2.010571e-03 1.277056e-04
1470 2.004760e-03 1.273298e-04
1471 1.998965e-03 1.269551e-04
1472 1.993188e-03 1.265815e-04
1473 1.987428e-03 1.262090e-04
1474 1.981685e-03 1.258376e-04
1475 1.975958e-03 1.254673e-04
1476 1.970249e-03 1.250981e-04
1477 1.964556e-03 1.247299e-04
1478 1.958881e-03 1.243629e-04
1479 1.953222e-03 1.239969e-04
1480 1.947580e-03 1.236320e-04
1481 1.941954e-03 1.232681e-04
1482 1.936345e-03 1.229054e-04
1483 1.930753e-03 1.225437e-04
1484 1.925177e-03 1.221831e-04
1485 1.919617e-03 1.218235e-04
1486 1.914074e-03 1.214650e-04
1487 1.908548e-03 1.211076e-04
1488 1.903037e-03 1.207512e-04
1489 1.897543e-03 1.203958e-04
1490 1.892065e-03 1.200415e-04
1491 1.886603e-03 1.196882e-04
1492 1.881158e-03 1.193360e-04
1493 1.875728e-03 1.189848e-04
1494 1.870315e-03 1.186347e-04
1495 1.864917e-03 1.182856e-04
1496 1.859536e-03 1.179375e-04
1497 1.854170e-03 1.175904e-04
1498 1.848820e-03 1.172444e-04
1499 1.843486e-03 1.168993e-04
1500 1.838168e-03 1.165553e-04
1501 1.832865e-03 1.162123e-04
1502 1.827578e-03 1.158703e-04
1503 1.822307e-03 1.155293e-04
1504 1.817051e-03 1.151894e-04
1505 1.811811e-03 1.148504e-04
1506 1.806586e-03 1.145124e-04
1507 1.801377e-03 1.141754e-04
1508 1.796183e-03 1.138394e-04
1509 1.791004e-03 1.135044e-04
1510 1.785841e-03 1.131704e-04
1511 1.780693e-03 1.128373e-04
1512 1.775560e-03 1.125053e-04
1513 1.770442e-03 1.121742e-04
1514 1.765340e-03 1.118441e-04
1515 1.760252e-03 1.115149e-04
1516 1.755180e-03 1.111868e-04
1517 1.750122e-03 1.108596e-04
1518 1.745080e-03 1.105333e-04
1519 1.740052e-03 1.102080e-04
1520 1.735039e-03 1.098837e-04
1521 1.730041e-03 1.095604e-04
1522 1.725058e-03 1.092379e-04
1523 1.720089e-03 1.089165e-04
1524 1.715136e-03 1.085959e-04
1525 1.710196e-03 1.082764e-04
1526 1.705272e-03 1.079577e-04
1527 1.700362e-03 1.076400e-04
1528 1.695466e-03 1.073233e-04
1529 1.690585e-03 1.070074e-04
1530 1.685718e-03 1.066925e-04
1531 1.680866e-03 1.063786e-04
1532 1.676028e-03 1.060655e-04
1533 1.671204e-03 1.057534e-04
1534 1.666395e-03 1.054422e-04
1535 1.661599e-03 1.051319e-04
1536 1.656818e-03 1.048225e-04
1537 1.652051e-03 1.045140e-04
1538 1.647299e-03 1.042064e-04
1539 1.642560e-03 1.038998e-04
1540 1.637835e-03 1.035940e-04
1541 1.633124e-03 1.032892e-04
1542 1.628427e-03 1.029852e-04
1543 1.623744e-03 1.026821e-04
1544 1.619075e-03 1.023799e-04
1545 1.614420e-03 1.020787e-04
1546 1.609778e-03 1.017783e-04
1547 1.605150e-03 1.014787e-04
1548 1.600536e-03 1.011801e-04
1549 1.595935e-03 1.008824e-04
1550 1.591348e-03 1.005855e-04
1551 1.586775e-03 1.002895e-04
1552 1.582215e-03 9.999434e-05
1553 1.577668e-03 9.970008e-05
1554 1.573135e-03 9.940668e-05
1555 1.568616e-03 9.911414e-05
1556 1.564109e-03 9.882246e-05
1557 1.559617e-03 9.853165e-05
1558 1.555137e-03 9.824169e-05
1559 1.550671e-03 9.795258e-05
1560 1.546217e-03 9.766432e-05
1561 1.541777e-03 9.737691e-05
1562 1.537350e-03 9.709035e-05
1563 1.532937e-03 9.680463e-05
1564 1.528536e-03 9.651975e-05
1565 1.524148e-03 9.623571e-05
1566 1.519773e-03 9.595251e-05
1567 1.515411e-03 9.567013e-05
1568 1.511063e-03 9.538859e-05
1569 1.506726e-03 9.510788e-05
1570 1.502403e-03 9.482800e-05
1571 1.498093e-03 9.454894e-05
1572 1.493795e-03 9.427069e-05
1573 1.489510e-03 9.399327e-05
1574 1.485238e-03 9.371667e-05
1575 1.480978e-03 9.344088e-05
1576 1.476731e-03 9.316590e-05
1577 1.472496e-03 9.289172e-05
1578 1.468274e-03 9.261836e-05
1579 1.464065e-03 9.234580e-05
1580 1.459868e-03 9.207404e-05
1581 1.455683e-03 9.180309e-05
1582 1.451511e-03 9.153293e-05
1583 1.447351e-03 9.126356e-05
1584 1.443203e-03 9.099499e-05
1585 1.439068e-03 9.072721e-05
1586 1.434945e-03 9.046021e-05
1587 1.430834e-03 9.019400e-05
1588 1.426735e-03 8.992858e-05
1589 1.422649e-03 8.966394e-05
1590 1.418574e-03 8.940007e-05
1591 1.414512e-03 8.913698e-05
1592 1.410461e-03 8.887467e-05
1593 1.406423e-03 8.861313e-05
1594 1.402396e-03 8.835235e-05
1595 1.398381e-03 8.809235e-05
1596 1.394379e-03 8.783311e-05
1597 1.390388e-03 8.757463e-05
1598 1.386409e-03 8.731691e-05
1599 1.382442e-03 8.705996e-05
1600 1.378486e-03 8.680375e-05
1601 1.374542e-03 8.654831e-05
1602 1.370610e-03 8.629361e-05
1603 1.366690e-03 8.603966e-05
1604 1.362781e-03 8.578646e-05
1605 1.358883e-03 8.553401e-05
1606 1.354998e-03 8.528230e-05
1607 1.351123e-03 8.503133e-05
1608 1.347260e-03 8.478109e-05
1609 1.343409e-03 8.453160e-05
1610 1.339569e-03 8.428284e-05
1611 1.335740e-03 8.403481e-05
1612 1.331923e-03 8.378751e-05
1613 1.328117e-03 8.354094e-05
1614 1.324323e-03 8.329509e-05
1615 1.320539e-03 8.304997e-05
1616 1.316767e-03 8.280557e-05
1617 1.313006e-03 8.256188e-05
1618 1.309256e-03 8.231892e-05
1619 1.305517e-03 8.207667e-05
1620 1.301789e-03 8.183513e-05
1621 1.298073e-03 8.159431e-05
1622 1.294367e-03 8.135419e-05
1623 1.290672e-03 8.111478e-05
1624 1.286988e-03 8.087607e-05
1625 1.283315e-03 8.063807e-05
1626 1.279653e-03 8.040076e-05
1627 1.276002e-03 8.016416e-05
1628 1.272362e-03 7.992825e-05
1629 1.268733e-03 7.969303e-05
1630 1.265114e-03 7.945851e-05
1631 1.261506e-03 7.922468e-05
1632 1.257908e-03 7.899154e-05
1633 1.254322e-03 7.875908e-05
1634 1.250746e-03 7.852730e-05
1635 1.247180e-03 7.829621e-05
1636 1.243625e-03 7.806580e-05
1637 1.240081e-03 7.783607e-05
1638 1.236547e-03 7.760701e-05
1639 1.233024e-03 7.737862e-05
1640 1.229511e-03 7.715091e-05
1641 1.226008e-03 7.692387e-05
1642 1.222516e-03 7.669750e-05
1643 1.219034e-03 7.647179e-05
1644 1.215563e-03 7.624675e-05
1645 1.212102e-03 7.602237e-05
1646 1.208651e-03 7.579865e-05
1647 1.205210e-03 7.557559e-05
1648 1.201780e-03 7.535318e-05
1649 1.198359e-03 7.513143e-05
1650 1.194949e-03 7.491033e-05
1651 1.191549e-03 7.468988e-05
1652 1.188159e-03 7.447008e-05
1653 1.184779e-03 7.425093e-05
1654 1.181409e-03 7.403242e-05
1655 1.178049e-03 7.381456e-05
1656 1.174700e-03 7.359734e-05
1657 1.171360e-03 7.338075e-05
1658 1.168030e-03 7.316481e-05
1659 1.164709e-03 7.294950e-05
1660 1.161399e-03 7.273482e-05
1661 1.158098e-03 7.252077e-05
1662 1.154808e-03 7.230736e-05
1663 1.151527e-03 7.209457e-05
1664 1.148256e-03 7.188241e-05
1665 1.144994e-03 7.167087e-05
1666 1.141742e-03 7.145996e-05
1667 1.138500e-03 7.124966e-05
1668 1.135268e-03 7.103999e-05
1669 1.132045e-03 7.083093e-05
1670 1.128831e-03 7.062249e-05
1671 1.125627e-03 7.041466e-05
1672 1.122433e-03 7.020744e-05
1673 1.119248e-03 7.000083e-05
1674 1.116073e-03 6.979483e-05
1675 1.112907e-03 6.958944e-05
1676 1.109750e-03 6.938465e-05
1677 1.106603e-03 6.918046e-05
1678 1.103465e-03 6.897687e-05
1679 1.100337e-03 6.877389e-05
1680 1.097217e-03 6.857150e-05
1681 1.094107e-03 6.836970e-05
1682 1.091007e-03 6.816850e-05
1683 1.087915e-03 6.796790e-05
1684 1.084833e-03 6.776788e-05
1685 1.081759e-03 6.756845e-05
1686 1.078695e-03 6.736961e-05
1687 1.075640e-03 6.717135e-05
1688 1.072595e-03 6.697368e-05
1689 1.069558e-03 6.677659e-05
1690 1.066530e-03 6.658008e-05
1691 1.063511e-03 6.638414e-05
1692 1.060501e-03 6.618879e-05
1693 1.057500e-03 6.599400e-05
1694 1.054508e-03 6.579979e-05
1695 1.051525e-03 6.560616e-05
1696 1.048551e-03 6.541309e-05
1697 1.045586e-03 6.522059e-05
1698 1.042629e-03 6.502866e-05
1699 1.039681e-03 6.483729e-05
1700 1.036742e-03 6.464649e-05
1701 1.033812e-03 6.445624e-05
1702 1.030890e-03 6.426656e-05
1703 1.027978e-03 6.407743e-05
1704 1.025073e-03 6.388887e-05
1705 1.022178e-03 6.370085e-05
1706 1.019291e-03 6.351339e-05
1707 1.016412e-03 6.332648e-05
1708 1.013543e-03 6.314012e-05
1709 1.010681e-03 6.295431e-05
1710 1.007829e-03 6.276905e-05
1711 1.004984e-03 6.258433e-05
1712 1.002148e-03 6.240016e-05
1713 9.993211e-04 6.221653e-05
1714 9.965021e-04 6.203343e-05
1715 9.936916e-04 6.185088e-05
1716 9.908893e-04 6.166886e-05
1717 9.880955e-04 6.148738e-05
1718 9.853099e-04 6.130644e-05
1719 9.825326e-04 6.112602e-05
1720 9.797636e-04 6.094614e-05
1721 9.770029e-04 6.076679e-05
1722 9.742503e-04 6.058796e-05
1723 9.715060e-04 6.040966e-05
1724 9.687698e-04 6.023189e-05
1725 9.660418e-04 6.005463e-05
1726 9.633219e-04 5.987790e-05
1727 9.606101e-04 5.970169e-05
1728 9.579063e-04 5.952600e-05
1729 9.552106e-04 5.935083e-05
1730 9.525230e-04 5.917617e-05
1731 9.498433e-04 5.900202e-05
1732 9.471717e-04 5.882839e-05
1733 9.445080e-04 5.865527e-05
1734 9.418522e-04 5.848266e-05
1735 9.392044e-04 5.831055e-05
1736 9.365644e-04 5.813896e-05
1737 9.339323e-04 5.796786e-05
1738 9.313081e-04 5.779727e-05
1739 9.286916e-04 5.762719e-05
1740 9.260830e-04 5.745760e-05
1741 9.234821e-04 5.728851e-05
1742 9.208890e-04 5.711992e-05
1743 9.183037e-04 5.695183e-05
1744 9.157260e-04 5.678423e-05
1745 9.131560e-04 5.661712e-05
1746 9.105937e-04 5.645051e-05
1747 9.080390e-04 5.628439e-05
1748 9.054920e-04 5.611875e-05
1749 9.029525e-04 5.595360e-05
1750 9.004206e-04 5.578894e-05
1751 8.978963e-04 5.562477e-05
1752 8.953795e-04 5.546107e-05
1753 8.928702e-04 5.529786e-05
1754 8.903684e-04 5.513513e-05
1755 8.878740e-04 5.497288e-05
1756 8.853871e-04 5.481110e-05
1757 8.829076e-04 5.464980e-05
1758 8.804356e-04 5.448898e-05
1759 8.779709e-04 5.432862e-05
1760 8.755135e-04 5.416875e-05
1761 8.730635e-04 5.400934e-05
1762 8.706208e-04 5.385040e-05
1763 8.681854e-04 5.369192e-05
1764 8.657573e-04 5.353392e-05
1765 8.633364e-04 5.337638e-05
1766 8.609228e-04 5.321930e-05
1767 8.585163e-04 5.306269e-05
1768 8.561171e-04 5.290653e-05
1769 8.537250e-04 5.275084e-05
1770 8.513401e-04 5.259560e-05
1771 8.489622e-04 5.244082e-05
1772 8.465915e-04 5.228650e-05
1773 8.442279e-04 5.213263e-05
1774 8.418713e-04 5.197921e-05
1775 8.395218e-04 5.182624e-05
1776 8.371793e-04 5.167373e-05
1777 8.348438e-04 5.152166e-05
1778 8.325153e-04 5.137004e-05
1779 8.301938e-04 5.121887e-05
1780 8.278791e-04 5.106814e-05
1781 8.255715e-04 5.091786e-05
1782 8.232707e-04 5.076802e-05
1783 8.209768e-04 5.061861e-05
1784 8.186897e-04 5.046965e-05
1785 8.164095e-04 5.032113e-05
1786 8.141361e-04 5.017304e-05
1787 8.118695e-04 5.002539e-05
1788 8.096097e-04 4.987818e-05
1789 8.073567e-04 4.973139e-05
1790 8.051104e-04 4.958504e-05
1791 8.028708e-04 4.943912e-05
1792 8.006379e-04 4.929363e-05
1793 7.984117e-04 4.914857e-05
1794 7.961922e-04 4.900394e-05
1795 7.939793e-04 4.885973e-05
1796 7.917731e-04 4.871594e-05
1797 7.895734e-04 4.857258e-05
1798 7.873804e-04 4.842964e-05
1799 7.851939e-04 4.828712e-05
1800 7.830139e-04 4.814502e-05
1801 7.808405e-04 4.800333e-05
1802 7.786736e-04 4.786207e-05
1803 7.765132e-04 4.772122e-05
1804 7.743593e-04 4.758078e-05
1805 7.722118e-04 4.744076e-05
1806 7.700707e-04 4.730115e-05
1807 7.679361e-04 4.716195e-05
1808 7.658079e-04 4.702316e-05
1809 7.636860e-04 4.688478e-05
1810 7.615705e-04 4.674681e-05
1811 7.594614e-04 4.660924e-05
1812 7.573586e-04 4.647208e-05
1813 7.552620e-04 4.633532e-05
1814 7.531718e-04 4.619896e-05
1815 7.510879e-04 4.606301e-05
1816 7.490102e-04 4.592745e-05
1817 7.469387e-04 4.579230e-05
1818 7.448734e-04 4.565754e-05
1819 7.428144e-04 4.552318e-05
1820 7.407615e-04 4.538921e-05
1821 7.387148e-04 4.525564e-05
1822 7.366742e-04 4.512246e-05
1823 7.346398e-04 4.498967e-05
1824 7.326114e-04 4.485727e-05
1825 7.305892e-04 4.472527e-05
1826 7.285730e-04 4.459365e-05
1827 7.265629e-04 4.446242e-05
1828 7.245588e-04 4.433157e-05
1829 7.225608e-04 4.420111e-05
1830 7.205687e-04 4.407104e-05
1831 7.185826e-04 4.394134e-05
1832 7.166025e-04 4.381203e-05
1833 7.146284e-04 4.368310e-05
1834 7.126602e-04 4.355455e-05
1835 7.106979e-04 4.342638e-05
1836 7.087415e-04 4.329858e-05
1837 7.067910e-04 4.317116e-05
1838 7.048463e-04 4.304411e-05
1839 7.029075e-04 4.291744e-05
1840 7.009746e-04 4.279115e-05
1841 6.990474e-04 4.266522e-05
1842 6.971260e-04 4.253966e-05
1843 6.952105e-04 4.241448e-05
1844 6.933007e-04 4.228966e-05
1845 6.913966e-04 4.216521e-05
1846 6.894983e-04 4.204112e-05
1847 6.876056e-04 4.191740e-05
1848 6.857187e-04 4.179405e-05
1849 6.838375e-04 4.167105e-05
1850 6.819619e-04 4.154842e-05
1851 6.800920e-04 4.142615e-05
1852 6.782277e-04 4.130424e-05
1853 6.763690e-04 4.118269e-05
1854 6.745160e-04 4.106150e-05
1855 6.726685e-04 4.094066e-05
1856 6.708266e-04 4.082018e-05
1857 6.689902e-04 4.070006e-05
1858 6.671594e-04 4.058028e-05
1859 6.653340e-04 4.046086e-05
1860 6.635142e-04 4.034179e-05
1861 6.616999e-04 4.022307e-05
1862 6.598911e-04 4.010470e-05
1863 6.580877e-04 3.998668e-05
1864 6.562897e-04 3.986901e-05
1865 6.544972e-04 3.975168e-05
1866 6.527101e-04 3.963470e-05
1867 6.509284e-04 3.951806e-05
1868 6.491520e-04 3.940177e-05
1869 6.473810e-04 3.928582e-05
1870 6.456154e-04 3.917020e-05
1871 6.438551e-04 3.905493e-05
1872 6.421001e-04 3.894000e-05
1873 6.403504e-04 3.882541e-05
1874 6.386060e-04 3.871115e-05
1875 6.368669e-04 3.859723e-05
1876 6.351330e-04 3.848365e-05
1877 6.334044e-04 3.837040e-05
1878 6.316810e-04 3.825748e-05
1879 6.299628e-04 3.814489e-05
1880 6.282498e-04 3.803264e-05
1881 6.265419e-04 3.792072e-05
1882 6.248393e-04 3.780912e-05
1883 6.231418e-04 3.769786e-05
1884 6.214494e-04 3.758692e-05
1885 6.197621e-04 3.747631e-05
1886 6.180800e-04 3.736602e-05
1887 6.164029e-04 3.725606e-05
1888 6.147309e-04 3.714642e-05
1889 6.130640e-04 3.703711e-05
1890 6.114021e-04 3.692811e-05
1891 6.097453e-04 3.681944e-05
1892 6.080935e-04 3.671109e-05
1893 6.064467e-04 3.660305e-05
1894 6.048048e-04 3.649534e-05
1895 6.031680e-04 3.638794e-05
1896 6.015361e-04 3.628085e-05
1897 5.999091e-04 3.617409e-05
1898 5.982871e-04 3.606763e-05
1899 5.966700e-04 3.596149e-05
1900 5.950578e-04 3.585566e-05
1901 5.934505e-04 3.575015e-05
1902 5.918481e-04 3.564494e-05
1903 5.902505e-04 3.554004e-05
1904 5.886578e-04 3.543546e-05
1905 5.870699e-04 3.533118e-05
1906 5.854869e-04 3.522720e-05
1907 5.839086e-04 3.512353e-05
1908 5.823351e-04 3.502017e-05
1909 5.807664e-04 3.491711e-05
1910 5.792025e-04 3.481436e-05
1911 5.776433e-04 3.471191e-05
1912 5.760889e-04 3.460976e-05
1913 5.745392e-04 3.450791e-05
1914 5.729942e-04 3.440635e-05
1915 5.714539e-04 3.430510e-05
1916 5.699183e-04 3.420415e-05
1917 5.683873e-04 3.410349e-05
1918 5.668610e-04 3.400313e-05
1919 5.653394e-04 3.390307e-05
1920 5.638223e-04 3.380330e-05
1921 5.623099e-04 3.370382e-05
1922 5.608021e-04 3.360463e-05
1923 5.592989e-04 3.350574e-05
1924 5.578002e-04 3.340714e-05
1925 5.563062e-04 3.330883e-05
1926 5.548166e-04 3.321081e-05
1927 5.533317e-04 3.311307e-05
1928 5.518512e-04 3.301563e-05
1929 5.503752e-04 3.291847e-05
1930 5.489038e-04 3.282160e-05
1931 5.474368e-04 3.272501e-05
1932 5.459743e-04 3.262870e-05
1933 5.445163e-04 3.253268e-05
1934 5.430627e-04 3.243695e-05
1935 5.416135e-04 3.234149e-05
1936 5.401688e-04 3.224631e-05
1937 5.387284e-04 3.215142e-05
1938 5.372925e-04 3.205680e-05
1939 5.358610e-04 3.196247e-05
1940 5.344338e-04 3.186841e-05
1941 5.330110e-04 3.177462e-05
1942 5.315925e-04 3.168112e-05
1943 5.301783e-04 3.158788e-05
1944 5.287685e-04 3.149493e-05
1945 5.273630e-04 3.140224e-05
1946 5.259618e-04 3.130983e-05
1947 5.245649e-04 3.121769e-05
1948 5.231722e-04 3.112582e-05
1949 5.217838e-04 3.103423e-05
1950 5.203997e-04 3.094290e-05
1951 5.190197e-04 3.085184e-05
1952 5.176440e-04 3.076105e-05
1953 5.162726e-04 3.067052e-05
1954 5.149053e-04 3.058026e-05
1955 5.135422e-04 3.049027e-05
1956 5.121832e-04 3.040054e-05
1957 5.108285e-04 3.031108e-05
1958 5.094779e-04 3.022188e-05
1959 5.081314e-04 3.013294e-05
1960 5.067891e-04 3.004427e-05
1961 5.054508e-04 2.995585e-05
1962 5.041167e-04 2.986770e-05
1963 5.027867e-04 2.977980e-05
1964 5.014607e-04 2.969217e-05
1965 5.001388e-04 2.960479e-05
1966 4.988210e-04 2.951766e-05
1967 4.975072e-04 2.943080e-05
1968 4.961975e-04 2.934419e-05
1969 4.948917e-04 2.925784e-05
1970 4.935900e-04 2.917173e-05
1971 4.922923e-04 2.908589e-05
1972 4.909986e-04 2.900029e-05
1973 4.897088e-04 2.891495e-05
1974 4.884230e-04 2.882986e-05
1975 4.871412e-04 2.874502e-05
1976 4.858633e-04 2.866043e-05
1977 4.845893e-04 2.857608e-05
1978 4.833193e-04 2.849199e-05
1979 4.820532e-04 2.840814e-05
1980 4.807909e-04 2.832454e-05
1981 4.795326e-04 2.824119e-05
1982 4.782781e-04 2.815808e-05
1983 4.770275e-04 2.807521e-05
1984 4.757808e-04 2.799259e-05
1985 4.745378e-04 2.791022e-05
1986 4.732988e-04 2.782808e-05
1987 4.720635e-04 2.774619e-05
1988 4.708320e-04 2.766454e-05
1989 4.696044e-04 2.758313e-05
1990 4.683805e-04 2.750195e-05
1991 4.671604e-04 2.742102e-05
1992 4.659441e-04 2.734032e-05
1993 4.647315e-04 2.725987e-05
1994 4.635227e-04 2.717965e-05
1995 4.623176e-04 2.709966e-05
1996 4.611163e-04 2.701991e-05
1997 4.599186e-04 2.694040e-05
1998 4.587247e-04 2.686112e-05
1999 4.575344e-04 2.678207e-05
2000 4.563478e-04 2.670325e-05
2001 4.551649e-04 2.662467e-05
2002 4.539857e-04 2.654632e-05
2003 4.528101e-04 2.646820e-05
2004 4.516381e-04 2.639031e-05
2005 4.504698e-04 2.631264e-05
2006 4.493050e-04 2.623521e-05
2007 4.481439e-04 2.615801e-05
2008 4.469864e-04 2.608103e-05
2009 4.458325e-04 2.600428e-05
2010 4.446822e-04 2.592775e-05
2011 4.435354e-04 2.585145e-05
2012 4.423922e-04 2.577537e-05
2013 4.412525e-04 2.569952e-05
2014 4.401164e-04 2.562389e-05
2015 4.389838e-04 2.554848e-05
2016 4.378547e-04 2.547330e-05
2017 4.367291e-04 2.539834e-05
2018 4.356070e-04 2.532359e-05
2019 4.344884e-04 2.524907e-05
2020 4.333733e-04 2.517477e-05
2021 4.322616e-04 2.510068e-05
2022 4.311534e-04 2.502682e-05
2023 4.300487e-04 2.495317e-05
2024 4.289474e-04 2.487973e-05
2025 4.278495e-04 2.480652e-05
2026 4.267550e-04 2.473352e-05
2027 4.256640e-04 2.466073e-05
2028 4.245763e-04 2.458816e-05
2029 4.234920e-04 2.451580e-05
2030 4.224111e-04 2.444365e-05
2031 4.213336e-04 2.437172e-05
2032 4.202594e-04 2.430000e-05
2033 4.191886e-04 2.422849e-05
2034 4.181211e-04 2.415719e-05
2035 4.170570e-04 2.408610e-05
2036 4.159962e-04 2.401522e-05
2037 4.149387e-04 2.394454e-05
2038 4.138845e-04 2.387408e-05
2039 4.128336e-04 2.380382e-05
2040 4.117859e-04 2.373377e-05
2041 4.107416e-04 2.366393e-05
2042 4.097005e-04 2.359429e-05
2043 4.086627e-04 2.352485e-05
2044 4.076281e-04 2.345562e-05
2045 4.065968e-04 2.338660e-05
2046 4.055686e-04 2.331778e-05
2047 4.045437e-04 2.324916e-05
2048 4.035221e-04 2.318074e-05
2049 4.025036e-04 2.311252e-05
2050 4.014883e-04 2.304451e-05
2051 4.004762e-04 2.297669e-05
2052 3.994672e-04 2.290907e-05
2053 3.984615e-04 2.284166e-05
2054 3.974589e-04 2.277444e-05
2055 3.964594e-04 2.270742e-05
2056 3.954631e-04 2.264059e-05
2057 3.944699e-04 2.257396e-05
2058 3.934798e-04 2.250753e-05
2059 3.924928e-04 2.244130e-05
2060 3.915090e-04 2.237526e-05
2061 3.905282e-04 2.230941e-05
2062 3.895505e-04 2.224376e-05
2063 3.885759e-04 2.217830e-05
2064 3.876044e-04 2.211303e-05
2065 3.866359e-04 2.204796e-05
2066 3.856704e-04 2.198307e-05
2067 3.847081e-04 2.191838e-05
2068 3.837487e-04 2.185388e-05
2069 3.827924e-04 2.178957e-05
2070 3.818390e-04 2.172544e-05
2071 3.808887e-04 2.166151e-05
2072 3.799414e-04 2.159776e-05
2073 3.789971e-04 2.153421e-05
2074 3.780558e-04 2.147083e-05
2075 3.771174e-04 2.140765e-05
2076 3.761820e-04 2.134465e-05
2077 3.752496e-04 2.128184e-05
2078 3.743201e-04 2.121921e-05
2079 3.733935e-04 2.115676e-05
2080 3.724699e-04 2.109450e-05
2081 3.715492e-04 2.103243e-05
2082 3.706314e-04 2.097053e-05
2083 3.697165e-04 2.090882e-05
2084 3.688045e-04 2.084729e-05
2085 3.678954e-04 2.078594e-05
2086 3.669892e-04 2.072477e-05
2087 3.660859e-04 2.066378e-05
2088 3.651854e-04 2.060297e-05
2089 3.642878e-04 2.054234e-05
2090 3.633930e-04 2.048189e-05
2091 3.625011e-04 2.042161e-05
2092 3.616120e-04 2.036151e-05
2093 3.607258e-04 2.030159e-05
2094 3.598423e-04 2.024185e-05
2095 3.589617e-04 2.018228e-05
2096 3.580838e-04 2.012289e-05
2097 3.572088e-04 2.006367e-05
2098 3.563365e-04 2.000463e-05
2099 3.554671e-04 1.994576e-05
2100 3.546004e-04 1.988706e-05
2101 3.537364e-04 1.982854e-05
2102 3.528752e-04 1.977018e-05
2103 3.520168e-04 1.971200e-05
2104 3.511610e-04 1.965400e-05
2105 3.503081e-04 1.959616e-05
2106 3.494578e-04 1.953849e-05
2107 3.486103e-04 1.948099e-05
2108 3.477654e-04 1.942366e-05
2109 3.469233e-04 1.936650e-05
2110 3.460838e-04 1.930951e-05
2111 3.452471e-04 1.925269e-05
2112 3.444130e-04 1.919603e-05
2113 3.435816e-04 1.913954e-05
2114 3.427528e-04 1.908321e-05
2115 3.419267e-04 1.902705e-05
2116 3.411033e-04 1.897106e-05
2117 3.402825e-04 1.891523e-05
2118 3.394643e-04 1.885957e-05
2119 3.386487e-04 1.880407e-05
2120 3.378358e-04 1.874873e-05
2121 3.370255e-04 1.869356e-05
2122 3.362178e-04 1.863855e-05
2123 3.354126e-04 1.858370e-05
2124 3.346101e-04 1.852901e-05
2125 3.338101e-04 1.847448e-05
2126 3.330127e-04 1.842011e-05
2127 3.322179e-04 1.836591e-05
2128 3.314256e-04 1.831186e-05
2129 3.306359e-04 1.825797e-05
2130 3.298487e-04 1.820424e-05
2131 3.290641e-04 1.815067e-05
2132 3.282820e-04 1.809725e-05
2133 3.275024e-04 1.804400e-05
2134 3.267253e-04 1.799090e-05
2135 3.259507e-04 1.793795e-05
2136 3.251787e-04 1.788516e-05
2137 3.244091e-04 1.783253e-05
2138 3.236420e-04 1.778005e-05
2139 3.228774e-04 1.772773e-05
2140 3.221153e-04 1.767556e-05
2141 3.213556e-04 1.762354e-05
2142 3.205984e-04 1.757168e-05
2143 3.198436e-04 1.751997e-05
2144 3.190913e-04 1.746841e-05
2145 3.183415e-04 1.741701e-05
2146 3.175940e-04 1.736575e-05
2147 3.168490e-04 1.731465e-05
2148 3.161064e-04 1.726369e-05
2149 3.153662e-04 1.721289e-05
2150 3.146284e-04 1.716223e-05
2151 3.138930e-04 1.711173e-05
2152 3.131600e-04 1.706137e-05
2153 3.124294e-04 1.701116e-05
2154 3.117011e-04 1.696110e-05
2155 3.109752e-04 1.691119e-05
2156 3.102517e-04 1.686142e-05
2157 3.095306e-04 1.681180e-05
2158 3.088118e-04 1.676233e-05
2159 3.080953e-04 1.671300e-05
2160 3.073812e-04 1.666382e-05
2161 3.066693e-04 1.661478e-05
2162 3.059599e-04 1.656588e-05
2163 3.052527e-04 1.651713e-05
2164 3.045478e-04 1.646853e-05
2165 3.038453e-04 1.642006e-05
2166 3.031450e-04 1.637174e-05
2167 3.024471e-04 1.632356e-05
2168 3.017514e-04 1.627552e-05
2169 3.010580e-04 1.622763e-05
2170 3.003668e-04 1.617987e-05
2171 2.996780e-04 1.613226e-05
2172 2.989914e-04 1.608478e-05
2173 2.983070e-04 1.603745e-05
2174 2.976249e-04 1.599025e-05
2175 2.969450e-04 1.594320e-05
2176 2.962673e-04 1.589628e-05
2177 2.955919e-04 1.584950e-05
2178 2.949187e-04 1.580286e-05
2179 2.942477e-04 1.575635e-05
2180 2.935789e-04 1.570998e-05
2181 2.929123e-04 1.566375e-05
2182 2.922480e-04 1.561766e-05
2183 2.915858e-04 1.557170e-05
2184 2.909257e-04 1.552587e-05
2185 2.902679e-04 1.548018e-05
2186 2.896122e-04 1.543463e-05
2187 2.889587e-04 1.538921e-05
2188 2.883073e-04 1.534392e-05
2189 2.876581e-04 1.529876e-05
2190 2.870111e-04 1.525374e-05
2191 2.863661e-04 1.520885e-05
2192 2.857234e-04 1.516410e-05
2193 2.850827e-04 1.511947e-05
2194 2.844441e-04 1.507498e-05
2195 2.838077e-04 1.503061e-05
2196 2.831734e-04 1.498638e-05
2197 2.825412e-04 1.494228e-05
2198 2.819110e-04 1.489831e-05
2199 2.812830e-04 1.485446e-05
2200 2.806571e-04 1.481075e-05
2201 2.800332e-04 1.476716e-05
2202 2.794114e-04 1.472371e-05
2203 2.787917e-04 1.468038e-05
2204 2.781740e-04 1.463718e-05
2205 2.775584e-04 1.459410e-05
2206 2.769448e-04 1.455115e-05
2207 2.763333e-04 1.450833e-05
2208 2.757238e-04 1.446564e-05
2209 2.751163e-04 1.442307e-05
2210 2.745109e-04 1.438062e-05
2211 2.739075e-04 1.433830e-05
2212 2.733061e-04 1.429611e-05
2213 2.727067e-04 1.425404e-05
2214 2.721093e-04 1.421209e-05
2215 2.715139e-04 1.417027e-05
2216 2.709205e-04 1.412856e-05
2217 2.703291e-04 1.408699e-05
2218 2.697397e-04 1.404553e-05
2219 2.691522e-04 1.400420e-05
2220 2.685667e-04 1.396299e-05
2221 2.679832e-04 1.392190e-05
2222 2.674016e-04 1.388093e-05
2223 2.668220e-04 1.384008e-05
2224 2.662443e-04 1.379935e-05
2225 2.656686e-04 1.375874e-05
2226 2.650948e-04 1.371825e-05
2227 2.645229e-04 1.367788e-05
2228 2.639529e-04 1.363763e-05
2229 2.633849e-04 1.359749e-05
2230 2.628188e-04 1.355748e-05
2231 2.622546e-04 1.351758e-05
2232 2.616923e-04 1.347780e-05
2233 2.611319e-04 1.343814e-05
2234 2.605733e-04 1.339859e-05
2235 2.600167e-04 1.335916e-05
2236 2.594619e-04 1.331985e-05
2237 2.589090e-04 1.328065e-05
2238 2.583580e-04 1.324157e-05
2239 2.578089e-04 1.320260e-05
2240 2.572616e-04 1.316375e-05
2241 2.567161e-04 1.312501e-05
2242 2.561726e-04 1.308639e-05
2243 2.556308e-04 1.304787e-05
2244 2.550909e-04 1.300948e-05
2245 2.545528e-04 1.297119e-05
2246 2.540165e-04 1.293302e-05
2247 2.534821e-04 1.289496e-05
2248 2.529495e-04 1.285701e-05
2249 2.524187e-04 1.281918e-05
2250 2.518897e-04 1.278145e-05
2251 2.513625e-04 1.274384e-05
2252 2.508371e-04 1.270634e-05
2253 2.503134e-04 1.266894e-05
2254 2.497916e-04 1.263166e-05
2255 2.492716e-04 1.259449e-05
2256 2.487533e-04 1.255743e-05
2257 2.482368e-04 1.252047e-05
2258 2.477220e-04 1.248363e-05
2259 2.472090e-04 1.244689e-05
2260 2.466978e-04 1.241026e-05
2261 2.461883e-04 1.237374e-05
2262 2.456806e-04 1.233732e-05
2263 2.451746e-04 1.230102e-05
2264 2.446703e-04 1.226482e-05
2265 2.441677e-04 1.222873e-05
2266 2.436669e-04 1.219274e-05
2267 2.431678e-04 1.215686e-05
2268 2.426704e-04 1.212108e-05
2269 2.421748e-04 1.208541e-05
2270 2.416808e-04 1.204985e-05
2271 2.411885e-04 1.201439e-05
2272 2.406979e-04 1.197903e-05
2273 2.402090e-04 1.194378e-05
2274 2.397218e-04 1.190863e-05
2275 2.392363e-04 1.187358e-05
2276 2.387524e-04 1.183864e-05
2277 2.382702e-04 1.180380e-05
2278 2.377897e-04 1.176907e-05
2279 2.373108e-04 1.173443e-05
2280 2.368336e-04 1.169990e-05
2281 2.363581e-04 1.166547e-05
2282 2.358842e-04 1.163114e-05
2283 2.354119e-04 1.159691e-05
2284 2.349412e-04 1.156278e-05
2285 2.344722e-04 1.152876e-05
2286 2.340048e-04 1.149483e-05
2287 2.335391e-04 1.146100e-05
2288 2.330749e-04 1.142727e-05
2289 2.326124e-04 1.139365e-05
2290 2.321515e-04 1.136012e-05
2291 2.316921e-04 1.132669e-05
2292 2.312344e-04 1.129335e-05
2293 2.307783e-04 1.126012e-05
2294 2.303237e-04 1.122698e-05
2295 2.298707e-04 1.119394e-05
2296 2.294194e-04 1.116100e-05
2297 2.289695e-04 1.112816e-05
2298 2.285213e-04 1.109541e-05
2299 2.280746e-04 1.106276e-05
2300 2.276295e-04 1.103020e-05
2301 2.271859e-04 1.099774e-05
2302 2.267439e-04 1.096538e-05
2303 2.263034e-04 1.093311e-05
2304 2.258645e-04 1.090093e-05
2305 2.254271e-04 1.086885e-05
2306 2.249913e-04 1.083687e-05
2307 2.245569e-04 1.080498e-05
2308 2.241241e-04 1.077318e-05
2309 2.236929e-04 1.074148e-05
2310 2.232631e-04 1.070987e-05
2311 2.228348e-04 1.067835e-05
2312 2.224081e-04 1.064693e-05
2313 2.219828e-04 1.061559e-05
2314 2.215591e-04 1.058435e-05
2315 2.211368e-04 1.055321e-05
2316 2.207160e-04 1.052215e-05
2317 2.202967e-04 1.049118e-05
2318 2.198789e-04 1.046031e-05
2319 2.194626e-04 1.042953e-05
2320 2.190477e-04 1.039884e-05
2321 2.186343e-04 1.036823e-05
2322 2.182223e-04 1.033772e-05
2323 2.178119e-04 1.030730e-05
2324 2.174028e-04 1.027697e-05
2325 2.169952e-04 1.024672e-05
2326 2.165891e-04 1.021657e-05
2327 2.161844e-04 1.018650e-05
2328 2.157811e-04 1.015653e-05
2329 2.153793e-04 1.012664e-05
2330 2.149789e-04 1.009684e-05
2331 2.145799e-04 1.006712e-05
2332 2.141823e-04 1.003750e-05
2333 2.137862e-04 1.000796e-05
2334 2.133914e-04 9.978508e-06
2335 2.129981e-04 9.949143e-06
2336 2.126062e-04 9.919865e-06
2337 2.122156e-04 9.890672e-06
2338 2.118265e-04 9.861566e-06
2339 2.114387e-04 9.832545e-06
2340 2.110524e-04 9.803610e-06
2341 2.106674e-04 9.774759e-06
2342 2.102837e-04 9.745994e-06
2343 2.099015e-04 9.717313e-06
2344 2.095206e-04 9.688717e-06
2345 2.091411e-04 9.660205e-06
2346 2.087630e-04 9.631776e-06
2347 2.083862e-04 9.603432e-06
2348 2.080107e-04 9.575171e-06
2349 2.076366e-04 9.546993e-06
2350 2.072639e-04 9.518898e-06
2351 2.068924e-04 9.490885e-06
2352 2.065224e-04 9.462955e-06
2353 2.061536e-04 9.435107e-06
2354 2.057862e-04 9.407341e-06
2355 2.054201e-04 9.379657e-06
2356 2.050553e-04 9.352055e-06
2357 2.046919e-04 9.324533e-06
2358 2.043297e-04 9.297093e-06
2359 2.039688e-04 9.269733e-06
2360 2.036093e-04 9.242454e-06
2361 2.032511e-04 9.215255e-06
2362 2.028941e-04 9.188136e-06
2363 2.025384e-04 9.161097e-06
2364 2.021841e-04 9.134138e-06
2365 2.018310e-04 9.107257e-06
2366 2.014792e-04 9.080456e-06
2367 2.011286e-04 9.053734e-06
2368 2.007794e-04 9.027091e-06
2369 2.004314e-04 9.000526e-06
2370 2.000846e-04 8.974039e-06
2371 1.997392e-04 8.947630e-06
2372 1.993950e-04 8.921298e-06
2373 1.990520e-04 8.895045e-06
2374 1.987103e-04 8.868868e-06
2375 1.983698e-04 8.842769e-06
2376 1.980306e-04 8.816746e-06
2377 1.976926e-04 8.790800e-06
2378 1.973558e-04 8.764930e-06
2379 1.970203e-04 8.739136e-06
2380 1.966860e-04 8.713419e-06
2381 1.963529e-04 8.687777e-06
2382 1.960210e-04 8.662210e-06
2383 1.956904e-04 8.636719e-06
2384 1.953609e-04 8.611302e-06
2385 1.950327e-04 8.585961e-06
2386 1.947056e-04 8.560694e-06
2387 1.943798e-04 8.535501e-06
2388 1.940552e-04 8.510383e-06
2389 1.937317e-04 8.485338e-06
2390 1.934094e-04 8.460367e-06
2391 1.930884e-04 8.435470e-06
2392 1.927685e-04 8.410646e-06
2393 1.924497e-04 8.385895e-06
2394 1.921322e-04 8.361217e-06
2395 1.918158e-04 8.336611e-06
2396 1.915006e-04 8.312078e-06
2397 1.911865e-04 8.287617e-06
2398 1.908736e-04 8.263228e-06
2399 1.905619e-04 8.238911e-06
2400 1.902513e-04 8.214665e-06
2401 1.899419e-04 8.190491e-06
2402 1.896336e-04 8.166388e-06
2403 1.893264e-04 8.142355e-06
2404 1.890204e-04 8.118394e-06
2405 1.887155e-04 8.094503e-06
2406 1.884117e-04 8.070682e-06
2407 1.881091e-04 8.046932e-06
2408 1.878076e-04 8.023251e-06
2409 1.875072e-04 7.999640e-06
2410 1.872079e-04 7.976098e-06
2411 1.869097e-04 7.952626e-06
2412 1.866127e-04 7.929223e-06
2413 1.863167e-04 7.905889e-06
2414 1.860218e-04 7.882623e-06
2415 1.857281e-04 7.859426e-06
2416 1.854354e-04 7.836297e-06
2417 1.851439e-04 7.813236e-06
2418 1.848534e-04 7.790243e-06
2419 1.845640e-04 7.767318e-06
2420 1.842756e-04 7.744460e-06
2421 1.839884e-04 7.721669e-06
2422 1.837022e-04 7.698946e-06
2423 1.834171e-04 7.676289e-06
2424 1.831331e-04 7.653699e-06
2425 1.828501e-04 7.631176e-06
2426 1.825682e-04 7.608719e-06
2427 1.822873e-04 7.586328e-06
2428 1.820075e-04 7.564002e-06
2429 1.817288e-04 7.541743e-06
2430 1.814511e-04 7.519549e-06
2431 1.811744e-04 7.497420e-06
2432 1.808988e-04 7.475357e-06
2433 1.806242e-04 7.453358e-06
2434 1.803506e-04 7.431424e-06
2435 1.800781e-04 7.409555e-06
2436 1.798066e-04 7.387750e-06
2437 1.795361e-04 7.366009e-06
2438 1.792666e-04 7.344332e-06
2439 1.789982e-04 7.322719e-06
2440 1.787308e-04 7.301169e-06
2441 1.784643e-04 7.279683e-06
2442 1.781989e-04 7.258261e-06
2443 1.779345e-04 7.236901e-06
2444 1.776711e-04 7.215604e-06
2445 1.774087e-04 7.194370e-06
2446 1.771472e-04 7.173198e-06
2447 1.768868e-04 7.152088e-06
2448 1.766273e-04 7.131041e-06
2449 1.763689e-04 7.110056e-06
2450 1.761114e-04 7.089132e-06
2451 1.758549e-04 7.068270e-06
2452 1.755993e-04 7.047469e-06
2453 1.753448e-04 7.026730e-06
2454 1.750912e-04 7.006052e-06
2455 1.748385e-04 6.985434e-06
2456 1.745868e-04 6.964877e-06
2457 1.743361e-04 6.944381e-06
2458 1.740864e-04 6.923945e-06
2459 1.738375e-04 6.903569e-06
2460 1.735897e-04 6.883253e-06
2461 1.733428e-04 6.862996e-06
2462 1.730968e-04 6.842800e-06
2463 1.728517e-04 6.822663e-06
2464 1.726076e-04 6.802585e-06
2465 1.723645e-04 6.782566e-06
2466 1.721222e-04 6.762606e-06
2467 1.718809e-04 6.742705e-06
2468 1.716405e-04 6.722862e-06
2469 1.714011e-04 6.703078e-06
2470 1.711625e-04 6.683352e-06
2471 1.709249e-04 6.663684e-06
2472 1.706881e-04 6.644074e-06
2473 1.704523e-04 6.624522e-06
2474 1.702174e-04 6.605027e-06
2475 1.699834e-04 6.585590e-06
2476 1.697503e-04 6.566210e-06
2477 1.695180e-04 6.546886e-06
2478 1.692867e-04 6.527620e-06
2479 1.690563e-04 6.508410e-06
2480 1.688267e-04 6.489257e-06
2481 1.685981e-04 6.470161e-06
2482 1.683703e-04 6.451120e-06
2483 1.681434e-04 6.432136e-06
2484 1.679173e-04 6.413207e-06
2485 1.676922e-04 6.394334e-06
2486 1.674679e-04 6.375517e-06
2487 1.672445e-04 6.356755e-06
2488 1.670219e-04 6.338048e-06
2489 1.668002e-04 6.319396e-06
2490 1.665793e-04 6.300799e-06
2491 1.663594e-04 6.282257e-06
2492 1.661402e-04 6.263769e-06
2493 1.659219e-04 6.245336e-06
2494 1.657045e-04 6.226957e-06
2495 1.654879e-04 6.208633e-06
2496 1.652721e-04 6.190362e-06
2497 1.650572e-04 6.172145e-06
2498 1.648431e-04 6.153981e-06
2499 1.646298e-04 6.135871e-06
2500 1.644174e-04 6.117814e-06
2501 1.642058e-04 6.099811e-06
2502 1.639950e-04 6.081860e-06
2503 1.637850e-04 6.063962e-06
2504 1.635759e-04 6.046117e-06
2505 1.633676e-04 6.028324e-06
2506 1.631601e-04 6.010584e-06
2507 1.629533e-04 5.992896e-06
2508 1.627474e-04 5.975260e-06
2509 1.625423e-04 5.957676e-06
2510 1.623380e-04 5.940143e-06
2511 1.621345e-04 5.922663e-06
2512 1.619318e-04 5.905233e-06
2513 1.617299e-04 5.887855e-06
2514 1.615288e-04 5.870528e-06
2515 1.613284e-04 5.853252e-06
2516 1.611289e-04 5.836027e-06
2517 1.609301e-04 5.818853e-06
2518 1.607321e-04 5.801729e-06
2519 1.605349e-04 5.784656e-06
2520 1.603384e-04 5.767632e-06
2521 1.601427e-04 5.750659e-06
2522 1.599478e-04 5.733736e-06
2523 1.597537e-04 5.716863e-06
2524 1.595603e-04 5.700039e-06
2525 1.593677e-04 5.683265e-06
2526 1.591758e-04 5.666540e-06
2527 1.589847e-04 5.649864e-06
2528 1.587943e-04 5.633238e-06
2529 1.586047e-04 5.616660e-06
2530 1.584158e-04 5.600131e-06
2531 1.582277e-04 5.583651e-06
2532 1.580403e-04 5.567219e-06
2533 1.578537e-04 5.550836e-06
2534 1.576678e-04 5.534501e-06
2535 1.574826e-04 5.518214e-06
2536 1.572981e-04 5.501975e-06
2537 1.571144e-04 5.485783e-06
2538 1.569314e-04 5.469640e-06
2539 1.567492e-04 5.453544e-06
2540 1.565676e-04 5.437495e-06
2541 1.563868e-04 5.421493e-06
2542 1.562067e-04 5.405539e-06
2543 1.560273e-04 5.389631e-06
2544 1.558486e-04 5.373770e-06
2545 1.556706e-04 5.357956e-06
2546 1.554933e-04 5.342189e-06
2547 1.553167e-04 5.326468e-06
2548 1.551408e-04 5.310793e-06
2549 1.549656e-04 5.295164e-06
2550 1.547912e-04 5.279581e-06
2551 1.546174e-04 5.264045e-06
2552 1.544443e-04 5.248553e-06
2553 1.542718e-04 5.233108e-06
2554 1.541001e-04 5.217708e-06
2555 1.539291e-04 5.202353e-06
2556 1.537587e-04 5.187043e-06
2557 1.535890e-04 5.171779e-06
2558 1.534200e-04 5.156559e-06
2559 1.532516e-04 5.141384e-06
2560 1.530840e-04 5.126254e-06
2561 1.529169e-04 5.111168e-06
2562 1.527506e-04 5.096127e-06
2563 1.525849e-04 5.081130e-06
2564 1.524199e-04 5.066177e-06
2565 1.522555e-04 5.051268e-06
2566 1.520918e-04 5.036404e-06
2567 1.519288e-04 5.021582e-06
2568 1.517664e-04 5.006805e-06
2569 1.516046e-04 4.992071e-06
2570 1.514435e-04 4.977380e-06
2571 1.512831e-04 4.962732e-06
2572 1.511233e-04 4.948128e-06
2573 1.509641e-04 4.933566e-06
2574 1.508055e-04 4.919048e-06
2575 1.506476e-04 4.904572e-06
2576 1.504903e-04 4.890139e-06
2577 1.503337e-04 4.875748e-06
2578 1.501777e-04 4.861399e-06
2579 1.500223e-04 4.847093e-06
2580 1.498675e-04 4.832829e-06
2581 1.497134e-04 4.818607e-06
2582 1.495598e-04 4.804426e-06
2583 1.494069e-04 4.790288e-06
2584 1.492546e-04 4.776191e-06
2585 1.491029e-04 4.762135e-06
2586 1.489518e-04 4.748121e-06
2587 1.488014e-04 4.734148e-06
2588 1.486515e-04 4.720217e-06
2589 1.485022e-04 4.706326e-06
2590 1.483536e-04 4.692476e-06
2591 1.482055e-04 4.678667e-06
2592 1.480580e-04 4.664898e-06
2593 1.479111e-04 4.651170e-06
2594 1.477648e-04 4.637483e-06
2595 1.476191e-04 4.623836e-06
2596 1.474740e-04 4.610228e-06
2597 1.473295e-04 4.596661e-06
2598 1.471856e-04 4.583134e-06
2599 1.470422e-04 4.569647e-06
2600 1.468994e-04 4.556199e-06
2601 1.467572e-04 4.542791e-06
2602 1.466156e-04 4.529422e-06
2603 1.464745e-04 4.516093e-06
2604 1.463340e-04 4.502803e-06
2605 1.461941e-04 4.489552e-06
2606 1.460547e-04 4.476340e-06
2607 1.459159e-04 4.463167e-06
2608 1.457777e-04 4.450033e-06
2609 1.456400e-04 4.436937e-06
2610 1.455029e-04 4.423880e-06
2611 1.453663e-04 4.410861e-06
2612 1.452303e-04 4.397881e-06
2613 1.450948e-04 4.384939e-06
2614 1.449599e-04 4.372035e-06
2615 1.448256e-04 4.359169e-06
2616 1.446917e-04 4.346340e-06
2617 1.445584e-04 4.333550e-06
2618 1.444257e-04 4.320797e-06
2619 1.442935e-04 4.308082e-06
2620 1.441618e-04 4.295404e-06
2621 1.440307e-04 4.282763e-06
2622 1.439001e-04 4.270160e-06
2623 1.437700e-04 4.257593e-06
2624 1.436405e-04 4.245064e-06
2625 1.435115e-04 4.232572e-06
2626 1.433830e-04 4.220116e-06
2627 1.432550e-04 4.207697e-06
2628 1.431275e-04 4.195314e-06
2629 1.430006e-04 4.182968e-06
2630 1.428742e-04 4.170658e-06
2631 1.427483e-04 4.158385e-06
2632 1.426229e-04 4.146148e-06
2633 1.424980e-04 4.133946e-06
2634 1.423736e-04 4.121781e-06
2635 1.422498e-04 4.109651e-06
2636 1.421264e-04 4.097557e-06
2637 1.420035e-04 4.085499e-06
2638 1.418812e-04 4.073476e-06
2639 1.417593e-04 4.061488e-06
2640 1.416380e-04 4.049536e-06
2641 1.415171e-04 4.037619e-06
2642 1.413967e-04 4.025737e-06
2643 1.412768e-04 4.013890e-06
2644 1.411574e-04 4.002078e-06
2645 1.410385e-04 3.990300e-06
2646 1.409201e-04 3.978558e-06
2647 1.408021e-04 3.966849e-06
2648 1.406847e-04 3.955176e-06
2649 1.405677e-04 3.943536e-06
2650 1.404512e-04 3.931931e-06
2651 1.403352e-04 3.920360e-06
2652 1.402196e-04 3.908823e-06
2653 1.401045e-04 3.897320e-06
2654 1.399899e-04 3.885851e-06
2655 1.398757e-04 3.874416e-06
2656 1.397621e-04 3.863014e-06
2657 1.396489e-04 3.851646e-06
2658 1.395361e-04 3.840311e-06
2659 1.394238e-04 3.829010e-06
2660 1.393120e-04 3.817742e-06
2661 1.392006e-04 3.806507e-06
2662 1.390897e-04 3.795305e-06
2663 1.389792e-04 3.784136e-06
2664 1.388692e-04 3.773000e-06
2665 1.387596e-04 3.761897e-06
2666 1.386505e-04 3.750826e-06
2667 1.385419e-04 3.739788e-06
2668 1.384336e-04 3.728783e-06
2669 1.383259e-04 3.717809e-06
2670 1.382185e-04 3.706869e-06
2671 1.381116e-04 3.695960e-06
2672 1.380052e-04 3.685083e-06
2673 1.378991e-04 3.674239e-06
2674 1.377936e-04 3.663426e-06
2675 1.376884e-04 3.652645e-06
2676 1.375837e-04 3.641896e-06
2677 1.374794e-04 3.631179e-06
2678 1.373755e-04 3.620493e-06
2679 1.372721e-04 3.609838e-06
2680 1.371691e-04 3.599215e-06
2681 1.370665e-04 3.588624e-06
2682 1.369643e-04 3.578063e-06
2683 1.368625e-04 3.567533e-06
2684 1.367612e-04 3.557035e-06
2685 1.366603e-04 3.546567e-06
2686 1.365598e-04 3.536130e-06
2687 1.364597e-04 3.525724e-06
2688 1.363600e-04 3.515348e-06
2689 1.362607e-04 3.505003e-06
2690 1.361618e-04 3.494689e-06
2691 1.360634e-04 3.484404e-06
2692 1.359653e-04 3.474150e-06
2693 1.358677e-04 3.463927e-06
2694 1.357704e-04 3.453733e-06
2695 1.356736e-04 3.443569e-06
2696 1.355771e-04 3.433435e-06
2697 1.354811e-04 3.423331e-06
2698 1.353854e-04 3.413257e-06
2699 1.352901e-04 3.403212e-06
2700 1.351953e-04 3.393197e-06
2701 1.351008e-04 3.383212e-06
2702 1.350067e-04 3.373256e-06
2703 1.349130e-04 3.363329e-06
2704 1.348196e-04 3.353431e-06
2705 1.347267e-04 3.343562e-06
2706 1.346341e-04 3.333723e-06
2707 1.345420e-04 3.323912e-06
2708 1.344502e-04 3.314131e-06
2709 1.343587e-04 3.304378e-06
2710 1.342677e-04 3.294654e-06
2711 1.341770e-04 3.284958e-06
2712 1.340867e-04 3.275291e-06
2713 1.339968e-04 3.265652e-06
2714 1.339072e-04 3.256042e-06
2715 1.338180e-04 3.246460e-06
2716 1.337292e-04 3.236906e-06
2717 1.336408e-04 3.227381e-06
2718 1.335527e-04 3.217883e-06
2719 1.334649e-04 3.208414e-06
2720 1.333776e-04 3.198972e-06
2721 1.332906e-04 3.189558e-06
2722 1.332039e-04 3.180171e-06
2723 1.331176e-04 3.170813e-06
2724 1.330317e-04 3.161482e-06
2725 1.329461e-04 3.152178e-06
2726 1.328609e-04 3.142902e-06
2727 1.327760e-04 3.133653e-06
2728 1.326915e-04 3.124431e-06
2729 1.326073e-04 3.115236e-06
2730 1.325235e-04 3.106069e-06
2731 1.324400e-04 3.096928e-06
2732 1.323568e-04 3.087814e-06
2733 1.322740e-04 3.078727e-06
2734 1.321916e-04 3.069667e-06
2735 1.321094e-04 3.060634e-06
2736 1.320277e-04 3.051627e-06
2737 1.319462e-04 3.042646e-06
2738 1.318651e-04 3.033693e-06
2739 1.317843e-04 3.024765e-06
2740 1.317039e-04 3.015864e-06
2741 1.316238e-04 3.006988e-06
2742 1.315440e-04 2.998139e-06
2743 1.314645e-04 2.989316e-06
2744 1.313854e-04 2.980519e-06
2745 1.313066e-04 2.971748e-06
2746 1.312281e-04 2.963003e-06
2747 1.311500e-04 2.954283e-06
2748 1.310722e-04 2.945589e-06
2749 1.309947e-04 2.936921e-06
2750 1.309175e-04 2.928278e-06
2751 1.308406e-04 2.919661e-06
2752 1.307640e-04 2.911069e-06
2753 1.306878e-04 2.902502e-06
2754 1.306119e-04 2.893960e-06
2755 1.305363e-04 2.885444e-06
2756 1.304610e-04 2.876953e-06
2757 1.303860e-04 2.868486e-06
2758 1.303113e-04 2.860045e-06
2759 1.302369e-04 2.851628e-06
2760 1.301629e-04 2.843236e-06
2761 1.300891e-04 2.834869e-06
2762 1.300156e-04 2.826527e-06
2763 1.299425e-04 2.818209e-06
2764 1.298696e-04 2.809915e-06
2765 1.297971e-04 2.801646e-06
2766 1.297248e-04 2.793401e-06
2767 1.296529e-04 2.785181e-06
2768 1.295812e-04 2.776985e-06
2769 1.295099e-04 2.768813e-06
2770 1.294388e-04 2.760664e-06
2771 1.293680e-04 2.752540e-06
2772 1.292975e-04 2.744440e-06
2773 1.292273e-04 2.736364e-06
2774 1.291574e-04 2.728311e-06
2775 1.290878e-04 2.720282e-06
2776 1.290185e-04 2.712277e-06
2777 1.289494e-04 2.704295e-06
2778 1.288807e-04 2.696337e-06
2779 1.288122e-04 2.688402e-06
2780 1.287440e-04 2.680490e-06
2781 1.286761e-04 2.672602e-06
2782 1.286084e-04 2.664737e-06
2783 1.285411e-04 2.656895e-06
2784 1.284740e-04 2.649077e-06
2785 1.284072e-04 2.641281e-06
2786 1.283407e-04 2.633508e-06
2787 1.282744e-04 2.625758e-06
2788 1.282084e-04 2.618031e-06
2789 1.281427e-04 2.610327e-06
2790 1.280773e-04 2.602645e-06
2791 1.280121e-04 2.594986e-06
2792 1.279472e-04 2.587349e-06
2793 1.278826e-04 2.579735e-06
2794 1.278182e-04 2.572143e-06
2795 1.277541e-04 2.564574e-06
2796 1.276903e-04 2.557027e-06
2797 1.276267e-04 2.549502e-06
2798 1.275634e-04 2.541999e-06
2799 1.275003e-04 2.534519e-06
2800 1.274375e-04 2.527060e-06
2801 1.273750e-04 2.519623e-06
2802 1.273127e-04 2.512208e-06
2803 1.272507e-04 2.504815e-06
2804 1.271889e-04 2.497444e-06
2805 1.271274e-04 2.490095e-06
2806 1.270661e-04 2.482767e-06
2807 1.270051e-04 2.475460e-06
2808 1.269443e-04 2.468176e-06
2809 1.268838e-04 2.460912e-06
2810 1.268236e-04 2.453670e-06
2811 1.267635e-04 2.446449e-06
2812 1.267038e-04 2.439250e-06
2813 1.266443e-04 2.432072e-06
2814 1.265850e-04 2.424915e-06
2815 1.265259e-04 2.417778e-06
2816 1.264672e-04 2.410663e-06
2817 1.264086e-04 2.403569e-06
2818 1.263503e-04 2.396496e-06
2819 1.262922e-04 2.389443e-06
2820 1.262344e-04 2.382412e-06
2821 1.261768e-04 2.375401e-06
2822 1.261194e-04 2.368410e-06
2823 1.260623e-04 2.361441e-06
2824 1.260054e-04 2.354491e-06
2825 1.259488e-04 2.347562e-06
2826 1.258923e-04 2.340654e-06
2827 1.258361e-04 2.333766e-06
2828 1.257802e-04 2.326898e-06
2829 1.257244e-04 2.320050e-06
2830 1.256689e-04 2.313223e-06
2831 1.256137e-04 2.306415e-06
2832 1.255586e-04 2.299628e-06
2833 1.255038e-04 2.292861e-06
2834 1.254492e-04 2.286113e-06
2835 1.253948e-04 2.279386e-06
2836 1.253407e-04 2.272678e-06
2837 1.252867e-04 2.265990e-06
2838 1.252330e-04 2.259321e-06
2839 1.251795e-04 2.252672e-06
2840 1.251263e-04 2.246043e-06
2841 1.250732e-04 2.239434e-06
2842 1.250204e-04 2.232843e-06
2843 1.249677e-04 2.226272e-06
2844 1.249153e-04 2.219721e-06
2845 1.248632e-04 2.213189e-06
2846 1.248112e-04 2.206676e-06
2847 1.247594e-04 2.200182e-06
2848 1.247079e-04 2.193707e-06
2849 1.246565e-04 2.187251e-06
2850 1.246054e-04 2.180815e-06
2851 1.245545e-04 2.174397e-06
2852 1.245037e-04 2.167998e-06
2853 1.244532e-04 2.161618e-06
2854 1.244029e-04 2.155257e-06
2855 1.243528e-04 2.148914e-06
2856 1.243029e-04 2.142590e-06
2857 1.242533e-04 2.136285e-06
2858 1.242038e-04 2.129998e-06
2859 1.241545e-04 2.123730e-06
2860 1.241054e-04 2.117480e-06
2861 1.240565e-04 2.111249e-06
2862 1.240078e-04 2.105036e-06
2863 1.239594e-04 2.098841e-06
2864 1.239111e-04 2.092665e-06
2865 1.238630e-04 2.086506e-06
2866 1.238151e-04 2.080366e-06
2867 1.237674e-04 2.074244e-06
2868 1.237199e-04 2.068140e-06
2869 1.236726e-04 2.062054e-06
2870 1.236255e-04 2.055985e-06
2871 1.235785e-04 2.049935e-06
2872 1.235318e-04 2.043902e-06
2873 1.234853e-04 2.037888e-06
2874 1.234389e-04 2.031890e-06
2875 1.233927e-04 2.025911e-06
2876 1.233468e-04 2.019949e-06
2877 1.233010e-04 2.014005e-06
2878 1.232554e-04 2.008078e-06
2879 1.232100e-04 2.002168e-06
2880 1.231647e-04 1.996276e-06
2881 1.231197e-04 1.990402e-06
2882 1.230748e-04 1.984544e-06
2883 1.230301e-04 1.978704e-06
2884 1.229856e-04 1.972881e-06
2885 1.229413e-04 1.967075e-06
2886 1.228971e-04 1.961287e-06
2887 1.228532e-04 1.955515e-06
2888 1.228094e-04 1.949760e-06
2889 1.227658e-04 1.944022e-06
2890 1.227224e-04 1.938301e-06
2891 1.226791e-04 1.932597e-06
2892 1.226360e-04 1.926910e-06
2893 1.225931e-04 1.921240e-06
2894 1.225504e-04 1.915586e-06
2895 1.225078e-04 1.909948e-06
2896 1.224655e-04 1.904328e-06
2897 1.224232e-04 1.898724e-06
2898 1.223812e-04 1.893136e-06
2899 1.223393e-04 1.887565e-06
2900 1.222976e-04 1.882010e-06
2901 1.222561e-04 1.876472e-06
2902 1.222147e-04 1.870950e-06
2903 1.221735e-04 1.865444e-06
2904 1.221325e-04 1.859954e-06
2905 1.220916e-04 1.854481e-06
2906 1.220509e-04 1.849023e-06
2907 1.220104e-04 1.843582e-06
2908 1.219700e-04 1.838156e-06
2909 1.219298e-04 1.832747e-06
2910 1.218898e-04 1.827354e-06
2911 1.218499e-04 1.821976e-06
2912 1.218102e-04 1.816614e-06
2913 1.217706e-04 1.811268e-06
2914 1.217312e-04 1.805938e-06
2915 1.216920e-04 1.800624e-06
2916 1.216529e-04 1.795325e-06
2917 1.216140e-04 1.790041e-06
2918 1.215752e-04 1.784774e-06
2919 1.215366e-04 1.779521e-06
2920 1.214981e-04 1.774284e-06
2921 1.214598e-04 1.769063e-06
2922 1.214217e-04 1.763857e-06
2923 1.213837e-04 1.758666e-06
2924 1.213458e-04 1.753491e-06
2925 1.213081e-04 1.748331e-06
2926 1.212706e-04 1.743186e-06
2927 1.212332e-04 1.738056e-06
2928 1.211960e-04 1.732941e-06
2929 1.211589e-04 1.727841e-06
2930 1.211219e-04 1.722756e-06
2931 1.210851e-04 1.717687e-06
2932 1.210485e-04 1.712632e-06
2933 1.210120e-04 1.707592e-06
2934 1.209757e-04 1.702567e-06
2935 1.209395e-04 1.697556e-06
2936 1.209034e-04 1.692561e-06
2937 1.208675e-04 1.687580e-06
2938 1.208317e-04 1.682614e-06
2939 1.207961e-04 1.677662e-06
2940 1.207606e-04 1.672725e-06
2941 1.207253e-04 1.667802e-06
2942 1.206901e-04 1.662894e-06
2943 1.206550e-04 1.658001e-06
2944 1.206201e-04 1.653122e-06
2945 1.205853e-04 1.648257e-06
2946 1.205507e-04 1.643406e-06
2947 1.205162e-04 1.638570e-06
2948 1.204818e-04 1.633748e-06
2949 1.204476e-04 1.628940e-06
2950 1.204135e-04 1.624146e-06
2951 1.203796e-04 1.619367e-06
2952 1.203457e-04 1.614601e-06
2953 1.203121e-04 1.609850e-06
2954 1.202785e-04 1.605112e-06
2955 1.202451e-04 1.600389e-06
2956 1.202118e-04 1.595679e-06
2957 1.201787e-04 1.590983e-06
2958 1.201457e-04 1.586301e-06
2959 1.201128e-04 1.581633e-06
2960 1.200800e-04 1.576979e-06
2961 1.200474e-04 1.572338e-06
2962 1.200149e-04 1.567711e-06
2963 1.199826e-04 1.563097e-06
2964 1.199503e-04 1.558497e-06
2965 1.199182e-04 1.553911e-06
2966 1.198863e-04 1.549338e-06
2967 1.198544e-04 1.544779e-06
2968 1.198227e-04 1.540233e-06
2969 1.197911e-04 1.535700e-06
2970 1.197596e-04 1.531181e-06
2971 1.197283e-04 1.526675e-06
2972 1.196971e-04 1.522182e-06
2973 1.196660e-04 1.517702e-06
2974 1.196350e-04 1.513236e-06
2975 1.196041e-04 1.508783e-06
2976 1.195734e-04 1.504343e-06
2977 1.195428e-04 1.499916e-06
2978 1.195123e-04 1.495502e-06
2979 1.194820e-04 1.491101e-06
2980 1.194517e-04 1.486713e-06
2981 1.194216e-04 1.482338e-06
2982 1.193916e-04 1.477975e-06
2983 1.193617e-04 1.473626e-06
2984 1.193319e-04 1.469289e-06
2985 1.193023e-04 1.464966e-06
2986 1.192728e-04 1.460654e-06
2987 1.192434e-04 1.456356e-06
2988 1.192141e-04 1.452070e-06
2989 1.191849e-04 1.447797e-06
2990 1.191558e-04 1.443536e-06
2991 1.191269e-04 1.439288e-06
2992 1.190980e-04 1.435053e-06
2993 1.190693e-04 1.430830e-06
2994 1.190407e-04 1.426619e-06
2995 1.190122e-04 1.422421e-06
2996 1.189838e-04 1.418235e-06
2997 1.189555e-04 1.414061e-06
2998 1.189274e-04 1.409900e-06
2999 1.188993e-04 1.405751e-06
3000 1.188714e-04 1.401614e-06
3001 1.188436e-04 1.397489e-06
3002 1.188158e-04 1.393377e-06
3003 1.187882e-04 1.389276e-06
3004 1.187607e-04 1.385188e-06
3005 1.187333e-04 1.381111e-06
3006 1.187060e-04 1.377047e-06
3007 1.186789e-04 1.372995e-06
3008 1.186518e-04 1.368954e-06
3009 1.186248e-04 1.364926e-06
3010 1.185980e-04 1.360909e-06
3011 1.185712e-04 1.356904e-06
3012 1.185446e-04 1.352911e-06
3013 1.185180e-04 1.348929e-06
3014 1.184916e-04 1.344960e-06
3015 1.184652e-04 1.341002e-06
3016 1.184390e-04 1.337055e-06
3017 1.184129e-04 1.333121e-06
3018 1.183869e-04 1.329198e-06
3019 1.183609e-04 1.325286e-06
3020 1.183351e-04 1.321386e-06
3021 1.183094e-04 1.317497e-06
3022 1.182838e-04 1.313620e-06
3023 1.182582e-04 1.309754e-06
3024 1.182328e-04 1.305900e-06
3025 1.182075e-04 1.302057e-06
3026 1.181823e-04 1.298225e-06
3027 1.181571e-04 1.294405e-06
3028 1.181321e-04 1.290596e-06
3029 1.181072e-04 1.286798e-06
3030 1.180823e-04 1.283011e-06
3031 1.180576e-04 1.279235e-06
3032 1.180330e-04 1.275471e-06
3033 1.180084e-04 1.271717e-06
3034 1.179840e-04 1.267975e-06
3035 1.179596e-04 1.264243e-06
3036 1.179354e-04 1.260523e-06
3037 1.179112e-04 1.256813e-06
3038 1.178871e-04 1.253115e-06
3039 1.178632e-04 1.249427e-06
3040 1.178393e-04 1.245750e-06
3041 1.178155e-04 1.242084e-06
3042 1.177918e-04 1.238429e-06
3043 1.177682e-04 1.234784e-06
3044 1.177447e-04 1.231151e-06
3045 1.177213e-04 1.227528e-06
3046 1.176979e-04 1.223915e-06
3047 1.176747e-04 1.220313e-06
3048 1.176515e-04 1.216722e-06
3049 1.176285e-04 1.213142e-06
3050 1.176055e-04 1.209572e-06
3051 1.175826e-04 1.206012e-06
3052 1.175598e-04 1.202463e-06
3053 1.175371e-04 1.198924e-06
3054 1.175145e-04 1.195396e-06
3055 1.174920e-04 1.191878e-06
3056 1.174695e-04 1.188371e-06
3057 1.174472e-04 1.184874e-06
3058 1.174249e-04 1.181387e-06
3059 1.174027e-04 1.177910e-06
3060 1.173806e-04 1.174444e-06
3061 1.173586e-04 1.170988e-06
3062 1.173367e-04 1.167542e-06
3063 1.173148e-04 1.164106e-06
3064 1.172931e-04 1.160680e-06
3065 1.172714e-04 1.157264e-06
3066 1.172498e-04 1.153859e-06
3067 1.172283e-04 1.150463e-06
3068 1.172069e-04 1.147077e-06
3069 1.171855e-04 1.143702e-06
3070 1.171643e-04 1.140336e-06
3071 1.171431e-04 1.136980e-06
3072 1.171220e-04 1.133634e-06
3073 1.171010e-04 1.130298e-06
3074 1.170800e-04 1.126972e-06
3075 1.170592e-04 1.123656e-06
3076 1.170384e-04 1.120349e-06
3077 1.170177e-04 1.117052e-06
3078 1.169971e-04 1.113765e-06
3079 1.169766e-04 1.110487e-06
3080 1.169561e-04 1.107219e-06
3081 1.169357e-04 1.103961e-06
3082 1.169154e-04 1.100712e-06
3083 1.168952e-04 1.097473e-06
3084 1.168751e-04 1.094243e-06
3085 1.168550e-04 1.091023e-06
3086 1.168350e-04 1.087812e-06
3087 1.168151e-04 1.084611e-06
3088 1.167952e-04 1.081419e-06
3089 1.167755e-04 1.078237e-06
3090 1.167558e-04 1.075064e-06
3091 1.167362e-04 1.071900e-06
3092 1.167166e-04 1.068745e-06
3093 1.166972e-04 1.065600e-06
3094 1.166778e-04 1.062464e-06
3095 1.166585e-04 1.059338e-06
3096 1.166392e-04 1.056220e-06
3097 1.166201e-04 1.053112e-06
3098 1.166010e-04 1.050013e-06
3099 1.165820e-04 1.046923e-06
3100 1.165630e-04 1.043842e-06
3101 1.165441e-04 1.040770e-06
3102 1.165253e-04 1.037707e-06
3103 1.165066e-04 1.034654e-06
3104 1.164879e-04 1.031609e-06
3105 1.164693e-04 1.028573e-06
3106 1.164508e-04 1.025546e-06
3107 1.164324e-04 1.022528e-06
3108 1.164140e-04 1.019519e-06
3109 1.163957e-04 1.016519e-06
3110 1.163774e-04 1.013527e-06
3111 1.163593e-04 1.010545e-06
3112 1.163412e-04 1.007571e-06
3113 1.163231e-04 1.004606e-06
3114 1.163052e-04 1.001649e-06
3115 1.162873e-04 9.987016e-07
3116 1.162694e-04 9.957626e-07
3117 1.162517e-04 9.928323e-07
3118 1.162340e-04 9.899106e-07
3119 1.162163e-04 9.869974e-07
3120 1.161988e-04 9.840929e-07
3121 1.161813e-04 9.811969e-07
3122 1.161638e-04 9.783094e-07
3123 1.161465e-04 9.754304e-07
3124 1.161292e-04 9.725599e-07
3125 1.161119e-04 9.696978e-07
3126 1.160948e-04 9.668441e-07
3127 1.160777e-04 9.639989e-07
3128 1.160606e-04 9.611620e-07
3129 1.160437e-04 9.583335e-07
3130 1.160268e-04 9.555133e-07
3131 1.160099e-04 9.527014e-07
3132 1.159931e-04 9.498977e-07
3133 1.159764e-04 9.471024e-07
3134 1.159597e-04 9.443152e-07
3135 1.159431e-04 9.415363e-07
3136 1.159266e-04 9.387655e-07
3137 1.159101e-04 9.360029e-07
3138 1.158937e-04 9.332484e-07
3139 1.158774e-04 9.305020e-07
3140 1.158611e-04 9.277637e-07
3141 1.158449e-04 9.250334e-07
3142 1.158287e-04 9.223112e-07
3143 1.158126e-04 9.195970e-07
3144 1.157966e-04 9.168908e-07
3145 1.157806e-04 9.141926e-07
3146 1.157647e-04 9.115023e-07
3147 1.157488e-04 9.088199e-07
3148 1.157330e-04 9.061454e-07
3149 1.157173e-04 9.034788e-07
3150 1.157016e-04 9.008200e-07
3151 1.156859e-04 8.981690e-07
3152 1.156704e-04 8.955259e-07
3153 1.156549e-04 8.928905e-07
3154 1.156394e-04 8.902629e-07
3155 1.156240e-04 8.876430e-07
3156 1.156087e-04 8.850308e-07
3157 1.155934e-04 8.824263e-07
3158 1.155782e-04 8.798295e-07
3159 1.155630e-04 8.772403e-07
3160 1.155479e-04 8.746588e-07
3161 1.155328e-04 8.720848e-07
3162 1.155178e-04 8.695184e-07
3163 1.155029e-04 8.669596e-07
3164 1.154880e-04 8.644083e-07
3165 1.154732e-04 8.618645e-07
3166 1.154584e-04 8.593281e-07
3167 1.154437e-04 8.567993e-07
3168 1.154290e-04 8.542779e-07
3169 1.154144e-04 8.517639e-07
3170 1.153998e-04 8.492573e-07
3171 1.153853e-04 8.467581e-07
3172 1.153709e-04 8.442662e-07
3173 1.153565e-04 8.417817e-07
3174 1.153422e-04 8.393045e-07
3175 1.153279e-04 8.368346e-07
3176 1.153136e-04 8.343719e-07
3177 1.152994e-04 8.319165e-07
3178 1.152853e-04 8.294683e-07
3179 1.152712e-04 8.270273e-07
3180 1.152572e-04 8.245936e-07
3181 1.152432e-04 8.221669e-07
3182 1.152293e-04 8.197474e-07
3183 1.152154e-04 8.173351e-07
3184 1.152016e-04 8.149298e-07
3185 1.151878e-04 8.125316e-07
3186 1.151741e-04 8.101405e-07
3187 1.151605e-04 8.077564e-07
3188 1.151468e-04 8.053793e-07
3189 1.151333e-04 8.030092e-07
3190 1.151197e-04 8.006461e-07
3191 1.151063e-04 7.982899e-07
3192 1.150929e-04 7.959407e-07
3193 1.150795e-04 7.935984e-07
3194 1.150662e-04 7.912630e-07
3195 1.150529e-04 7.889344e-07
3196 1.150397e-04 7.866127e-07
3197 1.150265e-04 7.842979e-07
3198 1.150134e-04 7.819898e-07
3199 1.150003e-04 7.796885e-07
3200 1.149873e-04 7.773941e-07
3201 1.149743e-04 7.751063e-07
3202 1.149614e-04 7.728253e-07
3203 1.149485e-04 7.705510e-07
3204 1.149356e-04 7.682834e-07
3205 1.149228e-04 7.660225e-07
3206 1.149101e-04 7.637683e-07
3207 1.148974e-04 7.615206e-07
3208 1.148847e-04 7.592796e-07
3209 1.148721e-04 7.570452e-07
3210 1.148596e-04 7.548173e-07
3211 1.148471e-04 7.525960e-07
3212 1.148346e-04 7.503813e-07
3213 1.148222e-04 7.481730e-07
3214 1.148098e-04 7.459713e-07
3215 1.147975e-04 7.437760e-07
3216 1.147852e-04 7.415872e-07
3217 1.147729e-04 7.394049e-07
3218 1.147607e-04 7.372289e-07
3219 1.147486e-04 7.350594e-07
3220 1.147365e-04 7.328963e-07
3221 1.147244e-04 7.307395e-07
3222 1.147124e-04 7.285890e-07
3223 1.147004e-04 7.264449e-07
3224 1.146885e-04 7.243071e-07
3225 1.146766e-04 7.221756e-07
3226 1.146647e-04 7.200504e-07
3227 1.146529e-04 7.179314e-07
3228 1.146412e-04 7.158187e-07
3229 1.146294e-04 7.137121e-07
3230 1.146178e-04 7.116118e-07
3231 1.146061e-04 7.095177e-07
3232 1.145945e-04 7.074297e-07
3233 1.145830e-04 7.053478e-07
3234 1.145715e-04 7.032721e-07
3235 1.145600e-04 7.012025e-07
3236 1.145486e-04 6.991390e-07
3237 1.145372e-04 6.970816e-07
3238 1.145259e-04 6.950302e-07
3239 1.145146e-04 6.929848e-07
3240 1.145033e-04 6.909455e-07
3241 1.144921e-04 6.889122e-07
3242 1.144809e-04 6.868848e-07
3243 1.144698e-04 6.848634e-07
3244 1.144587e-04 6.828480e-07
3245 1.144476e-04 6.808385e-07
3246 1.144366e-04 6.788349e-07
3247 1.144256e-04 6.768372e-07
3248 1.144147e-04 6.748454e-07
3249 1.144038e-04 6.728595e-07
3250 1.143929e-04 6.708794e-07
3251 1.143821e-04 6.689051e-07
3252 1.143713e-04 6.669366e-07
3253 1.143606e-04 6.649739e-07
3254 1.143499e-04 6.630170e-07
3255 1.143392e-04 6.610659e-07
3256 1.143286e-04 6.591205e-07
3257 1.143180e-04 6.571808e-07
3258 1.143074e-04 6.552469e-07
3259 1.142969e-04 6.533186e-07
3260 1.142865e-04 6.513960e-07
3261 1.142760e-04 6.494790e-07
3262 1.142656e-04 6.475677e-07
3263 1.142553e-04 6.456621e-07
3264 1.142449e-04 6.437620e-07
3265 1.142346e-04 6.418675e-07
3266 1.142244e-04 6.399786e-07
3267 1.142142e-04 6.380953e-07
3268 1.142040e-04 6.362175e-07
3269 1.141938e-04 6.343452e-07
3270 1.141837e-04 6.324784e-07
3271 1.141737e-04 6.306171e-07
3272 1.141636e-04 6.287614e-07
3273 1.141536e-04 6.269110e-07
3274 1.141437e-04 6.250661e-07
3275 1.141337e-04 6.232267e-07
3276 1.141239e-04 6.213926e-07
3277 1.141140e-04 6.195640e-07
3278 1.141042e-04 6.177407e-07
3279 1.140944e-04 6.159228e-07
3280 1.140846e-04 6.141103e-07
3281 1.140749e-04 6.123030e-07
3282 1.140652e-04 6.105011e-07
3283 1.140556e-04 6.087045e-07
3284 1.140460e-04 6.069132e-07
3285 1.140364e-04 6.051272e-07
3286 1.140269e-04 6.033464e-07
3287 1.140173e-04 6.015709e-07
3288 1.140079e-04 5.998006e-07
3289 1.139984e-04 5.980355e-07
3290 1.139890e-04 5.962755e-07
3291 1.139796e-04 5.945208e-07
3292 1.139703e-04 5.927712e-07
3293 1.139610e-04 5.910268e-07
3294 1.139517e-04 5.892875e-07
3295 1.139425e-04 5.875534e-07
3296 1.139333e-04 5.858243e-07
3297 1.139241e-04 5.841003e-07
3298 1.139149e-04 5.823814e-07
3299 1.139058e-04 5.806676e-07
3300 1.138967e-04 5.789588e-07
3301 1.138877e-04 5.772550e-07
3302 1.138787e-04 5.755562e-07
3303 1.138697e-04 5.738625e-07
3304 1.138607e-04 5.721737e-07
3305 1.138518e-04 5.704899e-07
3306 1.138429e-04 5.688110e-07
3307 1.138341e-04 5.671371e-07
3308 1.138252e-04 5.654682e-07
3309 1.138164e-04 5.638041e-07
3310 1.138077e-04 5.621449e-07
3311 1.137989e-04 5.604906e-07
3312 1.137902e-04 5.588412e-07
3313 1.137815e-04 5.571966e-07
3314 1.137729e-04 5.555569e-07
3315 1.137643e-04 5.539220e-07
3316 1.137557e-04 5.522919e-07
3317 1.137472e-04 5.506666e-07
3318 1.137386e-04 5.490461e-07
3319 1.137301e-04 5.474303e-07
3320 1.137217e-04 5.458193e-07
3321 1.137132e-04 5.442131e-07
3322 1.137048e-04 5.426116e-07
3323 1.136965e-04 5.410148e-07
3324 1.136881e-04 5.394227e-07
3325 1.136798e-04 5.378352e-07
3326 1.136715e-04 5.362525e-07
3327 1.136633e-04 5.346744e-07
3328 1.136550e-04 5.331009e-07
3329 1.136468e-04 5.315321e-07
3330 1.136387e-04 5.299679e-07
3331 1.136305e-04 5.284083e-07
3332 1.136224e-04 5.268533e-07
3333 1.136143e-04 5.253028e-07
3334 1.136063e-04 5.237570e-07
3335 1.135982e-04 5.222157e-07
3336 1.135902e-04 5.206789e-07
3337 1.135823e-04 5.191466e-07
3338 1.135743e-04 5.176188e-07
3339 1.135664e-04 5.160956e-07
3340 1.135585e-04 5.145768e-07
3341 1.135507e-04 5.130625e-07
3342 1.135428e-04 5.115526e-07
3343 1.135350e-04 5.100472e-07
3344 1.135272e-04 5.085463e-07
3345 1.135195e-04 5.070497e-07
3346 1.135118e-04 5.055575e-07
3347 1.135041e-04 5.040698e-07
3348 1.134964e-04 5.025864e-07
3349 1.134887e-04 5.011074e-07
3350 1.134811e-04 4.996327e-07
3351 1.134735e-04 4.981624e-07
3352 1.134660e-04 4.966964e-07
3353 1.134584e-04 4.952347e-07
3354 1.134509e-04 4.937773e-07
3355 1.134434e-04 4.923242e-07
3356 1.134360e-04 4.908754e-07
3357 1.134285e-04 4.894308e-07
3358 1.134211e-04 4.879905e-07
3359 1.134137e-04 4.865544e-07
3360 1.134064e-04 4.851226e-07
3361 1.133991e-04 4.836950e-07
3362 1.133917e-04 4.822715e-07
3363 1.133845e-04 4.808523e-07
3364 1.133772e-04 4.794372e-07
3365 1.133700e-04 4.780263e-07
3366 1.133628e-04 4.766196e-07
3367 1.133556e-04 4.752170e-07
3368 1.133484e-04 4.738185e-07
3369 1.133413e-04 4.724241e-07
3370 1.133342e-04 4.710339e-07
3371 1.133271e-04 4.696477e-07
3372 1.133200e-04 4.682656e-07
3373 1.133130e-04 4.668876e-07
3374 1.133060e-04 4.655136e-07
3375 1.132990e-04 4.641437e-07
3376 1.132921e-04 4.627778e-07
3377 1.132851e-04 4.614159e-07
3378 1.132782e-04 4.600581e-07
3379 1.132713e-04 4.587042e-07
3380 1.132644e-04 4.573543e-07
3381 1.132576e-04 4.560084e-07
3382 1.132508e-04 4.546664e-07
3383 1.132440e-04 4.533284e-07
3384 1.132372e-04 4.519944e-07
3385 1.132305e-04 4.506642e-07
3386 1.132237e-04 4.493380e-07
3387 1.132170e-04 4.480157e-07
3388 1.132104e-04 4.466973e-07
3389 1.132037e-04 4.453827e-07
3390 1.131971e-04 4.440720e-07
3391 1.131905e-04 4.427652e-07
3392 1.131839e-04 4.414622e-07
3393 1.131773e-04 4.401631e-07
3394 1.131708e-04 4.388678e-07
3395 1.131642e-04 4.375762e-07
3396 1.131577e-04 4.362885e-07
3397 1.131513e-04 4.350046e-07
3398 1.131448e-04 4.337245e-07
3399 1.131384e-04 4.324481e-07
3400 1.131320e-04 4.311755e-07
3401 1.131256e-04 4.299066e-07
3402 1.131192e-04 4.286415e-07
3403 1.131129e-04 4.273801e-07
3404 1.131065e-04 4.261224e-07
3405 1.131002e-04 4.248683e-07
3406 1.130940e-04 4.236180e-07
3407 1.130877e-04 4.223714e-07
3408 1.130815e-04 4.211284e-07
3409 1.130753e-04 4.198891e-07
3410 1.130691e-04 4.186535e-07
3411 1.130629e-04 4.174215e-07
3412 1.130567e-04 4.161931e-07
3413 1.130506e-04 4.149683e-07
3414 1.130445e-04 4.137471e-07
3415 1.130384e-04 4.125295e-07
3416 1.130323e-04 4.113155e-07
3417 1.130263e-04 4.101051e-07
3418 1.130203e-04 4.088982e-07
3419 1.130142e-04 4.076949e-07
3420 1.130083e-04 4.064951e-07
3421 1.130023e-04 4.052989e-07
3422 1.129964e-04 4.041062e-07
3423 1.129904e-04 4.029169e-07
3424 1.129845e-04 4.017312e-07
3425 1.129786e-04 4.005490e-07
3426 1.129728e-04 3.993703e-07
3427 1.129669e-04 3.981950e-07
3428 1.129611e-04 3.970232e-07
3429 1.129553e-04 3.958548e-07
3430 1.129495e-04 3.946899e-07
3431 1.129437e-04 3.935284e-07
3432 1.129380e-04 3.923703e-07
3433 1.129323e-04 3.912156e-07
3434 1.129265e-04 3.900643e-07
3435 1.129209e-04 3.889164e-07
3436 1.129152e-04 3.877719e-07
3437 1.129095e-04 3.866308e-07
3438 1.129039e-04 3.854930e-07
3439 1.128983e-04 3.843586e-07
3440 1.128927e-04 3.832275e-07
3441 1.128871e-04 3.820997e-07
3442 1.128816e-04 3.809752e-07
3443 1.128760e-04 3.798541e-07
3444 1.128705e-04 3.787363e-07
3445 1.128650e-04 3.776217e-07
3446 1.128595e-04 3.765104e-07
3447 1.128541e-04 3.754024e-07
3448 1.128486e-04 3.742977e-07
3449 1.128432e-04 3.731962e-07
3450 1.128378e-04 3.720979e-07
3451 1.128324e-04 3.710029e-07
3452 1.128270e-04 3.699111e-07
3453 1.128217e-04 3.688225e-07
3454 1.128163e-04 3.677372e-07
3455 1.128110e-04 3.666550e-07
3456 1.128057e-04 3.655760e-07
3457 1.128004e-04 3.645002e-07
3458 1.127952e-04 3.634275e-07
3459 1.127899e-04 3.623580e-07
3460 1.127847e-04 3.612916e-07
3461 1.127795e-04 3.602284e-07
3462 1.127743e-04 3.591683e-07
3463 1.127691e-04 3.581114e-07
3464 1.127640e-04 3.570575e-07
3465 1.127588e-04 3.560067e-07
3466 1.127537e-04 3.549591e-07
3467 1.127486e-04 3.539145e-07
3468 1.127435e-04 3.528730e-07
3469 1.127384e-04 3.518346e-07
3470 1.127334e-04 3.507992e-07
3471 1.127283e-04 3.497668e-07
3472 1.127233e-04 3.487375e-07
3473 1.127183e-04 3.477113e-07
3474 1.127133e-04 3.466880e-07
3475 1.127083e-04 3.456678e-07
3476 1.127034e-04 3.446505e-07
3477 1.126984e-04 3.436363e-07
3478 1.126935e-04 3.426250e-07
3479 1.126886e-04 3.416167e-07
3480 1.126837e-04 3.406114e-07
3481 1.126788e-04 3.396091e-07
3482 1.126740e-04 3.386096e-07
3483 1.126691e-04 3.376132e-07
3484 1.126643e-04 3.366196e-07
3485 1.126595e-04 3.356290e-07
3486 1.126547e-04 3.346413e-07
3487 1.126499e-04 3.336565e-07
3488 1.126452e-04 3.326746e-07
3489 1.126404e-04 3.316956e-07
3490 1.126357e-04 3.307195e-07
3491 1.126310e-04 3.297463e-07
3492 1.126263e-04 3.287759e-07
3493 1.126216e-04 3.278084e-07
3494 1.126169e-04 3.268437e-07
3495 1.126123e-04 3.258818e-07
3496 1.126077e-04 3.249228e-07
3497 1.126030e-04 3.239666e-07
3498 1.125984e-04 3.230133e-07
3499 1.125938e-04 3.220627e-07
3500 1.125893e-04 3.211149e-07
3501 1.125847e-04 3.201699e-07
3502 1.125802e-04 3.192277e-07
3503 1.125756e-04 3.182883e-07
3504 1.125711e-04 3.173516e-07
3505 1.125666e-04 3.164177e-07
3506 1.125621e-04 3.154866e-07
3507 1.125577e-04 3.145581e-07
3508 1.125532e-04 3.136325e-07
3509 1.125488e-04 3.127095e-07
3510 1.125443e-04 3.117892e-07
3511 1.125399e-04 3.108717e-07
3512 1.125355e-04 3.099569e-07
3513 1.125312e-04 3.090447e-07
3514 1.125268e-04 3.081352e-07
3515 1.125224e-04 3.072285e-07
3516 1.125181e-04 3.063243e-07
3517 1.125138e-04 3.054229e-07
3518 1.125095e-04 3.045241e-07
3519 1.125052e-04 3.036279e-07
3520 1.125009e-04 3.027344e-07
3521 1.124966e-04 3.018435e-07
3522 1.124924e-04 3.009552e-07
3523 1.124881e-04 3.000696e-07
3524 1.124839e-04 2.991865e-07
3525 1.124797e-04 2.983061e-07
3526 1.124755e-04 2.974282e-07
3527 1.124713e-04 2.965529e-07
3528 1.124672e-04 2.956802e-07
3529 1.124630e-04 2.948101e-07
3530 1.124589e-04 2.939425e-07
3531 1.124547e-04 2.930775e-07
3532 1.124506e-04 2.922150e-07
3533 1.124465e-04 2.913551e-07
3534 1.124424e-04 2.904977e-07
3535 1.124383e-04 2.896428e-07
3536 1.124343e-04 2.887904e-07
3537 1.124302e-04 2.879406e-07
3538 1.124262e-04 2.870932e-07
3539 1.124222e-04 2.862483e-07
3540 1.124182e-04 2.854060e-07
3541 1.124142e-04 2.845661e-07
3542 1.124102e-04 2.837286e-07
3543 1.124062e-04 2.828937e-07
3544 1.124023e-04 2.820612e-07
3545 1.123983e-04 2.812311e-07
3546 1.123944e-04 2.804035e-07
3547 1.123905e-04 2.795783e-07
3548 1.123866e-04 2.787556e-07
3549 1.123827e-04 2.779352e-07
3550 1.123788e-04 2.771173e-07
3551 1.123750e-04 2.763018e-07
3552 1.123711e-04 2.754887e-07
3553 1.123673e-04 2.746780e-07
3554 1.123634e-04 2.738697e-07
3555 1.123596e-04 2.730637e-07
3556 1.123558e-04 2.722601e-07
3557 1.123520e-04 2.714589e-07
3558 1.123482e-04 2.706601e-07
3559 1.123445e-04 2.698636e-07
3560 1.123407e-04 2.690694e-07
3561 1.123370e-04 2.682776e-07
3562 1.123333e-04 2.674881e-07
3563 1.123295e-04 2.667009e-07
3564 1.123258e-04 2.659161e-07
3565 1.123221e-04 2.651335e-07
3566 1.123185e-04 2.643533e-07
3567 1.123148e-04 2.635753e-07
3568 1.123111e-04 2.627997e-07
3569 1.123075e-04 2.620263e-07
3570 1.123039e-04 2.612552e-07
3571 1.123002e-04 2.604864e-07
3572 1.122966e-04 2.597198e-07
3573 1.122930e-04 2.589555e-07
3574 1.122895e-04 2.581935e-07
3575 1.122859e-04 2.574336e-07
3576 1.122823e-04 2.566761e-07
3577 1.122788e-04 2.559207e-07
3578 1.122752e-04 2.551676e-07
3579 1.122717e-04 2.544167e-07
3580 1.122682e-04 2.536680e-07
3581 1.122647e-04 2.529215e-07
3582 1.122612e-04 2.521772e-07
3583 1.122577e-04 2.514350e-07
3584 1.122542e-04 2.506951e-07
3585 1.122508e-04 2.499574e-07
3586 1.122473e-04 2.492218e-07
3587 1.122439e-04 2.484884e-07
3588 1.122405e-04 2.477571e-07
3589 1.122370e-04 2.470280e-07
3590 1.122336e-04 2.463010e-07
3591 1.122303e-04 2.455762e-07
3592 1.122269e-04 2.448535e-07
3593 1.122235e-04 2.441330e-07
3594 1.122201e-04 2.434145e-07
3595 1.122168e-04 2.426982e-07
3596 1.122135e-04 2.419840e-07
3597 1.122101e-04 2.412719e-07
3598 1.122068e-04 2.405619e-07
3599 1.122035e-04 2.398539e-07
3600 1.122002e-04 2.391481e-07
3601 1.121969e-04 2.384443e-07
3602 1.121937e-04 2.377426e-07
3603 1.121904e-04 2.370430e-07
3604 1.121871e-04 2.363454e-07
3605 1.121839e-04 2.356499e-07
3606 1.121807e-04 2.349564e-07
3607 1.121774e-04 2.342650e-07
3608 1.121742e-04 2.335756e-07
3609 1.121710e-04 2.328882e-07
3610 1.121678e-04 2.322028e-07
3611 1.121647e-04 2.315195e-07
3612 1.121615e-04 2.308382e-07
3613 1.121583e-04 2.301589e-07
3614 1.121552e-04 2.294816e-07
3615 1.121520e-04 2.288062e-07
3616 1.121489e-04 2.281329e-07
3617 1.121458e-04 2.274615e-07
3618 1.121427e-04 2.267922e-07
3619 1.121396e-04 2.261248e-07
3620 1.121365e-04 2.254593e-07
3621 1.121334e-04 2.247958e-07
3622 1.121304e-04 2.241343e-07
3623 1.121273e-04 2.234747e-07
3624 1.121243e-04 2.228171e-07
3625 1.121212e-04 2.221613e-07
3626 1.121182e-04 2.215076e-07
3627 1.121152e-04 2.208557e-07
3628 1.121122e-04 2.202058e-07
3629 1.121092e-04 2.195577e-07
3630 1.121062e-04 2.189116e-07
3631 1.121032e-04 2.182674e-07
3632 1.121002e-04 2.176251e-07
3633 1.120972e-04 2.169847e-07
3634 1.120943e-04 2.163461e-07
3635 1.120914e-04 2.157094e-07
3636 1.120884e-04 2.150746e-07
3637 1.120855e-04 2.144417e-07
3638 1.120826e-04 2.138107e-07
3639 1.120797e-04 2.131814e-07
3640 1.120768e-04 2.125541e-07
3641 1.120739e-04 2.119286e-07
3642 1.120710e-04 2.113049e-07
3643 1.120681e-04 2.106831e-07
3644 1.120653e-04 2.100631e-07
3645 1.120624e-04 2.094449e-07
3646 1.120596e-04 2.088285e-07
3647 1.120568e-04 2.082140e-07
3648 1.120539e-04 2.076013e-07
3649 1.120511e-04 2.069903e-07
3650 1.120483e-04 2.063812e-07
3651 1.120455e-04 2.057738e-07
3652 1.120427e-04 2.051683e-07
3653 1.120400e-04 2.045645e-07
3654 1.120372e-04 2.039625e-07
3655 1.120344e-04 2.033623e-07
3656 1.120317e-04 2.027638e-07
3657 1.120289e-04 2.021671e-07
3658 1.120262e-04 2.015722e-07
3659 1.120235e-04 2.009790e-07
3660 1.120208e-04 2.003876e-07
3661 1.120181e-04 1.997979e-07
3662 1.120154e-04 1.992099e-07
3663 1.120127e-04 1.986236e-07
3664 1.120100e-04 1.980391e-07
3665 1.120073e-04 1.974563e-07
3666 1.120047e-04 1.968753e-07
3667 1.120020e-04 1.962959e-07
3668 1.119994e-04 1.957182e-07
3669 1.119967e-04 1.951423e-07
3670 1.119941e-04 1.945680e-07
3671 1.119915e-04 1.939954e-07
3672 1.119888e-04 1.934245e-07
3673 1.119862e-04 1.928553e-07
3674 1.119836e-04 1.922878e-07
3675 1.119811e-04 1.917219e-07
3676 1.119785e-04 1.911577e-07
3677 1.119759e-04 1.905951e-07
3678 1.119733e-04 1.900343e-07
3679 1.119708e-04 1.894750e-07
3680 1.119682e-04 1.889174e-07
3681 1.119657e-04 1.883615e-07
3682 1.119632e-04 1.878072e-07
3683 1.119606e-04 1.872545e-07
3684 1.119581e-04 1.867034e-07
3685 1.119556e-04 1.861540e-07
3686 1.119531e-04 1.856062e-07
3687 1.119506e-04 1.850600e-07
3688 1.119481e-04 1.845154e-07
3689 1.119457e-04 1.839724e-07
3690 1.119432e-04 1.834310e-07
3691 1.119407e-04 1.828912e-07
3692 1.119383e-04 1.823530e-07
3693 1.119358e-04 1.818163e-07
3694 1.119334e-04 1.812813e-07
3695 1.119310e-04 1.807478e-07
3696 1.119285e-04 1.802159e-07
3697 1.119261e-04 1.796855e-07
3698 1.119237e-04 1.791568e-07
3699 1.119213e-04 1.786295e-07
3700 1.119189e-04 1.781039e-07
3701 1.119166e-04 1.775797e-07
3702 1.119142e-04 1.770571e-07
3703 1.119118e-04 1.765361e-07
3704 1.119094e-04 1.760166e-07
3705 1.119071e-04 1.754986e-07
3706 1.119048e-04 1.749821e-07
3707 1.119024e-04 1.744672e-07
3708 1.119001e-04 1.739538e-07
3709 1.118978e-04 1.734418e-07
3710 1.118954e-04 1.729314e-07
3711 1.118931e-04 1.724225e-07
3712 1.118908e-04 1.719151e-07
3713 1.118885e-04 1.714092e-07
3714 1.118862e-04 1.709048e-07
3715 1.118840e-04 1.704018e-07
3716 1.118817e-04 1.699004e-07
3717 1.118794e-04 1.694004e-07
3718 1.118772e-04 1.689019e-07
3719 1.118749e-04 1.684048e-07
3720 1.118727e-04 1.679092e-07
3721 1.118704e-04 1.674151e-07
3722 1.118682e-04 1.669224e-07
3723 1.118660e-04 1.664312e-07
3724 1.118638e-04 1.659414e-07
3725 1.118616e-04 1.654531e-07
3726 1.118594e-04 1.649662e-07
3727 1.118572e-04 1.644807e-07
3728 1.118550e-04 1.639967e-07
3729 1.118528e-04 1.635141e-07
3730 1.118506e-04 1.630329e-07
3731 1.118484e-04 1.625531e-07
3732 1.118463e-04 1.620748e-07
3733 1.118441e-04 1.615978e-07
3734 1.118420e-04 1.611222e-07
3735 1.118398e-04 1.606481e-07
3736 1.118377e-04 1.601753e-07
3737 1.118356e-04 1.597040e-07
3738 1.118335e-04 1.592340e-07
3739 1.118314e-04 1.587654e-07
3740 1.118292e-04 1.582982e-07
3741 1.118271e-04 1.578323e-07
3742 1.118251e-04 1.573679e-07
3743 1.118230e-04 1.569047e-07
3744 1.118209e-04 1.564430e-07
3745 1.118188e-04 1.559826e-07
3746 1.118167e-04 1.555236e-07
3747 1.118147e-04 1.550659e-07
3748 1.118126e-04 1.546096e-07
3749 1.118106e-04 1.541546e-07
3750 1.118085e-04 1.537009e-07
3751 1.118065e-04 1.532486e-07
3752 1.118045e-04 1.527976e-07
3753 1.118024e-04 1.523480e-07
3754 1.118004e-04 1.518997e-07
3755 1.117984e-04 1.514526e-07
3756 1.117964e-04 1.510069e-07
3757 1.117944e-04 1.505626e-07
3758 1.117924e-04 1.501195e-07
3759 1.117904e-04 1.496777e-07
3760 1.117885e-04 1.492372e-07
3761 1.117865e-04 1.487980e-07
3762 1.117845e-04 1.483602e-07
3763 1.117826e-04 1.479236e-07
3764 1.117806e-04 1.474883e-07
3765 1.117787e-04 1.470542e-07
3766 1.117767e-04 1.466215e-07
3767 1.117748e-04 1.461900e-07
3768 1.117729e-04 1.457598e-07
3769 1.117709e-04 1.453308e-07
3770 1.117690e-04 1.449031e-07
3771 1.117671e-04 1.444767e-07
3772 1.117652e-04 1.440516e-07
3773 1.117633e-04 1.436276e-07
3774 1.117614e-04 1.432050e-07
3775 1.117595e-04 1.427835e-07
3776 1.117576e-04 1.423633e-07
3777 1.117558e-04 1.419444e-07
3778 1.117539e-04 1.415267e-07
3779 1.117520e-04 1.411102e-07
3780 1.117502e-04 1.406949e-07
3781 1.117483e-04 1.402809e-07
3782 1.117465e-04 1.398681e-07
3783 1.117446e-04 1.394565e-07
3784 1.117428e-04 1.390461e-07
3785 1.117410e-04 1.386369e-07
3786 1.117391e-04 1.382289e-07
3787 1.117373e-04 1.378221e-07
3788 1.117355e-04 1.374165e-07
3789 1.117337e-04 1.370121e-07
3790 1.117319e-04 1.366089e-07
3791 1.117301e-04 1.362069e-07
3792 1.117283e-04 1.358061e-07
3793 1.117265e-04 1.354064e-07
3794 1.117248e-04 1.350080e-07
3795 1.117230e-04 1.346106e-07
3796 1.117212e-04 1.342145e-07
3797 1.117195e-04 1.338195e-07
3798 1.117177e-04 1.334257e-07
3799 1.117159e-04 1.330331e-07
3800 1.117142e-04 1.326416e-07
3801 1.117125e-04 1.322513e-07
3802 1.117107e-04 1.318621e-07
3803 1.117090e-04 1.314740e-07
3804 1.117073e-04 1.310871e-07
3805 1.117056e-04 1.307013e-07
3806 1.117038e-04 1.303167e-07
3807 1.117021e-04 1.299332e-07
3808 1.117004e-04 1.295508e-07
3809 1.116987e-04 1.291696e-07
3810 1.116970e-04 1.287895e-07
3811 1.116954e-04 1.284105e-07
3812 1.116937e-04 1.280326e-07
3813 1.116920e-04 1.276558e-07
3814 1.116903e-04 1.272801e-07
3815 1.116887e-04 1.269056e-07
3816 1.116870e-04 1.265321e-07
3817 1.116853e-04 1.261598e-07
3818 1.116837e-04 1.257885e-07
3819 1.116820e-04 1.254183e-07
3820 1.116804e-04 1.250492e-07
3821 1.116788e-04 1.246812e-07
3822 1.116771e-04 1.243143e-07
3823 1.116755e-04 1.239485e-07
3824 1.116739e-04 1.235837e-07
3825 1.116723e-04 1.232200e-07
3826 1.116707e-04 1.228574e-07
3827 1.116691e-04 1.224959e-07
3828 1.116675e-04 1.221354e-07
3829 1.116659e-04 1.217760e-07
3830 1.116643e-04 1.214176e-07
3831 1.116627e-04 1.210603e-07
3832 1.116611e-04 1.207040e-07
3833 1.116595e-04 1.203488e-07
3834 1.116580e-04 1.199947e-07
3835 1.116564e-04 1.196415e-07
3836 1.116548e-04 1.192895e-07
3837 1.116533e-04 1.189384e-07
3838 1.116517e-04 1.185884e-07
3839 1.116502e-04 1.182394e-07
3840 1.116486e-04 1.178914e-07
3841 1.116471e-04 1.175445e-07
3842 1.116456e-04 1.171986e-07
3843 1.116440e-04 1.168537e-07
3844 1.116425e-04 1.165098e-07
3845 1.116410e-04 1.161670e-07
3846 1.116395e-04 1.158251e-07
3847 1.116380e-04 1.154842e-07
3848 1.116365e-04 1.151444e-07
3849 1.116350e-04 1.148055e-07
3850 1.116335e-04 1.144677e-07
3851 1.116320e-04 1.141308e-07
3852 1.116305e-04 1.137950e-07
3853 1.116290e-04 1.134601e-07
3854 1.116276e-04 1.131262e-07
3855 1.116261e-04 1.127933e-07
3856 1.116246e-04 1.124614e-07
3857 1.116232e-04 1.121304e-07
3858 1.116217e-04 1.118004e-07
3859 1.116202e-04 1.114714e-07
3860 1.116188e-04 1.111434e-07
3861 1.116174e-04 1.108163e-07
3862 1.116159e-04 1.104902e-07
3863 1.116145e-04 1.101650e-07
3864 1.116130e-04 1.098408e-07
3865 1.116116e-04 1.095176e-07
3866 1.116102e-04 1.091953e-07
3867 1.116088e-04 1.088740e-07
3868 1.116074e-04 1.085536e-07
3869 1.116060e-04 1.082341e-07
3870 1.116046e-04 1.079156e-07
3871 1.116032e-04 1.075980e-07
3872 1.116018e-04 1.072814e-07
3873 1.116004e-04 1.069657e-07
3874 1.115990e-04 1.066509e-07
3875 1.115976e-04 1.063370e-07
3876 1.115962e-04 1.060241e-07
3877 1.115948e-04 1.057121e-07
3878 1.115935e-04 1.054010e-07
3879 1.115921e-04 1.050908e-07
3880 1.115907e-04 1.047816e-07
3881 1.115894e-04 1.044732e-07
3882 1.115880e-04 1.041658e-07
3883 1.115867e-04 1.038592e-07
3884 1.115853e-04 1.035536e-07
3885 1.115840e-04 1.032488e-07
3886 1.115827e-04 1.029450e-07
3887 1.115813e-04 1.026421e-07
3888 1.115800e-04 1.023400e-07
3889 1.115787e-04 1.020388e-07
3890 1.115773e-04 1.017385e-07
3891 1.115760e-04 1.014391e-07
3892 1.115747e-04 1.011406e-07
3893 1.115734e-04 1.008430e-07
3894 1.115721e-04 1.005462e-07
3895 1.115708e-04 1.002503e-07
3896 1.115695e-04 9.995532e-08
3897 1.115682e-04 9.966117e-08
3898 1.115669e-04 9.936788e-08
3899 1.115656e-04 9.907546e-08
3900 1.115644e-04 9.878390e-08
3901 1.115631e-04 9.849319e-08
3902 1.115618e-04 9.820335e-08
3903 1.115605e-04 9.791435e-08
3904 1.115593e-04 9.762621e-08
3905 1.115580e-04 9.733891e-08
3906 1.115568e-04 9.705246e-08
3907 1.115555e-04 9.676685e-08
3908 1.115543e-04 9.648208e-08
3909 1.115530e-04 9.619815e-08
3910 1.115518e-04 9.591506e-08
3911 1.115505e-04 9.563280e-08
3912 1.115493e-04 9.535137e-08
3913 1.115481e-04 9.507077e-08
3914 1.115468e-04 9.479099e-08
3915 1.115456e-04 9.451204e-08
3916 1.115444e-04 9.423390e-08
3917 1.115432e-04 9.395659e-08
3918 1.115420e-04 9.368009e-08
3919 1.115408e-04 9.340441e-08
3920 1.115396e-04 9.312954e-08
3921 1.115384e-04 9.285547e-08
3922 1.115372e-04 9.258222e-08
3923 1.115360e-04 9.230976e-08
3924 1.115348e-04 9.203811e-08
3925 1.115336e-04 9.176726e-08
3926 1.115324e-04 9.149720e-08
3927 1.115312e-04 9.122794e-08
3928 1.115301e-04 9.095948e-08
3929 1.115289e-04 9.069180e-08
3930 1.115277e-04 9.042491e-08
3931 1.115266e-04 9.015881e-08
3932 1.115254e-04 8.989348e-08
3933 1.115242e-04 8.962894e-08
3934 1.115231e-04 8.936518e-08
3935 1.115219e-04 8.910220e-08
3936 1.115208e-04 8.883998e-08
3937 1.115196e-04 8.857854e-08
3938 1.115185e-04 8.831787e-08
3939 1.115174e-04 8.805797e-08
3940 1.115162e-04 8.779883e-08
3941 1.115151e-04 8.754045e-08
3942 1.115140e-04 8.728284e-08
3943 1.115129e-04 8.702598e-08
3944 1.115117e-04 8.676988e-08
3945 1.115106e-04 8.651453e-08
3946 1.115095e-04 8.625993e-08
3947 1.115084e-04 8.600608e-08
3948 1.115073e-04 8.575298e-08
3949 1.115062e-04 8.550063e-08
3950 1.115051e-04 8.524901e-08
3951 1.115040e-04 8.499814e-08
3952 1.115029e-04 8.474801e-08
3953 1.115018e-04 8.449861e-08
3954 1.115007e-04 8.424994e-08
3955 1.114997e-04 8.400201e-08
3956 1.114986e-04 8.375481e-08
3957 1.114975e-04 8.350833e-08
3958 1.114964e-04 8.326258e-08
3959 1.114954e-04 8.301756e-08
3960 1.114943e-04 8.277325e-08
3961 1.114932e-04 8.252966e-08
3962 1.114922e-04 8.228679e-08
3963 1.114911e-04 8.204464e-08
3964 1.114901e-04 8.180319e-08
3965 1.114890e-04 8.156246e-08
3966 1.114880e-04 8.132244e-08
3967 1.114869e-04 8.108312e-08
3968 1.114859e-04 8.084451e-08
3969 1.114849e-04 8.060660e-08
3970 1.114838e-04 8.036939e-08
3971 1.114828e-04 8.013287e-08
3972 1.114818e-04 7.989706e-08
3973 1.114807e-04 7.966193e-08
3974 1.114797e-04 7.942750e-08
3975 1.114787e-04 7.919376e-08
3976 1.114777e-04 7.896071e-08
3977 1.114767e-04 7.872834e-08
3978 1.114757e-04 7.849666e-08
3979 1.114747e-04 7.826566e-08
3980 1.114737e-04 7.803533e-08
3981 1.114727e-04 7.780569e-08
3982 1.114717e-04 7.757672e-08
3983 1.114707e-04 7.734843e-08
3984 1.114697e-04 7.712080e-08
3985 1.114687e-04 7.689385e-08
3986 1.114677e-04 7.666757e-08
3987 1.114667e-04 7.644195e-08
3988 1.114658e-04 7.621699e-08
3989 1.114648e-04 7.599270e-08
3990 1.114638e-04 7.576907e-08
3991 1.114628e-04 7.554609e-08
3992 1.114619e-04 7.532377e-08
3993 1.114609e-04 7.510211e-08
3994 1.114599e-04 7.488110e-08
3995 1.114590e-04 7.466073e-08
3996 1.114580e-04 7.444102e-08
3997 1.114571e-04 7.422195e-08
3998 1.114561e-04 7.400353e-08
3999 1.114552e-04 7.378575e-08
4000 1.114542e-04 7.356861e-08
4001 1.114533e-04 7.335212e-08
4002 1.114524e-04 7.313625e-08
4003 1.114514e-04 7.292103e-08
4004 1.114505e-04 7.270643e-08
4005 1.114496e-04 7.249247e-08
4006 1.114486e-04 7.227914e-08
4007 1.114477e-04 7.206643e-08
4008 1.114468e-04 7.185435e-08
4009 1.114459e-04 7.164290e-08
4010 1.114450e-04 7.143207e-08
4011 1.114441e-04 7.122186e-08
4012 1.114432e-04 7.101226e-08
4013 1.114422e-04 7.080329e-08
4014 1.114413e-04 7.059492e-08
4015 1.114404e-04 7.038718e-08
4016 1.114395e-04 7.018004e-08
4017 1.114386e-04 6.997351e-08
4018 1.114378e-04 6.976759e-08
4019 1.114369e-04 6.956228e-08
4020 1.114360e-04 6.935757e-08
4021 1.114351e-04 6.915346e-08
4022 1.114342e-04 6.894996e-08
4023 1.114333e-04 6.874705e-08
4024 1.114325e-04 6.854474e-08
4025 1.114316e-04 6.834302e-08
4026 1.114307e-04 6.814190e-08
4027 1.114298e-04 6.794137e-08
4028 1.114290e-04 6.774143e-08
4029 1.114281e-04 6.754208e-08
4030 1.114273e-04 6.734332e-08
4031 1.114264e-04 6.714514e-08
4032 1.114255e-04 6.694754e-08
4033 1.114247e-04 6.675053e-08
4034 1.114238e-04 6.655409e-08
4035 1.114230e-04 6.635823e-08
4036 1.114221e-04 6.616295e-08
4037 1.114213e-04 6.596825e-08
4038 1.114205e-04 6.577412e-08
4039 1.114196e-04 6.558055e-08
4040 1.114188e-04 6.538756e-08
4041 1.114180e-04 6.519514e-08
4042 1.114171e-04 6.500328e-08
4043 1.114163e-04 6.481199e-08
4044 1.114155e-04 6.462126e-08
4045 1.114147e-04 6.443109e-08
4046 1.114138e-04 6.424148e-08
4047 1.114130e-04 6.405243e-08
4048 1.114122e-04 6.386393e-08
4049 1.114114e-04 6.367599e-08
4050 1.114106e-04 6.348861e-08
4051 1.114098e-04 6.330177e-08
4052 1.114090e-04 6.311548e-08
4053 1.114082e-04 6.292975e-08
4054 1.114074e-04 6.274455e-08
4055 1.114066e-04 6.255991e-08
4056 1.114058e-04 6.237581e-08
4057 1.114050e-04 6.219225e-08
4058 1.114042e-04 6.200922e-08
4059 1.114034e-04 6.182674e-08
4060 1.114026e-04 6.164480e-08
4061 1.114018e-04 6.146339e-08
4062 1.114010e-04 6.128251e-08
4063 1.114003e-04 6.110217e-08
4064 1.113995e-04 6.092236e-08
4065 1.113987e-04 6.074307e-08
4066 1.113979e-04 6.056432e-08
4067 1.113972e-04 6.038609e-08
4068 1.113964e-04 6.020838e-08
4069 1.113956e-04 6.003120e-08
4070 1.113949e-04 5.985454e-08
4071 1.113941e-04 5.967840e-08
4072 1.113934e-04 5.950277e-08
4073 1.113926e-04 5.932767e-08
4074 1.113919e-04 5.915308e-08
4075 1.113911e-04 5.897900e-08
4076 1.113904e-04 5.880543e-08
4077 1.113896e-04 5.863238e-08
4078 1.113889e-04 5.845983e-08
4079 1.113881e-04 5.828780e-08
4080 1.113874e-04 5.811627e-08
4081 1.113867e-04 5.794524e-08
4082 1.113859e-04 5.777472e-08
4083 1.113852e-04 5.760470e-08
4084 1.113845e-04 5.743518e-08
4085 1.113837e-04 5.726616e-08
4086 1.113830e-04 5.709763e-08
4087 1.113823e-04 5.692960e-08
4088 1.113816e-04 5.676207e-08
4089 1.113808e-04 5.659503e-08
4090 1.113801e-04 5.642848e-08
4091 1.113794e-04 5.626242e-08
4092 1.113787e-04 5.609685e-08
4093 1.113780e-04 5.593177e-08
4094 1.113773e-04 5.576717e-08
4095 1.113766e-04 5.560306e-08
4096 1.113759e-04 5.543943e-08
4097 1.113752e-04 5.527628e-08
4098 1.113745e-04 5.511361e-08
4099 1.113738e-04 5.495142e-08
4100 1.113731e-04 5.478971e-08
4101 1.113724e-04 5.462847e-08
4102 1.113717e-04 5.446771e-08
4103 1.113710e-04 5.430742e-08
4104 1.113703e-04 5.414761e-08
4105 1.113696e-04 5.398826e-08
4106 1.113689e-04 5.382938e-08
4107 1.113682e-04 5.367097e-08
4108 1.113676e-04 5.351303e-08
4109 1.113669e-04 5.335555e-08
4110 1.113662e-04 5.319853e-08
4111 1.113655e-04 5.304198e-08
4112 1.113649e-04 5.288588e-08
4113 1.113642e-04 5.273025e-08
4114 1.113635e-04 5.257507e-08
4115 1.113629e-04 5.242036e-08
4116 1.113622e-04 5.226609e-08
4117 1.113615e-04 5.211228e-08
4118 1.113609e-04 5.195892e-08
4119 1.113602e-04 5.180602e-08
4120 1.113596e-04 5.165356e-08
4121 1.113589e-04 5.150156e-08
4122 1.113583e-04 5.135000e-08
4123 1.113576e-04 5.119888e-08
4124 1.113570e-04 5.104821e-08
4125 1.113563e-04 5.089799e-08
4126 1.113557e-04 5.074820e-08
4127 1.113550e-04 5.059886e-08
4128 1.113544e-04 5.044996e-08
4129 1.113538e-04 5.030149e-08
4130 1.113531e-04 5.015346e-08
4131 1.113525e-04 5.000587e-08
4132 1.113519e-04 4.985871e-08
4133 1.113512e-04 4.971199e-08
4134 1.113506e-04 4.956569e-08
4135 1.113500e-04 4.941983e-08
4136 1.113493e-04 4.927440e-08
4137 1.113487e-04 4.912939e-08
4138 1.113481e-04 4.898481e-08
4139 1.113475e-04 4.884066e-08
4140 1.113469e-04 4.869693e-08
4141 1.113462e-04 4.855362e-08
4142 1.113456e-04 4.841074e-08
4143 1.113450e-04 4.826827e-08
4144 1.113444e-04 4.812623e-08
4145 1.113438e-04 4.798460e-08
4146 1.113432e-04 4.784339e-08
4147 1.113426e-04 4.770260e-08
4148 1.113420e-04 4.756222e-08
4149 1.113414e-04 4.742225e-08
4150 1.113408e-04 4.728269e-08
4151 1.113402e-04 4.714355e-08
4152 1.113396e-04 4.700481e-08
4153 1.113390e-04 4.686649e-08
4154 1.113384e-04 4.672857e-08
4155 1.113378e-04 4.659105e-08
4156 1.113372e-04 4.645394e-08
4157 1.113367e-04 4.631724e-08
4158 1.113361e-04 4.618093e-08
4159 1.113355e-04 4.604503e-08
4160 1.113349e-04 4.590953e-08
4161 1.113343e-04 4.577443e-08
4162 1.113338e-04 4.563972e-08
4163 1.113332e-04 4.550541e-08
4164 1.113326e-04 4.537150e-08
4165 1.113320e-04 4.523798e-08
4166 1.113315e-04 4.510485e-08
4167 1.113309e-04 4.497211e-08
4168 1.113303e-04 4.483977e-08
4169 1.113298e-04 4.470781e-08
4170 1.113292e-04 4.457625e-08
4171 1.113286e-04 4.444507e-08
4172 1.113281e-04 4.431427e-08
4173 1.113275e-04 4.418386e-08
4174 1.113270e-04 4.405384e-08
4175 1.113264e-04 4.392420e-08
4176 1.113258e-04 4.379493e-08
4177 1.113253e-04 4.366605e-08
4178 1.113247e-04 4.353755e-08
4179 1.113242e-04 4.340943e-08
4180 1.113236e-04 4.328168e-08
4181 1.113231e-04 4.315431e-08
4182 1.113226e-04 4.302732e-08
4183 1.113220e-04 4.290069e-08
4184 1.113215e-04 4.277445e-08
4185 1.113209e-04 4.264857e-08
4186 1.113204e-04 4.252306e-08
4187 1.113199e-04 4.239792e-08
4188 1.113193e-04 4.227315e-08
4189 1.113188e-04 4.214875e-08
4190 1.113183e-04 4.202471e-08
4191 1.113177e-04 4.190104e-08
4192 1.113172e-04 4.177774e-08
4193 1.113167e-04 4.165479e-08
4194 1.113162e-04 4.153221e-08
4195 1.113156e-04 4.140999e-08
4196 1.113151e-04 4.128812e-08
4197 1.113146e-04 4.116662e-08
4198 1.113141e-04 4.104548e-08
4199 1.113136e-04 4.092469e-08
4200 1.113130e-04 4.080425e-08
4201 1.113125e-04 4.068417e-08
4202 1.113120e-04 4.056445e-08
4203 1.113115e-04 4.044507e-08
4204 1.113110e-04 4.032605e-08
4205 1.113105e-04 4.020738e-08
4206 1.113100e-04 4.008905e-08
4207 1.113095e-04 3.997108e-08
4208 1.113090e-04 3.985345e-08
4209 1.113085e-04 3.973617e-08
4210 1.113080e-04 3.961923e-08
4211 1.113075e-04 3.950264e-08
4212 1.113070e-04 3.938639e-08
4213 1.113065e-04 3.927048e-08
4214 1.113060e-04 3.915492e-08
4215 1.113055e-04 3.903969e-08
4216 1.113050e-04 3.892480e-08
4217 1.113045e-04 3.881026e-08
4218 1.113040e-04 3.869604e-08
4219 1.113035e-04 3.858217e-08
4220 1.113031e-04 3.846863e-08
4221 1.113026e-04 3.835542e-08
4222 1.113021e-04 3.824255e-08
4223 1.113016e-04 3.813001e-08
4224 1.113011e-04 3.801780e-08
4225 1.113007e-04 3.790592e-08
4226 1.113002e-04 3.779437e-08
4227 1.112997e-04 3.768315e-08
4228 1.112992e-04 3.757225e-08
4229 1.112988e-04 3.746168e-08
4230 1.112983e-04 3.735144e-08
4231 1.112978e-04 3.724152e-08
4232 1.112974e-04 3.713193e-08
4233 1.112969e-04 3.702265e-08
4234 1.112964e-04 3.691370e-08
4235 1.112960e-04 3.680507e-08
4236 1.112955e-04 3.669676e-08
4237 1.112950e-04 3.658877e-08
4238 1.112946e-04 3.648109e-08
4239 1.112941e-04 3.637374e-08
4240 1.112937e-04 3.626670e-08
4241 1.112932e-04 3.615997e-08
4242 1.112927e-04 3.605356e-08
4243 1.112923e-04 3.594746e-08
4244 1.112918e-04 3.584167e-08
4245 1.112914e-04 3.573619e-08
4246 1.112909e-04 3.563103e-08
4247 1.112905e-04 3.552617e-08
4248 1.112901e-04 3.542163e-08
4249 1.112896e-04 3.531739e-08
4250 1.112892e-04 3.521345e-08
4251 1.112887e-04 3.510983e-08
4252 1.112883e-04 3.500651e-08
4253 1.112878e-04 3.490349e-08
4254 1.112874e-04 3.480077e-08
4255 1.112870e-04 3.469836e-08
4256 1.112865e-04 3.459625e-08
4257 1.112861e-04 3.449444e-08
4258 1.112857e-04 3.439293e-08
4259 1.112852e-04 3.429171e-08
4260 1.112848e-04 3.419080e-08
4261 1.112844e-04 3.409018e-08
4262 1.112839e-04 3.398986e-08
4263 1.112835e-04 3.388984e-08
4264 1.112831e-04 3.379010e-08
4265 1.112827e-04 3.369067e-08
4266 1.112822e-04 3.359152e-08
4267 1.112818e-04 3.349267e-08
4268 1.112814e-04 3.339410e-08
4269 1.112810e-04 3.329583e-08
4270 1.112806e-04 3.319785e-08
4271 1.112802e-04 3.310015e-08
4272 1.112797e-04 3.300274e-08
4273 1.112793e-04 3.290562e-08
4274 1.112789e-04 3.280879e-08
4275 1.112785e-04 3.271224e-08
4276 1.112781e-04 3.261597e-08
4277 1.112777e-04 3.251999e-08
4278 1.112773e-04 3.242429e-08
4279 1.112769e-04 3.232887e-08
4280 1.112765e-04 3.223373e-08
4281 1.112761e-04 3.213887e-08
4282 1.112757e-04 3.204429e-08
4283 1.112753e-04 3.194999e-08
4284 1.112749e-04 3.185597e-08
4285 1.112745e-04 3.176222e-08
4286 1.112741e-04 3.166875e-08
4287 1.112737e-04 3.157556e-08
4288 1.112733e-04 3.148263e-08
4289 1.112729e-04 3.138999e-08
4290 1.112725e-04 3.129761e-08
4291 1.112721e-04 3.120551e-08
4292 1.112717e-04 3.111368e-08
4293 1.112713e-04 3.102211e-08
4294 1.112709e-04 3.093082e-08
4295 1.112705e-04 3.083980e-08
4296 1.112701e-04 3.074904e-08
4297 1.112698e-04 3.065855e-08
4298 1.112694e-04 3.056833e-08
4299 1.112690e-04 3.047837e-08
4300 1.112686e-04 3.038868e-08
4301 1.112682e-04 3.029925e-08
4302 1.112678e-04 3.021009e-08
4303 1.112675e-04 3.012118e-08
4304 1.112671e-04 3.003254e-08
4305 1.112667e-04 2.994416e-08
4306 1.112663e-04 2.985604e-08
4307 1.112660e-04 2.976818e-08
4308 1.112656e-04 2.968058e-08
4309 1.112652e-04 2.959323e-08
4310 1.112648e-04 2.950615e-08
4311 1.112645e-04 2.941931e-08
4312 1.112641e-04 2.933274e-08
4313 1.112637e-04 2.924642e-08
4314 1.112634e-04 2.916035e-08
4315 1.112630e-04 2.907454e-08
4316 1.112626e-04 2.898898e-08
4317 1.112623e-04 2.890367e-08
4318 1.112619e-04 2.881861e-08
4319 1.112616e-04 2.873380e-08
4320 1.112612e-04 2.864924e-08
4321 1.112608e-04 2.856493e-08
4322 1.112605e-04 2.848087e-08
4323 1.112601e-04 2.839706e-08
4324 1.112598e-04 2.831349e-08
4325 1.112594e-04 2.823017e-08
4326 1.112591e-04 2.814709e-08
4327 1.112587e-04 2.806426e-08
4328 1.112584e-04 2.798167e-08
4329 1.112580e-04 2.789933e-08
4330 1.112577e-04 2.781722e-08
4331 1.112573e-04 2.773536e-08
4332 1.112570e-04 2.765374e-08
4333 1.112566e-04 2.757236e-08
4334 1.112563e-04 2.749122e-08
4335 1.112559e-04 2.741032e-08
4336 1.112556e-04 2.732965e-08
4337 1.112553e-04 2.724923e-08
4338 1.112549e-04 2.716904e-08
4339 1.112546e-04 2.708909e-08
4340 1.112542e-04 2.700937e-08
4341 1.112539e-04 2.692988e-08
4342 1.112536e-04 2.685063e-08
4343 1.112532e-04 2.677162e-08
4344 1.112529e-04 2.669283e-08
4345 1.112526e-04 2.661428e-08
4346 1.112522e-04 2.653596e-08
4347 1.112519e-04 2.645787e-08
4348 1.112516e-04 2.638001e-08
4349 1.112512e-04 2.630238e-08
4350 1.112509e-04 2.622497e-08
4351 1.112506e-04 2.614780e-08
4352 1.112502e-04 2.607085e-08
4353 1.112499e-04 2.599413e-08
4354 1.112496e-04 2.591763e-08
4355 1.112493e-04 2.584136e-08
4356 1.112489e-04 2.576531e-08
4357 1.112486e-04 2.568949e-08
4358 1.112483e-04 2.561389e-08
4359 1.112480e-04 2.553851e-08
4360 1.112477e-04 2.546336e-08
4361 1.112473e-04 2.538842e-08
4362 1.112470e-04 2.531371e-08
4363 1.112467e-04 2.523922e-08
4364 1.112464e-04 2.516494e-08
4365 1.112461e-04 2.509089e-08
4366 1.112458e-04 2.501705e-08
4367 1.112455e-04 2.494343e-08
4368 1.112451e-04 2.487002e-08
4369 1.112448e-04 2.479684e-08
4370 1.112445e-04 2.472386e-08
4371 1.112442e-04 2.465111e-08
4372 1.112439e-04 2.457856e-08
4373 1.112436e-04 2.450623e-08
4374 1.112433e-04 2.443411e-08
4375 1.112430e-04 2.436221e-08
4376 1.112427e-04 2.429051e-08
4377 1.112424e-04 2.421903e-08
4378 1.112421e-04 2.414776e-08
4379 1.112418e-04 2.407670e-08
4380 1.112415e-04 2.400584e-08
4381 1.112412e-04 2.393520e-08
4382 1.112409e-04 2.386476e-08
4383 1.112406e-04 2.379453e-08
4384 1.112403e-04 2.372451e-08
4385 1.112400e-04 2.365469e-08
4386 1.112397e-04 2.358508e-08
4387 1.112394e-04 2.351567e-08
4388 1.112391e-04 2.344647e-08
4389 1.112388e-04 2.337747e-08
4390 1.112385e-04 2.330868e-08
4391 1.112382e-04 2.324008e-08
4392 1.112379e-04 2.317169e-08
4393 1.112377e-04 2.310350e-08
4394 1.112374e-04 2.303551e-08
4395 1.112371e-04 2.296772e-08
4396 1.112368e-04 2.290013e-08
4397 1.112365e-04 2.283274e-08
4398 1.112362e-04 2.276555e-08
4399 1.112359e-04 2.269855e-08
4400 1.112356e-04 2.263176e-08
4401 1.112354e-04 2.256515e-08
4402 1.112351e-04 2.249875e-08
4403 1.112348e-04 2.243254e-08
4404 1.112345e-04 2.236652e-08
4405 1.112342e-04 2.230070e-08
4406 1.112340e-04 2.223508e-08
4407 1.112337e-04 2.216964e-08
4408 1.112334e-04 2.210440e-08
4409 1.112331e-04 2.203935e-08
4410 1.112329e-04 2.197449e-08
4411 1.112326e-04 2.190983e-08
4412 1.112323e-04 2.184535e-08
4413 1.112320e-04 2.178106e-08
4414 1.112318e-04 2.171697e-08
4415 1.112315e-04 2.165306e-08
4416 1.112312e-04 2.158934e-08
4417 1.112310e-04 2.152580e-08
4418 1.112307e-04 2.146246e-08
4419 1.112304e-04 2.139930e-08
4420 1.112302e-04 2.133632e-08
4421 1.112299e-04 2.127353e-08
4422 1.112296e-04 2.121093e-08
4423 1.112294e-04 2.114851e-08
4424 1.112291e-04 2.108627e-08
4425 1.112288e-04 2.102422e-08
4426 1.112286e-04 2.096235e-08
4427 1.112283e-04 2.090066e-08
4428 1.112281e-04 2.083915e-08
4429 1.112278e-04 2.077783e-08
4430 1.112275e-04 2.071668e-08
4431 1.112273e-04 2.065572e-08
4432 1.112270e-04 2.059493e-08
4433 1.112268e-04 2.053432e-08
4434 1.112265e-04 2.047389e-08
4435 1.112262e-04 2.041364e-08
4436 1.112260e-04 2.035357e-08
4437 1.112257e-04 2.029367e-08
4438 1.112255e-04 2.023395e-08
4439 1.112252e-04 2.017441e-08
4440 1.112250e-04 2.011504e-08
4441 1.112247e-04 2.005584e-08
4442 1.112245e-04 1.999682e-08
4443 1.112242e-04 1.993797e-08
4444 1.112240e-04 1.987930e-08
4445 1.112237e-04 1.982080e-08
4446 1.112235e-04 1.976247e-08
4447 1.112232e-04 1.970431e-08
4448 1.112230e-04 1.964633e-08
4449 1.112228e-04 1.958851e-08
4450 1.112225e-04 1.953086e-08
4451 1.112223e-04 1.947339e-08
4452 1.112220e-04 1.941608e-08
4453 1.112218e-04 1.935894e-08
4454 1.112215e-04 1.930197e-08
4455 1.112213e-04 1.924517e-08
4456 1.112211e-04 1.918854e-08
4457 1.112208e-04 1.913207e-08
4458 1.112206e-04 1.907577e-08
4459 1.112203e-04 1.901963e-08
4460 1.112201e-04 1.896366e-08
4461 1.112199e-04 1.890785e-08
4462 1.112196e-04 1.885221e-08
4463 1.112194e-04 1.879673e-08
4464 1.112192e-04 1.874141e-08
4465 1.112189e-04 1.868626e-08
4466 1.112187e-04 1.863127e-08
4467 1.112185e-04 1.857644e-08
4468 1.112182e-04 1.852178e-08
4469 1.112180e-04 1.846727e-08
4470 1.112178e-04 1.841292e-08
4471 1.112175e-04 1.835874e-08
4472 1.112173e-04 1.830471e-08
4473 1.112171e-04 1.825084e-08
4474 1.112169e-04 1.819713e-08
4475 1.112166e-04 1.814358e-08
4476 1.112164e-04 1.809019e-08
4477 1.112162e-04 1.803695e-08
4478 1.112160e-04 1.798387e-08
4479 1.112157e-04 1.793095e-08
4480 1.112155e-04 1.787818e-08
4481 1.112153e-04 1.782557e-08
4482 1.112151e-04 1.777311e-08
4483 1.112148e-04 1.772081e-08
4484 1.112146e-04 1.766866e-08
4485 1.112144e-04 1.761667e-08
4486 1.112142e-04 1.756482e-08
4487 1.112140e-04 1.751313e-08
4488 1.112138e-04 1.746159e-08
4489 1.112135e-04 1.741021e-08
4490 1.112133e-04 1.735897e-08
4491 1.112131e-04 1.730789e-08
4492 1.112129e-04 1.725695e-08
4493 1.112127e-04 1.720617e-08
4494 1.112125e-04 1.715554e-08
4495 1.112122e-04 1.710505e-08
4496 1.112120e-04 1.705471e-08
4497 1.112118e-04 1.700452e-08
4498 1.112116e-04 1.695448e-08
4499 1.112114e-04 1.690459e-08
4500 1.112112e-04 1.685484e-08
4501 1.112110e-04 1.680524e-08
4502 1.112108e-04 1.675579e-08
4503 1.112106e-04 1.670648e-08
4504 1.112103e-04 1.665731e-08
4505 1.112101e-04 1.660829e-08
4506 1.112099e-04 1.655942e-08
4507 1.112097e-04 1.651069e-08
4508 1.112095e-04 1.646210e-08
4509 1.112093e-04 1.641365e-08
4510 1.112091e-04 1.636535e-08
4511 1.112089e-04 1.631719e-08
4512 1.112087e-04 1.626917e-08
4513 1.112085e-04 1.622129e-08
4514 1.112083e-04 1.617356e-08
4515 1.112081e-04 1.612596e-08
4516 1.112079e-04 1.607851e-08
4517 1.112077e-04 1.603119e-08
4518 1.112075e-04 1.598401e-08
4519 1.112073e-04 1.593698e-08
4520 1.112071e-04 1.589008e-08
4521 1.112069e-04 1.584331e-08
4522 1.112067e-04 1.579669e-08
4523 1.112065e-04 1.575020e-08
4524 1.112063e-04 1.570385e-08
4525 1.112061e-04 1.565764e-08
4526 1.112059e-04 1.561156e-08
4527 1.112057e-04 1.556562e-08
4528 1.112055e-04 1.551981e-08
4529 1.112053e-04 1.547414e-08
4530 1.112052e-04 1.542860e-08
4531 1.112050e-04 1.538320e-08
4532 1.112048e-04 1.533793e-08
4533 1.112046e-04 1.529279e-08
4534 1.112044e-04 1.524779e-08
4535 1.112042e-04 1.520292e-08
4536 1.112040e-04 1.515818e-08
4537 1.112038e-04 1.511357e-08
4538 1.112036e-04 1.506909e-08
4539 1.112034e-04 1.502475e-08
4540 1.112033e-04 1.498053e-08
4541 1.112031e-04 1.493645e-08
4542 1.112029e-04 1.489249e-08
4543 1.112027e-04 1.484867e-08
4544 1.112025e-04 1.480497e-08
4545 1.112023e-04 1.476140e-08
4546 1.112022e-04 1.471796e-08
4547 1.112020e-04 1.467465e-08
4548 1.112018e-04 1.463146e-08
4549 1.112016e-04 1.458841e-08
4550 1.112014e-04 1.454547e-08
4551 1.112012e-04 1.450267e-08
4552 1.112011e-04 1.445999e-08
4553 1.112009e-04 1.441744e-08
4554 1.112007e-04 1.437501e-08
4555 1.112005e-04 1.433271e-08
4556 1.112003e-04 1.429053e-08
4557 1.112002e-04 1.424847e-08
4558 1.112000e-04 1.420654e-08
4559 1.111998e-04 1.416474e-08
4560 1.111996e-04 1.412305e-08
4561 1.111995e-04 1.408149e-08
4562 1.111993e-04 1.404005e-08
4563 1.111991e-04 1.399873e-08
4564 1.111989e-04 1.395754e-08
4565 1.111988e-04 1.391646e-08
4566 1.111986e-04 1.387551e-08
4567 1.111984e-04 1.383468e-08
4568 1.111982e-04 1.379396e-08
4569 1.111981e-04 1.375337e-08
4570 1.111979e-04 1.371290e-08
4571 1.111977e-04 1.367254e-08
4572 1.111976e-04 1.363231e-08
4573 1.111974e-04 1.359219e-08
4574 1.111972e-04 1.355219e-08
4575 1.111971e-04 1.351231e-08
4576 1.111969e-04 1.347254e-08
4577 1.111967e-04 1.343289e-08
4578 1.111966e-04 1.339336e-08
4579 1.111964e-04 1.335395e-08
4580 1.111962e-04 1.331465e-08
4581 1.111961e-04 1.327547e-08
4582 1.111959e-04 1.323640e-08
4583 1.111957e-04 1.319745e-08
4584 1.111956e-04 1.315861e-08
4585 1.111954e-04 1.311989e-08
4586 1.111952e-04 1.308128e-08
4587 1.111951e-04 1.304278e-08
4588 1.111949e-04 1.300440e-08
4589 1.111948e-04 1.296613e-08
4590 1.111946e-04 1.292797e-08
4591 1.111944e-04 1.288993e-08
4592 1.111943e-04 1.285200e-08
4593 1.111941e-04 1.281417e-08
4594 1.111940e-04 1.277647e-08
4595 1.111938e-04 1.273887e-08
4596 1.111936e-04 1.270138e-08
4597 1.111935e-04 1.266400e-08
4598 1.111933e-04 1.262673e-08
4599 1.111932e-04 1.258957e-08
4600 1.111930e-04 1.255252e-08
4601 1.111929e-04 1.251559e-08
4602 1.111927e-04 1.247875e-08
4603 1.111925e-04 1.244203e-08
4604 1.111924e-04 1.240542e-08
4605 1.111922e-04 1.236891e-08
4606 1.111921e-04 1.233251e-08
4607 1.111919e-04 1.229622e-08
4608 1.111918e-04 1.226003e-08
4609 1.111916e-04 1.222395e-08
4610 1.111915e-04 1.218798e-08
4611 1.111913e-04 1.215211e-08
4612 1.111912e-04 1.211635e-08
4613 1.111910e-04 1.208070e-08
4614 1.111909e-04 1.204514e-08
4615 1.111907e-04 1.200970e-08
4616 1.111906e-04 1.197435e-08
4617 1.111904e-04 1.193912e-08
4618 1.111903e-04 1.190398e-08
4619 1.111901e-04 1.186895e-08
4620 1.111900e-04 1.183402e-08
4621 1.111898e-04 1.179920e-08
4622 1.111897e-04 1.176447e-08
4623 1.111895e-04 1.172985e-08
4624 1.111894e-04 1.169533e-08
4625 1.111892e-04 1.166092e-08
4626 1.111891e-04 1.162660e-08
4627 1.111890e-04 1.159239e-08
4628 1.111888e-04 1.155827e-08
4629 1.111887e-04 1.152426e-08
4630 1.111885e-04 1.149034e-08
4631 1.111884e-04 1.145653e-08
4632 1.111882e-04 1.142282e-08
4633 1.111881e-04 1.138920e-08
4634 1.111880e-04 1.135568e-08
4635 1.111878e-04 1.132227e-08
4636 1.111877e-04 1.128895e-08
4637 1.111875e-04 1.125572e-08
4638 1.111874e-04 1.122260e-08
4639 1.111873e-04 1.118958e-08
4640 1.111871e-04 1.115665e-08
4641 1.111870e-04 1.112381e-08
4642 1.111868e-04 1.109108e-08
4643 1.111867e-04 1.105844e-08
4644 1.111866e-04 1.102590e-08
4645 1.111864e-04 1.099345e-08
4646 1.111863e-04 1.096110e-08
4647 1.111862e-04 1.092884e-08
4648 1.111860e-04 1.089668e-08
4649 1.111859e-04 1.086461e-08
4650 1.111858e-04 1.083264e-08
4651 1.111856e-04 1.080076e-08
4652 1.111855e-04 1.076898e-08
4653 1.111853e-04 1.073729e-08
4654 1.111852e-04 1.070569e-08
4655 1.111851e-04 1.067418e-08
4656 1.111849e-04 1.064277e-08
4657 1.111848e-04 1.061145e-08
4658 1.111847e-04 1.058022e-08
4659 1.111846e-04 1.054909e-08
4660 1.111844e-04 1.051804e-08
4661 1.111843e-04 1.048709e-08
4662 1.111842e-04 1.045623e-08
4663 1.111840e-04 1.042546e-08
4664 1.111839e-04 1.039478e-08
4665 1.111838e-04 1.036419e-08
4666 1.111836e-04 1.033369e-08
4667 1.111835e-04 1.030328e-08
4668 1.111834e-04 1.027296e-08
4669 1.111833e-04 1.024273e-08
4670 1.111831e-04 1.021258e-08
4671 1.111830e-04 1.018253e-08
4672 1.111829e-04 1.015256e-08
4673 1.111828e-04 1.012269e-08
4674 1.111826e-04 1.009290e-08
4675 1.111825e-04 1.006320e-08
4676 1.111824e-04 1.003358e-08
4677 1.111823e-04 1.000405e-08
4678 1.111821e-04 9.974614e-09
